2025-12-12 16:56:48 - neural_network_integrator_enhanced - INFO - [neural_network_integrator_enhanced.py:55] - NeuralNetworkIntegrator initialized on cpu
2025-12-12 16:56:48 - reasoning_enhanced - INFO - [reasoning_enhanced.py:42] - ReasoningEngine initialized
2025-12-12 16:56:48 - neural_network_integrator_enhanced - INFO - [neural_network_integrator_enhanced.py:118] - Unified engine set for integration
2025-12-12 16:56:48 - data_loader - INFO - [data_loader.py:103] - Loading text data from /var/folders/cw/f0_9d8qd70vfntrkx_x2ttt00000gn/T/tmpna3n17fd/text.csv
2025-12-12 16:56:48 - data_loader - INFO - [data_loader.py:103] - Loading text data from /var/folders/cw/f0_9d8qd70vfntrkx_x2ttt00000gn/T/tmpc84art2q/text.csv
2025-12-12 16:56:48 - utils - ERROR - [utils.py:166] - Configuration file is empty: /var/folders/cw/f0_9d8qd70vfntrkx_x2ttt00000gn/T/tmp1rtvmcmg/empty.yaml
2025-12-12 16:56:48 - utils - ERROR - [utils.py:183] - Unexpected error loading configuration: Configuration file is empty: /var/folders/cw/f0_9d8qd70vfntrkx_x2ttt00000gn/T/tmp1rtvmcmg/empty.yaml
2025-12-12 16:56:48 - utils - ERROR - [utils.py:180] - Error parsing YAML file: mapping values are not allowed here
  in "/var/folders/cw/f0_9d8qd70vfntrkx_x2ttt00000gn/T/tmpqzk4nitj/invalid.yaml", line 1, column 14
2025-12-12 16:56:48 - utils - ERROR - [utils.py:171] - Configuration must be a dictionary, got <class 'list'>
2025-12-12 16:56:48 - utils - ERROR - [utils.py:183] - Unexpected error loading configuration: Configuration must be a dictionary, got <class 'list'>
2025-12-12 16:56:48 - utils - ERROR - [utils.py:157] - Configuration file not found: /var/folders/cw/f0_9d8qd70vfntrkx_x2ttt00000gn/T/tmposi5k1y1/nonexistent.yaml
2025-12-12 16:56:48 - utils - INFO - [utils.py:174] - Successfully loaded configuration from /var/folders/cw/f0_9d8qd70vfntrkx_x2ttt00000gn/T/tmpu7ojkiqn/test_config.yaml
2025-12-12 16:56:48 - utils - WARNING - [utils.py:249] - Invalid epochs value: 0 (must be > 0)
2025-12-12 16:56:48 - utils - WARNING - [utils.py:249] - Invalid hidden_size value: -10 (must be > 0)
2025-12-12 16:56:48 - utils - WARNING - [utils.py:249] - Invalid num_layers value: 0 (must be > 0)
2025-12-12 16:56:48 - utils - WARNING - [utils.py:227] - Missing configuration field: model.num_layers
2025-12-12 16:56:48 - utils - WARNING - [utils.py:249] - Invalid num_layers value: 0 (must be > 0)
2025-12-12 16:56:48 - utils - WARNING - [utils.py:214] - Missing configuration section: training
2025-12-12 16:56:48 - utils - WARNING - [utils.py:214] - Missing configuration section: data
2025-12-12 16:56:48 - utils - INFO - [utils.py:174] - Successfully loaded configuration from /var/folders/cw/f0_9d8qd70vfntrkx_x2ttt00000gn/T/tmptkost0vd/test_config.yaml
2025-12-12 16:56:48 - utils - INFO - [utils.py:174] - Successfully loaded configuration from /var/folders/cw/f0_9d8qd70vfntrkx_x2ttt00000gn/T/tmp4v_xvut4/test_config.yaml
2025-12-12 16:56:48 - utils - WARNING - [utils.py:227] - Missing configuration field: model.num_layers
2025-12-12 16:56:48 - utils - WARNING - [utils.py:249] - Invalid num_layers value: 0 (must be > 0)
2025-12-12 16:56:48 - utils - WARNING - [utils.py:307] - Configuration validation found issues, but continuing...
2025-12-12 16:56:48 - utils - INFO - [utils.py:174] - Successfully loaded configuration from /var/folders/cw/f0_9d8qd70vfntrkx_x2ttt00000gn/T/tmpuyszavyc/test_config.yaml
2025-12-12 17:01:19 - neural_network_integrator_enhanced - INFO - [neural_network_integrator_enhanced.py:55] - NeuralNetworkIntegrator initialized on cpu
2025-12-12 17:01:19 - reasoning_enhanced - INFO - [reasoning_enhanced.py:42] - ReasoningEngine initialized
2025-12-12 17:01:19 - neural_network_integrator_enhanced - INFO - [neural_network_integrator_enhanced.py:118] - Unified engine set for integration
2025-12-12 17:01:19 - data_loader - INFO - [data_loader.py:103] - Loading text data from /var/folders/cw/f0_9d8qd70vfntrkx_x2ttt00000gn/T/tmph2w_ky8s/text.csv
2025-12-12 17:01:19 - data_loader - INFO - [data_loader.py:103] - Loading text data from /var/folders/cw/f0_9d8qd70vfntrkx_x2ttt00000gn/T/tmpjueqi6cq/text.csv
2025-12-12 17:01:19 - utils - ERROR - [utils.py:166] - Configuration file is empty: /var/folders/cw/f0_9d8qd70vfntrkx_x2ttt00000gn/T/tmpsfa4075a/empty.yaml
2025-12-12 17:01:19 - utils - ERROR - [utils.py:183] - Unexpected error loading configuration: Configuration file is empty: /var/folders/cw/f0_9d8qd70vfntrkx_x2ttt00000gn/T/tmpsfa4075a/empty.yaml
2025-12-12 17:01:19 - utils - ERROR - [utils.py:180] - Error parsing YAML file: mapping values are not allowed here
  in "/var/folders/cw/f0_9d8qd70vfntrkx_x2ttt00000gn/T/tmpt6d6pios/invalid.yaml", line 1, column 14
2025-12-12 17:01:19 - utils - ERROR - [utils.py:171] - Configuration must be a dictionary, got <class 'list'>
2025-12-12 17:01:19 - utils - ERROR - [utils.py:183] - Unexpected error loading configuration: Configuration must be a dictionary, got <class 'list'>
2025-12-12 17:01:19 - utils - ERROR - [utils.py:157] - Configuration file not found: /var/folders/cw/f0_9d8qd70vfntrkx_x2ttt00000gn/T/tmpjtf1zeno/nonexistent.yaml
2025-12-12 17:01:19 - utils - INFO - [utils.py:174] - Successfully loaded configuration from /var/folders/cw/f0_9d8qd70vfntrkx_x2ttt00000gn/T/tmpkgzn5aet/test_config.yaml
2025-12-12 17:01:19 - utils - WARNING - [utils.py:249] - Invalid epochs value: 0 (must be > 0)
2025-12-12 17:01:19 - utils - WARNING - [utils.py:249] - Invalid hidden_size value: -10 (must be > 0)
2025-12-12 17:01:19 - utils - WARNING - [utils.py:249] - Invalid num_layers value: 0 (must be > 0)
2025-12-12 17:01:19 - utils - WARNING - [utils.py:227] - Missing configuration field: model.num_layers
2025-12-12 17:01:19 - utils - WARNING - [utils.py:249] - Invalid num_layers value: 0 (must be > 0)
2025-12-12 17:01:19 - utils - WARNING - [utils.py:214] - Missing configuration section: training
2025-12-12 17:01:19 - utils - WARNING - [utils.py:214] - Missing configuration section: data
2025-12-12 17:01:19 - utils - INFO - [utils.py:174] - Successfully loaded configuration from /var/folders/cw/f0_9d8qd70vfntrkx_x2ttt00000gn/T/tmpk6rn03v9/test_config.yaml
2025-12-12 17:01:19 - utils - INFO - [utils.py:174] - Successfully loaded configuration from /var/folders/cw/f0_9d8qd70vfntrkx_x2ttt00000gn/T/tmpc2m00gh2/test_config.yaml
2025-12-12 17:01:19 - utils - WARNING - [utils.py:227] - Missing configuration field: model.num_layers
2025-12-12 17:01:19 - utils - WARNING - [utils.py:249] - Invalid num_layers value: 0 (must be > 0)
2025-12-12 17:01:19 - utils - WARNING - [utils.py:307] - Configuration validation found issues, but continuing...
2025-12-12 17:01:19 - utils - INFO - [utils.py:174] - Successfully loaded configuration from /var/folders/cw/f0_9d8qd70vfntrkx_x2ttt00000gn/T/tmpsftd2jvn/test_config.yaml
2025-12-12 17:07:56 - neural_network_integrator_enhanced - INFO - [neural_network_integrator_enhanced.py:55] - NeuralNetworkIntegrator initialized on cpu
2025-12-12 17:07:56 - reasoning_enhanced - INFO - [reasoning_enhanced.py:42] - ReasoningEngine initialized
2025-12-12 17:07:56 - neural_network_integrator_enhanced - INFO - [neural_network_integrator_enhanced.py:118] - Unified engine set for integration
2025-12-12 17:07:56 - data_loader - INFO - [data_loader.py:103] - Loading text data from /var/folders/cw/f0_9d8qd70vfntrkx_x2ttt00000gn/T/tmp276tb1n0/text.csv
2025-12-12 17:07:56 - data_loader - INFO - [data_loader.py:103] - Loading text data from /var/folders/cw/f0_9d8qd70vfntrkx_x2ttt00000gn/T/tmpd82en7h0/text.csv
2025-12-12 17:07:56 - utils - ERROR - [utils.py:166] - Configuration file is empty: /var/folders/cw/f0_9d8qd70vfntrkx_x2ttt00000gn/T/tmpnecw5u85/empty.yaml
2025-12-12 17:07:56 - utils - ERROR - [utils.py:183] - Unexpected error loading configuration: Configuration file is empty: /var/folders/cw/f0_9d8qd70vfntrkx_x2ttt00000gn/T/tmpnecw5u85/empty.yaml
2025-12-12 17:07:56 - utils - ERROR - [utils.py:180] - Error parsing YAML file: mapping values are not allowed here
  in "/var/folders/cw/f0_9d8qd70vfntrkx_x2ttt00000gn/T/tmpn9xk8hp9/invalid.yaml", line 1, column 14
2025-12-12 17:07:56 - utils - ERROR - [utils.py:171] - Configuration must be a dictionary, got <class 'list'>
2025-12-12 17:07:56 - utils - ERROR - [utils.py:183] - Unexpected error loading configuration: Configuration must be a dictionary, got <class 'list'>
2025-12-12 17:07:56 - utils - ERROR - [utils.py:157] - Configuration file not found: /var/folders/cw/f0_9d8qd70vfntrkx_x2ttt00000gn/T/tmpwgan9b89/nonexistent.yaml
2025-12-12 17:07:56 - utils - INFO - [utils.py:174] - Successfully loaded configuration from /var/folders/cw/f0_9d8qd70vfntrkx_x2ttt00000gn/T/tmpeo35_3vd/test_config.yaml
2025-12-12 17:07:56 - utils - WARNING - [utils.py:249] - Invalid epochs value: 0 (must be > 0)
2025-12-12 17:07:56 - utils - WARNING - [utils.py:249] - Invalid hidden_size value: -10 (must be > 0)
2025-12-12 17:07:56 - utils - WARNING - [utils.py:249] - Invalid num_layers value: 0 (must be > 0)
2025-12-12 17:07:56 - utils - WARNING - [utils.py:227] - Missing configuration field: model.num_layers
2025-12-12 17:07:56 - utils - WARNING - [utils.py:249] - Invalid num_layers value: 0 (must be > 0)
2025-12-12 17:07:56 - utils - WARNING - [utils.py:214] - Missing configuration section: training
2025-12-12 17:07:56 - utils - WARNING - [utils.py:214] - Missing configuration section: data
2025-12-12 17:07:56 - utils - INFO - [utils.py:174] - Successfully loaded configuration from /var/folders/cw/f0_9d8qd70vfntrkx_x2ttt00000gn/T/tmp9un6yns2/test_config.yaml
2025-12-12 17:07:56 - utils - INFO - [utils.py:174] - Successfully loaded configuration from /var/folders/cw/f0_9d8qd70vfntrkx_x2ttt00000gn/T/tmp1mjtjl63/test_config.yaml
2025-12-12 17:07:56 - utils - WARNING - [utils.py:227] - Missing configuration field: model.num_layers
2025-12-12 17:07:56 - utils - WARNING - [utils.py:249] - Invalid num_layers value: 0 (must be > 0)
2025-12-12 17:07:56 - utils - WARNING - [utils.py:307] - Configuration validation found issues, but continuing...
2025-12-12 17:07:56 - utils - INFO - [utils.py:174] - Successfully loaded configuration from /var/folders/cw/f0_9d8qd70vfntrkx_x2ttt00000gn/T/tmpjdv_y5h0/test_config.yaml
2025-12-12 17:09:15 - utils - INFO - [utils.py:174] - Successfully loaded configuration from ./config.yaml
2025-12-12 17:09:16 - reasoning_enhanced - INFO - [reasoning_enhanced.py:42] - ReasoningEngine initialized
2025-12-12 17:09:21 - root - INFO - [unified_multitask_training.py:284] - Epoch 1 | val price=3.0200 trend=0.0003 risk=0.3574 state=1.0653 acc=0.428
2025-12-12 17:09:21 - root - INFO - [unified_multitask_training.py:294] - HEAD: price_loss is lagging (loss 3.0200 vs median 0.7113).
2025-12-12 17:09:21 - root - INFO - [unified_multitask_training.py:294] - HEAD: state head accuracy is low (42.81%); check labels or class balance.
2025-12-12 17:09:21 - root - INFO - [unified_multitask_training.py:294] - HEAD: Consider increasing that head's loss weight or adding head-specific capacity.
2025-12-12 17:09:25 - root - INFO - [unified_multitask_training.py:284] - Epoch 2 | val price=2.6314 trend=0.0003 risk=0.3576 state=1.0873 acc=0.370
2025-12-12 17:09:25 - root - INFO - [unified_multitask_training.py:294] - HEAD: price_loss is lagging (loss 2.6314 vs median 0.7224).
2025-12-12 17:09:25 - root - INFO - [unified_multitask_training.py:294] - HEAD: state head accuracy is low (36.96%); check labels or class balance.
2025-12-12 17:09:25 - root - INFO - [unified_multitask_training.py:294] - HEAD: Consider increasing that head's loss weight or adding head-specific capacity.
2025-12-12 17:09:29 - root - INFO - [unified_multitask_training.py:284] - Epoch 3 | val price=2.5630 trend=0.0056 risk=0.3538 state=1.1079 acc=0.370
2025-12-12 17:09:29 - root - INFO - [unified_multitask_training.py:294] - HEAD: price_loss is lagging (loss 2.5630 vs median 0.7309).
2025-12-12 17:09:29 - root - INFO - [unified_multitask_training.py:294] - HEAD: state head accuracy is low (36.96%); check labels or class balance.
2025-12-12 17:09:29 - root - INFO - [unified_multitask_training.py:294] - HEAD: Consider increasing that head's loss weight or adding head-specific capacity.
2025-12-12 17:09:33 - root - INFO - [unified_multitask_training.py:284] - Epoch 4 | val price=2.4726 trend=0.0016 risk=0.3489 state=1.1222 acc=0.370
2025-12-12 17:09:33 - root - INFO - [unified_multitask_training.py:294] - HEAD: price_loss is lagging (loss 2.4726 vs median 0.7356).
2025-12-12 17:09:33 - root - INFO - [unified_multitask_training.py:294] - HEAD: state head accuracy is low (36.96%); check labels or class balance.
2025-12-12 17:09:33 - root - INFO - [unified_multitask_training.py:294] - HEAD: Consider increasing that head's loss weight or adding head-specific capacity.
2025-12-12 17:09:37 - root - INFO - [unified_multitask_training.py:284] - Epoch 5 | val price=2.4682 trend=0.0018 risk=0.3494 state=1.1360 acc=0.372
2025-12-12 17:09:37 - root - INFO - [unified_multitask_training.py:294] - HEAD: price_loss is lagging (loss 2.4682 vs median 0.7427).
2025-12-12 17:09:37 - root - INFO - [unified_multitask_training.py:294] - HEAD: state head accuracy is low (37.17%); check labels or class balance.
2025-12-12 17:09:37 - root - INFO - [unified_multitask_training.py:294] - HEAD: Consider increasing that head's loss weight or adding head-specific capacity.
2025-12-12 17:09:41 - root - INFO - [unified_multitask_training.py:284] - Epoch 6 | val price=2.3669 trend=0.0039 risk=0.3521 state=1.0812 acc=0.370
2025-12-12 17:09:41 - root - INFO - [unified_multitask_training.py:294] - HEAD: price_loss is lagging (loss 2.3669 vs median 0.7166).
2025-12-12 17:09:41 - root - INFO - [unified_multitask_training.py:294] - HEAD: state head accuracy is low (36.96%); check labels or class balance.
2025-12-12 17:09:41 - root - INFO - [unified_multitask_training.py:294] - HEAD: Consider increasing that head's loss weight or adding head-specific capacity.
2025-12-12 17:09:45 - root - INFO - [unified_multitask_training.py:284] - Epoch 7 | val price=2.4274 trend=0.0026 risk=0.3467 state=1.0203 acc=0.389
2025-12-12 17:09:45 - root - INFO - [unified_multitask_training.py:294] - HEAD: price_loss is lagging (loss 2.4274 vs median 0.6835).
2025-12-12 17:09:45 - root - INFO - [unified_multitask_training.py:294] - HEAD: state head accuracy is low (38.91%); check labels or class balance.
2025-12-12 17:09:45 - root - INFO - [unified_multitask_training.py:294] - HEAD: Consider increasing that head's loss weight or adding head-specific capacity.
2025-12-12 17:09:49 - root - INFO - [unified_multitask_training.py:284] - Epoch 8 | val price=2.3974 trend=0.0033 risk=0.3447 state=1.0766 acc=0.370
2025-12-12 17:09:49 - root - INFO - [unified_multitask_training.py:294] - HEAD: price_loss is lagging (loss 2.3974 vs median 0.7106).
2025-12-12 17:09:49 - root - INFO - [unified_multitask_training.py:294] - HEAD: state head accuracy is low (36.96%); check labels or class balance.
2025-12-12 17:09:49 - root - INFO - [unified_multitask_training.py:294] - HEAD: Consider increasing that head's loss weight or adding head-specific capacity.
2025-12-12 17:09:53 - root - INFO - [unified_multitask_training.py:284] - Epoch 9 | val price=2.3725 trend=0.0042 risk=0.3430 state=1.1045 acc=0.385
2025-12-12 17:09:53 - root - INFO - [unified_multitask_training.py:294] - HEAD: price_loss is lagging (loss 2.3725 vs median 0.7238).
2025-12-12 17:09:53 - root - INFO - [unified_multitask_training.py:294] - HEAD: state head accuracy is low (38.50%); check labels or class balance.
2025-12-12 17:09:53 - root - INFO - [unified_multitask_training.py:294] - HEAD: Consider increasing that head's loss weight or adding head-specific capacity.
2025-12-12 17:09:57 - root - INFO - [unified_multitask_training.py:284] - Epoch 10 | val price=2.4327 trend=0.0021 risk=0.3388 state=1.0675 acc=0.467
2025-12-12 17:09:57 - root - INFO - [unified_multitask_training.py:294] - HEAD: price_loss is lagging (loss 2.4327 vs median 0.7032).
2025-12-12 17:09:57 - root - INFO - [unified_multitask_training.py:294] - HEAD: state head accuracy is low (46.71%); check labels or class balance.
2025-12-12 17:09:57 - root - INFO - [unified_multitask_training.py:294] - HEAD: Consider increasing that head's loss weight or adding head-specific capacity.
2025-12-12 17:10:01 - root - INFO - [unified_multitask_training.py:284] - Epoch 11 | val price=2.4032 trend=0.0054 risk=0.3384 state=1.1425 acc=0.463
2025-12-12 17:10:01 - root - INFO - [unified_multitask_training.py:294] - HEAD: price_loss is lagging (loss 2.4032 vs median 0.7404).
2025-12-12 17:10:01 - root - INFO - [unified_multitask_training.py:294] - HEAD: state head accuracy is low (46.30%); check labels or class balance.
2025-12-12 17:10:01 - root - INFO - [unified_multitask_training.py:294] - HEAD: Consider increasing that head's loss weight or adding head-specific capacity.
2025-12-12 17:10:05 - root - INFO - [unified_multitask_training.py:284] - Epoch 12 | val price=2.4012 trend=0.0053 risk=0.3382 state=1.0792 acc=0.553
2025-12-12 17:10:05 - root - INFO - [unified_multitask_training.py:294] - HEAD: price_loss is lagging (loss 2.4012 vs median 0.7087).
2025-12-12 17:10:05 - root - INFO - [unified_multitask_training.py:294] - HEAD: state head accuracy: 55.34%.
2025-12-12 17:10:05 - root - INFO - [unified_multitask_training.py:294] - HEAD: Consider increasing that head's loss weight or adding head-specific capacity.
2025-12-12 17:10:09 - root - INFO - [unified_multitask_training.py:284] - Epoch 13 | val price=2.4361 trend=0.0071 risk=0.3375 state=1.1906 acc=0.474
2025-12-12 17:10:09 - root - INFO - [unified_multitask_training.py:294] - HEAD: price_loss is lagging (loss 2.4361 vs median 0.7641).
2025-12-12 17:10:09 - root - INFO - [unified_multitask_training.py:294] - HEAD: state head accuracy is low (47.43%); check labels or class balance.
2025-12-12 17:10:09 - root - INFO - [unified_multitask_training.py:294] - HEAD: Consider increasing that head's loss weight or adding head-specific capacity.
2025-12-12 17:10:13 - root - INFO - [unified_multitask_training.py:284] - Epoch 14 | val price=2.4118 trend=0.0046 risk=0.3386 state=1.1702 acc=0.452
2025-12-12 17:10:13 - root - INFO - [unified_multitask_training.py:294] - HEAD: price_loss is lagging (loss 2.4118 vs median 0.7544).
2025-12-12 17:10:13 - root - INFO - [unified_multitask_training.py:294] - HEAD: state head accuracy is low (45.17%); check labels or class balance.
2025-12-12 17:10:13 - root - INFO - [unified_multitask_training.py:294] - HEAD: Consider increasing that head's loss weight or adding head-specific capacity.
2025-12-12 17:10:17 - root - INFO - [unified_multitask_training.py:284] - Epoch 15 | val price=2.5209 trend=0.0014 risk=0.3357 state=1.2843 acc=0.470
2025-12-12 17:10:17 - root - INFO - [unified_multitask_training.py:294] - HEAD: price_loss is lagging (loss 2.5209 vs median 0.8100).
2025-12-12 17:10:17 - root - INFO - [unified_multitask_training.py:294] - HEAD: state head accuracy is low (47.02%); check labels or class balance.
2025-12-12 17:10:17 - root - INFO - [unified_multitask_training.py:294] - HEAD: Consider increasing that head's loss weight or adding head-specific capacity.
2025-12-12 17:10:21 - root - INFO - [unified_multitask_training.py:284] - Epoch 16 | val price=2.3688 trend=0.0025 risk=0.3374 state=1.2309 acc=0.401
2025-12-12 17:10:21 - root - INFO - [unified_multitask_training.py:294] - HEAD: price_loss is lagging (loss 2.3688 vs median 0.7841).
2025-12-12 17:10:21 - root - INFO - [unified_multitask_training.py:294] - HEAD: state head accuracy is low (40.14%); check labels or class balance.
2025-12-12 17:10:21 - root - INFO - [unified_multitask_training.py:294] - HEAD: Consider increasing that head's loss weight or adding head-specific capacity.
2025-12-12 17:10:26 - root - INFO - [unified_multitask_training.py:284] - Epoch 17 | val price=2.5268 trend=0.0020 risk=0.3364 state=1.1456 acc=0.534
2025-12-12 17:10:26 - root - INFO - [unified_multitask_training.py:294] - HEAD: price_loss is lagging (loss 2.5268 vs median 0.7410).
2025-12-12 17:10:26 - root - INFO - [unified_multitask_training.py:294] - HEAD: state head accuracy: 53.39%.
2025-12-12 17:10:26 - root - INFO - [unified_multitask_training.py:294] - HEAD: Consider increasing that head's loss weight or adding head-specific capacity.
2025-12-12 17:10:30 - root - INFO - [unified_multitask_training.py:284] - Epoch 18 | val price=2.4410 trend=0.0037 risk=0.3359 state=1.1535 acc=0.542
2025-12-12 17:10:30 - root - INFO - [unified_multitask_training.py:294] - HEAD: price_loss is lagging (loss 2.4410 vs median 0.7447).
2025-12-12 17:10:30 - root - INFO - [unified_multitask_training.py:294] - HEAD: state head accuracy: 54.21%.
2025-12-12 17:10:30 - root - INFO - [unified_multitask_training.py:294] - HEAD: Consider increasing that head's loss weight or adding head-specific capacity.
2025-12-12 17:10:34 - root - INFO - [unified_multitask_training.py:284] - Epoch 19 | val price=2.3846 trend=0.0027 risk=0.3372 state=1.2726 acc=0.499
2025-12-12 17:10:34 - root - INFO - [unified_multitask_training.py:294] - HEAD: price_loss is lagging (loss 2.3846 vs median 0.8049).
2025-12-12 17:10:34 - root - INFO - [unified_multitask_training.py:294] - HEAD: state head accuracy is low (49.90%); check labels or class balance.
2025-12-12 17:10:34 - root - INFO - [unified_multitask_training.py:294] - HEAD: Consider increasing that head's loss weight or adding head-specific capacity.
2025-12-12 17:10:38 - root - INFO - [unified_multitask_training.py:284] - Epoch 20 | val price=2.3325 trend=0.0011 risk=0.3377 state=1.2422 acc=0.394
2025-12-12 17:10:38 - root - INFO - [unified_multitask_training.py:294] - HEAD: price_loss is lagging (loss 2.3325 vs median 0.7899).
2025-12-12 17:10:38 - root - INFO - [unified_multitask_training.py:294] - HEAD: state head accuracy is low (39.43%); check labels or class balance.
2025-12-12 17:10:38 - root - INFO - [unified_multitask_training.py:294] - HEAD: Consider increasing that head's loss weight or adding head-specific capacity.
2025-12-12 17:10:43 - root - INFO - [unified_multitask_training.py:284] - Epoch 21 | val price=2.4269 trend=0.0019 risk=0.3363 state=1.2189 acc=0.539
2025-12-12 17:10:43 - root - INFO - [unified_multitask_training.py:294] - HEAD: price_loss is lagging (loss 2.4269 vs median 0.7776).
2025-12-12 17:10:43 - root - INFO - [unified_multitask_training.py:294] - HEAD: state head accuracy: 53.90%.
2025-12-12 17:10:43 - root - INFO - [unified_multitask_training.py:294] - HEAD: Consider increasing that head's loss weight or adding head-specific capacity.
2025-12-12 17:10:47 - root - INFO - [unified_multitask_training.py:284] - Epoch 22 | val price=2.4422 trend=0.0005 risk=0.3375 state=1.1997 acc=0.434
2025-12-12 17:10:47 - root - INFO - [unified_multitask_training.py:294] - HEAD: price_loss is lagging (loss 2.4422 vs median 0.7686).
2025-12-12 17:10:47 - root - INFO - [unified_multitask_training.py:294] - HEAD: state head accuracy is low (43.43%); check labels or class balance.
2025-12-12 17:10:47 - root - INFO - [unified_multitask_training.py:294] - HEAD: Consider increasing that head's loss weight or adding head-specific capacity.
2025-12-12 17:10:52 - root - INFO - [unified_multitask_training.py:284] - Epoch 23 | val price=2.5734 trend=0.0018 risk=0.3368 state=1.3462 acc=0.460
2025-12-12 17:10:52 - root - INFO - [unified_multitask_training.py:294] - HEAD: price_loss is lagging (loss 2.5734 vs median 0.8415).
2025-12-12 17:10:52 - root - INFO - [unified_multitask_training.py:294] - HEAD: state head accuracy is low (46.00%); check labels or class balance.
2025-12-12 17:10:52 - root - INFO - [unified_multitask_training.py:294] - HEAD: Consider increasing that head's loss weight or adding head-specific capacity.
2025-12-12 17:10:56 - root - INFO - [unified_multitask_training.py:284] - Epoch 24 | val price=2.3778 trend=0.0023 risk=0.3402 state=1.1800 acc=0.410
2025-12-12 17:10:56 - root - INFO - [unified_multitask_training.py:294] - HEAD: price_loss is lagging (loss 2.3778 vs median 0.7601).
2025-12-12 17:10:56 - root - INFO - [unified_multitask_training.py:294] - HEAD: state head accuracy is low (40.97%); check labels or class balance.
2025-12-12 17:10:56 - root - INFO - [unified_multitask_training.py:294] - HEAD: Consider increasing that head's loss weight or adding head-specific capacity.
2025-12-12 17:11:00 - root - INFO - [unified_multitask_training.py:284] - Epoch 25 | val price=2.5230 trend=0.0021 risk=0.3363 state=1.3201 acc=0.470
2025-12-12 17:11:00 - root - INFO - [unified_multitask_training.py:294] - HEAD: price_loss is lagging (loss 2.5230 vs median 0.8282).
2025-12-12 17:11:00 - root - INFO - [unified_multitask_training.py:294] - HEAD: state head accuracy is low (47.02%); check labels or class balance.
2025-12-12 17:11:00 - root - INFO - [unified_multitask_training.py:294] - HEAD: Consider increasing that head's loss weight or adding head-specific capacity.
2025-12-12 17:11:05 - root - INFO - [unified_multitask_training.py:284] - Epoch 26 | val price=2.4757 trend=0.0017 risk=0.3375 state=1.3452 acc=0.464
2025-12-12 17:11:05 - root - INFO - [unified_multitask_training.py:294] - HEAD: price_loss is lagging (loss 2.4757 vs median 0.8413).
2025-12-12 17:11:05 - root - INFO - [unified_multitask_training.py:294] - HEAD: state head accuracy is low (46.41%); check labels or class balance.
2025-12-12 17:11:05 - root - INFO - [unified_multitask_training.py:294] - HEAD: Consider increasing that head's loss weight or adding head-specific capacity.
2025-12-12 17:11:09 - root - INFO - [unified_multitask_training.py:284] - Epoch 27 | val price=2.3478 trend=0.0007 risk=0.3378 state=1.0644 acc=0.393
2025-12-12 17:11:09 - root - INFO - [unified_multitask_training.py:294] - HEAD: price_loss is lagging (loss 2.3478 vs median 0.7011).
2025-12-12 17:11:09 - root - INFO - [unified_multitask_training.py:294] - HEAD: state head accuracy is low (39.32%); check labels or class balance.
2025-12-12 17:11:09 - root - INFO - [unified_multitask_training.py:294] - HEAD: Consider increasing that head's loss weight or adding head-specific capacity.
2025-12-12 17:11:14 - root - INFO - [unified_multitask_training.py:284] - Epoch 28 | val price=2.5617 trend=0.0004 risk=0.3354 state=1.4128 acc=0.453
2025-12-12 17:11:14 - root - INFO - [unified_multitask_training.py:294] - HEAD: price_loss is lagging (loss 2.5617 vs median 0.8741).
2025-12-12 17:11:14 - root - INFO - [unified_multitask_training.py:294] - HEAD: state head accuracy is low (45.28%); check labels or class balance.
2025-12-12 17:11:14 - root - INFO - [unified_multitask_training.py:294] - HEAD: Consider increasing that head's loss weight or adding head-specific capacity.
2025-12-12 17:11:21 - root - INFO - [unified_multitask_training.py:284] - Epoch 29 | val price=2.4275 trend=0.0011 risk=0.3396 state=1.3159 acc=0.500
2025-12-12 17:11:21 - root - INFO - [unified_multitask_training.py:294] - HEAD: price_loss is lagging (loss 2.4275 vs median 0.8277).
2025-12-12 17:11:21 - root - INFO - [unified_multitask_training.py:294] - HEAD: state head accuracy: 50.00%.
2025-12-12 17:11:21 - root - INFO - [unified_multitask_training.py:294] - HEAD: Consider increasing that head's loss weight or adding head-specific capacity.
2025-12-12 17:11:27 - root - INFO - [unified_multitask_training.py:284] - Epoch 30 | val price=2.5137 trend=0.0008 risk=0.3387 state=1.3303 acc=0.370
2025-12-12 17:11:27 - root - INFO - [unified_multitask_training.py:294] - HEAD: price_loss is lagging (loss 2.5137 vs median 0.8345).
2025-12-12 17:11:27 - root - INFO - [unified_multitask_training.py:294] - HEAD: state head accuracy is low (36.96%); check labels or class balance.
2025-12-12 17:11:27 - root - INFO - [unified_multitask_training.py:294] - HEAD: Consider increasing that head's loss weight or adding head-specific capacity.
2025-12-12 17:11:31 - root - INFO - [unified_multitask_training.py:284] - Epoch 31 | val price=2.4293 trend=0.0003 risk=0.3404 state=1.2524 acc=0.511
2025-12-12 17:11:31 - root - INFO - [unified_multitask_training.py:294] - HEAD: price_loss is lagging (loss 2.4293 vs median 0.7964).
2025-12-12 17:11:31 - root - INFO - [unified_multitask_training.py:294] - HEAD: state head accuracy: 51.13%.
2025-12-12 17:11:31 - root - INFO - [unified_multitask_training.py:294] - HEAD: Consider increasing that head's loss weight or adding head-specific capacity.
2025-12-12 17:11:35 - root - INFO - [unified_multitask_training.py:284] - Epoch 32 | val price=2.5684 trend=0.0005 risk=0.3388 state=1.4964 acc=0.322
2025-12-12 17:11:35 - root - INFO - [unified_multitask_training.py:294] - HEAD: price_loss is lagging (loss 2.5684 vs median 0.9176).
2025-12-12 17:11:35 - root - INFO - [unified_multitask_training.py:294] - HEAD: state head accuracy is low (32.24%); check labels or class balance.
2025-12-12 17:11:35 - root - INFO - [unified_multitask_training.py:294] - HEAD: Consider increasing that head's loss weight or adding head-specific capacity.
2025-12-12 17:11:39 - root - INFO - [unified_multitask_training.py:284] - Epoch 33 | val price=2.5229 trend=0.0003 risk=0.3381 state=1.3834 acc=0.477
2025-12-12 17:11:39 - root - INFO - [unified_multitask_training.py:294] - HEAD: price_loss is lagging (loss 2.5229 vs median 0.8607).
2025-12-12 17:11:39 - root - INFO - [unified_multitask_training.py:294] - HEAD: state head accuracy is low (47.74%); check labels or class balance.
2025-12-12 17:11:39 - root - INFO - [unified_multitask_training.py:294] - HEAD: Consider increasing that head's loss weight or adding head-specific capacity.
2025-12-12 17:11:43 - root - INFO - [unified_multitask_training.py:284] - Epoch 34 | val price=2.6207 trend=0.0003 risk=0.3401 state=1.4728 acc=0.337
2025-12-12 17:11:43 - root - INFO - [unified_multitask_training.py:294] - HEAD: price_loss is lagging (loss 2.6207 vs median 0.9064).
2025-12-12 17:11:43 - root - INFO - [unified_multitask_training.py:294] - HEAD: state head accuracy is low (33.68%); check labels or class balance.
2025-12-12 17:11:43 - root - INFO - [unified_multitask_training.py:294] - HEAD: Consider increasing that head's loss weight or adding head-specific capacity.
2025-12-12 17:11:47 - root - INFO - [unified_multitask_training.py:284] - Epoch 35 | val price=2.5454 trend=0.0003 risk=0.3402 state=1.4498 acc=0.343
2025-12-12 17:11:47 - root - INFO - [unified_multitask_training.py:294] - HEAD: price_loss is lagging (loss 2.5454 vs median 0.8950).
2025-12-12 17:11:47 - root - INFO - [unified_multitask_training.py:294] - HEAD: state head accuracy is low (34.29%); check labels or class balance.
2025-12-12 17:11:47 - root - INFO - [unified_multitask_training.py:294] - HEAD: Consider increasing that head's loss weight or adding head-specific capacity.
2025-12-12 17:11:51 - root - INFO - [unified_multitask_training.py:284] - Epoch 36 | val price=2.5760 trend=0.0005 risk=0.3383 state=1.4745 acc=0.339
2025-12-12 17:11:51 - root - INFO - [unified_multitask_training.py:294] - HEAD: price_loss is lagging (loss 2.5760 vs median 0.9064).
2025-12-12 17:11:51 - root - INFO - [unified_multitask_training.py:294] - HEAD: state head accuracy is low (33.88%); check labels or class balance.
2025-12-12 17:11:51 - root - INFO - [unified_multitask_training.py:294] - HEAD: Consider increasing that head's loss weight or adding head-specific capacity.
2025-12-12 17:11:55 - root - INFO - [unified_multitask_training.py:284] - Epoch 37 | val price=2.6775 trend=0.0003 risk=0.3390 state=1.5312 acc=0.346
2025-12-12 17:11:55 - root - INFO - [unified_multitask_training.py:294] - HEAD: price_loss is lagging (loss 2.6775 vs median 0.9351).
2025-12-12 17:11:55 - root - INFO - [unified_multitask_training.py:294] - HEAD: state head accuracy is low (34.60%); check labels or class balance.
2025-12-12 17:11:55 - root - INFO - [unified_multitask_training.py:294] - HEAD: Consider increasing that head's loss weight or adding head-specific capacity.
2025-12-12 17:12:00 - root - INFO - [unified_multitask_training.py:284] - Epoch 38 | val price=2.6720 trend=0.0003 risk=0.3371 state=1.7156 acc=0.418
2025-12-12 17:12:00 - root - INFO - [unified_multitask_training.py:294] - HEAD: price_loss is lagging (loss 2.6720 vs median 1.0264).
2025-12-12 17:12:00 - root - INFO - [unified_multitask_training.py:294] - HEAD: state head accuracy is low (41.79%); check labels or class balance.
2025-12-12 17:12:00 - root - INFO - [unified_multitask_training.py:294] - HEAD: Consider increasing that head's loss weight or adding head-specific capacity.
2025-12-12 17:12:04 - root - INFO - [unified_multitask_training.py:284] - Epoch 39 | val price=2.6448 trend=0.0003 risk=0.3372 state=1.5023 acc=0.352
2025-12-12 17:12:04 - root - INFO - [unified_multitask_training.py:294] - HEAD: price_loss is lagging (loss 2.6448 vs median 0.9197).
2025-12-12 17:12:04 - root - INFO - [unified_multitask_training.py:294] - HEAD: state head accuracy is low (35.22%); check labels or class balance.
2025-12-12 17:12:04 - root - INFO - [unified_multitask_training.py:294] - HEAD: Consider increasing that head's loss weight or adding head-specific capacity.
2025-12-12 17:12:08 - root - INFO - [unified_multitask_training.py:284] - Epoch 40 | val price=2.6814 trend=0.0003 risk=0.3366 state=1.4814 acc=0.395
2025-12-12 17:12:08 - root - INFO - [unified_multitask_training.py:294] - HEAD: price_loss is lagging (loss 2.6814 vs median 0.9090).
2025-12-12 17:12:08 - root - INFO - [unified_multitask_training.py:294] - HEAD: state head accuracy is low (39.53%); check labels or class balance.
2025-12-12 17:12:08 - root - INFO - [unified_multitask_training.py:294] - HEAD: Consider increasing that head's loss weight or adding head-specific capacity.
2025-12-12 17:12:13 - root - INFO - [unified_multitask_training.py:284] - Epoch 41 | val price=2.6781 trend=0.0003 risk=0.3372 state=1.6265 acc=0.362
2025-12-12 17:12:13 - root - INFO - [unified_multitask_training.py:294] - HEAD: price_loss is lagging (loss 2.6781 vs median 0.9818).
2025-12-12 17:12:13 - root - INFO - [unified_multitask_training.py:294] - HEAD: state head accuracy is low (36.24%); check labels or class balance.
2025-12-12 17:12:13 - root - INFO - [unified_multitask_training.py:294] - HEAD: Consider increasing that head's loss weight or adding head-specific capacity.
2025-12-12 17:12:17 - root - INFO - [unified_multitask_training.py:284] - Epoch 42 | val price=2.7063 trend=0.0003 risk=0.3373 state=1.6046 acc=0.363
2025-12-12 17:12:17 - root - INFO - [unified_multitask_training.py:294] - HEAD: price_loss is lagging (loss 2.7063 vs median 0.9709).
2025-12-12 17:12:17 - root - INFO - [unified_multitask_training.py:294] - HEAD: state head accuracy is low (36.34%); check labels or class balance.
2025-12-12 17:12:17 - root - INFO - [unified_multitask_training.py:294] - HEAD: Consider increasing that head's loss weight or adding head-specific capacity.
2025-12-12 17:12:21 - root - INFO - [unified_multitask_training.py:284] - Epoch 43 | val price=2.6409 trend=0.0003 risk=0.3368 state=1.5030 acc=0.383
2025-12-12 17:12:21 - root - INFO - [unified_multitask_training.py:294] - HEAD: price_loss is lagging (loss 2.6409 vs median 0.9199).
2025-12-12 17:12:21 - root - INFO - [unified_multitask_training.py:294] - HEAD: state head accuracy is low (38.30%); check labels or class balance.
2025-12-12 17:12:21 - root - INFO - [unified_multitask_training.py:294] - HEAD: Consider increasing that head's loss weight or adding head-specific capacity.
2025-12-12 17:12:26 - root - INFO - [unified_multitask_training.py:284] - Epoch 44 | val price=2.6598 trend=0.0003 risk=0.3366 state=1.4913 acc=0.369
2025-12-12 17:12:26 - root - INFO - [unified_multitask_training.py:294] - HEAD: price_loss is lagging (loss 2.6598 vs median 0.9140).
2025-12-12 17:12:26 - root - INFO - [unified_multitask_training.py:294] - HEAD: state head accuracy is low (36.86%); check labels or class balance.
2025-12-12 17:12:26 - root - INFO - [unified_multitask_training.py:294] - HEAD: Consider increasing that head's loss weight or adding head-specific capacity.
2025-12-12 17:12:33 - root - INFO - [unified_multitask_training.py:284] - Epoch 45 | val price=2.6547 trend=0.0004 risk=0.3356 state=1.4508 acc=0.422
2025-12-12 17:12:33 - root - INFO - [unified_multitask_training.py:294] - HEAD: price_loss is lagging (loss 2.6547 vs median 0.8932).
2025-12-12 17:12:33 - root - INFO - [unified_multitask_training.py:294] - HEAD: state head accuracy is low (42.20%); check labels or class balance.
2025-12-12 17:12:33 - root - INFO - [unified_multitask_training.py:294] - HEAD: Consider increasing that head's loss weight or adding head-specific capacity.
2025-12-12 17:12:37 - root - INFO - [unified_multitask_training.py:284] - Epoch 46 | val price=2.6805 trend=0.0004 risk=0.3374 state=1.5998 acc=0.332
2025-12-12 17:12:37 - root - INFO - [unified_multitask_training.py:294] - HEAD: price_loss is lagging (loss 2.6805 vs median 0.9686).
2025-12-12 17:12:37 - root - INFO - [unified_multitask_training.py:294] - HEAD: state head accuracy is low (33.16%); check labels or class balance.
2025-12-12 17:12:37 - root - INFO - [unified_multitask_training.py:294] - HEAD: Consider increasing that head's loss weight or adding head-specific capacity.
2025-12-12 17:12:42 - root - INFO - [unified_multitask_training.py:284] - Epoch 47 | val price=2.6472 trend=0.0003 risk=0.3361 state=1.5011 acc=0.385
2025-12-12 17:12:42 - root - INFO - [unified_multitask_training.py:294] - HEAD: price_loss is lagging (loss 2.6472 vs median 0.9186).
2025-12-12 17:12:42 - root - INFO - [unified_multitask_training.py:294] - HEAD: state head accuracy is low (38.50%); check labels or class balance.
2025-12-12 17:12:42 - root - INFO - [unified_multitask_training.py:294] - HEAD: Consider increasing that head's loss weight or adding head-specific capacity.
2025-12-12 17:12:46 - root - INFO - [unified_multitask_training.py:284] - Epoch 48 | val price=2.6078 trend=0.0003 risk=0.3359 state=1.5369 acc=0.414
2025-12-12 17:12:46 - root - INFO - [unified_multitask_training.py:294] - HEAD: price_loss is lagging (loss 2.6078 vs median 0.9364).
2025-12-12 17:12:46 - root - INFO - [unified_multitask_training.py:294] - HEAD: state head accuracy is low (41.38%); check labels or class balance.
2025-12-12 17:12:46 - root - INFO - [unified_multitask_training.py:294] - HEAD: Consider increasing that head's loss weight or adding head-specific capacity.
2025-12-12 17:12:50 - root - INFO - [unified_multitask_training.py:284] - Epoch 49 | val price=2.6497 trend=0.0004 risk=0.3375 state=1.6485 acc=0.357
2025-12-12 17:12:50 - root - INFO - [unified_multitask_training.py:294] - HEAD: price_loss is lagging (loss 2.6497 vs median 0.9930).
2025-12-12 17:12:50 - root - INFO - [unified_multitask_training.py:294] - HEAD: state head accuracy is low (35.73%); check labels or class balance.
2025-12-12 17:12:50 - root - INFO - [unified_multitask_training.py:294] - HEAD: Consider increasing that head's loss weight or adding head-specific capacity.
2025-12-12 17:12:55 - root - INFO - [unified_multitask_training.py:284] - Epoch 50 | val price=2.7037 trend=0.0003 risk=0.3375 state=1.7914 acc=0.458
2025-12-12 17:12:55 - root - INFO - [unified_multitask_training.py:294] - HEAD: price_loss is lagging (loss 2.7037 vs median 1.0644).
2025-12-12 17:12:55 - root - INFO - [unified_multitask_training.py:294] - HEAD: state head accuracy is low (45.79%); check labels or class balance.
2025-12-12 17:12:55 - root - INFO - [unified_multitask_training.py:294] - HEAD: Consider increasing that head's loss weight or adding head-specific capacity.
2025-12-12 17:12:59 - root - INFO - [unified_multitask_training.py:284] - Epoch 51 | val price=2.6007 trend=0.0004 risk=0.3351 state=1.5785 acc=0.468
2025-12-12 17:12:59 - root - INFO - [unified_multitask_training.py:294] - HEAD: price_loss is lagging (loss 2.6007 vs median 0.9568).
2025-12-12 17:12:59 - root - INFO - [unified_multitask_training.py:294] - HEAD: state head accuracy is low (46.82%); check labels or class balance.
2025-12-12 17:12:59 - root - INFO - [unified_multitask_training.py:294] - HEAD: Consider increasing that head's loss weight or adding head-specific capacity.
2025-12-12 17:13:03 - root - INFO - [unified_multitask_training.py:284] - Epoch 52 | val price=2.4821 trend=0.0003 risk=0.3341 state=1.4391 acc=0.543
2025-12-12 17:13:03 - root - INFO - [unified_multitask_training.py:294] - HEAD: price_loss is lagging (loss 2.4821 vs median 0.8866).
2025-12-12 17:13:03 - root - INFO - [unified_multitask_training.py:294] - HEAD: state head accuracy: 54.31%.
2025-12-12 17:13:03 - root - INFO - [unified_multitask_training.py:294] - HEAD: Consider increasing that head's loss weight or adding head-specific capacity.
2025-12-12 17:13:07 - root - INFO - [unified_multitask_training.py:284] - Epoch 53 | val price=2.5566 trend=0.0004 risk=0.3351 state=1.5116 acc=0.459
2025-12-12 17:13:07 - root - INFO - [unified_multitask_training.py:294] - HEAD: price_loss is lagging (loss 2.5566 vs median 0.9234).
2025-12-12 17:13:07 - root - INFO - [unified_multitask_training.py:294] - HEAD: state head accuracy is low (45.89%); check labels or class balance.
2025-12-12 17:13:07 - root - INFO - [unified_multitask_training.py:294] - HEAD: Consider increasing that head's loss weight or adding head-specific capacity.
2025-12-12 17:13:12 - root - INFO - [unified_multitask_training.py:284] - Epoch 54 | val price=2.5707 trend=0.0003 risk=0.3365 state=1.6144 acc=0.382
2025-12-12 17:13:12 - root - INFO - [unified_multitask_training.py:294] - HEAD: price_loss is lagging (loss 2.5707 vs median 0.9755).
2025-12-12 17:13:12 - root - INFO - [unified_multitask_training.py:294] - HEAD: state head accuracy is low (38.19%); check labels or class balance.
2025-12-12 17:13:12 - root - INFO - [unified_multitask_training.py:294] - HEAD: Consider increasing that head's loss weight or adding head-specific capacity.
2025-12-12 17:13:16 - root - INFO - [unified_multitask_training.py:284] - Epoch 55 | val price=2.6009 trend=0.0004 risk=0.3362 state=1.4968 acc=0.440
2025-12-12 17:13:16 - root - INFO - [unified_multitask_training.py:294] - HEAD: price_loss is lagging (loss 2.6009 vs median 0.9165).
2025-12-12 17:13:16 - root - INFO - [unified_multitask_training.py:294] - HEAD: state head accuracy is low (44.05%); check labels or class balance.
2025-12-12 17:13:16 - root - INFO - [unified_multitask_training.py:294] - HEAD: Consider increasing that head's loss weight or adding head-specific capacity.
2025-12-12 17:13:20 - root - INFO - [unified_multitask_training.py:284] - Epoch 56 | val price=2.4957 trend=0.0003 risk=0.3343 state=1.3840 acc=0.448
2025-12-12 17:13:20 - root - INFO - [unified_multitask_training.py:294] - HEAD: price_loss is lagging (loss 2.4957 vs median 0.8591).
2025-12-12 17:13:20 - root - INFO - [unified_multitask_training.py:294] - HEAD: state head accuracy is low (44.76%); check labels or class balance.
2025-12-12 17:13:20 - root - INFO - [unified_multitask_training.py:294] - HEAD: Consider increasing that head's loss weight or adding head-specific capacity.
2025-12-12 17:13:24 - root - INFO - [unified_multitask_training.py:284] - Epoch 57 | val price=2.5891 trend=0.0003 risk=0.3375 state=1.8232 acc=0.493
2025-12-12 17:13:24 - root - INFO - [unified_multitask_training.py:294] - HEAD: price_loss is lagging (loss 2.5891 vs median 1.0803).
2025-12-12 17:13:24 - root - INFO - [unified_multitask_training.py:294] - HEAD: state head accuracy is low (49.28%); check labels or class balance.
2025-12-12 17:13:24 - root - INFO - [unified_multitask_training.py:294] - HEAD: Consider increasing that head's loss weight or adding head-specific capacity.
2025-12-12 17:13:29 - root - INFO - [unified_multitask_training.py:284] - Epoch 58 | val price=2.5405 trend=0.0006 risk=0.3365 state=1.6449 acc=0.381
2025-12-12 17:13:29 - root - INFO - [unified_multitask_training.py:294] - HEAD: price_loss is lagging (loss 2.5405 vs median 0.9907).
2025-12-12 17:13:29 - root - INFO - [unified_multitask_training.py:294] - HEAD: state head accuracy is low (38.09%); check labels or class balance.
2025-12-12 17:13:29 - root - INFO - [unified_multitask_training.py:294] - HEAD: Consider increasing that head's loss weight or adding head-specific capacity.
2025-12-12 17:13:33 - root - INFO - [unified_multitask_training.py:284] - Epoch 59 | val price=2.5399 trend=0.0005 risk=0.3361 state=1.3506 acc=0.444
2025-12-12 17:13:33 - root - INFO - [unified_multitask_training.py:294] - HEAD: price_loss is lagging (loss 2.5399 vs median 0.8434).
2025-12-12 17:13:33 - root - INFO - [unified_multitask_training.py:294] - HEAD: state head accuracy is low (44.35%); check labels or class balance.
2025-12-12 17:13:33 - root - INFO - [unified_multitask_training.py:294] - HEAD: Consider increasing that head's loss weight or adding head-specific capacity.
2025-12-12 17:13:37 - root - INFO - [unified_multitask_training.py:284] - Epoch 60 | val price=2.6259 trend=0.0007 risk=0.3375 state=1.5608 acc=0.475
2025-12-12 17:13:37 - root - INFO - [unified_multitask_training.py:294] - HEAD: price_loss is lagging (loss 2.6259 vs median 0.9491).
2025-12-12 17:13:37 - root - INFO - [unified_multitask_training.py:294] - HEAD: state head accuracy is low (47.54%); check labels or class balance.
2025-12-12 17:13:37 - root - INFO - [unified_multitask_training.py:294] - HEAD: Consider increasing that head's loss weight or adding head-specific capacity.
2025-12-12 17:13:41 - root - INFO - [unified_multitask_training.py:284] - Epoch 61 | val price=2.6685 trend=0.0005 risk=0.3385 state=1.6350 acc=0.468
2025-12-12 17:13:41 - root - INFO - [unified_multitask_training.py:294] - HEAD: price_loss is lagging (loss 2.6685 vs median 0.9868).
2025-12-12 17:13:41 - root - INFO - [unified_multitask_training.py:294] - HEAD: state head accuracy is low (46.82%); check labels or class balance.
2025-12-12 17:13:41 - root - INFO - [unified_multitask_training.py:294] - HEAD: Consider increasing that head's loss weight or adding head-specific capacity.
2025-12-12 17:13:46 - root - INFO - [unified_multitask_training.py:284] - Epoch 62 | val price=2.7177 trend=0.0007 risk=0.3384 state=1.8493 acc=0.457
2025-12-12 17:13:46 - root - INFO - [unified_multitask_training.py:294] - HEAD: price_loss is lagging (loss 2.7177 vs median 1.0939).
2025-12-12 17:13:46 - root - INFO - [unified_multitask_training.py:294] - HEAD: state head accuracy is low (45.69%); check labels or class balance.
2025-12-12 17:13:46 - root - INFO - [unified_multitask_training.py:294] - HEAD: Consider increasing that head's loss weight or adding head-specific capacity.
2025-12-12 17:13:53 - root - INFO - [unified_multitask_training.py:284] - Epoch 63 | val price=2.4749 trend=0.0003 risk=0.3394 state=1.3574 acc=0.580
2025-12-12 17:13:53 - root - INFO - [unified_multitask_training.py:294] - HEAD: price_loss is lagging (loss 2.4749 vs median 0.8484).
2025-12-12 17:13:53 - root - INFO - [unified_multitask_training.py:294] - HEAD: state head accuracy: 58.01%.
2025-12-12 17:13:53 - root - INFO - [unified_multitask_training.py:294] - HEAD: Consider increasing that head's loss weight or adding head-specific capacity.
2025-12-12 17:13:58 - root - INFO - [unified_multitask_training.py:284] - Epoch 64 | val price=2.6250 trend=0.0004 risk=0.3372 state=1.7794 acc=0.480
2025-12-12 17:13:58 - root - INFO - [unified_multitask_training.py:294] - HEAD: price_loss is lagging (loss 2.6250 vs median 1.0583).
2025-12-12 17:13:58 - root - INFO - [unified_multitask_training.py:294] - HEAD: state head accuracy is low (48.05%); check labels or class balance.
2025-12-12 17:13:58 - root - INFO - [unified_multitask_training.py:294] - HEAD: Consider increasing that head's loss weight or adding head-specific capacity.
2025-12-12 17:14:04 - root - INFO - [unified_multitask_training.py:284] - Epoch 65 | val price=2.6099 trend=0.0011 risk=0.3491 state=1.5946 acc=0.494
2025-12-12 17:14:04 - root - INFO - [unified_multitask_training.py:294] - HEAD: price_loss is lagging (loss 2.6099 vs median 0.9718).
2025-12-12 17:14:04 - root - INFO - [unified_multitask_training.py:294] - HEAD: state head accuracy is low (49.38%); check labels or class balance.
2025-12-12 17:14:04 - root - INFO - [unified_multitask_training.py:294] - HEAD: Consider increasing that head's loss weight or adding head-specific capacity.
2025-12-12 17:14:10 - root - INFO - [unified_multitask_training.py:284] - Epoch 66 | val price=2.4197 trend=0.0004 risk=0.3354 state=1.3973 acc=0.541
2025-12-12 17:14:10 - root - INFO - [unified_multitask_training.py:294] - HEAD: price_loss is lagging (loss 2.4197 vs median 0.8664).
2025-12-12 17:14:10 - root - INFO - [unified_multitask_training.py:294] - HEAD: state head accuracy: 54.11%.
2025-12-12 17:14:10 - root - INFO - [unified_multitask_training.py:294] - HEAD: Consider increasing that head's loss weight or adding head-specific capacity.
2025-12-12 17:14:14 - root - INFO - [unified_multitask_training.py:284] - Epoch 67 | val price=2.4239 trend=0.0004 risk=0.3367 state=1.4598 acc=0.536
2025-12-12 17:14:14 - root - INFO - [unified_multitask_training.py:294] - HEAD: price_loss is lagging (loss 2.4239 vs median 0.8983).
2025-12-12 17:14:14 - root - INFO - [unified_multitask_training.py:294] - HEAD: state head accuracy: 53.59%.
2025-12-12 17:14:14 - root - INFO - [unified_multitask_training.py:294] - HEAD: Consider increasing that head's loss weight or adding head-specific capacity.
2025-12-12 17:14:19 - root - INFO - [unified_multitask_training.py:284] - Epoch 68 | val price=2.4815 trend=0.0003 risk=0.3355 state=1.6334 acc=0.540
2025-12-12 17:14:19 - root - INFO - [unified_multitask_training.py:294] - HEAD: price_loss is lagging (loss 2.4815 vs median 0.9845).
2025-12-12 17:14:19 - root - INFO - [unified_multitask_training.py:294] - HEAD: state head accuracy: 54.00%.
2025-12-12 17:14:19 - root - INFO - [unified_multitask_training.py:294] - HEAD: Consider increasing that head's loss weight or adding head-specific capacity.
2025-12-12 17:14:23 - root - INFO - [unified_multitask_training.py:284] - Epoch 69 | val price=2.7634 trend=0.0008 risk=0.3595 state=1.9397 acc=0.487
2025-12-12 17:14:23 - root - INFO - [unified_multitask_training.py:294] - HEAD: price_loss is lagging (loss 2.7634 vs median 1.1496).
2025-12-12 17:14:23 - root - INFO - [unified_multitask_training.py:294] - HEAD: price_loss regressed vs last epoch (2.4815 -> 2.7634).
2025-12-12 17:14:23 - root - INFO - [unified_multitask_training.py:294] - HEAD: state head accuracy is low (48.67%); check labels or class balance.
2025-12-12 17:14:23 - root - INFO - [unified_multitask_training.py:294] - HEAD: Consider increasing that head's loss weight or adding head-specific capacity.
2025-12-12 17:14:27 - root - INFO - [unified_multitask_training.py:284] - Epoch 70 | val price=2.7688 trend=0.0005 risk=0.3776 state=1.8152 acc=0.505
2025-12-12 17:14:27 - root - INFO - [unified_multitask_training.py:294] - HEAD: price_loss is lagging (loss 2.7688 vs median 1.0964).
2025-12-12 17:14:27 - root - INFO - [unified_multitask_training.py:294] - HEAD: state head accuracy: 50.51%.
2025-12-12 17:14:27 - root - INFO - [unified_multitask_training.py:294] - HEAD: Consider increasing that head's loss weight or adding head-specific capacity.
2025-12-12 17:14:31 - root - INFO - [unified_multitask_training.py:284] - Epoch 71 | val price=2.7166 trend=0.0005 risk=0.3891 state=1.6776 acc=0.509
2025-12-12 17:14:31 - root - INFO - [unified_multitask_training.py:294] - HEAD: price_loss is lagging (loss 2.7166 vs median 1.0334).
2025-12-12 17:14:31 - root - INFO - [unified_multitask_training.py:294] - HEAD: state head accuracy: 50.92%.
2025-12-12 17:14:31 - root - INFO - [unified_multitask_training.py:294] - HEAD: Consider increasing that head's loss weight or adding head-specific capacity.
2025-12-12 17:14:35 - root - INFO - [unified_multitask_training.py:284] - Epoch 72 | val price=2.8125 trend=0.0003 risk=0.3901 state=2.2148 acc=0.451
2025-12-12 17:14:35 - root - INFO - [unified_multitask_training.py:294] - HEAD: price_loss is lagging (loss 2.8125 vs median 1.3025).
2025-12-12 17:14:35 - root - INFO - [unified_multitask_training.py:294] - HEAD: state head accuracy is low (45.07%); check labels or class balance.
2025-12-12 17:14:35 - root - INFO - [unified_multitask_training.py:294] - HEAD: Consider increasing that head's loss weight or adding head-specific capacity.
2025-12-12 17:14:40 - root - INFO - [unified_multitask_training.py:284] - Epoch 73 | val price=2.8085 trend=0.0005 risk=0.4074 state=1.5346 acc=0.534
2025-12-12 17:14:40 - root - INFO - [unified_multitask_training.py:294] - HEAD: price_loss is lagging (loss 2.8085 vs median 0.9710).
2025-12-12 17:14:40 - root - INFO - [unified_multitask_training.py:294] - HEAD: state head accuracy: 53.39%.
2025-12-12 17:14:40 - root - INFO - [unified_multitask_training.py:294] - HEAD: Consider increasing that head's loss weight or adding head-specific capacity.
2025-12-12 17:14:44 - root - INFO - [unified_multitask_training.py:284] - Epoch 74 | val price=2.9207 trend=0.0003 risk=0.4217 state=2.0147 acc=0.473
2025-12-12 17:14:44 - root - INFO - [unified_multitask_training.py:294] - HEAD: price_loss is lagging (loss 2.9207 vs median 1.2182).
2025-12-12 17:14:44 - root - INFO - [unified_multitask_training.py:294] - HEAD: state head accuracy is low (47.33%); check labels or class balance.
2025-12-12 17:14:44 - root - INFO - [unified_multitask_training.py:294] - HEAD: Consider increasing that head's loss weight or adding head-specific capacity.
2025-12-12 17:14:48 - root - INFO - [unified_multitask_training.py:284] - Epoch 75 | val price=2.8568 trend=0.0003 risk=0.4106 state=1.9192 acc=0.483
2025-12-12 17:14:48 - root - INFO - [unified_multitask_training.py:294] - HEAD: price_loss is lagging (loss 2.8568 vs median 1.1649).
2025-12-12 17:14:48 - root - INFO - [unified_multitask_training.py:294] - HEAD: state head accuracy is low (48.25%); check labels or class balance.
2025-12-12 17:14:48 - root - INFO - [unified_multitask_training.py:294] - HEAD: Consider increasing that head's loss weight or adding head-specific capacity.
2025-12-12 17:14:53 - root - INFO - [unified_multitask_training.py:284] - Epoch 76 | val price=2.8262 trend=0.0003 risk=0.3795 state=1.6541 acc=0.532
2025-12-12 17:14:53 - root - INFO - [unified_multitask_training.py:294] - HEAD: price_loss is lagging (loss 2.8262 vs median 1.0168).
2025-12-12 17:14:53 - root - INFO - [unified_multitask_training.py:294] - HEAD: state head accuracy: 53.18%.
2025-12-12 17:14:53 - root - INFO - [unified_multitask_training.py:294] - HEAD: Consider increasing that head's loss weight or adding head-specific capacity.
2025-12-12 17:14:58 - root - INFO - [unified_multitask_training.py:284] - Epoch 77 | val price=2.7680 trend=0.0004 risk=0.3793 state=1.8873 acc=0.487
2025-12-12 17:14:58 - root - INFO - [unified_multitask_training.py:294] - HEAD: price_loss is lagging (loss 2.7680 vs median 1.1333).
2025-12-12 17:14:58 - root - INFO - [unified_multitask_training.py:294] - HEAD: state head accuracy is low (48.67%); check labels or class balance.
2025-12-12 17:14:58 - root - INFO - [unified_multitask_training.py:294] - HEAD: Consider increasing that head's loss weight or adding head-specific capacity.
2025-12-12 17:15:04 - root - INFO - [unified_multitask_training.py:284] - Epoch 78 | val price=2.6883 trend=0.0003 risk=0.3522 state=1.9889 acc=0.469
2025-12-12 17:15:04 - root - INFO - [unified_multitask_training.py:294] - HEAD: price_loss is lagging (loss 2.6883 vs median 1.1705).
2025-12-12 17:15:04 - root - INFO - [unified_multitask_training.py:294] - HEAD: state head accuracy is low (46.92%); check labels or class balance.
2025-12-12 17:15:04 - root - INFO - [unified_multitask_training.py:294] - HEAD: Consider increasing that head's loss weight or adding head-specific capacity.
2025-12-12 17:15:08 - root - INFO - [unified_multitask_training.py:284] - Epoch 79 | val price=2.8527 trend=0.0003 risk=0.3786 state=1.8643 acc=0.542
2025-12-12 17:15:08 - root - INFO - [unified_multitask_training.py:294] - HEAD: price_loss is lagging (loss 2.8527 vs median 1.1215).
2025-12-12 17:15:08 - root - INFO - [unified_multitask_training.py:294] - HEAD: state head accuracy: 54.21%.
2025-12-12 17:15:08 - root - INFO - [unified_multitask_training.py:294] - HEAD: Consider increasing that head's loss weight or adding head-specific capacity.
2025-12-12 17:15:12 - root - INFO - [unified_multitask_training.py:284] - Epoch 80 | val price=2.7574 trend=0.0003 risk=0.3885 state=1.9883 acc=0.493
2025-12-12 17:15:12 - root - INFO - [unified_multitask_training.py:294] - HEAD: price_loss is lagging (loss 2.7574 vs median 1.1884).
2025-12-12 17:15:12 - root - INFO - [unified_multitask_training.py:294] - HEAD: state head accuracy is low (49.28%); check labels or class balance.
2025-12-12 17:15:12 - root - INFO - [unified_multitask_training.py:294] - HEAD: Consider increasing that head's loss weight or adding head-specific capacity.
2025-12-12 17:15:17 - root - INFO - [unified_multitask_training.py:284] - Epoch 81 | val price=2.9237 trend=0.0003 risk=0.4164 state=1.6691 acc=0.533
2025-12-12 17:15:17 - root - INFO - [unified_multitask_training.py:294] - HEAD: price_loss is lagging (loss 2.9237 vs median 1.0428).
2025-12-12 17:15:17 - root - INFO - [unified_multitask_training.py:294] - HEAD: state head accuracy: 53.29%.
2025-12-12 17:15:17 - root - INFO - [unified_multitask_training.py:294] - HEAD: Consider increasing that head's loss weight or adding head-specific capacity.
2025-12-12 17:15:22 - root - INFO - [unified_multitask_training.py:284] - Epoch 82 | val price=2.8025 trend=0.0003 risk=0.3681 state=2.2160 acc=0.457
2025-12-12 17:15:22 - root - INFO - [unified_multitask_training.py:294] - HEAD: price_loss is lagging (loss 2.8025 vs median 1.2921).
2025-12-12 17:15:22 - root - INFO - [unified_multitask_training.py:294] - HEAD: state head accuracy is low (45.69%); check labels or class balance.
2025-12-12 17:15:22 - root - INFO - [unified_multitask_training.py:294] - HEAD: Consider increasing that head's loss weight or adding head-specific capacity.
2025-12-12 17:15:27 - root - INFO - [unified_multitask_training.py:284] - Epoch 83 | val price=2.8942 trend=0.0004 risk=0.3914 state=1.8841 acc=0.501
2025-12-12 17:15:27 - root - INFO - [unified_multitask_training.py:294] - HEAD: price_loss is lagging (loss 2.8942 vs median 1.1378).
2025-12-12 17:15:27 - root - INFO - [unified_multitask_training.py:294] - HEAD: state head accuracy: 50.10%.
2025-12-12 17:15:27 - root - INFO - [unified_multitask_training.py:294] - HEAD: Consider increasing that head's loss weight or adding head-specific capacity.
2025-12-12 17:15:31 - root - INFO - [unified_multitask_training.py:284] - Epoch 84 | val price=2.9572 trend=0.0003 risk=0.4163 state=1.7661 acc=0.518
2025-12-12 17:15:31 - root - INFO - [unified_multitask_training.py:294] - HEAD: price_loss is lagging (loss 2.9572 vs median 1.0912).
2025-12-12 17:15:31 - root - INFO - [unified_multitask_training.py:294] - HEAD: state head accuracy: 51.85%.
2025-12-12 17:15:31 - root - INFO - [unified_multitask_training.py:294] - HEAD: Consider increasing that head's loss weight or adding head-specific capacity.
2025-12-12 17:15:36 - root - INFO - [unified_multitask_training.py:284] - Epoch 85 | val price=2.8331 trend=0.0003 risk=0.3826 state=2.0348 acc=0.470
2025-12-12 17:15:36 - root - INFO - [unified_multitask_training.py:294] - HEAD: price_loss is lagging (loss 2.8331 vs median 1.2087).
2025-12-12 17:15:36 - root - INFO - [unified_multitask_training.py:294] - HEAD: state head accuracy is low (47.02%); check labels or class balance.
2025-12-12 17:15:36 - root - INFO - [unified_multitask_training.py:294] - HEAD: Consider increasing that head's loss weight or adding head-specific capacity.
2025-12-12 17:15:40 - root - INFO - [unified_multitask_training.py:284] - Epoch 86 | val price=2.7366 trend=0.0003 risk=0.3721 state=1.9909 acc=0.490
2025-12-12 17:15:40 - root - INFO - [unified_multitask_training.py:294] - HEAD: price_loss is lagging (loss 2.7366 vs median 1.1815).
2025-12-12 17:15:40 - root - INFO - [unified_multitask_training.py:294] - HEAD: state head accuracy is low (48.97%); check labels or class balance.
2025-12-12 17:15:40 - root - INFO - [unified_multitask_training.py:294] - HEAD: Consider increasing that head's loss weight or adding head-specific capacity.
2025-12-12 17:15:44 - root - INFO - [unified_multitask_training.py:284] - Epoch 87 | val price=2.7681 trend=0.0003 risk=0.3771 state=1.9381 acc=0.496
2025-12-12 17:15:44 - root - INFO - [unified_multitask_training.py:294] - HEAD: price_loss is lagging (loss 2.7681 vs median 1.1576).
2025-12-12 17:15:44 - root - INFO - [unified_multitask_training.py:294] - HEAD: state head accuracy is low (49.59%); check labels or class balance.
2025-12-12 17:15:44 - root - INFO - [unified_multitask_training.py:294] - HEAD: Consider increasing that head's loss weight or adding head-specific capacity.
2025-12-12 17:15:48 - root - INFO - [unified_multitask_training.py:284] - Epoch 88 | val price=2.8243 trend=0.0003 risk=0.3703 state=1.9979 acc=0.494
2025-12-12 17:15:48 - root - INFO - [unified_multitask_training.py:294] - HEAD: price_loss is lagging (loss 2.8243 vs median 1.1841).
2025-12-12 17:15:48 - root - INFO - [unified_multitask_training.py:294] - HEAD: state head accuracy is low (49.38%); check labels or class balance.
2025-12-12 17:15:48 - root - INFO - [unified_multitask_training.py:294] - HEAD: Consider increasing that head's loss weight or adding head-specific capacity.
2025-12-12 17:15:52 - root - INFO - [unified_multitask_training.py:284] - Epoch 89 | val price=2.6999 trend=0.0003 risk=0.3505 state=2.0926 acc=0.479
2025-12-12 17:15:52 - root - INFO - [unified_multitask_training.py:294] - HEAD: price_loss is lagging (loss 2.6999 vs median 1.2216).
2025-12-12 17:15:52 - root - INFO - [unified_multitask_training.py:294] - HEAD: state head accuracy is low (47.95%); check labels or class balance.
2025-12-12 17:15:52 - root - INFO - [unified_multitask_training.py:294] - HEAD: Consider increasing that head's loss weight or adding head-specific capacity.
2025-12-12 17:15:56 - root - INFO - [unified_multitask_training.py:284] - Epoch 90 | val price=2.6909 trend=0.0005 risk=0.3491 state=2.0358 acc=0.479
2025-12-12 17:15:56 - root - INFO - [unified_multitask_training.py:294] - HEAD: price_loss is lagging (loss 2.6909 vs median 1.1924).
2025-12-12 17:15:56 - root - INFO - [unified_multitask_training.py:294] - HEAD: state head accuracy is low (47.95%); check labels or class balance.
2025-12-12 17:15:56 - root - INFO - [unified_multitask_training.py:294] - HEAD: Consider increasing that head's loss weight or adding head-specific capacity.
2025-12-12 17:16:00 - root - INFO - [unified_multitask_training.py:284] - Epoch 91 | val price=2.7155 trend=0.0004 risk=0.3596 state=1.6765 acc=0.517
2025-12-12 17:16:00 - root - INFO - [unified_multitask_training.py:294] - HEAD: price_loss is lagging (loss 2.7155 vs median 1.0180).
2025-12-12 17:16:00 - root - INFO - [unified_multitask_training.py:294] - HEAD: state head accuracy: 51.75%.
2025-12-12 17:16:00 - root - INFO - [unified_multitask_training.py:294] - HEAD: Consider increasing that head's loss weight or adding head-specific capacity.
2025-12-12 17:16:04 - root - INFO - [unified_multitask_training.py:284] - Epoch 92 | val price=2.6882 trend=0.0004 risk=0.3635 state=1.9753 acc=0.488
2025-12-12 17:16:04 - root - INFO - [unified_multitask_training.py:294] - HEAD: price_loss is lagging (loss 2.6882 vs median 1.1694).
2025-12-12 17:16:04 - root - INFO - [unified_multitask_training.py:294] - HEAD: state head accuracy is low (48.77%); check labels or class balance.
2025-12-12 17:16:04 - root - INFO - [unified_multitask_training.py:294] - HEAD: Consider increasing that head's loss weight or adding head-specific capacity.
2025-12-12 17:16:08 - root - INFO - [unified_multitask_training.py:284] - Epoch 93 | val price=2.7175 trend=0.0003 risk=0.3677 state=1.8721 acc=0.506
2025-12-12 17:16:08 - root - INFO - [unified_multitask_training.py:294] - HEAD: price_loss is lagging (loss 2.7175 vs median 1.1199).
2025-12-12 17:16:08 - root - INFO - [unified_multitask_training.py:294] - HEAD: state head accuracy: 50.62%.
2025-12-12 17:16:08 - root - INFO - [unified_multitask_training.py:294] - HEAD: Consider increasing that head's loss weight or adding head-specific capacity.
2025-12-12 17:16:12 - root - INFO - [unified_multitask_training.py:284] - Epoch 94 | val price=2.7932 trend=0.0004 risk=0.3881 state=1.8200 acc=0.503
2025-12-12 17:16:12 - root - INFO - [unified_multitask_training.py:294] - HEAD: price_loss is lagging (loss 2.7932 vs median 1.1040).
2025-12-12 17:16:12 - root - INFO - [unified_multitask_training.py:294] - HEAD: state head accuracy: 50.31%.
2025-12-12 17:16:12 - root - INFO - [unified_multitask_training.py:294] - HEAD: Consider increasing that head's loss weight or adding head-specific capacity.
2025-12-12 17:16:16 - root - INFO - [unified_multitask_training.py:284] - Epoch 95 | val price=2.7128 trend=0.0003 risk=0.3994 state=1.7904 acc=0.514
2025-12-12 17:16:16 - root - INFO - [unified_multitask_training.py:294] - HEAD: price_loss is lagging (loss 2.7128 vs median 1.0949).
2025-12-12 17:16:16 - root - INFO - [unified_multitask_training.py:294] - HEAD: state head accuracy: 51.44%.
2025-12-12 17:16:16 - root - INFO - [unified_multitask_training.py:294] - HEAD: Consider increasing that head's loss weight or adding head-specific capacity.
2025-12-12 17:16:20 - root - INFO - [unified_multitask_training.py:284] - Epoch 96 | val price=2.7637 trend=0.0006 risk=0.3868 state=2.0539 acc=0.490
2025-12-12 17:16:20 - root - INFO - [unified_multitask_training.py:294] - HEAD: price_loss is lagging (loss 2.7637 vs median 1.2203).
2025-12-12 17:16:20 - root - INFO - [unified_multitask_training.py:294] - HEAD: state head accuracy is low (48.97%); check labels or class balance.
2025-12-12 17:16:20 - root - INFO - [unified_multitask_training.py:294] - HEAD: Consider increasing that head's loss weight or adding head-specific capacity.
2025-12-12 17:16:24 - root - INFO - [unified_multitask_training.py:284] - Epoch 97 | val price=2.7791 trend=0.0004 risk=0.3731 state=2.2620 acc=0.460
2025-12-12 17:16:24 - root - INFO - [unified_multitask_training.py:294] - HEAD: price_loss is lagging (loss 2.7791 vs median 1.3175).
2025-12-12 17:16:24 - root - INFO - [unified_multitask_training.py:294] - HEAD: state head accuracy is low (46.00%); check labels or class balance.
2025-12-12 17:16:24 - root - INFO - [unified_multitask_training.py:294] - HEAD: Consider increasing that head's loss weight or adding head-specific capacity.
2025-12-12 17:16:28 - root - INFO - [unified_multitask_training.py:284] - Epoch 98 | val price=2.9929 trend=0.0003 risk=0.3962 state=2.0374 acc=0.483
2025-12-12 17:16:28 - root - INFO - [unified_multitask_training.py:294] - HEAD: price_loss is lagging (loss 2.9929 vs median 1.2168).
2025-12-12 17:16:28 - root - INFO - [unified_multitask_training.py:294] - HEAD: state head accuracy is low (48.25%); check labels or class balance.
2025-12-12 17:16:28 - root - INFO - [unified_multitask_training.py:294] - HEAD: Consider increasing that head's loss weight or adding head-specific capacity.
2025-12-12 17:16:32 - root - INFO - [unified_multitask_training.py:284] - Epoch 99 | val price=2.6261 trend=0.0003 risk=0.3421 state=2.2500 acc=0.473
2025-12-12 17:16:32 - root - INFO - [unified_multitask_training.py:294] - HEAD: price_loss is lagging (loss 2.6261 vs median 1.2960).
2025-12-12 17:16:32 - root - INFO - [unified_multitask_training.py:294] - HEAD: state head accuracy is low (47.33%); check labels or class balance.
2025-12-12 17:16:32 - root - INFO - [unified_multitask_training.py:294] - HEAD: Consider increasing that head's loss weight or adding head-specific capacity.
2025-12-12 17:16:36 - root - INFO - [unified_multitask_training.py:284] - Epoch 100 | val price=2.4918 trend=0.0004 risk=0.3398 state=2.1757 acc=0.504
2025-12-12 17:16:36 - root - INFO - [unified_multitask_training.py:294] - HEAD: price_loss is lagging (loss 2.4918 vs median 1.2577).
2025-12-12 17:16:36 - root - INFO - [unified_multitask_training.py:294] - HEAD: state head accuracy: 50.41%.
2025-12-12 17:16:36 - root - INFO - [unified_multitask_training.py:294] - HEAD: Consider increasing that head's loss weight or adding head-specific capacity.
2025-12-12 17:16:40 - root - INFO - [unified_multitask_training.py:284] - Epoch 101 | val price=2.5726 trend=0.0003 risk=0.3378 state=2.0670 acc=0.497
2025-12-12 17:16:40 - root - INFO - [unified_multitask_training.py:294] - HEAD: price_loss is lagging (loss 2.5726 vs median 1.2024).
2025-12-12 17:16:40 - root - INFO - [unified_multitask_training.py:294] - HEAD: state head accuracy is low (49.69%); check labels or class balance.
2025-12-12 17:16:40 - root - INFO - [unified_multitask_training.py:294] - HEAD: Consider increasing that head's loss weight or adding head-specific capacity.
2025-12-12 17:16:44 - root - INFO - [unified_multitask_training.py:284] - Epoch 102 | val price=2.7430 trend=0.0003 risk=0.3682 state=2.0820 acc=0.487
2025-12-12 17:16:44 - root - INFO - [unified_multitask_training.py:294] - HEAD: price_loss is lagging (loss 2.7430 vs median 1.2251).
2025-12-12 17:16:44 - root - INFO - [unified_multitask_training.py:294] - HEAD: state head accuracy is low (48.67%); check labels or class balance.
2025-12-12 17:16:44 - root - INFO - [unified_multitask_training.py:294] - HEAD: Consider increasing that head's loss weight or adding head-specific capacity.
2025-12-12 17:16:48 - root - INFO - [unified_multitask_training.py:284] - Epoch 103 | val price=2.7154 trend=0.0003 risk=0.3497 state=2.0601 acc=0.491
2025-12-12 17:16:48 - root - INFO - [unified_multitask_training.py:294] - HEAD: price_loss is lagging (loss 2.7154 vs median 1.2049).
2025-12-12 17:16:48 - root - INFO - [unified_multitask_training.py:294] - HEAD: state head accuracy is low (49.08%); check labels or class balance.
2025-12-12 17:16:48 - root - INFO - [unified_multitask_training.py:294] - HEAD: Consider increasing that head's loss weight or adding head-specific capacity.
2025-12-12 17:16:52 - root - INFO - [unified_multitask_training.py:284] - Epoch 104 | val price=2.5324 trend=0.0003 risk=0.3382 state=2.1184 acc=0.500
2025-12-12 17:16:52 - root - INFO - [unified_multitask_training.py:294] - HEAD: price_loss is lagging (loss 2.5324 vs median 1.2283).
2025-12-12 17:16:52 - root - INFO - [unified_multitask_training.py:294] - HEAD: state head accuracy: 50.00%.
2025-12-12 17:16:52 - root - INFO - [unified_multitask_training.py:294] - HEAD: Consider increasing that head's loss weight or adding head-specific capacity.
2025-12-12 17:16:56 - root - INFO - [unified_multitask_training.py:284] - Epoch 105 | val price=2.5140 trend=0.0004 risk=0.3364 state=2.1965 acc=0.501
2025-12-12 17:16:56 - root - INFO - [unified_multitask_training.py:294] - HEAD: price_loss is lagging (loss 2.5140 vs median 1.2664).
2025-12-12 17:16:56 - root - INFO - [unified_multitask_training.py:294] - HEAD: state head accuracy: 50.10%.
2025-12-12 17:16:56 - root - INFO - [unified_multitask_training.py:294] - HEAD: Consider increasing that head's loss weight or adding head-specific capacity.
2025-12-12 17:17:01 - root - INFO - [unified_multitask_training.py:284] - Epoch 106 | val price=2.4391 trend=0.0004 risk=0.3358 state=1.7128 acc=0.550
2025-12-12 17:17:01 - root - INFO - [unified_multitask_training.py:294] - HEAD: price_loss is lagging (loss 2.4391 vs median 1.0243).
2025-12-12 17:17:01 - root - INFO - [unified_multitask_training.py:294] - HEAD: state head accuracy: 55.03%.
2025-12-12 17:17:01 - root - INFO - [unified_multitask_training.py:294] - HEAD: Consider increasing that head's loss weight or adding head-specific capacity.
2025-12-12 17:17:05 - root - INFO - [unified_multitask_training.py:284] - Epoch 107 | val price=2.6016 trend=0.0003 risk=0.3406 state=2.4679 acc=0.471
2025-12-12 17:17:05 - root - INFO - [unified_multitask_training.py:294] - HEAD: price_loss is lagging (loss 2.6016 vs median 1.4043).
2025-12-12 17:17:05 - root - INFO - [unified_multitask_training.py:294] - HEAD: state head accuracy is low (47.13%); check labels or class balance.
2025-12-12 17:17:05 - root - INFO - [unified_multitask_training.py:294] - HEAD: Consider increasing that head's loss weight or adding head-specific capacity.
2025-12-12 17:17:09 - root - INFO - [unified_multitask_training.py:284] - Epoch 108 | val price=2.7765 trend=0.0003 risk=0.3515 state=2.0442 acc=0.489
2025-12-12 17:17:09 - root - INFO - [unified_multitask_training.py:294] - HEAD: price_loss is lagging (loss 2.7765 vs median 1.1979).
2025-12-12 17:17:09 - root - INFO - [unified_multitask_training.py:294] - HEAD: state head accuracy is low (48.87%); check labels or class balance.
2025-12-12 17:17:09 - root - INFO - [unified_multitask_training.py:294] - HEAD: Consider increasing that head's loss weight or adding head-specific capacity.
2025-12-12 17:17:13 - root - INFO - [unified_multitask_training.py:284] - Epoch 109 | val price=2.9527 trend=0.0003 risk=0.4230 state=2.7355 acc=0.443
2025-12-12 17:17:13 - root - INFO - [unified_multitask_training.py:294] - HEAD: price_loss is lagging (loss 2.9527 vs median 1.5792).
2025-12-12 17:17:13 - root - INFO - [unified_multitask_training.py:294] - HEAD: state head accuracy is low (44.25%); check labels or class balance.
2025-12-12 17:17:13 - root - INFO - [unified_multitask_training.py:294] - HEAD: Consider increasing that head's loss weight or adding head-specific capacity.
2025-12-12 17:17:17 - root - INFO - [unified_multitask_training.py:284] - Epoch 110 | val price=2.9350 trend=0.0004 risk=0.4537 state=2.0099 acc=0.502
2025-12-12 17:17:17 - root - INFO - [unified_multitask_training.py:294] - HEAD: price_loss is lagging (loss 2.9350 vs median 1.2318).
2025-12-12 17:17:17 - root - INFO - [unified_multitask_training.py:294] - HEAD: state head accuracy: 50.21%.
2025-12-12 17:17:17 - root - INFO - [unified_multitask_training.py:294] - HEAD: Consider increasing that head's loss weight or adding head-specific capacity.
2025-12-12 17:17:21 - root - INFO - [unified_multitask_training.py:284] - Epoch 111 | val price=2.7824 trend=0.0003 risk=0.4146 state=2.1818 acc=0.487
2025-12-12 17:17:21 - root - INFO - [unified_multitask_training.py:294] - HEAD: price_loss is lagging (loss 2.7824 vs median 1.2982).
2025-12-12 17:17:21 - root - INFO - [unified_multitask_training.py:294] - HEAD: state head accuracy is low (48.67%); check labels or class balance.
2025-12-12 17:17:21 - root - INFO - [unified_multitask_training.py:294] - HEAD: Consider increasing that head's loss weight or adding head-specific capacity.
2025-12-12 17:17:25 - root - INFO - [unified_multitask_training.py:284] - Epoch 112 | val price=2.8227 trend=0.0003 risk=0.3984 state=2.3599 acc=0.482
2025-12-12 17:17:25 - root - INFO - [unified_multitask_training.py:294] - HEAD: price_loss is lagging (loss 2.8227 vs median 1.3791).
2025-12-12 17:17:25 - root - INFO - [unified_multitask_training.py:294] - HEAD: state head accuracy is low (48.15%); check labels or class balance.
2025-12-12 17:17:25 - root - INFO - [unified_multitask_training.py:294] - HEAD: Consider increasing that head's loss weight or adding head-specific capacity.
2025-12-12 17:17:29 - root - INFO - [unified_multitask_training.py:284] - Epoch 113 | val price=2.8606 trend=0.0003 risk=0.4058 state=2.0089 acc=0.495
2025-12-12 17:17:29 - root - INFO - [unified_multitask_training.py:294] - HEAD: price_loss is lagging (loss 2.8606 vs median 1.2073).
2025-12-12 17:17:29 - root - INFO - [unified_multitask_training.py:294] - HEAD: state head accuracy is low (49.49%); check labels or class balance.
2025-12-12 17:17:29 - root - INFO - [unified_multitask_training.py:294] - HEAD: Consider increasing that head's loss weight or adding head-specific capacity.
2025-12-12 17:17:33 - root - INFO - [unified_multitask_training.py:284] - Epoch 114 | val price=2.7388 trend=0.0003 risk=0.3992 state=2.0480 acc=0.513
2025-12-12 17:17:33 - root - INFO - [unified_multitask_training.py:294] - HEAD: price_loss is lagging (loss 2.7388 vs median 1.2236).
2025-12-12 17:17:33 - root - INFO - [unified_multitask_training.py:294] - HEAD: state head accuracy: 51.33%.
2025-12-12 17:17:33 - root - INFO - [unified_multitask_training.py:294] - HEAD: Consider increasing that head's loss weight or adding head-specific capacity.
2025-12-12 17:17:37 - root - INFO - [unified_multitask_training.py:284] - Epoch 115 | val price=2.8332 trend=0.0003 risk=0.4178 state=2.0469 acc=0.507
2025-12-12 17:17:37 - root - INFO - [unified_multitask_training.py:294] - HEAD: price_loss is lagging (loss 2.8332 vs median 1.2324).
2025-12-12 17:17:37 - root - INFO - [unified_multitask_training.py:294] - HEAD: state head accuracy: 50.72%.
2025-12-12 17:17:37 - root - INFO - [unified_multitask_training.py:294] - HEAD: Consider increasing that head's loss weight or adding head-specific capacity.
2025-12-12 17:17:41 - root - INFO - [unified_multitask_training.py:284] - Epoch 116 | val price=2.9919 trend=0.0003 risk=0.4469 state=2.1464 acc=0.480
2025-12-12 17:17:41 - root - INFO - [unified_multitask_training.py:294] - HEAD: price_loss is lagging (loss 2.9919 vs median 1.2966).
2025-12-12 17:17:41 - root - INFO - [unified_multitask_training.py:294] - HEAD: state head accuracy is low (48.05%); check labels or class balance.
2025-12-12 17:17:41 - root - INFO - [unified_multitask_training.py:294] - HEAD: Consider increasing that head's loss weight or adding head-specific capacity.
2025-12-12 17:17:45 - root - INFO - [unified_multitask_training.py:284] - Epoch 117 | val price=2.8484 trend=0.0004 risk=0.4506 state=2.1806 acc=0.474
2025-12-12 17:17:45 - root - INFO - [unified_multitask_training.py:294] - HEAD: price_loss is lagging (loss 2.8484 vs median 1.3156).
2025-12-12 17:17:45 - root - INFO - [unified_multitask_training.py:294] - HEAD: state head accuracy is low (47.43%); check labels or class balance.
2025-12-12 17:17:45 - root - INFO - [unified_multitask_training.py:294] - HEAD: Consider increasing that head's loss weight or adding head-specific capacity.
2025-12-12 17:17:49 - root - INFO - [unified_multitask_training.py:284] - Epoch 118 | val price=3.0257 trend=0.0004 risk=0.4747 state=2.2282 acc=0.479
2025-12-12 17:17:49 - root - INFO - [unified_multitask_training.py:294] - HEAD: price_loss is lagging (loss 3.0257 vs median 1.3514).
2025-12-12 17:17:49 - root - INFO - [unified_multitask_training.py:294] - HEAD: state head accuracy is low (47.95%); check labels or class balance.
2025-12-12 17:17:49 - root - INFO - [unified_multitask_training.py:294] - HEAD: Consider increasing that head's loss weight or adding head-specific capacity.
2025-12-12 17:17:53 - root - INFO - [unified_multitask_training.py:284] - Epoch 119 | val price=2.8780 trend=0.0003 risk=0.4609 state=2.1105 acc=0.493
2025-12-12 17:17:53 - root - INFO - [unified_multitask_training.py:294] - HEAD: price_loss is lagging (loss 2.8780 vs median 1.2857).
2025-12-12 17:17:53 - root - INFO - [unified_multitask_training.py:294] - HEAD: state head accuracy is low (49.28%); check labels or class balance.
2025-12-12 17:17:53 - root - INFO - [unified_multitask_training.py:294] - HEAD: Consider increasing that head's loss weight or adding head-specific capacity.
2025-12-12 17:17:58 - root - INFO - [unified_multitask_training.py:284] - Epoch 120 | val price=2.9799 trend=0.0003 risk=0.4586 state=2.3413 acc=0.485
2025-12-12 17:17:58 - root - INFO - [unified_multitask_training.py:294] - HEAD: price_loss is lagging (loss 2.9799 vs median 1.4000).
2025-12-12 17:17:58 - root - INFO - [unified_multitask_training.py:294] - HEAD: state head accuracy is low (48.46%); check labels or class balance.
2025-12-12 17:17:58 - root - INFO - [unified_multitask_training.py:294] - HEAD: Consider increasing that head's loss weight or adding head-specific capacity.
2025-12-12 17:18:04 - root - INFO - [unified_multitask_training.py:284] - Epoch 121 | val price=2.7149 trend=0.0003 risk=0.4270 state=2.3522 acc=0.479
2025-12-12 17:18:04 - root - INFO - [unified_multitask_training.py:294] - HEAD: price_loss is lagging (loss 2.7149 vs median 1.3896).
2025-12-12 17:18:04 - root - INFO - [unified_multitask_training.py:294] - HEAD: state head accuracy is low (47.95%); check labels or class balance.
2025-12-12 17:18:04 - root - INFO - [unified_multitask_training.py:294] - HEAD: Consider increasing that head's loss weight or adding head-specific capacity.
2025-12-12 17:18:08 - root - INFO - [unified_multitask_training.py:284] - Epoch 122 | val price=2.9234 trend=0.0004 risk=0.4635 state=1.9998 acc=0.504
2025-12-12 17:18:08 - root - INFO - [unified_multitask_training.py:294] - HEAD: price_loss is lagging (loss 2.9234 vs median 1.2316).
2025-12-12 17:18:08 - root - INFO - [unified_multitask_training.py:294] - HEAD: state head accuracy: 50.41%.
2025-12-12 17:18:08 - root - INFO - [unified_multitask_training.py:294] - HEAD: Consider increasing that head's loss weight or adding head-specific capacity.
2025-12-12 17:18:12 - root - INFO - [unified_multitask_training.py:284] - Epoch 123 | val price=2.9642 trend=0.0003 risk=0.4882 state=2.0062 acc=0.497
2025-12-12 17:18:12 - root - INFO - [unified_multitask_training.py:294] - HEAD: price_loss is lagging (loss 2.9642 vs median 1.2472).
2025-12-12 17:18:12 - root - INFO - [unified_multitask_training.py:294] - HEAD: state head accuracy is low (49.69%); check labels or class balance.
2025-12-12 17:18:12 - root - INFO - [unified_multitask_training.py:294] - HEAD: Consider increasing that head's loss weight or adding head-specific capacity.
2025-12-12 17:18:16 - root - INFO - [unified_multitask_training.py:284] - Epoch 124 | val price=3.0397 trend=0.0003 risk=0.4862 state=2.3539 acc=0.468
2025-12-12 17:18:16 - root - INFO - [unified_multitask_training.py:294] - HEAD: price_loss is lagging (loss 3.0397 vs median 1.4201).
2025-12-12 17:18:16 - root - INFO - [unified_multitask_training.py:294] - HEAD: state head accuracy is low (46.82%); check labels or class balance.
2025-12-12 17:18:16 - root - INFO - [unified_multitask_training.py:294] - HEAD: Consider increasing that head's loss weight or adding head-specific capacity.
2025-12-12 17:18:20 - root - INFO - [unified_multitask_training.py:284] - Epoch 125 | val price=2.6692 trend=0.0005 risk=0.3907 state=1.7398 acc=0.524
2025-12-12 17:18:20 - root - INFO - [unified_multitask_training.py:294] - HEAD: price_loss is lagging (loss 2.6692 vs median 1.0653).
2025-12-12 17:18:20 - root - INFO - [unified_multitask_training.py:294] - HEAD: state head accuracy: 52.36%.
2025-12-12 17:18:20 - root - INFO - [unified_multitask_training.py:294] - HEAD: Consider increasing that head's loss weight or adding head-specific capacity.
2025-12-12 17:18:25 - root - INFO - [unified_multitask_training.py:284] - Epoch 126 | val price=2.6751 trend=0.0003 risk=0.3812 state=1.7901 acc=0.531
2025-12-12 17:18:25 - root - INFO - [unified_multitask_training.py:294] - HEAD: price_loss is lagging (loss 2.6751 vs median 1.0856).
2025-12-12 17:18:25 - root - INFO - [unified_multitask_training.py:294] - HEAD: state head accuracy: 53.08%.
2025-12-12 17:18:25 - root - INFO - [unified_multitask_training.py:294] - HEAD: Consider increasing that head's loss weight or adding head-specific capacity.
2025-12-12 17:18:30 - root - INFO - [unified_multitask_training.py:284] - Epoch 127 | val price=2.7711 trend=0.0003 risk=0.3696 state=2.3705 acc=0.468
2025-12-12 17:18:30 - root - INFO - [unified_multitask_training.py:294] - HEAD: price_loss is lagging (loss 2.7711 vs median 1.3700).
2025-12-12 17:18:30 - root - INFO - [unified_multitask_training.py:294] - HEAD: state head accuracy is low (46.82%); check labels or class balance.
2025-12-12 17:18:30 - root - INFO - [unified_multitask_training.py:294] - HEAD: Consider increasing that head's loss weight or adding head-specific capacity.
2025-12-12 17:18:34 - root - INFO - [unified_multitask_training.py:284] - Epoch 128 | val price=2.7205 trend=0.0003 risk=0.4430 state=1.7920 acc=0.532
2025-12-12 17:18:34 - root - INFO - [unified_multitask_training.py:294] - HEAD: price_loss is lagging (loss 2.7205 vs median 1.1175).
2025-12-12 17:18:34 - root - INFO - [unified_multitask_training.py:294] - HEAD: state head accuracy: 53.18%.
2025-12-12 17:18:34 - root - INFO - [unified_multitask_training.py:294] - HEAD: Consider increasing that head's loss weight or adding head-specific capacity.
2025-12-12 17:18:38 - root - INFO - [unified_multitask_training.py:284] - Epoch 129 | val price=2.7785 trend=0.0003 risk=0.4451 state=1.8854 acc=0.512
2025-12-12 17:18:38 - root - INFO - [unified_multitask_training.py:294] - HEAD: price_loss is lagging (loss 2.7785 vs median 1.1653).
2025-12-12 17:18:38 - root - INFO - [unified_multitask_training.py:294] - HEAD: state head accuracy: 51.23%.
2025-12-12 17:18:38 - root - INFO - [unified_multitask_training.py:294] - HEAD: Consider increasing that head's loss weight or adding head-specific capacity.
2025-12-12 17:18:42 - root - INFO - [unified_multitask_training.py:284] - Epoch 130 | val price=2.8916 trend=0.0003 risk=0.4384 state=1.5694 acc=0.530
2025-12-12 17:18:42 - root - INFO - [unified_multitask_training.py:294] - HEAD: price_loss is lagging (loss 2.8916 vs median 1.0039).
2025-12-12 17:18:42 - root - INFO - [unified_multitask_training.py:294] - HEAD: state head accuracy: 52.98%.
2025-12-12 17:18:42 - root - INFO - [unified_multitask_training.py:294] - HEAD: Consider increasing that head's loss weight or adding head-specific capacity.
2025-12-12 17:18:46 - root - INFO - [unified_multitask_training.py:284] - Epoch 131 | val price=2.7091 trend=0.0003 risk=0.3543 state=2.4699 acc=0.461
2025-12-12 17:18:46 - root - INFO - [unified_multitask_training.py:294] - HEAD: price_loss is lagging (loss 2.7091 vs median 1.4121).
2025-12-12 17:18:46 - root - INFO - [unified_multitask_training.py:294] - HEAD: state head accuracy is low (46.10%); check labels or class balance.
2025-12-12 17:18:46 - root - INFO - [unified_multitask_training.py:294] - HEAD: Consider increasing that head's loss weight or adding head-specific capacity.
2025-12-12 17:18:51 - root - INFO - [unified_multitask_training.py:284] - Epoch 132 | val price=2.9304 trend=0.0003 risk=0.4483 state=2.1982 acc=0.487
2025-12-12 17:18:51 - root - INFO - [unified_multitask_training.py:294] - HEAD: price_loss is lagging (loss 2.9304 vs median 1.3232).
2025-12-12 17:18:51 - root - INFO - [unified_multitask_training.py:294] - HEAD: state head accuracy is low (48.67%); check labels or class balance.
2025-12-12 17:18:51 - root - INFO - [unified_multitask_training.py:294] - HEAD: Consider increasing that head's loss weight or adding head-specific capacity.
2025-12-12 17:18:55 - root - INFO - [unified_multitask_training.py:284] - Epoch 133 | val price=2.8068 trend=0.0003 risk=0.4515 state=2.0047 acc=0.498
2025-12-12 17:18:55 - root - INFO - [unified_multitask_training.py:294] - HEAD: price_loss is lagging (loss 2.8068 vs median 1.2281).
2025-12-12 17:18:55 - root - INFO - [unified_multitask_training.py:294] - HEAD: state head accuracy is low (49.79%); check labels or class balance.
2025-12-12 17:18:55 - root - INFO - [unified_multitask_training.py:294] - HEAD: Consider increasing that head's loss weight or adding head-specific capacity.
2025-12-12 17:19:02 - root - INFO - [unified_multitask_training.py:284] - Epoch 134 | val price=2.7574 trend=0.0003 risk=0.4460 state=1.7704 acc=0.541
2025-12-12 17:19:02 - root - INFO - [unified_multitask_training.py:294] - HEAD: price_loss is lagging (loss 2.7574 vs median 1.1082).
2025-12-12 17:19:02 - root - INFO - [unified_multitask_training.py:294] - HEAD: state head accuracy: 54.11%.
2025-12-12 17:19:02 - root - INFO - [unified_multitask_training.py:294] - HEAD: Consider increasing that head's loss weight or adding head-specific capacity.
2025-12-12 17:19:10 - root - INFO - [unified_multitask_training.py:284] - Epoch 135 | val price=2.6968 trend=0.0003 risk=0.3543 state=2.2483 acc=0.466
2025-12-12 17:19:10 - root - INFO - [unified_multitask_training.py:294] - HEAD: price_loss is lagging (loss 2.6968 vs median 1.3013).
2025-12-12 17:19:10 - root - INFO - [unified_multitask_training.py:294] - HEAD: state head accuracy is low (46.61%); check labels or class balance.
2025-12-12 17:19:10 - root - INFO - [unified_multitask_training.py:294] - HEAD: Consider increasing that head's loss weight or adding head-specific capacity.
2025-12-12 17:19:16 - root - INFO - [unified_multitask_training.py:284] - Epoch 136 | val price=2.7774 trend=0.0003 risk=0.4115 state=2.0906 acc=0.487
2025-12-12 17:19:16 - root - INFO - [unified_multitask_training.py:294] - HEAD: price_loss is lagging (loss 2.7774 vs median 1.2510).
2025-12-12 17:19:16 - root - INFO - [unified_multitask_training.py:294] - HEAD: state head accuracy is low (48.67%); check labels or class balance.
2025-12-12 17:19:16 - root - INFO - [unified_multitask_training.py:294] - HEAD: Consider increasing that head's loss weight or adding head-specific capacity.
2025-12-12 17:19:20 - root - INFO - [unified_multitask_training.py:284] - Epoch 137 | val price=2.7253 trend=0.0003 risk=0.3561 state=2.4558 acc=0.462
2025-12-12 17:19:20 - root - INFO - [unified_multitask_training.py:294] - HEAD: price_loss is lagging (loss 2.7253 vs median 1.4060).
2025-12-12 17:19:20 - root - INFO - [unified_multitask_training.py:294] - HEAD: state head accuracy is low (46.20%); check labels or class balance.
2025-12-12 17:19:20 - root - INFO - [unified_multitask_training.py:294] - HEAD: Consider increasing that head's loss weight or adding head-specific capacity.
2025-12-12 17:19:24 - root - INFO - [unified_multitask_training.py:284] - Epoch 138 | val price=2.7617 trend=0.0003 risk=0.3714 state=2.0761 acc=0.488
2025-12-12 17:19:24 - root - INFO - [unified_multitask_training.py:294] - HEAD: price_loss is lagging (loss 2.7617 vs median 1.2238).
2025-12-12 17:19:24 - root - INFO - [unified_multitask_training.py:294] - HEAD: state head accuracy is low (48.77%); check labels or class balance.
2025-12-12 17:19:24 - root - INFO - [unified_multitask_training.py:294] - HEAD: Consider increasing that head's loss weight or adding head-specific capacity.
2025-12-12 17:19:29 - root - INFO - [unified_multitask_training.py:284] - Epoch 139 | val price=2.7618 trend=0.0003 risk=0.3564 state=2.3087 acc=0.476
2025-12-12 17:19:29 - root - INFO - [unified_multitask_training.py:294] - HEAD: price_loss is lagging (loss 2.7618 vs median 1.3326).
2025-12-12 17:19:29 - root - INFO - [unified_multitask_training.py:294] - HEAD: state head accuracy is low (47.64%); check labels or class balance.
2025-12-12 17:19:29 - root - INFO - [unified_multitask_training.py:294] - HEAD: Consider increasing that head's loss weight or adding head-specific capacity.
2025-12-12 17:19:33 - root - INFO - [unified_multitask_training.py:284] - Epoch 140 | val price=2.7255 trend=0.0003 risk=0.3569 state=2.0578 acc=0.500
2025-12-12 17:19:33 - root - INFO - [unified_multitask_training.py:294] - HEAD: price_loss is lagging (loss 2.7255 vs median 1.2073).
2025-12-12 17:19:33 - root - INFO - [unified_multitask_training.py:294] - HEAD: state head accuracy: 50.00%.
2025-12-12 17:19:33 - root - INFO - [unified_multitask_training.py:294] - HEAD: Consider increasing that head's loss weight or adding head-specific capacity.
2025-12-12 17:19:38 - root - INFO - [unified_multitask_training.py:284] - Epoch 141 | val price=2.5953 trend=0.0003 risk=0.3504 state=1.8072 acc=0.553
2025-12-12 17:19:38 - root - INFO - [unified_multitask_training.py:294] - HEAD: price_loss is lagging (loss 2.5953 vs median 1.0788).
2025-12-12 17:19:38 - root - INFO - [unified_multitask_training.py:294] - HEAD: state head accuracy: 55.34%.
2025-12-12 17:19:38 - root - INFO - [unified_multitask_training.py:294] - HEAD: Consider increasing that head's loss weight or adding head-specific capacity.
2025-12-12 17:19:43 - root - INFO - [unified_multitask_training.py:284] - Epoch 142 | val price=2.7895 trend=0.0003 risk=0.3593 state=2.6187 acc=0.459
2025-12-12 17:19:43 - root - INFO - [unified_multitask_training.py:294] - HEAD: price_loss is lagging (loss 2.7895 vs median 1.4890).
2025-12-12 17:19:43 - root - INFO - [unified_multitask_training.py:294] - HEAD: state head accuracy is low (45.89%); check labels or class balance.
2025-12-12 17:19:43 - root - INFO - [unified_multitask_training.py:294] - HEAD: Consider increasing that head's loss weight or adding head-specific capacity.
2025-12-12 17:19:47 - root - INFO - [unified_multitask_training.py:284] - Epoch 143 | val price=2.8317 trend=0.0004 risk=0.4506 state=1.9721 acc=0.511
2025-12-12 17:19:47 - root - INFO - [unified_multitask_training.py:294] - HEAD: price_loss is lagging (loss 2.8317 vs median 1.2113).
2025-12-12 17:19:47 - root - INFO - [unified_multitask_training.py:294] - HEAD: state head accuracy: 51.13%.
2025-12-12 17:19:47 - root - INFO - [unified_multitask_training.py:294] - HEAD: Consider increasing that head's loss weight or adding head-specific capacity.
2025-12-12 17:19:51 - root - INFO - [unified_multitask_training.py:284] - Epoch 144 | val price=2.6241 trend=0.0003 risk=0.3503 state=1.5966 acc=0.532
2025-12-12 17:19:51 - root - INFO - [unified_multitask_training.py:294] - HEAD: price_loss is lagging (loss 2.6241 vs median 0.9735).
2025-12-12 17:19:51 - root - INFO - [unified_multitask_training.py:294] - HEAD: state head accuracy: 53.18%.
2025-12-12 17:19:51 - root - INFO - [unified_multitask_training.py:294] - HEAD: Consider increasing that head's loss weight or adding head-specific capacity.
2025-12-12 17:19:55 - root - INFO - [unified_multitask_training.py:284] - Epoch 145 | val price=2.6428 trend=0.0003 risk=0.3549 state=1.8228 acc=0.542
2025-12-12 17:19:55 - root - INFO - [unified_multitask_training.py:294] - HEAD: price_loss is lagging (loss 2.6428 vs median 1.0888).
2025-12-12 17:19:55 - root - INFO - [unified_multitask_training.py:294] - HEAD: state head accuracy: 54.21%.
2025-12-12 17:19:55 - root - INFO - [unified_multitask_training.py:294] - HEAD: Consider increasing that head's loss weight or adding head-specific capacity.
2025-12-12 17:20:00 - root - INFO - [unified_multitask_training.py:284] - Epoch 146 | val price=2.8578 trend=0.0003 risk=0.3603 state=2.1763 acc=0.483
2025-12-12 17:20:00 - root - INFO - [unified_multitask_training.py:294] - HEAD: price_loss is lagging (loss 2.8578 vs median 1.2683).
2025-12-12 17:20:00 - root - INFO - [unified_multitask_training.py:294] - HEAD: state head accuracy is low (48.25%); check labels or class balance.
2025-12-12 17:20:00 - root - INFO - [unified_multitask_training.py:294] - HEAD: Consider increasing that head's loss weight or adding head-specific capacity.
2025-12-12 17:20:04 - root - INFO - [unified_multitask_training.py:284] - Epoch 147 | val price=2.7791 trend=0.0003 risk=0.3554 state=1.8464 acc=0.538
2025-12-12 17:20:04 - root - INFO - [unified_multitask_training.py:294] - HEAD: price_loss is lagging (loss 2.7791 vs median 1.1009).
2025-12-12 17:20:04 - root - INFO - [unified_multitask_training.py:294] - HEAD: state head accuracy: 53.80%.
2025-12-12 17:20:04 - root - INFO - [unified_multitask_training.py:294] - HEAD: Consider increasing that head's loss weight or adding head-specific capacity.
2025-12-12 17:20:08 - root - INFO - [unified_multitask_training.py:284] - Epoch 148 | val price=2.7087 trend=0.0004 risk=0.3500 state=1.9049 acc=0.511
2025-12-12 17:20:08 - root - INFO - [unified_multitask_training.py:294] - HEAD: price_loss is lagging (loss 2.7087 vs median 1.1274).
2025-12-12 17:20:08 - root - INFO - [unified_multitask_training.py:294] - HEAD: state head accuracy: 51.13%.
2025-12-12 17:20:08 - root - INFO - [unified_multitask_training.py:294] - HEAD: Consider increasing that head's loss weight or adding head-specific capacity.
2025-12-12 17:20:12 - root - INFO - [unified_multitask_training.py:284] - Epoch 149 | val price=2.6491 trend=0.0003 risk=0.3482 state=1.8187 acc=0.521
2025-12-12 17:20:12 - root - INFO - [unified_multitask_training.py:294] - HEAD: price_loss is lagging (loss 2.6491 vs median 1.0835).
2025-12-12 17:20:12 - root - INFO - [unified_multitask_training.py:294] - HEAD: state head accuracy: 52.05%.
2025-12-12 17:20:12 - root - INFO - [unified_multitask_training.py:294] - HEAD: Consider increasing that head's loss weight or adding head-specific capacity.
2025-12-12 17:20:19 - root - INFO - [unified_multitask_training.py:284] - Epoch 150 | val price=2.7371 trend=0.0004 risk=0.3507 state=2.0567 acc=0.504
2025-12-12 17:20:19 - root - INFO - [unified_multitask_training.py:294] - HEAD: price_loss is lagging (loss 2.7371 vs median 1.2037).
2025-12-12 17:20:19 - root - INFO - [unified_multitask_training.py:294] - HEAD: state head accuracy: 50.41%.
2025-12-12 17:20:19 - root - INFO - [unified_multitask_training.py:294] - HEAD: Consider increasing that head's loss weight or adding head-specific capacity.
2025-12-12 17:20:25 - root - INFO - [unified_multitask_training.py:284] - Epoch 151 | val price=2.6968 trend=0.0003 risk=0.3522 state=1.8797 acc=0.527
2025-12-12 17:20:25 - root - INFO - [unified_multitask_training.py:294] - HEAD: price_loss is lagging (loss 2.6968 vs median 1.1160).
2025-12-12 17:20:25 - root - INFO - [unified_multitask_training.py:294] - HEAD: state head accuracy: 52.67%.
2025-12-12 17:20:25 - root - INFO - [unified_multitask_training.py:294] - HEAD: Consider increasing that head's loss weight or adding head-specific capacity.
2025-12-12 17:20:32 - root - INFO - [unified_multitask_training.py:284] - Epoch 152 | val price=2.7439 trend=0.0003 risk=0.3563 state=2.5232 acc=0.464
2025-12-12 17:20:32 - root - INFO - [unified_multitask_training.py:294] - HEAD: price_loss is lagging (loss 2.7439 vs median 1.4398).
2025-12-12 17:20:32 - root - INFO - [unified_multitask_training.py:294] - HEAD: state head accuracy is low (46.41%); check labels or class balance.
2025-12-12 17:20:32 - root - INFO - [unified_multitask_training.py:294] - HEAD: Consider increasing that head's loss weight or adding head-specific capacity.
2025-12-12 17:20:36 - root - INFO - [unified_multitask_training.py:284] - Epoch 153 | val price=2.6476 trend=0.0003 risk=0.3531 state=2.4417 acc=0.463
2025-12-12 17:20:36 - root - INFO - [unified_multitask_training.py:294] - HEAD: price_loss is lagging (loss 2.6476 vs median 1.3974).
2025-12-12 17:20:36 - root - INFO - [unified_multitask_training.py:294] - HEAD: state head accuracy is low (46.30%); check labels or class balance.
2025-12-12 17:20:36 - root - INFO - [unified_multitask_training.py:294] - HEAD: Consider increasing that head's loss weight or adding head-specific capacity.
2025-12-12 17:20:40 - root - INFO - [unified_multitask_training.py:284] - Epoch 154 | val price=2.7141 trend=0.0003 risk=0.3597 state=2.1999 acc=0.485
2025-12-12 17:20:40 - root - INFO - [unified_multitask_training.py:294] - HEAD: price_loss is lagging (loss 2.7141 vs median 1.2798).
2025-12-12 17:20:40 - root - INFO - [unified_multitask_training.py:294] - HEAD: state head accuracy is low (48.46%); check labels or class balance.
2025-12-12 17:20:40 - root - INFO - [unified_multitask_training.py:294] - HEAD: Consider increasing that head's loss weight or adding head-specific capacity.
2025-12-12 17:20:45 - root - INFO - [unified_multitask_training.py:284] - Epoch 155 | val price=2.7568 trend=0.0003 risk=0.4369 state=2.1292 acc=0.496
2025-12-12 17:20:45 - root - INFO - [unified_multitask_training.py:294] - HEAD: price_loss is lagging (loss 2.7568 vs median 1.2831).
2025-12-12 17:20:45 - root - INFO - [unified_multitask_training.py:294] - HEAD: state head accuracy is low (49.59%); check labels or class balance.
2025-12-12 17:20:45 - root - INFO - [unified_multitask_training.py:294] - HEAD: Consider increasing that head's loss weight or adding head-specific capacity.
2025-12-12 17:20:49 - root - INFO - [unified_multitask_training.py:284] - Epoch 156 | val price=2.6106 trend=0.0004 risk=0.3575 state=2.1890 acc=0.501
2025-12-12 17:20:49 - root - INFO - [unified_multitask_training.py:294] - HEAD: price_loss is lagging (loss 2.6106 vs median 1.2732).
2025-12-12 17:20:49 - root - INFO - [unified_multitask_training.py:294] - HEAD: state head accuracy: 50.10%.
2025-12-12 17:20:49 - root - INFO - [unified_multitask_training.py:294] - HEAD: Consider increasing that head's loss weight or adding head-specific capacity.
2025-12-12 17:20:53 - root - INFO - [unified_multitask_training.py:284] - Epoch 157 | val price=2.5691 trend=0.0003 risk=0.3443 state=1.7430 acc=0.560
2025-12-12 17:20:53 - root - INFO - [unified_multitask_training.py:294] - HEAD: price_loss is lagging (loss 2.5691 vs median 1.0437).
2025-12-12 17:20:53 - root - INFO - [unified_multitask_training.py:294] - HEAD: state head accuracy: 55.95%.
2025-12-12 17:20:53 - root - INFO - [unified_multitask_training.py:294] - HEAD: Consider increasing that head's loss weight or adding head-specific capacity.
2025-12-12 17:20:57 - root - INFO - [unified_multitask_training.py:284] - Epoch 158 | val price=2.6986 trend=0.0003 risk=0.3544 state=2.6926 acc=0.457
2025-12-12 17:20:57 - root - INFO - [unified_multitask_training.py:294] - HEAD: price_loss is lagging (loss 2.6986 vs median 1.5235).
2025-12-12 17:20:57 - root - INFO - [unified_multitask_training.py:294] - HEAD: state head accuracy is low (45.69%); check labels or class balance.
2025-12-12 17:20:57 - root - INFO - [unified_multitask_training.py:294] - HEAD: Consider increasing that head's loss weight or adding head-specific capacity.
2025-12-12 17:21:01 - root - INFO - [unified_multitask_training.py:284] - Epoch 159 | val price=2.5025 trend=0.0003 risk=0.3467 state=1.8562 acc=0.564
2025-12-12 17:21:01 - root - INFO - [unified_multitask_training.py:294] - HEAD: price_loss is lagging (loss 2.5025 vs median 1.1015).
2025-12-12 17:21:01 - root - INFO - [unified_multitask_training.py:294] - HEAD: state head accuracy: 56.37%.
2025-12-12 17:21:01 - root - INFO - [unified_multitask_training.py:294] - HEAD: Consider increasing that head's loss weight or adding head-specific capacity.
2025-12-12 17:21:05 - root - INFO - [unified_multitask_training.py:284] - Epoch 160 | val price=2.4340 trend=0.0014 risk=0.3400 state=1.4643 acc=0.553
2025-12-12 17:21:05 - root - INFO - [unified_multitask_training.py:294] - HEAD: price_loss is lagging (loss 2.4340 vs median 0.9021).
2025-12-12 17:21:05 - root - INFO - [unified_multitask_training.py:294] - HEAD: state head accuracy: 55.34%.
2025-12-12 17:21:05 - root - INFO - [unified_multitask_training.py:294] - HEAD: Consider increasing that head's loss weight or adding head-specific capacity.
2025-12-12 17:21:09 - root - INFO - [unified_multitask_training.py:284] - Epoch 161 | val price=2.5098 trend=0.0003 risk=0.3450 state=1.7227 acc=0.567
2025-12-12 17:21:09 - root - INFO - [unified_multitask_training.py:294] - HEAD: price_loss is lagging (loss 2.5098 vs median 1.0338).
2025-12-12 17:21:09 - root - INFO - [unified_multitask_training.py:294] - HEAD: state head accuracy: 56.67%.
2025-12-12 17:21:09 - root - INFO - [unified_multitask_training.py:294] - HEAD: Consider increasing that head's loss weight or adding head-specific capacity.
2025-12-12 17:21:13 - root - INFO - [unified_multitask_training.py:284] - Epoch 162 | val price=2.6547 trend=0.0003 risk=0.3475 state=1.9604 acc=0.516
2025-12-12 17:21:13 - root - INFO - [unified_multitask_training.py:294] - HEAD: price_loss is lagging (loss 2.6547 vs median 1.1539).
2025-12-12 17:21:13 - root - INFO - [unified_multitask_training.py:294] - HEAD: state head accuracy: 51.64%.
2025-12-12 17:21:13 - root - INFO - [unified_multitask_training.py:294] - HEAD: Consider increasing that head's loss weight or adding head-specific capacity.
2025-12-12 17:21:17 - root - INFO - [unified_multitask_training.py:284] - Epoch 163 | val price=2.6276 trend=0.0003 risk=0.3463 state=1.9437 acc=0.524
2025-12-12 17:21:17 - root - INFO - [unified_multitask_training.py:294] - HEAD: price_loss is lagging (loss 2.6276 vs median 1.1450).
2025-12-12 17:21:17 - root - INFO - [unified_multitask_training.py:294] - HEAD: state head accuracy: 52.36%.
2025-12-12 17:21:17 - root - INFO - [unified_multitask_training.py:294] - HEAD: Consider increasing that head's loss weight or adding head-specific capacity.
2025-12-12 17:21:21 - root - INFO - [unified_multitask_training.py:284] - Epoch 164 | val price=2.5838 trend=0.0004 risk=0.3453 state=1.9684 acc=0.555
2025-12-12 17:21:21 - root - INFO - [unified_multitask_training.py:294] - HEAD: price_loss is lagging (loss 2.5838 vs median 1.1568).
2025-12-12 17:21:21 - root - INFO - [unified_multitask_training.py:294] - HEAD: state head accuracy: 55.54%.
2025-12-12 17:21:21 - root - INFO - [unified_multitask_training.py:294] - HEAD: Consider increasing that head's loss weight or adding head-specific capacity.
2025-12-12 17:21:25 - root - INFO - [unified_multitask_training.py:284] - Epoch 165 | val price=2.6666 trend=0.0004 risk=0.3493 state=2.1505 acc=0.497
2025-12-12 17:21:25 - root - INFO - [unified_multitask_training.py:294] - HEAD: price_loss is lagging (loss 2.6666 vs median 1.2499).
2025-12-12 17:21:25 - root - INFO - [unified_multitask_training.py:294] - HEAD: state head accuracy is low (49.69%); check labels or class balance.
2025-12-12 17:21:25 - root - INFO - [unified_multitask_training.py:294] - HEAD: Consider increasing that head's loss weight or adding head-specific capacity.
2025-12-12 17:21:29 - root - INFO - [unified_multitask_training.py:284] - Epoch 166 | val price=2.5466 trend=0.0003 risk=0.3431 state=1.7510 acc=0.531
2025-12-12 17:21:29 - root - INFO - [unified_multitask_training.py:294] - HEAD: price_loss is lagging (loss 2.5466 vs median 1.0471).
2025-12-12 17:21:29 - root - INFO - [unified_multitask_training.py:294] - HEAD: state head accuracy: 53.08%.
2025-12-12 17:21:29 - root - INFO - [unified_multitask_training.py:294] - HEAD: Consider increasing that head's loss weight or adding head-specific capacity.
2025-12-12 17:21:33 - root - INFO - [unified_multitask_training.py:284] - Epoch 167 | val price=2.7178 trend=0.0003 risk=0.3505 state=2.1907 acc=0.490
2025-12-12 17:21:33 - root - INFO - [unified_multitask_training.py:294] - HEAD: price_loss is lagging (loss 2.7178 vs median 1.2706).
2025-12-12 17:21:33 - root - INFO - [unified_multitask_training.py:294] - HEAD: state head accuracy is low (48.97%); check labels or class balance.
2025-12-12 17:21:33 - root - INFO - [unified_multitask_training.py:294] - HEAD: Consider increasing that head's loss weight or adding head-specific capacity.
2025-12-12 17:21:37 - root - INFO - [unified_multitask_training.py:284] - Epoch 168 | val price=2.5671 trend=0.0003 risk=0.3461 state=1.9983 acc=0.535
2025-12-12 17:21:37 - root - INFO - [unified_multitask_training.py:294] - HEAD: price_loss is lagging (loss 2.5671 vs median 1.1722).
2025-12-12 17:21:37 - root - INFO - [unified_multitask_training.py:294] - HEAD: state head accuracy: 53.49%.
2025-12-12 17:21:37 - root - INFO - [unified_multitask_training.py:294] - HEAD: Consider increasing that head's loss weight or adding head-specific capacity.
2025-12-12 17:21:41 - root - INFO - [unified_multitask_training.py:284] - Epoch 169 | val price=2.6844 trend=0.0005 risk=0.3509 state=2.3874 acc=0.480
2025-12-12 17:21:41 - root - INFO - [unified_multitask_training.py:294] - HEAD: price_loss is lagging (loss 2.6844 vs median 1.3691).
2025-12-12 17:21:41 - root - INFO - [unified_multitask_training.py:294] - HEAD: state head accuracy is low (48.05%); check labels or class balance.
2025-12-12 17:21:41 - root - INFO - [unified_multitask_training.py:294] - HEAD: Consider increasing that head's loss weight or adding head-specific capacity.
2025-12-12 17:21:45 - root - INFO - [unified_multitask_training.py:284] - Epoch 170 | val price=2.5666 trend=0.0005 risk=0.3454 state=1.8723 acc=0.532
2025-12-12 17:21:45 - root - INFO - [unified_multitask_training.py:294] - HEAD: price_loss is lagging (loss 2.5666 vs median 1.1089).
2025-12-12 17:21:45 - root - INFO - [unified_multitask_training.py:294] - HEAD: state head accuracy: 53.18%.
2025-12-12 17:21:45 - root - INFO - [unified_multitask_training.py:294] - HEAD: Consider increasing that head's loss weight or adding head-specific capacity.
2025-12-12 17:21:49 - root - INFO - [unified_multitask_training.py:284] - Epoch 171 | val price=2.5308 trend=0.0003 risk=0.3416 state=1.6530 acc=0.538
2025-12-12 17:21:49 - root - INFO - [unified_multitask_training.py:294] - HEAD: price_loss is lagging (loss 2.5308 vs median 0.9973).
2025-12-12 17:21:49 - root - INFO - [unified_multitask_training.py:294] - HEAD: state head accuracy: 53.80%.
2025-12-12 17:21:49 - root - INFO - [unified_multitask_training.py:294] - HEAD: Consider increasing that head's loss weight or adding head-specific capacity.
2025-12-12 17:21:53 - root - INFO - [unified_multitask_training.py:284] - Epoch 172 | val price=2.6204 trend=0.0003 risk=0.3464 state=1.9957 acc=0.525
2025-12-12 17:21:53 - root - INFO - [unified_multitask_training.py:294] - HEAD: price_loss is lagging (loss 2.6204 vs median 1.1711).
2025-12-12 17:21:53 - root - INFO - [unified_multitask_training.py:294] - HEAD: state head accuracy: 52.46%.
2025-12-12 17:21:53 - root - INFO - [unified_multitask_training.py:294] - HEAD: Consider increasing that head's loss weight or adding head-specific capacity.
2025-12-12 17:21:57 - root - INFO - [unified_multitask_training.py:284] - Epoch 173 | val price=2.6358 trend=0.0004 risk=0.3488 state=2.5165 acc=0.491
2025-12-12 17:21:57 - root - INFO - [unified_multitask_training.py:294] - HEAD: price_loss is lagging (loss 2.6358 vs median 1.4327).
2025-12-12 17:21:57 - root - INFO - [unified_multitask_training.py:294] - HEAD: state head accuracy is low (49.08%); check labels or class balance.
2025-12-12 17:21:57 - root - INFO - [unified_multitask_training.py:294] - HEAD: Consider increasing that head's loss weight or adding head-specific capacity.
2025-12-12 17:22:01 - root - INFO - [unified_multitask_training.py:284] - Epoch 174 | val price=2.7261 trend=0.0003 risk=0.3479 state=2.5557 acc=0.495
2025-12-12 17:22:01 - root - INFO - [unified_multitask_training.py:294] - HEAD: price_loss is lagging (loss 2.7261 vs median 1.4518).
2025-12-12 17:22:01 - root - INFO - [unified_multitask_training.py:294] - HEAD: state head accuracy is low (49.49%); check labels or class balance.
2025-12-12 17:22:01 - root - INFO - [unified_multitask_training.py:294] - HEAD: Consider increasing that head's loss weight or adding head-specific capacity.
2025-12-12 17:22:05 - root - INFO - [unified_multitask_training.py:284] - Epoch 175 | val price=2.5598 trend=0.0003 risk=0.3420 state=1.8350 acc=0.566
2025-12-12 17:22:05 - root - INFO - [unified_multitask_training.py:294] - HEAD: price_loss is lagging (loss 2.5598 vs median 1.0885).
2025-12-12 17:22:05 - root - INFO - [unified_multitask_training.py:294] - HEAD: state head accuracy: 56.57%.
2025-12-12 17:22:05 - root - INFO - [unified_multitask_training.py:294] - HEAD: Consider increasing that head's loss weight or adding head-specific capacity.
2025-12-12 17:22:10 - root - INFO - [unified_multitask_training.py:284] - Epoch 176 | val price=2.6363 trend=0.0004 risk=0.3461 state=2.2320 acc=0.516
2025-12-12 17:22:10 - root - INFO - [unified_multitask_training.py:294] - HEAD: price_loss is lagging (loss 2.6363 vs median 1.2891).
2025-12-12 17:22:10 - root - INFO - [unified_multitask_training.py:294] - HEAD: state head accuracy: 51.64%.
2025-12-12 17:22:10 - root - INFO - [unified_multitask_training.py:294] - HEAD: Consider increasing that head's loss weight or adding head-specific capacity.
2025-12-12 17:22:14 - root - INFO - [unified_multitask_training.py:284] - Epoch 177 | val price=2.6590 trend=0.0003 risk=0.3484 state=2.2530 acc=0.504
2025-12-12 17:22:14 - root - INFO - [unified_multitask_training.py:294] - HEAD: price_loss is lagging (loss 2.6590 vs median 1.3007).
2025-12-12 17:22:14 - root - INFO - [unified_multitask_training.py:294] - HEAD: state head accuracy: 50.41%.
2025-12-12 17:22:14 - root - INFO - [unified_multitask_training.py:294] - HEAD: Consider increasing that head's loss weight or adding head-specific capacity.
2025-12-12 17:22:18 - root - INFO - [unified_multitask_training.py:284] - Epoch 178 | val price=2.5894 trend=0.0003 risk=0.3464 state=2.4372 acc=0.497
2025-12-12 17:22:18 - root - INFO - [unified_multitask_training.py:294] - HEAD: price_loss is lagging (loss 2.5894 vs median 1.3918).
2025-12-12 17:22:18 - root - INFO - [unified_multitask_training.py:294] - HEAD: state head accuracy is low (49.69%); check labels or class balance.
2025-12-12 17:22:18 - root - INFO - [unified_multitask_training.py:294] - HEAD: Consider increasing that head's loss weight or adding head-specific capacity.
2025-12-12 17:22:22 - root - INFO - [unified_multitask_training.py:284] - Epoch 179 | val price=2.6216 trend=0.0003 risk=0.3458 state=2.2141 acc=0.525
2025-12-12 17:22:22 - root - INFO - [unified_multitask_training.py:294] - HEAD: price_loss is lagging (loss 2.6216 vs median 1.2799).
2025-12-12 17:22:22 - root - INFO - [unified_multitask_training.py:294] - HEAD: state head accuracy: 52.46%.
2025-12-12 17:22:22 - root - INFO - [unified_multitask_training.py:294] - HEAD: Consider increasing that head's loss weight or adding head-specific capacity.
2025-12-12 17:22:26 - root - INFO - [unified_multitask_training.py:284] - Epoch 180 | val price=2.5958 trend=0.0003 risk=0.3466 state=2.2361 acc=0.517
2025-12-12 17:22:26 - root - INFO - [unified_multitask_training.py:294] - HEAD: price_loss is lagging (loss 2.5958 vs median 1.2913).
2025-12-12 17:22:26 - root - INFO - [unified_multitask_training.py:294] - HEAD: state head accuracy: 51.75%.
2025-12-12 17:22:26 - root - INFO - [unified_multitask_training.py:294] - HEAD: Consider increasing that head's loss weight or adding head-specific capacity.
2025-12-12 17:22:30 - root - INFO - [unified_multitask_training.py:284] - Epoch 181 | val price=2.6217 trend=0.0003 risk=0.3466 state=2.5073 acc=0.504
2025-12-12 17:22:30 - root - INFO - [unified_multitask_training.py:294] - HEAD: price_loss is lagging (loss 2.6217 vs median 1.4269).
2025-12-12 17:22:30 - root - INFO - [unified_multitask_training.py:294] - HEAD: state head accuracy: 50.41%.
2025-12-12 17:22:30 - root - INFO - [unified_multitask_training.py:294] - HEAD: Consider increasing that head's loss weight or adding head-specific capacity.
2025-12-12 17:22:34 - root - INFO - [unified_multitask_training.py:284] - Epoch 182 | val price=2.5754 trend=0.0003 risk=0.3489 state=2.5250 acc=0.476
2025-12-12 17:22:34 - root - INFO - [unified_multitask_training.py:294] - HEAD: price_loss is lagging (loss 2.5754 vs median 1.4370).
2025-12-12 17:22:34 - root - INFO - [unified_multitask_training.py:294] - HEAD: state head accuracy is low (47.64%); check labels or class balance.
2025-12-12 17:22:34 - root - INFO - [unified_multitask_training.py:294] - HEAD: Consider increasing that head's loss weight or adding head-specific capacity.
2025-12-12 17:22:38 - root - INFO - [unified_multitask_training.py:284] - Epoch 183 | val price=2.5195 trend=0.0003 risk=0.3410 state=1.7268 acc=0.550
2025-12-12 17:22:38 - root - INFO - [unified_multitask_training.py:294] - HEAD: price_loss is lagging (loss 2.5195 vs median 1.0339).
2025-12-12 17:22:38 - root - INFO - [unified_multitask_training.py:294] - HEAD: state head accuracy: 55.03%.
2025-12-12 17:22:38 - root - INFO - [unified_multitask_training.py:294] - HEAD: Consider increasing that head's loss weight or adding head-specific capacity.
2025-12-12 17:22:42 - root - INFO - [unified_multitask_training.py:284] - Epoch 184 | val price=2.6272 trend=0.0003 risk=0.3430 state=1.8009 acc=0.569
2025-12-12 17:22:42 - root - INFO - [unified_multitask_training.py:294] - HEAD: price_loss is lagging (loss 2.6272 vs median 1.0720).
2025-12-12 17:22:42 - root - INFO - [unified_multitask_training.py:294] - HEAD: state head accuracy: 56.88%.
2025-12-12 17:22:42 - root - INFO - [unified_multitask_training.py:294] - HEAD: Consider increasing that head's loss weight or adding head-specific capacity.
2025-12-12 17:22:46 - root - INFO - [unified_multitask_training.py:284] - Epoch 185 | val price=2.6002 trend=0.0003 risk=0.3455 state=2.2234 acc=0.518
2025-12-12 17:22:46 - root - INFO - [unified_multitask_training.py:294] - HEAD: price_loss is lagging (loss 2.6002 vs median 1.2845).
2025-12-12 17:22:46 - root - INFO - [unified_multitask_training.py:294] - HEAD: state head accuracy: 51.85%.
2025-12-12 17:22:46 - root - INFO - [unified_multitask_training.py:294] - HEAD: Consider increasing that head's loss weight or adding head-specific capacity.
2025-12-12 17:22:50 - root - INFO - [unified_multitask_training.py:284] - Epoch 186 | val price=2.6453 trend=0.0003 risk=0.3446 state=2.1729 acc=0.549
2025-12-12 17:22:50 - root - INFO - [unified_multitask_training.py:294] - HEAD: price_loss is lagging (loss 2.6453 vs median 1.2587).
2025-12-12 17:22:50 - root - INFO - [unified_multitask_training.py:294] - HEAD: state head accuracy: 54.93%.
2025-12-12 17:22:50 - root - INFO - [unified_multitask_training.py:294] - HEAD: Consider increasing that head's loss weight or adding head-specific capacity.
2025-12-12 17:22:54 - root - INFO - [unified_multitask_training.py:284] - Epoch 187 | val price=2.6434 trend=0.0003 risk=0.3458 state=2.3520 acc=0.506
2025-12-12 17:22:54 - root - INFO - [unified_multitask_training.py:294] - HEAD: price_loss is lagging (loss 2.6434 vs median 1.3489).
2025-12-12 17:22:54 - root - INFO - [unified_multitask_training.py:294] - HEAD: state head accuracy: 50.62%.
2025-12-12 17:22:54 - root - INFO - [unified_multitask_training.py:294] - HEAD: Consider increasing that head's loss weight or adding head-specific capacity.
2025-12-12 17:22:58 - root - INFO - [unified_multitask_training.py:284] - Epoch 188 | val price=2.5357 trend=0.0003 risk=0.3414 state=1.9715 acc=0.543
2025-12-12 17:22:58 - root - INFO - [unified_multitask_training.py:294] - HEAD: price_loss is lagging (loss 2.5357 vs median 1.1565).
2025-12-12 17:22:58 - root - INFO - [unified_multitask_training.py:294] - HEAD: state head accuracy: 54.31%.
2025-12-12 17:22:58 - root - INFO - [unified_multitask_training.py:294] - HEAD: Consider increasing that head's loss weight or adding head-specific capacity.
2025-12-12 17:23:02 - root - INFO - [unified_multitask_training.py:284] - Epoch 189 | val price=2.6475 trend=0.0003 risk=0.3472 state=2.5150 acc=0.523
2025-12-12 17:23:02 - root - INFO - [unified_multitask_training.py:294] - HEAD: price_loss is lagging (loss 2.6475 vs median 1.4311).
2025-12-12 17:23:02 - root - INFO - [unified_multitask_training.py:294] - HEAD: state head accuracy: 52.26%.
2025-12-12 17:23:02 - root - INFO - [unified_multitask_training.py:294] - HEAD: Consider increasing that head's loss weight or adding head-specific capacity.
2025-12-12 17:23:06 - root - INFO - [unified_multitask_training.py:284] - Epoch 190 | val price=2.6763 trend=0.0004 risk=0.3466 state=2.4194 acc=0.505
2025-12-12 17:23:06 - root - INFO - [unified_multitask_training.py:294] - HEAD: price_loss is lagging (loss 2.6763 vs median 1.3830).
2025-12-12 17:23:06 - root - INFO - [unified_multitask_training.py:294] - HEAD: state head accuracy: 50.51%.
2025-12-12 17:23:06 - root - INFO - [unified_multitask_training.py:294] - HEAD: Consider increasing that head's loss weight or adding head-specific capacity.
2025-12-12 17:23:10 - root - INFO - [unified_multitask_training.py:284] - Epoch 191 | val price=2.6020 trend=0.0004 risk=0.3457 state=2.1449 acc=0.540
2025-12-12 17:23:10 - root - INFO - [unified_multitask_training.py:294] - HEAD: price_loss is lagging (loss 2.6020 vs median 1.2453).
2025-12-12 17:23:10 - root - INFO - [unified_multitask_training.py:294] - HEAD: state head accuracy: 54.00%.
2025-12-12 17:23:10 - root - INFO - [unified_multitask_training.py:294] - HEAD: Consider increasing that head's loss weight or adding head-specific capacity.
2025-12-12 17:23:14 - root - INFO - [unified_multitask_training.py:284] - Epoch 192 | val price=2.7047 trend=0.0004 risk=0.3436 state=2.0931 acc=0.536
2025-12-12 17:23:14 - root - INFO - [unified_multitask_training.py:294] - HEAD: price_loss is lagging (loss 2.7047 vs median 1.2183).
2025-12-12 17:23:14 - root - INFO - [unified_multitask_training.py:294] - HEAD: state head accuracy: 53.59%.
2025-12-12 17:23:14 - root - INFO - [unified_multitask_training.py:294] - HEAD: Consider increasing that head's loss weight or adding head-specific capacity.
2025-12-12 17:23:18 - root - INFO - [unified_multitask_training.py:284] - Epoch 193 | val price=2.6355 trend=0.0003 risk=0.3460 state=2.3729 acc=0.493
2025-12-12 17:23:18 - root - INFO - [unified_multitask_training.py:294] - HEAD: price_loss is lagging (loss 2.6355 vs median 1.3594).
2025-12-12 17:23:18 - root - INFO - [unified_multitask_training.py:294] - HEAD: state head accuracy is low (49.28%); check labels or class balance.
2025-12-12 17:23:18 - root - INFO - [unified_multitask_training.py:294] - HEAD: Consider increasing that head's loss weight or adding head-specific capacity.
2025-12-12 17:23:23 - root - INFO - [unified_multitask_training.py:284] - Epoch 194 | val price=2.6244 trend=0.0003 risk=0.3440 state=2.3155 acc=0.510
2025-12-12 17:23:23 - root - INFO - [unified_multitask_training.py:294] - HEAD: price_loss is lagging (loss 2.6244 vs median 1.3298).
2025-12-12 17:23:23 - root - INFO - [unified_multitask_training.py:294] - HEAD: state head accuracy: 51.03%.
2025-12-12 17:23:23 - root - INFO - [unified_multitask_training.py:294] - HEAD: Consider increasing that head's loss weight or adding head-specific capacity.
2025-12-12 17:23:27 - root - INFO - [unified_multitask_training.py:284] - Epoch 195 | val price=2.5623 trend=0.0003 risk=0.3434 state=2.2028 acc=0.528
2025-12-12 17:23:27 - root - INFO - [unified_multitask_training.py:294] - HEAD: price_loss is lagging (loss 2.5623 vs median 1.2731).
2025-12-12 17:23:27 - root - INFO - [unified_multitask_training.py:294] - HEAD: state head accuracy: 52.77%.
2025-12-12 17:23:27 - root - INFO - [unified_multitask_training.py:294] - HEAD: Consider increasing that head's loss weight or adding head-specific capacity.
2025-12-12 17:23:31 - root - INFO - [unified_multitask_training.py:284] - Epoch 196 | val price=2.5286 trend=0.0004 risk=0.3392 state=1.7031 acc=0.543
2025-12-12 17:23:31 - root - INFO - [unified_multitask_training.py:294] - HEAD: price_loss is lagging (loss 2.5286 vs median 1.0211).
2025-12-12 17:23:31 - root - INFO - [unified_multitask_training.py:294] - HEAD: state head accuracy: 54.31%.
2025-12-12 17:23:31 - root - INFO - [unified_multitask_training.py:294] - HEAD: Consider increasing that head's loss weight or adding head-specific capacity.
2025-12-12 17:23:35 - root - INFO - [unified_multitask_training.py:284] - Epoch 197 | val price=2.6023 trend=0.0004 risk=0.3438 state=2.0276 acc=0.540
2025-12-12 17:23:35 - root - INFO - [unified_multitask_training.py:294] - HEAD: price_loss is lagging (loss 2.6023 vs median 1.1857).
2025-12-12 17:23:35 - root - INFO - [unified_multitask_training.py:294] - HEAD: state head accuracy: 54.00%.
2025-12-12 17:23:35 - root - INFO - [unified_multitask_training.py:294] - HEAD: Consider increasing that head's loss weight or adding head-specific capacity.
2025-12-12 17:23:39 - root - INFO - [unified_multitask_training.py:284] - Epoch 198 | val price=2.6030 trend=0.0003 risk=0.3417 state=1.9343 acc=0.546
2025-12-12 17:23:39 - root - INFO - [unified_multitask_training.py:294] - HEAD: price_loss is lagging (loss 2.6030 vs median 1.1380).
2025-12-12 17:23:39 - root - INFO - [unified_multitask_training.py:294] - HEAD: state head accuracy: 54.62%.
2025-12-12 17:23:39 - root - INFO - [unified_multitask_training.py:294] - HEAD: Consider increasing that head's loss weight or adding head-specific capacity.
2025-12-12 17:23:43 - root - INFO - [unified_multitask_training.py:284] - Epoch 199 | val price=2.6200 trend=0.0003 risk=0.3448 state=2.2803 acc=0.527
2025-12-12 17:23:43 - root - INFO - [unified_multitask_training.py:294] - HEAD: price_loss is lagging (loss 2.6200 vs median 1.3126).
2025-12-12 17:23:43 - root - INFO - [unified_multitask_training.py:294] - HEAD: state head accuracy: 52.67%.
2025-12-12 17:23:43 - root - INFO - [unified_multitask_training.py:294] - HEAD: Consider increasing that head's loss weight or adding head-specific capacity.
2025-12-12 17:23:47 - root - INFO - [unified_multitask_training.py:284] - Epoch 200 | val price=2.6038 trend=0.0003 risk=0.3442 state=2.2749 acc=0.547
2025-12-12 17:23:47 - root - INFO - [unified_multitask_training.py:294] - HEAD: price_loss is lagging (loss 2.6038 vs median 1.3095).
2025-12-12 17:23:47 - root - INFO - [unified_multitask_training.py:294] - HEAD: state head accuracy: 54.72%.
2025-12-12 17:23:47 - root - INFO - [unified_multitask_training.py:294] - HEAD: Consider increasing that head's loss weight or adding head-specific capacity.
2025-12-12 17:42:05 - neural_network_integrator_enhanced - INFO - [neural_network_integrator_enhanced.py:55] - NeuralNetworkIntegrator initialized on cpu
2025-12-12 17:42:05 - reasoning_enhanced - INFO - [reasoning_enhanced.py:42] - ReasoningEngine initialized
2025-12-12 17:42:05 - neural_network_integrator_enhanced - INFO - [neural_network_integrator_enhanced.py:118] - Unified engine set for integration
2025-12-12 17:42:05 - data_loader - INFO - [data_loader.py:103] - Loading text data from /var/folders/cw/f0_9d8qd70vfntrkx_x2ttt00000gn/T/tmppsseliz6/text.csv
2025-12-12 17:42:05 - data_loader - INFO - [data_loader.py:103] - Loading text data from /var/folders/cw/f0_9d8qd70vfntrkx_x2ttt00000gn/T/tmpffucl8r0/text.csv
2025-12-12 17:42:05 - utils - ERROR - [utils.py:166] - Configuration file is empty: /var/folders/cw/f0_9d8qd70vfntrkx_x2ttt00000gn/T/tmp8628uyao/empty.yaml
2025-12-12 17:42:05 - utils - ERROR - [utils.py:183] - Unexpected error loading configuration: Configuration file is empty: /var/folders/cw/f0_9d8qd70vfntrkx_x2ttt00000gn/T/tmp8628uyao/empty.yaml
2025-12-12 17:42:05 - utils - ERROR - [utils.py:180] - Error parsing YAML file: mapping values are not allowed here
  in "/var/folders/cw/f0_9d8qd70vfntrkx_x2ttt00000gn/T/tmposrv126m/invalid.yaml", line 1, column 14
2025-12-12 17:42:05 - utils - ERROR - [utils.py:171] - Configuration must be a dictionary, got <class 'list'>
2025-12-12 17:42:05 - utils - ERROR - [utils.py:183] - Unexpected error loading configuration: Configuration must be a dictionary, got <class 'list'>
2025-12-12 17:42:05 - utils - ERROR - [utils.py:157] - Configuration file not found: /var/folders/cw/f0_9d8qd70vfntrkx_x2ttt00000gn/T/tmpq2ne4rbj/nonexistent.yaml
2025-12-12 17:42:05 - utils - INFO - [utils.py:174] - Successfully loaded configuration from /var/folders/cw/f0_9d8qd70vfntrkx_x2ttt00000gn/T/tmpe9ss37jz/test_config.yaml
2025-12-12 17:42:05 - utils - WARNING - [utils.py:249] - Invalid epochs value: 0 (must be > 0)
2025-12-12 17:42:05 - utils - WARNING - [utils.py:249] - Invalid hidden_size value: -10 (must be > 0)
2025-12-12 17:42:05 - utils - WARNING - [utils.py:249] - Invalid num_layers value: 0 (must be > 0)
2025-12-12 17:42:05 - utils - WARNING - [utils.py:227] - Missing configuration field: model.num_layers
2025-12-12 17:42:05 - utils - WARNING - [utils.py:249] - Invalid num_layers value: 0 (must be > 0)
2025-12-12 17:42:05 - utils - WARNING - [utils.py:214] - Missing configuration section: training
2025-12-12 17:42:05 - utils - WARNING - [utils.py:214] - Missing configuration section: data
2025-12-12 17:42:05 - utils - INFO - [utils.py:174] - Successfully loaded configuration from /var/folders/cw/f0_9d8qd70vfntrkx_x2ttt00000gn/T/tmplomkz1un/test_config.yaml
2025-12-12 17:42:05 - utils - INFO - [utils.py:174] - Successfully loaded configuration from /var/folders/cw/f0_9d8qd70vfntrkx_x2ttt00000gn/T/tmp8j2jwfic/test_config.yaml
2025-12-12 17:42:05 - utils - WARNING - [utils.py:227] - Missing configuration field: model.num_layers
2025-12-12 17:42:05 - utils - WARNING - [utils.py:249] - Invalid num_layers value: 0 (must be > 0)
2025-12-12 17:42:05 - utils - WARNING - [utils.py:307] - Configuration validation found issues, but continuing...
2025-12-12 17:42:05 - utils - INFO - [utils.py:174] - Successfully loaded configuration from /var/folders/cw/f0_9d8qd70vfntrkx_x2ttt00000gn/T/tmppip2cu4_/test_config.yaml
2025-12-12 17:43:05 - utils - INFO - [utils.py:174] - Successfully loaded configuration from ./config.yaml
2025-12-12 17:43:05 - reasoning_enhanced - INFO - [reasoning_enhanced.py:42] - ReasoningEngine initialized
2025-12-12 17:43:05 - root - ERROR - [main.py:1004] - Command failed: Metrics file not found: trained_data/logs/unified_training_metrics.json. Run: python main.py train-unified --config ./config.yaml --csv <file.csv>
Traceback (most recent call last):
  File "/Users/mirelacertan/Documents/ml_engine/main.py", line 997, in main
    command_map[args.command](args.config, args.metrics)
  File "/Users/mirelacertan/Documents/ml_engine/main.py", line 830, in chat_unified
    run_unified_chat(config_path, metrics_path=metrics_path)
  File "/Users/mirelacertan/Documents/ml_engine/unified_chat.py", line 49, in run_unified_chat
    payload = _load_metrics(path)
              ^^^^^^^^^^^^^^^^^^^
  File "/Users/mirelacertan/Documents/ml_engine/unified_chat.py", line 30, in _load_metrics
    raise FileNotFoundError(
FileNotFoundError: Metrics file not found: trained_data/logs/unified_training_metrics.json. Run: python main.py train-unified --config ./config.yaml --csv <file.csv>
2025-12-12 17:44:04 - utils - INFO - [utils.py:174] - Successfully loaded configuration from ./config.yaml
2025-12-12 17:44:04 - reasoning_enhanced - INFO - [reasoning_enhanced.py:42] - ReasoningEngine initialized
2025-12-12 17:44:04 - root - ERROR - [main.py:1004] - Command failed: Metrics file not found: trained_data/logs/unified_training_metrics.json. Run: python main.py train-unified --config ./config.yaml --csv <file.csv>
Traceback (most recent call last):
  File "/Users/mirelacertan/Documents/ml_engine/main.py", line 997, in main
    command_map[args.command](args.config, args.metrics)
  File "/Users/mirelacertan/Documents/ml_engine/main.py", line 830, in chat_unified
    run_unified_chat(config_path, metrics_path=metrics_path)
  File "/Users/mirelacertan/Documents/ml_engine/unified_chat.py", line 49, in run_unified_chat
    payload = _load_metrics(path)
              ^^^^^^^^^^^^^^^^^^^
  File "/Users/mirelacertan/Documents/ml_engine/unified_chat.py", line 30, in _load_metrics
    raise FileNotFoundError(
FileNotFoundError: Metrics file not found: trained_data/logs/unified_training_metrics.json. Run: python main.py train-unified --config ./config.yaml --csv <file.csv>
2025-12-12 17:44:42 - utils - INFO - [utils.py:174] - Successfully loaded configuration from ./config.yaml
2025-12-12 17:44:42 - reasoning_enhanced - INFO - [reasoning_enhanced.py:42] - ReasoningEngine initialized
2025-12-12 17:44:42 - root - ERROR - [main.py:1004] - Command failed: Metrics file not found. Run unified training once to generate it:
  python main.py train-unified --config ./config.yaml --csv <file.csv>
Then run:
  python main.py chat-unified --config ./config.yaml
Traceback (most recent call last):
  File "/Users/mirelacertan/Documents/ml_engine/main.py", line 997, in main
    command_map[args.command](args.config, args.metrics)
  File "/Users/mirelacertan/Documents/ml_engine/main.py", line 830, in chat_unified
    run_unified_chat(config_path, metrics_path=metrics_path)
  File "/Users/mirelacertan/Documents/ml_engine/unified_chat.py", line 77, in run_unified_chat
    payload = _load_metrics(path)
              ^^^^^^^^^^^^^^^^^^^
  File "/Users/mirelacertan/Documents/ml_engine/unified_chat.py", line 50, in _load_metrics
    raise FileNotFoundError(
FileNotFoundError: Metrics file not found. Run unified training once to generate it:
  python main.py train-unified --config ./config.yaml --csv <file.csv>
Then run:
  python main.py chat-unified --config ./config.yaml
2025-12-12 17:45:26 - utils - INFO - [utils.py:174] - Successfully loaded configuration from ./config.yaml
2025-12-12 17:45:26 - reasoning_enhanced - INFO - [reasoning_enhanced.py:42] - ReasoningEngine initialized
2025-12-12 17:45:27 - root - ERROR - [main.py:1004] - Command failed: Metrics file not found. Run unified training once to generate it:
  python main.py train-unified --config ./config.yaml --csv <file.csv>
Then run:
  python main.py chat-unified --config ./config.yaml
Traceback (most recent call last):
  File "/Users/mirelacertan/Documents/ml_engine/main.py", line 997, in main
    command_map[args.command](args.config, args.metrics)
  File "/Users/mirelacertan/Documents/ml_engine/main.py", line 830, in chat_unified
    run_unified_chat(config_path, metrics_path=metrics_path)
  File "/Users/mirelacertan/Documents/ml_engine/unified_chat.py", line 156, in run_unified_chat
    payload = _load_metrics(path)
              ^^^^^^^^^^^^^^^^^^^
  File "/Users/mirelacertan/Documents/ml_engine/unified_chat.py", line 129, in _load_metrics
    raise FileNotFoundError(
FileNotFoundError: Metrics file not found. Run unified training once to generate it:
  python main.py train-unified --config ./config.yaml --csv <file.csv>
Then run:
  python main.py chat-unified --config ./config.yaml
2025-12-12 17:46:54 - utils - INFO - [utils.py:174] - Successfully loaded configuration from ./config.yaml
2025-12-12 17:46:54 - reasoning_enhanced - INFO - [reasoning_enhanced.py:42] - ReasoningEngine initialized
2025-12-12 17:51:32 - utils - INFO - [utils.py:174] - Successfully loaded configuration from ./config.yaml
2025-12-12 17:51:33 - reasoning_enhanced - INFO - [reasoning_enhanced.py:42] - ReasoningEngine initialized
2025-12-12 17:51:37 - root - INFO - [unified_multitask_training.py:415] - Epoch 1 | val price=2.8635 trend=0.0006 risk=0.3559 state=1.0680 acc=0.370
2025-12-12 17:51:37 - root - INFO - [unified_multitask_training.py:425] - HEAD: price_loss is lagging (loss 2.8635 vs median 0.7120).
2025-12-12 17:51:37 - root - INFO - [unified_multitask_training.py:425] - HEAD: state head accuracy is low (36.96%); check labels or class balance.
2025-12-12 17:51:37 - root - INFO - [unified_multitask_training.py:425] - HEAD: Consider increasing that head's loss weight or adding head-specific capacity.
2025-12-12 17:51:41 - root - INFO - [unified_multitask_training.py:415] - Epoch 2 | val price=2.5142 trend=0.0008 risk=0.3530 state=1.1033 acc=0.370
2025-12-12 17:51:41 - root - INFO - [unified_multitask_training.py:425] - HEAD: price_loss is lagging (loss 2.5142 vs median 0.7281).
2025-12-12 17:51:41 - root - INFO - [unified_multitask_training.py:425] - HEAD: state head accuracy is low (36.96%); check labels or class balance.
2025-12-12 17:51:41 - root - INFO - [unified_multitask_training.py:425] - HEAD: Consider increasing that head's loss weight or adding head-specific capacity.
2025-12-12 17:51:45 - root - INFO - [unified_multitask_training.py:415] - Epoch 3 | val price=2.5608 trend=0.0018 risk=0.3543 state=1.1560 acc=0.370
2025-12-12 17:51:45 - root - INFO - [unified_multitask_training.py:425] - HEAD: price_loss is lagging (loss 2.5608 vs median 0.7551).
2025-12-12 17:51:45 - root - INFO - [unified_multitask_training.py:425] - HEAD: state head accuracy is low (36.96%); check labels or class balance.
2025-12-12 17:51:45 - root - INFO - [unified_multitask_training.py:425] - HEAD: Consider increasing that head's loss weight or adding head-specific capacity.
2025-12-12 17:51:49 - root - INFO - [unified_multitask_training.py:415] - Epoch 4 | val price=2.3080 trend=0.0027 risk=0.3463 state=1.1757 acc=0.370
2025-12-12 17:51:49 - root - INFO - [unified_multitask_training.py:425] - HEAD: price_loss is lagging (loss 2.3080 vs median 0.7610).
2025-12-12 17:51:49 - root - INFO - [unified_multitask_training.py:425] - HEAD: state head accuracy is low (36.96%); check labels or class balance.
2025-12-12 17:51:49 - root - INFO - [unified_multitask_training.py:425] - HEAD: Consider increasing that head's loss weight or adding head-specific capacity.
2025-12-12 17:51:54 - root - INFO - [unified_multitask_training.py:415] - Epoch 5 | val price=2.3459 trend=0.0027 risk=0.3426 state=1.1204 acc=0.370
2025-12-12 17:51:54 - root - INFO - [unified_multitask_training.py:425] - HEAD: price_loss is lagging (loss 2.3459 vs median 0.7315).
2025-12-12 17:51:54 - root - INFO - [unified_multitask_training.py:425] - HEAD: state head accuracy is low (36.96%); check labels or class balance.
2025-12-12 17:51:54 - root - INFO - [unified_multitask_training.py:425] - HEAD: Consider increasing that head's loss weight or adding head-specific capacity.
2025-12-12 17:51:58 - root - INFO - [unified_multitask_training.py:415] - Epoch 6 | val price=2.4109 trend=0.0015 risk=0.3376 state=0.9935 acc=0.370
2025-12-12 17:51:58 - root - INFO - [unified_multitask_training.py:425] - HEAD: price_loss is lagging (loss 2.4109 vs median 0.6655).
2025-12-12 17:51:58 - root - INFO - [unified_multitask_training.py:425] - HEAD: state head accuracy is low (36.96%); check labels or class balance.
2025-12-12 17:51:58 - root - INFO - [unified_multitask_training.py:425] - HEAD: Consider increasing that head's loss weight or adding head-specific capacity.
2025-12-12 17:52:02 - root - INFO - [unified_multitask_training.py:415] - Epoch 7 | val price=2.3533 trend=0.0014 risk=0.3371 state=1.0658 acc=0.370
2025-12-12 17:52:02 - root - INFO - [unified_multitask_training.py:425] - HEAD: price_loss is lagging (loss 2.3533 vs median 0.7015).
2025-12-12 17:52:02 - root - INFO - [unified_multitask_training.py:425] - HEAD: state head accuracy is low (36.96%); check labels or class balance.
2025-12-12 17:52:02 - root - INFO - [unified_multitask_training.py:425] - HEAD: Consider increasing that head's loss weight or adding head-specific capacity.
2025-12-12 17:52:06 - root - INFO - [unified_multitask_training.py:415] - Epoch 8 | val price=2.4777 trend=0.0039 risk=0.3361 state=1.0352 acc=0.475
2025-12-12 17:52:06 - root - INFO - [unified_multitask_training.py:425] - HEAD: price_loss is lagging (loss 2.4777 vs median 0.6856).
2025-12-12 17:52:06 - root - INFO - [unified_multitask_training.py:425] - HEAD: state head accuracy is low (47.54%); check labels or class balance.
2025-12-12 17:52:06 - root - INFO - [unified_multitask_training.py:425] - HEAD: Consider increasing that head's loss weight or adding head-specific capacity.
2025-12-12 17:52:10 - root - INFO - [unified_multitask_training.py:415] - Epoch 9 | val price=2.6109 trend=0.0012 risk=0.3360 state=1.0362 acc=0.561
2025-12-12 17:52:10 - root - INFO - [unified_multitask_training.py:425] - HEAD: price_loss is lagging (loss 2.6109 vs median 0.6861).
2025-12-12 17:52:10 - root - INFO - [unified_multitask_training.py:425] - HEAD: state head accuracy: 56.06%.
2025-12-12 17:52:10 - root - INFO - [unified_multitask_training.py:425] - HEAD: Consider increasing that head's loss weight or adding head-specific capacity.
2025-12-12 17:52:14 - root - INFO - [unified_multitask_training.py:415] - Epoch 10 | val price=2.6510 trend=0.0005 risk=0.3375 state=1.2485 acc=0.499
2025-12-12 17:52:14 - root - INFO - [unified_multitask_training.py:425] - HEAD: price_loss is lagging (loss 2.6510 vs median 0.7930).
2025-12-12 17:52:14 - root - INFO - [unified_multitask_training.py:425] - HEAD: state head accuracy is low (49.90%); check labels or class balance.
2025-12-12 17:52:14 - root - INFO - [unified_multitask_training.py:425] - HEAD: Consider increasing that head's loss weight or adding head-specific capacity.
2025-12-12 17:52:18 - root - INFO - [unified_multitask_training.py:415] - Epoch 11 | val price=2.5775 trend=0.0013 risk=0.3381 state=1.1975 acc=0.541
2025-12-12 17:52:18 - root - INFO - [unified_multitask_training.py:425] - HEAD: price_loss is lagging (loss 2.5775 vs median 0.7678).
2025-12-12 17:52:18 - root - INFO - [unified_multitask_training.py:425] - HEAD: state head accuracy: 54.11%.
2025-12-12 17:52:18 - root - INFO - [unified_multitask_training.py:425] - HEAD: Consider increasing that head's loss weight or adding head-specific capacity.
2025-12-12 17:52:22 - root - INFO - [unified_multitask_training.py:415] - Epoch 12 | val price=2.4898 trend=0.0016 risk=0.3363 state=1.0338 acc=0.564
2025-12-12 17:52:22 - root - INFO - [unified_multitask_training.py:425] - HEAD: price_loss is lagging (loss 2.4898 vs median 0.6850).
2025-12-12 17:52:22 - root - INFO - [unified_multitask_training.py:425] - HEAD: state head accuracy: 56.37%.
2025-12-12 17:52:22 - root - INFO - [unified_multitask_training.py:425] - HEAD: Consider increasing that head's loss weight or adding head-specific capacity.
2025-12-12 17:52:26 - root - INFO - [unified_multitask_training.py:415] - Epoch 13 | val price=2.5618 trend=0.0010 risk=0.3387 state=1.1989 acc=0.528
2025-12-12 17:52:26 - root - INFO - [unified_multitask_training.py:425] - HEAD: price_loss is lagging (loss 2.5618 vs median 0.7688).
2025-12-12 17:52:26 - root - INFO - [unified_multitask_training.py:425] - HEAD: state head accuracy: 52.77%.
2025-12-12 17:52:26 - root - INFO - [unified_multitask_training.py:425] - HEAD: Consider increasing that head's loss weight or adding head-specific capacity.
2025-12-12 17:52:30 - root - INFO - [unified_multitask_training.py:415] - Epoch 14 | val price=2.5874 trend=0.0027 risk=0.3379 state=1.1537 acc=0.542
2025-12-12 17:52:30 - root - INFO - [unified_multitask_training.py:425] - HEAD: price_loss is lagging (loss 2.5874 vs median 0.7458).
2025-12-12 17:52:30 - root - INFO - [unified_multitask_training.py:425] - HEAD: state head accuracy: 54.21%.
2025-12-12 17:52:30 - root - INFO - [unified_multitask_training.py:425] - HEAD: Consider increasing that head's loss weight or adding head-specific capacity.
2025-12-12 17:52:34 - root - INFO - [unified_multitask_training.py:415] - Epoch 15 | val price=2.5788 trend=0.0030 risk=0.3400 state=1.2454 acc=0.529
2025-12-12 17:52:34 - root - INFO - [unified_multitask_training.py:425] - HEAD: price_loss is lagging (loss 2.5788 vs median 0.7927).
2025-12-12 17:52:34 - root - INFO - [unified_multitask_training.py:425] - HEAD: state head accuracy: 52.87%.
2025-12-12 17:52:34 - root - INFO - [unified_multitask_training.py:425] - HEAD: Consider increasing that head's loss weight or adding head-specific capacity.
2025-12-12 17:52:38 - root - INFO - [unified_multitask_training.py:415] - Epoch 16 | val price=2.4313 trend=0.0008 risk=0.3366 state=1.0135 acc=0.578
2025-12-12 17:52:38 - root - INFO - [unified_multitask_training.py:425] - HEAD: price_loss is lagging (loss 2.4313 vs median 0.6751).
2025-12-12 17:52:38 - root - INFO - [unified_multitask_training.py:425] - HEAD: state head accuracy: 57.80%.
2025-12-12 17:52:38 - root - INFO - [unified_multitask_training.py:425] - HEAD: Consider increasing that head's loss weight or adding head-specific capacity.
2025-12-12 17:52:42 - root - INFO - [unified_multitask_training.py:415] - Epoch 17 | val price=2.5901 trend=0.0013 risk=0.3377 state=1.0549 acc=0.551
2025-12-12 17:52:42 - root - INFO - [unified_multitask_training.py:425] - HEAD: price_loss is lagging (loss 2.5901 vs median 0.6963).
2025-12-12 17:52:42 - root - INFO - [unified_multitask_training.py:425] - HEAD: state head accuracy: 55.13%.
2025-12-12 17:52:42 - root - INFO - [unified_multitask_training.py:425] - HEAD: Consider increasing that head's loss weight or adding head-specific capacity.
2025-12-12 17:52:46 - root - INFO - [unified_multitask_training.py:415] - Epoch 18 | val price=2.6162 trend=0.0011 risk=0.3397 state=1.1970 acc=0.568
2025-12-12 17:52:46 - root - INFO - [unified_multitask_training.py:425] - HEAD: price_loss is lagging (loss 2.6162 vs median 0.7683).
2025-12-12 17:52:46 - root - INFO - [unified_multitask_training.py:425] - HEAD: state head accuracy: 56.78%.
2025-12-12 17:52:46 - root - INFO - [unified_multitask_training.py:425] - HEAD: Consider increasing that head's loss weight or adding head-specific capacity.
2025-12-12 17:52:50 - root - INFO - [unified_multitask_training.py:415] - Epoch 19 | val price=2.6726 trend=0.0013 risk=0.3404 state=1.2344 acc=0.567
2025-12-12 17:52:50 - root - INFO - [unified_multitask_training.py:425] - HEAD: price_loss is lagging (loss 2.6726 vs median 0.7874).
2025-12-12 17:52:50 - root - INFO - [unified_multitask_training.py:425] - HEAD: state head accuracy: 56.67%.
2025-12-12 17:52:50 - root - INFO - [unified_multitask_training.py:425] - HEAD: Consider increasing that head's loss weight or adding head-specific capacity.
2025-12-12 17:52:54 - root - INFO - [unified_multitask_training.py:415] - Epoch 20 | val price=2.5550 trend=0.0027 risk=0.3397 state=1.1075 acc=0.560
2025-12-12 17:52:54 - root - INFO - [unified_multitask_training.py:425] - HEAD: price_loss is lagging (loss 2.5550 vs median 0.7236).
2025-12-12 17:52:54 - root - INFO - [unified_multitask_training.py:425] - HEAD: state head accuracy: 55.95%.
2025-12-12 17:52:54 - root - INFO - [unified_multitask_training.py:425] - HEAD: Consider increasing that head's loss weight or adding head-specific capacity.
2025-12-12 17:52:58 - root - INFO - [unified_multitask_training.py:415] - Epoch 21 | val price=2.6097 trend=0.0029 risk=0.3398 state=1.0834 acc=0.566
2025-12-12 17:52:58 - root - INFO - [unified_multitask_training.py:425] - HEAD: price_loss is lagging (loss 2.6097 vs median 0.7116).
2025-12-12 17:52:58 - root - INFO - [unified_multitask_training.py:425] - HEAD: state head accuracy: 56.57%.
2025-12-12 17:52:58 - root - INFO - [unified_multitask_training.py:425] - HEAD: Consider increasing that head's loss weight or adding head-specific capacity.
2025-12-12 17:53:02 - root - INFO - [unified_multitask_training.py:415] - Epoch 22 | val price=2.6098 trend=0.0012 risk=0.3399 state=1.1008 acc=0.574
2025-12-12 17:53:02 - root - INFO - [unified_multitask_training.py:425] - HEAD: price_loss is lagging (loss 2.6098 vs median 0.7204).
2025-12-12 17:53:02 - root - INFO - [unified_multitask_training.py:425] - HEAD: state head accuracy: 57.39%.
2025-12-12 17:53:02 - root - INFO - [unified_multitask_training.py:425] - HEAD: Consider increasing that head's loss weight or adding head-specific capacity.
2025-12-12 17:53:06 - root - INFO - [unified_multitask_training.py:415] - Epoch 23 | val price=2.6472 trend=0.0013 risk=0.3421 state=1.2822 acc=0.522
2025-12-12 17:53:06 - root - INFO - [unified_multitask_training.py:425] - HEAD: price_loss is lagging (loss 2.6472 vs median 0.8121).
2025-12-12 17:53:06 - root - INFO - [unified_multitask_training.py:425] - HEAD: state head accuracy: 52.16%.
2025-12-12 17:53:06 - root - INFO - [unified_multitask_training.py:425] - HEAD: Consider increasing that head's loss weight or adding head-specific capacity.
2025-12-12 17:53:10 - root - INFO - [unified_multitask_training.py:415] - Epoch 24 | val price=2.6644 trend=0.0030 risk=0.3426 state=1.2423 acc=0.524
2025-12-12 17:53:10 - root - INFO - [unified_multitask_training.py:425] - HEAD: price_loss is lagging (loss 2.6644 vs median 0.7924).
2025-12-12 17:53:10 - root - INFO - [unified_multitask_training.py:425] - HEAD: state head accuracy: 52.36%.
2025-12-12 17:53:10 - root - INFO - [unified_multitask_training.py:425] - HEAD: Consider increasing that head's loss weight or adding head-specific capacity.
2025-12-12 17:53:14 - root - INFO - [unified_multitask_training.py:415] - Epoch 25 | val price=2.6598 trend=0.0008 risk=0.3429 state=1.1528 acc=0.557
2025-12-12 17:53:14 - root - INFO - [unified_multitask_training.py:425] - HEAD: price_loss is lagging (loss 2.6598 vs median 0.7479).
2025-12-12 17:53:14 - root - INFO - [unified_multitask_training.py:425] - HEAD: state head accuracy: 55.75%.
2025-12-12 17:53:14 - root - INFO - [unified_multitask_training.py:425] - HEAD: Consider increasing that head's loss weight or adding head-specific capacity.
2025-12-12 17:53:18 - root - INFO - [unified_multitask_training.py:415] - Epoch 26 | val price=2.6949 trend=0.0034 risk=0.3425 state=1.3432 acc=0.484
2025-12-12 17:53:18 - root - INFO - [unified_multitask_training.py:425] - HEAD: price_loss is lagging (loss 2.6949 vs median 0.8429).
2025-12-12 17:53:18 - root - INFO - [unified_multitask_training.py:425] - HEAD: state head accuracy is low (48.36%); check labels or class balance.
2025-12-12 17:53:18 - root - INFO - [unified_multitask_training.py:425] - HEAD: Consider increasing that head's loss weight or adding head-specific capacity.
2025-12-12 17:53:23 - root - INFO - [unified_multitask_training.py:415] - Epoch 27 | val price=2.6855 trend=0.0010 risk=0.3413 state=1.3111 acc=0.495
2025-12-12 17:53:23 - root - INFO - [unified_multitask_training.py:425] - HEAD: price_loss is lagging (loss 2.6855 vs median 0.8262).
2025-12-12 17:53:23 - root - INFO - [unified_multitask_training.py:425] - HEAD: state head accuracy is low (49.49%); check labels or class balance.
2025-12-12 17:53:23 - root - INFO - [unified_multitask_training.py:425] - HEAD: Consider increasing that head's loss weight or adding head-specific capacity.
2025-12-12 17:53:27 - root - INFO - [unified_multitask_training.py:415] - Epoch 28 | val price=2.7127 trend=0.0014 risk=0.3437 state=1.2380 acc=0.551
2025-12-12 17:53:27 - root - INFO - [unified_multitask_training.py:425] - HEAD: price_loss is lagging (loss 2.7127 vs median 0.7909).
2025-12-12 17:53:27 - root - INFO - [unified_multitask_training.py:425] - HEAD: state head accuracy: 55.13%.
2025-12-12 17:53:27 - root - INFO - [unified_multitask_training.py:425] - HEAD: Consider increasing that head's loss weight or adding head-specific capacity.
2025-12-12 17:53:31 - root - INFO - [unified_multitask_training.py:415] - Epoch 29 | val price=2.6052 trend=0.0012 risk=0.3434 state=1.2352 acc=0.546
2025-12-12 17:53:31 - root - INFO - [unified_multitask_training.py:425] - HEAD: price_loss is lagging (loss 2.6052 vs median 0.7893).
2025-12-12 17:53:31 - root - INFO - [unified_multitask_training.py:425] - HEAD: state head accuracy: 54.62%.
2025-12-12 17:53:31 - root - INFO - [unified_multitask_training.py:425] - HEAD: Consider increasing that head's loss weight or adding head-specific capacity.
2025-12-12 17:53:35 - root - INFO - [unified_multitask_training.py:415] - Epoch 30 | val price=2.6694 trend=0.0006 risk=0.3438 state=1.1740 acc=0.533
2025-12-12 17:53:35 - root - INFO - [unified_multitask_training.py:425] - HEAD: price_loss is lagging (loss 2.6694 vs median 0.7589).
2025-12-12 17:53:35 - root - INFO - [unified_multitask_training.py:425] - HEAD: state head accuracy: 53.29%.
2025-12-12 17:53:35 - root - INFO - [unified_multitask_training.py:425] - HEAD: Consider increasing that head's loss weight or adding head-specific capacity.
2025-12-12 17:53:39 - root - INFO - [unified_multitask_training.py:415] - Epoch 31 | val price=2.6568 trend=0.0009 risk=0.3437 state=1.2264 acc=0.521
2025-12-12 17:53:39 - root - INFO - [unified_multitask_training.py:425] - HEAD: price_loss is lagging (loss 2.6568 vs median 0.7851).
2025-12-12 17:53:39 - root - INFO - [unified_multitask_training.py:425] - HEAD: state head accuracy: 52.05%.
2025-12-12 17:53:39 - root - INFO - [unified_multitask_training.py:425] - HEAD: Consider increasing that head's loss weight or adding head-specific capacity.
2025-12-12 17:53:43 - root - INFO - [unified_multitask_training.py:415] - Epoch 32 | val price=2.6837 trend=0.0012 risk=0.3431 state=1.2498 acc=0.515
2025-12-12 17:53:43 - root - INFO - [unified_multitask_training.py:425] - HEAD: price_loss is lagging (loss 2.6837 vs median 0.7965).
2025-12-12 17:53:43 - root - INFO - [unified_multitask_training.py:425] - HEAD: state head accuracy: 51.54%.
2025-12-12 17:53:43 - root - INFO - [unified_multitask_training.py:425] - HEAD: Consider increasing that head's loss weight or adding head-specific capacity.
2025-12-12 17:53:47 - root - INFO - [unified_multitask_training.py:415] - Epoch 33 | val price=2.5719 trend=0.0015 risk=0.3420 state=1.1815 acc=0.542
2025-12-12 17:53:47 - root - INFO - [unified_multitask_training.py:425] - HEAD: price_loss is lagging (loss 2.5719 vs median 0.7618).
2025-12-12 17:53:47 - root - INFO - [unified_multitask_training.py:425] - HEAD: state head accuracy: 54.21%.
2025-12-12 17:53:47 - root - INFO - [unified_multitask_training.py:425] - HEAD: Consider increasing that head's loss weight or adding head-specific capacity.
2025-12-12 17:53:51 - root - INFO - [unified_multitask_training.py:415] - Epoch 34 | val price=2.6936 trend=0.0008 risk=0.3429 state=1.2988 acc=0.538
2025-12-12 17:53:51 - root - INFO - [unified_multitask_training.py:425] - HEAD: price_loss is lagging (loss 2.6936 vs median 0.8209).
2025-12-12 17:53:51 - root - INFO - [unified_multitask_training.py:425] - HEAD: state head accuracy: 53.80%.
2025-12-12 17:53:51 - root - INFO - [unified_multitask_training.py:425] - HEAD: Consider increasing that head's loss weight or adding head-specific capacity.
2025-12-12 17:53:55 - root - INFO - [unified_multitask_training.py:415] - Epoch 35 | val price=2.7476 trend=0.0004 risk=0.3423 state=1.3157 acc=0.511
2025-12-12 17:53:55 - root - INFO - [unified_multitask_training.py:425] - HEAD: price_loss is lagging (loss 2.7476 vs median 0.8290).
2025-12-12 17:53:55 - root - INFO - [unified_multitask_training.py:425] - HEAD: state head accuracy: 51.13%.
2025-12-12 17:53:55 - root - INFO - [unified_multitask_training.py:425] - HEAD: Consider increasing that head's loss weight or adding head-specific capacity.
2025-12-12 17:53:59 - root - INFO - [unified_multitask_training.py:415] - Epoch 36 | val price=2.6587 trend=0.0004 risk=0.3416 state=1.1772 acc=0.556
2025-12-12 17:53:59 - root - INFO - [unified_multitask_training.py:425] - HEAD: price_loss is lagging (loss 2.6587 vs median 0.7594).
2025-12-12 17:53:59 - root - INFO - [unified_multitask_training.py:425] - HEAD: state head accuracy: 55.65%.
2025-12-12 17:53:59 - root - INFO - [unified_multitask_training.py:425] - HEAD: Consider increasing that head's loss weight or adding head-specific capacity.
2025-12-12 17:54:03 - root - INFO - [unified_multitask_training.py:415] - Epoch 37 | val price=2.5892 trend=0.0006 risk=0.3425 state=1.2942 acc=0.538
2025-12-12 17:54:03 - root - INFO - [unified_multitask_training.py:425] - HEAD: price_loss is lagging (loss 2.5892 vs median 0.8184).
2025-12-12 17:54:03 - root - INFO - [unified_multitask_training.py:425] - HEAD: state head accuracy: 53.80%.
2025-12-12 17:54:03 - root - INFO - [unified_multitask_training.py:425] - HEAD: Consider increasing that head's loss weight or adding head-specific capacity.
2025-12-12 17:54:07 - root - INFO - [unified_multitask_training.py:415] - Epoch 38 | val price=2.6019 trend=0.0005 risk=0.3410 state=1.2053 acc=0.551
2025-12-12 17:54:07 - root - INFO - [unified_multitask_training.py:425] - HEAD: price_loss is lagging (loss 2.6019 vs median 0.7732).
2025-12-12 17:54:07 - root - INFO - [unified_multitask_training.py:425] - HEAD: state head accuracy: 55.13%.
2025-12-12 17:54:07 - root - INFO - [unified_multitask_training.py:425] - HEAD: Consider increasing that head's loss weight or adding head-specific capacity.
2025-12-12 17:54:11 - root - INFO - [unified_multitask_training.py:415] - Epoch 39 | val price=2.7695 trend=0.0004 risk=0.3435 state=1.5882 acc=0.467
2025-12-12 17:54:11 - root - INFO - [unified_multitask_training.py:425] - HEAD: price_loss is lagging (loss 2.7695 vs median 0.9658).
2025-12-12 17:54:11 - root - INFO - [unified_multitask_training.py:425] - HEAD: state head accuracy is low (46.71%); check labels or class balance.
2025-12-12 17:54:11 - root - INFO - [unified_multitask_training.py:425] - HEAD: Consider increasing that head's loss weight or adding head-specific capacity.
2025-12-12 17:54:15 - root - INFO - [unified_multitask_training.py:415] - Epoch 40 | val price=2.7602 trend=0.0005 risk=0.3419 state=1.3063 acc=0.546
2025-12-12 17:54:15 - root - INFO - [unified_multitask_training.py:425] - HEAD: price_loss is lagging (loss 2.7602 vs median 0.8241).
2025-12-12 17:54:15 - root - INFO - [unified_multitask_training.py:425] - HEAD: state head accuracy: 54.62%.
2025-12-12 17:54:15 - root - INFO - [unified_multitask_training.py:425] - HEAD: Consider increasing that head's loss weight or adding head-specific capacity.
2025-12-12 17:54:19 - root - INFO - [unified_multitask_training.py:415] - Epoch 41 | val price=2.6147 trend=0.0009 risk=0.3423 state=1.3014 acc=0.559
2025-12-12 17:54:19 - root - INFO - [unified_multitask_training.py:425] - HEAD: price_loss is lagging (loss 2.6147 vs median 0.8218).
2025-12-12 17:54:19 - root - INFO - [unified_multitask_training.py:425] - HEAD: state head accuracy: 55.85%.
2025-12-12 17:54:19 - root - INFO - [unified_multitask_training.py:425] - HEAD: Consider increasing that head's loss weight or adding head-specific capacity.
2025-12-12 17:54:23 - root - INFO - [unified_multitask_training.py:415] - Epoch 42 | val price=2.7683 trend=0.0006 risk=0.3434 state=1.4643 acc=0.522
2025-12-12 17:54:23 - root - INFO - [unified_multitask_training.py:425] - HEAD: price_loss is lagging (loss 2.7683 vs median 0.9039).
2025-12-12 17:54:23 - root - INFO - [unified_multitask_training.py:425] - HEAD: state head accuracy: 52.16%.
2025-12-12 17:54:23 - root - INFO - [unified_multitask_training.py:425] - HEAD: Consider increasing that head's loss weight or adding head-specific capacity.
2025-12-12 17:54:27 - root - INFO - [unified_multitask_training.py:415] - Epoch 43 | val price=2.7334 trend=0.0005 risk=0.3429 state=1.4335 acc=0.532
2025-12-12 17:54:27 - root - INFO - [unified_multitask_training.py:425] - HEAD: price_loss is lagging (loss 2.7334 vs median 0.8882).
2025-12-12 17:54:27 - root - INFO - [unified_multitask_training.py:425] - HEAD: state head accuracy: 53.18%.
2025-12-12 17:54:27 - root - INFO - [unified_multitask_training.py:425] - HEAD: Consider increasing that head's loss weight or adding head-specific capacity.
2025-12-12 17:54:31 - root - INFO - [unified_multitask_training.py:415] - Epoch 44 | val price=2.7025 trend=0.0013 risk=0.3425 state=1.4092 acc=0.520
2025-12-12 17:54:31 - root - INFO - [unified_multitask_training.py:425] - HEAD: price_loss is lagging (loss 2.7025 vs median 0.8758).
2025-12-12 17:54:31 - root - INFO - [unified_multitask_training.py:425] - HEAD: state head accuracy: 51.95%.
2025-12-12 17:54:31 - root - INFO - [unified_multitask_training.py:425] - HEAD: Consider increasing that head's loss weight or adding head-specific capacity.
2025-12-12 17:54:35 - root - INFO - [unified_multitask_training.py:415] - Epoch 45 | val price=2.6201 trend=0.0008 risk=0.3415 state=1.4145 acc=0.533
2025-12-12 17:54:35 - root - INFO - [unified_multitask_training.py:425] - HEAD: price_loss is lagging (loss 2.6201 vs median 0.8780).
2025-12-12 17:54:35 - root - INFO - [unified_multitask_training.py:425] - HEAD: state head accuracy: 53.29%.
2025-12-12 17:54:35 - root - INFO - [unified_multitask_training.py:425] - HEAD: Consider increasing that head's loss weight or adding head-specific capacity.
2025-12-12 17:54:39 - root - INFO - [unified_multitask_training.py:415] - Epoch 46 | val price=2.7787 trend=0.0005 risk=0.3423 state=1.6344 acc=0.492
2025-12-12 17:54:39 - root - INFO - [unified_multitask_training.py:425] - HEAD: price_loss is lagging (loss 2.7787 vs median 0.9884).
2025-12-12 17:54:39 - root - INFO - [unified_multitask_training.py:425] - HEAD: state head accuracy is low (49.18%); check labels or class balance.
2025-12-12 17:54:39 - root - INFO - [unified_multitask_training.py:425] - HEAD: Consider increasing that head's loss weight or adding head-specific capacity.
2025-12-12 17:54:43 - root - INFO - [unified_multitask_training.py:415] - Epoch 47 | val price=2.7044 trend=0.0010 risk=0.3416 state=1.4263 acc=0.547
2025-12-12 17:54:43 - root - INFO - [unified_multitask_training.py:425] - HEAD: price_loss is lagging (loss 2.7044 vs median 0.8839).
2025-12-12 17:54:43 - root - INFO - [unified_multitask_training.py:425] - HEAD: state head accuracy: 54.72%.
2025-12-12 17:54:43 - root - INFO - [unified_multitask_training.py:425] - HEAD: Consider increasing that head's loss weight or adding head-specific capacity.
2025-12-12 17:54:47 - root - INFO - [unified_multitask_training.py:415] - Epoch 48 | val price=2.7817 trend=0.0005 risk=0.3420 state=1.5137 acc=0.533
2025-12-12 17:54:47 - root - INFO - [unified_multitask_training.py:425] - HEAD: price_loss is lagging (loss 2.7817 vs median 0.9278).
2025-12-12 17:54:47 - root - INFO - [unified_multitask_training.py:425] - HEAD: state head accuracy: 53.29%.
2025-12-12 17:54:47 - root - INFO - [unified_multitask_training.py:425] - HEAD: Consider increasing that head's loss weight or adding head-specific capacity.
2025-12-12 17:54:51 - root - INFO - [unified_multitask_training.py:415] - Epoch 49 | val price=2.6697 trend=0.0006 risk=0.3404 state=1.3609 acc=0.543
2025-12-12 17:54:51 - root - INFO - [unified_multitask_training.py:425] - HEAD: price_loss is lagging (loss 2.6697 vs median 0.8506).
2025-12-12 17:54:51 - root - INFO - [unified_multitask_training.py:425] - HEAD: state head accuracy: 54.31%.
2025-12-12 17:54:51 - root - INFO - [unified_multitask_training.py:425] - HEAD: Consider increasing that head's loss weight or adding head-specific capacity.
2025-12-12 17:54:55 - root - INFO - [unified_multitask_training.py:415] - Epoch 50 | val price=2.7297 trend=0.0004 risk=0.3412 state=1.6694 acc=0.512
2025-12-12 17:54:55 - root - INFO - [unified_multitask_training.py:425] - HEAD: price_loss is lagging (loss 2.7297 vs median 1.0053).
2025-12-12 17:54:55 - root - INFO - [unified_multitask_training.py:425] - HEAD: state head accuracy: 51.23%.
2025-12-12 17:54:55 - root - INFO - [unified_multitask_training.py:425] - HEAD: Consider increasing that head's loss weight or adding head-specific capacity.
2025-12-12 17:54:59 - root - INFO - [unified_multitask_training.py:415] - Epoch 51 | val price=2.8000 trend=0.0006 risk=0.3394 state=1.4780 acc=0.542
2025-12-12 17:54:59 - root - INFO - [unified_multitask_training.py:425] - HEAD: price_loss is lagging (loss 2.8000 vs median 0.9087).
2025-12-12 17:54:59 - root - INFO - [unified_multitask_training.py:425] - HEAD: state head accuracy: 54.21%.
2025-12-12 17:54:59 - root - INFO - [unified_multitask_training.py:425] - HEAD: Consider increasing that head's loss weight or adding head-specific capacity.
2025-12-12 17:55:03 - root - INFO - [unified_multitask_training.py:415] - Epoch 52 | val price=2.7560 trend=0.0006 risk=0.3403 state=1.6748 acc=0.511
2025-12-12 17:55:03 - root - INFO - [unified_multitask_training.py:425] - HEAD: price_loss is lagging (loss 2.7560 vs median 1.0075).
2025-12-12 17:55:03 - root - INFO - [unified_multitask_training.py:425] - HEAD: state head accuracy: 51.13%.
2025-12-12 17:55:03 - root - INFO - [unified_multitask_training.py:425] - HEAD: Consider increasing that head's loss weight or adding head-specific capacity.
2025-12-12 17:55:07 - root - INFO - [unified_multitask_training.py:415] - Epoch 53 | val price=2.7047 trend=0.0005 risk=0.3384 state=1.3872 acc=0.552
2025-12-12 17:55:07 - root - INFO - [unified_multitask_training.py:425] - HEAD: price_loss is lagging (loss 2.7047 vs median 0.8628).
2025-12-12 17:55:07 - root - INFO - [unified_multitask_training.py:425] - HEAD: state head accuracy: 55.24%.
2025-12-12 17:55:07 - root - INFO - [unified_multitask_training.py:425] - HEAD: Consider increasing that head's loss weight or adding head-specific capacity.
2025-12-12 17:55:12 - root - INFO - [unified_multitask_training.py:415] - Epoch 54 | val price=2.7940 trend=0.0004 risk=0.3398 state=1.7008 acc=0.518
2025-12-12 17:55:12 - root - INFO - [unified_multitask_training.py:425] - HEAD: price_loss is lagging (loss 2.7940 vs median 1.0203).
2025-12-12 17:55:12 - root - INFO - [unified_multitask_training.py:425] - HEAD: state head accuracy: 51.85%.
2025-12-12 17:55:12 - root - INFO - [unified_multitask_training.py:425] - HEAD: Consider increasing that head's loss weight or adding head-specific capacity.
2025-12-12 17:55:16 - root - INFO - [unified_multitask_training.py:415] - Epoch 55 | val price=2.8553 trend=0.0003 risk=0.3386 state=1.5438 acc=0.532
2025-12-12 17:55:16 - root - INFO - [unified_multitask_training.py:425] - HEAD: price_loss is lagging (loss 2.8553 vs median 0.9412).
2025-12-12 17:55:16 - root - INFO - [unified_multitask_training.py:425] - HEAD: state head accuracy: 53.18%.
2025-12-12 17:55:16 - root - INFO - [unified_multitask_training.py:425] - HEAD: Consider increasing that head's loss weight or adding head-specific capacity.
2025-12-12 17:55:20 - root - INFO - [unified_multitask_training.py:415] - Epoch 56 | val price=2.7185 trend=0.0003 risk=0.3385 state=1.5464 acc=0.538
2025-12-12 17:55:20 - root - INFO - [unified_multitask_training.py:425] - HEAD: price_loss is lagging (loss 2.7185 vs median 0.9424).
2025-12-12 17:55:20 - root - INFO - [unified_multitask_training.py:425] - HEAD: state head accuracy: 53.80%.
2025-12-12 17:55:20 - root - INFO - [unified_multitask_training.py:425] - HEAD: Consider increasing that head's loss weight or adding head-specific capacity.
2025-12-12 17:55:24 - root - INFO - [unified_multitask_training.py:415] - Epoch 57 | val price=2.6005 trend=0.0003 risk=0.3391 state=1.4285 acc=0.530
2025-12-12 17:55:24 - root - INFO - [unified_multitask_training.py:425] - HEAD: price_loss is lagging (loss 2.6005 vs median 0.8838).
2025-12-12 17:55:24 - root - INFO - [unified_multitask_training.py:425] - HEAD: state head accuracy: 52.98%.
2025-12-12 17:55:24 - root - INFO - [unified_multitask_training.py:425] - HEAD: Consider increasing that head's loss weight or adding head-specific capacity.
2025-12-12 17:55:28 - root - INFO - [unified_multitask_training.py:415] - Epoch 58 | val price=2.7004 trend=0.0003 risk=0.3390 state=1.5803 acc=0.522
2025-12-12 17:55:28 - root - INFO - [unified_multitask_training.py:425] - HEAD: price_loss is lagging (loss 2.7004 vs median 0.9596).
2025-12-12 17:55:28 - root - INFO - [unified_multitask_training.py:425] - HEAD: state head accuracy: 52.16%.
2025-12-12 17:55:28 - root - INFO - [unified_multitask_training.py:425] - HEAD: Consider increasing that head's loss weight or adding head-specific capacity.
2025-12-12 17:55:32 - root - INFO - [unified_multitask_training.py:415] - Epoch 59 | val price=2.6958 trend=0.0004 risk=0.3378 state=1.5100 acc=0.524
2025-12-12 17:55:32 - root - INFO - [unified_multitask_training.py:425] - HEAD: price_loss is lagging (loss 2.6958 vs median 0.9239).
2025-12-12 17:55:32 - root - INFO - [unified_multitask_training.py:425] - HEAD: state head accuracy: 52.36%.
2025-12-12 17:55:32 - root - INFO - [unified_multitask_training.py:425] - HEAD: Consider increasing that head's loss weight or adding head-specific capacity.
2025-12-12 17:55:36 - root - INFO - [unified_multitask_training.py:415] - Epoch 60 | val price=2.7079 trend=0.0004 risk=0.3388 state=1.7210 acc=0.525
2025-12-12 17:55:36 - root - INFO - [unified_multitask_training.py:425] - HEAD: price_loss is lagging (loss 2.7079 vs median 1.0299).
2025-12-12 17:55:36 - root - INFO - [unified_multitask_training.py:425] - HEAD: state head accuracy: 52.46%.
2025-12-12 17:55:36 - root - INFO - [unified_multitask_training.py:425] - HEAD: Consider increasing that head's loss weight or adding head-specific capacity.
2025-12-12 17:55:40 - root - INFO - [unified_multitask_training.py:415] - Epoch 61 | val price=2.7286 trend=0.0003 risk=0.3387 state=1.7739 acc=0.527
2025-12-12 17:55:40 - root - INFO - [unified_multitask_training.py:425] - HEAD: price_loss is lagging (loss 2.7286 vs median 1.0563).
2025-12-12 17:55:40 - root - INFO - [unified_multitask_training.py:425] - HEAD: state head accuracy: 52.67%.
2025-12-12 17:55:40 - root - INFO - [unified_multitask_training.py:425] - HEAD: Consider increasing that head's loss weight or adding head-specific capacity.
2025-12-12 17:55:44 - root - INFO - [unified_multitask_training.py:415] - Epoch 62 | val price=2.8455 trend=0.0003 risk=0.3392 state=1.8198 acc=0.514
2025-12-12 17:55:44 - root - INFO - [unified_multitask_training.py:425] - HEAD: price_loss is lagging (loss 2.8455 vs median 1.0795).
2025-12-12 17:55:44 - root - INFO - [unified_multitask_training.py:425] - HEAD: state head accuracy: 51.44%.
2025-12-12 17:55:44 - root - INFO - [unified_multitask_training.py:425] - HEAD: Consider increasing that head's loss weight or adding head-specific capacity.
2025-12-12 17:55:48 - root - INFO - [unified_multitask_training.py:415] - Epoch 63 | val price=2.7617 trend=0.0005 risk=0.3373 state=1.6831 acc=0.524
2025-12-12 17:55:48 - root - INFO - [unified_multitask_training.py:425] - HEAD: price_loss is lagging (loss 2.7617 vs median 1.0102).
2025-12-12 17:55:48 - root - INFO - [unified_multitask_training.py:425] - HEAD: state head accuracy: 52.36%.
2025-12-12 17:55:48 - root - INFO - [unified_multitask_training.py:425] - HEAD: Consider increasing that head's loss weight or adding head-specific capacity.
2025-12-12 17:55:52 - root - INFO - [unified_multitask_training.py:415] - Epoch 64 | val price=2.7741 trend=0.0004 risk=0.3378 state=1.8028 acc=0.528
2025-12-12 17:55:52 - root - INFO - [unified_multitask_training.py:425] - HEAD: price_loss is lagging (loss 2.7741 vs median 1.0703).
2025-12-12 17:55:52 - root - INFO - [unified_multitask_training.py:425] - HEAD: state head accuracy: 52.77%.
2025-12-12 17:55:52 - root - INFO - [unified_multitask_training.py:425] - HEAD: Consider increasing that head's loss weight or adding head-specific capacity.
2025-12-12 17:55:56 - root - INFO - [unified_multitask_training.py:415] - Epoch 65 | val price=2.7679 trend=0.0003 risk=0.3373 state=1.6635 acc=0.509
2025-12-12 17:55:56 - root - INFO - [unified_multitask_training.py:425] - HEAD: price_loss is lagging (loss 2.7679 vs median 1.0004).
2025-12-12 17:55:56 - root - INFO - [unified_multitask_training.py:425] - HEAD: state head accuracy: 50.92%.
2025-12-12 17:55:56 - root - INFO - [unified_multitask_training.py:425] - HEAD: Consider increasing that head's loss weight or adding head-specific capacity.
2025-12-12 17:56:00 - root - INFO - [unified_multitask_training.py:415] - Epoch 66 | val price=2.7345 trend=0.0004 risk=0.3391 state=1.8807 acc=0.510
2025-12-12 17:56:00 - root - INFO - [unified_multitask_training.py:425] - HEAD: price_loss is lagging (loss 2.7345 vs median 1.1099).
2025-12-12 17:56:00 - root - INFO - [unified_multitask_training.py:425] - HEAD: state head accuracy: 51.03%.
2025-12-12 17:56:00 - root - INFO - [unified_multitask_training.py:425] - HEAD: Consider increasing that head's loss weight or adding head-specific capacity.
2025-12-12 17:56:05 - root - INFO - [unified_multitask_training.py:415] - Epoch 67 | val price=2.7679 trend=0.0003 risk=0.3383 state=1.7030 acc=0.525
2025-12-12 17:56:05 - root - INFO - [unified_multitask_training.py:425] - HEAD: price_loss is lagging (loss 2.7679 vs median 1.0206).
2025-12-12 17:56:05 - root - INFO - [unified_multitask_training.py:425] - HEAD: state head accuracy: 52.46%.
2025-12-12 17:56:05 - root - INFO - [unified_multitask_training.py:425] - HEAD: Consider increasing that head's loss weight or adding head-specific capacity.
2025-12-12 17:56:09 - root - INFO - [unified_multitask_training.py:415] - Epoch 68 | val price=2.6450 trend=0.0003 risk=0.3366 state=1.4939 acc=0.573
2025-12-12 17:56:09 - root - INFO - [unified_multitask_training.py:425] - HEAD: price_loss is lagging (loss 2.6450 vs median 0.9152).
2025-12-12 17:56:09 - root - INFO - [unified_multitask_training.py:425] - HEAD: state head accuracy: 57.29%.
2025-12-12 17:56:09 - root - INFO - [unified_multitask_training.py:425] - HEAD: Consider increasing that head's loss weight or adding head-specific capacity.
2025-12-12 17:56:13 - root - INFO - [unified_multitask_training.py:415] - Epoch 69 | val price=2.7311 trend=0.0004 risk=0.3384 state=1.9989 acc=0.492
2025-12-12 17:56:13 - root - INFO - [unified_multitask_training.py:425] - HEAD: price_loss is lagging (loss 2.7311 vs median 1.1686).
2025-12-12 17:56:13 - root - INFO - [unified_multitask_training.py:425] - HEAD: state head accuracy is low (49.18%); check labels or class balance.
2025-12-12 17:56:13 - root - INFO - [unified_multitask_training.py:425] - HEAD: Consider increasing that head's loss weight or adding head-specific capacity.
2025-12-12 17:56:18 - root - INFO - [unified_multitask_training.py:415] - Epoch 70 | val price=2.7834 trend=0.0004 risk=0.3381 state=1.8091 acc=0.531
2025-12-12 17:56:18 - root - INFO - [unified_multitask_training.py:425] - HEAD: price_loss is lagging (loss 2.7834 vs median 1.0736).
2025-12-12 17:56:18 - root - INFO - [unified_multitask_training.py:425] - HEAD: state head accuracy: 53.08%.
2025-12-12 17:56:18 - root - INFO - [unified_multitask_training.py:425] - HEAD: Consider increasing that head's loss weight or adding head-specific capacity.
2025-12-12 17:56:22 - root - INFO - [unified_multitask_training.py:415] - Epoch 71 | val price=2.7647 trend=0.0003 risk=0.3383 state=1.9482 acc=0.505
2025-12-12 17:56:22 - root - INFO - [unified_multitask_training.py:425] - HEAD: price_loss is lagging (loss 2.7647 vs median 1.1433).
2025-12-12 17:56:22 - root - INFO - [unified_multitask_training.py:425] - HEAD: state head accuracy: 50.51%.
2025-12-12 17:56:22 - root - INFO - [unified_multitask_training.py:425] - HEAD: Consider increasing that head's loss weight or adding head-specific capacity.
2025-12-12 17:56:27 - root - INFO - [unified_multitask_training.py:415] - Epoch 72 | val price=2.7784 trend=0.0003 risk=0.3398 state=2.0281 acc=0.488
2025-12-12 17:56:27 - root - INFO - [unified_multitask_training.py:425] - HEAD: price_loss is lagging (loss 2.7784 vs median 1.1839).
2025-12-12 17:56:27 - root - INFO - [unified_multitask_training.py:425] - HEAD: state head accuracy is low (48.77%); check labels or class balance.
2025-12-12 17:56:27 - root - INFO - [unified_multitask_training.py:425] - HEAD: Consider increasing that head's loss weight or adding head-specific capacity.
2025-12-12 17:56:31 - root - INFO - [unified_multitask_training.py:415] - Epoch 73 | val price=2.8423 trend=0.0003 risk=0.3389 state=2.1114 acc=0.503
2025-12-12 17:56:31 - root - INFO - [unified_multitask_training.py:425] - HEAD: price_loss is lagging (loss 2.8423 vs median 1.2252).
2025-12-12 17:56:31 - root - INFO - [unified_multitask_training.py:425] - HEAD: state head accuracy: 50.31%.
2025-12-12 17:56:31 - root - INFO - [unified_multitask_training.py:425] - HEAD: Consider increasing that head's loss weight or adding head-specific capacity.
2025-12-12 17:56:36 - root - INFO - [unified_multitask_training.py:415] - Epoch 74 | val price=2.7395 trend=0.0004 risk=0.3359 state=1.7829 acc=0.526
2025-12-12 17:56:36 - root - INFO - [unified_multitask_training.py:425] - HEAD: price_loss is lagging (loss 2.7395 vs median 1.0594).
2025-12-12 17:56:36 - root - INFO - [unified_multitask_training.py:425] - HEAD: state head accuracy: 52.57%.
2025-12-12 17:56:36 - root - INFO - [unified_multitask_training.py:425] - HEAD: Consider increasing that head's loss weight or adding head-specific capacity.
2025-12-12 17:56:40 - root - INFO - [unified_multitask_training.py:415] - Epoch 75 | val price=2.6774 trend=0.0003 risk=0.3365 state=1.4910 acc=0.537
2025-12-12 17:56:40 - root - INFO - [unified_multitask_training.py:425] - HEAD: price_loss is lagging (loss 2.6774 vs median 0.9138).
2025-12-12 17:56:40 - root - INFO - [unified_multitask_training.py:425] - HEAD: state head accuracy: 53.70%.
2025-12-12 17:56:40 - root - INFO - [unified_multitask_training.py:425] - HEAD: Consider increasing that head's loss weight or adding head-specific capacity.
2025-12-12 17:56:45 - root - INFO - [unified_multitask_training.py:415] - Epoch 76 | val price=2.6561 trend=0.0003 risk=0.3402 state=2.2919 acc=0.474
2025-12-12 17:56:45 - root - INFO - [unified_multitask_training.py:425] - HEAD: price_loss is lagging (loss 2.6561 vs median 1.3161).
2025-12-12 17:56:45 - root - INFO - [unified_multitask_training.py:425] - HEAD: state head accuracy is low (47.43%); check labels or class balance.
2025-12-12 17:56:45 - root - INFO - [unified_multitask_training.py:425] - HEAD: Consider increasing that head's loss weight or adding head-specific capacity.
2025-12-12 17:56:49 - root - INFO - [unified_multitask_training.py:415] - Epoch 77 | val price=2.7634 trend=0.0003 risk=0.3390 state=1.9581 acc=0.506
2025-12-12 17:56:49 - root - INFO - [unified_multitask_training.py:425] - HEAD: price_loss is lagging (loss 2.7634 vs median 1.1485).
2025-12-12 17:56:49 - root - INFO - [unified_multitask_training.py:425] - HEAD: state head accuracy: 50.62%.
2025-12-12 17:56:49 - root - INFO - [unified_multitask_training.py:425] - HEAD: Consider increasing that head's loss weight or adding head-specific capacity.
2025-12-12 17:56:54 - root - INFO - [unified_multitask_training.py:415] - Epoch 78 | val price=2.7046 trend=0.0003 risk=0.3368 state=1.8673 acc=0.521
2025-12-12 17:56:54 - root - INFO - [unified_multitask_training.py:425] - HEAD: price_loss is lagging (loss 2.7046 vs median 1.1020).
2025-12-12 17:56:54 - root - INFO - [unified_multitask_training.py:425] - HEAD: state head accuracy: 52.05%.
2025-12-12 17:56:54 - root - INFO - [unified_multitask_training.py:425] - HEAD: Consider increasing that head's loss weight or adding head-specific capacity.
2025-12-12 17:56:58 - root - INFO - [unified_multitask_training.py:415] - Epoch 79 | val price=2.7832 trend=0.0004 risk=0.3403 state=1.9939 acc=0.509
2025-12-12 17:56:58 - root - INFO - [unified_multitask_training.py:425] - HEAD: price_loss is lagging (loss 2.7832 vs median 1.1671).
2025-12-12 17:56:58 - root - INFO - [unified_multitask_training.py:425] - HEAD: state head accuracy: 50.92%.
2025-12-12 17:56:58 - root - INFO - [unified_multitask_training.py:425] - HEAD: Consider increasing that head's loss weight or adding head-specific capacity.
2025-12-12 17:57:02 - root - INFO - [unified_multitask_training.py:415] - Epoch 80 | val price=2.6812 trend=0.0006 risk=0.3367 state=1.7923 acc=0.529
2025-12-12 17:57:02 - root - INFO - [unified_multitask_training.py:425] - HEAD: price_loss is lagging (loss 2.6812 vs median 1.0645).
2025-12-12 17:57:02 - root - INFO - [unified_multitask_training.py:425] - HEAD: state head accuracy: 52.87%.
2025-12-12 17:57:02 - root - INFO - [unified_multitask_training.py:425] - HEAD: Consider increasing that head's loss weight or adding head-specific capacity.
2025-12-12 17:57:07 - root - INFO - [unified_multitask_training.py:415] - Epoch 81 | val price=2.7508 trend=0.0003 risk=0.3370 state=1.7550 acc=0.530
2025-12-12 17:57:07 - root - INFO - [unified_multitask_training.py:425] - HEAD: price_loss is lagging (loss 2.7508 vs median 1.0460).
2025-12-12 17:57:07 - root - INFO - [unified_multitask_training.py:425] - HEAD: state head accuracy: 52.98%.
2025-12-12 17:57:07 - root - INFO - [unified_multitask_training.py:425] - HEAD: Consider increasing that head's loss weight or adding head-specific capacity.
2025-12-12 17:57:11 - root - INFO - [unified_multitask_training.py:415] - Epoch 82 | val price=2.8211 trend=0.0004 risk=0.3372 state=1.8708 acc=0.512
2025-12-12 17:57:11 - root - INFO - [unified_multitask_training.py:425] - HEAD: price_loss is lagging (loss 2.8211 vs median 1.1040).
2025-12-12 17:57:11 - root - INFO - [unified_multitask_training.py:425] - HEAD: state head accuracy: 51.23%.
2025-12-12 17:57:11 - root - INFO - [unified_multitask_training.py:425] - HEAD: Consider increasing that head's loss weight or adding head-specific capacity.
2025-12-12 17:57:16 - root - INFO - [unified_multitask_training.py:415] - Epoch 83 | val price=2.7862 trend=0.0003 risk=0.3381 state=2.0768 acc=0.495
2025-12-12 17:57:16 - root - INFO - [unified_multitask_training.py:425] - HEAD: price_loss is lagging (loss 2.7862 vs median 1.2075).
2025-12-12 17:57:16 - root - INFO - [unified_multitask_training.py:425] - HEAD: state head accuracy is low (49.49%); check labels or class balance.
2025-12-12 17:57:16 - root - INFO - [unified_multitask_training.py:425] - HEAD: Consider increasing that head's loss weight or adding head-specific capacity.
2025-12-12 17:57:20 - root - INFO - [unified_multitask_training.py:415] - Epoch 84 | val price=2.7949 trend=0.0003 risk=0.3390 state=2.2082 acc=0.472
2025-12-12 17:57:20 - root - INFO - [unified_multitask_training.py:425] - HEAD: price_loss is lagging (loss 2.7949 vs median 1.2736).
2025-12-12 17:57:20 - root - INFO - [unified_multitask_training.py:425] - HEAD: state head accuracy is low (47.23%); check labels or class balance.
2025-12-12 17:57:20 - root - INFO - [unified_multitask_training.py:425] - HEAD: Consider increasing that head's loss weight or adding head-specific capacity.
2025-12-12 17:57:25 - root - INFO - [unified_multitask_training.py:415] - Epoch 85 | val price=2.8736 trend=0.0003 risk=0.3373 state=1.7497 acc=0.513
2025-12-12 17:57:25 - root - INFO - [unified_multitask_training.py:425] - HEAD: price_loss is lagging (loss 2.8736 vs median 1.0435).
2025-12-12 17:57:25 - root - INFO - [unified_multitask_training.py:425] - HEAD: state head accuracy: 51.33%.
2025-12-12 17:57:25 - root - INFO - [unified_multitask_training.py:425] - HEAD: Consider increasing that head's loss weight or adding head-specific capacity.
2025-12-12 17:57:29 - root - INFO - [unified_multitask_training.py:415] - Epoch 86 | val price=2.7482 trend=0.0004 risk=0.3370 state=1.9357 acc=0.522
2025-12-12 17:57:29 - root - INFO - [unified_multitask_training.py:425] - HEAD: price_loss is lagging (loss 2.7482 vs median 1.1363).
2025-12-12 17:57:29 - root - INFO - [unified_multitask_training.py:425] - HEAD: state head accuracy: 52.16%.
2025-12-12 17:57:29 - root - INFO - [unified_multitask_training.py:425] - HEAD: Consider increasing that head's loss weight or adding head-specific capacity.
2025-12-12 17:57:33 - root - INFO - [unified_multitask_training.py:415] - Epoch 87 | val price=2.6858 trend=0.0003 risk=0.3368 state=1.9364 acc=0.518
2025-12-12 17:57:33 - root - INFO - [unified_multitask_training.py:425] - HEAD: price_loss is lagging (loss 2.6858 vs median 1.1366).
2025-12-12 17:57:33 - root - INFO - [unified_multitask_training.py:425] - HEAD: state head accuracy: 51.85%.
2025-12-12 17:57:33 - root - INFO - [unified_multitask_training.py:425] - HEAD: Consider increasing that head's loss weight or adding head-specific capacity.
2025-12-12 17:57:38 - root - INFO - [unified_multitask_training.py:415] - Epoch 88 | val price=2.7804 trend=0.0003 risk=0.3405 state=2.2101 acc=0.490
2025-12-12 17:57:38 - root - INFO - [unified_multitask_training.py:425] - HEAD: price_loss is lagging (loss 2.7804 vs median 1.2753).
2025-12-12 17:57:38 - root - INFO - [unified_multitask_training.py:425] - HEAD: state head accuracy is low (48.97%); check labels or class balance.
2025-12-12 17:57:38 - root - INFO - [unified_multitask_training.py:425] - HEAD: Consider increasing that head's loss weight or adding head-specific capacity.
2025-12-12 17:57:42 - root - INFO - [unified_multitask_training.py:415] - Epoch 89 | val price=2.7641 trend=0.0003 risk=0.3370 state=1.8583 acc=0.502
2025-12-12 17:57:42 - root - INFO - [unified_multitask_training.py:425] - HEAD: price_loss is lagging (loss 2.7641 vs median 1.0977).
2025-12-12 17:57:42 - root - INFO - [unified_multitask_training.py:425] - HEAD: state head accuracy: 50.21%.
2025-12-12 17:57:42 - root - INFO - [unified_multitask_training.py:425] - HEAD: Consider increasing that head's loss weight or adding head-specific capacity.
2025-12-12 17:57:47 - root - INFO - [unified_multitask_training.py:415] - Epoch 90 | val price=2.7545 trend=0.0003 risk=0.3378 state=2.0371 acc=0.503
2025-12-12 17:57:47 - root - INFO - [unified_multitask_training.py:425] - HEAD: price_loss is lagging (loss 2.7545 vs median 1.1875).
2025-12-12 17:57:47 - root - INFO - [unified_multitask_training.py:425] - HEAD: state head accuracy: 50.31%.
2025-12-12 17:57:47 - root - INFO - [unified_multitask_training.py:425] - HEAD: Consider increasing that head's loss weight or adding head-specific capacity.
2025-12-12 17:57:51 - root - INFO - [unified_multitask_training.py:415] - Epoch 91 | val price=2.6971 trend=0.0003 risk=0.3378 state=1.9505 acc=0.521
2025-12-12 17:57:51 - root - INFO - [unified_multitask_training.py:425] - HEAD: price_loss is lagging (loss 2.6971 vs median 1.1441).
2025-12-12 17:57:51 - root - INFO - [unified_multitask_training.py:425] - HEAD: state head accuracy: 52.05%.
2025-12-12 17:57:51 - root - INFO - [unified_multitask_training.py:425] - HEAD: Consider increasing that head's loss weight or adding head-specific capacity.
2025-12-12 17:57:55 - root - INFO - [unified_multitask_training.py:415] - Epoch 92 | val price=2.8514 trend=0.0003 risk=0.3375 state=1.9952 acc=0.512
2025-12-12 17:57:55 - root - INFO - [unified_multitask_training.py:425] - HEAD: price_loss is lagging (loss 2.8514 vs median 1.1663).
2025-12-12 17:57:55 - root - INFO - [unified_multitask_training.py:425] - HEAD: state head accuracy: 51.23%.
2025-12-12 17:57:55 - root - INFO - [unified_multitask_training.py:425] - HEAD: Consider increasing that head's loss weight or adding head-specific capacity.
2025-12-12 17:58:00 - root - INFO - [unified_multitask_training.py:415] - Epoch 93 | val price=2.7515 trend=0.0004 risk=0.3396 state=2.1925 acc=0.498
2025-12-12 17:58:00 - root - INFO - [unified_multitask_training.py:425] - HEAD: price_loss is lagging (loss 2.7515 vs median 1.2661).
2025-12-12 17:58:00 - root - INFO - [unified_multitask_training.py:425] - HEAD: state head accuracy is low (49.79%); check labels or class balance.
2025-12-12 17:58:00 - root - INFO - [unified_multitask_training.py:425] - HEAD: Consider increasing that head's loss weight or adding head-specific capacity.
2025-12-12 17:58:04 - root - INFO - [unified_multitask_training.py:415] - Epoch 94 | val price=2.7911 trend=0.0003 risk=0.3374 state=1.8752 acc=0.524
2025-12-12 17:58:04 - root - INFO - [unified_multitask_training.py:425] - HEAD: price_loss is lagging (loss 2.7911 vs median 1.1063).
2025-12-12 17:58:04 - root - INFO - [unified_multitask_training.py:425] - HEAD: state head accuracy: 52.36%.
2025-12-12 17:58:04 - root - INFO - [unified_multitask_training.py:425] - HEAD: Consider increasing that head's loss weight or adding head-specific capacity.
2025-12-12 17:58:09 - root - INFO - [unified_multitask_training.py:415] - Epoch 95 | val price=2.6812 trend=0.0003 risk=0.3390 state=1.9273 acc=0.517
2025-12-12 17:58:09 - root - INFO - [unified_multitask_training.py:425] - HEAD: price_loss is lagging (loss 2.6812 vs median 1.1331).
2025-12-12 17:58:09 - root - INFO - [unified_multitask_training.py:425] - HEAD: state head accuracy: 51.75%.
2025-12-12 17:58:09 - root - INFO - [unified_multitask_training.py:425] - HEAD: Consider increasing that head's loss weight or adding head-specific capacity.
2025-12-12 17:58:13 - root - INFO - [unified_multitask_training.py:415] - Epoch 96 | val price=2.8280 trend=0.0006 risk=0.3377 state=2.0416 acc=0.515
2025-12-12 17:58:13 - root - INFO - [unified_multitask_training.py:425] - HEAD: price_loss is lagging (loss 2.8280 vs median 1.1896).
2025-12-12 17:58:13 - root - INFO - [unified_multitask_training.py:425] - HEAD: state head accuracy: 51.54%.
2025-12-12 17:58:13 - root - INFO - [unified_multitask_training.py:425] - HEAD: Consider increasing that head's loss weight or adding head-specific capacity.
2025-12-12 17:58:17 - root - INFO - [unified_multitask_training.py:415] - Epoch 97 | val price=2.7003 trend=0.0003 risk=0.3357 state=1.6910 acc=0.531
2025-12-12 17:58:17 - root - INFO - [unified_multitask_training.py:425] - HEAD: price_loss is lagging (loss 2.7003 vs median 1.0134).
2025-12-12 17:58:17 - root - INFO - [unified_multitask_training.py:425] - HEAD: state head accuracy: 53.08%.
2025-12-12 17:58:17 - root - INFO - [unified_multitask_training.py:425] - HEAD: Consider increasing that head's loss weight or adding head-specific capacity.
2025-12-12 17:58:22 - root - INFO - [unified_multitask_training.py:415] - Epoch 98 | val price=2.6872 trend=0.0004 risk=0.3361 state=1.7521 acc=0.535
2025-12-12 17:58:22 - root - INFO - [unified_multitask_training.py:425] - HEAD: price_loss is lagging (loss 2.6872 vs median 1.0441).
2025-12-12 17:58:22 - root - INFO - [unified_multitask_training.py:425] - HEAD: state head accuracy: 53.49%.
2025-12-12 17:58:22 - root - INFO - [unified_multitask_training.py:425] - HEAD: Consider increasing that head's loss weight or adding head-specific capacity.
2025-12-12 17:58:27 - root - INFO - [unified_multitask_training.py:415] - Epoch 99 | val price=2.7946 trend=0.0003 risk=0.3371 state=2.0101 acc=0.517
2025-12-12 17:58:27 - root - INFO - [unified_multitask_training.py:425] - HEAD: price_loss is lagging (loss 2.7946 vs median 1.1736).
2025-12-12 17:58:27 - root - INFO - [unified_multitask_training.py:425] - HEAD: state head accuracy: 51.75%.
2025-12-12 17:58:27 - root - INFO - [unified_multitask_training.py:425] - HEAD: Consider increasing that head's loss weight or adding head-specific capacity.
2025-12-12 17:58:31 - root - INFO - [unified_multitask_training.py:415] - Epoch 100 | val price=2.8605 trend=0.0003 risk=0.3389 state=2.1678 acc=0.507
2025-12-12 17:58:31 - root - INFO - [unified_multitask_training.py:425] - HEAD: price_loss is lagging (loss 2.8605 vs median 1.2534).
2025-12-12 17:58:31 - root - INFO - [unified_multitask_training.py:425] - HEAD: state head accuracy: 50.72%.
2025-12-12 17:58:31 - root - INFO - [unified_multitask_training.py:425] - HEAD: Consider increasing that head's loss weight or adding head-specific capacity.
2025-12-12 17:58:35 - root - INFO - [unified_multitask_training.py:415] - Epoch 101 | val price=2.7791 trend=0.0003 risk=0.3371 state=1.9066 acc=0.537
2025-12-12 17:58:35 - root - INFO - [unified_multitask_training.py:425] - HEAD: price_loss is lagging (loss 2.7791 vs median 1.1219).
2025-12-12 17:58:35 - root - INFO - [unified_multitask_training.py:425] - HEAD: state head accuracy: 53.70%.
2025-12-12 17:58:35 - root - INFO - [unified_multitask_training.py:425] - HEAD: Consider increasing that head's loss weight or adding head-specific capacity.
2025-12-12 17:58:40 - root - INFO - [unified_multitask_training.py:415] - Epoch 102 | val price=2.6297 trend=0.0003 risk=0.3374 state=1.9437 acc=0.523
2025-12-12 17:58:40 - root - INFO - [unified_multitask_training.py:425] - HEAD: price_loss is lagging (loss 2.6297 vs median 1.1406).
2025-12-12 17:58:40 - root - INFO - [unified_multitask_training.py:425] - HEAD: state head accuracy: 52.26%.
2025-12-12 17:58:40 - root - INFO - [unified_multitask_training.py:425] - HEAD: Consider increasing that head's loss weight or adding head-specific capacity.
2025-12-12 17:58:44 - root - INFO - [unified_multitask_training.py:415] - Epoch 103 | val price=2.7653 trend=0.0004 risk=0.3375 state=2.0835 acc=0.511
2025-12-12 17:58:44 - root - INFO - [unified_multitask_training.py:425] - HEAD: price_loss is lagging (loss 2.7653 vs median 1.2105).
2025-12-12 17:58:44 - root - INFO - [unified_multitask_training.py:425] - HEAD: state head accuracy: 51.13%.
2025-12-12 17:58:44 - root - INFO - [unified_multitask_training.py:425] - HEAD: Consider increasing that head's loss weight or adding head-specific capacity.
2025-12-12 17:58:49 - root - INFO - [unified_multitask_training.py:415] - Epoch 104 | val price=2.6947 trend=0.0003 risk=0.3360 state=1.8653 acc=0.530
2025-12-12 17:58:49 - root - INFO - [unified_multitask_training.py:425] - HEAD: price_loss is lagging (loss 2.6947 vs median 1.1006).
2025-12-12 17:58:49 - root - INFO - [unified_multitask_training.py:425] - HEAD: state head accuracy: 52.98%.
2025-12-12 17:58:49 - root - INFO - [unified_multitask_training.py:425] - HEAD: Consider increasing that head's loss weight or adding head-specific capacity.
2025-12-12 17:58:53 - root - INFO - [unified_multitask_training.py:415] - Epoch 105 | val price=2.7801 trend=0.0003 risk=0.3379 state=2.1399 acc=0.510
2025-12-12 17:58:53 - root - INFO - [unified_multitask_training.py:425] - HEAD: price_loss is lagging (loss 2.7801 vs median 1.2389).
2025-12-12 17:58:53 - root - INFO - [unified_multitask_training.py:425] - HEAD: state head accuracy: 51.03%.
2025-12-12 17:58:53 - root - INFO - [unified_multitask_training.py:425] - HEAD: Consider increasing that head's loss weight or adding head-specific capacity.
2025-12-12 17:58:58 - root - INFO - [unified_multitask_training.py:415] - Epoch 106 | val price=2.8240 trend=0.0003 risk=0.3391 state=2.2390 acc=0.491
2025-12-12 17:58:58 - root - INFO - [unified_multitask_training.py:425] - HEAD: price_loss is lagging (loss 2.8240 vs median 1.2890).
2025-12-12 17:58:58 - root - INFO - [unified_multitask_training.py:425] - HEAD: state head accuracy is low (49.08%); check labels or class balance.
2025-12-12 17:58:58 - root - INFO - [unified_multitask_training.py:425] - HEAD: Consider increasing that head's loss weight or adding head-specific capacity.
2025-12-12 17:59:03 - root - INFO - [unified_multitask_training.py:415] - Epoch 107 | val price=2.7477 trend=0.0003 risk=0.3360 state=1.9278 acc=0.552
2025-12-12 17:59:03 - root - INFO - [unified_multitask_training.py:425] - HEAD: price_loss is lagging (loss 2.7477 vs median 1.1319).
2025-12-12 17:59:03 - root - INFO - [unified_multitask_training.py:425] - HEAD: state head accuracy: 55.24%.
2025-12-12 17:59:03 - root - INFO - [unified_multitask_training.py:425] - HEAD: Consider increasing that head's loss weight or adding head-specific capacity.
2025-12-12 17:59:07 - root - INFO - [unified_multitask_training.py:415] - Epoch 108 | val price=2.6839 trend=0.0003 risk=0.3365 state=1.7703 acc=0.529
2025-12-12 17:59:07 - root - INFO - [unified_multitask_training.py:425] - HEAD: price_loss is lagging (loss 2.6839 vs median 1.0534).
2025-12-12 17:59:07 - root - INFO - [unified_multitask_training.py:425] - HEAD: state head accuracy: 52.87%.
2025-12-12 17:59:07 - root - INFO - [unified_multitask_training.py:425] - HEAD: Consider increasing that head's loss weight or adding head-specific capacity.
2025-12-12 17:59:12 - root - INFO - [unified_multitask_training.py:415] - Epoch 109 | val price=2.7849 trend=0.0003 risk=0.3376 state=2.1352 acc=0.503
2025-12-12 17:59:12 - root - INFO - [unified_multitask_training.py:425] - HEAD: price_loss is lagging (loss 2.7849 vs median 1.2364).
2025-12-12 17:59:12 - root - INFO - [unified_multitask_training.py:425] - HEAD: state head accuracy: 50.31%.
2025-12-12 17:59:12 - root - INFO - [unified_multitask_training.py:425] - HEAD: Consider increasing that head's loss weight or adding head-specific capacity.
2025-12-12 17:59:16 - root - INFO - [unified_multitask_training.py:415] - Epoch 110 | val price=2.7648 trend=0.0004 risk=0.3363 state=1.8999 acc=0.540
2025-12-12 17:59:16 - root - INFO - [unified_multitask_training.py:425] - HEAD: price_loss is lagging (loss 2.7648 vs median 1.1181).
2025-12-12 17:59:16 - root - INFO - [unified_multitask_training.py:425] - HEAD: state head accuracy: 54.00%.
2025-12-12 17:59:16 - root - INFO - [unified_multitask_training.py:425] - HEAD: Consider increasing that head's loss weight or adding head-specific capacity.
2025-12-12 17:59:21 - root - INFO - [unified_multitask_training.py:415] - Epoch 111 | val price=2.7917 trend=0.0003 risk=0.3367 state=2.0182 acc=0.533
2025-12-12 17:59:21 - root - INFO - [unified_multitask_training.py:425] - HEAD: price_loss is lagging (loss 2.7917 vs median 1.1775).
2025-12-12 17:59:21 - root - INFO - [unified_multitask_training.py:425] - HEAD: state head accuracy: 53.29%.
2025-12-12 17:59:21 - root - INFO - [unified_multitask_training.py:425] - HEAD: Consider increasing that head's loss weight or adding head-specific capacity.
2025-12-12 17:59:25 - root - INFO - [unified_multitask_training.py:415] - Epoch 112 | val price=2.7760 trend=0.0003 risk=0.3370 state=2.1850 acc=0.492
2025-12-12 17:59:25 - root - INFO - [unified_multitask_training.py:425] - HEAD: price_loss is lagging (loss 2.7760 vs median 1.2610).
2025-12-12 17:59:25 - root - INFO - [unified_multitask_training.py:425] - HEAD: state head accuracy is low (49.18%); check labels or class balance.
2025-12-12 17:59:25 - root - INFO - [unified_multitask_training.py:425] - HEAD: Consider increasing that head's loss weight or adding head-specific capacity.
2025-12-12 17:59:30 - root - INFO - [unified_multitask_training.py:415] - Epoch 113 | val price=2.7007 trend=0.0003 risk=0.3367 state=2.0516 acc=0.523
2025-12-12 17:59:30 - root - INFO - [unified_multitask_training.py:425] - HEAD: price_loss is lagging (loss 2.7007 vs median 1.1941).
2025-12-12 17:59:30 - root - INFO - [unified_multitask_training.py:425] - HEAD: state head accuracy: 52.26%.
2025-12-12 17:59:30 - root - INFO - [unified_multitask_training.py:425] - HEAD: Consider increasing that head's loss weight or adding head-specific capacity.
2025-12-12 17:59:34 - root - INFO - [unified_multitask_training.py:415] - Epoch 114 | val price=2.6597 trend=0.0003 risk=0.3375 state=2.0121 acc=0.518
2025-12-12 17:59:34 - root - INFO - [unified_multitask_training.py:425] - HEAD: price_loss is lagging (loss 2.6597 vs median 1.1748).
2025-12-12 17:59:34 - root - INFO - [unified_multitask_training.py:425] - HEAD: state head accuracy: 51.85%.
2025-12-12 17:59:34 - root - INFO - [unified_multitask_training.py:425] - HEAD: Consider increasing that head's loss weight or adding head-specific capacity.
2025-12-12 17:59:38 - root - INFO - [unified_multitask_training.py:415] - Epoch 115 | val price=2.7515 trend=0.0003 risk=0.3365 state=1.9979 acc=0.531
2025-12-12 17:59:38 - root - INFO - [unified_multitask_training.py:425] - HEAD: price_loss is lagging (loss 2.7515 vs median 1.1672).
2025-12-12 17:59:38 - root - INFO - [unified_multitask_training.py:425] - HEAD: state head accuracy: 53.08%.
2025-12-12 17:59:38 - root - INFO - [unified_multitask_training.py:425] - HEAD: Consider increasing that head's loss weight or adding head-specific capacity.
2025-12-12 17:59:43 - root - INFO - [unified_multitask_training.py:415] - Epoch 116 | val price=2.6718 trend=0.0003 risk=0.3369 state=2.0387 acc=0.521
2025-12-12 17:59:43 - root - INFO - [unified_multitask_training.py:425] - HEAD: price_loss is lagging (loss 2.6718 vs median 1.1878).
2025-12-12 17:59:43 - root - INFO - [unified_multitask_training.py:425] - HEAD: state head accuracy: 52.05%.
2025-12-12 17:59:43 - root - INFO - [unified_multitask_training.py:425] - HEAD: Consider increasing that head's loss weight or adding head-specific capacity.
2025-12-12 17:59:47 - root - INFO - [unified_multitask_training.py:415] - Epoch 117 | val price=2.7107 trend=0.0003 risk=0.3361 state=2.0293 acc=0.536
2025-12-12 17:59:47 - root - INFO - [unified_multitask_training.py:425] - HEAD: price_loss is lagging (loss 2.7107 vs median 1.1827).
2025-12-12 17:59:47 - root - INFO - [unified_multitask_training.py:425] - HEAD: state head accuracy: 53.59%.
2025-12-12 17:59:47 - root - INFO - [unified_multitask_training.py:425] - HEAD: Consider increasing that head's loss weight or adding head-specific capacity.
2025-12-12 17:59:52 - root - INFO - [unified_multitask_training.py:415] - Epoch 118 | val price=2.7345 trend=0.0003 risk=0.3375 state=2.1312 acc=0.512
2025-12-12 17:59:52 - root - INFO - [unified_multitask_training.py:425] - HEAD: price_loss is lagging (loss 2.7345 vs median 1.2343).
2025-12-12 17:59:52 - root - INFO - [unified_multitask_training.py:425] - HEAD: state head accuracy: 51.23%.
2025-12-12 17:59:52 - root - INFO - [unified_multitask_training.py:425] - HEAD: Consider increasing that head's loss weight or adding head-specific capacity.
2025-12-12 17:59:56 - root - INFO - [unified_multitask_training.py:415] - Epoch 119 | val price=2.7105 trend=0.0003 risk=0.3362 state=1.8606 acc=0.521
2025-12-12 17:59:56 - root - INFO - [unified_multitask_training.py:425] - HEAD: price_loss is lagging (loss 2.7105 vs median 1.0984).
2025-12-12 17:59:56 - root - INFO - [unified_multitask_training.py:425] - HEAD: state head accuracy: 52.05%.
2025-12-12 17:59:56 - root - INFO - [unified_multitask_training.py:425] - HEAD: Consider increasing that head's loss weight or adding head-specific capacity.
2025-12-12 18:00:00 - root - INFO - [unified_multitask_training.py:415] - Epoch 120 | val price=2.6640 trend=0.0003 risk=0.3357 state=1.7515 acc=0.545
2025-12-12 18:00:00 - root - INFO - [unified_multitask_training.py:425] - HEAD: price_loss is lagging (loss 2.6640 vs median 1.0436).
2025-12-12 18:00:00 - root - INFO - [unified_multitask_training.py:425] - HEAD: state head accuracy: 54.52%.
2025-12-12 18:00:00 - root - INFO - [unified_multitask_training.py:425] - HEAD: Consider increasing that head's loss weight or adding head-specific capacity.
2025-12-12 18:00:05 - root - INFO - [unified_multitask_training.py:415] - Epoch 121 | val price=2.7460 trend=0.0003 risk=0.3355 state=1.9389 acc=0.536
2025-12-12 18:00:05 - root - INFO - [unified_multitask_training.py:425] - HEAD: price_loss is lagging (loss 2.7460 vs median 1.1372).
2025-12-12 18:00:05 - root - INFO - [unified_multitask_training.py:425] - HEAD: state head accuracy: 53.59%.
2025-12-12 18:00:05 - root - INFO - [unified_multitask_training.py:425] - HEAD: Consider increasing that head's loss weight or adding head-specific capacity.
2025-12-12 18:00:09 - root - INFO - [unified_multitask_training.py:415] - Epoch 122 | val price=2.6639 trend=0.0003 risk=0.3359 state=1.8521 acc=0.538
2025-12-12 18:00:09 - root - INFO - [unified_multitask_training.py:425] - HEAD: price_loss is lagging (loss 2.6639 vs median 1.0940).
2025-12-12 18:00:09 - root - INFO - [unified_multitask_training.py:425] - HEAD: state head accuracy: 53.80%.
2025-12-12 18:00:09 - root - INFO - [unified_multitask_training.py:425] - HEAD: Consider increasing that head's loss weight or adding head-specific capacity.
2025-12-12 18:00:14 - root - INFO - [unified_multitask_training.py:415] - Epoch 123 | val price=2.7140 trend=0.0004 risk=0.3362 state=2.0387 acc=0.526
2025-12-12 18:00:14 - root - INFO - [unified_multitask_training.py:425] - HEAD: price_loss is lagging (loss 2.7140 vs median 1.1874).
2025-12-12 18:00:14 - root - INFO - [unified_multitask_training.py:425] - HEAD: state head accuracy: 52.57%.
2025-12-12 18:00:14 - root - INFO - [unified_multitask_training.py:425] - HEAD: Consider increasing that head's loss weight or adding head-specific capacity.
2025-12-12 18:00:18 - root - INFO - [unified_multitask_training.py:415] - Epoch 124 | val price=2.7472 trend=0.0003 risk=0.3354 state=1.7300 acc=0.544
2025-12-12 18:00:18 - root - INFO - [unified_multitask_training.py:425] - HEAD: price_loss is lagging (loss 2.7472 vs median 1.0327).
2025-12-12 18:00:18 - root - INFO - [unified_multitask_training.py:425] - HEAD: state head accuracy: 54.41%.
2025-12-12 18:00:18 - root - INFO - [unified_multitask_training.py:425] - HEAD: Consider increasing that head's loss weight or adding head-specific capacity.
2025-12-12 18:00:23 - root - INFO - [unified_multitask_training.py:415] - Epoch 125 | val price=2.7455 trend=0.0003 risk=0.3351 state=1.6264 acc=0.538
2025-12-12 18:00:23 - root - INFO - [unified_multitask_training.py:425] - HEAD: price_loss is lagging (loss 2.7455 vs median 0.9807).
2025-12-12 18:00:23 - root - INFO - [unified_multitask_training.py:425] - HEAD: state head accuracy: 53.80%.
2025-12-12 18:00:23 - root - INFO - [unified_multitask_training.py:425] - HEAD: Consider increasing that head's loss weight or adding head-specific capacity.
2025-12-12 18:00:27 - root - INFO - [unified_multitask_training.py:415] - Epoch 126 | val price=2.7286 trend=0.0004 risk=0.3354 state=1.8295 acc=0.531
2025-12-12 18:00:27 - root - INFO - [unified_multitask_training.py:425] - HEAD: price_loss is lagging (loss 2.7286 vs median 1.0825).
2025-12-12 18:00:27 - root - INFO - [unified_multitask_training.py:425] - HEAD: state head accuracy: 53.08%.
2025-12-12 18:00:27 - root - INFO - [unified_multitask_training.py:425] - HEAD: Consider increasing that head's loss weight or adding head-specific capacity.
2025-12-12 18:00:32 - root - INFO - [unified_multitask_training.py:415] - Epoch 127 | val price=2.7541 trend=0.0003 risk=0.3358 state=1.8819 acc=0.523
2025-12-12 18:00:32 - root - INFO - [unified_multitask_training.py:425] - HEAD: price_loss is lagging (loss 2.7541 vs median 1.1089).
2025-12-12 18:00:32 - root - INFO - [unified_multitask_training.py:425] - HEAD: state head accuracy: 52.26%.
2025-12-12 18:00:32 - root - INFO - [unified_multitask_training.py:425] - HEAD: Consider increasing that head's loss weight or adding head-specific capacity.
2025-12-12 18:00:36 - root - INFO - [unified_multitask_training.py:415] - Epoch 128 | val price=2.7789 trend=0.0003 risk=0.3362 state=1.9056 acc=0.512
2025-12-12 18:00:36 - root - INFO - [unified_multitask_training.py:425] - HEAD: price_loss is lagging (loss 2.7789 vs median 1.1209).
2025-12-12 18:00:36 - root - INFO - [unified_multitask_training.py:425] - HEAD: state head accuracy: 51.23%.
2025-12-12 18:00:36 - root - INFO - [unified_multitask_training.py:425] - HEAD: Consider increasing that head's loss weight or adding head-specific capacity.
2025-12-12 18:00:41 - root - INFO - [unified_multitask_training.py:415] - Epoch 129 | val price=2.6239 trend=0.0006 risk=0.3363 state=2.0154 acc=0.535
2025-12-12 18:00:41 - root - INFO - [unified_multitask_training.py:425] - HEAD: price_loss is lagging (loss 2.6239 vs median 1.1759).
2025-12-12 18:00:41 - root - INFO - [unified_multitask_training.py:425] - HEAD: state head accuracy: 53.49%.
2025-12-12 18:00:41 - root - INFO - [unified_multitask_training.py:425] - HEAD: Consider increasing that head's loss weight or adding head-specific capacity.
2025-12-12 18:00:45 - root - INFO - [unified_multitask_training.py:415] - Epoch 130 | val price=2.6199 trend=0.0004 risk=0.3362 state=1.7804 acc=0.552
2025-12-12 18:00:45 - root - INFO - [unified_multitask_training.py:425] - HEAD: price_loss is lagging (loss 2.6199 vs median 1.0583).
2025-12-12 18:00:45 - root - INFO - [unified_multitask_training.py:425] - HEAD: state head accuracy: 55.24%.
2025-12-12 18:00:45 - root - INFO - [unified_multitask_training.py:425] - HEAD: Consider increasing that head's loss weight or adding head-specific capacity.
2025-12-12 18:00:49 - root - INFO - [unified_multitask_training.py:415] - Epoch 131 | val price=2.6477 trend=0.0003 risk=0.3367 state=1.9608 acc=0.526
2025-12-12 18:00:49 - root - INFO - [unified_multitask_training.py:425] - HEAD: price_loss is lagging (loss 2.6477 vs median 1.1487).
2025-12-12 18:00:49 - root - INFO - [unified_multitask_training.py:425] - HEAD: state head accuracy: 52.57%.
2025-12-12 18:00:49 - root - INFO - [unified_multitask_training.py:425] - HEAD: Consider increasing that head's loss weight or adding head-specific capacity.
2025-12-12 18:00:54 - root - INFO - [unified_multitask_training.py:415] - Epoch 132 | val price=2.6469 trend=0.0003 risk=0.3352 state=1.7100 acc=0.552
2025-12-12 18:00:54 - root - INFO - [unified_multitask_training.py:425] - HEAD: price_loss is lagging (loss 2.6469 vs median 1.0226).
2025-12-12 18:00:54 - root - INFO - [unified_multitask_training.py:425] - HEAD: state head accuracy: 55.24%.
2025-12-12 18:00:54 - root - INFO - [unified_multitask_training.py:425] - HEAD: Consider increasing that head's loss weight or adding head-specific capacity.
2025-12-12 18:00:59 - root - INFO - [unified_multitask_training.py:415] - Epoch 133 | val price=2.7013 trend=0.0004 risk=0.3368 state=1.9965 acc=0.538
2025-12-12 18:00:59 - root - INFO - [unified_multitask_training.py:425] - HEAD: price_loss is lagging (loss 2.7013 vs median 1.1666).
2025-12-12 18:00:59 - root - INFO - [unified_multitask_training.py:425] - HEAD: state head accuracy: 53.80%.
2025-12-12 18:00:59 - root - INFO - [unified_multitask_training.py:425] - HEAD: Consider increasing that head's loss weight or adding head-specific capacity.
2025-12-12 18:01:03 - root - INFO - [unified_multitask_training.py:415] - Epoch 134 | val price=2.6441 trend=0.0004 risk=0.3360 state=2.0373 acc=0.525
2025-12-12 18:01:03 - root - INFO - [unified_multitask_training.py:425] - HEAD: price_loss is lagging (loss 2.6441 vs median 1.1866).
2025-12-12 18:01:03 - root - INFO - [unified_multitask_training.py:425] - HEAD: state head accuracy: 52.46%.
2025-12-12 18:01:03 - root - INFO - [unified_multitask_training.py:425] - HEAD: Consider increasing that head's loss weight or adding head-specific capacity.
2025-12-12 18:01:08 - root - INFO - [unified_multitask_training.py:415] - Epoch 135 | val price=2.7714 trend=0.0003 risk=0.3379 state=2.2079 acc=0.503
2025-12-12 18:01:08 - root - INFO - [unified_multitask_training.py:425] - HEAD: price_loss is lagging (loss 2.7714 vs median 1.2729).
2025-12-12 18:01:08 - root - INFO - [unified_multitask_training.py:425] - HEAD: state head accuracy: 50.31%.
2025-12-12 18:01:08 - root - INFO - [unified_multitask_training.py:425] - HEAD: Consider increasing that head's loss weight or adding head-specific capacity.
2025-12-12 18:01:13 - root - INFO - [unified_multitask_training.py:415] - Epoch 136 | val price=2.7326 trend=0.0003 risk=0.3365 state=2.0301 acc=0.511
2025-12-12 18:01:13 - root - INFO - [unified_multitask_training.py:425] - HEAD: price_loss is lagging (loss 2.7326 vs median 1.1833).
2025-12-12 18:01:13 - root - INFO - [unified_multitask_training.py:425] - HEAD: state head accuracy: 51.13%.
2025-12-12 18:01:13 - root - INFO - [unified_multitask_training.py:425] - HEAD: Consider increasing that head's loss weight or adding head-specific capacity.
2025-12-12 18:01:18 - root - INFO - [unified_multitask_training.py:415] - Epoch 137 | val price=2.7146 trend=0.0004 risk=0.3373 state=1.8506 acc=0.538
2025-12-12 18:01:18 - root - INFO - [unified_multitask_training.py:425] - HEAD: price_loss is lagging (loss 2.7146 vs median 1.0940).
2025-12-12 18:01:18 - root - INFO - [unified_multitask_training.py:425] - HEAD: state head accuracy: 53.80%.
2025-12-12 18:01:18 - root - INFO - [unified_multitask_training.py:425] - HEAD: Consider increasing that head's loss weight or adding head-specific capacity.
2025-12-12 18:01:22 - root - INFO - [unified_multitask_training.py:415] - Epoch 138 | val price=2.7609 trend=0.0003 risk=0.3364 state=1.7540 acc=0.544
2025-12-12 18:01:22 - root - INFO - [unified_multitask_training.py:425] - HEAD: price_loss is lagging (loss 2.7609 vs median 1.0452).
2025-12-12 18:01:22 - root - INFO - [unified_multitask_training.py:425] - HEAD: state head accuracy: 54.41%.
2025-12-12 18:01:22 - root - INFO - [unified_multitask_training.py:425] - HEAD: Consider increasing that head's loss weight or adding head-specific capacity.
2025-12-12 18:01:27 - root - INFO - [unified_multitask_training.py:415] - Epoch 139 | val price=2.6852 trend=0.0003 risk=0.3360 state=1.8387 acc=0.530
2025-12-12 18:01:27 - root - INFO - [unified_multitask_training.py:425] - HEAD: price_loss is lagging (loss 2.6852 vs median 1.0874).
2025-12-12 18:01:27 - root - INFO - [unified_multitask_training.py:425] - HEAD: state head accuracy: 52.98%.
2025-12-12 18:01:27 - root - INFO - [unified_multitask_training.py:425] - HEAD: Consider increasing that head's loss weight or adding head-specific capacity.
2025-12-12 18:01:32 - root - INFO - [unified_multitask_training.py:415] - Epoch 140 | val price=2.6302 trend=0.0005 risk=0.3365 state=1.8504 acc=0.547
2025-12-12 18:01:32 - root - INFO - [unified_multitask_training.py:425] - HEAD: price_loss is lagging (loss 2.6302 vs median 1.0935).
2025-12-12 18:01:32 - root - INFO - [unified_multitask_training.py:425] - HEAD: state head accuracy: 54.72%.
2025-12-12 18:01:32 - root - INFO - [unified_multitask_training.py:425] - HEAD: Consider increasing that head's loss weight or adding head-specific capacity.
2025-12-12 18:01:39 - root - INFO - [unified_multitask_training.py:415] - Epoch 141 | val price=2.6382 trend=0.0004 risk=0.3380 state=2.0085 acc=0.527
2025-12-12 18:01:39 - root - INFO - [unified_multitask_training.py:425] - HEAD: price_loss is lagging (loss 2.6382 vs median 1.1733).
2025-12-12 18:01:39 - root - INFO - [unified_multitask_training.py:425] - HEAD: state head accuracy: 52.67%.
2025-12-12 18:01:39 - root - INFO - [unified_multitask_training.py:425] - HEAD: Consider increasing that head's loss weight or adding head-specific capacity.
2025-12-12 18:01:46 - root - INFO - [unified_multitask_training.py:415] - Epoch 142 | val price=2.6412 trend=0.0003 risk=0.3369 state=1.9067 acc=0.512
2025-12-12 18:01:46 - root - INFO - [unified_multitask_training.py:425] - HEAD: price_loss is lagging (loss 2.6412 vs median 1.1218).
2025-12-12 18:01:46 - root - INFO - [unified_multitask_training.py:425] - HEAD: state head accuracy: 51.23%.
2025-12-12 18:01:46 - root - INFO - [unified_multitask_training.py:425] - HEAD: Consider increasing that head's loss weight or adding head-specific capacity.
2025-12-12 18:01:51 - root - INFO - [unified_multitask_training.py:415] - Epoch 143 | val price=2.6132 trend=0.0003 risk=0.3369 state=1.8688 acc=0.548
2025-12-12 18:01:51 - root - INFO - [unified_multitask_training.py:425] - HEAD: price_loss is lagging (loss 2.6132 vs median 1.1028).
2025-12-12 18:01:51 - root - INFO - [unified_multitask_training.py:425] - HEAD: state head accuracy: 54.83%.
2025-12-12 18:01:51 - root - INFO - [unified_multitask_training.py:425] - HEAD: Consider increasing that head's loss weight or adding head-specific capacity.
2025-12-12 18:01:56 - root - INFO - [unified_multitask_training.py:415] - Epoch 144 | val price=2.5995 trend=0.0003 risk=0.3359 state=1.8239 acc=0.527
2025-12-12 18:01:56 - root - INFO - [unified_multitask_training.py:425] - HEAD: price_loss is lagging (loss 2.5995 vs median 1.0799).
2025-12-12 18:01:56 - root - INFO - [unified_multitask_training.py:425] - HEAD: state head accuracy: 52.67%.
2025-12-12 18:01:56 - root - INFO - [unified_multitask_training.py:425] - HEAD: Consider increasing that head's loss weight or adding head-specific capacity.
2025-12-12 18:02:00 - root - INFO - [unified_multitask_training.py:415] - Epoch 145 | val price=2.5925 trend=0.0003 risk=0.3353 state=1.7662 acc=0.562
2025-12-12 18:02:00 - root - INFO - [unified_multitask_training.py:425] - HEAD: price_loss is lagging (loss 2.5925 vs median 1.0507).
2025-12-12 18:02:00 - root - INFO - [unified_multitask_training.py:425] - HEAD: state head accuracy: 56.16%.
2025-12-12 18:02:00 - root - INFO - [unified_multitask_training.py:425] - HEAD: Consider increasing that head's loss weight or adding head-specific capacity.
2025-12-12 18:02:05 - root - INFO - [unified_multitask_training.py:415] - Epoch 146 | val price=2.5631 trend=0.0004 risk=0.3362 state=1.7478 acc=0.548
2025-12-12 18:02:05 - root - INFO - [unified_multitask_training.py:425] - HEAD: price_loss is lagging (loss 2.5631 vs median 1.0420).
2025-12-12 18:02:05 - root - INFO - [unified_multitask_training.py:425] - HEAD: state head accuracy: 54.83%.
2025-12-12 18:02:05 - root - INFO - [unified_multitask_training.py:425] - HEAD: Consider increasing that head's loss weight or adding head-specific capacity.
2025-12-12 18:02:09 - root - INFO - [unified_multitask_training.py:415] - Epoch 147 | val price=2.5434 trend=0.0005 risk=0.3351 state=1.7608 acc=0.540
2025-12-12 18:02:09 - root - INFO - [unified_multitask_training.py:425] - HEAD: price_loss is lagging (loss 2.5434 vs median 1.0480).
2025-12-12 18:02:09 - root - INFO - [unified_multitask_training.py:425] - HEAD: state head accuracy: 54.00%.
2025-12-12 18:02:09 - root - INFO - [unified_multitask_training.py:425] - HEAD: Consider increasing that head's loss weight or adding head-specific capacity.
2025-12-12 18:02:14 - root - INFO - [unified_multitask_training.py:415] - Epoch 148 | val price=2.6862 trend=0.0003 risk=0.3366 state=2.1765 acc=0.502
2025-12-12 18:02:14 - root - INFO - [unified_multitask_training.py:425] - HEAD: price_loss is lagging (loss 2.6862 vs median 1.2566).
2025-12-12 18:02:14 - root - INFO - [unified_multitask_training.py:425] - HEAD: state head accuracy: 50.21%.
2025-12-12 18:02:14 - root - INFO - [unified_multitask_training.py:425] - HEAD: Consider increasing that head's loss weight or adding head-specific capacity.
2025-12-12 18:02:18 - root - INFO - [unified_multitask_training.py:415] - Epoch 149 | val price=2.6206 trend=0.0004 risk=0.3360 state=1.7047 acc=0.557
2025-12-12 18:02:18 - root - INFO - [unified_multitask_training.py:425] - HEAD: price_loss is lagging (loss 2.6206 vs median 1.0203).
2025-12-12 18:02:18 - root - INFO - [unified_multitask_training.py:425] - HEAD: state head accuracy: 55.75%.
2025-12-12 18:02:18 - root - INFO - [unified_multitask_training.py:425] - HEAD: Consider increasing that head's loss weight or adding head-specific capacity.
2025-12-12 18:02:23 - root - INFO - [unified_multitask_training.py:415] - Epoch 150 | val price=2.5995 trend=0.0003 risk=0.3365 state=1.8435 acc=0.525
2025-12-12 18:02:23 - root - INFO - [unified_multitask_training.py:425] - HEAD: price_loss is lagging (loss 2.5995 vs median 1.0900).
2025-12-12 18:02:23 - root - INFO - [unified_multitask_training.py:425] - HEAD: state head accuracy: 52.46%.
2025-12-12 18:02:23 - root - INFO - [unified_multitask_training.py:425] - HEAD: Consider increasing that head's loss weight or adding head-specific capacity.
2025-12-12 18:02:28 - root - INFO - [unified_multitask_training.py:415] - Epoch 151 | val price=2.6686 trend=0.0003 risk=0.3367 state=1.8416 acc=0.516
2025-12-12 18:02:28 - root - INFO - [unified_multitask_training.py:425] - HEAD: price_loss is lagging (loss 2.6686 vs median 1.0891).
2025-12-12 18:02:28 - root - INFO - [unified_multitask_training.py:425] - HEAD: state head accuracy: 51.64%.
2025-12-12 18:02:28 - root - INFO - [unified_multitask_training.py:425] - HEAD: Consider increasing that head's loss weight or adding head-specific capacity.
2025-12-12 18:02:32 - root - INFO - [unified_multitask_training.py:415] - Epoch 152 | val price=2.6564 trend=0.0003 risk=0.3356 state=1.8054 acc=0.554
2025-12-12 18:02:32 - root - INFO - [unified_multitask_training.py:425] - HEAD: price_loss is lagging (loss 2.6564 vs median 1.0705).
2025-12-12 18:02:32 - root - INFO - [unified_multitask_training.py:425] - HEAD: state head accuracy: 55.44%.
2025-12-12 18:02:32 - root - INFO - [unified_multitask_training.py:425] - HEAD: Consider increasing that head's loss weight or adding head-specific capacity.
2025-12-12 18:02:37 - root - INFO - [unified_multitask_training.py:415] - Epoch 153 | val price=2.6368 trend=0.0003 risk=0.3368 state=2.0229 acc=0.522
2025-12-12 18:02:37 - root - INFO - [unified_multitask_training.py:425] - HEAD: price_loss is lagging (loss 2.6368 vs median 1.1799).
2025-12-12 18:02:37 - root - INFO - [unified_multitask_training.py:425] - HEAD: state head accuracy: 52.16%.
2025-12-12 18:02:37 - root - INFO - [unified_multitask_training.py:425] - HEAD: Consider increasing that head's loss weight or adding head-specific capacity.
2025-12-12 18:02:44 - root - INFO - [unified_multitask_training.py:415] - Epoch 154 | val price=2.6071 trend=0.0003 risk=0.3368 state=1.9643 acc=0.527
2025-12-12 18:02:44 - root - INFO - [unified_multitask_training.py:425] - HEAD: price_loss is lagging (loss 2.6071 vs median 1.1506).
2025-12-12 18:02:44 - root - INFO - [unified_multitask_training.py:425] - HEAD: state head accuracy: 52.67%.
2025-12-12 18:02:44 - root - INFO - [unified_multitask_training.py:425] - HEAD: Consider increasing that head's loss weight or adding head-specific capacity.
2025-12-12 18:02:50 - root - INFO - [unified_multitask_training.py:415] - Epoch 155 | val price=2.6719 trend=0.0003 risk=0.3359 state=1.9824 acc=0.496
2025-12-12 18:02:50 - root - INFO - [unified_multitask_training.py:425] - HEAD: price_loss is lagging (loss 2.6719 vs median 1.1592).
2025-12-12 18:02:50 - root - INFO - [unified_multitask_training.py:425] - HEAD: state head accuracy is low (49.59%); check labels or class balance.
2025-12-12 18:02:50 - root - INFO - [unified_multitask_training.py:425] - HEAD: Consider increasing that head's loss weight or adding head-specific capacity.
2025-12-12 18:02:55 - root - INFO - [unified_multitask_training.py:415] - Epoch 156 | val price=2.7302 trend=0.0003 risk=0.3360 state=2.0291 acc=0.512
2025-12-12 18:02:55 - root - INFO - [unified_multitask_training.py:425] - HEAD: price_loss is lagging (loss 2.7302 vs median 1.1826).
2025-12-12 18:02:55 - root - INFO - [unified_multitask_training.py:425] - HEAD: state head accuracy: 51.23%.
2025-12-12 18:02:55 - root - INFO - [unified_multitask_training.py:425] - HEAD: Consider increasing that head's loss weight or adding head-specific capacity.
2025-12-12 18:03:00 - root - INFO - [unified_multitask_training.py:415] - Epoch 157 | val price=2.6146 trend=0.0003 risk=0.3360 state=1.8400 acc=0.563
2025-12-12 18:03:00 - root - INFO - [unified_multitask_training.py:425] - HEAD: price_loss is lagging (loss 2.6146 vs median 1.0880).
2025-12-12 18:03:00 - root - INFO - [unified_multitask_training.py:425] - HEAD: state head accuracy: 56.26%.
2025-12-12 18:03:00 - root - INFO - [unified_multitask_training.py:425] - HEAD: Consider increasing that head's loss weight or adding head-specific capacity.
2025-12-12 18:03:04 - root - INFO - [unified_multitask_training.py:415] - Epoch 158 | val price=2.6440 trend=0.0003 risk=0.3362 state=1.8005 acc=0.541
2025-12-12 18:03:04 - root - INFO - [unified_multitask_training.py:425] - HEAD: price_loss is lagging (loss 2.6440 vs median 1.0684).
2025-12-12 18:03:04 - root - INFO - [unified_multitask_training.py:425] - HEAD: state head accuracy: 54.11%.
2025-12-12 18:03:04 - root - INFO - [unified_multitask_training.py:425] - HEAD: Consider increasing that head's loss weight or adding head-specific capacity.
2025-12-12 18:03:09 - root - INFO - [unified_multitask_training.py:415] - Epoch 159 | val price=2.5713 trend=0.0003 risk=0.3360 state=1.9006 acc=0.533
2025-12-12 18:03:09 - root - INFO - [unified_multitask_training.py:425] - HEAD: price_loss is lagging (loss 2.5713 vs median 1.1183).
2025-12-12 18:03:09 - root - INFO - [unified_multitask_training.py:425] - HEAD: state head accuracy: 53.29%.
2025-12-12 18:03:09 - root - INFO - [unified_multitask_training.py:425] - HEAD: Consider increasing that head's loss weight or adding head-specific capacity.
2025-12-12 18:03:14 - root - INFO - [unified_multitask_training.py:415] - Epoch 160 | val price=2.6728 trend=0.0003 risk=0.3388 state=2.1607 acc=0.515
2025-12-12 18:03:14 - root - INFO - [unified_multitask_training.py:425] - HEAD: price_loss is lagging (loss 2.6728 vs median 1.2497).
2025-12-12 18:03:14 - root - INFO - [unified_multitask_training.py:425] - HEAD: state head accuracy: 51.54%.
2025-12-12 18:03:14 - root - INFO - [unified_multitask_training.py:425] - HEAD: Consider increasing that head's loss weight or adding head-specific capacity.
2025-12-12 18:03:19 - root - INFO - [unified_multitask_training.py:415] - Epoch 161 | val price=2.5011 trend=0.0003 risk=0.3354 state=1.7857 acc=0.561
2025-12-12 18:03:19 - root - INFO - [unified_multitask_training.py:425] - HEAD: price_loss is lagging (loss 2.5011 vs median 1.0606).
2025-12-12 18:03:19 - root - INFO - [unified_multitask_training.py:425] - HEAD: state head accuracy: 56.06%.
2025-12-12 18:03:19 - root - INFO - [unified_multitask_training.py:425] - HEAD: Consider increasing that head's loss weight or adding head-specific capacity.
2025-12-12 18:03:25 - root - INFO - [unified_multitask_training.py:415] - Epoch 162 | val price=2.6445 trend=0.0004 risk=0.3374 state=2.0306 acc=0.531
2025-12-12 18:03:25 - root - INFO - [unified_multitask_training.py:425] - HEAD: price_loss is lagging (loss 2.6445 vs median 1.1840).
2025-12-12 18:03:25 - root - INFO - [unified_multitask_training.py:425] - HEAD: state head accuracy: 53.08%.
2025-12-12 18:03:25 - root - INFO - [unified_multitask_training.py:425] - HEAD: Consider increasing that head's loss weight or adding head-specific capacity.
2025-12-12 18:03:30 - root - INFO - [unified_multitask_training.py:415] - Epoch 163 | val price=2.5957 trend=0.0003 risk=0.3348 state=1.7172 acc=0.582
2025-12-12 18:03:30 - root - INFO - [unified_multitask_training.py:425] - HEAD: price_loss is lagging (loss 2.5957 vs median 1.0260).
2025-12-12 18:03:30 - root - INFO - [unified_multitask_training.py:425] - HEAD: state head accuracy: 58.21%.
2025-12-12 18:03:30 - root - INFO - [unified_multitask_training.py:425] - HEAD: Consider increasing that head's loss weight or adding head-specific capacity.
2025-12-12 18:03:35 - root - INFO - [unified_multitask_training.py:415] - Epoch 164 | val price=2.6650 trend=0.0003 risk=0.3386 state=2.1686 acc=0.510
2025-12-12 18:03:35 - root - INFO - [unified_multitask_training.py:425] - HEAD: price_loss is lagging (loss 2.6650 vs median 1.2536).
2025-12-12 18:03:35 - root - INFO - [unified_multitask_training.py:425] - HEAD: state head accuracy: 51.03%.
2025-12-12 18:03:35 - root - INFO - [unified_multitask_training.py:425] - HEAD: Consider increasing that head's loss weight or adding head-specific capacity.
2025-12-12 18:03:39 - root - INFO - [unified_multitask_training.py:415] - Epoch 165 | val price=2.5919 trend=0.0007 risk=0.3365 state=1.9273 acc=0.523
2025-12-12 18:03:39 - root - INFO - [unified_multitask_training.py:425] - HEAD: price_loss is lagging (loss 2.5919 vs median 1.1319).
2025-12-12 18:03:39 - root - INFO - [unified_multitask_training.py:425] - HEAD: state head accuracy: 52.26%.
2025-12-12 18:03:39 - root - INFO - [unified_multitask_training.py:425] - HEAD: Consider increasing that head's loss weight or adding head-specific capacity.
2025-12-12 18:03:44 - root - INFO - [unified_multitask_training.py:415] - Epoch 166 | val price=2.7246 trend=0.0003 risk=0.3373 state=2.2103 acc=0.493
2025-12-12 18:03:44 - root - INFO - [unified_multitask_training.py:425] - HEAD: price_loss is lagging (loss 2.7246 vs median 1.2738).
2025-12-12 18:03:44 - root - INFO - [unified_multitask_training.py:425] - HEAD: state head accuracy is low (49.28%); check labels or class balance.
2025-12-12 18:03:44 - root - INFO - [unified_multitask_training.py:425] - HEAD: Consider increasing that head's loss weight or adding head-specific capacity.
2025-12-12 18:03:49 - root - INFO - [unified_multitask_training.py:415] - Epoch 167 | val price=2.7210 trend=0.0003 risk=0.3364 state=1.9356 acc=0.549
2025-12-12 18:03:49 - root - INFO - [unified_multitask_training.py:425] - HEAD: price_loss is lagging (loss 2.7210 vs median 1.1360).
2025-12-12 18:03:49 - root - INFO - [unified_multitask_training.py:425] - HEAD: state head accuracy: 54.93%.
2025-12-12 18:03:49 - root - INFO - [unified_multitask_training.py:425] - HEAD: Consider increasing that head's loss weight or adding head-specific capacity.
2025-12-12 18:03:54 - root - INFO - [unified_multitask_training.py:415] - Epoch 168 | val price=2.6002 trend=0.0003 risk=0.3369 state=2.0137 acc=0.526
2025-12-12 18:03:55 - root - INFO - [unified_multitask_training.py:425] - HEAD: price_loss is lagging (loss 2.6002 vs median 1.1753).
2025-12-12 18:03:55 - root - INFO - [unified_multitask_training.py:425] - HEAD: state head accuracy: 52.57%.
2025-12-12 18:03:55 - root - INFO - [unified_multitask_training.py:425] - HEAD: Consider increasing that head's loss weight or adding head-specific capacity.
2025-12-12 18:03:59 - root - INFO - [unified_multitask_training.py:415] - Epoch 169 | val price=2.6752 trend=0.0008 risk=0.3376 state=2.0883 acc=0.524
2025-12-12 18:03:59 - root - INFO - [unified_multitask_training.py:425] - HEAD: price_loss is lagging (loss 2.6752 vs median 1.2129).
2025-12-12 18:03:59 - root - INFO - [unified_multitask_training.py:425] - HEAD: state head accuracy: 52.36%.
2025-12-12 18:03:59 - root - INFO - [unified_multitask_training.py:425] - HEAD: Consider increasing that head's loss weight or adding head-specific capacity.
2025-12-12 18:04:04 - root - INFO - [unified_multitask_training.py:415] - Epoch 170 | val price=2.6378 trend=0.0003 risk=0.3374 state=2.1633 acc=0.493
2025-12-12 18:04:04 - root - INFO - [unified_multitask_training.py:425] - HEAD: price_loss is lagging (loss 2.6378 vs median 1.2504).
2025-12-12 18:04:04 - root - INFO - [unified_multitask_training.py:425] - HEAD: state head accuracy is low (49.28%); check labels or class balance.
2025-12-12 18:04:04 - root - INFO - [unified_multitask_training.py:425] - HEAD: Consider increasing that head's loss weight or adding head-specific capacity.
2025-12-12 18:04:09 - root - INFO - [unified_multitask_training.py:415] - Epoch 171 | val price=2.6321 trend=0.0003 risk=0.3372 state=2.1294 acc=0.508
2025-12-12 18:04:09 - root - INFO - [unified_multitask_training.py:425] - HEAD: price_loss is lagging (loss 2.6321 vs median 1.2333).
2025-12-12 18:04:09 - root - INFO - [unified_multitask_training.py:425] - HEAD: state head accuracy: 50.82%.
2025-12-12 18:04:09 - root - INFO - [unified_multitask_training.py:425] - HEAD: Consider increasing that head's loss weight or adding head-specific capacity.
2025-12-12 18:04:13 - root - INFO - [unified_multitask_training.py:415] - Epoch 172 | val price=2.6359 trend=0.0003 risk=0.3360 state=2.0495 acc=0.513
2025-12-12 18:04:13 - root - INFO - [unified_multitask_training.py:425] - HEAD: price_loss is lagging (loss 2.6359 vs median 1.1927).
2025-12-12 18:04:13 - root - INFO - [unified_multitask_training.py:425] - HEAD: state head accuracy: 51.33%.
2025-12-12 18:04:13 - root - INFO - [unified_multitask_training.py:425] - HEAD: Consider increasing that head's loss weight or adding head-specific capacity.
2025-12-12 18:04:19 - root - INFO - [unified_multitask_training.py:415] - Epoch 173 | val price=2.6163 trend=0.0003 risk=0.3364 state=1.9963 acc=0.518
2025-12-12 18:04:19 - root - INFO - [unified_multitask_training.py:425] - HEAD: price_loss is lagging (loss 2.6163 vs median 1.1663).
2025-12-12 18:04:19 - root - INFO - [unified_multitask_training.py:425] - HEAD: state head accuracy: 51.85%.
2025-12-12 18:04:19 - root - INFO - [unified_multitask_training.py:425] - HEAD: Consider increasing that head's loss weight or adding head-specific capacity.
2025-12-12 18:04:26 - root - INFO - [unified_multitask_training.py:415] - Epoch 174 | val price=2.6284 trend=0.0004 risk=0.3366 state=1.9518 acc=0.539
2025-12-12 18:04:26 - root - INFO - [unified_multitask_training.py:425] - HEAD: price_loss is lagging (loss 2.6284 vs median 1.1442).
2025-12-12 18:04:26 - root - INFO - [unified_multitask_training.py:425] - HEAD: state head accuracy: 53.90%.
2025-12-12 18:04:26 - root - INFO - [unified_multitask_training.py:425] - HEAD: Consider increasing that head's loss weight or adding head-specific capacity.
2025-12-12 18:04:31 - root - INFO - [unified_multitask_training.py:415] - Epoch 175 | val price=2.6289 trend=0.0003 risk=0.3362 state=1.9495 acc=0.523
2025-12-12 18:04:31 - root - INFO - [unified_multitask_training.py:425] - HEAD: price_loss is lagging (loss 2.6289 vs median 1.1428).
2025-12-12 18:04:31 - root - INFO - [unified_multitask_training.py:425] - HEAD: state head accuracy: 52.26%.
2025-12-12 18:04:31 - root - INFO - [unified_multitask_training.py:425] - HEAD: Consider increasing that head's loss weight or adding head-specific capacity.
2025-12-12 18:04:35 - root - INFO - [unified_multitask_training.py:415] - Epoch 176 | val price=2.6083 trend=0.0004 risk=0.3364 state=2.0396 acc=0.497
2025-12-12 18:04:35 - root - INFO - [unified_multitask_training.py:425] - HEAD: price_loss is lagging (loss 2.6083 vs median 1.1880).
2025-12-12 18:04:35 - root - INFO - [unified_multitask_training.py:425] - HEAD: state head accuracy is low (49.69%); check labels or class balance.
2025-12-12 18:04:35 - root - INFO - [unified_multitask_training.py:425] - HEAD: Consider increasing that head's loss weight or adding head-specific capacity.
2025-12-12 18:04:40 - root - INFO - [unified_multitask_training.py:415] - Epoch 177 | val price=2.5864 trend=0.0003 risk=0.3365 state=2.0643 acc=0.511
2025-12-12 18:04:40 - root - INFO - [unified_multitask_training.py:425] - HEAD: price_loss is lagging (loss 2.5864 vs median 1.2004).
2025-12-12 18:04:40 - root - INFO - [unified_multitask_training.py:425] - HEAD: state head accuracy: 51.13%.
2025-12-12 18:04:40 - root - INFO - [unified_multitask_training.py:425] - HEAD: Consider increasing that head's loss weight or adding head-specific capacity.
2025-12-12 18:04:45 - root - INFO - [unified_multitask_training.py:415] - Epoch 178 | val price=2.5244 trend=0.0006 risk=0.3372 state=2.0344 acc=0.559
2025-12-12 18:04:45 - root - INFO - [unified_multitask_training.py:425] - HEAD: price_loss is lagging (loss 2.5244 vs median 1.1858).
2025-12-12 18:04:45 - root - INFO - [unified_multitask_training.py:425] - HEAD: state head accuracy: 55.85%.
2025-12-12 18:04:45 - root - INFO - [unified_multitask_training.py:425] - HEAD: Consider increasing that head's loss weight or adding head-specific capacity.
2025-12-12 18:04:50 - root - INFO - [unified_multitask_training.py:415] - Epoch 179 | val price=2.6958 trend=0.0003 risk=0.3377 state=2.3252 acc=0.493
2025-12-12 18:04:50 - root - INFO - [unified_multitask_training.py:425] - HEAD: price_loss is lagging (loss 2.6958 vs median 1.3314).
2025-12-12 18:04:50 - root - INFO - [unified_multitask_training.py:425] - HEAD: state head accuracy is low (49.28%); check labels or class balance.
2025-12-12 18:04:50 - root - INFO - [unified_multitask_training.py:425] - HEAD: Consider increasing that head's loss weight or adding head-specific capacity.
2025-12-12 18:04:54 - root - INFO - [unified_multitask_training.py:415] - Epoch 180 | val price=2.5723 trend=0.0004 risk=0.3362 state=2.0189 acc=0.520
2025-12-12 18:04:54 - root - INFO - [unified_multitask_training.py:425] - HEAD: price_loss is lagging (loss 2.5723 vs median 1.1776).
2025-12-12 18:04:54 - root - INFO - [unified_multitask_training.py:425] - HEAD: state head accuracy: 51.95%.
2025-12-12 18:04:54 - root - INFO - [unified_multitask_training.py:425] - HEAD: Consider increasing that head's loss weight or adding head-specific capacity.
2025-12-12 18:04:59 - root - INFO - [unified_multitask_training.py:415] - Epoch 181 | val price=2.6063 trend=0.0003 risk=0.3378 state=2.2917 acc=0.497
2025-12-12 18:04:59 - root - INFO - [unified_multitask_training.py:425] - HEAD: price_loss is lagging (loss 2.6063 vs median 1.3148).
2025-12-12 18:04:59 - root - INFO - [unified_multitask_training.py:425] - HEAD: state head accuracy is low (49.69%); check labels or class balance.
2025-12-12 18:04:59 - root - INFO - [unified_multitask_training.py:425] - HEAD: Consider increasing that head's loss weight or adding head-specific capacity.
2025-12-12 18:05:04 - root - INFO - [unified_multitask_training.py:415] - Epoch 182 | val price=2.5431 trend=0.0003 risk=0.3384 state=1.9609 acc=0.526
2025-12-12 18:05:04 - root - INFO - [unified_multitask_training.py:425] - HEAD: price_loss is lagging (loss 2.5431 vs median 1.1497).
2025-12-12 18:05:04 - root - INFO - [unified_multitask_training.py:425] - HEAD: state head accuracy: 52.57%.
2025-12-12 18:05:04 - root - INFO - [unified_multitask_training.py:425] - HEAD: Consider increasing that head's loss weight or adding head-specific capacity.
2025-12-12 18:05:09 - root - INFO - [unified_multitask_training.py:415] - Epoch 183 | val price=2.6191 trend=0.0003 risk=0.3360 state=1.9036 acc=0.522
2025-12-12 18:05:09 - root - INFO - [unified_multitask_training.py:425] - HEAD: price_loss is lagging (loss 2.6191 vs median 1.1198).
2025-12-12 18:05:09 - root - INFO - [unified_multitask_training.py:425] - HEAD: state head accuracy: 52.16%.
2025-12-12 18:05:09 - root - INFO - [unified_multitask_training.py:425] - HEAD: Consider increasing that head's loss weight or adding head-specific capacity.
2025-12-12 18:05:13 - root - INFO - [unified_multitask_training.py:415] - Epoch 184 | val price=2.6198 trend=0.0004 risk=0.3365 state=2.0265 acc=0.508
2025-12-12 18:05:13 - root - INFO - [unified_multitask_training.py:425] - HEAD: price_loss is lagging (loss 2.6198 vs median 1.1815).
2025-12-12 18:05:13 - root - INFO - [unified_multitask_training.py:425] - HEAD: state head accuracy: 50.82%.
2025-12-12 18:05:13 - root - INFO - [unified_multitask_training.py:425] - HEAD: Consider increasing that head's loss weight or adding head-specific capacity.
2025-12-12 18:05:18 - root - INFO - [unified_multitask_training.py:415] - Epoch 185 | val price=2.6044 trend=0.0004 risk=0.3361 state=1.9705 acc=0.539
2025-12-12 18:05:18 - root - INFO - [unified_multitask_training.py:425] - HEAD: price_loss is lagging (loss 2.6044 vs median 1.1533).
2025-12-12 18:05:18 - root - INFO - [unified_multitask_training.py:425] - HEAD: state head accuracy: 53.90%.
2025-12-12 18:05:18 - root - INFO - [unified_multitask_training.py:425] - HEAD: Consider increasing that head's loss weight or adding head-specific capacity.
2025-12-12 18:05:22 - root - INFO - [unified_multitask_training.py:415] - Epoch 186 | val price=2.7107 trend=0.0003 risk=0.3368 state=2.4180 acc=0.507
2025-12-12 18:05:22 - root - INFO - [unified_multitask_training.py:425] - HEAD: price_loss is lagging (loss 2.7107 vs median 1.3774).
2025-12-12 18:05:22 - root - INFO - [unified_multitask_training.py:425] - HEAD: state head accuracy: 50.72%.
2025-12-12 18:05:22 - root - INFO - [unified_multitask_training.py:425] - HEAD: Consider increasing that head's loss weight or adding head-specific capacity.
2025-12-12 18:05:28 - root - INFO - [unified_multitask_training.py:415] - Epoch 187 | val price=2.6525 trend=0.0004 risk=0.3361 state=2.3549 acc=0.478
2025-12-12 18:05:28 - root - INFO - [unified_multitask_training.py:425] - HEAD: price_loss is lagging (loss 2.6525 vs median 1.3455).
2025-12-12 18:05:28 - root - INFO - [unified_multitask_training.py:425] - HEAD: state head accuracy is low (47.84%); check labels or class balance.
2025-12-12 18:05:28 - root - INFO - [unified_multitask_training.py:425] - HEAD: Consider increasing that head's loss weight or adding head-specific capacity.
2025-12-12 18:05:36 - root - INFO - [unified_multitask_training.py:415] - Epoch 188 | val price=2.6198 trend=0.0004 risk=0.3365 state=2.0844 acc=0.500
2025-12-12 18:05:36 - root - INFO - [unified_multitask_training.py:425] - HEAD: price_loss is lagging (loss 2.6198 vs median 1.2105).
2025-12-12 18:05:36 - root - INFO - [unified_multitask_training.py:425] - HEAD: state head accuracy: 50.00%.
2025-12-12 18:05:36 - root - INFO - [unified_multitask_training.py:425] - HEAD: Consider increasing that head's loss weight or adding head-specific capacity.
2025-12-12 18:05:42 - root - INFO - [unified_multitask_training.py:415] - Epoch 189 | val price=2.6155 trend=0.0003 risk=0.3367 state=2.1709 acc=0.509
2025-12-12 18:05:42 - root - INFO - [unified_multitask_training.py:425] - HEAD: price_loss is lagging (loss 2.6155 vs median 1.2538).
2025-12-12 18:05:42 - root - INFO - [unified_multitask_training.py:425] - HEAD: state head accuracy: 50.92%.
2025-12-12 18:05:42 - root - INFO - [unified_multitask_training.py:425] - HEAD: Consider increasing that head's loss weight or adding head-specific capacity.
2025-12-12 18:05:47 - root - INFO - [unified_multitask_training.py:415] - Epoch 190 | val price=2.6215 trend=0.0003 risk=0.3373 state=2.2539 acc=0.517
2025-12-12 18:05:47 - root - INFO - [unified_multitask_training.py:425] - HEAD: price_loss is lagging (loss 2.6215 vs median 1.2956).
2025-12-12 18:05:47 - root - INFO - [unified_multitask_training.py:425] - HEAD: state head accuracy: 51.75%.
2025-12-12 18:05:47 - root - INFO - [unified_multitask_training.py:425] - HEAD: Consider increasing that head's loss weight or adding head-specific capacity.
2025-12-12 18:05:52 - root - INFO - [unified_multitask_training.py:415] - Epoch 191 | val price=2.6333 trend=0.0003 risk=0.3378 state=2.3462 acc=0.493
2025-12-12 18:05:52 - root - INFO - [unified_multitask_training.py:425] - HEAD: price_loss is lagging (loss 2.6333 vs median 1.3420).
2025-12-12 18:05:52 - root - INFO - [unified_multitask_training.py:425] - HEAD: state head accuracy is low (49.28%); check labels or class balance.
2025-12-12 18:05:52 - root - INFO - [unified_multitask_training.py:425] - HEAD: Consider increasing that head's loss weight or adding head-specific capacity.
2025-12-12 18:05:57 - root - INFO - [unified_multitask_training.py:415] - Epoch 192 | val price=2.6171 trend=0.0003 risk=0.3367 state=2.2475 acc=0.513
2025-12-12 18:05:57 - root - INFO - [unified_multitask_training.py:425] - HEAD: price_loss is lagging (loss 2.6171 vs median 1.2921).
2025-12-12 18:05:57 - root - INFO - [unified_multitask_training.py:425] - HEAD: state head accuracy: 51.33%.
2025-12-12 18:05:57 - root - INFO - [unified_multitask_training.py:425] - HEAD: Consider increasing that head's loss weight or adding head-specific capacity.
2025-12-12 18:06:02 - root - INFO - [unified_multitask_training.py:415] - Epoch 193 | val price=2.6054 trend=0.0005 risk=0.3374 state=2.2190 acc=0.505
2025-12-12 18:06:02 - root - INFO - [unified_multitask_training.py:425] - HEAD: price_loss is lagging (loss 2.6054 vs median 1.2782).
2025-12-12 18:06:02 - root - INFO - [unified_multitask_training.py:425] - HEAD: state head accuracy: 50.51%.
2025-12-12 18:06:02 - root - INFO - [unified_multitask_training.py:425] - HEAD: Consider increasing that head's loss weight or adding head-specific capacity.
2025-12-12 18:06:07 - root - INFO - [unified_multitask_training.py:415] - Epoch 194 | val price=2.5362 trend=0.0003 risk=0.3384 state=2.2362 acc=0.502
2025-12-12 18:06:07 - root - INFO - [unified_multitask_training.py:425] - HEAD: price_loss is lagging (loss 2.5362 vs median 1.2873).
2025-12-12 18:06:07 - root - INFO - [unified_multitask_training.py:425] - HEAD: state head accuracy: 50.21%.
2025-12-12 18:06:07 - root - INFO - [unified_multitask_training.py:425] - HEAD: Consider increasing that head's loss weight or adding head-specific capacity.
2025-12-12 18:06:12 - root - INFO - [unified_multitask_training.py:415] - Epoch 195 | val price=2.5401 trend=0.0003 risk=0.3358 state=2.1359 acc=0.507
2025-12-12 18:06:12 - root - INFO - [unified_multitask_training.py:425] - HEAD: price_loss is lagging (loss 2.5401 vs median 1.2358).
2025-12-12 18:06:12 - root - INFO - [unified_multitask_training.py:425] - HEAD: state head accuracy: 50.72%.
2025-12-12 18:06:12 - root - INFO - [unified_multitask_training.py:425] - HEAD: Consider increasing that head's loss weight or adding head-specific capacity.
2025-12-12 18:06:17 - root - INFO - [unified_multitask_training.py:415] - Epoch 196 | val price=2.6024 trend=0.0003 risk=0.3379 state=2.4761 acc=0.492
2025-12-12 18:06:17 - root - INFO - [unified_multitask_training.py:425] - HEAD: price_loss is lagging (loss 2.6024 vs median 1.4070).
2025-12-12 18:06:17 - root - INFO - [unified_multitask_training.py:425] - HEAD: state head accuracy is low (49.18%); check labels or class balance.
2025-12-12 18:06:17 - root - INFO - [unified_multitask_training.py:425] - HEAD: Consider increasing that head's loss weight or adding head-specific capacity.
2025-12-12 18:06:22 - root - INFO - [unified_multitask_training.py:415] - Epoch 197 | val price=2.6005 trend=0.0003 risk=0.3363 state=2.2696 acc=0.523
2025-12-12 18:06:22 - root - INFO - [unified_multitask_training.py:425] - HEAD: price_loss is lagging (loss 2.6005 vs median 1.3029).
2025-12-12 18:06:22 - root - INFO - [unified_multitask_training.py:425] - HEAD: state head accuracy: 52.26%.
2025-12-12 18:06:22 - root - INFO - [unified_multitask_training.py:425] - HEAD: Consider increasing that head's loss weight or adding head-specific capacity.
2025-12-12 18:06:28 - root - INFO - [unified_multitask_training.py:415] - Epoch 198 | val price=2.6416 trend=0.0003 risk=0.3366 state=2.1719 acc=0.507
2025-12-12 18:06:28 - root - INFO - [unified_multitask_training.py:425] - HEAD: price_loss is lagging (loss 2.6416 vs median 1.2542).
2025-12-12 18:06:28 - root - INFO - [unified_multitask_training.py:425] - HEAD: state head accuracy: 50.72%.
2025-12-12 18:06:28 - root - INFO - [unified_multitask_training.py:425] - HEAD: Consider increasing that head's loss weight or adding head-specific capacity.
2025-12-12 18:06:32 - root - INFO - [unified_multitask_training.py:415] - Epoch 199 | val price=2.6116 trend=0.0003 risk=0.3388 state=2.4979 acc=0.480
2025-12-12 18:06:32 - root - INFO - [unified_multitask_training.py:425] - HEAD: price_loss is lagging (loss 2.6116 vs median 1.4183).
2025-12-12 18:06:32 - root - INFO - [unified_multitask_training.py:425] - HEAD: state head accuracy is low (48.05%); check labels or class balance.
2025-12-12 18:06:32 - root - INFO - [unified_multitask_training.py:425] - HEAD: Consider increasing that head's loss weight or adding head-specific capacity.
2025-12-12 18:06:37 - root - INFO - [unified_multitask_training.py:415] - Epoch 200 | val price=2.6558 trend=0.0003 risk=0.3376 state=2.4453 acc=0.482
2025-12-12 18:06:37 - root - INFO - [unified_multitask_training.py:425] - HEAD: price_loss is lagging (loss 2.6558 vs median 1.3914).
2025-12-12 18:06:37 - root - INFO - [unified_multitask_training.py:425] - HEAD: state head accuracy is low (48.15%); check labels or class balance.
2025-12-12 18:06:37 - root - INFO - [unified_multitask_training.py:425] - HEAD: Consider increasing that head's loss weight or adding head-specific capacity.
