date,open,high,low,close,volume
2014-01-01 00:00:00+00:00,144.851,145.13,142.848,143.297,143014.0
2014-01-02 00:00:00+00:00,143.312,143.314,141.963,142.47,113868.0
2014-01-05 00:00:00+00:00,142.49,142.783,141.502,142.044,125100.0
2014-01-06 00:00:00+00:00,142.043,142.592,141.94,142.413,115303.0
2014-01-07 00:00:00+00:00,142.414,143.172,142.12,142.36,128572.0
2014-01-08 00:00:00+00:00,142.361,143.036,142.042,142.657,115948.0
2014-01-09 00:00:00+00:00,142.657,143.078,142.058,142.415,122339.0
2014-01-12 00:00:00+00:00,142.248,142.36,140.499,140.805,118605.0
2014-01-13 00:00:00+00:00,140.806,142.632,140.772,142.558,113147.0
2014-01-14 00:00:00+00:00,142.556,142.616,141.795,142.256,103760.0
2014-01-15 00:00:00+00:00,142.26,142.913,141.708,142.116,103908.0
2014-01-16 00:00:00+00:00,142.116,142.175,140.978,141.259,89095.0
2014-01-19 00:00:00+00:00,141.078,141.384,140.324,141.181,78071.0
2014-01-20 00:00:00+00:00,141.185,141.86,141.038,141.431,100239.0
2014-01-21 00:00:00+00:00,141.432,141.834,141.056,141.606,102486.0
2014-01-22 00:00:00+00:00,141.605,142.417,141.03,141.432,143371.0
2014-01-23 00:00:00+00:00,141.432,141.773,139.759,140.024,172228.0
2014-01-26 00:00:00+00:00,139.816,140.698,139.181,140.224,153117.0
2014-01-27 00:00:00+00:00,140.226,140.988,140.155,140.728,110730.0
2014-01-28 00:00:00+00:00,140.728,141.273,139.042,139.744,171434.0
2014-01-29 00:00:00+00:00,139.747,139.948,138.894,139.236,136755.0
2014-01-30 00:00:00+00:00,139.238,139.507,137.508,137.607,154669.0
2014-02-02 00:00:00+00:00,137.545,138.108,136.356,136.584,157133.0
2014-02-03 00:00:00+00:00,136.585,137.442,136.232,137.408,149572.0
2014-02-04 00:00:00+00:00,137.41,137.544,136.557,137.286,143531.0
2014-02-05 00:00:00+00:00,137.285,138.832,136.754,138.763,129143.0
2014-02-06 00:00:00+00:00,138.764,139.608,138.168,139.55,126303.0
2014-02-09 00:00:00+00:00,139.626,139.804,139.168,139.542,85435.0
2014-02-10 00:00:00+00:00,139.536,140.314,139.28,139.961,93951.0
2014-02-11 00:00:00+00:00,139.961,140.047,138.678,139.375,93596.0
2014-02-12 00:00:00+00:00,139.375,139.918,138.88,139.775,109634.0
2014-02-13 00:00:00+00:00,139.775,140.067,138.99,139.398,100433.0
2014-02-16 00:00:00+00:00,139.338,139.758,138.957,139.688,71053.0
2014-02-17 00:00:00+00:00,139.686,141.038,139.503,140.827,110977.0
2014-02-18 00:00:00+00:00,140.833,140.92,139.999,140.494,91844.0
2014-02-19 00:00:00+00:00,140.502,140.623,139.196,140.304,115414.0
2014-02-20 00:00:00+00:00,140.305,141.27,140.305,140.808,85601.0
2014-02-23 00:00:00+00:00,140.766,141.046,140.346,140.776,86143.0
2014-02-24 00:00:00+00:00,140.776,140.967,140.136,140.52,89872.0
2014-02-25 00:00:00+00:00,140.52,140.786,139.656,140.112,97634.0
2014-02-26 00:00:00+00:00,140.122,140.224,138.79,140.005,88184.0
2014-02-27 00:00:00+00:00,140.005,141.12,139.12,140.488,124988.0
2014-03-02 00:00:00+00:00,139.645,140.082,139.154,139.337,114991.0
2014-03-03 00:00:00+00:00,139.332,140.536,139.273,140.45,92264.0
2014-03-04 00:00:00+00:00,140.45,140.784,140.196,140.506,85594.0
2014-03-05 00:00:00+00:00,140.5,142.923,140.483,142.868,106038.0
2014-03-06 00:00:00+00:00,142.868,143.794,142.538,143.297,97350.0
2014-03-09 00:00:00+00:00,142.98,143.62,142.852,143.296,77198.0
2014-03-10 00:00:00+00:00,143.278,143.446,142.624,142.777,81236.0
2014-03-11 00:00:00+00:00,142.739,142.972,142.24,142.874,88247.0
2014-03-12 00:00:00+00:00,142.894,143.384,140.715,141.242,123636.0
2014-03-13 00:00:00+00:00,141.25,141.514,140.446,140.988,120001.0
2014-03-16 00:00:00+00:00,140.85,141.978,140.801,141.682,88460.0
2014-03-17 00:00:00+00:00,141.666,141.965,140.746,141.348,98088.0
2014-03-18 00:00:00+00:00,141.348,141.926,141.065,141.546,100912.0
2014-03-19 00:00:00+00:00,141.546,141.732,140.823,141.07,97375.0
2014-03-20 00:00:00+00:00,141.09,141.298,140.44,141.016,67311.0
2014-03-23 00:00:00+00:00,140.952,141.886,140.728,141.492,89379.0
2014-03-24 00:00:00+00:00,141.48,141.596,140.696,141.388,94324.0
2014-03-25 00:00:00+00:00,141.38,141.508,140.502,140.654,81288.0
2014-03-26 00:00:00+00:00,140.654,141.04,140.18,140.396,103237.0
2014-03-27 00:00:00+00:00,140.408,141.653,139.96,141.405,85103.0
2014-03-30 00:00:00+00:00,141.716,142.605,141.322,142.129,94475.0
2014-03-31 00:00:00+00:00,142.129,143.07,142.008,142.974,80026.0
2014-04-01 00:00:00+00:00,142.972,143.48,142.725,143.01,77370.0
2014-04-02 00:00:00+00:00,143.01,143.447,142.306,142.604,93690.0
2014-04-03 00:00:00+00:00,142.581,142.625,141.388,141.557,96089.0
2014-04-06 00:00:00+00:00,141.473,141.898,141.122,141.667,70203.0
2014-04-07 00:00:00+00:00,141.664,141.72,140.081,140.469,109050.0
2014-04-08 00:00:00+00:00,140.47,141.336,140.422,141.31,87325.0
2014-04-09 00:00:00+00:00,141.31,141.554,140.598,140.984,104188.0
2014-04-10 00:00:00+00:00,140.984,141.558,140.649,141.114,99847.0
2014-04-13 00:00:00+00:00,140.687,140.929,140.427,140.762,82911.0
2014-04-14 00:00:00+00:00,140.762,140.907,140.235,140.79,91827.0
2014-04-15 00:00:00+00:00,140.789,141.764,140.648,141.229,79769.0
2014-04-16 00:00:00+00:00,141.237,141.624,140.987,141.44,66141.0
2014-04-17 00:00:00+00:00,141.432,141.656,141.338,141.457,25733.0
2014-04-20 00:00:00+00:00,141.512,141.828,141.412,141.53,34159.0
2014-04-21 00:00:00+00:00,141.562,141.778,141.216,141.67,56623.0
2014-04-22 00:00:00+00:00,141.672,142.001,141.186,141.674,70872.0
2014-04-23 00:00:00+00:00,141.674,141.8,141.05,141.496,74619.0
2014-04-24 00:00:00+00:00,141.504,141.75,141.035,141.37,63441.0
2014-04-27 00:00:00+00:00,141.5,142.148,140.996,141.952,77904.0
2014-04-28 00:00:00+00:00,141.981,142.476,141.59,141.768,66356.0
2014-04-29 00:00:00+00:00,141.76,142.169,141.128,141.771,96175.0
2014-04-30 00:00:00+00:00,141.751,142.014,141.673,141.92,43283.0
2014-05-01 00:00:00+00:00,141.904,142.432,141.646,141.811,80995.0
2014-05-04 00:00:00+00:00,141.851,141.872,141.293,141.719,47487.0
2014-05-05 00:00:00+00:00,141.735,142.092,141.36,141.624,68206.0
2014-05-06 00:00:00+00:00,141.628,142.008,141.156,141.752,80607.0
2014-05-07 00:00:00+00:00,141.768,142.372,140.527,140.698,102407.0
2014-05-08 00:00:00+00:00,140.698,140.811,139.886,140.16,70931.0
2014-05-11 00:00:00+00:00,140.124,140.636,140.039,140.493,55298.0
2014-05-12 00:00:00+00:00,140.504,140.945,139.99,140.128,76679.0
2014-05-13 00:00:00+00:00,140.124,140.28,139.462,139.748,66821.0
2014-05-14 00:00:00+00:00,139.728,139.871,138.978,139.26,100440.0
2014-05-15 00:00:00+00:00,139.259,139.44,138.784,139.016,68118.0
2014-05-18 00:00:00+00:00,139.052,139.273,138.614,139.144,72395.0
2014-05-19 00:00:00+00:00,139.138,139.316,138.548,138.828,59522.0
2014-05-20 00:00:00+00:00,138.824,138.934,138.144,138.732,85679.0
2014-05-21 00:00:00+00:00,138.757,139.13,138.645,138.932,72902.0
2014-05-22 00:00:00+00:00,138.933,139.086,138.601,138.951,73216.0
2014-05-25 00:00:00+00:00,138.847,139.104,138.732,139.096,33527.0
2014-05-26 00:00:00+00:00,139.085,139.364,138.822,139.034,57130.0
2014-05-27 00:00:00+00:00,139.076,139.118,138.302,138.42,58637.0
2014-05-28 00:00:00+00:00,138.448,138.522,137.98,138.447,62120.0
2014-05-29 00:00:00+00:00,138.46,138.881,138.082,138.701,62879.0
2014-06-01 00:00:00+00:00,138.922,139.324,138.673,139.21,64642.0
2014-06-02 00:00:00+00:00,139.213,139.778,139.077,139.692,54760.0
2014-06-03 00:00:00+00:00,139.722,139.96,139.553,139.734,63129.0
2014-06-04 00:00:00+00:00,139.75,139.988,138.676,139.904,91636.0
2014-06-05 00:00:00+00:00,139.938,139.968,139.386,139.818,67106.0
2014-06-08 00:00:00+00:00,139.85,140.093,139.266,139.382,44005.0
2014-06-09 00:00:00+00:00,139.344,139.42,138.454,138.656,56199.0
2014-06-10 00:00:00+00:00,138.673,138.673,137.872,138.113,56437.0
2014-06-11 00:00:00+00:00,138.111,138.343,137.725,137.822,65690.0
2014-06-12 00:00:00+00:00,137.86,138.558,137.754,138.205,65468.0
2014-06-15 00:00:00+00:00,138.209,138.28,137.709,138.234,50167.0
2014-06-16 00:00:00+00:00,138.228,138.544,138.186,138.376,45794.0
2014-06-17 00:00:00+00:00,138.386,138.785,138.344,138.574,62488.0
2014-06-18 00:00:00+00:00,138.542,138.89,138.429,138.734,51657.0
2014-06-19 00:00:00+00:00,138.728,138.894,138.546,138.817,41786.0
2014-06-22 00:00:00+00:00,138.774,138.824,138.287,138.687,39608.0
2014-06-23 00:00:00+00:00,138.654,138.93,138.46,138.733,46024.0
2014-06-24 00:00:00+00:00,138.756,138.906,138.57,138.827,45032.0
2014-06-25 00:00:00+00:00,138.819,138.856,137.922,138.466,47660.0
2014-06-26 00:00:00+00:00,138.462,138.498,137.985,138.419,45331.0
2014-06-29 00:00:00+00:00,138.368,138.76,138.107,138.744,41549.0
2014-06-30 00:00:00+00:00,138.76,139.136,138.686,138.876,44077.0
2014-07-01 00:00:00+00:00,138.898,139.07,138.548,139.026,40957.0
2014-07-02 00:00:00+00:00,139.0,139.284,138.96,139.094,55757.0
2014-07-03 00:00:00+00:00,139.096,139.12,138.586,138.781,27145.0
2014-07-06 00:00:00+00:00,138.76,138.838,138.44,138.581,33299.0
2014-07-07 00:00:00+00:00,138.574,138.637,138.114,138.253,37299.0
2014-07-08 00:00:00+00:00,138.25,138.764,138.148,138.643,41630.0
2014-07-09 00:00:00+00:00,138.662,138.686,137.5,137.924,52113.0
2014-07-10 00:00:00+00:00,137.924,138.05,137.678,137.88,39242.0
2014-07-13 00:00:00+00:00,137.879,138.451,137.824,138.278,33071.0
2014-07-14 00:00:00+00:00,138.298,138.43,137.889,137.953,50328.0
2014-07-15 00:00:00+00:00,137.976,138.091,137.496,137.503,39255.0
2014-07-16 00:00:00+00:00,137.552,137.56,136.82,136.852,49768.0
2014-07-17 00:00:00+00:00,136.848,137.293,136.716,137.093,51390.0
2014-07-20 00:00:00+00:00,137.098,137.162,136.893,137.128,32716.0
2014-07-21 00:00:00+00:00,137.116,137.344,136.586,136.624,45923.0
2014-07-22 00:00:00+00:00,136.642,136.763,136.412,136.644,47057.0
2014-07-23 00:00:00+00:00,136.642,137.195,136.367,137.076,43895.0
2014-07-24 00:00:00+00:00,137.054,137.252,136.653,136.776,40893.0
2014-07-27 00:00:00+00:00,136.732,136.918,136.642,136.893,29925.0
2014-07-28 00:00:00+00:00,136.86,137.107,136.76,136.933,41376.0
2014-07-29 00:00:00+00:00,136.927,137.86,136.837,137.705,64288.0
2014-07-30 00:00:00+00:00,137.737,137.85,137.513,137.651,54490.0
2014-07-31 00:00:00+00:00,137.635,138.059,137.571,137.828,65931.0
2014-08-03 00:00:00+00:00,137.722,137.911,137.428,137.672,32258.0
2014-08-04 00:00:00+00:00,137.672,137.722,137.077,137.238,49926.0
2014-08-05 00:00:00+00:00,137.238,137.238,136.162,136.632,62439.0
2014-08-06 00:00:00+00:00,136.654,137.124,136.27,136.434,61801.0
2014-08-07 00:00:00+00:00,136.366,136.948,135.731,136.835,73150.0
2014-08-10 00:00:00+00:00,137.031,137.048,136.599,136.782,6567.0
2014-08-11 00:00:00+00:00,136.76,136.891,136.371,136.712,7766.0
2014-08-12 00:00:00+00:00,136.685,137.18,136.616,136.876,8370.0
2014-08-13 00:00:00+00:00,136.921,137.247,136.796,136.924,8138.0
2014-08-14 00:00:00+00:00,136.924,137.626,136.77,137.166,11639.0
2014-08-17 00:00:00+00:00,137.028,137.268,136.906,137.071,5692.0
2014-08-18 00:00:00+00:00,137.071,137.16,136.815,137.084,7030.0
2014-08-19 00:00:00+00:00,137.115,137.67,137.018,137.578,11506.0
2014-08-20 00:00:00+00:00,137.586,137.95,137.47,137.919,8263.0
2014-08-21 00:00:00+00:00,137.919,138.004,137.314,137.65,12418.0
2014-08-24 00:00:00+00:00,137.601,137.674,137.096,137.268,7469.0
2014-08-25 00:00:00+00:00,137.268,137.418,137.011,137.028,8805.0
2014-08-26 00:00:00+00:00,137.046,137.298,136.746,137.049,9294.0
2014-08-27 00:00:00+00:00,137.049,137.218,136.419,136.731,10973.0
2014-08-28 00:00:00+00:00,136.731,137.191,136.582,136.692,9328.0
2014-08-31 00:00:00+00:00,136.784,137.044,136.668,136.994,4139.0
2014-09-01 00:00:00+00:00,136.97,138.104,136.931,138.024,8934.0
2014-09-02 00:00:00+00:00,138.03,138.284,137.684,137.808,11552.0
2014-09-03 00:00:00+00:00,137.808,138.01,135.966,136.24,17329.0
2014-09-04 00:00:00+00:00,136.254,136.612,135.818,136.112,14837.0
2014-09-07 00:00:00+00:00,136.046,136.996,135.886,136.72,11433.0
2014-09-08 00:00:00+00:00,136.698,137.506,136.626,137.406,14114.0
2014-09-09 00:00:00+00:00,137.406,138.17,137.312,138.026,16820.0
2014-09-10 00:00:00+00:00,138.01,138.526,137.738,138.433,15602.0
2014-09-11 00:00:00+00:00,138.321,139.202,138.252,139.158,14751.0
2014-09-14 00:00:00+00:00,139.081,139.187,138.464,138.7,9381.0
2014-09-15 00:00:00+00:00,138.73,138.972,138.53,138.841,13811.0
2014-09-16 00:00:00+00:00,138.868,139.642,138.776,139.423,22426.0
2014-09-17 00:00:00+00:00,139.406,140.532,139.16,140.448,19570.0
2014-09-18 00:00:00+00:00,140.476,141.226,139.684,139.902,22609.0
2014-09-21 00:00:00+00:00,139.936,140.206,139.634,139.848,13766.0
2014-09-22 00:00:00+00:00,139.826,140.22,139.268,139.886,14973.0
2014-09-23 00:00:00+00:00,139.924,139.946,139.0,139.36,17364.0
2014-09-24 00:00:00+00:00,139.344,139.704,138.436,138.666,22292.0
2014-09-25 00:00:00+00:00,138.627,139.088,138.387,138.626,19432.0
2014-09-28 00:00:00+00:00,138.634,139.14,138.568,138.886,19126.0
2014-09-29 00:00:00+00:00,138.908,138.936,137.94,138.493,21815.0
2014-09-30 00:00:00+00:00,138.451,138.808,137.398,137.463,25994.0
2014-10-01 00:00:00+00:00,137.432,137.726,136.872,137.35,36187.0
2014-10-02 00:00:00+00:00,137.372,137.884,137.112,137.35,23218.0
2014-10-05 00:00:00+00:00,137.308,137.776,137.05,137.66,20171.0
2014-10-06 00:00:00+00:00,137.682,137.766,136.56,136.852,32186.0
2014-10-07 00:00:00+00:00,136.852,137.94,136.655,137.627,32302.0
2014-10-08 00:00:00+00:00,137.636,137.872,136.65,136.856,33930.0
2014-10-09 00:00:00+00:00,136.862,137.078,135.846,135.971,26377.0
2014-10-12 00:00:00+00:00,135.853,136.316,135.548,136.243,23444.0
2014-10-13 00:00:00+00:00,136.206,136.552,135.038,135.513,26976.0
2014-10-14 00:00:00+00:00,135.513,136.066,135.138,135.988,53861.0
2014-10-15 00:00:00+00:00,135.937,136.292,134.14,136.19,52043.0
2014-10-16 00:00:00+00:00,136.166,136.722,135.754,136.339,28576.0
2014-10-19 00:00:00+00:00,136.714,137.016,136.278,136.892,22711.0
2014-10-20 00:00:00+00:00,136.922,136.939,135.694,136.058,24474.0
2014-10-21 00:00:00+00:00,136.078,136.211,135.44,135.538,21701.0
2014-10-22 00:00:00+00:00,135.554,137.01,135.212,136.925,22800.0
2014-10-23 00:00:00+00:00,136.932,137.082,136.494,137.062,21360.0
2014-10-26 00:00:00+00:00,137.362,137.366,136.59,136.904,43728.0
2014-10-27 00:00:00+00:00,136.934,137.798,136.87,137.726,43075.0
2014-10-28 00:00:00+00:00,137.726,138.029,137.408,137.549,48795.0
2014-10-29 00:00:00+00:00,137.584,138.068,137.038,137.754,60860.0
2014-10-30 00:00:00+00:00,137.763,140.8,137.684,140.676,109726.0
2014-11-02 00:00:00+00:00,140.984,142.562,140.394,142.35,74659.0
2014-11-03 00:00:00+00:00,142.304,142.617,141.705,142.544,69758.0
2014-11-04 00:00:00+00:00,142.504,143.45,142.362,143.165,84357.0
2014-11-05 00:00:00+00:00,143.123,144.222,142.189,142.566,101809.0
2014-11-06 00:00:00+00:00,142.55,143.114,142.25,142.715,88602.0
2014-11-09 00:00:00+00:00,142.843,142.866,142.088,142.666,57414.0
2014-11-10 00:00:00+00:00,142.634,144.51,142.594,144.432,29704.0
2014-11-11 00:00:00+00:00,144.445,144.7,143.352,143.612,33423.0
2014-11-12 00:00:00+00:00,143.673,144.59,143.572,144.427,23555.0
2014-11-13 00:00:00+00:00,144.444,145.844,144.306,145.623,30764.0
2014-11-16 00:00:00+00:00,145.98,146.528,144.794,145.206,32643.0
2014-11-17 00:00:00+00:00,145.23,146.706,145.149,146.463,27221.0
2014-11-18 00:00:00+00:00,146.499,148.126,146.369,148.088,29640.0
2014-11-19 00:00:00+00:00,148.074,149.138,147.888,148.245,36804.0
2014-11-20 00:00:00+00:00,148.184,148.436,145.684,146.012,37776.0
2014-11-23 00:00:00+00:00,145.786,147.328,145.59,147.148,20526.0
2014-11-24 00:00:00+00:00,147.163,147.394,146.302,147.166,26622.0
2014-11-25 00:00:00+00:00,147.16,147.42,146.504,147.252,23094.0
2014-11-26 00:00:00+00:00,147.245,147.245,146.428,146.754,14837.0
2014-11-27 00:00:00+00:00,146.781,147.974,146.772,147.685,23311.0
2014-11-30 00:00:00+00:00,148.013,148.158,147.093,147.649,33431.0
2014-12-01 00:00:00+00:00,147.615,148.2,147.463,147.626,20399.0
2014-12-02 00:00:00+00:00,147.66,147.917,147.036,147.474,25027.0
2014-12-03 00:00:00+00:00,147.433,148.952,147.298,148.278,36235.0
2014-12-04 00:00:00+00:00,148.294,149.518,148.264,149.254,32065.0
2014-12-07 00:00:00+00:00,149.398,149.786,148.194,148.661,26795.0
2014-12-08 00:00:00+00:00,148.652,148.88,146.802,148.116,49148.0
2014-12-09 00:00:00+00:00,148.074,148.254,146.511,146.668,46857.0
2014-12-10 00:00:00+00:00,146.696,148.06,146.428,147.259,46344.0
2014-12-11 00:00:00+00:00,147.309,148.182,146.955,148.049,45239.0
2014-12-14 00:00:00+00:00,148.073,148.244,146.272,146.531,56842.0
2014-12-15 00:00:00+00:00,146.511,147.03,144.963,145.643,78897.0
2014-12-16 00:00:00+00:00,145.667,146.775,145.343,146.424,71989.0
2014-12-17 00:00:00+00:00,146.474,146.748,145.598,146.004,49262.0
2014-12-18 00:00:00+00:00,146.004,146.746,145.939,146.179,38210.0
2014-12-21 00:00:00+00:00,146.113,147.122,145.956,146.802,19666.0
2014-12-22 00:00:00+00:00,146.818,147.14,146.711,146.888,17983.0
2014-12-23 00:00:00+00:00,146.921,147.144,146.446,146.882,16591.0
2014-12-25 00:00:00+00:00,146.855,147.118,146.482,146.624,22398.0
2014-12-28 00:00:00+00:00,146.639,147.223,146.508,146.648,25380.0
2014-12-29 00:00:00+00:00,146.648,146.754,144.77,145.239,27055.0
2014-12-30 00:00:00+00:00,145.239,145.578,144.822,145.074,13389.0
2015-01-01 00:00:00+00:00,144.968,145.325,144.126,144.612,23308.0
2015-01-04 00:00:00+00:00,144.063,144.163,142.301,142.764,35600.0
2015-01-05 00:00:00+00:00,142.736,142.808,140.745,140.768,45652.0
2015-01-06 00:00:00+00:00,140.844,141.674,140.572,141.194,44262.0
2015-01-07 00:00:00+00:00,141.16,141.722,140.714,141.11,29317.0
2015-01-08 00:00:00+00:00,141.155,141.364,140.192,140.374,44048.0
2015-01-11 00:00:00+00:00,140.2,140.884,139.75,140.061,31616.0
2015-01-12 00:00:00+00:00,140.064,140.517,138.32,138.828,44312.0
2015-01-13 00:00:00+00:00,138.814,138.906,137.008,138.326,55036.0
2015-01-14 00:00:00+00:00,138.3,138.792,135.0,135.124,133559.0
2015-01-15 00:00:00+00:00,135.154,136.185,134.702,135.929,82650.0
2015-01-18 00:00:00+00:00,135.722,136.828,135.136,136.438,33231.0
2015-01-19 00:00:00+00:00,136.486,137.644,136.438,137.25,40797.0
2015-01-20 00:00:00+00:00,137.297,137.304,135.81,136.956,58027.0
2015-01-21 00:00:00+00:00,136.956,137.313,134.223,134.688,74653.0
2015-01-22 00:00:00+00:00,134.688,135.061,130.914,131.981,70161.0
2015-01-25 00:00:00+00:00,131.1,133.716,130.156,133.114,51402.0
2015-01-26 00:00:00+00:00,133.15,134.212,132.498,134.142,50740.0
2015-01-27 00:00:00+00:00,134.082,134.359,132.452,132.69,52243.0
2015-01-28 00:00:00+00:00,132.714,134.078,132.396,133.886,44249.0
2015-01-29 00:00:00+00:00,133.922,134.184,132.37,132.666,45997.0
2015-02-01 00:00:00+00:00,132.292,133.602,132.292,133.376,39329.0
2015-02-02 00:00:00+00:00,133.289,135.192,132.394,134.932,49799.0
2015-02-03 00:00:00+00:00,134.989,135.36,132.542,133.05,43009.0
2015-02-04 00:00:00+00:00,133.03,135.162,132.566,134.884,41755.0
2015-02-05 00:00:00+00:00,134.884,135.196,134.014,134.801,40680.0
2015-02-08 00:00:00+00:00,134.478,134.994,133.682,134.352,33326.0
2015-02-09 00:00:00+00:00,134.352,135.293,134.046,135.204,35098.0
2015-02-10 00:00:00+00:00,135.172,136.694,135.03,136.563,31708.0
2015-02-11 00:00:00+00:00,136.583,136.715,134.71,135.826,56394.0
2015-02-12 00:00:00+00:00,135.822,136.032,135.165,135.384,35084.0
2015-02-15 00:00:00+00:00,135.054,135.558,134.0,134.536,27883.0
2015-02-16 00:00:00+00:00,134.518,136.235,133.94,136.064,34656.0
2015-02-17 00:00:00+00:00,136.087,136.129,135.08,135.388,37737.0
2015-02-18 00:00:00+00:00,135.37,135.947,134.952,135.226,31354.0
2015-02-19 00:00:00+00:00,135.202,135.905,133.552,135.446,51498.0
2015-02-22 00:00:00+00:00,135.702,135.722,134.448,134.666,25186.0
2015-02-23 00:00:00+00:00,134.704,135.664,134.521,134.908,43964.0
2015-02-24 00:00:00+00:00,134.867,135.228,134.571,135.036,24876.0
2015-02-25 00:00:00+00:00,135.006,135.373,133.546,133.714,32811.0
2015-02-26 00:00:00+00:00,133.697,134.27,133.442,133.943,32344.0
2015-03-01 00:00:00+00:00,133.878,134.599,133.678,134.356,21937.0
2015-03-02 00:00:00+00:00,134.369,134.442,133.682,133.828,20945.0
2015-03-03 00:00:00+00:00,133.804,133.856,132.406,132.607,25444.0
2015-03-04 00:00:00+00:00,132.616,133.594,132.108,132.492,33586.0
2015-03-05 00:00:00+00:00,132.492,132.566,130.892,130.995,38466.0
2015-03-08 00:00:00+00:00,130.92,131.81,130.714,131.467,23592.0
2015-03-09 00:00:00+00:00,131.467,131.875,129.477,129.606,43895.0
2015-03-10 00:00:00+00:00,129.54,129.957,127.626,128.096,46452.0
2015-03-11 00:00:00+00:00,128.11,129.026,127.66,128.994,46714.0
2015-03-12 00:00:00+00:00,128.976,129.068,126.911,127.415,40620.0
2015-03-15 00:00:00+00:00,127.108,128.794,127.092,128.245,33140.0
2015-03-16 00:00:00+00:00,128.257,129.156,128.088,128.626,29966.0
2015-03-17 00:00:00+00:00,128.566,131.798,128.27,130.507,57476.0
2015-03-18 00:00:00+00:00,130.49,130.85,128.366,128.741,68649.0
2015-03-19 00:00:00+00:00,128.741,130.703,128.63,129.93,46578.0
2015-03-22 00:00:00+00:00,129.968,131.358,129.293,131.047,50672.0
2015-03-23 00:00:00+00:00,131.04,131.516,130.353,130.817,46713.0
2015-03-24 00:00:00+00:00,130.792,131.417,130.587,131.082,38309.0
2015-03-25 00:00:00+00:00,131.088,131.112,129.532,129.73,44068.0
2015-03-26 00:00:00+00:00,129.706,130.417,129.035,129.73,42708.0
2015-03-29 00:00:00+00:00,129.789,130.2,129.3,130.097,31760.0
2015-03-30 00:00:00+00:00,130.105,130.265,128.611,128.926,33252.0
2015-03-31 00:00:00+00:00,128.946,129.455,128.4,128.886,40544.0
2015-04-01 00:00:00+00:00,128.841,130.498,128.616,130.252,33490.0
2015-04-02 00:00:00+00:00,130.278,130.971,130.018,130.567,23482.0
2015-04-05 00:00:00+00:00,130.804,131.3,130.42,130.56,19191.0
2015-04-06 00:00:00+00:00,130.579,131.044,130.018,130.074,30791.0
2015-04-07 00:00:00+00:00,130.074,130.356,129.402,129.516,36783.0
2015-04-08 00:00:00+00:00,129.516,129.766,128.246,128.528,28325.0
2015-04-09 00:00:00+00:00,128.504,128.782,127.205,127.456,31055.0
2015-04-12 00:00:00+00:00,127.412,127.83,126.508,126.948,35843.0
2015-04-13 00:00:00+00:00,126.966,127.633,126.094,127.219,42796.0
2015-04-14 00:00:00+00:00,127.186,127.491,126.286,127.291,45885.0
2015-04-15 00:00:00+00:00,127.348,128.582,126.75,128.064,51197.0
2015-04-16 00:00:00+00:00,128.099,128.75,127.764,128.496,43768.0
2015-04-19 00:00:00+00:00,128.79,128.811,127.598,127.975,29556.0
2015-04-20 00:00:00+00:00,127.996,128.776,127.458,128.464,29805.0
2015-04-21 00:00:00+00:00,128.484,128.967,128.181,128.599,29553.0
2015-04-22 00:00:00+00:00,128.58,129.674,127.878,129.432,34244.0
2015-04-23 00:00:00+00:00,129.426,130.118,128.841,129.374,38623.0
2015-04-26 00:00:00+00:00,129.181,129.987,129.016,129.625,26795.0
2015-04-27 00:00:00+00:00,129.608,130.678,129.358,130.542,31567.0
2015-04-28 00:00:00+00:00,130.51,132.901,130.264,132.445,47438.0
2015-04-29 00:00:00+00:00,132.43,134.524,131.312,133.972,54387.0
2015-04-30 00:00:00+00:00,133.978,135.294,133.905,134.592,31712.0
2015-05-03 00:00:00+00:00,134.588,134.724,133.7,133.916,26318.0
2015-05-04 00:00:00+00:00,133.87,134.496,133.108,134.074,34560.0
2015-05-05 00:00:00+00:00,134.065,135.694,134.032,135.558,41463.0
2015-05-06 00:00:00+00:00,135.539,135.996,134.194,134.91,42307.0
2015-05-07 00:00:00+00:00,134.875,135.417,134.08,134.233,46043.0
2015-05-10 00:00:00+00:00,134.018,134.238,133.492,133.958,28448.0
2015-05-11 00:00:00+00:00,133.99,135.295,133.758,134.408,31349.0
2015-05-12 00:00:00+00:00,134.384,135.502,134.206,135.294,32061.0
2015-05-13 00:00:00+00:00,135.277,136.418,135.202,135.974,33202.0
2015-05-14 00:00:00+00:00,135.952,136.82,135.7,136.641,32714.0
2015-05-17 00:00:00+00:00,136.573,136.962,135.59,135.754,25054.0
2015-05-18 00:00:00+00:00,135.759,135.83,133.946,134.558,33524.0
2015-05-19 00:00:00+00:00,134.602,134.868,133.919,134.641,37189.0
2015-05-20 00:00:00+00:00,134.624,135.349,134.222,134.486,31860.0
2015-05-21 00:00:00+00:00,134.526,135.348,133.726,133.847,33055.0
2015-05-24 00:00:00+00:00,133.697,133.834,133.254,133.439,13447.0
2015-05-25 00:00:00+00:00,133.42,134.516,133.102,133.862,34129.0
2015-05-26 00:00:00+00:00,133.858,135.02,133.786,134.852,34680.0
2015-05-27 00:00:00+00:00,134.832,135.856,134.756,135.706,41265.0
2015-05-28 00:00:00+00:00,135.726,136.47,135.434,136.456,35888.0
2015-05-31 00:00:00+00:00,136.262,136.595,135.134,136.348,32052.0
2015-06-01 00:00:00+00:00,136.384,138.88,136.108,138.394,47961.0
2015-06-02 00:00:00+00:00,138.411,140.14,138.052,140.073,46935.0
2015-06-03 00:00:00+00:00,140.061,141.056,139.552,139.768,44253.0
2015-06-04 00:00:00+00:00,139.78,140.698,139.032,139.612,45726.0
2015-06-07 00:00:00+00:00,139.408,140.745,139.039,140.578,38994.0
2015-06-08 00:00:00+00:00,140.563,141.014,139.366,140.288,41196.0
2015-06-09 00:00:00+00:00,140.28,140.674,138.433,138.918,59458.0
2015-06-10 00:00:00+00:00,138.901,139.616,138.58,138.94,40875.0
2015-06-11 00:00:00+00:00,138.947,139.326,137.988,139.009,41348.0
2015-06-14 00:00:00+00:00,138.164,139.35,138.122,139.234,32738.0
2015-06-15 00:00:00+00:00,139.3,140.002,138.256,138.758,29793.0
2015-06-16 00:00:00+00:00,138.734,140.014,138.694,139.937,40727.0
2015-06-17 00:00:00+00:00,139.907,140.666,139.494,139.729,38994.0
2015-06-18 00:00:00+00:00,139.737,140.169,138.928,139.246,28585.0
2015-06-21 00:00:00+00:00,139.898,140.634,139.27,139.91,29540.0
2015-06-22 00:00:00+00:00,139.902,140.03,138.208,138.414,31151.0
2015-06-23 00:00:00+00:00,138.379,139.168,138.264,138.78,31649.0
2015-06-24 00:00:00+00:00,138.804,138.895,137.667,138.519,27741.0
2015-06-25 00:00:00+00:00,138.508,138.682,137.801,138.353,24425.0
2015-06-28 00:00:00+00:00,135.101,138.137,133.788,137.69,62874.0
2015-06-29 00:00:00+00:00,137.716,137.751,135.886,136.444,43712.0
2015-06-30 00:00:00+00:00,136.424,137.422,136.038,136.148,30970.0
2015-07-01 00:00:00+00:00,136.138,136.916,136.045,136.395,27742.0
2015-07-02 00:00:00+00:00,136.383,136.85,135.916,136.443,18553.0
2015-07-05 00:00:00+00:00,134.018,136.072,133.912,135.514,40945.0
2015-07-06 00:00:00+00:00,135.507,135.674,133.514,134.933,39516.0
2015-07-07 00:00:00+00:00,134.953,134.977,133.312,133.702,45553.0
2015-07-08 00:00:00+00:00,133.722,135.074,133.312,133.912,37687.0
2015-07-09 00:00:00+00:00,133.886,137.286,133.819,136.944,44930.0
2015-07-12 00:00:00+00:00,135.586,137.803,135.586,135.788,41657.0
2015-07-13 00:00:00+00:00,135.782,136.424,135.285,135.83,31414.0
2015-07-14 00:00:00+00:00,135.847,136.378,135.359,135.495,31156.0
2015-07-15 00:00:00+00:00,135.48,135.876,134.754,135.002,32626.0
2015-07-16 00:00:00+00:00,135.009,135.276,134.35,134.395,21540.0
2015-07-19 00:00:00+00:00,134.38,135.051,134.35,134.53,19092.0
2015-07-20 00:00:00+00:00,134.539,135.772,134.48,135.526,24823.0
2015-07-21 00:00:00+00:00,135.472,135.631,134.848,135.482,24946.0
2015-07-22 00:00:00+00:00,135.442,136.444,135.418,136.082,27346.0
2015-07-23 00:00:00+00:00,136.051,136.286,135.534,135.966,23135.0
2015-07-26 00:00:00+00:00,135.907,137.109,135.754,136.652,29245.0
2015-07-27 00:00:00+00:00,136.656,136.984,136.372,136.65,24689.0
2015-07-28 00:00:00+00:00,136.672,136.966,135.98,136.138,29074.0
2015-07-29 00:00:00+00:00,136.11,136.49,135.542,135.72,25166.0
2015-07-30 00:00:00+00:00,135.726,137.347,135.584,136.063,36886.0
2015-08-02 00:00:00+00:00,135.952,136.446,135.592,135.822,23216.0
2015-08-03 00:00:00+00:00,135.839,136.171,135.28,135.341,22937.0
2015-08-04 00:00:00+00:00,135.356,136.204,134.996,136.18,26499.0
2015-08-05 00:00:00+00:00,136.143,136.49,135.805,136.277,21133.0
2015-08-06 00:00:00+00:00,136.233,136.73,135.555,136.231,26275.0
2015-08-09 00:00:00+00:00,136.126,137.423,136.067,137.322,19869.0
2015-08-10 00:00:00+00:00,137.306,138.373,136.792,138.155,31819.0
2015-08-11 00:00:00+00:00,138.188,138.866,138.022,138.616,36259.0
2015-08-12 00:00:00+00:00,138.606,138.858,138.082,138.75,25910.0
2015-08-13 00:00:00+00:00,138.721,138.855,137.935,138.096,22462.0
2015-08-16 00:00:00+00:00,138.17,138.4,137.588,137.781,19010.0
2015-08-17 00:00:00+00:00,137.793,137.902,137.06,137.163,15590.0
2015-08-18 00:00:00+00:00,137.138,137.848,137.069,137.664,26881.0
2015-08-19 00:00:00+00:00,137.672,138.732,137.65,138.722,28245.0
2015-08-20 00:00:00+00:00,138.692,139.007,138.178,138.958,37853.0
2015-08-23 00:00:00+00:00,138.653,138.964,136.012,137.604,111547.0
2015-08-24 00:00:00+00:00,137.612,138.618,136.487,136.899,89003.0
2015-08-25 00:00:00+00:00,136.899,137.611,135.452,135.668,72755.0
2015-08-26 00:00:00+00:00,135.682,136.416,135.26,136.116,50436.0
2015-08-27 00:00:00+00:00,136.094,136.617,135.302,136.122,35787.0
2015-08-28 00:00:00+00:00,136.122,136.122,136.122,136.122,2.0
2015-08-30 00:00:00+00:00,135.894,136.364,135.678,135.905,28903.0
2015-08-31 00:00:00+00:00,135.918,136.244,134.678,135.078,45821.0
2015-09-01 00:00:00+00:00,135.05,135.802,134.73,135.1,37333.0
2015-09-02 00:00:00+00:00,135.083,135.371,133.128,133.554,36431.0
2015-09-03 00:00:00+00:00,133.576,133.67,132.232,132.7,42722.0
2015-09-06 00:00:00+00:00,132.768,133.356,132.65,133.23,24900.0
2015-09-07 00:00:00+00:00,133.238,134.408,132.975,134.228,31340.0
2015-09-08 00:00:00+00:00,134.22,135.193,134.22,135.056,33121.0
2015-09-09 00:00:00+00:00,135.037,136.2,134.755,136.058,45317.0
2015-09-10 00:00:00+00:00,136.044,136.926,135.73,136.727,29754.0
2015-09-13 00:00:00+00:00,136.604,137.052,135.494,136.068,26288.0
2015-09-14 00:00:00+00:00,136.084,136.412,135.002,135.69,27917.0
2015-09-15 00:00:00+00:00,135.722,136.633,135.158,136.144,23841.0
2015-09-16 00:00:00+00:00,136.162,137.446,136.071,137.226,40149.0
2015-09-17 00:00:00+00:00,137.208,137.31,135.25,135.561,40620.0
2015-09-20 00:00:00+00:00,135.546,136.146,134.774,134.901,24814.0
2015-09-21 00:00:00+00:00,134.888,134.973,133.323,133.706,24657.0
2015-09-22 00:00:00+00:00,133.688,134.69,133.16,134.532,31601.0
2015-09-23 00:00:00+00:00,134.5,134.866,134.01,134.86,35826.0
2015-09-24 00:00:00+00:00,134.793,135.392,134.121,135.028,38671.0
2015-09-27 00:00:00+00:00,134.846,134.986,133.948,134.84,29680.0
2015-09-28 00:00:00+00:00,134.86,134.964,134.242,134.698,30016.0
2015-09-29 00:00:00+00:00,134.676,135.117,133.579,133.992,26083.0
2015-09-30 00:00:00+00:00,133.978,134.246,133.44,134.244,25686.0
2015-10-01 00:00:00+00:00,134.184,134.88,133.99,134.477,37876.0
2015-10-04 00:00:00+00:00,134.642,135.717,134.42,134.773,25758.0
2015-10-05 00:00:00+00:00,134.767,135.607,134.404,135.53,20083.0
2015-10-06 00:00:00+00:00,135.522,135.632,134.62,134.87,28548.0
2015-10-07 00:00:00+00:00,134.851,135.591,134.725,135.236,23899.0
2015-10-08 00:00:00+00:00,135.214,136.957,135.06,136.577,23208.0
2015-10-11 00:00:00+00:00,136.586,136.936,136.236,136.336,13359.0
2015-10-12 00:00:00+00:00,136.344,136.596,136.012,136.254,17994.0
2015-10-13 00:00:00+00:00,136.272,136.618,136.153,136.342,20818.0
2015-10-14 00:00:00+00:00,136.358,136.741,134.804,135.354,26483.0
2015-10-15 00:00:00+00:00,135.45,135.988,134.96,135.557,20031.0
2015-10-18 00:00:00+00:00,135.627,135.956,135.072,135.36,18402.0
2015-10-19 00:00:00+00:00,135.395,136.228,135.265,135.972,15430.0
2015-10-20 00:00:00+00:00,135.955,136.39,135.886,135.992,16057.0
2015-10-21 00:00:00+00:00,136.022,136.072,134.055,134.074,28153.0
2015-10-22 00:00:00+00:00,134.082,134.268,133.371,133.816,30281.0
2015-10-25 00:00:00+00:00,133.609,133.919,133.147,133.918,18307.0
2015-10-26 00:00:00+00:00,133.888,133.892,132.734,133.052,18118.0
2015-10-27 00:00:00+00:00,133.023,133.552,131.974,132.282,27384.0
2015-10-28 00:00:00+00:00,132.29,133.032,131.594,132.966,23493.0
2015-10-29 00:00:00+00:00,132.952,133.394,132.231,132.754,34372.0
2015-11-01 00:00:00+00:00,132.851,133.209,132.624,133.016,18340.0
2015-11-02 00:00:00+00:00,133.009,133.122,132.548,132.746,15351.0
2015-11-03 00:00:00+00:00,132.767,132.91,131.85,132.078,22034.0
2015-11-04 00:00:00+00:00,132.09,132.73,131.864,132.509,21338.0
2015-11-05 00:00:00+00:00,132.485,132.712,131.488,132.265,25319.0
2015-11-08 00:00:00+00:00,132.3,133.192,132.182,132.428,20183.0
2015-11-09 00:00:00+00:00,132.418,132.788,131.627,132.085,19168.0
2015-11-10 00:00:00+00:00,132.07,132.412,131.658,131.998,18019.0
2015-11-11 00:00:00+00:00,132.004,132.758,131.482,132.592,26632.0
2015-11-12 00:00:00+00:00,132.558,132.622,131.563,132.078,22068.0
2015-11-15 00:00:00+00:00,131.306,132.212,130.646,131.628,20959.0
2015-11-16 00:00:00+00:00,131.634,131.802,131.202,131.378,18789.0
2015-11-17 00:00:00+00:00,131.363,131.788,131.124,131.786,18353.0
2015-11-18 00:00:00+00:00,131.804,132.276,131.434,131.89,22151.0
2015-11-19 00:00:00+00:00,131.883,131.965,130.705,130.738,17118.0
2015-11-22 00:00:00+00:00,130.74,131.045,130.354,130.657,16282.0
2015-11-23 00:00:00+00:00,130.65,130.798,130.2,130.408,17235.0
2015-11-24 00:00:00+00:00,130.434,130.766,129.778,130.368,20324.0
2015-11-25 00:00:00+00:00,130.349,130.406,129.892,130.074,9150.0
2015-11-26 00:00:00+00:00,130.136,130.25,129.67,130.071,12869.0
2015-11-29 00:00:00+00:00,130.109,130.3,129.816,130.064,14592.0
2015-11-30 00:00:00+00:00,130.024,130.815,129.76,130.647,16852.0
2015-12-01 00:00:00+00:00,130.684,130.98,130.306,130.826,19065.0
2015-12-02 00:00:00+00:00,130.854,134.506,129.886,134.116,50776.0
2015-12-03 00:00:00+00:00,134.15,134.595,133.328,133.98,34842.0
2015-12-06 00:00:00+00:00,133.938,134.126,133.296,133.702,16861.0
2015-12-07 00:00:00+00:00,133.683,134.004,133.483,133.902,16627.0
2015-12-08 00:00:00+00:00,133.876,134.221,133.528,133.888,26065.0
2015-12-09 00:00:00+00:00,133.895,134.122,132.776,133.022,21252.0
2015-12-10 00:00:00+00:00,133.033,133.786,132.632,132.974,27049.0
2015-12-13 00:00:00+00:00,133.104,133.239,132.442,133.056,26329.0
2015-12-14 00:00:00+00:00,133.03,133.532,132.708,133.008,23005.0
2015-12-15 00:00:00+00:00,132.998,133.783,132.88,133.348,38274.0
2015-12-16 00:00:00+00:00,133.373,133.383,132.598,132.684,24741.0
2015-12-17 00:00:00+00:00,132.668,133.79,131.04,131.647,37129.0
2015-12-20 00:00:00+00:00,131.486,132.344,131.486,132.278,19612.0
2015-12-21 00:00:00+00:00,132.292,132.8,132.1,132.67,16080.0
2015-12-22 00:00:00+00:00,132.649,132.649,131.505,131.948,12389.0
2015-12-23 00:00:00+00:00,131.965,132.013,131.592,131.872,9184.0
2015-12-27 00:00:00+00:00,131.872,132.464,131.709,132.056,10434.0
2015-12-28 00:00:00+00:00,132.112,132.354,131.365,131.585,11830.0
2015-12-29 00:00:00+00:00,131.555,131.926,131.454,131.766,11750.0
2015-12-30 00:00:00+00:00,131.749,131.782,130.476,130.664,10459.0
2016-01-03 00:00:00+00:00,130.697,130.77,128.682,129.383,29139.0
2016-01-04 00:00:00+00:00,129.365,129.478,127.523,127.97,21733.0
2016-01-05 00:00:00+00:00,127.954,128.182,127.024,127.724,32909.0
2016-01-06 00:00:00+00:00,127.744,128.628,126.786,128.622,42007.0
2016-01-07 00:00:00+00:00,128.584,129.092,128.085,128.127,38983.0
2016-01-10 00:00:00+00:00,128.07,128.47,127.312,127.876,32471.0
2016-01-11 00:00:00+00:00,127.904,128.01,127.461,127.735,26745.0
2016-01-12 00:00:00+00:00,127.786,128.544,127.639,127.995,24529.0
2016-01-13 00:00:00+00:00,128.002,128.756,127.747,128.282,29751.0
2016-01-14 00:00:00+00:00,128.284,128.421,127.598,127.734,32770.0
2016-01-17 00:00:00+00:00,127.707,127.947,127.354,127.819,21064.0
2016-01-18 00:00:00+00:00,127.812,128.559,127.768,128.31,23348.0
2016-01-19 00:00:00+00:00,128.287,128.374,126.628,127.366,39052.0
2016-01-20 00:00:00+00:00,127.337,128.196,126.17,127.992,47608.0
2016-01-21 00:00:00+00:00,128.038,128.432,127.421,128.247,29374.0
2016-01-24 00:00:00+00:00,128.078,128.55,127.855,128.344,19881.0
2016-01-25 00:00:00+00:00,128.344,128.724,127.824,128.706,21315.0
2016-01-26 00:00:00+00:00,128.691,129.486,128.254,129.286,28836.0
2016-01-27 00:00:00+00:00,129.257,130.22,128.945,129.991,25690.0
2016-01-28 00:00:00+00:00,129.972,132.315,129.565,131.197,59877.0
2016-01-31 00:00:00+00:00,131.413,132.024,131.257,131.733,24152.0
2016-02-01 00:00:00+00:00,131.688,131.968,130.898,131.004,22744.0
2016-02-02 00:00:00+00:00,131.015,131.021,130.054,130.893,44560.0
2016-02-03 00:00:00+00:00,130.906,131.658,130.643,130.894,40951.0
2016-02-04 00:00:00+00:00,130.878,131.022,130.164,130.374,33445.0
2016-02-07 00:00:00+00:00,130.209,130.904,128.764,129.67,33454.0
2016-02-08 00:00:00+00:00,129.682,130.266,128.275,130.01,59684.0
2016-02-09 00:00:00+00:00,130.016,130.114,127.75,128.004,63450.0
2016-02-10 00:00:00+00:00,127.988,128.115,125.776,127.304,76853.0
2016-02-11 00:00:00+00:00,127.268,127.656,126.378,127.46,60320.0
2016-02-14 00:00:00+00:00,127.521,127.964,127.255,127.844,32131.0
2016-02-15 00:00:00+00:00,127.836,128.176,126.614,127.132,33928.0
2016-02-16 00:00:00+00:00,127.149,127.398,126.633,126.949,36793.0
2016-02-17 00:00:00+00:00,126.927,127.168,125.598,125.792,33166.0
2016-02-18 00:00:00+00:00,125.838,125.959,125.018,125.315,32330.0
2016-02-21 00:00:00+00:00,125.078,125.564,124.372,124.536,26372.0
2016-02-22 00:00:00+00:00,124.47,124.617,123.069,123.534,35999.0
2016-02-23 00:00:00+00:00,123.562,123.627,122.456,123.536,36728.0
2016-02-24 00:00:00+00:00,123.529,124.644,123.275,124.488,34836.0
2016-02-25 00:00:00+00:00,124.47,125.016,124.224,124.62,32514.0
2016-02-28 00:00:00+00:00,124.415,124.48,122.456,122.536,33554.0
2016-02-29 00:00:00+00:00,122.561,124.082,122.074,123.895,33503.0
2016-03-01 00:00:00+00:00,123.922,124.36,123.092,123.328,28487.0
2016-03-02 00:00:00+00:00,123.346,124.598,123.27,124.57,27856.0
2016-03-03 00:00:00+00:00,124.559,125.594,123.938,125.21,35308.0
2016-03-06 00:00:00+00:00,125.239,125.258,124.246,124.95,22699.0
2016-03-07 00:00:00+00:00,124.966,125.012,123.85,124.016,28478.0
2016-03-08 00:00:00+00:00,124.031,124.887,123.062,124.67,26733.0
2016-03-09 00:00:00+00:00,124.708,126.778,123.65,126.559,65651.0
2016-03-10 00:00:00+00:00,126.516,127.292,126.064,126.93,35750.0
2016-03-13 00:00:00+00:00,126.918,127.154,126.08,126.369,23170.0
2016-03-14 00:00:00+00:00,126.36,126.71,125.098,125.72,28825.0
2016-03-15 00:00:00+00:00,125.7,126.462,125.552,126.358,39336.0
2016-03-16 00:00:00+00:00,126.368,126.624,125.332,126.094,42593.0
2016-03-17 00:00:00+00:00,126.078,126.2,125.27,125.724,28656.0
2016-03-20 00:00:00+00:00,125.653,126.078,125.224,125.84,19975.0
2016-03-21 00:00:00+00:00,125.828,126.274,124.674,126.033,29315.0
2016-03-22 00:00:00+00:00,125.998,126.252,125.51,125.646,22609.0
2016-03-23 00:00:00+00:00,125.628,126.186,125.39,126.156,19966.0
2016-03-24 00:00:00+00:00,126.153,126.466,125.908,126.286,11170.0
2016-03-27 00:00:00+00:00,126.327,127.057,126.296,126.992,12349.0
2016-03-28 00:00:00+00:00,127.036,127.454,126.782,127.303,26722.0
2016-03-29 00:00:00+00:00,127.245,127.827,126.784,127.476,27643.0
2016-03-30 00:00:00+00:00,127.444,128.225,126.97,128.112,25911.0
2016-03-31 00:00:00+00:00,128.104,128.167,127.1,127.263,32198.0
2016-04-03 00:00:00+00:00,127.267,127.358,126.453,126.801,21688.0
2016-04-04 00:00:00+00:00,126.757,126.844,125.25,125.634,32338.0
2016-04-05 00:00:00+00:00,125.595,125.843,124.864,125.141,30474.0
2016-04-06 00:00:00+00:00,125.124,125.314,122.546,123.128,41990.0
2016-04-07 00:00:00+00:00,123.122,124.236,122.998,123.183,30843.0
2016-04-10 00:00:00+00:00,123.33,123.732,122.834,123.156,29943.0
2016-04-11 00:00:00+00:00,123.119,124.003,123.079,123.58,26881.0
2016-04-12 00:00:00+00:00,123.598,123.869,123.014,123.274,26200.0
2016-04-13 00:00:00+00:00,123.26,123.424,122.723,123.258,24326.0
2016-04-14 00:00:00+00:00,123.171,123.566,122.598,122.714,20325.0
2016-04-17 00:00:00+00:00,122.275,123.355,121.716,123.114,26636.0
2016-04-18 00:00:00+00:00,123.098,124.443,123.068,124.047,22296.0
2016-04-19 00:00:00+00:00,124.04,124.337,123.543,124.089,22373.0
2016-04-20 00:00:00+00:00,124.096,124.962,123.368,123.558,32858.0
2016-04-21 00:00:00+00:00,123.535,125.509,123.41,125.491,32498.0
2016-04-24 00:00:00+00:00,125.471,125.544,124.804,125.316,25779.0
2016-04-25 00:00:00+00:00,125.343,125.977,124.693,125.778,23553.0
2016-04-26 00:00:00+00:00,125.803,126.361,125.449,126.218,27270.0
2016-04-27 00:00:00+00:00,126.234,126.47,122.522,122.725,52393.0
2016-04-28 00:00:00+00:00,122.778,122.953,121.682,121.738,38282.0
2016-05-01 00:00:00+00:00,121.776,122.93,121.75,122.744,27635.0
2016-05-02 00:00:00+00:00,122.712,122.764,122.127,122.565,28106.0
2016-05-03 00:00:00+00:00,122.575,123.543,122.3,122.94,32710.0
2016-05-04 00:00:00+00:00,122.922,123.13,122.098,122.328,20470.0
2016-05-05 00:00:00+00:00,122.322,122.46,121.487,122.183,27315.0
2016-05-08 00:00:00+00:00,121.983,123.71,121.798,123.292,23396.0
2016-05-09 00:00:00+00:00,123.298,124.444,123.284,124.265,23372.0
2016-05-10 00:00:00+00:00,124.248,124.403,123.602,123.896,21215.0
2016-05-11 00:00:00+00:00,123.889,124.648,123.69,124.02,23367.0
2016-05-12 00:00:00+00:00,124.004,124.13,122.754,122.832,28003.0
2016-05-15 00:00:00+00:00,122.874,123.512,122.614,123.424,17095.0
2016-05-16 00:00:00+00:00,123.445,124.176,123.244,123.48,21129.0
2016-05-17 00:00:00+00:00,123.462,123.913,122.964,123.594,27452.0
2016-05-18 00:00:00+00:00,123.576,123.778,122.928,123.184,25263.0
2016-05-19 00:00:00+00:00,123.212,124.05,123.058,123.594,18071.0
2016-05-22 00:00:00+00:00,123.457,123.644,122.39,122.564,19717.0
2016-05-23 00:00:00+00:00,122.561,122.732,122.352,122.538,19749.0
2016-05-24 00:00:00+00:00,122.506,123.113,122.49,122.93,18697.0
2016-05-25 00:00:00+00:00,122.906,123.07,122.266,122.864,22333.0
2016-05-26 00:00:00+00:00,122.851,123.086,122.22,122.553,19687.0
2016-05-29 00:00:00+00:00,122.708,123.904,122.674,123.764,14723.0
2016-05-30 00:00:00+00:00,123.781,124.191,122.976,123.264,22587.0
2016-05-31 00:00:00+00:00,123.209,123.318,121.898,122.545,31748.0
2016-06-01 00:00:00+00:00,122.575,122.619,121.062,121.417,29475.0
2016-06-02 00:00:00+00:00,121.424,121.682,120.83,121.096,36557.0
2016-06-05 00:00:00+00:00,121.018,122.334,120.83,122.122,31734.0
2016-06-06 00:00:00+00:00,122.13,122.7,121.656,121.956,22761.0
2016-06-07 00:00:00+00:00,121.932,122.02,121.336,121.911,24512.0
2016-06-08 00:00:00+00:00,121.917,122.042,120.326,121.214,26618.0
2016-06-09 00:00:00+00:00,121.186,121.202,119.916,120.34,27226.0
2016-06-12 00:00:00+00:00,120.207,120.323,119.005,119.978,36812.0
2016-06-13 00:00:00+00:00,119.959,120.12,118.516,118.911,36112.0
2016-06-14 00:00:00+00:00,118.93,119.485,118.722,119.367,33423.0
2016-06-15 00:00:00+00:00,119.358,119.442,115.502,117.038,59867.0
2016-06-16 00:00:00+00:00,117.051,118.102,116.901,117.471,36733.0
2016-06-19 00:00:00+00:00,118.661,119.143,117.352,117.596,34293.0
2016-06-20 00:00:00+00:00,117.576,118.688,117.313,117.78,33465.0
2016-06-21 00:00:00+00:00,117.8,118.612,117.429,117.939,27739.0
2016-06-22 00:00:00+00:00,118.001,120.944,117.954,120.886,56337.0
2016-06-23 00:00:00+00:00,120.873,122.01,109.576,113.518,200305.0
2016-06-26 00:00:00+00:00,111.761,113.256,111.38,112.462,81184.0
2016-06-27 00:00:00+00:00,112.416,113.861,111.925,113.709,43611.0
2016-06-28 00:00:00+00:00,113.715,114.501,112.948,114.399,38625.0
2016-06-29 00:00:00+00:00,114.423,114.798,113.344,114.596,50001.0
2016-06-30 00:00:00+00:00,114.559,114.752,113.682,114.2,32955.0
2016-07-03 00:00:00+00:00,114.237,114.51,113.963,114.373,17620.0
2016-07-04 00:00:00+00:00,114.366,114.38,112.394,112.688,30161.0
2016-07-05 00:00:00+00:00,112.619,112.704,110.831,112.456,49901.0
2016-07-06 00:00:00+00:00,112.449,112.526,111.22,111.484,33130.0
2016-07-07 00:00:00+00:00,111.455,111.863,110.869,111.13,37203.0
2016-07-10 00:00:00+00:00,111.191,113.784,111.103,113.678,32974.0
2016-07-11 00:00:00+00:00,113.697,116.426,113.286,115.794,46934.0
2016-07-12 00:00:00+00:00,115.825,116.23,114.926,115.869,46535.0
2016-07-13 00:00:00+00:00,115.812,118.035,115.374,117.151,56944.0
2016-07-14 00:00:00+00:00,117.145,118.407,115.492,115.699,55849.0
2016-07-17 00:00:00+00:00,116.413,117.696,116.321,117.572,37175.0
2016-07-18 00:00:00+00:00,117.587,117.77,116.575,116.956,36730.0
2016-07-19 00:00:00+00:00,116.934,117.926,116.538,117.72,32399.0
2016-07-20 00:00:00+00:00,117.782,118.465,116.152,116.682,54919.0
2016-07-21 00:00:00+00:00,116.709,117.278,116.225,116.474,36268.0
2016-07-24 00:00:00+00:00,116.494,116.972,116.226,116.338,25464.0
2016-07-25 00:00:00+00:00,116.321,116.414,114.458,114.951,35451.0
2016-07-26 00:00:00+00:00,114.986,117.152,114.962,116.552,55743.0
2016-07-27 00:00:00+00:00,116.616,116.846,115.82,116.6,33702.0
2016-07-28 00:00:00+00:00,116.611,116.966,113.886,114.074,81075.0
2016-07-31 00:00:00+00:00,114.357,114.738,113.962,114.299,27386.0
2016-08-01 00:00:00+00:00,114.313,114.816,113.009,113.232,34704.0
2016-08-02 00:00:00+00:00,113.206,113.646,112.666,112.887,27542.0
2016-08-03 00:00:00+00:00,112.861,113.274,112.484,112.654,24357.0
2016-08-04 00:00:00+00:00,112.641,113.011,112.32,112.864,20278.0
2016-08-07 00:00:00+00:00,113.02,113.756,112.928,113.596,16652.0
2016-08-08 00:00:00+00:00,113.533,113.622,113.035,113.265,13458.0
2016-08-09 00:00:00+00:00,113.247,113.47,112.792,113.211,21222.0
2016-08-10 00:00:00+00:00,113.218,113.698,112.708,113.558,15311.0
2016-08-11 00:00:00+00:00,113.551,114.03,112.73,113.058,20980.0
2016-08-14 00:00:00+00:00,113.008,113.296,112.682,113.238,14752.0
2016-08-15 00:00:00+00:00,113.242,113.28,112.366,113.128,27098.0
2016-08-16 00:00:00+00:00,113.109,113.932,112.83,113.208,24137.0
2016-08-17 00:00:00+00:00,113.183,113.704,112.652,113.414,31139.0
2016-08-18 00:00:00+00:00,113.397,113.876,113.234,113.501,20396.0
2016-08-21 00:00:00+00:00,113.984,114.018,113.407,113.574,23109.0
2016-08-22 00:00:00+00:00,113.558,113.726,113.227,113.33,18322.0
2016-08-23 00:00:00+00:00,113.338,113.588,112.792,113.142,16340.0
2016-08-24 00:00:00+00:00,113.156,113.58,113.102,113.456,13853.0
2016-08-25 00:00:00+00:00,113.439,114.138,113.154,114.018,26754.0
2016-08-28 00:00:00+00:00,114.076,114.69,113.96,114.037,19164.0
2016-08-29 00:00:00+00:00,114.033,114.94,113.858,114.728,18830.0
2016-08-30 00:00:00+00:00,114.749,115.432,114.688,115.404,17622.0
2016-08-31 00:00:00+00:00,115.41,115.823,115.03,115.586,20713.0
2016-09-01 00:00:00+00:00,115.57,116.369,115.518,115.943,26206.0
2016-09-04 00:00:00+00:00,116.147,116.154,115.132,115.303,17305.0
2016-09-05 00:00:00+00:00,115.294,115.682,114.708,114.824,23756.0
2016-09-06 00:00:00+00:00,114.857,114.892,113.812,114.353,23650.0
2016-09-07 00:00:00+00:00,114.331,115.446,114.14,115.41,25466.0
2016-09-08 00:00:00+00:00,115.36,115.95,115.02,115.357,25057.0
2016-09-11 00:00:00+00:00,115.249,115.477,114.25,114.424,27735.0
2016-09-12 00:00:00+00:00,114.446,115.318,113.932,115.076,27375.0
2016-09-13 00:00:00+00:00,115.068,116.086,114.919,115.226,27275.0
2016-09-14 00:00:00+00:00,115.21,115.434,114.65,114.788,25724.0
2016-09-15 00:00:00+00:00,114.771,114.847,113.957,114.098,22733.0
2016-09-18 00:00:00+00:00,113.914,114.294,113.476,113.89,15537.0
2016-09-19 00:00:00+00:00,113.906,114.026,113.42,113.42,18052.0
2016-09-20 00:00:00+00:00,113.402,114.399,112.085,112.278,57209.0
2016-09-21 00:00:00+00:00,112.281,113.504,112.089,112.936,22011.0
2016-09-22 00:00:00+00:00,112.919,113.62,112.884,113.389,20071.0
2016-09-25 00:00:00+00:00,113.467,113.522,112.818,112.922,18234.0
2016-09-26 00:00:00+00:00,112.907,113.578,112.249,112.643,25560.0
2016-09-27 00:00:00+00:00,112.653,113.106,112.464,112.947,20277.0
2016-09-28 00:00:00+00:00,112.926,114.192,112.906,113.392,25306.0
2016-09-29 00:00:00+00:00,113.375,114.12,112.602,113.93,30849.0
2016-10-02 00:00:00+00:00,113.696,114.154,113.635,113.956,18078.0
2016-10-03 00:00:00+00:00,113.977,115.38,113.874,115.295,28142.0
2016-10-04 00:00:00+00:00,115.27,116.256,115.116,115.98,20958.0
2016-10-05 00:00:00+00:00,115.988,116.282,115.724,115.915,18830.0
2016-10-06 00:00:00+00:00,115.951,115.984,115.052,115.283,38952.0
2016-10-09 00:00:00+00:00,115.478,115.736,115.074,115.42,15260.0
2016-10-10 00:00:00+00:00,115.426,115.794,114.014,114.422,23730.0
2016-10-11 00:00:00+00:00,114.441,115.171,114.042,114.696,25921.0
2016-10-12 00:00:00+00:00,114.749,115.149,113.917,114.656,29850.0
2016-10-13 00:00:00+00:00,114.666,115.054,114.216,114.288,26560.0
2016-10-16 00:00:00+00:00,114.463,114.581,114.03,114.276,19101.0
2016-10-17 00:00:00+00:00,114.293,114.682,114.0,114.047,17192.0
2016-10-18 00:00:00+00:00,114.058,114.162,113.12,113.523,16287.0
2016-10-19 00:00:00+00:00,113.533,114.518,113.372,113.614,22779.0
2016-10-20 00:00:00+00:00,113.596,113.854,112.614,113.023,17443.0
2016-10-23 00:00:00+00:00,113.0,113.585,112.838,113.359,14134.0
2016-10-24 00:00:00+00:00,113.322,113.907,113.303,113.484,17977.0
2016-10-25 00:00:00+00:00,113.491,114.198,113.27,113.971,18181.0
2016-10-26 00:00:00+00:00,113.958,114.866,113.702,114.735,19804.0
2016-10-27 00:00:00+00:00,114.719,115.324,114.588,115.058,28365.0
2016-10-30 00:00:00+00:00,114.824,115.27,114.702,115.112,17507.0
2016-10-31 00:00:00+00:00,115.096,115.68,114.816,115.156,24486.0
2016-11-01 00:00:00+00:00,115.149,115.155,114.358,114.655,31068.0
2016-11-02 00:00:00+00:00,114.637,114.772,114.018,114.362,26667.0
2016-11-03 00:00:00+00:00,114.378,114.872,114.139,114.858,24992.0
2016-11-06 00:00:00+00:00,115.168,115.901,114.924,115.346,26229.0
2016-11-07 00:00:00+00:00,115.339,116.011,115.116,115.958,20710.0
2016-11-08 00:00:00+00:00,115.973,116.001,113.728,115.26,150695.0
2016-11-09 00:00:00+00:00,115.29,116.584,114.972,116.359,65049.0
2016-11-10 00:00:00+00:00,116.372,116.491,115.308,115.805,52355.0
2016-11-13 00:00:00+00:00,115.782,116.514,115.555,116.416,50346.0
2016-11-14 00:00:00+00:00,116.391,117.221,116.084,117.09,40616.0
2016-11-15 00:00:00+00:00,117.107,117.485,116.523,116.612,36033.0
2016-11-16 00:00:00+00:00,116.588,117.223,116.254,117.012,43172.0
2016-11-17 00:00:00+00:00,117.036,117.518,116.75,117.446,43850.0
2016-11-20 00:00:00+00:00,117.51,118.0,117.319,117.792,46076.0
2016-11-21 00:00:00+00:00,117.739,118.153,117.396,118.119,36642.0
2016-11-22 00:00:00+00:00,118.095,118.992,117.716,118.739,31984.0
2016-11-23 00:00:00+00:00,118.722,119.771,118.504,119.61,34972.0
2016-11-24 00:00:00+00:00,119.58,120.162,119.313,119.834,50067.0
2016-11-27 00:00:00+00:00,119.721,119.878,118.706,118.777,37564.0
2016-11-28 00:00:00+00:00,118.791,119.976,118.554,119.689,30852.0
2016-11-29 00:00:00+00:00,119.7,121.312,119.46,121.202,41790.0
2016-11-30 00:00:00+00:00,121.213,121.799,120.846,121.64,38972.0
2016-12-01 00:00:00+00:00,121.654,121.89,120.878,121.073,32573.0
2016-12-04 00:00:00+00:00,120.862,123.194,118.729,122.547,51113.0
2016-12-05 00:00:00+00:00,122.534,122.934,121.94,122.198,25556.0
2016-12-06 00:00:00+00:00,122.229,122.59,122.026,122.326,22396.0
2016-12-07 00:00:00+00:00,122.392,123.358,120.918,121.04,42061.0
2016-12-08 00:00:00+00:00,121.024,121.794,120.998,121.794,28625.0
2016-12-11 00:00:00+00:00,121.564,122.933,121.564,122.344,30733.0
2016-12-12 00:00:00+00:00,122.305,122.801,122.101,122.404,28592.0
2016-12-13 00:00:00+00:00,122.355,123.416,122.136,123.318,38263.0
2016-12-14 00:00:00+00:00,123.302,124.096,122.568,123.067,51389.0
2016-12-15 00:00:00+00:00,123.056,123.638,122.838,123.241,35688.0
2016-12-18 00:00:00+00:00,123.154,123.242,121.685,121.804,29977.0
2016-12-19 00:00:00+00:00,121.788,122.796,121.74,122.423,27782.0
2016-12-20 00:00:00+00:00,122.44,122.876,122.077,122.55,22757.0
2016-12-21 00:00:00+00:00,122.535,123.202,122.473,122.68,20115.0
2016-12-22 00:00:00+00:00,122.661,122.772,122.382,122.652,11580.0
2016-12-26 00:00:00+00:00,122.436,123.0,122.436,122.801,10961.0
2016-12-27 00:00:00+00:00,122.785,123.248,121.84,122.093,17653.0
2016-12-28 00:00:00+00:00,122.115,122.382,121.598,122.268,25238.0
2016-12-29 00:00:00+00:00,122.287,123.879,122.215,123.091,42180.0
2017-01-02 00:00:00+00:00,122.774,123.332,122.27,122.515,31817.0
2017-01-03 00:00:00+00:00,122.538,123.128,122.404,122.98,32768.0
2017-01-04 00:00:00+00:00,122.995,123.124,122.013,122.37,51596.0
2017-01-05 00:00:00+00:00,122.338,123.448,122.128,123.213,36121.0
2017-01-08 00:00:00+00:00,123.228,123.729,122.416,122.678,29273.0
2017-01-09 00:00:00+00:00,122.491,122.941,122.109,122.192,35555.0
2017-01-10 00:00:00+00:00,122.204,122.624,121.248,122.135,49002.0
2017-01-11 00:00:00+00:00,122.097,122.236,121.195,121.74,45890.0
2017-01-12 00:00:00+00:00,121.762,122.42,121.623,121.86,34263.0
2017-01-15 00:00:00+00:00,121.253,121.68,120.762,121.052,25507.0
2017-01-16 00:00:00+00:00,121.039,121.406,120.544,120.649,44768.0
2017-01-17 00:00:00+00:00,120.629,121.99,120.6,121.844,32873.0
2017-01-18 00:00:00+00:00,121.874,122.754,121.741,122.484,40070.0
2017-01-19 00:00:00+00:00,122.463,122.949,122.28,122.637,39908.0
2017-01-22 00:00:00+00:00,122.642,122.642,121.137,121.322,39189.0
2017-01-23 00:00:00+00:00,121.307,122.22,121.2,122.108,30870.0
2017-01-24 00:00:00+00:00,122.097,122.271,121.625,121.747,30978.0
2017-01-25 00:00:00+00:00,121.764,122.667,121.674,122.349,32004.0
2017-01-26 00:00:00+00:00,122.33,123.314,122.227,123.134,28127.0
2017-01-29 00:00:00+00:00,123.034,123.141,121.443,121.696,31005.0
2017-01-30 00:00:00+00:00,121.677,122.258,121.016,121.794,43914.0
2017-01-31 00:00:00+00:00,121.779,122.52,121.61,121.958,34523.0
2017-02-01 00:00:00+00:00,121.923,122.049,121.21,121.36,34645.0
2017-02-02 00:00:00+00:00,121.378,121.766,121.088,121.419,33613.0
2017-02-05 00:00:00+00:00,121.361,121.501,119.957,120.128,26242.0
2017-02-06 00:00:00+00:00,120.145,120.224,119.542,120.074,24081.0
2017-02-07 00:00:00+00:00,120.044,120.104,119.328,119.751,24386.0
2017-02-08 00:00:00+00:00,119.805,120.788,119.538,120.67,24200.0
2017-02-09 00:00:00+00:00,120.637,121.336,120.232,120.463,24954.0
2017-02-12 00:00:00+00:00,120.698,121.175,120.391,120.526,19015.0
2017-02-13 00:00:00+00:00,120.54,120.998,120.218,120.862,24231.0
2017-02-14 00:00:00+00:00,120.811,121.281,120.712,121.009,23965.0
2017-02-15 00:00:00+00:00,121.053,121.169,120.684,120.878,24145.0
2017-02-16 00:00:00+00:00,120.86,121.096,119.706,119.773,21208.0
2017-02-19 00:00:00+00:00,119.757,120.306,119.757,120.044,13261.0
2017-02-20 00:00:00+00:00,120.105,120.318,119.566,119.78,19259.0
2017-02-21 00:00:00+00:00,119.81,119.876,118.598,119.636,27185.0
2017-02-22 00:00:00+00:00,119.497,119.718,119.044,119.17,22423.0
2017-02-23 00:00:00+00:00,119.159,119.506,118.24,118.443,22167.0
2017-02-26 00:00:00+00:00,118.473,119.468,118.254,119.301,24139.0
2017-02-27 00:00:00+00:00,119.334,119.398,118.672,119.286,27221.0
2017-02-28 00:00:00+00:00,119.341,120.221,119.249,119.946,35430.0
2017-03-01 00:00:00+00:00,120.028,120.491,119.932,120.204,22397.0
2017-03-02 00:00:00+00:00,120.221,121.194,120.021,121.151,27491.0
2017-03-05 00:00:00+00:00,120.876,121.146,120.353,120.514,19964.0
2017-03-06 00:00:00+00:00,120.55,120.722,120.392,120.438,15191.0
2017-03-07 00:00:00+00:00,120.459,121.126,120.018,120.571,19107.0
2017-03-08 00:00:00+00:00,120.501,121.886,120.494,121.592,27542.0
2017-03-09 00:00:00+00:00,121.572,122.836,121.514,122.548,30639.0
2017-03-12 00:00:00+00:00,122.561,122.887,122.14,122.379,47321.0
2017-03-13 00:00:00+00:00,122.394,122.632,121.656,121.688,45537.0
2017-03-14 00:00:00+00:00,121.736,122.06,121.21,121.7,71929.0
2017-03-15 00:00:00+00:00,121.654,122.042,121.134,122.001,67917.0
2017-03-16 00:00:00+00:00,121.987,122.253,120.824,121.019,50816.0
2017-03-19 00:00:00+00:00,120.978,121.432,120.712,120.87,35264.0
2017-03-20 00:00:00+00:00,120.847,121.838,120.621,120.774,61963.0
2017-03-21 00:00:00+00:00,120.759,120.864,119.685,120.028,69624.0
2017-03-22 00:00:00+00:00,120.007,120.314,119.325,119.615,68372.0
2017-03-23 00:00:00+00:00,119.634,120.242,119.526,120.234,62001.0
2017-03-26 00:00:00+00:00,120.239,120.319,119.544,120.209,59011.0
2017-03-27 00:00:00+00:00,120.218,120.39,119.698,120.182,42144.0
2017-03-28 00:00:00+00:00,120.129,120.444,119.016,119.546,47230.0
2017-03-29 00:00:00+00:00,119.517,119.847,119.086,119.477,48521.0
2017-03-30 00:00:00+00:00,119.491,119.823,118.632,118.696,51045.0
2017-04-02 00:00:00+00:00,118.821,119.049,118.129,118.324,41227.0
2017-04-03 00:00:00+00:00,118.353,118.376,117.431,118.204,43571.0
2017-04-04 00:00:00+00:00,118.169,118.796,118.018,118.046,59056.0
2017-04-05 00:00:00+00:00,118.04,118.428,117.362,117.942,55270.0
2017-04-06 00:00:00+00:00,117.935,118.164,117.322,117.61,79459.0
2017-04-09 00:00:00+00:00,117.613,118.064,117.457,117.548,38768.0
2017-04-10 00:00:00+00:00,117.528,117.575,116.226,116.238,44419.0
2017-04-11 00:00:00+00:00,116.259,116.548,115.93,116.282,58482.0
2017-04-12 00:00:00+00:00,116.269,116.456,115.722,115.768,46306.0
2017-04-13 00:00:00+00:00,115.901,116.018,115.196,115.284,48299.0
2017-04-16 00:00:00+00:00,115.453,116.035,114.854,115.916,42304.0
2017-04-17 00:00:00+00:00,115.895,116.492,115.759,116.358,55786.0
2017-04-18 00:00:00+00:00,116.364,116.976,116.277,116.612,40201.0
2017-04-19 00:00:00+00:00,116.618,117.824,116.542,117.157,41619.0
2017-04-20 00:00:00+00:00,117.19,117.312,116.466,117.018,46592.0
2017-04-23 00:00:00+00:00,119.925,120.362,118.922,119.278,33609.0
2017-04-24 00:00:00+00:00,119.294,121.645,119.07,121.384,24199.0
2017-04-25 00:00:00+00:00,121.406,121.978,120.92,121.096,32206.0
2017-04-26 00:00:00+00:00,121.108,121.893,120.61,120.965,28656.0
2017-04-27 00:00:00+00:00,121.0,121.998,120.695,121.506,24752.0
2017-04-30 00:00:00+00:00,121.526,122.09,121.313,121.927,12031.0
2017-05-01 00:00:00+00:00,121.89,122.601,121.867,122.448,17796.0
2017-05-02 00:00:00+00:00,122.414,122.866,122.32,122.756,17356.0
2017-05-03 00:00:00+00:00,122.695,123.648,122.608,123.538,24982.0
2017-05-04 00:00:00+00:00,123.531,124.056,122.932,123.967,24253.0
2017-05-07 00:00:00+00:00,124.49,124.517,122.988,123.722,27680.0
2017-05-08 00:00:00+00:00,123.73,124.54,123.656,123.968,23499.0
2017-05-09 00:00:00+00:00,123.954,124.328,123.496,124.2,23457.0
2017-05-10 00:00:00+00:00,124.208,124.426,123.321,123.666,20431.0
2017-05-11 00:00:00+00:00,123.656,123.954,123.312,123.889,20559.0
2017-05-14 00:00:00+00:00,123.682,124.898,123.675,124.878,18994.0
2017-05-15 00:00:00+00:00,124.871,125.816,124.596,125.373,23426.0
2017-05-16 00:00:00+00:00,125.353,125.406,123.65,123.674,36748.0
2017-05-17 00:00:00+00:00,123.664,124.112,122.56,123.781,51181.0
2017-05-18 00:00:00+00:00,123.808,124.943,123.386,124.695,30710.0
2017-05-21 00:00:00+00:00,124.305,125.298,124.122,125.068,26526.0
2017-05-22 00:00:00+00:00,125.08,125.389,124.564,125.007,35488.0
2017-05-23 00:00:00+00:00,125.017,125.408,124.909,125.082,27405.0
2017-05-24 00:00:00+00:00,125.088,125.806,125.082,125.378,22556.0
2017-05-25 00:00:00+00:00,125.295,125.427,124.172,124.475,24342.0
2017-05-28 00:00:00+00:00,124.312,124.642,124.206,124.212,11072.0
2017-05-29 00:00:00+00:00,124.222,124.396,123.16,123.986,26376.0
2017-05-30 00:00:00+00:00,123.992,124.546,123.732,124.546,25794.0
2017-05-31 00:00:00+00:00,124.571,125.092,124.473,124.866,21051.0
2017-06-01 00:00:00+00:00,124.874,125.312,124.428,124.589,22048.0
2017-06-04 00:00:00+00:00,124.445,124.712,124.196,124.33,15918.0
2017-06-05 00:00:00+00:00,124.322,124.405,122.931,123.387,21554.0
2017-06-06 00:00:00+00:00,123.37,123.736,122.634,123.624,23870.0
2017-06-07 00:00:00+00:00,123.68,124.036,123.167,123.38,30878.0
2017-06-08 00:00:00+00:00,123.387,123.863,122.816,123.52,31091.0
2017-06-11 00:00:00+00:00,123.655,123.755,122.796,123.17,18854.0
2017-06-12 00:00:00+00:00,123.161,123.75,123.02,123.386,14086.0
2017-06-13 00:00:00+00:00,123.323,123.642,122.774,122.927,29621.0
2017-06-14 00:00:00+00:00,122.94,123.718,122.4,123.643,28351.0
2017-06-15 00:00:00+00:00,123.65,124.46,123.566,124.14,20908.0
2017-06-18 00:00:00+00:00,124.314,124.5,124.074,124.332,16678.0
2017-06-19 00:00:00+00:00,124.354,124.647,123.924,124.086,17519.0
2017-06-20 00:00:00+00:00,124.092,124.458,123.661,124.396,18170.0
2017-06-21 00:00:00+00:00,124.405,124.441,123.844,124.146,17687.0
2017-06-22 00:00:00+00:00,124.154,124.706,124.022,124.569,13453.0
2017-06-25 00:00:00+00:00,124.517,125.148,124.451,125.083,16415.0
2017-06-26 00:00:00+00:00,124.999,127.483,124.744,127.389,27102.0
2017-06-27 00:00:00+00:00,127.352,127.864,126.49,127.778,39891.0
2017-06-28 00:00:00+00:00,127.792,128.832,127.727,128.326,31994.0
2017-06-29 00:00:00+00:00,128.317,128.604,127.445,128.409,30628.0
2017-07-02 00:00:00+00:00,128.026,128.953,128.012,128.848,19931.0
2017-07-03 00:00:00+00:00,128.857,128.972,128.04,128.536,16748.0
2017-07-04 00:00:00+00:00,128.529,129.088,128.155,128.572,24705.0
2017-07-05 00:00:00+00:00,128.578,129.416,128.001,129.331,25205.0
2017-07-06 00:00:00+00:00,129.319,130.125,129.178,129.865,26069.0
2017-07-09 00:00:00+00:00,129.824,130.4,129.815,129.997,15449.0
2017-07-10 00:00:00+00:00,129.991,130.766,129.965,130.659,20825.0
2017-07-11 00:00:00+00:00,130.647,130.686,129.048,129.146,29505.0
2017-07-12 00:00:00+00:00,129.157,129.661,128.493,129.128,28944.0
2017-07-13 00:00:00+00:00,129.134,129.519,128.594,129.062,22368.0
2017-07-16 00:00:00+00:00,129.054,129.472,128.741,129.274,17067.0
2017-07-17 00:00:00+00:00,129.284,129.751,129.066,129.467,30647.0
2017-07-18 00:00:00+00:00,129.525,129.543,128.582,128.914,20781.0
2017-07-19 00:00:00+00:00,128.891,130.268,128.784,130.156,42499.0
2017-07-20 00:00:00+00:00,130.165,130.506,129.502,129.629,24525.0
2017-07-23 00:00:00+00:00,129.644,129.762,128.873,129.348,21662.0
2017-07-24 00:00:00+00:00,129.356,130.586,129.258,130.326,24889.0
2017-07-25 00:00:00+00:00,130.356,130.61,129.938,130.465,29507.0
2017-07-26 00:00:00+00:00,130.473,130.587,129.55,129.907,31330.0
2017-07-27 00:00:00+00:00,129.942,130.406,129.56,130.047,28541.0
2017-07-30 00:00:00+00:00,130.009,130.597,129.554,130.564,22090.0
2017-07-31 00:00:00+00:00,130.561,130.596,129.841,130.266,23334.0
2017-08-01 00:00:00+00:00,130.248,131.402,130.182,131.293,25045.0
2017-08-02 00:00:00+00:00,131.227,131.326,130.46,130.621,24085.0
2017-08-03 00:00:00+00:00,130.632,131.119,130.098,130.326,23487.0
2017-08-06 00:00:00+00:00,130.367,130.873,130.349,130.628,14774.0
2017-08-07 00:00:00+00:00,130.645,130.826,129.606,129.669,17528.0
2017-08-08 00:00:00+00:00,129.655,129.757,128.44,129.442,29169.0
2017-08-09 00:00:00+00:00,129.435,129.554,128.23,128.564,26905.0
2017-08-10 00:00:00+00:00,128.548,129.162,128.051,129.07,25290.0
2017-08-13 00:00:00+00:00,129.049,129.652,128.922,129.152,20487.0
2017-08-14 00:00:00+00:00,129.168,130.034,129.082,129.874,23700.0
2017-08-15 00:00:00+00:00,129.859,130.397,129.52,129.662,24041.0
2017-08-16 00:00:00+00:00,129.67,129.706,128.371,128.448,30459.0
2017-08-17 00:00:00+00:00,128.413,128.79,127.564,128.436,32265.0
2017-08-20 00:00:00+00:00,128.558,128.788,127.838,128.749,21222.0
2017-08-21 00:00:00+00:00,128.756,129.184,128.33,128.878,19820.0
2017-08-22 00:00:00+00:00,128.886,129.126,128.488,128.738,22820.0
2017-08-23 00:00:00+00:00,128.753,129.362,128.549,129.272,18376.0
2017-08-24 00:00:00+00:00,129.294,130.434,129.114,130.378,26659.0
2017-08-27 00:00:00+00:00,130.439,130.974,129.986,130.872,16421.0
2017-08-28 00:00:00+00:00,130.879,131.623,129.662,131.398,42149.0
2017-08-29 00:00:00+00:00,131.319,131.706,130.978,131.006,26624.0
2017-08-30 00:00:00+00:00,131.013,131.583,130.712,130.966,27377.0
2017-08-31 00:00:00+00:00,130.981,131.345,130.664,130.77,29358.0
2017-09-03 00:00:00+00:00,130.163,130.712,130.106,130.521,17434.0
2017-09-04 00:00:00+00:00,130.529,130.638,129.386,129.638,26910.0
2017-09-05 00:00:00+00:00,129.631,130.398,129.372,130.173,27332.0
2017-09-06 00:00:00+00:00,130.139,131.092,129.913,130.4,38134.0
2017-09-07 00:00:00+00:00,130.424,130.668,129.468,129.788,36808.0
2017-09-10 00:00:00+00:00,130.083,130.907,129.988,130.771,21544.0
2017-09-11 00:00:00+00:00,130.764,131.898,130.676,131.826,22818.0
2017-09-12 00:00:00+00:00,131.832,132.01,131.258,131.322,21422.0
2017-09-13 00:00:00+00:00,131.309,131.758,131.104,131.398,27116.0
2017-09-14 00:00:00+00:00,131.415,133.092,130.624,132.433,32412.0
2017-09-17 00:00:00+00:00,132.435,133.43,132.423,133.382,21428.0
2017-09-18 00:00:00+00:00,133.354,134.172,133.234,133.86,27253.0
2017-09-19 00:00:00+00:00,133.832,134.088,133.256,133.433,30437.0
2017-09-20 00:00:00+00:00,133.479,134.38,133.426,134.315,25112.0
2017-09-21 00:00:00+00:00,134.322,134.408,133.503,133.808,24428.0
2017-09-24 00:00:00+00:00,133.474,134.242,131.917,132.38,28718.0
2017-09-25 00:00:00+00:00,132.333,132.598,131.75,132.362,27448.0
2017-09-26 00:00:00+00:00,132.344,132.746,132.09,132.51,27944.0
2017-09-27 00:00:00+00:00,132.564,132.888,132.296,132.422,25834.0
2017-09-28 00:00:00+00:00,132.38,133.118,132.318,132.91,22651.0
2017-10-01 00:00:00+00:00,132.834,133.072,132.193,132.298,19947.0
2017-10-02 00:00:00+00:00,132.298,132.888,132.19,132.526,18208.0
2017-10-03 00:00:00+00:00,132.518,132.838,132.244,132.596,18563.0
2017-10-04 00:00:00+00:00,132.611,132.776,131.845,132.124,17064.0
2017-10-05 00:00:00+00:00,132.13,132.769,131.98,132.17,21963.0
2017-10-06 00:00:00+00:00,132.17,132.17,132.17,132.17,1.0
2017-10-08 00:00:00+00:00,132.071,132.496,131.866,132.296,9628.0
2017-10-09 00:00:00+00:00,132.284,132.871,132.242,132.78,19389.0
2017-10-10 00:00:00+00:00,132.78,133.493,132.458,133.42,18293.0
2017-10-11 00:00:00+00:00,133.42,133.486,132.798,132.837,15774.0
2017-10-12 00:00:00+00:00,132.837,132.938,132.143,132.202,19328.0
2017-10-15 00:00:00+00:00,132.023,132.386,131.662,132.35,14273.0
2017-10-16 00:00:00+00:00,132.343,132.374,131.848,132.014,15375.0
2017-10-17 00:00:00+00:00,132.021,133.282,131.976,133.111,15406.0
2017-10-18 00:00:00+00:00,133.126,133.626,132.476,133.372,23733.0
2017-10-19 00:00:00+00:00,133.364,133.961,133.304,133.717,21590.0
2017-10-20 00:00:00+00:00,133.717,133.717,133.717,133.717,1.0
2017-10-22 00:00:00+00:00,133.964,134.129,133.106,133.275,18010.0
2017-10-23 00:00:00+00:00,133.266,134.192,133.186,133.968,18511.0
2017-10-24 00:00:00+00:00,133.962,134.5,133.758,134.368,25158.0
2017-10-25 00:00:00+00:00,134.374,134.491,132.66,132.82,29436.0
2017-10-26 00:00:00+00:00,132.813,132.952,131.754,131.945,26918.0
2017-10-29 00:00:00+00:00,132.04,132.287,131.457,131.87,17958.0
2017-10-30 00:00:00+00:00,131.87,132.569,131.513,132.342,17232.0
2017-10-31 00:00:00+00:00,132.354,132.849,132.352,132.685,19472.0
2017-11-01 00:00:00+00:00,132.694,133.148,132.57,133.008,22841.0
2017-11-02 00:00:00+00:00,132.995,133.015,132.401,132.421,16787.0
2017-11-05 00:00:00+00:00,132.454,133.12,132.004,132.008,16658.0
2017-11-06 00:00:00+00:00,132.014,132.418,131.842,132.088,17012.0
2017-11-07 00:00:00+00:00,132.082,132.169,131.398,132.032,15442.0
2017-11-08 00:00:00+00:00,132.032,132.26,131.523,132.092,23820.0
2017-11-09 00:00:00+00:00,132.086,132.552,131.958,132.428,16688.0
2017-11-12 00:00:00+00:00,132.324,132.626,131.934,132.563,13316.0
2017-11-13 00:00:00+00:00,132.571,133.86,132.487,133.86,17717.0
2017-11-14 00:00:00+00:00,133.845,133.884,132.973,133.096,23063.0
2017-11-15 00:00:00+00:00,133.085,133.454,132.758,133.06,17144.0
2017-11-16 00:00:00+00:00,133.05,133.16,132.056,132.203,19116.0
2017-11-19 00:00:00+00:00,132.203,132.472,131.174,132.138,20327.0
2017-11-20 00:00:00+00:00,132.127,132.275,131.578,131.991,15851.0
2017-11-21 00:00:00+00:00,132.034,132.1,131.437,131.516,16817.0
2017-11-22 00:00:00+00:00,131.508,131.881,131.233,131.803,11050.0
2017-11-23 00:00:00+00:00,131.803,133.238,131.762,133.09,13826.0
2017-11-26 00:00:00+00:00,133.002,133.227,132.081,132.202,16867.0
2017-11-27 00:00:00+00:00,132.262,132.57,131.726,131.999,20731.0
2017-11-28 00:00:00+00:00,131.98,132.798,131.932,132.609,20452.0
2017-11-29 00:00:00+00:00,132.554,134.145,132.548,133.958,17980.0
2017-11-30 00:00:00+00:00,133.964,134.382,132.92,133.527,39629.0
2017-12-03 00:00:00+00:00,133.833,134.048,133.272,133.369,21262.0
2017-12-04 00:00:00+00:00,133.363,133.746,133.01,133.16,19153.0
2017-12-05 00:00:00+00:00,133.154,133.212,132.263,132.454,21083.0
2017-12-06 00:00:00+00:00,132.432,133.285,132.406,133.124,15975.0
2017-12-07 00:00:00+00:00,133.141,133.611,133.116,133.584,17228.0
2017-12-10 00:00:00+00:00,133.575,133.885,133.54,133.633,12958.0
2017-12-11 00:00:00+00:00,133.645,133.759,133.011,133.318,13173.0
2017-12-12 00:00:00+00:00,133.31,133.361,132.854,133.087,19673.0
2017-12-13 00:00:00+00:00,133.087,133.756,132.239,132.378,22088.0
2017-12-14 00:00:00+00:00,132.366,132.728,132.054,132.327,18421.0
2017-12-17 00:00:00+00:00,132.41,133.009,132.164,132.598,15647.0
2017-12-18 00:00:00+00:00,132.598,133.924,132.598,133.658,15096.0
2017-12-19 00:00:00+00:00,133.658,134.774,133.629,134.623,15665.0
2017-12-20 00:00:00+00:00,134.616,134.881,134.449,134.549,14020.0
2017-12-21 00:00:00+00:00,134.577,134.577,133.908,134.36,14650.0
2017-12-25 00:00:00+00:00,132.507,134.564,132.507,134.281,7149.0
2017-12-26 00:00:00+00:00,134.261,134.973,134.2,134.75,12597.0
2017-12-27 00:00:00+00:00,134.705,134.981,134.464,134.832,11834.0
2017-12-28 00:00:00+00:00,134.849,135.516,134.544,135.229,12209.0
2018-01-01 00:00:00+00:00,135.236,135.634,134.938,135.406,15556.0
2018-01-02 00:00:00+00:00,135.399,135.508,134.806,135.162,14217.0
2018-01-03 00:00:00+00:00,135.18,136.367,135.128,136.077,15791.0
2018-01-04 00:00:00+00:00,136.068,136.637,135.994,136.013,15419.0
2018-01-07 00:00:00+00:00,136.078,136.322,135.13,135.34,12674.0
2018-01-08 00:00:00+00:00,135.355,135.477,134.054,134.468,16904.0
2018-01-09 00:00:00+00:00,134.468,134.56,133.082,133.137,26325.0
2018-01-10 00:00:00+00:00,133.137,134.352,133.06,133.868,24840.0
2018-01-11 00:00:00+00:00,133.841,135.552,133.826,135.388,28282.0
2018-01-14 00:00:00+00:00,135.476,135.99,135.024,135.564,24166.0
2018-01-15 00:00:00+00:00,135.597,136.1,134.981,135.424,26468.0
2018-01-16 00:00:00+00:00,135.447,135.984,135.158,135.611,31566.0
2018-01-17 00:00:00+00:00,135.622,136.312,135.464,135.986,23558.0
2018-01-18 00:00:00+00:00,135.897,136.049,135.186,135.413,22954.0
2018-01-21 00:00:00+00:00,135.685,136.147,135.35,136.025,17438.0
2018-01-22 00:00:00+00:00,135.999,136.216,135.205,135.66,23305.0
2018-01-23 00:00:00+00:00,135.691,135.691,134.92,135.514,30327.0
2018-01-24 00:00:00+00:00,135.534,136.293,135.046,135.642,53033.0
2018-01-25 00:00:00+00:00,135.648,136.141,134.542,134.997,37979.0
2018-01-28 00:00:00+00:00,135.095,135.344,134.327,134.92,25944.0
2018-01-29 00:00:00+00:00,134.914,135.206,134.132,134.913,29966.0
2018-01-30 00:00:00+00:00,134.925,136.051,134.856,135.532,32873.0
2018-01-31 00:00:00+00:00,135.526,136.962,135.468,136.831,28403.0
2018-02-01 00:00:00+00:00,136.9,137.506,136.67,137.242,33300.0
2018-02-04 00:00:00+00:00,137.034,137.198,134.932,134.938,42230.0
2018-02-05 00:00:00+00:00,134.961,135.794,133.979,135.606,68020.0
2018-02-06 00:00:00+00:00,135.571,135.852,133.824,134.098,39815.0
2018-02-07 00:00:00+00:00,134.104,134.798,132.94,133.184,54448.0
2018-02-08 00:00:00+00:00,133.178,134.174,131.988,133.311,63763.0
2018-02-11 00:00:00+00:00,133.359,133.651,132.903,133.552,30549.0
2018-02-12 00:00:00+00:00,133.538,133.792,132.524,133.176,33079.0
2018-02-13 00:00:00+00:00,133.169,133.388,131.608,133.232,46297.0
2018-02-14 00:00:00+00:00,133.19,133.294,132.516,132.711,40748.0
2018-02-15 00:00:00+00:00,132.711,133.104,131.816,131.921,37219.0
2018-02-18 00:00:00+00:00,131.878,132.376,131.812,132.256,19953.0
2018-02-19 00:00:00+00:00,132.242,132.512,132.122,132.42,25825.0
2018-02-20 00:00:00+00:00,132.42,133.057,132.269,132.388,31950.0
2018-02-21 00:00:00+00:00,132.402,132.403,131.29,131.636,28840.0
2018-02-22 00:00:00+00:00,131.62,131.852,130.938,131.411,22016.0
2018-02-25 00:00:00+00:00,131.795,131.795,131.083,131.72,24197.0
2018-02-26 00:00:00+00:00,131.707,132.186,131.276,131.304,27124.0
2018-02-27 00:00:00+00:00,131.318,131.518,130.046,130.082,26619.0
2018-02-28 00:00:00+00:00,130.082,130.793,129.764,130.328,40299.0
2018-03-01 00:00:00+00:00,130.278,130.442,129.568,130.249,34947.0
2018-03-04 00:00:00+00:00,130.116,131.014,129.353,131.004,32919.0
2018-03-05 00:00:00+00:00,131.004,132.016,130.601,131.633,29414.0
2018-03-06 00:00:00+00:00,131.691,131.748,130.927,131.644,33804.0
2018-03-07 00:00:00+00:00,131.664,131.982,130.518,130.764,31119.0
2018-03-08 00:00:00+00:00,130.746,131.896,130.71,131.441,28376.0
2018-03-11 00:00:00+00:00,131.34,131.698,130.97,131.266,19373.0
2018-03-12 00:00:00+00:00,131.308,132.432,131.114,132.049,26760.0
2018-03-13 00:00:00+00:00,132.049,132.282,131.026,131.502,24934.0
2018-03-14 00:00:00+00:00,131.474,131.54,130.566,130.839,27251.0
2018-03-15 00:00:00+00:00,130.881,130.917,130.078,130.25,22391.0
2018-03-18 00:00:00+00:00,130.132,131.072,129.611,130.878,27959.0
2018-03-19 00:00:00+00:00,130.878,131.72,130.346,130.419,25982.0
2018-03-20 00:00:00+00:00,130.419,131.066,130.194,130.848,28095.0
2018-03-21 00:00:00+00:00,130.87,131.02,129.5,129.514,39761.0
2018-03-22 00:00:00+00:00,129.564,129.977,128.95,129.405,44717.0
2018-03-25 00:00:00+00:00,129.309,131.378,129.257,131.174,27712.0
2018-03-26 00:00:00+00:00,131.214,131.816,130.582,130.647,28722.0
2018-03-27 00:00:00+00:00,130.625,131.71,130.592,131.483,36751.0
2018-03-28 00:00:00+00:00,131.504,131.606,130.616,130.906,24072.0
2018-03-29 00:00:00+00:00,130.928,131.083,130.616,130.95,8789.0
2018-04-01 00:00:00+00:00,130.911,131.294,129.982,130.275,20141.0
2018-04-02 00:00:00+00:00,130.275,130.922,129.99,130.796,26738.0
2018-04-03 00:00:00+00:00,130.821,131.196,130.234,131.104,27308.0
2018-04-04 00:00:00+00:00,131.114,131.498,131.066,131.438,22212.0
2018-04-05 00:00:00+00:00,131.466,131.622,131.09,131.332,33814.0
2018-04-08 00:00:00+00:00,131.408,131.996,131.111,131.556,21298.0
2018-04-09 00:00:00+00:00,131.55,132.622,131.427,132.458,27739.0
2018-04-10 00:00:00+00:00,132.48,132.611,132.032,132.082,20712.0
2018-04-11 00:00:00+00:00,132.082,132.342,131.806,132.315,21238.0
2018-04-12 00:00:00+00:00,132.293,132.898,132.176,132.375,18632.0
2018-04-15 00:00:00+00:00,132.593,132.972,132.118,132.602,16476.0
2018-04-16 00:00:00+00:00,132.627,132.77,132.111,132.37,15594.0
2018-04-17 00:00:00+00:00,132.386,132.908,132.344,132.692,16512.0
2018-04-18 00:00:00+00:00,132.7,133.092,132.356,132.563,19867.0
2018-04-19 00:00:00+00:00,132.572,132.976,132.043,132.286,19655.0
2018-04-22 00:00:00+00:00,132.323,132.787,132.11,132.71,18343.0
2018-04-23 00:00:00+00:00,132.716,133.486,132.616,133.122,19997.0
2018-04-24 00:00:00+00:00,133.108,133.34,132.918,133.068,19280.0
2018-04-25 00:00:00+00:00,133.09,133.254,132.292,132.306,23086.0
2018-04-26 00:00:00+00:00,132.306,132.397,131.888,132.28,18341.0
2018-04-29 00:00:00+00:00,132.209,132.544,131.863,132.067,15547.0
2018-04-30 00:00:00+00:00,132.061,132.137,131.575,131.786,15094.0
2018-05-01 00:00:00+00:00,131.797,132.115,131.26,131.306,22803.0
2018-05-02 00:00:00+00:00,131.328,131.668,130.271,130.918,24130.0
2018-05-03 00:00:00+00:00,130.924,130.958,129.897,130.489,19034.0
2018-05-06 00:00:00+00:00,130.482,130.594,129.958,130.07,13890.0
2018-05-07 00:00:00+00:00,130.028,130.123,129.236,129.474,18759.0
2018-05-08 00:00:00+00:00,129.452,130.486,129.36,130.056,18304.0
2018-05-09 00:00:00+00:00,130.05,130.766,129.98,130.358,24010.0
2018-05-10 00:00:00+00:00,130.358,130.687,130.003,130.602,15656.0
2018-05-13 00:00:00+00:00,130.558,131.376,130.537,130.778,13248.0
2018-05-14 00:00:00+00:00,130.772,131.138,130.443,130.639,19013.0
2018-05-15 00:00:00+00:00,130.639,130.696,129.533,130.346,21529.0
2018-05-16 00:00:00+00:00,130.335,130.848,130.239,130.653,19503.0
2018-05-17 00:00:00+00:00,130.644,131.126,130.244,130.369,15726.0
2018-05-20 00:00:00+00:00,130.513,131.006,130.378,130.936,14604.0
2018-05-21 00:00:00+00:00,130.919,131.35,130.602,130.625,16851.0
2018-05-22 00:00:00+00:00,130.67,130.67,128.236,128.758,33097.0
2018-05-23 00:00:00+00:00,128.749,128.877,127.72,128.029,32283.0
2018-05-24 00:00:00+00:00,128.023,128.53,127.152,127.438,29650.0
2018-05-27 00:00:00+00:00,128.228,128.539,126.862,127.198,24279.0
2018-05-28 00:00:00+00:00,127.186,127.281,124.622,125.514,54602.0
2018-05-29 00:00:00+00:00,125.493,127.322,124.988,127.031,50360.0
2018-05-30 00:00:00+00:00,127.003,127.728,126.33,127.234,45281.0
2018-05-31 00:00:00+00:00,127.227,128.138,127.13,127.688,37945.0
2018-06-03 00:00:00+00:00,127.688,128.69,127.643,128.47,23193.0
2018-06-04 00:00:00+00:00,128.445,128.701,127.794,128.664,24734.0
2018-06-05 00:00:00+00:00,128.614,129.828,128.61,129.737,26246.0
2018-06-06 00:00:00+00:00,129.743,130.278,129.308,129.432,24890.0
2018-06-07 00:00:00+00:00,129.432,129.73,128.116,128.915,28345.0
2018-06-10 00:00:00+00:00,128.759,130.058,128.717,129.672,20367.0
2018-06-11 00:00:00+00:00,129.672,130.276,129.508,129.642,28251.0
2018-06-12 00:00:00+00:00,129.615,130.348,129.607,130.127,22270.0
2018-06-13 00:00:00+00:00,130.099,130.356,127.915,127.974,32921.0
2018-06-14 00:00:00+00:00,128.01,128.501,127.704,128.448,30591.0
2018-06-17 00:00:00+00:00,128.272,128.499,127.816,128.494,17295.0
2018-06-18 00:00:00+00:00,128.5,128.517,126.643,127.572,38526.0
2018-06-19 00:00:00+00:00,127.564,127.936,127.095,127.745,30214.0
2018-06-20 00:00:00+00:00,127.705,128.034,126.994,127.604,41650.0
2018-06-21 00:00:00+00:00,127.62,128.605,127.517,128.205,31947.0
2018-06-24 00:00:00+00:00,128.149,128.839,127.286,128.463,37194.0
2018-06-25 00:00:00+00:00,128.485,128.498,127.8,128.177,35550.0
2018-06-26 00:00:00+00:00,128.177,128.346,127.261,127.4,43021.0
2018-06-27 00:00:00+00:00,127.38,127.924,127.144,127.827,44248.0
2018-06-28 00:00:00+00:00,127.834,129.47,127.678,129.354,48164.0
2018-07-01 00:00:00+00:00,129.174,129.501,128.419,129.062,30775.0
2018-07-02 00:00:00+00:00,129.04,129.564,128.732,128.933,32266.0
2018-07-03 00:00:00+00:00,128.95,128.987,128.504,128.806,22510.0
2018-07-04 00:00:00+00:00,128.818,129.632,128.578,129.364,30301.0
2018-07-05 00:00:00+00:00,129.279,129.968,129.246,129.75,29159.0
2018-07-08 00:00:00+00:00,129.727,130.258,129.666,130.247,24837.0
2018-07-09 00:00:00+00:00,130.26,130.744,130.1,130.387,21960.0
2018-07-10 00:00:00+00:00,130.32,130.96,129.914,130.752,36767.0
2018-07-11 00:00:00+00:00,130.736,131.478,130.672,131.326,27121.0
2018-07-12 00:00:00+00:00,131.32,131.532,130.809,131.302,24465.0
2018-07-15 00:00:00+00:00,131.187,131.7,131.116,131.498,21009.0
2018-07-16 00:00:00+00:00,131.498,131.986,131.452,131.637,27115.0
2018-07-17 00:00:00+00:00,131.63,131.776,130.882,131.33,24468.0
2018-07-18 00:00:00+00:00,131.34,131.433,130.73,130.936,35809.0
2018-07-19 00:00:00+00:00,130.968,131.21,130.551,130.622,43695.0
2018-07-22 00:00:00+00:00,130.613,130.747,129.863,130.196,23477.0
2018-07-23 00:00:00+00:00,130.204,130.38,129.745,129.924,22497.0
2018-07-24 00:00:00+00:00,129.885,130.269,129.412,130.158,28498.0
2018-07-25 00:00:00+00:00,130.198,130.279,129.446,129.508,24088.0
2018-07-26 00:00:00+00:00,129.508,129.534,129.131,129.436,18116.0
2018-07-29 00:00:00+00:00,129.308,130.074,129.286,130.003,13114.0
2018-07-30 00:00:00+00:00,129.986,131.151,129.708,130.789,28007.0
2018-07-31 00:00:00+00:00,130.812,131.104,130.032,130.255,20261.0
2018-08-01 00:00:00+00:00,130.246,130.291,129.255,129.352,18962.0
2018-08-02 00:00:00+00:00,129.395,129.536,128.642,128.693,19210.0
2018-08-05 00:00:00+00:00,128.705,128.882,128.508,128.702,11706.0
2018-08-06 00:00:00+00:00,128.717,129.232,128.598,129.179,11697.0
2018-08-07 00:00:00+00:00,129.188,129.458,128.562,128.822,13313.0
2018-08-08 00:00:00+00:00,128.896,129.008,128.042,128.051,14667.0
2018-08-09 00:00:00+00:00,128.062,128.119,126.012,126.508,45426.0
2018-08-12 00:00:00+00:00,125.643,126.782,125.15,126.336,43967.0
2018-08-13 00:00:00+00:00,126.319,126.992,125.81,126.092,29150.0
2018-08-14 00:00:00+00:00,126.12,126.372,124.902,125.64,31488.0
2018-08-15 00:00:00+00:00,125.628,126.492,125.286,126.156,33926.0
2018-08-16 00:00:00+00:00,126.156,126.61,125.58,126.41,26706.0
2018-08-19 00:00:00+00:00,126.558,126.558,126.08,126.384,19396.0
2018-08-20 00:00:00+00:00,126.384,128.056,126.264,127.604,26212.0
2018-08-21 00:00:00+00:00,127.57,128.28,127.351,128.204,24304.0
2018-08-22 00:00:00+00:00,128.129,128.768,127.922,128.462,22162.0
2018-08-23 00:00:00+00:00,128.405,129.416,128.39,129.29,21236.0
2018-08-26 00:00:00+00:00,129.308,129.835,128.797,129.717,16936.0
2018-08-27 00:00:00+00:00,129.74,130.274,129.647,130.039,17358.0
2018-08-28 00:00:00+00:00,130.058,130.85,129.586,130.74,21054.0
2018-08-29 00:00:00+00:00,130.761,130.867,129.42,129.528,23733.0
2018-08-30 00:00:00+00:00,129.467,129.844,128.562,128.904,25645.0
2018-09-02 00:00:00+00:00,128.945,129.151,128.577,129.075,13574.0
2018-09-03 00:00:00+00:00,129.061,129.198,128.322,129.101,21744.0
2018-09-04 00:00:00+00:00,129.008,129.98,128.604,129.702,26829.0
2018-09-05 00:00:00+00:00,129.709,129.838,128.499,128.716,26745.0
2018-09-06 00:00:00+00:00,128.726,129.106,128.022,128.308,30595.0
2018-09-09 00:00:00+00:00,128.275,129.073,127.866,128.856,17787.0
2018-09-10 00:00:00+00:00,128.841,129.825,128.772,129.52,18159.0
2018-09-11 00:00:00+00:00,129.505,129.812,128.939,129.352,22265.0
2018-09-12 00:00:00+00:00,129.423,130.941,129.26,130.848,20107.0
2018-09-13 00:00:00+00:00,130.86,131.116,130.182,130.262,19888.0
2018-09-16 00:00:00+00:00,130.244,131.044,130.102,130.68,13913.0
2018-09-17 00:00:00+00:00,130.689,131.5,130.3,131.102,26159.0
2018-09-18 00:00:00+00:00,131.075,131.684,130.782,131.054,20466.0
2018-09-19 00:00:00+00:00,131.098,132.518,130.912,132.48,23847.0
2018-09-20 00:00:00+00:00,132.488,133.128,132.159,132.275,21990.0
2018-09-23 00:00:00+00:00,132.094,133.071,131.906,132.523,18990.0
2018-09-24 00:00:00+00:00,132.534,133.112,132.372,132.929,19522.0
2018-09-25 00:00:00+00:00,132.917,133.12,132.234,132.358,22487.0
2018-09-26 00:00:00+00:00,132.364,132.679,131.577,132.004,28084.0
2018-09-27 00:00:00+00:00,132.004,132.308,131.184,131.926,23666.0
2018-09-30 00:00:00+00:00,132.151,132.462,131.741,131.943,18126.0
2018-10-01 00:00:00+00:00,131.889,131.998,130.716,131.275,22975.0
2018-10-02 00:00:00+00:00,131.223,131.979,130.97,131.471,30097.0
2018-10-03 00:00:00+00:00,131.357,131.579,130.749,131.181,31393.0
2018-10-04 00:00:00+00:00,131.145,131.418,130.604,131.006,31197.0
2018-10-07 00:00:00+00:00,131.148,131.248,129.513,130.12,21544.0
2018-10-08 00:00:00+00:00,130.026,130.229,129.344,129.812,32345.0
2018-10-09 00:00:00+00:00,129.826,130.502,129.302,129.328,33172.0
2018-10-10 00:00:00+00:00,129.356,130.214,129.212,130.033,59724.0
2018-10-11 00:00:00+00:00,129.943,130.5,129.36,129.704,35667.0
2018-10-14 00:00:00+00:00,129.447,129.796,129.126,129.424,26970.0
2018-10-15 00:00:00+00:00,129.378,130.296,129.366,129.942,22831.0
2018-10-16 00:00:00+00:00,129.97,130.158,129.174,129.55,26459.0
2018-10-17 00:00:00+00:00,129.556,129.732,128.324,128.486,33155.0
2018-10-18 00:00:00+00:00,128.486,129.686,128.464,129.586,33636.0
2018-10-21 00:00:00+00:00,129.672,130.203,129.203,129.36,27377.0
2018-10-22 00:00:00+00:00,129.366,129.38,128.217,128.982,33782.0
2018-10-23 00:00:00+00:00,128.975,129.218,127.773,127.872,41791.0
2018-10-24 00:00:00+00:00,127.866,128.442,127.497,127.87,40978.0
2018-10-25 00:00:00+00:00,127.887,127.896,126.636,127.591,53713.0
2018-10-28 00:00:00+00:00,127.462,128.236,127.252,127.808,36687.0
2018-10-29 00:00:00+00:00,127.8,128.438,127.74,128.292,30927.0
2018-10-30 00:00:00+00:00,128.344,128.546,127.66,127.78,26620.0
2018-10-31 00:00:00+00:00,127.82,128.766,127.62,128.586,28058.0
2018-11-01 00:00:00+00:00,128.572,129.32,128.374,128.919,32937.0
2018-11-04 00:00:00+00:00,128.869,129.326,128.605,129.122,18418.0
2018-11-05 00:00:00+00:00,129.135,129.638,128.856,129.634,18356.0
2018-11-06 00:00:00+00:00,129.535,130.147,129.396,129.732,37661.0
2018-11-07 00:00:00+00:00,129.769,130.128,129.392,129.608,22783.0
2018-11-08 00:00:00+00:00,129.626,129.642,128.739,128.995,22964.0
2018-11-11 00:00:00+00:00,128.856,129.189,127.654,127.712,27344.0
2018-11-12 00:00:00+00:00,127.725,128.754,127.503,128.493,34276.0
2018-11-13 00:00:00+00:00,128.505,129.23,128.133,128.516,39600.0
2018-11-14 00:00:00+00:00,128.499,129.054,127.769,128.75,44369.0
2018-11-15 00:00:00+00:00,128.696,128.898,128.128,128.848,29612.0
2018-11-18 00:00:00+00:00,128.766,129.067,128.47,128.91,23453.0
2018-11-19 00:00:00+00:00,128.917,129.039,128.01,128.236,28191.0
2018-11-20 00:00:00+00:00,128.217,129.077,128.125,128.755,24469.0
2018-11-21 00:00:00+00:00,128.745,129.102,128.676,128.815,15569.0
2018-11-22 00:00:00+00:00,128.815,128.922,127.83,128.065,17897.0
2018-11-25 00:00:00+00:00,128.06,128.92,127.931,128.674,20274.0
2018-11-26 00:00:00+00:00,128.636,128.848,128.359,128.502,23440.0
2018-11-27 00:00:00+00:00,128.521,129.26,128.252,129.217,24237.0
2018-11-28 00:00:00+00:00,129.227,129.298,128.676,129.296,20726.0
2018-11-29 00:00:00+00:00,129.194,129.268,128.405,128.43,18648.0
2018-12-02 00:00:00+00:00,129.026,129.151,128.546,129.014,19017.0
2018-12-03 00:00:00+00:00,128.982,129.033,127.622,127.926,26900.0
2018-12-04 00:00:00+00:00,127.964,128.492,127.793,128.414,16113.0
2018-12-05 00:00:00+00:00,128.408,128.443,127.674,128.189,37536.0
2018-12-06 00:00:00+00:00,128.162,128.674,128.141,128.318,25487.0
2018-12-09 00:00:00+00:00,128.313,128.938,128.175,128.691,27487.0
2018-12-10 00:00:00+00:00,128.669,128.982,128.18,128.334,23314.0
2018-12-11 00:00:00+00:00,128.313,128.865,128.304,128.785,23421.0
2018-12-12 00:00:00+00:00,128.799,129.254,128.71,129.032,19706.0
2018-12-13 00:00:00+00:00,129.066,129.124,127.988,128.187,18612.0
2018-12-16 00:00:00+00:00,128.175,128.591,127.865,128.036,17690.0
2018-12-17 00:00:00+00:00,128.028,128.112,127.644,127.876,23214.0
2018-12-18 00:00:00+00:00,127.905,128.378,127.548,127.971,29099.0
2018-12-19 00:00:00+00:00,127.984,128.387,127.22,127.398,39790.0
2018-12-20 00:00:00+00:00,127.411,127.687,126.386,126.438,34821.0
2018-12-23 00:00:00+00:00,126.148,126.742,125.826,125.959,43987.0
2018-12-25 00:00:00+00:00,125.959,126.452,125.64,126.427,19863.0
2018-12-26 00:00:00+00:00,126.466,127.095,125.995,126.932,53679.0
2018-12-27 00:00:00+00:00,126.958,127.024,126.126,126.254,35377.0
2018-12-30 00:00:00+00:00,126.212,126.44,125.408,125.682,21184.0
2019-01-01 00:00:00+00:00,125.682,125.848,123.53,123.567,39071.0
2019-01-02 00:00:00+00:00,124.769,124.77,118.484,122.663,56670.0
2019-01-03 00:00:00+00:00,122.671,123.86,122.588,123.675,42005.0
2019-01-06 00:00:00+00:00,123.695,124.802,123.412,124.733,25216.0
2019-01-07 00:00:00+00:00,124.756,124.86,124.124,124.403,25812.0
2019-01-08 00:00:00+00:00,124.418,125.096,124.392,124.834,32680.0
2019-01-09 00:00:00+00:00,124.843,125.068,124.36,124.706,30295.0
2019-01-10 00:00:00+00:00,124.714,124.997,124.238,124.449,23008.0
2019-01-13 00:00:00+00:00,124.395,124.434,123.772,124.043,19687.0
2019-01-14 00:00:00+00:00,124.058,124.856,123.399,124.051,30727.0
2019-01-15 00:00:00+00:00,124.026,124.42,123.527,124.272,22305.0
2019-01-16 00:00:00+00:00,124.305,124.68,123.742,124.419,25046.0
2019-01-17 00:00:00+00:00,124.404,124.974,124.234,124.734,22054.0
2019-01-20 00:00:00+00:00,124.534,124.83,124.515,124.713,13584.0
2019-01-21 00:00:00+00:00,124.666,124.715,124.05,124.258,18202.0
2019-01-22 00:00:00+00:00,124.264,124.94,124.224,124.744,19661.0
2019-01-23 00:00:00+00:00,124.755,124.901,123.792,123.91,28232.0
2019-01-24 00:00:00+00:00,123.927,125.318,123.795,124.929,24854.0
2019-01-27 00:00:00+00:00,124.906,125.038,124.602,124.9,17593.0
2019-01-28 00:00:00+00:00,124.944,125.236,124.688,125.01,19615.0
2019-01-29 00:00:00+00:00,124.967,125.466,124.886,125.157,23333.0
2019-01-30 00:00:00+00:00,125.157,125.296,124.498,124.617,21962.0
2019-01-31 00:00:00+00:00,124.658,125.738,124.368,125.439,19128.0
2019-02-03 00:00:00+00:00,125.422,125.946,125.36,125.656,14932.0
2019-02-04 00:00:00+00:00,125.689,125.871,125.282,125.412,14348.0
2019-02-05 00:00:00+00:00,125.421,125.452,124.814,124.94,16195.0
2019-02-06 00:00:00+00:00,124.965,125.07,124.35,124.551,18131.0
2019-02-07 00:00:00+00:00,124.591,124.697,124.176,124.278,15376.0
2019-02-10 00:00:00+00:00,124.293,124.88,124.271,124.57,13900.0
2019-02-11 00:00:00+00:00,124.614,125.272,124.456,125.136,15656.0
2019-02-12 00:00:00+00:00,125.151,125.54,125.002,125.041,14238.0
2019-02-13 00:00:00+00:00,124.971,125.456,124.741,124.839,20342.0
2019-02-14 00:00:00+00:00,124.814,124.864,124.234,124.755,17859.0
2019-02-17 00:00:00+00:00,124.751,125.272,124.714,125.116,8973.0
2019-02-18 00:00:00+00:00,125.116,125.54,124.771,125.416,16496.0
2019-02-19 00:00:00+00:00,125.463,125.938,125.36,125.698,16996.0
2019-02-20 00:00:00+00:00,125.682,125.87,125.328,125.492,19847.0
2019-02-21 00:00:00+00:00,125.509,125.777,125.368,125.418,13849.0
2019-02-24 00:00:00+00:00,125.454,126.304,125.384,126.112,15542.0
2019-02-25 00:00:00+00:00,126.146,126.226,125.722,125.943,15483.0
2019-02-26 00:00:00+00:00,125.931,126.348,125.541,126.153,15664.0
2019-02-27 00:00:00+00:00,126.167,126.906,125.892,126.706,18389.0
2019-02-28 00:00:00+00:00,126.672,127.504,126.606,127.193,15502.0
2019-03-03 00:00:00+00:00,127.337,127.38,126.447,126.715,12954.0
2019-03-04 00:00:00+00:00,126.694,126.937,126.366,126.531,14358.0
2019-03-05 00:00:00+00:00,126.5,126.536,126.18,126.395,12608.0
2019-03-06 00:00:00+00:00,126.402,126.43,124.672,124.873,19235.0
2019-03-07 00:00:00+00:00,124.878,125.03,124.276,124.877,17753.0
2019-03-10 00:00:00+00:00,124.69,125.206,124.484,125.053,12277.0
2019-03-11 00:00:00+00:00,125.072,125.828,125.034,125.699,16165.0
2019-03-12 00:00:00+00:00,125.699,126.03,125.458,125.918,12512.0
2019-03-13 00:00:00+00:00,125.925,126.566,125.925,126.28,14230.0
2019-03-14 00:00:00+00:00,126.254,126.571,126.125,126.268,12748.0
2019-03-17 00:00:00+00:00,126.212,126.691,126.15,126.345,9048.0
2019-03-18 00:00:00+00:00,126.324,126.618,126.097,126.47,9902.0
2019-03-19 00:00:00+00:00,126.434,126.788,126.36,126.377,14634.0
2019-03-20 00:00:00+00:00,126.353,126.606,125.69,126.055,15422.0
2019-03-21 00:00:00+00:00,126.046,126.182,123.824,124.23,23211.0
2019-03-24 00:00:00+00:00,124.135,124.818,123.881,124.399,19216.0
2019-03-25 00:00:00+00:00,124.412,125.012,124.367,124.641,17022.0
2019-03-26 00:00:00+00:00,124.635,124.738,124.051,124.264,22505.0
2019-03-27 00:00:00+00:00,124.251,124.429,123.658,124.177,23242.0
2019-03-28 00:00:00+00:00,124.164,124.64,124.146,124.345,21422.0
2019-03-31 00:00:00+00:00,124.694,124.954,124.442,124.868,16276.0
2019-04-01 00:00:00+00:00,124.85,124.893,124.48,124.721,12199.0
2019-04-02 00:00:00+00:00,124.727,125.45,124.612,125.233,13954.0
2019-04-03 00:00:00+00:00,125.225,125.394,124.972,125.274,11538.0
2019-04-04 00:00:00+00:00,125.268,125.512,125.221,125.309,11089.0
2019-04-07 00:00:00+00:00,125.299,125.616,124.988,125.529,9788.0
2019-04-08 00:00:00+00:00,125.54,125.62,125.136,125.16,11366.0
2019-04-09 00:00:00+00:00,125.173,125.454,124.782,125.154,13767.0
2019-04-10 00:00:00+00:00,125.133,125.717,125.033,125.667,11153.0
2019-04-11 00:00:00+00:00,125.667,126.766,125.646,126.564,12581.0
2019-04-14 00:00:00+00:00,126.578,126.792,126.498,126.654,8772.0
2019-04-15 00:00:00+00:00,126.629,126.682,126.201,126.369,13422.0
2019-04-16 00:00:00+00:00,126.457,126.806,126.283,126.566,11982.0
2019-04-17 00:00:00+00:00,126.58,126.596,125.654,125.729,15210.0
2019-04-18 00:00:00+00:00,125.743,125.884,125.718,125.841,3287.0
2019-04-21 00:00:00+00:00,125.799,126.069,125.75,126.007,5122.0
2019-04-22 00:00:00+00:00,125.989,126.06,125.282,125.599,10786.0
2019-04-23 00:00:00+00:00,125.509,125.604,124.809,125.127,15142.0
2019-04-24 00:00:00+00:00,125.108,125.232,124.212,124.361,16708.0
2019-04-25 00:00:00+00:00,124.369,124.714,124.092,124.458,17482.0
2019-04-28 00:00:00+00:00,124.435,125.098,124.404,124.948,9165.0
2019-04-29 00:00:00+00:00,124.928,125.092,124.474,125.022,14009.0
2019-04-30 00:00:00+00:00,125.022,125.234,124.736,124.767,13461.0
2019-05-01 00:00:00+00:00,124.776,125.125,124.555,124.6,13090.0
2019-05-02 00:00:00+00:00,124.611,124.655,124.282,124.46,12952.0
2019-05-05 00:00:00+00:00,123.647,124.299,123.365,124.131,17227.0
2019-05-06 00:00:00+00:00,124.114,124.253,123.11,123.382,17748.0
2019-05-07 00:00:00+00:00,123.367,123.522,123.11,123.228,20225.0
2019-05-08 00:00:00+00:00,123.21,123.266,122.488,123.083,22456.0
2019-05-09 00:00:00+00:00,123.103,123.616,123.045,123.538,25861.0
2019-05-12 00:00:00+00:00,123.327,123.451,122.55,122.691,19184.0
2019-05-13 00:00:00+00:00,122.676,123.4,122.586,122.809,16212.0
2019-05-14 00:00:00+00:00,122.809,123.094,122.083,122.764,19463.0
2019-05-15 00:00:00+00:00,122.746,122.964,122.542,122.748,14926.0
2019-05-16 00:00:00+00:00,122.748,122.997,122.277,122.793,19688.0
2019-05-19 00:00:00+00:00,122.917,123.194,122.54,122.868,15475.0
2019-05-20 00:00:00+00:00,122.911,123.748,122.678,123.328,15857.0
2019-05-21 00:00:00+00:00,123.328,123.508,122.986,123.064,12728.0
2019-05-22 00:00:00+00:00,123.044,123.084,122.148,122.564,20454.0
2019-05-23 00:00:00+00:00,122.576,122.824,122.42,122.47,14630.0
2019-05-26 00:00:00+00:00,122.533,122.806,122.472,122.58,8355.0
2019-05-27 00:00:00+00:00,122.556,122.704,122.0,122.057,16141.0
2019-05-28 00:00:00+00:00,122.057,122.214,121.583,121.98,17956.0
2019-05-29 00:00:00+00:00,121.996,122.26,121.907,122.006,14120.0
2019-05-30 00:00:00+00:00,121.978,122.016,120.922,120.958,25453.0
2019-06-02 00:00:00+00:00,120.901,121.654,120.786,121.482,21273.0
2019-06-03 00:00:00+00:00,121.473,121.786,121.306,121.691,21101.0
2019-06-04 00:00:00+00:00,121.676,122.265,121.554,121.704,22231.0
2019-06-05 00:00:00+00:00,121.712,122.396,121.256,122.176,25599.0
2019-06-06 00:00:00+00:00,122.258,122.716,122.101,122.611,20096.0
2019-06-09 00:00:00+00:00,122.849,122.924,122.628,122.646,12973.0
2019-06-10 00:00:00+00:00,122.653,123.176,122.628,122.912,13514.0
2019-06-11 00:00:00+00:00,122.923,123.006,122.42,122.478,15214.0
2019-06-12 00:00:00+00:00,122.456,122.564,122.14,122.242,12843.0
2019-06-13 00:00:00+00:00,122.273,122.286,121.593,121.694,14627.0
2019-06-16 00:00:00+00:00,121.636,122.127,121.602,121.764,8745.0
2019-06-17 00:00:00+00:00,121.931,121.957,121.066,121.398,20245.0
2019-06-18 00:00:00+00:00,121.415,121.655,121.174,121.356,15902.0
2019-06-19 00:00:00+00:00,121.364,121.92,121.089,121.166,22396.0
2019-06-20 00:00:00+00:00,121.178,122.122,120.955,122.004,19751.0
2019-06-21 00:00:00+00:00,122.018,122.018,122.018,122.018,1.0
2019-06-23 00:00:00+00:00,122.056,122.396,122.0,122.305,13368.0
2019-06-24 00:00:00+00:00,122.312,122.467,121.654,121.826,20393.0
2019-06-25 00:00:00+00:00,121.918,122.632,121.777,122.528,17070.0
2019-06-26 00:00:00+00:00,122.522,122.894,122.406,122.54,16006.0
2019-06-27 00:00:00+00:00,122.503,122.786,122.284,122.697,14692.0
2019-06-30 00:00:00+00:00,122.897,123.356,122.36,122.378,17027.0
2019-07-01 00:00:00+00:00,122.378,122.536,121.726,121.803,13454.0
2019-07-02 00:00:00+00:00,121.837,121.85,121.321,121.609,13037.0
2019-07-03 00:00:00+00:00,121.615,121.718,121.54,121.65,5343.0
2019-07-04 00:00:00+00:00,121.515,121.93,121.515,121.773,11980.0
2019-07-07 00:00:00+00:00,121.73,121.975,121.52,121.907,8547.0
2019-07-08 00:00:00+00:00,121.859,122.136,121.851,122.002,8288.0
2019-07-09 00:00:00+00:00,122.012,122.322,121.982,122.032,11632.0
2019-07-10 00:00:00+00:00,122.116,122.145,121.626,122.114,11598.0
2019-07-11 00:00:00+00:00,122.114,122.232,121.518,121.62,9632.0
2019-07-14 00:00:00+00:00,121.636,121.854,121.422,121.482,8145.0
2019-07-15 00:00:00+00:00,121.49,121.68,121.1,121.345,9738.0
2019-07-16 00:00:00+00:00,121.351,121.484,121.167,121.188,9011.0
2019-07-17 00:00:00+00:00,121.224,121.25,120.786,120.99,13460.0
2019-07-18 00:00:00+00:00,120.982,121.282,120.814,120.877,13030.0
2019-07-21 00:00:00+00:00,120.845,121.167,120.805,120.906,9085.0
2019-07-22 00:00:00+00:00,120.961,121.092,120.496,120.679,9049.0
2019-07-23 00:00:00+00:00,120.666,120.71,120.211,120.507,10267.0
2019-07-24 00:00:00+00:00,120.489,121.375,120.054,121.102,18109.0
2019-07-25 00:00:00+00:00,121.159,121.196,120.798,120.929,9746.0
2019-07-28 00:00:00+00:00,120.87,121.304,120.737,121.235,6599.0
2019-07-29 00:00:00+00:00,121.212,121.382,120.886,121.151,11412.0
2019-07-30 00:00:00+00:00,121.085,121.191,120.353,120.477,17739.0
2019-07-31 00:00:00+00:00,120.485,120.711,118.921,118.999,24497.0
2019-08-01 00:00:00+00:00,118.992,119.123,118.266,118.404,32049.0
2019-08-04 00:00:00+00:00,118.355,118.934,117.676,118.699,33211.0
2019-08-05 00:00:00+00:00,118.706,119.874,118.376,119.248,30798.0
2019-08-06 00:00:00+00:00,119.242,119.284,118.438,119.016,32057.0
2019-08-07 00:00:00+00:00,119.043,119.164,118.494,118.586,24225.0
2019-08-08 00:00:00+00:00,118.571,118.74,118.09,118.38,19885.0
2019-08-11 00:00:00+00:00,118.223,118.408,117.518,118.086,16423.0
2019-08-12 00:00:00+00:00,118.123,119.588,117.69,119.234,30991.0
2019-08-13 00:00:00+00:00,119.189,119.285,117.786,117.983,27688.0
2019-08-14 00:00:00+00:00,118.034,118.978,117.626,117.895,36703.0
2019-08-15 00:00:00+00:00,117.878,118.164,117.581,117.958,20005.0
2019-08-18 00:00:00+00:00,118.021,118.478,117.863,118.127,12742.0
2019-08-19 00:00:00+00:00,118.231,118.269,117.58,117.933,13786.0
2019-08-20 00:00:00+00:00,117.927,118.332,117.903,118.167,9954.0
2019-08-21 00:00:00+00:00,118.181,118.304,117.734,117.949,16908.0
2019-08-22 00:00:00+00:00,117.967,118.164,117.266,117.459,27060.0
2019-08-25 00:00:00+00:00,117.166,118.2,116.57,117.817,42015.0
2019-08-26 00:00:00+00:00,117.807,117.834,117.214,117.325,17681.0
2019-08-27 00:00:00+00:00,117.374,117.676,117.106,117.563,15683.0
2019-08-28 00:00:00+00:00,117.547,117.93,117.283,117.776,16826.0
2019-08-29 00:00:00+00:00,117.796,117.82,116.624,116.827,16098.0
2019-09-01 00:00:00+00:00,116.601,116.78,116.352,116.504,8783.0
2019-09-02 00:00:00+00:00,116.659,116.669,115.867,116.232,18284.0
2019-09-03 00:00:00+00:00,116.212,117.438,116.134,117.427,14174.0
2019-09-04 00:00:00+00:00,117.307,118.613,117.278,118.011,17219.0
2019-09-05 00:00:00+00:00,118.031,118.268,117.812,117.892,15984.0
2019-09-08 00:00:00+00:00,117.809,118.51,117.742,118.471,12260.0
2019-09-09 00:00:00+00:00,118.495,118.789,118.274,118.754,13968.0
2019-09-10 00:00:00+00:00,118.769,119.172,118.3,118.746,11859.0
2019-09-11 00:00:00+00:00,118.644,119.822,117.557,119.614,37330.0
2019-09-12 00:00:00+00:00,119.63,120.01,119.542,119.722,17958.0
2019-09-15 00:00:00+00:00,119.03,119.511,118.69,118.986,17874.0
2019-09-16 00:00:00+00:00,118.992,119.776,118.874,119.712,16897.0
2019-09-17 00:00:00+00:00,119.718,119.825,119.414,119.603,13910.0
2019-09-18 00:00:00+00:00,119.595,119.682,118.96,119.307,16617.0
2019-09-19 00:00:00+00:00,119.287,119.38,118.466,118.528,13532.0
2019-09-22 00:00:00+00:00,118.723,118.79,117.756,118.22,14173.0
2019-09-23 00:00:00+00:00,118.229,118.561,117.892,118.016,16687.0
2019-09-24 00:00:00+00:00,118.024,118.2,117.792,117.938,16123.0
2019-09-25 00:00:00+00:00,117.98,118.052,117.518,117.779,13956.0
2019-09-26 00:00:00+00:00,117.861,118.473,117.446,118.097,15402.0
2019-09-29 00:00:00+00:00,118.155,118.183,117.545,117.786,12981.0
2019-09-30 00:00:00+00:00,117.778,118.173,117.677,117.789,15927.0
2019-10-01 00:00:00+00:00,117.825,118.004,117.328,117.46,14754.0
2019-10-02 00:00:00+00:00,117.446,117.654,117.074,117.228,18781.0
2019-10-03 00:00:00+00:00,117.252,117.49,117.086,117.38,14006.0
2019-10-06 00:00:00+00:00,117.15,117.906,117.09,117.654,10957.0
2019-10-07 00:00:00+00:00,117.674,117.971,117.132,117.315,16037.0
2019-10-08 00:00:00+00:00,117.309,118.095,117.211,117.929,12567.0
2019-10-09 00:00:00+00:00,117.951,118.943,117.578,118.806,23820.0
2019-10-10 00:00:00+00:00,118.853,120.007,118.73,119.692,24069.0
2019-10-13 00:00:00+00:00,119.565,119.734,119.19,119.53,12868.0
2019-10-14 00:00:00+00:00,119.551,120.226,119.116,120.092,19245.0
2019-10-15 00:00:00+00:00,120.085,120.472,119.747,120.428,21797.0
2019-10-16 00:00:00+00:00,120.435,121.355,120.336,120.869,20536.0
2019-10-17 00:00:00+00:00,120.94,121.126,120.676,121.124,13203.0
2019-10-18 00:00:00+00:00,121.118,121.118,121.118,121.118,1.0
2019-10-20 00:00:00+00:00,121.118,121.476,120.932,121.098,9416.0
2019-10-21 00:00:00+00:00,121.074,121.286,120.58,120.692,11855.0
2019-10-22 00:00:00+00:00,120.684,121.054,120.388,120.981,12191.0
2019-10-23 00:00:00+00:00,120.97,121.388,120.431,120.632,15227.0
2019-10-24 00:00:00+00:00,120.612,120.804,120.353,120.403,9150.0
2019-10-27 00:00:00+00:00,120.526,120.991,120.406,120.95,8692.0
2019-10-28 00:00:00+00:00,120.922,121.066,120.578,120.999,9720.0
2019-10-29 00:00:00+00:00,121.005,121.398,120.88,121.353,13217.0
2019-10-30 00:00:00+00:00,121.362,121.469,120.286,120.476,17567.0
2019-10-31 00:00:00+00:00,120.49,120.941,120.363,120.787,12828.0
2019-11-03 00:00:00+00:00,120.828,121.11,120.774,120.824,8502.0
2019-11-04 00:00:00+00:00,120.83,121.3,120.697,120.868,13185.0
2019-11-05 00:00:00+00:00,120.894,120.918,120.476,120.61,10005.0
2019-11-06 00:00:00+00:00,120.616,121.114,120.141,120.756,16648.0
2019-11-07 00:00:00+00:00,120.762,120.876,120.22,120.383,12277.0
2019-11-10 00:00:00+00:00,120.404,120.42,120.072,120.321,7013.0
2019-11-11 00:00:00+00:00,120.332,120.638,119.948,120.019,9848.0
2019-11-12 00:00:00+00:00,120.008,120.18,119.582,119.778,10545.0
2019-11-13 00:00:00+00:00,119.752,119.813,119.253,119.473,11228.0
2019-11-14 00:00:00+00:00,119.481,120.318,119.439,120.232,8252.0
2019-11-17 00:00:00+00:00,120.24,120.685,120.098,120.343,9305.0
2019-11-18 00:00:00+00:00,120.357,120.496,120.002,120.247,8916.0
2019-11-19 00:00:00+00:00,120.229,120.406,119.852,120.254,13204.0
2019-11-20 00:00:00+00:00,120.247,120.578,119.942,120.111,13493.0
2019-11-21 00:00:00+00:00,120.178,120.491,119.666,119.717,11504.0
2019-11-24 00:00:00+00:00,119.741,120.116,119.727,119.953,7646.0
2019-11-25 00:00:00+00:00,119.964,120.253,119.92,120.201,9568.0
2019-11-26 00:00:00+00:00,120.166,120.595,120.062,120.468,7573.0
2019-11-27 00:00:00+00:00,120.474,120.587,120.328,120.542,6272.0
2019-11-28 00:00:00+00:00,120.535,120.762,120.414,120.62,8579.0
2019-12-01 00:00:00+00:00,120.671,121.017,120.526,120.721,10885.0
2019-12-02 00:00:00+00:00,120.728,120.96,120.25,120.384,12510.0
2019-12-03 00:00:00+00:00,120.361,120.812,120.104,120.613,13662.0
2019-12-04 00:00:00+00:00,120.629,120.888,120.558,120.766,9826.0
2019-12-05 00:00:00+00:00,120.746,120.786,120.006,120.098,9939.0
2019-12-08 00:00:00+00:00,120.098,120.271,119.994,120.11,5510.0
2019-12-09 00:00:00+00:00,120.124,120.69,120.11,120.61,7652.0
2019-12-10 00:00:00+00:00,120.624,120.926,120.376,120.812,8208.0
2019-12-11 00:00:00+00:00,120.827,121.73,120.679,121.672,14441.0
2019-12-12 00:00:00+00:00,121.685,122.65,121.463,121.588,26052.0
2019-12-15 00:00:00+00:00,121.965,122.23,121.314,122.102,8898.0
2019-12-16 00:00:00+00:00,122.139,122.461,121.928,122.094,8790.0
2019-12-17 00:00:00+00:00,122.037,122.166,121.75,121.78,7799.0
2019-12-18 00:00:00+00:00,121.82,122.05,121.424,121.614,9660.0
2019-12-19 00:00:00+00:00,121.629,121.698,121.194,121.232,7728.0
2019-12-22 00:00:00+00:00,121.265,121.354,121.088,121.298,7207.0
2019-12-23 00:00:00+00:00,121.159,121.372,121.067,121.252,8821.0
2019-12-25 00:00:00+00:00,121.242,121.785,121.242,121.67,3413.0
2019-12-26 00:00:00+00:00,121.617,122.502,121.558,122.406,16102.0
2019-12-29 00:00:00+00:00,122.358,122.488,121.778,121.917,18750.0
2019-12-30 00:00:00+00:00,121.927,122.096,121.73,121.845,10422.0
2020-01-01 00:00:00+00:00,121.82,122.04,120.984,121.304,11570.0
2020-01-02 00:00:00+00:00,121.298,121.378,120.172,120.614,18480.0
2020-01-05 00:00:00+00:00,120.629,121.398,120.282,121.343,13353.0
2020-01-06 00:00:00+00:00,121.266,121.448,120.786,120.952,14136.0
2020-01-07 00:00:00+00:00,120.899,121.38,120.175,121.186,31900.0
2020-01-08 00:00:00+00:00,121.144,121.688,121.05,121.654,13452.0
2020-01-09 00:00:00+00:00,121.607,121.839,121.524,121.76,10327.0
2020-01-12 00:00:00+00:00,121.76,122.494,121.735,122.4,7937.0
2020-01-13 00:00:00+00:00,122.41,122.764,122.19,122.405,12154.0
2020-01-14 00:00:00+00:00,122.399,122.72,122.202,122.542,9205.0
2020-01-15 00:00:00+00:00,122.548,122.872,122.508,122.696,8724.0
2020-01-16 00:00:00+00:00,122.69,122.842,122.128,122.172,7963.0
2020-01-19 00:00:00+00:00,122.154,122.317,122.036,122.272,5629.0
2020-01-20 00:00:00+00:00,122.264,122.374,121.719,121.764,11267.0
2020-01-21 00:00:00+00:00,121.778,122.014,121.618,121.848,9508.0
2020-01-22 00:00:00+00:00,121.838,121.878,120.637,121.08,15395.0
2020-01-23 00:00:00+00:00,121.064,121.271,120.416,120.472,11855.0
2020-01-26 00:00:00+00:00,120.19,120.4,119.908,119.991,18091.0
2020-01-27 00:00:00+00:00,119.975,120.334,119.81,120.301,12448.0
2020-01-28 00:00:00+00:00,120.295,120.425,119.893,120.037,11460.0
2020-01-29 00:00:00+00:00,120.076,120.248,119.778,120.184,16940.0
2020-01-30 00:00:00+00:00,120.176,120.406,120.026,120.224,16494.0
2020-02-02 00:00:00+00:00,120.229,120.378,119.924,120.206,15283.0
2020-02-03 00:00:00+00:00,120.196,120.982,120.066,120.966,12335.0
2020-02-04 00:00:00+00:00,120.961,121.154,120.661,120.806,13910.0
2020-02-05 00:00:00+00:00,120.817,121.02,120.57,120.792,10187.0
2020-02-06 00:00:00+00:00,120.763,120.802,120.094,120.126,12988.0
2020-02-09 00:00:00+00:00,120.05,120.34,119.681,119.78,11111.0
2020-02-10 00:00:00+00:00,119.774,120.026,119.596,119.844,9165.0
2020-02-11 00:00:00+00:00,119.848,120.301,119.616,119.723,10026.0
2020-02-12 00:00:00+00:00,119.732,119.755,118.878,119.049,14350.0
2020-02-13 00:00:00+00:00,119.043,119.328,118.868,118.912,8930.0
2020-02-16 00:00:00+00:00,119.055,119.193,118.908,119.066,6725.0
2020-02-17 00:00:00+00:00,119.085,119.092,118.464,118.568,11831.0
2020-02-18 00:00:00+00:00,118.578,120.498,118.578,120.342,12518.0
2020-02-19 00:00:00+00:00,120.348,121.396,120.096,120.908,23831.0
2020-02-20 00:00:00+00:00,120.917,121.351,120.36,121.027,20505.0
2020-02-23 00:00:00+00:00,120.375,121.068,119.904,120.165,26721.0
2020-02-24 00:00:00+00:00,120.176,120.536,119.414,119.916,30428.0
2020-02-25 00:00:00+00:00,119.823,120.586,119.729,120.132,33792.0
2020-02-26 00:00:00+00:00,120.122,121.042,119.953,120.569,43183.0
2020-02-27 00:00:00+00:00,120.64,120.662,118.381,119.143,64437.0
2020-03-01 00:00:00+00:00,118.653,120.75,118.506,120.616,61317.0
2020-03-02 00:00:00+00:00,120.592,120.95,119.538,119.666,67644.0
2020-03-03 00:00:00+00:00,119.645,120.131,119.031,119.746,39839.0
2020-03-04 00:00:00+00:00,119.759,119.998,119.002,119.302,34508.0
2020-03-05 00:00:00+00:00,119.308,119.44,118.711,118.915,62190.0
2020-03-08 00:00:00+00:00,118.29,118.706,116.128,117.122,112012.0
2020-03-09 00:00:00+00:00,117.122,119.492,116.813,119.173,110229.0
2020-03-10 00:00:00+00:00,119.173,119.229,117.544,117.8,80380.0
2020-03-11 00:00:00+00:00,117.8,118.345,116.312,117.017,113651.0
2020-03-12 00:00:00+00:00,117.017,120.321,116.89,119.854,124079.0
2020-03-15 00:00:00+00:00,118.523,120.006,117.146,118.409,166309.0
2020-03-16 00:00:00+00:00,118.409,119.692,117.302,118.433,124371.0
2020-03-17 00:00:00+00:00,118.433,118.535,116.904,117.993,101602.0
2020-03-18 00:00:00+00:00,118.001,119.325,117.412,118.374,132283.0
2020-03-19 00:00:00+00:00,118.362,119.298,117.85,118.535,137427.0
2020-03-22 00:00:00+00:00,118.722,119.941,117.732,119.32,113507.0
2020-03-23 00:00:00+00:00,119.32,120.54,118.816,119.986,90454.0
2020-03-24 00:00:00+00:00,119.986,121.148,119.52,121.031,89811.0
2020-03-25 00:00:00+00:00,121.031,121.093,119.962,120.93,85307.0
2020-03-26 00:00:00+00:00,120.93,121.061,118.806,120.213,82348.0
2020-03-29 00:00:00+00:00,119.531,120.067,118.801,119.058,55372.0
2020-03-30 00:00:00+00:00,119.058,119.707,118.2,118.692,59589.0
2020-03-31 00:00:00+00:00,118.692,118.876,116.948,117.493,46631.0
2020-04-01 00:00:00+00:00,117.493,117.718,116.354,117.123,46843.0
2020-04-02 00:00:00+00:00,117.123,117.388,116.734,117.259,36229.0
2020-04-05 00:00:00+00:00,117.221,118.308,117.19,117.86,33410.0
2020-04-06 00:00:00+00:00,117.86,119.038,117.51,118.454,34572.0
2020-04-07 00:00:00+00:00,118.454,118.694,117.92,118.149,31411.0
2020-04-08 00:00:00+00:00,118.149,119.0,118.078,118.581,30319.0
2020-04-09 00:00:00+00:00,118.581,118.742,118.412,118.597,35399.0
2020-04-12 00:00:00+00:00,118.618,118.718,117.31,117.612,18478.0
2020-04-13 00:00:00+00:00,117.612,117.941,117.31,117.734,21024.0
2020-04-14 00:00:00+00:00,117.734,117.783,116.798,117.224,21926.0
2020-04-15 00:00:00+00:00,117.224,117.505,116.556,116.967,23343.0
2020-04-16 00:00:00+00:00,116.967,117.414,116.625,116.937,24456.0
2020-04-19 00:00:00+00:00,116.945,117.291,116.844,116.914,15709.0
2020-04-20 00:00:00+00:00,116.946,117.162,116.222,117.016,21521.0
2020-04-21 00:00:00+00:00,116.993,117.218,116.444,116.607,15963.0
2020-04-22 00:00:00+00:00,116.613,116.836,115.643,115.988,25660.0
2020-04-23 00:00:00+00:00,116.02,116.442,115.546,116.347,19919.0
2020-04-26 00:00:00+00:00,116.376,116.506,116.05,116.161,17610.0
2020-04-27 00:00:00+00:00,116.135,116.269,115.611,115.632,17379.0
2020-04-28 00:00:00+00:00,115.755,116.079,115.45,115.994,16274.0
2020-04-29 00:00:00+00:00,116.008,117.776,115.553,117.375,28102.0
2020-04-30 00:00:00+00:00,117.365,117.765,117.02,117.407,18749.0
2020-05-03 00:00:00+00:00,117.288,117.288,116.272,116.388,16912.0
2020-05-04 00:00:00+00:00,116.438,116.566,115.413,115.472,17810.0
2020-05-05 00:00:00+00:00,115.812,115.819,114.43,114.542,18213.0
2020-05-06 00:00:00+00:00,114.579,115.143,114.454,115.118,20643.0
2020-05-07 00:00:00+00:00,115.126,115.742,115.033,115.615,15709.0
2020-05-10 00:00:00+00:00,115.573,116.514,115.291,116.347,18235.0
2020-05-11 00:00:00+00:00,116.431,116.849,115.961,116.218,15833.0
2020-05-12 00:00:00+00:00,116.226,116.413,115.694,115.8,18423.0
2020-05-13 00:00:00+00:00,115.788,115.927,115.33,115.866,18147.0
2020-05-14 00:00:00+00:00,115.882,116.198,115.478,115.877,17688.0
2020-05-17 00:00:00+00:00,116.271,117.24,115.756,117.144,17347.0
2020-05-18 00:00:00+00:00,117.182,118.196,117.028,117.65,20126.0
2020-05-19 00:00:00+00:00,117.751,118.204,117.594,118.068,16960.0
2020-05-20 00:00:00+00:00,118.075,118.524,117.734,117.84,17412.0
2020-05-21 00:00:00+00:00,117.822,117.98,116.996,117.354,15260.0
2020-05-24 00:00:00+00:00,117.369,117.56,117.086,117.371,9018.0
2020-05-25 00:00:00+00:00,117.379,118.336,117.338,118.119,15259.0
2020-05-26 00:00:00+00:00,118.159,118.912,117.708,118.588,27106.0
2020-05-27 00:00:00+00:00,118.602,119.393,118.488,119.22,23993.0
2020-05-28 00:00:00+00:00,119.241,119.898,118.869,119.737,28685.0
2020-05-31 00:00:00+00:00,119.737,119.974,119.429,119.804,21924.0
2020-06-01 00:00:00+00:00,119.795,121.634,119.628,121.383,25681.0
2020-06-02 00:00:00+00:00,121.371,122.627,121.27,122.338,30119.0
2020-06-03 00:00:00+00:00,122.368,123.97,121.848,123.739,37980.0
2020-06-04 00:00:00+00:00,123.731,124.432,123.542,123.742,34258.0
2020-06-07 00:00:00+00:00,123.658,124.123,122.225,122.458,25042.0
2020-06-08 00:00:00+00:00,122.421,122.604,121.328,122.177,31487.0
2020-06-09 00:00:00+00:00,122.225,122.364,121.588,121.856,33739.0
2020-06-10 00:00:00+00:00,122.0,122.0,120.658,120.734,41204.0
2020-06-11 00:00:00+00:00,120.727,121.816,120.258,120.891,43485.0
2020-06-14 00:00:00+00:00,120.767,121.636,120.338,121.52,37246.0
2020-06-15 00:00:00+00:00,121.452,122.12,120.48,120.884,37772.0
2020-06-16 00:00:00+00:00,120.902,121.232,120.155,120.307,30162.0
2020-06-17 00:00:00+00:00,120.282,120.546,119.592,119.864,29179.0
2020-06-18 00:00:00+00:00,119.904,120.214,119.382,119.468,23257.0
2020-06-21 00:00:00+00:00,119.462,120.444,119.316,120.39,20374.0
2020-06-22 00:00:00+00:00,120.397,121.1,119.91,120.466,31464.0
2020-06-23 00:00:00+00:00,120.424,120.748,120.039,120.436,24720.0
2020-06-24 00:00:00+00:00,120.462,120.624,120.146,120.259,24285.0
2020-06-25 00:00:00+00:00,120.273,120.38,119.814,120.28,16877.0
2020-06-28 00:00:00+00:00,120.164,121.358,120.146,120.936,18835.0
2020-06-29 00:00:00+00:00,120.902,121.426,120.592,121.244,20908.0
2020-06-30 00:00:00+00:00,121.267,121.482,120.262,120.918,19451.0
2020-07-01 00:00:00+00:00,120.926,121.44,120.752,120.824,18899.0
2020-07-02 00:00:00+00:00,120.838,120.978,120.612,120.959,14644.0
2020-07-05 00:00:00+00:00,120.902,121.968,120.848,121.44,15819.0
2020-07-06 00:00:00+00:00,121.432,121.718,121.187,121.223,16718.0
2020-07-07 00:00:00+00:00,121.236,121.881,121.138,121.526,15906.0
2020-07-08 00:00:00+00:00,121.579,121.966,120.906,120.978,18060.0
2020-07-09 00:00:00+00:00,120.985,121.069,120.271,120.845,15532.0
2020-07-12 00:00:00+00:00,120.905,121.962,120.824,121.704,15790.0
2020-07-13 00:00:00+00:00,121.711,122.32,121.471,122.243,17954.0
2020-07-14 00:00:00+00:00,122.258,122.5,121.825,122.032,16996.0
2020-07-15 00:00:00+00:00,122.017,122.502,121.818,122.116,17577.0
2020-07-16 00:00:00+00:00,122.141,122.574,121.931,122.332,13359.0
2020-07-19 00:00:00+00:00,122.251,122.977,122.247,122.802,21044.0
2020-07-20 00:00:00+00:00,122.77,123.176,122.474,123.112,21376.0
2020-07-21 00:00:00+00:00,123.153,124.29,123.059,123.994,24122.0
2020-07-22 00:00:00+00:00,124.003,124.243,123.71,123.926,19105.0
2020-07-23 00:00:00+00:00,123.933,123.966,122.842,123.698,25129.0
2020-07-26 00:00:00+00:00,123.577,123.905,123.222,123.83,26346.0
2020-07-27 00:00:00+00:00,123.855,123.987,123.017,123.12,22823.0
2020-07-28 00:00:00+00:00,123.132,123.789,123.022,123.704,21558.0
2020-07-29 00:00:00+00:00,123.698,124.196,123.338,124.069,24047.0
2020-07-30 00:00:00+00:00,124.025,125.208,123.843,124.711,36818.0
2020-08-02 00:00:00+00:00,124.709,125.058,123.997,124.623,28052.0
2020-08-03 00:00:00+00:00,124.64,125.0,124.268,124.77,19865.0
2020-08-04 00:00:00+00:00,124.785,125.515,124.638,125.283,21493.0
2020-08-05 00:00:00+00:00,125.269,125.592,124.66,125.363,25597.0
2020-08-06 00:00:00+00:00,125.341,125.394,124.464,124.854,23883.0
2020-08-09 00:00:00+00:00,124.814,124.922,124.343,124.365,17544.0
2020-08-10 00:00:00+00:00,124.376,125.501,124.354,125.02,22401.0
2020-08-11 00:00:00+00:00,125.01,126.219,124.953,125.97,22300.0
2020-08-12 00:00:00+00:00,125.949,126.756,125.918,126.328,20953.0
2020-08-13 00:00:00+00:00,126.312,126.47,125.741,126.234,16040.0
2020-08-16 00:00:00+00:00,126.266,126.464,125.674,125.84,16922.0
2020-08-17 00:00:00+00:00,125.831,126.092,125.344,125.764,21718.0
2020-08-18 00:00:00+00:00,125.81,126.061,125.376,125.459,22925.0
2020-08-19 00:00:00+00:00,125.624,125.784,125.087,125.478,21091.0
2020-08-20 00:00:00+00:00,125.466,125.559,124.442,124.818,19838.0
2020-08-23 00:00:00+00:00,124.737,125.344,124.692,124.926,14220.0
2020-08-24 00:00:00+00:00,124.953,126.03,124.922,125.899,18414.0
2020-08-25 00:00:00+00:00,125.922,126.141,125.264,125.383,16749.0
2020-08-26 00:00:00+00:00,125.39,126.092,125.138,125.969,33178.0
2020-08-27 00:00:00+00:00,125.977,126.774,125.198,125.444,33667.0
2020-08-30 00:00:00+00:00,125.377,126.846,125.226,126.408,21866.0
2020-08-31 00:00:00+00:00,126.476,127.076,126.14,126.216,24258.0
2020-09-01 00:00:00+00:00,126.252,126.314,125.556,125.876,19989.0
2020-09-02 00:00:00+00:00,125.848,126.023,125.291,125.848,22958.0
2020-09-03 00:00:00+00:00,125.866,125.986,125.304,125.781,23658.0
2020-09-06 00:00:00+00:00,125.881,125.944,125.519,125.624,10235.0
2020-09-07 00:00:00+00:00,125.598,125.649,124.698,124.854,22985.0
2020-09-08 00:00:00+00:00,124.846,125.646,124.428,125.325,23507.0
2020-09-09 00:00:00+00:00,125.361,126.464,125.305,125.392,26591.0
2020-09-10 00:00:00+00:00,125.398,126.125,125.398,125.772,16891.0
2020-09-13 00:00:00+00:00,125.623,125.901,125.288,125.449,13823.0
2020-09-14 00:00:00+00:00,125.403,125.77,124.757,124.916,14245.0
2020-09-15 00:00:00+00:00,124.895,125.016,123.84,123.951,21691.0
2020-09-16 00:00:00+00:00,123.96,124.135,123.318,124.105,23086.0
2020-09-17 00:00:00+00:00,124.091,124.311,123.436,123.821,16878.0
2020-09-20 00:00:00+00:00,123.824,123.938,122.521,123.184,23999.0
2020-09-21 00:00:00+00:00,123.176,123.278,122.659,122.853,19962.0
2020-09-22 00:00:00+00:00,122.871,123.191,122.58,122.881,19743.0
2020-09-23 00:00:00+00:00,122.875,123.158,122.585,123.033,19342.0
2020-09-24 00:00:00+00:00,123.046,123.154,122.614,122.806,16552.0
2020-09-27 00:00:00+00:00,122.749,123.209,122.378,123.055,15538.0
2020-09-28 00:00:00+00:00,123.074,124.12,123.031,124.063,16235.0
2020-09-29 00:00:00+00:00,124.069,124.25,123.534,123.72,23362.0
2020-09-30 00:00:00+00:00,123.637,124.205,123.484,123.972,20751.0
2020-10-01 00:00:00+00:00,123.966,124.01,123.026,123.427,26356.0
2020-10-04 00:00:00+00:00,123.392,124.714,123.34,124.65,14910.0
2020-10-05 00:00:00+00:00,124.641,124.732,123.854,123.991,18063.0
2020-10-06 00:00:00+00:00,123.983,124.877,123.868,124.689,16122.0
2020-10-07 00:00:00+00:00,124.698,124.877,124.368,124.686,12057.0
2020-10-08 00:00:00+00:00,124.675,125.087,124.515,124.948,12967.0
2020-10-11 00:00:00+00:00,124.919,125.013,124.289,124.403,10912.0
2020-10-12 00:00:00+00:00,124.425,124.47,123.808,123.938,14522.0
2020-10-13 00:00:00+00:00,123.921,123.938,123.476,123.527,12480.0
2020-10-14 00:00:00+00:00,123.519,123.774,123.018,123.372,14245.0
2020-10-15 00:00:00+00:00,123.353,123.714,123.12,123.517,14376.0
2020-10-18 00:00:00+00:00,123.295,124.342,123.295,124.107,10819.0
2020-10-19 00:00:00+00:00,124.079,124.999,124.038,124.679,11885.0
2020-10-20 00:00:00+00:00,124.691,124.84,123.916,124.084,15274.0
2020-10-21 00:00:00+00:00,123.996,124.092,123.652,124.016,12607.0
2020-10-22 00:00:00+00:00,123.96,124.229,123.414,124.205,12510.0
2020-10-25 00:00:00+00:00,124.083,124.204,123.779,123.805,11370.0
2020-10-26 00:00:00+00:00,123.792,123.996,123.156,123.175,10388.0
2020-10-27 00:00:00+00:00,123.181,123.195,122.188,122.532,17011.0
2020-10-28 00:00:00+00:00,122.538,122.89,121.898,122.086,18852.0
2020-10-29 00:00:00+00:00,122.097,122.466,121.62,121.927,19007.0
2020-11-01 00:00:00+00:00,121.798,122.155,121.702,121.868,13298.0
2020-11-02 00:00:00+00:00,121.887,122.752,121.813,122.473,14617.0
2020-11-03 00:00:00+00:00,122.448,123.076,121.964,122.541,53527.0
2020-11-04 00:00:00+00:00,122.549,123.184,122.214,122.422,28996.0
2020-11-05 00:00:00+00:00,122.414,122.994,122.223,122.74,28107.0
2020-11-08 00:00:00+00:00,122.902,125.136,122.686,124.456,39434.0
2020-11-09 00:00:00+00:00,124.447,124.604,123.993,124.353,29033.0
2020-11-10 00:00:00+00:00,124.413,124.674,123.922,123.994,17500.0
2020-11-11 00:00:00+00:00,124.157,124.503,123.69,124.118,16327.0
2020-11-12 00:00:00+00:00,124.126,124.303,123.663,123.823,14122.0
2020-11-15 00:00:00+00:00,124.025,124.441,123.628,123.968,17749.0
2020-11-16 00:00:00+00:00,123.936,124.024,123.518,123.573,13069.0
2020-11-17 00:00:00+00:00,123.586,123.617,123.02,123.064,14199.0
2020-11-18 00:00:00+00:00,123.07,123.318,122.846,123.238,14408.0
2020-11-19 00:00:00+00:00,123.219,123.482,123.011,123.136,11366.0
2020-11-22 00:00:00+00:00,123.102,123.826,123.07,123.755,13745.0
2020-11-23 00:00:00+00:00,123.771,124.348,123.666,124.202,15036.0
2020-11-24 00:00:00+00:00,124.221,124.512,124.148,124.482,14471.0
2020-11-25 00:00:00+00:00,124.468,124.569,123.914,124.207,8829.0
2020-11-26 00:00:00+00:00,124.2,124.528,123.902,124.504,11564.0
2020-11-29 00:00:00+00:00,124.513,125.126,124.307,124.448,15795.0
2020-11-30 00:00:00+00:00,124.469,125.952,124.438,125.908,15125.0
2020-12-01 00:00:00+00:00,125.929,126.55,125.778,126.518,15938.0
2020-12-02 00:00:00+00:00,126.503,126.656,126.033,126.129,15485.0
2020-12-03 00:00:00+00:00,126.119,126.682,126.045,126.287,16236.0
2020-12-06 00:00:00+00:00,126.275,126.486,125.967,126.0,14915.0
2020-12-07 00:00:00+00:00,125.993,126.257,125.863,126.071,14409.0
2020-12-08 00:00:00+00:00,126.086,126.518,125.788,125.909,13742.0
2020-12-09 00:00:00+00:00,125.918,126.742,125.874,126.546,19849.0
2020-12-10 00:00:00+00:00,126.552,126.612,125.786,126.016,16439.0
2020-12-13 00:00:00+00:00,126.258,126.514,125.921,126.414,14494.0
2020-12-14 00:00:00+00:00,126.399,126.589,125.95,125.962,13248.0
2020-12-15 00:00:00+00:00,125.934,126.348,125.708,126.189,16416.0
2020-12-16 00:00:00+00:00,126.169,126.518,126.018,126.487,15071.0
2020-12-17 00:00:00+00:00,126.496,127.013,126.387,126.645,12718.0
2020-12-20 00:00:00+00:00,126.578,126.619,125.915,126.532,24909.0
2020-12-21 00:00:00+00:00,126.516,126.658,125.994,126.074,16880.0
2020-12-22 00:00:00+00:00,126.042,126.378,125.94,126.276,16134.0
2020-12-23 00:00:00+00:00,126.251,126.498,126.194,126.347,14690.0
2020-12-27 00:00:00+00:00,126.246,126.956,126.05,126.792,15298.0
2020-12-28 00:00:00+00:00,126.813,127.233,126.703,126.925,12926.0
2020-12-29 00:00:00+00:00,126.918,127.136,126.467,127.014,16216.0
2020-12-30 00:00:00+00:00,127.001,127.001,126.084,126.21,15137.0
2021-01-03 00:00:00+00:00,126.208,126.796,126.102,126.342,20285.0
2021-01-04 00:00:00+00:00,126.317,126.555,126.054,126.264,16084.0
2021-01-05 00:00:00+00:00,126.254,127.242,126.142,127.044,25453.0
2021-01-06 00:00:00+00:00,127.034,127.492,126.917,127.395,19106.0
2021-01-07 00:00:00+00:00,127.402,127.464,126.816,127.078,21306.0
2021-01-10 00:00:00+00:00,126.908,127.096,126.558,126.724,16698.0
2021-01-11 00:00:00+00:00,126.672,126.865,126.542,126.651,15562.0
2021-01-12 00:00:00+00:00,126.681,126.714,126.216,126.273,14334.0
2021-01-13 00:00:00+00:00,126.299,126.527,125.931,126.328,16569.0
2021-01-14 00:00:00+00:00,126.158,126.208,125.404,125.427,13701.0
2021-01-17 00:00:00+00:00,125.43,125.494,125.092,125.217,11429.0
2021-01-18 00:00:00+00:00,125.224,126.212,125.2,125.962,13356.0
2021-01-19 00:00:00+00:00,126.011,126.186,125.272,125.348,13437.0
2021-01-20 00:00:00+00:00,125.34,125.97,125.324,125.932,14318.0
2021-01-21 00:00:00+00:00,125.938,126.402,125.898,126.313,10962.0
2021-01-24 00:00:00+00:00,126.324,126.37,125.812,125.974,10350.0
2021-01-25 00:00:00+00:00,125.964,126.162,125.694,126.005,10751.0
2021-01-26 00:00:00+00:00,126.011,126.19,125.602,126.102,17056.0
2021-01-27 00:00:00+00:00,126.108,126.667,125.994,126.349,17024.0
2021-01-28 00:00:00+00:00,126.369,127.346,126.322,127.093,19895.0
2021-01-31 00:00:00+00:00,127.125,127.156,126.523,126.531,16540.0
2021-02-01 00:00:00+00:00,126.481,126.825,126.268,126.342,15072.0
2021-02-02 00:00:00+00:00,126.182,126.549,126.146,126.438,11787.0
2021-02-03 00:00:00+00:00,126.414,126.465,126.103,126.152,12242.0
2021-02-04 00:00:00+00:00,126.272,127.009,126.168,126.922,15102.0
2021-02-07 00:00:00+00:00,126.823,127.128,126.653,126.836,14494.0
2021-02-08 00:00:00+00:00,126.789,126.854,126.438,126.813,16808.0
2021-02-09 00:00:00+00:00,126.784,127.078,126.615,126.743,13465.0
2021-02-10 00:00:00+00:00,126.753,127.164,126.705,127.015,7969.0
2021-02-11 00:00:00+00:00,127.048,127.308,126.984,127.172,9986.0
2021-02-14 00:00:00+00:00,127.199,127.974,127.197,127.647,8766.0
2021-02-15 00:00:00+00:00,127.806,128.399,127.709,128.206,13308.0
2021-02-16 00:00:00+00:00,128.378,128.458,127.312,127.542,13832.0
2021-02-17 00:00:00+00:00,127.492,127.828,127.332,127.735,10875.0
2021-02-18 00:00:00+00:00,127.796,128.184,127.656,127.766,11269.0
2021-02-21 00:00:00+00:00,127.718,128.246,127.506,127.756,14338.0
2021-02-22 00:00:00+00:00,127.736,128.054,127.655,127.886,14106.0
2021-02-23 00:00:00+00:00,127.875,128.901,127.77,128.895,17875.0
2021-02-24 00:00:00+00:00,128.837,129.974,128.739,129.315,24452.0
2021-02-25 00:00:00+00:00,129.348,129.524,128.563,128.655,32592.0
2021-02-28 00:00:00+00:00,128.625,129.142,128.222,128.793,17899.0
2021-03-01 00:00:00+00:00,128.595,129.076,128.186,129.006,17792.0
2021-03-02 00:00:00+00:00,128.999,129.458,128.74,129.157,16694.0
2021-03-03 00:00:00+00:00,129.083,129.638,128.918,129.221,18936.0
2021-03-04 00:00:00+00:00,129.227,129.578,128.85,129.128,25820.0
2021-03-07 00:00:00+00:00,129.167,129.391,128.78,128.891,17038.0
2021-03-08 00:00:00+00:00,129.014,129.546,128.933,128.956,17390.0
2021-03-09 00:00:00+00:00,129.068,129.474,128.999,129.473,15421.0
2021-03-10 00:00:00+00:00,129.304,130.066,129.234,130.042,15697.0
2021-03-11 00:00:00+00:00,130.028,130.392,129.82,130.332,14502.0
2021-03-14 00:00:00+00:00,130.17,130.489,129.99,130.235,13339.0
2021-03-15 00:00:00+00:00,130.163,130.394,129.492,129.74,11969.0
2021-03-16 00:00:00+00:00,129.72,130.444,129.705,130.381,13823.0
2021-03-17 00:00:00+00:00,130.355,130.665,129.598,129.723,16477.0
2021-03-18 00:00:00+00:00,129.763,129.996,129.32,129.611,14118.0
2021-03-21 00:00:00+00:00,129.029,129.94,128.972,129.884,11971.0
2021-03-22 00:00:00+00:00,129.874,129.919,128.606,128.663,12660.0
2021-03-23 00:00:00+00:00,128.698,128.86,128.294,128.453,12566.0
2021-03-24 00:00:00+00:00,128.438,128.944,128.388,128.455,13387.0
2021-03-25 00:00:00+00:00,128.461,129.46,128.42,129.358,11881.0
2021-03-28 00:00:00+00:00,129.408,129.505,128.834,129.177,12499.0
2021-03-29 00:00:00+00:00,129.163,129.55,129.128,129.288,11275.0
2021-03-30 00:00:00+00:00,129.315,130.046,129.249,129.875,15436.0
2021-03-31 00:00:00+00:00,129.861,130.305,129.653,130.299,12372.0
2021-04-01 00:00:00+00:00,130.274,130.385,130.038,130.162,10641.0
2021-04-04 00:00:00+00:00,130.061,130.268,129.838,130.193,9222.0
2021-04-05 00:00:00+00:00,130.176,130.564,129.814,130.37,13830.0
2021-04-06 00:00:00+00:00,130.33,130.686,130.14,130.393,13864.0
2021-04-07 00:00:00+00:00,130.373,130.48,129.573,130.124,12787.0
2021-04-08 00:00:00+00:00,130.183,130.55,130.054,130.512,12624.0
2021-04-11 00:00:00+00:00,130.526,130.61,129.898,130.291,10525.0
2021-04-12 00:00:00+00:00,130.27,130.499,129.8,130.315,14657.0
2021-04-13 00:00:00+00:00,130.304,130.584,130.033,130.497,11831.0
2021-04-14 00:00:00+00:00,130.55,130.558,130.024,130.166,11051.0
2021-04-15 00:00:00+00:00,130.174,130.542,129.979,130.37,10756.0
2021-04-18 00:00:00+00:00,130.288,130.33,129.7,130.221,16233.0
2021-04-19 00:00:00+00:00,130.163,130.972,129.996,130.143,15243.0
2021-04-20 00:00:00+00:00,130.081,130.148,129.638,130.055,12353.0
2021-04-21 00:00:00+00:00,130.07,130.468,129.674,129.735,14727.0
2021-04-22 00:00:00+00:00,129.718,130.564,129.592,130.49,13672.0
2021-04-25 00:00:00+00:00,130.576,130.762,130.21,130.618,14103.0
2021-04-26 00:00:00+00:00,130.627,131.5,130.57,131.397,12243.0
2021-04-27 00:00:00+00:00,131.434,131.819,131.398,131.601,15142.0
2021-04-28 00:00:00+00:00,131.693,132.366,131.598,132.056,16933.0
2021-04-29 00:00:00+00:00,132.048,132.192,131.378,131.441,15226.0
2021-05-02 00:00:00+00:00,131.556,132.163,131.441,131.604,13146.0
2021-05-03 00:00:00+00:00,131.617,131.64,131.146,131.411,24303.0
2021-05-04 00:00:00+00:00,131.379,131.461,130.985,131.167,11780.0
2021-05-05 00:00:00+00:00,131.135,131.85,131.068,131.616,15082.0
2021-05-06 00:00:00+00:00,131.547,132.174,131.48,132.083,18742.0
2021-05-09 00:00:00+00:00,132.082,132.53,131.911,132.037,14250.0
2021-05-10 00:00:00+00:00,131.981,132.471,131.788,131.973,16683.0
2021-05-11 00:00:00+00:00,131.984,132.453,131.66,132.394,21207.0
2021-05-12 00:00:00+00:00,132.401,132.732,132.036,132.153,16620.0
2021-05-13 00:00:00+00:00,132.237,132.846,132.063,132.791,12564.0
2021-05-16 00:00:00+00:00,132.712,132.952,132.356,132.617,11973.0
2021-05-17 00:00:00+00:00,132.734,133.19,132.642,133.088,11931.0
2021-05-18 00:00:00+00:00,133.107,133.44,132.64,132.98,18363.0
2021-05-19 00:00:00+00:00,132.956,133.092,132.71,133.023,12598.0
2021-05-20 00:00:00+00:00,132.996,133.212,132.536,132.732,13342.0
2021-05-23 00:00:00+00:00,132.683,133.044,132.525,132.874,11268.0
2021-05-24 00:00:00+00:00,132.856,133.611,132.83,133.277,14077.0
2021-05-25 00:00:00+00:00,133.301,133.414,133.0,133.082,13297.0
2021-05-26 00:00:00+00:00,133.054,134.056,132.934,133.943,14854.0
2021-05-27 00:00:00+00:00,133.909,134.006,133.61,133.952,14462.0
2021-05-30 00:00:00+00:00,134.047,134.117,133.662,134.001,10850.0
2021-05-31 00:00:00+00:00,133.99,134.126,133.718,133.73,12440.0
2021-06-01 00:00:00+00:00,133.713,134.073,133.648,133.794,10903.0
2021-06-02 00:00:00+00:00,133.786,133.918,133.628,133.774,12676.0
2021-06-03 00:00:00+00:00,133.74,133.814,133.142,133.25,14359.0
2021-06-06 00:00:00+00:00,133.203,133.385,132.888,133.176,9141.0
2021-06-07 00:00:00+00:00,133.168,133.426,133.136,133.283,9847.0
2021-06-08 00:00:00+00:00,133.292,133.626,133.206,133.532,8330.0
2021-06-09 00:00:00+00:00,133.525,133.759,133.045,133.116,14054.0
2021-06-10 00:00:00+00:00,133.073,133.412,132.668,132.823,10002.0
2021-06-13 00:00:00+00:00,132.768,133.438,132.652,133.41,8752.0
2021-06-14 00:00:00+00:00,133.39,133.682,133.277,133.461,8577.0
2021-06-15 00:00:00+00:00,133.487,133.586,132.69,132.8,17342.0
2021-06-16 00:00:00+00:00,132.737,132.876,131.026,131.256,18684.0
2021-06-17 00:00:00+00:00,131.241,131.43,130.611,130.788,17365.0
2021-06-20 00:00:00+00:00,130.788,131.496,130.044,131.488,17137.0
2021-06-21 00:00:00+00:00,131.4,132.196,131.219,132.162,13351.0
2021-06-22 00:00:00+00:00,132.081,132.696,132.038,132.332,13953.0
2021-06-23 00:00:00+00:00,132.352,132.579,132.119,132.303,12139.0
2021-06-24 00:00:00+00:00,132.284,132.454,132.127,132.251,11001.0
2021-06-27 00:00:00+00:00,132.22,132.352,131.781,131.906,11303.0
2021-06-28 00:00:00+00:00,131.923,131.959,131.281,131.51,11495.0
2021-06-29 00:00:00+00:00,131.477,131.78,131.282,131.739,14758.0
2021-06-30 00:00:00+00:00,131.748,132.433,131.562,132.158,13271.0
2021-07-01 00:00:00+00:00,132.148,132.23,131.679,131.72,14319.0
2021-07-04 00:00:00+00:00,131.704,131.867,131.548,131.672,13106.0
2021-07-05 00:00:00+00:00,131.631,131.864,130.619,130.788,14984.0
2021-07-06 00:00:00+00:00,130.814,131.038,130.429,130.439,15689.0
2021-07-07 00:00:00+00:00,130.531,130.556,129.622,130.026,22099.0
2021-07-08 00:00:00+00:00,129.973,130.876,129.938,130.769,14541.0
2021-07-11 00:00:00+00:00,130.815,130.991,130.454,130.933,11905.0
2021-07-12 00:00:00+00:00,130.942,131.087,130.216,130.289,14978.0
2021-07-13 00:00:00+00:00,130.3,130.433,130.022,130.148,13021.0
2021-07-14 00:00:00+00:00,130.188,130.204,129.612,129.736,13240.0
2021-07-15 00:00:00+00:00,129.756,130.283,129.644,129.958,12682.0
2021-07-18 00:00:00+00:00,129.982,130.029,128.893,129.142,19620.0
2021-07-19 00:00:00+00:00,129.155,129.486,128.598,129.426,19333.0
2021-07-20 00:00:00+00:00,129.436,130.188,129.162,130.092,13910.0
2021-07-21 00:00:00+00:00,130.078,130.298,129.485,129.67,16126.0
2021-07-22 00:00:00+00:00,129.686,130.182,129.475,130.126,11703.0
2021-07-25 00:00:00+00:00,130.086,130.349,129.679,130.286,13366.0
2021-07-26 00:00:00+00:00,130.302,130.318,129.548,129.732,15594.0
2021-07-27 00:00:00+00:00,129.718,130.239,129.626,130.174,18235.0
2021-07-28 00:00:00+00:00,130.198,130.566,129.899,130.144,13004.0
2021-07-29 00:00:00+00:00,130.151,130.498,130.024,130.186,12750.0
2021-08-01 00:00:00+00:00,130.177,130.422,129.604,129.778,11590.0
2021-08-02 00:00:00+00:00,129.752,129.868,129.17,129.362,11677.0
2021-08-03 00:00:00+00:00,129.416,129.82,129.138,129.604,14056.0
2021-08-04 00:00:00+00:00,129.611,130.016,129.565,129.893,11299.0
2021-08-05 00:00:00+00:00,129.914,129.966,129.584,129.648,11766.0
2021-08-08 00:00:00+00:00,129.783,129.783,129.392,129.489,9390.0
2021-08-09 00:00:00+00:00,129.483,129.686,129.405,129.601,8817.0
2021-08-10 00:00:00+00:00,129.583,129.804,129.528,129.65,9418.0
2021-08-11 00:00:00+00:00,129.618,129.708,129.394,129.544,7149.0
2021-08-12 00:00:00+00:00,129.513,129.698,129.238,129.298,7580.0
2021-08-15 00:00:00+00:00,129.378,129.434,128.5,128.674,10264.0
2021-08-16 00:00:00+00:00,128.715,128.872,128.258,128.31,11469.0
2021-08-17 00:00:00+00:00,128.329,128.95,128.224,128.543,11643.0
2021-08-18 00:00:00+00:00,128.534,128.706,127.936,128.168,16260.0
2021-08-19 00:00:00+00:00,128.138,128.527,127.951,128.448,11829.0
2021-08-22 00:00:00+00:00,128.386,129.144,128.359,128.846,12908.0
2021-08-23 00:00:00+00:00,128.853,129.034,128.596,128.956,9295.0
2021-08-24 00:00:00+00:00,128.887,129.536,128.768,129.483,9268.0
2021-08-25 00:00:00+00:00,129.51,129.768,129.23,129.374,10774.0
2021-08-26 00:00:00+00:00,129.302,129.752,129.157,129.58,12756.0
2021-08-29 00:00:00+00:00,129.597,129.708,129.489,129.676,6565.0
2021-08-30 00:00:00+00:00,129.685,130.177,129.596,129.894,12352.0
2021-08-31 00:00:00+00:00,129.916,130.453,129.878,130.278,10955.0
2021-09-01 00:00:00+00:00,130.288,130.592,130.163,130.548,7492.0
2021-09-02 00:00:00+00:00,130.589,130.744,130.188,130.304,13359.0
2021-09-05 00:00:00+00:00,130.317,130.502,130.251,130.393,6127.0
2021-09-06 00:00:00+00:00,130.416,130.66,130.296,130.604,10167.0
2021-09-07 00:00:00+00:00,130.543,130.698,130.176,130.282,10361.0
2021-09-08 00:00:00+00:00,130.248,130.332,129.668,129.753,11586.0
2021-09-09 00:00:00+00:00,129.76,130.278,129.688,129.818,9420.0
2021-09-12 00:00:00+00:00,129.858,129.949,129.59,129.913,9161.0
2021-09-13 00:00:00+00:00,129.907,130.198,129.368,129.484,11015.0
2021-09-14 00:00:00+00:00,129.512,129.549,129.061,129.228,11782.0
2021-09-15 00:00:00+00:00,129.244,129.36,128.61,129.156,11135.0
2021-09-16 00:00:00+00:00,129.126,129.674,128.909,128.959,10973.0
2021-09-19 00:00:00+00:00,128.986,129.092,128.144,128.286,12764.0
2021-09-20 00:00:00+00:00,128.252,128.704,127.997,128.074,13900.0
2021-09-21 00:00:00+00:00,128.087,128.778,127.932,128.344,19975.0
2021-09-22 00:00:00+00:00,128.332,129.544,128.316,129.516,14231.0
2021-09-23 00:00:00+00:00,129.454,129.847,129.388,129.806,11014.0
2021-09-26 00:00:00+00:00,129.803,129.934,129.484,129.83,12845.0
2021-09-27 00:00:00+00:00,129.874,130.381,129.67,130.28,17305.0
2021-09-28 00:00:00+00:00,130.274,130.475,129.679,129.856,17426.0
2021-09-29 00:00:00+00:00,129.848,129.963,128.792,128.838,17978.0
2021-09-30 00:00:00+00:00,128.893,129.048,128.552,128.776,18953.0
2021-10-03 00:00:00+00:00,128.605,129.38,128.605,128.922,15437.0
2021-10-04 00:00:00+00:00,128.873,129.39,128.76,129.282,14164.0
2021-10-05 00:00:00+00:00,129.306,129.5,128.337,128.729,18049.0
2021-10-06 00:00:00+00:00,128.736,129.03,128.632,128.972,11289.0
2021-10-07 00:00:00+00:00,128.979,129.91,128.928,129.886,14642.0
2021-10-10 00:00:00+00:00,129.809,131.226,129.659,130.931,13503.0
2021-10-11 00:00:00+00:00,130.901,131.275,130.746,130.992,16672.0
2021-10-12 00:00:00+00:00,130.985,131.465,130.884,131.326,15908.0
2021-10-13 00:00:00+00:00,131.278,131.859,131.266,131.838,11731.0
2021-10-14 00:00:00+00:00,131.822,132.776,131.822,132.528,15454.0
2021-10-17 00:00:00+00:00,132.469,132.788,132.15,132.738,16818.0
2021-10-18 00:00:00+00:00,132.714,133.191,132.623,133.053,13986.0
2021-10-19 00:00:00+00:00,133.036,133.478,132.738,133.21,14094.0
2021-10-20 00:00:00+00:00,133.131,133.372,132.263,132.524,16107.0
2021-10-21 00:00:00+00:00,132.474,132.794,131.922,132.182,16154.0
2021-10-24 00:00:00+00:00,132.201,132.6,131.868,132.03,14487.0
2021-10-25 00:00:00+00:00,131.99,132.668,131.964,132.38,11995.0
2021-10-26 00:00:00+00:00,132.323,132.526,131.582,132.054,17635.0
2021-10-27 00:00:00+00:00,132.097,132.7,131.56,132.679,22524.0
2021-10-28 00:00:00+00:00,132.666,132.918,131.608,131.836,20235.0
2021-10-31 00:00:00+00:00,131.864,132.446,131.799,132.316,15225.0
2021-11-01 00:00:00+00:00,132.29,132.393,131.478,131.958,15248.0
2021-11-02 00:00:00+00:00,131.948,132.411,131.754,132.38,17418.0
2021-11-03 00:00:00+00:00,132.365,132.562,131.022,131.441,17764.0
2021-11-04 00:00:00+00:00,131.433,131.588,130.84,131.19,19821.0
2021-11-07 00:00:00+00:00,131.04,131.433,130.901,131.202,14842.0
2021-11-08 00:00:00+00:00,131.214,131.269,130.68,130.88,16938.0
2021-11-09 00:00:00+00:00,130.873,131.421,130.644,130.742,21565.0
2021-11-10 00:00:00+00:00,130.719,130.999,130.444,130.594,13982.0
2021-11-11 00:00:00+00:00,130.638,130.762,130.232,130.361,14413.0
2021-11-14 00:00:00+00:00,130.43,130.603,129.686,129.746,13791.0
2021-11-15 00:00:00+00:00,129.721,130.113,129.665,129.985,17700.0
2021-11-16 00:00:00+00:00,129.977,130.084,129.038,129.166,19061.0
2021-11-17 00:00:00+00:00,129.159,129.949,129.075,129.945,16490.0
2021-11-18 00:00:00+00:00,129.93,129.989,127.982,128.654,26377.0
2021-11-21 00:00:00+00:00,128.658,129.324,128.564,129.068,20256.0
2021-11-22 00:00:00+00:00,129.106,129.6,128.896,129.508,22202.0
2021-11-23 00:00:00+00:00,129.52,129.562,128.694,129.266,21619.0
2021-11-24 00:00:00+00:00,129.306,129.526,129.256,129.316,9324.0
2021-11-25 00:00:00+00:00,129.296,129.347,127.798,128.415,45745.0
2021-11-28 00:00:00+00:00,128.502,128.572,127.492,128.214,32527.0
2021-11-29 00:00:00+00:00,128.188,128.608,127.644,128.298,44931.0
2021-11-30 00:00:00+00:00,128.316,128.786,127.568,127.672,29057.0
2021-12-01 00:00:00+00:00,127.651,128.224,127.599,127.912,26930.0
2021-12-02 00:00:00+00:00,127.785,128.341,127.384,127.602,28446.0
2021-12-05 00:00:00+00:00,127.579,128.091,127.515,128.091,20023.0
2021-12-06 00:00:00+00:00,128.059,128.467,127.602,127.984,16860.0
2021-12-07 00:00:00+00:00,127.962,129.11,127.826,128.978,20360.0
2021-12-08 00:00:00+00:00,128.935,129.072,127.938,128.14,14327.0
2021-12-09 00:00:00+00:00,128.146,128.404,127.811,128.315,16886.0
2021-12-12 00:00:00+00:00,128.268,128.46,128.011,128.196,14291.0
2021-12-13 00:00:00+00:00,128.145,128.561,127.995,128.06,14054.0
2021-12-14 00:00:00+00:00,128.041,128.833,127.998,128.826,19334.0
2021-12-15 00:00:00+00:00,128.748,129.638,128.453,128.832,22136.0
2021-12-16 00:00:00+00:00,128.847,128.985,127.762,127.774,19626.0
2021-12-19 00:00:00+00:00,127.701,128.314,127.517,128.134,20445.0
2021-12-20 00:00:00+00:00,128.188,128.754,128.056,128.742,13925.0
2021-12-21 00:00:00+00:00,128.758,129.502,128.568,129.269,13474.0
2021-12-22 00:00:00+00:00,129.251,129.729,129.054,129.615,12257.0
2021-12-23 00:00:00+00:00,129.473,129.753,129.278,129.458,14052.0
2021-12-26 00:00:00+00:00,129.431,130.156,129.343,130.142,8947.0
2021-12-27 00:00:00+00:00,130.145,130.226,129.612,129.854,9558.0
2021-12-28 00:00:00+00:00,129.892,130.564,129.654,130.505,12960.0
2021-12-29 00:00:00+00:00,130.442,130.593,130.124,130.334,11453.0
2021-12-30 00:00:00+00:00,130.313,131.042,130.165,130.902,12110.0
2022-01-02 00:00:00+00:00,130.896,131.004,130.027,130.313,14658.0
2022-01-03 00:00:00+00:00,130.26,131.463,130.226,131.09,17356.0
2022-01-04 00:00:00+00:00,131.002,131.599,130.842,131.348,16799.0
2022-01-05 00:00:00+00:00,131.372,131.43,130.642,130.886,20215.0
2022-01-06 00:00:00+00:00,130.86,131.35,130.816,131.277,16353.0
2022-01-09 00:00:00+00:00,131.397,131.397,130.162,130.498,16739.0
2022-01-10 00:00:00+00:00,130.491,131.196,130.45,131.084,16164.0
2022-01-11 00:00:00+00:00,131.088,131.477,130.95,131.156,18454.0
2022-01-12 00:00:00+00:00,131.189,131.443,130.623,130.767,17573.0
2022-01-13 00:00:00+00:00,130.808,130.858,129.782,130.35,23263.0
2022-01-16 00:00:00+00:00,130.334,130.829,130.31,130.724,11804.0
2022-01-17 00:00:00+00:00,130.786,131.18,129.699,129.825,23432.0
2022-01-18 00:00:00+00:00,129.766,129.988,129.392,129.673,17881.0
2022-01-19 00:00:00+00:00,129.692,130.088,129.05,129.082,17650.0
2022-01-20 00:00:00+00:00,129.078,129.309,128.562,128.979,21555.0
2022-01-23 00:00:00+00:00,128.944,129.158,128.409,129.08,23787.0
2022-01-24 00:00:00+00:00,129.089,129.198,128.248,128.684,20402.0
2022-01-25 00:00:00+00:00,128.762,129.248,128.598,128.91,20905.0
2022-01-26 00:00:00+00:00,128.869,129.014,128.327,128.556,25297.0
2022-01-27 00:00:00+00:00,128.568,128.852,128.356,128.486,21358.0
2022-01-30 00:00:00+00:00,128.486,129.377,128.456,129.328,19996.0
2022-01-31 00:00:00+00:00,129.346,129.536,128.872,129.294,18085.0
2022-02-01 00:00:00+00:00,129.296,129.474,129.046,129.382,14483.0
2022-02-02 00:00:00+00:00,129.365,131.54,129.189,131.53,27011.0
2022-02-03 00:00:00+00:00,131.495,132.09,131.448,131.926,23837.0
2022-02-06 00:00:00+00:00,132.134,132.148,131.26,131.682,19129.0
2022-02-07 00:00:00+00:00,131.698,132.034,131.48,131.923,15654.0
2022-02-08 00:00:00+00:00,131.945,132.158,131.632,131.997,14514.0
2022-02-09 00:00:00+00:00,132.021,133.157,131.866,132.57,27030.0
2022-02-10 00:00:00+00:00,132.637,132.637,130.388,131.046,32288.0
2022-02-13 00:00:00+00:00,130.837,131.39,130.046,130.636,222723.0
2022-02-14 00:00:00+00:00,130.671,131.538,130.438,131.3,168012.0
2022-02-15 00:00:00+00:00,131.342,131.91,131.11,131.314,162123.0
2022-02-16 00:00:00+00:00,131.352,131.5,130.402,130.576,254202.0
2022-02-17 00:00:00+00:00,130.663,131.124,130.21,130.318,185653.0
2022-02-20 00:00:00+00:00,130.252,130.914,129.745,129.76,139151.0
2022-02-21 00:00:00+00:00,129.815,130.766,129.36,130.318,251502.0
2022-02-22 00:00:00+00:00,130.329,130.71,129.946,130.026,142739.0
2022-02-23 00:00:00+00:00,129.986,130.048,127.92,129.323,471690.0
2022-02-24 00:00:00+00:00,129.306,130.294,128.722,130.228,281589.0
2022-02-27 00:00:00+00:00,130.228,130.228,128.699,128.992,316384.0
2022-02-28 00:00:00+00:00,129.006,129.248,127.373,127.827,231863.0
2022-03-01 00:00:00+00:00,127.828,128.777,127.302,128.486,259904.0
2022-03-02 00:00:00+00:00,128.469,128.644,127.586,127.765,190511.0
2022-03-03 00:00:00+00:00,127.748,127.822,125.074,125.551,269732.0
2022-03-06 00:00:00+00:00,125.602,125.96,124.394,125.17,337896.0
2022-03-07 00:00:00+00:00,125.177,126.734,125.096,126.033,315629.0
2022-03-08 00:00:00+00:00,126.106,128.468,126.003,128.337,226795.0
2022-03-09 00:00:00+00:00,128.283,128.882,127.422,127.624,265380.0
2022-03-10 00:00:00+00:00,127.558,129.044,127.537,128.019,236635.0
2022-03-13 00:00:00+00:00,128.202,129.712,128.034,129.325,203500.0
2022-03-14 00:00:00+00:00,129.332,130.031,129.264,129.548,227157.0
2022-03-15 00:00:00+00:00,129.59,131.1,129.532,131.058,270846.0
2022-03-16 00:00:00+00:00,131.043,131.912,130.722,131.545,204277.0
2022-03-17 00:00:00+00:00,131.574,131.922,131.188,131.675,181186.0
2022-03-20 00:00:00+00:00,131.758,131.974,131.384,131.618,137609.0
2022-03-21 00:00:00+00:00,131.608,133.339,131.603,133.264,214560.0
2022-03-22 00:00:00+00:00,133.211,133.897,132.328,133.345,197999.0
2022-03-23 00:00:00+00:00,133.384,134.614,132.95,134.542,191510.0
2022-03-24 00:00:00+00:00,134.56,134.747,133.726,134.098,232616.0
2022-03-27 00:00:00+00:00,134.088,137.552,134.004,136.138,348398.0
2022-03-28 00:00:00+00:00,135.999,137.314,135.316,136.246,374548.0
2022-03-29 00:00:00+00:00,136.228,136.676,134.88,135.955,330560.0
2022-03-30 00:00:00+00:00,135.959,136.846,134.516,134.686,313966.0
2022-03-31 00:00:00+00:00,134.648,135.884,134.648,135.428,232058.0
2022-04-03 00:00:00+00:00,135.39,135.682,134.572,134.695,176793.0
2022-04-04 00:00:00+00:00,134.739,135.134,134.296,134.792,187597.0
2022-04-05 00:00:00+00:00,134.788,135.476,134.743,134.89,231822.0
2022-04-06 00:00:00+00:00,134.861,135.506,134.419,134.885,212113.0
2022-04-07 00:00:00+00:00,134.886,135.37,134.356,135.174,193846.0
2022-04-10 00:00:00+00:00,135.462,137.132,135.282,136.473,223102.0
2022-04-11 00:00:00+00:00,136.456,136.648,135.541,135.763,245589.0
2022-04-12 00:00:00+00:00,135.716,136.879,135.702,136.858,219533.0
2022-04-13 00:00:00+00:00,136.778,136.938,135.518,136.318,255956.0
2022-04-14 00:00:00+00:00,136.307,136.923,136.289,136.766,496206.0
2022-04-17 00:00:00+00:00,136.589,137.031,136.456,136.926,157087.0
2022-04-18 00:00:00+00:00,136.872,139.096,136.868,139.056,261148.0
2022-04-19 00:00:00+00:00,139.062,139.695,138.396,138.798,327553.0
2022-04-20 00:00:00+00:00,138.919,140.004,138.728,139.052,274208.0
2022-04-21 00:00:00+00:00,139.115,139.49,138.258,138.85,289302.0
2022-04-24 00:00:00+00:00,139.747,139.747,136.486,137.246,360757.0
2022-04-25 00:00:00+00:00,137.271,137.541,135.324,135.33,307656.0
2022-04-26 00:00:00+00:00,135.35,136.16,134.78,135.62,341359.0
2022-04-27 00:00:00+00:00,135.657,138.006,135.434,137.399,467339.0
2022-04-28 00:00:00+00:00,137.422,137.986,136.501,136.924,368117.0
2022-05-01 00:00:00+00:00,137.011,137.642,136.522,136.806,288293.0
2022-05-02 00:00:00+00:00,136.748,137.377,136.542,136.936,256211.0
2022-05-03 00:00:00+00:00,136.917,137.3,136.71,137.12,232180.0
2022-05-04 00:00:00+00:00,137.125,137.575,136.828,137.205,347614.0
2022-05-05 00:00:00+00:00,137.262,138.158,136.741,137.676,384378.0
2022-05-08 00:00:00+00:00,137.65,138.32,137.067,137.627,303703.0
2022-05-09 00:00:00+00:00,137.591,138.085,137.034,137.35,335657.0
2022-05-10 00:00:00+00:00,137.348,137.71,136.183,136.656,354337.0
2022-05-11 00:00:00+00:00,136.636,136.75,132.799,133.212,111064.0
2022-05-12 00:00:00+00:00,133.2,134.752,133.12,134.518,295900.0
2022-05-15 00:00:00+00:00,134.651,135.051,133.748,134.724,240318.0
2022-05-16 00:00:00+00:00,134.746,136.698,134.494,136.524,265028.0
2022-05-17 00:00:00+00:00,136.496,136.67,134.075,134.18,241796.0
2022-05-18 00:00:00+00:00,134.13,135.461,133.925,135.298,385402.0
2022-05-19 00:00:00+00:00,135.222,135.8,134.584,135.095,282821.0
2022-05-22 00:00:00+00:00,135.125,136.802,134.661,136.738,255660.0
2022-05-23 00:00:00+00:00,136.74,136.792,135.552,136.192,318068.0
2022-05-24 00:00:00+00:00,136.168,136.236,134.992,135.942,276384.0
2022-05-25 00:00:00+00:00,136.018,136.636,135.232,136.364,245015.0
2022-05-26 00:00:00+00:00,136.422,136.729,135.844,136.444,205550.0
2022-05-29 00:00:00+00:00,136.381,137.668,136.266,137.578,145697.0
2022-05-30 00:00:00+00:00,137.482,138.239,136.802,138.131,302067.0
2022-05-31 00:00:00+00:00,138.084,138.976,138.084,138.64,257149.0
2022-06-01 00:00:00+00:00,138.544,139.607,138.394,139.6,203699.0
2022-06-02 00:00:00+00:00,139.529,140.374,139.472,140.222,197378.0
2022-06-05 00:00:00+00:00,140.337,141.124,139.841,141.074,203000.0
2022-06-06 00:00:00+00:00,141.066,142.062,141.006,141.99,277153.0
2022-06-07 00:00:00+00:00,141.911,144.255,141.911,143.876,284189.0
2022-06-08 00:00:00+00:00,143.897,144.19,142.344,142.692,369984.0
2022-06-09 00:00:00+00:00,142.627,142.793,140.803,141.338,350086.0
2022-06-12 00:00:00+00:00,141.312,141.786,139.391,139.909,434426.0
2022-06-13 00:00:00+00:00,139.946,141.104,139.482,141.1,411176.0
2022-06-14 00:00:00+00:00,141.059,141.496,139.533,139.786,290683.0
2022-06-15 00:00:00+00:00,139.815,140.604,137.845,139.528,299837.0
2022-06-16 00:00:00+00:00,139.471,141.976,139.423,141.664,308631.0
2022-06-19 00:00:00+00:00,141.537,142.356,141.444,142.012,166967.0
2022-06-20 00:00:00+00:00,141.901,143.996,141.901,143.97,191287.0
2022-06-21 00:00:00+00:00,143.97,144.249,142.672,143.973,223860.0
2022-06-22 00:00:00+00:00,143.971,143.99,141.404,141.996,255219.0
2022-06-23 00:00:00+00:00,142.019,142.773,141.4,142.729,194630.0
2022-06-26 00:00:00+00:00,142.745,143.484,142.032,143.366,198171.0
2022-06-27 00:00:00+00:00,143.362,144.279,142.868,143.273,206256.0
2022-06-28 00:00:00+00:00,143.198,143.86,142.486,142.643,225634.0
2022-06-29 00:00:00+00:00,142.616,142.862,141.374,142.318,230688.0
2022-06-30 00:00:00+00:00,142.279,142.432,139.795,140.999,244141.0
2022-07-03 00:00:00+00:00,141.054,141.668,140.614,141.449,139969.0
2022-07-04 00:00:00+00:00,141.37,142.374,138.95,139.474,229432.0
2022-07-05 00:00:00+00:00,139.385,139.5,137.272,138.432,258964.0
2022-07-06 00:00:00+00:00,138.427,139.073,137.985,138.192,199446.0
2022-07-07 00:00:00+00:00,138.251,138.718,136.866,138.613,226352.0
2022-07-10 00:00:00+00:00,138.489,139.174,137.888,137.966,191456.0
2022-07-11 00:00:00+00:00,137.982,138.078,137.02,137.386,221363.0
2022-07-12 00:00:00+00:00,137.362,138.8,137.124,138.237,238303.0
2022-07-13 00:00:00+00:00,138.164,139.774,137.996,139.235,275707.0
2022-07-14 00:00:00+00:00,139.201,139.894,138.746,139.743,196768.0
2022-07-17 00:00:00+00:00,139.743,140.8,139.381,140.13,185558.0
2022-07-18 00:00:00+00:00,140.066,141.449,139.696,141.316,206970.0
2022-07-19 00:00:00+00:00,141.317,141.934,140.428,140.764,193754.0
2022-07-20 00:00:00+00:00,140.599,142.33,140.138,140.502,252295.0
2022-07-21 00:00:00+00:00,140.567,140.695,138.786,139.028,231188.0
2022-07-24 00:00:00+00:00,139.066,140.082,138.719,139.683,184726.0
2022-07-25 00:00:00+00:00,139.678,139.84,138.132,138.546,165647.0
2022-07-26 00:00:00+00:00,138.501,139.51,138.438,139.322,185942.0
2022-07-27 00:00:00+00:00,139.281,139.348,136.376,136.87,230287.0
2022-07-28 00:00:00+00:00,136.918,137.336,135.548,136.238,238827.0
2022-07-31 00:00:00+00:00,136.196,136.35,134.998,135.034,198039.0
2022-08-01 00:00:00+00:00,135.169,135.409,133.398,135.362,247151.0
2022-08-02 00:00:00+00:00,135.37,136.423,134.828,136.126,230414.0
2022-08-03 00:00:00+00:00,136.074,136.924,135.64,136.24,192433.0
2022-08-04 00:00:00+00:00,136.183,137.763,135.802,137.481,192361.0
2022-08-07 00:00:00+00:00,137.446,137.928,137.07,137.662,168491.0
2022-08-08 00:00:00+00:00,137.536,138.318,137.266,138.03,140531.0
2022-08-09 00:00:00+00:00,137.989,138.396,136.613,136.872,195111.0
2022-08-10 00:00:00+00:00,136.916,137.396,136.304,137.305,191683.0
2022-08-11 00:00:00+00:00,137.278,137.722,136.873,136.978,170034.0
2022-08-14 00:00:00+00:00,136.909,137.074,135.277,135.431,153495.0
2022-08-15 00:00:00+00:00,135.501,136.918,134.949,136.54,161614.0
2022-08-16 00:00:00+00:00,136.506,137.88,136.26,137.47,170719.0
2022-08-17 00:00:00+00:00,137.493,137.661,136.558,137.076,158985.0
2022-08-18 00:00:00+00:00,137.096,137.967,136.941,137.485,152653.0
2022-08-21 00:00:00+00:00,137.447,137.948,136.4,136.722,161145.0
2022-08-22 00:00:00+00:00,136.7,137.062,135.728,136.313,191317.0
2022-08-23 00:00:00+00:00,136.38,136.79,135.514,136.704,179355.0
2022-08-24 00:00:00+00:00,136.607,136.986,136.016,136.124,172996.0
2022-08-25 00:00:00+00:00,136.165,137.974,136.092,136.994,188677.0
2022-08-28 00:00:00+00:00,137.204,138.976,137.172,138.688,177272.0
2022-08-29 00:00:00+00:00,138.701,139.218,138.264,139.026,192435.0
2022-08-30 00:00:00+00:00,138.956,139.73,138.272,139.706,188155.0
2022-08-31 00:00:00+00:00,139.645,140.0,138.926,139.466,194164.0
2022-09-01 00:00:00+00:00,139.42,140.751,139.258,139.605,186161.0
2022-09-04 00:00:00+00:00,139.191,139.646,138.693,139.6,148832.0
2022-09-05 00:00:00+00:00,139.588,141.76,139.568,141.456,221864.0
2022-09-06 00:00:00+00:00,141.434,144.016,141.35,143.869,233264.0
2022-09-07 00:00:00+00:00,143.925,144.332,143.18,144.096,244814.0
2022-09-08 00:00:00+00:00,144.068,144.725,142.638,143.26,222773.0
2022-09-11 00:00:00+00:00,143.598,145.638,143.386,144.576,200456.0
2022-09-12 00:00:00+00:00,144.602,145.098,144.03,144.082,220184.0
2022-09-13 00:00:00+00:00,144.152,144.48,142.296,142.878,254203.0
2022-09-14 00:00:00+00:00,142.782,143.686,142.566,143.455,191546.0
2022-09-15 00:00:00+00:00,143.52,143.537,142.51,143.186,202306.0
2022-09-18 00:00:00+00:00,143.127,143.618,142.801,143.571,155733.0
2022-09-19 00:00:00+00:00,143.548,144.044,143.019,143.296,199490.0
2022-09-20 00:00:00+00:00,143.374,143.598,141.642,141.742,277012.0
2022-09-21 00:00:00+00:00,141.767,143.706,138.71,140.048,368000.0
2022-09-22 00:00:00+00:00,140.042,140.266,138.672,138.934,275172.0
2022-09-25 00:00:00+00:00,138.944,139.524,137.365,139.073,340819.0
2022-09-26 00:00:00+00:00,139.024,139.549,138.612,138.956,264001.0
2022-09-27 00:00:00+00:00,138.88,140.4,138.061,140.328,324526.0
2022-09-28 00:00:00+00:00,140.296,141.757,139.413,141.74,299356.0
2022-09-29 00:00:00+00:00,141.857,142.298,140.773,141.854,303292.0
2022-10-02 00:00:00+00:00,141.738,142.466,141.372,142.036,260371.0
2022-10-03 00:00:00+00:00,142.034,144.08,141.984,143.965,273930.0
2022-10-04 00:00:00+00:00,143.932,144.091,142.441,143.03,250984.0
2022-10-05 00:00:00+00:00,142.959,143.46,141.959,142.114,251883.0
2022-10-06 00:00:00+00:00,142.096,142.222,141.188,141.649,232217.0
2022-10-09 00:00:00+00:00,141.464,141.816,140.9,141.424,199208.0
2022-10-10 00:00:00+00:00,141.396,142.199,140.974,141.536,245724.0
2022-10-11 00:00:00+00:00,141.615,142.635,141.396,142.56,245293.0
2022-10-12 00:00:00+00:00,142.48,144.096,141.738,143.97,262987.0
2022-10-13 00:00:00+00:00,143.908,144.85,143.478,144.678,262014.0
2022-10-16 00:00:00+00:00,144.486,146.722,144.358,146.707,216228.0
2022-10-17 00:00:00+00:00,146.603,147.202,145.816,147.136,230956.0
2022-10-18 00:00:00+00:00,147.147,147.258,146.078,146.494,207039.0
2022-10-19 00:00:00+00:00,146.504,147.302,146.24,146.988,225925.0
2022-10-20 00:00:00+00:00,146.92,148.406,144.099,145.592,340676.0
2022-10-23 00:00:00+00:00,145.745,147.422,143.751,147.14,284405.0
2022-10-24 00:00:00+00:00,147.101,147.486,146.636,147.473,192607.0
2022-10-25 00:00:00+00:00,147.428,147.732,146.959,147.624,233850.0
2022-10-26 00:00:00+00:00,147.55,147.7,145.556,145.782,266754.0
2022-10-27 00:00:00+00:00,145.753,147.368,145.619,146.952,244093.0
2022-10-30 00:00:00+00:00,147.09,147.757,146.708,147.0,178812.0
2022-10-31 00:00:00+00:00,146.873,147.122,145.973,146.37,208303.0
2022-11-01 00:00:00+00:00,146.736,146.736,145.036,145.209,242348.0
2022-11-02 00:00:00+00:00,145.174,145.364,144.036,144.563,211873.0
2022-11-03 00:00:00+00:00,144.47,146.146,144.234,146.032,228285.0
2022-11-06 00:00:00+00:00,145.562,147.002,145.494,146.939,201648.0
2022-11-07 00:00:00+00:00,146.876,146.998,145.989,146.722,177393.0
2022-11-08 00:00:00+00:00,146.804,147.115,146.316,146.584,216960.0
2022-11-09 00:00:00+00:00,146.626,146.745,143.198,143.857,264833.0
2022-11-10 00:00:00+00:00,143.926,145.031,142.563,143.703,299172.0
2022-11-13 00:00:00+00:00,143.83,145.254,143.47,144.492,247433.0
2022-11-14 00:00:00+00:00,144.549,145.363,143.353,144.164,296009.0
2022-11-15 00:00:00+00:00,144.127,145.504,143.57,145.041,264219.0
2022-11-16 00:00:00+00:00,144.943,145.476,144.446,145.339,215974.0
2022-11-17 00:00:00+00:00,145.297,145.55,144.556,144.908,192858.0
2022-11-20 00:00:00+00:00,144.886,145.648,144.334,145.553,179310.0
2022-11-21 00:00:00+00:00,145.525,145.716,144.894,145.489,155357.0
2022-11-22 00:00:00+00:00,145.593,146.138,144.639,145.107,188694.0
2022-11-23 00:00:00+00:00,145.175,145.204,143.65,144.336,155053.0
2022-11-24 00:00:00+00:00,144.33,145.154,144.112,144.691,178905.0
2022-11-27 00:00:00+00:00,144.498,145.004,143.048,143.65,201356.0
2022-11-28 00:00:00+00:00,143.635,144.026,143.018,143.266,206382.0
2022-11-29 00:00:00+00:00,143.349,144.85,143.171,143.751,239557.0
2022-11-30 00:00:00+00:00,143.691,143.768,141.902,142.47,265741.0
2022-12-01 00:00:00+00:00,142.327,142.482,140.764,141.602,240570.0
2022-12-04 00:00:00+00:00,141.767,143.622,141.517,143.522,192849.0
2022-12-05 00:00:00+00:00,143.425,144.002,143.098,143.454,199373.0
2022-12-06 00:00:00+00:00,143.383,144.585,143.167,143.502,213727.0
2022-12-07 00:00:00+00:00,143.523,144.366,143.252,144.279,175618.0
2022-12-08 00:00:00+00:00,144.246,144.47,143.17,143.844,203451.0
2022-12-11 00:00:00+00:00,143.83,145.104,143.714,145.061,163979.0
2022-12-12 00:00:00+00:00,145.04,145.348,143.522,144.17,234903.0
2022-12-13 00:00:00+00:00,144.166,144.75,143.476,144.722,239461.0
2022-12-14 00:00:00+00:00,144.712,146.73,144.305,146.416,222323.0
2022-12-15 00:00:00+00:00,146.525,146.6,144.62,144.759,206812.0
2022-12-18 00:00:00+00:00,143.976,145.496,143.899,145.234,189184.0
2022-12-19 00:00:00+00:00,145.194,145.838,138.804,139.884,331396.0
2022-12-20 00:00:00+00:00,139.875,140.775,139.658,140.468,208372.0
2022-12-21 00:00:00+00:00,140.448,140.659,139.962,140.284,186612.0
2022-12-22 00:00:00+00:00,140.288,141.214,140.07,141.01,180147.0
2022-12-26 00:00:00+00:00,141.232,142.274,141.136,142.023,141001.0
2022-12-27 00:00:00+00:00,142.048,142.944,141.89,142.722,173241.0
2022-12-28 00:00:00+00:00,142.645,142.698,141.581,141.826,156146.0
2022-12-29 00:00:00+00:00,141.877,141.912,139.996,140.324,195838.0
2023-01-01 00:00:00+00:00,139.964,140.308,139.28,139.343,74927.0
2023-01-02 00:00:00+00:00,139.403,140.023,137.388,138.178,237131.0
2023-01-03 00:00:00+00:00,138.178,140.76,137.875,140.692,228877.0
2023-01-04 00:00:00+00:00,140.652,141.364,139.972,140.392,219017.0
2023-01-05 00:00:00+00:00,140.395,141.449,140.23,140.614,213016.0
2023-01-08 00:00:00+00:00,140.431,141.918,140.167,141.552,196983.0
2023-01-09 00:00:00+00:00,141.514,142.052,141.092,141.938,194174.0
2023-01-10 00:00:00+00:00,141.872,142.854,141.826,142.552,161388.0
2023-01-11 00:00:00+00:00,142.499,142.534,140.012,140.312,257229.0
2023-01-12 00:00:00+00:00,140.272,140.406,138.012,138.491,221295.0
2023-01-15 00:00:00+00:00,138.417,139.296,138.236,139.114,149391.0
2023-01-16 00:00:00+00:00,139.057,139.62,138.202,138.256,190107.0
2023-01-17 00:00:00+00:00,138.277,141.693,138.238,139.148,297712.0
2023-01-18 00:00:00+00:00,139.028,139.429,137.918,139.098,200480.0
2023-01-19 00:00:00+00:00,139.125,141.2,139.052,140.669,183069.0
2023-01-22 00:00:00+00:00,140.716,142.082,140.474,142.074,175829.0
2023-01-23 00:00:00+00:00,142.04,142.205,141.256,141.76,159874.0
2023-01-24 00:00:00+00:00,141.731,142.3,140.758,141.438,165435.0
2023-01-25 00:00:00+00:00,141.488,141.914,140.874,141.841,185094.0
2023-01-26 00:00:00+00:00,141.834,141.838,140.822,141.109,175748.0
2023-01-29 00:00:00+00:00,140.85,141.978,140.556,141.543,170871.0
2023-01-30 00:00:00+00:00,141.544,141.62,140.744,141.32,159130.0
2023-01-31 00:00:00+00:00,141.317,141.84,140.904,141.68,178251.0
2023-02-01 00:00:00+00:00,141.619,141.952,140.085,140.422,203337.0
2023-02-02 00:00:00+00:00,140.364,142.348,139.934,141.626,190923.0
2023-02-05 00:00:00+00:00,142.751,142.81,141.988,142.247,169264.0
2023-02-06 00:00:00+00:00,142.313,142.342,140.288,140.6,200451.0
2023-02-07 00:00:00+00:00,140.599,141.031,140.294,140.843,160650.0
2023-02-08 00:00:00+00:00,140.796,141.358,140.428,141.24,167002.0
2023-02-09 00:00:00+00:00,141.3,141.514,139.556,140.323,215178.0
2023-02-12 00:00:00+00:00,140.302,142.386,140.21,142.016,154258.0
2023-02-13 00:00:00+00:00,142.027,142.946,141.522,142.894,229634.0
2023-02-14 00:00:00+00:00,142.918,143.438,142.35,143.396,169895.0
2023-02-15 00:00:00+00:00,143.361,143.523,142.858,142.959,189224.0
2023-02-16 00:00:00+00:00,142.992,143.675,142.923,143.468,166446.0
2023-02-19 00:00:00+00:00,143.493,143.658,143.03,143.474,127319.0
2023-02-20 00:00:00+00:00,143.438,144.165,143.171,143.754,158381.0
2023-02-21 00:00:00+00:00,143.786,143.891,143.046,143.094,172013.0
2023-02-22 00:00:00+00:00,143.013,143.52,142.564,142.696,140585.0
2023-02-23 00:00:00+00:00,142.678,144.01,142.155,143.942,194749.0
2023-02-26 00:00:00+00:00,143.954,144.552,143.568,144.529,140702.0
2023-02-27 00:00:00+00:00,144.472,145.474,143.88,144.066,156649.0
2023-02-28 00:00:00+00:00,144.007,145.36,144.0,145.336,181365.0
2023-03-01 00:00:00+00:00,145.276,145.572,144.774,144.934,170862.0
2023-03-02 00:00:00+00:00,144.964,145.043,144.294,144.438,150587.0
2023-03-05 00:00:00+00:00,144.526,145.382,144.114,145.21,153337.0
2023-03-06 00:00:00+00:00,145.143,145.442,144.56,144.696,155885.0
2023-03-07 00:00:00+00:00,144.664,145.236,144.238,144.82,155323.0
2023-03-08 00:00:00+00:00,144.848,144.882,143.622,144.047,139017.0
2023-03-09 00:00:00+00:00,144.026,145.112,143.352,143.738,258444.0
2023-03-12 00:00:00+00:00,143.618,144.389,141.368,143.0,335385.0
2023-03-13 00:00:00+00:00,143.031,144.414,142.535,144.062,259105.0
2023-03-14 00:00:00+00:00,144.149,144.966,139.48,141.114,324447.0
2023-03-15 00:00:00+00:00,141.077,142.008,139.128,141.962,304743.0
2023-03-16 00:00:00+00:00,141.877,142.218,140.161,140.634,239937.0
2023-03-19 00:00:00+00:00,140.969,141.754,138.83,140.818,273940.0
2023-03-20 00:00:00+00:00,140.758,142.792,140.422,142.644,177622.0
2023-03-21 00:00:00+00:00,142.645,143.631,142.306,142.75,208254.0
2023-03-22 00:00:00+00:00,142.655,143.202,141.16,141.774,221416.0
2023-03-23 00:00:00+00:00,141.694,141.85,139.07,140.644,243841.0
2023-03-26 00:00:00+00:00,140.681,142.224,140.572,142.09,156599.0
2023-03-27 00:00:00+00:00,142.036,142.153,141.049,141.971,150026.0
2023-03-28 00:00:00+00:00,141.938,144.097,141.792,144.092,153469.0
2023-03-29 00:00:00+00:00,144.036,145.084,143.135,144.708,151445.0
2023-03-30 00:00:00+00:00,144.68,145.676,143.886,144.008,170625.0
2023-04-02 00:00:00+00:00,144.545,144.942,143.628,144.359,166330.0
2023-04-03 00:00:00+00:00,144.433,145.442,143.962,144.327,155910.0
2023-04-04 00:00:00+00:00,144.173,144.446,142.674,143.176,155836.0
2023-04-05 00:00:00+00:00,143.058,144.004,142.55,143.866,123168.0
2023-04-06 00:00:00+00:00,143.885,144.232,143.524,144.069,131219.0
2023-04-09 00:00:00+00:00,144.104,145.153,143.808,145.128,128665.0
2023-04-10 00:00:00+00:00,145.148,145.966,144.879,145.9,126485.0
2023-04-11 00:00:00+00:00,145.856,146.668,145.786,146.368,148027.0
2023-04-12 00:00:00+00:00,146.282,146.886,146.078,146.457,126358.0
2023-04-13 00:00:00+00:00,146.426,147.158,146.244,147.048,141242.0
2023-04-16 00:00:00+00:00,147.07,147.456,146.664,146.962,122173.0
2023-04-17 00:00:00+00:00,146.892,147.384,146.72,147.154,121531.0
2023-04-18 00:00:00+00:00,147.142,147.862,147.042,147.61,130566.0
2023-04-19 00:00:00+00:00,147.568,147.834,147.024,147.27,134828.0
2023-04-20 00:00:00+00:00,147.26,147.567,146.406,147.402,133794.0
2023-04-23 00:00:00+00:00,147.264,148.476,147.123,148.29,113490.0
2023-04-24 00:00:00+00:00,148.321,148.63,146.29,146.757,142805.0
2023-04-25 00:00:00+00:00,146.867,147.918,146.461,147.586,168765.0
2023-04-26 00:00:00+00:00,147.533,147.992,147.142,147.742,145986.0
2023-04-27 00:00:00+00:00,147.744,150.437,146.853,150.083,226315.0
2023-04-30 00:00:00+00:00,150.164,150.966,150.029,150.946,127792.0
2023-05-01 00:00:00+00:00,150.942,151.614,149.834,150.27,163513.0
2023-05-02 00:00:00+00:00,150.142,150.392,149.072,149.075,181707.0
2023-05-03 00:00:00+00:00,149.006,149.205,147.132,147.888,214006.0
2023-05-04 00:00:00+00:00,147.833,148.708,147.686,148.57,138353.0
2023-05-07 00:00:00+00:00,148.652,149.269,148.454,148.678,110943.0
2023-05-08 00:00:00+00:00,148.64,148.694,147.887,148.221,121366.0
2023-05-09 00:00:00+00:00,148.204,148.67,147.042,147.588,151347.0
2023-05-10 00:00:00+00:00,147.499,147.603,146.132,146.889,162508.0
2023-05-11 00:00:00+00:00,146.846,147.472,146.665,147.274,125647.0
2023-05-14 00:00:00+00:00,147.298,148.178,147.222,148.012,124024.0
2023-05-15 00:00:00+00:00,148.055,148.502,147.61,148.142,126858.0
2023-05-16 00:00:00+00:00,148.162,149.25,148.074,149.246,127997.0
2023-05-17 00:00:00+00:00,149.21,149.454,148.776,149.398,129649.0
2023-05-18 00:00:00+00:00,149.403,149.802,148.716,149.096,151431.0
2023-05-21 00:00:00+00:00,149.14,149.927,148.838,149.866,127941.0
2023-05-22 00:00:00+00:00,149.882,150.056,149.104,149.266,149800.0
2023-05-23 00:00:00+00:00,149.283,149.944,148.843,149.91,154910.0
2023-05-24 00:00:00+00:00,149.864,150.318,149.29,150.204,153926.0
2023-05-25 00:00:00+00:00,150.27,150.936,149.798,150.806,140113.0
2023-05-28 00:00:00+00:00,150.768,151.074,150.094,150.392,80502.0
2023-05-29 00:00:00+00:00,150.385,150.629,149.735,150.063,148096.0
2023-05-30 00:00:00+00:00,150.015,150.105,148.594,148.936,151576.0
2023-05-31 00:00:00+00:00,148.939,149.684,148.623,149.39,140798.0
2023-06-01 00:00:00+00:00,149.437,149.966,149.252,149.876,123948.0
2023-06-04 00:00:00+00:00,149.896,150.2,149.234,149.508,116718.0
2023-06-05 00:00:00+00:00,149.647,149.698,148.826,149.313,115013.0
2023-06-06 00:00:00+00:00,149.371,150.022,148.634,149.97,119584.0
2023-06-07 00:00:00+00:00,149.902,150.046,149.59,149.8,117688.0
2023-06-08 00:00:00+00:00,149.756,150.442,149.642,149.798,113486.0
2023-06-11 00:00:00+00:00,149.812,150.349,149.667,150.197,107889.0
2023-06-12 00:00:00+00:00,150.158,151.376,150.036,151.356,130922.0
2023-06-13 00:00:00+00:00,151.355,151.782,150.924,151.749,131296.0
2023-06-14 00:00:00+00:00,151.717,153.689,151.605,153.53,191865.0
2023-06-15 00:00:00+00:00,153.551,155.272,153.092,155.244,190413.0
2023-06-18 00:00:00+00:00,155.132,155.332,154.652,155.078,120728.0
2023-06-19 00:00:00+00:00,155.038,155.381,154.048,154.416,168750.0
2023-06-20 00:00:00+00:00,154.463,155.918,154.302,155.894,178239.0
2023-06-21 00:00:00+00:00,155.795,156.932,155.614,156.785,167607.0
2023-06-22 00:00:00+00:00,156.749,156.83,155.059,156.556,192892.0
2023-06-25 00:00:00+00:00,156.468,156.726,155.75,156.5,168763.0
2023-06-26 00:00:00+00:00,156.62,157.938,156.394,157.922,167626.0
2023-06-27 00:00:00+00:00,157.895,158.004,157.231,157.674,169531.0
2023-06-28 00:00:00+00:00,157.63,157.922,157.246,157.306,179087.0
2023-06-29 00:00:00+00:00,157.301,157.882,156.688,157.444,167442.0
2023-07-02 00:00:00+00:00,157.516,157.957,157.26,157.912,152648.0
2023-07-03 00:00:00+00:00,157.86,157.909,157.144,157.152,101779.0
2023-07-04 00:00:00+00:00,157.205,157.723,156.786,157.004,146216.0
2023-07-05 00:00:00+00:00,156.978,157.186,155.846,156.917,188189.0
2023-07-06 00:00:00+00:00,156.812,156.936,155.385,155.937,182315.0
2023-07-09 00:00:00+00:00,155.846,156.677,155.329,155.456,158489.0
2023-07-10 00:00:00+00:00,155.479,155.674,154.18,154.508,162289.0
2023-07-11 00:00:00+00:00,154.455,154.543,153.412,154.182,181956.0
2023-07-12 00:00:00+00:00,154.144,155.132,153.884,154.994,172518.0
2023-07-13 00:00:00+00:00,154.781,156.139,154.173,155.862,179609.0
2023-07-16 00:00:00+00:00,155.865,156.344,155.097,155.916,176841.0
2023-07-17 00:00:00+00:00,155.921,156.144,154.873,155.88,212195.0
2023-07-18 00:00:00+00:00,155.878,157.208,155.842,156.478,201756.0
2023-07-19 00:00:00+00:00,156.38,156.626,155.866,155.898,194598.0
2023-07-20 00:00:00+00:00,155.908,158.048,155.59,157.814,190797.0
2023-07-23 00:00:00+00:00,157.679,157.788,156.241,156.558,192577.0
2023-07-24 00:00:00+00:00,156.534,156.892,155.618,155.78,172498.0
2023-07-25 00:00:00+00:00,155.936,155.988,155.148,155.469,209092.0
2023-07-26 00:00:00+00:00,155.359,156.237,152.192,153.106,260230.0
2023-07-27 00:00:00+00:00,153.057,156.066,151.412,155.477,325835.0
2023-07-30 00:00:00+00:00,155.419,157.285,155.112,156.455,239657.0
2023-07-31 00:00:00+00:00,156.416,157.489,156.346,157.441,209745.0
2023-08-01 00:00:00+00:00,157.456,157.501,156.256,156.796,257426.0
2023-08-02 00:00:00+00:00,156.806,157.238,155.534,156.065,263631.0
2023-08-03 00:00:00+00:00,156.153,156.632,155.902,156.081,236158.0
2023-08-06 00:00:00+00:00,156.031,156.855,155.803,156.77,188339.0
2023-08-07 00:00:00+00:00,156.798,157.748,156.342,157.096,227023.0
2023-08-08 00:00:00+00:00,157.015,157.902,156.916,157.749,205744.0
2023-08-09 00:00:00+00:00,157.735,159.21,157.661,158.964,219354.0
2023-08-10 00:00:00+00:00,158.969,159.226,158.533,158.688,201759.0
2023-08-13 00:00:00+00:00,158.769,158.858,158.19,158.751,205724.0
2023-08-14 00:00:00+00:00,158.802,159.336,158.538,158.739,210543.0
2023-08-15 00:00:00+00:00,158.806,159.26,158.636,159.216,209127.0
2023-08-16 00:00:00+00:00,159.271,159.3,158.257,158.58,218327.0
2023-08-17 00:00:00+00:00,158.469,158.584,157.658,158.116,194846.0
2023-08-20 00:00:00+00:00,157.98,159.397,157.796,159.324,168398.0
2023-08-21 00:00:00+00:00,159.292,159.492,158.09,158.224,163210.0
2023-08-22 00:00:00+00:00,158.208,158.378,156.871,157.344,185771.0
2023-08-23 00:00:00+00:00,157.35,158.049,157.113,157.67,178972.0
2023-08-24 00:00:00+00:00,157.66,158.25,157.234,158.09,191740.0
2023-08-27 00:00:00+00:00,158.126,158.566,158.08,158.535,145687.0
2023-08-28 00:00:00+00:00,158.489,159.065,158.244,158.704,177171.0
2023-08-29 00:00:00+00:00,158.674,159.766,158.549,159.761,185960.0
2023-08-30 00:00:00+00:00,159.654,159.74,157.618,157.806,181042.0
2023-08-31 00:00:00+00:00,157.751,157.966,157.054,157.588,173942.0
2023-09-03 00:00:00+00:00,157.51,158.254,157.334,158.169,111170.0
2023-09-04 00:00:00+00:00,158.084,158.504,157.803,158.39,163615.0
2023-09-05 00:00:00+00:00,158.376,158.47,157.773,158.408,164817.0
2023-09-06 00:00:00+00:00,158.343,158.527,157.362,157.546,154612.0
2023-09-07 00:00:00+00:00,157.583,158.396,157.007,158.162,169037.0
2023-09-10 00:00:00+00:00,157.539,157.734,156.582,157.586,198366.0
2023-09-11 00:00:00+00:00,157.49,158.294,157.182,158.198,153130.0
2023-09-12 00:00:00+00:00,158.18,158.656,158.008,158.241,174812.0
2023-09-13 00:00:00+00:00,158.177,158.431,156.641,156.978,168755.0
2023-09-14 00:00:00+00:00,156.91,157.904,156.726,157.635,158800.0
2023-09-17 00:00:00+00:00,157.546,157.94,157.35,157.834,127158.0
2023-09-18 00:00:00+00:00,157.825,158.28,157.74,157.926,133631.0
2023-09-19 00:00:00+00:00,157.932,158.451,157.77,158.14,160968.0
2023-09-20 00:00:00+00:00,158.072,158.094,157.034,157.332,171937.0
2023-09-21 00:00:00+00:00,157.348,158.285,157.12,157.987,164774.0
2023-09-24 00:00:00+00:00,158.037,158.179,157.488,157.736,141750.0
2023-09-25 00:00:00+00:00,157.789,157.927,157.322,157.593,160447.0
2023-09-26 00:00:00+00:00,157.454,157.62,156.957,157.18,158884.0
2023-09-27 00:00:00+00:00,157.171,157.871,156.708,157.76,183345.0
2023-09-28 00:00:00+00:00,157.774,158.339,157.4,157.944,184627.0
2023-10-01 00:00:00+00:00,158.081,158.478,157.002,157.042,166499.0
2023-10-02 00:00:00+00:00,157.026,157.216,154.42,156.053,182319.0
2023-10-03 00:00:00+00:00,155.983,156.771,155.829,156.647,186863.0
2023-10-04 00:00:00+00:00,156.424,156.791,156.092,156.686,195431.0
2023-10-05 00:00:00+00:00,156.601,158.265,156.496,158.001,191091.0
2023-10-08 00:00:00+00:00,157.401,157.706,156.512,156.946,172615.0
2023-10-09 00:00:00+00:00,156.865,157.976,156.766,157.714,191763.0
2023-10-10 00:00:00+00:00,157.695,158.47,157.525,158.397,178830.0
2023-10-11 00:00:00+00:00,158.293,158.614,157.649,157.741,176666.0
2023-10-12 00:00:00+00:00,157.781,158.051,157.048,157.186,182652.0
2023-10-15 00:00:00+00:00,157.112,157.988,157.058,157.881,148592.0
2023-10-16 00:00:00+00:00,157.948,158.623,157.099,158.448,159054.0
2023-10-17 00:00:00+00:00,158.548,158.548,157.688,157.973,148599.0
2023-10-18 00:00:00+00:00,157.902,158.936,157.684,158.508,182175.0
2023-10-19 00:00:00+00:00,158.515,158.932,158.34,158.766,141959.0
2023-10-22 00:00:00+00:00,158.703,159.78,158.506,159.721,126152.0
2023-10-23 00:00:00+00:00,159.666,159.917,158.537,158.762,136758.0
2023-10-24 00:00:00+00:00,158.757,158.94,158.41,158.714,132437.0
2023-10-25 00:00:00+00:00,158.641,158.906,158.024,158.877,157736.0
2023-10-26 00:00:00+00:00,158.873,158.885,157.885,158.135,144692.0
2023-10-29 00:00:00+00:00,158.03,158.928,157.693,158.231,126482.0
2023-10-30 00:00:00+00:00,158.163,160.853,158.135,160.425,175503.0
2023-10-31 00:00:00+00:00,160.379,160.516,159.068,159.566,169963.0
2023-11-01 00:00:00+00:00,159.586,160.085,159.072,159.848,146829.0
2023-11-02 00:00:00+00:00,159.812,160.404,159.596,160.317,149562.0
2023-11-05 00:00:00+00:00,160.222,160.984,160.182,160.84,119648.0
2023-11-06 00:00:00+00:00,160.75,161.032,160.431,160.942,128833.0
2023-11-07 00:00:00+00:00,160.923,161.734,160.7,161.686,132487.0
2023-11-08 00:00:00+00:00,161.671,161.8,161.366,161.464,151508.0
2023-11-09 00:00:00+00:00,161.489,161.946,161.355,161.906,132727.0
2023-11-12 00:00:00+00:00,161.929,162.366,161.542,162.332,116107.0
2023-11-13 00:00:00+00:00,162.319,163.818,162.215,163.604,140522.0
2023-11-14 00:00:00+00:00,163.56,164.222,163.07,164.214,148992.0
2023-11-15 00:00:00+00:00,164.184,164.308,163.257,163.598,135372.0
2023-11-16 00:00:00+00:00,163.579,163.606,162.152,163.302,146193.0
2023-11-19 00:00:00+00:00,163.229,163.562,161.781,162.328,158327.0
2023-11-20 00:00:00+00:00,162.243,162.429,161.248,161.91,163997.0
2023-11-21 00:00:00+00:00,161.91,162.941,161.594,162.838,158245.0
2023-11-22 00:00:00+00:00,162.797,163.194,162.438,163.131,92293.0
2023-11-23 00:00:00+00:00,163.087,163.652,162.725,163.491,114295.0
2023-11-26 00:00:00+00:00,163.581,163.723,162.541,162.868,146003.0
2023-11-27 00:00:00+00:00,162.863,162.93,161.926,162.144,166688.0
2023-11-28 00:00:00+00:00,162.116,162.255,161.49,161.506,182387.0
2023-11-29 00:00:00+00:00,161.512,161.945,160.597,161.385,178212.0
2023-11-30 00:00:00+00:00,161.336,161.776,159.648,159.77,184562.0
2023-12-03 00:00:00+00:00,159.671,159.844,158.712,159.543,186707.0
2023-12-04 00:00:00+00:00,159.491,159.723,158.578,158.901,171646.0
2023-12-05 00:00:00+00:00,158.88,159.124,158.382,158.58,150643.0
2023-12-06 00:00:00+00:00,158.576,158.587,153.164,155.614,234444.0
2023-12-07 00:00:00+00:00,155.571,156.092,153.868,156.019,273111.0
2023-12-10 00:00:00+00:00,155.987,157.684,155.908,157.343,178970.0
2023-12-11 00:00:00+00:00,157.34,157.358,156.498,157.044,171210.0
2023-12-12 00:00:00+00:00,157.004,157.483,155.39,155.408,202944.0
2023-12-13 00:00:00+00:00,155.39,156.064,153.862,155.962,281875.0
2023-12-14 00:00:00+00:00,155.979,156.498,154.404,154.882,226275.0
2023-12-17 00:00:00+00:00,154.838,156.309,154.837,155.997,162669.0
2023-12-18 00:00:00+00:00,155.988,158.57,155.388,157.958,212869.0
2023-12-19 00:00:00+00:00,157.917,158.13,156.789,157.108,181053.0
2023-12-20 00:00:00+00:00,157.116,157.12,156.134,156.472,194385.0
2023-12-21 00:00:00+00:00,156.482,156.991,156.13,156.886,180714.0
2023-12-25 00:00:00+00:00,156.87,157.369,156.584,157.207,97929.0
2023-12-26 00:00:00+00:00,157.214,158.387,157.154,157.514,145319.0
2023-12-27 00:00:00+00:00,157.42,157.488,155.838,156.446,177521.0
2023-12-28 00:00:00+00:00,156.461,156.95,155.64,155.722,165322.0
2024-01-01 00:00:00+00:00,155.628,156.343,155.07,155.372,164051.0
2024-01-02 00:00:00+00:00,155.309,156.79,155.274,156.521,181985.0
2024-01-03 00:00:00+00:00,156.512,158.592,156.072,158.312,170193.0
2024-01-04 00:00:00+00:00,158.312,158.997,158.049,158.24,194307.0
2024-01-07 00:00:00+00:00,158.266,158.489,157.686,157.938,158441.0
2024-01-08 00:00:00+00:00,157.966,158.02,157.206,157.96,164680.0
2024-01-09 00:00:00+00:00,157.881,159.95,157.768,159.946,148095.0
2024-01-10 00:00:00+00:00,159.872,160.183,159.381,159.447,200671.0
2024-01-11 00:00:00+00:00,159.374,159.573,158.544,158.68,184236.0
2024-01-14 00:00:00+00:00,158.665,159.836,158.63,159.634,118644.0
2024-01-15 00:00:00+00:00,159.563,160.146,159.24,160.068,183255.0
2024-01-16 00:00:00+00:00,160.105,161.298,159.972,161.23,186247.0
2024-01-17 00:00:00+00:00,161.198,161.388,160.646,161.144,171706.0
2024-01-18 00:00:00+00:00,161.08,161.871,160.816,161.473,162575.0
2024-01-21 00:00:00+00:00,161.532,161.564,160.756,161.214,148548.0
2024-01-22 00:00:00+00:00,161.236,161.718,160.421,161.04,179619.0
2024-01-23 00:00:00+00:00,161.05,161.076,159.982,160.557,179283.0
2024-01-24 00:00:00+00:00,160.55,160.972,159.698,160.17,170136.0
2024-01-25 00:00:00+00:00,160.121,160.928,159.831,160.813,156571.0
2024-01-28 00:00:00+00:00,160.57,160.84,159.422,159.802,141395.0
2024-01-29 00:00:00+00:00,159.805,160.34,159.218,160.1,157240.0
2024-01-30 00:00:00+00:00,160.097,160.271,158.566,158.981,233744.0
2024-01-31 00:00:00+00:00,158.947,159.206,158.083,159.186,203623.0
2024-02-01 00:00:00+00:00,159.156,160.262,159.049,160.072,177174.0
2024-02-04 00:00:00+00:00,160.11,160.276,159.385,159.726,159670.0
2024-02-05 00:00:00+00:00,159.722,159.87,158.964,159.104,163615.0
2024-02-06 00:00:00+00:00,159.162,159.736,158.914,159.632,167802.0
2024-02-07 00:00:00+00:00,159.568,160.996,159.466,160.94,164621.0
2024-02-08 00:00:00+00:00,160.92,161.265,160.772,161.01,158091.0
2024-02-11 00:00:00+00:00,160.945,161.102,160.382,160.886,142082.0
2024-02-12 00:00:00+00:00,160.967,161.636,160.786,161.499,164946.0
2024-02-13 00:00:00+00:00,161.398,161.591,160.958,161.56,164317.0
2024-02-14 00:00:00+00:00,161.53,161.649,160.917,161.528,157209.0
2024-02-15 00:00:00+00:00,161.53,161.955,161.443,161.895,156392.0
2024-02-18 00:00:00+00:00,161.845,161.926,161.479,161.844,107356.0
2024-02-19 00:00:00+00:00,161.862,162.365,161.734,162.12,161349.0
2024-02-20 00:00:00+00:00,162.094,162.644,161.946,162.638,149543.0
2024-02-21 00:00:00+00:00,162.557,163.468,162.553,162.938,168193.0
2024-02-22 00:00:00+00:00,162.891,163.212,162.688,162.904,142478.0
2024-02-25 00:00:00+00:00,163.005,163.72,162.564,163.546,141859.0
2024-02-26 00:00:00+00:00,163.475,163.555,162.892,163.234,133386.0
2024-02-27 00:00:00+00:00,163.24,163.412,162.755,163.35,136710.0
2024-02-28 00:00:00+00:00,163.266,163.311,161.682,162.075,182458.0
2024-02-29 00:00:00+00:00,162.053,163.012,162.021,162.741,169003.0
2024-03-03 00:00:00+00:00,162.716,163.522,162.538,163.405,137385.0
2024-03-04 00:00:00+00:00,163.391,163.444,162.608,162.92,166720.0
2024-03-05 00:00:00+00:00,162.892,162.962,162.215,162.842,174715.0
2024-03-06 00:00:00+00:00,162.791,162.81,160.556,162.074,208359.0
2024-03-07 00:00:00+00:00,162.07,162.178,160.614,160.868,211241.0
2024-03-10 00:00:00+00:00,160.923,160.998,160.215,160.546,154151.0
2024-03-11 00:00:00+00:00,160.464,161.614,160.282,161.346,176780.0
2024-03-12 00:00:00+00:00,161.4,161.95,160.9,161.767,145383.0
2024-03-13 00:00:00+00:00,161.788,161.916,161.108,161.434,150823.0
2024-03-14 00:00:00+00:00,161.39,162.406,161.07,162.312,154046.0
2024-03-17 00:00:00+00:00,162.286,162.685,161.953,162.174,129891.0
2024-03-18 00:00:00+00:00,162.226,163.996,162.028,163.916,172377.0
2024-03-19 00:00:00+00:00,163.848,165.355,163.837,165.196,168041.0
2024-03-20 00:00:00+00:00,165.148,165.344,164.347,164.664,187422.0
2024-03-21 00:00:00+00:00,164.724,164.82,163.484,163.661,167126.0
2024-03-24 00:00:00+00:00,163.626,164.212,163.314,164.094,134825.0
2024-03-25 00:00:00+00:00,164.112,164.41,163.962,164.154,144395.0
2024-03-26 00:00:00+00:00,164.06,164.42,163.441,163.75,149467.0
2024-03-27 00:00:00+00:00,163.754,163.87,163.134,163.26,149525.0
2024-03-28 00:00:00+00:00,163.29,163.432,162.936,163.31,133037.0
2024-03-31 00:00:00+00:00,163.277,163.429,162.794,162.931,112021.0
2024-04-01 00:00:00+00:00,162.882,163.338,162.612,163.218,130553.0
2024-04-02 00:00:00+00:00,163.277,164.397,163.068,164.382,130970.0
2024-04-03 00:00:00+00:00,164.335,164.918,163.795,164.019,125394.0
2024-04-04 00:00:00+00:00,164.02,164.44,163.484,164.32,173243.0
2024-04-07 00:00:00+00:00,164.354,164.914,164.192,164.9,129695.0
2024-04-08 00:00:00+00:00,164.897,165.176,164.546,164.788,125646.0
2024-04-09 00:00:00+00:00,164.832,164.992,163.924,164.52,169788.0
2024-04-10 00:00:00+00:00,164.537,164.7,163.942,164.408,181132.0
2024-04-11 00:00:00+00:00,164.406,164.419,162.275,163.117,168360.0
2024-04-14 00:00:00+00:00,162.808,164.441,162.704,163.91,174985.0
2024-04-15 00:00:00+00:00,163.89,164.68,163.678,164.304,184434.0
2024-04-16 00:00:00+00:00,164.302,164.813,163.926,164.783,165171.0
2024-04-17 00:00:00+00:00,164.73,164.954,164.357,164.61,148729.0
2024-04-18 00:00:00+00:00,164.606,165.028,163.022,164.798,215465.0
2024-04-21 00:00:00+00:00,164.785,165.104,164.402,164.954,127701.0
2024-04-22 00:00:00+00:00,164.997,165.742,164.626,165.712,132199.0
2024-04-23 00:00:00+00:00,165.688,166.232,165.384,166.209,125893.0
2024-04-24 00:00:00+00:00,166.138,167.09,165.938,167.015,152373.0
2024-04-25 00:00:00+00:00,166.955,169.402,166.468,169.307,179695.0
2024-04-28 00:00:00+00:00,168.833,171.605,165.64,167.595,285594.0
2024-04-29 00:00:00+00:00,167.598,168.604,167.216,168.236,175594.0
2024-04-30 00:00:00+00:00,168.258,168.669,164.063,165.485,176832.0
2024-05-01 00:00:00+00:00,165.855,167.389,164.226,164.833,228277.0
2024-05-02 00:00:00+00:00,164.766,164.963,164.016,164.659,197976.0
2024-05-05 00:00:00+00:00,164.634,165.99,164.496,165.752,146521.0
2024-05-06 00:00:00+00:00,165.76,166.574,165.64,166.368,143899.0
2024-05-07 00:00:00+00:00,166.342,167.348,166.255,167.188,135624.0
2024-05-08 00:00:00+00:00,167.215,167.751,166.74,167.632,130912.0
2024-05-09 00:00:00+00:00,167.688,167.966,167.42,167.777,132804.0
2024-05-12 00:00:00+00:00,167.752,168.66,167.501,168.558,126385.0
2024-05-13 00:00:00+00:00,168.552,169.36,168.486,169.256,118399.0
2024-05-14 00:00:00+00:00,169.254,169.402,168.068,168.594,153828.0
2024-05-15 00:00:00+00:00,168.582,168.908,167.33,168.874,184463.0
2024-05-16 00:00:00+00:00,168.838,169.326,168.782,169.179,138750.0
2024-05-19 00:00:00+00:00,169.109,169.786,169.062,169.66,106491.0
2024-05-20 00:00:00+00:00,169.639,169.944,169.221,169.533,140663.0
2024-05-21 00:00:00+00:00,169.513,169.928,169.383,169.732,136359.0
2024-05-22 00:00:00+00:00,169.706,170.324,169.29,169.75,159175.0
2024-05-23 00:00:00+00:00,169.724,170.498,169.629,170.27,131492.0
2024-05-26 00:00:00+00:00,170.301,170.502,169.97,170.377,85385.0
2024-05-27 00:00:00+00:00,170.343,170.8,170.209,170.656,122397.0
2024-05-28 00:00:00+00:00,170.67,170.799,170.172,170.296,139767.0
2024-05-29 00:00:00+00:00,170.267,170.333,169.065,169.864,162063.0
2024-05-30 00:00:00+00:00,169.868,170.746,169.446,170.639,171375.0
2024-06-02 00:00:00+00:00,170.522,170.894,169.72,170.194,165934.0
2024-06-03 00:00:00+00:00,170.17,170.726,168.022,168.515,197478.0
2024-06-04 00:00:00+00:00,168.525,170.018,168.406,169.684,168416.0
2024-06-05 00:00:00+00:00,169.686,170.293,169.208,169.458,166198.0
2024-06-06 00:00:00+00:00,169.476,169.976,168.94,169.34,180293.0
2024-06-09 00:00:00+00:00,168.87,169.221,168.302,169.054,158147.0
2024-06-10 00:00:00+00:00,169.025,169.424,168.296,168.778,153317.0
2024-06-11 00:00:00+00:00,168.76,169.59,168.66,169.418,194610.0
2024-06-12 00:00:00+00:00,169.346,170.138,168.282,168.596,172200.0
2024-06-13 00:00:00+00:00,168.611,169.802,167.52,168.525,222453.0
2024-06-16 00:00:00+00:00,168.48,169.336,167.958,169.291,153617.0
2024-06-17 00:00:00+00:00,169.271,169.912,168.965,169.53,148601.0
2024-06-18 00:00:00+00:00,169.548,169.902,169.13,169.84,97221.0
2024-06-19 00:00:00+00:00,169.802,170.32,169.617,170.096,134200.0
2024-06-20 00:00:00+00:00,170.106,170.918,169.328,170.894,148132.0
2024-06-23 00:00:00+00:00,170.765,171.45,170.276,171.34,157788.0
2024-06-24 00:00:00+00:00,171.318,171.398,170.706,171.093,156012.0
2024-06-25 00:00:00+00:00,171.095,171.802,170.852,171.768,177697.0
2024-06-26 00:00:00+00:00,171.707,172.166,171.388,172.091,163480.0
2024-06-27 00:00:00+00:00,172.12,172.448,171.454,172.39,210275.0
2024-06-30 00:00:00+00:00,172.708,173.675,172.602,173.433,186808.0
2024-07-01 00:00:00+00:00,173.417,173.602,173.086,173.512,153267.0
2024-07-02 00:00:00+00:00,173.467,174.52,173.435,174.452,158717.0
2024-07-03 00:00:00+00:00,174.32,174.438,173.802,174.362,122793.0
2024-07-04 00:00:00+00:00,174.378,174.502,173.716,174.296,193068.0
2024-07-07 00:00:00+00:00,173.723,174.634,173.513,174.092,185386.0
2024-07-08 00:00:00+00:00,174.07,174.592,174.02,174.436,158159.0
2024-07-09 00:00:00+00:00,174.461,175.164,174.404,175.132,144299.0
2024-07-10 00:00:00+00:00,175.046,175.428,171.553,172.693,222583.0
2024-07-11 00:00:00+00:00,172.671,173.431,171.458,172.216,291082.0
2024-07-14 00:00:00+00:00,172.088,172.565,171.554,172.25,200583.0
2024-07-15 00:00:00+00:00,172.21,172.924,172.171,172.644,188158.0
2024-07-16 00:00:00+00:00,172.575,172.836,170.696,170.896,252073.0
2024-07-17 00:00:00+00:00,170.844,171.576,169.994,171.469,267082.0
2024-07-18 00:00:00+00:00,171.481,171.878,170.914,171.41,225840.0
2024-07-21 00:00:00+00:00,171.396,171.664,170.062,171.042,230933.0
2024-07-22 00:00:00+00:00,170.977,171.096,168.834,168.892,235576.0
2024-07-23 00:00:00+00:00,168.854,169.207,166.143,166.822,288259.0
2024-07-24 00:00:00+00:00,166.815,167.594,164.826,166.918,340113.0
2024-07-25 00:00:00+00:00,166.954,168.018,166.324,166.928,300395.0
2024-07-28 00:00:00+00:00,166.962,167.522,166.236,166.678,334452.0
2024-07-29 00:00:00+00:00,166.618,167.956,165.084,165.214,320499.0
2024-07-30 00:00:00+00:00,165.25,166.558,162.015,162.366,452760.0
2024-07-31 00:00:00+00:00,162.334,162.894,160.884,161.162,453003.0
2024-08-01 00:00:00+00:00,161.17,161.599,159.7,159.887,386081.0
2024-08-04 00:00:00+00:00,159.94,160.034,154.414,157.904,628334.0
2024-08-05 00:00:00+00:00,157.891,160.232,157.296,157.764,547810.0
2024-08-06 00:00:00+00:00,157.772,161.448,157.671,160.266,475080.0
2024-08-07 00:00:00+00:00,160.201,160.892,158.959,160.822,510997.0
2024-08-08 00:00:00+00:00,160.773,161.386,159.811,160.06,438418.0
2024-08-11 00:00:00+00:00,159.889,161.958,159.889,160.926,354828.0
2024-08-12 00:00:00+00:00,160.91,161.805,160.644,161.442,359836.0
2024-08-13 00:00:00+00:00,161.436,162.593,160.586,162.234,345363.0
2024-08-14 00:00:00+00:00,162.184,163.894,161.946,163.79,302154.0
2024-08-15 00:00:00+00:00,163.824,163.874,162.291,162.78,282449.0
2024-08-18 00:00:00+00:00,162.75,163.214,160.418,162.517,339248.0
2024-08-19 00:00:00+00:00,162.481,163.196,161.541,161.684,339697.0
2024-08-20 00:00:00+00:00,161.61,163.05,161.348,162.002,386448.0
2024-08-21 00:00:00+00:00,162.0,162.93,161.478,162.57,295057.0
2024-08-22 00:00:00+00:00,162.562,162.716,161.21,161.602,332555.0
2024-08-25 00:00:00+00:00,161.403,161.494,160.506,161.306,303298.0
2024-08-26 00:00:00+00:00,161.361,162.178,160.88,161.008,280092.0
2024-08-27 00:00:00+00:00,161.019,161.377,160.452,160.787,278010.0
2024-08-28 00:00:00+00:00,160.712,161.268,160.024,160.632,304908.0
2024-08-29 00:00:00+00:00,160.611,161.634,160.192,161.504,260549.0
2024-09-01 00:00:00+00:00,161.424,162.896,161.026,162.684,195069.0
2024-09-02 00:00:00+00:00,162.679,162.798,160.5,160.654,295005.0
2024-09-03 00:00:00+00:00,160.686,160.899,159.262,159.308,339472.0
2024-09-04 00:00:00+00:00,159.247,159.792,158.553,159.383,325154.0
2024-09-05 00:00:00+00:00,159.386,159.688,157.464,157.754,391476.0
2024-09-08 00:00:00+00:00,157.769,158.734,157.412,157.988,322501.0
2024-09-09 00:00:00+00:00,158.033,158.642,156.796,156.981,293620.0
2024-09-10 00:00:00+00:00,156.968,157.015,155.46,156.762,391242.0
2024-09-11 00:00:00+00:00,156.764,157.516,156.533,157.068,385220.0
2024-09-12 00:00:00+00:00,157.077,157.106,155.62,155.981,361005.0
2024-09-15 00:00:00+00:00,156.035,156.672,155.15,156.54,330902.0
2024-09-16 00:00:00+00:00,156.54,158.33,156.048,158.266,330456.0
2024-09-17 00:00:00+00:00,158.248,158.378,157.046,158.186,366224.0
2024-09-18 00:00:00+00:00,158.156,159.969,157.778,159.21,415212.0
2024-09-19 00:00:00+00:00,159.162,161.162,158.427,160.659,380024.0
2024-09-22 00:00:00+00:00,160.752,161.194,159.048,159.558,335907.0
2024-09-23 00:00:00+00:00,159.517,161.11,159.237,160.12,343604.0
2024-09-24 00:00:00+00:00,160.128,161.67,159.862,161.154,345572.0
2024-09-25 00:00:00+00:00,161.102,161.926,160.748,161.852,344368.0
2024-09-26 00:00:00+00:00,161.896,163.494,158.564,158.792,404689.0
2024-09-29 00:00:00+00:00,158.716,160.13,158.102,159.925,382319.0
2024-09-30 00:00:00+00:00,159.914,160.91,158.374,158.908,382706.0
2024-10-01 00:00:00+00:00,158.915,161.883,158.706,161.782,341267.0
2024-10-02 00:00:00+00:00,161.718,162.496,161.374,162.086,360165.0
2024-10-03 00:00:00+00:00,162.045,163.374,161.015,163.218,327285.0
2024-10-06 00:00:00+00:00,163.121,163.578,162.292,162.625,322879.0
2024-10-07 00:00:00+00:00,162.635,162.822,161.906,162.733,320323.0
2024-10-08 00:00:00+00:00,162.706,163.466,162.392,163.35,282223.0
2024-10-09 00:00:00+00:00,163.252,163.612,162.18,162.51,323932.0
2024-10-10 00:00:00+00:00,162.505,163.411,162.31,163.11,243136.0
2024-10-13 00:00:00+00:00,162.979,163.602,162.897,163.37,191728.0
2024-10-14 00:00:00+00:00,163.378,163.436,162.343,162.521,244525.0
2024-10-15 00:00:00+00:00,162.514,162.888,162.108,162.544,243854.0
2024-10-16 00:00:00+00:00,162.494,162.767,161.848,162.706,253241.0
2024-10-17 00:00:00+00:00,162.689,162.86,162.181,162.51,227721.0
2024-10-20 00:00:00+00:00,162.419,163.159,161.998,163.108,253916.0
2024-10-21 00:00:00+00:00,163.109,163.668,162.777,163.158,300532.0
2024-10-22 00:00:00+00:00,163.119,165.02,163.07,164.716,288452.0
2024-10-23 00:00:00+00:00,164.657,164.762,163.796,164.399,331828.0
2024-10-24 00:00:00+00:00,164.422,164.792,163.939,164.432,261800.0
2024-10-27 00:00:00+00:00,165.336,166.075,164.715,165.751,270895.0
2024-10-28 00:00:00+00:00,165.769,166.08,165.158,165.926,293154.0
2024-10-29 00:00:00+00:00,165.892,166.599,165.504,166.558,296736.0
2024-10-30 00:00:00+00:00,166.547,166.694,164.939,165.479,329555.0
2024-10-31 00:00:00+00:00,165.493,166.118,165.231,165.75,327405.0
2024-11-03 00:00:00+00:00,165.772,165.971,165.217,165.479,309546.0
2024-11-04 00:00:00+00:00,165.519,166.04,165.406,165.716,249520.0
2024-11-05 00:00:00+00:00,165.702,166.102,164.926,165.901,568890.0
2024-11-06 00:00:00+00:00,165.868,165.966,165.01,165.2,353427.0
2024-11-07 00:00:00+00:00,165.252,165.43,163.208,163.609,309510.0
2024-11-10 00:00:00+00:00,163.547,164.658,163.499,163.818,255400.0
2024-11-11 00:00:00+00:00,163.819,164.333,163.244,164.278,298517.0
2024-11-12 00:00:00+00:00,164.262,164.814,163.632,164.25,325298.0
2024-11-13 00:00:00+00:00,164.236,164.985,163.808,164.562,313884.0
2024-11-14 00:00:00+00:00,164.571,165.042,162.317,162.682,332925.0
2024-11-17 00:00:00+00:00,162.625,163.981,162.267,163.94,309399.0
2024-11-18 00:00:00+00:00,163.917,163.942,161.49,163.872,335615.0
2024-11-19 00:00:00+00:00,163.855,164.762,163.158,163.883,284170.0
2024-11-20 00:00:00+00:00,163.909,163.909,161.745,161.882,330092.0
2024-11-21 00:00:00+00:00,161.848,162.493,159.888,161.26,330935.0
2024-11-24 00:00:00+00:00,161.686,162.12,160.993,161.832,328931.0
2024-11-25 00:00:00+00:00,161.875,162.012,160.304,160.61,345286.0
2024-11-26 00:00:00+00:00,160.579,160.714,159.094,159.692,319620.0
2024-11-27 00:00:00+00:00,159.626,160.345,159.513,159.966,211444.0
2024-11-28 00:00:00+00:00,159.911,159.968,158.036,158.369,342636.0
2024-12-01 00:00:00+00:00,158.117,158.642,156.38,157.057,332999.0
2024-12-02 00:00:00+00:00,157.055,157.987,156.18,157.223,264372.0
2024-12-03 00:00:00+00:00,157.19,158.661,156.986,158.314,286725.0
2024-12-04 00:00:00+00:00,158.304,159.394,157.562,158.926,249054.0
2024-12-05 00:00:00+00:00,158.927,159.579,158.096,158.582,248898.0
2024-12-08 00:00:00+00:00,158.432,159.998,157.866,159.594,229580.0
2024-12-09 00:00:00+00:00,159.589,160.072,159.372,159.983,236797.0
2024-12-10 00:00:00+00:00,159.964,160.724,158.648,160.029,264622.0
2024-12-11 00:00:00+00:00,159.992,160.549,159.108,159.77,267905.0
2024-12-12 00:00:00+00:00,159.783,161.557,159.646,161.39,220333.0
2024-12-15 00:00:00+00:00,161.142,162.21,161.132,162.028,186191.0
2024-12-16 00:00:00+00:00,161.989,162.477,160.776,161.056,220841.0
2024-12-17 00:00:00+00:00,161.021,161.562,159.808,160.254,234780.0
2024-12-18 00:00:00+00:00,160.257,163.801,159.86,163.161,306968.0
2024-12-19 00:00:00+00:00,163.144,163.67,162.344,163.146,319234.0
2024-12-22 00:00:00+00:00,163.111,163.621,162.848,163.548,209481.0
2024-12-23 00:00:00+00:00,163.54,163.635,163.026,163.312,146116.0
2024-12-25 00:00:00+00:00,163.369,164.762,163.32,164.704,142212.0
2024-12-26 00:00:00+00:00,164.705,164.828,164.031,164.632,142373.0
2024-12-29 00:00:00+00:00,164.478,164.905,162.81,163.27,220798.0
2024-12-30 00:00:00+00:00,163.268,163.436,162.452,162.784,227259.0
2025-01-01 00:00:00+00:00,162.787,163.318,160.897,161.757,295051.0
2025-01-02 00:00:00+00:00,161.748,162.21,161.39,162.166,218533.0
2025-01-05 00:00:00+00:00,162.041,164.024,161.976,163.795,289650.0
2025-01-06 00:00:00+00:00,163.794,164.55,163.216,163.45,268503.0
2025-01-07 00:00:00+00:00,163.441,163.811,162.844,163.412,267908.0
2025-01-08 00:00:00+00:00,163.37,163.432,162.376,162.856,192393.0
2025-01-09 00:00:00+00:00,162.878,163.192,161.212,161.618,270126.0
2025-01-12 00:00:00+00:00,161.618,161.786,160.036,161.33,261950.0
2025-01-13 00:00:00+00:00,161.351,162.861,161.054,162.846,263573.0
2025-01-14 00:00:00+00:00,162.822,162.894,160.784,161.014,264310.0
2025-01-15 00:00:00+00:00,160.953,161.088,159.746,159.812,265573.0
2025-01-16 00:00:00+00:00,159.847,161.014,159.724,160.522,238428.0
2025-01-19 00:00:00+00:00,160.674,162.315,160.318,162.144,246759.0
2025-01-20 00:00:00+00:00,162.138,162.228,160.956,162.16,296229.0
2025-01-21 00:00:00+00:00,162.142,163.222,161.874,162.945,224746.0
2025-01-22 00:00:00+00:00,162.936,163.132,162.194,162.556,237666.0
2025-01-23 00:00:00+00:00,162.565,164.084,161.916,163.7,270373.0
2025-01-26 00:00:00+00:00,163.206,163.462,161.542,162.122,309231.0
2025-01-27 00:00:00+00:00,162.133,162.707,161.574,162.226,259527.0
2025-01-28 00:00:00+00:00,162.261,162.49,161.31,161.772,253871.0
2025-01-29 00:00:00+00:00,161.7,161.8,160.212,160.334,260489.0
2025-01-30 00:00:00+00:00,160.346,161.503,159.908,160.774,293685.0
2025-02-02 00:00:00+00:00,158.654,160.15,157.97,160.074,362432.0
2025-02-03 00:00:00+00:00,160.087,160.702,159.19,160.2,281755.0
2025-02-04 00:00:00+00:00,160.171,160.312,158.498,158.728,276354.0
2025-02-05 00:00:00+00:00,158.728,158.864,157.038,157.27,256017.0
2025-02-06 00:00:00+00:00,157.29,158.018,155.869,156.379,279188.0
2025-02-09 00:00:00+00:00,155.767,157.424,155.678,156.672,223407.0
2025-02-10 00:00:00+00:00,156.686,158.198,156.26,158.008,233014.0
2025-02-11 00:00:00+00:00,158.004,160.969,157.896,160.328,270506.0
2025-02-12 00:00:00+00:00,160.327,161.189,159.019,159.911,291151.0
2025-02-13 00:00:00+00:00,159.912,160.267,159.432,159.804,247155.0
2025-02-16 00:00:00+00:00,159.659,159.834,158.533,158.832,194078.0
2025-02-17 00:00:00+00:00,158.779,159.198,158.372,158.846,232406.0
2025-02-18 00:00:00+00:00,158.797,159.136,157.716,157.87,231277.0
2025-02-19 00:00:00+00:00,157.84,157.877,156.316,157.135,255480.0
2025-02-20 00:00:00+00:00,157.148,158.228,155.818,156.192,297251.0
2025-02-23 00:00:00+00:00,156.289,157.26,156.09,156.73,281842.0
2025-02-24 00:00:00+00:00,156.714,157.31,156.084,156.704,297816.0
2025-02-25 00:00:00+00:00,156.706,157.129,156.034,156.33,290278.0
2025-02-26 00:00:00+00:00,156.3,157.221,155.66,155.778,306442.0
2025-02-27 00:00:00+00:00,155.812,157.165,154.797,156.286,332179.0
2025-03-02 00:00:00+00:00,156.81,158.471,155.923,156.806,351340.0
2025-03-03 00:00:00+00:00,156.83,159.216,155.592,159.176,440669.0
2025-03-04 00:00:00+00:00,159.134,160.731,158.733,160.654,420713.0
2025-03-05 00:00:00+00:00,160.627,161.282,159.122,159.6,419424.0
2025-03-06 00:00:00+00:00,159.586,160.77,159.274,160.404,387692.0
2025-03-09 00:00:00+00:00,160.285,160.382,158.896,159.584,374395.0
2025-03-10 00:00:00+00:00,159.572,161.79,158.975,161.364,416481.0
2025-03-11 00:00:00+00:00,161.372,162.362,161.184,161.419,339133.0
2025-03-12 00:00:00+00:00,161.381,161.517,160.059,160.408,311823.0
2025-03-13 00:00:00+00:00,160.385,162.334,160.32,161.716,298029.0
2025-03-16 00:00:00+00:00,161.825,163.053,161.544,162.98,251229.0
2025-03-17 00:00:00+00:00,162.99,164.188,162.888,163.373,236818.0
2025-03-18 00:00:00+00:00,163.415,163.888,162.072,162.145,239205.0
2025-03-19 00:00:00+00:00,162.162,162.338,160.739,161.482,230204.0
2025-03-20 00:00:00+00:00,161.501,162.138,160.736,161.464,232906.0
2025-03-23 00:00:00+00:00,161.506,162.83,161.501,162.77,219028.0
2025-03-24 00:00:00+00:00,162.718,163.03,161.62,161.788,208666.0
2025-03-25 00:00:00+00:00,161.792,162.611,161.637,161.928,218934.0
2025-03-26 00:00:00+00:00,161.952,163.365,161.373,163.156,248856.0
2025-03-27 00:00:00+00:00,163.12,163.174,162.07,162.303,239379.0
2025-03-30 00:00:00+00:00,162.113,162.486,161.044,162.2,299115.0
2025-03-31 00:00:00+00:00,162.236,162.387,160.776,161.474,276358.0
2025-04-01 00:00:00+00:00,161.469,164.178,161.114,162.08,296363.0
2025-04-02 00:00:00+00:00,161.876,163.066,160.12,161.43,506590.0
2025-04-03 00:00:00+00:00,161.442,162.004,159.018,161.14,590288.0
2025-04-06 00:00:00+00:00,158.475,162.387,158.232,161.257,629582.0
2025-04-07 00:00:00+00:00,161.353,162.206,160.026,160.302,486166.0
2025-04-08 00:00:00+00:00,160.296,162.204,159.48,161.773,606347.0
2025-04-09 00:00:00+00:00,161.79,162.586,160.877,161.81,499954.0
2025-04-10 00:00:00+00:00,161.784,163.14,161.306,163.014,555240.0
2025-04-13 00:00:00+00:00,162.876,163.279,162.082,162.334,401544.0
2025-04-14 00:00:00+00:00,162.354,162.805,161.296,161.602,290800.0
2025-04-15 00:00:00+00:00,161.507,162.284,161.351,161.654,341548.0
2025-04-16 00:00:00+00:00,161.682,162.641,161.246,161.868,298706.0
2025-04-17 00:00:00+00:00,161.82,162.164,161.716,161.983,329920.0
2025-04-20 00:00:00+00:00,161.911,162.676,161.582,162.159,265288.0
2025-04-21 00:00:00+00:00,162.182,162.322,160.984,161.714,276542.0
2025-04-22 00:00:00+00:00,161.719,162.473,161.176,162.318,349004.0
2025-04-23 00:00:00+00:00,162.27,162.499,161.84,162.438,235400.0
2025-04-24 00:00:00+00:00,162.425,163.762,162.128,163.278,227036.0
2025-04-27 00:00:00+00:00,163.206,163.368,162.206,162.224,220467.0
2025-04-28 00:00:00+00:00,162.222,162.545,161.888,162.068,237254.0
2025-04-29 00:00:00+00:00,162.008,162.656,161.708,162.014,214773.0
2025-04-30 00:00:00+00:00,162.028,164.459,161.812,164.193,208587.0
2025-05-01 00:00:00+00:00,164.19,164.64,163.456,163.848,246929.0
2025-05-04 00:00:00+00:00,163.66,163.9,162.58,162.607,184606.0
2025-05-05 00:00:00+00:00,162.645,162.954,161.596,161.912,186119.0
2025-05-06 00:00:00+00:00,161.95,163.022,161.934,162.55,236579.0
2025-05-07 00:00:00+00:00,162.564,163.908,162.536,163.838,237413.0
2025-05-08 00:00:00+00:00,163.765,163.944,163.153,163.534,195547.0
2025-05-11 00:00:00+00:00,163.681,164.925,163.646,164.632,277533.0
2025-05-12 00:00:00+00:00,164.664,165.216,164.132,164.95,193984.0
2025-05-13 00:00:00+00:00,164.983,165.166,163.735,163.97,227470.0
2025-05-14 00:00:00+00:00,164.07,164.07,162.747,162.966,197752.0
2025-05-15 00:00:00+00:00,162.921,163.113,162.462,162.63,173555.0
2025-05-18 00:00:00+00:00,162.441,163.39,162.146,162.844,203754.0
2025-05-19 00:00:00+00:00,162.456,163.289,162.418,163.063,161234.0
2025-05-20 00:00:00+00:00,163.077,163.309,162.626,162.779,210565.0
2025-05-21 00:00:00+00:00,162.724,163.43,161.806,162.451,227066.0
2025-05-22 00:00:00+00:00,162.451,162.752,161.084,162.016,207769.0
2025-05-25 00:00:00+00:00,161.932,162.986,161.916,162.658,128160.0
2025-05-26 00:00:00+00:00,162.662,163.948,162.091,163.529,183744.0
2025-05-27 00:00:00+00:00,163.549,163.912,163.076,163.576,196832.0
2025-05-28 00:00:00+00:00,163.549,164.262,163.346,163.882,227176.0
2025-05-29 00:00:00+00:00,163.923,163.964,162.803,163.468,217718.0
2025-06-01 00:00:00+00:00,163.319,163.433,162.84,163.296,199902.0
2025-06-02 00:00:00+00:00,163.285,163.878,162.798,163.733,179297.0
2025-06-03 00:00:00+00:00,163.735,164.246,162.99,163.008,183768.0
2025-06-04 00:00:00+00:00,162.977,164.678,162.9,164.324,230603.0
2025-06-05 00:00:00+00:00,164.261,165.286,164.224,165.078,196810.0
2025-06-08 00:00:00+00:00,165.172,165.214,164.556,165.155,139379.0
2025-06-09 00:00:00+00:00,165.099,165.637,164.63,165.557,168625.0
2025-06-10 00:00:00+00:00,165.543,166.428,165.387,166.128,196818.0
2025-06-11 00:00:00+00:00,166.032,166.746,165.5,166.252,221918.0
2025-06-12 00:00:00+00:00,166.236,166.596,164.942,166.5,288947.0
2025-06-15 00:00:00+00:00,166.15,167.46,166.028,167.384,223215.0
2025-06-16 00:00:00+00:00,167.346,167.616,166.709,166.806,245192.0
2025-06-17 00:00:00+00:00,166.844,167.058,166.324,166.63,250518.0
2025-06-18 00:00:00+00:00,166.597,167.316,166.038,167.256,187726.0
2025-06-19 00:00:00+00:00,167.242,168.406,167.117,168.329,218706.0
2025-06-22 00:00:00+00:00,168.056,169.716,168.006,169.226,288614.0
2025-06-23 00:00:00+00:00,169.211,169.292,167.916,168.223,258672.0
2025-06-24 00:00:00+00:00,168.238,169.404,168.108,169.366,210452.0
2025-06-25 00:00:00+00:00,169.318,169.404,168.56,168.962,239680.0
2025-06-26 00:00:00+00:00,168.991,169.81,168.63,169.525,236394.0
2025-06-29 00:00:00+00:00,169.364,169.866,168.708,169.777,229075.0
2025-06-30 00:00:00+00:00,169.733,169.772,168.462,169.306,234412.0
2025-07-01 00:00:00+00:00,169.254,169.791,169.04,169.509,233723.0
2025-07-02 00:00:00+00:00,169.503,170.617,169.316,170.39,196353.0
2025-07-03 00:00:00+00:00,170.462,170.469,169.856,170.223,175259.0
2025-07-06 00:00:00+00:00,170.256,171.316,169.889,171.026,209277.0
2025-07-07 00:00:00+00:00,171.012,172.024,170.944,171.85,229278.0
2025-07-08 00:00:00+00:00,171.856,172.284,171.272,171.501,206821.0
2025-07-09 00:00:00+00:00,171.542,171.781,170.938,171.12,165900.0
2025-07-10 00:00:00+00:00,171.131,172.428,170.81,172.35,184067.0
2025-07-13 00:00:00+00:00,171.809,172.474,171.688,172.344,172434.0
2025-07-14 00:00:00+00:00,172.315,173.084,172.259,172.698,164165.0
2025-07-15 00:00:00+00:00,172.726,173.246,171.839,172.144,224051.0
2025-07-16 00:00:00+00:00,172.131,172.676,171.946,172.363,163513.0
2025-07-17 00:00:00+00:00,172.344,173.124,172.256,173.028,161355.0
2025-07-20 00:00:00+00:00,172.134,172.848,171.922,172.336,161342.0
2025-07-21 00:00:00+00:00,172.317,172.938,171.368,172.372,157060.0
2025-07-22 00:00:00+00:00,172.342,172.742,171.373,172.476,227363.0
2025-07-23 00:00:00+00:00,172.452,172.926,171.751,172.714,235887.0
2025-07-24 00:00:00+00:00,172.601,173.614,172.484,173.38,199343.0
2025-07-27 00:00:00+00:00,173.698,173.902,172.072,172.142,213006.0
2025-07-28 00:00:00+00:00,172.136,172.324,171.053,171.419,191655.0
2025-07-29 00:00:00+00:00,171.439,171.553,170.446,170.546,238031.0
2025-07-30 00:00:00+00:00,170.496,172.341,169.724,172.09,220865.0
2025-07-31 00:00:00+00:00,172.101,172.39,170.284,170.812,281460.0
2025-08-03 00:00:00+00:00,170.704,171.166,169.906,170.228,197054.0
2025-08-04 00:00:00+00:00,170.188,170.948,169.821,170.798,179014.0
2025-08-05 00:00:00+00:00,170.832,171.992,170.618,171.813,163638.0
2025-08-06 00:00:00+00:00,171.741,172.172,171.277,171.648,209689.0
2025-08-07 00:00:00+00:00,171.64,172.344,171.37,172.021,198566.0
2025-08-10 00:00:00+00:00,171.899,172.206,171.554,172.084,148534.0
2025-08-11 00:00:00+00:00,171.483,172.861,171.483,172.596,200046.0
2025-08-12 00:00:00+00:00,172.563,173.02,172.234,172.51,173780.0
2025-08-13 00:00:00+00:00,172.516,172.516,170.968,172.11,210440.0
2025-08-14 00:00:00+00:00,172.111,172.38,171.504,172.24,178291.0
2025-08-17 00:00:00+00:00,172.422,172.68,172.053,172.41,164352.0
2025-08-18 00:00:00+00:00,172.448,172.704,171.697,171.986,156718.0
2025-08-19 00:00:00+00:00,172.045,172.045,171.121,171.615,163227.0
2025-08-20 00:00:00+00:00,171.709,172.367,171.526,172.226,178974.0
2025-08-21 00:00:00+00:00,172.173,172.678,171.832,172.228,192228.0
2025-08-24 00:00:00+00:00,172.198,172.666,171.577,171.682,154225.0
2025-08-25 00:00:00+00:00,171.671,172.122,171.327,171.625,215131.0
2025-08-26 00:00:00+00:00,171.64,171.914,171.253,171.558,171681.0
2025-08-27 00:00:00+00:00,171.561,171.795,171.12,171.671,174882.0
2025-08-28 00:00:00+00:00,171.674,172.016,171.24,171.844,174481.0
2025-08-31 00:00:00+00:00,171.952,172.546,171.818,172.363,131234.0
2025-09-01 00:00:00+00:00,172.355,173.416,172.278,172.7,232923.0
2025-09-02 00:00:00+00:00,172.705,173.302,172.54,172.72,179639.0
2025-09-03 00:00:00+00:00,172.677,173.212,172.458,172.975,175365.0
2025-09-04 00:00:00+00:00,173.001,173.272,172.494,172.734,190273.0
2025-09-07 00:00:00+00:00,173.563,173.913,173.07,173.545,198844.0
2025-09-08 00:00:00+00:00,173.491,173.543,172.14,172.624,190599.0
2025-09-09 00:00:00+00:00,172.558,172.91,172.378,172.442,181159.0
2025-09-10 00:00:00+00:00,172.39,173.06,172.36,172.8,177524.0
2025-09-11 00:00:00+00:00,172.765,173.444,172.624,173.324,159533.0
2025-09-14 00:00:00+00:00,173.404,173.454,172.896,173.376,143151.0
2025-09-15 00:00:00+00:00,173.327,173.827,173.024,173.796,196868.0
2025-09-16 00:00:00+00:00,173.735,173.851,173.092,173.644,203375.0
2025-09-17 00:00:00+00:00,173.608,174.472,173.515,174.432,214322.0
2025-09-18 00:00:00+00:00,174.348,174.504,173.483,173.82,199771.0
2025-09-21 00:00:00+00:00,173.818,174.39,173.704,174.379,175776.0
2025-09-22 00:00:00+00:00,174.317,174.492,174.055,174.452,169523.0
2025-09-23 00:00:00+00:00,174.399,174.797,174.224,174.787,177804.0
2025-09-24 00:00:00+00:00,174.756,174.943,174.493,174.754,177997.0
2025-09-25 00:00:00+00:00,174.734,175.053,174.638,174.937,183797.0
2025-09-28 00:00:00+00:00,175.006,175.017,173.988,174.254,167365.0
2025-09-29 00:00:00+00:00,174.264,174.42,173.39,173.592,189966.0
2025-09-30 00:00:00+00:00,173.51,173.918,172.305,172.53,219316.0
2025-10-01 00:00:00+00:00,172.515,172.988,172.268,172.538,171044.0
2025-10-02 00:00:00+00:00,172.52,173.252,172.436,173.194,149651.0
2025-10-05 00:00:00+00:00,175.216,176.256,174.736,176.116,254007.0
2025-10-06 00:00:00+00:00,176.028,177.15,175.79,177.094,204334.0
2025-10-07 00:00:00+00:00,177.072,177.86,176.9,177.558,220360.0
2025-10-08 00:00:00+00:00,177.599,177.938,176.768,177.038,230018.0
2025-10-09 00:00:00+00:00,177.041,177.158,175.692,175.706,239092.0
2025-10-12 00:00:00+00:00,176.339,176.916,175.904,176.222,196071.0
2025-10-13 00:00:00+00:00,176.128,176.455,175.355,176.22,252638.0
2025-10-14 00:00:00+00:00,176.167,176.31,175.439,175.956,215172.0
2025-10-15 00:00:00+00:00,175.945,176.462,175.452,175.827,258631.0
2025-10-16 00:00:00+00:00,175.777,175.971,174.818,175.52,282899.0
2025-10-19 00:00:00+00:00,175.55,176.374,175.24,175.508,201696.0
2025-10-20 00:00:00+00:00,175.462,176.618,175.353,176.239,231423.0
2025-10-21 00:00:00+00:00,176.2,176.441,175.768,176.43,203887.0
2025-10-22 00:00:00+00:00,176.42,177.448,176.31,177.286,169635.0
2025-10-23 00:00:00+00:00,177.247,177.833,177.201,177.735,175780.0
2025-10-26 00:00:00+00:00,177.858,178.232,177.63,178.028,178671.0
2025-10-27 00:00:00+00:00,178.036,178.056,176.992,177.246,189023.0
2025-10-28 00:00:00+00:00,177.243,177.596,176.635,177.184,216699.0
2025-10-29 00:00:00+00:00,177.135,178.822,176.82,178.272,225573.0
2025-10-30 00:00:00+00:00,178.288,178.566,177.45,177.682,181864.0
2025-11-02 00:00:00+00:00,177.62,177.98,177.236,177.634,165861.0
2025-11-03 00:00:00+00:00,177.692,177.712,176.094,176.442,204469.0
2025-11-04 00:00:00+00:00,176.462,177.14,175.706,177.106,195863.0
2025-11-05 00:00:00+00:00,177.106,177.22,176.284,176.753,171997.0
2025-11-06 00:00:00+00:00,176.692,177.608,176.51,177.444,202960.0
2025-11-09 00:00:00+00:00,177.702,178.454,177.334,178.131,160120.0
2025-11-10 00:00:00+00:00,178.094,178.748,178.056,178.544,139809.0
2025-11-11 00:00:00+00:00,178.591,179.482,178.473,179.474,150435.0
2025-11-12 00:00:00+00:00,179.43,179.94,179.226,179.798,190678.0
2025-11-13 00:00:00+00:00,179.791,179.984,178.978,179.584,214528.0
2025-11-16 00:00:00+00:00,179.79,180.02,179.262,179.988,163737.0
2025-11-17 00:00:00+00:00,179.965,180.294,179.604,180.11,218066.0
2025-11-18 00:00:00+00:00,180.093,181.38,179.779,181.356,194087.0
2025-11-19 00:00:00+00:00,181.331,182.01,180.965,181.542,232123.0
2025-11-20 00:00:00+00:00,181.563,181.66,179.772,180.077,243605.0
2025-11-23 00:00:00+00:00,180.079,181.268,180.079,180.804,159343.0
2025-11-24 00:00:00+00:00,180.747,180.858,180.1,180.573,183433.0
2025-11-25 00:00:00+00:00,180.501,181.464,180.352,181.452,189607.0
2025-11-26 00:00:00+00:00,181.471,181.471,180.76,181.244,104813.0
2025-11-27 00:00:00+00:00,181.23,181.524,180.53,181.138,388012.0
2025-11-30 00:00:00+00:00,180.999,181.166,180.137,180.5,216821.0
2025-12-01 00:00:00+00:00,180.501,181.361,180.448,181.208,169133.0
2025-12-02 00:00:00+00:00,181.116,181.462,180.8,181.166,175637.0
2025-12-03 00:00:00+00:00,181.223,181.294,180.398,180.638,191119.0
2025-12-04 00:00:00+00:00,180.604,180.928,180.098,180.874,167993.0
2025-12-07 00:00:00+00:00,180.678,181.496,180.498,181.458,162159.0
2025-12-08 00:00:00+00:00,181.367,182.648,181.352,182.406,179217.0
2025-12-09 00:00:00+00:00,182.363,182.62,182.008,182.482,200368.0
2025-12-10 00:00:00+00:00,182.351,182.75,181.881,182.616,206688.0
2025-12-11 00:00:00+00:00,182.632,183.159,182.526,182.954,195082.0
2025-12-14 00:00:00+00:00,182.967,183.007,181.838,182.431,171200.0
2025-12-15 00:00:00+00:00,182.44,182.474,181.716,181.767,226874.0
2025-12-16 00:00:00+00:00,181.758,182.881,181.571,182.786,188892.0
2025-12-17 00:00:00+00:00,182.762,183.172,182.291,182.372,183152.0
2025-12-18 00:00:00+00:00,182.285,184.753,182.261,184.685,182618.0
2025-12-21 00:00:00+00:00,184.828,184.924,184.241,184.706,167514.0
2025-12-22 00:00:00+00:00,184.588,184.692,183.436,184.226,187425.0
2025-12-23 00:00:00+00:00,184.27,184.294,183.306,183.668,29180.0
2025-12-25 00:00:00+00:00,183.707,184.434,183.509,184.298,189347.0
2025-12-28 00:00:00+00:00,184.325,184.416,183.464,183.752,64779.0
2025-12-29 00:00:00+00:00,183.686,184.093,183.42,183.794,151553.0
2025-12-30 00:00:00+00:00,183.679,184.248,183.541,184.048,171217.0
2026-01-01 00:00:00+00:00,184.04,184.431,183.715,183.814,151179.0
2026-01-04 00:00:00+00:00,183.781,184.064,182.814,183.334,197314.0
2026-01-05 00:00:00+00:00,183.287,183.65,183.014,183.131,191483.0
2026-01-06 00:00:00+00:00,183.041,183.376,182.71,183.024,160243.0
2026-01-07 00:00:00+00:00,182.998,183.252,182.636,182.903,158047.0
2026-01-08 00:00:00+00:00,182.856,183.956,182.78,183.774,164780.0
2026-01-11 00:00:00+00:00,183.87,184.671,183.753,184.522,153661.0
2026-01-12 00:00:00+00:00,184.521,185.544,184.261,185.321,165371.0
2026-01-13 00:00:00+00:00,185.307,185.574,184.292,184.522,174252.0
2026-01-14 00:00:00+00:00,184.512,184.638,183.866,184.147,164399.0
2026-01-15 00:00:00+00:00,184.143,184.19,183.205,183.375,165842.0
2026-01-18 00:00:00+00:00,182.878,184.166,182.762,184.159,144572.0
2026-01-19 00:00:00+00:00,184.054,185.472,183.774,185.438,234877.0
2026-01-20 00:00:00+00:00,185.424,185.542,184.822,185.01,231319.0
2026-01-21 00:00:00+00:00,184.982,186.254,184.807,186.242,189096.0
2026-01-22 00:00:00+00:00,186.172,186.874,183.793,184.224,219840.0
2026-01-25 00:00:00+00:00,183.747,184.106,181.786,183.212,296741.0
2026-01-26 00:00:00+00:00,183.104,183.78,182.106,183.268,294701.0
2026-01-27 00:00:00+00:00,183.306,183.575,182.577,183.373,289501.0
2026-01-28 00:00:00+00:00,183.41,183.746,182.086,183.288,276581.0
2026-01-29 00:00:00+00:00,183.28,184.072,183.034,183.432,314691.0
2026-02-01 00:00:00+00:00,183.58,184.28,183.19,183.464,266572.0
2026-02-02 00:00:00+00:00,183.497,184.202,183.368,184.13,217426.0
2026-02-03 00:00:00+00:00,184.124,185.278,184.01,185.193,209299.0
2026-02-04 00:00:00+00:00,185.137,185.508,184.56,184.985,251871.0
2026-02-05 00:00:00+00:00,184.89,185.813,184.36,185.81,192969.0
2026-02-08 00:00:00+00:00,186.084,186.234,184.864,185.766,261495.0
2026-02-09 00:00:00+00:00,185.66,186.001,183.449,183.64,207166.0
2026-02-10 00:00:00+00:00,183.663,183.702,181.34,181.944,231670.0
2026-02-11 00:00:00+00:00,181.851,182.54,180.808,181.325,240154.0
2026-02-12 00:00:00+00:00,181.296,182.284,181.205,181.232,227760.0
2026-02-15 00:00:00+00:00,181.277,182.3,181.182,181.938,103180.0
2026-02-16 00:00:00+00:00,181.869,182.182,180.82,181.718,213712.0
2026-02-17 00:00:00+00:00,181.667,182.548,181.416,182.442,162065.0
2026-02-18 00:00:00+00:00,182.411,183.159,182.015,182.466,186043.0
2026-02-19 00:00:00+00:00,182.49,183.11,182.224,182.714,221894.0
2026-02-22 00:00:00+00:00,182.753,182.814,181.995,182.288,191848.0
2026-02-23 00:00:00+00:00,182.345,184.186,182.202,183.56,180594.0
2026-02-24 00:00:00+00:00,183.518,184.776,183.202,184.669,191560.0
2026-02-25 00:00:00+00:00,184.657,184.76,183.826,184.208,192697.0
2026-02-26 00:00:00+00:00,184.204,184.552,183.702,184.428,187345.0
2026-03-01 00:00:00+00:00,183.794,184.696,183.73,183.957,284701.0
2026-03-02 00:00:00+00:00,183.958,184.337,182.026,183.123,314412.0
2026-03-03 00:00:00+00:00,182.948,183.231,182.376,182.74,248931.0
2026-03-04 00:00:00+00:00,182.682,183.094,182.112,182.904,270753.0
2026-03-05 00:00:00+00:00,182.926,183.391,182.37,183.334,257970.0
2026-03-08 00:00:00+00:00,182.582,183.48,182.4,183.473,308083.0
2026-03-09 00:00:00+00:00,183.461,183.769,183.057,183.493,288648.0
2026-03-10 00:00:00+00:00,183.511,184.081,183.46,183.87,268717.0
2026-03-11 00:00:00+00:00,183.824,183.93,183.224,183.433,251685.0
2026-03-12 00:00:00+00:00,183.444,183.652,182.261,182.358,252570.0
2026-03-15 00:00:00+00:00,182.317,183.182,181.874,182.992,224051.0
2026-03-16 00:00:00+00:00,183.001,183.548,182.822,183.486,170796.0
2026-03-17 00:00:00+00:00,183.524,183.831,182.987,183.116,213887.0
2026-03-18 00:00:00+00:00,183.088,183.44,182.053,182.778,274010.0
2026-03-19 00:00:00+00:00,182.745,184.259,182.597,184.241,235511.0
2026-03-22 00:00:00+00:00,183.842,184.34,183.18,183.956,383342.0
2026-03-23 00:00:00+00:00,184.006,184.262,183.625,184.216,293351.0
2026-03-24 00:00:00+00:00,184.196,184.606,184.04,184.34,232618.0
2026-03-25 00:00:00+00:00,184.339,184.481,183.972,184.212,201619.0
2026-03-26 00:00:00+00:00,184.19,184.659,183.866,184.537,190873.0
2026-03-29 00:00:00+00:00,184.29,184.517,182.594,183.094,214196.0
2026-03-30 00:00:00+00:00,182.993,183.65,182.828,183.378,252129.0
2026-03-31 00:00:00+00:00,183.411,184.25,183.307,184.002,42386.0
2026-04-01 00:00:00+00:00,184.017,184.205,183.498,184.166,271536.0
2026-04-02 00:00:00+00:00,184.084,184.276,183.701,183.861,100820.0
2026-04-05 00:00:00+00:00,184.087,184.462,183.704,184.326,213953.0
2026-04-06 00:00:00+00:00,184.31,185.176,184.243,185.111,219463.0
2026-04-07 00:00:00+00:00,185.094,185.556,184.81,184.931,335011.0
2026-04-08 00:00:00+00:00,184.921,186.234,184.878,186.006,197853.0
2026-04-09 00:00:00+00:00,186.009,186.884,185.944,186.755,163164.0
2026-04-12 00:00:00+00:00,186.234,187.516,186.206,187.488,210587.0
2026-04-13 00:00:00+00:00,187.456,187.54,187.085,187.327,184658.0
2026-04-14 00:00:00+00:00,187.33,187.698,187.105,187.588,178666.0
2026-04-15 00:00:00+00:00,187.629,187.654,187.104,187.516,185504.0
2026-04-16 00:00:00+00:00,187.511,187.954,186.319,186.595,227962.0
2026-04-19 00:00:00+00:00,186.456,187.294,186.321,187.206,203102.0
2026-04-20 00:00:00+00:00,187.167,187.367,186.994,187.213,219163.0
2026-04-21 00:00:00+00:00,187.236,187.328,186.688,186.688,198976.0
2026-04-22 00:00:00+00:00,186.702,186.97,186.438,186.632,239262.0
2026-04-23 00:00:00+00:00,186.557,186.883,186.44,186.734,198221.0
2026-04-26 00:00:00+00:00,186.686,187.11,186.649,186.87,188963.0
2026-04-27 00:00:00+00:00,186.896,186.95,186.072,186.925,206073.0
2026-04-28 00:00:00+00:00,186.886,187.428,186.694,187.282,27500.0
2026-04-29 00:00:00+00:00,187.354,187.559,182.296,183.746,343458.0
2026-04-30 00:00:00+00:00,183.726,184.589,182.64,184.149,236590.0
2026-05-03 00:00:00+00:00,184.168,184.407,182.8,183.872,244703.0
2026-05-04 00:00:00+00:00,183.806,184.762,183.67,184.642,174578.0
2026-05-05 00:00:00+00:00,184.61,185.044,182.048,183.712,289378.0
2026-05-06 00:00:00+00:00,183.677,184.244,183.502,183.989,228856.0
2026-05-07 00:00:00+00:00,184.02,184.746,183.876,184.646,181390.0
2026-05-10 00:00:00+00:00,184.058,185.258,184.012,185.25,153984.0
2026-05-11 00:00:00+00:00,185.154,185.462,184.444,185.048,182558.0
2026-05-12 00:00:00+00:00,184.988,185.158,184.63,184.948,147686.0
2026-05-13 00:00:00+00:00,184.851,185.052,184.038,184.832,181015.0
2026-05-14 00:00:00+00:00,184.775,184.848,184.177,184.58,218163.0
2026-05-17 00:00:00+00:00,184.49,185.218,184.32,185.168,208639.0
2026-05-18 00:00:00+00:00,185.136,185.213,184.208,184.64,193419.0
2026-05-19 00:00:00+00:00,184.609,184.788,184.274,184.77,214835.0
2026-05-20 00:00:00+00:00,184.734,184.943,184.394,184.702,204505.0
2026-05-21 00:00:00+00:00,184.666,184.86,184.45,184.718,155019.0
2026-05-24 00:00:00+00:00,184.887,185.142,184.774,185.046,109820.0
2026-05-25 00:00:00+00:00,184.975,185.363,184.884,185.31,138395.0
2026-05-26 00:00:00+00:00,185.239,185.789,185.228,185.457,154216.0
2026-05-27 00:00:00+00:00,185.461,185.658,184.899,185.523,164037.0
2026-05-28 00:00:00+00:00,185.519,185.983,185.188,185.748,169338.0
2026-05-31 00:00:00+00:00,185.734,185.981,185.394,185.734,180005.0
2026-06-01 00:00:00+00:00,185.688,186.204,185.666,186.025,128413.0
2026-06-02 00:00:00+00:00,185.944,186.046,185.114,185.684,163366.0
2026-06-03 00:00:00+00:00,185.662,186.116,185.352,185.809,154302.0
2026-06-04 00:00:00+00:00,185.876,186.209,184.498,184.727,179434.0
2026-06-07 00:00:00+00:00,184.481,185.0,183.977,184.724,205786.0
2026-06-08 00:00:00+00:00,184.758,185.468,184.607,185.122,185592.0
2026-06-09 00:00:00+00:00,185.117,185.576,184.958,185.215,200692.0
2026-06-10 00:00:00+00:00,185.168,185.473,184.659,185.233,217926.0
2026-06-11 00:00:00+00:00,185.194,185.557,185.156,185.338,202862.0
