date,open,high,low,close,volume
2014-01-01 00:00:00+00:00,1.8641,1.86976,1.83774,1.84622,158092.0
2014-01-02 00:00:00+00:00,1.84626,1.85063,1.82298,1.83522,117479.0
2014-01-05 00:00:00+00:00,1.83079,1.83834,1.8229,1.82948,104674.0
2014-01-06 00:00:00+00:00,1.82949,1.8428,1.8289,1.83734,96767.0
2014-01-07 00:00:00+00:00,1.83736,1.84958,1.83574,1.84784,101670.0
2014-01-08 00:00:00+00:00,1.84786,1.8592,1.84572,1.85194,99903.0
2014-01-09 00:00:00+00:00,1.85196,1.85603,1.83008,1.83228,110880.0
2014-01-12 00:00:00+00:00,1.83211,1.83488,1.80162,1.80955,97569.0
2014-01-13 00:00:00+00:00,1.80957,1.83598,1.80904,1.83358,92639.0
2014-01-14 00:00:00+00:00,1.83356,1.84662,1.83076,1.83624,96244.0
2014-01-15 00:00:00+00:00,1.83626,1.86132,1.83554,1.854,102498.0
2014-01-16 00:00:00+00:00,1.85401,1.87522,1.85064,1.87016,90898.0
2014-01-19 00:00:00+00:00,1.87162,1.87468,1.86218,1.86446,64257.0
2014-01-20 00:00:00+00:00,1.86438,1.8738,1.85888,1.8711,87760.0
2014-01-21 00:00:00+00:00,1.87108,1.87614,1.85146,1.87238,93497.0
2014-01-22 00:00:00+00:00,1.87238,1.90321,1.87163,1.89744,119326.0
2014-01-23 00:00:00+00:00,1.89742,1.91866,1.89174,1.89861,121425.0
2014-01-26 00:00:00+00:00,1.89867,1.90127,1.8874,1.8978,102737.0
2014-01-27 00:00:00+00:00,1.89781,1.89914,1.87784,1.88856,92288.0
2014-01-28 00:00:00+00:00,1.88855,1.89802,1.87822,1.89533,125454.0
2014-01-29 00:00:00+00:00,1.89536,1.90048,1.87331,1.87446,104018.0
2014-01-30 00:00:00+00:00,1.87444,1.89394,1.86923,1.87792,111014.0
2014-02-02 00:00:00+00:00,1.87321,1.8797,1.85244,1.86291,105711.0
2014-02-03 00:00:00+00:00,1.86292,1.86783,1.82413,1.82924,115712.0
2014-02-04 00:00:00+00:00,1.82928,1.83962,1.82012,1.83042,102630.0
2014-02-05 00:00:00+00:00,1.83038,1.83068,1.81329,1.82196,100578.0
2014-02-06 00:00:00+00:00,1.82196,1.8334,1.81916,1.83195,98203.0
2014-02-09 00:00:00+00:00,1.831,1.84191,1.83088,1.83284,62810.0
2014-02-10 00:00:00+00:00,1.83275,1.83482,1.8156,1.8201,90990.0
2014-02-11 00:00:00+00:00,1.82079,1.83856,1.81196,1.8385,92489.0
2014-02-12 00:00:00+00:00,1.83832,1.86102,1.83831,1.8553,95521.0
2014-02-13 00:00:00+00:00,1.85546,1.85764,1.8455,1.8538,83125.0
2014-02-16 00:00:00+00:00,1.85039,1.85896,1.84798,1.85044,73530.0
2014-02-17 00:00:00+00:00,1.85038,1.85418,1.84116,1.84823,92199.0
2014-02-18 00:00:00+00:00,1.84814,1.85545,1.8426,1.8529,86293.0
2014-02-19 00:00:00+00:00,1.8529,1.86569,1.84582,1.84884,94698.0
2014-02-20 00:00:00+00:00,1.84888,1.86542,1.84528,1.8511,85932.0
2014-02-23 00:00:00+00:00,1.85139,1.86072,1.83966,1.84317,85035.0
2014-02-24 00:00:00+00:00,1.84352,1.85333,1.84163,1.84942,86535.0
2014-02-25 00:00:00+00:00,1.84934,1.86094,1.84808,1.8589,88350.0
2014-02-26 00:00:00+00:00,1.85862,1.86957,1.85812,1.86141,80757.0
2014-02-27 00:00:00+00:00,1.86132,1.87842,1.8568,1.87559,102653.0
2014-03-02 00:00:00+00:00,1.87902,1.88259,1.86416,1.86476,97291.0
2014-03-03 00:00:00+00:00,1.86458,1.8687,1.8566,1.86185,80359.0
2014-03-04 00:00:00+00:00,1.86184,1.8647,1.853,1.86119,82187.0
2014-03-05 00:00:00+00:00,1.86126,1.86274,1.8391,1.84154,96441.0
2014-03-06 00:00:00+00:00,1.84142,1.84653,1.83455,1.84342,81421.0
2014-03-09 00:00:00+00:00,1.85125,1.85488,1.83914,1.84534,67284.0
2014-03-10 00:00:00+00:00,1.84504,1.8546,1.83704,1.85116,71337.0
2014-03-11 00:00:00+00:00,1.85109,1.86019,1.84748,1.84888,83517.0
2014-03-12 00:00:00+00:00,1.8491,1.84982,1.83066,1.84106,102209.0
2014-03-13 00:00:00+00:00,1.841,1.84669,1.83596,1.84337,89134.0
2014-03-16 00:00:00+00:00,1.84798,1.84906,1.82753,1.83074,64315.0
2014-03-17 00:00:00+00:00,1.8308,1.83636,1.81226,1.81798,79930.0
2014-03-18 00:00:00+00:00,1.81842,1.83282,1.81598,1.8293,98617.0
2014-03-19 00:00:00+00:00,1.82972,1.83694,1.82357,1.82578,81264.0
2014-03-20 00:00:00+00:00,1.82518,1.82738,1.81278,1.81546,64264.0
2014-03-23 00:00:00+00:00,1.8084,1.82198,1.8052,1.80672,72012.0
2014-03-24 00:00:00+00:00,1.80684,1.8081,1.8017,1.8032,77291.0
2014-03-25 00:00:00+00:00,1.80327,1.80632,1.7895,1.79759,79133.0
2014-03-26 00:00:00+00:00,1.79751,1.8023,1.79209,1.79404,78272.0
2014-03-27 00:00:00+00:00,1.79406,1.80096,1.78752,1.79911,68989.0
2014-03-30 00:00:00+00:00,1.80274,1.8048,1.79614,1.79872,79753.0
2014-03-31 00:00:00+00:00,1.79864,1.80348,1.791,1.79826,70772.0
2014-04-01 00:00:00+00:00,1.79832,1.80286,1.7972,1.79767,65823.0
2014-04-02 00:00:00+00:00,1.79776,1.80747,1.7946,1.79782,86653.0
2014-04-03 00:00:00+00:00,1.79782,1.79906,1.78088,1.7839,78705.0
2014-04-06 00:00:00+00:00,1.78519,1.79555,1.78308,1.79137,55312.0
2014-04-07 00:00:00+00:00,1.79145,1.79522,1.78304,1.7891,77112.0
2014-04-08 00:00:00+00:00,1.78895,1.79323,1.78326,1.78827,75685.0
2014-04-09 00:00:00+00:00,1.78869,1.7928,1.77369,1.78296,83117.0
2014-04-10 00:00:00+00:00,1.78241,1.79081,1.77721,1.78104,77713.0
2014-04-13 00:00:00+00:00,1.78066,1.78439,1.77408,1.77513,54242.0
2014-04-14 00:00:00+00:00,1.77505,1.79178,1.77398,1.78694,78713.0
2014-04-15 00:00:00+00:00,1.78801,1.79936,1.78346,1.79245,82516.0
2014-04-16 00:00:00+00:00,1.79212,1.80196,1.7917,1.79954,63916.0
2014-04-17 00:00:00+00:00,1.80064,1.80168,1.79706,1.79905,40276.0
2014-04-20 00:00:00+00:00,1.79858,1.80304,1.79771,1.8003,33342.0
2014-04-21 00:00:00+00:00,1.80064,1.80146,1.7933,1.79606,60728.0
2014-04-22 00:00:00+00:00,1.79607,1.81444,1.79426,1.80628,76030.0
2014-04-23 00:00:00+00:00,1.80635,1.81562,1.80486,1.81372,64126.0
2014-04-24 00:00:00+00:00,1.81372,1.81592,1.80811,1.8114,52507.0
2014-04-27 00:00:00+00:00,1.81186,1.81832,1.80507,1.81541,68631.0
2014-04-28 00:00:00+00:00,1.8155,1.82216,1.81288,1.81556,69349.0
2014-04-29 00:00:00+00:00,1.81562,1.82274,1.80825,1.8167,86050.0
2014-04-30 00:00:00+00:00,1.81616,1.82424,1.81303,1.8215,58582.0
2014-05-01 00:00:00+00:00,1.82142,1.82956,1.81862,1.8191,85104.0
2014-05-04 00:00:00+00:00,1.81792,1.82441,1.81702,1.81856,50165.0
2014-05-05 00:00:00+00:00,1.8189,1.82227,1.81273,1.81532,83617.0
2014-05-06 00:00:00+00:00,1.8155,1.82018,1.81471,1.81748,71385.0
2014-05-07 00:00:00+00:00,1.81809,1.81928,1.80282,1.80612,91928.0
2014-05-08 00:00:00+00:00,1.80592,1.81028,1.79624,1.80005,67527.0
2014-05-11 00:00:00+00:00,1.79918,1.80376,1.79878,1.80162,50998.0
2014-05-12 00:00:00+00:00,1.80162,1.80768,1.79582,1.79738,69035.0
2014-05-13 00:00:00+00:00,1.79722,1.79895,1.78312,1.78778,80547.0
2014-05-14 00:00:00+00:00,1.78806,1.80151,1.78397,1.79443,80041.0
2014-05-15 00:00:00+00:00,1.79426,1.79972,1.79286,1.79714,55288.0
2014-05-18 00:00:00+00:00,1.79364,1.80375,1.7932,1.80212,58927.0
2014-05-19 00:00:00+00:00,1.80235,1.82248,1.80112,1.82168,71570.0
2014-05-20 00:00:00+00:00,1.82191,1.83342,1.82138,1.82669,77456.0
2014-05-21 00:00:00+00:00,1.82676,1.83234,1.8208,1.82884,72425.0
2014-05-22 00:00:00+00:00,1.82866,1.82965,1.81996,1.82407,59432.0
2014-05-25 00:00:00+00:00,1.82278,1.82449,1.82088,1.82342,40136.0
2014-05-26 00:00:00+00:00,1.82336,1.82405,1.81434,1.81562,63938.0
2014-05-27 00:00:00+00:00,1.81538,1.81728,1.80814,1.8094,67919.0
2014-05-28 00:00:00+00:00,1.80952,1.81554,1.79566,1.7962,72024.0
2014-05-29 00:00:00+00:00,1.7961,1.80451,1.79379,1.79982,63826.0
2014-06-01 00:00:00+00:00,1.80102,1.81433,1.79888,1.81125,66686.0
2014-06-02 00:00:00+00:00,1.81074,1.81449,1.80479,1.80764,67687.0
2014-06-03 00:00:00+00:00,1.80757,1.80881,1.79793,1.80394,63172.0
2014-06-04 00:00:00+00:00,1.80398,1.8081,1.7981,1.80074,94122.0
2014-06-05 00:00:00+00:00,1.80074,1.8035,1.79652,1.8004,70356.0
2014-06-08 00:00:00+00:00,1.79976,1.80086,1.79478,1.79597,45629.0
2014-06-09 00:00:00+00:00,1.79546,1.79874,1.78695,1.78782,63463.0
2014-06-10 00:00:00+00:00,1.78796,1.79049,1.78343,1.78901,58541.0
2014-06-11 00:00:00+00:00,1.78894,1.79635,1.78228,1.79573,84381.0
2014-06-12 00:00:00+00:00,1.79566,1.80842,1.7954,1.80485,81615.0
2014-06-15 00:00:00+00:00,1.80691,1.81168,1.8047,1.80672,53565.0
2014-06-16 00:00:00+00:00,1.8062,1.81806,1.8058,1.81673,61961.0
2014-06-17 00:00:00+00:00,1.8173,1.82084,1.8054,1.80606,84506.0
2014-06-18 00:00:00+00:00,1.80556,1.81444,1.80354,1.81286,65122.0
2014-06-19 00:00:00+00:00,1.81294,1.81594,1.81068,1.81206,58443.0
2014-06-22 00:00:00+00:00,1.8147,1.81534,1.80152,1.80722,51392.0
2014-06-23 00:00:00+00:00,1.80735,1.81362,1.805,1.81299,58903.0
2014-06-24 00:00:00+00:00,1.81321,1.81502,1.80492,1.80525,58190.0
2014-06-25 00:00:00+00:00,1.80572,1.81088,1.80409,1.8087,59879.0
2014-06-26 00:00:00+00:00,1.80855,1.80994,1.80458,1.80622,49201.0
2014-06-29 00:00:00+00:00,1.80774,1.81619,1.80621,1.81329,56326.0
2014-06-30 00:00:00+00:00,1.81346,1.81716,1.80532,1.80575,58602.0
2014-07-01 00:00:00+00:00,1.80566,1.81968,1.80546,1.8177,59710.0
2014-07-02 00:00:00+00:00,1.81758,1.83737,1.81738,1.83538,73826.0
2014-07-03 00:00:00+00:00,1.8351,1.83628,1.83118,1.83247,47976.0
2014-07-06 00:00:00+00:00,1.83331,1.83476,1.82599,1.82734,42811.0
2014-07-07 00:00:00+00:00,1.82762,1.82924,1.81766,1.82258,49873.0
2014-07-08 00:00:00+00:00,1.82253,1.82454,1.8182,1.82282,55328.0
2014-07-09 00:00:00+00:00,1.82296,1.82901,1.81494,1.82372,63073.0
2014-07-10 00:00:00+00:00,1.82366,1.82614,1.81844,1.82227,48772.0
2014-07-13 00:00:00+00:00,1.82575,1.82627,1.8171,1.8185,44470.0
2014-07-14 00:00:00+00:00,1.81894,1.8346,1.81729,1.82954,70538.0
2014-07-15 00:00:00+00:00,1.82938,1.8364,1.82872,1.82956,58435.0
2014-07-16 00:00:00+00:00,1.82941,1.83224,1.8208,1.8286,59910.0
2014-07-17 00:00:00+00:00,1.82853,1.83102,1.8151,1.82002,67240.0
2014-07-20 00:00:00+00:00,1.81938,1.82197,1.81676,1.82154,43338.0
2014-07-21 00:00:00+00:00,1.82162,1.82388,1.81175,1.81652,59958.0
2014-07-22 00:00:00+00:00,1.8163,1.81908,1.80082,1.8024,62947.0
2014-07-23 00:00:00+00:00,1.80234,1.80654,1.79752,1.80354,65954.0
2014-07-24 00:00:00+00:00,1.80344,1.80746,1.80268,1.80662,51589.0
2014-07-27 00:00:00+00:00,1.80696,1.80944,1.80432,1.80548,41862.0
2014-07-28 00:00:00+00:00,1.80564,1.80846,1.803,1.80562,56006.0
2014-07-29 00:00:00+00:00,1.8059,1.81626,1.80516,1.81272,76162.0
2014-07-30 00:00:00+00:00,1.81296,1.81778,1.81222,1.81653,58553.0
2014-07-31 00:00:00+00:00,1.8165,1.81868,1.8056,1.80642,83135.0
2014-08-03 00:00:00+00:00,1.80821,1.80836,1.80306,1.8067,40605.0
2014-08-04 00:00:00+00:00,1.80644,1.81559,1.8042,1.81486,55840.0
2014-08-05 00:00:00+00:00,1.81476,1.81606,1.79804,1.80157,56503.0
2014-08-06 00:00:00+00:00,1.80142,1.81922,1.80104,1.81548,70813.0
2014-08-07 00:00:00+00:00,1.81548,1.81902,1.80744,1.80824,71462.0
2014-08-10 00:00:00+00:00,1.8088,1.81299,1.80713,1.81248,6555.0
2014-08-11 00:00:00+00:00,1.81272,1.8142,1.80899,1.8138,8334.0
2014-08-12 00:00:00+00:00,1.81384,1.81482,1.7928,1.79358,14030.0
2014-08-13 00:00:00+00:00,1.7938,1.79623,1.78946,1.79051,9279.0
2014-08-14 00:00:00+00:00,1.79063,1.79476,1.78781,1.79096,10256.0
2014-08-17 00:00:00+00:00,1.79658,1.79698,1.79171,1.79396,6781.0
2014-08-18 00:00:00+00:00,1.79365,1.79464,1.78056,1.7862,10263.0
2014-08-19 00:00:00+00:00,1.7862,1.7951,1.7837,1.78657,16261.0
2014-08-20 00:00:00+00:00,1.78726,1.79482,1.78208,1.78238,11054.0
2014-08-21 00:00:00+00:00,1.78238,1.78302,1.7776,1.7789,12339.0
2014-08-24 00:00:00+00:00,1.77728,1.78506,1.77664,1.78314,9644.0
2014-08-25 00:00:00+00:00,1.7833,1.78684,1.77714,1.77727,9400.0
2014-08-26 00:00:00+00:00,1.778,1.77826,1.77342,1.77546,10833.0
2014-08-27 00:00:00+00:00,1.77504,1.7767,1.76989,1.77258,11938.0
2014-08-28 00:00:00+00:00,1.77294,1.77862,1.77214,1.77708,10950.0
2014-08-31 00:00:00+00:00,1.77919,1.78094,1.77612,1.77944,5709.0
2014-09-01 00:00:00+00:00,1.77958,1.78616,1.77476,1.7756,10632.0
2014-09-02 00:00:00+00:00,1.7757,1.77739,1.75938,1.76137,11730.0
2014-09-03 00:00:00+00:00,1.76114,1.76334,1.74592,1.74678,15120.0
2014-09-04 00:00:00+00:00,1.74654,1.74754,1.73604,1.74126,13607.0
2014-09-07 00:00:00+00:00,1.72648,1.73866,1.72154,1.73505,14659.0
2014-09-08 00:00:00+00:00,1.73506,1.75165,1.73364,1.75014,18354.0
2014-09-09 00:00:00+00:00,1.74992,1.7713,1.74896,1.77016,23007.0
2014-09-10 00:00:00+00:00,1.77002,1.78803,1.75796,1.78658,22364.0
2014-09-11 00:00:00+00:00,1.7847,1.80026,1.78387,1.80015,18379.0
2014-09-14 00:00:00+00:00,1.80661,1.80803,1.7954,1.79798,13727.0
2014-09-15 00:00:00+00:00,1.79759,1.80229,1.78585,1.79,21834.0
2014-09-16 00:00:00+00:00,1.78966,1.81716,1.78862,1.81657,33944.0
2014-09-17 00:00:00+00:00,1.81663,1.83256,1.81271,1.82409,33703.0
2014-09-18 00:00:00+00:00,1.82375,1.84778,1.81898,1.82516,53565.0
2014-09-21 00:00:00+00:00,1.82579,1.84538,1.82345,1.84388,20817.0
2014-09-22 00:00:00+00:00,1.84408,1.85547,1.83514,1.85331,23652.0
2014-09-23 00:00:00+00:00,1.85344,1.85411,1.83855,1.83894,19762.0
2014-09-24 00:00:00+00:00,1.83922,1.85825,1.83806,1.85674,29562.0
2014-09-25 00:00:00+00:00,1.85674,1.86314,1.84996,1.85384,22396.0
2014-09-28 00:00:00+00:00,1.8551,1.8677,1.85176,1.86296,24014.0
2014-09-29 00:00:00+00:00,1.86223,1.86669,1.85128,1.85344,28866.0
2014-09-30 00:00:00+00:00,1.85265,1.86844,1.85167,1.85229,30003.0
2014-10-01 00:00:00+00:00,1.8554,1.85544,1.8308,1.83396,39116.0
2014-10-02 00:00:00+00:00,1.83432,1.8461,1.8303,1.84091,28049.0
2014-10-05 00:00:00+00:00,1.83903,1.84435,1.82865,1.83524,22918.0
2014-10-06 00:00:00+00:00,1.83548,1.8381,1.82258,1.8255,33524.0
2014-10-07 00:00:00+00:00,1.82592,1.83752,1.82334,1.82885,38353.0
2014-10-08 00:00:00+00:00,1.8288,1.83858,1.82002,1.83527,37560.0
2014-10-09 00:00:00+00:00,1.83552,1.85158,1.83532,1.85113,29411.0
2014-10-12 00:00:00+00:00,1.8492,1.85931,1.83162,1.83358,27014.0
2014-10-13 00:00:00+00:00,1.83372,1.83866,1.82042,1.82531,29491.0
2014-10-14 00:00:00+00:00,1.82531,1.83032,1.81107,1.81453,58613.0
2014-10-15 00:00:00+00:00,1.8141,1.841,1.81377,1.83742,51937.0
2014-10-16 00:00:00+00:00,1.83726,1.8408,1.82966,1.84,33560.0
2014-10-19 00:00:00+00:00,1.83883,1.84135,1.83308,1.84004,20149.0
2014-10-20 00:00:00+00:00,1.83953,1.84506,1.83078,1.83536,27347.0
2014-10-21 00:00:00+00:00,1.83576,1.8427,1.82211,1.82836,25329.0
2014-10-22 00:00:00+00:00,1.82874,1.83366,1.81889,1.8293,26374.0
2014-10-23 00:00:00+00:00,1.82948,1.83866,1.82068,1.82899,21654.0
2014-10-26 00:00:00+00:00,1.82688,1.83462,1.82501,1.83164,27839.0
2014-10-27 00:00:00+00:00,1.83142,1.83282,1.82029,1.8214,31448.0
2014-10-28 00:00:00+00:00,1.82158,1.82396,1.81072,1.81988,39568.0
2014-10-29 00:00:00+00:00,1.81936,1.82607,1.81071,1.8113,46639.0
2014-10-30 00:00:00+00:00,1.81154,1.82147,1.8081,1.81836,66021.0
2014-11-02 00:00:00+00:00,1.82408,1.84078,1.82288,1.84004,53051.0
2014-11-03 00:00:00+00:00,1.84014,1.84696,1.82913,1.83097,47150.0
2014-11-04 00:00:00+00:00,1.83166,1.86417,1.82687,1.85887,57693.0
2014-11-05 00:00:00+00:00,1.85914,1.86529,1.8467,1.84945,69963.0
2014-11-06 00:00:00+00:00,1.849,1.85304,1.83368,1.83846,64846.0
2014-11-09 00:00:00+00:00,1.83668,1.8409,1.83154,1.83724,39453.0
2014-11-10 00:00:00+00:00,1.83758,1.84402,1.82844,1.83265,29086.0
2014-11-11 00:00:00+00:00,1.83214,1.83562,1.80912,1.80977,32257.0
2014-11-12 00:00:00+00:00,1.80964,1.81768,1.79815,1.80182,22316.0
2014-11-13 00:00:00+00:00,1.80166,1.80621,1.78772,1.79022,29249.0
2014-11-16 00:00:00+00:00,1.78642,1.79766,1.78618,1.79588,23875.0
2014-11-17 00:00:00+00:00,1.79588,1.80152,1.78774,1.79267,21930.0
2014-11-18 00:00:00+00:00,1.79266,1.82252,1.79208,1.81945,31070.0
2014-11-19 00:00:00+00:00,1.81944,1.82736,1.81732,1.82031,31687.0
2014-11-20 00:00:00+00:00,1.82083,1.82116,1.79738,1.80571,34739.0
2014-11-23 00:00:00+00:00,1.80184,1.825,1.7996,1.82233,19905.0
2014-11-24 00:00:00+00:00,1.82266,1.84488,1.8212,1.84177,28789.0
2014-11-25 00:00:00+00:00,1.84164,1.85672,1.83432,1.8469,28007.0
2014-11-26 00:00:00+00:00,1.8478,1.85094,1.8346,1.84171,24051.0
2014-11-27 00:00:00+00:00,1.84208,1.85098,1.83196,1.8397,25847.0
2014-11-30 00:00:00+00:00,1.84764,1.85459,1.84311,1.85312,38325.0
2014-12-01 00:00:00+00:00,1.85354,1.85833,1.84104,1.85173,24840.0
2014-12-02 00:00:00+00:00,1.85106,1.86792,1.84822,1.86618,26671.0
2014-12-03 00:00:00+00:00,1.86663,1.87556,1.86274,1.86949,36007.0
2014-12-04 00:00:00+00:00,1.86979,1.87935,1.86508,1.87208,28663.0
2014-12-07 00:00:00+00:00,1.87484,1.88829,1.87134,1.88715,22034.0
2014-12-08 00:00:00+00:00,1.88756,1.90206,1.87569,1.8892,36553.0
2014-12-09 00:00:00+00:00,1.88911,1.89545,1.87904,1.88916,29141.0
2014-12-10 00:00:00+00:00,1.88958,1.90758,1.8806,1.90158,39098.0
2014-12-11 00:00:00+00:00,1.90188,1.91065,1.89384,1.9055,31738.0
2014-12-14 00:00:00+00:00,1.90715,1.91695,1.89688,1.90454,36163.0
2014-12-15 00:00:00+00:00,1.9043,1.91815,1.89422,1.9165,45645.0
2014-12-16 00:00:00+00:00,1.9167,1.93086,1.90382,1.91762,58400.0
2014-12-17 00:00:00+00:00,1.91782,1.92226,1.90158,1.91946,36749.0
2014-12-18 00:00:00+00:00,1.92038,1.92306,1.91006,1.91911,27636.0
2014-12-21 00:00:00+00:00,1.9189,1.92142,1.91266,1.91598,17183.0
2014-12-22 00:00:00+00:00,1.91731,1.92679,1.90776,1.91506,21532.0
2014-12-23 00:00:00+00:00,1.91486,1.91996,1.90994,1.91879,17318.0
2014-12-25 00:00:00+00:00,1.91802,1.9197,1.91148,1.91577,37615.0
2014-12-28 00:00:00+00:00,1.91614,1.91869,1.90363,1.90795,21287.0
2014-12-29 00:00:00+00:00,1.90795,1.91,1.89726,1.90148,18206.0
2014-12-30 00:00:00+00:00,1.90148,1.91059,1.8952,1.9085,13898.0
2015-01-01 00:00:00+00:00,1.90432,1.91394,1.88974,1.8948,23669.0
2015-01-04 00:00:00+00:00,1.89566,1.9015,1.87735,1.88673,28931.0
2015-01-05 00:00:00+00:00,1.88616,1.8871,1.86504,1.8742,32728.0
2015-01-06 00:00:00+00:00,1.87457,1.8782,1.86923,1.87036,37311.0
2015-01-07 00:00:00+00:00,1.87036,1.87209,1.85281,1.8577,25452.0
2015-01-08 00:00:00+00:00,1.85728,1.86509,1.84723,1.84776,37801.0
2015-01-11 00:00:00+00:00,1.8485,1.8632,1.83775,1.86014,25993.0
2015-01-12 00:00:00+00:00,1.85975,1.8651,1.84983,1.85642,30490.0
2015-01-13 00:00:00+00:00,1.85642,1.87868,1.85284,1.86956,38644.0
2015-01-14 00:00:00+00:00,1.86937,1.8735,1.83868,1.8478,109257.0
2015-01-15 00:00:00+00:00,1.84779,1.85558,1.83847,1.8413,56934.0
2015-01-18 00:00:00+00:00,1.84048,1.84946,1.83644,1.84014,28495.0
2015-01-19 00:00:00+00:00,1.84068,1.85937,1.83427,1.85316,28240.0
2015-01-20 00:00:00+00:00,1.85395,1.87356,1.83712,1.87292,43221.0
2015-01-21 00:00:00+00:00,1.8724,1.87992,1.85546,1.87008,60215.0
2015-01-22 00:00:00+00:00,1.87008,1.90002,1.86526,1.89423,60847.0
2015-01-25 00:00:00+00:00,1.90492,1.90826,1.89381,1.9033,47515.0
2015-01-26 00:00:00+00:00,1.90412,1.91955,1.89478,1.9147,41220.0
2015-01-27 00:00:00+00:00,1.91452,1.92028,1.89213,1.91875,50401.0
2015-01-28 00:00:00+00:00,1.91903,1.9486,1.91554,1.94091,37784.0
2015-01-29 00:00:00+00:00,1.94148,1.95007,1.927,1.93964,42192.0
2015-02-01 00:00:00+00:00,1.94646,1.94836,1.91942,1.92722,37773.0
2015-02-02 00:00:00+00:00,1.92768,1.96803,1.92006,1.9467,60385.0
2015-02-03 00:00:00+00:00,1.94686,1.96679,1.93374,1.95828,46823.0
2015-02-04 00:00:00+00:00,1.95786,1.96708,1.94812,1.96566,39455.0
2015-02-05 00:00:00+00:00,1.9655,1.96686,1.94696,1.95478,41831.0
2015-02-08 00:00:00+00:00,1.96182,1.96644,1.9439,1.94995,28488.0
2015-02-09 00:00:00+00:00,1.94996,1.96511,1.94244,1.96295,30678.0
2015-02-10 00:00:00+00:00,1.96339,1.98216,1.95851,1.97415,31167.0
2015-02-11 00:00:00+00:00,1.97358,2.00354,1.97174,1.98908,48436.0
2015-02-12 00:00:00+00:00,1.98908,1.99189,1.9774,1.98222,30704.0
2015-02-15 00:00:00+00:00,1.98474,1.98578,1.97458,1.97668,37610.0
2015-02-16 00:00:00+00:00,1.97636,1.98316,1.96164,1.96392,28916.0
2015-02-17 00:00:00+00:00,1.96351,1.9843,1.96063,1.97614,33237.0
2015-02-18 00:00:00+00:00,1.97652,1.99128,1.97071,1.97802,28491.0
2015-02-19 00:00:00+00:00,1.97786,1.97992,1.95724,1.96372,34732.0
2015-02-22 00:00:00+00:00,1.96168,1.98404,1.95919,1.98116,23420.0
2015-02-23 00:00:00+00:00,1.98056,1.99518,1.97195,1.97358,32000.0
2015-02-24 00:00:00+00:00,1.97322,1.97539,1.96109,1.96927,28273.0
2015-02-25 00:00:00+00:00,1.9689,1.98184,1.96286,1.97507,32521.0
2015-02-26 00:00:00+00:00,1.97446,1.98313,1.96643,1.9767,30578.0
2015-03-01 00:00:00+00:00,1.97556,1.98509,1.9734,1.97867,26624.0
2015-03-02 00:00:00+00:00,1.97854,1.98128,1.96103,1.96502,23503.0
2015-03-03 00:00:00+00:00,1.96556,1.97058,1.94974,1.95257,25606.0
2015-03-04 00:00:00+00:00,1.95233,1.96322,1.94588,1.95817,27890.0
2015-03-05 00:00:00+00:00,1.95816,1.96077,1.93618,1.94921,39047.0
2015-03-08 00:00:00+00:00,1.95115,1.96418,1.949,1.96407,25352.0
2015-03-09 00:00:00+00:00,1.96406,1.98204,1.96234,1.97628,41118.0
2015-03-10 00:00:00+00:00,1.9766,1.98565,1.9621,1.96532,48732.0
2015-03-11 00:00:00+00:00,1.96606,1.97012,1.9298,1.93084,49103.0
2015-03-12 00:00:00+00:00,1.93026,1.94135,1.92516,1.9306,42924.0
2015-03-15 00:00:00+00:00,1.93516,1.9423,1.92786,1.941,30042.0
2015-03-16 00:00:00+00:00,1.94117,1.94697,1.92638,1.9363,30811.0
2015-03-17 00:00:00+00:00,1.936,1.94373,1.91448,1.92598,78825.0
2015-03-18 00:00:00+00:00,1.926,1.94607,1.92111,1.92845,77544.0
2015-03-19 00:00:00+00:00,1.92864,1.93164,1.9179,1.92354,53491.0
2015-03-22 00:00:00+00:00,1.92404,1.9241,1.89384,1.89736,62239.0
2015-03-23 00:00:00+00:00,1.89784,1.90593,1.8843,1.88515,53180.0
2015-03-24 00:00:00+00:00,1.88534,1.90162,1.88308,1.89708,43002.0
2015-03-25 00:00:00+00:00,1.89686,1.9077,1.8918,1.897,47620.0
2015-03-26 00:00:00+00:00,1.89704,1.92158,1.89553,1.91948,48158.0
2015-03-29 00:00:00+00:00,1.92474,1.93952,1.91916,1.93529,36478.0
2015-03-30 00:00:00+00:00,1.93584,1.95087,1.93232,1.94791,41406.0
2015-03-31 00:00:00+00:00,1.94837,1.95421,1.9388,1.95053,46795.0
2015-04-01 00:00:00+00:00,1.95079,1.9655,1.94924,1.95314,40556.0
2015-04-02 00:00:00+00:00,1.95361,1.95866,1.93336,1.95435,41107.0
2015-04-05 00:00:00+00:00,1.95272,1.96301,1.95034,1.96048,21444.0
2015-04-06 00:00:00+00:00,1.96016,1.96476,1.93352,1.93978,39583.0
2015-04-07 00:00:00+00:00,1.93979,1.94358,1.93093,1.93477,44947.0
2015-04-08 00:00:00+00:00,1.93562,1.93971,1.91039,1.91272,36634.0
2015-04-09 00:00:00+00:00,1.91246,1.91442,1.90362,1.90558,38691.0
2015-04-12 00:00:00+00:00,1.90668,1.93692,1.90532,1.93373,41216.0
2015-04-13 00:00:00+00:00,1.93412,1.94059,1.92538,1.93809,45420.0
2015-04-14 00:00:00+00:00,1.93764,1.94642,1.92651,1.93212,47369.0
2015-04-15 00:00:00+00:00,1.93278,1.93318,1.91063,1.91392,55347.0
2015-04-16 00:00:00+00:00,1.91412,1.9289,1.91332,1.92338,50263.0
2015-04-19 00:00:00+00:00,1.91186,1.93384,1.91055,1.92974,39759.0
2015-04-20 00:00:00+00:00,1.92957,1.93767,1.9223,1.93579,35376.0
2015-04-21 00:00:00+00:00,1.93624,1.94062,1.91995,1.93898,43650.0
2015-04-22 00:00:00+00:00,1.93914,1.94566,1.93244,1.93568,41456.0
2015-04-23 00:00:00+00:00,1.93598,1.94564,1.93168,1.94167,39630.0
2015-04-26 00:00:00+00:00,1.9401,1.94358,1.92974,1.93888,35051.0
2015-04-27 00:00:00+00:00,1.93947,1.9429,1.91022,1.91212,42977.0
2015-04-28 00:00:00+00:00,1.91198,1.92779,1.91122,1.92768,59793.0
2015-04-29 00:00:00+00:00,1.92786,1.95076,1.92476,1.942,57120.0
2015-04-30 00:00:00+00:00,1.94228,1.95268,1.92772,1.92888,44770.0
2015-05-03 00:00:00+00:00,1.93357,1.94246,1.92619,1.92944,38380.0
2015-05-04 00:00:00+00:00,1.92974,1.94092,1.9094,1.91138,45489.0
2015-05-05 00:00:00+00:00,1.91158,1.9155,1.89809,1.9134,53423.0
2015-05-06 00:00:00+00:00,1.91164,1.93239,1.90482,1.92831,50474.0
2015-05-07 00:00:00+00:00,1.92796,1.9668,1.9258,1.94656,61917.0
2015-05-10 00:00:00+00:00,1.94826,1.97686,1.94624,1.97528,32616.0
2015-05-11 00:00:00+00:00,1.97539,1.97574,1.95956,1.96456,32668.0
2015-05-12 00:00:00+00:00,1.96464,1.97153,1.93532,1.94062,39527.0
2015-05-13 00:00:00+00:00,1.94074,1.95469,1.92933,1.9523,35231.0
2015-05-14 00:00:00+00:00,1.95224,1.96688,1.94998,1.9572,30021.0
2015-05-17 00:00:00+00:00,1.95764,1.96528,1.95332,1.95892,26027.0
2015-05-18 00:00:00+00:00,1.95878,1.96614,1.9421,1.95971,34503.0
2015-05-19 00:00:00+00:00,1.9595,1.97626,1.95568,1.9727,39280.0
2015-05-20 00:00:00+00:00,1.97284,1.99132,1.96496,1.98348,31646.0
2015-05-21 00:00:00+00:00,1.98354,1.98964,1.97574,1.97828,33584.0
2015-05-24 00:00:00+00:00,1.97746,1.98224,1.97422,1.97722,13580.0
2015-05-25 00:00:00+00:00,1.97727,1.99102,1.97122,1.98884,33890.0
2015-05-26 00:00:00+00:00,1.98866,1.99618,1.98463,1.98636,33835.0
2015-05-27 00:00:00+00:00,1.98712,2.00574,1.97862,2.00191,39864.0
2015-05-28 00:00:00+00:00,2.00258,2.00389,1.99102,2.00051,34205.0
2015-05-31 00:00:00+00:00,2.00261,2.00272,1.99002,1.99856,30816.0
2015-06-01 00:00:00+00:00,1.99818,1.99884,1.972,1.97408,40068.0
2015-06-02 00:00:00+00:00,1.97401,1.97652,1.96055,1.97008,36234.0
2015-06-03 00:00:00+00:00,1.97016,2.00416,1.96859,1.99854,34895.0
2015-06-04 00:00:00+00:00,1.99836,2.00684,1.9827,2.00156,36022.0
2015-06-07 00:00:00+00:00,2.00118,2.007,1.99014,1.99286,30441.0
2015-06-08 00:00:00+00:00,1.99364,2.00457,1.9853,2.00044,33328.0
2015-06-09 00:00:00+00:00,2.00049,2.01286,1.98504,2.00155,45704.0
2015-06-10 00:00:00+00:00,2.00113,2.01788,1.9892,2.0009,35437.0
2015-06-11 00:00:00+00:00,2.00066,2.0165,1.9996,2.01349,32635.0
2015-06-14 00:00:00+00:00,2.00562,2.01689,1.99702,2.00903,24433.0
2015-06-15 00:00:00+00:00,2.00896,2.02135,2.00528,2.01865,24902.0
2015-06-16 00:00:00+00:00,2.01744,2.05329,2.0173,2.043,37548.0
2015-06-17 00:00:00+00:00,2.04257,2.055,2.02589,2.036,33623.0
2015-06-18 00:00:00+00:00,2.03608,2.05035,2.03257,2.04308,21477.0
2015-06-21 00:00:00+00:00,2.04391,2.04914,2.03466,2.04758,22290.0
2015-06-22 00:00:00+00:00,2.04833,2.05091,2.03053,2.03302,28114.0
2015-06-23 00:00:00+00:00,2.03285,2.04538,2.02897,2.03864,25905.0
2015-06-24 00:00:00+00:00,2.03881,2.04012,2.02474,2.03465,22457.0
2015-06-25 00:00:00+00:00,2.03554,2.06162,2.03438,2.05697,21162.0
2015-06-28 00:00:00+00:00,2.05808,2.06784,2.04144,2.04936,48150.0
2015-06-29 00:00:00+00:00,2.04929,2.0528,2.03632,2.0383,33583.0
2015-06-30 00:00:00+00:00,2.03814,2.04375,2.02866,2.04259,27672.0
2015-07-01 00:00:00+00:00,2.0431,2.05444,2.03886,2.0451,25599.0
2015-07-02 00:00:00+00:00,2.0441,2.08137,2.04157,2.07104,20877.0
2015-07-05 00:00:00+00:00,2.07854,2.08504,2.0673,2.08095,29694.0
2015-07-06 00:00:00+00:00,2.08134,2.09327,2.0706,2.07425,34738.0
2015-07-07 00:00:00+00:00,2.0742,2.09296,2.06056,2.06756,32839.0
2015-07-08 00:00:00+00:00,2.06858,2.07796,2.05434,2.06525,27629.0
2015-07-09 00:00:00+00:00,2.06446,2.09206,2.05398,2.08438,30417.0
2015-07-12 00:00:00+00:00,2.09,2.10374,2.07816,2.09113,29034.0
2015-07-13 00:00:00+00:00,2.09089,2.09966,2.0801,2.09842,29761.0
2015-07-14 00:00:00+00:00,2.0983,2.12522,2.08998,2.11974,35699.0
2015-07-15 00:00:00+00:00,2.12,2.1245,2.09924,2.1082,29954.0
2015-07-16 00:00:00+00:00,2.10776,2.12034,2.10339,2.1155,23377.0
2015-07-19 00:00:00+00:00,2.11434,2.1272,2.10662,2.11122,23425.0
2015-07-20 00:00:00+00:00,2.11188,2.1206,2.08874,2.09668,25855.0
2015-07-21 00:00:00+00:00,2.09702,2.12231,2.09372,2.11694,34753.0
2015-07-22 00:00:00+00:00,2.11672,2.12214,2.10179,2.1089,31230.0
2015-07-23 00:00:00+00:00,2.10924,2.13434,2.10784,2.12958,28648.0
2015-07-26 00:00:00+00:00,2.1335,2.14116,2.12325,2.14013,28375.0
2015-07-27 00:00:00+00:00,2.14056,2.14332,2.12582,2.12799,31618.0
2015-07-28 00:00:00+00:00,2.12818,2.14446,2.12365,2.13882,36865.0
2015-07-29 00:00:00+00:00,2.13816,2.15151,2.13054,2.13937,31161.0
2015-07-30 00:00:00+00:00,2.13972,2.1529,2.12378,2.13885,42890.0
2015-08-02 00:00:00+00:00,2.1359,2.147,2.13553,2.13925,28474.0
2015-08-03 00:00:00+00:00,2.13946,2.14496,2.10108,2.10923,35077.0
2015-08-04 00:00:00+00:00,2.10924,2.12719,2.10794,2.12116,35611.0
2015-08-05 00:00:00+00:00,2.12099,2.13446,2.10948,2.11138,34553.0
2015-08-06 00:00:00+00:00,2.1118,2.11308,2.08746,2.0886,39207.0
2015-08-09 00:00:00+00:00,2.08935,2.10772,2.08886,2.10352,25326.0
2015-08-10 00:00:00+00:00,2.1039,2.13825,2.09704,2.13208,38245.0
2015-08-11 00:00:00+00:00,2.13257,2.15292,2.11348,2.11621,49256.0
2015-08-12 00:00:00+00:00,2.11679,2.13199,2.10942,2.12099,33705.0
2015-08-13 00:00:00+00:00,2.12127,2.12285,2.11149,2.12063,28880.0
2015-08-16 00:00:00+00:00,2.12212,2.12866,2.10964,2.11435,22257.0
2015-08-17 00:00:00+00:00,2.11412,2.14243,2.11026,2.13332,26239.0
2015-08-18 00:00:00+00:00,2.13352,2.14184,2.12664,2.13374,31511.0
2015-08-19 00:00:00+00:00,2.13348,2.14831,2.12868,2.138,31212.0
2015-08-20 00:00:00+00:00,2.13837,2.1524,2.1313,2.14524,37710.0
2015-08-23 00:00:00+00:00,2.14816,2.2401,2.14544,2.20498,110383.0
2015-08-24 00:00:00+00:00,2.205,2.20996,2.17714,2.20018,62885.0
2015-08-25 00:00:00+00:00,2.20018,2.21234,2.17038,2.17122,54445.0
2015-08-26 00:00:00+00:00,2.17226,2.18238,2.14552,2.14939,40883.0
2015-08-27 00:00:00+00:00,2.14994,2.15847,2.1399,2.14618,35749.0
2015-08-28 00:00:00+00:00,2.14618,2.14618,2.14618,2.14618,2.0
2015-08-30 00:00:00+00:00,2.15508,2.17102,2.15042,2.15707,26514.0
2015-08-31 00:00:00+00:00,2.1577,2.18212,2.15211,2.18062,38885.0
2015-09-01 00:00:00+00:00,2.18042,2.19122,2.17095,2.17358,33422.0
2015-09-02 00:00:00+00:00,2.17334,2.18625,2.16118,2.1741,31566.0
2015-09-03 00:00:00+00:00,2.17393,2.20072,2.17248,2.19548,33340.0
2015-09-06 00:00:00+00:00,2.19053,2.20834,2.18608,2.20641,27148.0
2015-09-07 00:00:00+00:00,2.20681,2.21102,2.18457,2.1938,26933.0
2015-09-08 00:00:00+00:00,2.19407,2.19462,2.17624,2.18968,23437.0
2015-09-09 00:00:00+00:00,2.18972,2.21074,2.16764,2.18382,43622.0
2015-09-10 00:00:00+00:00,2.18452,2.19362,2.17536,2.17567,23650.0
2015-09-13 00:00:00+00:00,2.17897,2.18722,2.15184,2.16132,20085.0
2015-09-14 00:00:00+00:00,2.16112,2.17094,2.14528,2.14865,20372.0
2015-09-15 00:00:00+00:00,2.14825,2.16154,2.13542,2.15298,23202.0
2015-09-16 00:00:00+00:00,2.15324,2.17597,2.14664,2.17306,44797.0
2015-09-17 00:00:00+00:00,2.17506,2.17552,2.14766,2.16075,35240.0
2015-09-20 00:00:00+00:00,2.16178,2.17708,2.15712,2.17435,23203.0
2015-09-21 00:00:00+00:00,2.17414,2.18212,2.16349,2.16722,23717.0
2015-09-22 00:00:00+00:00,2.16761,2.18701,2.16214,2.17662,30381.0
2015-09-23 00:00:00+00:00,2.17582,2.20098,2.16357,2.16968,33588.0
2015-09-24 00:00:00+00:00,2.1746,2.18252,2.15566,2.16078,37730.0
2015-09-27 00:00:00+00:00,2.16118,2.175,2.15884,2.17088,25879.0
2015-09-28 00:00:00+00:00,2.1712,2.18644,2.15728,2.16916,28899.0
2015-09-29 00:00:00+00:00,2.16938,2.1701,2.14946,2.15606,28220.0
2015-09-30 00:00:00+00:00,2.15628,2.16122,2.13771,2.15222,27287.0
2015-10-01 00:00:00+00:00,2.15243,2.17355,2.14658,2.15228,33245.0
2015-10-04 00:00:00+00:00,2.15344,2.15722,2.13423,2.1382,28254.0
2015-10-05 00:00:00+00:00,2.13819,2.14368,2.124,2.12512,23307.0
2015-10-06 00:00:00+00:00,2.12623,2.12971,2.11506,2.12532,27386.0
2015-10-07 00:00:00+00:00,2.12565,2.13826,2.11088,2.11447,29760.0
2015-10-08 00:00:00+00:00,2.11517,2.1177,2.0856,2.08772,29636.0
2015-10-11 00:00:00+00:00,2.09304,2.0968,2.07904,2.08474,22925.0
2015-10-12 00:00:00+00:00,2.08368,2.10527,2.08314,2.10467,33340.0
2015-10-13 00:00:00+00:00,2.10493,2.1307,2.10352,2.12015,34519.0
2015-10-14 00:00:00+00:00,2.11985,2.12246,2.10245,2.10994,36222.0
2015-10-15 00:00:00+00:00,2.10643,2.13058,2.10632,2.12516,26525.0
2015-10-18 00:00:00+00:00,2.12808,2.13496,2.11697,2.13348,22941.0
2015-10-19 00:00:00+00:00,2.1328,2.13501,2.12087,2.12733,21799.0
2015-10-20 00:00:00+00:00,2.12756,2.14446,2.12267,2.13914,19830.0
2015-10-21 00:00:00+00:00,2.13843,2.14866,2.12875,2.13579,31594.0
2015-10-22 00:00:00+00:00,2.13598,2.13733,2.10962,2.12187,31568.0
2015-10-25 00:00:00+00:00,2.1225,2.12414,2.11016,2.11796,22853.0
2015-10-26 00:00:00+00:00,2.11826,2.13114,2.11197,2.1271,21550.0
2015-10-27 00:00:00+00:00,2.12727,2.15584,2.12342,2.1461,36285.0
2015-10-28 00:00:00+00:00,2.14439,2.16636,2.14373,2.16468,26800.0
2015-10-29 00:00:00+00:00,2.1644,2.16929,2.15142,2.16164,32533.0
2015-11-01 00:00:00+00:00,2.17204,2.17241,2.15596,2.15746,24057.0
2015-11-02 00:00:00+00:00,2.15718,2.16682,2.13812,2.1461,26251.0
2015-11-03 00:00:00+00:00,2.14596,2.15437,2.13446,2.15228,27731.0
2015-11-04 00:00:00+00:00,2.15258,2.15922,2.12568,2.12894,31922.0
2015-11-05 00:00:00+00:00,2.12928,2.14451,2.11331,2.13638,33587.0
2015-11-08 00:00:00+00:00,2.14204,2.14707,2.13338,2.14458,21943.0
2015-11-09 00:00:00+00:00,2.14537,2.15338,2.13789,2.15019,18517.0
2015-11-10 00:00:00+00:00,2.15017,2.15731,2.14365,2.15432,22788.0
2015-11-11 00:00:00+00:00,2.15394,2.15522,2.12418,2.13744,31551.0
2015-11-12 00:00:00+00:00,2.13722,2.1405,2.12792,2.13828,24271.0
2015-11-15 00:00:00+00:00,2.13916,2.14814,2.13029,2.14213,21540.0
2015-11-16 00:00:00+00:00,2.14231,2.1458,2.13114,2.13918,22097.0
2015-11-17 00:00:00+00:00,2.1394,2.15156,2.13742,2.14262,22544.0
2015-11-18 00:00:00+00:00,2.14277,2.14452,2.1213,2.12542,26530.0
2015-11-19 00:00:00+00:00,2.12554,2.12772,2.09709,2.09906,22954.0
2015-11-22 00:00:00+00:00,2.10007,2.11725,2.09931,2.10268,23138.0
2015-11-23 00:00:00+00:00,2.10158,2.10484,2.07858,2.07906,22950.0
2015-11-24 00:00:00+00:00,2.07875,2.08824,2.07344,2.08621,27168.0
2015-11-25 00:00:00+00:00,2.08505,2.09485,2.08263,2.08955,26417.0
2015-11-26 00:00:00+00:00,2.09018,2.09592,2.08381,2.0903,22761.0
2015-11-29 00:00:00+00:00,2.09044,2.09608,2.0756,2.08327,19235.0
2015-11-30 00:00:00+00:00,2.08296,2.0852,2.0558,2.0595,25579.0
2015-12-01 00:00:00+00:00,2.05922,2.06252,2.03968,2.04516,26657.0
2015-12-02 00:00:00+00:00,2.04437,2.06826,2.03429,2.06306,52175.0
2015-12-03 00:00:00+00:00,2.06224,2.07282,2.05078,2.05854,39224.0
2015-12-06 00:00:00+00:00,2.05768,2.0776,2.05702,2.07156,36281.0
2015-12-07 00:00:00+00:00,2.07162,2.08613,2.06998,2.07986,52689.0
2015-12-08 00:00:00+00:00,2.08048,2.10808,2.07513,2.09948,208207.0
2015-12-09 00:00:00+00:00,2.0993,2.10236,2.07014,2.08238,207127.0
2015-12-10 00:00:00+00:00,2.08231,2.11972,2.08216,2.11888,192773.0
2015-12-13 00:00:00+00:00,2.11424,2.12186,2.08189,2.0908,193664.0
2015-12-14 00:00:00+00:00,2.09079,2.10434,2.08254,2.0911,200991.0
2015-12-15 00:00:00+00:00,2.09101,2.09328,2.07219,2.07422,238227.0
2015-12-16 00:00:00+00:00,2.07419,2.0966,2.06813,2.09074,213634.0
2015-12-17 00:00:00+00:00,2.09075,2.09685,2.07037,2.07622,197035.0
2015-12-20 00:00:00+00:00,2.07845,2.08424,2.06976,2.07044,147922.0
2015-12-21 00:00:00+00:00,2.06987,2.07274,2.0466,2.0491,142359.0
2015-12-22 00:00:00+00:00,2.04894,2.06618,2.04839,2.05554,133783.0
2015-12-23 00:00:00+00:00,2.05411,2.05799,2.0442,2.05362,106195.0
2015-12-27 00:00:00+00:00,2.05362,2.05671,2.04813,2.05259,98751.0
2015-12-28 00:00:00+00:00,2.05236,2.0537,2.02626,2.0309,111566.0
2015-12-29 00:00:00+00:00,2.03056,2.03808,2.02842,2.03319,125705.0
2015-12-30 00:00:00+00:00,2.0339,2.03687,2.01738,2.02082,116004.0
2016-01-03 00:00:00+00:00,2.02232,2.05492,2.0182,2.0467,206103.0
2016-01-04 00:00:00+00:00,2.04655,2.05386,2.03954,2.04941,176822.0
2016-01-05 00:00:00+00:00,2.04829,2.0748,2.04582,2.06874,243208.0
2016-01-06 00:00:00+00:00,2.06879,2.09054,2.06503,2.08472,290840.0
2016-01-07 00:00:00+00:00,2.08495,2.0907,2.06477,2.08814,292033.0
2016-01-10 00:00:00+00:00,2.0839,2.09816,2.07278,2.07953,256041.0
2016-01-11 00:00:00+00:00,2.0787,2.09235,2.0517,2.0679,250374.0
2016-01-12 00:00:00+00:00,2.06814,2.07757,2.048,2.07132,240130.0
2016-01-13 00:00:00+00:00,2.07136,2.08564,2.05898,2.06385,293023.0
2016-01-14 00:00:00+00:00,2.06368,2.09084,2.05946,2.07752,290329.0
2016-01-17 00:00:00+00:00,2.0849,2.0849,2.06155,2.0745,219578.0
2016-01-18 00:00:00+00:00,2.07483,2.08271,2.04058,2.04936,278506.0
2016-01-19 00:00:00+00:00,2.04907,2.07652,2.04604,2.05452,322111.0
2016-01-20 00:00:00+00:00,2.05438,2.06054,2.025,2.03195,350825.0
2016-01-21 00:00:00+00:00,2.03184,2.04369,2.02238,2.03697,260807.0
2016-01-24 00:00:00+00:00,2.0365,2.05046,2.03394,2.04876,211881.0
2016-01-25 00:00:00+00:00,2.04918,2.05337,2.03456,2.04855,247081.0
2016-01-26 00:00:00+00:00,2.04839,2.05189,2.01476,2.02574,304742.0
2016-01-27 00:00:00+00:00,2.0256,2.03306,2.01356,2.02731,267888.0
2016-01-28 00:00:00+00:00,2.02682,2.03038,1.99976,2.01076,333930.0
2016-01-31 00:00:00+00:00,2.01183,2.03534,2.01066,2.02867,224453.0
2016-02-01 00:00:00+00:00,2.02842,2.04886,2.02379,2.04748,238099.0
2016-02-02 00:00:00+00:00,2.0467,2.0569,2.0327,2.03704,283507.0
2016-02-03 00:00:00+00:00,2.03685,2.03898,2.01462,2.02588,265317.0
2016-02-04 00:00:00+00:00,2.02636,2.0529,2.0183,2.05206,235742.0
2016-02-07 00:00:00+00:00,2.04845,2.05086,2.02772,2.03634,246815.0
2016-02-08 00:00:00+00:00,2.03676,2.06647,2.03633,2.04696,328373.0
2016-02-09 00:00:00+00:00,2.04637,2.05474,2.0322,2.04684,310153.0
2016-02-10 00:00:00+00:00,2.04719,2.06437,2.0318,2.03628,377679.0
2016-02-11 00:00:00+00:00,2.03618,2.05088,2.03014,2.04128,285140.0
2016-02-14 00:00:00+00:00,2.04294,2.04294,2.0182,2.02196,196386.0
2016-02-15 00:00:00+00:00,2.02212,2.02792,2.00402,2.01159,225705.0
2016-02-16 00:00:00+00:00,2.01177,2.0177,1.98862,1.98915,242170.0
2016-02-17 00:00:00+00:00,1.98997,2.01228,1.98942,2.00402,218784.0
2016-02-18 00:00:00+00:00,2.00355,2.01818,2.00045,2.01478,226513.0
2016-02-21 00:00:00+00:00,1.99335,2.00348,1.95007,1.95797,210668.0
2016-02-22 00:00:00+00:00,1.95794,1.96082,1.94116,1.9466,211067.0
2016-02-23 00:00:00+00:00,1.94636,1.95169,1.9291,1.9353,246663.0
2016-02-24 00:00:00+00:00,1.93508,1.94588,1.92922,1.92936,213693.0
2016-02-25 00:00:00+00:00,1.92856,1.94852,1.92642,1.94616,204919.0
2016-02-28 00:00:00+00:00,1.94625,1.95211,1.93469,1.94881,228545.0
2016-02-29 00:00:00+00:00,1.94867,1.9605,1.93882,1.94443,232863.0
2016-03-01 00:00:00+00:00,1.94401,1.94794,1.92667,1.93009,219582.0
2016-03-02 00:00:00+00:00,1.92996,1.93348,1.9154,1.92787,200546.0
2016-03-03 00:00:00+00:00,1.92865,1.92985,1.90572,1.9122,218975.0
2016-03-06 00:00:00+00:00,1.92052,1.92071,1.90068,1.91004,172241.0
2016-03-07 00:00:00+00:00,1.90991,1.92386,1.90136,1.91123,187844.0
2016-03-08 00:00:00+00:00,1.91112,1.91479,1.88862,1.89909,207108.0
2016-03-09 00:00:00+00:00,1.89894,1.92482,1.88912,1.91582,292334.0
2016-03-10 00:00:00+00:00,1.91576,1.91792,1.89449,1.9012,205903.0
2016-03-13 00:00:00+00:00,1.90606,1.9108,1.89452,1.90328,169955.0
2016-03-14 00:00:00+00:00,1.90349,1.91068,1.89576,1.89762,190857.0
2016-03-15 00:00:00+00:00,1.89795,1.90131,1.88619,1.88848,213190.0
2016-03-16 00:00:00+00:00,1.88574,1.9002,1.86548,1.8935,238573.0
2016-03-17 00:00:00+00:00,1.89405,1.90748,1.88732,1.90382,165892.0
2016-03-20 00:00:00+00:00,1.90104,1.90884,1.88886,1.8962,166984.0
2016-03-21 00:00:00+00:00,1.89628,1.89946,1.86114,1.86424,197122.0
2016-03-22 00:00:00+00:00,1.86433,1.8769,1.85918,1.87431,184499.0
2016-03-23 00:00:00+00:00,1.875,1.88521,1.87303,1.88018,167440.0
2016-03-24 00:00:00+00:00,1.88124,1.88572,1.87412,1.88267,52003.0
2016-03-27 00:00:00+00:00,1.88059,1.89098,1.87728,1.88923,85349.0
2016-03-28 00:00:00+00:00,1.88905,1.90042,1.88142,1.88578,198642.0
2016-03-29 00:00:00+00:00,1.88628,1.88811,1.8734,1.87448,222058.0
2016-03-30 00:00:00+00:00,1.87418,1.87792,1.86352,1.87538,197811.0
2016-03-31 00:00:00+00:00,1.87556,1.87609,1.84898,1.85256,211333.0
2016-04-03 00:00:00+00:00,1.85439,1.87816,1.8516,1.87573,169399.0
2016-04-04 00:00:00+00:00,1.87567,1.88904,1.86867,1.87705,205124.0
2016-04-05 00:00:00+00:00,1.8769,1.87854,1.8557,1.85866,206012.0
2016-04-06 00:00:00+00:00,1.85878,1.88038,1.85096,1.87286,228416.0
2016-04-07 00:00:00+00:00,1.87288,1.87429,1.86185,1.86953,193748.0
2016-04-10 00:00:00+00:00,1.87071,1.8857,1.86569,1.87439,190142.0
2016-04-11 00:00:00+00:00,1.8745,1.87666,1.8556,1.85784,200722.0
2016-04-12 00:00:00+00:00,1.8583,1.8643,1.84956,1.85622,197976.0
2016-04-13 00:00:00+00:00,1.85588,1.85892,1.8307,1.83948,186749.0
2016-04-14 00:00:00+00:00,1.8396,1.84414,1.83136,1.83894,155711.0
2016-04-17 00:00:00+00:00,1.85551,1.8575,1.83598,1.84236,185033.0
2016-04-18 00:00:00+00:00,1.84252,1.84772,1.83562,1.84279,181152.0
2016-04-19 00:00:00+00:00,1.84214,1.84818,1.83666,1.83872,184344.0
2016-04-20 00:00:00+00:00,1.83844,1.85228,1.83,1.85094,203213.0
2016-04-21 00:00:00+00:00,1.85126,1.87096,1.84478,1.86799,193406.0
2016-04-24 00:00:00+00:00,1.87944,1.87975,1.86792,1.87723,162289.0
2016-04-25 00:00:00+00:00,1.87672,1.88929,1.87625,1.882,173043.0
2016-04-26 00:00:00+00:00,1.88157,1.92321,1.87894,1.91614,223766.0
2016-04-27 00:00:00+00:00,1.91586,1.92096,1.9049,1.91593,210863.0
2016-04-28 00:00:00+00:00,1.91333,1.92471,1.909,1.92129,200449.0
2016-05-01 00:00:00+00:00,1.91991,1.92722,1.91264,1.91397,147948.0
2016-05-02 00:00:00+00:00,1.91381,1.94484,1.9025,1.94208,231181.0
2016-05-03 00:00:00+00:00,1.94217,1.94555,1.93322,1.94415,214158.0
2016-05-04 00:00:00+00:00,1.94448,1.94535,1.93099,1.94047,163114.0
2016-05-05 00:00:00+00:00,1.94057,1.97281,1.93746,1.95822,198243.0
2016-05-08 00:00:00+00:00,1.95948,1.9728,1.95312,1.96946,167657.0
2016-05-09 00:00:00+00:00,1.96946,1.97386,1.95904,1.96164,171223.0
2016-05-10 00:00:00+00:00,1.96143,1.967,1.95574,1.95912,155407.0
2016-05-11 00:00:00+00:00,1.95886,1.97742,1.95761,1.97302,165742.0
2016-05-12 00:00:00+00:00,1.97333,1.98053,1.97206,1.97546,170602.0
2016-05-15 00:00:00+00:00,1.9793,1.98004,1.96604,1.97554,124584.0
2016-05-16 00:00:00+00:00,1.97593,1.98532,1.967,1.9744,181831.0
2016-05-17 00:00:00+00:00,1.97421,2.0199,1.97226,2.01942,205032.0
2016-05-18 00:00:00+00:00,2.01943,2.03538,2.01554,2.0216,212604.0
2016-05-19 00:00:00+00:00,2.02117,2.02229,2.00528,2.00791,151833.0
2016-05-22 00:00:00+00:00,2.00822,2.0141,2.0003,2.00516,148551.0
2016-05-23 00:00:00+00:00,2.00452,2.0437,2.00374,2.03754,179021.0
2016-05-24 00:00:00+00:00,2.03734,2.04992,2.02394,2.04158,170228.0
2016-05-25 00:00:00+00:00,2.04215,2.05363,2.02938,2.03035,169469.0
2016-05-26 00:00:00+00:00,2.03059,2.03717,2.02551,2.03506,151710.0
2016-05-29 00:00:00+00:00,2.03556,2.0432,2.03156,2.03816,100299.0
2016-05-30 00:00:00+00:00,2.03797,2.04386,2.0019,2.00246,192660.0
2016-05-31 00:00:00+00:00,2.00179,2.00392,1.9831,1.98614,197257.0
2016-06-01 00:00:00+00:00,1.98569,2.00795,1.98442,1.99512,170582.0
2016-06-02 00:00:00+00:00,1.99535,1.99654,1.96973,1.97052,186211.0
2016-06-05 00:00:00+00:00,1.96278,1.96921,1.95352,1.96046,190613.0
2016-06-06 00:00:00+00:00,1.96108,1.98793,1.94858,1.9499,164129.0
2016-06-07 00:00:00+00:00,1.95035,1.9572,1.93918,1.94155,152060.0
2016-06-08 00:00:00+00:00,1.9414,1.95189,1.93416,1.94537,175670.0
2016-06-09 00:00:00+00:00,1.94565,1.9536,1.92365,1.93284,179330.0
2016-06-12 00:00:00+00:00,1.93447,1.93537,1.90679,1.93196,222485.0
2016-06-13 00:00:00+00:00,1.93076,1.93268,1.91014,1.91817,207908.0
2016-06-14 00:00:00+00:00,1.918,1.92416,1.9037,1.91756,198634.0
2016-06-15 00:00:00+00:00,1.91778,1.9324,1.90815,1.9289,238355.0
2016-06-16 00:00:00+00:00,1.92921,1.94472,1.92637,1.94177,207741.0
2016-06-19 00:00:00+00:00,1.94626,1.97382,1.94543,1.9708,218282.0
2016-06-20 00:00:00+00:00,1.97231,1.97231,1.95692,1.96623,207026.0
2016-06-21 00:00:00+00:00,1.96691,1.97174,1.9524,1.96074,191930.0
2016-06-22 00:00:00+00:00,1.96289,1.97295,1.94662,1.95307,262292.0
2016-06-23 00:00:00+00:00,1.95293,1.96769,1.80178,1.83125,415157.0
2016-06-26 00:00:00+00:00,1.81009,1.81497,1.77708,1.80515,345957.0
2016-06-27 00:00:00+00:00,1.80375,1.81352,1.79354,1.80607,260637.0
2016-06-28 00:00:00+00:00,1.80683,1.81928,1.79448,1.8016,246612.0
2016-06-29 00:00:00+00:00,1.80279,1.81814,1.77562,1.78656,296030.0
2016-06-30 00:00:00+00:00,1.78721,1.79372,1.76922,1.76948,207899.0
2016-07-03 00:00:00+00:00,1.77818,1.78141,1.75934,1.76253,139358.0
2016-07-04 00:00:00+00:00,1.76264,1.76734,1.74368,1.74481,225094.0
2016-07-05 00:00:00+00:00,1.74469,1.74675,1.71648,1.71954,272173.0
2016-07-06 00:00:00+00:00,1.71943,1.73646,1.71392,1.72587,225154.0
2016-07-07 00:00:00+00:00,1.72509,1.73145,1.71017,1.7114,205703.0
2016-07-10 00:00:00+00:00,1.71164,1.72768,1.70454,1.72602,207874.0
2016-07-11 00:00:00+00:00,1.72452,1.73884,1.71951,1.73777,234558.0
2016-07-12 00:00:00+00:00,1.73933,1.75396,1.72644,1.7282,238108.0
2016-07-13 00:00:00+00:00,1.72813,1.76139,1.72014,1.74839,250363.0
2016-07-14 00:00:00+00:00,1.74824,1.76382,1.73136,1.74054,244575.0
2016-07-17 00:00:00+00:00,1.73693,1.75314,1.73556,1.7463,164330.0
2016-07-18 00:00:00+00:00,1.7462,1.76324,1.74182,1.747,190969.0
2016-07-19 00:00:00+00:00,1.74673,1.76819,1.74176,1.7667,168515.0
2016-07-20 00:00:00+00:00,1.76845,1.7773,1.75496,1.76515,201517.0
2016-07-21 00:00:00+00:00,1.76501,1.77876,1.74906,1.756,160563.0
2016-07-24 00:00:00+00:00,1.76179,1.76372,1.7518,1.75912,127810.0
2016-07-25 00:00:00+00:00,1.75915,1.76013,1.73696,1.75,164096.0
2016-07-26 00:00:00+00:00,1.7501,1.7681,1.73675,1.76517,210102.0
2016-07-27 00:00:00+00:00,1.76513,1.76643,1.74469,1.75401,153738.0
2016-07-28 00:00:00+00:00,1.75454,1.76003,1.73899,1.74091,187726.0
2016-07-31 00:00:00+00:00,1.74276,1.75045,1.73631,1.749,141924.0
2016-08-01 00:00:00+00:00,1.7495,1.76041,1.7394,1.75528,180750.0
2016-08-02 00:00:00+00:00,1.75468,1.7619,1.75068,1.75606,149445.0
2016-08-03 00:00:00+00:00,1.75598,1.75669,1.71723,1.71832,168934.0
2016-08-04 00:00:00+00:00,1.71769,1.7219,1.70699,1.7158,143434.0
2016-08-07 00:00:00+00:00,1.71695,1.72245,1.70049,1.7045,110308.0
2016-08-08 00:00:00+00:00,1.70537,1.70558,1.68774,1.69467,125887.0
2016-08-09 00:00:00+00:00,1.69466,1.70129,1.683,1.68893,147841.0
2016-08-10 00:00:00+00:00,1.68907,1.69144,1.67876,1.68279,127275.0
2016-08-11 00:00:00+00:00,1.683,1.69114,1.67903,1.68867,128014.0
2016-08-14 00:00:00+00:00,1.68825,1.69271,1.67376,1.67855,105813.0
2016-08-15 00:00:00+00:00,1.67848,1.69568,1.67211,1.69536,180506.0
2016-08-16 00:00:00+00:00,1.69471,1.71017,1.69192,1.70347,175096.0
2016-08-17 00:00:00+00:00,1.70365,1.71656,1.69187,1.71316,179405.0
2016-08-18 00:00:00+00:00,1.71309,1.72612,1.71061,1.71445,146829.0
2016-08-21 00:00:00+00:00,1.71729,1.72408,1.71401,1.72272,138782.0
2016-08-22 00:00:00+00:00,1.72326,1.73372,1.71853,1.73312,147541.0
2016-08-23 00:00:00+00:00,1.73301,1.74178,1.73082,1.73803,145579.0
2016-08-24 00:00:00+00:00,1.73824,1.74102,1.72922,1.73192,115103.0
2016-08-25 00:00:00+00:00,1.73151,1.73864,1.721,1.73697,183774.0
2016-08-28 00:00:00+00:00,1.7343,1.74274,1.72628,1.7315,132424.0
2016-08-29 00:00:00+00:00,1.73117,1.74518,1.72648,1.74184,137584.0
2016-08-30 00:00:00+00:00,1.74139,1.75089,1.73775,1.74778,157530.0
2016-08-31 00:00:00+00:00,1.74811,1.76738,1.7412,1.75707,165098.0
2016-09-01 00:00:00+00:00,1.75693,1.76497,1.74918,1.75573,168985.0
2016-09-04 00:00:00+00:00,1.75732,1.76044,1.749,1.75452,112271.0
2016-09-05 00:00:00+00:00,1.75451,1.75666,1.7427,1.74852,140485.0
2016-09-06 00:00:00+00:00,1.7481,1.75276,1.7365,1.73891,146711.0
2016-09-07 00:00:00+00:00,1.73877,1.74121,1.72671,1.73934,155850.0
2016-09-08 00:00:00+00:00,1.7394,1.76162,1.73828,1.75952,153883.0
2016-09-11 00:00:00+00:00,1.75972,1.77044,1.75798,1.76271,173795.0
2016-09-12 00:00:00+00:00,1.76268,1.77272,1.75486,1.76779,194081.0
2016-09-13 00:00:00+00:00,1.76755,1.77268,1.7589,1.77226,168988.0
2016-09-14 00:00:00+00:00,1.7718,1.78028,1.75719,1.76172,197737.0
2016-09-15 00:00:00+00:00,1.76087,1.76464,1.73457,1.73537,156195.0
2016-09-18 00:00:00+00:00,1.73787,1.73846,1.72534,1.7295,121129.0
2016-09-19 00:00:00+00:00,1.72841,1.7314,1.7132,1.71898,134631.0
2016-09-20 00:00:00+00:00,1.71907,1.72228,1.70798,1.70954,187356.0
2016-09-21 00:00:00+00:00,1.70929,1.7143,1.70306,1.711,139636.0
2016-09-22 00:00:00+00:00,1.71126,1.71222,1.69442,1.70098,129186.0
2016-09-25 00:00:00+00:00,1.7022,1.70655,1.69276,1.69909,116998.0
2016-09-26 00:00:00+00:00,1.69906,1.70216,1.68724,1.69874,140482.0
2016-09-27 00:00:00+00:00,1.69857,1.70083,1.69176,1.69239,136673.0
2016-09-28 00:00:00+00:00,1.69238,1.70078,1.69018,1.69822,155989.0
2016-09-29 00:00:00+00:00,1.69808,1.70736,1.69185,1.69444,164372.0
2016-10-02 00:00:00+00:00,1.68621,1.69265,1.67332,1.67368,122678.0
2016-10-03 00:00:00+00:00,1.67146,1.67551,1.66064,1.67034,171681.0
2016-10-04 00:00:00+00:00,1.67085,1.67708,1.6652,1.67268,140575.0
2016-10-05 00:00:00+00:00,1.67213,1.6793,1.66146,1.66318,138300.0
2016-10-06 00:00:00+00:00,1.66332,1.66466,1.53222,1.63898,287292.0
2016-10-09 00:00:00+00:00,1.62862,1.63832,1.62154,1.62518,128785.0
2016-10-10 00:00:00+00:00,1.62545,1.63304,1.60429,1.60833,195687.0
2016-10-11 00:00:00+00:00,1.60841,1.62693,1.6065,1.61436,231709.0
2016-10-12 00:00:00+00:00,1.61263,1.6223,1.61068,1.61901,202033.0
2016-10-13 00:00:00+00:00,1.61907,1.62026,1.59586,1.60035,187566.0
2016-10-16 00:00:00+00:00,1.5947,1.60625,1.59384,1.59716,148426.0
2016-10-17 00:00:00+00:00,1.59727,1.60752,1.59195,1.60452,158204.0
2016-10-18 00:00:00+00:00,1.60368,1.60504,1.58812,1.59125,137215.0
2016-10-19 00:00:00+00:00,1.59095,1.60822,1.58834,1.60664,146131.0
2016-10-20 00:00:00+00:00,1.60671,1.61095,1.59584,1.60765,119037.0
2016-10-23 00:00:00+00:00,1.60596,1.60894,1.60017,1.60822,109209.0
2016-10-24 00:00:00+00:00,1.60734,1.6104,1.58484,1.59432,164414.0
2016-10-25 00:00:00+00:00,1.5942,1.60228,1.57904,1.60067,159864.0
2016-10-26 00:00:00+00:00,1.60055,1.61147,1.59705,1.6026,170177.0
2016-10-27 00:00:00+00:00,1.60241,1.61008,1.59886,1.60429,196217.0
2016-10-30 00:00:00+00:00,1.60517,1.611,1.59741,1.60881,144012.0
2016-10-31 00:00:00+00:00,1.60757,1.61008,1.5898,1.59986,162319.0
2016-11-01 00:00:00+00:00,1.59998,1.61023,1.59824,1.60606,184010.0
2016-11-02 00:00:00+00:00,1.60593,1.62867,1.60412,1.62196,207016.0
2016-11-03 00:00:00+00:00,1.62198,1.63818,1.62044,1.63153,180825.0
2016-11-06 00:00:00+00:00,1.62156,1.62829,1.60395,1.60418,164310.0
2016-11-07 00:00:00+00:00,1.60389,1.61398,1.59006,1.59506,151948.0
2016-11-08 00:00:00+00:00,1.59513,1.65496,1.59084,1.62512,490929.0
2016-11-09 00:00:00+00:00,1.62479,1.65222,1.59973,1.6489,271422.0
2016-11-10 00:00:00+00:00,1.65039,1.67546,1.64662,1.66995,295242.0
2016-11-13 00:00:00+00:00,1.66574,1.66873,1.6495,1.65294,275128.0
2016-11-14 00:00:00+00:00,1.6531,1.65758,1.64046,1.64751,256525.0
2016-11-15 00:00:00+00:00,1.6478,1.66772,1.6471,1.66367,233225.0
2016-11-16 00:00:00+00:00,1.66426,1.67921,1.65712,1.67616,233477.0
2016-11-17 00:00:00+00:00,1.6765,1.68549,1.66482,1.68292,295389.0
2016-11-20 00:00:00+00:00,1.6836,1.69797,1.67354,1.69547,296603.0
2016-11-21 00:00:00+00:00,1.69642,1.69695,1.67596,1.67834,236965.0
2016-11-22 00:00:00+00:00,1.67816,1.6873,1.6647,1.68432,234149.0
2016-11-23 00:00:00+00:00,1.68452,1.68791,1.67862,1.6808,179514.0
2016-11-24 00:00:00+00:00,1.68102,1.68176,1.66668,1.67683,209721.0
2016-11-27 00:00:00+00:00,1.67416,1.6791,1.65581,1.65945,180492.0
2016-11-28 00:00:00+00:00,1.65866,1.67851,1.65489,1.66958,184359.0
2016-11-29 00:00:00+00:00,1.66936,1.69541,1.665,1.69363,237260.0
2016-11-30 00:00:00+00:00,1.69349,1.71562,1.68877,1.69805,221150.0
2016-12-01 00:00:00+00:00,1.69809,1.70874,1.69214,1.70765,182976.0
2016-12-04 00:00:00+00:00,1.70197,1.71495,1.69634,1.70384,230857.0
2016-12-05 00:00:00+00:00,1.70383,1.71744,1.69844,1.69914,154725.0
2016-12-06 00:00:00+00:00,1.69939,1.70715,1.68349,1.68744,149276.0
2016-12-07 00:00:00+00:00,1.68764,1.69667,1.68348,1.68644,201809.0
2016-12-08 00:00:00+00:00,1.68565,1.6923,1.68104,1.68838,155659.0
2016-12-11 00:00:00+00:00,1.6886,1.69469,1.68346,1.6912,151695.0
2016-12-12 00:00:00+00:00,1.69139,1.70116,1.6873,1.68779,157230.0
2016-12-13 00:00:00+00:00,1.6877,1.69792,1.68129,1.69641,192058.0
2016-12-14 00:00:00+00:00,1.69629,1.69802,1.68567,1.6879,250548.0
2016-12-15 00:00:00+00:00,1.69002,1.71429,1.68336,1.70982,202699.0
2016-12-18 00:00:00+00:00,1.7144,1.71598,1.70302,1.71078,172628.0
2016-12-19 00:00:00+00:00,1.71111,1.7124,1.70178,1.70389,151508.0
2016-12-20 00:00:00+00:00,1.70369,1.70799,1.7,1.70668,128330.0
2016-12-21 00:00:00+00:00,1.70798,1.71406,1.70129,1.70199,142749.0
2016-12-22 00:00:00+00:00,1.70177,1.71302,1.69856,1.71243,115595.0
2016-12-26 00:00:00+00:00,1.70857,1.71196,1.70236,1.7076,82225.0
2016-12-27 00:00:00+00:00,1.70823,1.7087,1.69947,1.70336,117389.0
2016-12-28 00:00:00+00:00,1.70563,1.70567,1.69353,1.69861,134282.0
2016-12-29 00:00:00+00:00,1.69806,1.71452,1.69495,1.71452,196223.0
2017-01-02 00:00:00+00:00,1.70629,1.70858,1.69116,1.69527,165244.0
2017-01-03 00:00:00+00:00,1.69539,1.6967,1.68554,1.69173,181011.0
2017-01-04 00:00:00+00:00,1.69194,1.69368,1.68111,1.6923,243217.0
2017-01-05 00:00:00+00:00,1.69178,1.69324,1.67884,1.68345,200740.0
2017-01-08 00:00:00+00:00,1.67881,1.68138,1.65008,1.6537,198365.0
2017-01-09 00:00:00+00:00,1.65351,1.65763,1.6441,1.65235,210083.0
2017-01-10 00:00:00+00:00,1.6527,1.65578,1.6352,1.64116,286052.0
2017-01-11 00:00:00+00:00,1.64114,1.6417,1.6202,1.62508,257371.0
2017-01-12 00:00:00+00:00,1.62517,1.63338,1.62095,1.6243,217807.0
2017-01-15 00:00:00+00:00,1.60391,1.61826,1.60239,1.61128,210372.0
2017-01-16 00:00:00+00:00,1.61226,1.64316,1.60558,1.64054,308203.0
2017-01-17 00:00:00+00:00,1.64072,1.64234,1.62428,1.6336,235756.0
2017-01-18 00:00:00+00:00,1.63335,1.63566,1.6262,1.63222,256069.0
2017-01-19 00:00:00+00:00,1.63248,1.6393,1.62875,1.63757,253807.0
2017-01-22 00:00:00+00:00,1.63757,1.65372,1.63551,1.6531,233903.0
2017-01-23 00:00:00+00:00,1.65246,1.65762,1.6403,1.65136,234949.0
2017-01-24 00:00:00+00:00,1.65151,1.67214,1.64946,1.66838,259006.0
2017-01-25 00:00:00+00:00,1.66962,1.67682,1.66626,1.67172,233112.0
2017-01-26 00:00:00+00:00,1.67248,1.67373,1.65854,1.6624,204698.0
2017-01-29 00:00:00+00:00,1.66471,1.66824,1.65028,1.65272,177738.0
2017-01-30 00:00:00+00:00,1.65214,1.66214,1.64287,1.65857,232025.0
2017-01-31 00:00:00+00:00,1.65845,1.6743,1.65724,1.66884,217895.0
2017-02-01 00:00:00+00:00,1.66901,1.67088,1.6308,1.63592,221327.0
2017-02-02 00:00:00+00:00,1.63583,1.63978,1.6226,1.62476,212565.0
2017-02-05 00:00:00+00:00,1.62683,1.63154,1.62448,1.62766,179291.0
2017-02-06 00:00:00+00:00,1.62785,1.64224,1.62024,1.64016,210242.0
2017-02-07 00:00:00+00:00,1.64007,1.64263,1.63422,1.64055,190843.0
2017-02-08 00:00:00+00:00,1.64025,1.64854,1.63755,1.63878,184366.0
2017-02-09 00:00:00+00:00,1.63893,1.6419,1.62409,1.62658,178493.0
2017-02-12 00:00:00+00:00,1.62431,1.6395,1.62418,1.6395,155883.0
2017-02-13 00:00:00+00:00,1.64003,1.64027,1.61954,1.62692,202346.0
2017-02-14 00:00:00+00:00,1.62718,1.62768,1.6138,1.61601,187472.0
2017-02-15 00:00:00+00:00,1.6162,1.62828,1.61294,1.6229,186358.0
2017-02-16 00:00:00+00:00,1.62315,1.62626,1.61474,1.61957,163893.0
2017-02-19 00:00:00+00:00,1.61701,1.62695,1.61657,1.62095,121067.0
2017-02-20 00:00:00+00:00,1.62107,1.62684,1.61939,1.62501,153639.0
2017-02-21 00:00:00+00:00,1.62526,1.62935,1.61498,1.61608,169305.0
2017-02-22 00:00:00+00:00,1.61692,1.62798,1.61547,1.62718,162845.0
2017-02-23 00:00:00+00:00,1.62744,1.63614,1.6205,1.62461,151263.0
2017-02-26 00:00:00+00:00,1.62368,1.6244,1.6112,1.62168,160271.0
2017-02-27 00:00:00+00:00,1.62142,1.62212,1.61565,1.6168,164070.0
2017-02-28 00:00:00+00:00,1.6168,1.62055,1.59942,1.60144,218688.0
2017-03-01 00:00:00+00:00,1.60147,1.62203,1.60038,1.62002,175617.0
2017-03-02 00:00:00+00:00,1.61999,1.62712,1.61326,1.61871,198405.0
2017-03-05 00:00:00+00:00,1.61911,1.62298,1.61194,1.61408,140695.0
2017-03-06 00:00:00+00:00,1.61468,1.6154,1.60167,1.60808,152584.0
2017-03-07 00:00:00+00:00,1.60785,1.61696,1.60448,1.6165,166907.0
2017-03-08 00:00:00+00:00,1.61651,1.6237,1.6151,1.62084,207998.0
2017-03-09 00:00:00+00:00,1.62037,1.62193,1.60976,1.6132,207007.0
2017-03-12 00:00:00+00:00,1.61137,1.61628,1.60735,1.61372,162141.0
2017-03-13 00:00:00+00:00,1.61373,1.61702,1.6035,1.6079,157223.0
2017-03-14 00:00:00+00:00,1.60762,1.61675,1.59315,1.59417,216245.0
2017-03-15 00:00:00+00:00,1.59443,1.61292,1.59048,1.60994,208863.0
2017-03-16 00:00:00+00:00,1.60994,1.61386,1.60255,1.6087,155371.0
2017-03-19 00:00:00+00:00,1.61027,1.61079,1.59606,1.59876,137310.0
2017-03-20 00:00:00+00:00,1.59863,1.62472,1.59827,1.62264,189868.0
2017-03-21 00:00:00+00:00,1.62328,1.63184,1.61978,1.62602,190202.0
2017-03-22 00:00:00+00:00,1.62598,1.64272,1.6248,1.64153,176599.0
2017-03-23 00:00:00+00:00,1.64178,1.64222,1.63515,1.63595,155064.0
2017-03-26 00:00:00+00:00,1.63595,1.6558,1.63563,1.64862,160725.0
2017-03-27 00:00:00+00:00,1.64853,1.65696,1.6288,1.63096,155007.0
2017-03-28 00:00:00+00:00,1.63086,1.63202,1.61822,1.6212,173543.0
2017-03-29 00:00:00+00:00,1.62117,1.63262,1.61933,1.63202,146707.0
2017-03-30 00:00:00+00:00,1.63185,1.64634,1.62508,1.64527,170735.0
2017-04-02 00:00:00+00:00,1.64366,1.65162,1.63834,1.64176,142374.0
2017-04-03 00:00:00+00:00,1.64164,1.64994,1.63854,1.64448,151430.0
2017-04-04 00:00:00+00:00,1.64459,1.6512,1.63914,1.6492,156391.0
2017-04-05 00:00:00+00:00,1.64915,1.6577,1.64686,1.65262,147029.0
2017-04-06 00:00:00+00:00,1.6528,1.65852,1.64807,1.64926,197319.0
2017-04-09 00:00:00+00:00,1.65265,1.6588,1.64772,1.65516,129135.0
2017-04-10 00:00:00+00:00,1.65497,1.67046,1.65114,1.66564,160558.0
2017-04-11 00:00:00+00:00,1.66571,1.67238,1.66331,1.667,181503.0
2017-04-12 00:00:00+00:00,1.66688,1.66746,1.65033,1.65218,162239.0
2017-04-13 00:00:00+00:00,1.65397,1.65564,1.651,1.65281,119176.0
2017-04-16 00:00:00+00:00,1.65409,1.65688,1.65084,1.65534,87259.0
2017-04-17 00:00:00+00:00,1.65571,1.70894,1.65264,1.69842,230646.0
2017-04-18 00:00:00+00:00,1.69841,1.71116,1.69802,1.70456,177714.0
2017-04-19 00:00:00+00:00,1.70424,1.70874,1.69879,1.70226,171913.0
2017-04-20 00:00:00+00:00,1.70184,1.70359,1.69422,1.69815,158532.0
2017-04-23 00:00:00+00:00,1.69213,1.69988,1.68804,1.69048,185227.0
2017-04-24 00:00:00+00:00,1.69014,1.70549,1.68862,1.70345,169031.0
2017-04-25 00:00:00+00:00,1.70409,1.72202,1.69897,1.71925,215654.0
2017-04-26 00:00:00+00:00,1.71962,1.73354,1.71684,1.7284,201097.0
2017-04-27 00:00:00+00:00,1.72828,1.73655,1.72468,1.72929,199340.0
2017-04-30 00:00:00+00:00,1.73096,1.73251,1.71052,1.71237,91174.0
2017-05-01 00:00:00+00:00,1.71253,1.72006,1.7069,1.71699,148562.0
2017-05-02 00:00:00+00:00,1.71723,1.7355,1.71468,1.73347,189348.0
2017-05-03 00:00:00+00:00,1.73378,1.74858,1.7321,1.74442,211713.0
2017-05-04 00:00:00+00:00,1.74454,1.75362,1.74258,1.74986,207218.0
2017-05-07 00:00:00+00:00,1.75162,1.75472,1.74758,1.75186,179729.0
2017-05-08 00:00:00+00:00,1.75156,1.7643,1.75003,1.76123,218002.0
2017-05-09 00:00:00+00:00,1.76147,1.76516,1.7495,1.75648,203264.0
2017-05-10 00:00:00+00:00,1.75154,1.7638,1.74346,1.74644,220611.0
2017-05-11 00:00:00+00:00,1.74645,1.74861,1.73572,1.74481,187347.0
2017-05-14 00:00:00+00:00,1.7421,1.74534,1.73451,1.73965,167647.0
2017-05-15 00:00:00+00:00,1.73976,1.7464,1.7337,1.7396,209444.0
2017-05-16 00:00:00+00:00,1.73926,1.75496,1.7349,1.74546,233447.0
2017-05-17 00:00:00+00:00,1.74521,1.75752,1.73546,1.74433,307285.0
2017-05-18 00:00:00+00:00,1.74357,1.75066,1.7401,1.74829,181174.0
2017-05-21 00:00:00+00:00,1.74349,1.74909,1.73716,1.73867,158550.0
2017-05-22 00:00:00+00:00,1.73838,1.74036,1.72586,1.73357,216168.0
2017-05-23 00:00:00+00:00,1.73206,1.74327,1.72719,1.72895,211309.0
2017-05-24 00:00:00+00:00,1.72795,1.74022,1.72742,1.73602,187629.0
2017-05-25 00:00:00+00:00,1.73578,1.73675,1.71698,1.71966,215172.0
2017-05-28 00:00:00+00:00,1.72092,1.72802,1.71971,1.72618,103039.0
2017-05-29 00:00:00+00:00,1.72602,1.72917,1.72011,1.72253,180080.0
2017-05-30 00:00:00+00:00,1.7225,1.73679,1.71414,1.7347,227732.0
2017-05-31 00:00:00+00:00,1.7349,1.74929,1.72876,1.74662,211927.0
2017-06-01 00:00:00+00:00,1.74693,1.74817,1.73018,1.73221,187282.0
2017-06-04 00:00:00+00:00,1.732,1.7334,1.71956,1.72379,144462.0
2017-06-05 00:00:00+00:00,1.72344,1.73276,1.71384,1.72008,190832.0
2017-06-06 00:00:00+00:00,1.71997,1.7206,1.70593,1.71668,195779.0
2017-06-07 00:00:00+00:00,1.71748,1.72218,1.71138,1.7167,191369.0
2017-06-08 00:00:00+00:00,1.71688,1.71707,1.6771,1.69231,327747.0
2017-06-11 00:00:00+00:00,1.68787,1.69612,1.67726,1.67867,143601.0
2017-06-12 00:00:00+00:00,1.67889,1.69262,1.67292,1.69208,154888.0
2017-06-13 00:00:00+00:00,1.69214,1.69383,1.67298,1.6801,246459.0
2017-06-14 00:00:00+00:00,1.68085,1.68726,1.6685,1.68317,215109.0
2017-06-15 00:00:00+00:00,1.6833,1.68576,1.6752,1.67752,161933.0
2017-06-18 00:00:00+00:00,1.67526,1.68666,1.67366,1.67637,141660.0
2017-06-19 00:00:00+00:00,1.67616,1.67896,1.66127,1.66587,187660.0
2017-06-20 00:00:00+00:00,1.66566,1.68042,1.66428,1.67783,191995.0
2017-06-21 00:00:00+00:00,1.67749,1.68284,1.67304,1.68164,165089.0
2017-06-22 00:00:00+00:00,1.68143,1.68424,1.67828,1.6806,148754.0
2017-06-25 00:00:00+00:00,1.68415,1.68492,1.67553,1.67733,135708.0
2017-06-26 00:00:00+00:00,1.67769,1.69334,1.67072,1.68977,187073.0
2017-06-27 00:00:00+00:00,1.68995,1.70435,1.68199,1.69228,241824.0
2017-06-28 00:00:00+00:00,1.69198,1.69789,1.6881,1.69279,202718.0
2017-06-29 00:00:00+00:00,1.69245,1.69623,1.68631,1.6941,206388.0
2017-07-02 00:00:00+00:00,1.69241,1.69792,1.68877,1.68924,177855.0
2017-07-03 00:00:00+00:00,1.69,1.70338,1.68542,1.69922,203028.0
2017-07-04 00:00:00+00:00,1.69971,1.70609,1.69326,1.70108,181758.0
2017-07-05 00:00:00+00:00,1.70085,1.71108,1.69875,1.71012,199482.0
2017-07-06 00:00:00+00:00,1.70991,1.71238,1.6916,1.69471,196011.0
2017-07-09 00:00:00+00:00,1.69482,1.69861,1.69297,1.6934,136596.0
2017-07-10 00:00:00+00:00,1.69342,1.69823,1.68152,1.68218,170505.0
2017-07-11 00:00:00+00:00,1.68159,1.6841,1.67484,1.67809,206590.0
2017-07-12 00:00:00+00:00,1.67767,1.68038,1.66922,1.67387,184619.0
2017-07-13 00:00:00+00:00,1.67386,1.67632,1.66215,1.6732,179166.0
2017-07-16 00:00:00+00:00,1.67336,1.67772,1.66679,1.6739,190538.0
2017-07-17 00:00:00+00:00,1.67378,1.67706,1.63881,1.64713,265880.0
2017-07-18 00:00:00+00:00,1.64739,1.64838,1.63626,1.63784,193549.0
2017-07-19 00:00:00+00:00,1.63839,1.64534,1.62696,1.63042,260574.0
2017-07-20 00:00:00+00:00,1.63085,1.6463,1.62962,1.64191,205718.0
2017-07-23 00:00:00+00:00,1.64375,1.64662,1.63376,1.64424,171589.0
2017-07-24 00:00:00+00:00,1.64394,1.64782,1.6389,1.64112,179018.0
2017-07-25 00:00:00+00:00,1.64131,1.65284,1.63672,1.63931,251827.0
2017-07-26 00:00:00+00:00,1.63831,1.64568,1.6304,1.63991,262481.0
2017-07-27 00:00:00+00:00,1.6399,1.6474,1.63714,1.6449,218704.0
2017-07-30 00:00:00+00:00,1.64453,1.65379,1.64214,1.65112,190602.0
2017-07-31 00:00:00+00:00,1.65108,1.66078,1.64266,1.65716,222608.0
2017-08-01 00:00:00+00:00,1.6573,1.66468,1.65653,1.65964,186574.0
2017-08-02 00:00:00+00:00,1.65984,1.6738,1.65078,1.653,216234.0
2017-08-03 00:00:00+00:00,1.653,1.65552,1.644,1.64474,185441.0
2017-08-06 00:00:00+00:00,1.64649,1.65119,1.6422,1.64713,146672.0
2017-08-07 00:00:00+00:00,1.64758,1.6488,1.63911,1.64187,158880.0
2017-08-08 00:00:00+00:00,1.64171,1.654,1.64104,1.64831,198114.0
2017-08-09 00:00:00+00:00,1.64863,1.65146,1.64403,1.64778,183115.0
2017-08-10 00:00:00+00:00,1.64814,1.6568,1.64254,1.64841,196451.0
2017-08-13 00:00:00+00:00,1.64705,1.6523,1.64261,1.65116,147182.0
2017-08-14 00:00:00+00:00,1.65098,1.65518,1.64156,1.64578,169472.0
2017-08-15 00:00:00+00:00,1.64494,1.64618,1.6241,1.62648,190726.0
2017-08-16 00:00:00+00:00,1.6266,1.63274,1.61903,1.63179,201322.0
2017-08-17 00:00:00+00:00,1.63238,1.63494,1.6187,1.62427,189742.0
2017-08-20 00:00:00+00:00,1.62177,1.62768,1.62102,1.62473,127648.0
2017-08-21 00:00:00+00:00,1.62498,1.62555,1.61715,1.62082,143458.0
2017-08-22 00:00:00+00:00,1.6208,1.62644,1.61829,1.61925,168718.0
2017-08-23 00:00:00+00:00,1.6189,1.62668,1.6171,1.61995,164961.0
2017-08-24 00:00:00+00:00,1.61987,1.62518,1.61626,1.62392,220290.0
2017-08-27 00:00:00+00:00,1.63147,1.63147,1.62158,1.62406,145245.0
2017-08-28 00:00:00+00:00,1.62293,1.63562,1.62056,1.6246,236100.0
2017-08-29 00:00:00+00:00,1.62227,1.63772,1.6168,1.63511,202403.0
2017-08-30 00:00:00+00:00,1.63495,1.63798,1.62329,1.62734,215598.0
2017-08-31 00:00:00+00:00,1.6259,1.63341,1.62365,1.62556,207510.0
2017-09-03 00:00:00+00:00,1.63136,1.63136,1.62419,1.6278,150136.0
2017-09-04 00:00:00+00:00,1.62706,1.63186,1.61816,1.62986,222280.0
2017-09-05 00:00:00+00:00,1.63,1.63898,1.6253,1.63027,212245.0
2017-09-06 00:00:00+00:00,1.63047,1.63478,1.62596,1.62818,196737.0
2017-09-07 00:00:00+00:00,1.6282,1.63975,1.61695,1.6387,208351.0
2017-09-10 00:00:00+00:00,1.63658,1.64368,1.63533,1.6395,156476.0
2017-09-11 00:00:00+00:00,1.63981,1.65822,1.6393,1.65639,178012.0
2017-09-12 00:00:00+00:00,1.65655,1.66014,1.6484,1.65417,176323.0
2017-09-13 00:00:00+00:00,1.65437,1.68008,1.64363,1.67384,240509.0
2017-09-14 00:00:00+00:00,1.67409,1.70017,1.67198,1.6983,223187.0
2017-09-17 00:00:00+00:00,1.6953,1.70067,1.68916,1.69532,170225.0
2017-09-18 00:00:00+00:00,1.69562,1.69866,1.68448,1.68712,193269.0
2017-09-19 00:00:00+00:00,1.68535,1.69132,1.67864,1.68022,244448.0
2017-09-20 00:00:00+00:00,1.68018,1.7129,1.67946,1.71212,212796.0
2017-09-21 00:00:00+00:00,1.71231,1.71688,1.68984,1.69548,204882.0
2017-09-24 00:00:00+00:00,1.69647,1.70433,1.69302,1.69702,192119.0
2017-09-25 00:00:00+00:00,1.69674,1.7079,1.6957,1.70661,179013.0
2017-09-26 00:00:00+00:00,1.70653,1.71068,1.69947,1.70556,232072.0
2017-09-27 00:00:00+00:00,1.70503,1.71825,1.70503,1.71086,204631.0
2017-09-28 00:00:00+00:00,1.71089,1.71243,1.70353,1.70995,193332.0
2017-10-01 00:00:00+00:00,1.70713,1.70998,1.69388,1.69622,173722.0
2017-10-02 00:00:00+00:00,1.69636,1.70117,1.68914,1.68936,182665.0
2017-10-03 00:00:00+00:00,1.68933,1.69246,1.68458,1.68472,170029.0
2017-10-04 00:00:00+00:00,1.68484,1.69235,1.6814,1.68298,173748.0
2017-10-05 00:00:00+00:00,1.68315,1.69134,1.6781,1.68142,206486.0
2017-10-06 00:00:00+00:00,1.68142,1.68142,1.68142,1.68142,1.0
2017-10-08 00:00:00+00:00,1.68535,1.6994,1.68127,1.69488,117661.0
2017-10-09 00:00:00+00:00,1.69511,1.69822,1.68952,1.69754,157860.0
2017-10-10 00:00:00+00:00,1.6976,1.70068,1.69172,1.69792,153889.0
2017-10-11 00:00:00+00:00,1.69797,1.69914,1.67958,1.69571,191459.0
2017-10-12 00:00:00+00:00,1.69609,1.70054,1.6834,1.68367,191935.0
2017-10-15 00:00:00+00:00,1.68636,1.69134,1.68371,1.68787,147792.0
2017-10-16 00:00:00+00:00,1.688,1.69181,1.67952,1.68148,178424.0
2017-10-17 00:00:00+00:00,1.68091,1.68633,1.67864,1.68296,158494.0
2017-10-18 00:00:00+00:00,1.683,1.6851,1.66916,1.67036,195627.0
2017-10-19 00:00:00+00:00,1.67026,1.68865,1.66856,1.68727,194110.0
2017-10-20 00:00:00+00:00,1.68727,1.68727,1.68727,1.68727,1.0
2017-10-22 00:00:00+00:00,1.68586,1.69367,1.68376,1.69055,148763.0
2017-10-23 00:00:00+00:00,1.69043,1.69646,1.6853,1.68934,173891.0
2017-10-24 00:00:00+00:00,1.68923,1.72368,1.68658,1.72172,226357.0
2017-10-25 00:00:00+00:00,1.72142,1.72406,1.70957,1.71801,200442.0
2017-10-26 00:00:00+00:00,1.71818,1.7215,1.70918,1.70998,202482.0
2017-10-29 00:00:00+00:00,1.70987,1.72306,1.70971,1.71794,146238.0
2017-10-30 00:00:00+00:00,1.71815,1.73616,1.71564,1.7352,153390.0
2017-10-31 00:00:00+00:00,1.73481,1.73684,1.72201,1.72557,186227.0
2017-11-01 00:00:00+00:00,1.72531,1.72791,1.68958,1.69301,216936.0
2017-11-02 00:00:00+00:00,1.6931,1.71081,1.69196,1.70935,165514.0
2017-11-05 00:00:00+00:00,1.70864,1.71462,1.70734,1.71255,128576.0
2017-11-06 00:00:00+00:00,1.71274,1.72332,1.71106,1.7222,149541.0
2017-11-07 00:00:00+00:00,1.72295,1.7233,1.70378,1.70866,138515.0
2017-11-08 00:00:00+00:00,1.70803,1.71429,1.70441,1.7116,170171.0
2017-11-09 00:00:00+00:00,1.71188,1.72605,1.70642,1.72187,157365.0
2017-11-12 00:00:00+00:00,1.71334,1.72078,1.70792,1.72048,110535.0
2017-11-13 00:00:00+00:00,1.72056,1.72945,1.71297,1.72486,164322.0
2017-11-14 00:00:00+00:00,1.7253,1.73931,1.72402,1.73552,209997.0
2017-11-15 00:00:00+00:00,1.73563,1.7402,1.73166,1.73896,173618.0
2017-11-16 00:00:00+00:00,1.7386,1.75671,1.73835,1.74715,184005.0
2017-11-19 00:00:00+00:00,1.74824,1.75606,1.74517,1.75305,154914.0
2017-11-20 00:00:00+00:00,1.75282,1.75992,1.74358,1.74693,159252.0
2017-11-21 00:00:00+00:00,1.74722,1.75392,1.74388,1.74945,165111.0
2017-11-22 00:00:00+00:00,1.74904,1.75195,1.74166,1.74539,121463.0
2017-11-23 00:00:00+00:00,1.74522,1.75314,1.74282,1.75093,142944.0
2017-11-26 00:00:00+00:00,1.74986,1.75554,1.74542,1.75206,145192.0
2017-11-27 00:00:00+00:00,1.75145,1.76112,1.73639,1.75628,200075.0
2017-11-28 00:00:00+00:00,1.75785,1.77591,1.75596,1.77135,206061.0
2017-11-29 00:00:00+00:00,1.77073,1.78902,1.76878,1.78804,206505.0
2017-11-30 00:00:00+00:00,1.78789,1.79098,1.76674,1.77104,250100.0
2017-12-03 00:00:00+00:00,1.7705,1.78003,1.7648,1.77397,200166.0
2017-12-04 00:00:00+00:00,1.7739,1.77411,1.74896,1.7671,184690.0
2017-12-05 00:00:00+00:00,1.76716,1.77308,1.75731,1.77048,168617.0
2017-12-06 00:00:00+00:00,1.77124,1.7949,1.76816,1.79394,176217.0
2017-12-07 00:00:00+00:00,1.79401,1.79983,1.77952,1.78226,193406.0
2017-12-10 00:00:00+00:00,1.78202,1.78458,1.7695,1.77229,142750.0
2017-12-11 00:00:00+00:00,1.77218,1.77472,1.75966,1.76192,152845.0
2017-12-12 00:00:00+00:00,1.76146,1.76752,1.75051,1.75701,177860.0
2017-12-13 00:00:00+00:00,1.7567,1.75892,1.74864,1.75222,211954.0
2017-12-14 00:00:00+00:00,1.75211,1.75362,1.73556,1.74352,175873.0
2017-12-17 00:00:00+00:00,1.74152,1.75006,1.73978,1.74571,145557.0
2017-12-18 00:00:00+00:00,1.74697,1.74774,1.73989,1.74686,148986.0
2017-12-19 00:00:00+00:00,1.74684,1.75111,1.74438,1.74458,123750.0
2017-12-20 00:00:00+00:00,1.7449,1.74843,1.7342,1.73806,136879.0
2017-12-21 00:00:00+00:00,1.73772,1.73821,1.73016,1.7335,117852.0
2017-12-25 00:00:00+00:00,1.73122,1.73374,1.72876,1.73052,60471.0
2017-12-26 00:00:00+00:00,1.73053,1.73152,1.72184,1.72497,117304.0
2017-12-27 00:00:00+00:00,1.72616,1.72726,1.72214,1.72372,112237.0
2017-12-28 00:00:00+00:00,1.72389,1.7333,1.72201,1.73002,122869.0
2018-01-01 00:00:00+00:00,1.73143,1.73808,1.72326,1.73565,145691.0
2018-01-02 00:00:00+00:00,1.73553,1.74172,1.72288,1.7251,142466.0
2018-01-03 00:00:00+00:00,1.72466,1.73012,1.72142,1.72306,134851.0
2018-01-04 00:00:00+00:00,1.72317,1.73081,1.72209,1.7257,140234.0
2018-01-07 00:00:00+00:00,1.72471,1.73342,1.72385,1.73036,116040.0
2018-01-08 00:00:00+00:00,1.73014,1.73164,1.72419,1.73073,135767.0
2018-01-09 00:00:00+00:00,1.73064,1.73266,1.72093,1.72229,188064.0
2018-01-10 00:00:00+00:00,1.72213,1.72348,1.70988,1.71563,174772.0
2018-01-11 00:00:00+00:00,1.71544,1.74326,1.71472,1.73431,208597.0
2018-01-14 00:00:00+00:00,1.73736,1.73736,1.72706,1.73168,170939.0
2018-01-15 00:00:00+00:00,1.73186,1.73488,1.7291,1.73252,177283.0
2018-01-16 00:00:00+00:00,1.73261,1.73826,1.72726,1.73535,227218.0
2018-01-17 00:00:00+00:00,1.73518,1.73992,1.73013,1.73699,208016.0
2018-01-18 00:00:00+00:00,1.73689,1.73816,1.72901,1.73283,190076.0
2018-01-21 00:00:00+00:00,1.73673,1.74609,1.73374,1.74486,151152.0
2018-01-22 00:00:00+00:00,1.74431,1.75542,1.74344,1.74997,192098.0
2018-01-23 00:00:00+00:00,1.75068,1.76716,1.74592,1.7663,226879.0
2018-01-24 00:00:00+00:00,1.76693,1.77191,1.75654,1.76215,344903.0
2018-01-25 00:00:00+00:00,1.7614,1.76712,1.74232,1.74652,279609.0
2018-01-28 00:00:00+00:00,1.7454,1.7485,1.73522,1.73868,216549.0
2018-01-29 00:00:00+00:00,1.73899,1.75256,1.73652,1.75081,222681.0
2018-01-30 00:00:00+00:00,1.75039,1.76268,1.74365,1.76182,273690.0
2018-01-31 00:00:00+00:00,1.76154,1.78193,1.76073,1.77475,238352.0
2018-02-01 00:00:00+00:00,1.7742,1.78494,1.77391,1.78229,262543.0
2018-02-04 00:00:00+00:00,1.78104,1.786,1.7649,1.77219,290994.0
2018-02-05 00:00:00+00:00,1.77206,1.78031,1.76116,1.76476,380357.0
2018-02-06 00:00:00+00:00,1.76446,1.77604,1.7636,1.77469,239561.0
2018-02-07 00:00:00+00:00,1.7737,1.79997,1.77084,1.78795,351084.0
2018-02-08 00:00:00+00:00,1.78832,1.79623,1.76436,1.7706,329041.0
2018-02-11 00:00:00+00:00,1.76723,1.77461,1.75973,1.75986,207005.0
2018-02-12 00:00:00+00:00,1.76031,1.7738,1.7576,1.76795,199672.0
2018-02-13 00:00:00+00:00,1.76748,1.77817,1.76035,1.76627,283133.0
2018-02-14 00:00:00+00:00,1.76617,1.78102,1.76251,1.77454,247459.0
2018-02-15 00:00:00+00:00,1.77495,1.77758,1.76547,1.77435,219776.0
2018-02-18 00:00:00+00:00,1.77248,1.77475,1.76655,1.76923,135896.0
2018-02-19 00:00:00+00:00,1.76947,1.77631,1.76056,1.77542,210105.0
2018-02-20 00:00:00+00:00,1.77579,1.78378,1.7709,1.78354,257488.0
2018-02-21 00:00:00+00:00,1.78347,1.785,1.77217,1.77877,209517.0
2018-02-22 00:00:00+00:00,1.77867,1.79121,1.77858,1.78147,180952.0
2018-02-25 00:00:00+00:00,1.78368,1.79056,1.77738,1.7781,182444.0
2018-02-26 00:00:00+00:00,1.778,1.78668,1.77326,1.78549,229249.0
2018-02-27 00:00:00+00:00,1.78567,1.78666,1.76689,1.77285,219702.0
2018-02-28 00:00:00+00:00,1.7731,1.78234,1.77054,1.77634,277868.0
2018-03-01 00:00:00+00:00,1.77577,1.7813,1.77153,1.77785,239448.0
2018-03-04 00:00:00+00:00,1.77718,1.79085,1.7763,1.78324,228175.0
2018-03-05 00:00:00+00:00,1.78375,1.78554,1.77355,1.77369,232348.0
2018-03-06 00:00:00+00:00,1.77444,1.78804,1.77332,1.77719,249088.0
2018-03-07 00:00:00+00:00,1.77585,1.78089,1.77003,1.7737,227179.0
2018-03-08 00:00:00+00:00,1.77358,1.77508,1.7637,1.76487,204855.0
2018-03-11 00:00:00+00:00,1.76476,1.76808,1.75996,1.76633,140407.0
2018-03-12 00:00:00+00:00,1.76641,1.77987,1.76256,1.77647,186350.0
2018-03-13 00:00:00+00:00,1.7766,1.77973,1.76481,1.77237,183666.0
2018-03-14 00:00:00+00:00,1.77236,1.7887,1.7709,1.78731,181761.0
2018-03-15 00:00:00+00:00,1.7868,1.8089,1.78668,1.80785,165051.0
2018-03-18 00:00:00+00:00,1.80607,1.82849,1.8055,1.81707,204478.0
2018-03-19 00:00:00+00:00,1.81744,1.82672,1.81408,1.822,162951.0
2018-03-20 00:00:00+00:00,1.82188,1.83139,1.81772,1.82109,235059.0
2018-03-21 00:00:00+00:00,1.82099,1.84012,1.8184,1.83218,252918.0
2018-03-22 00:00:00+00:00,1.83256,1.83649,1.82512,1.8361,236900.0
2018-03-25 00:00:00+00:00,1.83538,1.8447,1.83011,1.83663,171684.0
2018-03-26 00:00:00+00:00,1.83701,1.8447,1.82696,1.84365,197860.0
2018-03-27 00:00:00+00:00,1.8434,1.85086,1.83606,1.83688,221614.0
2018-03-28 00:00:00+00:00,1.83788,1.84062,1.82511,1.8261,185780.0
2018-03-29 00:00:00+00:00,1.8259,1.82847,1.82172,1.82279,188009.0
2018-04-01 00:00:00+00:00,1.82373,1.8362,1.82262,1.83323,116185.0
2018-04-02 00:00:00+00:00,1.83397,1.83566,1.82504,1.82962,180958.0
2018-04-03 00:00:00+00:00,1.82911,1.83696,1.82374,1.82474,196743.0
2018-04-04 00:00:00+00:00,1.82489,1.8315,1.81786,1.82218,157336.0
2018-04-05 00:00:00+00:00,1.82207,1.837,1.8216,1.83621,193966.0
2018-04-08 00:00:00+00:00,1.83455,1.84591,1.83162,1.8356,169052.0
2018-04-09 00:00:00+00:00,1.83577,1.83736,1.82362,1.82625,187308.0
2018-04-10 00:00:00+00:00,1.82675,1.83565,1.82477,1.82768,174045.0
2018-04-11 00:00:00+00:00,1.82685,1.83704,1.82638,1.83477,174592.0
2018-04-12 00:00:00+00:00,1.83488,1.83624,1.8256,1.83335,160075.0
2018-04-15 00:00:00+00:00,1.83374,1.84384,1.83032,1.84268,140907.0
2018-04-16 00:00:00+00:00,1.84288,1.84769,1.83815,1.83983,154441.0
2018-04-17 00:00:00+00:00,1.83939,1.84398,1.8243,1.82475,163426.0
2018-04-18 00:00:00+00:00,1.82438,1.83588,1.81723,1.82221,201433.0
2018-04-19 00:00:00+00:00,1.82245,1.83187,1.82052,1.82531,187271.0
2018-04-22 00:00:00+00:00,1.82458,1.83408,1.82345,1.83319,167885.0
2018-04-23 00:00:00+00:00,1.83275,1.84025,1.83092,1.83848,179287.0
2018-04-24 00:00:00+00:00,1.83808,1.846,1.83807,1.84169,160638.0
2018-04-25 00:00:00+00:00,1.84099,1.8475,1.83838,1.84209,199386.0
2018-04-26 00:00:00+00:00,1.84224,1.84658,1.81698,1.81785,192640.0
2018-04-29 00:00:00+00:00,1.81767,1.82906,1.81672,1.82823,179047.0
2018-04-30 00:00:00+00:00,1.82782,1.82953,1.81649,1.81735,176314.0
2018-05-01 00:00:00+00:00,1.81773,1.82064,1.80892,1.8115,266864.0
2018-05-02 00:00:00+00:00,1.81243,1.81319,1.80116,1.80225,258298.0
2018-05-03 00:00:00+00:00,1.80236,1.80507,1.79403,1.79496,203101.0
2018-05-06 00:00:00+00:00,1.79444,1.80722,1.79444,1.80342,157500.0
2018-05-07 00:00:00+00:00,1.80378,1.81824,1.80305,1.81774,230268.0
2018-05-08 00:00:00+00:00,1.8169,1.82412,1.81479,1.81564,217545.0
2018-05-09 00:00:00+00:00,1.81547,1.81952,1.79205,1.7944,302332.0
2018-05-10 00:00:00+00:00,1.79501,1.79846,1.79053,1.79517,199124.0
2018-05-13 00:00:00+00:00,1.79572,1.80244,1.7936,1.80128,166674.0
2018-05-14 00:00:00+00:00,1.80141,1.80868,1.79882,1.80732,227403.0
2018-05-15 00:00:00+00:00,1.80771,1.81104,1.79373,1.79496,244529.0
2018-05-16 00:00:00+00:00,1.79416,1.8042,1.79155,1.7998,226945.0
2018-05-17 00:00:00+00:00,1.79885,1.8008,1.79234,1.79272,181569.0
2018-05-20 00:00:00+00:00,1.78999,1.79322,1.77042,1.77081,193940.0
2018-05-21 00:00:00+00:00,1.77091,1.77535,1.76705,1.77286,208028.0
2018-05-22 00:00:00+00:00,1.77304,1.77964,1.76497,1.76599,274271.0
2018-05-23 00:00:00+00:00,1.76502,1.77501,1.76465,1.76596,262740.0
2018-05-24 00:00:00+00:00,1.76578,1.76858,1.75872,1.76174,219858.0
2018-05-27 00:00:00+00:00,1.76158,1.76548,1.75877,1.76395,190769.0
2018-05-28 00:00:00+00:00,1.76384,1.7702,1.75433,1.7658,290557.0
2018-05-29 00:00:00+00:00,1.765,1.77246,1.75227,1.75277,278094.0
2018-05-30 00:00:00+00:00,1.7544,1.76102,1.75186,1.75663,262598.0
2018-05-31 00:00:00+00:00,1.75732,1.7699,1.75422,1.76348,240451.0
2018-06-03 00:00:00+00:00,1.76363,1.76556,1.73932,1.74092,204619.0
2018-06-04 00:00:00+00:00,1.74064,1.7596,1.73926,1.75878,221763.0
2018-06-05 00:00:00+00:00,1.75798,1.75985,1.74728,1.74928,209810.0
2018-06-06 00:00:00+00:00,1.7494,1.7627,1.74804,1.76042,227181.0
2018-06-07 00:00:00+00:00,1.76064,1.77347,1.75939,1.76365,207119.0
2018-06-10 00:00:00+00:00,1.76713,1.76713,1.75494,1.75831,142382.0
2018-06-11 00:00:00+00:00,1.75898,1.76734,1.75334,1.76538,204919.0
2018-06-12 00:00:00+00:00,1.76616,1.76918,1.75613,1.7652,209520.0
2018-06-13 00:00:00+00:00,1.76468,1.77952,1.76273,1.77368,253956.0
2018-06-14 00:00:00+00:00,1.7738,1.7854,1.77162,1.78455,211670.0
2018-06-17 00:00:00+00:00,1.78277,1.7867,1.77541,1.78426,153857.0
2018-06-18 00:00:00+00:00,1.78443,1.79694,1.78332,1.78444,250000.0
2018-06-19 00:00:00+00:00,1.78518,1.79092,1.77619,1.78764,212041.0
2018-06-20 00:00:00+00:00,1.78723,1.79805,1.77883,1.79477,293706.0
2018-06-21 00:00:00+00:00,1.79502,1.79639,1.77994,1.78289,224461.0
2018-06-24 00:00:00+00:00,1.78139,1.7945,1.78019,1.79132,210673.0
2018-06-25 00:00:00+00:00,1.79178,1.79456,1.78516,1.78877,228706.0
2018-06-26 00:00:00+00:00,1.78985,1.79592,1.77904,1.78656,264463.0
2018-06-27 00:00:00+00:00,1.78635,1.78748,1.77766,1.77862,275796.0
2018-06-28 00:00:00+00:00,1.77875,1.78788,1.7737,1.7838,287296.0
2018-07-01 00:00:00+00:00,1.78055,1.79502,1.77956,1.79081,211867.0
2018-07-02 00:00:00+00:00,1.79164,1.7931,1.78116,1.7864,215966.0
2018-07-03 00:00:00+00:00,1.78629,1.79444,1.7799,1.79196,183758.0
2018-07-04 00:00:00+00:00,1.79034,1.79584,1.78548,1.78952,221472.0
2018-07-05 00:00:00+00:00,1.78876,1.7911,1.7819,1.78838,197058.0
2018-07-08 00:00:00+00:00,1.79164,1.79203,1.76674,1.77598,231881.0
2018-07-09 00:00:00+00:00,1.77598,1.78393,1.76999,1.77991,210038.0
2018-07-10 00:00:00+00:00,1.78051,1.7935,1.78051,1.79251,286911.0
2018-07-11 00:00:00+00:00,1.7926,1.79425,1.7826,1.78268,214347.0
2018-07-12 00:00:00+00:00,1.78262,1.78518,1.77476,1.78217,212389.0
2018-07-15 00:00:00+00:00,1.78295,1.78751,1.78002,1.78357,175598.0
2018-07-16 00:00:00+00:00,1.78372,1.78794,1.77188,1.775,225862.0
2018-07-17 00:00:00+00:00,1.77564,1.78256,1.76302,1.76678,220406.0
2018-07-18 00:00:00+00:00,1.76664,1.77296,1.75683,1.76916,298523.0
2018-07-19 00:00:00+00:00,1.76875,1.77603,1.76292,1.77126,300923.0
2018-07-22 00:00:00+00:00,1.76913,1.7774,1.76754,1.775,213452.0
2018-07-23 00:00:00+00:00,1.77573,1.77944,1.76806,1.7719,225491.0
2018-07-24 00:00:00+00:00,1.77076,1.77957,1.76606,1.76945,245726.0
2018-07-25 00:00:00+00:00,1.76933,1.78044,1.76916,1.77714,231799.0
2018-07-26 00:00:00+00:00,1.77609,1.77707,1.7689,1.7707,189965.0
2018-07-29 00:00:00+00:00,1.77185,1.77559,1.76999,1.77291,162895.0
2018-07-30 00:00:00+00:00,1.77347,1.77468,1.76293,1.7669,217478.0
2018-07-31 00:00:00+00:00,1.76678,1.77457,1.76532,1.77278,225729.0
2018-08-01 00:00:00+00:00,1.77191,1.78253,1.76514,1.76812,215910.0
2018-08-02 00:00:00+00:00,1.76851,1.76912,1.75591,1.75591,222006.0
2018-08-05 00:00:00+00:00,1.75849,1.75915,1.74984,1.7522,154468.0
2018-08-06 00:00:00+00:00,1.75275,1.75336,1.74094,1.74354,169211.0
2018-08-07 00:00:00+00:00,1.74293,1.74532,1.7326,1.73357,179859.0
2018-08-08 00:00:00+00:00,1.73508,1.741,1.72832,1.73918,190443.0
2018-08-09 00:00:00+00:00,1.73951,1.75472,1.73798,1.74813,306571.0
2018-08-12 00:00:00+00:00,1.75177,1.75698,1.74962,1.75541,265605.0
2018-08-13 00:00:00+00:00,1.75612,1.76568,1.75322,1.75704,230047.0
2018-08-14 00:00:00+00:00,1.75686,1.76264,1.7529,1.75408,251776.0
2018-08-15 00:00:00+00:00,1.75433,1.75856,1.7455,1.75072,262934.0
2018-08-16 00:00:00+00:00,1.75114,1.75283,1.74176,1.74335,218488.0
2018-08-19 00:00:00+00:00,1.74234,1.74808,1.7411,1.74373,162859.0
2018-08-20 00:00:00+00:00,1.7434,1.75258,1.74172,1.75162,207386.0
2018-08-21 00:00:00+00:00,1.75074,1.7593,1.75038,1.75657,201076.0
2018-08-22 00:00:00+00:00,1.75617,1.76946,1.75473,1.76779,209855.0
2018-08-23 00:00:00+00:00,1.7679,1.76902,1.75218,1.75358,212830.0
2018-08-26 00:00:00+00:00,1.75232,1.75826,1.75075,1.75502,161497.0
2018-08-27 00:00:00+00:00,1.75394,1.75934,1.75216,1.75379,194544.0
2018-08-28 00:00:00+00:00,1.75421,1.78538,1.75078,1.78207,241177.0
2018-08-29 00:00:00+00:00,1.78187,1.79408,1.7811,1.79111,231515.0
2018-08-30 00:00:00+00:00,1.791,1.80548,1.79022,1.80262,242066.0
2018-09-02 00:00:00+00:00,1.7953,1.80273,1.78088,1.78408,170111.0
2018-09-03 00:00:00+00:00,1.78425,1.7923,1.77796,1.79108,219857.0
2018-09-04 00:00:00+00:00,1.79125,1.80818,1.78254,1.79402,257609.0
2018-09-05 00:00:00+00:00,1.79387,1.80154,1.79257,1.79649,244364.0
2018-09-06 00:00:00+00:00,1.79521,1.82242,1.79451,1.81825,274295.0
2018-09-09 00:00:00+00:00,1.81965,1.83394,1.81422,1.83132,191733.0
2018-09-10 00:00:00+00:00,1.83051,1.83772,1.82562,1.83037,219312.0
2018-09-11 00:00:00+00:00,1.82955,1.83446,1.81526,1.8198,228383.0
2018-09-12 00:00:00+00:00,1.81937,1.82356,1.81102,1.82268,231860.0
2018-09-13 00:00:00+00:00,1.82206,1.82858,1.81886,1.82679,201808.0
2018-09-16 00:00:00+00:00,1.82657,1.83412,1.82449,1.8332,189646.0
2018-09-17 00:00:00+00:00,1.83109,1.84002,1.8197,1.82135,257990.0
2018-09-18 00:00:00+00:00,1.82291,1.82351,1.80634,1.80954,241038.0
2018-09-19 00:00:00+00:00,1.80928,1.8256,1.80732,1.81978,241265.0
2018-09-20 00:00:00+00:00,1.81932,1.82211,1.79335,1.79335,223364.0
2018-09-23 00:00:00+00:00,1.80101,1.81136,1.79664,1.8092,184159.0
2018-09-24 00:00:00+00:00,1.80891,1.82003,1.80606,1.81848,193692.0
2018-09-25 00:00:00+00:00,1.81818,1.8191,1.80668,1.81406,220304.0
2018-09-26 00:00:00+00:00,1.81333,1.82185,1.80987,1.81448,236166.0
2018-09-27 00:00:00+00:00,1.81493,1.81552,1.80017,1.80448,203636.0
2018-09-30 00:00:00+00:00,1.80509,1.81618,1.80211,1.80552,187079.0
2018-10-01 00:00:00+00:00,1.8061,1.81034,1.80114,1.80566,214126.0
2018-10-02 00:00:00+00:00,1.80621,1.82344,1.80458,1.82174,260973.0
2018-10-03 00:00:00+00:00,1.82192,1.84196,1.8204,1.83957,259135.0
2018-10-04 00:00:00+00:00,1.84016,1.86096,1.83836,1.86048,274940.0
2018-10-07 00:00:00+00:00,1.85985,1.86232,1.84346,1.84995,225713.0
2018-10-08 00:00:00+00:00,1.84923,1.85434,1.84458,1.85056,270064.0
2018-10-09 00:00:00+00:00,1.85082,1.87258,1.84612,1.86997,281267.0
2018-10-10 00:00:00+00:00,1.87185,1.87344,1.85256,1.8579,404163.0
2018-10-11 00:00:00+00:00,1.85736,1.86202,1.84677,1.84912,300343.0
2018-10-14 00:00:00+00:00,1.83991,1.84706,1.8383,1.84434,275316.0
2018-10-15 00:00:00+00:00,1.8449,1.85638,1.84067,1.84606,252390.0
2018-10-16 00:00:00+00:00,1.84624,1.84885,1.83528,1.84488,251911.0
2018-10-17 00:00:00+00:00,1.84476,1.84476,1.83166,1.83374,272903.0
2018-10-18 00:00:00+00:00,1.83452,1.83836,1.82376,1.83597,279095.0
2018-10-21 00:00:00+00:00,1.83728,1.84224,1.82542,1.8309,255684.0
2018-10-22 00:00:00+00:00,1.83101,1.84604,1.83022,1.83232,299857.0
2018-10-23 00:00:00+00:00,1.83236,1.83366,1.81838,1.82404,324141.0
2018-10-24 00:00:00+00:00,1.82394,1.82878,1.80664,1.81053,318290.0
2018-10-25 00:00:00+00:00,1.81012,1.82476,1.80756,1.80879,361532.0
2018-10-28 00:00:00+00:00,1.80709,1.81575,1.8045,1.8129,287146.0
2018-10-29 00:00:00+00:00,1.81366,1.81466,1.78624,1.7884,272276.0
2018-10-30 00:00:00+00:00,1.78787,1.80834,1.78723,1.80497,273901.0
2018-10-31 00:00:00+00:00,1.80492,1.8094,1.7946,1.80441,332540.0
2018-11-01 00:00:00+00:00,1.8043,1.80593,1.79335,1.80292,303594.0
2018-11-04 00:00:00+00:00,1.81054,1.81063,1.80202,1.80882,233945.0
2018-11-05 00:00:00+00:00,1.80806,1.81494,1.8,1.8083,247622.0
2018-11-06 00:00:00+00:00,1.80878,1.815,1.80054,1.80446,333632.0
2018-11-07 00:00:00+00:00,1.80403,1.80681,1.79402,1.79998,301945.0
2018-11-08 00:00:00+00:00,1.80023,1.80294,1.79348,1.79569,295917.0
2018-11-11 00:00:00+00:00,1.78955,1.79346,1.78251,1.79105,314492.0
2018-11-12 00:00:00+00:00,1.79146,1.80662,1.78417,1.79735,349135.0
2018-11-13 00:00:00+00:00,1.7972,1.80599,1.7862,1.7958,420930.0
2018-11-14 00:00:00+00:00,1.79557,1.79799,1.75035,1.75551,432430.0
2018-11-15 00:00:00+00:00,1.75523,1.7697,1.74776,1.75034,299030.0
2018-11-18 00:00:00+00:00,1.75796,1.76558,1.75238,1.76206,227772.0
2018-11-19 00:00:00+00:00,1.76248,1.77324,1.75967,1.77286,286534.0
2018-11-20 00:00:00+00:00,1.77243,1.77551,1.75609,1.75953,233990.0
2018-11-21 00:00:00+00:00,1.75916,1.78183,1.75817,1.77531,213559.0
2018-11-22 00:00:00+00:00,1.77551,1.7779,1.77018,1.77154,202547.0
2018-11-25 00:00:00+00:00,1.773,1.77574,1.76432,1.77421,222900.0
2018-11-26 00:00:00+00:00,1.77457,1.7763,1.75758,1.764,298772.0
2018-11-27 00:00:00+00:00,1.76344,1.76932,1.74961,1.75546,266884.0
2018-11-28 00:00:00+00:00,1.75529,1.75904,1.73916,1.74714,282800.0
2018-11-29 00:00:00+00:00,1.74756,1.75166,1.74274,1.74502,248492.0
2018-12-02 00:00:00+00:00,1.73002,1.73764,1.72098,1.72928,251627.0
2018-12-03 00:00:00+00:00,1.72854,1.73714,1.72385,1.73343,326070.0
2018-12-04 00:00:00+00:00,1.73298,1.7556,1.72906,1.75178,251672.0
2018-12-05 00:00:00+00:00,1.75191,1.77458,1.75044,1.76706,350804.0
2018-12-06 00:00:00+00:00,1.76628,1.77282,1.7608,1.7653,306291.0
2018-12-09 00:00:00+00:00,1.76765,1.77251,1.7414,1.74725,338271.0
2018-12-10 00:00:00+00:00,1.74692,1.75585,1.7332,1.73386,310864.0
2018-12-11 00:00:00+00:00,1.73318,1.75575,1.72912,1.74902,340603.0
2018-12-12 00:00:00+00:00,1.74924,1.75394,1.74262,1.75171,267509.0
2018-12-13 00:00:00+00:00,1.75105,1.75998,1.74937,1.75342,267447.0
2018-12-16 00:00:00+00:00,1.75641,1.76212,1.75198,1.75759,290750.0
2018-12-17 00:00:00+00:00,1.75803,1.76524,1.75252,1.75991,291311.0
2018-12-18 00:00:00+00:00,1.76066,1.77999,1.75577,1.77402,345968.0
2018-12-19 00:00:00+00:00,1.77412,1.78502,1.77134,1.78057,371627.0
2018-12-20 00:00:00+00:00,1.78068,1.79662,1.77748,1.79594,353681.0
2018-12-23 00:00:00+00:00,1.79642,1.80561,1.78986,1.80263,242820.0
2018-12-25 00:00:00+00:00,1.80168,1.80836,1.78692,1.78743,189745.0
2018-12-26 00:00:00+00:00,1.78827,1.80453,1.78616,1.79838,403054.0
2018-12-27 00:00:00+00:00,1.79864,1.80491,1.79296,1.80317,262753.0
2018-12-30 00:00:00+00:00,1.80265,1.81756,1.79478,1.80996,229755.0
2019-01-01 00:00:00+00:00,1.80709,1.81912,1.79582,1.80517,330684.0
2019-01-02 00:00:00+00:00,1.80456,2.02495,1.7986,1.80395,379482.0
2019-01-03 00:00:00+00:00,1.80329,1.80709,1.78706,1.78859,326051.0
2019-01-06 00:00:00+00:00,1.78856,1.79288,1.7825,1.78768,236573.0
2019-01-07 00:00:00+00:00,1.78833,1.7945,1.77984,1.78068,240806.0
2019-01-08 00:00:00+00:00,1.78143,1.78459,1.77556,1.78359,305684.0
2019-01-09 00:00:00+00:00,1.78392,1.78866,1.77084,1.77425,258696.0
2019-01-10 00:00:00+00:00,1.77346,1.78509,1.76128,1.78006,263681.0
2019-01-13 00:00:00+00:00,1.78166,1.79462,1.7804,1.78797,239371.0
2019-01-14 00:00:00+00:00,1.78747,1.79053,1.76423,1.7858,312240.0
2019-01-15 00:00:00+00:00,1.7851,1.79704,1.7828,1.79678,242534.0
2019-01-16 00:00:00+00:00,1.79768,1.81024,1.79396,1.8052,269311.0
2019-01-17 00:00:00+00:00,1.80524,1.80731,1.79156,1.79591,229168.0
2019-01-20 00:00:00+00:00,1.79705,1.80448,1.7915,1.80094,196960.0
2019-01-21 00:00:00+00:00,1.80086,1.82134,1.80021,1.81887,235406.0
2019-01-22 00:00:00+00:00,1.81864,1.83466,1.81346,1.83004,248748.0
2019-01-23 00:00:00+00:00,1.82982,1.84342,1.82584,1.84211,294264.0
2019-01-24 00:00:00+00:00,1.84191,1.8524,1.83244,1.83793,301494.0
2019-01-27 00:00:00+00:00,1.83767,1.84107,1.8306,1.8365,225031.0
2019-01-28 00:00:00+00:00,1.83528,1.84431,1.82592,1.82613,289117.0
2019-01-29 00:00:00+00:00,1.82559,1.82938,1.80392,1.80934,281616.0
2019-01-30 00:00:00+00:00,1.80899,1.81106,1.79992,1.80236,259305.0
2019-01-31 00:00:00+00:00,1.8015,1.81055,1.79372,1.80398,223384.0
2019-02-03 00:00:00+00:00,1.80358,1.81604,1.8033,1.80416,203159.0
2019-02-04 00:00:00+00:00,1.80452,1.81228,1.78686,1.78946,217677.0
2019-02-05 00:00:00+00:00,1.78935,1.8204,1.78834,1.81971,258634.0
2019-02-06 00:00:00+00:00,1.82003,1.82947,1.80866,1.82343,253482.0
2019-02-07 00:00:00+00:00,1.82407,1.83448,1.82188,1.82581,204848.0
2019-02-10 00:00:00+00:00,1.82478,1.82597,1.81864,1.82112,248334.0
2019-02-11 00:00:00+00:00,1.8199,1.82352,1.81272,1.81689,247967.0
2019-02-12 00:00:00+00:00,1.81761,1.82019,1.80828,1.81194,264473.0
2019-02-13 00:00:00+00:00,1.81225,1.81424,1.7991,1.80144,293695.0
2019-02-14 00:00:00+00:00,1.80173,1.80846,1.79914,1.80513,214109.0
2019-02-17 00:00:00+00:00,1.80913,1.81502,1.80345,1.81263,261651.0
2019-02-18 00:00:00+00:00,1.81194,1.82627,1.80876,1.82313,261005.0
2019-02-19 00:00:00+00:00,1.82302,1.82633,1.81728,1.82155,317663.0
2019-02-20 00:00:00+00:00,1.82188,1.84496,1.80972,1.83864,376493.0
2019-02-21 00:00:00+00:00,1.83909,1.84032,1.82251,1.83111,317719.0
2019-02-24 00:00:00+00:00,1.83173,1.83242,1.81962,1.82694,298331.0
2019-02-25 00:00:00+00:00,1.82981,1.85038,1.8292,1.84401,354302.0
2019-02-26 00:00:00+00:00,1.84422,1.86987,1.84092,1.864,340526.0
2019-02-27 00:00:00+00:00,1.86495,1.87252,1.85812,1.8695,308254.0
2019-02-28 00:00:00+00:00,1.86926,1.87111,1.85764,1.86493,276584.0
2019-03-03 00:00:00+00:00,1.86294,1.87224,1.85748,1.85829,279791.0
2019-03-04 00:00:00+00:00,1.85851,1.86392,1.85238,1.86013,281614.0
2019-03-05 00:00:00+00:00,1.85963,1.8754,1.85497,1.873,287813.0
2019-03-06 00:00:00+00:00,1.873,1.87752,1.86074,1.86468,294683.0
2019-03-07 00:00:00+00:00,1.86509,1.86936,1.84337,1.84735,305343.0
2019-03-10 00:00:00+00:00,1.84499,1.86586,1.83912,1.86022,302705.0
2019-03-11 00:00:00+00:00,1.85981,1.87808,1.84084,1.84643,377670.0
2019-03-12 00:00:00+00:00,1.84696,1.88538,1.8446,1.87993,306983.0
2019-03-13 00:00:00+00:00,1.88022,1.88635,1.87052,1.87434,328378.0
2019-03-14 00:00:00+00:00,1.8737,1.87772,1.86201,1.8758,270193.0
2019-03-17 00:00:00+00:00,1.87568,1.87826,1.85954,1.86588,236809.0
2019-03-18 00:00:00+00:00,1.86577,1.87446,1.86369,1.87156,242089.0
2019-03-19 00:00:00+00:00,1.87168,1.87856,1.84974,1.8545,320785.0
2019-03-20 00:00:00+00:00,1.85462,1.85462,1.83386,1.8419,361181.0
2019-03-21 00:00:00+00:00,1.84433,1.86625,1.84158,1.86518,341748.0
2019-03-24 00:00:00+00:00,1.86654,1.86755,1.85182,1.85566,290847.0
2019-03-25 00:00:00+00:00,1.85555,1.85986,1.84698,1.85076,274623.0
2019-03-26 00:00:00+00:00,1.85048,1.87326,1.85007,1.86181,338663.0
2019-03-27 00:00:00+00:00,1.86227,1.86518,1.84296,1.84332,331519.0
2019-03-28 00:00:00+00:00,1.84346,1.85338,1.82986,1.83662,314741.0
2019-03-31 00:00:00+00:00,1.83134,1.848,1.8274,1.84238,274478.0
2019-04-01 00:00:00+00:00,1.84226,1.86028,1.83341,1.85732,300826.0
2019-04-02 00:00:00+00:00,1.85754,1.86109,1.84414,1.84974,279000.0
2019-04-03 00:00:00+00:00,1.8496,1.85352,1.83428,1.83806,242051.0
2019-04-04 00:00:00+00:00,1.83862,1.84168,1.8299,1.8347,220001.0
2019-04-07 00:00:00+00:00,1.83508,1.84342,1.82987,1.83272,187610.0
2019-04-08 00:00:00+00:00,1.83226,1.83587,1.82568,1.8318,194854.0
2019-04-09 00:00:00+00:00,1.83224,1.83736,1.82453,1.82543,246500.0
2019-04-10 00:00:00+00:00,1.8264,1.83599,1.82494,1.83266,211567.0
2019-04-11 00:00:00+00:00,1.83286,1.83559,1.82148,1.8223,193205.0
2019-04-14 00:00:00+00:00,1.82153,1.82893,1.82047,1.82638,185395.0
2019-04-15 00:00:00+00:00,1.826,1.83285,1.8182,1.81832,217681.0
2019-04-16 00:00:00+00:00,1.81908,1.82353,1.8098,1.81692,227839.0
2019-04-17 00:00:00+00:00,1.81778,1.82018,1.81178,1.81666,238199.0
2019-04-18 00:00:00+00:00,1.8169,1.81933,1.81498,1.81655,282999.0
2019-04-21 00:00:00+00:00,1.81694,1.82106,1.81587,1.81941,94550.0
2019-04-22 00:00:00+00:00,1.81987,1.83026,1.81833,1.82162,195475.0
2019-04-23 00:00:00+00:00,1.82199,1.84498,1.82136,1.83954,239618.0
2019-04-24 00:00:00+00:00,1.84016,1.84324,1.83644,1.83848,212594.0
2019-04-25 00:00:00+00:00,1.83773,1.8401,1.83098,1.83445,206228.0
2019-04-28 00:00:00+00:00,1.83634,1.8364,1.83089,1.83303,169442.0
2019-04-29 00:00:00+00:00,1.83321,1.85396,1.83032,1.84871,233026.0
2019-04-30 00:00:00+00:00,1.84912,1.86192,1.84826,1.86044,199593.0
2019-05-01 00:00:00+00:00,1.86125,1.86332,1.8552,1.86214,230654.0
2019-05-02 00:00:00+00:00,1.86205,1.8771,1.85688,1.87586,239059.0
2019-05-05 00:00:00+00:00,1.8867,1.88838,1.86982,1.8732,235168.0
2019-05-06 00:00:00+00:00,1.87341,1.87941,1.85976,1.86467,248152.0
2019-05-07 00:00:00+00:00,1.86456,1.86706,1.85343,1.86096,257581.0
2019-05-08 00:00:00+00:00,1.86007,1.8677,1.8597,1.86121,252823.0
2019-05-09 00:00:00+00:00,1.86166,1.86474,1.8544,1.85658,295125.0
2019-05-12 00:00:00+00:00,1.85749,1.87172,1.85623,1.86642,219802.0
2019-05-13 00:00:00+00:00,1.86592,1.86775,1.85768,1.85837,198064.0
2019-05-14 00:00:00+00:00,1.85868,1.86735,1.85108,1.85321,214215.0
2019-05-15 00:00:00+00:00,1.85384,1.86342,1.85052,1.85702,185004.0
2019-05-16 00:00:00+00:00,1.85719,1.85918,1.85056,1.8521,202462.0
2019-05-19 00:00:00+00:00,1.84303,1.84803,1.837,1.84194,159673.0
2019-05-20 00:00:00+00:00,1.84247,1.86179,1.83738,1.84557,225559.0
2019-05-21 00:00:00+00:00,1.84621,1.85005,1.83466,1.83965,194374.0
2019-05-22 00:00:00+00:00,1.83985,1.84261,1.83422,1.83422,212172.0
2019-05-23 00:00:00+00:00,1.8337,1.84224,1.82996,1.83529,196494.0
2019-05-26 00:00:00+00:00,1.83611,1.83852,1.82998,1.83328,171416.0
2019-05-27 00:00:00+00:00,1.83264,1.83368,1.82681,1.82752,218972.0
2019-05-28 00:00:00+00:00,1.82722,1.83093,1.82456,1.82559,217643.0
2019-05-29 00:00:00+00:00,1.82466,1.8266,1.81955,1.82411,186419.0
2019-05-30 00:00:00+00:00,1.82368,1.82712,1.81706,1.82092,270235.0
2019-06-02 00:00:00+00:00,1.8222,1.82474,1.81264,1.81507,251393.0
2019-06-03 00:00:00+00:00,1.81521,1.81956,1.81183,1.81647,283568.0
2019-06-04 00:00:00+00:00,1.81599,1.82322,1.81358,1.82035,289173.0
2019-06-05 00:00:00+00:00,1.82232,1.82314,1.81642,1.81973,304549.0
2019-06-06 00:00:00+00:00,1.82018,1.82697,1.81621,1.81945,281504.0
2019-06-09 00:00:00+00:00,1.81788,1.82678,1.81664,1.82273,255113.0
2019-06-10 00:00:00+00:00,1.82239,1.83044,1.82108,1.82821,283439.0
2019-06-11 00:00:00+00:00,1.82763,1.83588,1.82644,1.83119,305793.0
2019-06-12 00:00:00+00:00,1.83091,1.83803,1.82928,1.8328,277603.0
2019-06-13 00:00:00+00:00,1.83328,1.83861,1.83086,1.83205,261570.0
2019-06-16 00:00:00+00:00,1.83034,1.83558,1.82864,1.82894,192733.0
2019-06-17 00:00:00+00:00,1.82904,1.83518,1.82198,1.82609,266767.0
2019-06-18 00:00:00+00:00,1.82605,1.84098,1.8239,1.83682,268074.0
2019-06-19 00:00:00+00:00,1.83584,1.84238,1.82904,1.83493,328377.0
2019-06-20 00:00:00+00:00,1.83504,1.84031,1.8299,1.83955,296404.0
2019-06-23 00:00:00+00:00,1.83684,1.83908,1.82624,1.8297,239921.0
2019-06-24 00:00:00+00:00,1.82925,1.83675,1.82156,1.82288,334956.0
2019-06-25 00:00:00+00:00,1.82384,1.8243,1.81322,1.81643,266776.0
2019-06-26 00:00:00+00:00,1.81672,1.81979,1.80767,1.80853,260200.0
2019-06-27 00:00:00+00:00,1.808,1.81526,1.80566,1.80828,255442.0
2019-06-30 00:00:00+00:00,1.80688,1.81723,1.80487,1.81482,255675.0
2019-07-01 00:00:00+00:00,1.81472,1.81592,1.79969,1.80061,244155.0
2019-07-02 00:00:00+00:00,1.80042,1.80331,1.78546,1.78835,203542.0
2019-07-03 00:00:00+00:00,1.78847,1.79352,1.78594,1.79114,136540.0
2019-07-04 00:00:00+00:00,1.79183,1.79554,1.78594,1.79408,210293.0
2019-07-07 00:00:00+00:00,1.79536,1.79633,1.79003,1.79501,149847.0
2019-07-08 00:00:00+00:00,1.79538,1.80146,1.79408,1.79876,163920.0
2019-07-09 00:00:00+00:00,1.79941,1.80414,1.7944,1.79671,225274.0
2019-07-10 00:00:00+00:00,1.79645,1.80048,1.79314,1.79584,216435.0
2019-07-11 00:00:00+00:00,1.79511,1.79702,1.78924,1.79083,199374.0
2019-07-14 00:00:00+00:00,1.78997,1.79207,1.77786,1.77792,152810.0
2019-07-15 00:00:00+00:00,1.7778,1.77946,1.76308,1.76941,201835.0
2019-07-16 00:00:00+00:00,1.7695,1.77566,1.76675,1.77361,179911.0
2019-07-17 00:00:00+00:00,1.77351,1.77646,1.76724,1.77346,226130.0
2019-07-18 00:00:00+00:00,1.7736,1.77832,1.77186,1.77542,213790.0
2019-07-21 00:00:00+00:00,1.77366,1.77852,1.76706,1.77341,165591.0
2019-07-22 00:00:00+00:00,1.77274,1.77916,1.76718,1.77575,194272.0
2019-07-23 00:00:00+00:00,1.77587,1.79256,1.77524,1.78925,188390.0
2019-07-24 00:00:00+00:00,1.7892,1.79845,1.78728,1.79185,244709.0
2019-07-25 00:00:00+00:00,1.79164,1.79646,1.79012,1.79163,183329.0
2019-07-28 00:00:00+00:00,1.79209,1.7933,1.7695,1.77053,176623.0
2019-07-29 00:00:00+00:00,1.7706,1.77256,1.7561,1.76811,229757.0
2019-07-30 00:00:00+00:00,1.76796,1.77913,1.76244,1.77642,304278.0
2019-07-31 00:00:00+00:00,1.77665,1.78874,1.76402,1.78319,279247.0
2019-08-01 00:00:00+00:00,1.78395,1.79129,1.7757,1.78745,300856.0
2019-08-04 00:00:00+00:00,1.78674,1.80332,1.78433,1.79707,372435.0
2019-08-05 00:00:00+00:00,1.79752,1.80062,1.78842,1.8003,371485.0
2019-08-06 00:00:00+00:00,1.80051,1.8208,1.79402,1.79698,411758.0
2019-08-07 00:00:00+00:00,1.79723,1.7999,1.77964,1.78363,306945.0
2019-08-08 00:00:00+00:00,1.78374,1.79093,1.77105,1.77297,288046.0
2019-08-11 00:00:00+00:00,1.77647,1.79272,1.77162,1.78903,336922.0
2019-08-12 00:00:00+00:00,1.78852,1.79122,1.77057,1.77434,465599.0
2019-08-13 00:00:00+00:00,1.77339,1.79141,1.77078,1.7869,478094.0
2019-08-14 00:00:00+00:00,1.78699,1.79378,1.77639,1.78384,506384.0
2019-08-15 00:00:00+00:00,1.78343,1.79568,1.77868,1.79185,399792.0
2019-08-18 00:00:00+00:00,1.79281,1.79468,1.78602,1.79268,298751.0
2019-08-19 00:00:00+00:00,1.79325,1.79662,1.78014,1.7957,340547.0
2019-08-20 00:00:00+00:00,1.79561,1.79621,1.78288,1.78771,297681.0
2019-08-21 00:00:00+00:00,1.78883,1.81562,1.78694,1.81392,291672.0
2019-08-22 00:00:00+00:00,1.81285,1.821,1.80427,1.82089,382336.0
2019-08-25 00:00:00+00:00,1.82035,1.83378,1.80168,1.80327,636381.0
2019-08-26 00:00:00+00:00,1.80313,1.8218,1.80257,1.81996,365909.0
2019-08-27 00:00:00+00:00,1.8203,1.82374,1.80159,1.81375,386248.0
2019-08-28 00:00:00+00:00,1.81384,1.81801,1.80492,1.81071,387187.0
2019-08-29 00:00:00+00:00,1.8106,1.81638,1.80466,1.80544,373553.0
2019-09-01 00:00:00+00:00,1.80713,1.80947,1.79229,1.7967,270677.0
2019-09-02 00:00:00+00:00,1.79679,1.79988,1.77933,1.78741,383586.0
2019-09-03 00:00:00+00:00,1.78764,1.80318,1.78344,1.80264,337623.0
2019-09-04 00:00:00+00:00,1.80258,1.81124,1.79258,1.80959,373994.0
2019-09-05 00:00:00+00:00,1.80977,1.81076,1.79302,1.79399,297922.0
2019-09-08 00:00:00+00:00,1.79342,1.8035,1.78442,1.7987,285959.0
2019-09-09 00:00:00+00:00,1.79941,1.80644,1.79327,1.80103,274407.0
2019-09-10 00:00:00+00:00,1.80032,1.80304,1.79485,1.79649,254139.0
2019-09-11 00:00:00+00:00,1.79596,1.799,1.78804,1.79609,358693.0
2019-09-12 00:00:00+00:00,1.79627,1.81738,1.7938,1.817,273141.0
2019-09-15 00:00:00+00:00,1.81979,1.82149,1.80534,1.8105,298273.0
2019-09-16 00:00:00+00:00,1.81035,1.82457,1.80876,1.82076,293568.0
2019-09-17 00:00:00+00:00,1.82054,1.83139,1.81936,1.82646,287499.0
2019-09-18 00:00:00+00:00,1.82673,1.84552,1.82577,1.8432,305127.0
2019-09-19 00:00:00+00:00,1.84351,1.84984,1.8354,1.84428,306978.0
2019-09-22 00:00:00+00:00,1.84094,1.84472,1.83334,1.83494,253251.0
2019-09-23 00:00:00+00:00,1.83505,1.8413,1.82769,1.83772,270510.0
2019-09-24 00:00:00+00:00,1.83692,1.8409,1.82816,1.82951,282410.0
2019-09-25 00:00:00+00:00,1.82998,1.83266,1.82066,1.82616,272681.0
2019-09-26 00:00:00+00:00,1.8269,1.82764,1.8153,1.81663,255190.0
2019-09-29 00:00:00+00:00,1.81872,1.82905,1.8158,1.82158,246237.0
2019-09-30 00:00:00+00:00,1.8209,1.84092,1.81394,1.83548,309325.0
2019-10-01 00:00:00+00:00,1.83421,1.84035,1.8269,1.83359,275214.0
2019-10-02 00:00:00+00:00,1.83619,1.84306,1.828,1.82926,274035.0
2019-10-03 00:00:00+00:00,1.82849,1.83216,1.81526,1.82122,234084.0
2019-10-06 00:00:00+00:00,1.82242,1.83066,1.821,1.82523,244262.0
2019-10-07 00:00:00+00:00,1.8259,1.82648,1.80989,1.81599,283415.0
2019-10-08 00:00:00+00:00,1.81586,1.82316,1.80917,1.81529,252933.0
2019-10-09 00:00:00+00:00,1.81547,1.84318,1.80764,1.83997,377268.0
2019-10-10 00:00:00+00:00,1.8402,1.86842,1.8277,1.86258,428680.0
2019-10-13 00:00:00+00:00,1.86126,1.87158,1.85199,1.86043,337119.0
2019-10-14 00:00:00+00:00,1.8607,1.89411,1.85798,1.89315,429863.0
2019-10-15 00:00:00+00:00,1.89285,1.90942,1.87802,1.89803,441391.0
2019-10-16 00:00:00+00:00,1.89904,1.90224,1.87198,1.88882,441388.0
2019-10-17 00:00:00+00:00,1.88868,1.8948,1.87764,1.89379,325871.0
2019-10-20 00:00:00+00:00,1.89379,1.89379,1.87864,1.88697,257868.0
2019-10-21 00:00:00+00:00,1.88668,1.89295,1.87708,1.87721,331460.0
2019-10-22 00:00:00+00:00,1.87764,1.88511,1.87496,1.88437,298291.0
2019-10-23 00:00:00+00:00,1.88455,1.89288,1.87693,1.88496,303802.0
2019-10-24 00:00:00+00:00,1.88484,1.88557,1.87648,1.88023,212385.0
2019-10-27 00:00:00+00:00,1.87883,1.88571,1.87806,1.88054,233729.0
2019-10-28 00:00:00+00:00,1.8807,1.88119,1.86969,1.87478,282031.0
2019-10-29 00:00:00+00:00,1.87452,1.88014,1.86823,1.86859,315174.0
2019-10-30 00:00:00+00:00,1.8692,1.8809,1.86496,1.87726,341052.0
2019-10-31 00:00:00+00:00,1.8777,1.88028,1.87014,1.87148,281453.0
2019-11-03 00:00:00+00:00,1.87053,1.87361,1.8675,1.87126,215705.0
2019-11-04 00:00:00+00:00,1.87185,1.87363,1.8598,1.86916,306576.0
2019-11-05 00:00:00+00:00,1.86939,1.87146,1.86526,1.86747,211114.0
2019-11-06 00:00:00+00:00,1.86726,1.87166,1.85471,1.85765,293748.0
2019-11-07 00:00:00+00:00,1.85843,1.87118,1.8556,1.8623,227798.0
2019-11-10 00:00:00+00:00,1.86636,1.88118,1.8644,1.87641,195414.0
2019-11-11 00:00:00+00:00,1.87607,1.88146,1.8724,1.87771,233170.0
2019-11-12 00:00:00+00:00,1.87917,1.88398,1.87455,1.87933,239206.0
2019-11-13 00:00:00+00:00,1.8794,1.9023,1.87815,1.89813,235210.0
2019-11-14 00:00:00+00:00,1.89802,1.8991,1.89118,1.89278,199278.0
2019-11-17 00:00:00+00:00,1.89633,1.90582,1.89411,1.90214,206017.0
2019-11-18 00:00:00+00:00,1.90107,1.90816,1.89129,1.89322,193911.0
2019-11-19 00:00:00+00:00,1.89298,1.90294,1.89199,1.89998,214313.0
2019-11-20 00:00:00+00:00,1.89953,1.90595,1.8993,1.90199,242516.0
2019-11-21 00:00:00+00:00,1.90221,1.90478,1.88966,1.89116,220802.0
2019-11-24 00:00:00+00:00,1.89336,1.90631,1.88931,1.90321,196911.0
2019-11-25 00:00:00+00:00,1.90311,1.90487,1.89202,1.89546,199309.0
2019-11-26 00:00:00+00:00,1.89414,1.90759,1.89245,1.90759,213309.0
2019-11-27 00:00:00+00:00,1.90712,1.91468,1.90527,1.90749,185201.0
2019-11-28 00:00:00+00:00,1.90709,1.9153,1.90026,1.91161,176894.0
2019-12-01 00:00:00+00:00,1.90706,1.90998,1.89534,1.89818,208740.0
2019-12-02 00:00:00+00:00,1.89793,1.90259,1.8898,1.89777,218504.0
2019-12-03 00:00:00+00:00,1.8979,1.91618,1.89638,1.9134,261078.0
2019-12-04 00:00:00+00:00,1.91328,1.92786,1.91256,1.926,193118.0
2019-12-05 00:00:00+00:00,1.9256,1.92636,1.91556,1.92075,204333.0
2019-12-08 00:00:00+00:00,1.92198,1.93088,1.92162,1.92678,179894.0
2019-12-09 00:00:00+00:00,1.92628,1.93904,1.92317,1.93239,215346.0
2019-12-10 00:00:00+00:00,1.93165,1.93237,1.91696,1.91899,222289.0
2019-12-11 00:00:00+00:00,1.91888,1.92184,1.89474,1.9059,327214.0
2019-12-12 00:00:00+00:00,1.9191,1.9516,1.9191,1.93689,451060.0
2019-12-15 00:00:00+00:00,1.93726,1.95232,1.93262,1.93661,260456.0
2019-12-16 00:00:00+00:00,1.9367,1.93886,1.91312,1.91654,305594.0
2019-12-17 00:00:00+00:00,1.91576,1.91764,1.90356,1.90836,268230.0
2019-12-18 00:00:00+00:00,1.90861,1.91046,1.88745,1.88902,277917.0
2019-12-19 00:00:00+00:00,1.88922,1.8945,1.88155,1.88387,204300.0
2019-12-22 00:00:00+00:00,1.88663,1.88663,1.86522,1.86882,238039.0
2019-12-23 00:00:00+00:00,1.86857,1.8735,1.86461,1.87018,182000.0
2019-12-25 00:00:00+00:00,1.87218,1.87675,1.87033,1.8709,101597.0
2019-12-26 00:00:00+00:00,1.87081,1.88164,1.8661,1.8733,246686.0
2019-12-29 00:00:00+00:00,1.87655,1.87914,1.87153,1.87476,245471.0
2019-12-30 00:00:00+00:00,1.87511,1.89121,1.8697,1.88986,233591.0
2020-01-01 00:00:00+00:00,1.88945,1.89151,1.87896,1.87936,258283.0
2020-01-02 00:00:00+00:00,1.8792,1.88655,1.87806,1.88316,297224.0
2020-01-05 00:00:00+00:00,1.8849,1.90015,1.8803,1.89771,259625.0
2020-01-06 00:00:00+00:00,1.89786,1.91567,1.89758,1.91003,292209.0
2020-01-07 00:00:00+00:00,1.91148,1.91574,1.90532,1.90707,391292.0
2020-01-08 00:00:00+00:00,1.9075,1.90935,1.8971,1.90533,259648.0
2020-01-09 00:00:00+00:00,1.90542,1.90744,1.88946,1.89329,253263.0
2020-01-12 00:00:00+00:00,1.88994,1.89093,1.87716,1.88134,240383.0
2020-01-13 00:00:00+00:00,1.88075,1.8885,1.8767,1.88616,272432.0
2020-01-14 00:00:00+00:00,1.88633,1.891,1.88415,1.88785,238309.0
2020-01-15 00:00:00+00:00,1.88822,1.89766,1.88386,1.89614,241748.0
2020-01-16 00:00:00+00:00,1.89603,1.90042,1.88872,1.89245,238715.0
2020-01-19 00:00:00+00:00,1.89067,1.89642,1.88532,1.89303,168260.0
2020-01-20 00:00:00+00:00,1.89321,1.90736,1.88966,1.90626,243840.0
2020-01-21 00:00:00+00:00,1.90618,1.92244,1.9051,1.92003,270360.0
2020-01-22 00:00:00+00:00,1.91991,1.92211,1.90953,1.9167,232327.0
2020-01-23 00:00:00+00:00,1.91681,1.92215,1.9097,1.91552,229331.0
2020-01-26 00:00:00+00:00,1.91965,1.93448,1.91677,1.93153,278642.0
2020-01-27 00:00:00+00:00,1.93134,1.93536,1.9217,1.9265,241974.0
2020-01-28 00:00:00+00:00,1.92648,1.93074,1.92094,1.92785,227221.0
2020-01-29 00:00:00+00:00,1.92815,1.95493,1.92639,1.94796,304212.0
2020-01-30 00:00:00+00:00,1.94784,1.97558,1.94675,1.97437,293407.0
2020-02-02 00:00:00+00:00,1.97104,1.97234,1.94058,1.94215,322054.0
2020-02-03 00:00:00+00:00,1.94199,1.94435,1.92548,1.93382,313287.0
2020-02-04 00:00:00+00:00,1.93455,1.93676,1.91822,1.92702,307629.0
2020-02-05 00:00:00+00:00,1.92702,1.92745,1.91646,1.92058,248108.0
2020-02-06 00:00:00+00:00,1.92118,1.94176,1.9169,1.93075,269276.0
2020-02-09 00:00:00+00:00,1.9337,1.93744,1.92181,1.93132,276857.0
2020-02-10 00:00:00+00:00,1.93144,1.93272,1.92116,1.92934,260918.0
2020-02-11 00:00:00+00:00,1.92909,1.93047,1.92142,1.92339,250944.0
2020-02-12 00:00:00+00:00,1.92326,1.94298,1.92287,1.94093,292075.0
2020-02-13 00:00:00+00:00,1.94106,1.9444,1.9352,1.94328,204871.0
2020-02-16 00:00:00+00:00,1.93969,1.94282,1.93436,1.93702,144719.0
2020-02-17 00:00:00+00:00,1.93716,1.95192,1.93615,1.9435,236951.0
2020-02-18 00:00:00+00:00,1.94373,1.94522,1.93434,1.93514,225849.0
2020-02-19 00:00:00+00:00,1.93536,1.9495,1.93072,1.94796,303397.0
2020-02-20 00:00:00+00:00,1.94788,1.9624,1.94526,1.95579,298703.0
2020-02-23 00:00:00+00:00,1.9652,1.96593,1.95207,1.95772,353853.0
2020-02-24 00:00:00+00:00,1.95807,1.97153,1.95216,1.96972,364967.0
2020-02-25 00:00:00+00:00,1.96982,1.97752,1.96568,1.97083,403628.0
2020-02-26 00:00:00+00:00,1.97091,1.97469,1.95538,1.96159,460851.0
2020-02-27 00:00:00+00:00,1.96139,1.9833,1.95753,1.96917,643413.0
2020-03-01 00:00:00+00:00,1.97612,1.97889,1.9439,1.94965,572592.0
2020-03-02 00:00:00+00:00,1.9494,1.96126,1.9299,1.94637,551519.0
2020-03-03 00:00:00+00:00,1.94578,1.94992,1.92905,1.94252,388741.0
2020-03-04 00:00:00+00:00,1.94268,1.96508,1.9409,1.95891,323448.0
2020-03-05 00:00:00+00:00,1.95831,1.96752,1.95216,1.96589,481918.0
2020-03-08 00:00:00+00:00,1.97962,2.0786,1.9634,1.99034,818718.0
2020-03-09 00:00:00+00:00,1.99034,1.99938,1.97791,1.98442,723224.0
2020-03-10 00:00:00+00:00,1.98442,1.99074,1.97115,1.97697,590294.0
2020-03-11 00:00:00+00:00,1.97697,2.02056,1.97306,2.01559,852790.0
2020-03-12 00:00:00+00:00,2.01559,2.01912,1.97852,1.97852,834659.0
2020-03-15 00:00:00+00:00,1.99693,2.02287,1.9637,2.00577,836986.0
2020-03-16 00:00:00+00:00,2.00577,2.02424,1.99092,2.0093,973384.0
2020-03-17 00:00:00+00:00,2.0093,2.03058,1.97754,2.01325,870409.0
2020-03-18 00:00:00+00:00,2.01308,2.08587,1.97421,1.99887,728698.0
2020-03-19 00:00:00+00:00,1.99879,2.03106,1.96749,2.01094,421076.0
2020-03-22 00:00:00+00:00,2.01067,2.03636,1.97652,1.9766,612331.0
2020-03-23 00:00:00+00:00,1.9766,1.99765,1.95199,1.97396,658179.0
2020-03-24 00:00:00+00:00,1.97396,1.99956,1.95453,1.99376,772140.0
2020-03-25 00:00:00+00:00,1.99376,2.01661,1.98394,2.01253,675171.0
2020-03-26 00:00:00+00:00,2.01253,2.03426,1.99719,2.02158,736515.0
2020-03-29 00:00:00+00:00,2.01822,2.03126,2.00524,2.01203,713625.0
2020-03-30 00:00:00+00:00,2.01203,2.03738,1.98676,2.02355,832434.0
2020-03-31 00:00:00+00:00,2.02355,2.05042,2.01071,2.03807,666624.0
2020-04-01 00:00:00+00:00,2.03807,2.05961,2.02818,2.04563,667495.0
2020-04-02 00:00:00+00:00,2.04582,2.05326,2.03378,2.04704,588428.0
2020-04-05 00:00:00+00:00,2.0336,2.04343,2.00786,2.00948,595648.0
2020-04-06 00:00:00+00:00,2.00948,2.01101,1.98726,1.99921,589756.0
2020-04-07 00:00:00+00:00,1.99921,2.01194,1.98564,1.98766,611198.0
2020-04-08 00:00:00+00:00,1.98766,1.9992,1.95999,1.96496,599437.0
2020-04-09 00:00:00+00:00,1.96496,1.97395,1.95792,1.96108,55799.0
2020-04-12 00:00:00+00:00,1.9617,1.97272,1.95472,1.96014,321119.0
2020-04-13 00:00:00+00:00,1.96014,1.96949,1.95158,1.95959,426297.0
2020-04-14 00:00:00+00:00,1.95959,1.98485,1.95932,1.9815,445443.0
2020-04-15 00:00:00+00:00,1.9815,1.9901,1.96917,1.96938,451961.0
2020-04-16 00:00:00+00:00,1.96938,1.97125,1.95637,1.96462,486472.0
2020-04-19 00:00:00+00:00,1.96326,1.97048,1.94938,1.96258,388821.0
2020-04-20 00:00:00+00:00,1.96336,1.97332,1.94831,1.95732,499283.0
2020-04-21 00:00:00+00:00,1.95845,1.95921,1.93658,1.95096,357792.0
2020-04-22 00:00:00+00:00,1.95062,1.96007,1.93384,1.938,449347.0
2020-04-23 00:00:00+00:00,1.93737,1.94606,1.93281,1.93443,381205.0
2020-04-26 00:00:00+00:00,1.93779,1.93779,1.91954,1.92279,333726.0
2020-04-27 00:00:00+00:00,1.92124,1.9289,1.91132,1.91407,353196.0
2020-04-28 00:00:00+00:00,1.91343,1.91512,1.9004,1.90182,333840.0
2020-04-29 00:00:00+00:00,1.90128,1.9347,1.89923,1.93375,471732.0
2020-04-30 00:00:00+00:00,1.93307,1.94982,1.93267,1.9465,395695.0
2020-05-03 00:00:00+00:00,1.94685,1.95357,1.93398,1.93615,411560.0
2020-05-04 00:00:00+00:00,1.93691,1.93795,1.92695,1.93283,404282.0
2020-05-05 00:00:00+00:00,1.93301,1.93774,1.9191,1.92733,374500.0
2020-05-06 00:00:00+00:00,1.92814,1.93282,1.8982,1.90295,377526.0
2020-05-07 00:00:00+00:00,1.90285,1.90683,1.89468,1.89945,289844.0
2020-05-10 00:00:00+00:00,1.90102,1.90836,1.89464,1.90072,363247.0
2020-05-11 00:00:00+00:00,1.90025,1.91272,1.88832,1.89438,398739.0
2020-05-12 00:00:00+00:00,1.89403,1.90058,1.88721,1.89562,498587.0
2020-05-13 00:00:00+00:00,1.89565,1.90166,1.89166,1.89288,454378.0
2020-05-14 00:00:00+00:00,1.89259,1.89712,1.88497,1.88699,402083.0
2020-05-17 00:00:00+00:00,1.88284,1.88469,1.86884,1.86908,378295.0
2020-05-18 00:00:00+00:00,1.86876,1.87616,1.86332,1.87415,404343.0
2020-05-19 00:00:00+00:00,1.87361,1.87638,1.85264,1.85483,357482.0
2020-05-20 00:00:00+00:00,1.85653,1.86586,1.85426,1.86154,369992.0
2020-05-21 00:00:00+00:00,1.86182,1.87212,1.86049,1.86104,335125.0
2020-05-24 00:00:00+00:00,1.86369,1.86676,1.86075,1.86221,246708.0
2020-05-25 00:00:00+00:00,1.86347,1.86503,1.84901,1.85395,352789.0
2020-05-26 00:00:00+00:00,1.85418,1.86286,1.84536,1.85084,470239.0
2020-05-27 00:00:00+00:00,1.85127,1.85916,1.84794,1.85652,488884.0
2020-05-28 00:00:00+00:00,1.8562,1.86612,1.84614,1.85165,559316.0
2020-05-31 00:00:00+00:00,1.85252,1.85544,1.8343,1.83727,442923.0
2020-06-01 00:00:00+00:00,1.83698,1.8456,1.81932,1.81968,446092.0
2020-06-02 00:00:00+00:00,1.81996,1.83203,1.80572,1.81671,509551.0
2020-06-03 00:00:00+00:00,1.81684,1.82025,1.80582,1.81424,435231.0
2020-06-04 00:00:00+00:00,1.81539,1.82498,1.8061,1.81793,470533.0
2020-06-07 00:00:00+00:00,1.82065,1.82462,1.80984,1.81232,366291.0
2020-06-08 00:00:00+00:00,1.81264,1.83313,1.81099,1.82855,427359.0
2020-06-09 00:00:00+00:00,1.82905,1.83374,1.81279,1.82137,489642.0
2020-06-10 00:00:00+00:00,1.82204,1.84082,1.81986,1.83858,651158.0
2020-06-11 00:00:00+00:00,1.83778,1.84528,1.82302,1.82634,677387.0
2020-06-14 00:00:00+00:00,1.82965,1.84253,1.818,1.8218,669998.0
2020-06-15 00:00:00+00:00,1.82226,1.83806,1.81478,1.82508,591396.0
2020-06-16 00:00:00+00:00,1.82535,1.83082,1.81336,1.82384,524906.0
2020-06-17 00:00:00+00:00,1.82181,1.8322,1.80851,1.81276,503326.0
2020-06-18 00:00:00+00:00,1.81228,1.81534,1.79458,1.80671,436143.0
2020-06-21 00:00:00+00:00,1.81277,1.81277,1.79996,1.80495,388614.0
2020-06-22 00:00:00+00:00,1.80576,1.8134,1.79166,1.80675,475684.0
2020-06-23 00:00:00+00:00,1.80646,1.81284,1.80042,1.80832,451403.0
2020-06-24 00:00:00+00:00,1.80983,1.81246,1.80263,1.8032,432509.0
2020-06-25 00:00:00+00:00,1.80367,1.8087,1.79635,1.79693,343665.0
2020-06-28 00:00:00+00:00,1.79814,1.80256,1.78934,1.79107,349946.0
2020-06-29 00:00:00+00:00,1.79172,1.79722,1.78692,1.79645,354378.0
2020-06-30 00:00:00+00:00,1.79641,1.80652,1.79105,1.80414,341298.0
2020-07-01 00:00:00+00:00,1.80329,1.80915,1.79938,1.79999,333173.0
2020-07-02 00:00:00+00:00,1.80067,1.80222,1.79412,1.79806,266466.0
2020-07-05 00:00:00+00:00,1.79911,1.80053,1.78846,1.79136,265121.0
2020-07-06 00:00:00+00:00,1.79128,1.80736,1.78882,1.80563,330069.0
2020-07-07 00:00:00+00:00,1.80687,1.81066,1.80356,1.80644,298907.0
2020-07-08 00:00:00+00:00,1.80589,1.81408,1.80495,1.81005,358770.0
2020-07-09 00:00:00+00:00,1.81034,1.8202,1.81,1.81624,298045.0
2020-07-12 00:00:00+00:00,1.81808,1.81933,1.80414,1.809,306234.0
2020-07-13 00:00:00+00:00,1.80879,1.81086,1.79736,1.79954,393269.0
2020-07-14 00:00:00+00:00,1.80097,1.802,1.79349,1.79588,322151.0
2020-07-15 00:00:00+00:00,1.7959,1.80176,1.79326,1.80068,303495.0
2020-07-16 00:00:00+00:00,1.80147,1.80243,1.79335,1.79669,220065.0
2020-07-19 00:00:00+00:00,1.79664,1.8069,1.79286,1.8045,242873.0
2020-07-20 00:00:00+00:00,1.80551,1.80563,1.785,1.78608,306112.0
2020-07-21 00:00:00+00:00,1.78595,1.78692,1.76953,1.78331,338276.0
2020-07-22 00:00:00+00:00,1.78017,1.79504,1.77608,1.79495,356647.0
2020-07-23 00:00:00+00:00,1.79485,1.80468,1.79089,1.80054,336349.0
2020-07-26 00:00:00+00:00,1.8046,1.80699,1.79503,1.80167,339659.0
2020-07-27 00:00:00+00:00,1.80235,1.809,1.7972,1.8066,338265.0
2020-07-28 00:00:00+00:00,1.80695,1.81093,1.80236,1.80824,331956.0
2020-07-29 00:00:00+00:00,1.8083,1.8338,1.8071,1.82013,309104.0
2020-07-30 00:00:00+00:00,1.82093,1.836,1.81776,1.83198,373504.0
2020-08-02 00:00:00+00:00,1.83473,1.84065,1.8307,1.83554,355138.0
2020-08-03 00:00:00+00:00,1.83603,1.83881,1.8227,1.82526,299428.0
2020-08-04 00:00:00+00:00,1.82548,1.82678,1.81612,1.82373,295835.0
2020-08-05 00:00:00+00:00,1.82388,1.8353,1.81485,1.81632,338512.0
2020-08-06 00:00:00+00:00,1.81703,1.82566,1.8139,1.82352,332491.0
2020-08-09 00:00:00+00:00,1.82367,1.82914,1.8224,1.82871,238408.0
2020-08-10 00:00:00+00:00,1.82808,1.83083,1.8215,1.82668,303432.0
2020-08-11 00:00:00+00:00,1.8278,1.83254,1.8176,1.81962,333145.0
2020-08-12 00:00:00+00:00,1.82036,1.8301,1.81802,1.82795,278924.0
2020-08-13 00:00:00+00:00,1.82685,1.8355,1.82384,1.8248,256882.0
2020-08-16 00:00:00+00:00,1.82828,1.82828,1.81264,1.81648,229724.0
2020-08-17 00:00:00+00:00,1.81619,1.83059,1.81515,1.8278,282672.0
2020-08-18 00:00:00+00:00,1.8286,1.83013,1.8161,1.82404,320410.0
2020-08-19 00:00:00+00:00,1.82415,1.83866,1.82068,1.83724,348102.0
2020-08-20 00:00:00+00:00,1.83736,1.84114,1.82532,1.8279,346574.0
2020-08-23 00:00:00+00:00,1.82577,1.82962,1.82112,1.82396,267026.0
2020-08-24 00:00:00+00:00,1.82306,1.83212,1.82176,1.82798,264192.0
2020-08-25 00:00:00+00:00,1.82776,1.82866,1.8238,1.8263,254003.0
2020-08-26 00:00:00+00:00,1.82623,1.827,1.81716,1.81835,372310.0
2020-08-27 00:00:00+00:00,1.81835,1.82122,1.80824,1.8125,353431.0
2020-08-30 00:00:00+00:00,1.81198,1.81649,1.807,1.8125,298678.0
2020-08-31 00:00:00+00:00,1.81342,1.82606,1.80869,1.81548,376398.0
2020-09-01 00:00:00+00:00,1.81674,1.82246,1.81348,1.81952,327102.0
2020-09-02 00:00:00+00:00,1.81952,1.82666,1.81609,1.82607,368323.0
2020-09-03 00:00:00+00:00,1.8256,1.82884,1.81852,1.82381,372005.0
2020-09-06 00:00:00+00:00,1.81872,1.82158,1.8054,1.80984,237955.0
2020-09-07 00:00:00+00:00,1.81038,1.81067,1.7964,1.79955,340429.0
2020-09-08 00:00:00+00:00,1.80014,1.80256,1.78168,1.78502,322538.0
2020-09-09 00:00:00+00:00,1.78478,1.79249,1.75787,1.76453,331645.0
2020-09-10 00:00:00+00:00,1.76394,1.76527,1.74931,1.75665,308898.0
2020-09-13 00:00:00+00:00,1.75641,1.77163,1.75419,1.76246,248306.0
2020-09-14 00:00:00+00:00,1.76205,1.76652,1.75392,1.7652,279806.0
2020-09-15 00:00:00+00:00,1.76478,1.77864,1.75904,1.7749,340149.0
2020-09-16 00:00:00+00:00,1.77459,1.78401,1.76214,1.77409,422121.0
2020-09-17 00:00:00+00:00,1.77445,1.7805,1.76646,1.77165,303096.0
2020-09-20 00:00:00+00:00,1.7732,1.77776,1.76334,1.77434,369523.0
2020-09-21 00:00:00+00:00,1.773,1.78248,1.76988,1.7761,368619.0
2020-09-22 00:00:00+00:00,1.7756,1.79949,1.77538,1.79934,387369.0
2020-09-23 00:00:00+00:00,1.79858,1.818,1.79621,1.80901,406757.0
2020-09-24 00:00:00+00:00,1.8077,1.81356,1.80268,1.81297,342306.0
2020-09-27 00:00:00+00:00,1.81421,1.82842,1.8082,1.81466,302280.0
2020-09-28 00:00:00+00:00,1.81658,1.81703,1.80024,1.80298,302813.0
2020-09-29 00:00:00+00:00,1.80383,1.80695,1.79872,1.8046,311407.0
2020-09-30 00:00:00+00:00,1.80517,1.80564,1.78481,1.79427,375644.0
2020-10-01 00:00:00+00:00,1.79443,1.81152,1.79189,1.80634,458414.0
2020-10-04 00:00:00+00:00,1.80493,1.80932,1.799,1.80744,252214.0
2020-10-05 00:00:00+00:00,1.80713,1.81714,1.8032,1.81296,358818.0
2020-10-06 00:00:00+00:00,1.81399,1.81436,1.79972,1.80978,310189.0
2020-10-07 00:00:00+00:00,1.80992,1.81299,1.80103,1.80484,284083.0
2020-10-08 00:00:00+00:00,1.80322,1.80554,1.79589,1.8018,293286.0
2020-10-11 00:00:00+00:00,1.80393,1.81466,1.80083,1.81264,271136.0
2020-10-12 00:00:00+00:00,1.81298,1.81988,1.80625,1.80634,359097.0
2020-10-13 00:00:00+00:00,1.80647,1.81998,1.79663,1.8165,284037.0
2020-10-14 00:00:00+00:00,1.81681,1.83327,1.81478,1.81914,443948.0
2020-10-15 00:00:00+00:00,1.81887,1.82916,1.81524,1.82425,288376.0
2020-10-18 00:00:00+00:00,1.82122,1.83554,1.8197,1.83161,321928.0
2020-10-19 00:00:00+00:00,1.83192,1.84529,1.83003,1.83731,307932.0
2020-10-20 00:00:00+00:00,1.8371,1.84868,1.83198,1.84733,337061.0
2020-10-21 00:00:00+00:00,1.84723,1.85272,1.83729,1.83825,311215.0
2020-10-22 00:00:00+00:00,1.83816,1.83951,1.82552,1.82674,288124.0
2020-10-25 00:00:00+00:00,1.82961,1.83294,1.8242,1.82843,320179.0
2020-10-26 00:00:00+00:00,1.82964,1.83144,1.82438,1.83012,254891.0
2020-10-27 00:00:00+00:00,1.82968,1.8441,1.82178,1.84294,360830.0
2020-10-28 00:00:00+00:00,1.84307,1.84946,1.83476,1.84055,390601.0
2020-10-29 00:00:00+00:00,1.83953,1.84555,1.83282,1.84273,417773.0
2020-11-01 00:00:00+00:00,1.83936,1.84704,1.82928,1.83043,370519.0
2020-11-02 00:00:00+00:00,1.8308,1.8378,1.8189,1.82338,272987.0
2020-11-03 00:00:00+00:00,1.82281,1.8365,1.80652,1.80985,759000.0
2020-11-04 00:00:00+00:00,1.80996,1.81387,1.80036,1.8053,534285.0
2020-11-05 00:00:00+00:00,1.80506,1.81273,1.80418,1.81219,490456.0
2020-11-08 00:00:00+00:00,1.80798,1.81262,1.7938,1.80821,567158.0
2020-11-09 00:00:00+00:00,1.80764,1.82667,1.80728,1.82187,508329.0
2020-11-10 00:00:00+00:00,1.82178,1.82379,1.81391,1.81629,365456.0
2020-11-11 00:00:00+00:00,1.8157,1.818,1.80694,1.81411,347188.0
2020-11-12 00:00:00+00:00,1.81533,1.81928,1.81193,1.81446,269360.0
2020-11-15 00:00:00+00:00,1.81202,1.81553,1.79891,1.8037,309584.0
2020-11-16 00:00:00+00:00,1.80252,1.81803,1.80188,1.8149,248573.0
2020-11-17 00:00:00+00:00,1.81438,1.82196,1.81215,1.81572,249719.0
2020-11-18 00:00:00+00:00,1.81658,1.82424,1.81327,1.82119,273985.0
2020-11-19 00:00:00+00:00,1.82145,1.82348,1.81422,1.81865,245968.0
2020-11-22 00:00:00+00:00,1.82037,1.83176,1.81754,1.82864,250842.0
2020-11-23 00:00:00+00:00,1.82799,1.8289,1.8144,1.81526,259441.0
2020-11-24 00:00:00+00:00,1.81473,1.82211,1.81195,1.81759,268118.0
2020-11-25 00:00:00+00:00,1.81773,1.82012,1.81022,1.8146,149496.0
2020-11-26 00:00:00+00:00,1.81452,1.8163,1.79852,1.80271,196852.0
2020-11-29 00:00:00+00:00,1.80497,1.81661,1.8002,1.81424,285906.0
2020-11-30 00:00:00+00:00,1.81449,1.82488,1.8111,1.82062,261704.0
2020-12-01 00:00:00+00:00,1.82144,1.82242,1.80185,1.80242,279782.0
2020-12-02 00:00:00+00:00,1.80296,1.8146,1.80125,1.80731,247439.0
2020-12-03 00:00:00+00:00,1.80769,1.82172,1.80588,1.80988,279732.0
2020-12-06 00:00:00+00:00,1.80457,1.80856,1.78638,1.80304,312941.0
2020-12-07 00:00:00+00:00,1.80313,1.80483,1.79162,1.8029,295495.0
2020-12-08 00:00:00+00:00,1.8023,1.8049,1.79396,1.80138,267873.0
2020-12-09 00:00:00+00:00,1.79865,1.80473,1.76214,1.76379,314590.0
2020-12-10 00:00:00+00:00,1.7636,1.76855,1.74262,1.75524,287030.0
2020-12-13 00:00:00+00:00,1.77077,1.77658,1.76349,1.76964,219252.0
2020-12-14 00:00:00+00:00,1.76829,1.78286,1.76674,1.78201,271036.0
2020-12-15 00:00:00+00:00,1.78232,1.79088,1.77835,1.78273,265443.0
2020-12-16 00:00:00+00:00,1.78268,1.78658,1.77782,1.78121,237792.0
2020-12-17 00:00:00+00:00,1.78153,1.78376,1.76962,1.77431,235672.0
2020-12-20 00:00:00+00:00,1.76705,1.77728,1.75916,1.77473,419957.0
2020-12-21 00:00:00+00:00,1.77557,1.78384,1.76854,1.77686,321052.0
2020-12-22 00:00:00+00:00,1.77614,1.78816,1.77225,1.78116,318488.0
2020-12-23 00:00:00+00:00,1.78113,1.79286,1.78028,1.78594,217343.0
2020-12-27 00:00:00+00:00,1.78233,1.78568,1.77285,1.77486,241058.0
2020-12-28 00:00:00+00:00,1.77458,1.77952,1.77022,1.77492,236144.0
2020-12-29 00:00:00+00:00,1.77439,1.77642,1.76768,1.77288,241535.0
2020-12-30 00:00:00+00:00,1.77259,1.77695,1.76267,1.77695,242476.0
2021-01-03 00:00:00+00:00,1.77224,1.77931,1.76328,1.77022,355207.0
2021-01-04 00:00:00+00:00,1.7704,1.77134,1.75256,1.756,331184.0
2021-01-05 00:00:00+00:00,1.75534,1.75804,1.74288,1.74406,445660.0
2021-01-06 00:00:00+00:00,1.7438,1.75648,1.74164,1.74646,351834.0
2021-01-07 00:00:00+00:00,1.74688,1.75291,1.74399,1.74934,400811.0
2021-01-10 00:00:00+00:00,1.7491,1.75617,1.74668,1.756,349274.0
2021-01-11 00:00:00+00:00,1.75546,1.76572,1.75343,1.75832,296867.0
2021-01-12 00:00:00+00:00,1.75831,1.76939,1.7574,1.76332,268322.0
2021-01-13 00:00:00+00:00,1.76341,1.76449,1.75498,1.75978,288477.0
2021-01-14 00:00:00+00:00,1.75994,1.76848,1.7583,1.76375,302724.0
2021-01-17 00:00:00+00:00,1.76467,1.76944,1.76199,1.76878,276938.0
2021-01-18 00:00:00+00:00,1.76887,1.77253,1.76152,1.77136,280273.0
2021-01-19 00:00:00+00:00,1.77118,1.77372,1.75841,1.76268,301136.0
2021-01-20 00:00:00+00:00,1.76282,1.77087,1.75926,1.76886,289389.0
2021-01-21 00:00:00+00:00,1.76877,1.7748,1.767,1.77405,290312.0
2021-01-24 00:00:00+00:00,1.77231,1.77688,1.7686,1.77304,330489.0
2021-01-25 00:00:00+00:00,1.77197,1.77668,1.7704,1.77296,274460.0
2021-01-26 00:00:00+00:00,1.77287,1.78868,1.77102,1.78618,392711.0
2021-01-27 00:00:00+00:00,1.78589,1.79708,1.78522,1.78682,441049.0
2021-01-28 00:00:00+00:00,1.78727,1.79498,1.7835,1.79353,466323.0
2021-01-31 00:00:00+00:00,1.79825,1.80076,1.78878,1.79293,444887.0
2021-02-01 00:00:00+00:00,1.79215,1.8016,1.78779,1.79672,366852.0
2021-02-02 00:00:00+00:00,1.79627,1.79832,1.78872,1.7908,321004.0
2021-02-03 00:00:00+00:00,1.79023,1.80011,1.77908,1.79884,336681.0
2021-02-04 00:00:00+00:00,1.79864,1.80234,1.78853,1.78891,298453.0
2021-02-07 00:00:00+00:00,1.78842,1.7908,1.78174,1.78431,273617.0
2021-02-08 00:00:00+00:00,1.78393,1.78843,1.78142,1.7853,283134.0
2021-02-09 00:00:00+00:00,1.78568,1.79269,1.78337,1.79176,301016.0
2021-02-10 00:00:00+00:00,1.79154,1.79251,1.77916,1.78226,214125.0
2021-02-11 00:00:00+00:00,1.78218,1.78918,1.77982,1.78446,205960.0
2021-02-14 00:00:00+00:00,1.78373,1.78941,1.7832,1.78688,176206.0
2021-02-15 00:00:00+00:00,1.78714,1.79429,1.78564,1.79288,279695.0
2021-02-16 00:00:00+00:00,1.7919,1.79672,1.78686,1.78886,286705.0
2021-02-17 00:00:00+00:00,1.78801,1.80242,1.78514,1.79866,269160.0
2021-02-18 00:00:00+00:00,1.79919,1.79952,1.77947,1.78036,264469.0
2021-02-21 00:00:00+00:00,1.78026,1.78158,1.77586,1.77654,286408.0
2021-02-22 00:00:00+00:00,1.77698,1.7849,1.77473,1.78414,265371.0
2021-02-23 00:00:00+00:00,1.78295,1.79332,1.77352,1.77468,345299.0
2021-02-24 00:00:00+00:00,1.77478,1.78232,1.76896,1.77948,435034.0
2021-02-25 00:00:00+00:00,1.77977,1.81123,1.77656,1.80787,574109.0
2021-02-28 00:00:00+00:00,1.80634,1.8083,1.78962,1.79162,375225.0
2021-03-01 00:00:00+00:00,1.79142,1.79484,1.78236,1.78477,338936.0
2021-03-02 00:00:00+00:00,1.7855,1.79505,1.78094,1.7939,314907.0
2021-03-03 00:00:00+00:00,1.79474,1.80182,1.78627,1.79917,425038.0
2021-03-04 00:00:00+00:00,1.79907,1.8085,1.79676,1.80028,450077.0
2021-03-07 00:00:00+00:00,1.79522,1.80972,1.79389,1.80722,449542.0
2021-03-08 00:00:00+00:00,1.80866,1.81144,1.79842,1.79942,383982.0
2021-03-09 00:00:00+00:00,1.80016,1.80752,1.7984,1.80154,352650.0
2021-03-10 00:00:00+00:00,1.80135,1.80252,1.79231,1.79642,295189.0
2021-03-11 00:00:00+00:00,1.79577,1.8,1.79059,1.79388,321153.0
2021-03-14 00:00:00+00:00,1.79531,1.8015,1.79119,1.79294,286088.0
2021-03-15 00:00:00+00:00,1.7929,1.79472,1.78734,1.79342,262528.0
2021-03-16 00:00:00+00:00,1.79394,1.80232,1.78668,1.79086,290400.0
2021-03-17 00:00:00+00:00,1.79124,1.79592,1.78143,1.79485,349566.0
2021-03-18 00:00:00+00:00,1.79568,1.79945,1.78654,1.79164,297420.0
2021-03-21 00:00:00+00:00,1.79525,1.79618,1.78514,1.78986,220963.0
2021-03-22 00:00:00+00:00,1.78964,1.80424,1.78873,1.8038,258131.0
2021-03-23 00:00:00+00:00,1.80431,1.80738,1.79779,1.80517,253509.0
2021-03-24 00:00:00+00:00,1.80478,1.81478,1.79926,1.81189,265736.0
2021-03-25 00:00:00+00:00,1.81244,1.81258,1.80359,1.80605,220191.0
2021-03-28 00:00:00+00:00,1.80663,1.8121,1.80203,1.80307,238227.0
2021-03-29 00:00:00+00:00,1.80374,1.80912,1.798,1.80867,228594.0
2021-03-30 00:00:00+00:00,1.80848,1.816,1.80394,1.81446,227540.0
2021-03-31 00:00:00+00:00,1.81366,1.8265,1.813,1.81594,238890.0
2021-04-01 00:00:00+00:00,1.81606,1.8207,1.81196,1.81731,113029.0
2021-04-04 00:00:00+00:00,1.81706,1.81957,1.8143,1.81714,153014.0
2021-04-05 00:00:00+00:00,1.81751,1.82084,1.80226,1.80384,197552.0
2021-04-06 00:00:00+00:00,1.80352,1.8141,1.80052,1.8045,225881.0
2021-04-07 00:00:00+00:00,1.80468,1.80723,1.79366,1.79481,176244.0
2021-04-08 00:00:00+00:00,1.79466,1.80295,1.79352,1.79913,185919.0
2021-04-11 00:00:00+00:00,1.79924,1.80528,1.79651,1.80272,175593.0
2021-04-12 00:00:00+00:00,1.80254,1.80884,1.79828,1.79895,199137.0
2021-04-13 00:00:00+00:00,1.79912,1.801,1.78285,1.78388,193290.0
2021-04-14 00:00:00+00:00,1.78359,1.78668,1.7764,1.77832,192187.0
2021-04-15 00:00:00+00:00,1.77813,1.7903,1.77407,1.78931,173150.0
2021-04-18 00:00:00+00:00,1.78931,1.80464,1.78299,1.80247,214423.0
2021-04-19 00:00:00+00:00,1.80149,1.80662,1.79112,1.80371,203556.0
2021-04-20 00:00:00+00:00,1.80336,1.80714,1.79549,1.79612,204061.0
2021-04-21 00:00:00+00:00,1.79642,1.79968,1.78974,1.79583,249488.0
2021-04-22 00:00:00+00:00,1.79552,1.79765,1.78868,1.79177,202365.0
2021-04-25 00:00:00+00:00,1.79262,1.79291,1.77822,1.78172,207015.0
2021-04-26 00:00:00+00:00,1.78197,1.79158,1.78074,1.79113,185156.0
2021-04-27 00:00:00+00:00,1.79141,1.79654,1.78756,1.78905,241778.0
2021-04-28 00:00:00+00:00,1.78862,1.80008,1.78688,1.79511,213585.0
2021-04-29 00:00:00+00:00,1.79526,1.79559,1.78701,1.7916,240475.0
2021-05-02 00:00:00+00:00,1.78915,1.79669,1.78721,1.79207,194422.0
2021-05-03 00:00:00+00:00,1.7919,1.80619,1.79008,1.80155,257164.0
2021-05-04 00:00:00+00:00,1.80237,1.80392,1.79388,1.79474,197629.0
2021-05-05 00:00:00+00:00,1.79434,1.80316,1.78425,1.78488,255077.0
2021-05-06 00:00:00+00:00,1.78504,1.79302,1.78053,1.78313,261642.0
2021-05-09 00:00:00+00:00,1.78206,1.80404,1.78203,1.80259,271612.0
2021-05-10 00:00:00+00:00,1.80246,1.80754,1.79976,1.80327,316410.0
2021-05-11 00:00:00+00:00,1.80289,1.82232,1.80246,1.81918,370097.0
2021-05-12 00:00:00+00:00,1.81858,1.8236,1.81511,1.81811,301326.0
2021-05-13 00:00:00+00:00,1.81847,1.81982,1.81075,1.81359,202060.0
2021-05-16 00:00:00+00:00,1.81477,1.82153,1.81166,1.81981,206121.0
2021-05-17 00:00:00+00:00,1.82081,1.82446,1.81692,1.82098,194312.0
2021-05-18 00:00:00+00:00,1.82078,1.83022,1.81887,1.82674,283604.0
2021-05-19 00:00:00+00:00,1.8264,1.8281,1.81921,1.82501,222151.0
2021-05-20 00:00:00+00:00,1.82491,1.83283,1.82452,1.82959,213605.0
2021-05-23 00:00:00+00:00,1.83157,1.83608,1.82518,1.82594,201216.0
2021-05-24 00:00:00+00:00,1.8259,1.82882,1.81958,1.82518,215705.0
2021-05-25 00:00:00+00:00,1.82599,1.82642,1.81692,1.82356,216823.0
2021-05-26 00:00:00+00:00,1.82403,1.83616,1.82085,1.8345,221154.0
2021-05-27 00:00:00+00:00,1.83528,1.84244,1.83132,1.83967,212324.0
2021-05-30 00:00:00+00:00,1.84064,1.84396,1.83066,1.83767,143404.0
2021-05-31 00:00:00+00:00,1.8372,1.83906,1.8237,1.82489,210988.0
2021-06-01 00:00:00+00:00,1.82526,1.83224,1.8217,1.82802,185332.0
2021-06-02 00:00:00+00:00,1.82775,1.84338,1.82772,1.84154,208389.0
2021-06-03 00:00:00+00:00,1.84319,1.84555,1.82826,1.82936,199253.0
2021-06-06 00:00:00+00:00,1.82983,1.83189,1.82368,1.82828,161273.0
2021-06-07 00:00:00+00:00,1.82822,1.82964,1.82446,1.82928,155395.0
2021-06-08 00:00:00+00:00,1.82958,1.83132,1.82316,1.82569,136714.0
2021-06-09 00:00:00+00:00,1.82558,1.82884,1.8195,1.8283,190633.0
2021-06-10 00:00:00+00:00,1.82722,1.83504,1.82227,1.83078,153966.0
2021-06-13 00:00:00+00:00,1.83026,1.83366,1.82512,1.82982,141563.0
2021-06-14 00:00:00+00:00,1.83001,1.83488,1.82504,1.83214,169105.0
2021-06-15 00:00:00+00:00,1.83169,1.84024,1.82938,1.83797,224625.0
2021-06-16 00:00:00+00:00,1.83876,1.84489,1.83013,1.84371,278275.0
2021-06-17 00:00:00+00:00,1.84395,1.8503,1.83985,1.84636,278236.0
2021-06-20 00:00:00+00:00,1.8457,1.95486,1.83684,1.84854,269197.0
2021-06-21 00:00:00+00:00,1.84914,1.85244,1.84538,1.84674,209345.0
2021-06-22 00:00:00+00:00,1.84921,1.85202,1.84024,1.84295,207846.0
2021-06-23 00:00:00+00:00,1.8432,1.8456,1.83325,1.8361,207476.0
2021-06-24 00:00:00+00:00,1.83596,1.83679,1.82612,1.82885,173605.0
2021-06-27 00:00:00+00:00,1.83453,1.8397,1.82209,1.83433,169324.0
2021-06-28 00:00:00+00:00,1.83476,1.84398,1.83305,1.84262,170937.0
2021-06-29 00:00:00+00:00,1.84238,1.84858,1.83824,1.84446,191843.0
2021-06-30 00:00:00+00:00,1.84475,1.84722,1.83942,1.84227,188148.0
2021-07-01 00:00:00+00:00,1.84268,1.8471,1.83518,1.83707,185138.0
2021-07-04 00:00:00+00:00,1.83845,1.84078,1.83726,1.83863,117636.0
2021-07-05 00:00:00+00:00,1.83884,1.84286,1.82563,1.84102,188117.0
2021-07-06 00:00:00+00:00,1.84116,1.84494,1.83586,1.84443,173725.0
2021-07-07 00:00:00+00:00,1.8437,1.85658,1.8419,1.85508,242624.0
2021-07-08 00:00:00+00:00,1.85308,1.85883,1.84714,1.85638,191830.0
2021-07-11 00:00:00+00:00,1.85773,1.86107,1.85302,1.85701,139817.0
2021-07-12 00:00:00+00:00,1.85714,1.85912,1.8506,1.85485,141238.0
2021-07-13 00:00:00+00:00,1.85474,1.86203,1.8508,1.85296,164115.0
2021-07-14 00:00:00+00:00,1.85239,1.86464,1.84988,1.86288,175901.0
2021-07-15 00:00:00+00:00,1.86169,1.86516,1.85721,1.85991,159392.0
2021-07-18 00:00:00+00:00,1.8608,1.86944,1.85379,1.86164,237939.0
2021-07-19 00:00:00+00:00,1.86274,1.86726,1.85626,1.85934,199990.0
2021-07-20 00:00:00+00:00,1.85885,1.86574,1.85743,1.86429,164221.0
2021-07-21 00:00:00+00:00,1.86365,1.86862,1.86001,1.86544,162866.0
2021-07-22 00:00:00+00:00,1.86318,1.8689,1.85964,1.86702,134958.0
2021-07-25 00:00:00+00:00,1.86807,1.8754,1.86602,1.87207,155563.0
2021-07-26 00:00:00+00:00,1.87156,1.8873,1.87124,1.88578,181556.0
2021-07-27 00:00:00+00:00,1.88466,1.89292,1.88306,1.88531,204011.0
2021-07-28 00:00:00+00:00,1.88586,1.89339,1.88424,1.88732,142031.0
2021-07-29 00:00:00+00:00,1.8875,1.89722,1.88629,1.89312,162393.0
2021-08-01 00:00:00+00:00,1.89547,1.89547,1.88386,1.88586,146859.0
2021-08-02 00:00:00+00:00,1.88543,1.88753,1.87572,1.88188,147288.0
2021-08-03 00:00:00+00:00,1.88188,1.88629,1.8766,1.88202,143582.0
2021-08-04 00:00:00+00:00,1.88188,1.88287,1.87722,1.88095,128831.0
2021-08-05 00:00:00+00:00,1.88121,1.8879,1.88068,1.88614,124918.0
2021-08-08 00:00:00+00:00,1.8861,1.89238,1.88412,1.88896,119230.0
2021-08-09 00:00:00+00:00,1.88858,1.89152,1.88235,1.88351,103201.0
2021-08-10 00:00:00+00:00,1.8836,1.8866,1.87698,1.88028,115505.0
2021-08-11 00:00:00+00:00,1.88062,1.88658,1.87971,1.88222,87717.0
2021-08-12 00:00:00+00:00,1.88239,1.88336,1.87748,1.8809,76346.0
2021-08-15 00:00:00+00:00,1.88118,1.89318,1.88037,1.88722,84965.0
2021-08-16 00:00:00+00:00,1.88661,1.89571,1.88562,1.89406,124166.0
2021-08-17 00:00:00+00:00,1.89483,1.90208,1.89122,1.90182,118257.0
2021-08-18 00:00:00+00:00,1.90164,1.91343,1.89671,1.90849,164606.0
2021-08-19 00:00:00+00:00,1.90913,1.91545,1.90564,1.90914,128087.0
2021-08-22 00:00:00+00:00,1.91241,1.91312,1.90169,1.9033,114761.0
2021-08-23 00:00:00+00:00,1.90281,1.90485,1.88868,1.89166,101092.0
2021-08-24 00:00:00+00:00,1.89178,1.89506,1.88867,1.89154,98604.0
2021-08-25 00:00:00+00:00,1.89128,1.89543,1.88934,1.89298,110674.0
2021-08-26 00:00:00+00:00,1.89283,1.89615,1.88134,1.88242,115345.0
2021-08-29 00:00:00+00:00,1.88299,1.88885,1.8804,1.88592,80091.0
2021-08-30 00:00:00+00:00,1.88705,1.88838,1.87739,1.88032,127050.0
2021-08-31 00:00:00+00:00,1.88004,1.88188,1.86788,1.86892,113403.0
2021-09-01 00:00:00+00:00,1.86823,1.87227,1.86324,1.86938,95312.0
2021-09-02 00:00:00+00:00,1.86948,1.8715,1.8534,1.85911,116958.0
2021-09-05 00:00:00+00:00,1.85903,1.86409,1.85747,1.85982,113747.0
2021-09-06 00:00:00+00:00,1.85968,1.8674,1.85488,1.86602,132817.0
2021-09-07 00:00:00+00:00,1.86639,1.87134,1.86256,1.86961,141424.0
2021-09-08 00:00:00+00:00,1.86929,1.87916,1.86866,1.87806,142367.0
2021-09-09 00:00:00+00:00,1.87772,1.88209,1.87285,1.88114,127334.0
2021-09-12 00:00:00+00:00,1.88214,1.88356,1.8762,1.8781,133392.0
2021-09-13 00:00:00+00:00,1.87764,1.89191,1.87708,1.88631,149364.0
2021-09-14 00:00:00+00:00,1.88688,1.8904,1.88412,1.88707,134811.0
2021-09-15 00:00:00+00:00,1.88758,1.89337,1.88433,1.8929,137340.0
2021-09-16 00:00:00+00:00,1.8934,1.89354,1.88486,1.88841,139302.0
2021-09-19 00:00:00+00:00,1.89334,1.89611,1.8809,1.88327,164812.0
2021-09-20 00:00:00+00:00,1.88477,1.88987,1.87922,1.88889,163659.0
2021-09-21 00:00:00+00:00,1.88977,1.89039,1.8749,1.88051,195100.0
2021-09-22 00:00:00+00:00,1.88103,1.88641,1.87511,1.88086,170270.0
2021-09-23 00:00:00+00:00,1.88099,1.88824,1.87722,1.88487,140482.0
2021-09-26 00:00:00+00:00,1.88345,1.88883,1.87528,1.88028,151506.0
2021-09-27 00:00:00+00:00,1.8804,1.88446,1.86742,1.87031,222926.0
2021-09-28 00:00:00+00:00,1.87064,1.87217,1.86248,1.87141,203506.0
2021-09-29 00:00:00+00:00,1.8686,1.87266,1.86212,1.86446,213120.0
2021-09-30 00:00:00+00:00,1.8636,1.87406,1.86056,1.8652,225623.0
2021-10-03 00:00:00+00:00,1.86562,1.87086,1.86236,1.86893,311352.0
2021-10-04 00:00:00+00:00,1.8683,1.876,1.86587,1.86905,252241.0
2021-10-05 00:00:00+00:00,1.86921,1.87718,1.86743,1.86762,330114.0
2021-10-06 00:00:00+00:00,1.86765,1.86863,1.86052,1.86124,257667.0
2021-10-07 00:00:00+00:00,1.86133,1.86785,1.85951,1.86319,281667.0
2021-10-10 00:00:00+00:00,1.86417,1.86705,1.84872,1.85024,233943.0
2021-10-11 00:00:00+00:00,1.85,1.8537,1.8441,1.84901,261083.0
2021-10-12 00:00:00+00:00,1.84859,1.85598,1.84779,1.85168,257917.0
2021-10-13 00:00:00+00:00,1.85173,1.85312,1.84292,1.84378,201070.0
2021-10-14 00:00:00+00:00,1.84385,1.85715,1.84164,1.85277,218929.0
2021-10-17 00:00:00+00:00,1.85411,1.86096,1.85004,1.85205,232276.0
2021-10-18 00:00:00+00:00,1.85237,1.85355,1.8425,1.84596,223615.0
2021-10-19 00:00:00+00:00,1.84612,1.84738,1.83636,1.83889,214272.0
2021-10-20 00:00:00+00:00,1.83851,1.84803,1.83252,1.84734,221135.0
2021-10-21 00:00:00+00:00,1.84715,1.84982,1.83614,1.84182,269079.0
2021-10-24 00:00:00+00:00,1.84081,1.84376,1.83602,1.83753,225421.0
2021-10-25 00:00:00+00:00,1.83767,1.84156,1.83051,1.83502,231196.0
2021-10-26 00:00:00+00:00,1.83487,1.83637,1.82562,1.82849,257677.0
2021-10-27 00:00:00+00:00,1.82661,1.83466,1.82553,1.82823,290639.0
2021-10-28 00:00:00+00:00,1.82844,1.83274,1.8186,1.82071,265717.0
2021-10-31 00:00:00+00:00,1.82219,1.82384,1.81404,1.81561,222326.0
2021-11-01 00:00:00+00:00,1.81551,1.8343,1.81274,1.8322,230998.0
2021-11-02 00:00:00+00:00,1.83258,1.84256,1.82728,1.83705,255944.0
2021-11-03 00:00:00+00:00,1.83758,1.84044,1.82254,1.82444,253612.0
2021-11-04 00:00:00+00:00,1.82398,1.8281,1.82036,1.82391,242937.0
2021-11-07 00:00:00+00:00,1.82293,1.8293,1.81936,1.82717,199975.0
2021-11-08 00:00:00+00:00,1.82724,1.83966,1.82505,1.83762,253778.0
2021-11-09 00:00:00+00:00,1.83761,1.84288,1.82742,1.82951,316445.0
2021-11-10 00:00:00+00:00,1.82974,1.83707,1.828,1.83295,229711.0
2021-11-11 00:00:00+00:00,1.83225,1.83706,1.82829,1.83018,204980.0
2021-11-14 00:00:00+00:00,1.83159,1.83191,1.82106,1.82601,212129.0
2021-11-15 00:00:00+00:00,1.82611,1.8406,1.82287,1.83874,257178.0
2021-11-16 00:00:00+00:00,1.83883,1.85753,1.83807,1.85648,261026.0
2021-11-17 00:00:00+00:00,1.85589,1.86004,1.8499,1.85458,243652.0
2021-11-18 00:00:00+00:00,1.85417,1.86005,1.84852,1.85865,285420.0
2021-11-21 00:00:00+00:00,1.85733,1.85962,1.84728,1.85404,285462.0
2021-11-22 00:00:00+00:00,1.85389,1.85582,1.84935,1.85123,309008.0
2021-11-23 00:00:00+00:00,1.85117,1.85738,1.8496,1.85208,294446.0
2021-11-24 00:00:00+00:00,1.85217,1.85656,1.85032,1.85304,162540.0
2021-11-25 00:00:00+00:00,1.85297,1.87761,1.85035,1.87271,395065.0
2021-11-28 00:00:00+00:00,1.86887,1.87393,1.86255,1.86428,299684.0
2021-11-29 00:00:00+00:00,1.86419,1.87874,1.86246,1.86602,483310.0
2021-11-30 00:00:00+00:00,1.86594,1.86958,1.85761,1.86758,394688.0
2021-12-01 00:00:00+00:00,1.86868,1.87898,1.86698,1.87506,376065.0
2021-12-02 00:00:00+00:00,1.87602,1.8927,1.87254,1.89167,360726.0
2021-12-05 00:00:00+00:00,1.89098,1.89243,1.87728,1.881,289339.0
2021-12-06 00:00:00+00:00,1.88117,1.8845,1.85834,1.86016,261962.0
2021-12-07 00:00:00+00:00,1.85889,1.8615,1.83957,1.84114,335067.0
2021-12-08 00:00:00+00:00,1.84062,1.84992,1.83874,1.84967,232690.0
2021-12-09 00:00:00+00:00,1.85004,1.85294,1.84193,1.84922,249060.0
2021-12-12 00:00:00+00:00,1.84957,1.86296,1.84606,1.85194,240083.0
2021-12-13 00:00:00+00:00,1.85415,1.86246,1.85108,1.86132,234461.0
2021-12-14 00:00:00+00:00,1.86353,1.86411,1.84814,1.84877,342003.0
2021-12-15 00:00:00+00:00,1.84879,1.8563,1.8418,1.85441,338155.0
2021-12-16 00:00:00+00:00,1.85429,1.86231,1.85397,1.85778,295498.0
2021-12-19 00:00:00+00:00,1.85759,1.86471,1.8546,1.85794,287642.0
2021-12-20 00:00:00+00:00,1.85714,1.86076,1.85347,1.85504,220736.0
2021-12-21 00:00:00+00:00,1.85347,1.8608,1.84896,1.85146,200494.0
2021-12-22 00:00:00+00:00,1.85113,1.85776,1.84775,1.85188,181139.0
2021-12-23 00:00:00+00:00,1.85093,1.857,1.85014,1.85495,94952.0
2021-12-26 00:00:00+00:00,1.85325,1.86068,1.85194,1.8569,111811.0
2021-12-27 00:00:00+00:00,1.85633,1.85984,1.85176,1.8582,107864.0
2021-12-28 00:00:00+00:00,1.85881,1.8619,1.8545,1.86086,163131.0
2021-12-29 00:00:00+00:00,1.85953,1.86248,1.85419,1.86241,155891.0
2021-12-30 00:00:00+00:00,1.86167,1.86589,1.8568,1.86145,145258.0
2022-01-02 00:00:00+00:00,1.86277,1.87588,1.85879,1.87449,169701.0
2022-01-03 00:00:00+00:00,1.87361,1.8765,1.86666,1.86853,222585.0
2022-01-04 00:00:00+00:00,1.86951,1.87792,1.86405,1.87696,253909.0
2022-01-05 00:00:00+00:00,1.87738,1.89118,1.87676,1.88964,275193.0
2022-01-06 00:00:00+00:00,1.88898,1.89802,1.88704,1.89254,225816.0
2022-01-09 00:00:00+00:00,1.89295,1.89606,1.8864,1.89305,248452.0
2022-01-10 00:00:00+00:00,1.89126,1.89626,1.88864,1.89101,254762.0
2022-01-11 00:00:00+00:00,1.89056,1.893,1.87999,1.88133,249868.0
2022-01-12 00:00:00+00:00,1.88104,1.88463,1.8784,1.88299,259607.0
2022-01-13 00:00:00+00:00,1.88306,1.89822,1.88207,1.89791,310190.0
2022-01-16 00:00:00+00:00,1.89416,1.89924,1.88974,1.89212,196803.0
2022-01-17 00:00:00+00:00,1.89201,1.8987,1.88803,1.89268,354335.0
2022-01-18 00:00:00+00:00,1.89255,1.894,1.88429,1.88754,319658.0
2022-01-19 00:00:00+00:00,1.88743,1.88847,1.87608,1.88149,314495.0
2022-01-20 00:00:00+00:00,1.88208,1.89212,1.88029,1.88912,399968.0
2022-01-23 00:00:00+00:00,1.8893,1.89704,1.8858,1.88828,476887.0
2022-01-24 00:00:00+00:00,1.88885,1.89116,1.87894,1.88838,438398.0
2022-01-25 00:00:00+00:00,1.88863,1.89528,1.88166,1.89227,431699.0
2022-01-26 00:00:00+00:00,1.89224,1.9046,1.88933,1.90196,503167.0
2022-01-27 00:00:00+00:00,1.9027,1.92218,1.90134,1.91749,450553.0
2022-01-30 00:00:00+00:00,1.91589,1.91749,1.8986,1.90242,352727.0
2022-01-31 00:00:00+00:00,1.90361,1.91036,1.89688,1.897,345947.0
2022-02-01 00:00:00+00:00,1.89696,1.90538,1.89284,1.90172,292395.0
2022-02-02 00:00:00+00:00,1.90215,1.91469,1.89876,1.9047,413501.0
2022-02-03 00:00:00+00:00,1.905,1.91794,1.9023,1.91257,389176.0
2022-02-06 00:00:00+00:00,1.91233,1.91513,1.89828,1.89956,306551.0
2022-02-07 00:00:00+00:00,1.89946,1.90506,1.89512,1.89574,268865.0
2022-02-08 00:00:00+00:00,1.89529,1.89688,1.88371,1.88494,216368.0
2022-02-09 00:00:00+00:00,1.8855,1.89483,1.88016,1.89188,408061.0
2022-02-10 00:00:00+00:00,1.89173,1.9038,1.89101,1.90149,491687.0
2022-02-13 00:00:00+00:00,1.9012,1.90574,1.89512,1.89843,403384.0
2022-02-14 00:00:00+00:00,1.89836,1.905,1.89214,1.89364,309597.0
2022-02-15 00:00:00+00:00,1.8931,1.89538,1.88699,1.88786,300740.0
2022-02-16 00:00:00+00:00,1.88828,1.89641,1.88352,1.8941,369191.0
2022-02-17 00:00:00+00:00,1.89482,1.89607,1.88666,1.89339,323388.0
2022-02-20 00:00:00+00:00,1.894,1.89666,1.88571,1.89198,283997.0
2022-02-21 00:00:00+00:00,1.89181,1.89465,1.87534,1.88223,430258.0
2022-02-22 00:00:00+00:00,1.88122,1.88297,1.8666,1.87294,326835.0
2022-02-23 00:00:00+00:00,1.87302,1.88292,1.86463,1.86726,581550.0
2022-02-24 00:00:00+00:00,1.86713,1.87368,1.85088,1.85502,475170.0
2022-02-27 00:00:00+00:00,1.85342,1.86294,1.84606,1.84779,478112.0
2022-02-28 00:00:00+00:00,1.84873,1.8501,1.83487,1.83694,418481.0
2022-03-01 00:00:00+00:00,1.83713,1.83834,1.82974,1.837,476230.0
2022-03-02 00:00:00+00:00,1.83691,1.83881,1.81878,1.82158,331272.0
2022-03-03 00:00:00+00:00,1.82119,1.82502,1.7934,1.79451,407209.0
2022-03-06 00:00:00+00:00,1.79352,1.79816,1.77331,1.7914,573919.0
2022-03-07 00:00:00+00:00,1.79137,1.80728,1.78567,1.8021,626632.0
2022-03-08 00:00:00+00:00,1.80285,1.80394,1.79234,1.80095,429592.0
2022-03-09 00:00:00+00:00,1.80107,1.80535,1.77739,1.7778,414405.0
2022-03-10 00:00:00+00:00,1.7792,1.7919,1.77783,1.78795,400052.0
2022-03-13 00:00:00+00:00,1.78901,1.80979,1.78691,1.80901,356078.0
2022-03-14 00:00:00+00:00,1.80607,1.81769,1.80508,1.81256,412224.0
2022-03-15 00:00:00+00:00,1.81319,1.81608,1.8004,1.80321,457175.0
2022-03-16 00:00:00+00:00,1.80369,1.80481,1.7797,1.78284,372076.0
2022-03-17 00:00:00+00:00,1.78268,1.78492,1.77528,1.77761,310007.0
2022-03-20 00:00:00+00:00,1.77826,1.78436,1.77374,1.7796,313868.0
2022-03-21 00:00:00+00:00,1.78029,1.78333,1.77476,1.77566,288053.0
2022-03-22 00:00:00+00:00,1.77634,1.7821,1.75914,1.76085,285775.0
2022-03-23 00:00:00+00:00,1.76068,1.76638,1.75282,1.75546,324845.0
2022-03-24 00:00:00+00:00,1.7555,1.75938,1.75216,1.75384,275102.0
2022-03-27 00:00:00+00:00,1.75491,1.75647,1.74298,1.74788,363687.0
2022-03-28 00:00:00+00:00,1.7479,1.76214,1.74221,1.74406,403015.0
2022-03-29 00:00:00+00:00,1.74372,1.75331,1.73975,1.74903,344813.0
2022-03-30 00:00:00+00:00,1.7491,1.75879,1.74588,1.75637,359670.0
2022-03-31 00:00:00+00:00,1.75585,1.75768,1.74326,1.74861,298294.0
2022-04-03 00:00:00+00:00,1.7488,1.75101,1.73626,1.73838,247343.0
2022-04-04 00:00:00+00:00,1.73854,1.74046,1.71744,1.72527,295095.0
2022-04-05 00:00:00+00:00,1.72603,1.7438,1.72056,1.74021,349897.0
2022-04-06 00:00:00+00:00,1.74059,1.75118,1.73816,1.74814,300512.0
2022-04-07 00:00:00+00:00,1.74823,1.74978,1.74336,1.74744,262187.0
2022-04-10 00:00:00+00:00,1.74718,1.75692,1.74598,1.75606,248013.0
2022-04-11 00:00:00+00:00,1.75715,1.75821,1.73997,1.74428,338621.0
2022-04-12 00:00:00+00:00,1.74376,1.76108,1.74057,1.75972,326058.0
2022-04-13 00:00:00+00:00,1.75898,1.76649,1.75666,1.7634,348483.0
2022-04-14 00:00:00+00:00,1.76308,1.76727,1.76064,1.76595,80456.0
2022-04-17 00:00:00+00:00,1.7658,1.77205,1.76372,1.77002,134653.0
2022-04-18 00:00:00+00:00,1.77075,1.77175,1.75958,1.76226,295518.0
2022-04-19 00:00:00+00:00,1.76233,1.76516,1.74919,1.75386,317094.0
2022-04-20 00:00:00+00:00,1.75286,1.76992,1.75217,1.7675,343631.0
2022-04-21 00:00:00+00:00,1.76663,1.77617,1.7603,1.77222,351261.0
2022-04-24 00:00:00+00:00,1.77104,1.78886,1.76938,1.77426,456128.0
2022-04-25 00:00:00+00:00,1.77504,1.77572,1.7601,1.76542,396506.0
2022-04-26 00:00:00+00:00,1.76574,1.76649,1.7514,1.76036,443949.0
2022-04-27 00:00:00+00:00,1.76111,1.76742,1.75356,1.75536,398664.0
2022-04-28 00:00:00+00:00,1.75573,1.78184,1.74596,1.78063,368228.0
2022-05-01 00:00:00+00:00,1.77977,1.78578,1.7703,1.77161,369768.0
2022-05-02 00:00:00+00:00,1.77221,1.77331,1.75456,1.76118,383098.0
2022-05-03 00:00:00+00:00,1.76156,1.76277,1.73734,1.74138,366468.0
2022-05-04 00:00:00+00:00,1.74014,1.74314,1.71792,1.73692,559325.0
2022-05-05 00:00:00+00:00,1.73783,1.74519,1.73226,1.74337,629763.0
2022-05-08 00:00:00+00:00,1.7463,1.77572,1.74457,1.77459,552544.0
2022-05-09 00:00:00+00:00,1.7742,1.78493,1.76629,1.77468,591724.0
2022-05-10 00:00:00+00:00,1.77532,1.77676,1.75684,1.76456,584033.0
2022-05-11 00:00:00+00:00,1.76564,1.7835,1.76112,1.77962,542499.0
2022-05-12 00:00:00+00:00,1.77937,1.77966,1.76368,1.76688,364106.0
2022-05-15 00:00:00+00:00,1.76723,1.78011,1.76352,1.76794,387665.0
2022-05-16 00:00:00+00:00,1.76744,1.78228,1.76039,1.77712,444499.0
2022-05-17 00:00:00+00:00,1.77735,1.7822,1.76602,1.77483,369124.0
2022-05-18 00:00:00+00:00,1.7748,1.77696,1.76443,1.76974,551458.0
2022-05-19 00:00:00+00:00,1.76729,1.77851,1.76504,1.77309,424814.0
2022-05-22 00:00:00+00:00,1.77049,1.77256,1.76338,1.77056,365989.0
2022-05-23 00:00:00+00:00,1.77053,1.7775,1.7623,1.76348,409954.0
2022-05-24 00:00:00+00:00,1.76373,1.77756,1.76077,1.77521,394472.0
2022-05-25 00:00:00+00:00,1.77407,1.78048,1.77068,1.77608,341002.0
2022-05-26 00:00:00+00:00,1.77422,1.77938,1.76202,1.76411,304283.0
2022-05-29 00:00:00+00:00,1.76155,1.76562,1.75636,1.75837,212992.0
2022-05-30 00:00:00+00:00,1.75812,1.75945,1.7512,1.7558,400777.0
2022-05-31 00:00:00+00:00,1.7564,1.75725,1.73648,1.73996,357694.0
2022-06-01 00:00:00+00:00,1.74036,1.74623,1.7299,1.7311,267064.0
2022-06-02 00:00:00+00:00,1.73126,1.73635,1.72853,1.73255,237149.0
2022-06-05 00:00:00+00:00,1.73141,1.74382,1.72997,1.74148,271121.0
2022-06-06 00:00:00+00:00,1.74199,1.74736,1.7276,1.74106,352048.0
2022-06-07 00:00:00+00:00,1.74116,1.74766,1.73681,1.74326,338518.0
2022-06-08 00:00:00+00:00,1.74346,1.76313,1.74107,1.7609,424962.0
2022-06-09 00:00:00+00:00,1.76058,1.76223,1.744,1.74872,431900.0
2022-06-12 00:00:00+00:00,1.75016,1.75514,1.74336,1.75168,601943.0
2022-06-13 00:00:00+00:00,1.75195,1.7573,1.74152,1.7459,620669.0
2022-06-14 00:00:00+00:00,1.74716,1.74733,1.73337,1.73807,269496.0
2022-06-15 00:00:00+00:00,1.73886,1.76619,1.73098,1.75243,285977.0
2022-06-16 00:00:00+00:00,1.75379,1.76589,1.74914,1.76158,242309.0
2022-06-19 00:00:00+00:00,1.7639,1.76607,1.74982,1.76186,164537.0
2022-06-20 00:00:00+00:00,1.76342,1.76788,1.75562,1.76118,188302.0
2022-06-21 00:00:00+00:00,1.76131,1.77822,1.7606,1.77051,206667.0
2022-06-22 00:00:00+00:00,1.77088,1.77917,1.76877,1.77838,233901.0
2022-06-23 00:00:00+00:00,1.778,1.78156,1.76545,1.76863,187499.0
2022-06-26 00:00:00+00:00,1.76694,1.7766,1.76648,1.77124,208782.0
2022-06-27 00:00:00+00:00,1.76956,1.77406,1.75923,1.76439,228869.0
2022-06-28 00:00:00+00:00,1.76384,1.77268,1.75878,1.76233,248004.0
2022-06-29 00:00:00+00:00,1.76327,1.76722,1.75759,1.7639,243362.0
2022-06-30 00:00:00+00:00,1.76481,1.78196,1.76133,1.77366,246191.0
2022-07-03 00:00:00+00:00,1.77647,1.78,1.76068,1.7626,147510.0
2022-07-04 00:00:00+00:00,1.76269,1.7748,1.7568,1.75902,250936.0
2022-07-05 00:00:00+00:00,1.75685,1.76056,1.7439,1.75779,282370.0
2022-07-06 00:00:00+00:00,1.75977,1.7609,1.74835,1.75752,221792.0
2022-07-07 00:00:00+00:00,1.75816,1.76382,1.74946,1.75621,214572.0
2022-07-10 00:00:00+00:00,1.75452,1.76949,1.75359,1.76558,216354.0
2022-07-11 00:00:00+00:00,1.76767,1.7682,1.7558,1.75911,240583.0
2022-07-12 00:00:00+00:00,1.76103,1.76505,1.75146,1.7597,277868.0
2022-07-13 00:00:00+00:00,1.75847,1.763,1.74688,1.75246,281313.0
2022-07-14 00:00:00+00:00,1.75147,1.76038,1.74382,1.74708,207234.0
2022-07-17 00:00:00+00:00,1.74869,1.75694,1.7444,1.75422,182014.0
2022-07-18 00:00:00+00:00,1.75475,1.75601,1.7377,1.73894,201045.0
2022-07-19 00:00:00+00:00,1.73993,1.74265,1.7329,1.73902,222208.0
2022-07-20 00:00:00+00:00,1.73897,1.74123,1.72917,1.73066,246797.0
2022-07-21 00:00:00+00:00,1.7306,1.73509,1.72089,1.73413,226298.0
2022-07-24 00:00:00+00:00,1.73319,1.73921,1.73024,1.73176,206504.0
2022-07-25 00:00:00+00:00,1.73243,1.73572,1.7267,1.73426,192213.0
2022-07-26 00:00:00+00:00,1.73345,1.74166,1.73023,1.73814,210638.0
2022-07-27 00:00:00+00:00,1.73685,1.74361,1.73488,1.74193,234752.0
2022-07-28 00:00:00+00:00,1.74285,1.74646,1.73729,1.74173,214716.0
2022-07-31 00:00:00+00:00,1.74225,1.74757,1.73557,1.74417,199560.0
2022-08-01 00:00:00+00:00,1.74581,1.76534,1.74123,1.75779,245315.0
2022-08-02 00:00:00+00:00,1.7588,1.76296,1.74692,1.74782,214242.0
2022-08-03 00:00:00+00:00,1.74693,1.75044,1.73182,1.74479,189310.0
2022-08-04 00:00:00+00:00,1.74421,1.75126,1.74178,1.74606,169964.0
2022-08-07 00:00:00+00:00,1.74709,1.74806,1.72858,1.72991,157390.0
2022-08-08 00:00:00+00:00,1.73158,1.73826,1.72792,1.73388,150054.0
2022-08-09 00:00:00+00:00,1.73483,1.73836,1.72294,1.72542,180481.0
2022-08-10 00:00:00+00:00,1.72622,1.72634,1.71448,1.71662,189216.0
2022-08-11 00:00:00+00:00,1.71714,1.71838,1.70286,1.70418,168443.0
2022-08-14 00:00:00+00:00,1.70493,1.724,1.70264,1.71666,159064.0
2022-08-15 00:00:00+00:00,1.71666,1.72706,1.71182,1.72254,159179.0
2022-08-16 00:00:00+00:00,1.72222,1.74346,1.72111,1.73698,180115.0
2022-08-17 00:00:00+00:00,1.73669,1.73991,1.72388,1.72542,158965.0
2022-08-18 00:00:00+00:00,1.72267,1.72898,1.71438,1.71993,160240.0
2022-08-21 00:00:00+00:00,1.72329,1.72379,1.70575,1.71036,154273.0
2022-08-22 00:00:00+00:00,1.71108,1.71347,1.70432,1.70774,187650.0
2022-08-23 00:00:00+00:00,1.70775,1.71214,1.70483,1.7074,173227.0
2022-08-24 00:00:00+00:00,1.70715,1.71147,1.6946,1.69568,170296.0
2022-08-25 00:00:00+00:00,1.69566,1.70469,1.69226,1.70419,185275.0
2022-08-28 00:00:00+00:00,1.70284,1.70528,1.69523,1.69634,148612.0
2022-08-29 00:00:00+00:00,1.69748,1.70142,1.68736,1.70037,213621.0
2022-08-30 00:00:00+00:00,1.70027,1.70234,1.69141,1.69846,193347.0
2022-08-31 00:00:00+00:00,1.69732,1.70336,1.69114,1.70048,195894.0
2022-09-01 00:00:00+00:00,1.70096,1.70286,1.68852,1.68981,178729.0
2022-09-04 00:00:00+00:00,1.69359,1.69704,1.68724,1.69446,146385.0
2022-09-05 00:00:00+00:00,1.69391,1.71334,1.69359,1.71015,200484.0
2022-09-06 00:00:00+00:00,1.70984,1.71278,1.69949,1.7046,182974.0
2022-09-07 00:00:00+00:00,1.70307,1.71239,1.7011,1.70386,205994.0
2022-09-08 00:00:00+00:00,1.70434,1.70492,1.6897,1.69339,164820.0
2022-09-11 00:00:00+00:00,1.70279,1.70279,1.69421,1.69595,141419.0
2022-09-12 00:00:00+00:00,1.6958,1.70931,1.6946,1.70738,153334.0
2022-09-13 00:00:00+00:00,1.70919,1.7216,1.70383,1.7103,163100.0
2022-09-14 00:00:00+00:00,1.71087,1.71335,1.70368,1.71156,149221.0
2022-09-15 00:00:00+00:00,1.71128,1.71365,1.69883,1.69894,160804.0
2022-09-18 00:00:00+00:00,1.69958,1.70484,1.69755,1.6998,110427.0
2022-09-19 00:00:00+00:00,1.69889,1.70758,1.69762,1.70142,149303.0
2022-09-20 00:00:00+00:00,1.70113,1.70598,1.69229,1.69912,199771.0
2022-09-21 00:00:00+00:00,1.69998,1.7107,1.69302,1.69441,232283.0
2022-09-22 00:00:00+00:00,1.69477,1.70237,1.65953,1.66043,174642.0
2022-09-25 00:00:00+00:00,1.65655,1.6781,1.59396,1.65538,237531.0
2022-09-26 00:00:00+00:00,1.65594,1.67064,1.65079,1.6683,252439.0
2022-09-27 00:00:00+00:00,1.66899,1.68918,1.6473,1.66964,341352.0
2022-09-28 00:00:00+00:00,1.67152,1.71088,1.66298,1.7107,244615.0
2022-09-29 00:00:00+00:00,1.71127,1.74622,1.70524,1.74369,247574.0
2022-10-02 00:00:00+00:00,1.74377,1.74822,1.72466,1.73718,230529.0
2022-10-03 00:00:00+00:00,1.73759,1.77096,1.73602,1.76466,282566.0
2022-10-04 00:00:00+00:00,1.76482,1.76636,1.74065,1.74546,259430.0
2022-10-05 00:00:00+00:00,1.74547,1.74632,1.73384,1.74114,278512.0
2022-10-06 00:00:00+00:00,1.74063,1.74883,1.73582,1.74331,241993.0
2022-10-09 00:00:00+00:00,1.74206,1.75953,1.73986,1.75554,212920.0
2022-10-10 00:00:00+00:00,1.75534,1.7669,1.74668,1.74925,300032.0
2022-10-11 00:00:00+00:00,1.7491,1.7702,1.74783,1.76793,306231.0
2022-10-12 00:00:00+00:00,1.76875,1.8109,1.76341,1.7995,300674.0
2022-10-13 00:00:00+00:00,1.79905,1.8044,1.77956,1.80168,299650.0
2022-10-16 00:00:00+00:00,1.80923,1.81996,1.80112,1.8055,221799.0
2022-10-17 00:00:00+00:00,1.8061,1.80716,1.78776,1.79402,275038.0
2022-10-18 00:00:00+00:00,1.79388,1.79699,1.78534,1.78918,243389.0
2022-10-19 00:00:00+00:00,1.78998,1.79761,1.77668,1.78784,272166.0
2022-10-20 00:00:00+00:00,1.78873,1.79012,1.76746,1.76995,297719.0
2022-10-23 00:00:00+00:00,1.78013,1.80276,1.77561,1.7869,268097.0
2022-10-24 00:00:00+00:00,1.78651,1.80008,1.78099,1.7947,176841.0
2022-10-25 00:00:00+00:00,1.79677,1.79973,1.78312,1.7898,214883.0
2022-10-26 00:00:00+00:00,1.79497,1.80045,1.78314,1.79196,263963.0
2022-10-27 00:00:00+00:00,1.79272,1.81286,1.78724,1.81087,237834.0
2022-10-30 00:00:00+00:00,1.80981,1.81405,1.79157,1.79273,183495.0
2022-10-31 00:00:00+00:00,1.7927,1.79902,1.78494,1.79588,227584.0
2022-11-01 00:00:00+00:00,1.79591,1.80085,1.78106,1.79402,257483.0
2022-11-02 00:00:00+00:00,1.7939,1.79882,1.7712,1.77429,228801.0
2022-11-03 00:00:00+00:00,1.77492,1.77884,1.74808,1.75774,272409.0
2022-11-06 00:00:00+00:00,1.76195,1.7813,1.75805,1.777,198152.0
2022-11-07 00:00:00+00:00,1.77733,1.78142,1.76546,1.77482,156638.0
2022-11-08 00:00:00+00:00,1.77643,1.7784,1.75942,1.76584,274726.0
2022-11-09 00:00:00+00:00,1.76681,1.78251,1.76578,1.76911,282097.0
2022-11-10 00:00:00+00:00,1.7691,1.77427,1.75644,1.76505,251480.0
2022-11-13 00:00:00+00:00,1.7625,1.76668,1.74604,1.75476,240024.0
2022-11-14 00:00:00+00:00,1.75423,1.77572,1.7477,1.75651,355918.0
2022-11-15 00:00:00+00:00,1.75515,1.76856,1.75037,1.76752,327575.0
2022-11-16 00:00:00+00:00,1.77181,1.77886,1.76564,1.77348,305670.0
2022-11-17 00:00:00+00:00,1.77418,1.78378,1.7716,1.78049,286901.0
2022-11-20 00:00:00+00:00,1.78449,1.79094,1.77794,1.78985,211920.0
2022-11-21 00:00:00+00:00,1.79125,1.7935,1.784,1.78759,234526.0
2022-11-22 00:00:00+00:00,1.78833,1.80032,1.78375,1.79028,263086.0
2022-11-23 00:00:00+00:00,1.79035,1.79766,1.78756,1.79064,228362.0
2022-11-24 00:00:00+00:00,1.79078,1.79526,1.78806,1.79064,219566.0
2022-11-27 00:00:00+00:00,1.7952,1.80696,1.79357,1.79782,224725.0
2022-11-28 00:00:00+00:00,1.7981,1.8007,1.7799,1.78697,273669.0
2022-11-29 00:00:00+00:00,1.78835,1.79234,1.77354,1.7764,303654.0
2022-11-30 00:00:00+00:00,1.7777,1.80504,1.77054,1.79904,303621.0
2022-12-01 00:00:00+00:00,1.80013,1.80992,1.79269,1.8093,270475.0
2022-12-04 00:00:00+00:00,1.80967,1.82114,1.79901,1.82098,189502.0
2022-12-05 00:00:00+00:00,1.81986,1.8262,1.81034,1.81414,254400.0
2022-12-06 00:00:00+00:00,1.8149,1.82423,1.80864,1.81564,258703.0
2022-12-07 00:00:00+00:00,1.81456,1.81938,1.80438,1.80768,250757.0
2022-12-08 00:00:00+00:00,1.80756,1.81312,1.80284,1.80396,230081.0
2022-12-11 00:00:00+00:00,1.8028,1.82402,1.80177,1.81752,190701.0
2022-12-12 00:00:00+00:00,1.81824,1.81965,1.7992,1.80412,270123.0
2022-12-13 00:00:00+00:00,1.80364,1.81482,1.79851,1.81052,262408.0
2022-12-14 00:00:00+00:00,1.80996,1.82628,1.80793,1.8176,204029.0
2022-12-15 00:00:00+00:00,1.81742,1.82413,1.81288,1.81485,236184.0
2022-12-18 00:00:00+00:00,1.81432,1.81986,1.80832,1.81286,176259.0
2022-12-19 00:00:00+00:00,1.81267,1.8276,1.81158,1.82389,316013.0
2022-12-20 00:00:00+00:00,1.82266,1.82728,1.80024,1.80118,261699.0
2022-12-21 00:00:00+00:00,1.80185,1.80702,1.78858,1.805,267077.0
2022-12-22 00:00:00+00:00,1.80517,1.80698,1.79136,1.79506,248973.0
2022-12-26 00:00:00+00:00,1.79229,1.79468,1.78122,1.78674,184264.0
2022-12-27 00:00:00+00:00,1.78718,1.78796,1.77662,1.78342,199389.0
2022-12-28 00:00:00+00:00,1.7834,1.79244,1.77726,1.77874,185398.0
2022-12-29 00:00:00+00:00,1.7796,1.78525,1.7693,1.77404,192176.0
2023-01-01 00:00:00+00:00,1.77069,1.77647,1.76517,1.77098,44924.0
2023-01-02 00:00:00+00:00,1.77084,1.785,1.7669,1.7788,274947.0
2023-01-03 00:00:00+00:00,1.77808,1.78162,1.75051,1.76284,295221.0
2023-01-04 00:00:00+00:00,1.76506,1.77018,1.75431,1.76416,238900.0
2023-01-05 00:00:00+00:00,1.76293,1.76464,1.7558,1.75898,280769.0
2023-01-08 00:00:00+00:00,1.75712,1.7632,1.75034,1.76264,218092.0
2023-01-09 00:00:00+00:00,1.76188,1.76838,1.75838,1.76255,203334.0
2023-01-10 00:00:00+00:00,1.76746,1.76748,1.75442,1.75925,216059.0
2023-01-11 00:00:00+00:00,1.75975,1.76406,1.75032,1.75264,299412.0
2023-01-12 00:00:00+00:00,1.75466,1.75895,1.74898,1.75332,245153.0
2023-01-15 00:00:00+00:00,1.75201,1.7558,1.74868,1.7535,191303.0
2023-01-16 00:00:00+00:00,1.75438,1.76492,1.7474,1.75908,289042.0
2023-01-17 00:00:00+00:00,1.758,1.77936,1.75258,1.77859,362995.0
2023-01-18 00:00:00+00:00,1.7787,1.79614,1.77718,1.79356,314723.0
2023-01-19 00:00:00+00:00,1.79314,1.7937,1.77764,1.77922,257390.0
2023-01-22 00:00:00+00:00,1.78,1.78144,1.7582,1.7612,235610.0
2023-01-23 00:00:00+00:00,1.76192,1.76508,1.74496,1.75143,239117.0
2023-01-24 00:00:00+00:00,1.75238,1.75358,1.7317,1.7459,256350.0
2023-01-25 00:00:00+00:00,1.74652,1.74799,1.73857,1.74466,258435.0
2023-01-26 00:00:00+00:00,1.74524,1.74524,1.73788,1.74279,234670.0
2023-01-29 00:00:00+00:00,1.74446,1.75208,1.74104,1.7495,212869.0
2023-01-30 00:00:00+00:00,1.74724,1.76276,1.74481,1.74665,242112.0
2023-01-31 00:00:00+00:00,1.7464,1.74876,1.73345,1.73356,239267.0
2023-02-01 00:00:00+00:00,1.73428,1.73742,1.7223,1.72756,289657.0
2023-02-02 00:00:00+00:00,1.72787,1.74208,1.726,1.7412,278166.0
2023-02-05 00:00:00+00:00,1.74382,1.7548,1.73593,1.7465,181089.0
2023-02-06 00:00:00+00:00,1.74704,1.7473,1.72892,1.73145,271982.0
2023-02-07 00:00:00+00:00,1.73079,1.74384,1.72734,1.74348,224735.0
2023-02-08 00:00:00+00:00,1.74236,1.74836,1.73536,1.74717,225024.0
2023-02-09 00:00:00+00:00,1.74746,1.74968,1.74154,1.74271,247553.0
2023-02-12 00:00:00+00:00,1.74313,1.74687,1.73767,1.74273,175096.0
2023-02-13 00:00:00+00:00,1.74236,1.75342,1.74118,1.74276,288204.0
2023-02-14 00:00:00+00:00,1.74222,1.75547,1.74092,1.74315,235042.0
2023-02-15 00:00:00+00:00,1.74387,1.75013,1.73898,1.7425,241786.0
2023-02-16 00:00:00+00:00,1.74502,1.75226,1.74149,1.75072,225835.0
2023-02-19 00:00:00+00:00,1.75102,1.75166,1.73894,1.74242,150873.0
2023-02-20 00:00:00+00:00,1.74224,1.76752,1.73978,1.76656,248195.0
2023-02-21 00:00:00+00:00,1.76707,1.77508,1.76404,1.76988,236401.0
2023-02-22 00:00:00+00:00,1.77038,1.77172,1.76048,1.76516,184386.0
2023-02-23 00:00:00+00:00,1.76492,1.7783,1.76198,1.7752,234116.0
2023-02-26 00:00:00+00:00,1.776,1.79088,1.77408,1.78996,188790.0
2023-02-27 00:00:00+00:00,1.78984,1.80306,1.78596,1.78618,193462.0
2023-02-28 00:00:00+00:00,1.78506,1.79502,1.77418,1.77942,254525.0
2023-03-01 00:00:00+00:00,1.78028,1.78372,1.77292,1.77532,226755.0
2023-03-02 00:00:00+00:00,1.77553,1.77955,1.77145,1.77922,183719.0
2023-03-05 00:00:00+00:00,1.78174,1.7892,1.77924,1.78656,149582.0
2023-03-06 00:00:00+00:00,1.7879,1.80264,1.7843,1.79604,240388.0
2023-03-07 00:00:00+00:00,1.7968,1.79824,1.7869,1.79741,206151.0
2023-03-08 00:00:00+00:00,1.79605,1.81074,1.7912,1.80934,185304.0
2023-03-09 00:00:00+00:00,1.80929,1.82968,1.80724,1.828,333937.0
2023-03-12 00:00:00+00:00,1.82626,1.83286,1.81138,1.82712,371903.0
2023-03-13 00:00:00+00:00,1.82608,1.83215,1.81885,1.81955,316748.0
2023-03-14 00:00:00+00:00,1.81991,1.82578,1.81454,1.82122,352445.0
2023-03-15 00:00:00+00:00,1.82366,1.82449,1.81069,1.81974,300098.0
2023-03-16 00:00:00+00:00,1.81884,1.82172,1.80786,1.81809,222338.0
2023-03-19 00:00:00+00:00,1.81857,1.82915,1.81218,1.8276,258799.0
2023-03-20 00:00:00+00:00,1.82733,1.83642,1.82593,1.83168,201175.0
2023-03-21 00:00:00+00:00,1.83176,1.83719,1.82437,1.83558,216997.0
2023-03-22 00:00:00+00:00,1.83581,1.84006,1.82604,1.83773,230480.0
2023-03-23 00:00:00+00:00,1.83778,1.84281,1.83449,1.84097,232634.0
2023-03-26 00:00:00+00:00,1.84074,1.84938,1.83706,1.8477,162741.0
2023-03-27 00:00:00+00:00,1.8474,1.84862,1.83936,1.83969,173931.0
2023-03-28 00:00:00+00:00,1.84,1.85092,1.83788,1.84264,188497.0
2023-03-29 00:00:00+00:00,1.84187,1.84928,1.83734,1.84554,183164.0
2023-03-30 00:00:00+00:00,1.84558,1.85368,1.84226,1.84447,187929.0
2023-04-02 00:00:00+00:00,1.84438,1.84715,1.82486,1.82981,181121.0
2023-04-03 00:00:00+00:00,1.83184,1.85634,1.82802,1.85155,185216.0
2023-04-04 00:00:00+00:00,1.85146,1.868,1.84327,1.85408,185879.0
2023-04-05 00:00:00+00:00,1.85482,1.86702,1.85312,1.86428,152018.0
2023-04-06 00:00:00+00:00,1.86553,1.8672,1.85832,1.86233,115493.0
2023-04-09 00:00:00+00:00,1.86598,1.86685,1.86116,1.86447,114548.0
2023-04-10 00:00:00+00:00,1.86786,1.87017,1.85844,1.86758,146293.0
2023-04-11 00:00:00+00:00,1.86769,1.86948,1.85372,1.86508,161889.0
2023-04-12 00:00:00+00:00,1.86514,1.86804,1.84374,1.84604,154107.0
2023-04-13 00:00:00+00:00,1.84673,1.85452,1.83981,1.85039,152362.0
2023-04-16 00:00:00+00:00,1.85084,1.85488,1.8458,1.84692,135417.0
2023-04-17 00:00:00+00:00,1.84631,1.85183,1.84004,1.84677,141946.0
2023-04-18 00:00:00+00:00,1.84844,1.85668,1.8441,1.8528,125637.0
2023-04-19 00:00:00+00:00,1.85129,1.85524,1.8404,1.84547,133312.0
2023-04-20 00:00:00+00:00,1.8441,1.86061,1.843,1.8589,138259.0
2023-04-23 00:00:00+00:00,1.85885,1.86604,1.85669,1.86468,117823.0
2023-04-24 00:00:00+00:00,1.8648,1.8751,1.86406,1.87296,128341.0
2023-04-25 00:00:00+00:00,1.87139,1.89326,1.8696,1.88832,166615.0
2023-04-26 00:00:00+00:00,1.88787,1.8888,1.88046,1.88516,185867.0
2023-04-27 00:00:00+00:00,1.88509,1.9036,1.88192,1.89947,193273.0
2023-04-30 00:00:00+00:00,1.89839,1.90209,1.88102,1.88466,139500.0
2023-05-01 00:00:00+00:00,1.88436,1.88703,1.8607,1.87132,170908.0
2023-05-02 00:00:00+00:00,1.87098,1.88301,1.86974,1.88287,181954.0
2023-05-03 00:00:00+00:00,1.88186,1.89254,1.87662,1.87846,222338.0
2023-05-04 00:00:00+00:00,1.87837,1.87928,1.8699,1.87052,174362.0
2023-05-07 00:00:00+00:00,1.87267,1.87378,1.85908,1.86092,103847.0
2023-05-08 00:00:00+00:00,1.86106,1.86938,1.85907,1.8664,126283.0
2023-05-09 00:00:00+00:00,1.86636,1.87012,1.85881,1.86252,142827.0
2023-05-10 00:00:00+00:00,1.86304,1.87256,1.85914,1.86686,175999.0
2023-05-11 00:00:00+00:00,1.86589,1.87746,1.86586,1.87396,140285.0
2023-05-14 00:00:00+00:00,1.8743,1.87473,1.86457,1.86991,111676.0
2023-05-15 00:00:00+00:00,1.86974,1.87786,1.86712,1.87602,150023.0
2023-05-16 00:00:00+00:00,1.87565,1.87827,1.87034,1.87512,140524.0
2023-05-17 00:00:00+00:00,1.87488,1.88244,1.87088,1.8738,143491.0
2023-05-18 00:00:00+00:00,1.87344,1.87386,1.86412,1.87154,169328.0
2023-05-21 00:00:00+00:00,1.87252,1.87743,1.8681,1.86972,155760.0
2023-05-22 00:00:00+00:00,1.87006,1.87898,1.86621,1.87853,167086.0
2023-05-23 00:00:00+00:00,1.87756,1.89352,1.87733,1.88968,200436.0
2023-05-24 00:00:00+00:00,1.8894,1.89775,1.88856,1.89412,180230.0
2023-05-25 00:00:00+00:00,1.89426,1.897,1.8917,1.8944,194560.0
2023-05-28 00:00:00+00:00,1.89301,1.89398,1.88589,1.88925,88334.0
2023-05-29 00:00:00+00:00,1.88952,1.90749,1.88718,1.90446,177146.0
2023-05-30 00:00:00+00:00,1.9036,1.9184,1.89924,1.91334,194900.0
2023-05-31 00:00:00+00:00,1.91322,1.91686,1.9043,1.90579,185813.0
2023-06-01 00:00:00+00:00,1.90634,1.90635,1.88272,1.8849,156268.0
2023-06-04 00:00:00+00:00,1.8842,1.88708,1.87204,1.87902,151590.0
2023-06-05 00:00:00+00:00,1.87904,1.88138,1.86002,1.86212,166319.0
2023-06-06 00:00:00+00:00,1.862,1.87126,1.85715,1.86948,187379.0
2023-06-07 00:00:00+00:00,1.86854,1.8716,1.86314,1.87011,162857.0
2023-06-08 00:00:00+00:00,1.87117,1.87469,1.8642,1.86549,162487.0
2023-06-11 00:00:00+00:00,1.86566,1.86702,1.85006,1.85345,119996.0
2023-06-12 00:00:00+00:00,1.85338,1.86434,1.85074,1.8638,169230.0
2023-06-13 00:00:00+00:00,1.8647,1.8702,1.85716,1.86313,172363.0
2023-06-14 00:00:00+00:00,1.86297,1.8686,1.85354,1.85723,176285.0
2023-06-15 00:00:00+00:00,1.85737,1.8694,1.85548,1.86517,154150.0
2023-06-18 00:00:00+00:00,1.86577,1.87512,1.86402,1.86736,126063.0
2023-06-19 00:00:00+00:00,1.86816,1.88358,1.86692,1.88056,173728.0
2023-06-20 00:00:00+00:00,1.88098,1.88971,1.87476,1.87857,212099.0
2023-06-21 00:00:00+00:00,1.87891,1.89096,1.87622,1.88694,201866.0
2023-06-22 00:00:00+00:00,1.88757,1.9097,1.88353,1.9044,199453.0
2023-06-25 00:00:00+00:00,1.9047,1.91009,1.90098,1.90433,163816.0
2023-06-26 00:00:00+00:00,1.90486,1.9091,1.8941,1.90662,193867.0
2023-06-27 00:00:00+00:00,1.90714,1.92406,1.90599,1.91424,199552.0
2023-06-28 00:00:00+00:00,1.91362,1.91588,1.9011,1.906,180890.0
2023-06-29 00:00:00+00:00,1.90533,1.91146,1.90225,1.90626,189948.0
2023-07-02 00:00:00+00:00,1.90494,1.91261,1.89788,1.90227,156004.0
2023-07-03 00:00:00+00:00,1.90134,1.91002,1.89774,1.89975,132786.0
2023-07-04 00:00:00+00:00,1.90046,1.9093,1.89812,1.90911,161308.0
2023-07-05 00:00:00+00:00,1.90798,1.9234,1.90082,1.92276,187405.0
2023-07-06 00:00:00+00:00,1.9243,1.92818,1.91664,1.91859,187047.0
2023-07-09 00:00:00+00:00,1.91861,1.93018,1.91664,1.9266,149122.0
2023-07-10 00:00:00+00:00,1.92656,1.93926,1.92309,1.93449,159414.0
2023-07-11 00:00:00+00:00,1.93516,1.93605,1.91153,1.9132,197698.0
2023-07-12 00:00:00+00:00,1.91416,1.91474,1.90152,1.90662,156511.0
2023-07-13 00:00:00+00:00,1.90754,1.91746,1.90411,1.91468,155966.0
2023-07-16 00:00:00+00:00,1.91448,1.9234,1.91351,1.91793,161060.0
2023-07-17 00:00:00+00:00,1.9171,1.92725,1.91326,1.91349,214675.0
2023-07-18 00:00:00+00:00,1.91496,1.92092,1.90079,1.91118,210370.0
2023-07-19 00:00:00+00:00,1.91162,1.91183,1.88514,1.89832,196971.0
2023-07-20 00:00:00+00:00,1.89776,1.91123,1.89738,1.90937,211061.0
2023-07-23 00:00:00+00:00,1.909,1.91386,1.89897,1.90232,184133.0
2023-07-24 00:00:00+00:00,1.9036,1.90508,1.89332,1.89958,191042.0
2023-07-25 00:00:00+00:00,1.90011,1.91842,1.8985,1.9149,235686.0
2023-07-26 00:00:00+00:00,1.91436,1.91578,1.90142,1.90744,231133.0
2023-07-27 00:00:00+00:00,1.90821,1.93392,1.9059,1.9331,255708.0
2023-07-30 00:00:00+00:00,1.9318,1.93324,1.90774,1.91071,198807.0
2023-07-31 00:00:00+00:00,1.90978,1.93452,1.90886,1.93202,199461.0
2023-08-01 00:00:00+00:00,1.93152,1.9454,1.92962,1.94397,238110.0
2023-08-02 00:00:00+00:00,1.94468,1.94716,1.93425,1.94014,238361.0
2023-08-03 00:00:00+00:00,1.94064,1.94244,1.9332,1.94092,258042.0
2023-08-06 00:00:00+00:00,1.94032,1.94652,1.9333,1.94448,196459.0
2023-08-07 00:00:00+00:00,1.94568,1.95638,1.94379,1.9479,232634.0
2023-08-08 00:00:00+00:00,1.94692,1.95164,1.94368,1.94826,222742.0
2023-08-09 00:00:00+00:00,1.94802,1.94942,1.93706,1.94551,228344.0
2023-08-10 00:00:00+00:00,1.9453,1.95626,1.94178,1.95406,262574.0
2023-08-13 00:00:00+00:00,1.95507,1.9621,1.95062,1.9558,267073.0
2023-08-14 00:00:00+00:00,1.95742,1.96831,1.94914,1.96828,289782.0
2023-08-15 00:00:00+00:00,1.96692,1.98198,1.9663,1.98196,265727.0
2023-08-16 00:00:00+00:00,1.98214,1.99721,1.981,1.99064,291824.0
2023-08-17 00:00:00+00:00,1.98984,1.9927,1.98268,1.9892,251297.0
2023-08-20 00:00:00+00:00,1.98772,1.99298,1.98432,1.9892,223003.0
2023-08-21 00:00:00+00:00,1.98916,1.99252,1.97784,1.98248,241815.0
2023-08-22 00:00:00+00:00,1.9833,1.98488,1.9611,1.96318,247964.0
2023-08-23 00:00:00+00:00,1.96413,1.96756,1.96072,1.9636,238725.0
2023-08-24 00:00:00+00:00,1.96356,1.9687,1.95848,1.96476,249077.0
2023-08-27 00:00:00+00:00,1.96497,1.96497,1.95698,1.96014,177605.0
2023-08-28 00:00:00+00:00,1.9608,1.96374,1.95014,1.95116,238044.0
2023-08-29 00:00:00+00:00,1.9525,1.96462,1.9479,1.96462,237030.0
2023-08-30 00:00:00+00:00,1.96395,1.96578,1.95342,1.95438,241718.0
2023-08-31 00:00:00+00:00,1.95496,1.96138,1.94858,1.95184,211854.0
2023-09-03 00:00:00+00:00,1.95362,1.95574,1.94656,1.95456,121349.0
2023-09-04 00:00:00+00:00,1.95388,1.97491,1.95342,1.97006,209090.0
2023-09-05 00:00:00+00:00,1.96991,1.97445,1.95734,1.95961,222714.0
2023-09-06 00:00:00+00:00,1.96018,1.96382,1.9494,1.95613,192949.0
2023-09-07 00:00:00+00:00,1.95618,1.95938,1.94981,1.95408,169399.0
2023-09-10 00:00:00+00:00,1.95486,1.95661,1.94292,1.94508,160889.0
2023-09-11 00:00:00+00:00,1.94742,1.94992,1.93818,1.94405,176036.0
2023-09-12 00:00:00+00:00,1.9449,1.9507,1.94214,1.9451,210808.0
2023-09-13 00:00:00+00:00,1.94406,1.94606,1.92449,1.92676,220943.0
2023-09-14 00:00:00+00:00,1.92854,1.9288,1.91986,1.92538,214624.0
2023-09-17 00:00:00+00:00,1.92474,1.9283,1.92153,1.924,153423.0
2023-09-18 00:00:00+00:00,1.92415,1.9262,1.91649,1.92032,188231.0
2023-09-19 00:00:00+00:00,1.9194,1.92132,1.90556,1.91437,243367.0
2023-09-20 00:00:00+00:00,1.91541,1.92405,1.91082,1.91641,214559.0
2023-09-21 00:00:00+00:00,1.91652,1.91823,1.8972,1.90022,201619.0
2023-09-24 00:00:00+00:00,1.90257,1.90738,1.89904,1.90096,192192.0
2023-09-25 00:00:00+00:00,1.90297,1.90524,1.89586,1.90049,244346.0
2023-09-26 00:00:00+00:00,1.90094,1.91312,1.89654,1.91016,234642.0
2023-09-27 00:00:00+00:00,1.90974,1.91288,1.89828,1.89875,259352.0
2023-09-28 00:00:00+00:00,1.89777,1.90011,1.88584,1.8969,239965.0
2023-10-01 00:00:00+00:00,1.8976,1.90488,1.8921,1.8996,205161.0
2023-10-02 00:00:00+00:00,1.90006,1.92038,1.8988,1.91646,267295.0
2023-10-03 00:00:00+00:00,1.91548,1.92221,1.9094,1.91914,255250.0
2023-10-04 00:00:00+00:00,1.92131,1.92171,1.90705,1.91378,251209.0
2023-10-05 00:00:00+00:00,1.91388,1.92256,1.90988,1.91678,255615.0
2023-10-08 00:00:00+00:00,1.91896,1.92336,1.90767,1.90864,194580.0
2023-10-09 00:00:00+00:00,1.9084,1.91592,1.9048,1.91022,250782.0
2023-10-10 00:00:00+00:00,1.91067,1.92207,1.90879,1.91955,245321.0
2023-10-11 00:00:00+00:00,1.92138,1.93093,1.91705,1.92834,238208.0
2023-10-12 00:00:00+00:00,1.92977,1.93286,1.9241,1.92904,235000.0
2023-10-15 00:00:00+00:00,1.92585,1.92828,1.91988,1.92622,180941.0
2023-10-16 00:00:00+00:00,1.92721,1.92826,1.91258,1.91381,220986.0
2023-10-17 00:00:00+00:00,1.9154,1.91863,1.90789,1.91606,223346.0
2023-10-18 00:00:00+00:00,1.91667,1.92738,1.91462,1.91869,262296.0
2023-10-19 00:00:00+00:00,1.91893,1.92774,1.91734,1.92634,211089.0
2023-10-22 00:00:00+00:00,1.92448,1.93398,1.9237,1.93322,184859.0
2023-10-23 00:00:00+00:00,1.93319,1.93424,1.9124,1.91326,219088.0
2023-10-24 00:00:00+00:00,1.91432,1.92132,1.90188,1.91988,222158.0
2023-10-25 00:00:00+00:00,1.91876,1.9266,1.91367,1.91842,223697.0
2023-10-26 00:00:00+00:00,1.91864,1.91938,1.90738,1.91368,151159.0
2023-10-29 00:00:00+00:00,1.91508,1.91515,1.90194,1.90887,139899.0
2023-10-30 00:00:00+00:00,1.90936,1.91992,1.90744,1.91706,149299.0
2023-10-31 00:00:00+00:00,1.91822,1.92057,1.89904,1.9008,173582.0
2023-11-01 00:00:00+00:00,1.90005,1.90118,1.88997,1.8967,143204.0
2023-11-02 00:00:00+00:00,1.8969,1.90316,1.89102,1.90084,146012.0
2023-11-05 00:00:00+00:00,1.90162,1.90996,1.8976,1.90212,121241.0
2023-11-06 00:00:00+00:00,1.90195,1.91869,1.89778,1.91099,131568.0
2023-11-07 00:00:00+00:00,1.91166,1.91986,1.90412,1.91864,127782.0
2023-11-08 00:00:00+00:00,1.91883,1.9216,1.91133,1.9197,149034.0
2023-11-09 00:00:00+00:00,1.91971,1.92387,1.91808,1.92232,130438.0
2023-11-12 00:00:00+00:00,1.92214,1.9261,1.91876,1.92564,108736.0
2023-11-13 00:00:00+00:00,1.92558,1.93165,1.91985,1.92057,141820.0
2023-11-14 00:00:00+00:00,1.92042,1.92502,1.90458,1.9074,150702.0
2023-11-15 00:00:00+00:00,1.90888,1.92248,1.90627,1.91834,143492.0
2023-11-16 00:00:00+00:00,1.91826,1.92192,1.90876,1.91285,139126.0
2023-11-19 00:00:00+00:00,1.91345,1.91452,1.90158,1.90704,140290.0
2023-11-20 00:00:00+00:00,1.9071,1.91394,1.90334,1.91254,136960.0
2023-11-21 00:00:00+00:00,1.91151,1.91776,1.90608,1.90953,147659.0
2023-11-22 00:00:00+00:00,1.9085,1.91512,1.90378,1.91146,94532.0
2023-11-23 00:00:00+00:00,1.91084,1.91588,1.90901,1.9143,116501.0
2023-11-26 00:00:00+00:00,1.91535,1.91908,1.9101,1.91152,135563.0
2023-11-27 00:00:00+00:00,1.91178,1.91324,1.9061,1.90974,154763.0
2023-11-28 00:00:00+00:00,1.90958,1.91985,1.9066,1.91834,162391.0
2023-11-29 00:00:00+00:00,1.91848,1.91946,1.9067,1.91126,179095.0
2023-11-30 00:00:00+00:00,1.91058,1.91538,1.90196,1.90414,154571.0
2023-12-03 00:00:00+00:00,1.90389,1.90922,1.89703,1.90832,143861.0
2023-12-04 00:00:00+00:00,1.90822,1.92677,1.90641,1.92234,153730.0
2023-12-05 00:00:00+00:00,1.92333,1.92333,1.9115,1.91784,154790.0
2023-12-06 00:00:00+00:00,1.917,1.92296,1.90479,1.90738,174396.0
2023-12-07 00:00:00+00:00,1.9082,1.90986,1.90026,1.90739,186922.0
2023-12-10 00:00:00+00:00,1.90855,1.91891,1.90599,1.91191,132080.0
2023-12-11 00:00:00+00:00,1.91254,1.91692,1.90478,1.91517,140951.0
2023-12-12 00:00:00+00:00,1.916,1.91773,1.89132,1.89447,151085.0
2023-12-13 00:00:00+00:00,1.89513,1.90646,1.87949,1.90572,185046.0
2023-12-14 00:00:00+00:00,1.90598,1.90698,1.88774,1.89115,155911.0
2023-12-17 00:00:00+00:00,1.89185,1.89383,1.88044,1.88585,129634.0
2023-12-18 00:00:00+00:00,1.88506,1.8911,1.88042,1.88286,138628.0
2023-12-19 00:00:00+00:00,1.88218,1.88534,1.86749,1.87788,120238.0
2023-12-20 00:00:00+00:00,1.87648,1.88062,1.86269,1.86546,177613.0
2023-12-21 00:00:00+00:00,1.86602,1.87606,1.86454,1.8675,182780.0
2023-12-25 00:00:00+00:00,1.86398,1.86866,1.86307,1.86461,65759.0
2023-12-26 00:00:00+00:00,1.86448,1.87114,1.85886,1.8692,72858.0
2023-12-27 00:00:00+00:00,1.86932,1.8765,1.85926,1.86416,126555.0
2023-12-28 00:00:00+00:00,1.86386,1.87551,1.8602,1.86916,158066.0
2024-01-01 00:00:00+00:00,1.86808,1.8703,1.86051,1.86643,123023.0
2024-01-02 00:00:00+00:00,1.86474,1.88481,1.86437,1.88147,138995.0
2024-01-03 00:00:00+00:00,1.88259,1.89315,1.87655,1.89114,126561.0
2024-01-04 00:00:00+00:00,1.89102,1.89954,1.88966,1.8938,156440.0
2024-01-07 00:00:00+00:00,1.89404,1.90348,1.89014,1.89724,131912.0
2024-01-08 00:00:00+00:00,1.8974,1.90248,1.89529,1.90058,151430.0
2024-01-09 00:00:00+00:00,1.90046,1.90295,1.89396,1.90184,126663.0
2024-01-10 00:00:00+00:00,1.90154,1.91184,1.89757,1.90837,177877.0
2024-01-11 00:00:00+00:00,1.90806,1.90894,1.89862,1.9073,167501.0
2024-01-14 00:00:00+00:00,1.90724,1.91348,1.90269,1.91122,101760.0
2024-01-15 00:00:00+00:00,1.9123,1.92047,1.9104,1.9191,186964.0
2024-01-16 00:00:00+00:00,1.91884,1.9397,1.91656,1.93528,179115.0
2024-01-17 00:00:00+00:00,1.93426,1.94196,1.92947,1.933,175152.0
2024-01-18 00:00:00+00:00,1.93469,1.93474,1.92095,1.92559,143829.0
2024-01-21 00:00:00+00:00,1.92558,1.93493,1.92193,1.9344,146257.0
2024-01-22 00:00:00+00:00,1.9345,1.93514,1.92618,1.92821,139077.0
2024-01-23 00:00:00+00:00,1.92698,1.93478,1.92678,1.93468,168255.0
2024-01-24 00:00:00+00:00,1.93494,1.93618,1.92557,1.92991,160783.0
2024-01-25 00:00:00+00:00,1.93049,1.93246,1.92602,1.93143,139328.0
2024-01-28 00:00:00+00:00,1.93169,1.93261,1.92174,1.92269,128656.0
2024-01-29 00:00:00+00:00,1.92244,1.9253,1.91834,1.9234,135574.0
2024-01-30 00:00:00+00:00,1.92346,1.93294,1.92234,1.93199,199987.0
2024-01-31 00:00:00+00:00,1.93099,1.94562,1.92854,1.93884,178888.0
2024-02-01 00:00:00+00:00,1.93956,1.94247,1.9306,1.93986,150549.0
2024-02-04 00:00:00+00:00,1.9393,1.94406,1.93232,1.93379,143988.0
2024-02-05 00:00:00+00:00,1.93386,1.93558,1.92528,1.93139,152009.0
2024-02-06 00:00:00+00:00,1.9311,1.93778,1.92826,1.9366,139442.0
2024-02-07 00:00:00+00:00,1.93653,1.9455,1.9344,1.94365,129327.0
2024-02-08 00:00:00+00:00,1.94351,1.94447,1.93346,1.93598,122439.0
2024-02-11 00:00:00+00:00,1.93637,1.93872,1.93151,1.93372,106292.0
2024-02-12 00:00:00+00:00,1.93449,1.95298,1.93314,1.95126,150676.0
2024-02-13 00:00:00+00:00,1.95114,1.95268,1.93438,1.93574,141692.0
2024-02-14 00:00:00+00:00,1.9356,1.93949,1.92598,1.93103,137446.0
2024-02-15 00:00:00+00:00,1.93078,1.93352,1.92673,1.92903,134045.0
2024-02-18 00:00:00+00:00,1.93014,1.93175,1.92554,1.92596,80977.0
2024-02-19 00:00:00+00:00,1.92656,1.92996,1.91926,1.92742,143443.0
2024-02-20 00:00:00+00:00,1.9275,1.93054,1.9223,1.92877,146712.0
2024-02-21 00:00:00+00:00,1.92912,1.9331,1.92237,1.93088,158992.0
2024-02-22 00:00:00+00:00,1.93066,1.93316,1.92594,1.9304,138063.0
2024-02-25 00:00:00+00:00,1.93078,1.94084,1.92956,1.9397,128023.0
2024-02-26 00:00:00+00:00,1.93882,1.94286,1.93374,1.93862,141637.0
2024-02-27 00:00:00+00:00,1.93855,1.95066,1.93649,1.94925,147249.0
2024-02-28 00:00:00+00:00,1.94834,1.95026,1.94097,1.943,176294.0
2024-02-29 00:00:00+00:00,1.94206,1.94648,1.93612,1.93896,173335.0
2024-03-03 00:00:00+00:00,1.93838,1.94998,1.93785,1.9497,147235.0
2024-03-04 00:00:00+00:00,1.94904,1.95706,1.94852,1.95344,169651.0
2024-03-05 00:00:00+00:00,1.95267,1.95538,1.93804,1.93953,188202.0
2024-03-06 00:00:00+00:00,1.93956,1.94058,1.92771,1.93476,184578.0
2024-03-07 00:00:00+00:00,1.93524,1.9417,1.92921,1.9406,182687.0
2024-03-10 00:00:00+00:00,1.94092,1.94462,1.93708,1.9375,152375.0
2024-03-11 00:00:00+00:00,1.93814,1.93936,1.92868,1.93667,153958.0
2024-03-12 00:00:00+00:00,1.93588,1.93827,1.93036,1.93266,122791.0
2024-03-13 00:00:00+00:00,1.93336,1.93874,1.93055,1.93781,143978.0
2024-03-14 00:00:00+00:00,1.93842,1.94432,1.93662,1.94158,128924.0
2024-03-17 00:00:00+00:00,1.94114,1.94198,1.93791,1.94055,116699.0
2024-03-18 00:00:00+00:00,1.94132,1.95078,1.93908,1.9476,150189.0
2024-03-19 00:00:00+00:00,1.94712,1.95006,1.94063,1.94132,145290.0
2024-03-20 00:00:00+00:00,1.9414,1.94364,1.92561,1.92658,141090.0
2024-03-21 00:00:00+00:00,1.9271,1.93816,1.92538,1.93429,145452.0
2024-03-24 00:00:00+00:00,1.93421,1.9357,1.92793,1.93217,118710.0
2024-03-25 00:00:00+00:00,1.93284,1.93504,1.92937,1.93283,118785.0
2024-03-26 00:00:00+00:00,1.93312,1.93703,1.93118,1.93442,127807.0
2024-03-27 00:00:00+00:00,1.93374,1.94491,1.93136,1.93738,127162.0
2024-03-28 00:00:00+00:00,1.93629,1.94032,1.93353,1.93622,49325.0
2024-03-31 00:00:00+00:00,1.93622,1.93838,1.93286,1.93394,102841.0
2024-04-01 00:00:00+00:00,1.93476,1.93494,1.92742,1.92972,108373.0
2024-04-02 00:00:00+00:00,1.9293,1.93352,1.92529,1.92716,136174.0
2024-04-03 00:00:00+00:00,1.92804,1.92822,1.91338,1.91923,104185.0
2024-04-04 00:00:00+00:00,1.9187,1.92378,1.91622,1.92085,161689.0
2024-04-07 00:00:00+00:00,1.91972,1.92328,1.91328,1.91614,154346.0
2024-04-08 00:00:00+00:00,1.91607,1.91792,1.91144,1.9125,131909.0
2024-04-09 00:00:00+00:00,1.91266,1.92916,1.91166,1.9256,165239.0
2024-04-10 00:00:00+00:00,1.92459,1.92762,1.91866,1.92017,180030.0
2024-04-11 00:00:00+00:00,1.92006,1.92806,1.91902,1.92638,166167.0
2024-04-14 00:00:00+00:00,1.92642,1.9326,1.92026,1.9319,183828.0
2024-04-15 00:00:00+00:00,1.93197,1.94594,1.93,1.9412,214771.0
2024-04-16 00:00:00+00:00,1.94158,1.9428,1.9333,1.93544,180554.0
2024-04-17 00:00:00+00:00,1.93499,1.93825,1.93117,1.93682,152562.0
2024-04-18 00:00:00+00:00,1.93683,1.94824,1.92597,1.92746,220289.0
2024-04-21 00:00:00+00:00,1.92746,1.92944,1.91216,1.91504,159469.0
2024-04-22 00:00:00+00:00,1.91526,1.92236,1.911,1.91924,167002.0
2024-04-23 00:00:00+00:00,1.91903,1.92032,1.90892,1.91822,160567.0
2024-04-24 00:00:00+00:00,1.9188,1.92252,1.91486,1.91966,166703.0
2024-04-25 00:00:00+00:00,1.92004,1.92016,1.90855,1.91233,159720.0
2024-04-28 00:00:00+00:00,1.91233,1.91432,1.90445,1.91315,180824.0
2024-04-29 00:00:00+00:00,1.91318,1.93014,1.91244,1.92984,173172.0
2024-04-30 00:00:00+00:00,1.92998,1.93108,1.9185,1.92072,167992.0
2024-05-01 00:00:00+00:00,1.9199,1.9226,1.90743,1.90928,187438.0
2024-05-02 00:00:00+00:00,1.90926,1.90996,1.89516,1.8982,189609.0
2024-05-05 00:00:00+00:00,1.89589,1.89937,1.8949,1.89598,123299.0
2024-05-06 00:00:00+00:00,1.89652,1.90374,1.89186,1.89568,146483.0
2024-05-07 00:00:00+00:00,1.89578,1.90338,1.8954,1.8995,130227.0
2024-05-08 00:00:00+00:00,1.89924,1.90113,1.89148,1.89191,145688.0
2024-05-09 00:00:00+00:00,1.89215,1.89809,1.89081,1.89669,144123.0
2024-05-12 00:00:00+00:00,1.89624,1.90166,1.89468,1.9006,134455.0
2024-05-13 00:00:00+00:00,1.9004,1.9038,1.89469,1.90002,146915.0
2024-05-14 00:00:00+00:00,1.90054,1.90323,1.89408,1.89532,159136.0
2024-05-15 00:00:00+00:00,1.89516,1.9006,1.89096,1.89712,154746.0
2024-05-16 00:00:00+00:00,1.89724,1.90314,1.89604,1.89752,126965.0
2024-05-19 00:00:00+00:00,1.89766,1.90598,1.89413,1.90568,114729.0
2024-05-20 00:00:00+00:00,1.90527,1.91063,1.90337,1.9067,141956.0
2024-05-21 00:00:00+00:00,1.90709,1.92374,1.90308,1.92132,152415.0
2024-05-22 00:00:00+00:00,1.92172,1.9237,1.91552,1.92214,174474.0
2024-05-23 00:00:00+00:00,1.92202,1.925,1.91976,1.92176,142565.0
2024-05-26 00:00:00+00:00,1.92235,1.9234,1.91739,1.91896,84810.0
2024-05-27 00:00:00+00:00,1.91908,1.92058,1.91536,1.91924,145755.0
2024-05-28 00:00:00+00:00,1.9192,1.92352,1.91394,1.9213,166657.0
2024-05-29 00:00:00+00:00,1.92137,1.92452,1.91643,1.91946,163711.0
2024-05-30 00:00:00+00:00,1.9196,1.92056,1.9097,1.91512,178209.0
2024-06-02 00:00:00+00:00,1.91458,1.91842,1.90938,1.9147,167215.0
2024-06-03 00:00:00+00:00,1.91493,1.92591,1.91311,1.92028,179116.0
2024-06-04 00:00:00+00:00,1.92046,1.92632,1.9173,1.92356,138525.0
2024-06-05 00:00:00+00:00,1.92342,1.92524,1.91642,1.91873,141739.0
2024-06-06 00:00:00+00:00,1.91871,1.93358,1.9151,1.933,155883.0
2024-06-09 00:00:00+00:00,1.93422,1.9353,1.92567,1.92575,124845.0
2024-06-10 00:00:00+00:00,1.92584,1.93294,1.92478,1.9285,144166.0
2024-06-11 00:00:00+00:00,1.92752,1.93101,1.91569,1.92074,171347.0
2024-06-12 00:00:00+00:00,1.92059,1.9247,1.91824,1.92318,149154.0
2024-06-13 00:00:00+00:00,1.92344,1.92608,1.91636,1.91782,190164.0
2024-06-16 00:00:00+00:00,1.91838,1.92378,1.91592,1.9212,141580.0
2024-06-17 00:00:00+00:00,1.92123,1.92346,1.90775,1.90925,153876.0
2024-06-18 00:00:00+00:00,1.90914,1.90975,1.90467,1.90646,100030.0
2024-06-19 00:00:00+00:00,1.90615,1.90782,1.90032,1.9016,157469.0
2024-06-20 00:00:00+00:00,1.90169,1.90496,1.89578,1.90368,124144.0
2024-06-23 00:00:00+00:00,1.90393,1.90742,1.9017,1.90582,142464.0
2024-06-24 00:00:00+00:00,1.90566,1.91093,1.90158,1.90845,138103.0
2024-06-25 00:00:00+00:00,1.90851,1.91079,1.89513,1.89862,158936.0
2024-06-26 00:00:00+00:00,1.89888,1.90375,1.89442,1.90156,155498.0
2024-06-27 00:00:00+00:00,1.90188,1.90787,1.89118,1.89592,163059.0
2024-06-30 00:00:00+00:00,1.8944,1.90344,1.89298,1.89962,142352.0
2024-07-01 00:00:00+00:00,1.89988,1.90532,1.89823,1.90274,148899.0
2024-07-02 00:00:00+00:00,1.90243,1.9054,1.89733,1.90036,145569.0
2024-07-03 00:00:00+00:00,1.90054,1.90124,1.89476,1.89693,86536.0
2024-07-04 00:00:00+00:00,1.89686,1.90371,1.89446,1.8988,151242.0
2024-07-07 00:00:00+00:00,1.89962,1.90452,1.89585,1.90083,139013.0
2024-07-08 00:00:00+00:00,1.90138,1.90288,1.89629,1.8968,141006.0
2024-07-09 00:00:00+00:00,1.89658,1.905,1.89604,1.90419,139594.0
2024-07-10 00:00:00+00:00,1.90422,1.91176,1.90052,1.9105,210965.0
2024-07-11 00:00:00+00:00,1.90994,1.91484,1.9065,1.91444,202711.0
2024-07-14 00:00:00+00:00,1.91496,1.91974,1.9128,1.9184,196780.0
2024-07-15 00:00:00+00:00,1.91852,1.92803,1.9173,1.92668,187499.0
2024-07-16 00:00:00+00:00,1.92626,1.93535,1.9243,1.93314,214388.0
2024-07-17 00:00:00+00:00,1.93304,1.93609,1.92598,1.93006,211906.0
2024-07-18 00:00:00+00:00,1.93177,1.93337,1.92858,1.9318,212907.0
2024-07-21 00:00:00+00:00,1.93064,1.94726,1.9302,1.94715,215052.0
2024-07-22 00:00:00+00:00,1.94726,1.95256,1.94574,1.95098,164541.0
2024-07-23 00:00:00+00:00,1.95094,1.96174,1.95034,1.96122,191692.0
2024-07-24 00:00:00+00:00,1.96127,1.9762,1.96066,1.9655,226043.0
2024-07-25 00:00:00+00:00,1.96594,1.96678,1.959,1.96522,172628.0
2024-07-28 00:00:00+00:00,1.96404,1.96748,1.95707,1.96377,173198.0
2024-07-29 00:00:00+00:00,1.96411,1.96622,1.95907,1.9634,179544.0
2024-07-30 00:00:00+00:00,1.96346,1.9811,1.96192,1.96528,208259.0
2024-07-31 00:00:00+00:00,1.9656,1.9699,1.95316,1.95939,226121.0
2024-08-01 00:00:00+00:00,1.95931,1.96742,1.95048,1.96661,247961.0
2024-08-04 00:00:00+00:00,1.96674,2.00402,1.96182,1.96677,295207.0
2024-08-05 00:00:00+00:00,1.96659,1.9678,1.94162,1.94702,290609.0
2024-08-06 00:00:00+00:00,1.94663,1.94844,1.9331,1.94706,244827.0
2024-08-07 00:00:00+00:00,1.94658,1.94854,1.93283,1.9339,226773.0
2024-08-08 00:00:00+00:00,1.93368,1.94294,1.93158,1.94124,169361.0
2024-08-11 00:00:00+00:00,1.94266,1.9438,1.93238,1.93824,146009.0
2024-08-12 00:00:00+00:00,1.93908,1.94362,1.93602,1.93892,165182.0
2024-08-13 00:00:00+00:00,1.93905,1.94486,1.93224,1.9444,177145.0
2024-08-14 00:00:00+00:00,1.94448,1.95134,1.93724,1.94433,149404.0
2024-08-15 00:00:00+00:00,1.94416,1.94795,1.94012,1.94085,115797.0
2024-08-18 00:00:00+00:00,1.94154,1.94157,1.92929,1.92965,144113.0
2024-08-19 00:00:00+00:00,1.93027,1.9345,1.92783,1.9318,166914.0
2024-08-20 00:00:00+00:00,1.93278,1.94282,1.9299,1.94104,157193.0
2024-08-21 00:00:00+00:00,1.94108,1.95364,1.93898,1.95236,140663.0
2024-08-22 00:00:00+00:00,1.95235,1.9534,1.94314,1.94444,166068.0
2024-08-25 00:00:00+00:00,1.94513,1.94948,1.9432,1.94752,138547.0
2024-08-26 00:00:00+00:00,1.94734,1.95368,1.9438,1.95222,151464.0
2024-08-27 00:00:00+00:00,1.95178,1.95378,1.9435,1.94417,164759.0
2024-08-28 00:00:00+00:00,1.94455,1.94537,1.93217,1.9369,169024.0
2024-08-29 00:00:00+00:00,1.93674,1.9427,1.93376,1.94041,165622.0
2024-09-01 00:00:00+00:00,1.94124,1.94252,1.93455,1.9359,92614.0
2024-09-02 00:00:00+00:00,1.93572,1.95448,1.93507,1.95404,164657.0
2024-09-03 00:00:00+00:00,1.95388,1.96,1.94948,1.95514,160904.0
2024-09-04 00:00:00+00:00,1.95592,1.95846,1.95389,1.9553,165088.0
2024-09-05 00:00:00+00:00,1.95536,1.96958,1.9527,1.96842,195192.0
2024-09-08 00:00:00+00:00,1.96797,1.97008,1.96239,1.9627,146969.0
2024-09-09 00:00:00+00:00,1.96286,1.96654,1.96034,1.96614,154475.0
2024-09-10 00:00:00+00:00,1.96618,1.97016,1.95369,1.95433,193462.0
2024-09-11 00:00:00+00:00,1.95477,1.95804,1.94921,1.95238,178871.0
2024-09-12 00:00:00+00:00,1.95266,1.96044,1.95154,1.95758,171924.0
2024-09-15 00:00:00+00:00,1.95874,1.9606,1.95499,1.95746,146435.0
2024-09-16 00:00:00+00:00,1.95736,1.95829,1.94729,1.9479,169330.0
2024-09-17 00:00:00+00:00,1.94803,1.95501,1.9446,1.95333,213751.0
2024-09-18 00:00:00+00:00,1.9532,1.95435,1.93988,1.94939,211763.0
2024-09-19 00:00:00+00:00,1.94947,1.95726,1.94776,1.95706,208993.0
2024-09-22 00:00:00+00:00,1.95742,1.95748,1.94636,1.95226,174807.0
2024-09-23 00:00:00+00:00,1.95198,1.95728,1.94544,1.94622,188151.0
2024-09-24 00:00:00+00:00,1.94606,1.95314,1.94298,1.95256,192706.0
2024-09-25 00:00:00+00:00,1.95261,1.95318,1.94098,1.94555,197070.0
2024-09-26 00:00:00+00:00,1.94535,1.94824,1.93308,1.93754,203807.0
2024-09-29 00:00:00+00:00,1.93707,1.9394,1.92882,1.93467,181059.0
2024-09-30 00:00:00+00:00,1.93464,1.93561,1.92572,1.93014,225752.0
2024-10-01 00:00:00+00:00,1.93022,1.93084,1.92131,1.92682,184066.0
2024-10-02 00:00:00+00:00,1.9266,1.93104,1.91254,1.91844,206268.0
2024-10-03 00:00:00+00:00,1.91858,1.93186,1.91608,1.9318,183511.0
2024-10-06 00:00:00+00:00,1.93042,1.93828,1.92428,1.93617,194263.0
2024-10-07 00:00:00+00:00,1.93608,1.94872,1.9347,1.9419,214536.0
2024-10-08 00:00:00+00:00,1.94166,1.94848,1.93753,1.94576,189038.0
2024-10-09 00:00:00+00:00,1.94574,1.94777,1.93695,1.9375,195967.0
2024-10-10 00:00:00+00:00,1.9374,1.9419,1.93398,1.9355,143353.0
2024-10-13 00:00:00+00:00,1.93582,1.9451,1.93546,1.94162,145440.0
2024-10-14 00:00:00+00:00,1.94156,1.95202,1.94053,1.95029,177077.0
2024-10-15 00:00:00+00:00,1.95026,1.95868,1.941,1.94851,173498.0
2024-10-16 00:00:00+00:00,1.94911,1.95018,1.9375,1.9431,190790.0
2024-10-17 00:00:00+00:00,1.943,1.94738,1.93893,1.94603,167138.0
2024-10-20 00:00:00+00:00,1.94578,1.95104,1.9411,1.95,159917.0
2024-10-21 00:00:00+00:00,1.95057,1.95202,1.93599,1.94318,177102.0
2024-10-22 00:00:00+00:00,1.94264,1.95394,1.94022,1.94767,172032.0
2024-10-23 00:00:00+00:00,1.94818,1.9564,1.94378,1.95436,185490.0
2024-10-24 00:00:00+00:00,1.9541,1.9642,1.95225,1.96257,156276.0
2024-10-27 00:00:00+00:00,1.95996,1.97176,1.95836,1.97032,155384.0
2024-10-28 00:00:00+00:00,1.97046,1.9846,1.96941,1.98407,202912.0
2024-10-29 00:00:00+00:00,1.98406,1.98854,1.96766,1.97215,233701.0
2024-10-30 00:00:00+00:00,1.97276,1.97918,1.95762,1.95992,237198.0
2024-10-31 00:00:00+00:00,1.95996,1.97324,1.95882,1.96959,224290.0
2024-11-03 00:00:00+00:00,1.96236,1.96986,1.9619,1.9676,244807.0
2024-11-04 00:00:00+00:00,1.96788,1.9686,1.9584,1.9646,194085.0
2024-11-05 00:00:00+00:00,1.96477,1.9782,1.95616,1.95982,380066.0
2024-11-06 00:00:00+00:00,1.96036,1.96286,1.94293,1.94397,277840.0
2024-11-07 00:00:00+00:00,1.94563,1.96528,1.94398,1.9626,251289.0
2024-11-10 00:00:00+00:00,1.96114,1.96278,1.95597,1.95732,204727.0
2024-11-11 00:00:00+00:00,1.95726,1.96128,1.94866,1.95118,271885.0
2024-11-12 00:00:00+00:00,1.95086,1.96046,1.9491,1.95934,264759.0
2024-11-13 00:00:00+00:00,1.95916,1.96429,1.9556,1.96239,282252.0
2024-11-14 00:00:00+00:00,1.96218,1.96384,1.95172,1.95258,239318.0
2024-11-17 00:00:00+00:00,1.95258,1.95748,1.94696,1.94806,221981.0
2024-11-18 00:00:00+00:00,1.94852,1.95014,1.94082,1.94164,271404.0
2024-11-19 00:00:00+00:00,1.9418,1.95102,1.93962,1.94489,218622.0
2024-11-20 00:00:00+00:00,1.9452,1.94545,1.93249,1.93354,250324.0
2024-11-21 00:00:00+00:00,1.93374,1.93804,1.92316,1.9277,286429.0
2024-11-24 00:00:00+00:00,1.92637,1.93473,1.9229,1.93238,245214.0
2024-11-25 00:00:00+00:00,1.93294,1.94495,1.93169,1.94132,279003.0
2024-11-26 00:00:00+00:00,1.9423,1.95448,1.93894,1.95164,231477.0
2024-11-27 00:00:00+00:00,1.95166,1.953,1.94636,1.95214,149551.0
2024-11-28 00:00:00+00:00,1.9522,1.95578,1.94746,1.95454,214388.0
2024-12-01 00:00:00+00:00,1.95456,1.96132,1.95102,1.95402,247434.0
2024-12-02 00:00:00+00:00,1.95453,1.95786,1.95076,1.95372,212243.0
2024-12-03 00:00:00+00:00,1.95439,1.97969,1.95351,1.97508,220888.0
2024-12-04 00:00:00+00:00,1.97552,1.98298,1.9734,1.97744,164751.0
2024-12-05 00:00:00+00:00,1.97723,1.99754,1.97662,1.99434,181522.0
2024-12-08 00:00:00+00:00,1.99242,1.99442,1.97632,1.97998,154254.0
2024-12-09 00:00:00+00:00,1.98026,2.00306,1.9789,2.00258,177608.0
2024-12-10 00:00:00+00:00,2.00247,2.0108,2.00002,2.00177,193418.0
2024-12-11 00:00:00+00:00,2.00224,2.00306,1.98633,1.99016,207105.0
2024-12-12 00:00:00+00:00,1.9899,1.993,1.98206,1.98356,153970.0
2024-12-15 00:00:00+00:00,1.9859,1.99554,1.97988,1.99087,153187.0
2024-12-16 00:00:00+00:00,1.99072,2.00718,1.98964,2.00648,166443.0
2024-12-17 00:00:00+00:00,2.00582,2.02434,2.00418,2.02216,203037.0
2024-12-18 00:00:00+00:00,2.0224,2.03013,2.00124,2.00393,227997.0
2024-12-19 00:00:00+00:00,2.00407,2.01416,2.0005,2.01008,213897.0
2024-12-22 00:00:00+00:00,2.00842,2.01373,2.00393,2.00615,152549.0
2024-12-23 00:00:00+00:00,2.00615,2.01642,2.00506,2.00884,120912.0
2024-12-25 00:00:00+00:00,2.01251,2.01414,2.00616,2.01363,118791.0
2024-12-26 00:00:00+00:00,2.01373,2.02653,2.01066,2.02358,178678.0
2024-12-29 00:00:00+00:00,2.02401,2.02471,2.01224,2.01745,170172.0
2024-12-30 00:00:00+00:00,2.01754,2.02542,2.01525,2.02217,150962.0
2025-01-01 00:00:00+00:00,2.02189,2.0234,1.99165,1.99578,171592.0
2025-01-02 00:00:00+00:00,1.99556,2.00084,1.99238,1.998,139650.0
2025-01-05 00:00:00+00:00,1.99862,2.00624,1.98998,2.00465,200110.0
2025-01-06 00:00:00+00:00,2.00472,2.00593,1.99505,2.00254,184235.0
2025-01-07 00:00:00+00:00,2.00248,2.00866,1.9868,1.98888,202820.0
2025-01-08 00:00:00+00:00,1.9888,1.99332,1.97889,1.98657,166556.0
2025-01-09 00:00:00+00:00,1.98638,1.99158,1.98227,1.98672,209384.0
2025-01-12 00:00:00+00:00,1.98424,1.98684,1.9695,1.97535,174002.0
2025-01-13 00:00:00+00:00,1.97505,1.97828,1.96588,1.97196,181817.0
2025-01-14 00:00:00+00:00,1.97222,1.97415,1.9632,1.96618,168724.0
2025-01-15 00:00:00+00:00,1.96606,1.97129,1.96018,1.96988,182581.0
2025-01-16 00:00:00+00:00,1.9705,1.97301,1.9602,1.96538,171678.0
2025-01-19 00:00:00+00:00,1.96417,1.96806,1.95932,1.96468,182511.0
2025-01-20 00:00:00+00:00,1.96482,1.97334,1.96232,1.96934,226827.0
2025-01-21 00:00:00+00:00,1.96846,1.97114,1.9622,1.96322,173017.0
2025-01-22 00:00:00+00:00,1.96357,1.96708,1.9607,1.96534,182928.0
2025-01-23 00:00:00+00:00,1.96548,1.97794,1.95974,1.97664,191120.0
2025-01-26 00:00:00+00:00,1.97803,1.98958,1.97741,1.9865,193331.0
2025-01-27 00:00:00+00:00,1.98608,1.99226,1.98497,1.99024,178554.0
2025-01-28 00:00:00+00:00,1.9899,1.99877,1.98891,1.99778,207486.0
2025-01-29 00:00:00+00:00,1.99796,2.00194,1.99506,1.99974,181729.0
2025-01-30 00:00:00+00:00,1.99972,2.00185,1.98996,1.9951,211402.0
2025-02-02 00:00:00+00:00,1.99968,2.01512,1.99605,1.9995,324902.0
2025-02-03 00:00:00+00:00,1.99976,2.00694,1.99386,1.99527,207684.0
2025-02-04 00:00:00+00:00,1.99487,1.99848,1.98754,1.98965,176470.0
2025-02-05 00:00:00+00:00,1.98995,1.99502,1.97318,1.9789,155397.0
2025-02-06 00:00:00+00:00,1.97876,1.98352,1.97508,1.9775,171108.0
2025-02-09 00:00:00+00:00,1.98537,1.98537,1.96898,1.9698,141303.0
2025-02-10 00:00:00+00:00,1.96988,1.97786,1.96398,1.9773,168449.0
2025-02-11 00:00:00+00:00,1.9764,1.98553,1.97442,1.98176,186701.0
2025-02-12 00:00:00+00:00,1.9814,1.99452,1.98065,1.98908,206302.0
2025-02-13 00:00:00+00:00,1.98898,1.99017,1.97966,1.98094,163621.0
2025-02-16 00:00:00+00:00,1.9837,1.98824,1.97582,1.98612,132823.0
2025-02-17 00:00:00+00:00,1.98564,1.98992,1.97963,1.98578,155882.0
2025-02-18 00:00:00+00:00,1.98652,1.989,1.97984,1.9836,168967.0
2025-02-19 00:00:00+00:00,1.9837,1.98826,1.97456,1.97949,183561.0
2025-02-20 00:00:00+00:00,1.98018,1.98832,1.97738,1.98718,173422.0
2025-02-23 00:00:00+00:00,1.98337,1.991,1.98334,1.98857,193758.0
2025-02-24 00:00:00+00:00,1.98896,2.00281,1.98762,1.99671,195868.0
2025-02-25 00:00:00+00:00,1.99694,2.01244,1.9949,2.01059,217165.0
2025-02-26 00:00:00+00:00,2.0109,2.0222,2.00716,2.0206,210159.0
2025-02-27 00:00:00+00:00,2.02068,2.03097,2.02034,2.02622,211300.0
2025-03-02 00:00:00+00:00,2.02507,2.04452,2.02342,2.04058,228764.0
2025-03-03 00:00:00+00:00,2.04052,2.0515,2.04002,2.04028,265537.0
2025-03-04 00:00:00+00:00,2.04052,2.04831,2.03383,2.03544,242459.0
2025-03-05 00:00:00+00:00,2.03622,2.03874,2.02859,2.034,241887.0
2025-03-06 00:00:00+00:00,2.03484,2.05454,2.03314,2.04892,218966.0
2025-03-09 00:00:00+00:00,2.04562,2.05375,2.0387,2.05096,231986.0
2025-03-10 00:00:00+00:00,2.051,2.06285,2.05,2.05616,255134.0
2025-03-11 00:00:00+00:00,2.05604,2.06278,2.04986,2.05107,191324.0
2025-03-12 00:00:00+00:00,2.05074,2.06236,2.04718,2.06122,189753.0
2025-03-13 00:00:00+00:00,2.06054,2.06251,2.04273,2.04504,175265.0
2025-03-16 00:00:00+00:00,2.04318,2.04587,2.0334,2.03478,148983.0
2025-03-17 00:00:00+00:00,2.03536,2.0457,2.03258,2.04386,152752.0
2025-03-18 00:00:00+00:00,2.04379,2.05106,2.04114,2.04539,147005.0
2025-03-19 00:00:00+00:00,2.04521,2.06514,2.0441,2.0573,157203.0
2025-03-20 00:00:00+00:00,2.05792,2.06295,2.05388,2.05956,131928.0
2025-03-23 00:00:00+00:00,2.05668,2.06034,2.05394,2.05584,158894.0
2025-03-24 00:00:00+00:00,2.05613,2.05705,2.04824,2.05352,132134.0
2025-03-25 00:00:00+00:00,2.0532,2.05907,2.03913,2.04646,151779.0
2025-03-26 00:00:00+00:00,2.04646,2.05794,2.04544,2.05386,157410.0
2025-03-27 00:00:00+00:00,2.05336,2.06096,2.05246,2.05834,134007.0
2025-03-30 00:00:00+00:00,2.05656,2.07765,2.0565,2.06792,177172.0
2025-03-31 00:00:00+00:00,2.0681,2.07354,2.05752,2.05852,171269.0
2025-04-01 00:00:00+00:00,2.05864,2.07333,2.04786,2.06544,159305.0
2025-04-02 00:00:00+00:00,2.06323,2.0849,2.06186,2.07024,302529.0
2025-04-03 00:00:00+00:00,2.07001,2.15016,2.0677,2.13504,402142.0
2025-04-06 00:00:00+00:00,2.13871,2.1647,2.09413,2.12494,528894.0
2025-04-07 00:00:00+00:00,2.12476,2.14802,2.10092,2.14326,259134.0
2025-04-08 00:00:00+00:00,2.14276,2.16025,2.07752,2.08386,476214.0
2025-04-09 00:00:00+00:00,2.08322,2.09822,2.07276,2.08382,311968.0
2025-04-10 00:00:00+00:00,2.08344,2.1119,2.0756,2.07962,436583.0
2025-04-13 00:00:00+00:00,2.07641,2.09204,2.07294,2.08478,229968.0
2025-04-14 00:00:00+00:00,2.0848,2.08722,2.0717,2.08552,176827.0
2025-04-15 00:00:00+00:00,2.08582,2.09339,2.07132,2.07824,196157.0
2025-04-16 00:00:00+00:00,2.07798,2.08852,2.07454,2.07564,144381.0
2025-04-17 00:00:00+00:00,2.07558,2.08613,2.07514,2.08544,747863.0
2025-04-20 00:00:00+00:00,2.08509,2.09128,2.08016,2.08539,130038.0
2025-04-21 00:00:00+00:00,2.08532,2.09661,2.08204,2.09458,177798.0
2025-04-22 00:00:00+00:00,2.0945,2.0945,2.06856,2.0841,201042.0
2025-04-23 00:00:00+00:00,2.08426,2.09134,2.07889,2.08094,140047.0
2025-04-24 00:00:00+00:00,2.08129,2.08878,2.071,2.08092,122758.0
2025-04-27 00:00:00+00:00,2.08092,2.09194,2.07666,2.08998,113488.0
2025-04-28 00:00:00+00:00,2.08967,2.10302,2.08398,2.10028,123098.0
2025-04-29 00:00:00+00:00,2.10044,2.1011,2.07985,2.08234,126298.0
2025-04-30 00:00:00+00:00,2.08212,2.08898,2.07146,2.08008,106810.0
2025-05-01 00:00:00+00:00,2.08012,2.0817,2.05727,2.05836,121872.0
2025-05-04 00:00:00+00:00,2.05753,2.0615,2.04815,2.05557,89029.0
2025-05-05 00:00:00+00:00,2.05604,2.07155,2.05503,2.05844,116178.0
2025-05-06 00:00:00+00:00,2.0592,2.07082,2.04854,2.0686,157677.0
2025-05-07 00:00:00+00:00,2.06894,2.07875,2.06232,2.0697,167840.0
2025-05-08 00:00:00+00:00,2.06989,2.07652,2.06495,2.07504,145607.0
2025-05-11 00:00:00+00:00,2.06733,2.07404,2.05355,2.06803,280914.0
2025-05-12 00:00:00+00:00,2.06757,2.07166,2.05117,2.05618,206543.0
2025-05-13 00:00:00+00:00,2.05679,2.06628,2.0518,2.06285,219520.0
2025-05-14 00:00:00+00:00,2.0629,2.07804,2.05692,2.07684,210699.0
2025-05-15 00:00:00+00:00,2.07699,2.08174,2.06919,2.0735,186600.0
2025-05-18 00:00:00+00:00,2.07524,2.08134,2.06734,2.06912,218113.0
2025-05-19 00:00:00+00:00,2.06858,2.09026,2.06806,2.08482,162111.0
2025-05-20 00:00:00+00:00,2.08396,2.08643,2.07852,2.0847,240930.0
2025-05-21 00:00:00+00:00,2.08498,2.0953,2.07966,2.09336,211890.0
2025-05-22 00:00:00+00:00,2.09236,2.09678,2.08217,2.08392,204455.0
2025-05-25 00:00:00+00:00,2.0841,2.09202,2.07844,2.09068,116155.0
2025-05-26 00:00:00+00:00,2.09023,2.10356,2.08916,2.09654,165095.0
2025-05-27 00:00:00+00:00,2.09655,2.10074,2.092,2.09596,175359.0
2025-05-28 00:00:00+00:00,2.09631,2.09783,2.08778,2.09432,205697.0
2025-05-29 00:00:00+00:00,2.09375,2.1018,2.08976,2.09132,177967.0
2025-06-01 00:00:00+00:00,2.09238,2.09263,2.08444,2.08485,172367.0
2025-06-02 00:00:00+00:00,2.08583,2.09667,2.0854,2.09174,168949.0
2025-06-03 00:00:00+00:00,2.09254,2.09678,2.08358,2.08767,159663.0
2025-06-04 00:00:00+00:00,2.08831,2.08875,2.08116,2.08598,180559.0
2025-06-05 00:00:00+00:00,2.0856,2.0896,2.08156,2.08318,167981.0
2025-06-08 00:00:00+00:00,2.0822,2.08345,2.07676,2.07948,116681.0
2025-06-09 00:00:00+00:00,2.08015,2.08138,2.06906,2.06958,163032.0
2025-06-10 00:00:00+00:00,2.06989,2.08436,2.06714,2.0838,168244.0
2025-06-11 00:00:00+00:00,2.08384,2.0946,2.08088,2.08396,193884.0
2025-06-12 00:00:00+00:00,2.0833,2.1003,2.08328,2.09228,254537.0
2025-06-15 00:00:00+00:00,2.09347,2.09347,2.07754,2.08108,204347.0
2025-06-16 00:00:00+00:00,2.08099,2.08523,2.07148,2.07356,204113.0
2025-06-17 00:00:00+00:00,2.07357,2.07552,2.06082,2.06212,210219.0
2025-06-18 00:00:00+00:00,2.06198,2.0833,2.05982,2.07823,157041.0
2025-06-19 00:00:00+00:00,2.07788,2.0874,2.07659,2.085,167825.0
2025-06-22 00:00:00+00:00,2.08463,2.10244,2.08326,2.09392,222334.0
2025-06-23 00:00:00+00:00,2.09389,2.09838,2.08574,2.0981,186298.0
2025-06-24 00:00:00+00:00,2.09843,2.09956,2.09289,2.09792,163655.0
2025-06-25 00:00:00+00:00,2.09723,2.10366,2.09548,2.09699,186135.0
2025-06-26 00:00:00+00:00,2.0975,2.10262,2.09456,2.10041,159054.0
2025-06-29 00:00:00+00:00,2.09729,2.10063,2.08477,2.08696,163583.0
2025-06-30 00:00:00+00:00,2.08657,2.09415,2.08564,2.08818,162176.0
2025-07-01 00:00:00+00:00,2.08941,2.09224,2.06885,2.07092,163264.0
2025-07-02 00:00:00+00:00,2.07145,2.08124,2.07112,2.0779,126623.0
2025-07-03 00:00:00+00:00,2.07805,2.08572,2.07688,2.08274,107903.0
2025-07-06 00:00:00+00:00,2.08053,2.09616,2.08053,2.0955,139702.0
2025-07-07 00:00:00+00:00,2.09539,2.09834,2.07416,2.08148,135767.0
2025-07-08 00:00:00+00:00,2.0817,2.08508,2.07633,2.07904,125239.0
2025-07-09 00:00:00+00:00,2.07972,2.08106,2.05984,2.06094,83079.0
2025-07-10 00:00:00+00:00,2.06319,2.06623,2.04949,2.05154,85622.0
2025-07-13 00:00:00+00:00,2.05493,2.05678,2.04931,2.05123,93337.0
2025-07-14 00:00:00+00:00,2.05158,2.05712,2.04428,2.0547,85801.0
2025-07-15 00:00:00+00:00,2.0545,2.0602,2.05054,2.05588,104795.0
2025-07-16 00:00:00+00:00,2.05583,2.07464,2.05452,2.06828,79974.0
2025-07-17 00:00:00+00:00,2.06862,2.06904,2.05852,2.06094,64235.0
2025-07-20 00:00:00+00:00,2.06245,2.06817,2.05704,2.06792,68437.0
2025-07-21 00:00:00+00:00,2.06786,2.07236,2.06181,2.06452,73666.0
2025-07-22 00:00:00+00:00,2.06511,2.06582,2.05118,2.05686,229620.0
2025-07-23 00:00:00+00:00,2.05742,2.05836,2.0454,2.04974,216501.0
2025-07-24 00:00:00+00:00,2.04962,2.05388,2.0454,2.0464,167565.0
2025-07-27 00:00:00+00:00,2.0426,2.05868,2.04238,2.04798,176024.0
2025-07-28 00:00:00+00:00,2.04887,2.05358,2.04482,2.05071,122048.0
2025-07-29 00:00:00+00:00,2.04972,2.0627,2.0476,2.05776,194604.0
2025-07-30 00:00:00+00:00,2.05727,2.05874,2.04922,2.05525,103222.0
2025-07-31 00:00:00+00:00,2.05463,2.0565,2.04539,2.05227,143290.0
2025-08-03 00:00:00+00:00,2.05307,2.056,2.0471,2.05426,96932.0
2025-08-04 00:00:00+00:00,2.05468,2.05906,2.05074,2.05482,96887.0
2025-08-05 00:00:00+00:00,2.05509,2.05563,2.04608,2.05384,99028.0
2025-08-06 00:00:00+00:00,2.05424,2.06666,2.04544,2.06098,93678.0
2025-08-07 00:00:00+00:00,2.06216,2.06334,2.0568,2.06203,71361.0
2025-08-10 00:00:00+00:00,2.0618,2.06587,2.0594,2.06224,62373.0
2025-08-11 00:00:00+00:00,2.06282,2.07596,2.05902,2.06764,94076.0
2025-08-12 00:00:00+00:00,2.0683,2.0751,2.0644,2.07416,71628.0
2025-08-13 00:00:00+00:00,2.07348,2.0863,2.06834,2.0829,92579.0
2025-08-14 00:00:00+00:00,2.08448,2.08652,2.07912,2.08273,68405.0
2025-08-17 00:00:00+00:00,2.08214,2.08509,2.07832,2.08006,68388.0
2025-08-18 00:00:00+00:00,2.07958,2.09093,2.07846,2.09055,81490.0
2025-08-19 00:00:00+00:00,2.08846,2.1006,2.08846,2.09146,82446.0
2025-08-20 00:00:00+00:00,2.09316,2.09783,2.08772,2.08901,88910.0
2025-08-21 00:00:00+00:00,2.08803,2.0903,2.08149,2.08361,97591.0
2025-08-24 00:00:00+00:00,2.08239,2.08488,2.07504,2.07522,69044.0
2025-08-25 00:00:00+00:00,2.07734,2.08084,2.0742,2.0753,97172.0
2025-08-26 00:00:00+00:00,2.07662,2.07863,2.07146,2.07486,85734.0
2025-08-27 00:00:00+00:00,2.07479,2.0757,2.06708,2.06845,77687.0
2025-08-28 00:00:00+00:00,2.06956,2.07006,2.05994,2.06488,83300.0
2025-08-31 00:00:00+00:00,2.06188,2.0694,2.06188,2.06666,58395.0
2025-09-01 00:00:00+00:00,2.06782,2.06974,2.0524,2.05427,105998.0
2025-09-02 00:00:00+00:00,2.05432,2.05597,2.04866,2.05483,83552.0
2025-09-03 00:00:00+00:00,2.05522,2.06502,2.05224,2.06154,74615.0
2025-09-04 00:00:00+00:00,2.06212,2.06355,2.05472,2.06032,93361.0
2025-09-07 00:00:00+00:00,2.06077,2.06153,2.05146,2.05466,87908.0
2025-09-08 00:00:00+00:00,2.05606,2.05714,2.05066,2.05428,98061.0
2025-09-09 00:00:00+00:00,2.05321,2.05477,2.04294,2.04588,94270.0
2025-09-10 00:00:00+00:00,2.04513,2.04874,2.03704,2.03794,105876.0
2025-09-11 00:00:00+00:00,2.03838,2.04276,2.03416,2.03874,85862.0
2025-09-14 00:00:00+00:00,2.03888,2.04492,2.03554,2.0386,85351.0
2025-09-15 00:00:00+00:00,2.03893,2.04934,2.03772,2.04125,102926.0
2025-09-16 00:00:00+00:00,2.0428,2.05182,2.04116,2.04809,123644.0
2025-09-17 00:00:00+00:00,2.04887,2.0552,2.0459,2.04972,136261.0
2025-09-18 00:00:00+00:00,2.04856,2.05317,2.04152,2.04312,115785.0
2025-09-21 00:00:00+00:00,2.04312,2.05181,2.04044,2.04752,97663.0
2025-09-22 00:00:00+00:00,2.04766,2.05254,2.0436,2.04969,102731.0
2025-09-23 00:00:00+00:00,2.05007,2.0508,2.03599,2.0427,103134.0
2025-09-24 00:00:00+00:00,2.04279,2.04412,2.03746,2.04028,108156.0
2025-09-25 00:00:00+00:00,2.04051,2.04902,2.03829,2.04673,102836.0
2025-09-28 00:00:00+00:00,2.04426,2.04916,2.03988,2.04214,91534.0
2025-09-29 00:00:00+00:00,2.04164,2.04314,2.02922,2.03295,120002.0
2025-09-30 00:00:00+00:00,2.03334,2.04456,2.03206,2.03778,122432.0
2025-10-01 00:00:00+00:00,2.03805,2.04121,2.03525,2.03732,100784.0
2025-10-02 00:00:00+00:00,2.03745,2.04246,2.03524,2.042,99062.0
2025-10-05 00:00:00+00:00,2.04152,2.04286,2.03272,2.03767,116146.0
2025-10-06 00:00:00+00:00,2.03798,2.04234,2.03375,2.03994,110071.0
2025-10-07 00:00:00+00:00,2.0404,2.04468,2.03266,2.03504,91459.0
2025-10-08 00:00:00+00:00,2.03658,2.03682,2.02488,2.02956,114593.0
2025-10-09 00:00:00+00:00,2.02862,2.06359,2.02441,2.0633,121574.0
2025-10-12 00:00:00+00:00,2.05202,2.05539,2.04256,2.04647,106817.0
2025-10-13 00:00:00+00:00,2.04648,2.06542,2.04462,2.05359,137102.0
2025-10-14 00:00:00+00:00,2.0539,2.06197,2.04594,2.05803,115759.0
2025-10-15 00:00:00+00:00,2.06003,2.07526,2.05698,2.07184,140357.0
2025-10-16 00:00:00+00:00,2.07176,2.08514,2.06423,2.06686,174724.0
2025-10-19 00:00:00+00:00,2.06878,2.06928,2.05697,2.05824,118190.0
2025-10-20 00:00:00+00:00,2.05837,2.06646,2.05592,2.06052,147677.0
2025-10-21 00:00:00+00:00,2.06088,2.06303,2.04723,2.0582,143006.0
2025-10-22 00:00:00+00:00,2.05791,2.05874,2.04348,2.046,122085.0
2025-10-23 00:00:00+00:00,2.04653,2.05152,2.04207,2.04347,136284.0
2025-10-26 00:00:00+00:00,2.03797,2.04059,2.03316,2.03398,130127.0
2025-10-27 00:00:00+00:00,2.03528,2.03952,2.01444,2.01536,137257.0
2025-10-28 00:00:00+00:00,2.01625,2.0183,1.99878,2.0068,179689.0
2025-10-29 00:00:00+00:00,2.00814,2.0114,2.00282,2.00637,169663.0
2025-10-30 00:00:00+00:00,2.00606,2.01112,2.00222,2.00944,130484.0
2025-11-02 00:00:00+00:00,2.0064,2.01416,2.00194,2.00961,114743.0
2025-11-03 00:00:00+00:00,2.0107,2.01736,2.00578,2.00647,148716.0
2025-11-04 00:00:00+00:00,2.00646,2.01506,2.0031,2.00604,138659.0
2025-11-05 00:00:00+00:00,2.0058,2.0287,2.0045,2.02766,150247.0
2025-11-06 00:00:00+00:00,2.02604,2.03421,2.01996,2.02716,160714.0
2025-11-09 00:00:00+00:00,2.02536,2.02693,2.01342,2.01568,147115.0
2025-11-10 00:00:00+00:00,2.01622,2.02061,2.01118,2.01458,129020.0
2025-11-11 00:00:00+00:00,2.01679,2.01679,2.00194,2.0078,140414.0
2025-11-12 00:00:00+00:00,2.00774,2.0231,1.99588,2.01993,168430.0
2025-11-13 00:00:00+00:00,2.02099,2.02233,2.0066,2.01574,160515.0
2025-11-16 00:00:00+00:00,2.01348,2.02867,2.01283,2.02579,141801.0
2025-11-17 00:00:00+00:00,2.02646,2.03428,2.01794,2.01989,175474.0
2025-11-18 00:00:00+00:00,2.02112,2.02872,2.0144,2.01564,156779.0
2025-11-19 00:00:00+00:00,2.0164,2.03045,2.0116,2.02989,168706.0
2025-11-20 00:00:00+00:00,2.02946,2.03656,2.0261,2.02896,188623.0
2025-11-23 00:00:00+00:00,2.02793,2.0327,2.02534,2.02713,168212.0
2025-11-24 00:00:00+00:00,2.02811,2.04747,2.02628,2.03503,143569.0
2025-11-25 00:00:00+00:00,2.03648,2.03794,2.02312,2.03168,177408.0
2025-11-26 00:00:00+00:00,2.0316,2.03194,2.02404,2.02614,83006.0
2025-11-27 00:00:00+00:00,2.02652,2.02795,2.01726,2.02025,326963.0
2025-11-30 00:00:00+00:00,2.0222,2.0245,2.01697,2.01918,199273.0
2025-12-01 00:00:00+00:00,2.01965,2.02117,2.00937,2.01254,146023.0
2025-12-02 00:00:00+00:00,2.01228,2.02346,2.01038,2.02275,155809.0
2025-12-03 00:00:00+00:00,2.02359,2.0236,2.01494,2.01636,182729.0
2025-12-04 00:00:00+00:00,2.01598,2.01705,2.00722,2.00754,133148.0
2025-12-07 00:00:00+00:00,2.0085,2.01276,2.00576,2.01107,156624.0
2025-12-08 00:00:00+00:00,2.01217,2.01708,1.99978,2.00216,168190.0
2025-12-09 00:00:00+00:00,2.00352,2.00968,2.00106,2.00464,187616.0
2025-12-10 00:00:00+00:00,2.00402,2.01618,2.00402,2.00862,179023.0
2025-12-11 00:00:00+00:00,2.00902,2.01248,2.00425,2.00982,155697.0
2025-12-14 00:00:00+00:00,2.01349,2.01638,2.00898,2.01442,179424.0
2025-12-15 00:00:00+00:00,2.01352,2.02501,2.01226,2.02349,171490.0
2025-12-16 00:00:00+00:00,2.02409,2.028,2.01202,2.02508,163782.0
2025-12-17 00:00:00+00:00,2.02446,2.02914,2.01939,2.02366,176800.0
2025-12-18 00:00:00+00:00,2.02406,2.02665,2.01776,2.02321,137436.0
2025-12-21 00:00:00+00:00,2.02757,2.02757,2.01992,2.02206,155123.0
2025-12-22 00:00:00+00:00,2.02234,2.02452,2.01372,2.01709,145104.0
2025-12-23 00:00:00+00:00,2.01682,2.01856,2.01134,2.01442,132617.0
2025-12-25 00:00:00+00:00,2.01796,2.01851,2.01012,2.01023,148611.0
2025-12-28 00:00:00+00:00,2.01487,2.01922,2.00646,2.01875,183603.0
2025-12-29 00:00:00+00:00,2.01782,2.01906,2.0092,2.01134,144670.0
2025-12-30 00:00:00+00:00,2.01188,2.02044,2.0085,2.01905,125445.0
2026-01-01 00:00:00+00:00,2.01835,2.02024,2.00658,2.01051,109955.0
2026-01-04 00:00:00+00:00,2.01308,2.01715,2.0083,2.01694,167125.0
2026-01-05 00:00:00+00:00,2.01731,2.0189,2.00272,2.00376,154600.0
2026-01-06 00:00:00+00:00,2.0047,2.00978,1.99674,2.00246,158312.0
2026-01-07 00:00:00+00:00,2.00214,2.01096,2.00076,2.00633,158570.0
2026-01-08 00:00:00+00:00,2.00547,2.01094,2.00358,2.00436,147277.0
2026-01-11 00:00:00+00:00,2.00636,2.00913,2.00282,2.00666,156633.0
2026-01-12 00:00:00+00:00,2.00676,2.0129,2.00502,2.00911,173531.0
2026-01-13 00:00:00+00:00,2.00878,2.01452,2.006,2.0122,168653.0
2026-01-14 00:00:00+00:00,2.01202,2.01396,1.99528,1.99756,149226.0
2026-01-15 00:00:00+00:00,1.9976,2.0043,1.99598,2.00188,145828.0
2026-01-18 00:00:00+00:00,2.00158,2.00496,1.99906,1.99962,141085.0
2026-01-19 00:00:00+00:00,2.0006,2.00457,1.99412,1.99545,169564.0
2026-01-20 00:00:00+00:00,1.99695,1.99768,1.98234,1.98652,178919.0
2026-01-21 00:00:00+00:00,1.98664,1.98752,1.96866,1.97383,176786.0
2026-01-22 00:00:00+00:00,1.9734,1.98032,1.96788,1.97896,199911.0
2026-01-25 00:00:00+00:00,1.9737,1.97886,1.97242,1.97788,186127.0
2026-01-26 00:00:00+00:00,1.97814,1.9809,1.97318,1.97504,172202.0
2026-01-27 00:00:00+00:00,1.97514,1.97684,1.9608,1.96109,193759.0
2026-01-28 00:00:00+00:00,1.96173,1.97268,1.95079,1.95914,220963.0
2026-01-29 00:00:00+00:00,1.95985,1.97184,1.95504,1.96587,231879.0
2026-02-01 00:00:00+00:00,1.96928,1.9778,1.95909,1.96722,212903.0
2026-02-02 00:00:00+00:00,1.96502,1.96758,1.94286,1.95064,208557.0
2026-02-03 00:00:00+00:00,1.95097,1.95796,1.94812,1.9509,191032.0
2026-02-04 00:00:00+00:00,1.95243,1.9587,1.94144,1.95311,199492.0
2026-02-05 00:00:00+00:00,1.95301,1.95874,1.93761,1.94075,152330.0
2026-02-08 00:00:00+00:00,1.93696,1.94034,1.92628,1.9307,159163.0
2026-02-09 00:00:00+00:00,1.9311,1.9366,1.92782,1.9284,137026.0
2026-02-10 00:00:00+00:00,1.92948,1.93005,1.91018,1.9121,153451.0
2026-02-11 00:00:00+00:00,1.91244,1.92291,1.90802,1.9211,163466.0
2026-02-12 00:00:00+00:00,1.92171,1.93285,1.91888,1.93052,172784.0
2026-02-15 00:00:00+00:00,1.93144,1.93356,1.9236,1.92732,81736.0
2026-02-16 00:00:00+00:00,1.92781,1.93108,1.91265,1.91467,126585.0
2026-02-17 00:00:00+00:00,1.91498,1.92142,1.91336,1.91586,113604.0
2026-02-18 00:00:00+00:00,1.91602,1.91736,1.90539,1.90756,112582.0
2026-02-19 00:00:00+00:00,1.90866,1.91564,1.90256,1.90265,182097.0
2026-02-22 00:00:00+00:00,1.90591,1.91348,1.90264,1.91222,144128.0
2026-02-23 00:00:00+00:00,1.91309,1.91856,1.90606,1.91117,134896.0
2026-02-24 00:00:00+00:00,1.91072,1.9125,1.90066,1.9035,138139.0
2026-02-25 00:00:00+00:00,1.9037,1.91079,1.8967,1.89747,146269.0
2026-02-26 00:00:00+00:00,1.89814,1.90045,1.88629,1.89526,179363.0
2026-03-01 00:00:00+00:00,1.90302,1.90424,1.88565,1.88963,288661.0
2026-03-02 00:00:00+00:00,1.89093,1.91086,1.8805,1.89877,293176.0
2026-03-03 00:00:00+00:00,1.89828,1.9059,1.88702,1.8899,275503.0
2026-03-04 00:00:00+00:00,1.89018,1.9098,1.88787,1.90614,260688.0
2026-03-05 00:00:00+00:00,1.90575,1.91146,1.89706,1.90758,282290.0
2026-03-08 00:00:00+00:00,1.90944,1.91198,1.89762,1.89965,301072.0
2026-03-09 00:00:00+00:00,1.90077,1.9024,1.87994,1.88474,259190.0
2026-03-10 00:00:00+00:00,1.88496,1.88579,1.86948,1.87529,211755.0
2026-03-11 00:00:00+00:00,1.8749,1.88669,1.87079,1.88564,223842.0
2026-03-12 00:00:00+00:00,1.88448,1.89435,1.87988,1.89422,231655.0
2026-03-15 00:00:00+00:00,1.89393,1.89418,1.88078,1.88344,182874.0
2026-03-16 00:00:00+00:00,1.88366,1.88787,1.87563,1.8798,177445.0
2026-03-17 00:00:00+00:00,1.87995,1.88882,1.87612,1.88757,190344.0
2026-03-18 00:00:00+00:00,1.8876,1.90058,1.88163,1.89482,264307.0
2026-03-19 00:00:00+00:00,1.895,1.90172,1.88965,1.90004,227972.0
2026-03-22 00:00:00+00:00,1.90227,1.9192,1.89957,1.91524,353635.0
2026-03-23 00:00:00+00:00,1.91482,1.92695,1.91261,1.9166,342295.0
2026-03-24 00:00:00+00:00,1.91756,1.92715,1.91568,1.92392,290050.0
2026-03-25 00:00:00+00:00,1.92294,1.93606,1.92116,1.93559,233817.0
2026-03-26 00:00:00+00:00,1.93476,1.94017,1.92725,1.92952,234682.0
2026-03-29 00:00:00+00:00,1.93144,1.93536,1.92274,1.92386,232607.0
2026-03-30 00:00:00+00:00,1.92484,1.92932,1.91607,1.91704,277562.0
2026-03-31 00:00:00+00:00,1.91837,1.92348,1.91067,1.92056,235163.0
2026-04-01 00:00:00+00:00,1.9217,1.92607,1.91346,1.91411,269265.0
2026-04-02 00:00:00+00:00,1.91589,1.91722,1.91138,1.91459,77660.0
2026-04-05 00:00:00+00:00,1.91529,1.91682,1.91038,1.91338,159939.0
2026-04-06 00:00:00+00:00,1.9139,1.91584,1.90541,1.90558,240413.0
2026-04-07 00:00:00+00:00,1.90666,1.91078,1.89183,1.90175,263634.0
2026-04-08 00:00:00+00:00,1.90156,1.90822,1.896,1.89692,171981.0
2026-04-09 00:00:00+00:00,1.89732,1.90719,1.89581,1.90546,154214.0
2026-04-12 00:00:00+00:00,1.91248,1.91534,1.90176,1.90329,184973.0
2026-04-13 00:00:00+00:00,1.90406,1.90918,1.90058,1.90363,131613.0
2026-04-14 00:00:00+00:00,1.90556,1.90559,1.89106,1.89111,146477.0
2026-04-15 00:00:00+00:00,1.89228,1.89322,1.88546,1.88868,144637.0
2026-04-16 00:00:00+00:00,1.88855,1.89033,1.88084,1.88612,170402.0
2026-04-19 00:00:00+00:00,1.8927,1.8946,1.8847,1.88536,143382.0
2026-04-20 00:00:00+00:00,1.886,1.8903,1.88333,1.88838,154881.0
2026-04-21 00:00:00+00:00,1.8887,1.88929,1.8847,1.88571,149199.0
2026-04-22 00:00:00+00:00,1.88652,1.8916,1.88449,1.88923,189600.0
2026-04-23 00:00:00+00:00,1.88837,1.89312,1.88756,1.89276,152941.0
2026-04-26 00:00:00+00:00,1.8942,1.89447,1.88249,1.88329,130443.0
2026-04-27 00:00:00+00:00,1.88508,1.88569,1.87983,1.88228,145376.0
2026-04-28 00:00:00+00:00,1.88288,1.89572,1.88124,1.8937,159754.0
2026-04-29 00:00:00+00:00,1.89441,1.89518,1.88504,1.8889,219062.0
2026-04-30 00:00:00+00:00,1.89016,1.89356,1.8837,1.88484,137475.0
2026-05-03 00:00:00+00:00,1.88467,1.88926,1.88275,1.88808,182994.0
2026-05-04 00:00:00+00:00,1.88794,1.89508,1.88452,1.88474,139800.0
2026-05-05 00:00:00+00:00,1.8859,1.8866,1.87388,1.87819,180793.0
2026-05-06 00:00:00+00:00,1.87847,1.88087,1.87467,1.88036,155104.0
2026-05-07 00:00:00+00:00,1.88035,1.88265,1.87768,1.88102,146575.0
2026-05-10 00:00:00+00:00,1.877,1.88215,1.87557,1.87748,126770.0
2026-05-11 00:00:00+00:00,1.87778,1.88034,1.8698,1.87021,142597.0
2026-05-12 00:00:00+00:00,1.86958,1.87184,1.86032,1.86326,129544.0
2026-05-13 00:00:00+00:00,1.86282,1.86998,1.85412,1.85602,127376.0
2026-05-14 00:00:00+00:00,1.85574,1.8688,1.85396,1.864,162412.0
2026-05-17 00:00:00+00:00,1.86294,1.87745,1.86136,1.87388,170249.0
2026-05-18 00:00:00+00:00,1.8747,1.89106,1.87203,1.88476,174309.0
2026-05-19 00:00:00+00:00,1.8851,1.8881,1.8757,1.8782,189184.0
2026-05-20 00:00:00+00:00,1.87972,1.89,1.8757,1.87846,178962.0
2026-05-21 00:00:00+00:00,1.8772,1.88628,1.87693,1.88426,145697.0
2026-05-24 00:00:00+00:00,1.8804,1.88458,1.8794,1.88244,79179.0
2026-05-25 00:00:00+00:00,1.88258,1.8835,1.87544,1.87622,130520.0
2026-05-26 00:00:00+00:00,1.87566,1.88586,1.87415,1.88027,152567.0
2026-05-27 00:00:00+00:00,1.87978,1.88378,1.87552,1.87687,154842.0
2026-05-28 00:00:00+00:00,1.87674,1.87814,1.86934,1.87276,154417.0
2026-05-31 00:00:00+00:00,1.87659,1.88162,1.8718,1.87902,139578.0
2026-06-01 00:00:00+00:00,1.87824,1.8806,1.87432,1.87539,144581.0
2026-06-02 00:00:00+00:00,1.87564,1.88264,1.87497,1.8824,145317.0
2026-06-03 00:00:00+00:00,1.88166,1.88467,1.88056,1.88189,170289.0
2026-06-04 00:00:00+00:00,1.88186,1.89462,1.88018,1.89338,193293.0
2026-06-07 00:00:00+00:00,1.89687,1.89749,1.88757,1.89328,235799.0
2026-06-08 00:00:00+00:00,1.89432,1.90719,1.8913,1.9037,231126.0
2026-06-09 00:00:00+00:00,1.90214,1.912,1.90214,1.91052,242963.0
2026-06-10 00:00:00+00:00,1.91072,1.9124,1.90218,1.90239,232251.0
2026-06-11 00:00:00+00:00,1.90365,1.90754,1.9011,1.90296,211323.0
