date,open,high,low,close,volume
2014-01-01 00:00:00+00:00,1.65661,1.66032,1.64104,1.64518,108772.0
2014-01-02 00:00:00+00:00,1.6452,1.64744,1.63956,1.64194,68757.0
2014-01-05 00:00:00+00:00,1.63994,1.64339,1.63376,1.64058,69237.0
2014-01-06 00:00:00+00:00,1.64058,1.64386,1.63744,1.64021,58618.0
2014-01-07 00:00:00+00:00,1.64023,1.64718,1.63766,1.64484,64845.0
2014-01-08 00:00:00+00:00,1.64484,1.6498,1.64415,1.64811,62859.0
2014-01-09 00:00:00+00:00,1.64812,1.65172,1.63822,1.64831,69437.0
2014-01-12 00:00:00+00:00,1.6486,1.6508,1.63466,1.6383,61219.0
2014-01-13 00:00:00+00:00,1.6383,1.64644,1.63674,1.64396,61459.0
2014-01-14 00:00:00+00:00,1.64395,1.6444,1.63224,1.63712,67085.0
2014-01-15 00:00:00+00:00,1.63714,1.63836,1.63144,1.63538,64596.0
2014-01-16 00:00:00+00:00,1.6354,1.64588,1.63096,1.6423,65923.0
2014-01-19 00:00:00+00:00,1.64184,1.64523,1.63954,1.64282,42020.0
2014-01-20 00:00:00+00:00,1.64276,1.6486,1.63998,1.64764,59936.0
2014-01-21 00:00:00+00:00,1.64763,1.65872,1.64504,1.6574,64106.0
2014-01-22 00:00:00+00:00,1.6574,1.66438,1.65574,1.66372,76709.0
2014-01-23 00:00:00+00:00,1.66372,1.66686,1.64792,1.64844,80806.0
2014-01-26 00:00:00+00:00,1.65062,1.65885,1.64754,1.65844,66612.0
2014-01-27 00:00:00+00:00,1.65844,1.66254,1.65359,1.65788,60140.0
2014-01-28 00:00:00+00:00,1.65788,1.66067,1.65258,1.65631,75857.0
2014-01-29 00:00:00+00:00,1.65634,1.65665,1.64444,1.64852,68536.0
2014-01-30 00:00:00+00:00,1.6485,1.64982,1.64272,1.64412,72701.0
2014-02-02 00:00:00+00:00,1.64244,1.64408,1.62903,1.63042,77751.0
2014-02-03 00:00:00+00:00,1.6304,1.63448,1.6257,1.63255,68927.0
2014-02-04 00:00:00+00:00,1.63254,1.63414,1.62522,1.63096,73129.0
2014-02-05 00:00:00+00:00,1.6309,1.63484,1.62728,1.63226,73905.0
2014-02-06 00:00:00+00:00,1.63228,1.64185,1.62992,1.64121,68871.0
2014-02-09 00:00:00+00:00,1.63983,1.64276,1.63828,1.64026,44737.0
2014-02-10 00:00:00+00:00,1.64018,1.64877,1.63932,1.64502,61783.0
2014-02-11 00:00:00+00:00,1.64493,1.66,1.64259,1.65952,74859.0
2014-02-12 00:00:00+00:00,1.65957,1.66737,1.65948,1.66588,69605.0
2014-02-13 00:00:00+00:00,1.66581,1.67558,1.66449,1.67472,55982.0
2014-02-16 00:00:00+00:00,1.6769,1.68227,1.66958,1.67141,54231.0
2014-02-17 00:00:00+00:00,1.6714,1.67417,1.66546,1.66839,65933.0
2014-02-18 00:00:00+00:00,1.66831,1.67338,1.6637,1.66789,58612.0
2014-02-19 00:00:00+00:00,1.66794,1.67006,1.66251,1.66509,62907.0
2014-02-20 00:00:00+00:00,1.66508,1.6725,1.6612,1.66166,67353.0
2014-02-23 00:00:00+00:00,1.66282,1.6679,1.65836,1.66531,59116.0
2014-02-24 00:00:00+00:00,1.66532,1.6727,1.66416,1.66811,66072.0
2014-02-25 00:00:00+00:00,1.66804,1.6703,1.6622,1.66722,63081.0
2014-02-26 00:00:00+00:00,1.66691,1.66992,1.66163,1.6688,53427.0
2014-02-27 00:00:00+00:00,1.66872,1.67689,1.66763,1.67438,78272.0
2014-03-02 00:00:00+00:00,1.67156,1.67516,1.66534,1.66664,70502.0
2014-03-03 00:00:00+00:00,1.66649,1.67168,1.66406,1.66642,55230.0
2014-03-04 00:00:00+00:00,1.66668,1.67418,1.66569,1.67228,57520.0
2014-03-05 00:00:00+00:00,1.67226,1.6778,1.66858,1.67394,68689.0
2014-03-06 00:00:00+00:00,1.67384,1.6786,1.67065,1.67166,56287.0
2014-03-09 00:00:00+00:00,1.673,1.67412,1.66221,1.66456,48354.0
2014-03-10 00:00:00+00:00,1.66456,1.66534,1.65968,1.6617,47679.0
2014-03-11 00:00:00+00:00,1.66164,1.66358,1.65688,1.66177,54393.0
2014-03-12 00:00:00+00:00,1.66222,1.6718,1.66066,1.6624,68542.0
2014-03-13 00:00:00+00:00,1.66232,1.66494,1.65874,1.66486,61696.0
2014-03-16 00:00:00+00:00,1.6639,1.66658,1.66051,1.66366,42310.0
2014-03-17 00:00:00+00:00,1.6637,1.66475,1.6546,1.65922,56263.0
2014-03-18 00:00:00+00:00,1.65878,1.66542,1.65081,1.65408,72783.0
2014-03-19 00:00:00+00:00,1.65408,1.65684,1.64805,1.65042,57326.0
2014-03-20 00:00:00+00:00,1.6504,1.65206,1.64754,1.64886,43317.0
2014-03-23 00:00:00+00:00,1.64612,1.65364,1.64601,1.64979,49036.0
2014-03-24 00:00:00+00:00,1.6498,1.65496,1.64809,1.6529,58669.0
2014-03-25 00:00:00+00:00,1.65296,1.65972,1.65095,1.65847,55230.0
2014-03-26 00:00:00+00:00,1.65839,1.66472,1.65555,1.6611,58977.0
2014-03-27 00:00:00+00:00,1.66112,1.66515,1.65976,1.66394,51587.0
2014-03-30 00:00:00+00:00,1.66583,1.66843,1.66118,1.66638,58921.0
2014-03-31 00:00:00+00:00,1.6663,1.66748,1.66182,1.6629,46565.0
2014-04-01 00:00:00+00:00,1.66298,1.66643,1.66207,1.66258,46659.0
2014-04-02 00:00:00+00:00,1.66268,1.6661,1.65702,1.65977,64211.0
2014-04-03 00:00:00+00:00,1.65972,1.6606,1.65526,1.65764,54727.0
2014-04-06 00:00:00+00:00,1.65759,1.66242,1.65654,1.66062,37537.0
2014-04-07 00:00:00+00:00,1.6607,1.67549,1.6606,1.67482,52061.0
2014-04-08 00:00:00+00:00,1.67468,1.68004,1.67243,1.67927,51895.0
2014-04-09 00:00:00+00:00,1.67916,1.68209,1.6754,1.6784,52809.0
2014-04-10 00:00:00+00:00,1.67788,1.67912,1.67172,1.67304,49810.0
2014-04-13 00:00:00+00:00,1.67196,1.67443,1.66966,1.67292,46329.0
2014-04-14 00:00:00+00:00,1.67284,1.6749,1.6659,1.6729,50216.0
2014-04-15 00:00:00+00:00,1.6729,1.6818,1.67199,1.67971,54044.0
2014-04-16 00:00:00+00:00,1.67941,1.68422,1.67872,1.67948,45369.0
2014-04-17 00:00:00+00:00,1.67938,1.68054,1.67744,1.67882,26296.0
2014-04-20 00:00:00+00:00,1.67918,1.68192,1.6783,1.67915,21507.0
2014-04-21 00:00:00+00:00,1.67915,1.68396,1.6786,1.68232,41356.0
2014-04-22 00:00:00+00:00,1.68234,1.6836,1.67624,1.67814,51657.0
2014-04-23 00:00:00+00:00,1.67815,1.68068,1.67656,1.68026,44015.0
2014-04-24 00:00:00+00:00,1.68014,1.68303,1.67902,1.68034,36708.0
2014-04-27 00:00:00+00:00,1.68066,1.68576,1.6778,1.68076,46246.0
2014-04-28 00:00:00+00:00,1.68086,1.6847,1.67924,1.68269,46570.0
2014-04-29 00:00:00+00:00,1.68274,1.69014,1.68064,1.68724,57254.0
2014-04-30 00:00:00+00:00,1.68719,1.69233,1.68705,1.68924,36797.0
2014-05-01 00:00:00+00:00,1.68918,1.68955,1.68222,1.68752,55247.0
2014-05-04 00:00:00+00:00,1.68832,1.68887,1.68537,1.68664,25566.0
2014-05-05 00:00:00+00:00,1.6867,1.69966,1.68654,1.69754,60645.0
2014-05-06 00:00:00+00:00,1.6977,1.69866,1.69514,1.69524,44555.0
2014-05-07 00:00:00+00:00,1.69539,1.69778,1.69238,1.69332,66712.0
2014-05-08 00:00:00+00:00,1.69316,1.69386,1.68324,1.68544,47693.0
2014-05-11 00:00:00+00:00,1.68464,1.69036,1.68432,1.68677,35656.0
2014-05-12 00:00:00+00:00,1.68687,1.68834,1.6819,1.68258,53077.0
2014-05-13 00:00:00+00:00,1.68274,1.68751,1.67538,1.67674,66593.0
2014-05-14 00:00:00+00:00,1.67672,1.68068,1.67314,1.67895,60927.0
2014-05-15 00:00:00+00:00,1.67874,1.68409,1.67837,1.68162,41683.0
2014-05-18 00:00:00+00:00,1.68138,1.68454,1.68055,1.68134,46154.0
2014-05-19 00:00:00+00:00,1.68156,1.68704,1.6802,1.6838,46356.0
2014-05-20 00:00:00+00:00,1.68412,1.69222,1.68314,1.68988,61117.0
2014-05-21 00:00:00+00:00,1.68998,1.69184,1.68516,1.68709,52379.0
2014-05-22 00:00:00+00:00,1.68692,1.68756,1.68131,1.68365,43939.0
2014-05-25 00:00:00+00:00,1.68338,1.68535,1.68233,1.6843,31029.0
2014-05-26 00:00:00+00:00,1.68426,1.68824,1.67828,1.68108,47228.0
2014-05-27 00:00:00+00:00,1.68086,1.68157,1.66978,1.67106,54365.0
2014-05-28 00:00:00+00:00,1.67117,1.67411,1.6693,1.67164,47357.0
2014-05-29 00:00:00+00:00,1.67154,1.67774,1.67135,1.67554,47074.0
2014-06-01 00:00:00+00:00,1.67675,1.67697,1.67244,1.67448,46852.0
2014-06-02 00:00:00+00:00,1.67482,1.67826,1.67311,1.67498,43202.0
2014-06-03 00:00:00+00:00,1.67492,1.67686,1.66988,1.6737,44594.0
2014-06-04 00:00:00+00:00,1.67374,1.68248,1.67225,1.68196,71190.0
2014-06-05 00:00:00+00:00,1.6817,1.6846,1.67815,1.68062,51005.0
2014-06-08 00:00:00+00:00,1.68059,1.68321,1.6784,1.68022,33093.0
2014-06-09 00:00:00+00:00,1.67974,1.68176,1.67428,1.67566,44418.0
2014-06-10 00:00:00+00:00,1.67578,1.68105,1.67384,1.67887,40491.0
2014-06-11 00:00:00+00:00,1.6789,1.69312,1.67854,1.69278,61046.0
2014-06-12 00:00:00+00:00,1.69272,1.6992,1.69222,1.6969,71689.0
2014-06-15 00:00:00+00:00,1.69738,1.70107,1.69596,1.69839,40298.0
2014-06-16 00:00:00+00:00,1.69794,1.69892,1.69374,1.6964,43327.0
2014-06-17 00:00:00+00:00,1.69627,1.70032,1.69204,1.6993,67306.0
2014-06-18 00:00:00+00:00,1.69884,1.7063,1.69773,1.70394,47804.0
2014-06-19 00:00:00+00:00,1.70401,1.70607,1.70033,1.70124,39976.0
2014-06-22 00:00:00+00:00,1.70159,1.70494,1.70019,1.70276,37409.0
2014-06-23 00:00:00+00:00,1.70282,1.70323,1.6966,1.69857,46769.0
2014-06-24 00:00:00+00:00,1.69862,1.70048,1.69526,1.69834,40599.0
2014-06-25 00:00:00+00:00,1.69827,1.70404,1.69713,1.70266,44876.0
2014-06-26 00:00:00+00:00,1.70251,1.70517,1.7007,1.70396,35453.0
2014-06-29 00:00:00+00:00,1.70349,1.71154,1.70091,1.71054,39684.0
2014-06-30 00:00:00+00:00,1.7107,1.71664,1.70962,1.71505,37473.0
2014-07-01 00:00:00+00:00,1.71496,1.71808,1.71402,1.71662,38820.0
2014-07-02 00:00:00+00:00,1.7165,1.71676,1.71042,1.71553,47353.0
2014-07-03 00:00:00+00:00,1.71526,1.71796,1.71316,1.71598,32309.0
2014-07-06 00:00:00+00:00,1.71688,1.7169,1.71084,1.7127,29068.0
2014-07-07 00:00:00+00:00,1.71297,1.71477,1.70854,1.71312,33540.0
2014-07-08 00:00:00+00:00,1.71302,1.71617,1.70942,1.71571,37430.0
2014-07-09 00:00:00+00:00,1.7158,1.7168,1.7105,1.71322,40661.0
2014-07-10 00:00:00+00:00,1.71323,1.7151,1.70895,1.71122,34062.0
2014-07-13 00:00:00+00:00,1.71225,1.71442,1.707,1.70835,35935.0
2014-07-14 00:00:00+00:00,1.70829,1.71924,1.70594,1.71444,50012.0
2014-07-15 00:00:00+00:00,1.7143,1.71512,1.71096,1.71375,39403.0
2014-07-16 00:00:00+00:00,1.71365,1.71438,1.70855,1.71006,38252.0
2014-07-17 00:00:00+00:00,1.71,1.71176,1.70364,1.70887,46645.0
2014-07-20 00:00:00+00:00,1.70893,1.70995,1.70558,1.70756,32166.0
2014-07-21 00:00:00+00:00,1.70762,1.70835,1.70418,1.70646,38489.0
2014-07-22 00:00:00+00:00,1.70667,1.70955,1.70242,1.70448,44569.0
2014-07-23 00:00:00+00:00,1.7045,1.70536,1.69664,1.69867,44032.0
2014-07-24 00:00:00+00:00,1.69856,1.69982,1.69614,1.6978,36923.0
2014-07-27 00:00:00+00:00,1.69777,1.7001,1.69724,1.69828,28635.0
2014-07-28 00:00:00+00:00,1.69842,1.6995,1.69332,1.69436,39776.0
2014-07-29 00:00:00+00:00,1.69436,1.69554,1.68896,1.69127,49234.0
2014-07-30 00:00:00+00:00,1.69127,1.69267,1.68572,1.6885,37972.0
2014-07-31 00:00:00+00:00,1.68848,1.6893,1.68129,1.68212,57834.0
2014-08-03 00:00:00+00:00,1.68344,1.68638,1.68138,1.68634,28776.0
2014-08-04 00:00:00+00:00,1.6861,1.68888,1.68449,1.68864,38997.0
2014-08-05 00:00:00+00:00,1.68864,1.68864,1.68218,1.68532,38997.0
2014-08-06 00:00:00+00:00,1.68526,1.68648,1.68234,1.68322,46810.0
2014-08-07 00:00:00+00:00,1.68322,1.68349,1.67667,1.67752,51778.0
2014-08-10 00:00:00+00:00,1.67794,1.67958,1.67706,1.67869,4039.0
2014-08-11 00:00:00+00:00,1.67892,1.68162,1.67572,1.68118,5151.0
2014-08-12 00:00:00+00:00,1.68122,1.68452,1.66855,1.66891,11324.0
2014-08-13 00:00:00+00:00,1.66912,1.6697,1.66578,1.66861,6275.0
2014-08-14 00:00:00+00:00,1.66872,1.67018,1.66766,1.66938,6917.0
2014-08-17 00:00:00+00:00,1.67342,1.67378,1.67128,1.67277,4835.0
2014-08-18 00:00:00+00:00,1.67277,1.6729,1.66112,1.66173,7263.0
2014-08-19 00:00:00+00:00,1.66173,1.66828,1.659,1.65956,9943.0
2014-08-20 00:00:00+00:00,1.65926,1.66013,1.65638,1.65804,6649.0
2014-08-21 00:00:00+00:00,1.65804,1.65974,1.65616,1.65725,8051.0
2014-08-24 00:00:00+00:00,1.65483,1.65983,1.65357,1.65786,6555.0
2014-08-25 00:00:00+00:00,1.658,1.65954,1.65404,1.65406,6226.0
2014-08-26 00:00:00+00:00,1.65406,1.66053,1.65368,1.65766,7180.0
2014-08-27 00:00:00+00:00,1.65726,1.66136,1.65674,1.6585,7778.0
2014-08-28 00:00:00+00:00,1.65882,1.66135,1.6563,1.65991,8128.0
2014-08-31 00:00:00+00:00,1.65933,1.66446,1.65864,1.66072,4568.0
2014-09-01 00:00:00+00:00,1.66058,1.66152,1.64684,1.64698,7545.0
2014-09-02 00:00:00+00:00,1.64708,1.64974,1.64402,1.64615,7966.0
2014-09-03 00:00:00+00:00,1.64615,1.64658,1.63316,1.63322,11372.0
2014-09-04 00:00:00+00:00,1.63298,1.63404,1.62804,1.6327,10882.0
2014-09-07 00:00:00+00:00,1.6168,1.6233,1.60986,1.61044,13344.0
2014-09-08 00:00:00+00:00,1.61044,1.6157,1.60598,1.61067,12697.0
2014-09-09 00:00:00+00:00,1.61047,1.62306,1.6052,1.62108,18286.0
2014-09-10 00:00:00+00:00,1.62124,1.6271,1.61861,1.62567,14806.0
2014-09-11 00:00:00+00:00,1.62562,1.62778,1.62044,1.62671,13666.0
2014-09-14 00:00:00+00:00,1.62766,1.62809,1.6221,1.62326,8971.0
2014-09-15 00:00:00+00:00,1.62326,1.6312,1.61624,1.6277,15351.0
2014-09-16 00:00:00+00:00,1.62742,1.63584,1.62492,1.62752,23360.0
2014-09-17 00:00:00+00:00,1.62757,1.64089,1.62463,1.64003,27678.0
2014-09-18 00:00:00+00:00,1.63965,1.6525,1.62849,1.62874,52452.0
2014-09-21 00:00:00+00:00,1.63062,1.6368,1.62877,1.63609,13753.0
2014-09-22 00:00:00+00:00,1.63587,1.64161,1.63028,1.63882,14881.0
2014-09-23 00:00:00+00:00,1.6389,1.64134,1.63274,1.63397,12256.0
2014-09-24 00:00:00+00:00,1.63422,1.6343,1.62764,1.63167,18979.0
2014-09-25 00:00:00+00:00,1.63167,1.63328,1.62378,1.62497,13498.0
2014-09-28 00:00:00+00:00,1.62382,1.62746,1.62121,1.62411,13963.0
2014-09-29 00:00:00+00:00,1.62418,1.62873,1.61665,1.6212,18915.0
2014-09-30 00:00:00+00:00,1.6212,1.62524,1.61616,1.6186,17382.0
2014-10-01 00:00:00+00:00,1.61826,1.62506,1.61128,1.61444,23516.0
2014-10-02 00:00:00+00:00,1.61444,1.61591,1.59519,1.59687,18092.0
2014-10-05 00:00:00+00:00,1.59573,1.60992,1.59544,1.60833,13485.0
2014-10-06 00:00:00+00:00,1.60854,1.61288,1.60259,1.60961,19967.0
2014-10-07 00:00:00+00:00,1.60961,1.61818,1.6032,1.6168,23143.0
2014-10-08 00:00:00+00:00,1.61676,1.62266,1.61047,1.61171,22121.0
2014-10-09 00:00:00+00:00,1.61197,1.61358,1.60089,1.6077,16128.0
2014-10-12 00:00:00+00:00,1.60742,1.61266,1.60509,1.60848,14374.0
2014-10-13 00:00:00+00:00,1.6086,1.60995,1.58974,1.59042,18554.0
2014-10-14 00:00:00+00:00,1.59042,1.60697,1.58746,1.60194,39465.0
2014-10-15 00:00:00+00:00,1.60162,1.60969,1.59414,1.60898,31795.0
2014-10-16 00:00:00+00:00,1.60884,1.61258,1.60294,1.60918,21316.0
2014-10-19 00:00:00+00:00,1.61049,1.618,1.60799,1.61634,13606.0
2014-10-20 00:00:00+00:00,1.6167,1.61847,1.611,1.61148,15686.0
2014-10-21 00:00:00+00:00,1.61184,1.6131,1.60114,1.60505,17361.0
2014-10-22 00:00:00+00:00,1.60512,1.60604,1.59948,1.60293,16698.0
2014-10-23 00:00:00+00:00,1.60308,1.60988,1.60155,1.60902,14828.0
2014-10-26 00:00:00+00:00,1.60806,1.61474,1.60806,1.6121,23358.0
2014-10-27 00:00:00+00:00,1.6121,1.61826,1.60888,1.6131,24454.0
2014-10-28 00:00:00+00:00,1.61324,1.6162,1.60028,1.60112,28262.0
2014-10-29 00:00:00+00:00,1.60066,1.60389,1.59502,1.6002,36154.0
2014-10-30 00:00:00+00:00,1.6002,1.60118,1.59423,1.59966,49668.0
2014-11-02 00:00:00+00:00,1.59664,1.60283,1.59266,1.59718,41330.0
2014-11-03 00:00:00+00:00,1.59724,1.60166,1.59656,1.60016,30934.0
2014-11-04 00:00:00+00:00,1.60008,1.6022,1.5869,1.59747,40402.0
2014-11-05 00:00:00+00:00,1.59747,1.60028,1.58242,1.58315,51947.0
2014-11-06 00:00:00+00:00,1.58276,1.5887,1.57904,1.58719,45040.0
2014-11-09 00:00:00+00:00,1.58836,1.59179,1.58408,1.58414,28354.0
2014-11-10 00:00:00+00:00,1.58443,1.59448,1.58352,1.59184,15880.0
2014-11-11 00:00:00+00:00,1.59193,1.59408,1.5776,1.57784,22853.0
2014-11-12 00:00:00+00:00,1.57773,1.5781,1.56942,1.57102,12510.0
2014-11-13 00:00:00+00:00,1.57089,1.5711,1.55934,1.5668,18554.0
2014-11-16 00:00:00+00:00,1.56847,1.5736,1.56199,1.56412,13497.0
2014-11-17 00:00:00+00:00,1.56412,1.5679,1.56304,1.56327,13769.0
2014-11-18 00:00:00+00:00,1.56327,1.57211,1.559,1.56818,18864.0
2014-11-19 00:00:00+00:00,1.56818,1.57369,1.56322,1.56924,18582.0
2014-11-20 00:00:00+00:00,1.56924,1.5714,1.56264,1.56555,21307.0
2014-11-23 00:00:00+00:00,1.5638,1.57147,1.56288,1.57057,13764.0
2014-11-24 00:00:00+00:00,1.57078,1.57358,1.56488,1.57074,16166.0
2014-11-25 00:00:00+00:00,1.57064,1.58062,1.56794,1.57926,16953.0
2014-11-26 00:00:00+00:00,1.57923,1.5826,1.57168,1.57358,16708.0
2014-11-27 00:00:00+00:00,1.57352,1.57407,1.56144,1.56485,17714.0
2014-11-30 00:00:00+00:00,1.56509,1.57641,1.55856,1.5729,25183.0
2014-12-01 00:00:00+00:00,1.57325,1.57435,1.5632,1.56376,13778.0
2014-12-02 00:00:00+00:00,1.56382,1.57196,1.56194,1.56853,15880.0
2014-12-03 00:00:00+00:00,1.5687,1.57256,1.56428,1.56735,23352.0
2014-12-04 00:00:00+00:00,1.56738,1.56954,1.55683,1.55795,20321.0
2014-12-07 00:00:00+00:00,1.55745,1.5679,1.55414,1.56523,13338.0
2014-12-08 00:00:00+00:00,1.56546,1.57174,1.56264,1.56672,23723.0
2014-12-09 00:00:00+00:00,1.56666,1.57188,1.56476,1.57156,18166.0
2014-12-10 00:00:00+00:00,1.57146,1.5757,1.56525,1.57308,22044.0
2014-12-11 00:00:00+00:00,1.57333,1.57466,1.5695,1.57148,20358.0
2014-12-14 00:00:00+00:00,1.57291,1.5747,1.56016,1.56376,24616.0
2014-12-15 00:00:00+00:00,1.56356,1.57864,1.561,1.57506,31541.0
2014-12-16 00:00:00+00:00,1.57496,1.57552,1.554,1.55758,39752.0
2014-12-17 00:00:00+00:00,1.55775,1.56774,1.55495,1.5671,23860.0
2014-12-18 00:00:00+00:00,1.5671,1.56822,1.56058,1.56288,18354.0
2014-12-21 00:00:00+00:00,1.56259,1.56653,1.55733,1.55893,11749.0
2014-12-22 00:00:00+00:00,1.55904,1.56086,1.54864,1.55214,16581.0
2014-12-23 00:00:00+00:00,1.55197,1.55612,1.55044,1.55592,13010.0
2014-12-25 00:00:00+00:00,1.55674,1.55702,1.55372,1.55568,31466.0
2014-12-28 00:00:00+00:00,1.55662,1.55862,1.55075,1.55168,16193.0
2014-12-29 00:00:00+00:00,1.55168,1.55737,1.55012,1.55629,13101.0
2014-12-30 00:00:00+00:00,1.55629,1.56201,1.55498,1.55774,10135.0
2015-01-01 00:00:00+00:00,1.55825,1.55873,1.53272,1.53278,19150.0
2015-01-04 00:00:00+00:00,1.53045,1.53198,1.51632,1.52506,20368.0
2015-01-05 00:00:00+00:00,1.52522,1.5274,1.51417,1.51517,19415.0
2015-01-06 00:00:00+00:00,1.51497,1.51558,1.50549,1.51106,25555.0
2015-01-07 00:00:00+00:00,1.51107,1.51177,1.50343,1.50903,16856.0
2015-01-08 00:00:00+00:00,1.50868,1.51774,1.50774,1.51576,25290.0
2015-01-11 00:00:00+00:00,1.51772,1.51939,1.50989,1.51718,15858.0
2015-01-12 00:00:00+00:00,1.51706,1.51921,1.50775,1.51603,19833.0
2015-01-13 00:00:00+00:00,1.51603,1.52696,1.51456,1.52344,23482.0
2015-01-14 00:00:00+00:00,1.52328,1.52672,1.51498,1.51845,86932.0
2015-01-15 00:00:00+00:00,1.51846,1.52349,1.5075,1.51449,43196.0
2015-01-18 00:00:00+00:00,1.51316,1.51793,1.51084,1.51118,19740.0
2015-01-19 00:00:00+00:00,1.51118,1.51996,1.50574,1.5144,16930.0
2015-01-20 00:00:00+00:00,1.5142,1.518,1.50758,1.51436,28426.0
2015-01-21 00:00:00+00:00,1.51394,1.5213,1.49726,1.50112,43703.0
2015-01-22 00:00:00+00:00,1.50112,1.50363,1.49512,1.49896,40911.0
2015-01-25 00:00:00+00:00,1.50132,1.51034,1.49876,1.50804,35352.0
2015-01-26 00:00:00+00:00,1.50719,1.52237,1.50599,1.51975,28806.0
2015-01-27 00:00:00+00:00,1.51962,1.52192,1.51316,1.51397,31430.0
2015-01-28 00:00:00+00:00,1.51419,1.51626,1.50187,1.50675,21194.0
2015-01-29 00:00:00+00:00,1.50675,1.50966,1.49894,1.50692,27428.0
2015-02-01 00:00:00+00:00,1.5096,1.51028,1.5006,1.50384,25783.0
2015-02-02 00:00:00+00:00,1.50421,1.51982,1.49886,1.51659,32015.0
2015-02-03 00:00:00+00:00,1.51672,1.52511,1.5139,1.51818,26502.0
2015-02-04 00:00:00+00:00,1.51794,1.53435,1.5167,1.53284,25806.0
2015-02-05 00:00:00+00:00,1.53271,1.53522,1.52112,1.52427,24509.0
2015-02-08 00:00:00+00:00,1.52286,1.52674,1.5201,1.52139,18708.0
2015-02-09 00:00:00+00:00,1.52139,1.52758,1.51966,1.52542,17723.0
2015-02-10 00:00:00+00:00,1.5253,1.52996,1.52192,1.52381,19674.0
2015-02-11 00:00:00+00:00,1.52337,1.54152,1.52097,1.53847,31215.0
2015-02-12 00:00:00+00:00,1.53846,1.54222,1.53714,1.53967,18550.0
2015-02-15 00:00:00+00:00,1.54271,1.54404,1.53396,1.53635,32231.0
2015-02-16 00:00:00+00:00,1.5366,1.54028,1.53163,1.53538,18374.0
2015-02-17 00:00:00+00:00,1.53496,1.548,1.53419,1.5436,22865.0
2015-02-18 00:00:00+00:00,1.54368,1.54655,1.54044,1.54141,17263.0
2015-02-19 00:00:00+00:00,1.54129,1.5434,1.53436,1.53983,24016.0
2015-02-22 00:00:00+00:00,1.53968,1.54748,1.53326,1.54573,15264.0
2015-02-23 00:00:00+00:00,1.54573,1.54744,1.54024,1.54559,19959.0
2015-02-24 00:00:00+00:00,1.5453,1.55386,1.54471,1.55282,16810.0
2015-02-25 00:00:00+00:00,1.55282,1.55524,1.53946,1.54067,19842.0
2015-02-26 00:00:00+00:00,1.54051,1.54588,1.53844,1.54392,20049.0
2015-03-01 00:00:00+00:00,1.54241,1.54296,1.53516,1.53645,18135.0
2015-03-02 00:00:00+00:00,1.53645,1.53977,1.53448,1.53606,11236.0
2015-03-03 00:00:00+00:00,1.53606,1.5372,1.52524,1.52655,16135.0
2015-03-04 00:00:00+00:00,1.52636,1.52696,1.52154,1.5239,16820.0
2015-03-05 00:00:00+00:00,1.5239,1.52564,1.50322,1.50405,26485.0
2015-03-08 00:00:00+00:00,1.5039,1.51374,1.50331,1.5128,16937.0
2015-03-09 00:00:00+00:00,1.5128,1.51309,1.50286,1.50696,23585.0
2015-03-10 00:00:00+00:00,1.50696,1.50965,1.48932,1.49287,32655.0
2015-03-11 00:00:00+00:00,1.49343,1.50274,1.48502,1.4882,29882.0
2015-03-12 00:00:00+00:00,1.48836,1.48968,1.46994,1.47428,29565.0
2015-03-15 00:00:00+00:00,1.47476,1.48538,1.47332,1.48296,19584.0
2015-03-16 00:00:00+00:00,1.4828,1.48454,1.47244,1.47492,18613.0
2015-03-17 00:00:00+00:00,1.47468,1.51691,1.46354,1.49788,63170.0
2015-03-18 00:00:00+00:00,1.4979,1.50101,1.46887,1.4752,55950.0
2015-03-19 00:00:00+00:00,1.47534,1.49891,1.47222,1.49517,37390.0
2015-03-22 00:00:00+00:00,1.49727,1.49901,1.48388,1.49522,42339.0
2015-03-23 00:00:00+00:00,1.49514,1.49842,1.4843,1.48501,35004.0
2015-03-24 00:00:00+00:00,1.48516,1.49544,1.48312,1.48807,29347.0
2015-03-25 00:00:00+00:00,1.48789,1.49941,1.48071,1.48502,31573.0
2015-03-26 00:00:00+00:00,1.48505,1.49218,1.47968,1.48777,34818.0
2015-03-29 00:00:00+00:00,1.48866,1.49012,1.47527,1.48115,24322.0
2015-03-30 00:00:00+00:00,1.48033,1.48717,1.47558,1.48172,29748.0
2015-03-31 00:00:00+00:00,1.48207,1.48715,1.47395,1.48234,33297.0
2015-04-01 00:00:00+00:00,1.48253,1.48684,1.47766,1.48282,28002.0
2015-04-02 00:00:00+00:00,1.48274,1.49456,1.48107,1.49158,35064.0
2015-04-05 00:00:00+00:00,1.49194,1.49816,1.48706,1.48807,15043.0
2015-04-06 00:00:00+00:00,1.48791,1.49206,1.48033,1.48078,24989.0
2015-04-07 00:00:00+00:00,1.48078,1.49725,1.48074,1.4867,30536.0
2015-04-08 00:00:00+00:00,1.4867,1.48864,1.46844,1.47138,24296.0
2015-04-09 00:00:00+00:00,1.47118,1.47248,1.45872,1.46322,27851.0
2015-04-12 00:00:00+00:00,1.46218,1.46812,1.45662,1.46758,27498.0
2015-04-13 00:00:00+00:00,1.4677,1.48019,1.46039,1.47817,31438.0
2015-04-14 00:00:00+00:00,1.47784,1.48534,1.4701,1.48429,30977.0
2015-04-15 00:00:00+00:00,1.48404,1.49698,1.48124,1.49349,36457.0
2015-04-16 00:00:00+00:00,1.49333,1.50536,1.49164,1.49654,34903.0
2015-04-19 00:00:00+00:00,1.49632,1.4984,1.48882,1.49072,27621.0
2015-04-20 00:00:00+00:00,1.49059,1.49732,1.48564,1.49265,22734.0
2015-04-21 00:00:00+00:00,1.49286,1.50798,1.49133,1.50368,30251.0
2015-04-22 00:00:00+00:00,1.5038,1.50704,1.49596,1.5056,27382.0
2015-04-23 00:00:00+00:00,1.50587,1.51882,1.50276,1.51872,26666.0
2015-04-26 00:00:00+00:00,1.51782,1.52618,1.51068,1.5238,22531.0
2015-04-27 00:00:00+00:00,1.52356,1.53432,1.51734,1.5339,29519.0
2015-04-28 00:00:00+00:00,1.5338,1.54988,1.53279,1.54381,40618.0
2015-04-29 00:00:00+00:00,1.54382,1.54922,1.53042,1.53526,38034.0
2015-04-30 00:00:00+00:00,1.53547,1.53975,1.51144,1.51424,32761.0
2015-05-03 00:00:00+00:00,1.51447,1.51749,1.50902,1.51206,31427.0
2015-05-04 00:00:00+00:00,1.5123,1.52186,1.50892,1.5182,28790.0
2015-05-05 00:00:00+00:00,1.51808,1.52918,1.51502,1.52449,38621.0
2015-05-06 00:00:00+00:00,1.52413,1.52753,1.5164,1.52468,37463.0
2015-05-07 00:00:00+00:00,1.52474,1.5523,1.52474,1.54426,52826.0
2015-05-10 00:00:00+00:00,1.54484,1.5613,1.53932,1.55858,26629.0
2015-05-11 00:00:00+00:00,1.55867,1.57109,1.55574,1.56706,26106.0
2015-05-12 00:00:00+00:00,1.56712,1.57694,1.56337,1.57446,31585.0
2015-05-13 00:00:00+00:00,1.57456,1.5815,1.57285,1.57754,25490.0
2015-05-14 00:00:00+00:00,1.57749,1.58088,1.57017,1.57266,22280.0
2015-05-17 00:00:00+00:00,1.57375,1.57455,1.56383,1.56527,19656.0
2015-05-18 00:00:00+00:00,1.56516,1.56696,1.5447,1.55101,26830.0
2015-05-19 00:00:00+00:00,1.55085,1.55876,1.54725,1.55354,30296.0
2015-05-20 00:00:00+00:00,1.55366,1.56998,1.55255,1.56611,25441.0
2015-05-21 00:00:00+00:00,1.56616,1.56898,1.54604,1.54893,26159.0
2015-05-24 00:00:00+00:00,1.54762,1.55077,1.54569,1.54703,8019.0
2015-05-25 00:00:00+00:00,1.54708,1.54754,1.53543,1.53836,26010.0
2015-05-26 00:00:00+00:00,1.53844,1.54374,1.53018,1.53542,25943.0
2015-05-27 00:00:00+00:00,1.53549,1.53856,1.52608,1.53137,27044.0
2015-05-28 00:00:00+00:00,1.53185,1.53423,1.52367,1.52935,25246.0
2015-05-31 00:00:00+00:00,1.52958,1.53044,1.51706,1.52015,23487.0
2015-06-01 00:00:00+00:00,1.51986,1.53672,1.51799,1.53435,28120.0
2015-06-02 00:00:00+00:00,1.5343,1.5375,1.52514,1.534,26950.0
2015-06-03 00:00:00+00:00,1.53404,1.54413,1.53042,1.5366,25096.0
2015-06-04 00:00:00+00:00,1.53648,1.537,1.51906,1.52686,26739.0
2015-06-07 00:00:00+00:00,1.52579,1.5364,1.52214,1.53492,21203.0
2015-06-08 00:00:00+00:00,1.53481,1.53892,1.52576,1.53852,23816.0
2015-06-09 00:00:00+00:00,1.53856,1.5554,1.5369,1.55298,31948.0
2015-06-10 00:00:00+00:00,1.55302,1.55341,1.54218,1.5517,23118.0
2015-06-11 00:00:00+00:00,1.5516,1.55977,1.5467,1.55614,25211.0
2015-06-14 00:00:00+00:00,1.55514,1.56141,1.54878,1.56012,18563.0
2015-06-15 00:00:00+00:00,1.56006,1.56542,1.55424,1.56492,19793.0
2015-06-16 00:00:00+00:00,1.56498,1.58471,1.5626,1.58328,29438.0
2015-06-17 00:00:00+00:00,1.58323,1.593,1.58061,1.588,24548.0
2015-06-18 00:00:00+00:00,1.58807,1.58968,1.58357,1.5878,14936.0
2015-06-21 00:00:00+00:00,1.5875,1.59099,1.58057,1.58244,16886.0
2015-06-22 00:00:00+00:00,1.58232,1.58316,1.57091,1.57284,21029.0
2015-06-23 00:00:00+00:00,1.57292,1.58028,1.56674,1.57062,19886.0
2015-06-24 00:00:00+00:00,1.57075,1.57702,1.56768,1.57454,17783.0
2015-06-25 00:00:00+00:00,1.57501,1.57672,1.57085,1.57469,15638.0
2015-06-28 00:00:00+00:00,1.5692,1.57892,1.5666,1.57376,36673.0
2015-06-29 00:00:00+00:00,1.5737,1.57757,1.56928,1.57073,25172.0
2015-06-30 00:00:00+00:00,1.5706,1.57343,1.55886,1.56167,19967.0
2015-07-01 00:00:00+00:00,1.5616,1.56398,1.5565,1.56092,17540.0
2015-07-02 00:00:00+00:00,1.56103,1.56441,1.55597,1.55702,12883.0
2015-07-05 00:00:00+00:00,1.55504,1.56286,1.55326,1.56054,20387.0
2015-07-06 00:00:00+00:00,1.5606,1.56089,1.54138,1.54619,24966.0
2015-07-07 00:00:00+00:00,1.54616,1.54672,1.53306,1.53608,21659.0
2015-07-08 00:00:00+00:00,1.53602,1.54204,1.53441,1.53802,17359.0
2015-07-09 00:00:00+00:00,1.53806,1.55513,1.53645,1.55177,22065.0
2015-07-12 00:00:00+00:00,1.54986,1.5589,1.54814,1.54869,20561.0
2015-07-13 00:00:00+00:00,1.54851,1.5639,1.5451,1.56368,21653.0
2015-07-14 00:00:00+00:00,1.56358,1.56758,1.55772,1.5641,21981.0
2015-07-15 00:00:00+00:00,1.56354,1.56504,1.55604,1.56106,19892.0
2015-07-16 00:00:00+00:00,1.56074,1.56728,1.55538,1.5601,16410.0
2015-07-19 00:00:00+00:00,1.56067,1.56279,1.55382,1.55642,14330.0
2015-07-20 00:00:00+00:00,1.5569,1.55908,1.55293,1.55562,16419.0
2015-07-21 00:00:00+00:00,1.55543,1.5648,1.55508,1.5614,23003.0
2015-07-22 00:00:00+00:00,1.56124,1.56709,1.55015,1.55134,21783.0
2015-07-23 00:00:00+00:00,1.55158,1.55265,1.54672,1.55097,17037.0
2015-07-26 00:00:00+00:00,1.55136,1.55956,1.54905,1.5559,18043.0
2015-07-27 00:00:00+00:00,1.55604,1.56281,1.55281,1.56117,20492.0
2015-07-28 00:00:00+00:00,1.56128,1.569,1.5588,1.56042,25547.0
2015-07-29 00:00:00+00:00,1.55993,1.56464,1.55626,1.56022,20707.0
2015-07-30 00:00:00+00:00,1.56025,1.56782,1.55492,1.56201,28703.0
2015-08-02 00:00:00+00:00,1.56376,1.56452,1.55656,1.5586,18790.0
2015-08-03 00:00:00+00:00,1.55874,1.56344,1.55582,1.55648,21408.0
2015-08-04 00:00:00+00:00,1.55648,1.56527,1.55264,1.56026,24796.0
2015-08-05 00:00:00+00:00,1.56015,1.56374,1.54676,1.5512,25668.0
2015-08-06 00:00:00+00:00,1.55112,1.55472,1.5425,1.54952,27374.0
2015-08-09 00:00:00+00:00,1.54903,1.56066,1.54585,1.55922,17215.0
2015-08-10 00:00:00+00:00,1.5595,1.5617,1.55554,1.5573,22154.0
2015-08-11 00:00:00+00:00,1.55746,1.56602,1.55344,1.56142,27715.0
2015-08-12 00:00:00+00:00,1.56144,1.56368,1.55734,1.56102,19850.0
2015-08-13 00:00:00+00:00,1.56123,1.56604,1.55888,1.56447,18464.0
2015-08-16 00:00:00+00:00,1.5657,1.5688,1.5579,1.55857,15669.0
2015-08-17 00:00:00+00:00,1.5584,1.57172,1.55624,1.56602,18564.0
2015-08-18 00:00:00+00:00,1.56618,1.57008,1.56354,1.56798,20443.0
2015-08-19 00:00:00+00:00,1.56779,1.5702,1.56063,1.56894,20709.0
2015-08-20 00:00:00+00:00,1.56908,1.57234,1.56582,1.56941,24464.0
2015-08-23 00:00:00+00:00,1.56778,1.58036,1.56306,1.5778,81317.0
2015-08-24 00:00:00+00:00,1.57781,1.58188,1.56814,1.56858,41307.0
2015-08-25 00:00:00+00:00,1.56858,1.57203,1.54531,1.54636,35013.0
2015-08-26 00:00:00+00:00,1.54615,1.55089,1.53702,1.54023,27359.0
2015-08-27 00:00:00+00:00,1.54063,1.54432,1.53356,1.53937,24345.0
2015-08-28 00:00:00+00:00,1.53937,1.53937,1.53917,1.53917,2.0
2015-08-30 00:00:00+00:00,1.5416,1.54372,1.53394,1.53446,16935.0
2015-08-31 00:00:00+00:00,1.53427,1.54084,1.53,1.53048,23251.0
2015-09-01 00:00:00+00:00,1.53034,1.53261,1.52644,1.52992,19587.0
2015-09-02 00:00:00+00:00,1.52975,1.53135,1.52196,1.52579,20806.0
2015-09-03 00:00:00+00:00,1.52566,1.52767,1.51646,1.51694,19880.0
2015-09-06 00:00:00+00:00,1.51792,1.52888,1.51715,1.52765,18132.0
2015-09-07 00:00:00+00:00,1.52793,1.54128,1.52704,1.53952,17391.0
2015-09-08 00:00:00+00:00,1.53953,1.54045,1.53498,1.53691,14091.0
2015-09-09 00:00:00+00:00,1.53694,1.54763,1.53386,1.5445,25150.0
2015-09-10 00:00:00+00:00,1.54428,1.54622,1.54,1.54281,15845.0
2015-09-13 00:00:00+00:00,1.54307,1.54714,1.53731,1.54276,11807.0
2015-09-14 00:00:00+00:00,1.54262,1.54574,1.533,1.53438,12218.0
2015-09-15 00:00:00+00:00,1.5343,1.55284,1.53302,1.5494,15835.0
2015-09-16 00:00:00+00:00,1.54958,1.56286,1.54864,1.55902,28098.0
2015-09-17 00:00:00+00:00,1.55872,1.56588,1.55146,1.55324,21913.0
2015-09-20 00:00:00+00:00,1.55286,1.55683,1.54808,1.5507,15434.0
2015-09-21 00:00:00+00:00,1.55091,1.5529,1.53408,1.53646,15266.0
2015-09-22 00:00:00+00:00,1.53674,1.53687,1.52211,1.52446,20883.0
2015-09-23 00:00:00+00:00,1.52466,1.52894,1.52008,1.52424,20004.0
2015-09-24 00:00:00+00:00,1.52316,1.5261,1.51358,1.51816,25323.0
2015-09-27 00:00:00+00:00,1.51911,1.52414,1.51574,1.5173,17737.0
2015-09-28 00:00:00+00:00,1.51751,1.52054,1.51292,1.51506,17719.0
2015-09-29 00:00:00+00:00,1.51522,1.52139,1.51078,1.51288,18395.0
2015-09-30 00:00:00+00:00,1.51303,1.51807,1.51074,1.51304,15650.0
2015-10-01 00:00:00+00:00,1.51319,1.52376,1.51286,1.51763,21194.0
2015-10-04 00:00:00+00:00,1.51943,1.52446,1.51373,1.5146,19851.0
2015-10-05 00:00:00+00:00,1.5146,1.52434,1.51403,1.52262,12456.0
2015-10-06 00:00:00+00:00,1.52342,1.53397,1.52212,1.53192,16649.0
2015-10-07 00:00:00+00:00,1.5318,1.53723,1.52615,1.53478,18729.0
2015-10-08 00:00:00+00:00,1.535,1.53836,1.53002,1.53134,17951.0
2015-10-11 00:00:00+00:00,1.53163,1.53732,1.53136,1.53484,15024.0
2015-10-12 00:00:00+00:00,1.53406,1.53876,1.52005,1.52477,22545.0
2015-10-13 00:00:00+00:00,1.52496,1.54948,1.52486,1.54775,20046.0
2015-10-14 00:00:00+00:00,1.54754,1.55088,1.5415,1.5464,19810.0
2015-10-15 00:00:00+00:00,1.54384,1.54866,1.54306,1.54409,16502.0
2015-10-18 00:00:00+00:00,1.54456,1.54971,1.54278,1.54648,14653.0
2015-10-19 00:00:00+00:00,1.54598,1.55064,1.54354,1.54446,14636.0
2015-10-20 00:00:00+00:00,1.54463,1.54776,1.54126,1.54196,11151.0
2015-10-21 00:00:00+00:00,1.5416,1.55116,1.53694,1.53944,21083.0
2015-10-22 00:00:00+00:00,1.53944,1.54192,1.53064,1.53152,18911.0
2015-10-25 00:00:00+00:00,1.53208,1.53816,1.53056,1.53522,15682.0
2015-10-26 00:00:00+00:00,1.53512,1.5359,1.5283,1.53003,13903.0
2015-10-27 00:00:00+00:00,1.53016,1.5348,1.52489,1.5263,21700.0
2015-10-28 00:00:00+00:00,1.52654,1.53218,1.52424,1.53096,17202.0
2015-10-29 00:00:00+00:00,1.53076,1.54678,1.53076,1.54276,20642.0
2015-11-01 00:00:00+00:00,1.54566,1.54993,1.54036,1.54172,16654.0
2015-11-02 00:00:00+00:00,1.54188,1.54454,1.536,1.5422,14914.0
2015-11-03 00:00:00+00:00,1.5421,1.54456,1.53612,1.53848,17407.0
2015-11-04 00:00:00+00:00,1.5387,1.54017,1.52054,1.52079,23473.0
2015-11-05 00:00:00+00:00,1.5208,1.52194,1.50272,1.50474,21956.0
2015-11-08 00:00:00+00:00,1.50527,1.51284,1.50403,1.51146,13221.0
2015-11-09 00:00:00+00:00,1.51163,1.51455,1.50919,1.51185,10266.0
2015-11-10 00:00:00+00:00,1.51184,1.52208,1.5117,1.5213,15186.0
2015-11-11 00:00:00+00:00,1.52102,1.52467,1.51742,1.52322,19007.0
2015-11-12 00:00:00+00:00,1.52306,1.52666,1.51878,1.52356,16154.0
2015-11-15 00:00:00+00:00,1.5232,1.52348,1.51816,1.52022,14626.0
2015-11-16 00:00:00+00:00,1.52034,1.52388,1.51543,1.52124,12611.0
2015-11-17 00:00:00+00:00,1.52137,1.52491,1.51881,1.5236,13649.0
2015-11-18 00:00:00+00:00,1.52362,1.53358,1.52277,1.52912,16108.0
2015-11-19 00:00:00+00:00,1.52924,1.53097,1.5183,1.5193,13489.0
2015-11-22 00:00:00+00:00,1.51857,1.51966,1.51091,1.51235,14448.0
2015-11-23 00:00:00+00:00,1.51247,1.5156,1.50536,1.50867,14725.0
2015-11-24 00:00:00+00:00,1.50817,1.51361,1.50562,1.51291,17186.0
2015-11-25 00:00:00+00:00,1.51207,1.51303,1.50661,1.51012,18148.0
2015-11-26 00:00:00+00:00,1.50994,1.51101,1.50306,1.50358,15920.0
2015-11-29 00:00:00+00:00,1.50354,1.50688,1.49939,1.5056,12126.0
2015-11-30 00:00:00+00:00,1.50579,1.5126,1.50506,1.50822,14715.0
2015-12-01 00:00:00+00:00,1.508,1.50826,1.48953,1.49515,16636.0
2015-12-02 00:00:00+00:00,1.49458,1.5159,1.49044,1.51439,37950.0
2015-12-03 00:00:00+00:00,1.51452,1.51571,1.5078,1.51098,26721.0
2015-12-06 00:00:00+00:00,1.5106,1.51158,1.50448,1.50554,14792.0
2015-12-07 00:00:00+00:00,1.50555,1.50616,1.49567,1.50082,17563.0
2015-12-08 00:00:00+00:00,1.50102,1.51916,1.50046,1.51806,20152.0
2015-12-09 00:00:00+00:00,1.51785,1.5202,1.51115,1.51606,22463.0
2015-12-10 00:00:00+00:00,1.51606,1.52402,1.51254,1.52285,17891.0
2015-12-13 00:00:00+00:00,1.52308,1.52323,1.51076,1.51426,18444.0
2015-12-14 00:00:00+00:00,1.51466,1.51862,1.50296,1.50381,20479.0
2015-12-15 00:00:00+00:00,1.50366,1.50996,1.49596,1.50039,35357.0
2015-12-16 00:00:00+00:00,1.50006,1.50105,1.48653,1.49016,22459.0
2015-12-17 00:00:00+00:00,1.48984,1.49499,1.48858,1.48966,21867.0
2015-12-20 00:00:00+00:00,1.4903,1.49298,1.48776,1.48862,16788.0
2015-12-21 00:00:00+00:00,1.4883,1.4908,1.48056,1.48281,16897.0
2015-12-22 00:00:00+00:00,1.4825,1.4901,1.48198,1.48706,14193.0
2015-12-23 00:00:00+00:00,1.48669,1.49448,1.48646,1.49214,14695.0
2015-12-27 00:00:00+00:00,1.49214,1.49356,1.48744,1.48796,11453.0
2015-12-28 00:00:00+00:00,1.4878,1.49136,1.47856,1.48175,12906.0
2015-12-29 00:00:00+00:00,1.48192,1.48491,1.47935,1.48177,12952.0
2015-12-30 00:00:00+00:00,1.48201,1.48447,1.47324,1.47387,12927.0
2016-01-03 00:00:00+00:00,1.47352,1.48166,1.46633,1.4716,21996.0
2016-01-04 00:00:00+00:00,1.47144,1.47258,1.46384,1.46748,16261.0
2016-01-05 00:00:00+00:00,1.46707,1.46822,1.46024,1.463,22463.0
2016-01-06 00:00:00+00:00,1.46282,1.46411,1.45333,1.46174,23658.0
2016-01-07 00:00:00+00:00,1.46164,1.4645,1.45064,1.45165,25933.0
2016-01-10 00:00:00+00:00,1.45297,1.46047,1.44943,1.45426,23147.0
2016-01-11 00:00:00+00:00,1.45458,1.45608,1.43521,1.44476,20195.0
2016-01-12 00:00:00+00:00,1.44484,1.44762,1.438,1.44064,20413.0
2016-01-13 00:00:00+00:00,1.44094,1.44452,1.43603,1.44135,22802.0
2016-01-14 00:00:00+00:00,1.44123,1.44278,1.42519,1.42591,21836.0
2016-01-17 00:00:00+00:00,1.4255,1.43234,1.42372,1.4243,18700.0
2016-01-18 00:00:00+00:00,1.42442,1.43406,1.41294,1.41566,24991.0
2016-01-19 00:00:00+00:00,1.41564,1.42193,1.41254,1.41916,25804.0
2016-01-20 00:00:00+00:00,1.41903,1.42492,1.40792,1.42208,27156.0
2016-01-21 00:00:00+00:00,1.42201,1.43631,1.42049,1.4264,24288.0
2016-01-24 00:00:00+00:00,1.42675,1.43098,1.4224,1.4248,19070.0
2016-01-25 00:00:00+00:00,1.42488,1.43672,1.41738,1.43486,23043.0
2016-01-26 00:00:00+00:00,1.43512,1.43552,1.42302,1.42328,24100.0
2016-01-27 00:00:00+00:00,1.42346,1.44077,1.42328,1.43606,26094.0
2016-01-28 00:00:00+00:00,1.43594,1.44134,1.41496,1.42442,34425.0
2016-01-31 00:00:00+00:00,1.42524,1.44446,1.42286,1.44332,24259.0
2016-02-01 00:00:00+00:00,1.44346,1.44463,1.43265,1.44109,22019.0
2016-02-02 00:00:00+00:00,1.44086,1.46495,1.4384,1.46018,28136.0
2016-02-03 00:00:00+00:00,1.45978,1.46687,1.45298,1.45891,34186.0
2016-02-04 00:00:00+00:00,1.45914,1.4593,1.44524,1.45033,30464.0
2016-02-07 00:00:00+00:00,1.4485,1.4547,1.4351,1.4432,27521.0
2016-02-08 00:00:00+00:00,1.44332,1.45162,1.43785,1.44718,36119.0
2016-02-09 00:00:00+00:00,1.447,1.45787,1.44431,1.45228,35495.0
2016-02-10 00:00:00+00:00,1.4526,1.45643,1.4383,1.44768,45989.0
2016-02-11 00:00:00+00:00,1.44755,1.45708,1.44433,1.45064,35337.0
2016-02-14 00:00:00+00:00,1.45028,1.45358,1.44136,1.44362,26156.0
2016-02-15 00:00:00+00:00,1.44366,1.45162,1.42762,1.43049,27938.0
2016-02-16 00:00:00+00:00,1.43038,1.43395,1.42354,1.42935,32290.0
2016-02-17 00:00:00+00:00,1.42954,1.43944,1.42574,1.43427,30722.0
2016-02-18 00:00:00+00:00,1.4338,1.44084,1.4247,1.44013,35010.0
2016-02-21 00:00:00+00:00,1.42661,1.43071,1.40577,1.41498,41727.0
2016-02-22 00:00:00+00:00,1.41488,1.41568,1.40082,1.40211,30053.0
2016-02-23 00:00:00+00:00,1.4019,1.40284,1.38784,1.39252,36532.0
2016-02-24 00:00:00+00:00,1.39278,1.39964,1.39001,1.39622,29352.0
2016-02-25 00:00:00+00:00,1.39642,1.40427,1.38539,1.38727,34010.0
2016-02-28 00:00:00+00:00,1.38586,1.39466,1.38358,1.3916,28346.0
2016-02-29 00:00:00+00:00,1.39158,1.4019,1.39043,1.39496,34572.0
2016-03-01 00:00:00+00:00,1.39473,1.40933,1.39144,1.40799,28186.0
2016-03-02 00:00:00+00:00,1.40757,1.41946,1.4033,1.41749,30310.0
2016-03-03 00:00:00+00:00,1.41798,1.42488,1.41077,1.4227,33186.0
2016-03-06 00:00:00+00:00,1.4219,1.42842,1.41341,1.42632,22607.0
2016-03-07 00:00:00+00:00,1.42666,1.42759,1.41736,1.42171,22043.0
2016-03-08 00:00:00+00:00,1.42136,1.4241,1.41775,1.42163,25201.0
2016-03-09 00:00:00+00:00,1.42178,1.4317,1.41185,1.42816,51775.0
2016-03-10 00:00:00+00:00,1.42832,1.44368,1.42544,1.43819,27862.0
2016-03-13 00:00:00+00:00,1.43818,1.43898,1.42928,1.43018,20970.0
2016-03-14 00:00:00+00:00,1.43032,1.43068,1.41388,1.41508,20261.0
2016-03-15 00:00:00+00:00,1.41527,1.42744,1.40535,1.42636,37624.0
2016-03-16 00:00:00+00:00,1.42421,1.45033,1.42216,1.4483,34719.0
2016-03-17 00:00:00+00:00,1.4478,1.45144,1.44106,1.44766,20912.0
2016-03-20 00:00:00+00:00,1.44403,1.44691,1.43653,1.43695,19572.0
2016-03-21 00:00:00+00:00,1.43707,1.4398,1.41905,1.42088,27716.0
2016-03-22 00:00:00+00:00,1.42109,1.42276,1.40814,1.41165,23194.0
2016-03-23 00:00:00+00:00,1.41152,1.4183,1.40575,1.41518,20826.0
2016-03-24 00:00:00+00:00,1.4158,1.4158,1.41101,1.4133,29018.0
2016-03-27 00:00:00+00:00,1.41314,1.42836,1.41206,1.4253,12266.0
2016-03-28 00:00:00+00:00,1.42551,1.44044,1.41945,1.43847,28323.0
2016-03-29 00:00:00+00:00,1.43865,1.44596,1.4361,1.43782,27195.0
2016-03-30 00:00:00+00:00,1.43768,1.44264,1.43265,1.43609,27173.0
2016-03-31 00:00:00+00:00,1.43625,1.43715,1.41712,1.42264,33187.0
2016-04-03 00:00:00+00:00,1.42242,1.43216,1.4191,1.4263,20172.0
2016-04-04 00:00:00+00:00,1.42663,1.42792,1.41218,1.41604,23131.0
2016-04-05 00:00:00+00:00,1.4159,1.41716,1.40053,1.41242,31292.0
2016-04-06 00:00:00+00:00,1.41223,1.41574,1.40486,1.40566,28463.0
2016-04-07 00:00:00+00:00,1.40546,1.41412,1.40406,1.41243,23553.0
2016-04-10 00:00:00+00:00,1.4115,1.42872,1.41072,1.42377,23416.0
2016-04-11 00:00:00+00:00,1.42394,1.43481,1.41965,1.42745,27490.0
2016-04-12 00:00:00+00:00,1.4277,1.42791,1.41931,1.42046,27248.0
2016-04-13 00:00:00+00:00,1.4206,1.42094,1.40904,1.41546,23721.0
2016-04-14 00:00:00+00:00,1.41544,1.42424,1.41329,1.42042,18147.0
2016-04-17 00:00:00+00:00,1.42004,1.42912,1.41314,1.42776,22558.0
2016-04-18 00:00:00+00:00,1.42792,1.4419,1.4271,1.43974,22280.0
2016-04-19 00:00:00+00:00,1.43936,1.4411,1.43304,1.43316,21780.0
2016-04-20 00:00:00+00:00,1.43356,1.44408,1.42996,1.43228,26229.0
2016-04-21 00:00:00+00:00,1.4322,1.44522,1.43142,1.44034,25460.0
2016-04-24 00:00:00+00:00,1.44655,1.452,1.44033,1.44832,25955.0
2016-04-25 00:00:00+00:00,1.44821,1.46391,1.44794,1.45823,24438.0
2016-04-26 00:00:00+00:00,1.45811,1.46226,1.44746,1.45426,32266.0
2016-04-27 00:00:00+00:00,1.45413,1.4623,1.45236,1.46083,26656.0
2016-04-28 00:00:00+00:00,1.45904,1.46706,1.45772,1.46134,27258.0
2016-05-01 00:00:00+00:00,1.45873,1.46962,1.45853,1.46736,18576.0
2016-05-02 00:00:00+00:00,1.46706,1.47696,1.45296,1.45351,28682.0
2016-05-03 00:00:00+00:00,1.45366,1.45719,1.44618,1.44966,28329.0
2016-05-04 00:00:00+00:00,1.44983,1.45296,1.4444,1.44854,21989.0
2016-05-05 00:00:00+00:00,1.44842,1.45449,1.44152,1.44282,26423.0
2016-05-08 00:00:00+00:00,1.44155,1.44802,1.43745,1.44079,22535.0
2016-05-09 00:00:00+00:00,1.44088,1.4478,1.4389,1.44422,21059.0
2016-05-10 00:00:00+00:00,1.44418,1.44888,1.43946,1.44484,18576.0
2016-05-11 00:00:00+00:00,1.44466,1.45308,1.44062,1.4451,20779.0
2016-05-12 00:00:00+00:00,1.44494,1.44566,1.43404,1.436,21745.0
2016-05-15 00:00:00+00:00,1.43499,1.44148,1.43326,1.44019,14762.0
2016-05-16 00:00:00+00:00,1.43998,1.45248,1.43981,1.44634,22365.0
2016-05-17 00:00:00+00:00,1.44616,1.46348,1.44037,1.45992,29477.0
2016-05-18 00:00:00+00:00,1.46,1.46638,1.45619,1.46113,27827.0
2016-05-19 00:00:00+00:00,1.46074,1.4613,1.4486,1.45003,18729.0
2016-05-22 00:00:00+00:00,1.45076,1.45492,1.44423,1.44846,19353.0
2016-05-23 00:00:00+00:00,1.44799,1.46424,1.44743,1.46352,23060.0
2016-05-24 00:00:00+00:00,1.46338,1.47294,1.46012,1.46962,23137.0
2016-05-25 00:00:00+00:00,1.4699,1.47397,1.46402,1.46704,21246.0
2016-05-26 00:00:00+00:00,1.46711,1.46889,1.46052,1.46224,20691.0
2016-05-29 00:00:00+00:00,1.46099,1.46424,1.45876,1.46396,13924.0
2016-05-30 00:00:00+00:00,1.46414,1.47248,1.4465,1.44834,30080.0
2016-05-31 00:00:00+00:00,1.44816,1.4508,1.43863,1.44144,26708.0
2016-06-01 00:00:00+00:00,1.44126,1.44729,1.44062,1.4423,22087.0
2016-06-02 00:00:00+00:00,1.4427,1.45819,1.43994,1.4518,28673.0
2016-06-05 00:00:00+00:00,1.44659,1.44823,1.4353,1.4443,40695.0
2016-06-06 00:00:00+00:00,1.44449,1.46624,1.44394,1.4544,29916.0
2016-06-07 00:00:00+00:00,1.45423,1.46007,1.45006,1.45041,19901.0
2016-06-08 00:00:00+00:00,1.45054,1.45274,1.44467,1.4459,23852.0
2016-06-09 00:00:00+00:00,1.44604,1.4473,1.41802,1.42566,34182.0
2016-06-12 00:00:00+00:00,1.42698,1.43294,1.41156,1.42725,69535.0
2016-06-13 00:00:00+00:00,1.42647,1.42678,1.40906,1.41159,55765.0
2016-06-14 00:00:00+00:00,1.41138,1.42188,1.40939,1.42046,44785.0
2016-06-15 00:00:00+00:00,1.42074,1.4254,1.40127,1.42014,57207.0
2016-06-16 00:00:00+00:00,1.42044,1.4388,1.41988,1.43578,57227.0
2016-06-19 00:00:00+00:00,1.44717,1.47204,1.44342,1.46945,73373.0
2016-06-20 00:00:00+00:00,1.46971,1.47844,1.46164,1.46499,71156.0
2016-06-21 00:00:00+00:00,1.46546,1.47747,1.46421,1.47077,63161.0
2016-06-22 00:00:00+00:00,1.47236,1.49476,1.47158,1.48787,137863.0
2016-06-23 00:00:00+00:00,1.48674,1.5019,1.32284,1.36721,622402.0
2016-06-26 00:00:00+00:00,1.34248,1.34903,1.31196,1.32268,159945.0
2016-06-27 00:00:00+00:00,1.32228,1.342,1.32026,1.33442,79555.0
2016-06-28 00:00:00+00:00,1.33405,1.35334,1.32876,1.34256,72010.0
2016-06-29 00:00:00+00:00,1.34416,1.34968,1.3206,1.3311,92568.0
2016-06-30 00:00:00+00:00,1.3314,1.33498,1.32446,1.32624,56292.0
2016-07-03 00:00:00+00:00,1.32458,1.33422,1.32404,1.32864,36521.0
2016-07-04 00:00:00+00:00,1.32916,1.32924,1.30006,1.30224,51836.0
2016-07-05 00:00:00+00:00,1.30185,1.3028,1.27956,1.29316,76664.0
2016-07-06 00:00:00+00:00,1.29333,1.30478,1.28766,1.29096,49321.0
2016-07-07 00:00:00+00:00,1.29055,1.30196,1.2881,1.29522,47486.0
2016-07-10 00:00:00+00:00,1.29508,1.30189,1.2851,1.29995,44637.0
2016-07-11 00:00:00+00:00,1.29921,1.32958,1.29724,1.32468,61573.0
2016-07-12 00:00:00+00:00,1.32447,1.33384,1.31342,1.31474,61034.0
2016-07-13 00:00:00+00:00,1.31451,1.34776,1.31054,1.33432,77142.0
2016-07-14 00:00:00+00:00,1.33403,1.34806,1.31324,1.3186,69880.0
2016-07-17 00:00:00+00:00,1.31961,1.33153,1.31888,1.32558,50034.0
2016-07-18 00:00:00+00:00,1.32542,1.32758,1.30742,1.31099,39209.0
2016-07-19 00:00:00+00:00,1.31075,1.32276,1.3065,1.32106,33151.0
2016-07-20 00:00:00+00:00,1.32144,1.32756,1.31556,1.32288,49578.0
2016-07-21 00:00:00+00:00,1.32309,1.3292,1.3079,1.31085,44492.0
2016-07-24 00:00:00+00:00,1.31473,1.31648,1.3095,1.31395,28007.0
2016-07-25 00:00:00+00:00,1.31378,1.31769,1.30572,1.31286,35975.0
2016-07-26 00:00:00+00:00,1.3132,1.32353,1.30721,1.3223,45146.0
2016-07-27 00:00:00+00:00,1.32205,1.32489,1.31178,1.31627,31825.0
2016-07-28 00:00:00+00:00,1.31666,1.33018,1.31488,1.32285,47835.0
2016-07-31 00:00:00+00:00,1.32394,1.32728,1.31624,1.31802,27053.0
2016-08-01 00:00:00+00:00,1.31805,1.3366,1.31718,1.33568,29413.0
2016-08-02 00:00:00+00:00,1.33572,1.3372,1.32807,1.33256,25325.0
2016-08-03 00:00:00+00:00,1.3327,1.3347,1.31028,1.31076,42412.0
2016-08-04 00:00:00+00:00,1.31033,1.31753,1.30214,1.30711,24719.0
2016-08-07 00:00:00+00:00,1.30809,1.3097,1.30278,1.30406,15170.0
2016-08-08 00:00:00+00:00,1.30475,1.30496,1.29558,1.30028,19000.0
2016-08-09 00:00:00+00:00,1.30045,1.30942,1.29914,1.301,22872.0
2016-08-10 00:00:00+00:00,1.3012,1.30284,1.2936,1.29564,18087.0
2016-08-11 00:00:00+00:00,1.29576,1.30347,1.29036,1.2918,18928.0
2016-08-14 00:00:00+00:00,1.29301,1.29454,1.28656,1.28817,14602.0
2016-08-15 00:00:00+00:00,1.28796,1.30516,1.28776,1.30456,26902.0
2016-08-16 00:00:00+00:00,1.30423,1.30864,1.29776,1.3041,28238.0
2016-08-17 00:00:00+00:00,1.30428,1.31732,1.30382,1.31679,27451.0
2016-08-18 00:00:00+00:00,1.31696,1.31858,1.3023,1.30756,24504.0
2016-08-21 00:00:00+00:00,1.30568,1.31574,1.30345,1.31377,21617.0
2016-08-22 00:00:00+00:00,1.31356,1.32116,1.3129,1.3198,19515.0
2016-08-23 00:00:00+00:00,1.31958,1.32734,1.31614,1.3232,17671.0
2016-08-24 00:00:00+00:00,1.3234,1.32644,1.31692,1.31926,14277.0
2016-08-25 00:00:00+00:00,1.319,1.32794,1.31218,1.31356,33672.0
2016-08-28 00:00:00+00:00,1.31106,1.31398,1.30596,1.31049,20194.0
2016-08-29 00:00:00+00:00,1.3107,1.31201,1.30593,1.30806,19484.0
2016-08-30 00:00:00+00:00,1.30787,1.31582,1.30664,1.3139,22719.0
2016-08-31 00:00:00+00:00,1.31422,1.33179,1.31288,1.32686,26352.0
2016-09-01 00:00:00+00:00,1.32703,1.33524,1.32529,1.32946,29395.0
2016-09-04 00:00:00+00:00,1.33016,1.33755,1.32886,1.33038,17852.0
2016-09-05 00:00:00+00:00,1.33058,1.34455,1.32966,1.3441,19889.0
2016-09-06 00:00:00+00:00,1.34381,1.34408,1.33194,1.33422,23272.0
2016-09-07 00:00:00+00:00,1.33408,1.33758,1.32835,1.3294,20392.0
2016-09-08 00:00:00+00:00,1.32966,1.33362,1.32396,1.32681,20085.0
2016-09-11 00:00:00+00:00,1.32679,1.33473,1.3235,1.33365,22745.0
2016-09-12 00:00:00+00:00,1.33348,1.33418,1.31676,1.3195,27436.0
2016-09-13 00:00:00+00:00,1.31952,1.32406,1.31386,1.32352,21316.0
2016-09-14 00:00:00+00:00,1.32336,1.328,1.31795,1.3239,29907.0
2016-09-15 00:00:00+00:00,1.3241,1.3248,1.29974,1.30026,24035.0
2016-09-18 00:00:00+00:00,1.30021,1.30914,1.29992,1.303,16620.0
2016-09-19 00:00:00+00:00,1.30312,1.3065,1.29472,1.29872,18615.0
2016-09-20 00:00:00+00:00,1.29903,1.3047,1.29454,1.30318,37381.0
2016-09-21 00:00:00+00:00,1.3034,1.3121,1.3028,1.3078,19213.0
2016-09-22 00:00:00+00:00,1.30808,1.30885,1.29148,1.2966,19372.0
2016-09-25 00:00:00+00:00,1.29677,1.29874,1.29164,1.29739,14283.0
2016-09-26 00:00:00+00:00,1.29724,1.30268,1.2937,1.30246,17223.0
2016-09-27 00:00:00+00:00,1.30203,1.30322,1.29798,1.30182,17628.0
2016-09-28 00:00:00+00:00,1.30163,1.30584,1.29546,1.29673,18750.0
2016-09-29 00:00:00+00:00,1.29656,1.30231,1.2937,1.29773,22260.0
2016-10-02 00:00:00+00:00,1.29183,1.29465,1.28174,1.28426,22715.0
2016-10-03 00:00:00+00:00,1.28331,1.2861,1.2719,1.27279,27036.0
2016-10-04 00:00:00+00:00,1.27246,1.27716,1.26858,1.27485,19363.0
2016-10-05 00:00:00+00:00,1.27452,1.27597,1.26022,1.2615,20053.0
2016-10-06 00:00:00+00:00,1.26178,1.26232,1.16496,1.24354,126192.0
2016-10-09 00:00:00+00:00,1.23961,1.24448,1.23448,1.2362,24575.0
2016-10-10 00:00:00+00:00,1.23641,1.23767,1.20894,1.21243,37765.0
2016-10-11 00:00:00+00:00,1.21223,1.23252,1.21056,1.22068,64709.0
2016-10-12 00:00:00+00:00,1.22003,1.22728,1.21327,1.22535,38741.0
2016-10-13 00:00:00+00:00,1.22554,1.22624,1.2168,1.21883,37625.0
2016-10-16 00:00:00+00:00,1.21546,1.22024,1.2136,1.21838,29835.0
2016-10-17 00:00:00+00:00,1.21867,1.2325,1.21776,1.22988,31997.0
2016-10-18 00:00:00+00:00,1.2296,1.23322,1.22541,1.22864,25793.0
2016-10-19 00:00:00+00:00,1.22881,1.22982,1.22105,1.22544,24553.0
2016-10-20 00:00:00+00:00,1.22519,1.22604,1.21712,1.22308,16817.0
2016-10-23 00:00:00+00:00,1.22228,1.225,1.21858,1.22386,14680.0
2016-10-24 00:00:00+00:00,1.22342,1.22436,1.20826,1.21886,28250.0
2016-10-25 00:00:00+00:00,1.21869,1.22498,1.21567,1.22468,23128.0
2016-10-26 00:00:00+00:00,1.22432,1.22728,1.21493,1.21624,28422.0
2016-10-27 00:00:00+00:00,1.21652,1.22122,1.21144,1.21916,33354.0
2016-10-30 00:00:00+00:00,1.21773,1.22494,1.2144,1.22418,24438.0
2016-10-31 00:00:00+00:00,1.22396,1.22805,1.22056,1.22434,21347.0
2016-11-01 00:00:00+00:00,1.22416,1.23545,1.2221,1.23025,28606.0
2016-11-02 00:00:00+00:00,1.23025,1.2495,1.22973,1.24612,43912.0
2016-11-03 00:00:00+00:00,1.24595,1.25576,1.24493,1.25196,27064.0
2016-11-06 00:00:00+00:00,1.24546,1.24983,1.23794,1.23973,30045.0
2016-11-07 00:00:00+00:00,1.23943,1.24402,1.23612,1.23798,21477.0
2016-11-08 00:00:00+00:00,1.2382,1.25476,1.23526,1.2405,145607.0
2016-11-09 00:00:00+00:00,1.24078,1.25849,1.23778,1.2555,45035.0
2016-11-10 00:00:00+00:00,1.25512,1.26742,1.25254,1.26015,41209.0
2016-11-13 00:00:00+00:00,1.2569,1.25942,1.24444,1.24873,44927.0
2016-11-14 00:00:00+00:00,1.24896,1.25296,1.23804,1.24541,39603.0
2016-11-15 00:00:00+00:00,1.24523,1.25027,1.24096,1.24434,31565.0
2016-11-16 00:00:00+00:00,1.24457,1.25059,1.24086,1.24153,36818.0
2016-11-17 00:00:00+00:00,1.24177,1.24364,1.23024,1.23462,36370.0
2016-11-20 00:00:00+00:00,1.23431,1.25124,1.23124,1.24932,49279.0
2016-11-21 00:00:00+00:00,1.24978,1.25132,1.2384,1.2423,28485.0
2016-11-22 00:00:00+00:00,1.24197,1.24689,1.23606,1.24401,27945.0
2016-11-23 00:00:00+00:00,1.24384,1.24946,1.24024,1.24503,27443.0
2016-11-24 00:00:00+00:00,1.24522,1.24873,1.2416,1.2479,34943.0
2016-11-27 00:00:00+00:00,1.24644,1.2532,1.2386,1.24158,29690.0
2016-11-28 00:00:00+00:00,1.24135,1.2526,1.23882,1.24935,23686.0
2016-11-29 00:00:00+00:00,1.24918,1.25238,1.24198,1.25061,28939.0
2016-11-30 00:00:00+00:00,1.25041,1.2696,1.25039,1.25902,37709.0
2016-12-01 00:00:00+00:00,1.25924,1.27382,1.257,1.2733,29173.0
2016-12-04 00:00:00+00:00,1.26838,1.2745,1.26274,1.27316,59162.0
2016-12-05 00:00:00+00:00,1.27288,1.27748,1.26564,1.26782,22423.0
2016-12-06 00:00:00+00:00,1.26783,1.26834,1.257,1.26258,20958.0
2016-12-07 00:00:00+00:00,1.2625,1.27051,1.25491,1.25874,37968.0
2016-12-08 00:00:00+00:00,1.25807,1.26208,1.25527,1.25771,21334.0
2016-12-11 00:00:00+00:00,1.25772,1.26995,1.2567,1.26755,21430.0
2016-12-12 00:00:00+00:00,1.26828,1.27284,1.26536,1.26575,25673.0
2016-12-13 00:00:00+00:00,1.26592,1.2726,1.253,1.25635,37599.0
2016-12-14 00:00:00+00:00,1.25619,1.25682,1.23764,1.242,44254.0
2016-12-15 00:00:00+00:00,1.24372,1.25102,1.23828,1.24882,31876.0
2016-12-18 00:00:00+00:00,1.24877,1.25028,1.23553,1.23924,28210.0
2016-12-19 00:00:00+00:00,1.23986,1.24092,1.2313,1.2368,27246.0
2016-12-20 00:00:00+00:00,1.23664,1.23908,1.23237,1.23538,19648.0
2016-12-21 00:00:00+00:00,1.23522,1.2379,1.22772,1.22843,22573.0
2016-12-22 00:00:00+00:00,1.22814,1.22992,1.22286,1.2289,18975.0
2016-12-26 00:00:00+00:00,1.22786,1.22878,1.22408,1.22696,14159.0
2016-12-27 00:00:00+00:00,1.22717,1.22971,1.2201,1.22268,18208.0
2016-12-28 00:00:00+00:00,1.22339,1.22746,1.22092,1.2262,27068.0
2016-12-29 00:00:00+00:00,1.22602,1.23883,1.22458,1.23418,53119.0
2017-01-02 00:00:00+00:00,1.22819,1.23073,1.21992,1.22381,27373.0
2017-01-03 00:00:00+00:00,1.22362,1.23534,1.22216,1.23216,30253.0
2017-01-04 00:00:00+00:00,1.2324,1.24325,1.22704,1.24187,45612.0
2017-01-05 00:00:00+00:00,1.24206,1.24314,1.22616,1.22851,35819.0
2017-01-08 00:00:00+00:00,1.2249,1.22712,1.21241,1.21624,30839.0
2017-01-09 00:00:00+00:00,1.21646,1.21898,1.21074,1.21766,32208.0
2017-01-10 00:00:00+00:00,1.21748,1.22731,1.20384,1.22132,55994.0
2017-01-11 00:00:00+00:00,1.22108,1.2317,1.21527,1.21622,42072.0
2017-01-12 00:00:00+00:00,1.21604,1.22334,1.21213,1.21841,34125.0
2017-01-15 00:00:00+00:00,1.20017,1.20854,1.1987,1.20479,56173.0
2017-01-16 00:00:00+00:00,1.2056,1.2416,1.20172,1.24142,67658.0
2017-01-17 00:00:00+00:00,1.24127,1.24151,1.22544,1.22595,37148.0
2017-01-18 00:00:00+00:00,1.22616,1.23445,1.22532,1.23415,37490.0
2017-01-19 00:00:00+00:00,1.23432,1.23808,1.22606,1.2374,40803.0
2017-01-22 00:00:00+00:00,1.23748,1.25386,1.23734,1.25352,31795.0
2017-01-23 00:00:00+00:00,1.25335,1.25448,1.24184,1.25202,39038.0
2017-01-24 00:00:00+00:00,1.25243,1.26386,1.24914,1.26345,31292.0
2017-01-25 00:00:00+00:00,1.2636,1.26739,1.25567,1.25942,32736.0
2017-01-26 00:00:00+00:00,1.26025,1.2606,1.25162,1.25485,28011.0
2017-01-29 00:00:00+00:00,1.25889,1.26009,1.24658,1.24856,24380.0
2017-01-30 00:00:00+00:00,1.24813,1.25964,1.24126,1.25785,35582.0
2017-01-31 00:00:00+00:00,1.25845,1.268,1.25426,1.26592,34151.0
2017-02-01 00:00:00+00:00,1.26608,1.27064,1.25184,1.25287,33631.0
2017-02-02 00:00:00+00:00,1.25254,1.25382,1.24585,1.2484,30408.0
2017-02-05 00:00:00+00:00,1.24881,1.24989,1.24274,1.24683,22058.0
2017-02-06 00:00:00+00:00,1.24666,1.25464,1.2347,1.25088,29180.0
2017-02-07 00:00:00+00:00,1.25078,1.25499,1.2475,1.2542,25951.0
2017-02-08 00:00:00+00:00,1.25398,1.25824,1.24912,1.2497,27132.0
2017-02-09 00:00:00+00:00,1.24949,1.25216,1.24404,1.24868,26863.0
2017-02-12 00:00:00+00:00,1.24754,1.25395,1.24754,1.25264,21367.0
2017-02-13 00:00:00+00:00,1.2525,1.25483,1.24432,1.2468,28518.0
2017-02-14 00:00:00+00:00,1.24697,1.24809,1.23835,1.24626,27096.0
2017-02-15 00:00:00+00:00,1.24604,1.25238,1.24548,1.24889,23204.0
2017-02-16 00:00:00+00:00,1.24877,1.25111,1.2388,1.24106,22993.0
2017-02-19 00:00:00+00:00,1.24075,1.24827,1.24072,1.24649,20541.0
2017-02-20 00:00:00+00:00,1.24627,1.24814,1.24014,1.2474,22506.0
2017-02-21 00:00:00+00:00,1.2472,1.25082,1.24201,1.24477,26422.0
2017-02-22 00:00:00+00:00,1.24514,1.25614,1.2428,1.25548,23309.0
2017-02-23 00:00:00+00:00,1.25564,1.25701,1.24484,1.24621,22547.0
2017-02-26 00:00:00+00:00,1.24731,1.2479,1.23834,1.24444,33745.0
2017-02-27 00:00:00+00:00,1.24396,1.24703,1.23742,1.23784,68912.0
2017-02-28 00:00:00+00:00,1.23781,1.24052,1.22802,1.2292,88507.0
2017-03-01 00:00:00+00:00,1.22939,1.23076,1.22422,1.2266,66437.0
2017-03-02 00:00:00+00:00,1.22655,1.23026,1.22141,1.22991,79580.0
2017-03-05 00:00:00+00:00,1.22848,1.23008,1.22241,1.2237,51908.0
2017-03-06 00:00:00+00:00,1.22378,1.2253,1.21694,1.22,50857.0
2017-03-07 00:00:00+00:00,1.21991,1.22138,1.21386,1.21674,52984.0
2017-03-08 00:00:00+00:00,1.21663,1.21956,1.21328,1.21631,80719.0
2017-03-09 00:00:00+00:00,1.21604,1.21885,1.21404,1.21641,72426.0
2017-03-12 00:00:00+00:00,1.21619,1.22512,1.21534,1.22173,68091.0
2017-03-13 00:00:00+00:00,1.22201,1.22254,1.21092,1.21524,63830.0
2017-03-14 00:00:00+00:00,1.21497,1.23096,1.21448,1.22894,92710.0
2017-03-15 00:00:00+00:00,1.22924,1.23775,1.22419,1.23619,81436.0
2017-03-16 00:00:00+00:00,1.23586,1.24048,1.23241,1.23934,57325.0
2017-03-19 00:00:00+00:00,1.23856,1.2436,1.2335,1.23584,46773.0
2017-03-20 00:00:00+00:00,1.23585,1.24948,1.23405,1.2478,66038.0
2017-03-21 00:00:00+00:00,1.2477,1.2506,1.2423,1.24825,57954.0
2017-03-22 00:00:00+00:00,1.24868,1.25316,1.2463,1.252,60018.0
2017-03-23 00:00:00+00:00,1.25221,1.25227,1.24696,1.24718,48094.0
2017-03-26 00:00:00+00:00,1.24947,1.26155,1.249,1.25592,57972.0
2017-03-27 00:00:00+00:00,1.25566,1.25967,1.24409,1.245,53274.0
2017-03-28 00:00:00+00:00,1.24463,1.24762,1.23766,1.24329,72437.0
2017-03-29 00:00:00+00:00,1.24322,1.25245,1.24032,1.24705,56472.0
2017-03-30 00:00:00+00:00,1.24662,1.256,1.24331,1.25497,69283.0
2017-04-02 00:00:00+00:00,1.25476,1.25567,1.24657,1.24852,47166.0
2017-04-03 00:00:00+00:00,1.24835,1.24952,1.2419,1.24392,50288.0
2017-04-04 00:00:00+00:00,1.2442,1.24986,1.24235,1.24829,55379.0
2017-04-05 00:00:00+00:00,1.24826,1.25059,1.245,1.24688,43473.0
2017-04-06 00:00:00+00:00,1.24684,1.24774,1.23656,1.23732,68807.0
2017-04-09 00:00:00+00:00,1.23852,1.24293,1.23655,1.24162,38096.0
2017-04-10 00:00:00+00:00,1.2414,1.24944,1.24036,1.24922,49574.0
2017-04-11 00:00:00+00:00,1.24902,1.25484,1.24808,1.25407,60376.0
2017-04-12 00:00:00+00:00,1.25366,1.25755,1.2501,1.25041,53374.0
2017-04-13 00:00:00+00:00,1.25104,1.25354,1.25,1.25235,79495.0
2017-04-16 00:00:00+00:00,1.25305,1.25958,1.25252,1.25656,38090.0
2017-04-17 00:00:00+00:00,1.2569,1.29084,1.25148,1.28402,111244.0
2017-04-18 00:00:00+00:00,1.28374,1.2861,1.27698,1.27796,76348.0
2017-04-19 00:00:00+00:00,1.27754,1.28471,1.27727,1.28109,52987.0
2017-04-20 00:00:00+00:00,1.28144,1.28347,1.27558,1.28119,57679.0
2017-04-23 00:00:00+00:00,1.2843,1.28441,1.27722,1.27966,75892.0
2017-04-24 00:00:00+00:00,1.27946,1.2846,1.27751,1.28371,60639.0
2017-04-25 00:00:00+00:00,1.28432,1.28634,1.2805,1.28498,65923.0
2017-04-26 00:00:00+00:00,1.28474,1.29176,1.28388,1.29037,69455.0
2017-04-27 00:00:00+00:00,1.29021,1.29658,1.28898,1.2948,71691.0
2017-04-30 00:00:00+00:00,1.29304,1.29472,1.28824,1.28866,41033.0
2017-05-01 00:00:00+00:00,1.28826,1.29402,1.28648,1.29393,46773.0
2017-05-02 00:00:00+00:00,1.29397,1.29482,1.28657,1.28665,64795.0
2017-05-03 00:00:00+00:00,1.28698,1.29328,1.28304,1.29226,59025.0
2017-05-04 00:00:00+00:00,1.29218,1.29851,1.29,1.29782,63005.0
2017-05-07 00:00:00+00:00,1.29857,1.29902,1.29299,1.29396,53298.0
2017-05-08 00:00:00+00:00,1.29363,1.29608,1.2903,1.29339,54613.0
2017-05-09 00:00:00+00:00,1.2933,1.29884,1.29278,1.29372,56208.0
2017-05-10 00:00:00+00:00,1.29372,1.29486,1.28496,1.28862,61271.0
2017-05-11 00:00:00+00:00,1.28848,1.28999,1.28446,1.28855,50342.0
2017-05-14 00:00:00+00:00,1.2882,1.29408,1.28809,1.28947,50611.0
2017-05-15 00:00:00+00:00,1.28994,1.2958,1.28652,1.2919,57747.0
2017-05-16 00:00:00+00:00,1.29129,1.2991,1.29062,1.2971,61807.0
2017-05-17 00:00:00+00:00,1.29674,1.30481,1.28877,1.29416,88671.0
2017-05-18 00:00:00+00:00,1.29325,1.30404,1.29218,1.30371,47737.0
2017-05-21 00:00:00+00:00,1.29974,1.30426,1.29654,1.30002,51434.0
2017-05-22 00:00:00+00:00,1.30012,1.30342,1.29526,1.29606,74225.0
2017-05-23 00:00:00+00:00,1.29596,1.29992,1.29273,1.29762,56619.0
2017-05-24 00:00:00+00:00,1.29683,1.30151,1.2932,1.29413,48360.0
2017-05-25 00:00:00+00:00,1.29384,1.29482,1.27756,1.28076,68572.0
2017-05-28 00:00:00+00:00,1.28037,1.28508,1.27992,1.28429,42574.0
2017-05-29 00:00:00+00:00,1.28385,1.28885,1.27938,1.28579,52967.0
2017-05-30 00:00:00+00:00,1.28576,1.29214,1.2769,1.28897,76752.0
2017-05-31 00:00:00+00:00,1.28926,1.29162,1.28292,1.28809,55351.0
2017-06-01 00:00:00+00:00,1.28843,1.29042,1.28456,1.28938,58623.0
2017-06-04 00:00:00+00:00,1.28636,1.29412,1.2857,1.29034,47778.0
2017-06-05 00:00:00+00:00,1.29028,1.29502,1.28722,1.29086,45551.0
2017-06-06 00:00:00+00:00,1.29137,1.2971,1.28876,1.29606,54695.0
2017-06-07 00:00:00+00:00,1.29692,1.29776,1.29078,1.29583,67870.0
2017-06-08 00:00:00+00:00,1.29541,1.29607,1.26352,1.27444,224644.0
2017-06-11 00:00:00+00:00,1.2713,1.27702,1.26393,1.26585,58712.0
2017-06-12 00:00:00+00:00,1.26617,1.27565,1.2642,1.27544,55145.0
2017-06-13 00:00:00+00:00,1.27564,1.28179,1.27234,1.27508,94901.0
2017-06-14 00:00:00+00:00,1.2755,1.2796,1.26905,1.27551,82612.0
2017-06-15 00:00:00+00:00,1.27586,1.2806,1.27508,1.27782,51359.0
2017-06-18 00:00:00+00:00,1.27622,1.28148,1.27234,1.27381,52862.0
2017-06-19 00:00:00+00:00,1.27348,1.27586,1.26026,1.26288,57809.0
2017-06-20 00:00:00+00:00,1.26264,1.27104,1.25896,1.26713,50344.0
2017-06-21 00:00:00+00:00,1.26708,1.26916,1.26538,1.26836,38069.0
2017-06-22 00:00:00+00:00,1.26796,1.2744,1.26752,1.27206,35582.0
2017-06-25 00:00:00+00:00,1.27408,1.27596,1.27063,1.27232,35927.0
2017-06-26 00:00:00+00:00,1.27204,1.2862,1.27162,1.28132,47766.0
2017-06-27 00:00:00+00:00,1.28167,1.29724,1.27941,1.29272,79442.0
2017-06-28 00:00:00+00:00,1.29278,1.30174,1.29234,1.3005,54748.0
2017-06-29 00:00:00+00:00,1.2997,1.30303,1.2945,1.3024,51785.0
2017-07-02 00:00:00+00:00,1.30078,1.30248,1.29318,1.29382,39561.0
2017-07-03 00:00:00+00:00,1.29449,1.29586,1.29125,1.29218,64042.0
2017-07-04 00:00:00+00:00,1.29225,1.29478,1.28933,1.2934,42379.0
2017-07-05 00:00:00+00:00,1.29321,1.29846,1.29202,1.29706,46391.0
2017-07-06 00:00:00+00:00,1.29676,1.29746,1.28668,1.28849,43538.0
2017-07-09 00:00:00+00:00,1.28893,1.29084,1.28546,1.28817,27779.0
2017-07-10 00:00:00+00:00,1.28779,1.29278,1.28309,1.28456,36451.0
2017-07-11 00:00:00+00:00,1.28425,1.29082,1.28116,1.28859,60114.0
2017-07-12 00:00:00+00:00,1.28814,1.29556,1.28814,1.29388,47176.0
2017-07-13 00:00:00+00:00,1.29421,1.31143,1.29358,1.30977,42637.0
2017-07-16 00:00:00+00:00,1.3096,1.31134,1.30467,1.3055,39855.0
2017-07-17 00:00:00+00:00,1.30582,1.31264,1.30048,1.30397,57900.0
2017-07-18 00:00:00+00:00,1.30443,1.30532,1.30108,1.30239,42636.0
2017-07-19 00:00:00+00:00,1.30212,1.3033,1.29334,1.29724,67678.0
2017-07-20 00:00:00+00:00,1.29714,1.302,1.29538,1.29978,45374.0
2017-07-23 00:00:00+00:00,1.29966,1.30584,1.29894,1.30282,38111.0
2017-07-24 00:00:00+00:00,1.30299,1.3084,1.30076,1.30242,42548.0
2017-07-25 00:00:00+00:00,1.30282,1.3124,1.29991,1.31218,58657.0
2017-07-26 00:00:00+00:00,1.31125,1.31594,1.30506,1.30646,59988.0
2017-07-27 00:00:00+00:00,1.30666,1.3152,1.30618,1.3137,55147.0
2017-07-30 00:00:00+00:00,1.31221,1.32254,1.30971,1.3214,50385.0
2017-07-31 00:00:00+00:00,1.32113,1.32451,1.31906,1.32044,47153.0
2017-08-01 00:00:00+00:00,1.32029,1.32514,1.3191,1.32244,46818.0
2017-08-02 00:00:00+00:00,1.32268,1.32692,1.31124,1.31386,61730.0
2017-08-03 00:00:00+00:00,1.31393,1.31646,1.3024,1.30364,42892.0
2017-08-06 00:00:00+00:00,1.3042,1.30593,1.30144,1.30336,35284.0
2017-08-07 00:00:00+00:00,1.3033,1.30534,1.29524,1.29942,33200.0
2017-08-08 00:00:00+00:00,1.29891,1.30288,1.2968,1.30029,39437.0
2017-08-09 00:00:00+00:00,1.3003,1.30154,1.29512,1.29766,39485.0
2017-08-10 00:00:00+00:00,1.29758,1.30319,1.29396,1.30128,41338.0
2017-08-13 00:00:00+00:00,1.30157,1.30224,1.29562,1.2964,28444.0
2017-08-14 00:00:00+00:00,1.29604,1.297,1.28462,1.28702,38499.0
2017-08-15 00:00:00+00:00,1.28675,1.29034,1.28417,1.28903,41542.0
2017-08-16 00:00:00+00:00,1.289,1.29102,1.28529,1.28692,46501.0
2017-08-17 00:00:00+00:00,1.28714,1.29182,1.28319,1.28716,40420.0
2017-08-20 00:00:00+00:00,1.28595,1.29166,1.28502,1.29012,27777.0
2017-08-21 00:00:00+00:00,1.29024,1.29093,1.2811,1.28244,28544.0
2017-08-22 00:00:00+00:00,1.28259,1.28334,1.27796,1.27978,35645.0
2017-08-23 00:00:00+00:00,1.28004,1.28367,1.27746,1.28002,30558.0
2017-08-24 00:00:00+00:00,1.28039,1.28889,1.27947,1.28812,64024.0
2017-08-27 00:00:00+00:00,1.29322,1.29426,1.28734,1.2932,30910.0
2017-08-28 00:00:00+00:00,1.2931,1.29786,1.29151,1.29183,48321.0
2017-08-29 00:00:00+00:00,1.29171,1.2938,1.2878,1.29254,41289.0
2017-08-30 00:00:00+00:00,1.29254,1.29353,1.28524,1.29316,45281.0
2017-08-31 00:00:00+00:00,1.29316,1.29956,1.29054,1.29509,52817.0
2017-09-03 00:00:00+00:00,1.29614,1.29666,1.2913,1.29299,48452.0
2017-09-04 00:00:00+00:00,1.29299,1.30423,1.29096,1.30316,47299.0
2017-09-05 00:00:00+00:00,1.30316,1.30824,1.30186,1.30441,43375.0
2017-09-06 00:00:00+00:00,1.30441,1.3116,1.30325,1.31003,54613.0
2017-09-07 00:00:00+00:00,1.31003,1.32245,1.30944,1.31943,48978.0
2017-09-10 00:00:00+00:00,1.3183,1.32222,1.3161,1.31652,33515.0
2017-09-11 00:00:00+00:00,1.31652,1.32986,1.31604,1.3283,39882.0
2017-09-12 00:00:00+00:00,1.3283,1.33294,1.31836,1.32109,45234.0
2017-09-13 00:00:00+00:00,1.32109,1.34064,1.31529,1.33952,84137.0
2017-09-14 00:00:00+00:00,1.33952,1.36168,1.33812,1.35882,71937.0
2017-09-17 00:00:00+00:00,1.35601,1.36188,1.34655,1.34975,48753.0
2017-09-18 00:00:00+00:00,1.34975,1.35518,1.34686,1.35132,62187.0
2017-09-19 00:00:00+00:00,1.35132,1.36596,1.34521,1.34941,98900.0
2017-09-20 00:00:00+00:00,1.34941,1.3587,1.34711,1.35816,66994.0
2017-09-21 00:00:00+00:00,1.35816,1.35962,1.34498,1.34966,78340.0
2017-09-24 00:00:00+00:00,1.34882,1.35711,1.34315,1.34695,54349.0
2017-09-25 00:00:00+00:00,1.34695,1.35149,1.34093,1.34571,65424.0
2017-09-26 00:00:00+00:00,1.34572,1.34622,1.3364,1.33877,67969.0
2017-09-27 00:00:00+00:00,1.3382,1.34558,1.33434,1.3441,61662.0
2017-09-28 00:00:00+00:00,1.34436,1.34448,1.33498,1.3399,64524.0
2017-10-01 00:00:00+00:00,1.33763,1.34022,1.32563,1.32782,47335.0
2017-10-02 00:00:00+00:00,1.32795,1.32878,1.32219,1.32392,58198.0
2017-10-03 00:00:00+00:00,1.3235,1.32919,1.32337,1.32466,43365.0
2017-10-04 00:00:00+00:00,1.32429,1.325,1.31078,1.31174,52065.0
2017-10-05 00:00:00+00:00,1.31202,1.31222,1.30274,1.30712,59165.0
2017-10-06 00:00:00+00:00,1.30712,1.30712,1.30712,1.30712,1.0
2017-10-08 00:00:00+00:00,1.30948,1.31838,1.30767,1.31406,35905.0
2017-10-09 00:00:00+00:00,1.31398,1.32264,1.31319,1.32037,42007.0
2017-10-10 00:00:00+00:00,1.32058,1.32343,1.31756,1.32245,41188.0
2017-10-11 00:00:00+00:00,1.32194,1.32911,1.31216,1.32607,75843.0
2017-10-12 00:00:00+00:00,1.3259,1.33384,1.32472,1.32836,68589.0
2017-10-15 00:00:00+00:00,1.33031,1.3314,1.32251,1.32529,40818.0
2017-10-16 00:00:00+00:00,1.32529,1.32872,1.31545,1.31936,52960.0
2017-10-17 00:00:00+00:00,1.31852,1.32163,1.31401,1.32062,45833.0
2017-10-18 00:00:00+00:00,1.32064,1.32291,1.31298,1.31586,60979.0
2017-10-19 00:00:00+00:00,1.31568,1.32008,1.30881,1.31866,72236.0
2017-10-20 00:00:00+00:00,1.31866,1.31866,1.31866,1.31866,1.0
2017-10-22 00:00:00+00:00,1.31877,1.32278,1.31576,1.31986,48792.0
2017-10-23 00:00:00+00:00,1.31958,1.32282,1.31136,1.31376,53888.0
2017-10-24 00:00:00+00:00,1.31312,1.32713,1.311,1.32616,74222.0
2017-10-25 00:00:00+00:00,1.3258,1.32793,1.31461,1.31604,66144.0
2017-10-26 00:00:00+00:00,1.31584,1.31632,1.30698,1.31264,70147.0
2017-10-29 00:00:00+00:00,1.31272,1.3215,1.31202,1.32081,49257.0
2017-10-30 00:00:00+00:00,1.32062,1.32888,1.3192,1.32848,48813.0
2017-10-31 00:00:00+00:00,1.32812,1.33211,1.32406,1.32464,67047.0
2017-11-01 00:00:00+00:00,1.32428,1.32998,1.30426,1.306,91539.0
2017-11-02 00:00:00+00:00,1.306,1.31346,1.30392,1.30746,60107.0
2017-11-05 00:00:00+00:00,1.30742,1.3175,1.3059,1.31742,43242.0
2017-11-06 00:00:00+00:00,1.31704,1.31774,1.31087,1.31679,58578.0
2017-11-07 00:00:00+00:00,1.31686,1.31765,1.30864,1.31138,52140.0
2017-11-08 00:00:00+00:00,1.31107,1.3166,1.30847,1.31474,62472.0
2017-11-09 00:00:00+00:00,1.31484,1.32297,1.31122,1.31919,54013.0
2017-11-12 00:00:00+00:00,1.31647,1.31826,1.30617,1.3115,57323.0
2017-11-13 00:00:00+00:00,1.3115,1.31876,1.30744,1.31662,55339.0
2017-11-14 00:00:00+00:00,1.3162,1.32146,1.31306,1.31736,81103.0
2017-11-15 00:00:00+00:00,1.31698,1.32088,1.31357,1.31953,68583.0
2017-11-16 00:00:00+00:00,1.31926,1.32606,1.31697,1.32125,69685.0
2017-11-19 00:00:00+00:00,1.32147,1.32798,1.31856,1.3233,63452.0
2017-11-20 00:00:00+00:00,1.32322,1.32677,1.32093,1.32395,52372.0
2017-11-21 00:00:00+00:00,1.32432,1.33299,1.32123,1.33223,55229.0
2017-11-22 00:00:00+00:00,1.33218,1.33366,1.3285,1.33068,55070.0
2017-11-23 00:00:00+00:00,1.33051,1.33604,1.32784,1.33364,53692.0
2017-11-26 00:00:00+00:00,1.33218,1.33832,1.33106,1.33197,51826.0
2017-11-27 00:00:00+00:00,1.33132,1.33888,1.32209,1.33375,95378.0
2017-11-28 00:00:00+00:00,1.33536,1.34488,1.33396,1.34084,89973.0
2017-11-29 00:00:00+00:00,1.34074,1.3549,1.34068,1.35283,90954.0
2017-11-30 00:00:00+00:00,1.35283,1.35498,1.34438,1.34833,112178.0
2017-12-03 00:00:00+00:00,1.34332,1.35384,1.34122,1.34786,97699.0
2017-12-04 00:00:00+00:00,1.34764,1.34802,1.337,1.34438,70856.0
2017-12-05 00:00:00+00:00,1.34438,1.3446,1.33584,1.33945,68558.0
2017-12-06 00:00:00+00:00,1.33955,1.34852,1.33199,1.3473,85480.0
2017-12-07 00:00:00+00:00,1.34722,1.3521,1.3355,1.33868,91487.0
2017-12-10 00:00:00+00:00,1.3383,1.34318,1.33308,1.33421,59627.0
2017-12-11 00:00:00+00:00,1.33379,1.33804,1.33024,1.33194,61297.0
2017-12-12 00:00:00+00:00,1.33158,1.34318,1.3312,1.34156,76198.0
2017-12-13 00:00:00+00:00,1.34039,1.34704,1.3383,1.34293,92121.0
2017-12-14 00:00:00+00:00,1.34332,1.34481,1.33008,1.33227,80220.0
2017-12-17 00:00:00+00:00,1.33141,1.34187,1.33102,1.33843,65408.0
2017-12-18 00:00:00+00:00,1.33851,1.3402,1.33307,1.33859,68402.0
2017-12-19 00:00:00+00:00,1.33859,1.34206,1.33711,1.3377,58772.0
2017-12-20 00:00:00+00:00,1.33778,1.33878,1.3332,1.33874,60460.0
2017-12-21 00:00:00+00:00,1.33834,1.33974,1.33462,1.33613,70089.0
2017-12-25 00:00:00+00:00,1.33701,1.33896,1.33478,1.33757,48617.0
2017-12-26 00:00:00+00:00,1.33729,1.34298,1.33676,1.33965,54964.0
2017-12-27 00:00:00+00:00,1.34093,1.3457,1.3393,1.34443,54829.0
2017-12-28 00:00:00+00:00,1.34443,1.3545,1.34268,1.35045,69293.0
2018-01-01 00:00:00+00:00,1.35021,1.36006,1.35021,1.35918,71374.0
2018-01-02 00:00:00+00:00,1.3587,1.36134,1.3494,1.35179,60992.0
2018-01-03 00:00:00+00:00,1.35127,1.35602,1.35056,1.35532,55005.0
2018-01-04 00:00:00+00:00,1.3549,1.35827,1.35238,1.35654,58210.0
2018-01-07 00:00:00+00:00,1.35623,1.35862,1.35229,1.35661,43778.0
2018-01-08 00:00:00+00:00,1.35696,1.35829,1.35056,1.35415,40394.0
2018-01-09 00:00:00+00:00,1.35386,1.35624,1.34816,1.35085,60198.0
2018-01-10 00:00:00+00:00,1.35093,1.3555,1.34585,1.35366,59882.0
2018-01-11 00:00:00+00:00,1.35359,1.37439,1.3533,1.37322,77295.0
2018-01-14 00:00:00+00:00,1.37325,1.382,1.37258,1.3795,74918.0
2018-01-15 00:00:00+00:00,1.37975,1.38055,1.37419,1.37923,60708.0
2018-01-16 00:00:00+00:00,1.37935,1.3943,1.37572,1.38297,83083.0
2018-01-17 00:00:00+00:00,1.38297,1.39132,1.38044,1.38927,73203.0
2018-01-18 00:00:00+00:00,1.38916,1.39458,1.38385,1.38558,72906.0
2018-01-21 00:00:00+00:00,1.38922,1.39914,1.38573,1.39859,62330.0
2018-01-22 00:00:00+00:00,1.39834,1.40282,1.39164,1.39979,72755.0
2018-01-23 00:00:00+00:00,1.40056,1.42646,1.39972,1.42429,97775.0
2018-01-24 00:00:00+00:00,1.4239,1.43459,1.40828,1.41419,187052.0
2018-01-25 00:00:00+00:00,1.41348,1.429,1.4109,1.41577,129436.0
2018-01-28 00:00:00+00:00,1.41411,1.41589,1.40252,1.40737,93057.0
2018-01-29 00:00:00+00:00,1.40718,1.41674,1.39797,1.41493,96742.0
2018-01-30 00:00:00+00:00,1.41456,1.42326,1.41214,1.41932,126584.0
2018-01-31 00:00:00+00:00,1.41889,1.42784,1.4159,1.42669,94161.0
2018-02-01 00:00:00+00:00,1.42676,1.42777,1.41014,1.41198,108081.0
2018-02-04 00:00:00+00:00,1.41012,1.41502,1.39543,1.39596,122869.0
2018-02-05 00:00:00+00:00,1.39596,1.39993,1.38366,1.39524,135452.0
2018-02-06 00:00:00+00:00,1.39471,1.39948,1.38488,1.38832,90953.0
2018-02-07 00:00:00+00:00,1.3874,1.40672,1.38456,1.39114,149950.0
2018-02-08 00:00:00+00:00,1.39106,1.39876,1.37648,1.38268,130566.0
2018-02-11 00:00:00+00:00,1.38117,1.38768,1.37958,1.38364,75430.0
2018-02-12 00:00:00+00:00,1.38342,1.39248,1.38322,1.38944,71945.0
2018-02-13 00:00:00+00:00,1.38878,1.40174,1.38007,1.39978,108104.0
2018-02-14 00:00:00+00:00,1.39978,1.4105,1.39938,1.40988,95244.0
2018-02-15 00:00:00+00:00,1.40964,1.41452,1.39966,1.40321,83557.0
2018-02-18 00:00:00+00:00,1.40189,1.40496,1.39592,1.4002,67354.0
2018-02-19 00:00:00+00:00,1.40028,1.40242,1.39312,1.39963,75035.0
2018-02-20 00:00:00+00:00,1.39963,1.40094,1.39041,1.39198,102118.0
2018-02-21 00:00:00+00:00,1.3916,1.39892,1.38566,1.39574,77597.0
2018-02-22 00:00:00+00:00,1.39537,1.40056,1.39044,1.39707,70067.0
2018-02-25 00:00:00+00:00,1.39866,1.40699,1.3928,1.39656,67471.0
2018-02-26 00:00:00+00:00,1.39695,1.39968,1.38582,1.39082,88173.0
2018-02-27 00:00:00+00:00,1.39074,1.39165,1.37564,1.37603,85019.0
2018-02-28 00:00:00+00:00,1.37575,1.37857,1.37122,1.37776,96932.0
2018-03-01 00:00:00+00:00,1.37712,1.38173,1.37557,1.38031,83899.0
2018-03-04 00:00:00+00:00,1.38029,1.38775,1.3767,1.38496,96568.0
2018-03-05 00:00:00+00:00,1.38503,1.393,1.38164,1.38902,76415.0
2018-03-06 00:00:00+00:00,1.38902,1.39131,1.38465,1.39007,90951.0
2018-03-07 00:00:00+00:00,1.38936,1.39102,1.37815,1.38096,87747.0
2018-03-08 00:00:00+00:00,1.38096,1.38896,1.3788,1.38478,80491.0
2018-03-11 00:00:00+00:00,1.38543,1.39174,1.38414,1.39052,50227.0
2018-03-12 00:00:00+00:00,1.39072,1.39942,1.38744,1.3963,63488.0
2018-03-13 00:00:00+00:00,1.3963,1.39954,1.3925,1.39624,60606.0
2018-03-14 00:00:00+00:00,1.39632,1.39892,1.39213,1.39378,63164.0
2018-03-15 00:00:00+00:00,1.39346,1.39812,1.38886,1.39465,56721.0
2018-03-18 00:00:00+00:00,1.39406,1.40884,1.39126,1.40238,78999.0
2018-03-19 00:00:00+00:00,1.4023,1.40664,1.39826,1.39972,62779.0
2018-03-20 00:00:00+00:00,1.39972,1.41504,1.39968,1.41404,100526.0
2018-03-21 00:00:00+00:00,1.41393,1.4222,1.40766,1.40956,92520.0
2018-03-22 00:00:00+00:00,1.40983,1.41722,1.40852,1.41343,83993.0
2018-03-25 00:00:00+00:00,1.41404,1.42443,1.41312,1.42304,53192.0
2018-03-26 00:00:00+00:00,1.42316,1.42444,1.4066,1.41568,69086.0
2018-03-27 00:00:00+00:00,1.41541,1.4201,1.40708,1.40756,68992.0
2018-03-28 00:00:00+00:00,1.40793,1.40966,1.40105,1.40192,64671.0
2018-03-29 00:00:00+00:00,1.40162,1.4061,1.40113,1.40121,104556.0
2018-04-01 00:00:00+00:00,1.40283,1.40778,1.40212,1.40431,43876.0
2018-04-02 00:00:00+00:00,1.40423,1.40892,1.40212,1.40599,57724.0
2018-04-03 00:00:00+00:00,1.40536,1.40962,1.4015,1.40792,60220.0
2018-04-04 00:00:00+00:00,1.40782,1.40973,1.39654,1.40047,54030.0
2018-04-05 00:00:00+00:00,1.40004,1.41068,1.39832,1.40926,66609.0
2018-04-08 00:00:00+00:00,1.4089,1.41648,1.40784,1.41302,51420.0
2018-04-09 00:00:00+00:00,1.41293,1.41879,1.4121,1.41745,57980.0
2018-04-10 00:00:00+00:00,1.41786,1.42237,1.41606,1.41762,57631.0
2018-04-11 00:00:00+00:00,1.41762,1.42472,1.41452,1.4226,60192.0
2018-04-12 00:00:00+00:00,1.42321,1.42962,1.42209,1.42371,47199.0
2018-04-15 00:00:00+00:00,1.42457,1.43446,1.42304,1.43395,48367.0
2018-04-16 00:00:00+00:00,1.43402,1.43769,1.42826,1.42884,50798.0
2018-04-17 00:00:00+00:00,1.42858,1.43152,1.41724,1.42046,56112.0
2018-04-18 00:00:00+00:00,1.42008,1.4246,1.40686,1.40864,65992.0
2018-04-19 00:00:00+00:00,1.40864,1.40932,1.39949,1.4003,64428.0
2018-04-22 00:00:00+00:00,1.40047,1.40312,1.39262,1.39384,49806.0
2018-04-23 00:00:00+00:00,1.39378,1.39869,1.39178,1.39774,47508.0
2018-04-24 00:00:00+00:00,1.39749,1.39972,1.39238,1.39318,41654.0
2018-04-25 00:00:00+00:00,1.39275,1.39978,1.38945,1.39168,67724.0
2018-04-26 00:00:00+00:00,1.39168,1.3935,1.37472,1.3781,62630.0
2018-04-29 00:00:00+00:00,1.37735,1.37932,1.37124,1.37635,55959.0
2018-04-30 00:00:00+00:00,1.37628,1.37736,1.35886,1.36146,56001.0
2018-05-01 00:00:00+00:00,1.36146,1.36667,1.35555,1.35736,70513.0
2018-05-02 00:00:00+00:00,1.35783,1.36292,1.35377,1.35767,69603.0
2018-05-03 00:00:00+00:00,1.35734,1.35858,1.34868,1.35295,57279.0
2018-05-06 00:00:00+00:00,1.35337,1.35756,1.35151,1.35556,41457.0
2018-05-07 00:00:00+00:00,1.35597,1.3594,1.34844,1.35478,64238.0
2018-05-08 00:00:00+00:00,1.35396,1.36074,1.34992,1.35449,59034.0
2018-05-09 00:00:00+00:00,1.35484,1.36181,1.34599,1.35194,103967.0
2018-05-10 00:00:00+00:00,1.3522,1.3596,1.3502,1.3539,57663.0
2018-05-13 00:00:00+00:00,1.3544,1.36084,1.35396,1.35551,40345.0
2018-05-14 00:00:00+00:00,1.3558,1.3572,1.34518,1.35072,61372.0
2018-05-15 00:00:00+00:00,1.35072,1.35206,1.34554,1.34866,77801.0
2018-05-16 00:00:00+00:00,1.34832,1.35687,1.34742,1.35164,67250.0
2018-05-17 00:00:00+00:00,1.35164,1.35284,1.34548,1.34677,46027.0
2018-05-20 00:00:00+00:00,1.34628,1.3484,1.33912,1.34249,51196.0
2018-05-21 00:00:00+00:00,1.343,1.34922,1.3413,1.34296,61038.0
2018-05-22 00:00:00+00:00,1.34338,1.34428,1.33052,1.33469,81263.0
2018-05-23 00:00:00+00:00,1.33412,1.34224,1.33412,1.3379,82548.0
2018-05-24 00:00:00+00:00,1.33835,1.33908,1.32934,1.32963,70697.0
2018-05-27 00:00:00+00:00,1.33192,1.33414,1.32967,1.33124,68308.0
2018-05-28 00:00:00+00:00,1.33089,1.3325,1.32046,1.32546,87593.0
2018-05-29 00:00:00+00:00,1.32461,1.33078,1.32423,1.3283,80504.0
2018-05-30 00:00:00+00:00,1.32902,1.33484,1.32773,1.32962,78392.0
2018-05-31 00:00:00+00:00,1.32974,1.33618,1.32544,1.33473,76178.0
2018-06-03 00:00:00+00:00,1.33491,1.33988,1.32948,1.33146,60808.0
2018-06-04 00:00:00+00:00,1.33142,1.3409,1.33028,1.33946,62717.0
2018-06-05 00:00:00+00:00,1.33896,1.34434,1.33857,1.34154,60574.0
2018-06-06 00:00:00+00:00,1.34092,1.34728,1.33701,1.34239,66736.0
2018-06-07 00:00:00+00:00,1.34238,1.34398,1.33543,1.34097,65320.0
2018-06-10 00:00:00+00:00,1.34167,1.34417,1.33446,1.33807,48086.0
2018-06-11 00:00:00+00:00,1.33807,1.34248,1.33419,1.33695,67901.0
2018-06-12 00:00:00+00:00,1.33738,1.33894,1.33082,1.33782,65456.0
2018-06-13 00:00:00+00:00,1.33696,1.3447,1.32564,1.32626,86761.0
2018-06-14 00:00:00+00:00,1.32626,1.32987,1.32118,1.3278,69029.0
2018-06-17 00:00:00+00:00,1.32663,1.32844,1.32262,1.32447,60926.0
2018-06-18 00:00:00+00:00,1.32484,1.32732,1.31507,1.31758,67712.0
2018-06-19 00:00:00+00:00,1.31793,1.3218,1.31454,1.31684,58590.0
2018-06-20 00:00:00+00:00,1.31757,1.32696,1.3102,1.32437,93190.0
2018-06-21 00:00:00+00:00,1.32469,1.33154,1.32378,1.32661,77545.0
2018-06-24 00:00:00+00:00,1.32571,1.3291,1.32213,1.32825,71900.0
2018-06-25 00:00:00+00:00,1.32833,1.32918,1.3192,1.32209,62080.0
2018-06-26 00:00:00+00:00,1.32318,1.32338,1.31062,1.31116,75141.0
2018-06-27 00:00:00+00:00,1.3116,1.31224,1.305,1.30765,95079.0
2018-06-28 00:00:00+00:00,1.30762,1.32142,1.30682,1.32097,93809.0
2018-07-01 00:00:00+00:00,1.31888,1.32084,1.3095,1.31442,72058.0
2018-07-02 00:00:00+00:00,1.31544,1.3207,1.31148,1.31951,59825.0
2018-07-03 00:00:00+00:00,1.31908,1.32504,1.31712,1.32283,69775.0
2018-07-04 00:00:00+00:00,1.32248,1.32749,1.3204,1.32179,104509.0
2018-07-05 00:00:00+00:00,1.32123,1.32907,1.32036,1.3283,56684.0
2018-07-08 00:00:00+00:00,1.33186,1.33625,1.31886,1.32606,90008.0
2018-07-09 00:00:00+00:00,1.32617,1.33019,1.3223,1.32723,62672.0
2018-07-10 00:00:00+00:00,1.32763,1.32858,1.31998,1.32068,80083.0
2018-07-11 00:00:00+00:00,1.32068,1.32452,1.31802,1.32039,60749.0
2018-07-12 00:00:00+00:00,1.3208,1.32398,1.31025,1.32362,62745.0
2018-07-15 00:00:00+00:00,1.32331,1.32931,1.32168,1.32338,43603.0
2018-07-16 00:00:00+00:00,1.32337,1.32686,1.30686,1.31134,68586.0
2018-07-17 00:00:00+00:00,1.31204,1.31219,1.30096,1.30712,62504.0
2018-07-18 00:00:00+00:00,1.30716,1.3083,1.29572,1.30146,75285.0
2018-07-19 00:00:00+00:00,1.30166,1.31404,1.29952,1.3135,72317.0
2018-07-22 00:00:00+00:00,1.31278,1.31585,1.30814,1.30997,52212.0
2018-07-23 00:00:00+00:00,1.30988,1.316,1.30714,1.31459,56301.0
2018-07-24 00:00:00+00:00,1.31459,1.32014,1.31332,1.31882,56548.0
2018-07-25 00:00:00+00:00,1.31926,1.3213,1.3106,1.31094,56745.0
2018-07-26 00:00:00+00:00,1.3106,1.31315,1.30824,1.31067,43397.0
2018-07-29 00:00:00+00:00,1.31126,1.3152,1.30972,1.31344,97146.0
2018-07-30 00:00:00+00:00,1.31374,1.31731,1.30892,1.31233,47603.0
2018-07-31 00:00:00+00:00,1.31194,1.31448,1.30952,1.31272,51720.0
2018-08-01 00:00:00+00:00,1.31182,1.31294,1.30147,1.30184,60040.0
2018-08-02 00:00:00+00:00,1.30143,1.3043,1.29755,1.29995,56389.0
2018-08-05 00:00:00+00:00,1.30118,1.30146,1.29202,1.29446,32645.0
2018-08-06 00:00:00+00:00,1.29496,1.2974,1.29234,1.29374,32894.0
2018-08-07 00:00:00+00:00,1.294,1.29603,1.28536,1.28838,40546.0
2018-08-08 00:00:00+00:00,1.28804,1.29119,1.28182,1.28232,40192.0
2018-08-09 00:00:00+00:00,1.28287,1.28373,1.2723,1.27696,92270.0
2018-08-12 00:00:00+00:00,1.27484,1.27914,1.27301,1.27649,70464.0
2018-08-13 00:00:00+00:00,1.27713,1.28282,1.27042,1.27221,60729.0
2018-08-14 00:00:00+00:00,1.27232,1.27357,1.26618,1.26962,66644.0
2018-08-15 00:00:00+00:00,1.27002,1.27544,1.26853,1.27148,60598.0
2018-08-16 00:00:00+00:00,1.27183,1.2754,1.26957,1.27519,49670.0
2018-08-19 00:00:00+00:00,1.27489,1.27994,1.27296,1.27956,34604.0
2018-08-20 00:00:00+00:00,1.27949,1.29252,1.27936,1.29024,49153.0
2018-08-21 00:00:00+00:00,1.28963,1.29369,1.28684,1.29106,51187.0
2018-08-22 00:00:00+00:00,1.29068,1.29204,1.28048,1.2812,45868.0
2018-08-23 00:00:00+00:00,1.28165,1.28811,1.27995,1.28496,51267.0
2018-08-26 00:00:00+00:00,1.28447,1.29015,1.2829,1.28918,44573.0
2018-08-27 00:00:00+00:00,1.28944,1.29322,1.28622,1.28714,44299.0
2018-08-28 00:00:00+00:00,1.28722,1.30329,1.28459,1.30282,68221.0
2018-08-29 00:00:00+00:00,1.30242,1.30434,1.29851,1.30079,52707.0
2018-08-30 00:00:00+00:00,1.3007,1.30292,1.29442,1.29603,61403.0
2018-09-02 00:00:00+00:00,1.2913,1.2934,1.28546,1.28678,43881.0
2018-09-03 00:00:00+00:00,1.28733,1.28762,1.28101,1.28561,52033.0
2018-09-04 00:00:00+00:00,1.28587,1.29832,1.27861,1.2907,75002.0
2018-09-05 00:00:00+00:00,1.29018,1.29626,1.28966,1.29288,61337.0
2018-09-06 00:00:00+00:00,1.29258,1.30288,1.29082,1.29203,86820.0
2018-09-09 00:00:00+00:00,1.29225,1.30522,1.28971,1.30258,55975.0
2018-09-10 00:00:00+00:00,1.30238,1.3088,1.29626,1.30302,63670.0
2018-09-11 00:00:00+00:00,1.30278,1.3085,1.298,1.30459,63817.0
2018-09-12 00:00:00+00:00,1.30413,1.31252,1.30262,1.3106,59792.0
2018-09-13 00:00:00+00:00,1.31087,1.31452,1.30566,1.30674,54899.0
2018-09-16 00:00:00+00:00,1.30723,1.3165,1.3069,1.31599,47712.0
2018-09-17 00:00:00+00:00,1.31542,1.31736,1.31186,1.31471,59804.0
2018-09-18 00:00:00+00:00,1.3147,1.32152,1.30966,1.31422,69718.0
2018-09-19 00:00:00+00:00,1.31386,1.32988,1.31342,1.32704,83440.0
2018-09-20 00:00:00+00:00,1.32643,1.32769,1.3055,1.30764,75328.0
2018-09-23 00:00:00+00:00,1.30777,1.31675,1.30634,1.31165,49784.0
2018-09-24 00:00:00+00:00,1.31212,1.31944,1.30954,1.3181,52041.0
2018-09-25 00:00:00+00:00,1.31854,1.32184,1.31385,1.31685,66249.0
2018-09-26 00:00:00+00:00,1.31653,1.31797,1.30738,1.30795,60305.0
2018-09-27 00:00:00+00:00,1.30805,1.30906,1.30006,1.30325,47273.0
2018-09-30 00:00:00+00:00,1.30391,1.31184,1.30123,1.30416,45856.0
2018-10-01 00:00:00+00:00,1.3048,1.30486,1.29414,1.29797,51484.0
2018-10-02 00:00:00+00:00,1.29836,1.30231,1.29235,1.29382,70717.0
2018-10-03 00:00:00+00:00,1.2938,1.30416,1.29221,1.30202,61263.0
2018-10-04 00:00:00+00:00,1.30227,1.31232,1.30031,1.31175,72906.0
2018-10-07 00:00:00+00:00,1.31243,1.31332,1.30286,1.3095,55271.0
2018-10-08 00:00:00+00:00,1.30872,1.315,1.3033,1.3145,64941.0
2018-10-09 00:00:00+00:00,1.31416,1.32161,1.31341,1.31949,55842.0
2018-10-10 00:00:00+00:00,1.3196,1.32519,1.31822,1.32338,83168.0
2018-10-11 00:00:00+00:00,1.3229,1.32584,1.31458,1.31514,66158.0
2018-10-14 00:00:00+00:00,1.30847,1.3182,1.30843,1.31528,62260.0
2018-10-15 00:00:00+00:00,1.31559,1.3237,1.31406,1.31867,61975.0
2018-10-16 00:00:00+00:00,1.31822,1.31932,1.30996,1.31136,62279.0
2018-10-17 00:00:00+00:00,1.31138,1.31316,1.30162,1.30182,60509.0
2018-10-18 00:00:00+00:00,1.30182,1.31046,1.30118,1.30698,62826.0
2018-10-21 00:00:00+00:00,1.30767,1.30907,1.29569,1.29666,56720.0
2018-10-22 00:00:00+00:00,1.29673,1.3045,1.2937,1.29847,83503.0
2018-10-23 00:00:00+00:00,1.2987,1.2993,1.28674,1.28795,82767.0
2018-10-24 00:00:00+00:00,1.28832,1.29201,1.27964,1.28192,85598.0
2018-10-25 00:00:00+00:00,1.28157,1.2842,1.27769,1.2827,92269.0
2018-10-28 00:00:00+00:00,1.28265,1.28532,1.27914,1.2794,70644.0
2018-10-29 00:00:00+00:00,1.27979,1.28122,1.2696,1.27057,72557.0
2018-10-30 00:00:00+00:00,1.27027,1.28312,1.26976,1.27666,80632.0
2018-10-31 00:00:00+00:00,1.27668,1.3036,1.27606,1.30011,116568.0
2018-11-01 00:00:00+00:00,1.30069,1.3041,1.29521,1.29693,82203.0
2018-11-04 00:00:00+00:00,1.30224,1.30561,1.29644,1.30434,68584.0
2018-11-05 00:00:00+00:00,1.30376,1.31079,1.30214,1.3099,70334.0
2018-11-06 00:00:00+00:00,1.31056,1.31751,1.30731,1.31284,102376.0
2018-11-07 00:00:00+00:00,1.31248,1.315,1.30448,1.30622,85073.0
2018-11-08 00:00:00+00:00,1.30622,1.30737,1.29581,1.29724,83658.0
2018-11-11 00:00:00+00:00,1.29148,1.29464,1.28272,1.2851,102264.0
2018-11-12 00:00:00+00:00,1.28485,1.3048,1.28397,1.29754,125959.0
2018-11-13 00:00:00+00:00,1.29768,1.30729,1.28802,1.29878,203648.0
2018-11-14 00:00:00+00:00,1.2987,1.30303,1.27234,1.27734,216026.0
2018-11-15 00:00:00+00:00,1.27704,1.28782,1.27586,1.28312,119600.0
2018-11-18 00:00:00+00:00,1.2845,1.28848,1.27942,1.2854,78543.0
2018-11-19 00:00:00+00:00,1.28502,1.2884,1.27763,1.27886,82451.0
2018-11-20 00:00:00+00:00,1.27836,1.28194,1.27645,1.27766,71528.0
2018-11-21 00:00:00+00:00,1.27745,1.29282,1.27699,1.28762,111621.0
2018-11-22 00:00:00+00:00,1.28785,1.2883,1.27986,1.28162,79535.0
2018-11-25 00:00:00+00:00,1.28276,1.28644,1.27953,1.281,69771.0
2018-11-26 00:00:00+00:00,1.28121,1.28194,1.27255,1.27468,89932.0
2018-11-27 00:00:00+00:00,1.27403,1.28475,1.27328,1.28225,82924.0
2018-11-28 00:00:00+00:00,1.28262,1.285,1.27553,1.27905,82894.0
2018-11-29 00:00:00+00:00,1.27873,1.2809,1.2735,1.27486,89099.0
2018-12-02 00:00:00+00:00,1.27684,1.28249,1.2699,1.27256,78686.0
2018-12-03 00:00:00+00:00,1.27256,1.28404,1.26582,1.27158,111383.0
2018-12-04 00:00:00+00:00,1.27189,1.27982,1.26718,1.27349,86394.0
2018-12-05 00:00:00+00:00,1.2732,1.2813,1.26992,1.27856,106137.0
2018-12-06 00:00:00+00:00,1.27817,1.27955,1.27096,1.27258,100104.0
2018-12-09 00:00:00+00:00,1.27066,1.27612,1.25066,1.25602,138184.0
2018-12-10 00:00:00+00:00,1.25646,1.26397,1.24801,1.24899,114755.0
2018-12-11 00:00:00+00:00,1.24856,1.26734,1.24764,1.26291,147695.0
2018-12-12 00:00:00+00:00,1.26321,1.26877,1.261,1.26551,92682.0
2018-12-13 00:00:00+00:00,1.26524,1.26686,1.25293,1.25868,116269.0
2018-12-16 00:00:00+00:00,1.26008,1.26473,1.2573,1.26141,103549.0
2018-12-17 00:00:00+00:00,1.26223,1.27062,1.26101,1.26403,84119.0
2018-12-18 00:00:00+00:00,1.2638,1.26793,1.26066,1.26119,118899.0
2018-12-19 00:00:00+00:00,1.26119,1.27078,1.261,1.26565,103671.0
2018-12-20 00:00:00+00:00,1.26542,1.26978,1.26183,1.26406,119953.0
2018-12-23 00:00:00+00:00,1.26508,1.27393,1.26352,1.27143,115758.0
2018-12-25 00:00:00+00:00,1.27143,1.27195,1.26318,1.26342,89240.0
2018-12-26 00:00:00+00:00,1.26308,1.26756,1.26158,1.26457,190423.0
2018-12-27 00:00:00+00:00,1.2642,1.27084,1.26358,1.26998,87556.0
2018-12-30 00:00:00+00:00,1.26964,1.28152,1.2681,1.27583,91369.0
2019-01-01 00:00:00+00:00,1.27583,1.27739,1.25812,1.26108,101620.0
2019-01-02 00:00:00+00:00,1.26037,1.26476,1.24555,1.26346,133672.0
2019-01-03 00:00:00+00:00,1.26312,1.27447,1.26158,1.27228,104928.0
2019-01-06 00:00:00+00:00,1.27296,1.27868,1.27138,1.27765,61352.0
2019-01-07 00:00:00+00:00,1.27832,1.2798,1.27066,1.27142,69036.0
2019-01-08 00:00:00+00:00,1.27212,1.28042,1.27108,1.27908,95130.0
2019-01-09 00:00:00+00:00,1.27908,1.2802,1.27283,1.27521,78612.0
2019-01-10 00:00:00+00:00,1.27469,1.28664,1.27096,1.28428,103402.0
2019-01-13 00:00:00+00:00,1.28562,1.29316,1.28188,1.2868,97668.0
2019-01-14 00:00:00+00:00,1.28638,1.29162,1.2668,1.28622,145519.0
2019-01-15 00:00:00+00:00,1.28578,1.28978,1.28248,1.28783,96984.0
2019-01-16 00:00:00+00:00,1.28862,1.3001,1.28322,1.29845,100628.0
2019-01-17 00:00:00+00:00,1.29872,1.29946,1.28569,1.2871,78663.0
2019-01-20 00:00:00+00:00,1.28744,1.29114,1.28308,1.28939,74795.0
2019-01-21 00:00:00+00:00,1.2891,1.29756,1.28552,1.29545,74071.0
2019-01-22 00:00:00+00:00,1.29523,1.30807,1.2942,1.30699,79265.0
2019-01-23 00:00:00+00:00,1.30673,1.30948,1.30119,1.30627,90784.0
2019-01-24 00:00:00+00:00,1.30665,1.32179,1.30566,1.31956,97642.0
2019-01-27 00:00:00+00:00,1.31886,1.3213,1.31372,1.31572,67711.0
2019-01-28 00:00:00+00:00,1.31524,1.32002,1.30556,1.30659,116141.0
2019-01-29 00:00:00+00:00,1.30638,1.31452,1.30543,1.31154,64561.0
2019-01-30 00:00:00+00:00,1.31121,1.31606,1.30979,1.31092,19412.0
2019-01-31 00:00:00+00:00,1.31056,1.3115,1.30437,1.30798,17833.0
2019-02-03 00:00:00+00:00,1.30718,1.31033,1.30295,1.30367,14173.0
2019-02-04 00:00:00+00:00,1.30395,1.30538,1.29249,1.29506,13643.0
2019-02-05 00:00:00+00:00,1.29479,1.29792,1.29255,1.29307,14526.0
2019-02-06 00:00:00+00:00,1.29336,1.29966,1.28544,1.29517,19079.0
2019-02-07 00:00:00+00:00,1.29517,1.2976,1.29216,1.29424,13112.0
2019-02-10 00:00:00+00:00,1.29308,1.29388,1.28449,1.28607,17470.0
2019-02-11 00:00:00+00:00,1.28577,1.29094,1.28326,1.28938,14697.0
2019-02-12 00:00:00+00:00,1.28938,1.29591,1.28452,1.28459,19097.0
2019-02-13 00:00:00+00:00,1.28476,1.2878,1.27733,1.28008,21094.0
2019-02-14 00:00:00+00:00,1.28043,1.28982,1.27848,1.28892,19586.0
2019-02-17 00:00:00+00:00,1.29104,1.29386,1.28918,1.29244,18324.0
2019-02-18 00:00:00+00:00,1.29255,1.3073,1.28962,1.30634,17865.0
2019-02-19 00:00:00+00:00,1.30625,1.31095,1.30123,1.30501,20694.0
2019-02-20 00:00:00+00:00,1.30506,1.30954,1.30264,1.30395,21546.0
2019-02-21 00:00:00+00:00,1.30412,1.30808,1.29684,1.30562,17464.0
2019-02-24 00:00:00+00:00,1.30748,1.31144,1.30509,1.30963,18157.0
2019-02-25 00:00:00+00:00,1.31169,1.32882,1.31157,1.32521,31033.0
2019-02-26 00:00:00+00:00,1.32526,1.33502,1.32336,1.33095,23271.0
2019-02-27 00:00:00+00:00,1.33088,1.33195,1.32538,1.32622,22336.0
2019-02-28 00:00:00+00:00,1.32622,1.32862,1.31719,1.32052,20689.0
2019-03-03 00:00:00+00:00,1.32488,1.32552,1.31668,1.31806,17186.0
2019-03-04 00:00:00+00:00,1.31783,1.31987,1.30977,1.31781,22569.0
2019-03-05 00:00:00+00:00,1.31757,1.31812,1.31242,1.31708,19030.0
2019-03-06 00:00:00+00:00,1.31702,1.31849,1.30685,1.30842,24082.0
2019-03-07 00:00:00+00:00,1.30847,1.31085,1.29904,1.30158,25242.0
2019-03-10 00:00:00+00:00,1.2973,1.31702,1.29607,1.3151,30048.0
2019-03-11 00:00:00+00:00,1.3149,1.32895,1.30054,1.30764,51993.0
2019-03-12 00:00:00+00:00,1.3077,1.33822,1.30609,1.33383,31500.0
2019-03-13 00:00:00+00:00,1.33373,1.33373,1.32075,1.32414,32941.0
2019-03-14 00:00:00+00:00,1.32358,1.33001,1.32032,1.32918,23083.0
2019-03-17 00:00:00+00:00,1.32962,1.33004,1.31846,1.32543,21116.0
2019-03-18 00:00:00+00:00,1.32535,1.33112,1.32413,1.32656,17693.0
2019-03-19 00:00:00+00:00,1.3265,1.32744,1.31466,1.31937,29142.0
2019-03-20 00:00:00+00:00,1.31965,1.32269,1.30044,1.31087,32830.0
2019-03-21 00:00:00+00:00,1.31069,1.32235,1.30814,1.32098,28476.0
2019-03-24 00:00:00+00:00,1.32166,1.32464,1.31604,1.31984,25742.0
2019-03-25 00:00:00+00:00,1.31979,1.32615,1.31578,1.32048,24323.0
2019-03-26 00:00:00+00:00,1.32037,1.32692,1.31667,1.31926,31347.0
2019-03-27 00:00:00+00:00,1.31916,1.32141,1.30352,1.30424,30432.0
2019-03-28 00:00:00+00:00,1.30508,1.3136,1.29778,1.30326,36183.0
2019-03-31 00:00:00+00:00,1.30419,1.31496,1.301,1.31041,20979.0
2019-04-01 00:00:00+00:00,1.30974,1.315,1.3014,1.31329,28545.0
2019-04-02 00:00:00+00:00,1.31339,1.3196,1.3121,1.31571,21796.0
2019-04-03 00:00:00+00:00,1.31585,1.3191,1.30603,1.30751,19387.0
2019-04-04 00:00:00+00:00,1.30786,1.31224,1.29874,1.30364,19069.0
2019-04-07 00:00:00+00:00,1.30398,1.30742,1.30301,1.30624,14671.0
2019-04-08 00:00:00+00:00,1.30585,1.31216,1.30308,1.30515,19648.0
2019-04-09 00:00:00+00:00,1.3052,1.31202,1.30451,1.30897,16093.0
2019-04-10 00:00:00+00:00,1.3095,1.31089,1.30504,1.3055,16628.0
2019-04-11 00:00:00+00:00,1.30575,1.31328,1.30506,1.30728,14239.0
2019-04-14 00:00:00+00:00,1.30807,1.31192,1.3071,1.30997,11992.0
2019-04-15 00:00:00+00:00,1.30997,1.31015,1.30428,1.30482,15014.0
2019-04-16 00:00:00+00:00,1.30499,1.30673,1.3029,1.30411,14265.0
2019-04-17 00:00:00+00:00,1.3042,1.30527,1.29792,1.29874,17728.0
2019-04-18 00:00:00+00:00,1.29892,1.301,1.29838,1.29932,14113.0
2019-04-19 00:00:00+00:00,1.29942,1.29968,1.29942,1.2996,3.0
2019-04-21 00:00:00+00:00,1.29958,1.2999,1.29756,1.29807,4449.0
2019-04-22 00:00:00+00:00,1.29819,1.30193,1.2928,1.29376,13916.0
2019-04-23 00:00:00+00:00,1.29381,1.29634,1.2888,1.29013,15949.0
2019-04-24 00:00:00+00:00,1.29042,1.29168,1.2866,1.28983,15185.0
2019-04-25 00:00:00+00:00,1.28922,1.29436,1.28766,1.29158,15639.0
2019-04-28 00:00:00+00:00,1.2926,1.2947,1.2905,1.29327,11445.0
2019-04-29 00:00:00+00:00,1.29333,1.30488,1.29264,1.30344,16483.0
2019-04-30 00:00:00+00:00,1.30327,1.31023,1.30301,1.30492,15777.0
2019-05-01 00:00:00+00:00,1.30519,1.30804,1.30183,1.30322,16897.0
2019-05-02 00:00:00+00:00,1.30307,1.31767,1.299,1.31746,18888.0
2019-05-05 00:00:00+00:00,1.31476,1.31706,1.30817,1.30962,14817.0
2019-05-06 00:00:00+00:00,1.30974,1.31312,1.30398,1.30731,14627.0
2019-05-07 00:00:00+00:00,1.30754,1.30802,1.29874,1.3007,17180.0
2019-05-08 00:00:00+00:00,1.30062,1.3036,1.29676,1.3006,16723.0
2019-05-09 00:00:00+00:00,1.30161,1.30475,1.29913,1.29998,16104.0
2019-05-12 00:00:00+00:00,1.30012,1.30408,1.29412,1.29579,12711.0
2019-05-13 00:00:00+00:00,1.29584,1.29705,1.29041,1.29053,11725.0
2019-05-14 00:00:00+00:00,1.29053,1.29233,1.28264,1.28421,13175.0
2019-05-15 00:00:00+00:00,1.28448,1.28518,1.27879,1.27975,9419.0
2019-05-16 00:00:00+00:00,1.2798,1.27992,1.27146,1.27188,12012.0
2019-05-19 00:00:00+00:00,1.2737,1.27571,1.27147,1.27231,8365.0
2019-05-20 00:00:00+00:00,1.27257,1.28142,1.26854,1.27056,20296.0
2019-05-21 00:00:00+00:00,1.27076,1.27193,1.26244,1.26613,15069.0
2019-05-22 00:00:00+00:00,1.26593,1.26838,1.26054,1.26585,16824.0
2019-05-23 00:00:00+00:00,1.2655,1.27324,1.26476,1.2713,16586.0
2019-05-26 00:00:00+00:00,1.27266,1.27478,1.26674,1.26808,7153.0
2019-05-27 00:00:00+00:00,1.26779,1.27019,1.26512,1.26525,15017.0
2019-05-28 00:00:00+00:00,1.2655,1.26714,1.26117,1.26265,13467.0
2019-05-29 00:00:00+00:00,1.26242,1.26408,1.2581,1.26085,10644.0
2019-05-30 00:00:00+00:00,1.26096,1.26448,1.2559,1.26316,16560.0
2019-06-02 00:00:00+00:00,1.26315,1.26742,1.26106,1.26641,14300.0
2019-06-03 00:00:00+00:00,1.26641,1.27147,1.26424,1.26994,16783.0
2019-06-04 00:00:00+00:00,1.26969,1.27436,1.26812,1.26822,17181.0
2019-06-05 00:00:00+00:00,1.26888,1.27424,1.2669,1.26937,19863.0
2019-06-06 00:00:00+00:00,1.26958,1.2763,1.26889,1.27374,15529.0
2019-06-09 00:00:00+00:00,1.27378,1.27428,1.26532,1.26863,12688.0
2019-06-10 00:00:00+00:00,1.26852,1.27324,1.26707,1.27237,15489.0
2019-06-11 00:00:00+00:00,1.27228,1.27586,1.26816,1.26886,17249.0
2019-06-12 00:00:00+00:00,1.26875,1.2708,1.26626,1.2674,13162.0
2019-06-13 00:00:00+00:00,1.26763,1.26818,1.25804,1.259,15245.0
2019-06-16 00:00:00+00:00,1.25834,1.26056,1.25324,1.25338,9155.0
2019-06-17 00:00:00+00:00,1.25347,1.25646,1.25062,1.25576,15417.0
2019-06-18 00:00:00+00:00,1.25582,1.26738,1.25428,1.26422,16509.0
2019-06-19 00:00:00+00:00,1.26354,1.27273,1.26328,1.27042,19717.0
2019-06-20 00:00:00+00:00,1.27032,1.27466,1.26428,1.2744,16711.0
2019-06-21 00:00:00+00:00,1.2745,1.2745,1.2745,1.2745,1.0
2019-06-23 00:00:00+00:00,1.27334,1.27666,1.27082,1.2741,11884.0
2019-06-24 00:00:00+00:00,1.27368,1.2784,1.2672,1.26882,15919.0
2019-06-25 00:00:00+00:00,1.26913,1.27072,1.26628,1.2687,15830.0
2019-06-26 00:00:00+00:00,1.26884,1.27247,1.26618,1.26713,13769.0
2019-06-27 00:00:00+00:00,1.26713,1.27346,1.26654,1.26972,14670.0
2019-06-30 00:00:00+00:00,1.27008,1.27058,1.26321,1.26393,14059.0
2019-07-01 00:00:00+00:00,1.26404,1.26481,1.25841,1.25938,13836.0
2019-07-02 00:00:00+00:00,1.25931,1.26002,1.25572,1.25729,11084.0
2019-07-03 00:00:00+00:00,1.25722,1.25912,1.25689,1.25791,8213.0
2019-07-04 00:00:00+00:00,1.25814,1.25875,1.24814,1.2526,11934.0
2019-07-07 00:00:00+00:00,1.25301,1.254,1.25001,1.25174,7374.0
2019-07-08 00:00:00+00:00,1.25174,1.2523,1.24398,1.24621,10373.0
2019-07-09 00:00:00+00:00,1.24642,1.2521,1.24438,1.25056,13720.0
2019-07-10 00:00:00+00:00,1.25017,1.25714,1.25017,1.25259,13795.0
2019-07-11 00:00:00+00:00,1.25224,1.2579,1.25204,1.25748,11438.0
2019-07-14 00:00:00+00:00,1.2567,1.25778,1.25106,1.25162,9228.0
2019-07-15 00:00:00+00:00,1.25136,1.25206,1.23966,1.24063,13289.0
2019-07-16 00:00:00+00:00,1.24091,1.24566,1.23825,1.24326,11850.0
2019-07-17 00:00:00+00:00,1.24332,1.25582,1.24277,1.25487,15354.0
2019-07-18 00:00:00+00:00,1.25493,1.25565,1.24764,1.25034,12427.0
2019-07-19 00:00:00+00:00,1.2504,1.2504,1.2504,1.2504,1.0
2019-07-21 00:00:00+00:00,1.24938,1.25203,1.24557,1.24768,9302.0
2019-07-22 00:00:00+00:00,1.24729,1.2482,1.2418,1.24396,12493.0
2019-07-23 00:00:00+00:00,1.24405,1.2522,1.24272,1.24844,11818.0
2019-07-24 00:00:00+00:00,1.24839,1.25182,1.24372,1.2456,15696.0
2019-07-25 00:00:00+00:00,1.24554,1.24595,1.23764,1.23835,10029.0
2019-07-28 00:00:00+00:00,1.23774,1.2384,1.22124,1.22188,14232.0
2019-07-29 00:00:00+00:00,1.22204,1.22262,1.21195,1.21508,19670.0
2019-07-30 00:00:00+00:00,1.21519,1.22498,1.21342,1.2161,25997.0
2019-07-31 00:00:00+00:00,1.21588,1.21712,1.20796,1.21307,25603.0
2019-08-01 00:00:00+00:00,1.21307,1.21694,1.20904,1.21618,23365.0
2019-08-02 00:00:00+00:00,1.21604,1.21616,1.21604,1.21616,2.0
2019-08-04 00:00:00+00:00,1.21626,1.21885,1.21018,1.21413,23471.0
2019-08-05 00:00:00+00:00,1.21441,1.22096,1.21359,1.21684,20274.0
2019-08-06 00:00:00+00:00,1.21708,1.21911,1.2121,1.21436,22513.0
2019-08-07 00:00:00+00:00,1.21431,1.2183,1.20955,1.2135,18289.0
2019-08-08 00:00:00+00:00,1.2134,1.21488,1.20242,1.2028,19029.0
2019-08-11 00:00:00+00:00,1.20522,1.21066,1.20154,1.20758,18139.0
2019-08-12 00:00:00+00:00,1.20753,1.20978,1.20422,1.20598,27739.0
2019-08-13 00:00:00+00:00,1.20578,1.21008,1.2045,1.20591,17119.0
2019-08-14 00:00:00+00:00,1.20579,1.21508,1.2051,1.20907,20705.0
2019-08-15 00:00:00+00:00,1.20858,1.21753,1.20777,1.2146,16292.0
2019-08-18 00:00:00+00:00,1.21596,1.21726,1.21048,1.2126,12212.0
2019-08-19 00:00:00+00:00,1.21286,1.218,1.20644,1.21698,19576.0
2019-08-20 00:00:00+00:00,1.21705,1.21752,1.2112,1.21226,14764.0
2019-08-21 00:00:00+00:00,1.21268,1.22732,1.21087,1.22542,24131.0
2019-08-22 00:00:00+00:00,1.22532,1.22936,1.21946,1.2289,22097.0
2019-08-25 00:00:00+00:00,1.2268,1.22862,1.2208,1.22175,18862.0
2019-08-26 00:00:00+00:00,1.22169,1.231,1.22093,1.22888,18497.0
2019-08-27 00:00:00+00:00,1.22902,1.22918,1.21558,1.22104,25913.0
2019-08-28 00:00:00+00:00,1.22115,1.22325,1.21726,1.21823,17923.0
2019-08-29 00:00:00+00:00,1.21828,1.22256,1.21398,1.21638,19122.0
2019-09-01 00:00:00+00:00,1.21524,1.21748,1.2036,1.20656,13339.0
2019-09-02 00:00:00+00:00,1.20656,1.21057,1.19588,1.2086,28315.0
2019-09-03 00:00:00+00:00,1.20852,1.22567,1.20833,1.22531,24653.0
2019-09-04 00:00:00+00:00,1.22526,1.23538,1.22104,1.23317,23579.0
2019-09-05 00:00:00+00:00,1.23355,1.23435,1.22794,1.22862,19045.0
2019-09-08 00:00:00+00:00,1.2272,1.23852,1.22338,1.23451,18611.0
2019-09-09 00:00:00+00:00,1.23463,1.23798,1.23072,1.23579,16154.0
2019-09-10 00:00:00+00:00,1.23523,1.23708,1.23127,1.23303,16228.0
2019-09-11 00:00:00+00:00,1.23239,1.23668,1.22836,1.2331,24336.0
2019-09-12 00:00:00+00:00,1.23346,1.25064,1.23272,1.25018,20216.0
2019-09-15 00:00:00+00:00,1.24906,1.25091,1.23992,1.24293,15929.0
2019-09-16 00:00:00+00:00,1.24303,1.25273,1.23926,1.25001,13832.0
2019-09-17 00:00:00+00:00,1.24994,1.25124,1.24392,1.24712,18762.0
2019-09-18 00:00:00+00:00,1.24738,1.25604,1.24382,1.25241,20232.0
2019-09-19 00:00:00+00:00,1.25273,1.25826,1.24598,1.24738,20673.0
2019-09-22 00:00:00+00:00,1.24672,1.24908,1.24131,1.24326,15871.0
2019-09-23 00:00:00+00:00,1.24315,1.25033,1.24146,1.24944,18784.0
2019-09-24 00:00:00+00:00,1.24944,1.24977,1.23476,1.23508,15709.0
2019-09-25 00:00:00+00:00,1.23515,1.23805,1.23028,1.23234,15270.0
2019-09-26 00:00:00+00:00,1.23249,1.23366,1.22712,1.22888,14478.0
2019-09-29 00:00:00+00:00,1.22982,1.2346,1.22755,1.22954,14203.0
2019-09-30 00:00:00+00:00,1.229,1.23396,1.22058,1.2305,23314.0
2019-10-01 00:00:00+00:00,1.23041,1.23244,1.2227,1.22993,18629.0
2019-10-02 00:00:00+00:00,1.23026,1.24131,1.22661,1.23295,21629.0
2019-10-03 00:00:00+00:00,1.23316,1.23569,1.22763,1.2333,16255.0
2019-10-06 00:00:00+00:00,1.23152,1.23368,1.22877,1.22901,11416.0
2019-10-07 00:00:00+00:00,1.22929,1.23026,1.21956,1.22191,18267.0
2019-10-08 00:00:00+00:00,1.22186,1.22916,1.21979,1.22048,17083.0
2019-10-09 00:00:00+00:00,1.22084,1.24696,1.2206,1.24415,33666.0
2019-10-10 00:00:00+00:00,1.2443,1.27072,1.24081,1.26492,48352.0
2019-10-13 00:00:00+00:00,1.26314,1.26499,1.25163,1.26049,28512.0
2019-10-14 00:00:00+00:00,1.26091,1.28004,1.26031,1.27846,55852.0
2019-10-15 00:00:00+00:00,1.27856,1.28785,1.26568,1.28302,59167.0
2019-10-16 00:00:00+00:00,1.28312,1.29909,1.275,1.28917,53582.0
2019-10-17 00:00:00+00:00,1.2891,1.2988,1.28398,1.29832,32996.0
2019-10-18 00:00:00+00:00,1.29844,1.29844,1.29844,1.29844,1.0
2019-10-20 00:00:00+00:00,1.29845,1.30126,1.28885,1.29601,24350.0
2019-10-21 00:00:00+00:00,1.29595,1.30008,1.28624,1.28728,35758.0
2019-10-22 00:00:00+00:00,1.28756,1.29218,1.28414,1.29148,23196.0
2019-10-23 00:00:00+00:00,1.29135,1.295,1.27889,1.28511,22836.0
2019-10-24 00:00:00+00:00,1.28529,1.28632,1.28044,1.28288,15224.0
2019-10-27 00:00:00+00:00,1.2815,1.28766,1.28116,1.28593,15658.0
2019-10-28 00:00:00+00:00,1.2858,1.29049,1.28068,1.28697,18282.0
2019-10-29 00:00:00+00:00,1.28671,1.29076,1.28454,1.28992,18945.0
2019-10-30 00:00:00+00:00,1.29031,1.29759,1.2896,1.29411,18651.0
2019-10-31 00:00:00+00:00,1.29447,1.29727,1.29266,1.29398,17107.0
2019-11-03 00:00:00+00:00,1.29306,1.29428,1.28762,1.28827,11533.0
2019-11-04 00:00:00+00:00,1.2884,1.29175,1.28592,1.2883,14096.0
2019-11-05 00:00:00+00:00,1.28862,1.28972,1.28444,1.28552,10412.0
2019-11-06 00:00:00+00:00,1.28543,1.28782,1.27944,1.28145,18458.0
2019-11-07 00:00:00+00:00,1.28162,1.28245,1.2769,1.27754,11081.0
2019-11-10 00:00:00+00:00,1.28004,1.28978,1.2786,1.28547,12775.0
2019-11-11 00:00:00+00:00,1.28537,1.2874,1.28156,1.28455,13396.0
2019-11-12 00:00:00+00:00,1.28542,1.28624,1.2822,1.2851,12478.0
2019-11-13 00:00:00+00:00,1.28504,1.28884,1.28252,1.28818,12461.0
2019-11-14 00:00:00+00:00,1.28813,1.2919,1.28674,1.29032,10415.0
2019-11-17 00:00:00+00:00,1.29242,1.29854,1.29106,1.29527,12725.0
2019-11-18 00:00:00+00:00,1.29551,1.29701,1.29106,1.29263,11645.0
2019-11-19 00:00:00+00:00,1.29258,1.29309,1.28879,1.29236,13037.0
2019-11-20 00:00:00+00:00,1.2921,1.29702,1.28933,1.29081,12843.0
2019-11-21 00:00:00+00:00,1.29114,1.29286,1.28231,1.28344,14390.0
2019-11-24 00:00:00+00:00,1.28571,1.29121,1.28414,1.28997,11543.0
2019-11-25 00:00:00+00:00,1.29013,1.29042,1.28352,1.28652,12792.0
2019-11-26 00:00:00+00:00,1.28634,1.29188,1.28276,1.2911,15610.0
2019-11-27 00:00:00+00:00,1.29218,1.2951,1.28996,1.29118,14458.0
2019-11-28 00:00:00+00:00,1.29125,1.29442,1.2879,1.29374,11870.0
2019-12-01 00:00:00+00:00,1.29098,1.29489,1.28966,1.29417,11705.0
2019-12-02 00:00:00+00:00,1.29403,1.30116,1.29305,1.29959,12392.0
2019-12-03 00:00:00+00:00,1.2995,1.31206,1.29829,1.31038,16717.0
2019-12-04 00:00:00+00:00,1.31038,1.31663,1.31032,1.3159,12018.0
2019-12-05 00:00:00+00:00,1.31574,1.31656,1.31006,1.31388,13343.0
2019-12-08 00:00:00+00:00,1.31388,1.31814,1.3136,1.31425,12499.0
2019-12-09 00:00:00+00:00,1.31431,1.32154,1.31328,1.31566,14674.0
2019-12-10 00:00:00+00:00,1.31532,1.32134,1.31077,1.31954,17108.0
2019-12-11 00:00:00+00:00,1.31968,1.32296,1.30511,1.31764,34349.0
2019-12-12 00:00:00+00:00,1.31704,1.35152,1.31638,1.3334,50318.0
2019-12-15 00:00:00+00:00,1.33404,1.34222,1.33213,1.33344,19986.0
2019-12-16 00:00:00+00:00,1.33332,1.33366,1.30996,1.31305,30831.0
2019-12-17 00:00:00+00:00,1.31268,1.31344,1.306,1.30783,23812.0
2019-12-18 00:00:00+00:00,1.30809,1.31336,1.29898,1.30064,25385.0
2019-12-19 00:00:00+00:00,1.30094,1.30794,1.29787,1.30004,16565.0
2019-12-22 00:00:00+00:00,1.3002,1.30322,1.2905,1.29357,18022.0
2019-12-23 00:00:00+00:00,1.29357,1.2971,1.2915,1.29434,11843.0
2019-12-25 00:00:00+00:00,1.29424,1.3016,1.29424,1.29945,5978.0
2019-12-26 00:00:00+00:00,1.29952,1.31174,1.29686,1.30856,17495.0
2019-12-29 00:00:00+00:00,1.30928,1.31503,1.30756,1.31099,16431.0
2019-12-30 00:00:00+00:00,1.31137,1.32843,1.3106,1.32606,18916.0
2020-01-01 00:00:00+00:00,1.32607,1.32666,1.31155,1.31366,21980.0
2020-01-02 00:00:00+00:00,1.31384,1.31603,1.30537,1.3079,20584.0
2020-01-05 00:00:00+00:00,1.30918,1.31746,1.30644,1.3169,17529.0
2020-01-06 00:00:00+00:00,1.31699,1.32126,1.30952,1.31215,20234.0
2020-01-07 00:00:00+00:00,1.31256,1.31696,1.30804,1.30946,23436.0
2020-01-08 00:00:00+00:00,1.30963,1.31239,1.30129,1.30672,19687.0
2020-01-09 00:00:00+00:00,1.30672,1.30972,1.30427,1.30626,17980.0
2020-01-12 00:00:00+00:00,1.3038,1.30452,1.29612,1.29872,30478.0
2020-01-13 00:00:00+00:00,1.29886,1.30332,1.29546,1.30193,30916.0
2020-01-14 00:00:00+00:00,1.30206,1.30428,1.29849,1.3039,26799.0
2020-01-15 00:00:00+00:00,1.30383,1.30832,1.30256,1.30785,27820.0
2020-01-16 00:00:00+00:00,1.3078,1.3119,1.30066,1.3009,30840.0
2020-01-19 00:00:00+00:00,1.29938,1.30135,1.29622,1.30102,16365.0
2020-01-20 00:00:00+00:00,1.30107,1.30834,1.29954,1.30491,26734.0
2020-01-21 00:00:00+00:00,1.30465,1.31532,1.30347,1.31418,32071.0
2020-01-22 00:00:00+00:00,1.31434,1.31512,1.30969,1.31256,25957.0
2020-01-23 00:00:00+00:00,1.3124,1.31753,1.30568,1.30721,33203.0
2020-01-26 00:00:00+00:00,1.30806,1.31054,1.304,1.30575,23311.0
2020-01-27 00:00:00+00:00,1.30559,1.3065,1.29753,1.30276,21486.0
2020-01-28 00:00:00+00:00,1.30281,1.30301,1.29896,1.30205,17563.0
2020-01-29 00:00:00+00:00,1.30194,1.31102,1.29777,1.30931,33854.0
2020-01-30 00:00:00+00:00,1.30925,1.32098,1.30844,1.32055,26888.0
2020-02-02 00:00:00+00:00,1.31769,1.31844,1.29831,1.29971,32929.0
2020-02-03 00:00:00+00:00,1.29963,1.30468,1.29414,1.30312,31584.0
2020-02-04 00:00:00+00:00,1.30301,1.307,1.29566,1.30013,32430.0
2020-02-05 00:00:00+00:00,1.30024,1.30024,1.29211,1.29281,25483.0
2020-02-06 00:00:00+00:00,1.29301,1.29594,1.2882,1.28861,29245.0
2020-02-09 00:00:00+00:00,1.28921,1.29462,1.28722,1.29139,25906.0
2020-02-10 00:00:00+00:00,1.29145,1.29684,1.28944,1.29514,27943.0
2020-02-11 00:00:00+00:00,1.29528,1.29916,1.29491,1.2959,23584.0
2020-02-12 00:00:00+00:00,1.29576,1.30696,1.29442,1.30443,32498.0
2020-02-13 00:00:00+00:00,1.30418,1.30634,1.30012,1.30464,24295.0
2020-02-16 00:00:00+00:00,1.30399,1.30543,1.29983,1.3005,16263.0
2020-02-17 00:00:00+00:00,1.30057,1.30488,1.29709,1.29977,28920.0
2020-02-18 00:00:00+00:00,1.29988,1.30235,1.29076,1.29221,28400.0
2020-02-19 00:00:00+00:00,1.29208,1.29287,1.28491,1.28831,32964.0
2020-02-20 00:00:00+00:00,1.28837,1.2981,1.2878,1.29608,31921.0
2020-02-23 00:00:00+00:00,1.29462,1.29562,1.28868,1.29293,33410.0
2020-02-24 00:00:00+00:00,1.29319,1.30178,1.29144,1.30038,35983.0
2020-02-25 00:00:00+00:00,1.30057,1.30097,1.2896,1.28994,38315.0
2020-02-26 00:00:00+00:00,1.29011,1.29466,1.28602,1.28854,49063.0
2020-02-27 00:00:00+00:00,1.28862,1.29197,1.2726,1.28192,62257.0
2020-03-01 00:00:00+00:00,1.27793,1.28508,1.274,1.27532,67274.0
2020-03-02 00:00:00+00:00,1.27527,1.28441,1.27409,1.2814,72073.0
2020-03-03 00:00:00+00:00,1.28106,1.28725,1.27703,1.2872,48949.0
2020-03-04 00:00:00+00:00,1.28715,1.29687,1.2861,1.29534,39586.0
2020-03-05 00:00:00+00:00,1.29552,1.30524,1.29474,1.30482,72939.0
2020-03-08 00:00:00+00:00,1.30782,1.32008,1.3035,1.31203,131691.0
2020-03-09 00:00:00+00:00,1.31203,1.31236,1.28821,1.29082,103352.0
2020-03-10 00:00:00+00:00,1.29082,1.29764,1.28044,1.28181,80896.0
2020-03-11 00:00:00+00:00,1.28181,1.28492,1.24911,1.25686,118711.0
2020-03-12 00:00:00+00:00,1.25686,1.2625,1.22613,1.22772,122118.0
2020-03-15 00:00:00+00:00,1.22668,1.24246,1.22022,1.22713,135860.0
2020-03-16 00:00:00+00:00,1.22713,1.22736,1.20018,1.20546,141710.0
2020-03-17 00:00:00+00:00,1.20546,1.213,1.14498,1.16099,127931.0
2020-03-18 00:00:00+00:00,1.16252,1.1794,1.14722,1.14852,152690.0
2020-03-19 00:00:00+00:00,1.14862,1.1935,1.14117,1.16497,134971.0
2020-03-22 00:00:00+00:00,1.16746,1.17144,1.14472,1.15419,125461.0
2020-03-23 00:00:00+00:00,1.15419,1.18001,1.14926,1.17608,123745.0
2020-03-24 00:00:00+00:00,1.17608,1.19738,1.16392,1.18801,130405.0
2020-03-25 00:00:00+00:00,1.18801,1.22292,1.17772,1.22032,122849.0
2020-03-26 00:00:00+00:00,1.22032,1.24856,1.21329,1.24571,128480.0
2020-03-29 00:00:00+00:00,1.24292,1.24673,1.23177,1.24229,92876.0
2020-03-30 00:00:00+00:00,1.24229,1.24734,1.22434,1.24158,120715.0
2020-03-31 00:00:00+00:00,1.24158,1.24518,1.23308,1.23728,73401.0
2020-04-01 00:00:00+00:00,1.23728,1.24755,1.2348,1.23963,79776.0
2020-04-02 00:00:00+00:00,1.23963,1.24101,1.22052,1.22703,67540.0
2020-04-05 00:00:00+00:00,1.22325,1.23272,1.221,1.22318,62881.0
2020-04-06 00:00:00+00:00,1.22318,1.23844,1.21656,1.23329,71283.0
2020-04-07 00:00:00+00:00,1.23329,1.242,1.22882,1.23835,47406.0
2020-04-08 00:00:00+00:00,1.23835,1.24842,1.23612,1.24587,56812.0
2020-04-09 00:00:00+00:00,1.24587,1.2487,1.24458,1.24544,5223.0
2020-04-12 00:00:00+00:00,1.2454,1.25368,1.24537,1.25031,28555.0
2020-04-13 00:00:00+00:00,1.25031,1.26479,1.25002,1.26244,45731.0
2020-04-14 00:00:00+00:00,1.26244,1.26309,1.2437,1.25212,45812.0
2020-04-15 00:00:00+00:00,1.25212,1.25302,1.24086,1.24569,50412.0
2020-04-16 00:00:00+00:00,1.24569,1.25228,1.24074,1.25016,48341.0
2020-04-19 00:00:00+00:00,1.2501,1.25046,1.24166,1.24334,39065.0
2020-04-20 00:00:00+00:00,1.24293,1.24482,1.22476,1.22938,52211.0
2020-04-21 00:00:00+00:00,1.22963,1.23858,1.2275,1.23347,40062.0
2020-04-22 00:00:00+00:00,1.23319,1.2415,1.23084,1.2346,51171.0
2020-04-23 00:00:00+00:00,1.23517,1.23774,1.22984,1.23652,39454.0
2020-04-26 00:00:00+00:00,1.23648,1.2455,1.23598,1.24307,33771.0
2020-04-27 00:00:00+00:00,1.24363,1.25185,1.2404,1.24243,39265.0
2020-04-28 00:00:00+00:00,1.24205,1.24856,1.23892,1.24697,35790.0
2020-04-29 00:00:00+00:00,1.24678,1.26438,1.24292,1.2595,56516.0
2020-04-30 00:00:00+00:00,1.25937,1.2601,1.24832,1.24946,38215.0
2020-05-03 00:00:00+00:00,1.24903,1.24903,1.24054,1.24426,37602.0
2020-05-04 00:00:00+00:00,1.24426,1.24838,1.24204,1.24346,40941.0
2020-05-05 00:00:00+00:00,1.24361,1.24504,1.23353,1.23425,37533.0
2020-05-06 00:00:00+00:00,1.2345,1.24182,1.22662,1.23617,45565.0
2020-05-07 00:00:00+00:00,1.23595,1.2467,1.23556,1.24049,29922.0
2020-05-10 00:00:00+00:00,1.2413,1.24377,1.22828,1.2334,41728.0
2020-05-11 00:00:00+00:00,1.23358,1.23776,1.22556,1.22602,45003.0
2020-05-12 00:00:00+00:00,1.22608,1.23398,1.221,1.2237,51256.0
2020-05-13 00:00:00+00:00,1.22318,1.2242,1.21658,1.22317,45479.0
2020-05-14 00:00:00+00:00,1.22317,1.2239,1.21014,1.21045,47496.0
2020-05-17 00:00:00+00:00,1.20874,1.22276,1.20761,1.21951,44008.0
2020-05-18 00:00:00+00:00,1.21937,1.22966,1.2184,1.22516,43730.0
2020-05-19 00:00:00+00:00,1.22511,1.22876,1.22216,1.22379,38281.0
2020-05-20 00:00:00+00:00,1.22425,1.22498,1.21858,1.22223,38547.0
2020-05-21 00:00:00+00:00,1.22196,1.22337,1.21615,1.21654,33320.0
2020-05-24 00:00:00+00:00,1.2179,1.22038,1.2164,1.219,20262.0
2020-05-25 00:00:00+00:00,1.219,1.23632,1.21847,1.23364,39861.0
2020-05-26 00:00:00+00:00,1.23359,1.2354,1.22043,1.22602,57898.0
2020-05-27 00:00:00+00:00,1.22596,1.23446,1.22339,1.23221,47347.0
2020-05-28 00:00:00+00:00,1.23191,1.23942,1.22906,1.23504,70252.0
2020-05-31 00:00:00+00:00,1.23504,1.25068,1.2328,1.24887,49020.0
2020-06-01 00:00:00+00:00,1.24887,1.25761,1.24786,1.25511,55508.0
2020-06-02 00:00:00+00:00,1.25516,1.26153,1.25457,1.25761,57805.0
2020-06-03 00:00:00+00:00,1.25751,1.26334,1.25006,1.25957,61762.0
2020-06-04 00:00:00+00:00,1.25999,1.27314,1.25832,1.2669,65216.0
2020-06-07 00:00:00+00:00,1.26844,1.27362,1.26281,1.27242,44637.0
2020-06-08 00:00:00+00:00,1.27242,1.2756,1.26182,1.27282,52129.0
2020-06-09 00:00:00+00:00,1.27334,1.28132,1.27066,1.27475,73890.0
2020-06-10 00:00:00+00:00,1.27491,1.27546,1.25866,1.26019,85142.0
2020-06-11 00:00:00+00:00,1.25999,1.26533,1.2474,1.25401,82625.0
2020-06-14 00:00:00+00:00,1.25188,1.26064,1.24544,1.26064,76573.0
2020-06-15 00:00:00+00:00,1.26057,1.26877,1.25527,1.25724,76447.0
2020-06-16 00:00:00+00:00,1.25709,1.25886,1.25112,1.25552,59005.0
2020-06-17 00:00:00+00:00,1.254,1.25673,1.2402,1.24223,62138.0
2020-06-18 00:00:00+00:00,1.24194,1.2456,1.23442,1.23484,50161.0
2020-06-21 00:00:00+00:00,1.23416,1.24772,1.23354,1.24696,43639.0
2020-06-22 00:00:00+00:00,1.24707,1.2532,1.24322,1.25206,58281.0
2020-06-23 00:00:00+00:00,1.2516,1.25428,1.24145,1.24209,58929.0
2020-06-24 00:00:00+00:00,1.24209,1.24647,1.23892,1.24191,47006.0
2020-06-25 00:00:00+00:00,1.24278,1.24369,1.23147,1.2336,36984.0
2020-06-28 00:00:00+00:00,1.23406,1.23898,1.22519,1.22998,35922.0
2020-06-29 00:00:00+00:00,1.22984,1.2402,1.22576,1.24011,41245.0
2020-06-30 00:00:00+00:00,1.23995,1.24905,1.23596,1.24754,37864.0
2020-07-01 00:00:00+00:00,1.24711,1.25299,1.24564,1.24679,37214.0
2020-07-02 00:00:00+00:00,1.24649,1.24921,1.24383,1.24813,27110.0
2020-07-05 00:00:00+00:00,1.24751,1.252,1.2465,1.2492,32802.0
2020-07-06 00:00:00+00:00,1.249,1.25922,1.24628,1.25441,38646.0
2020-07-07 00:00:00+00:00,1.25441,1.26233,1.25086,1.26097,41894.0
2020-07-08 00:00:00+00:00,1.26067,1.26697,1.26003,1.26049,45988.0
2020-07-09 00:00:00+00:00,1.2607,1.26641,1.25668,1.26222,36545.0
2020-07-12 00:00:00+00:00,1.26178,1.26664,1.25506,1.25535,37124.0
2020-07-13 00:00:00+00:00,1.2558,1.25638,1.24801,1.25531,45976.0
2020-07-14 00:00:00+00:00,1.25536,1.26496,1.25493,1.25866,41311.0
2020-07-15 00:00:00+00:00,1.2582,1.26248,1.252,1.2554,39351.0
2020-07-16 00:00:00+00:00,1.2558,1.25745,1.25121,1.25674,27947.0
2020-07-19 00:00:00+00:00,1.25578,1.26656,1.25185,1.26618,35071.0
2020-07-20 00:00:00+00:00,1.26628,1.27679,1.26501,1.27317,40622.0
2020-07-21 00:00:00+00:00,1.27322,1.27438,1.26445,1.27336,49763.0
2020-07-22 00:00:00+00:00,1.27272,1.276,1.26732,1.2741,64871.0
2020-07-23 00:00:00+00:00,1.274,1.28037,1.27172,1.27939,45720.0
2020-07-26 00:00:00+00:00,1.27951,1.29027,1.27795,1.28814,44879.0
2020-07-27 00:00:00+00:00,1.28814,1.29529,1.28385,1.29317,49142.0
2020-07-28 00:00:00+00:00,1.29341,1.30134,1.2912,1.29975,50968.0
2020-07-29 00:00:00+00:00,1.29961,1.3103,1.29445,1.30957,52070.0
2020-07-30 00:00:00+00:00,1.30957,1.31702,1.30704,1.30857,67361.0
2020-08-02 00:00:00+00:00,1.30857,1.31128,1.30049,1.30751,49865.0
2020-08-03 00:00:00+00:00,1.30771,1.3108,1.29815,1.30711,41972.0
2020-08-04 00:00:00+00:00,1.3065,1.31616,1.30575,1.31146,42475.0
2020-08-05 00:00:00+00:00,1.31233,1.31858,1.31105,1.31423,59546.0
2020-08-06 00:00:00+00:00,1.31475,1.31542,1.30095,1.30522,54022.0
2020-08-09 00:00:00+00:00,1.30591,1.31036,1.30192,1.30735,34298.0
2020-08-10 00:00:00+00:00,1.30709,1.31322,1.30418,1.3048,43980.0
2020-08-11 00:00:00+00:00,1.30554,1.30676,1.30054,1.30323,47511.0
2020-08-12 00:00:00+00:00,1.30331,1.31248,1.30284,1.30678,39348.0
2020-08-13 00:00:00+00:00,1.30665,1.31428,1.30484,1.30858,33756.0
2020-08-16 00:00:00+00:00,1.30896,1.31217,1.30741,1.31043,30858.0
2020-08-17 00:00:00+00:00,1.31043,1.325,1.30985,1.3238,38945.0
2020-08-18 00:00:00+00:00,1.32363,1.32673,1.3094,1.30978,49590.0
2020-08-19 00:00:00+00:00,1.30964,1.32247,1.30646,1.32149,54080.0
2020-08-20 00:00:00+00:00,1.32166,1.32552,1.30588,1.309,53475.0
2020-08-23 00:00:00+00:00,1.30883,1.31489,1.30537,1.30635,36371.0
2020-08-24 00:00:00+00:00,1.30657,1.31706,1.3059,1.31519,39078.0
2020-08-25 00:00:00+00:00,1.31547,1.32192,1.31172,1.32103,36737.0
2020-08-26 00:00:00+00:00,1.32065,1.32848,1.31616,1.32001,70282.0
2020-08-27 00:00:00+00:00,1.32001,1.33566,1.31864,1.33512,56466.0
2020-08-30 00:00:00+00:00,1.33468,1.33957,1.33014,1.33677,43285.0
2020-08-31 00:00:00+00:00,1.33682,1.34826,1.33566,1.3384,57006.0
2020-09-01 00:00:00+00:00,1.33926,1.34026,1.32835,1.3352,54498.0
2020-09-02 00:00:00+00:00,1.33506,1.33586,1.32425,1.32814,56369.0
2020-09-03 00:00:00+00:00,1.32793,1.33191,1.3176,1.32803,61021.0
2020-09-06 00:00:00+00:00,1.32473,1.32766,1.31402,1.31698,31184.0
2020-09-07 00:00:00+00:00,1.31726,1.31752,1.29801,1.29819,57316.0
2020-09-08 00:00:00+00:00,1.29842,1.30234,1.2885,1.30012,56407.0
2020-09-09 00:00:00+00:00,1.29963,1.30355,1.27729,1.28078,72749.0
2020-09-10 00:00:00+00:00,1.28007,1.2866,1.27625,1.27954,55024.0
2020-09-13 00:00:00+00:00,1.27811,1.29194,1.27752,1.28462,43778.0
2020-09-14 00:00:00+00:00,1.28394,1.29264,1.28148,1.28887,43866.0
2020-09-15 00:00:00+00:00,1.28897,1.30073,1.28752,1.29674,65557.0
2020-09-16 00:00:00+00:00,1.29667,1.29998,1.28648,1.29723,71978.0
2020-09-17 00:00:00+00:00,1.29723,1.29999,1.29148,1.29174,51587.0
2020-09-20 00:00:00+00:00,1.29315,1.29665,1.27756,1.28158,60601.0
2020-09-21 00:00:00+00:00,1.28158,1.28676,1.27107,1.27329,68783.0
2020-09-22 00:00:00+00:00,1.27318,1.27771,1.26752,1.27261,62486.0
2020-09-23 00:00:00+00:00,1.27211,1.27818,1.26908,1.27453,69273.0
2020-09-24 00:00:00+00:00,1.27507,1.28053,1.26876,1.27452,50955.0
2020-09-27 00:00:00+00:00,1.27682,1.29299,1.27516,1.28326,49857.0
2020-09-28 00:00:00+00:00,1.284,1.2903,1.28228,1.28592,51887.0
2020-09-29 00:00:00+00:00,1.28652,1.29429,1.28054,1.29246,62489.0
2020-09-30 00:00:00+00:00,1.29234,1.29788,1.28196,1.28873,73490.0
2020-10-01 00:00:00+00:00,1.28909,1.2954,1.28372,1.29355,75318.0
2020-10-04 00:00:00+00:00,1.29284,1.29916,1.28998,1.29802,37416.0
2020-10-05 00:00:00+00:00,1.29793,1.30072,1.2867,1.28747,59158.0
2020-10-06 00:00:00+00:00,1.28775,1.29297,1.28451,1.29195,49335.0
2020-10-07 00:00:00+00:00,1.29223,1.29704,1.28914,1.29374,40336.0
2020-10-08 00:00:00+00:00,1.29366,1.30496,1.2922,1.30464,40177.0
2020-10-11 00:00:00+00:00,1.30267,1.30828,1.30057,1.30684,35128.0
2020-10-12 00:00:00+00:00,1.30718,1.30723,1.29218,1.29357,50683.0
2020-10-13 00:00:00+00:00,1.29357,1.30646,1.28631,1.30102,52846.0
2020-10-14 00:00:00+00:00,1.30117,1.30302,1.28905,1.29045,58721.0
2020-10-15 00:00:00+00:00,1.29045,1.29626,1.2863,1.29166,58958.0
2020-10-18 00:00:00+00:00,1.2898,1.30247,1.2898,1.2947,47515.0
2020-10-19 00:00:00+00:00,1.2951,1.29794,1.29112,1.29491,40489.0
2020-10-20 00:00:00+00:00,1.29414,1.3177,1.29407,1.31455,51738.0
2020-10-21 00:00:00+00:00,1.31455,1.31546,1.30707,1.30838,44094.0
2020-10-22 00:00:00+00:00,1.30871,1.31226,1.30193,1.3041,43074.0
2020-10-25 00:00:00+00:00,1.30594,1.3075,1.29928,1.30243,43805.0
2020-10-26 00:00:00+00:00,1.30243,1.30796,1.3001,1.30463,35074.0
2020-10-27 00:00:00+00:00,1.30391,1.3064,1.29167,1.29834,55574.0
2020-10-28 00:00:00+00:00,1.29874,1.3026,1.2881,1.29348,56328.0
2020-10-29 00:00:00+00:00,1.29258,1.29882,1.28991,1.29517,55656.0
2020-11-01 00:00:00+00:00,1.29267,1.29428,1.28541,1.29185,42493.0
2020-11-02 00:00:00+00:00,1.29169,1.30788,1.29107,1.30624,39848.0
2020-11-03 00:00:00+00:00,1.30572,1.31402,1.29147,1.29901,121014.0
2020-11-04 00:00:00+00:00,1.29914,1.31547,1.2932,1.31491,78576.0
2020-11-05 00:00:00+00:00,1.31484,1.31772,1.30926,1.31559,70947.0
2020-11-08 00:00:00+00:00,1.31628,1.32081,1.31185,1.31636,87144.0
2020-11-09 00:00:00+00:00,1.31658,1.32784,1.31567,1.32726,73938.0
2020-11-10 00:00:00+00:00,1.32718,1.33139,1.31916,1.3224,54407.0
2020-11-11 00:00:00+00:00,1.3224,1.32284,1.31064,1.31212,47397.0
2020-11-12 00:00:00+00:00,1.31265,1.32006,1.31092,1.31958,34889.0
2020-11-15 00:00:00+00:00,1.31768,1.32425,1.31656,1.32039,41684.0
2020-11-16 00:00:00+00:00,1.31934,1.32726,1.31902,1.32486,37796.0
2020-11-17 00:00:00+00:00,1.32462,1.33124,1.32438,1.32666,31569.0
2020-11-18 00:00:00+00:00,1.32713,1.32794,1.31961,1.3263,39910.0
2020-11-19 00:00:00+00:00,1.32654,1.32976,1.3247,1.32844,33455.0
2020-11-22 00:00:00+00:00,1.32968,1.33976,1.3264,1.33242,41570.0
2020-11-23 00:00:00+00:00,1.33242,1.33805,1.3293,1.33622,40707.0
2020-11-24 00:00:00+00:00,1.33587,1.33936,1.33041,1.33875,41852.0
2020-11-25 00:00:00+00:00,1.33799,1.33976,1.33221,1.33565,20897.0
2020-11-26 00:00:00+00:00,1.33576,1.33818,1.32869,1.3315,33122.0
2020-11-29 00:00:00+00:00,1.33336,1.33854,1.33054,1.33239,48297.0
2020-11-30 00:00:00+00:00,1.33259,1.34422,1.3316,1.34221,50977.0
2020-12-01 00:00:00+00:00,1.34251,1.34411,1.32878,1.33686,55261.0
2020-12-02 00:00:00+00:00,1.33724,1.35001,1.33536,1.34526,45943.0
2020-12-03 00:00:00+00:00,1.34485,1.35396,1.34106,1.34399,61696.0
2020-12-06 00:00:00+00:00,1.34102,1.3438,1.32242,1.33816,67592.0
2020-12-07 00:00:00+00:00,1.33807,1.33934,1.32896,1.33575,63916.0
2020-12-08 00:00:00+00:00,1.33542,1.34783,1.33515,1.34066,48228.0
2020-12-09 00:00:00+00:00,1.33983,1.34135,1.32454,1.32931,61804.0
2020-12-10 00:00:00+00:00,1.3291,1.33247,1.31342,1.3224,57001.0
2020-12-13 00:00:00+00:00,1.32195,1.34456,1.32195,1.33282,48145.0
2020-12-14 00:00:00+00:00,1.33221,1.34697,1.32804,1.34621,52261.0
2020-12-15 00:00:00+00:00,1.34668,1.35543,1.34347,1.35095,50722.0
2020-12-16 00:00:00+00:00,1.35063,1.36246,1.34958,1.35855,43955.0
2020-12-17 00:00:00+00:00,1.35865,1.35908,1.34716,1.35225,41991.0
2020-12-20 00:00:00+00:00,1.34046,1.3499,1.31878,1.34627,78775.0
2020-12-21 00:00:00+00:00,1.34645,1.34696,1.33042,1.33618,63099.0
2020-12-22 00:00:00+00:00,1.33611,1.35708,1.33553,1.34946,68993.0
2020-12-23 00:00:00+00:00,1.3493,1.36196,1.34917,1.35623,40040.0
2020-12-27 00:00:00+00:00,1.35492,1.35759,1.34296,1.34505,38978.0
2020-12-28 00:00:00+00:00,1.34505,1.35228,1.34449,1.35017,44666.0
2020-12-29 00:00:00+00:00,1.35026,1.36256,1.34908,1.36245,42865.0
2020-12-30 00:00:00+00:00,1.36197,1.36863,1.36046,1.36656,45735.0
2021-01-03 00:00:00+00:00,1.36527,1.37039,1.35419,1.35724,60155.0
2021-01-04 00:00:00+00:00,1.35689,1.36422,1.35544,1.36274,52351.0
2021-01-05 00:00:00+00:00,1.36226,1.36713,1.35387,1.36082,71576.0
2021-01-06 00:00:00+00:00,1.36075,1.36334,1.35326,1.35665,57764.0
2021-01-07 00:00:00+00:00,1.35652,1.36358,1.35386,1.35688,64611.0
2021-01-10 00:00:00+00:00,1.35662,1.3572,1.3451,1.35169,50277.0
2021-01-11 00:00:00+00:00,1.3513,1.36704,1.35044,1.36652,44723.0
2021-01-12 00:00:00+00:00,1.36642,1.37012,1.3612,1.364,40943.0
2021-01-13 00:00:00+00:00,1.36411,1.37105,1.36166,1.36888,45019.0
2021-01-14 00:00:00+00:00,1.36882,1.36979,1.35723,1.35888,41505.0
2021-01-17 00:00:00+00:00,1.36041,1.36042,1.35198,1.3586,27428.0
2021-01-18 00:00:00+00:00,1.35865,1.36366,1.35759,1.36298,28551.0
2021-01-19 00:00:00+00:00,1.36312,1.37187,1.36234,1.36552,35646.0
2021-01-20 00:00:00+00:00,1.3656,1.3746,1.3653,1.37326,35770.0
2021-01-21 00:00:00+00:00,1.37344,1.37369,1.3636,1.36842,32178.0
2021-01-24 00:00:00+00:00,1.3683,1.37238,1.36488,1.36755,36142.0
2021-01-25 00:00:00+00:00,1.36724,1.37446,1.36098,1.37362,30276.0
2021-01-26 00:00:00+00:00,1.37385,1.37588,1.36594,1.36866,45776.0
2021-01-27 00:00:00+00:00,1.36858,1.37458,1.36302,1.37202,46379.0
2021-01-28 00:00:00+00:00,1.37209,1.37516,1.36574,1.3705,52860.0
2021-01-31 00:00:00+00:00,1.37071,1.37579,1.36565,1.3662,45177.0
2021-02-01 00:00:00+00:00,1.36625,1.37105,1.36113,1.36673,39668.0
2021-02-02 00:00:00+00:00,1.36679,1.36832,1.36193,1.36461,34954.0
2021-02-03 00:00:00+00:00,1.36427,1.3698,1.35662,1.36724,42419.0
2021-02-04 00:00:00+00:00,1.36679,1.374,1.36617,1.3738,33367.0
2021-02-07 00:00:00+00:00,1.37175,1.37494,1.36804,1.37405,28809.0
2021-02-08 00:00:00+00:00,1.374,1.38204,1.37378,1.38171,31158.0
2021-02-09 00:00:00+00:00,1.38134,1.38661,1.38026,1.38355,33541.0
2021-02-10 00:00:00+00:00,1.38327,1.38594,1.38006,1.38156,24349.0
2021-02-11 00:00:00+00:00,1.38173,1.38626,1.37759,1.38506,25470.0
2021-02-14 00:00:00+00:00,1.38535,1.39191,1.38491,1.3904,22599.0
2021-02-15 00:00:00+00:00,1.39064,1.39516,1.38694,1.39021,32703.0
2021-02-16 00:00:00+00:00,1.39028,1.39081,1.38296,1.38568,34380.0
2021-02-17 00:00:00+00:00,1.38608,1.3986,1.38398,1.39747,31730.0
2021-02-18 00:00:00+00:00,1.39747,1.40361,1.39514,1.40107,27938.0
2021-02-21 00:00:00+00:00,1.4018,1.40866,1.39808,1.40641,33749.0
2021-02-22 00:00:00+00:00,1.40641,1.41168,1.40543,1.41138,30392.0
2021-02-23 00:00:00+00:00,1.41108,1.42426,1.40821,1.41406,42077.0
2021-02-24 00:00:00+00:00,1.41419,1.41819,1.4,1.40172,53954.0
2021-02-25 00:00:00+00:00,1.40269,1.40278,1.3888,1.39276,77225.0
2021-02-28 00:00:00+00:00,1.3936,1.39993,1.3904,1.39243,46568.0
2021-03-01 00:00:00+00:00,1.39248,1.39772,1.3859,1.39548,40529.0
2021-03-02 00:00:00+00:00,1.396,1.40066,1.3921,1.39551,43972.0
2021-03-03 00:00:00+00:00,1.39558,1.40174,1.38803,1.38973,58732.0
2021-03-04 00:00:00+00:00,1.38973,1.39067,1.3779,1.38378,63700.0
2021-03-07 00:00:00+00:00,1.3818,1.38658,1.38004,1.38242,53559.0
2021-03-08 00:00:00+00:00,1.38259,1.39256,1.38022,1.3896,48470.0
2021-03-09 00:00:00+00:00,1.38935,1.39384,1.38456,1.39325,41686.0
2021-03-10 00:00:00+00:00,1.39313,1.39956,1.39188,1.3993,35020.0
2021-03-11 00:00:00+00:00,1.399,1.4005,1.38636,1.39206,36398.0
2021-03-14 00:00:00+00:00,1.392,1.39498,1.38532,1.38927,31919.0
2021-03-15 00:00:00+00:00,1.39001,1.39061,1.3809,1.38909,31496.0
2021-03-16 00:00:00+00:00,1.38917,1.39712,1.38512,1.3964,37054.0
2021-03-17 00:00:00+00:00,1.39663,1.40014,1.38976,1.39237,45317.0
2021-03-18 00:00:00+00:00,1.39296,1.39592,1.38304,1.38692,39503.0
2021-03-21 00:00:00+00:00,1.38384,1.38769,1.38179,1.38636,25502.0
2021-03-22 00:00:00+00:00,1.38636,1.38665,1.37407,1.37521,32228.0
2021-03-23 00:00:00+00:00,1.37531,1.37593,1.36741,1.36871,31695.0
2021-03-24 00:00:00+00:00,1.36871,1.37456,1.36706,1.37339,32452.0
2021-03-25 00:00:00+00:00,1.37331,1.38124,1.37308,1.37925,26267.0
2021-03-28 00:00:00+00:00,1.37956,1.38468,1.37556,1.37624,30988.0
2021-03-29 00:00:00+00:00,1.37652,1.37836,1.37062,1.37411,29401.0
2021-03-30 00:00:00+00:00,1.37344,1.3812,1.37166,1.37828,30961.0
2021-03-31 00:00:00+00:00,1.37803,1.38365,1.3746,1.38333,31015.0
2021-04-01 00:00:00+00:00,1.38326,1.38525,1.38128,1.38354,38319.0
2021-04-04 00:00:00+00:00,1.3826,1.39136,1.38132,1.39015,16959.0
2021-04-05 00:00:00+00:00,1.38996,1.39188,1.38022,1.38246,29156.0
2021-04-06 00:00:00+00:00,1.38222,1.384,1.37246,1.3737,35213.0
2021-04-07 00:00:00+00:00,1.3737,1.37826,1.37184,1.37346,26792.0
2021-04-08 00:00:00+00:00,1.37346,1.37508,1.367,1.3706,25423.0
2021-04-11 00:00:00+00:00,1.37111,1.37768,1.36692,1.37413,23326.0
2021-04-12 00:00:00+00:00,1.37413,1.3769,1.36945,1.37509,27647.0
2021-04-13 00:00:00+00:00,1.37496,1.38086,1.37485,1.37797,23790.0
2021-04-14 00:00:00+00:00,1.37765,1.3809,1.37616,1.37847,25180.0
2021-04-15 00:00:00+00:00,1.37828,1.38436,1.3716,1.38414,26367.0
2021-04-18 00:00:00+00:00,1.38338,1.39929,1.38098,1.39864,32086.0
2021-04-19 00:00:00+00:00,1.39869,1.40092,1.39262,1.39358,26010.0
2021-04-20 00:00:00+00:00,1.39375,1.39498,1.38856,1.39304,24592.0
2021-04-21 00:00:00+00:00,1.39273,1.39498,1.38236,1.38381,29954.0
2021-04-22 00:00:00+00:00,1.38381,1.38955,1.3835,1.38757,26407.0
2021-04-25 00:00:00+00:00,1.38773,1.39295,1.38648,1.38969,26752.0
2021-04-26 00:00:00+00:00,1.38975,1.39242,1.38588,1.3914,24996.0
2021-04-27 00:00:00+00:00,1.39133,1.39507,1.3861,1.39334,30669.0
2021-04-28 00:00:00+00:00,1.39361,1.39766,1.39322,1.39445,30284.0
2021-04-29 00:00:00+00:00,1.39433,1.39585,1.38028,1.38177,34020.0
2021-05-02 00:00:00+00:00,1.38181,1.39318,1.38012,1.3911,24267.0
2021-05-03 00:00:00+00:00,1.39079,1.39178,1.38384,1.38881,34828.0
2021-05-04 00:00:00+00:00,1.38881,1.39264,1.38762,1.39036,24361.0
2021-05-05 00:00:00+00:00,1.39044,1.3941,1.38572,1.38913,34895.0
2021-05-06 00:00:00+00:00,1.3888,1.40058,1.3888,1.39863,37513.0
2021-05-09 00:00:00+00:00,1.40021,1.41582,1.39992,1.41175,35847.0
2021-05-10 00:00:00+00:00,1.41181,1.41668,1.4104,1.41429,34304.0
2021-05-11 00:00:00+00:00,1.41418,1.41534,1.405,1.40527,45992.0
2021-05-12 00:00:00+00:00,1.40527,1.40782,1.40057,1.4052,40027.0
2021-05-13 00:00:00+00:00,1.4052,1.4111,1.40362,1.40968,30736.0
2021-05-16 00:00:00+00:00,1.41035,1.41467,1.40774,1.41313,27942.0
2021-05-17 00:00:00+00:00,1.41352,1.42202,1.41341,1.41891,30216.0
2021-05-18 00:00:00+00:00,1.41878,1.42009,1.40992,1.41147,47475.0
2021-05-19 00:00:00+00:00,1.41121,1.41926,1.41016,1.41908,32249.0
2021-05-20 00:00:00+00:00,1.41898,1.4234,1.41406,1.41492,34292.0
2021-05-23 00:00:00+00:00,1.41585,1.4172,1.41113,1.41566,30952.0
2021-05-24 00:00:00+00:00,1.41555,1.42108,1.41156,1.41532,35585.0
2021-05-25 00:00:00+00:00,1.41532,1.41758,1.41124,1.41198,32797.0
2021-05-26 00:00:00+00:00,1.41218,1.42194,1.40919,1.42061,37133.0
2021-05-27 00:00:00+00:00,1.42077,1.421,1.41364,1.41905,40085.0
2021-05-30 00:00:00+00:00,1.4185,1.4218,1.4164,1.42138,24206.0
2021-05-31 00:00:00+00:00,1.42091,1.42505,1.41467,1.41497,38166.0
2021-06-01 00:00:00+00:00,1.41513,1.41834,1.41116,1.41714,31380.0
2021-06-02 00:00:00+00:00,1.41722,1.42031,1.40864,1.41069,38647.0
2021-06-03 00:00:00+00:00,1.41055,1.42005,1.4083,1.41596,37382.0
2021-06-06 00:00:00+00:00,1.41598,1.41908,1.41114,1.4179,26447.0
2021-06-07 00:00:00+00:00,1.41822,1.41846,1.41208,1.41541,27696.0
2021-06-08 00:00:00+00:00,1.41555,1.41892,1.411,1.41178,22874.0
2021-06-09 00:00:00+00:00,1.41167,1.41782,1.40734,1.41765,39276.0
2021-06-10 00:00:00+00:00,1.41721,1.41854,1.40959,1.41073,27358.0
2021-06-13 00:00:00+00:00,1.41061,1.41271,1.40702,1.41118,24098.0
2021-06-14 00:00:00+00:00,1.41112,1.41287,1.40344,1.40843,27909.0
2021-06-15 00:00:00+00:00,1.40809,1.41326,1.39827,1.39869,44202.0
2021-06-16 00:00:00+00:00,1.39901,1.40088,1.38959,1.39249,45835.0
2021-06-17 00:00:00+00:00,1.39226,1.39448,1.37922,1.38047,49472.0
2021-06-20 00:00:00+00:00,1.38047,1.3937,1.37865,1.39337,41342.0
2021-06-21 00:00:00+00:00,1.39342,1.39638,1.38604,1.39493,33039.0
2021-06-22 00:00:00+00:00,1.39504,1.40014,1.3924,1.39626,32433.0
2021-06-23 00:00:00+00:00,1.39691,1.39867,1.38896,1.3923,38023.0
2021-06-24 00:00:00+00:00,1.3923,1.39354,1.38713,1.38848,27249.0
2021-06-27 00:00:00+00:00,1.38974,1.39397,1.38709,1.38804,26732.0
2021-06-28 00:00:00+00:00,1.38818,1.38842,1.3814,1.38403,27543.0
2021-06-29 00:00:00+00:00,1.38395,1.38732,1.37986,1.3831,31688.0
2021-06-30 00:00:00+00:00,1.38303,1.38372,1.37526,1.37661,32452.0
2021-07-01 00:00:00+00:00,1.37618,1.38449,1.37316,1.38273,36904.0
2021-07-04 00:00:00+00:00,1.38275,1.3862,1.38171,1.38432,19422.0
2021-07-05 00:00:00+00:00,1.38432,1.38987,1.3773,1.37994,39152.0
2021-07-06 00:00:00+00:00,1.38021,1.38419,1.3754,1.3802,40286.0
2021-07-07 00:00:00+00:00,1.38029,1.38058,1.3742,1.37864,47974.0
2021-07-08 00:00:00+00:00,1.37815,1.3908,1.37554,1.38988,41039.0
2021-07-11 00:00:00+00:00,1.38945,1.39104,1.38389,1.3886,29621.0
2021-07-12 00:00:00+00:00,1.38847,1.39052,1.38001,1.38139,33883.0
2021-07-13 00:00:00+00:00,1.38126,1.38922,1.38016,1.38609,34279.0
2021-07-14 00:00:00+00:00,1.38593,1.38991,1.38049,1.38279,39754.0
2021-07-15 00:00:00+00:00,1.38279,1.38622,1.37607,1.37653,32764.0
2021-07-18 00:00:00+00:00,1.3777,1.37778,1.36547,1.36747,49587.0
2021-07-19 00:00:00+00:00,1.36755,1.36896,1.3572,1.36264,42045.0
2021-07-20 00:00:00+00:00,1.36255,1.37234,1.35914,1.37161,33121.0
2021-07-21 00:00:00+00:00,1.37136,1.37872,1.36904,1.37683,36465.0
2021-07-22 00:00:00+00:00,1.37592,1.37804,1.37201,1.37522,27530.0
2021-07-25 00:00:00+00:00,1.37606,1.38335,1.37372,1.38187,32181.0
2021-07-26 00:00:00+00:00,1.38206,1.38942,1.37668,1.38784,33418.0
2021-07-27 00:00:00+00:00,1.38803,1.39116,1.38428,1.39019,37756.0
2021-07-28 00:00:00+00:00,1.39043,1.39819,1.38984,1.3959,22716.0
2021-07-29 00:00:00+00:00,1.39597,1.39835,1.38883,1.39038,26473.0
2021-08-01 00:00:00+00:00,1.39016,1.39326,1.38757,1.38832,22978.0
2021-08-02 00:00:00+00:00,1.3882,1.39388,1.38791,1.39158,22744.0
2021-08-03 00:00:00+00:00,1.39158,1.39578,1.38856,1.38889,21823.0
2021-08-04 00:00:00+00:00,1.38883,1.39491,1.38723,1.393,27584.0
2021-08-05 00:00:00+00:00,1.39313,1.39344,1.38613,1.38729,22781.0
2021-08-08 00:00:00+00:00,1.38765,1.38946,1.38409,1.38468,27826.0
2021-08-09 00:00:00+00:00,1.38468,1.38725,1.38276,1.38444,20523.0
2021-08-10 00:00:00+00:00,1.38403,1.3888,1.38029,1.38663,23118.0
2021-08-11 00:00:00+00:00,1.38708,1.38788,1.37951,1.3808,18495.0
2021-08-12 00:00:00+00:00,1.38085,1.3875,1.37908,1.38692,15662.0
2021-08-15 00:00:00+00:00,1.38608,1.38786,1.38278,1.38439,19841.0
2021-08-16 00:00:00+00:00,1.38416,1.38459,1.37263,1.37429,25509.0
2021-08-17 00:00:00+00:00,1.37398,1.37863,1.37277,1.37541,24094.0
2021-08-18 00:00:00+00:00,1.37536,1.37584,1.36322,1.36374,30256.0
2021-08-19 00:00:00+00:00,1.36449,1.36449,1.36024,1.3622,23761.0
2021-08-22 00:00:00+00:00,1.36253,1.37324,1.36125,1.3724,53675.0
2021-08-23 00:00:00+00:00,1.37207,1.37479,1.36937,1.37291,20683.0
2021-08-24 00:00:00+00:00,1.37291,1.37672,1.36967,1.37642,19789.0
2021-08-25 00:00:00+00:00,1.37629,1.37681,1.36895,1.37001,22817.0
2021-08-26 00:00:00+00:00,1.36975,1.3781,1.36798,1.37621,30228.0
2021-08-29 00:00:00+00:00,1.376,1.37752,1.3734,1.37606,15774.0
2021-08-30 00:00:00+00:00,1.37638,1.38078,1.3743,1.3754,30217.0
2021-08-31 00:00:00+00:00,1.37532,1.37984,1.37312,1.3769,22670.0
2021-09-01 00:00:00+00:00,1.37702,1.38398,1.37672,1.38332,17565.0
2021-09-02 00:00:00+00:00,1.38349,1.3892,1.38178,1.38648,26379.0
2021-09-05 00:00:00+00:00,1.38624,1.38714,1.38189,1.3837,15335.0
2021-09-06 00:00:00+00:00,1.38351,1.38568,1.37678,1.37852,24926.0
2021-09-07 00:00:00+00:00,1.37865,1.37907,1.37266,1.37712,26369.0
2021-09-08 00:00:00+00:00,1.37724,1.38625,1.37534,1.38358,27514.0
2021-09-09 00:00:00+00:00,1.38363,1.38884,1.38264,1.38367,23462.0
2021-09-12 00:00:00+00:00,1.3844,1.38512,1.3797,1.38401,24760.0
2021-09-13 00:00:00+00:00,1.38395,1.39132,1.38037,1.3808,29667.0
2021-09-14 00:00:00+00:00,1.38098,1.38539,1.37928,1.3841,26488.0
2021-09-15 00:00:00+00:00,1.38429,1.38528,1.37646,1.37961,26548.0
2021-09-16 00:00:00+00:00,1.37945,1.38129,1.37274,1.37382,27346.0
2021-09-19 00:00:00+00:00,1.37455,1.3752,1.36406,1.36577,31991.0
2021-09-20 00:00:00+00:00,1.3657,1.36929,1.36414,1.36605,33322.0
2021-09-21 00:00:00+00:00,1.36599,1.36899,1.36096,1.36168,46255.0
2021-09-22 00:00:00+00:00,1.3622,1.37508,1.36123,1.372,38300.0
2021-09-23 00:00:00+00:00,1.37218,1.37365,1.36576,1.36745,24732.0
2021-09-26 00:00:00+00:00,1.3668,1.37292,1.36582,1.37016,29826.0
2021-09-27 00:00:00+00:00,1.37028,1.37175,1.35206,1.35379,41401.0
2021-09-28 00:00:00+00:00,1.35386,1.35548,1.34118,1.34282,39524.0
2021-09-29 00:00:00+00:00,1.34258,1.35175,1.34157,1.34747,37264.0
2021-09-30 00:00:00+00:00,1.3474,1.35758,1.34338,1.35446,43927.0
2021-10-03 00:00:00+00:00,1.35565,1.36405,1.3532,1.36094,36491.0
2021-10-04 00:00:00+00:00,1.36099,1.3648,1.35846,1.36289,33174.0
2021-10-05 00:00:00+00:00,1.36296,1.36341,1.35441,1.35812,40369.0
2021-10-06 00:00:00+00:00,1.35801,1.36384,1.35706,1.36143,29113.0
2021-10-07 00:00:00+00:00,1.36131,1.3659,1.35836,1.36163,32284.0
2021-10-10 00:00:00+00:00,1.36189,1.36738,1.35846,1.3594,27260.0
2021-10-11 00:00:00+00:00,1.35964,1.36376,1.35685,1.35886,28317.0
2021-10-12 00:00:00+00:00,1.35876,1.3665,1.35758,1.36621,32981.0
2021-10-13 00:00:00+00:00,1.36595,1.37344,1.36562,1.36725,22488.0
2021-10-14 00:00:00+00:00,1.3673,1.37734,1.36678,1.37491,27399.0
2021-10-17 00:00:00+00:00,1.3757,1.37656,1.37091,1.37279,27366.0
2021-10-18 00:00:00+00:00,1.37286,1.3834,1.37236,1.37944,24651.0
2021-10-19 00:00:00+00:00,1.37954,1.38344,1.37426,1.38241,24401.0
2021-10-20 00:00:00+00:00,1.38225,1.38334,1.37762,1.37936,25665.0
2021-10-21 00:00:00+00:00,1.37917,1.38156,1.37358,1.37527,35495.0
2021-10-24 00:00:00+00:00,1.37471,1.3792,1.37418,1.37685,30239.0
2021-10-25 00:00:00+00:00,1.37692,1.38295,1.37569,1.37664,30070.0
2021-10-26 00:00:00+00:00,1.37664,1.3781,1.37096,1.37435,36208.0
2021-10-27 00:00:00+00:00,1.37414,1.38152,1.37222,1.37926,43340.0
2021-10-28 00:00:00+00:00,1.37945,1.38042,1.36682,1.36834,39439.0
2021-10-31 00:00:00+00:00,1.36835,1.3693,1.36418,1.36636,29979.0
2021-11-01 00:00:00+00:00,1.36695,1.36731,1.36055,1.36127,30253.0
2021-11-02 00:00:00+00:00,1.36167,1.36922,1.36074,1.3682,40323.0
2021-11-03 00:00:00+00:00,1.36874,1.36982,1.34715,1.35011,41886.0
2021-11-04 00:00:00+00:00,1.34972,1.35092,1.34246,1.34972,36250.0
2021-11-07 00:00:00+00:00,1.3481,1.358,1.34502,1.35634,28602.0
2021-11-08 00:00:00+00:00,1.35645,1.36074,1.35242,1.35583,30185.0
2021-11-09 00:00:00+00:00,1.35583,1.3565,1.34017,1.34045,44142.0
2021-11-10 00:00:00+00:00,1.34053,1.34332,1.3359,1.33709,28569.0
2021-11-11 00:00:00+00:00,1.33736,1.34263,1.33534,1.34179,24848.0
2021-11-14 00:00:00+00:00,1.34192,1.34498,1.34034,1.34147,27114.0
2021-11-15 00:00:00+00:00,1.34147,1.3473,1.34055,1.34294,33852.0
2021-11-16 00:00:00+00:00,1.34308,1.34962,1.33962,1.34925,36000.0
2021-11-17 00:00:00+00:00,1.34865,1.35136,1.3464,1.34975,31439.0
2021-11-18 00:00:00+00:00,1.34916,1.35098,1.34075,1.3444,45502.0
2021-11-21 00:00:00+00:00,1.3442,1.34497,1.33845,1.33954,40449.0
2021-11-22 00:00:00+00:00,1.33969,1.34097,1.33426,1.33784,40194.0
2021-11-23 00:00:00+00:00,1.33779,1.33902,1.33159,1.33294,40565.0
2021-11-24 00:00:00+00:00,1.33277,1.33538,1.33054,1.33239,22674.0
2021-11-25 00:00:00+00:00,1.33239,1.33648,1.32782,1.33338,52644.0
2021-11-28 00:00:00+00:00,1.33403,1.33631,1.32877,1.33164,35476.0
2021-11-29 00:00:00+00:00,1.33145,1.33704,1.31948,1.33024,65411.0
2021-11-30 00:00:00+00:00,1.3299,1.3352,1.32621,1.32749,45050.0
2021-12-01 00:00:00+00:00,1.32805,1.33339,1.32705,1.32998,38034.0
2021-12-02 00:00:00+00:00,1.33031,1.33106,1.3209,1.32373,43952.0
2021-12-05 00:00:00+00:00,1.32491,1.32864,1.32225,1.32641,28334.0
2021-12-06 00:00:00+00:00,1.32638,1.32894,1.32089,1.32428,29536.0
2021-12-07 00:00:00+00:00,1.3241,1.32616,1.3161,1.32045,40384.0
2021-12-08 00:00:00+00:00,1.32032,1.32228,1.31708,1.32197,25817.0
2021-12-09 00:00:00+00:00,1.32226,1.32756,1.31874,1.32642,27035.0
2021-12-12 00:00:00+00:00,1.32601,1.32686,1.32076,1.32135,27330.0
2021-12-13 00:00:00+00:00,1.32182,1.3257,1.31912,1.3227,23157.0
2021-12-14 00:00:00+00:00,1.32306,1.32828,1.3172,1.32621,39381.0
2021-12-15 00:00:00+00:00,1.32637,1.33746,1.32414,1.3323,41530.0
2021-12-16 00:00:00+00:00,1.33245,1.33394,1.32314,1.32377,29523.0
2021-12-19 00:00:00+00:00,1.3241,1.32466,1.31736,1.32093,27401.0
2021-12-20 00:00:00+00:00,1.32068,1.3271,1.31978,1.32696,22662.0
2021-12-21 00:00:00+00:00,1.32611,1.33634,1.32404,1.33567,22874.0
2021-12-22 00:00:00+00:00,1.3355,1.34378,1.33425,1.34145,20582.0
2021-12-23 00:00:00+00:00,1.34096,1.34212,1.33849,1.33936,28799.0
2021-12-26 00:00:00+00:00,1.33942,1.34453,1.3392,1.34446,12351.0
2021-12-27 00:00:00+00:00,1.34409,1.34618,1.34149,1.343,11631.0
2021-12-28 00:00:00+00:00,1.34356,1.34996,1.34088,1.34879,17580.0
2021-12-29 00:00:00+00:00,1.34891,1.3522,1.34544,1.35033,17813.0
2021-12-30 00:00:00+00:00,1.34991,1.35504,1.34656,1.35311,21517.0
2022-01-02 00:00:00+00:00,1.35315,1.35357,1.34308,1.34786,21865.0
2022-01-03 00:00:00+00:00,1.34795,1.35573,1.34594,1.35277,23615.0
2022-01-04 00:00:00+00:00,1.35314,1.35986,1.35228,1.35563,26072.0
2022-01-05 00:00:00+00:00,1.35573,1.35592,1.34903,1.35366,27290.0
2022-01-06 00:00:00+00:00,1.35312,1.35976,1.35278,1.35906,24211.0
2022-01-09 00:00:00+00:00,1.35818,1.36036,1.35323,1.35796,25289.0
2022-01-10 00:00:00+00:00,1.35733,1.36363,1.35616,1.36347,26949.0
2022-01-11 00:00:00+00:00,1.36349,1.37146,1.36208,1.37044,24877.0
2022-01-12 00:00:00+00:00,1.37058,1.37489,1.37009,1.37074,25864.0
2022-01-13 00:00:00+00:00,1.37143,1.37431,1.36534,1.36818,31049.0
2022-01-16 00:00:00+00:00,1.3675,1.369,1.36374,1.36434,22499.0
2022-01-17 00:00:00+00:00,1.36468,1.36616,1.35732,1.35981,36097.0
2022-01-18 00:00:00+00:00,1.35967,1.36492,1.35878,1.36122,31921.0
2022-01-19 00:00:00+00:00,1.36127,1.36621,1.35873,1.35981,31204.0
2022-01-20 00:00:00+00:00,1.35992,1.36025,1.35458,1.35544,34859.0
2022-01-23 00:00:00+00:00,1.35546,1.35657,1.34404,1.34918,39583.0
2022-01-24 00:00:00+00:00,1.34877,1.35188,1.34366,1.35046,35202.0
2022-01-25 00:00:00+00:00,1.35041,1.35249,1.34449,1.34657,40646.0
2022-01-26 00:00:00+00:00,1.34639,1.34684,1.33582,1.3381,42682.0
2022-01-27 00:00:00+00:00,1.33791,1.34329,1.33654,1.34053,39913.0
2022-01-30 00:00:00+00:00,1.3398,1.34606,1.33864,1.3445,36390.0
2022-01-31 00:00:00+00:00,1.34494,1.35286,1.34344,1.35249,30639.0
2022-02-01 00:00:00+00:00,1.35206,1.35874,1.3517,1.35738,27521.0
2022-02-02 00:00:00+00:00,1.35764,1.3628,1.35382,1.35993,48937.0
2022-02-03 00:00:00+00:00,1.36006,1.36152,1.35048,1.3534,42864.0
2022-02-06 00:00:00+00:00,1.3538,1.3551,1.34906,1.35354,30991.0
2022-02-07 00:00:00+00:00,1.35366,1.3564,1.35076,1.35488,25601.0
2022-02-08 00:00:00+00:00,1.35444,1.35895,1.35269,1.35346,22341.0
2022-02-09 00:00:00+00:00,1.35362,1.36437,1.35234,1.35614,48290.0
2022-02-10 00:00:00+00:00,1.35577,1.36096,1.3514,1.35592,58170.0
2022-02-13 00:00:00+00:00,1.35584,1.35729,1.34952,1.3533,234012.0
2022-02-14 00:00:00+00:00,1.35268,1.35671,1.34865,1.35432,157908.0
2022-02-15 00:00:00+00:00,1.35367,1.36012,1.35294,1.35829,164723.0
2022-02-16 00:00:00+00:00,1.35824,1.36383,1.35558,1.36144,228382.0
2022-02-17 00:00:00+00:00,1.36161,1.3643,1.35731,1.35874,172266.0
2022-02-20 00:00:00+00:00,1.35969,1.36386,1.35857,1.36005,162388.0
2022-02-21 00:00:00+00:00,1.36032,1.36048,1.35385,1.35866,193398.0
2022-02-22 00:00:00+00:00,1.35826,1.36207,1.35358,1.35466,172295.0
2022-02-23 00:00:00+00:00,1.35461,1.35507,1.32728,1.33727,360170.0
2022-02-24 00:00:00+00:00,1.3376,1.3439,1.33667,1.34137,216115.0
2022-02-27 00:00:00+00:00,1.3327,1.34318,1.33232,1.34218,227816.0
2022-02-28 00:00:00+00:00,1.34239,1.34373,1.33025,1.3325,180971.0
2022-03-01 00:00:00+00:00,1.33262,1.3407,1.32713,1.34056,227710.0
2022-03-02 00:00:00+00:00,1.34046,1.34181,1.33174,1.33487,192658.0
2022-03-03 00:00:00+00:00,1.33493,1.33564,1.32022,1.32375,226336.0
2022-03-06 00:00:00+00:00,1.32298,1.32496,1.31022,1.31037,299626.0
2022-03-07 00:00:00+00:00,1.31058,1.31448,1.3082,1.31013,286037.0
2022-03-08 00:00:00+00:00,1.31023,1.319,1.30886,1.31869,213626.0
2022-03-09 00:00:00+00:00,1.31828,1.31947,1.30816,1.30824,226369.0
2022-03-10 00:00:00+00:00,1.30872,1.31252,1.30276,1.3037,215347.0
2022-03-13 00:00:00+00:00,1.30435,1.30792,1.3001,1.30017,187039.0
2022-03-14 00:00:00+00:00,1.30048,1.30888,1.30004,1.30419,215637.0
2022-03-15 00:00:00+00:00,1.30445,1.31566,1.30334,1.3148,225914.0
2022-03-16 00:00:00+00:00,1.315,1.32116,1.30876,1.31498,204178.0
2022-03-17 00:00:00+00:00,1.31481,1.3197,1.31108,1.31778,176325.0
2022-03-20 00:00:00+00:00,1.31779,1.32102,1.31267,1.31688,145214.0
2022-03-21 00:00:00+00:00,1.31682,1.32739,1.312,1.32626,204324.0
2022-03-22 00:00:00+00:00,1.32639,1.32988,1.31752,1.3206,159621.0
2022-03-23 00:00:00+00:00,1.32031,1.32144,1.31569,1.3189,199378.0
2022-03-24 00:00:00+00:00,1.31852,1.32251,1.31594,1.31804,191364.0
2022-03-27 00:00:00+00:00,1.31838,1.31878,1.30664,1.30948,216935.0
2022-03-28 00:00:00+00:00,1.30927,1.316,1.3051,1.30939,268976.0
2022-03-29 00:00:00+00:00,1.30895,1.31827,1.30877,1.31365,229306.0
2022-03-30 00:00:00+00:00,1.31336,1.3176,1.3106,1.3144,219386.0
2022-03-31 00:00:00+00:00,1.314,1.3152,1.30865,1.31146,187306.0
2022-04-03 00:00:00+00:00,1.31,1.31373,1.30932,1.31153,157456.0
2022-04-04 00:00:00+00:00,1.31158,1.3167,1.30668,1.30733,167896.0
2022-04-05 00:00:00+00:00,1.30795,1.31084,1.30456,1.30682,201497.0
2022-04-06 00:00:00+00:00,1.30676,1.31068,1.30517,1.30738,159960.0
2022-04-07 00:00:00+00:00,1.30762,1.30868,1.29821,1.30358,136154.0
2022-04-10 00:00:00+00:00,1.30379,1.30568,1.2989,1.30282,173278.0
2022-04-11 00:00:00+00:00,1.30307,1.3054,1.29939,1.30016,192966.0
2022-04-12 00:00:00+00:00,1.30022,1.31176,1.29724,1.3117,163572.0
2022-04-13 00:00:00+00:00,1.31126,1.31475,1.30336,1.30795,166229.0
2022-04-14 00:00:00+00:00,1.30775,1.30788,1.30469,1.30576,304867.0
2022-04-17 00:00:00+00:00,1.30548,1.3065,1.3005,1.30121,103634.0
2022-04-18 00:00:00+00:00,1.30128,1.3041,1.29807,1.29993,153638.0
2022-04-19 00:00:00+00:00,1.29981,1.30708,1.29929,1.30688,158983.0
2022-04-20 00:00:00+00:00,1.30594,1.30906,1.30225,1.3026,165659.0
2022-04-21 00:00:00+00:00,1.30304,1.30356,1.28231,1.28384,193424.0
2022-04-24 00:00:00+00:00,1.2837,1.28444,1.26972,1.27414,238874.0
2022-04-25 00:00:00+00:00,1.27426,1.27726,1.25714,1.25749,197654.0
2022-04-26 00:00:00+00:00,1.25768,1.2602,1.25026,1.25458,197262.0
2022-04-27 00:00:00+00:00,1.25519,1.25701,1.24112,1.246,222350.0
2022-04-28 00:00:00+00:00,1.2457,1.26146,1.24511,1.25759,198947.0
2022-05-01 00:00:00+00:00,1.25848,1.25976,1.2473,1.24917,176755.0
2022-05-02 00:00:00+00:00,1.24935,1.25674,1.24706,1.24954,176970.0
2022-05-03 00:00:00+00:00,1.2501,1.26384,1.24544,1.26358,176067.0
2022-05-04 00:00:00+00:00,1.26303,1.26362,1.2325,1.2356,246036.0
2022-05-05 00:00:00+00:00,1.2361,1.23806,1.2276,1.23352,274966.0
2022-05-08 00:00:00+00:00,1.2348,1.24062,1.2261,1.23291,213096.0
2022-05-09 00:00:00+00:00,1.23322,1.23758,1.22914,1.23168,243765.0
2022-05-10 00:00:00+00:00,1.23174,1.24006,1.22376,1.22464,253308.0
2022-05-11 00:00:00+00:00,1.22526,1.22536,1.21653,1.21986,221799.0
2022-05-12 00:00:00+00:00,1.21979,1.22628,1.21554,1.22596,182169.0
2022-05-15 00:00:00+00:00,1.22432,1.23296,1.2217,1.23218,183584.0
2022-05-16 00:00:00+00:00,1.23191,1.2499,1.2317,1.2493,213536.0
2022-05-17 00:00:00+00:00,1.24932,1.25013,1.233,1.23406,171427.0
2022-05-18 00:00:00+00:00,1.23417,1.25248,1.23378,1.24713,256020.0
2022-05-19 00:00:00+00:00,1.24638,1.25004,1.2437,1.24918,194320.0
2022-05-22 00:00:00+00:00,1.24795,1.2601,1.24795,1.25879,170717.0
2022-05-23 00:00:00+00:00,1.25848,1.25991,1.24716,1.25344,196394.0
2022-05-24 00:00:00+00:00,1.25322,1.2591,1.24811,1.25828,195240.0
2022-05-25 00:00:00+00:00,1.25746,1.26209,1.25519,1.26084,165777.0
2022-05-26 00:00:00+00:00,1.25934,1.2667,1.25858,1.26316,153963.0
2022-05-29 00:00:00+00:00,1.26248,1.266,1.26166,1.26552,115053.0
2022-05-30 00:00:00+00:00,1.2653,1.26558,1.25604,1.26019,195046.0
2022-05-31 00:00:00+00:00,1.26022,1.26168,1.24586,1.24846,170327.0
2022-06-01 00:00:00+00:00,1.24856,1.25868,1.24694,1.25783,131589.0
2022-06-02 00:00:00+00:00,1.25788,1.259,1.24852,1.24884,120550.0
2022-06-05 00:00:00+00:00,1.24923,1.25777,1.24768,1.2529,136905.0
2022-06-06 00:00:00+00:00,1.25321,1.25996,1.24303,1.2591,172923.0
2022-06-07 00:00:00+00:00,1.2591,1.25977,1.25135,1.25362,162878.0
2022-06-08 00:00:00+00:00,1.2538,1.25588,1.24872,1.24956,212472.0
2022-06-09 00:00:00+00:00,1.24951,1.25178,1.23012,1.2317,212930.0
2022-06-12 00:00:00+00:00,1.23188,1.23224,1.2107,1.21305,280010.0
2022-06-13 00:00:00+00:00,1.21357,1.22084,1.19341,1.19972,306594.0
2022-06-14 00:00:00+00:00,1.1996,1.2205,1.19894,1.21728,239097.0
2022-06-15 00:00:00+00:00,1.21764,1.24066,1.20412,1.23529,229405.0
2022-06-16 00:00:00+00:00,1.23608,1.23632,1.21728,1.22154,191819.0
2022-06-19 00:00:00+00:00,1.22188,1.22805,1.21994,1.22483,126354.0
2022-06-20 00:00:00+00:00,1.22513,1.23246,1.22418,1.22794,136210.0
2022-06-21 00:00:00+00:00,1.22767,1.23146,1.21612,1.22626,175638.0
2022-06-22 00:00:00+00:00,1.22638,1.22947,1.21703,1.22604,180231.0
2022-06-23 00:00:00+00:00,1.22578,1.2321,1.22409,1.22756,147613.0
2022-06-26 00:00:00+00:00,1.22768,1.23326,1.22381,1.22656,154608.0
2022-06-27 00:00:00+00:00,1.22652,1.22916,1.21806,1.2184,162319.0
2022-06-28 00:00:00+00:00,1.21832,1.2213,1.21058,1.21233,191424.0
2022-06-29 00:00:00+00:00,1.21264,1.21886,1.20922,1.21787,186920.0
2022-06-30 00:00:00+00:00,1.21803,1.21804,1.19761,1.20906,186376.0
2022-07-03 00:00:00+00:00,1.21016,1.21654,1.20848,1.21006,97421.0
2022-07-04 00:00:00+00:00,1.21032,1.21256,1.18988,1.1958,191890.0
2022-07-05 00:00:00+00:00,1.19432,1.19895,1.1876,1.19228,223223.0
2022-07-06 00:00:00+00:00,1.19215,1.203,1.1909,1.20242,185900.0
2022-07-07 00:00:00+00:00,1.20238,1.20564,1.19195,1.20328,185641.0
2022-07-10 00:00:00+00:00,1.20149,1.20373,1.18667,1.189,169904.0
2022-07-11 00:00:00+00:00,1.18928,1.19161,1.18075,1.18877,201937.0
2022-07-12 00:00:00+00:00,1.18894,1.19676,1.18274,1.18904,218317.0
2022-07-13 00:00:00+00:00,1.18929,1.18944,1.17603,1.18255,226732.0
2022-07-14 00:00:00+00:00,1.1823,1.18748,1.18044,1.1869,185990.0
2022-07-17 00:00:00+00:00,1.18698,1.20334,1.18629,1.19515,155711.0
2022-07-18 00:00:00+00:00,1.19522,1.20458,1.19252,1.19976,173806.0
2022-07-19 00:00:00+00:00,1.20022,1.20378,1.19534,1.19796,186088.0
2022-07-20 00:00:00+00:00,1.19763,1.20038,1.18899,1.20024,209548.0
2022-07-21 00:00:00+00:00,1.19976,1.20642,1.19162,1.20082,211996.0
2022-07-24 00:00:00+00:00,1.20175,1.20868,1.19606,1.20482,161750.0
2022-07-25 00:00:00+00:00,1.20426,1.20904,1.19638,1.20317,155442.0
2022-07-26 00:00:00+00:00,1.20268,1.21862,1.20208,1.21564,181531.0
2022-07-27 00:00:00+00:00,1.21556,1.21914,1.21034,1.2178,197445.0
2022-07-28 00:00:00+00:00,1.21769,1.22456,1.20632,1.21842,201615.0
2022-07-31 00:00:00+00:00,1.21736,1.22938,1.21574,1.22538,158134.0
2022-08-01 00:00:00+00:00,1.22571,1.22798,1.21586,1.2162,200316.0
2022-08-02 00:00:00+00:00,1.21699,1.2208,1.21,1.21471,179846.0
2022-08-03 00:00:00+00:00,1.21433,1.2218,1.20654,1.21586,154837.0
2022-08-04 00:00:00+00:00,1.21598,1.21692,1.20034,1.2069,157134.0
2022-08-07 00:00:00+00:00,1.20692,1.21379,1.20476,1.2081,120344.0
2022-08-08 00:00:00+00:00,1.20812,1.21306,1.2063,1.20743,124717.0
2022-08-09 00:00:00+00:00,1.20817,1.2277,1.20652,1.22179,160190.0
2022-08-10 00:00:00+00:00,1.22258,1.22494,1.21822,1.22008,171060.0
2022-08-11 00:00:00+00:00,1.22004,1.2217,1.20996,1.21362,144173.0
2022-08-14 00:00:00+00:00,1.21353,1.21484,1.20505,1.20551,120498.0
2022-08-15 00:00:00+00:00,1.20556,1.2118,1.20078,1.20986,138160.0
2022-08-16 00:00:00+00:00,1.20932,1.21438,1.20282,1.205,162509.0
2022-08-17 00:00:00+00:00,1.20488,1.20797,1.19228,1.1932,152100.0
2022-08-18 00:00:00+00:00,1.193,1.19376,1.1792,1.18291,140382.0
2022-08-21 00:00:00+00:00,1.18365,1.1837,1.1742,1.17654,131177.0
2022-08-22 00:00:00+00:00,1.17648,1.18782,1.17172,1.18308,155181.0
2022-08-23 00:00:00+00:00,1.18363,1.18385,1.17557,1.1794,147933.0
2022-08-24 00:00:00+00:00,1.1799,1.18648,1.17836,1.18353,152253.0
2022-08-25 00:00:00+00:00,1.18346,1.19015,1.17338,1.17457,164847.0
2022-08-28 00:00:00+00:00,1.17082,1.17444,1.16486,1.17056,146097.0
2022-08-29 00:00:00+00:00,1.17131,1.17608,1.16214,1.16541,184847.0
2022-08-30 00:00:00+00:00,1.16528,1.16942,1.15991,1.16212,180245.0
2022-08-31 00:00:00+00:00,1.16241,1.16241,1.14986,1.15436,185557.0
2022-09-01 00:00:00+00:00,1.15444,1.15889,1.14962,1.15118,176614.0
2022-09-04 00:00:00+00:00,1.14904,1.15217,1.14436,1.152,134928.0
2022-09-05 00:00:00+00:00,1.15182,1.16096,1.14938,1.15192,197595.0
2022-09-06 00:00:00+00:00,1.15204,1.15396,1.14052,1.15374,182214.0
2022-09-07 00:00:00+00:00,1.15276,1.1561,1.14605,1.1502,210335.0
2022-09-08 00:00:00+00:00,1.15037,1.16481,1.14989,1.15911,180740.0
2022-09-11 00:00:00+00:00,1.16352,1.17108,1.16008,1.16826,155528.0
2022-09-12 00:00:00+00:00,1.16851,1.17384,1.14926,1.14933,178164.0
2022-09-13 00:00:00+00:00,1.14971,1.159,1.14802,1.15398,198552.0
2022-09-14 00:00:00+00:00,1.15454,1.15496,1.14618,1.1469,155149.0
2022-09-15 00:00:00+00:00,1.14671,1.14808,1.13508,1.14196,175141.0
2022-09-18 00:00:00+00:00,1.14172,1.14426,1.13554,1.14339,118834.0
2022-09-19 00:00:00+00:00,1.14314,1.14608,1.13574,1.13822,165952.0
2022-09-20 00:00:00+00:00,1.13783,1.13851,1.12368,1.12678,212552.0
2022-09-21 00:00:00+00:00,1.12682,1.13647,1.12119,1.12568,248505.0
2022-09-22 00:00:00+00:00,1.12598,1.12741,1.08394,1.08484,254012.0
2022-09-25 00:00:00+00:00,1.0799,1.09306,1.03595,1.06856,439025.0
2022-09-26 00:00:00+00:00,1.06868,1.08384,1.0653,1.07339,298630.0
2022-09-27 00:00:00+00:00,1.07323,1.09164,1.05394,1.08892,370253.0
2022-09-28 00:00:00+00:00,1.0886,1.1119,1.07623,1.1118,330628.0
2022-09-29 00:00:00+00:00,1.11211,1.12348,1.10252,1.11684,342202.0
2022-10-02 00:00:00+00:00,1.117,1.13346,1.1086,1.13209,254169.0
2022-10-03 00:00:00+00:00,1.13238,1.14902,1.12808,1.14748,276323.0
2022-10-04 00:00:00+00:00,1.14744,1.14958,1.12269,1.13285,262804.0
2022-10-05 00:00:00+00:00,1.13276,1.13833,1.11128,1.11634,299537.0
2022-10-06 00:00:00+00:00,1.11606,1.12252,1.10553,1.10956,266259.0
2022-10-09 00:00:00+00:00,1.10872,1.11118,1.10198,1.10572,233569.0
2022-10-10 00:00:00+00:00,1.10592,1.11803,1.09528,1.09714,287842.0
2022-10-11 00:00:00+00:00,1.09714,1.11341,1.09234,1.1099,297229.0
2022-10-12 00:00:00+00:00,1.11069,1.13808,1.10576,1.13338,300830.0
2022-10-13 00:00:00+00:00,1.13282,1.13671,1.11517,1.11798,309515.0
2022-10-16 00:00:00+00:00,1.12369,1.144,1.12,1.13634,261195.0
2022-10-17 00:00:00+00:00,1.13576,1.14119,1.12555,1.13182,278309.0
2022-10-18 00:00:00+00:00,1.1319,1.13581,1.11852,1.12174,255699.0
2022-10-19 00:00:00+00:00,1.12163,1.13366,1.11714,1.12322,304094.0
2022-10-20 00:00:00+00:00,1.123,1.13152,1.10606,1.12972,325916.0
2022-10-23 00:00:00+00:00,1.1384,1.14084,1.12577,1.12792,296295.0
2022-10-24 00:00:00+00:00,1.12799,1.14996,1.1271,1.14746,217796.0
2022-10-25 00:00:00+00:00,1.14727,1.16391,1.14307,1.16306,256367.0
2022-10-26 00:00:00+00:00,1.16179,1.16457,1.15492,1.15654,294484.0
2022-10-27 00:00:00+00:00,1.15681,1.16239,1.15042,1.16135,252950.0
2022-10-30 00:00:00+00:00,1.15901,1.16136,1.14603,1.14672,199596.0
2022-10-31 00:00:00+00:00,1.14704,1.15662,1.14373,1.14814,229112.0
2022-11-01 00:00:00+00:00,1.14884,1.1565,1.13881,1.13896,262749.0
2022-11-02 00:00:00+00:00,1.13924,1.14224,1.11519,1.11578,254109.0
2022-11-03 00:00:00+00:00,1.11608,1.13823,1.11468,1.13749,278044.0
2022-11-06 00:00:00+00:00,1.13134,1.15416,1.12904,1.15138,229046.0
2022-11-07 00:00:00+00:00,1.15182,1.15996,1.14299,1.15466,202325.0
2022-11-08 00:00:00+00:00,1.15424,1.15675,1.1334,1.13562,276172.0
2022-11-09 00:00:00+00:00,1.13628,1.17318,1.13538,1.17108,283239.0
2022-11-10 00:00:00+00:00,1.17072,1.1855,1.16474,1.1835,287979.0
2022-11-13 00:00:00+00:00,1.1813,1.18292,1.17099,1.17585,256268.0
2022-11-14 00:00:00+00:00,1.17564,1.20298,1.17408,1.18676,312173.0
2022-11-15 00:00:00+00:00,1.18638,1.19422,1.18317,1.19151,279826.0
2022-11-16 00:00:00+00:00,1.19168,1.19581,1.17628,1.18662,251366.0
2022-11-17 00:00:00+00:00,1.18641,1.1951,1.18577,1.18841,232966.0
2022-11-20 00:00:00+00:00,1.1899,1.19004,1.17788,1.18231,206842.0
2022-11-21 00:00:00+00:00,1.18251,1.1903,1.18188,1.18837,198973.0
2022-11-22 00:00:00+00:00,1.18883,1.20808,1.18729,1.20544,212255.0
2022-11-23 00:00:00+00:00,1.20529,1.21537,1.20496,1.21136,193196.0
2022-11-24 00:00:00+00:00,1.21119,1.21279,1.20582,1.20947,197248.0
2022-11-27 00:00:00+00:00,1.20768,1.21184,1.19405,1.19602,220707.0
2022-11-28 00:00:00+00:00,1.19578,1.20646,1.19452,1.19506,247871.0
2022-11-29 00:00:00+00:00,1.196,1.20872,1.19005,1.20571,262185.0
2022-11-30 00:00:00+00:00,1.20629,1.2311,1.20529,1.2255,267875.0
2022-12-01 00:00:00+00:00,1.22598,1.23,1.21346,1.2295,245389.0
2022-12-04 00:00:00+00:00,1.22789,1.23446,1.21618,1.21985,213700.0
2022-12-05 00:00:00+00:00,1.21835,1.22696,1.2128,1.21332,205965.0
2022-12-06 00:00:00+00:00,1.21378,1.22347,1.21066,1.221,235541.0
2022-12-07 00:00:00+00:00,1.22032,1.22474,1.21548,1.22367,194556.0
2022-12-08 00:00:00+00:00,1.22332,1.23227,1.22052,1.22627,223802.0
2022-12-11 00:00:00+00:00,1.22593,1.2299,1.2207,1.2262,182446.0
2022-12-12 00:00:00+00:00,1.22688,1.2444,1.22487,1.23654,252046.0
2022-12-13 00:00:00+00:00,1.23681,1.24468,1.23421,1.24274,254547.0
2022-12-14 00:00:00+00:00,1.24222,1.24318,1.21567,1.21791,239231.0
2022-12-15 00:00:00+00:00,1.21809,1.22236,1.21198,1.21354,237339.0
2022-12-18 00:00:00+00:00,1.21589,1.2242,1.21208,1.21458,195853.0
2022-12-19 00:00:00+00:00,1.21532,1.2224,1.20856,1.21838,279967.0
2022-12-20 00:00:00+00:00,1.21812,1.21924,1.20554,1.20827,203546.0
2022-12-21 00:00:00+00:00,1.20816,1.21476,1.19924,1.20414,211463.0
2022-12-22 00:00:00+00:00,1.20359,1.20902,1.20187,1.20512,195561.0
2022-12-26 00:00:00+00:00,1.20575,1.21126,1.20025,1.2032,162845.0
2022-12-27 00:00:00+00:00,1.20336,1.21258,1.20022,1.20194,174563.0
2022-12-28 00:00:00+00:00,1.20193,1.20788,1.20146,1.20548,175787.0
2022-12-29 00:00:00+00:00,1.20572,1.21076,1.201,1.20978,188103.0
2023-01-01 00:00:00+00:00,1.20763,1.2106,1.20346,1.20483,46980.0
2023-01-02 00:00:00+00:00,1.20475,1.2085,1.19002,1.19676,228104.0
2023-01-03 00:00:00+00:00,1.19672,1.20878,1.19583,1.2056,229145.0
2023-01-04 00:00:00+00:00,1.20576,1.20782,1.18736,1.19098,216909.0
2023-01-05 00:00:00+00:00,1.19077,1.20995,1.18413,1.20926,240639.0
2023-01-08 00:00:00+00:00,1.20889,1.221,1.20859,1.21852,199137.0
2023-01-09 00:00:00+00:00,1.21827,1.21983,1.211,1.21498,205701.0
2023-01-10 00:00:00+00:00,1.2157,1.21786,1.21004,1.21502,181849.0
2023-01-11 00:00:00+00:00,1.21446,1.2247,1.20888,1.22136,250670.0
2023-01-12 00:00:00+00:00,1.22214,1.22488,1.21504,1.22241,212011.0
2023-01-15 00:00:00+00:00,1.222,1.22892,1.21716,1.21968,157370.0
2023-01-16 00:00:00+00:00,1.22008,1.23008,1.21694,1.22883,227512.0
2023-01-17 00:00:00+00:00,1.22845,1.2436,1.22544,1.23444,261981.0
2023-01-18 00:00:00+00:00,1.23496,1.23974,1.23132,1.2394,216825.0
2023-01-19 00:00:00+00:00,1.23906,1.24046,1.23354,1.23981,183359.0
2023-01-22 00:00:00+00:00,1.24022,1.24482,1.23236,1.23783,173998.0
2023-01-23 00:00:00+00:00,1.23764,1.24138,1.22632,1.234,175218.0
2023-01-24 00:00:00+00:00,1.23323,1.24045,1.22832,1.24004,174319.0
2023-01-25 00:00:00+00:00,1.24028,1.24307,1.23449,1.24122,175081.0
2023-01-26 00:00:00+00:00,1.24047,1.24191,1.23452,1.23918,154752.0
2023-01-29 00:00:00+00:00,1.23931,1.24174,1.23369,1.2352,173259.0
2023-01-30 00:00:00+00:00,1.23493,1.23714,1.22844,1.23198,170219.0
2023-01-31 00:00:00+00:00,1.23232,1.23944,1.22722,1.23722,189230.0
2023-02-01 00:00:00+00:00,1.23764,1.24018,1.22225,1.22241,227983.0
2023-02-02 00:00:00+00:00,1.22266,1.22656,1.20476,1.20533,206974.0
2023-02-05 00:00:00+00:00,1.2036,1.20776,1.20057,1.20215,168035.0
2023-02-06 00:00:00+00:00,1.20242,1.20954,1.19612,1.20485,207933.0
2023-02-07 00:00:00+00:00,1.20428,1.21098,1.20386,1.20711,166239.0
2023-02-08 00:00:00+00:00,1.20692,1.2194,1.20568,1.21184,174504.0
2023-02-09 00:00:00+00:00,1.212,1.21398,1.20472,1.20585,192511.0
2023-02-12 00:00:00+00:00,1.20672,1.21519,1.20308,1.21396,152299.0
2023-02-13 00:00:00+00:00,1.2137,1.22703,1.2117,1.21752,228075.0
2023-02-14 00:00:00+00:00,1.21737,1.21818,1.19896,1.20341,195074.0
2023-02-15 00:00:00+00:00,1.20309,1.20742,1.19652,1.19875,203633.0
2023-02-16 00:00:00+00:00,1.19924,1.20496,1.19151,1.2042,183913.0
2023-02-19 00:00:00+00:00,1.20296,1.2057,1.20145,1.20404,132877.0
2023-02-20 00:00:00+00:00,1.2039,1.21478,1.19861,1.21115,197044.0
2023-02-21 00:00:00+00:00,1.2112,1.21357,1.20346,1.20438,189689.0
2023-02-22 00:00:00+00:00,1.20463,1.20752,1.19922,1.2015,171552.0
2023-02-23 00:00:00+00:00,1.20128,1.2042,1.19282,1.194,197055.0
2023-02-26 00:00:00+00:00,1.19528,1.20662,1.19225,1.20618,160996.0
2023-02-27 00:00:00+00:00,1.20559,1.21434,1.20179,1.2019,164094.0
2023-02-28 00:00:00+00:00,1.20172,1.20893,1.19651,1.2027,200900.0
2023-03-01 00:00:00+00:00,1.20316,1.20368,1.19244,1.19468,178059.0
2023-03-02 00:00:00+00:00,1.19498,1.20488,1.19436,1.20437,155661.0
2023-03-05 00:00:00+00:00,1.20358,1.20492,1.19928,1.20263,138196.0
2023-03-06 00:00:00+00:00,1.2024,1.20653,1.18214,1.18266,179985.0
2023-03-07 00:00:00+00:00,1.18349,1.18598,1.18032,1.18418,148117.0
2023-03-08 00:00:00+00:00,1.18373,1.19391,1.18318,1.1922,148000.0
2023-03-09 00:00:00+00:00,1.19234,1.21137,1.19078,1.2033,233638.0
2023-03-12 00:00:00+00:00,1.20776,1.22,1.20465,1.21832,305029.0
2023-03-13 00:00:00+00:00,1.21756,1.2204,1.21357,1.21584,243282.0
2023-03-14 00:00:00+00:00,1.21591,1.2182,1.20103,1.20548,273618.0
2023-03-15 00:00:00+00:00,1.20635,1.21281,1.20272,1.2111,239167.0
2023-03-16 00:00:00+00:00,1.2108,1.22008,1.21018,1.21822,176719.0
2023-03-19 00:00:00+00:00,1.22135,1.22851,1.21671,1.22796,184790.0
2023-03-20 00:00:00+00:00,1.22774,1.22828,1.21787,1.22178,125326.0
2023-03-21 00:00:00+00:00,1.22135,1.23354,1.22087,1.22662,157229.0
2023-03-22 00:00:00+00:00,1.22706,1.23438,1.22616,1.22868,167337.0
2023-03-23 00:00:00+00:00,1.22864,1.22928,1.21904,1.22308,162123.0
2023-03-26 00:00:00+00:00,1.22345,1.22934,1.2219,1.22885,126417.0
2023-03-27 00:00:00+00:00,1.22839,1.23494,1.22811,1.23406,115714.0
2023-03-28 00:00:00+00:00,1.23432,1.23618,1.23026,1.23172,129795.0
2023-03-29 00:00:00+00:00,1.23108,1.23929,1.22938,1.23892,124204.0
2023-03-30 00:00:00+00:00,1.23862,1.24233,1.23245,1.23304,125160.0
2023-04-02 00:00:00+00:00,1.2329,1.24236,1.22746,1.24173,131461.0
2023-04-03 00:00:00+00:00,1.24117,1.25254,1.2395,1.25008,132676.0
2023-04-04 00:00:00+00:00,1.25018,1.25146,1.24327,1.24612,117103.0
2023-04-05 00:00:00+00:00,1.24592,1.24872,1.24126,1.24394,99169.0
2023-04-06 00:00:00+00:00,1.24426,1.2456,1.23892,1.24205,76631.0
2023-04-09 00:00:00+00:00,1.24248,1.24428,1.23444,1.23836,86801.0
2023-04-10 00:00:00+00:00,1.2383,1.24568,1.23795,1.24256,114100.0
2023-04-11 00:00:00+00:00,1.24252,1.24956,1.23984,1.24825,122120.0
2023-04-12 00:00:00+00:00,1.24835,1.25376,1.24782,1.2523,116986.0
2023-04-13 00:00:00+00:00,1.25246,1.25469,1.23994,1.24145,129172.0
2023-04-16 00:00:00+00:00,1.24124,1.24384,1.23533,1.2377,118518.0
2023-04-17 00:00:00+00:00,1.23715,1.24502,1.23677,1.24254,110073.0
2023-04-18 00:00:00+00:00,1.24276,1.24746,1.23922,1.24388,111946.0
2023-04-19 00:00:00+00:00,1.24423,1.24681,1.24052,1.24436,108895.0
2023-04-20 00:00:00+00:00,1.24404,1.24483,1.23669,1.24424,114167.0
2023-04-23 00:00:00+00:00,1.24438,1.24862,1.24108,1.2485,103946.0
2023-04-24 00:00:00+00:00,1.24817,1.25074,1.23868,1.24117,116875.0
2023-04-25 00:00:00+00:00,1.24082,1.25156,1.24028,1.24688,136408.0
2023-04-26 00:00:00+00:00,1.2467,1.24999,1.24364,1.2499,130603.0
2023-04-27 00:00:00+00:00,1.24876,1.25842,1.24466,1.25678,150223.0
2023-04-30 00:00:00+00:00,1.25634,1.25706,1.24806,1.24961,107244.0
2023-05-01 00:00:00+00:00,1.24972,1.25126,1.24355,1.24681,134856.0
2023-05-02 00:00:00+00:00,1.24663,1.25908,1.24654,1.25639,137587.0
2023-05-03 00:00:00+00:00,1.25562,1.25989,1.25481,1.25736,162977.0
2023-05-04 00:00:00+00:00,1.25753,1.26527,1.25599,1.26317,116698.0
2023-05-07 00:00:00+00:00,1.26356,1.2669,1.2613,1.2619,87499.0
2023-05-08 00:00:00+00:00,1.26201,1.26402,1.25782,1.26209,109477.0
2023-05-09 00:00:00+00:00,1.26206,1.268,1.26024,1.26258,108427.0
2023-05-10 00:00:00+00:00,1.26236,1.2641,1.24968,1.25122,128861.0
2023-05-11 00:00:00+00:00,1.25126,1.2541,1.24449,1.24482,103525.0
2023-05-14 00:00:00+00:00,1.24586,1.25348,1.2445,1.25279,90301.0
2023-05-15 00:00:00+00:00,1.25251,1.25467,1.24653,1.24844,101943.0
2023-05-16 00:00:00+00:00,1.24874,1.25106,1.24218,1.24862,107091.0
2023-05-17 00:00:00+00:00,1.24888,1.2493,1.23918,1.24088,108323.0
2023-05-18 00:00:00+00:00,1.24092,1.24844,1.23922,1.24452,123724.0
2023-05-21 00:00:00+00:00,1.24456,1.24725,1.24138,1.2437,111492.0
2023-05-22 00:00:00+00:00,1.2437,1.24468,1.23732,1.24158,119405.0
2023-05-23 00:00:00+00:00,1.24154,1.24699,1.23578,1.23652,129465.0
2023-05-24 00:00:00+00:00,1.23634,1.2387,1.23081,1.23212,120006.0
2023-05-25 00:00:00+00:00,1.23264,1.23954,1.2311,1.23468,119094.0
2023-05-28 00:00:00+00:00,1.23444,1.23722,1.23356,1.23546,56734.0
2023-05-29 00:00:00+00:00,1.2356,1.24468,1.23272,1.24119,111923.0
2023-05-30 00:00:00+00:00,1.24092,1.2444,1.2348,1.24432,121300.0
2023-05-31 00:00:00+00:00,1.24386,1.254,1.24008,1.25262,118886.0
2023-06-01 00:00:00+00:00,1.25314,1.25448,1.24416,1.24504,107954.0
2023-06-04 00:00:00+00:00,1.2458,1.2458,1.23684,1.24336,101596.0
2023-06-05 00:00:00+00:00,1.24358,1.2459,1.23916,1.24229,99144.0
2023-06-06 00:00:00+00:00,1.24288,1.25,1.23953,1.24374,102235.0
2023-06-07 00:00:00+00:00,1.24346,1.25611,1.24343,1.25596,100684.0
2023-06-08 00:00:00+00:00,1.25574,1.25904,1.2534,1.25804,94859.0
2023-06-11 00:00:00+00:00,1.25692,1.25998,1.2487,1.25127,85265.0
2023-06-12 00:00:00+00:00,1.25108,1.2625,1.25102,1.26116,116580.0
2023-06-13 00:00:00+00:00,1.26144,1.26993,1.26008,1.26612,115616.0
2023-06-14 00:00:00+00:00,1.26621,1.27858,1.26296,1.2784,105805.0
2023-06-15 00:00:00+00:00,1.27826,1.28486,1.27684,1.28232,104019.0
2023-06-18 00:00:00+00:00,1.28224,1.28374,1.27708,1.27908,78044.0
2023-06-19 00:00:00+00:00,1.27867,1.28072,1.27138,1.27642,120294.0
2023-06-20 00:00:00+00:00,1.27566,1.28026,1.26912,1.27676,135624.0
2023-06-21 00:00:00+00:00,1.2771,1.28436,1.27254,1.27482,125272.0
2023-06-22 00:00:00+00:00,1.27446,1.27516,1.26852,1.2716,127704.0
2023-06-25 00:00:00+00:00,1.27116,1.27488,1.26882,1.27112,105629.0
2023-06-26 00:00:00+00:00,1.27138,1.27596,1.27034,1.27484,115067.0
2023-06-27 00:00:00+00:00,1.27502,1.27522,1.26066,1.26359,118762.0
2023-06-28 00:00:00+00:00,1.26393,1.26668,1.2591,1.26116,109879.0
2023-06-29 00:00:00+00:00,1.26124,1.2728,1.25994,1.26976,111006.0
2023-07-02 00:00:00+00:00,1.26958,1.27236,1.26586,1.26908,91912.0
2023-07-03 00:00:00+00:00,1.26888,1.27394,1.26836,1.27134,66852.0
2023-07-04 00:00:00+00:00,1.27144,1.27356,1.2688,1.27038,91083.0
2023-07-05 00:00:00+00:00,1.26988,1.27812,1.26734,1.27391,118558.0
2023-07-06 00:00:00+00:00,1.27376,1.28496,1.27258,1.28394,105286.0
2023-07-09 00:00:00+00:00,1.28354,1.28684,1.27504,1.28611,87823.0
2023-07-10 00:00:00+00:00,1.28592,1.2935,1.28572,1.29319,91428.0
2023-07-11 00:00:00+00:00,1.29326,1.30006,1.29042,1.2989,108563.0
2023-07-12 00:00:00+00:00,1.29876,1.31412,1.29841,1.31358,107838.0
2023-07-13 00:00:00+00:00,1.31316,1.31424,1.30894,1.30933,106156.0
2023-07-16 00:00:00+00:00,1.31014,1.31091,1.3051,1.30734,95119.0
2023-07-17 00:00:00+00:00,1.30775,1.3126,1.30282,1.30348,124011.0
2023-07-18 00:00:00+00:00,1.30406,1.3042,1.28676,1.29402,128135.0
2023-07-19 00:00:00+00:00,1.29374,1.29648,1.28398,1.28684,109921.0
2023-07-20 00:00:00+00:00,1.28682,1.29046,1.2816,1.28527,107692.0
2023-07-23 00:00:00+00:00,1.28535,1.2884,1.27977,1.28226,114219.0
2023-07-24 00:00:00+00:00,1.2823,1.29048,1.28096,1.2902,103573.0
2023-07-25 00:00:00+00:00,1.28956,1.29608,1.28754,1.29422,128693.0
2023-07-26 00:00:00+00:00,1.29404,1.29959,1.27819,1.27942,147771.0
2023-07-27 00:00:00+00:00,1.27935,1.28885,1.27632,1.28488,146972.0
2023-07-30 00:00:00+00:00,1.28508,1.28729,1.28282,1.2836,110994.0
2023-07-31 00:00:00+00:00,1.2839,1.28417,1.27412,1.27774,105380.0
2023-08-01 00:00:00+00:00,1.27736,1.2806,1.26804,1.27106,129867.0
2023-08-02 00:00:00+00:00,1.27178,1.27284,1.26205,1.27094,134971.0
2023-08-03 00:00:00+00:00,1.27122,1.27922,1.26828,1.27524,132053.0
2023-08-06 00:00:00+00:00,1.2753,1.27894,1.27131,1.27839,98769.0
2023-08-07 00:00:00+00:00,1.2785,1.27858,1.26842,1.27482,118815.0
2023-08-08 00:00:00+00:00,1.27394,1.27822,1.27119,1.2719,114020.0
2023-08-09 00:00:00+00:00,1.27208,1.2819,1.26698,1.26754,133318.0
2023-08-10 00:00:00+00:00,1.26789,1.2739,1.2666,1.26946,131224.0
2023-08-13 00:00:00+00:00,1.27005,1.27148,1.26166,1.26872,123267.0
2023-08-14 00:00:00+00:00,1.26952,1.27526,1.2675,1.27036,147830.0
2023-08-15 00:00:00+00:00,1.27014,1.27666,1.26872,1.27319,132610.0
2023-08-16 00:00:00+00:00,1.27305,1.27876,1.2703,1.27458,134013.0
2023-08-17 00:00:00+00:00,1.27474,1.2766,1.26892,1.27384,106398.0
2023-08-20 00:00:00+00:00,1.27346,1.27668,1.27104,1.27582,93116.0
2023-08-21 00:00:00+00:00,1.27558,1.28008,1.27186,1.27332,93664.0
2023-08-22 00:00:00+00:00,1.27351,1.2765,1.26148,1.2723,107697.0
2023-08-23 00:00:00+00:00,1.27238,1.27288,1.25912,1.25994,99552.0
2023-08-24 00:00:00+00:00,1.26043,1.26546,1.25479,1.25778,114539.0
2023-08-27 00:00:00+00:00,1.25872,1.26108,1.25658,1.2603,81473.0
2023-08-28 00:00:00+00:00,1.25982,1.2655,1.25628,1.26432,110247.0
2023-08-29 00:00:00+00:00,1.26438,1.27466,1.2619,1.27213,108119.0
2023-08-30 00:00:00+00:00,1.27228,1.27346,1.26526,1.2672,107806.0
2023-08-31 00:00:00+00:00,1.26668,1.27132,1.25774,1.25879,108152.0
2023-09-03 00:00:00+00:00,1.25964,1.26426,1.25866,1.26288,54117.0
2023-09-04 00:00:00+00:00,1.26228,1.26321,1.25282,1.25649,101928.0
2023-09-05 00:00:00+00:00,1.25686,1.25881,1.2482,1.25072,102119.0
2023-09-06 00:00:00+00:00,1.25036,1.25086,1.24458,1.24713,90652.0
2023-09-07 00:00:00+00:00,1.24743,1.25142,1.24513,1.24618,89793.0
2023-09-10 00:00:00+00:00,1.24758,1.25484,1.24683,1.25094,85562.0
2023-09-11 00:00:00+00:00,1.25188,1.25306,1.24597,1.24936,84518.0
2023-09-12 00:00:00+00:00,1.24906,1.2512,1.24348,1.24902,112539.0
2023-09-13 00:00:00+00:00,1.24872,1.25064,1.23967,1.24094,110630.0
2023-09-14 00:00:00+00:00,1.24096,1.2446,1.23788,1.23835,95495.0
2023-09-17 00:00:00+00:00,1.23878,1.24108,1.23704,1.2385,70223.0
2023-09-18 00:00:00+00:00,1.23845,1.2425,1.23702,1.23921,79718.0
2023-09-19 00:00:00+00:00,1.23886,1.24216,1.2332,1.23436,112134.0
2023-09-20 00:00:00+00:00,1.23464,1.23471,1.22338,1.22946,105129.0
2023-09-21 00:00:00+00:00,1.23,1.23002,1.22307,1.22394,93688.0
2023-09-24 00:00:00+00:00,1.2257,1.2257,1.21939,1.22114,95577.0
2023-09-25 00:00:00+00:00,1.22134,1.22156,1.21524,1.21568,96135.0
2023-09-26 00:00:00+00:00,1.21625,1.21647,1.21104,1.21344,97174.0
2023-09-27 00:00:00+00:00,1.21324,1.22246,1.212,1.2205,104442.0
2023-09-28 00:00:00+00:00,1.22002,1.22718,1.21803,1.22042,113524.0
2023-10-01 00:00:00+00:00,1.21928,1.22198,1.20864,1.20865,96450.0
2023-10-02 00:00:00+00:00,1.2094,1.21018,1.20524,1.20771,115745.0
2023-10-03 00:00:00+00:00,1.20743,1.21769,1.20372,1.21368,115540.0
2023-10-04 00:00:00+00:00,1.21493,1.2196,1.21078,1.21922,111049.0
2023-10-05 00:00:00+00:00,1.21896,1.22616,1.2106,1.22378,126679.0
2023-10-08 00:00:00+00:00,1.2204,1.22444,1.21632,1.22376,95978.0
2023-10-09 00:00:00+00:00,1.22354,1.22917,1.22118,1.22854,116047.0
2023-10-10 00:00:00+00:00,1.22792,1.23376,1.22692,1.23112,118357.0
2023-10-11 00:00:00+00:00,1.23136,1.23316,1.21718,1.21746,112489.0
2023-10-12 00:00:00+00:00,1.21844,1.22255,1.21226,1.2146,110995.0
2023-10-15 00:00:00+00:00,1.2141,1.22194,1.21385,1.22166,91830.0
2023-10-16 00:00:00+00:00,1.22096,1.22178,1.2133,1.21826,102686.0
2023-10-17 00:00:00+00:00,1.21883,1.22112,1.21372,1.21408,105886.0
2023-10-18 00:00:00+00:00,1.21399,1.2192,1.20899,1.2142,124033.0
2023-10-19 00:00:00+00:00,1.21426,1.21704,1.20933,1.21636,103776.0
2023-10-22 00:00:00+00:00,1.21594,1.22587,1.21433,1.22467,91666.0
2023-10-23 00:00:00+00:00,1.22424,1.22888,1.21535,1.21605,102540.0
2023-10-24 00:00:00+00:00,1.21639,1.21762,1.21066,1.21115,96979.0
2023-10-25 00:00:00+00:00,1.2113,1.21396,1.20695,1.21286,102998.0
2023-10-26 00:00:00+00:00,1.21332,1.2163,1.21056,1.21212,102365.0
2023-10-29 00:00:00+00:00,1.21232,1.21746,1.20903,1.21691,81866.0
2023-10-30 00:00:00+00:00,1.21666,1.22008,1.21196,1.21477,104050.0
2023-10-31 00:00:00+00:00,1.21464,1.21646,1.20958,1.21511,122242.0
2023-11-01 00:00:00+00:00,1.21458,1.22258,1.21382,1.22042,105783.0
2023-11-02 00:00:00+00:00,1.22027,1.23898,1.21846,1.23795,107326.0
2023-11-05 00:00:00+00:00,1.23737,1.24286,1.23384,1.2344,80230.0
2023-11-06 00:00:00+00:00,1.23482,1.23482,1.22624,1.22994,88223.0
2023-11-07 00:00:00+00:00,1.22988,1.23023,1.22418,1.2285,91550.0
2023-11-08 00:00:00+00:00,1.2286,1.23088,1.22128,1.2222,107241.0
2023-11-09 00:00:00+00:00,1.22258,1.22379,1.21873,1.22268,92339.0
2023-11-12 00:00:00+00:00,1.22278,1.22804,1.22222,1.22792,73451.0
2023-11-13 00:00:00+00:00,1.22708,1.25058,1.22654,1.2498,102668.0
2023-11-14 00:00:00+00:00,1.24982,1.25,1.24039,1.24164,106571.0
2023-11-15 00:00:00+00:00,1.24213,1.2456,1.23763,1.2415,96469.0
2023-11-16 00:00:00+00:00,1.2413,1.24649,1.2374,1.24622,98772.0
2023-11-19 00:00:00+00:00,1.2451,1.25176,1.24462,1.2504,92328.0
2023-11-20 00:00:00+00:00,1.25058,1.25592,1.25007,1.25376,98929.0
2023-11-21 00:00:00+00:00,1.25358,1.25497,1.24492,1.24942,101817.0
2023-11-22 00:00:00+00:00,1.24916,1.25723,1.2489,1.25356,63667.0
2023-11-23 00:00:00+00:00,1.2532,1.26155,1.25246,1.26032,78087.0
2023-11-26 00:00:00+00:00,1.26025,1.26443,1.25908,1.26286,86408.0
2023-11-27 00:00:00+00:00,1.26287,1.27152,1.26068,1.26974,105659.0
2023-11-28 00:00:00+00:00,1.2694,1.27334,1.26648,1.2695,110696.0
2023-11-29 00:00:00+00:00,1.26974,1.27108,1.26034,1.26244,119912.0
2023-11-30 00:00:00+00:00,1.26206,1.27162,1.2614,1.27106,117438.0
2023-12-03 00:00:00+00:00,1.26984,1.27246,1.26038,1.26324,118193.0
2023-12-04 00:00:00+00:00,1.26288,1.26522,1.25774,1.25954,121859.0
2023-12-05 00:00:00+00:00,1.25985,1.26138,1.25518,1.25598,101113.0
2023-12-06 00:00:00+00:00,1.25596,1.26128,1.25444,1.25922,122980.0
2023-12-07 00:00:00+00:00,1.25889,1.26016,1.25023,1.25489,133251.0
2023-12-10 00:00:00+00:00,1.2537,1.25908,1.25337,1.25558,89430.0
2023-12-11 00:00:00+00:00,1.25574,1.26161,1.2514,1.25628,106482.0
2023-12-12 00:00:00+00:00,1.25656,1.26348,1.25002,1.26182,121605.0
2023-12-13 00:00:00+00:00,1.26214,1.27944,1.26121,1.27643,160367.0
2023-12-14 00:00:00+00:00,1.27664,1.2791,1.26686,1.26766,130863.0
2023-12-17 00:00:00+00:00,1.26792,1.27041,1.26289,1.26477,95392.0
2023-12-18 00:00:00+00:00,1.26426,1.27619,1.26404,1.2732,102517.0
2023-12-19 00:00:00+00:00,1.27312,1.27357,1.26251,1.26404,106703.0
2023-12-20 00:00:00+00:00,1.26357,1.2696,1.26123,1.2691,119445.0
2023-12-21 00:00:00+00:00,1.26864,1.27443,1.26793,1.26974,120707.0
2023-12-25 00:00:00+00:00,1.26935,1.27304,1.26846,1.27244,68750.0
2023-12-26 00:00:00+00:00,1.27221,1.28026,1.26988,1.27995,79626.0
2023-12-27 00:00:00+00:00,1.2794,1.2828,1.27126,1.27306,93413.0
2023-12-28 00:00:00+00:00,1.27338,1.27728,1.27004,1.27314,98653.0
2024-01-01 00:00:00+00:00,1.27264,1.276,1.26108,1.26188,124894.0
2024-01-02 00:00:00+00:00,1.26166,1.26766,1.26157,1.26644,136089.0
2024-01-03 00:00:00+00:00,1.26638,1.27299,1.2657,1.26828,122585.0
2024-01-04 00:00:00+00:00,1.26833,1.27712,1.26116,1.27193,147361.0
2024-01-07 00:00:00+00:00,1.272,1.2767,1.26734,1.27486,98012.0
2024-01-08 00:00:00+00:00,1.27538,1.27652,1.26893,1.27095,106459.0
2024-01-09 00:00:00+00:00,1.27066,1.27442,1.26863,1.2742,93320.0
2024-01-10 00:00:00+00:00,1.27344,1.27812,1.26902,1.27628,152871.0
2024-01-11 00:00:00+00:00,1.27593,1.27858,1.27195,1.27528,134789.0
2024-01-14 00:00:00+00:00,1.27456,1.27652,1.2713,1.27282,73754.0
2024-01-15 00:00:00+00:00,1.27328,1.27328,1.26194,1.26348,140846.0
2024-01-16 00:00:00+00:00,1.26337,1.26962,1.25965,1.268,134600.0
2024-01-17 00:00:00+00:00,1.26786,1.27084,1.26482,1.27066,134970.0
2024-01-18 00:00:00+00:00,1.27073,1.27148,1.26612,1.27037,112160.0
2024-01-21 00:00:00+00:00,1.26885,1.2733,1.26868,1.27082,95703.0
2024-01-22 00:00:00+00:00,1.27114,1.27473,1.26492,1.26873,103914.0
2024-01-23 00:00:00+00:00,1.268,1.27748,1.268,1.27242,121144.0
2024-01-24 00:00:00+00:00,1.27234,1.27426,1.26816,1.27087,123652.0
2024-01-25 00:00:00+00:00,1.27076,1.27586,1.26756,1.27022,98389.0
2024-01-28 00:00:00+00:00,1.26981,1.2719,1.26622,1.27096,92948.0
2024-01-29 00:00:00+00:00,1.271,1.27212,1.26402,1.26994,100536.0
2024-01-30 00:00:00+00:00,1.26956,1.27508,1.26582,1.26875,146594.0
2024-01-31 00:00:00+00:00,1.2678,1.27558,1.26252,1.27428,131140.0
2024-02-01 00:00:00+00:00,1.27434,1.27724,1.26141,1.2634,119433.0
2024-02-04 00:00:00+00:00,1.2635,1.26388,1.25184,1.25356,107793.0
2024-02-05 00:00:00+00:00,1.25368,1.26034,1.25322,1.25978,107641.0
2024-02-06 00:00:00+00:00,1.2598,1.26422,1.25945,1.26284,103924.0
2024-02-07 00:00:00+00:00,1.2626,1.2639,1.25718,1.26184,103776.0
2024-02-08 00:00:00+00:00,1.26214,1.26432,1.2599,1.26302,93910.0
2024-02-11 00:00:00+00:00,1.26269,1.26548,1.26062,1.26282,79553.0
2024-02-12 00:00:00+00:00,1.26282,1.26922,1.25733,1.25926,108788.0
2024-02-13 00:00:00+00:00,1.25894,1.26112,1.25354,1.2566,109669.0
2024-02-14 00:00:00+00:00,1.2565,1.26024,1.2542,1.25999,100924.0
2024-02-15 00:00:00+00:00,1.25959,1.26244,1.25508,1.26006,105302.0
2024-02-18 00:00:00+00:00,1.26064,1.26297,1.25835,1.25966,62122.0
2024-02-19 00:00:00+00:00,1.25951,1.26686,1.25792,1.2623,110973.0
2024-02-20 00:00:00+00:00,1.26226,1.2642,1.26026,1.26378,107939.0
2024-02-21 00:00:00+00:00,1.26374,1.27096,1.26116,1.26606,111995.0
2024-02-22 00:00:00+00:00,1.26594,1.27014,1.26482,1.26724,102115.0
2024-02-25 00:00:00+00:00,1.2677,1.26997,1.26567,1.26858,83895.0
2024-02-26 00:00:00+00:00,1.2683,1.26969,1.26604,1.2686,94389.0
2024-02-27 00:00:00+00:00,1.26858,1.26876,1.26216,1.26615,93903.0
2024-02-28 00:00:00+00:00,1.26581,1.26818,1.26126,1.26245,116619.0
2024-02-29 00:00:00+00:00,1.26212,1.2664,1.26001,1.26552,109236.0
2024-03-03 00:00:00+00:00,1.26567,1.27066,1.26518,1.26914,81887.0
2024-03-04 00:00:00+00:00,1.2692,1.2735,1.26712,1.27054,95487.0
2024-03-05 00:00:00+00:00,1.2705,1.27616,1.26902,1.2732,115652.0
2024-03-06 00:00:00+00:00,1.27315,1.2811,1.27231,1.28082,115173.0
2024-03-07 00:00:00+00:00,1.28073,1.2894,1.2801,1.2857,121845.0
2024-03-10 00:00:00+00:00,1.28603,1.28645,1.27951,1.28138,95774.0
2024-03-11 00:00:00+00:00,1.28098,1.28236,1.2746,1.27938,105583.0
2024-03-12 00:00:00+00:00,1.27896,1.28115,1.27746,1.27972,86912.0
2024-03-13 00:00:00+00:00,1.28015,1.28231,1.27306,1.27529,98739.0
2024-03-14 00:00:00+00:00,1.2752,1.27588,1.27252,1.27364,90035.0
2024-03-17 00:00:00+00:00,1.27348,1.27468,1.2718,1.27292,64741.0
2024-03-18 00:00:00+00:00,1.27323,1.2733,1.26678,1.27218,92838.0
2024-03-19 00:00:00+00:00,1.27222,1.27872,1.26844,1.27865,102668.0
2024-03-20 00:00:00+00:00,1.27858,1.28035,1.26504,1.26575,109405.0
2024-03-21 00:00:00+00:00,1.26608,1.26753,1.25752,1.26004,86527.0
2024-03-24 00:00:00+00:00,1.25975,1.26524,1.2592,1.26368,68093.0
2024-03-25 00:00:00+00:00,1.26378,1.26681,1.2622,1.26279,69364.0
2024-03-26 00:00:00+00:00,1.26306,1.26414,1.26056,1.26405,73427.0
2024-03-27 00:00:00+00:00,1.2635,1.2655,1.2586,1.26238,77149.0
2024-03-28 00:00:00+00:00,1.26234,1.26452,1.261,1.26229,40096.0
2024-03-31 00:00:00+00:00,1.26229,1.26422,1.25396,1.25514,62032.0
2024-04-01 00:00:00+00:00,1.25538,1.25787,1.25396,1.25781,74370.0
2024-04-02 00:00:00+00:00,1.25772,1.2656,1.25624,1.26524,89737.0
2024-04-03 00:00:00+00:00,1.26495,1.26835,1.26352,1.26426,72116.0
2024-04-04 00:00:00+00:00,1.264,1.26488,1.2574,1.26384,97771.0
2024-04-07 00:00:00+00:00,1.26288,1.26642,1.26135,1.2655,82781.0
2024-04-08 00:00:00+00:00,1.26538,1.27095,1.26489,1.26772,81384.0
2024-04-09 00:00:00+00:00,1.26799,1.27085,1.25202,1.25406,108078.0
2024-04-10 00:00:00+00:00,1.25384,1.25788,1.25109,1.2553,110250.0
2024-04-11 00:00:00+00:00,1.25555,1.2559,1.24268,1.24492,110850.0
2024-04-14 00:00:00+00:00,1.24497,1.24988,1.24358,1.24462,113905.0
2024-04-15 00:00:00+00:00,1.24463,1.2472,1.24053,1.24268,123144.0
2024-04-16 00:00:00+00:00,1.24327,1.24822,1.2417,1.24552,109071.0
2024-04-17 00:00:00+00:00,1.2456,1.24846,1.24336,1.24366,95187.0
2024-04-18 00:00:00+00:00,1.24389,1.24684,1.23668,1.23704,130775.0
2024-04-21 00:00:00+00:00,1.23794,1.23925,1.22994,1.23497,73094.0
2024-04-22 00:00:00+00:00,1.23499,1.24586,1.23317,1.24506,89496.0
2024-04-23 00:00:00+00:00,1.24502,1.247,1.24226,1.2464,77563.0
2024-04-24 00:00:00+00:00,1.24588,1.25268,1.24544,1.25132,101037.0
2024-04-25 00:00:00+00:00,1.25148,1.25412,1.2449,1.24942,97106.0
2024-04-28 00:00:00+00:00,1.25018,1.25696,1.24797,1.25618,98569.0
2024-04-29 00:00:00+00:00,1.25624,1.25642,1.24901,1.24918,95530.0
2024-04-30 00:00:00+00:00,1.24919,1.25503,1.24664,1.2529,101352.0
2024-05-01 00:00:00+00:00,1.25232,1.25447,1.24719,1.25352,112112.0
2024-05-02 00:00:00+00:00,1.25316,1.26348,1.25291,1.25472,109948.0
2024-05-05 00:00:00+00:00,1.25467,1.25944,1.25384,1.25622,72668.0
2024-05-06 00:00:00+00:00,1.25663,1.25709,1.25008,1.25082,71595.0
2024-05-07 00:00:00+00:00,1.25089,1.25145,1.24678,1.24978,69503.0
2024-05-08 00:00:00+00:00,1.24947,1.25268,1.24457,1.25238,78946.0
2024-05-09 00:00:00+00:00,1.25214,1.25414,1.25026,1.25246,76765.0
2024-05-12 00:00:00+00:00,1.25192,1.25688,1.25168,1.25592,73318.0
2024-05-13 00:00:00+00:00,1.25591,1.2593,1.25094,1.25918,90229.0
2024-05-14 00:00:00+00:00,1.2589,1.26864,1.25835,1.26862,85939.0
2024-05-15 00:00:00+00:00,1.26856,1.27009,1.26433,1.26707,78048.0
2024-05-16 00:00:00+00:00,1.26706,1.27118,1.26449,1.27012,70563.0
2024-05-19 00:00:00+00:00,1.26967,1.2719,1.26892,1.27056,57971.0
2024-05-20 00:00:00+00:00,1.27064,1.27266,1.26864,1.27091,76444.0
2024-05-21 00:00:00+00:00,1.27106,1.27614,1.27002,1.27173,87830.0
2024-05-22 00:00:00+00:00,1.27172,1.27466,1.26854,1.26988,99153.0
2024-05-23 00:00:00+00:00,1.26974,1.27509,1.26756,1.27378,73278.0
2024-05-26 00:00:00+00:00,1.27378,1.27778,1.27336,1.27694,46316.0
2024-05-27 00:00:00+00:00,1.27702,1.28008,1.27541,1.27619,74387.0
2024-05-28 00:00:00+00:00,1.27602,1.27718,1.26992,1.27009,90635.0
2024-05-29 00:00:00+00:00,1.27034,1.27474,1.26808,1.27324,90160.0
2024-05-30 00:00:00+00:00,1.2732,1.27663,1.27004,1.27422,93546.0
2024-06-02 00:00:00+00:00,1.274,1.28091,1.26942,1.28076,91461.0
2024-06-03 00:00:00+00:00,1.28057,1.28176,1.27428,1.27696,104838.0
2024-06-04 00:00:00+00:00,1.27707,1.27954,1.27554,1.27873,91510.0
2024-06-05 00:00:00+00:00,1.27892,1.28092,1.27624,1.27912,85211.0
2024-06-06 00:00:00+00:00,1.27906,1.28218,1.2716,1.27191,103922.0
2024-06-09 00:00:00+00:00,1.27284,1.27375,1.2688,1.27309,86954.0
2024-06-10 00:00:00+00:00,1.27306,1.27516,1.27058,1.27395,88970.0
2024-06-11 00:00:00+00:00,1.27385,1.28606,1.27328,1.27982,116204.0
2024-06-12 00:00:00+00:00,1.27985,1.28077,1.27384,1.27632,96242.0
2024-06-13 00:00:00+00:00,1.27601,1.27638,1.2657,1.26866,108596.0
2024-06-16 00:00:00+00:00,1.26884,1.27097,1.2659,1.27042,70272.0
2024-06-17 00:00:00+00:00,1.27052,1.27208,1.26692,1.27081,96152.0
2024-06-18 00:00:00+00:00,1.27052,1.274,1.27004,1.27202,60943.0
2024-06-19 00:00:00+00:00,1.272,1.27244,1.2655,1.26572,87356.0
2024-06-20 00:00:00+00:00,1.2659,1.26754,1.26222,1.26426,76899.0
2024-06-23 00:00:00+00:00,1.26418,1.26982,1.26328,1.2686,88430.0
2024-06-24 00:00:00+00:00,1.2685,1.27026,1.26704,1.26862,82483.0
2024-06-25 00:00:00+00:00,1.26873,1.26936,1.26156,1.26218,97703.0
2024-06-26 00:00:00+00:00,1.26241,1.26708,1.26128,1.264,92552.0
2024-06-27 00:00:00+00:00,1.2643,1.2666,1.26197,1.26454,109221.0
2024-06-30 00:00:00+00:00,1.26582,1.27112,1.26334,1.26501,105764.0
2024-07-01 00:00:00+00:00,1.2649,1.2688,1.26156,1.26852,92847.0
2024-07-02 00:00:00+00:00,1.26818,1.27774,1.26782,1.27428,87266.0
2024-07-03 00:00:00+00:00,1.27488,1.27677,1.2739,1.27588,52792.0
2024-07-04 00:00:00+00:00,1.27618,1.28172,1.27542,1.2815,98202.0
2024-07-07 00:00:00+00:00,1.2797,1.28459,1.27926,1.28063,91688.0
2024-07-08 00:00:00+00:00,1.28084,1.28251,1.27776,1.27866,91466.0
2024-07-09 00:00:00+00:00,1.27866,1.2849,1.27836,1.28482,88524.0
2024-07-10 00:00:00+00:00,1.2849,1.29496,1.28484,1.29141,128486.0
2024-07-11 00:00:00+00:00,1.29091,1.2991,1.29021,1.29884,132062.0
2024-07-14 00:00:00+00:00,1.29693,1.2995,1.2962,1.29682,124794.0
2024-07-15 00:00:00+00:00,1.29691,1.29801,1.29382,1.29737,122413.0
2024-07-16 00:00:00+00:00,1.29698,1.30448,1.29662,1.30084,141659.0
2024-07-17 00:00:00+00:00,1.30086,1.3013,1.29402,1.29434,142343.0
2024-07-18 00:00:00+00:00,1.2956,1.29576,1.2901,1.29149,133970.0
2024-07-21 00:00:00+00:00,1.29186,1.29425,1.29054,1.29336,124698.0
2024-07-22 00:00:00+00:00,1.29345,1.2935,1.28878,1.29072,118814.0
2024-07-23 00:00:00+00:00,1.29086,1.29378,1.28774,1.29068,129701.0
2024-07-24 00:00:00+00:00,1.29079,1.29136,1.28498,1.28506,165351.0
2024-07-25 00:00:00+00:00,1.28557,1.28782,1.28499,1.28666,123338.0
2024-07-28 00:00:00+00:00,1.28639,1.28882,1.28068,1.28616,127627.0
2024-07-29 00:00:00+00:00,1.28621,1.28664,1.28202,1.28358,126914.0
2024-07-30 00:00:00+00:00,1.2834,1.28644,1.2821,1.28562,168691.0
2024-07-31 00:00:00+00:00,1.28566,1.28632,1.27269,1.2739,164305.0
2024-08-01 00:00:00+00:00,1.27413,1.28406,1.27073,1.28054,186367.0
2024-08-04 00:00:00+00:00,1.28076,1.28172,1.27102,1.27766,288873.0
2024-08-05 00:00:00+00:00,1.2771,1.2803,1.26728,1.26916,225001.0
2024-08-06 00:00:00+00:00,1.26914,1.27361,1.26808,1.2693,175030.0
2024-08-07 00:00:00+00:00,1.26896,1.27526,1.2665,1.27491,173025.0
2024-08-08 00:00:00+00:00,1.27462,1.2774,1.27262,1.2758,139390.0
2024-08-11 00:00:00+00:00,1.27662,1.2794,1.27468,1.27656,121526.0
2024-08-12 00:00:00+00:00,1.2774,1.28733,1.27624,1.28628,133303.0
2024-08-13 00:00:00+00:00,1.28588,1.28686,1.28168,1.28262,140524.0
2024-08-14 00:00:00+00:00,1.28298,1.28718,1.27987,1.2854,128186.0
2024-08-15 00:00:00+00:00,1.28572,1.29461,1.28522,1.29452,92239.0
2024-08-18 00:00:00+00:00,1.29398,1.29974,1.2936,1.29906,122349.0
2024-08-19 00:00:00+00:00,1.29896,1.30524,1.29744,1.30334,130838.0
2024-08-20 00:00:00+00:00,1.30358,1.31196,1.3011,1.309,142580.0
2024-08-21 00:00:00+00:00,1.30932,1.313,1.30766,1.30916,134575.0
2024-08-22 00:00:00+00:00,1.3091,1.32304,1.30888,1.32174,147817.0
2024-08-25 00:00:00+00:00,1.32181,1.32226,1.318,1.31875,123807.0
2024-08-26 00:00:00+00:00,1.3188,1.32666,1.31802,1.32612,128850.0
2024-08-27 00:00:00+00:00,1.32582,1.32638,1.31676,1.3191,140755.0
2024-08-28 00:00:00+00:00,1.31954,1.32271,1.31455,1.31684,149199.0
2024-08-29 00:00:00+00:00,1.3167,1.32,1.31098,1.31264,136027.0
2024-09-01 00:00:00+00:00,1.31356,1.31552,1.31201,1.31472,75570.0
2024-09-02 00:00:00+00:00,1.31446,1.31502,1.30877,1.31145,144342.0
2024-09-03 00:00:00+00:00,1.31134,1.31755,1.3101,1.31484,136029.0
2024-09-04 00:00:00+00:00,1.3147,1.31856,1.31373,1.31808,137350.0
2024-09-05 00:00:00+00:00,1.31798,1.3239,1.31102,1.31296,186123.0
2024-09-08 00:00:00+00:00,1.3124,1.31434,1.30678,1.30732,131790.0
2024-09-09 00:00:00+00:00,1.30736,1.31079,1.30496,1.30796,135543.0
2024-09-10 00:00:00+00:00,1.30781,1.31116,1.3002,1.30431,166727.0
2024-09-11 00:00:00+00:00,1.30455,1.31272,1.30322,1.31258,152809.0
2024-09-12 00:00:00+00:00,1.31249,1.3158,1.31148,1.31243,142811.0
2024-09-15 00:00:00+00:00,1.31248,1.32184,1.31217,1.32166,124837.0
2024-09-16 00:00:00+00:00,1.32158,1.323,1.3146,1.31598,144258.0
2024-09-17 00:00:00+00:00,1.31606,1.3298,1.3156,1.32127,194335.0
2024-09-18 00:00:00+00:00,1.32085,1.33144,1.31536,1.32837,203509.0
2024-09-19 00:00:00+00:00,1.3283,1.33406,1.3268,1.33223,179229.0
2024-09-22 00:00:00+00:00,1.33161,1.33596,1.32486,1.33483,157591.0
2024-09-23 00:00:00+00:00,1.33468,1.34158,1.33318,1.34133,163617.0
2024-09-24 00:00:00+00:00,1.34121,1.343,1.33124,1.3323,174917.0
2024-09-25 00:00:00+00:00,1.33227,1.34343,1.33127,1.34154,185044.0
2024-09-26 00:00:00+00:00,1.34155,1.34278,1.33599,1.33725,187702.0
2024-09-29 00:00:00+00:00,1.33736,1.34232,1.33502,1.33764,168877.0
2024-09-30 00:00:00+00:00,1.3373,1.33898,1.32374,1.32858,224817.0
2024-10-01 00:00:00+00:00,1.32858,1.33057,1.32458,1.32672,175219.0
2024-10-02 00:00:00+00:00,1.32646,1.32752,1.3092,1.31235,216112.0
2024-10-03 00:00:00+00:00,1.31221,1.3175,1.30698,1.31266,186543.0
2024-10-06 00:00:00+00:00,1.31173,1.31346,1.30593,1.30828,177389.0
2024-10-07 00:00:00+00:00,1.30819,1.31136,1.30642,1.31045,181601.0
2024-10-08 00:00:00+00:00,1.31039,1.31058,1.30556,1.30725,153922.0
2024-10-09 00:00:00+00:00,1.30705,1.30939,1.30205,1.30596,175991.0
2024-10-10 00:00:00+00:00,1.30598,1.30832,1.30418,1.30671,131091.0
2024-10-13 00:00:00+00:00,1.30689,1.3072,1.30303,1.30605,133208.0
2024-10-14 00:00:00+00:00,1.30598,1.3103,1.30358,1.30741,151441.0
2024-10-15 00:00:00+00:00,1.30744,1.30776,1.29768,1.29897,152060.0
2024-10-16 00:00:00+00:00,1.29866,1.30234,1.29738,1.30114,192092.0
2024-10-17 00:00:00+00:00,1.30082,1.30713,1.30074,1.3051,215431.0
2024-10-20 00:00:00+00:00,1.30474,1.3058,1.29771,1.29844,206724.0
2024-10-21 00:00:00+00:00,1.29842,1.30153,1.29445,1.29852,218722.0
2024-10-22 00:00:00+00:00,1.29788,1.29952,1.29074,1.29207,224781.0
2024-10-23 00:00:00+00:00,1.29222,1.29882,1.2909,1.29771,251335.0
2024-10-24 00:00:00+00:00,1.29738,1.29987,1.29558,1.2962,216296.0
2024-10-27 00:00:00+00:00,1.29658,1.30016,1.29397,1.29705,201994.0
2024-10-28 00:00:00+00:00,1.29744,1.30171,1.29582,1.3017,252371.0
2024-10-29 00:00:00+00:00,1.30164,1.30435,1.29369,1.29624,265205.0
2024-10-30 00:00:00+00:00,1.29652,1.29998,1.28438,1.28988,286272.0
2024-10-31 00:00:00+00:00,1.29013,1.29804,1.28846,1.2919,241985.0
2024-11-03 00:00:00+00:00,1.29716,1.2999,1.29344,1.29568,253670.0
2024-11-04 00:00:00+00:00,1.29558,1.30428,1.29482,1.30418,209974.0
2024-11-05 00:00:00+00:00,1.30367,1.3048,1.2834,1.28794,572655.0
2024-11-06 00:00:00+00:00,1.28784,1.30094,1.28752,1.29872,319142.0
2024-11-07 00:00:00+00:00,1.29868,1.29902,1.28836,1.29195,253575.0
2024-11-10 00:00:00+00:00,1.28998,1.2926,1.28559,1.28688,197766.0
2024-11-11 00:00:00+00:00,1.287,1.28738,1.27192,1.2748,275543.0
2024-11-12 00:00:00+00:00,1.27502,1.277,1.26866,1.2708,291332.0
2024-11-13 00:00:00+00:00,1.27136,1.27204,1.26297,1.26664,283442.0
2024-11-14 00:00:00+00:00,1.26663,1.26972,1.25973,1.26201,304883.0
2024-11-17 00:00:00+00:00,1.26201,1.26868,1.26085,1.26778,239479.0
2024-11-18 00:00:00+00:00,1.26768,1.26895,1.26133,1.26825,268201.0
2024-11-19 00:00:00+00:00,1.268,1.27149,1.26309,1.26535,231956.0
2024-11-20 00:00:00+00:00,1.26551,1.26604,1.25763,1.25896,250102.0
2024-11-21 00:00:00+00:00,1.25938,1.25944,1.24872,1.25321,298056.0
2024-11-24 00:00:00+00:00,1.25908,1.26134,1.25416,1.25684,263066.0
2024-11-25 00:00:00+00:00,1.257,1.26165,1.25072,1.2569,308182.0
2024-11-26 00:00:00+00:00,1.25722,1.26949,1.25668,1.268,258067.0
2024-11-27 00:00:00+00:00,1.26781,1.2691,1.26452,1.2687,176405.0
2024-11-28 00:00:00+00:00,1.26866,1.27503,1.26718,1.27372,262068.0
2024-12-01 00:00:00+00:00,1.27306,1.2736,1.26172,1.26546,294334.0
2024-12-02 00:00:00+00:00,1.26545,1.26998,1.26366,1.2673,241195.0
2024-12-03 00:00:00+00:00,1.26731,1.27218,1.263,1.27,257468.0
2024-12-04 00:00:00+00:00,1.27042,1.2771,1.2693,1.27608,199858.0
2024-12-05 00:00:00+00:00,1.27592,1.28116,1.27214,1.27418,210359.0
2024-12-08 00:00:00+00:00,1.27358,1.2799,1.27172,1.2751,171164.0
2024-12-09 00:00:00+00:00,1.275,1.27782,1.27239,1.27718,181408.0
2024-12-10 00:00:00+00:00,1.27708,1.27818,1.27134,1.27508,227206.0
2024-12-11 00:00:00+00:00,1.27522,1.27882,1.26668,1.26736,218965.0
2024-12-12 00:00:00+00:00,1.26761,1.26794,1.26082,1.262,185272.0
2024-12-15 00:00:00+00:00,1.26147,1.2699,1.26112,1.26836,161417.0
2024-12-16 00:00:00+00:00,1.26812,1.27289,1.26661,1.27129,179308.0
2024-12-17 00:00:00+00:00,1.27074,1.27276,1.25622,1.25724,245194.0
2024-12-18 00:00:00+00:00,1.2573,1.2667,1.24953,1.25021,265084.0
2024-12-19 00:00:00+00:00,1.25033,1.26142,1.24748,1.25679,207487.0
2024-12-22 00:00:00+00:00,1.25669,1.25884,1.25098,1.2536,148648.0
2024-12-23 00:00:00+00:00,1.25384,1.25751,1.25188,1.25432,108006.0
2024-12-25 00:00:00+00:00,1.25438,1.2552,1.25012,1.25269,114836.0
2024-12-26 00:00:00+00:00,1.25258,1.25928,1.25052,1.2577,171449.0
2024-12-29 00:00:00+00:00,1.25799,1.26074,1.25066,1.2552,169271.0
2024-12-30 00:00:00+00:00,1.25486,1.25694,1.25052,1.25134,165110.0
2025-01-01 00:00:00+00:00,1.25154,1.25408,1.23521,1.2381,204397.0
2025-01-02 00:00:00+00:00,1.23766,1.24343,1.23742,1.24232,151269.0
2025-01-05 00:00:00+00:00,1.24266,1.2551,1.24157,1.25204,234083.0
2025-01-06 00:00:00+00:00,1.25198,1.2576,1.24771,1.24778,201856.0
2025-01-07 00:00:00+00:00,1.24764,1.24943,1.23209,1.23634,222647.0
2025-01-08 00:00:00+00:00,1.23632,1.23666,1.22384,1.23073,189654.0
2025-01-09 00:00:00+00:00,1.23075,1.2322,1.21914,1.22086,259618.0
2025-01-12 00:00:00+00:00,1.22014,1.22112,1.20997,1.22034,235958.0
2025-01-13 00:00:00+00:00,1.22012,1.22506,1.21384,1.22156,240809.0
2025-01-14 00:00:00+00:00,1.22148,1.23067,1.2162,1.22437,219389.0
2025-01-15 00:00:00+00:00,1.224,1.22605,1.2175,1.22384,232128.0
2025-01-16 00:00:00+00:00,1.22412,1.22445,1.21604,1.21685,198277.0
2025-01-19 00:00:00+00:00,1.21788,1.2345,1.216,1.23296,244336.0
2025-01-20 00:00:00+00:00,1.23276,1.23606,1.22292,1.23556,281993.0
2025-01-21 00:00:00+00:00,1.235,1.23768,1.23074,1.23166,209194.0
2025-01-22 00:00:00+00:00,1.23198,1.23759,1.22934,1.2352,227759.0
2025-01-23 00:00:00+00:00,1.23556,1.25022,1.23486,1.24827,228063.0
2025-01-26 00:00:00+00:00,1.2471,1.25236,1.2426,1.24999,246292.0
2025-01-27 00:00:00+00:00,1.24946,1.24997,1.24146,1.24434,221069.0
2025-01-28 00:00:00+00:00,1.24426,1.24636,1.23932,1.2451,258882.0
2025-01-29 00:00:00+00:00,1.24386,1.2477,1.24079,1.24172,232041.0
2025-01-30 00:00:00+00:00,1.24204,1.24721,1.23861,1.23926,274691.0
2025-02-02 00:00:00+00:00,1.23122,1.24557,1.22494,1.24501,457196.0
2025-02-03 00:00:00+00:00,1.24391,1.24933,1.23793,1.24817,253499.0
2025-02-04 00:00:00+00:00,1.24778,1.25502,1.24635,1.25047,209576.0
2025-02-05 00:00:00+00:00,1.25061,1.25098,1.23604,1.24348,205412.0
2025-02-06 00:00:00+00:00,1.2434,1.2494,1.23761,1.24006,248889.0
2025-02-09 00:00:00+00:00,1.23751,1.24224,1.2363,1.23668,171108.0
2025-02-10 00:00:00+00:00,1.23683,1.2455,1.23324,1.24468,170570.0
2025-02-11 00:00:00+00:00,1.24418,1.24838,1.23776,1.24434,241332.0
2025-02-12 00:00:00+00:00,1.24396,1.25686,1.24396,1.25661,272766.0
2025-02-13 00:00:00+00:00,1.25569,1.26306,1.25498,1.25864,189676.0
2025-02-16 00:00:00+00:00,1.25889,1.2635,1.25784,1.26258,144519.0
2025-02-17 00:00:00+00:00,1.26247,1.26264,1.25824,1.26138,165473.0
2025-02-18 00:00:00+00:00,1.26179,1.26404,1.25632,1.25856,182247.0
2025-02-19 00:00:00+00:00,1.25834,1.26716,1.25788,1.26696,189624.0
2025-02-20 00:00:00+00:00,1.26692,1.2679,1.26248,1.26356,197136.0
2025-02-23 00:00:00+00:00,1.26377,1.26908,1.26121,1.26253,218413.0
2025-02-24 00:00:00+00:00,1.26295,1.26778,1.26058,1.26669,219444.0
2025-02-25 00:00:00+00:00,1.26636,1.27161,1.26354,1.26768,221583.0
2025-02-26 00:00:00+00:00,1.26782,1.26892,1.25982,1.26014,233338.0
2025-02-27 00:00:00+00:00,1.26009,1.26221,1.25594,1.25794,225391.0
2025-03-02 00:00:00+00:00,1.25864,1.27246,1.25822,1.27015,274674.0
2025-03-03 00:00:00+00:00,1.27008,1.27999,1.26788,1.27952,310901.0
2025-03-04 00:00:00+00:00,1.27925,1.29011,1.27678,1.28952,346098.0
2025-03-05 00:00:00+00:00,1.28941,1.2924,1.2866,1.28826,332143.0
2025-03-06 00:00:00+00:00,1.28784,1.29448,1.28762,1.29217,284679.0
2025-03-09 00:00:00+00:00,1.29014,1.29468,1.28614,1.28784,267687.0
2025-03-10 00:00:00+00:00,1.28782,1.29661,1.28726,1.29505,288852.0
2025-03-11 00:00:00+00:00,1.29508,1.29917,1.29134,1.29634,246754.0
2025-03-12 00:00:00+00:00,1.29616,1.29736,1.29209,1.29515,224895.0
2025-03-13 00:00:00+00:00,1.29522,1.29592,1.29112,1.29366,221066.0
2025-03-16 00:00:00+00:00,1.29347,1.2999,1.29256,1.29918,161288.0
2025-03-17 00:00:00+00:00,1.29937,1.301,1.29514,1.30016,164517.0
2025-03-18 00:00:00+00:00,1.30014,1.30114,1.29551,1.30038,183539.0
2025-03-19 00:00:00+00:00,1.29982,1.30149,1.2936,1.2967,170631.0
2025-03-20 00:00:00+00:00,1.29662,1.29716,1.28879,1.29168,148954.0
2025-03-23 00:00:00+00:00,1.28984,1.29743,1.28956,1.29234,183254.0
2025-03-24 00:00:00+00:00,1.29235,1.2967,1.29021,1.2945,148475.0
2025-03-25 00:00:00+00:00,1.2942,1.29492,1.28744,1.28875,166795.0
2025-03-26 00:00:00+00:00,1.28885,1.29922,1.2871,1.29492,178412.0
2025-03-27 00:00:00+00:00,1.29468,1.29684,1.29224,1.29407,149465.0
2025-03-30 00:00:00+00:00,1.29366,1.29728,1.28863,1.29169,196121.0
2025-03-31 00:00:00+00:00,1.2918,1.29409,1.28795,1.29228,179764.0
2025-04-01 00:00:00+00:00,1.29228,1.30253,1.29004,1.30064,188969.0
2025-04-02 00:00:00+00:00,1.29853,1.32077,1.29732,1.31012,393500.0
2025-04-03 00:00:00+00:00,1.31013,1.31139,1.2853,1.28985,523202.0
2025-04-06 00:00:00+00:00,1.28454,1.2934,1.27081,1.27238,625411.0
2025-04-07 00:00:00+00:00,1.27214,1.28148,1.27212,1.27656,389669.0
2025-04-08 00:00:00+00:00,1.27652,1.28642,1.27432,1.28236,575462.0
2025-04-09 00:00:00+00:00,1.28232,1.2996,1.28104,1.29707,461290.0
2025-04-10 00:00:00+00:00,1.29723,1.31452,1.29674,1.30887,614886.0
2025-04-13 00:00:00+00:00,1.30932,1.32014,1.30636,1.3189,336845.0
2025-04-14 00:00:00+00:00,1.3189,1.32522,1.31642,1.32319,244172.0
2025-04-15 00:00:00+00:00,1.32276,1.32924,1.32121,1.32408,272313.0
2025-04-16 00:00:00+00:00,1.32322,1.32734,1.32028,1.32671,239908.0
2025-04-17 00:00:00+00:00,1.3257,1.3299,1.32555,1.32958,1350782.0
2025-04-20 00:00:00+00:00,1.32767,1.34222,1.32758,1.33801,206538.0
2025-04-21 00:00:00+00:00,1.33754,1.34242,1.3326,1.33319,237299.0
2025-04-22 00:00:00+00:00,1.33318,1.33396,1.3234,1.32538,321041.0
2025-04-23 00:00:00+00:00,1.32564,1.33489,1.32539,1.33372,186244.0
2025-04-24 00:00:00+00:00,1.3341,1.33423,1.3274,1.33112,162155.0
2025-04-27 00:00:00+00:00,1.33068,1.34442,1.32802,1.3443,173760.0
2025-04-28 00:00:00+00:00,1.34376,1.3444,1.33803,1.34076,162884.0
2025-04-29 00:00:00+00:00,1.34048,1.34148,1.3309,1.33319,192807.0
2025-04-30 00:00:00+00:00,1.33285,1.33457,1.32604,1.32786,169583.0
2025-05-01 00:00:00+00:00,1.32784,1.33309,1.32624,1.327,215686.0
2025-05-04 00:00:00+00:00,1.32638,1.33367,1.32601,1.32968,165337.0
2025-05-05 00:00:00+00:00,1.3292,1.34028,1.32605,1.33689,181142.0
2025-05-06 00:00:00+00:00,1.33718,1.33824,1.32802,1.32912,205128.0
2025-05-07 00:00:00+00:00,1.32933,1.33566,1.32366,1.32464,217893.0
2025-05-08 00:00:00+00:00,1.32468,1.33228,1.32121,1.33034,153873.0
2025-05-11 00:00:00+00:00,1.32674,1.32996,1.314,1.3177,263245.0
2025-05-12 00:00:00+00:00,1.31748,1.33164,1.31692,1.33049,191456.0
2025-05-13 00:00:00+00:00,1.33083,1.33606,1.32534,1.32612,232601.0
2025-05-14 00:00:00+00:00,1.32633,1.332,1.32584,1.33058,204989.0
2025-05-15 00:00:00+00:00,1.33008,1.3333,1.32506,1.32816,182567.0
2025-05-18 00:00:00+00:00,1.32772,1.34041,1.32763,1.33614,214115.0
2025-05-19 00:00:00+00:00,1.33564,1.33949,1.3335,1.33934,189052.0
2025-05-20 00:00:00+00:00,1.33858,1.34692,1.33832,1.34198,228442.0
2025-05-21 00:00:00+00:00,1.34192,1.3441,1.3391,1.34193,207814.0
2025-05-22 00:00:00+00:00,1.34158,1.35432,1.34145,1.35393,201115.0
2025-05-25 00:00:00+00:00,1.35262,1.35934,1.35234,1.35636,139819.0
2025-05-26 00:00:00+00:00,1.35646,1.35871,1.35003,1.35076,183568.0
2025-05-27 00:00:00+00:00,1.35085,1.35224,1.34494,1.34702,186102.0
2025-05-28 00:00:00+00:00,1.34706,1.35075,1.34156,1.34922,239533.0
2025-05-29 00:00:00+00:00,1.34916,1.35112,1.3448,1.34532,212537.0
2025-06-01 00:00:00+00:00,1.34645,1.35598,1.34526,1.35446,203164.0
2025-06-02 00:00:00+00:00,1.35442,1.35596,1.34917,1.35174,185928.0
2025-06-03 00:00:00+00:00,1.35176,1.35804,1.3501,1.3553,190649.0
2025-06-04 00:00:00+00:00,1.3557,1.36168,1.35406,1.35704,215088.0
2025-06-05 00:00:00+00:00,1.35718,1.35848,1.35074,1.35257,196175.0
2025-06-08 00:00:00+00:00,1.35278,1.35816,1.35246,1.35513,144960.0
2025-06-09 00:00:00+00:00,1.3551,1.35644,1.34564,1.34981,191464.0
2025-06-10 00:00:00+00:00,1.3502,1.35676,1.34644,1.35464,200441.0
2025-06-11 00:00:00+00:00,1.35462,1.36237,1.35229,1.36128,226110.0
2025-06-12 00:00:00+00:00,1.36102,1.36326,1.35165,1.35748,266065.0
2025-06-15 00:00:00+00:00,1.35651,1.36226,1.35348,1.35768,214930.0
2025-06-16 00:00:00+00:00,1.35749,1.35803,1.34154,1.3429,222978.0
2025-06-17 00:00:00+00:00,1.34278,1.34769,1.34003,1.3421,241823.0
2025-06-18 00:00:00+00:00,1.34236,1.34702,1.33828,1.34684,188355.0
2025-06-19 00:00:00+00:00,1.3458,1.35114,1.34412,1.34494,196998.0
2025-06-22 00:00:00+00:00,1.34037,1.35314,1.33704,1.35256,291667.0
2025-06-23 00:00:00+00:00,1.35198,1.36487,1.35151,1.3615,243466.0
2025-06-24 00:00:00+00:00,1.36214,1.36718,1.35907,1.36641,202948.0
2025-06-25 00:00:00+00:00,1.36602,1.3771,1.36584,1.3728,244997.0
2025-06-26 00:00:00+00:00,1.37307,1.37528,1.36829,1.37206,218284.0
2025-06-29 00:00:00+00:00,1.37115,1.37408,1.36742,1.37346,197440.0
2025-06-30 00:00:00+00:00,1.3729,1.37888,1.37036,1.37464,213626.0
2025-07-01 00:00:00+00:00,1.37472,1.37528,1.3563,1.36348,214569.0
2025-07-02 00:00:00+00:00,1.36364,1.3676,1.35858,1.36545,196745.0
2025-07-03 00:00:00+00:00,1.3657,1.36816,1.36346,1.36475,218894.0
2025-07-06 00:00:00+00:00,1.36435,1.36616,1.35754,1.3601,198226.0
2025-07-07 00:00:00+00:00,1.36061,1.36466,1.35254,1.35928,203507.0
2025-07-08 00:00:00+00:00,1.35908,1.362,1.35645,1.3586,173347.0
2025-07-09 00:00:00+00:00,1.35864,1.36196,1.3533,1.35798,163297.0
2025-07-10 00:00:00+00:00,1.35772,1.35856,1.34811,1.34905,196723.0
2025-07-13 00:00:00+00:00,1.34914,1.35044,1.34244,1.34268,155879.0
2025-07-14 00:00:00+00:00,1.34333,1.34676,1.33788,1.33846,176238.0
2025-07-15 00:00:00+00:00,1.33852,1.34862,1.3365,1.342,248646.0
2025-07-16 00:00:00+00:00,1.34206,1.34281,1.33742,1.34184,167969.0
2025-07-17 00:00:00+00:00,1.34164,1.34755,1.34062,1.34085,131389.0
2025-07-20 00:00:00+00:00,1.34179,1.35108,1.34023,1.34918,143047.0
2025-07-21 00:00:00+00:00,1.34884,1.35342,1.34621,1.35338,149942.0
2025-07-22 00:00:00+00:00,1.35308,1.35844,1.35153,1.35806,190370.0
2025-07-23 00:00:00+00:00,1.35794,1.35887,1.3503,1.3508,200139.0
2025-07-24 00:00:00+00:00,1.35114,1.35153,1.34162,1.34363,197786.0
2025-07-27 00:00:00+00:00,1.34312,1.3453,1.33512,1.33548,190510.0
2025-07-28 00:00:00+00:00,1.33562,1.33642,1.33078,1.33504,208802.0
2025-07-29 00:00:00+00:00,1.33497,1.33859,1.32281,1.32392,247490.0
2025-07-30 00:00:00+00:00,1.32422,1.32823,1.31857,1.32046,208626.0
2025-07-31 00:00:00+00:00,1.32045,1.33106,1.31415,1.32788,273038.0
2025-08-03 00:00:00+00:00,1.3279,1.33311,1.32539,1.32856,210045.0
2025-08-04 00:00:00+00:00,1.32882,1.33163,1.32596,1.32999,195441.0
2025-08-05 00:00:00+00:00,1.32968,1.33684,1.32814,1.33578,166338.0
2025-08-06 00:00:00+00:00,1.33507,1.34483,1.33458,1.34435,193423.0
2025-08-07 00:00:00+00:00,1.34422,1.34592,1.3418,1.34512,148491.0
2025-08-10 00:00:00+00:00,1.34503,1.3477,1.33992,1.34318,130807.0
2025-08-11 00:00:00+00:00,1.34339,1.35238,1.34206,1.35006,209737.0
2025-08-12 00:00:00+00:00,1.35046,1.35852,1.34929,1.35777,140278.0
2025-08-13 00:00:00+00:00,1.35701,1.3595,1.3521,1.353,174050.0
2025-08-14 00:00:00+00:00,1.35334,1.35753,1.35262,1.35524,141416.0
2025-08-17 00:00:00+00:00,1.35552,1.35673,1.35016,1.35033,121504.0
2025-08-18 00:00:00+00:00,1.35111,1.35314,1.34779,1.34927,140843.0
2025-08-19 00:00:00+00:00,1.34915,1.35094,1.34473,1.34552,151824.0
2025-08-20 00:00:00+00:00,1.34614,1.34829,1.34056,1.34134,155885.0
2025-08-21 00:00:00+00:00,1.34104,1.35444,1.33906,1.35275,192432.0
2025-08-24 00:00:00+00:00,1.35193,1.3529,1.34462,1.34542,136688.0
2025-08-25 00:00:00+00:00,1.34588,1.34934,1.34346,1.34776,197136.0
2025-08-26 00:00:00+00:00,1.34802,1.35022,1.34166,1.34985,161158.0
2025-08-27 00:00:00+00:00,1.34952,1.35308,1.34834,1.35124,157345.0
2025-08-28 00:00:00+00:00,1.35108,1.35171,1.34465,1.35047,165206.0
2025-08-31 00:00:00+00:00,1.34974,1.355,1.34972,1.35449,118229.0
2025-09-01 00:00:00+00:00,1.35464,1.35494,1.33403,1.33958,217550.0
2025-09-02 00:00:00+00:00,1.33894,1.34586,1.33332,1.3446,174038.0
2025-09-03 00:00:00+00:00,1.34404,1.34595,1.34166,1.34366,151806.0
2025-09-04 00:00:00+00:00,1.34312,1.35549,1.34306,1.35082,202326.0
2025-09-07 00:00:00+00:00,1.35036,1.35568,1.34827,1.35454,165158.0
2025-09-08 00:00:00+00:00,1.3548,1.35906,1.35183,1.35275,174837.0
2025-09-09 00:00:00+00:00,1.35253,1.3565,1.3513,1.35305,181471.0
2025-09-10 00:00:00+00:00,1.35344,1.3583,1.34939,1.35742,194238.0
2025-09-11 00:00:00+00:00,1.35738,1.35806,1.35242,1.35598,166774.0
2025-09-14 00:00:00+00:00,1.35566,1.36202,1.35482,1.35984,147201.0
2025-09-15 00:00:00+00:00,1.35978,1.3672,1.35978,1.36456,173098.0
2025-09-16 00:00:00+00:00,1.36522,1.37266,1.36197,1.36244,214358.0
2025-09-17 00:00:00+00:00,1.36256,1.36612,1.35342,1.35541,210682.0
2025-09-18 00:00:00+00:00,1.35536,1.35596,1.3463,1.34708,204302.0
2025-09-21 00:00:00+00:00,1.34773,1.35206,1.34534,1.35126,168461.0
2025-09-22 00:00:00+00:00,1.351,1.35366,1.3487,1.35257,185489.0
2025-09-23 00:00:00+00:00,1.35258,1.35284,1.34266,1.34476,162652.0
2025-09-24 00:00:00+00:00,1.34497,1.34671,1.33238,1.33438,204005.0
2025-09-25 00:00:00+00:00,1.33451,1.34132,1.33296,1.34016,168011.0
2025-09-28 00:00:00+00:00,1.34049,1.34571,1.33958,1.34309,154811.0
2025-09-29 00:00:00+00:00,1.34294,1.34672,1.34136,1.34446,173800.0
2025-09-30 00:00:00+00:00,1.3444,1.35276,1.34348,1.34773,218910.0
2025-10-01 00:00:00+00:00,1.34774,1.35104,1.34011,1.34392,173237.0
2025-10-02 00:00:00+00:00,1.34401,1.34868,1.34289,1.34796,152548.0
2025-10-05 00:00:00+00:00,1.34409,1.34902,1.34165,1.34855,209256.0
2025-10-06 00:00:00+00:00,1.34856,1.34874,1.33924,1.3425,164836.0
2025-10-07 00:00:00+00:00,1.3431,1.34386,1.3371,1.34036,178499.0
2025-10-08 00:00:00+00:00,1.34068,1.34192,1.32794,1.33044,203949.0
2025-10-09 00:00:00+00:00,1.32998,1.33708,1.32618,1.33601,230540.0
2025-10-12 00:00:00+00:00,1.335,1.33665,1.3315,1.33334,191584.0
2025-10-13 00:00:00+00:00,1.33295,1.33528,1.32486,1.33204,237846.0
2025-10-14 00:00:00+00:00,1.33201,1.3408,1.33166,1.34024,198596.0
2025-10-15 00:00:00+00:00,1.34013,1.34546,1.33924,1.34354,231125.0
2025-10-16 00:00:00+00:00,1.34346,1.34716,1.33908,1.34258,241430.0
2025-10-19 00:00:00+00:00,1.34314,1.34431,1.34,1.34049,164348.0
2025-10-20 00:00:00+00:00,1.3408,1.34162,1.33612,1.3369,214647.0
2025-10-21 00:00:00+00:00,1.33709,1.33872,1.33058,1.3356,217955.0
2025-10-22 00:00:00+00:00,1.3353,1.336,1.33082,1.3326,149631.0
2025-10-23 00:00:00+00:00,1.33248,1.33708,1.32874,1.33108,217866.0
2025-10-26 00:00:00+00:00,1.3326,1.33532,1.33104,1.3335,161447.0
2025-10-27 00:00:00+00:00,1.33366,1.33696,1.32476,1.32718,202632.0
2025-10-28 00:00:00+00:00,1.32736,1.32808,1.31403,1.31944,241247.0
2025-10-29 00:00:00+00:00,1.31934,1.3219,1.31166,1.3151,215699.0
2025-10-30 00:00:00+00:00,1.31505,1.31649,1.30973,1.31506,162742.0
2025-11-02 00:00:00+00:00,1.31311,1.31624,1.31084,1.31388,148561.0
2025-11-03 00:00:00+00:00,1.31416,1.31454,1.30102,1.30202,180088.0
2025-11-04 00:00:00+00:00,1.302,1.30544,1.30103,1.30523,159872.0
2025-11-05 00:00:00+00:00,1.30489,1.31428,1.3046,1.31388,176506.0
2025-11-06 00:00:00+00:00,1.31298,1.31751,1.30949,1.31633,177162.0
2025-11-09 00:00:00+00:00,1.31588,1.31912,1.31368,1.31752,212689.0
2025-11-10 00:00:00+00:00,1.31744,1.31846,1.31166,1.31496,199826.0
2025-11-11 00:00:00+00:00,1.3157,1.31576,1.30844,1.31334,166974.0
2025-11-12 00:00:00+00:00,1.31326,1.32158,1.31006,1.31916,233179.0
2025-11-13 00:00:00+00:00,1.31959,1.32012,1.3108,1.31738,223484.0
2025-11-16 00:00:00+00:00,1.3164,1.31934,1.3136,1.31546,176960.0
2025-11-17 00:00:00+00:00,1.31576,1.31772,1.3134,1.31454,221800.0
2025-11-18 00:00:00+00:00,1.31508,1.3156,1.30436,1.30594,207378.0
2025-11-19 00:00:00+00:00,1.30592,1.3124,1.3038,1.3073,208120.0
2025-11-20 00:00:00+00:00,1.30747,1.31096,1.30386,1.30982,263159.0
2025-11-23 00:00:00+00:00,1.31024,1.31181,1.30806,1.31042,225653.0
2025-11-24 00:00:00+00:00,1.31078,1.32142,1.30958,1.3166,239859.0
2025-11-25 00:00:00+00:00,1.31702,1.32446,1.3124,1.32428,271625.0
2025-11-26 00:00:00+00:00,1.32406,1.3269,1.32102,1.32393,133457.0
2025-11-27 00:00:00+00:00,1.32393,1.32548,1.32013,1.32318,428135.0
2025-11-30 00:00:00+00:00,1.32234,1.32758,1.32056,1.32127,274182.0
2025-12-01 00:00:00+00:00,1.3218,1.32218,1.31797,1.32136,174545.0
2025-12-02 00:00:00+00:00,1.3207,1.33545,1.32058,1.33531,196854.0
2025-12-03 00:00:00+00:00,1.33527,1.33858,1.33221,1.33278,188126.0
2025-12-04 00:00:00+00:00,1.33272,1.33624,1.33162,1.33316,165319.0
2025-12-07 00:00:00+00:00,1.33268,1.33466,1.33058,1.33213,164159.0
2025-12-08 00:00:00+00:00,1.33217,1.33564,1.32874,1.32985,187127.0
2025-12-09 00:00:00+00:00,1.32976,1.3389,1.32961,1.33814,215891.0
2025-12-10 00:00:00+00:00,1.33796,1.34384,1.33549,1.33866,185488.0
2025-12-11 00:00:00+00:00,1.3391,1.34,1.33424,1.33718,169605.0
2025-12-14 00:00:00+00:00,1.33778,1.34016,1.3355,1.33774,159472.0
2025-12-15 00:00:00+00:00,1.33723,1.34562,1.33554,1.34214,238629.0
2025-12-16 00:00:00+00:00,1.34234,1.3427,1.33116,1.33746,178539.0
2025-12-17 00:00:00+00:00,1.3376,1.34466,1.33411,1.33823,205760.0
2025-12-18 00:00:00+00:00,1.33811,1.33942,1.33571,1.33768,176738.0
2025-12-21 00:00:00+00:00,1.33784,1.34778,1.33748,1.34626,181638.0
2025-12-22 00:00:00+00:00,1.34562,1.35242,1.34562,1.3518,184378.0
2025-12-23 00:00:00+00:00,1.35116,1.35343,1.3492,1.3507,178526.0
2025-12-25 00:00:00+00:00,1.35201,1.35274,1.34774,1.3499,255622.0
2025-12-28 00:00:00+00:00,1.3493,1.35159,1.34692,1.35129,216908.0
2025-12-29 00:00:00+00:00,1.35076,1.3531,1.34496,1.34687,148777.0
2025-12-30 00:00:00+00:00,1.34686,1.34838,1.34016,1.34738,202545.0
2026-01-01 00:00:00+00:00,1.34688,1.3502,1.34342,1.34602,156923.0
2026-01-04 00:00:00+00:00,1.34545,1.35484,1.3414,1.35427,207373.0
2026-01-05 00:00:00+00:00,1.35415,1.3568,1.34916,1.3502,186647.0
2026-01-06 00:00:00+00:00,1.35044,1.35169,1.34564,1.3458,184065.0
2026-01-07 00:00:00+00:00,1.34596,1.34657,1.34158,1.34402,174414.0
2026-01-08 00:00:00+00:00,1.34363,1.34511,1.33926,1.34021,213182.0
2026-01-11 00:00:00+00:00,1.33999,1.3486,1.33908,1.34646,172539.0
2026-01-12 00:00:00+00:00,1.34662,1.34949,1.34216,1.34222,190223.0
2026-01-13 00:00:00+00:00,1.34255,1.34643,1.34198,1.3447,173880.0
2026-01-14 00:00:00+00:00,1.3443,1.34464,1.33628,1.33823,177897.0
2026-01-15 00:00:00+00:00,1.33777,1.34132,1.33662,1.33796,176198.0
2026-01-18 00:00:00+00:00,1.3354,1.34353,1.33436,1.34258,197385.0
2026-01-19 00:00:00+00:00,1.34264,1.34918,1.34102,1.34438,245030.0
2026-01-20 00:00:00+00:00,1.34449,1.34594,1.34015,1.34326,234507.0
2026-01-21 00:00:00+00:00,1.34325,1.35072,1.34014,1.35028,212881.0
2026-01-22 00:00:00+00:00,1.3495,1.36466,1.34826,1.36454,250604.0
2026-01-25 00:00:00+00:00,1.36671,1.37134,1.36432,1.36791,255977.0
2026-01-26 00:00:00+00:00,1.36777,1.387,1.36638,1.38482,306276.0
2026-01-27 00:00:00+00:00,1.38436,1.38494,1.37494,1.38082,336302.0
2026-01-28 00:00:00+00:00,1.38054,1.38481,1.37424,1.38106,375665.0
2026-01-29 00:00:00+00:00,1.38066,1.38149,1.36793,1.36882,437398.0
2026-02-01 00:00:00+00:00,1.36965,1.37154,1.36232,1.36676,384079.0
2026-02-02 00:00:00+00:00,1.36646,1.37072,1.36506,1.36974,274096.0
2026-02-03 00:00:00+00:00,1.36962,1.37334,1.36424,1.3653,254070.0
2026-02-04 00:00:00+00:00,1.36603,1.36603,1.35178,1.35312,293444.0
2026-02-05 00:00:00+00:00,1.35349,1.36238,1.35087,1.3612,193665.0
2026-02-08 00:00:00+00:00,1.3598,1.37005,1.35865,1.36962,225302.0
2026-02-09 00:00:00+00:00,1.36956,1.36996,1.36389,1.36432,193246.0
2026-02-10 00:00:00+00:00,1.36459,1.37124,1.36096,1.36288,242949.0
2026-02-11 00:00:00+00:00,1.3624,1.36716,1.36046,1.36224,225814.0
2026-02-12 00:00:00+00:00,1.36219,1.36596,1.35906,1.36553,206057.0
2026-02-15 00:00:00+00:00,1.36461,1.36621,1.36254,1.36306,101670.0
2026-02-16 00:00:00+00:00,1.36326,1.36348,1.34959,1.35675,166866.0
2026-02-17 00:00:00+00:00,1.35645,1.35822,1.3492,1.34934,141726.0
2026-02-18 00:00:00+00:00,1.34934,1.3517,1.34341,1.3464,160316.0
2026-02-19 00:00:00+00:00,1.34652,1.35153,1.34352,1.34785,237591.0
2026-02-22 00:00:00+00:00,1.34915,1.35354,1.34756,1.34922,192634.0
2026-02-23 00:00:00+00:00,1.34929,1.35366,1.347,1.34892,189009.0
2026-02-24 00:00:00+00:00,1.3492,1.3566,1.34878,1.35594,169460.0
2026-02-25 00:00:00+00:00,1.3557,1.35752,1.34454,1.34836,177282.0
2026-02-26 00:00:00+00:00,1.34837,1.35082,1.34396,1.34868,181832.0
2026-03-01 00:00:00+00:00,1.34086,1.34561,1.33144,1.34054,303100.0
2026-03-02 00:00:00+00:00,1.34075,1.34254,1.32532,1.33565,353576.0
2026-03-03 00:00:00+00:00,1.33571,1.34036,1.33034,1.33726,310372.0
2026-03-04 00:00:00+00:00,1.33728,1.33872,1.32975,1.33589,333381.0
2026-03-05 00:00:00+00:00,1.33517,1.34124,1.33114,1.34105,351927.0
2026-03-08 00:00:00+00:00,1.33384,1.3447,1.32832,1.34434,408097.0
2026-03-09 00:00:00+00:00,1.34441,1.34835,1.34122,1.34168,307885.0
2026-03-10 00:00:00+00:00,1.3418,1.34577,1.33935,1.34127,276390.0
2026-03-11 00:00:00+00:00,1.34109,1.3415,1.33382,1.33436,247977.0
2026-03-12 00:00:00+00:00,1.33388,1.33698,1.32186,1.32243,264031.0
2026-03-15 00:00:00+00:00,1.32432,1.334,1.32254,1.33194,209884.0
2026-03-16 00:00:00+00:00,1.33199,1.33647,1.32733,1.33558,195989.0
2026-03-17 00:00:00+00:00,1.33562,1.33746,1.32525,1.32576,236369.0
2026-03-18 00:00:00+00:00,1.32591,1.34674,1.3246,1.34312,342850.0
2026-03-19 00:00:00+00:00,1.34318,1.34425,1.32988,1.33406,261164.0
2026-03-22 00:00:00+00:00,1.33136,1.34795,1.32571,1.34268,558102.0
2026-03-23 00:00:00+00:00,1.34352,1.34456,1.33522,1.34116,363447.0
2026-03-24 00:00:00+00:00,1.34066,1.34361,1.33584,1.33652,272531.0
2026-03-25 00:00:00+00:00,1.33657,1.33784,1.33102,1.33308,223460.0
2026-03-26 00:00:00+00:00,1.33316,1.33474,1.32602,1.32617,230404.0
2026-03-29 00:00:00+00:00,1.32613,1.32828,1.31738,1.3184,245132.0
2026-03-30 00:00:00+00:00,1.31845,1.32644,1.31596,1.32288,321304.0
2026-03-31 00:00:00+00:00,1.32281,1.33464,1.32198,1.3307,286596.0
2026-04-01 00:00:00+00:00,1.33044,1.33208,1.31818,1.3227,294837.0
2026-04-02 00:00:00+00:00,1.3225,1.32429,1.31874,1.31984,74669.0
2026-04-05 00:00:00+00:00,1.31924,1.32687,1.3177,1.3237,209281.0
2026-04-06 00:00:00+00:00,1.3238,1.33009,1.32116,1.32942,289254.0
2026-04-07 00:00:00+00:00,1.32896,1.34846,1.32882,1.33956,377665.0
2026-04-08 00:00:00+00:00,1.33969,1.34587,1.3381,1.34367,212692.0
2026-04-09 00:00:00+00:00,1.34335,1.34792,1.34108,1.346,187726.0
2026-04-12 00:00:00+00:00,1.33942,1.35088,1.33809,1.35056,200303.0
2026-04-13 00:00:00+00:00,1.35042,1.359,1.35004,1.35664,169902.0
2026-04-14 00:00:00+00:00,1.35681,1.35796,1.35435,1.35607,186211.0
2026-04-15 00:00:00+00:00,1.35641,1.35951,1.35166,1.3527,181751.0
2026-04-16 00:00:00+00:00,1.35283,1.35996,1.35046,1.35184,224363.0
2026-04-19 00:00:00+00:00,1.34894,1.35446,1.34759,1.35332,220307.0
2026-04-20 00:00:00+00:00,1.35337,1.35396,1.34748,1.35085,237595.0
2026-04-21 00:00:00+00:00,1.35063,1.35354,1.3492,1.35038,185664.0
2026-04-22 00:00:00+00:00,1.3504,1.35182,1.34479,1.34668,239614.0
2026-04-23 00:00:00+00:00,1.34685,1.3538,1.34536,1.35308,195681.0
2026-04-26 00:00:00+00:00,1.35076,1.35763,1.35043,1.35334,163781.0
2026-04-27 00:00:00+00:00,1.35406,1.35415,1.34632,1.3518,195772.0
2026-04-28 00:00:00+00:00,1.35168,1.35282,1.34578,1.34764,203722.0
2026-04-29 00:00:00+00:00,1.34771,1.36124,1.34542,1.36034,314075.0
2026-04-30 00:00:00+00:00,1.3604,1.36578,1.35688,1.3575,205066.0
2026-05-03 00:00:00+00:00,1.36003,1.36053,1.35122,1.35322,229225.0
2026-05-04 00:00:00+00:00,1.3532,1.35786,1.35138,1.35382,172281.0
2026-05-05 00:00:00+00:00,1.35446,1.36436,1.35382,1.35936,259368.0
2026-05-06 00:00:00+00:00,1.35946,1.36324,1.35482,1.35506,222487.0
2026-05-07 00:00:00+00:00,1.35556,1.36371,1.35472,1.36324,178023.0
2026-05-10 00:00:00+00:00,1.35589,1.36536,1.35575,1.36101,174295.0
2026-05-11 00:00:00+00:00,1.36138,1.36141,1.35002,1.3541,237131.0
2026-05-12 00:00:00+00:00,1.3536,1.35514,1.34846,1.35239,196085.0
2026-05-13 00:00:00+00:00,1.35246,1.3533,1.3395,1.3401,175645.0
2026-05-14 00:00:00+00:00,1.3402,1.34057,1.33152,1.33242,232068.0
2026-05-17 00:00:00+00:00,1.33254,1.34498,1.33026,1.34336,263062.0
2026-05-18 00:00:00+00:00,1.34316,1.34376,1.33785,1.33948,240535.0
2026-05-19 00:00:00+00:00,1.34022,1.34638,1.3375,1.34349,290880.0
2026-05-20 00:00:00+00:00,1.34385,1.34551,1.33923,1.34296,274384.0
2026-05-21 00:00:00+00:00,1.34264,1.34632,1.34133,1.34312,198103.0
2026-05-24 00:00:00+00:00,1.3459,1.35091,1.34514,1.3507,98848.0
2026-05-25 00:00:00+00:00,1.35024,1.35068,1.34346,1.34471,161904.0
2026-05-26 00:00:00+00:00,1.3448,1.34591,1.34164,1.34276,181857.0
2026-05-27 00:00:00+00:00,1.34228,1.34514,1.33676,1.34439,227739.0
2026-05-28 00:00:00+00:00,1.34458,1.34854,1.34084,1.34564,203204.0
2026-05-31 00:00:00+00:00,1.34574,1.34762,1.34069,1.34552,220480.0
2026-06-01 00:00:00+00:00,1.34596,1.34818,1.34509,1.34644,171297.0
2026-06-02 00:00:00+00:00,1.34676,1.3472,1.34126,1.34172,186338.0
2026-06-03 00:00:00+00:00,1.34186,1.34626,1.34116,1.3424,168123.0
2026-06-04 00:00:00+00:00,1.34295,1.34832,1.33302,1.33391,214731.0
2026-06-07 00:00:00+00:00,1.33305,1.33698,1.3306,1.3339,233807.0
2026-06-08 00:00:00+00:00,1.3342,1.34112,1.3331,1.33788,211992.0
2026-06-09 00:00:00+00:00,1.3373,1.34236,1.33672,1.33678,244845.0
2026-06-10 00:00:00+00:00,1.33722,1.34334,1.33246,1.34159,276875.0
2026-06-11 00:00:00+00:00,1.3416,1.34278,1.33836,1.34066,256157.0
