date,open,high,low,close,volume
2014-01-01 00:00:00+00:00,86.252,86.692,85.566,85.788,92802.0
2014-01-02 00:00:00+00:00,85.792,86.83,85.368,86.748,84094.0
2014-01-05 00:00:00+00:00,86.753,86.786,86.036,86.416,93817.0
2014-01-06 00:00:00+00:00,86.416,86.724,86.206,86.646,94781.0
2014-01-07 00:00:00+00:00,86.644,87.223,86.514,86.653,95763.0
2014-01-08 00:00:00+00:00,86.654,86.838,86.234,86.512,84370.0
2014-01-09 00:00:00+00:00,86.51,86.582,85.958,86.484,102237.0
2014-01-12 00:00:00+00:00,86.23,86.608,85.943,86.28,101388.0
2014-01-13 00:00:00+00:00,86.28,87.378,86.254,87.358,97653.0
2014-01-14 00:00:00+00:00,87.356,87.459,86.971,87.184,86500.0
2014-01-15 00:00:00+00:00,87.186,87.366,86.639,87.186,92431.0
2014-01-16 00:00:00+00:00,87.184,87.208,86.022,86.13,75976.0
2014-01-19 00:00:00+00:00,86.012,86.743,85.532,86.732,70684.0
2014-01-20 00:00:00+00:00,86.722,87.216,86.437,86.738,81628.0
2014-01-21 00:00:00+00:00,86.738,87.084,86.49,86.842,81893.0
2014-01-22 00:00:00+00:00,86.844,86.938,85.388,85.728,121731.0
2014-01-23 00:00:00+00:00,85.73,85.892,83.941,84.114,142022.0
2014-01-26 00:00:00+00:00,84.127,84.996,83.71,84.43,126906.0
2014-01-27 00:00:00+00:00,84.432,85.653,84.334,85.008,95329.0
2014-01-28 00:00:00+00:00,85.011,85.736,83.458,84.016,143642.0
2014-01-29 00:00:00+00:00,84.014,84.14,83.19,83.886,115293.0
2014-01-30 00:00:00+00:00,83.886,84.09,82.435,82.482,122200.0
2014-02-02 00:00:00+00:00,82.642,83.154,81.499,81.642,119093.0
2014-02-03 00:00:00+00:00,81.644,83.939,81.429,83.782,131212.0
2014-02-04 00:00:00+00:00,83.785,83.902,82.892,83.342,117372.0
2014-02-05 00:00:00+00:00,83.339,84.473,83.206,84.211,94118.0
2014-02-06 00:00:00+00:00,84.21,84.942,83.729,84.898,99032.0
2014-02-09 00:00:00+00:00,84.95,85.013,84.308,84.555,64425.0
2014-02-10 00:00:00+00:00,84.56,85.642,84.442,85.404,74960.0
2014-02-11 00:00:00+00:00,85.386,85.786,85.098,85.318,68399.0
2014-02-12 00:00:00+00:00,85.278,85.465,84.654,85.226,89016.0
2014-02-13 00:00:00+00:00,85.254,85.592,84.664,85.168,81647.0
2014-02-16 00:00:00+00:00,85.044,85.334,84.868,85.252,57802.0
2014-02-17 00:00:00+00:00,85.215,85.763,84.902,85.011,92298.0
2014-02-18 00:00:00+00:00,85.032,85.22,84.562,84.67,81761.0
2014-02-19 00:00:00+00:00,84.663,85.096,84.008,84.931,93781.0
2014-02-20 00:00:00+00:00,84.928,85.275,84.73,84.86,67164.0
2014-02-23 00:00:00+00:00,84.906,85.51,84.58,85.372,69862.0
2014-02-24 00:00:00+00:00,85.392,85.615,84.976,85.15,69803.0
2014-02-25 00:00:00+00:00,85.134,85.405,84.728,85.116,78076.0
2014-02-26 00:00:00+00:00,85.112,85.702,84.81,85.466,80949.0
2014-02-27 00:00:00+00:00,85.565,85.906,85.201,85.332,93359.0
2014-03-02 00:00:00+00:00,84.844,85.11,84.527,84.909,87825.0
2014-03-03 00:00:00+00:00,84.91,85.858,84.794,85.777,78327.0
2014-03-04 00:00:00+00:00,85.765,86.347,85.566,86.098,75184.0
2014-03-05 00:00:00+00:00,86.093,87.597,86.034,87.36,79850.0
2014-03-06 00:00:00+00:00,87.364,87.956,87.136,87.43,78772.0
2014-03-09 00:00:00+00:00,87.121,87.568,87.038,87.479,68309.0
2014-03-10 00:00:00+00:00,87.48,87.878,87.052,87.258,69455.0
2014-03-11 00:00:00+00:00,87.236,87.6,86.656,87.587,86100.0
2014-03-12 00:00:00+00:00,87.596,88.324,86.539,86.98,103265.0
2014-03-13 00:00:00+00:00,86.95,87.129,86.342,86.539,93533.0
2014-03-16 00:00:00+00:00,86.38,87.394,86.355,87.162,72403.0
2014-03-17 00:00:00+00:00,87.156,87.682,86.661,87.444,84751.0
2014-03-18 00:00:00+00:00,87.43,87.92,87.182,87.598,95070.0
2014-03-19 00:00:00+00:00,87.604,87.752,87.117,87.344,84229.0
2014-03-20 00:00:00+00:00,87.358,87.604,87.126,87.283,59602.0
2014-03-23 00:00:00+00:00,87.312,87.609,87.172,87.388,78790.0
2014-03-24 00:00:00+00:00,87.388,87.845,87.31,87.702,70747.0
2014-03-25 00:00:00+00:00,87.666,88.3,87.596,87.684,71291.0
2014-03-26 00:00:00+00:00,87.668,88.722,87.475,88.61,87512.0
2014-03-27 00:00:00+00:00,88.613,89.204,88.478,89.072,68266.0
2014-03-30 00:00:00+00:00,89.218,89.594,88.904,89.554,74433.0
2014-03-31 00:00:00+00:00,89.548,89.934,89.404,89.566,67169.0
2014-04-01 00:00:00+00:00,89.544,89.56,88.683,89.055,76719.0
2014-04-02 00:00:00+00:00,89.058,89.086,88.507,88.808,71129.0
2014-04-03 00:00:00+00:00,88.806,89.232,88.595,88.872,80021.0
2014-04-06 00:00:00+00:00,88.646,89.046,88.496,88.691,64808.0
2014-04-07 00:00:00+00:00,88.682,89.078,88.064,88.326,96881.0
2014-04-08 00:00:00+00:00,88.344,88.935,88.114,88.899,80617.0
2014-04-09 00:00:00+00:00,88.874,89.23,88.06,88.155,98225.0
2014-04-10 00:00:00+00:00,88.129,88.398,87.637,88.322,93135.0
2014-04-13 00:00:00+00:00,88.243,88.486,87.75,88.48,71272.0
2014-04-14 00:00:00+00:00,88.474,88.578,87.622,88.094,85414.0
2014-04-15 00:00:00+00:00,88.091,88.32,87.515,88.172,90399.0
2014-04-16 00:00:00+00:00,88.178,88.32,87.676,87.753,66422.0
2014-04-17 00:00:00+00:00,87.77,88.002,87.72,87.903,29662.0
2014-04-20 00:00:00+00:00,87.832,88.157,87.772,87.888,33685.0
2014-04-21 00:00:00+00:00,87.94,88.424,87.864,88.258,56090.0
2014-04-22 00:00:00+00:00,88.301,88.476,87.629,88.033,66454.0
2014-04-23 00:00:00+00:00,88.037,88.495,87.456,87.634,71741.0
2014-04-24 00:00:00+00:00,87.624,87.784,87.444,87.642,59155.0
2014-04-27 00:00:00+00:00,87.649,87.768,87.246,87.508,69119.0
2014-04-28 00:00:00+00:00,87.503,87.809,87.33,87.758,56975.0
2014-04-29 00:00:00+00:00,87.77,88.195,87.544,88.082,81568.0
2014-04-30 00:00:00+00:00,88.071,88.369,87.948,88.326,47354.0
2014-05-01 00:00:00+00:00,88.3,88.83,88.116,88.529,81569.0
2014-05-04 00:00:00+00:00,88.542,88.698,88.151,88.639,51239.0
2014-05-05 00:00:00+00:00,88.634,89.293,88.622,88.88,67708.0
2014-05-06 00:00:00+00:00,88.881,88.908,87.895,88.242,83394.0
2014-05-07 00:00:00+00:00,88.272,88.292,87.678,87.893,87068.0
2014-05-08 00:00:00+00:00,87.896,87.998,87.516,87.716,60196.0
2014-05-11 00:00:00+00:00,87.874,88.132,87.757,88.026,50349.0
2014-05-12 00:00:00+00:00,88.036,88.527,88.018,88.228,59572.0
2014-05-13 00:00:00+00:00,88.232,88.5,88.072,88.325,63889.0
2014-05-14 00:00:00+00:00,88.302,88.668,87.475,87.796,81267.0
2014-05-15 00:00:00+00:00,87.79,87.892,87.498,87.572,63477.0
2014-05-18 00:00:00+00:00,87.702,87.908,87.334,87.586,59705.0
2014-05-19 00:00:00+00:00,87.58,87.64,86.66,86.872,65105.0
2014-05-20 00:00:00+00:00,86.849,86.97,86.378,86.93,80274.0
2014-05-21 00:00:00+00:00,86.928,87.344,86.72,87.141,61666.0
2014-05-22 00:00:00+00:00,87.158,87.3,86.929,87.182,59647.0
2014-05-25 00:00:00+00:00,87.066,87.212,86.93,87.154,43743.0
2014-05-26 00:00:00+00:00,87.15,87.441,87.03,87.318,61105.0
2014-05-27 00:00:00+00:00,87.349,87.402,86.192,86.508,69992.0
2014-05-28 00:00:00+00:00,86.512,86.563,85.861,86.378,71830.0
2014-05-29 00:00:00+00:00,86.38,86.512,86.142,86.438,64431.0
2014-06-01 00:00:00+00:00,86.512,86.679,86.284,86.54,64351.0
2014-06-02 00:00:00+00:00,86.548,86.748,86.288,86.423,62859.0
2014-06-03 00:00:00+00:00,86.434,86.653,86.234,86.528,68014.0
2014-06-04 00:00:00+00:00,86.518,87.157,86.388,87.042,74557.0
2014-06-05 00:00:00+00:00,87.018,87.462,86.804,87.129,70752.0
2014-06-08 00:00:00+00:00,87.137,87.366,86.95,87.08,45348.0
2014-06-09 00:00:00+00:00,87.085,87.284,86.945,87.274,56684.0
2014-06-10 00:00:00+00:00,87.279,87.638,87.072,87.231,64620.0
2014-06-11 00:00:00+00:00,87.217,88.676,87.09,88.356,80108.0
2014-06-12 00:00:00+00:00,88.351,88.574,88.106,88.495,61026.0
2014-06-15 00:00:00+00:00,88.469,88.537,88.235,88.336,56104.0
2014-06-16 00:00:00+00:00,88.363,88.514,88.223,88.452,51546.0
2014-06-17 00:00:00+00:00,88.454,89.062,88.396,89.012,64850.0
2014-06-18 00:00:00+00:00,88.974,89.03,88.699,88.85,58260.0
2014-06-19 00:00:00+00:00,88.874,88.912,88.654,88.782,49896.0
2014-06-22 00:00:00+00:00,88.856,89.192,88.682,88.798,44100.0
2014-06-23 00:00:00+00:00,88.818,88.928,88.419,88.439,53146.0
2014-06-24 00:00:00+00:00,88.439,89.02,88.27,89.02,55766.0
2014-06-25 00:00:00+00:00,89.016,89.394,88.852,89.324,55648.0
2014-06-26 00:00:00+00:00,89.33,89.402,88.777,89.035,50408.0
2014-06-29 00:00:00+00:00,89.049,89.068,88.515,88.744,50150.0
2014-06-30 00:00:00+00:00,88.742,89.241,88.717,89.079,52516.0
2014-07-01 00:00:00+00:00,89.083,89.342,88.881,89.292,49858.0
2014-07-02 00:00:00+00:00,89.288,89.554,89.096,89.456,59837.0
2014-07-03 00:00:00+00:00,89.452,89.47,89.071,89.214,34031.0
2014-07-06 00:00:00+00:00,89.298,89.308,89.031,89.219,38410.0
2014-07-07 00:00:00+00:00,89.222,89.632,89.014,89.25,48417.0
2014-07-08 00:00:00+00:00,89.252,89.69,89.192,89.674,48764.0
2014-07-09 00:00:00+00:00,89.69,89.706,88.982,89.38,60708.0
2014-07-10 00:00:00+00:00,89.412,89.499,89.154,89.254,45130.0
2014-07-13 00:00:00+00:00,89.327,89.527,89.279,89.415,34866.0
2014-07-14 00:00:00+00:00,89.409,89.564,88.992,89.16,54809.0
2014-07-15 00:00:00+00:00,89.154,89.193,88.36,88.574,50422.0
2014-07-16 00:00:00+00:00,88.592,88.629,87.67,87.712,62961.0
2014-07-17 00:00:00+00:00,87.706,88.105,87.5,88.052,55301.0
2014-07-20 00:00:00+00:00,88.17,88.326,87.989,88.098,37090.0
2014-07-21 00:00:00+00:00,88.1,88.18,87.834,87.94,53721.0
2014-07-22 00:00:00+00:00,87.938,88.384,87.874,88.311,44042.0
2014-07-23 00:00:00+00:00,88.313,88.323,86.93,87.284,62978.0
2014-07-24 00:00:00+00:00,87.288,87.384,86.961,87.109,49400.0
2014-07-27 00:00:00+00:00,87.074,87.188,86.89,87.068,39790.0
2014-07-28 00:00:00+00:00,87.055,87.179,86.682,86.847,54806.0
2014-07-29 00:00:00+00:00,86.85,87.478,86.772,87.282,71568.0
2014-07-30 00:00:00+00:00,87.285,87.587,87.15,87.378,62777.0
2014-07-31 00:00:00+00:00,87.378,87.594,87.114,87.34,74190.0
2014-08-03 00:00:00+00:00,87.263,87.468,87.207,87.44,43039.0
2014-08-04 00:00:00+00:00,87.418,87.505,86.731,86.87,59688.0
2014-08-05 00:00:00+00:00,86.87,86.956,86.221,86.56,71856.0
2014-08-06 00:00:00+00:00,86.55,86.796,86.402,86.548,62622.0
2014-08-07 00:00:00+00:00,86.508,86.55,85.746,86.332,74554.0
2014-08-10 00:00:00+00:00,86.478,86.576,86.35,86.436,38162.0
2014-08-11 00:00:00+00:00,86.438,86.48,86.005,86.251,47427.0
2014-08-12 00:00:00+00:00,86.25,86.738,86.079,86.623,51144.0
2014-08-13 00:00:00+00:00,86.642,87.136,86.61,87.01,50082.0
2014-08-14 00:00:00+00:00,87.01,87.277,86.67,86.886,54999.0
2014-08-17 00:00:00+00:00,86.87,87.04,86.792,86.962,29879.0
2014-08-18 00:00:00+00:00,86.95,87.018,86.468,86.652,47828.0
2014-08-19 00:00:00+00:00,86.62,86.985,86.345,86.889,65842.0
2014-08-20 00:00:00+00:00,86.9,87.317,86.726,87.29,51705.0
2014-08-21 00:00:00+00:00,87.292,87.521,87.082,87.382,61267.0
2014-08-24 00:00:00+00:00,87.559,87.565,86.738,86.812,51629.0
2014-08-25 00:00:00+00:00,86.801,86.878,86.514,86.71,51962.0
2014-08-26 00:00:00+00:00,86.732,87.119,86.687,86.985,52387.0
2014-08-27 00:00:00+00:00,86.985,87.225,86.73,86.952,57026.0
2014-08-28 00:00:00+00:00,86.956,87.192,86.691,87.042,49157.0
2014-08-31 00:00:00+00:00,87.004,87.478,86.954,87.412,34241.0
2014-09-01 00:00:00+00:00,87.402,87.626,87.204,87.399,63279.0
2014-09-02 00:00:00+00:00,87.416,87.514,87.15,87.261,63167.0
2014-09-03 00:00:00+00:00,87.256,87.642,87.176,87.435,66322.0
2014-09-04 00:00:00+00:00,87.416,87.558,87.136,87.534,73877.0
2014-09-07 00:00:00+00:00,87.238,87.79,87.238,87.727,63296.0
2014-09-08 00:00:00+00:00,87.724,87.932,87.4,87.557,81985.0
2014-09-09 00:00:00+00:00,87.56,88.054,87.54,87.858,91352.0
2014-09-10 00:00:00+00:00,87.88,87.907,87.308,87.657,97459.0
2014-09-11 00:00:00+00:00,87.609,87.778,87.394,87.497,75972.0
2014-09-14 00:00:00+00:00,87.358,87.658,87.168,87.632,58769.0
2014-09-15 00:00:00+00:00,87.644,87.976,87.26,87.856,84408.0
2014-09-16 00:00:00+00:00,87.854,87.99,87.472,87.752,101933.0
2014-09-17 00:00:00+00:00,87.754,88.612,87.656,88.592,93277.0
2014-09-18 00:00:00+00:00,88.616,88.925,88.38,88.6,108425.0
2014-09-21 00:00:00+00:00,88.853,88.988,88.304,88.38,84380.0
2014-09-22 00:00:00+00:00,88.38,88.48,87.578,87.679,91703.0
2014-09-23 00:00:00+00:00,87.68,88.13,87.576,88.071,85529.0
2014-09-24 00:00:00+00:00,88.061,88.161,86.052,86.178,122458.0
2014-09-25 00:00:00+00:00,86.198,86.534,85.894,85.975,103179.0
2014-09-28 00:00:00+00:00,85.984,86.098,84.356,85.008,116174.0
2014-09-29 00:00:00+00:00,85.004,85.64,84.728,85.621,98731.0
2014-09-30 00:00:00+00:00,85.608,85.904,84.707,84.789,122288.0
2014-10-01 00:00:00+00:00,84.806,86.074,84.694,85.656,147755.0
2014-10-02 00:00:00+00:00,85.676,85.828,84.97,85.222,99653.0
2014-10-05 00:00:00+00:00,85.206,85.5,84.728,85.292,92490.0
2014-10-06 00:00:00+00:00,85.292,85.438,84.557,84.617,128192.0
2014-10-07 00:00:00+00:00,84.613,85.564,84.395,85.445,135606.0
2014-10-08 00:00:00+00:00,85.453,85.82,84.533,84.831,149147.0
2014-10-09 00:00:00+00:00,84.828,84.906,84.03,84.132,109165.0
2014-10-12 00:00:00+00:00,84.132,84.775,83.62,84.329,106068.0
2014-10-13 00:00:00+00:00,84.324,84.918,83.594,83.961,111804.0
2014-10-14 00:00:00+00:00,83.944,84.778,83.658,84.61,181971.0
2014-10-15 00:00:00+00:00,84.626,84.85,83.366,84.522,186600.0
2014-10-16 00:00:00+00:00,84.57,84.861,83.8,84.626,129578.0
2014-10-19 00:00:00+00:00,84.984,85.398,84.832,85.204,96081.0
2014-10-20 00:00:00+00:00,85.221,85.486,84.889,85.179,106450.0
2014-10-21 00:00:00+00:00,85.208,85.396,84.834,84.953,96892.0
2014-10-22 00:00:00+00:00,84.952,84.972,83.966,84.697,113058.0
2014-10-23 00:00:00+00:00,84.688,85.059,84.28,84.932,90553.0
2014-10-26 00:00:00+00:00,85.064,85.112,84.786,85.11,90056.0
2014-10-27 00:00:00+00:00,85.162,85.779,85.008,85.665,80244.0
2014-10-28 00:00:00+00:00,85.624,86.176,84.588,84.954,102667.0
2014-10-29 00:00:00+00:00,84.92,85.901,84.652,85.665,119394.0
2014-10-30 00:00:00+00:00,85.674,88.026,85.472,87.546,171282.0
2014-11-02 00:00:00+00:00,87.597,88.237,87.274,88.04,124675.0
2014-11-03 00:00:00+00:00,88.024,88.786,87.665,88.718,134783.0
2014-11-04 00:00:00+00:00,88.745,89.264,88.139,88.614,151951.0
2014-11-05 00:00:00+00:00,88.618,88.842,87.976,88.592,160937.0
2014-11-06 00:00:00+00:00,88.61,88.977,88.32,88.868,160470.0
2014-11-09 00:00:00+00:00,89.02,89.216,88.761,89.0,108791.0
2014-11-10 00:00:00+00:00,88.99,90.511,88.965,90.386,134343.0
2014-11-11 00:00:00+00:00,90.388,91.158,90.249,90.971,150043.0
2014-11-12 00:00:00+00:00,91.022,91.592,90.666,91.256,107295.0
2014-11-13 00:00:00+00:00,91.238,92.264,90.97,91.956,126796.0
2014-11-16 00:00:00+00:00,92.582,92.804,91.822,92.278,121409.0
2014-11-17 00:00:00+00:00,92.266,93.23,92.254,92.571,109753.0
2014-11-18 00:00:00+00:00,92.6,92.828,92.1,92.63,133050.0
2014-11-19 00:00:00+00:00,92.562,93.136,92.462,93.016,152573.0
2014-11-20 00:00:00+00:00,92.942,93.684,92.506,92.906,154974.0
2014-11-23 00:00:00+00:00,92.956,93.212,92.842,92.984,87202.0
2014-11-24 00:00:00+00:00,92.966,93.162,91.83,92.116,138004.0
2014-11-25 00:00:00+00:00,92.12,92.937,91.886,92.698,121672.0
2014-11-26 00:00:00+00:00,92.649,92.992,92.394,92.593,101260.0
2014-11-27 00:00:00+00:00,92.633,93.296,92.457,93.028,112647.0
2014-11-30 00:00:00+00:00,92.822,93.462,92.523,93.129,140248.0
2014-12-01 00:00:00+00:00,93.14,93.475,92.815,93.049,106291.0
2014-12-02 00:00:00+00:00,93.072,93.218,92.657,92.95,115122.0
2014-12-03 00:00:00+00:00,92.957,93.491,92.68,93.188,122497.0
2014-12-04 00:00:00+00:00,93.184,93.98,93.108,93.71,120899.0
2014-12-07 00:00:00+00:00,93.636,93.709,92.315,92.36,137055.0
2014-12-08 00:00:00+00:00,92.392,92.455,91.398,91.931,198092.0
2014-12-09 00:00:00+00:00,91.89,92.466,90.696,92.068,211104.0
2014-12-10 00:00:00+00:00,92.116,93.316,91.858,92.778,198262.0
2014-12-11 00:00:00+00:00,92.74,92.962,91.977,92.382,159487.0
2014-12-14 00:00:00+00:00,92.294,92.356,90.933,91.244,188750.0
2014-12-15 00:00:00+00:00,91.251,91.633,89.979,90.772,221358.0
2014-12-16 00:00:00+00:00,90.769,91.92,90.326,91.402,201820.0
2014-12-17 00:00:00+00:00,91.464,92.427,91.199,92.254,153401.0
2014-12-18 00:00:00+00:00,92.215,93.027,92.214,92.578,127965.0
2014-12-21 00:00:00+00:00,92.588,93.058,92.088,92.773,79381.0
2014-12-22 00:00:00+00:00,92.769,93.338,92.726,93.046,68537.0
2014-12-23 00:00:00+00:00,93.04,93.214,92.854,93.04,56659.0
2014-12-25 00:00:00+00:00,92.941,93.468,92.94,93.434,55635.0
2014-12-28 00:00:00+00:00,93.297,94.051,93.206,93.968,83719.0
2014-12-29 00:00:00+00:00,93.968,93.973,93.182,93.531,93685.0
2014-12-30 00:00:00+00:00,93.536,93.854,93.266,93.434,60666.0
2015-01-01 00:00:00+00:00,93.396,93.532,92.57,92.784,110830.0
2015-01-04 00:00:00+00:00,92.663,92.685,91.743,91.941,152838.0
2015-01-05 00:00:00+00:00,91.939,92.556,91.627,91.886,189227.0
2015-01-06 00:00:00+00:00,91.917,92.814,91.823,92.814,141443.0
2015-01-07 00:00:00+00:00,92.777,93.654,92.666,93.614,109096.0
2015-01-08 00:00:00+00:00,93.644,93.752,92.763,92.883,134323.0
2015-01-11 00:00:00+00:00,92.872,93.108,91.73,92.098,122347.0
2015-01-12 00:00:00+00:00,92.112,92.338,90.752,91.248,147095.0
2015-01-13 00:00:00+00:00,91.245,91.285,89.843,90.539,172812.0
2015-01-14 00:00:00+00:00,90.594,91.899,90.264,90.897,235366.0
2015-01-15 00:00:00+00:00,90.896,91.742,90.241,91.586,175311.0
2015-01-18 00:00:00+00:00,91.415,91.678,91.122,91.48,87785.0
2015-01-19 00:00:00+00:00,91.515,91.914,90.558,90.748,136066.0
2015-01-20 00:00:00+00:00,90.73,90.855,88.976,89.079,167588.0
2015-01-21 00:00:00+00:00,89.092,89.327,88.49,88.896,162211.0
2015-01-22 00:00:00+00:00,88.896,89.201,87.653,87.816,144052.0
2015-01-25 00:00:00+00:00,87.41,88.288,86.856,87.959,106464.0
2015-01-26 00:00:00+00:00,87.966,88.256,87.328,87.834,119666.0
2015-01-27 00:00:00+00:00,87.776,88.345,85.942,86.015,152388.0
2015-01-28 00:00:00+00:00,86.05,86.741,85.622,85.94,137792.0
2015-01-29 00:00:00+00:00,85.966,86.246,84.773,85.306,120101.0
2015-02-01 00:00:00+00:00,84.859,85.953,84.793,85.896,112495.0
2015-02-02 00:00:00+00:00,85.93,87.19,84.076,86.498,162556.0
2015-02-03 00:00:00+00:00,86.491,87.712,85.788,86.38,145734.0
2015-02-04 00:00:00+00:00,86.473,87.304,86.13,86.934,120055.0
2015-02-05 00:00:00+00:00,86.934,87.828,86.678,87.663,114774.0
2015-02-08 00:00:00+00:00,87.597,88.3,87.278,87.893,98319.0
2015-02-09 00:00:00+00:00,87.893,88.61,87.636,88.402,107067.0
2015-02-10 00:00:00+00:00,88.382,88.977,88.354,88.735,102144.0
2015-02-11 00:00:00+00:00,88.74,88.862,87.284,88.443,145367.0
2015-02-12 00:00:00+00:00,88.443,88.688,88.171,88.609,99001.0
2015-02-15 00:00:00+00:00,88.612,89.279,88.574,88.876,85849.0
2015-02-16 00:00:00+00:00,88.876,90.11,88.56,89.914,105341.0
2015-02-17 00:00:00+00:00,89.937,89.988,89.496,89.629,106408.0
2015-02-18 00:00:00+00:00,89.644,89.816,89.244,89.412,96093.0
2015-02-19 00:00:00+00:00,89.434,89.806,88.924,89.549,111536.0
2015-02-22 00:00:00+00:00,89.659,89.734,89.274,89.388,88048.0
2015-02-23 00:00:00+00:00,89.401,89.606,88.684,89.132,116713.0
2015-02-24 00:00:00+00:00,89.112,89.878,88.858,89.812,100759.0
2015-02-25 00:00:00+00:00,89.797,90.382,89.773,89.976,105696.0
2015-02-26 00:00:00+00:00,89.942,90.6,89.709,90.494,98873.0
2015-03-01 00:00:00+00:00,90.47,90.574,90.051,90.212,81021.0
2015-03-02 00:00:00+00:00,90.24,90.536,89.99,90.4,97153.0
2015-03-03 00:00:00+00:00,90.368,91.102,90.304,90.82,99611.0
2015-03-04 00:00:00+00:00,90.866,90.956,89.614,89.934,102173.0
2015-03-05 00:00:00+00:00,89.934,90.253,88.836,88.947,106035.0
2015-03-08 00:00:00+00:00,88.99,89.441,88.62,89.11,89205.0
2015-03-09 00:00:00+00:00,89.1,89.224,87.894,88.134,147397.0
2015-03-10 00:00:00+00:00,88.102,88.702,87.314,88.579,154581.0
2015-03-11 00:00:00+00:00,88.564,89.928,88.348,89.601,154282.0
2015-03-12 00:00:00+00:00,89.601,89.868,88.695,89.096,117227.0
2015-03-15 00:00:00+00:00,88.9,89.856,88.775,89.396,95880.0
2015-03-16 00:00:00+00:00,89.44,89.839,88.616,88.68,94096.0
2015-03-17 00:00:00+00:00,88.694,90.578,88.23,89.93,141455.0
2015-03-18 00:00:00+00:00,89.929,90.262,89.11,89.544,173592.0
2015-03-19 00:00:00+00:00,89.56,91.149,89.441,90.838,134642.0
2015-03-22 00:00:00+00:00,90.8,91.902,90.628,91.623,159205.0
2015-03-23 00:00:00+00:00,91.623,91.858,91.136,91.648,145438.0
2015-03-24 00:00:00+00:00,91.643,91.79,90.754,90.876,122102.0
2015-03-25 00:00:00+00:00,90.894,90.935,89.963,90.57,143754.0
2015-03-26 00:00:00+00:00,90.555,90.697,89.996,90.136,123497.0
2015-03-29 00:00:00+00:00,90.08,90.347,89.721,90.076,92665.0
2015-03-30 00:00:00+00:00,90.092,90.272,89.543,89.741,107340.0
2015-03-31 00:00:00+00:00,89.734,89.754,88.751,89.235,125287.0
2015-04-01 00:00:00+00:00,89.233,89.926,88.843,89.905,103945.0
2015-04-02 00:00:00+00:00,89.93,90.646,89.643,90.407,71392.0
2015-04-05 00:00:00+00:00,90.245,90.658,89.97,90.153,58773.0
2015-04-06 00:00:00+00:00,90.135,90.544,89.884,90.142,105494.0
2015-04-07 00:00:00+00:00,90.142,91.091,90.093,90.73,115466.0
2015-04-08 00:00:00+00:00,90.724,91.286,90.563,91.223,101645.0
2015-04-09 00:00:00+00:00,91.236,91.526,90.376,90.53,92915.0
2015-04-12 00:00:00+00:00,90.522,90.628,89.122,89.552,100360.0
2015-04-13 00:00:00+00:00,89.58,90.028,89.034,89.79,118455.0
2015-04-14 00:00:00+00:00,89.804,90.552,89.485,90.478,123042.0
2015-04-15 00:00:00+00:00,90.513,91.532,90.263,91.298,148468.0
2015-04-16 00:00:00+00:00,91.286,91.828,91.018,91.349,128787.0
2015-04-19 00:00:00+00:00,91.712,91.798,91.2,91.329,104686.0
2015-04-20 00:00:00+00:00,91.306,92.12,91.18,91.787,112681.0
2015-04-21 00:00:00+00:00,91.835,92.418,91.654,91.914,127769.0
2015-04-22 00:00:00+00:00,91.869,91.907,90.472,90.791,135594.0
2015-04-23 00:00:00+00:00,90.801,90.872,90.225,90.444,121795.0
2015-04-26 00:00:00+00:00,90.252,91.212,90.219,90.999,108271.0
2015-04-27 00:00:00+00:00,90.984,91.983,90.722,91.768,121215.0
2015-04-28 00:00:00+00:00,91.66,92.061,91.372,91.447,158173.0
2015-04-29 00:00:00+00:00,91.412,91.46,89.966,90.881,164872.0
2015-04-30 00:00:00+00:00,90.905,91.072,90.248,90.627,111987.0
2015-05-03 00:00:00+00:00,90.51,90.72,90.19,90.528,92441.0
2015-05-04 00:00:00+00:00,90.517,90.788,90.2,90.589,139947.0
2015-05-05 00:00:00+00:00,90.592,90.714,89.414,89.564,154656.0
2015-05-06 00:00:00+00:00,89.556,89.96,88.784,89.222,153803.0
2015-05-07 00:00:00+00:00,89.181,89.768,88.988,89.737,150761.0
2015-05-10 00:00:00+00:00,89.441,89.444,88.056,88.076,110791.0
2015-05-11 00:00:00+00:00,88.12,88.742,88.024,88.254,125307.0
2015-05-12 00:00:00+00:00,88.254,89.528,87.754,89.17,147223.0
2015-05-13 00:00:00+00:00,89.186,90.091,89.11,89.352,133078.0
2015-05-14 00:00:00+00:00,89.358,89.432,88.958,89.194,125530.0
2015-05-17 00:00:00+00:00,88.892,89.123,88.426,88.649,101632.0
2015-05-18 00:00:00+00:00,88.692,89.274,88.3,88.634,130861.0
2015-05-19 00:00:00+00:00,88.636,89.118,88.356,88.679,136966.0
2015-05-20 00:00:00+00:00,88.675,88.934,88.41,88.906,119804.0
2015-05-21 00:00:00+00:00,88.927,89.402,88.69,88.836,125104.0
2015-05-24 00:00:00+00:00,88.847,88.928,88.734,88.858,65835.0
2015-05-25 00:00:00+00:00,88.858,89.64,88.832,88.981,140237.0
2015-05-26 00:00:00+00:00,88.99,89.824,88.93,89.802,143651.0
2015-05-27 00:00:00+00:00,89.817,89.96,88.648,88.96,163613.0
2015-05-28 00:00:00+00:00,88.881,89.044,87.888,88.249,140411.0
2015-05-31 00:00:00+00:00,87.948,88.664,87.857,88.476,119936.0
2015-06-01 00:00:00+00:00,88.486,89.278,88.412,89.138,158954.0
2015-06-02 00:00:00+00:00,89.166,89.172,88.689,88.866,143174.0
2015-06-03 00:00:00+00:00,88.854,89.081,88.403,88.67,139117.0
2015-06-04 00:00:00+00:00,88.69,89.237,88.345,88.514,132226.0
2015-06-07 00:00:00+00:00,88.496,89.108,88.344,88.936,115524.0
2015-06-08 00:00:00+00:00,88.914,89.012,88.296,88.695,137050.0
2015-06-09 00:00:00+00:00,88.696,89.012,87.789,88.329,183956.0
2015-06-10 00:00:00+00:00,86.493,86.888,86.073,86.548,156852.0
2015-06-11 00:00:00+00:00,86.551,86.79,85.904,86.211,120544.0
2015-06-14 00:00:00+00:00,86.134,86.499,85.99,86.371,104865.0
2015-06-15 00:00:00+00:00,86.434,86.578,86.106,86.228,89824.0
2015-06-16 00:00:00+00:00,86.208,86.44,85.603,86.252,120080.0
2015-06-17 00:00:00+00:00,86.224,86.301,84.725,85.164,125296.0
2015-06-18 00:00:00+00:00,85.18,85.33,84.532,84.778,91253.0
2015-06-21 00:00:00+00:00,84.922,85.126,84.638,84.678,87535.0
2015-06-22 00:00:00+00:00,84.668,84.972,84.567,84.957,88321.0
2015-06-23 00:00:00+00:00,84.948,85.533,84.867,85.33,97112.0
2015-06-24 00:00:00+00:00,85.33,85.684,85.147,85.394,94586.0
2015-06-25 00:00:00+00:00,85.456,85.472,84.532,84.748,85592.0
2015-06-28 00:00:00+00:00,83.913,84.548,82.892,83.955,153663.0
2015-06-29 00:00:00+00:00,83.948,83.984,82.509,82.866,128979.0
2015-06-30 00:00:00+00:00,82.876,83.536,82.849,82.952,114063.0
2015-07-01 00:00:00+00:00,82.945,82.981,82.314,82.722,106040.0
2015-07-02 00:00:00+00:00,82.722,82.832,81.887,82.152,93741.0
2015-07-05 00:00:00+00:00,81.339,82.436,81.133,81.97,110111.0
2015-07-06 00:00:00+00:00,81.951,82.01,81.036,81.498,121560.0
2015-07-07 00:00:00+00:00,81.5,81.706,80.676,81.223,158110.0
2015-07-08 00:00:00+00:00,81.219,82.012,80.8,81.788,124994.0
2015-07-09 00:00:00+00:00,81.804,82.806,81.746,82.534,121750.0
2015-07-12 00:00:00+00:00,81.896,83.03,81.894,82.622,116847.0
2015-07-13 00:00:00+00:00,82.618,82.941,82.262,82.815,95756.0
2015-07-14 00:00:00+00:00,82.807,82.992,81.538,81.55,110129.0
2015-07-15 00:00:00+00:00,81.55,81.751,80.467,80.868,109200.0
2015-07-16 00:00:00+00:00,80.854,81.316,80.794,80.952,77493.0
2015-07-19 00:00:00+00:00,80.864,81.92,80.773,81.598,81876.0
2015-07-20 00:00:00+00:00,81.619,82.519,81.528,82.069,108823.0
2015-07-21 00:00:00+00:00,82.145,82.208,81.416,81.487,95382.0
2015-07-22 00:00:00+00:00,81.493,82.868,81.444,81.868,101183.0
2015-07-23 00:00:00+00:00,81.848,82.076,81.23,81.421,85533.0
2015-07-26 00:00:00+00:00,81.304,81.776,81.282,81.4,96315.0
2015-07-27 00:00:00+00:00,81.39,82.864,81.35,82.696,108963.0
2015-07-28 00:00:00+00:00,82.564,83.296,82.315,82.633,113704.0
2015-07-29 00:00:00+00:00,82.601,82.672,81.704,81.96,104943.0
2015-07-30 00:00:00+00:00,81.964,82.465,81.249,81.644,126034.0
2015-08-02 00:00:00+00:00,81.856,82.027,81.336,81.403,98439.0
2015-08-03 00:00:00+00:00,81.42,81.999,81.108,81.33,123798.0
2015-08-04 00:00:00+00:00,81.367,81.622,81.062,81.307,115436.0
2015-08-05 00:00:00+00:00,81.302,81.766,81.234,81.748,104175.0
2015-08-06 00:00:00+00:00,81.73,82.402,81.478,82.288,116180.0
2015-08-09 00:00:00+00:00,82.16,82.546,81.814,82.498,101325.0
2015-08-10 00:00:00+00:00,82.453,82.649,81.46,81.778,117435.0
2015-08-11 00:00:00+00:00,81.794,82.351,80.996,82.23,148825.0
2015-08-12 00:00:00+00:00,82.228,82.516,81.535,81.768,113102.0
2015-08-13 00:00:00+00:00,81.776,81.805,81.106,81.284,104005.0
2015-08-16 00:00:00+00:00,81.298,81.863,81.203,81.758,71583.0
2015-08-17 00:00:00+00:00,81.754,82.177,81.607,82.129,82229.0
2015-08-18 00:00:00+00:00,82.104,82.11,81.398,81.726,99920.0
2015-08-19 00:00:00+00:00,81.752,82.064,81.501,81.828,102384.0
2015-08-20 00:00:00+00:00,81.828,81.969,81.298,81.584,121925.0
2015-08-23 00:00:00+00:00,81.221,81.56,73.248,76.738,262073.0
2015-08-24 00:00:00+00:00,76.809,78.792,76.166,76.94,242137.0
2015-08-25 00:00:00+00:00,76.94,77.984,76.301,77.206,210287.0
2015-08-26 00:00:00+00:00,77.192,78.508,77.103,78.268,159811.0
2015-08-27 00:00:00+00:00,78.271,78.868,77.749,78.656,121633.0
2015-08-28 00:00:00+00:00,78.656,78.656,78.656,78.656,2.0
2015-08-30 00:00:00+00:00,78.664,78.664,76.61,76.864,116011.0
2015-08-31 00:00:00+00:00,76.849,77.234,75.487,75.574,168956.0
2015-09-01 00:00:00+00:00,75.552,76.604,75.496,76.394,143148.0
2015-09-02 00:00:00+00:00,76.371,77.068,76.18,76.838,127340.0
2015-09-03 00:00:00+00:00,76.844,76.894,74.588,74.792,146343.0
2015-09-06 00:00:00+00:00,74.958,75.152,74.458,74.663,103936.0
2015-09-07 00:00:00+00:00,74.712,76.186,74.517,75.996,120819.0
2015-09-08 00:00:00+00:00,75.996,77.82,75.978,77.074,135381.0
2015-09-09 00:00:00+00:00,77.082,77.093,75.116,75.906,170367.0
2015-09-10 00:00:00+00:00,75.879,76.405,75.682,76.162,96460.0
2015-09-13 00:00:00+00:00,76.082,76.561,75.69,76.118,95786.0
2015-09-14 00:00:00+00:00,76.1,76.71,75.341,76.536,101986.0
2015-09-15 00:00:00+00:00,76.568,76.868,76.258,76.737,93474.0
2015-09-16 00:00:00+00:00,76.752,77.515,76.074,76.168,132607.0
2015-09-17 00:00:00+00:00,76.239,77.072,75.961,76.75,140364.0
2015-09-20 00:00:00+00:00,76.798,76.8,75.906,76.153,99697.0
2015-09-21 00:00:00+00:00,76.174,76.298,75.24,75.62,100972.0
2015-09-22 00:00:00+00:00,75.602,75.78,74.886,75.469,101081.0
2015-09-23 00:00:00+00:00,75.498,76.514,74.955,76.296,139398.0
2015-09-24 00:00:00+00:00,76.364,77.213,75.761,76.997,126814.0
2015-09-27 00:00:00+00:00,76.726,77.05,75.782,75.886,115762.0
2015-09-28 00:00:00+00:00,75.898,76.816,75.19,75.994,122195.0
2015-09-29 00:00:00+00:00,75.944,76.956,75.942,76.702,102288.0
2015-09-30 00:00:00+00:00,76.702,77.432,76.485,76.732,111333.0
2015-10-01 00:00:00+00:00,76.737,77.424,76.17,77.37,128108.0
2015-10-04 00:00:00+00:00,77.504,78.552,77.212,78.175,110921.0
2015-10-05 00:00:00+00:00,78.18,78.824,77.95,78.666,104878.0
2015-10-06 00:00:00+00:00,78.672,79.814,78.62,79.332,115675.0
2015-10-07 00:00:00+00:00,79.334,80.234,78.91,79.963,108286.0
2015-10-08 00:00:00+00:00,79.947,80.851,79.792,80.487,104083.0
2015-10-11 00:00:00+00:00,80.296,80.995,80.174,80.636,68403.0
2015-10-12 00:00:00+00:00,80.62,80.626,79.268,79.537,90065.0
2015-10-13 00:00:00+00:00,79.536,81.003,79.264,80.672,114753.0
2015-10-14 00:00:00+00:00,80.664,81.594,80.624,81.462,129081.0
2015-10-15 00:00:00+00:00,81.466,81.922,80.738,81.365,101005.0
2015-10-18 00:00:00+00:00,81.204,81.466,80.848,81.149,84804.0
2015-10-19 00:00:00+00:00,81.13,81.896,80.768,80.932,78523.0
2015-10-20 00:00:00+00:00,80.932,81.054,80.266,80.42,88348.0
2015-10-21 00:00:00+00:00,80.428,82.072,80.374,81.986,105484.0
2015-10-22 00:00:00+00:00,81.99,82.694,81.501,82.012,124053.0
2015-10-25 00:00:00+00:00,81.93,82.27,81.708,82.21,93160.0
2015-10-26 00:00:00+00:00,82.206,82.216,81.431,81.48,98369.0
2015-10-27 00:00:00+00:00,81.466,81.652,80.247,81.104,122731.0
2015-10-28 00:00:00+00:00,81.218,81.261,80.279,81.066,113768.0
2015-10-29 00:00:00+00:00,81.063,81.953,80.94,81.736,139677.0
2015-11-01 00:00:00+00:00,81.105,81.74,81.104,81.449,98987.0
2015-11-02 00:00:00+00:00,81.452,81.876,80.56,80.68,102208.0
2015-11-03 00:00:00+00:00,80.653,80.818,79.911,80.15,109849.0
2015-11-04 00:00:00+00:00,80.174,80.858,79.988,80.505,103946.0
2015-11-05 00:00:00+00:00,80.472,80.866,79.958,80.344,107398.0
2015-11-08 00:00:00+00:00,80.343,81.076,80.341,80.474,81252.0
2015-11-09 00:00:00+00:00,80.479,80.714,80.141,80.429,77658.0
2015-11-10 00:00:00+00:00,80.4,80.959,80.39,80.573,74563.0
2015-11-11 00:00:00+00:00,80.584,80.8,79.936,80.218,103825.0
2015-11-12 00:00:00+00:00,80.226,80.371,79.848,80.194,76714.0
2015-11-15 00:00:00+00:00,80.068,80.336,79.624,79.98,82076.0
2015-11-16 00:00:00+00:00,79.989,80.074,79.559,79.872,81272.0
2015-11-17 00:00:00+00:00,79.892,80.019,79.476,80.016,81594.0
2015-11-18 00:00:00+00:00,80.006,80.858,79.908,80.663,99090.0
2015-11-19 00:00:00+00:00,80.669,81.177,80.494,80.626,80717.0
2015-11-22 00:00:00+00:00,80.6,80.632,79.984,80.102,77754.0
2015-11-23 00:00:00+00:00,80.109,80.366,79.685,80.302,82285.0
2015-11-24 00:00:00+00:00,80.324,80.782,80.266,80.728,101835.0
2015-11-25 00:00:00+00:00,80.707,80.869,80.464,80.552,85529.0
2015-11-26 00:00:00+00:00,80.586,80.698,79.984,80.234,85485.0
2015-11-29 00:00:00+00:00,80.265,81.268,79.99,81.043,74917.0
2015-11-30 00:00:00+00:00,81.058,82.152,81.033,82.038,107560.0
2015-12-01 00:00:00+00:00,82.04,82.164,81.692,81.846,98726.0
2015-12-02 00:00:00+00:00,81.842,82.302,81.403,82.009,143183.0
2015-12-03 00:00:00+00:00,82.008,83.374,81.652,83.062,131338.0
2015-12-06 00:00:00+00:00,83.044,83.09,81.756,81.966,85728.0
2015-12-07 00:00:00+00:00,81.973,82.032,81.276,81.676,90585.0
2015-12-08 00:00:00+00:00,81.624,82.02,79.742,81.615,122924.0
2015-12-09 00:00:00+00:00,81.636,82.388,81.632,82.109,111061.0
2015-12-10 00:00:00+00:00,82.15,82.665,81.0,81.286,116895.0
2015-12-13 00:00:00+00:00,81.388,81.9,80.933,81.799,112106.0
2015-12-14 00:00:00+00:00,81.81,82.468,81.747,82.328,108665.0
2015-12-15 00:00:00+00:00,82.32,83.099,81.998,83.092,130362.0
2015-12-16 00:00:00+00:00,83.152,83.164,82.094,82.146,117404.0
2015-12-17 00:00:00+00:00,82.106,82.596,81.166,81.508,135884.0
2015-12-20 00:00:00+00:00,81.578,82.174,81.486,81.916,77707.0
2015-12-21 00:00:00+00:00,81.934,82.798,81.908,82.401,80972.0
2015-12-22 00:00:00+00:00,82.402,82.611,81.773,82.146,60400.0
2015-12-23 00:00:00+00:00,82.05,82.304,81.938,82.12,45569.0
2015-12-27 00:00:00+00:00,82.12,82.472,82.12,82.372,48018.0
2015-12-28 00:00:00+00:00,82.413,82.877,82.398,82.743,53911.0
2015-12-29 00:00:00+00:00,82.724,82.814,82.35,82.465,55829.0
2015-12-30 00:00:00+00:00,82.454,82.674,82.06,82.169,53490.0
2016-01-03 00:00:00+00:00,82.092,82.252,80.124,80.638,116800.0
2016-01-04 00:00:00+00:00,80.646,80.822,79.433,79.824,99537.0
2016-01-05 00:00:00+00:00,79.828,79.92,78.468,78.672,129111.0
2016-01-06 00:00:00+00:00,78.64,79.016,77.476,77.974,164579.0
2016-01-07 00:00:00+00:00,77.96,79.164,76.694,76.712,160968.0
2016-01-10 00:00:00+00:00,76.88,77.632,76.102,77.246,142408.0
2016-01-11 00:00:00+00:00,77.238,77.496,76.472,76.912,136396.0
2016-01-12 00:00:00+00:00,76.93,77.964,76.642,76.652,123041.0
2016-01-13 00:00:00+00:00,76.638,76.897,75.496,76.432,160123.0
2016-01-14 00:00:00+00:00,76.428,76.757,74.614,75.617,172285.0
2016-01-17 00:00:00+00:00,74.789,76.096,74.789,75.712,120819.0
2016-01-18 00:00:00+00:00,75.718,76.926,75.276,75.428,144475.0
2016-01-19 00:00:00+00:00,75.459,75.505,73.652,75.195,192533.0
2016-01-20 00:00:00+00:00,75.198,77.232,74.78,76.86,202899.0
2016-01-21 00:00:00+00:00,76.897,77.368,76.525,77.085,141046.0
2016-01-24 00:00:00+00:00,77.052,77.58,76.314,76.35,120342.0
2016-01-25 00:00:00+00:00,76.354,77.16,75.75,76.957,119151.0
2016-01-26 00:00:00+00:00,76.964,77.675,76.06,76.325,157742.0
2016-01-27 00:00:00+00:00,76.29,77.47,76.025,77.0,136363.0
2016-01-28 00:00:00+00:00,76.988,79.092,76.811,78.521,194550.0
2016-01-31 00:00:00+00:00,78.737,79.39,78.135,79.222,112208.0
2016-02-01 00:00:00+00:00,79.23,79.248,77.635,78.164,120343.0
2016-02-02 00:00:00+00:00,78.168,79.236,77.964,78.578,186333.0
2016-02-03 00:00:00+00:00,78.598,79.206,78.335,78.506,155059.0
2016-02-04 00:00:00+00:00,78.506,78.797,77.374,77.424,140080.0
2016-02-07 00:00:00+00:00,77.348,78.052,76.264,76.77,139511.0
2016-02-08 00:00:00+00:00,76.776,76.844,75.128,76.358,225659.0
2016-02-09 00:00:00+00:00,76.368,76.777,75.514,75.786,211160.0
2016-02-10 00:00:00+00:00,75.803,76.079,73.222,75.516,249004.0
2016-02-11 00:00:00+00:00,75.566,75.904,74.528,75.06,185533.0
2016-02-14 00:00:00+00:00,75.106,76.383,75.07,76.188,127668.0
2016-02-15 00:00:00+00:00,76.178,76.542,74.39,75.059,154037.0
2016-02-16 00:00:00+00:00,75.071,75.908,74.462,75.688,142280.0
2016-02-17 00:00:00+00:00,75.68,76.006,75.056,75.247,131758.0
2016-02-18 00:00:00+00:00,75.238,75.306,74.174,74.675,119743.0
2016-02-21 00:00:00+00:00,74.844,76.113,74.494,75.642,98848.0
2016-02-22 00:00:00+00:00,75.622,75.877,74.416,74.47,119743.0
2016-02-23 00:00:00+00:00,74.465,74.748,73.554,74.692,129724.0
2016-02-24 00:00:00+00:00,74.71,75.98,74.458,75.955,129048.0
2016-02-25 00:00:00+00:00,75.99,76.608,75.288,75.55,123322.0
2016-02-28 00:00:00+00:00,75.107,75.21,74.212,74.268,130079.0
2016-02-29 00:00:00+00:00,74.273,75.74,73.976,75.569,120401.0
2016-03-01 00:00:00+00:00,75.572,75.936,75.254,75.738,123091.0
2016-03-02 00:00:00+00:00,75.726,76.742,75.556,76.455,114223.0
2016-03-03 00:00:00+00:00,76.438,77.813,76.254,77.572,131312.0
2016-03-06 00:00:00+00:00,77.331,77.461,76.598,77.19,103439.0
2016-03-07 00:00:00+00:00,77.162,77.183,75.814,75.964,116334.0
2016-03-08 00:00:00+00:00,75.963,76.994,75.29,75.412,134367.0
2016-03-09 00:00:00+00:00,75.402,76.316,75.01,75.506,176934.0
2016-03-10 00:00:00+00:00,75.432,77.013,75.31,76.801,126598.0
2016-03-13 00:00:00+00:00,76.62,76.922,75.734,75.976,97483.0
2016-03-14 00:00:00+00:00,75.978,76.081,74.442,74.708,112823.0
2016-03-15 00:00:00+00:00,74.706,75.807,74.63,75.678,125448.0
2016-03-16 00:00:00+00:00,75.687,76.466,75.458,76.324,158016.0
2016-03-17 00:00:00+00:00,76.326,76.412,75.52,75.815,114319.0
2016-03-20 00:00:00+00:00,75.721,75.784,75.142,75.692,87455.0
2016-03-21 00:00:00+00:00,75.684,75.943,74.882,75.877,120921.0
2016-03-22 00:00:00+00:00,75.846,75.971,75.302,75.372,102617.0
2016-03-23 00:00:00+00:00,75.353,75.71,75.272,75.656,91701.0
2016-03-24 00:00:00+00:00,75.65,75.898,75.47,75.591,62898.0
2016-03-27 00:00:00+00:00,75.612,76.344,75.544,76.262,46606.0
2016-03-28 00:00:00+00:00,76.293,77.54,76.202,77.2,113766.0
2016-03-29 00:00:00+00:00,77.162,78.14,76.894,77.804,129579.0
2016-03-30 00:00:00+00:00,77.801,78.214,77.314,77.779,115699.0
2016-03-31 00:00:00+00:00,77.752,77.914,76.685,77.139,127297.0
2016-04-03 00:00:00+00:00,76.891,77.098,75.972,76.084,95212.0
2016-04-04 00:00:00+00:00,76.066,76.114,74.63,75.08,134631.0
2016-04-05 00:00:00+00:00,75.096,75.338,74.568,74.926,121331.0
2016-04-06 00:00:00+00:00,74.956,75.108,72.892,73.336,150385.0
2016-04-07 00:00:00+00:00,73.341,74.216,73.241,73.579,110129.0
2016-04-10 00:00:00+00:00,73.528,74.361,73.148,74.032,108865.0
2016-04-11 00:00:00+00:00,74.016,75.188,73.926,75.148,103582.0
2016-04-12 00:00:00+00:00,75.085,75.749,75.069,75.668,108446.0
2016-04-13 00:00:00+00:00,75.652,75.706,74.678,74.918,109288.0
2016-04-14 00:00:00+00:00,74.87,75.636,74.864,75.259,88811.0
2016-04-17 00:00:00+00:00,74.471,75.784,74.132,75.647,116713.0
2016-04-18 00:00:00+00:00,75.666,77.136,75.592,76.946,103143.0
2016-04-19 00:00:00+00:00,76.918,77.037,76.098,76.638,99127.0
2016-04-20 00:00:00+00:00,76.624,76.685,75.56,75.661,112768.0
2016-04-21 00:00:00+00:00,75.658,76.771,75.552,76.597,117042.0
2016-04-24 00:00:00+00:00,76.595,76.766,76.057,76.232,91087.0
2016-04-25 00:00:00+00:00,76.242,76.808,76.062,76.772,92010.0
2016-04-26 00:00:00+00:00,76.798,76.853,75.992,76.15,114024.0
2016-04-27 00:00:00+00:00,76.138,77.363,74.96,75.244,157015.0
2016-04-28 00:00:00+00:00,75.248,75.31,74.172,74.176,116743.0
2016-05-01 00:00:00+00:00,74.089,74.815,74.089,74.696,90441.0
2016-05-02 00:00:00+00:00,74.695,74.91,73.345,73.679,110171.0
2016-05-03 00:00:00+00:00,73.708,74.349,73.37,73.633,123506.0
2016-05-04 00:00:00+00:00,73.609,74.116,73.571,73.828,104121.0
2016-05-05 00:00:00+00:00,73.832,73.972,72.547,73.262,125881.0
2016-05-08 00:00:00+00:00,73.142,73.868,73.086,73.316,93389.0
2016-05-09 00:00:00+00:00,73.324,73.927,73.008,73.856,101966.0
2016-05-10 00:00:00+00:00,73.856,74.586,73.681,73.923,101518.0
2016-05-11 00:00:00+00:00,73.93,74.722,73.792,74.346,100486.0
2016-05-12 00:00:00+00:00,74.347,74.456,73.486,73.532,107460.0
2016-05-15 00:00:00+00:00,73.501,74.118,73.326,74.031,74763.0
2016-05-16 00:00:00+00:00,74.032,74.647,73.826,74.332,99985.0
2016-05-17 00:00:00+00:00,74.344,74.596,73.745,74.265,109623.0
2016-05-18 00:00:00+00:00,74.261,74.518,73.894,74.143,115427.0
2016-05-19 00:00:00+00:00,74.16,74.832,74.08,74.503,84259.0
2016-05-22 00:00:00+00:00,74.545,74.726,73.816,73.878,90691.0
2016-05-23 00:00:00+00:00,73.893,74.205,73.284,74.109,91231.0
2016-05-24 00:00:00+00:00,74.097,74.644,74.078,74.277,89654.0
2016-05-25 00:00:00+00:00,74.243,74.244,73.454,73.984,99705.0
2016-05-26 00:00:00+00:00,73.98,74.266,73.624,73.821,80861.0
2016-05-29 00:00:00+00:00,73.888,74.531,73.862,74.386,58717.0
2016-05-30 00:00:00+00:00,74.387,75.197,74.296,74.897,91015.0
2016-05-31 00:00:00+00:00,74.905,75.416,74.254,74.667,118845.0
2016-06-01 00:00:00+00:00,74.694,74.74,73.825,74.133,107617.0
2016-06-02 00:00:00+00:00,74.157,74.82,73.912,74.098,120485.0
2016-06-05 00:00:00+00:00,74.088,74.612,73.77,74.458,108533.0
2016-06-06 00:00:00+00:00,74.47,75.09,74.083,74.935,90797.0
2016-06-07 00:00:00+00:00,74.91,75.155,74.399,75.057,91538.0
2016-06-08 00:00:00+00:00,75.061,76.366,75.007,76.108,119838.0
2016-06-09 00:00:00+00:00,76.077,76.267,75.118,75.45,99456.0
2016-06-12 00:00:00+00:00,75.361,75.432,74.466,75.026,117597.0
2016-06-13 00:00:00+00:00,75.008,75.01,74.018,74.21,118652.0
2016-06-14 00:00:00+00:00,74.21,74.895,73.83,74.567,115658.0
2016-06-15 00:00:00+00:00,74.562,75.061,72.317,73.433,164250.0
2016-06-16 00:00:00+00:00,73.448,74.054,73.277,73.521,116361.0
2016-06-19 00:00:00+00:00,74.08,74.56,73.7,74.009,99640.0
2016-06-20 00:00:00+00:00,74.01,74.956,73.698,74.618,100876.0
2016-06-21 00:00:00+00:00,74.612,75.25,74.422,74.8,89870.0
2016-06-22 00:00:00+00:00,74.819,77.0,74.798,76.956,137800.0
2016-06-23 00:00:00+00:00,76.963,77.748,69.211,72.859,376001.0
2016-06-26 00:00:00+00:00,71.811,72.726,71.138,71.356,177182.0
2016-06-27 00:00:00+00:00,71.35,72.55,71.219,72.422,124619.0
2016-06-28 00:00:00+00:00,72.428,73.292,72.226,73.128,111660.0
2016-06-29 00:00:00+00:00,73.159,73.756,72.346,73.624,132561.0
2016-06-30 00:00:00+00:00,73.636,73.824,73.272,73.541,97239.0
2016-07-03 00:00:00+00:00,73.524,74.274,73.45,74.128,67019.0
2016-07-04 00:00:00+00:00,74.116,74.177,72.474,72.776,96016.0
2016-07-05 00:00:00+00:00,72.803,72.814,71.254,72.26,146054.0
2016-07-06 00:00:00+00:00,72.28,73.124,71.743,72.836,115319.0
2016-07-07 00:00:00+00:00,72.833,73.485,72.674,73.457,118182.0
2016-07-10 00:00:00+00:00,73.437,74.361,73.304,74.218,109390.0
2016-07-11 00:00:00+00:00,74.24,76.848,74.066,76.434,139090.0
2016-07-12 00:00:00+00:00,76.408,76.532,75.38,76.002,140193.0
2016-07-13 00:00:00+00:00,75.97,76.52,75.334,75.835,152039.0
2016-07-14 00:00:00+00:00,75.826,76.418,74.434,74.608,146636.0
2016-07-17 00:00:00+00:00,75.252,75.792,74.476,75.54,105210.0
2016-07-18 00:00:00+00:00,75.54,75.545,74.209,74.84,113880.0
2016-07-19 00:00:00+00:00,74.858,75.236,74.328,75.084,98154.0
2016-07-20 00:00:00+00:00,74.7,75.1,73.762,74.03,145559.0
2016-07-21 00:00:00+00:00,74.056,74.382,73.728,74.265,98694.0
2016-07-24 00:00:00+00:00,74.239,74.628,73.921,74.028,80119.0
2016-07-25 00:00:00+00:00,74.026,74.176,73.202,73.81,109837.0
2016-07-26 00:00:00+00:00,73.83,74.724,73.82,74.58,151035.0
2016-07-27 00:00:00+00:00,74.577,74.728,74.016,74.462,102685.0
2016-07-28 00:00:00+00:00,74.463,75.075,73.13,73.585,202487.0
2016-07-31 00:00:00+00:00,73.74,74.192,73.372,73.444,89057.0
2016-08-01 00:00:00+00:00,73.445,73.883,72.755,73.077,122687.0
2016-08-02 00:00:00+00:00,73.067,73.113,72.222,72.472,101617.0
2016-08-03 00:00:00+00:00,72.468,73.008,72.368,72.603,91875.0
2016-08-04 00:00:00+00:00,72.612,73.029,72.524,72.721,84800.0
2016-08-07 00:00:00+00:00,72.804,73.276,72.358,73.13,67128.0
2016-08-08 00:00:00+00:00,73.122,73.342,72.786,72.996,61817.0
2016-08-09 00:00:00+00:00,73.012,73.444,72.77,72.992,85782.0
2016-08-10 00:00:00+00:00,73.002,74.48,72.826,73.496,81769.0
2016-08-11 00:00:00+00:00,73.494,73.662,72.732,72.899,89362.0
2016-08-14 00:00:00+00:00,72.736,73.066,72.589,72.992,67731.0
2016-08-15 00:00:00+00:00,73.028,73.146,72.512,73.018,112328.0
2016-08-16 00:00:00+00:00,73.038,73.445,72.228,72.724,110483.0
2016-08-17 00:00:00+00:00,72.718,73.14,72.376,72.791,114761.0
2016-08-18 00:00:00+00:00,72.854,73.034,72.574,72.887,83394.0
2016-08-21 00:00:00+00:00,73.067,73.146,72.679,72.934,89730.0
2016-08-22 00:00:00+00:00,72.94,73.503,72.936,73.079,88295.0
2016-08-23 00:00:00+00:00,73.091,73.602,72.924,73.442,87522.0
2016-08-24 00:00:00+00:00,73.475,73.708,73.277,73.393,66608.0
2016-08-25 00:00:00+00:00,73.432,74.022,73.334,73.694,116708.0
2016-08-28 00:00:00+00:00,73.777,74.144,73.502,73.907,86694.0
2016-08-29 00:00:00+00:00,73.911,74.45,73.848,74.328,86573.0
2016-08-30 00:00:00+00:00,74.337,75.12,74.321,74.976,92968.0
2016-08-31 00:00:00+00:00,74.982,75.4,74.724,75.175,103858.0
2016-09-01 00:00:00+00:00,75.196,75.995,75.162,75.796,131701.0
2016-09-04 00:00:00+00:00,75.784,76.069,75.442,75.564,81168.0
2016-09-05 00:00:00+00:00,75.56,75.987,75.53,75.672,113156.0
2016-09-06 00:00:00+00:00,75.695,75.96,75.058,75.8,109769.0
2016-09-07 00:00:00+00:00,75.794,75.998,75.372,75.828,117233.0
2016-09-08 00:00:00+00:00,75.791,75.873,75.167,75.192,112392.0
2016-09-11 00:00:00+00:00,75.086,75.371,74.324,74.88,118732.0
2016-09-12 00:00:00+00:00,74.888,75.002,74.056,74.378,128683.0
2016-09-13 00:00:00+00:00,74.396,75.232,74.206,74.582,117356.0
2016-09-14 00:00:00+00:00,74.594,74.786,74.068,74.671,121219.0
2016-09-15 00:00:00+00:00,74.672,74.79,74.14,74.314,93272.0
2016-09-18 00:00:00+00:00,74.163,74.651,74.156,74.326,72669.0
2016-09-19 00:00:00+00:00,74.336,74.888,74.272,74.381,82744.0
2016-09-20 00:00:00+00:00,74.368,75.0,73.543,73.747,175816.0
2016-09-21 00:00:00+00:00,73.752,73.96,73.396,73.668,90303.0
2016-09-22 00:00:00+00:00,73.677,73.786,72.978,73.176,89707.0
2016-09-25 00:00:00+00:00,73.218,73.24,72.658,72.988,85357.0
2016-09-26 00:00:00+00:00,72.976,73.884,72.706,73.316,113337.0
2016-09-27 00:00:00+00:00,73.316,73.356,72.841,73.318,101278.0
2016-09-28 00:00:00+00:00,73.323,74.152,73.046,73.28,117481.0
2016-09-29 00:00:00+00:00,73.286,73.937,72.98,73.83,118166.0
2016-10-02 00:00:00+00:00,73.685,73.948,73.506,73.94,76618.0
2016-10-03 00:00:00+00:00,73.967,74.73,73.881,74.174,118572.0
2016-10-04 00:00:00+00:00,74.176,74.34,73.686,74.232,94947.0
2016-10-05 00:00:00+00:00,74.334,74.67,74.012,74.474,88544.0
2016-10-06 00:00:00+00:00,74.506,74.572,73.518,73.789,145286.0
2016-10-09 00:00:00+00:00,74.168,74.216,73.55,73.942,65341.0
2016-10-10 00:00:00+00:00,73.944,74.052,72.748,73.032,105632.0
2016-10-11 00:00:00+00:00,73.024,73.871,73.006,73.584,102372.0
2016-10-12 00:00:00+00:00,73.624,73.678,73.02,73.57,116058.0
2016-10-13 00:00:00+00:00,73.58,74.163,73.447,73.825,105839.0
2016-10-16 00:00:00+00:00,74.016,74.286,73.685,74.116,89016.0
2016-10-17 00:00:00+00:00,74.116,74.931,74.056,74.678,83637.0
2016-10-18 00:00:00+00:00,74.682,75.064,74.375,74.804,78811.0
2016-10-19 00:00:00+00:00,74.814,75.272,74.663,74.779,86517.0
2016-10-20 00:00:00+00:00,74.785,74.882,74.019,74.354,73840.0
2016-10-23 00:00:00+00:00,74.375,74.562,74.24,74.365,65233.0
2016-10-24 00:00:00+00:00,74.345,74.848,74.149,74.667,81385.0
2016-10-25 00:00:00+00:00,74.661,74.881,74.486,74.738,84811.0
2016-10-26 00:00:00+00:00,74.722,74.998,74.648,74.98,87880.0
2016-10-27 00:00:00+00:00,74.976,75.397,74.76,75.023,118135.0
2016-10-30 00:00:00+00:00,74.724,75.232,74.693,74.936,77282.0
2016-10-31 00:00:00+00:00,74.971,75.445,74.466,74.798,101720.0
2016-11-01 00:00:00+00:00,74.794,75.501,74.716,75.29,119642.0
2016-11-02 00:00:00+00:00,75.294,75.626,74.838,75.586,109525.0
2016-11-03 00:00:00+00:00,75.554,75.591,75.206,75.549,102783.0
2016-11-06 00:00:00+00:00,76.487,76.81,75.971,76.734,92379.0
2016-11-07 00:00:00+00:00,76.712,77.842,76.385,77.673,85861.0
2016-11-08 00:00:00+00:00,77.68,77.91,73.703,76.91,421460.0
2016-11-09 00:00:00+00:00,76.934,77.516,76.243,77.063,207812.0
2016-11-10 00:00:00+00:00,77.045,77.218,75.862,75.89,180202.0
2016-11-13 00:00:00+00:00,76.326,77.232,75.776,77.174,162068.0
2016-11-14 00:00:00+00:00,77.161,77.569,76.748,77.54,139090.0
2016-11-15 00:00:00+00:00,77.541,77.704,77.016,77.122,126855.0
2016-11-16 00:00:00+00:00,77.162,77.623,76.956,77.364,132648.0
2016-11-17 00:00:00+00:00,77.39,77.904,77.302,77.727,154674.0
2016-11-20 00:00:00+00:00,77.554,78.444,77.553,78.301,156454.0
2016-11-21 00:00:00+00:00,78.305,78.51,78.094,78.506,132664.0
2016-11-22 00:00:00+00:00,78.488,79.086,78.285,78.818,126556.0
2016-11-23 00:00:00+00:00,78.84,79.448,78.555,79.344,116337.0
2016-11-24 00:00:00+00:00,79.36,79.766,79.238,79.744,139850.0
2016-11-27 00:00:00+00:00,79.492,79.648,78.838,79.16,139091.0
2016-11-28 00:00:00+00:00,79.201,80.39,79.074,80.098,124450.0
2016-11-29 00:00:00+00:00,80.094,81.077,80.084,81.063,161851.0
2016-11-30 00:00:00+00:00,81.049,81.261,80.67,80.854,143852.0
2016-12-01 00:00:00+00:00,80.894,81.266,80.605,81.067,124710.0
2016-12-04 00:00:00+00:00,80.824,81.514,80.152,81.308,164688.0
2016-12-05 00:00:00+00:00,81.295,81.474,80.598,81.178,99299.0
2016-12-06 00:00:00+00:00,81.174,81.538,81.072,81.503,87523.0
2016-12-07 00:00:00+00:00,81.537,82.022,81.449,81.802,139029.0
2016-12-08 00:00:00+00:00,81.814,82.528,81.731,82.284,98388.0
2016-12-11 00:00:00+00:00,82.268,83.112,82.118,82.694,116087.0
2016-12-12 00:00:00+00:00,82.721,83.238,82.576,82.967,99904.0
2016-12-13 00:00:00+00:00,82.98,83.447,82.877,83.312,134487.0
2016-12-14 00:00:00+00:00,83.309,83.74,82.834,83.18,170976.0
2016-12-15 00:00:00+00:00,83.165,83.384,81.95,82.08,130576.0
2016-12-18 00:00:00+00:00,82.186,82.202,80.994,81.122,109618.0
2016-12-19 00:00:00+00:00,81.134,81.792,81.034,81.491,104972.0
2016-12-20 00:00:00+00:00,81.547,81.75,81.026,81.096,87255.0
2016-12-21 00:00:00+00:00,81.072,81.424,81.01,81.14,81229.0
2016-12-22 00:00:00+00:00,81.121,81.202,80.459,80.689,57189.0
2016-12-26 00:00:00+00:00,80.794,81.115,80.653,80.902,47942.0
2016-12-27 00:00:00+00:00,80.899,81.532,80.899,81.066,70292.0
2016-12-28 00:00:00+00:00,81.06,81.186,80.688,81.138,93862.0
2016-12-29 00:00:00+00:00,81.188,81.478,80.957,81.044,122714.0
2017-01-02 00:00:00+00:00,81.263,82.03,81.207,81.454,101328.0
2017-01-03 00:00:00+00:00,81.446,81.84,81.202,81.689,118517.0
2017-01-04 00:00:00+00:00,81.73,81.758,80.97,81.029,175688.0
2017-01-05 00:00:00+00:00,81.076,81.628,80.882,81.394,145877.0
2017-01-08 00:00:00+00:00,81.51,81.782,81.327,81.418,113546.0
2017-01-09 00:00:00+00:00,81.286,81.466,80.726,80.922,139028.0
2017-01-10 00:00:00+00:00,80.922,81.511,80.768,81.418,189025.0
2017-01-11 00:00:00+00:00,81.406,81.646,80.965,81.446,178185.0
2017-01-12 00:00:00+00:00,81.383,81.918,81.311,81.624,155436.0
2017-01-15 00:00:00+00:00,81.234,81.641,80.766,81.109,114118.0
2017-01-16 00:00:00+00:00,81.096,81.502,80.918,81.258,186320.0
2017-01-17 00:00:00+00:00,81.252,81.787,81.109,81.65,147593.0
2017-01-18 00:00:00+00:00,81.676,82.742,81.61,82.576,177390.0
2017-01-19 00:00:00+00:00,82.612,82.866,81.96,82.148,192819.0
2017-01-22 00:00:00+00:00,82.148,82.148,81.415,81.516,170815.0
2017-01-23 00:00:00+00:00,81.52,82.575,81.462,82.468,141603.0
2017-01-24 00:00:00+00:00,82.458,82.761,82.078,82.67,144005.0
2017-01-25 00:00:00+00:00,82.647,83.034,82.494,82.97,131808.0
2017-01-26 00:00:00+00:00,82.976,83.806,82.845,83.596,115597.0
2017-01-29 00:00:00+00:00,83.441,83.642,82.711,82.892,119602.0
2017-01-30 00:00:00+00:00,82.876,82.946,82.334,82.464,161922.0
2017-01-31 00:00:00+00:00,82.482,82.69,82.082,82.442,142741.0
2017-02-01 00:00:00+00:00,82.416,82.59,82.056,82.218,144353.0
2017-02-02 00:00:00+00:00,82.232,82.572,81.933,82.364,139333.0
2017-02-05 00:00:00+00:00,82.188,82.46,81.676,81.822,113166.0
2017-02-06 00:00:00+00:00,81.813,82.516,81.618,82.062,119783.0
2017-02-07 00:00:00+00:00,82.062,82.162,81.194,81.292,132499.0
2017-02-08 00:00:00+00:00,81.336,81.522,80.666,81.378,129782.0
2017-02-09 00:00:00+00:00,81.4,81.878,81.342,81.532,126427.0
2017-02-12 00:00:00+00:00,81.798,82.101,81.5,81.626,102682.0
2017-02-13 00:00:00+00:00,81.617,81.918,81.367,81.902,125608.0
2017-02-14 00:00:00+00:00,81.898,82.514,81.832,82.448,123804.0
2017-02-15 00:00:00+00:00,82.442,82.602,81.696,81.701,136110.0
2017-02-16 00:00:00+00:00,81.676,81.93,81.012,81.016,113278.0
2017-02-19 00:00:00+00:00,81.228,81.348,80.967,81.326,71846.0
2017-02-20 00:00:00+00:00,81.32,81.446,81.022,81.414,96334.0
2017-02-21 00:00:00+00:00,81.4,81.482,80.854,81.468,110126.0
2017-02-22 00:00:00+00:00,81.47,81.744,81.299,81.43,105825.0
2017-02-23 00:00:00+00:00,81.406,81.598,80.542,80.744,100260.0
2017-02-26 00:00:00+00:00,80.755,81.238,80.52,81.038,100422.0
2017-02-27 00:00:00+00:00,81.056,81.13,80.671,81.112,114070.0
2017-02-28 00:00:00+00:00,81.102,81.466,80.664,81.25,178909.0
2017-03-01 00:00:00+00:00,81.251,81.5,80.752,80.796,128260.0
2017-03-02 00:00:00+00:00,80.808,80.852,80.168,80.331,139142.0
2017-03-05 00:00:00+00:00,80.008,80.246,79.625,79.664,100403.0
2017-03-06 00:00:00+00:00,79.648,79.938,79.238,79.267,95648.0
2017-03-07 00:00:00+00:00,79.268,79.489,78.977,79.08,110536.0
2017-03-08 00:00:00+00:00,79.056,79.432,78.904,79.316,125493.0
2017-03-09 00:00:00+00:00,79.306,80.063,79.25,79.493,129528.0
2017-03-12 00:00:00+00:00,79.63,79.686,79.386,79.536,94323.0
2017-03-13 00:00:00+00:00,79.539,79.584,79.3,79.394,98464.0
2017-03-14 00:00:00+00:00,79.409,79.94,79.376,79.866,134620.0
2017-03-15 00:00:00+00:00,79.867,79.898,78.844,79.162,136397.0
2017-03-16 00:00:00+00:00,79.163,79.508,78.866,79.082,94796.0
2017-03-19 00:00:00+00:00,79.137,79.568,79.022,79.386,86758.0
2017-03-20 00:00:00+00:00,79.412,79.592,78.583,78.667,130217.0
2017-03-21 00:00:00+00:00,78.657,78.763,78.022,78.299,148287.0
2017-03-22 00:00:00+00:00,78.306,78.517,77.84,77.972,140431.0
2017-03-23 00:00:00+00:00,77.97,78.298,77.797,78.256,124510.0
2017-03-26 00:00:00+00:00,78.026,78.142,77.642,77.945,118468.0
2017-03-27 00:00:00+00:00,77.958,78.126,77.47,77.95,103645.0
2017-03-28 00:00:00+00:00,77.952,78.157,77.713,78.083,101944.0
2017-03-29 00:00:00+00:00,78.095,78.34,77.771,78.282,97603.0
2017-03-30 00:00:00+00:00,78.26,78.41,77.852,78.05,106440.0
2017-04-02 00:00:00+00:00,78.027,78.152,77.578,77.784,89449.0
2017-04-03 00:00:00+00:00,77.798,77.828,76.962,77.216,99609.0
2017-04-04 00:00:00+00:00,77.222,77.522,77.052,77.092,108058.0
2017-04-05 00:00:00+00:00,77.092,77.468,76.866,77.23,113012.0
2017-04-06 00:00:00+00:00,77.226,77.38,76.674,77.024,157182.0
2017-04-09 00:00:00+00:00,77.031,77.437,76.992,77.221,84246.0
2017-04-10 00:00:00+00:00,77.243,77.246,76.126,76.275,105021.0
2017-04-11 00:00:00+00:00,76.28,76.36,75.682,75.956,112639.0
2017-04-12 00:00:00+00:00,75.945,76.586,75.944,76.338,103536.0
2017-04-13 00:00:00+00:00,76.334,76.456,75.974,76.013,74230.0
2017-04-16 00:00:00+00:00,76.109,76.42,75.868,76.348,74096.0
2017-04-17 00:00:00+00:00,76.314,76.64,76.196,76.351,112277.0
2017-04-18 00:00:00+00:00,76.359,76.578,76.096,76.234,90847.0
2017-04-19 00:00:00+00:00,76.237,76.77,76.216,76.644,100091.0
2017-04-20 00:00:00+00:00,76.651,76.811,76.326,76.702,79124.0
2017-04-23 00:00:00+00:00,77.935,77.965,76.94,77.004,99333.0
2017-04-24 00:00:00+00:00,77.01,77.268,76.676,77.222,97763.0
2017-04-25 00:00:00+00:00,77.253,77.382,76.406,76.526,130655.0
2017-04-26 00:00:00+00:00,76.522,76.987,76.128,76.502,105430.0
2017-04-27 00:00:00+00:00,76.523,76.653,76.354,76.597,92218.0
2017-04-30 00:00:00+00:00,76.405,77.314,76.309,77.261,59800.0
2017-05-01 00:00:00+00:00,77.251,77.731,77.187,77.666,74055.0
2017-05-02 00:00:00+00:00,77.663,78.022,77.382,77.551,82574.0
2017-05-03 00:00:00+00:00,77.557,77.762,77.023,77.256,102614.0
2017-05-04 00:00:00+00:00,77.282,78.099,76.983,78.02,111006.0
2017-05-07 00:00:00+00:00,77.999,78.288,77.623,78.236,101738.0
2017-05-08 00:00:00+00:00,78.247,78.906,78.065,78.61,105766.0
2017-05-09 00:00:00+00:00,78.59,79.369,78.363,79.336,103948.0
2017-05-10 00:00:00+00:00,79.336,79.376,77.658,77.989,114768.0
2017-05-11 00:00:00+00:00,77.974,77.988,77.548,77.775,100551.0
2017-05-14 00:00:00+00:00,77.71,78.484,77.59,78.288,87000.0
2017-05-15 00:00:00+00:00,78.318,78.507,77.772,77.858,100140.0
2017-05-16 00:00:00+00:00,77.857,77.892,76.784,76.924,153048.0
2017-05-17 00:00:00+00:00,76.936,77.236,76.273,76.911,201202.0
2017-05-18 00:00:00+00:00,76.931,77.306,76.498,77.063,123145.0
2017-05-21 00:00:00+00:00,76.904,77.88,76.855,77.864,93502.0
2017-05-22 00:00:00+00:00,77.856,78.416,77.649,78.389,123311.0
2017-05-23 00:00:00+00:00,78.364,78.738,78.188,78.598,116139.0
2017-05-24 00:00:00+00:00,78.596,78.866,78.493,78.541,96607.0
2017-05-25 00:00:00+00:00,78.488,78.688,78.136,78.654,106462.0
2017-05-28 00:00:00+00:00,78.482,78.91,78.364,78.508,57956.0
2017-05-29 00:00:00+00:00,78.512,78.718,77.993,78.652,94352.0
2017-05-30 00:00:00+00:00,78.655,78.966,78.385,78.475,107379.0
2017-05-31 00:00:00+00:00,78.465,78.75,78.312,78.622,92893.0
2017-06-01 00:00:00+00:00,78.622,79.136,78.616,78.88,101638.0
2017-06-04 00:00:00+00:00,78.722,78.978,78.67,78.859,68317.0
2017-06-05 00:00:00+00:00,78.843,78.9,78.39,78.594,102209.0
2017-06-06 00:00:00+00:00,78.569,79.05,78.513,79.009,95146.0
2017-06-07 00:00:00+00:00,79.02,79.564,78.828,79.358,107404.0
2017-06-08 00:00:00+00:00,79.358,79.752,78.992,79.561,110147.0
2017-06-11 00:00:00+00:00,79.522,79.636,78.948,79.152,84720.0
2017-06-12 00:00:00+00:00,79.142,79.561,79.042,79.474,67910.0
2017-06-13 00:00:00+00:00,79.478,80.009,79.26,79.668,141950.0
2017-06-14 00:00:00+00:00,79.644,79.996,78.977,79.958,132975.0
2017-06-15 00:00:00+00:00,79.931,80.642,79.834,80.408,102008.0
2017-06-18 00:00:00+00:00,80.446,81.02,80.34,80.644,83329.0
2017-06-19 00:00:00+00:00,80.68,81.116,80.54,80.706,88460.0
2017-06-20 00:00:00+00:00,80.711,80.748,80.272,80.481,90134.0
2017-06-21 00:00:00+00:00,80.476,81.038,80.158,80.876,89410.0
2017-06-22 00:00:00+00:00,80.856,81.181,80.731,81.047,65730.0
2017-06-25 00:00:00+00:00,81.019,81.608,80.937,81.534,73580.0
2017-06-26 00:00:00+00:00,81.519,81.888,81.39,81.673,105780.0
2017-06-27 00:00:00+00:00,81.67,82.104,81.306,82.022,129756.0
2017-06-28 00:00:00+00:00,82.048,82.365,81.412,81.872,124113.0
2017-06-29 00:00:00+00:00,81.9,82.49,81.705,82.433,126220.0
2017-07-02 00:00:00+00:00,82.18,82.828,82.133,82.706,92433.0
2017-07-03 00:00:00+00:00,82.72,82.763,82.062,82.561,95655.0
2017-07-04 00:00:00+00:00,82.558,82.646,82.097,82.556,106732.0
2017-07-05 00:00:00+00:00,82.568,82.602,82.066,82.376,106395.0
2017-07-06 00:00:00+00:00,82.345,83.05,82.292,82.949,116002.0
2017-07-09 00:00:00+00:00,82.851,83.162,82.84,82.972,77235.0
2017-07-10 00:00:00+00:00,82.976,83.003,82.162,82.318,106231.0
2017-07-11 00:00:00+00:00,82.302,82.362,81.935,82.147,124254.0
2017-07-12 00:00:00+00:00,82.188,83.278,82.094,82.931,111126.0
2017-07-13 00:00:00+00:00,82.92,83.178,82.456,82.682,107771.0
2017-07-16 00:00:00+00:00,82.598,82.814,82.328,82.424,95831.0
2017-07-17 00:00:00+00:00,82.427,82.622,81.68,82.358,146971.0
2017-07-18 00:00:00+00:00,82.372,82.778,82.119,82.348,106594.0
2017-07-19 00:00:00+00:00,82.347,83.042,82.218,82.8,145462.0
2017-07-20 00:00:00+00:00,82.784,83.176,82.603,82.858,119959.0
2017-07-23 00:00:00+00:00,82.699,82.859,82.3,82.634,112032.0
2017-07-24 00:00:00+00:00,82.639,83.026,82.348,82.992,128310.0
2017-07-25 00:00:00+00:00,83.008,83.641,82.908,83.58,151044.0
2017-07-26 00:00:00+00:00,83.596,83.911,83.056,83.297,162456.0
2017-07-27 00:00:00+00:00,83.295,83.402,82.964,83.189,141005.0
2017-07-30 00:00:00+00:00,83.039,83.126,82.548,82.846,105458.0
2017-07-31 00:00:00+00:00,82.828,83.01,82.305,82.424,127925.0
2017-08-01 00:00:00+00:00,82.408,82.498,81.892,82.268,125108.0
2017-08-02 00:00:00+00:00,82.24,82.288,81.714,81.816,120913.0
2017-08-03 00:00:00+00:00,81.816,82.254,81.74,82.065,121244.0
2017-08-06 00:00:00+00:00,81.964,82.165,81.404,81.534,87536.0
2017-08-07 00:00:00+00:00,81.541,81.567,80.806,80.844,89280.0
2017-08-08 00:00:00+00:00,80.9,80.905,80.23,80.744,118334.0
2017-08-09 00:00:00+00:00,80.735,81.138,79.424,79.427,127412.0
2017-08-10 00:00:00+00:00,79.462,79.946,79.086,79.94,117255.0
2017-08-13 00:00:00+00:00,79.789,80.196,79.726,79.888,90763.0
2017-08-14 00:00:00+00:00,79.885,80.602,79.861,80.078,97241.0
2017-08-15 00:00:00+00:00,80.068,80.607,79.948,80.56,108399.0
2017-08-16 00:00:00+00:00,80.597,80.61,79.743,79.79,134451.0
2017-08-17 00:00:00+00:00,79.77,80.364,79.523,79.872,137258.0
2017-08-20 00:00:00+00:00,80.006,80.006,79.612,79.83,83761.0
2017-08-21 00:00:00+00:00,79.856,80.122,79.56,79.751,79542.0
2017-08-22 00:00:00+00:00,79.748,79.922,78.566,78.765,102969.0
2017-08-23 00:00:00+00:00,78.768,79.03,78.492,78.96,92699.0
2017-08-24 00:00:00+00:00,78.981,79.328,78.864,79.184,115578.0
2017-08-27 00:00:00+00:00,79.076,79.364,78.878,79.27,72722.0
2017-08-28 00:00:00+00:00,79.288,79.692,78.288,79.583,174149.0
2017-08-29 00:00:00+00:00,79.57,79.908,79.27,79.383,115091.0
2017-08-30 00:00:00+00:00,79.386,79.64,78.712,78.921,133722.0
2017-08-31 00:00:00+00:00,78.947,79.122,78.73,78.918,130231.0
2017-09-03 00:00:00+00:00,78.303,78.839,78.303,78.581,80109.0
2017-09-04 00:00:00+00:00,78.568,79.096,78.286,78.723,132677.0
2017-09-05 00:00:00+00:00,78.718,78.856,78.318,78.626,134560.0
2017-09-06 00:00:00+00:00,78.618,78.743,78.188,78.449,136860.0
2017-09-07 00:00:00+00:00,78.458,79.169,78.208,78.31,167743.0
2017-09-10 00:00:00+00:00,78.577,79.386,78.266,79.352,111744.0
2017-09-11 00:00:00+00:00,79.356,80.366,78.943,80.283,127397.0
2017-09-12 00:00:00+00:00,80.291,80.386,79.867,79.986,114414.0
2017-09-13 00:00:00+00:00,79.988,80.358,79.538,79.616,143765.0
2017-09-14 00:00:00+00:00,79.578,81.048,79.254,80.837,138581.0
2017-09-17 00:00:00+00:00,80.864,81.654,80.812,81.044,95481.0
2017-09-18 00:00:00+00:00,80.99,81.788,80.917,81.656,116818.0
2017-09-19 00:00:00+00:00,81.656,82.73,81.41,82.538,157047.0
2017-09-20 00:00:00+00:00,82.598,82.762,82.062,82.178,135168.0
2017-09-21 00:00:00+00:00,82.188,82.254,81.369,82.208,114289.0
2017-09-24 00:00:00+00:00,81.885,82.22,80.92,81.164,126164.0
2017-09-25 00:00:00+00:00,81.166,81.342,80.493,80.878,129399.0
2017-09-26 00:00:00+00:00,80.906,81.546,80.849,81.232,146616.0
2017-09-27 00:00:00+00:00,81.261,81.66,80.982,81.294,134294.0
2017-09-28 00:00:00+00:00,81.269,81.428,81.025,81.125,113931.0
2017-10-01 00:00:00+00:00,81.332,81.402,80.95,81.142,104816.0
2017-10-02 00:00:00+00:00,81.073,81.263,80.65,80.796,110696.0
2017-10-03 00:00:00+00:00,80.798,81.132,80.653,80.808,97787.0
2017-10-04 00:00:00+00:00,80.814,80.822,80.217,80.291,88904.0
2017-10-05 00:00:00+00:00,80.292,80.348,79.8,79.855,108545.0
2017-10-06 00:00:00+00:00,79.855,79.855,79.855,79.855,1.0
2017-10-08 00:00:00+00:00,79.514,79.825,79.414,79.606,59570.0
2017-10-09 00:00:00+00:00,79.595,79.857,79.272,79.498,95195.0
2017-10-10 00:00:00+00:00,79.486,79.731,79.272,79.686,89301.0
2017-10-11 00:00:00+00:00,79.668,80.187,79.631,80.056,97368.0
2017-10-12 00:00:00+00:00,80.039,80.541,79.854,80.292,106212.0
2017-10-15 00:00:00+00:00,80.191,80.492,80.147,80.458,77197.0
2017-10-16 00:00:00+00:00,80.45,80.848,80.278,80.464,92681.0
2017-10-17 00:00:00+00:00,80.463,80.802,80.193,80.769,87582.0
2017-10-18 00:00:00+00:00,80.746,80.96,78.912,79.106,143030.0
2017-10-19 00:00:00+00:00,79.119,79.246,78.824,79.012,115004.0
2017-10-20 00:00:00+00:00,79.012,79.012,79.012,79.012,1.0
2017-10-22 00:00:00+00:00,79.163,79.485,78.932,79.008,92703.0
2017-10-23 00:00:00+00:00,79.028,79.363,78.32,78.642,106964.0
2017-10-24 00:00:00+00:00,78.66,78.73,77.94,78.334,127911.0
2017-10-25 00:00:00+00:00,78.36,78.4,77.845,78.004,119225.0
2017-10-26 00:00:00+00:00,77.978,78.271,77.869,78.165,129381.0
2017-10-29 00:00:00+00:00,78.25,78.354,77.664,77.828,91616.0
2017-10-30 00:00:00+00:00,77.807,77.874,77.352,77.798,94792.0
2017-10-31 00:00:00+00:00,77.801,78.979,77.732,78.618,116788.0
2017-11-01 00:00:00+00:00,78.647,78.992,78.585,78.862,110115.0
2017-11-02 00:00:00+00:00,78.866,79.212,78.751,78.786,89542.0
2017-11-05 00:00:00+00:00,78.765,79.178,78.58,78.97,87406.0
2017-11-06 00:00:00+00:00,78.976,79.146,78.515,78.68,86997.0
2017-11-07 00:00:00+00:00,78.642,79.395,78.502,79.308,91304.0
2017-11-08 00:00:00+00:00,79.306,79.465,78.658,78.821,117434.0
2017-11-09 00:00:00+00:00,78.836,78.904,78.445,78.68,85834.0
2017-11-12 00:00:00+00:00,78.608,78.799,78.225,78.432,72935.0
2017-11-13 00:00:00+00:00,78.424,78.453,77.82,78.007,89240.0
2017-11-14 00:00:00+00:00,77.993,78.108,77.527,77.624,113606.0
2017-11-15 00:00:00+00:00,77.606,77.634,77.316,77.44,86847.0
2017-11-16 00:00:00+00:00,77.411,77.512,76.22,76.422,102194.0
2017-11-19 00:00:00+00:00,76.424,76.741,76.096,76.676,88667.0
2017-11-20 00:00:00+00:00,76.692,76.896,76.39,76.784,78712.0
2017-11-21 00:00:00+00:00,76.806,76.946,76.426,76.556,82688.0
2017-11-22 00:00:00+00:00,76.552,76.788,76.287,76.635,64368.0
2017-11-23 00:00:00+00:00,76.651,76.831,76.498,76.733,72112.0
2017-11-26 00:00:00+00:00,76.741,76.925,76.34,76.798,83636.0
2017-11-27 00:00:00+00:00,76.828,77.349,76.742,76.9,99436.0
2017-11-28 00:00:00+00:00,76.9,77.24,76.767,77.01,108765.0
2017-11-29 00:00:00+00:00,76.992,77.164,76.594,76.881,104323.0
2017-11-30 00:00:00+00:00,76.894,77.446,76.734,77.35,164623.0
2017-12-03 00:00:00+00:00,77.425,77.594,77.004,77.086,101909.0
2017-12-04 00:00:00+00:00,77.108,77.741,77.086,77.414,102624.0
2017-12-05 00:00:00+00:00,77.422,77.55,77.106,77.285,103891.0
2017-12-06 00:00:00+00:00,77.294,77.426,76.939,77.26,85616.0
2017-12-07 00:00:00+00:00,77.25,77.812,77.198,77.58,87092.0
2017-12-10 00:00:00+00:00,77.664,78.601,77.614,78.48,83048.0
2017-12-11 00:00:00+00:00,78.478,78.895,78.358,78.738,72364.0
2017-12-12 00:00:00+00:00,78.724,79.194,78.626,79.05,97283.0
2017-12-13 00:00:00+00:00,79.062,79.215,78.404,78.477,103548.0
2017-12-14 00:00:00+00:00,78.484,78.993,78.4,78.727,91856.0
2017-12-17 00:00:00+00:00,78.902,79.204,78.697,78.722,73302.0
2017-12-18 00:00:00+00:00,78.722,79.033,78.636,78.696,76587.0
2017-12-19 00:00:00+00:00,78.688,79.524,78.54,79.5,74219.0
2017-12-20 00:00:00+00:00,79.516,79.647,79.258,79.526,55056.0
2017-12-21 00:00:00+00:00,79.516,79.63,79.394,79.538,51415.0
2017-12-25 00:00:00+00:00,79.553,79.738,79.434,79.7,37990.0
2017-12-26 00:00:00+00:00,79.71,80.172,79.574,79.899,55195.0
2017-12-27 00:00:00+00:00,79.892,80.154,79.832,79.994,48366.0
2017-12-28 00:00:00+00:00,80.006,80.176,79.821,79.955,58960.0
2018-01-01 00:00:00+00:00,80.046,80.305,79.35,79.758,72873.0
2018-01-02 00:00:00+00:00,79.804,79.934,79.489,79.774,70900.0
2018-01-03 00:00:00+00:00,79.794,80.752,79.743,80.668,71921.0
2018-01-04 00:00:00+00:00,80.671,81.272,80.626,81.023,79463.0
2018-01-07 00:00:00+00:00,81.057,81.278,80.976,81.141,68064.0
2018-01-08 00:00:00+00:00,81.159,81.314,80.572,80.67,96595.0
2018-01-09 00:00:00+00:00,80.681,80.694,80.008,80.198,119551.0
2018-01-10 00:00:00+00:00,80.216,80.802,80.132,80.784,112481.0
2018-01-11 00:00:00+00:00,80.761,80.904,80.403,80.534,117813.0
2018-01-14 00:00:00+00:00,80.421,80.876,80.35,80.691,99634.0
2018-01-15 00:00:00+00:00,80.707,81.029,80.188,80.273,103943.0
2018-01-16 00:00:00+00:00,80.296,81.2,80.154,80.909,129396.0
2018-01-17 00:00:00+00:00,80.909,81.274,80.67,81.122,114389.0
2018-01-18 00:00:00+00:00,81.067,81.108,80.44,80.631,103016.0
2018-01-21 00:00:00+00:00,80.548,81.296,80.496,81.292,90987.0
2018-01-22 00:00:00+00:00,81.285,81.565,80.758,81.113,116067.0
2018-01-23 00:00:00+00:00,81.145,81.202,80.088,80.122,134858.0
2018-01-24 00:00:00+00:00,80.16,80.598,79.958,80.13,188467.0
2018-01-25 00:00:00+00:00,80.153,80.431,79.603,79.922,166509.0
2018-01-28 00:00:00+00:00,79.827,80.003,79.626,79.782,134464.0
2018-01-29 00:00:00+00:00,79.79,79.936,79.168,79.738,124510.0
2018-01-30 00:00:00+00:00,79.714,80.918,79.694,80.402,165745.0
2018-01-31 00:00:00+00:00,80.402,81.068,80.392,80.91,148414.0
2018-02-01 00:00:00+00:00,80.932,81.034,80.379,80.417,155586.0
2018-02-04 00:00:00+00:00,80.327,80.531,79.222,79.276,170046.0
2018-02-05 00:00:00+00:00,79.254,80.548,78.814,80.447,280861.0
2018-02-06 00:00:00+00:00,80.406,80.588,78.93,79.107,163134.0
2018-02-07 00:00:00+00:00,79.129,79.296,78.288,78.504,196201.0
2018-02-08 00:00:00+00:00,78.49,79.076,78.097,78.916,213509.0
2018-02-11 00:00:00+00:00,78.881,79.096,78.497,78.931,110329.0
2018-02-12 00:00:00+00:00,78.914,79.026,78.238,78.428,125308.0
2018-02-13 00:00:00+00:00,78.412,78.936,77.652,78.814,177282.0
2018-02-14 00:00:00+00:00,78.793,78.933,78.336,78.596,152415.0
2018-02-15 00:00:00+00:00,78.612,78.792,78.328,78.555,131523.0
2018-02-18 00:00:00+00:00,78.467,78.796,78.399,78.578,75288.0
2018-02-19 00:00:00+00:00,78.573,78.94,78.458,78.855,105206.0
2018-02-20 00:00:00+00:00,78.822,79.3,78.746,78.86,125008.0
2018-02-21 00:00:00+00:00,78.876,78.878,78.228,78.359,113017.0
2018-02-22 00:00:00+00:00,78.378,78.416,77.647,77.959,93910.0
2018-02-25 00:00:00+00:00,78.179,78.314,77.774,78.092,94964.0
2018-02-26 00:00:00+00:00,78.075,78.131,77.642,77.649,112979.0
2018-02-27 00:00:00+00:00,77.654,77.823,76.857,76.9,111818.0
2018-02-28 00:00:00+00:00,76.892,77.711,76.618,77.003,154265.0
2018-03-01 00:00:00+00:00,77.037,77.27,76.158,76.578,141619.0
2018-03-04 00:00:00+00:00,76.336,76.784,75.931,76.74,106179.0
2018-03-05 00:00:00+00:00,76.73,77.67,76.684,77.372,128479.0
2018-03-06 00:00:00+00:00,77.404,77.454,76.788,77.278,155780.0
2018-03-07 00:00:00+00:00,77.25,77.388,76.873,77.148,116753.0
2018-03-08 00:00:00+00:00,77.133,78.012,77.062,77.845,125267.0
2018-03-11 00:00:00+00:00,77.818,78.164,77.554,77.645,78232.0
2018-03-12 00:00:00+00:00,77.622,78.626,77.562,78.074,109511.0
2018-03-13 00:00:00+00:00,78.058,78.298,77.65,77.95,103007.0
2018-03-14 00:00:00+00:00,77.933,77.941,77.108,77.38,104930.0
2018-03-15 00:00:00+00:00,77.418,77.425,76.45,76.49,91734.0
2018-03-18 00:00:00+00:00,76.46,77.014,76.079,76.845,94443.0
2018-03-19 00:00:00+00:00,76.832,77.05,76.428,76.532,93901.0
2018-03-20 00:00:00+00:00,76.544,76.854,75.966,76.654,116051.0
2018-03-21 00:00:00+00:00,76.633,76.778,75.859,75.86,141047.0
2018-03-22 00:00:00+00:00,75.896,76.426,75.543,75.789,158396.0
2018-03-25 00:00:00+00:00,75.699,76.988,75.698,76.92,97003.0
2018-03-26 00:00:00+00:00,76.912,77.083,76.446,76.522,99968.0
2018-03-27 00:00:00+00:00,76.526,77.177,76.436,77.046,124186.0
2018-03-28 00:00:00+00:00,77.043,77.064,76.585,76.972,78507.0
2018-03-29 00:00:00+00:00,76.983,77.054,76.705,76.931,103747.0
2018-04-01 00:00:00+00:00,76.907,77.001,76.219,76.402,75994.0
2018-04-02 00:00:00+00:00,76.376,77.462,76.17,77.343,104180.0
2018-04-03 00:00:00+00:00,77.37,78.066,77.122,77.992,110491.0
2018-04-04 00:00:00+00:00,78.04,78.23,77.826,78.104,88717.0
2018-04-05 00:00:00+00:00,78.157,78.164,77.62,77.748,133600.0
2018-04-08 00:00:00+00:00,77.811,78.402,77.706,78.014,86396.0
2018-04-09 00:00:00+00:00,78.024,79.144,77.908,78.934,104594.0
2018-04-10 00:00:00+00:00,78.932,79.062,78.529,78.588,97716.0
2018-04-11 00:00:00+00:00,78.626,79.19,78.51,79.172,88171.0
2018-04-12 00:00:00+00:00,79.154,79.616,78.843,78.959,85254.0
2018-04-15 00:00:00+00:00,79.096,79.12,78.664,78.867,73824.0
2018-04-16 00:00:00+00:00,78.89,78.95,78.482,78.566,70018.0
2018-04-17 00:00:00+00:00,78.566,78.796,78.364,78.494,76522.0
2018-04-18 00:00:00+00:00,78.536,78.77,77.94,78.084,94037.0
2018-04-19 00:00:00+00:00,78.079,78.104,77.455,77.619,89738.0
2018-04-22 00:00:00+00:00,77.788,77.81,77.516,77.698,78797.0
2018-04-23 00:00:00+00:00,77.723,77.82,77.251,77.463,91395.0
2018-04-24 00:00:00+00:00,77.472,77.511,77.122,77.292,89518.0
2018-04-25 00:00:00+00:00,77.36,77.44,77.154,77.183,94293.0
2018-04-26 00:00:00+00:00,77.176,77.406,76.927,77.258,89563.0
2018-04-29 00:00:00+00:00,77.262,77.338,76.849,76.907,73024.0
2018-04-30 00:00:00+00:00,76.912,77.004,76.743,76.952,73961.0
2018-05-01 00:00:00+00:00,76.98,77.201,76.794,76.821,121295.0
2018-05-02 00:00:00+00:00,76.816,77.132,76.532,76.89,113559.0
2018-05-03 00:00:00+00:00,76.903,76.962,76.258,76.58,101341.0
2018-05-06 00:00:00+00:00,76.615,76.734,76.394,76.532,80745.0
2018-05-07 00:00:00+00:00,76.494,76.62,75.908,76.055,99833.0
2018-05-08 00:00:00+00:00,76.05,76.798,75.938,76.662,93993.0
2018-05-09 00:00:00+00:00,76.671,76.671,75.816,76.167,128392.0
2018-05-10 00:00:00+00:00,76.165,76.376,76.066,76.179,84605.0
2018-05-13 00:00:00+00:00,76.151,76.24,75.768,75.796,80388.0
2018-05-14 00:00:00+00:00,75.806,76.089,75.637,75.722,108791.0
2018-05-15 00:00:00+00:00,75.725,76.256,75.594,76.135,113330.0
2018-05-16 00:00:00+00:00,76.121,76.443,76.032,76.163,101274.0
2018-05-17 00:00:00+00:00,76.224,76.747,76.146,76.628,100530.0
2018-05-20 00:00:00+00:00,76.726,77.152,76.528,77.14,91277.0
2018-05-21 00:00:00+00:00,77.13,77.502,76.81,76.904,99442.0
2018-05-22 00:00:00+00:00,76.914,76.975,75.572,76.113,150133.0
2018-05-23 00:00:00+00:00,76.15,76.328,75.366,75.703,134714.0
2018-05-24 00:00:00+00:00,75.652,76.063,75.384,75.674,113323.0
2018-05-27 00:00:00+00:00,76.063,76.27,75.76,75.962,96476.0
2018-05-28 00:00:00+00:00,75.968,75.969,74.564,75.074,162995.0
2018-05-29 00:00:00+00:00,75.072,76.286,74.606,76.088,171921.0
2018-05-30 00:00:00+00:00,76.096,76.456,75.651,76.169,143530.0
2018-05-31 00:00:00+00:00,76.145,76.597,76.102,76.472,118442.0
2018-06-03 00:00:00+00:00,76.472,77.236,76.398,77.19,89928.0
2018-06-04 00:00:00+00:00,77.196,77.388,76.846,77.118,105086.0
2018-06-05 00:00:00+00:00,77.114,77.684,77.104,77.491,99551.0
2018-06-06 00:00:00+00:00,77.501,77.652,76.923,77.109,109916.0
2018-06-07 00:00:00+00:00,77.094,77.209,76.578,77.054,113259.0
2018-06-10 00:00:00+00:00,76.793,77.52,76.777,77.29,70978.0
2018-06-11 00:00:00+00:00,77.29,77.798,77.192,77.314,99797.0
2018-06-12 00:00:00+00:00,77.292,77.901,77.29,77.5,93809.0
2018-06-13 00:00:00+00:00,77.475,77.626,77.122,77.172,105150.0
2018-06-14 00:00:00+00:00,77.2,77.214,76.65,76.837,98899.0
2018-06-17 00:00:00+00:00,76.746,76.87,76.359,76.702,63178.0
2018-06-18 00:00:00+00:00,76.695,76.737,75.494,75.976,120465.0
2018-06-19 00:00:00+00:00,75.915,76.222,75.562,75.735,96151.0
2018-06-20 00:00:00+00:00,75.789,75.884,75.419,75.52,116658.0
2018-06-21 00:00:00+00:00,75.527,76.16,75.368,75.998,101439.0
2018-06-24 00:00:00+00:00,76.004,76.095,75.399,75.7,98890.0
2018-06-25 00:00:00+00:00,75.716,75.738,75.188,75.404,95003.0
2018-06-26 00:00:00+00:00,75.376,75.503,74.724,74.888,132934.0
2018-06-27 00:00:00+00:00,74.896,75.089,74.403,74.652,110885.0
2018-06-28 00:00:00+00:00,74.684,75.149,74.417,75.007,117326.0
2018-07-01 00:00:00+00:00,75.177,75.272,74.134,74.462,93057.0
2018-07-02 00:00:00+00:00,74.454,74.816,74.083,74.698,96295.0
2018-07-03 00:00:00+00:00,74.73,74.862,74.519,74.708,88072.0
2018-07-04 00:00:00+00:00,74.706,75.188,74.548,75.12,99185.0
2018-07-05 00:00:00+00:00,75.04,75.61,75.032,75.56,84849.0
2018-07-08 00:00:00+00:00,75.522,75.838,75.399,75.79,58663.0
2018-07-09 00:00:00+00:00,75.77,76.134,75.666,75.869,62841.0
2018-07-10 00:00:00+00:00,75.798,75.851,75.417,75.7,107291.0
2018-07-11 00:00:00+00:00,75.694,76.298,75.552,76.267,79911.0
2018-07-12 00:00:00+00:00,76.281,76.447,75.744,76.015,74864.0
2018-07-15 00:00:00+00:00,75.901,76.308,75.877,76.104,62437.0
2018-07-16 00:00:00+00:00,76.102,76.862,75.872,76.568,99710.0
2018-07-17 00:00:00+00:00,76.598,76.734,76.189,76.646,82626.0
2018-07-18 00:00:00+00:00,76.68,76.758,75.704,75.806,118869.0
2018-07-19 00:00:00+00:00,75.85,76.118,75.492,75.886,126643.0
2018-07-22 00:00:00+00:00,75.709,75.908,75.488,75.532,88261.0
2018-07-23 00:00:00+00:00,75.563,75.714,75.272,75.605,96246.0
2018-07-24 00:00:00+00:00,75.619,75.918,75.412,75.851,108353.0
2018-07-25 00:00:00+00:00,75.874,75.936,75.404,75.454,97512.0
2018-07-26 00:00:00+00:00,75.461,75.482,75.182,75.379,72118.0
2018-07-29 00:00:00+00:00,75.426,75.852,75.368,75.8,55811.0
2018-07-30 00:00:00+00:00,75.77,76.295,75.576,76.281,106557.0
2018-07-31 00:00:00+00:00,76.248,76.318,75.726,75.859,88319.0
2018-08-01 00:00:00+00:00,75.886,75.906,75.186,75.306,78909.0
2018-08-02 00:00:00+00:00,75.288,75.463,74.892,75.02,84373.0
2018-08-05 00:00:00+00:00,75.064,75.194,74.933,74.996,48980.0
2018-08-06 00:00:00+00:00,75.001,75.178,74.851,75.024,56675.0
2018-08-07 00:00:00+00:00,75.028,75.251,74.707,74.88,62331.0
2018-08-08 00:00:00+00:00,74.883,74.903,73.402,73.479,76145.0
2018-08-09 00:00:00+00:00,73.472,73.573,72.73,72.945,126753.0
2018-08-12 00:00:00+00:00,72.622,73.13,72.355,72.854,109988.0
2018-08-13 00:00:00+00:00,72.848,73.382,72.7,73.052,89807.0
2018-08-14 00:00:00+00:00,73.072,73.147,72.372,72.71,100754.0
2018-08-15 00:00:00+00:00,72.686,73.299,72.444,73.032,119009.0
2018-08-16 00:00:00+00:00,73.076,73.384,72.78,73.346,87777.0
2018-08-19 00:00:00+00:00,73.431,73.452,73.034,73.122,64648.0
2018-08-20 00:00:00+00:00,73.096,73.978,72.955,73.84,81956.0
2018-08-21 00:00:00+00:00,73.766,74.102,73.715,74.044,89722.0
2018-08-22 00:00:00+00:00,74.032,74.144,73.792,73.86,81117.0
2018-08-23 00:00:00+00:00,73.837,74.468,73.735,74.348,95824.0
2018-08-26 00:00:00+00:00,74.376,74.592,74.126,74.404,61293.0
2018-08-27 00:00:00+00:00,74.383,74.714,74.256,74.589,74327.0
2018-08-28 00:00:00+00:00,74.616,74.992,74.402,74.978,91596.0
2018-08-29 00:00:00+00:00,75.008,75.054,73.677,73.892,94102.0
2018-08-30 00:00:00+00:00,73.87,73.976,73.326,73.505,95637.0
2018-09-02 00:00:00+00:00,73.526,73.589,73.16,73.306,66216.0
2018-09-03 00:00:00+00:00,73.306,73.494,72.84,73.065,84289.0
2018-09-04 00:00:00+00:00,73.021,73.577,72.884,73.491,97370.0
2018-09-05 00:00:00+00:00,73.491,73.672,72.852,72.973,93860.0
2018-09-06 00:00:00+00:00,72.988,73.016,72.402,72.536,102922.0
2018-09-09 00:00:00+00:00,72.588,72.762,72.256,72.515,57144.0
2018-09-10 00:00:00+00:00,72.496,72.96,72.424,72.826,66027.0
2018-09-11 00:00:00+00:00,72.847,73.144,72.523,72.96,77860.0
2018-09-12 00:00:00+00:00,73.03,73.64,72.908,73.537,84093.0
2018-09-13 00:00:00+00:00,73.563,73.78,73.294,73.377,68036.0
2018-09-16 00:00:00+00:00,73.431,73.818,73.2,73.576,59095.0
2018-09-17 00:00:00+00:00,73.576,74.134,73.281,73.999,107474.0
2018-09-18 00:00:00+00:00,73.988,74.358,73.82,74.258,87681.0
2018-09-19 00:00:00+00:00,74.287,75.262,74.106,75.202,97534.0
2018-09-20 00:00:00+00:00,75.204,75.546,75.128,75.241,78941.0
2018-09-23 00:00:00+00:00,74.985,75.293,74.813,74.936,60881.0
2018-09-24 00:00:00+00:00,74.936,75.138,74.812,75.108,61730.0
2018-09-25 00:00:00+00:00,75.122,75.548,74.902,75.031,89796.0
2018-09-26 00:00:00+00:00,75.024,75.331,74.722,74.996,88363.0
2018-09-27 00:00:00+00:00,75.02,75.38,74.872,75.272,76756.0
2018-09-30 00:00:00+00:00,75.316,75.518,75.21,75.39,63804.0
2018-10-01 00:00:00+00:00,75.336,75.376,74.708,74.955,76204.0
2018-10-02 00:00:00+00:00,74.895,75.056,74.536,74.594,82263.0
2018-10-03 00:00:00+00:00,74.566,74.636,73.66,73.805,90806.0
2018-10-04 00:00:00+00:00,73.812,73.944,73.066,73.252,93666.0
2018-10-07 00:00:00+00:00,73.32,73.404,72.744,73.08,70320.0
2018-10-08 00:00:00+00:00,73.03,73.234,72.752,73.107,93897.0
2018-10-09 00:00:00+00:00,73.128,73.475,72.338,72.38,106074.0
2018-10-10 00:00:00+00:00,72.406,73.37,72.338,73.182,173018.0
2018-10-11 00:00:00+00:00,73.167,73.324,72.766,73.027,109527.0
2018-10-14 00:00:00+00:00,72.926,73.315,72.762,73.228,96257.0
2018-10-15 00:00:00+00:00,73.228,74.026,73.156,73.936,91486.0
2018-10-16 00:00:00+00:00,73.907,74.118,73.597,73.78,83977.0
2018-10-17 00:00:00+00:00,73.79,73.994,73.257,73.391,114803.0
2018-10-18 00:00:00+00:00,73.394,74.369,73.197,74.16,113853.0
2018-10-21 00:00:00+00:00,74.43,74.436,73.808,73.94,95340.0
2018-10-22 00:00:00+00:00,73.934,74.002,73.256,73.683,111751.0
2018-10-23 00:00:00+00:00,73.667,73.975,73.11,73.248,124054.0
2018-10-24 00:00:00+00:00,73.214,73.566,72.816,73.303,127687.0
2018-10-25 00:00:00+00:00,73.3,73.412,72.374,72.975,158326.0
2018-10-28 00:00:00+00:00,73.007,73.596,72.848,73.285,113350.0
2018-10-29 00:00:00+00:00,73.287,74.188,73.263,74.1,111769.0
2018-10-30 00:00:00+00:00,74.156,74.318,73.58,73.594,97433.0
2018-10-31 00:00:00+00:00,73.6,75.058,73.555,74.993,106991.0
2018-11-01 00:00:00+00:00,74.956,75.624,74.756,75.296,112974.0
2018-11-04 00:00:00+00:00,75.098,75.568,75.026,75.428,80112.0
2018-11-05 00:00:00+00:00,75.446,76.474,75.3,76.436,78775.0
2018-11-06 00:00:00+00:00,76.363,77.277,76.252,77.005,147693.0
2018-11-07 00:00:00+00:00,77.076,77.262,76.84,77.055,90586.0
2018-11-08 00:00:00+00:00,77.047,77.17,76.532,76.688,92018.0
2018-11-11 00:00:00+00:00,76.584,76.974,76.362,76.386,109097.0
2018-11-12 00:00:00+00:00,76.39,77.167,76.219,76.969,126556.0
2018-11-13 00:00:00+00:00,77.02,77.467,76.891,77.214,133155.0
2018-11-14 00:00:00+00:00,77.229,77.728,77.052,77.6,143973.0
2018-11-15 00:00:00+00:00,77.645,77.701,77.014,77.599,110060.0
2018-11-18 00:00:00+00:00,77.424,77.544,76.79,76.954,93705.0
2018-11-19 00:00:00+00:00,76.943,77.268,76.483,76.578,115932.0
2018-11-20 00:00:00+00:00,76.558,77.422,76.442,77.242,96702.0
2018-11-21 00:00:00+00:00,77.26,77.348,76.663,76.965,89242.0
2018-11-22 00:00:00+00:00,76.968,76.991,76.35,76.601,74637.0
2018-11-25 00:00:00+00:00,76.329,77.169,76.293,76.902,88922.0
2018-11-26 00:00:00+00:00,76.909,77.33,76.616,77.264,91788.0
2018-11-27 00:00:00+00:00,77.26,78.175,77.176,78.111,92098.0
2018-11-28 00:00:00+00:00,78.098,78.102,77.579,77.844,97483.0
2018-11-29 00:00:00+00:00,77.858,78.174,77.724,78.097,81562.0
2018-12-02 00:00:00+00:00,78.644,78.81,78.238,78.73,85647.0
2018-12-03 00:00:00+00:00,78.73,78.864,77.97,78.145,115639.0
2018-12-04 00:00:00+00:00,78.18,78.386,77.97,78.071,76931.0
2018-12-05 00:00:00+00:00,78.068,78.101,77.16,77.492,154147.0
2018-12-06 00:00:00+00:00,77.51,77.757,77.146,77.477,118053.0
2018-12-09 00:00:00+00:00,77.39,77.912,76.953,77.874,124770.0
2018-12-10 00:00:00+00:00,77.874,78.235,77.598,77.943,113451.0
2018-12-11 00:00:00+00:00,77.928,78.306,77.378,77.678,105680.0
2018-12-12 00:00:00+00:00,77.69,78.036,77.56,77.893,91536.0
2018-12-13 00:00:00+00:00,77.956,78.002,76.974,77.062,92374.0
2018-12-16 00:00:00+00:00,77.057,77.269,76.665,76.758,86748.0
2018-12-17 00:00:00+00:00,76.764,77.417,76.734,77.05,101794.0
2018-12-18 00:00:00+00:00,77.032,77.232,76.054,76.089,122989.0
2018-12-19 00:00:00+00:00,76.086,76.326,75.16,75.397,151078.0
2018-12-20 00:00:00+00:00,75.37,75.526,74.582,74.692,127393.0
2018-12-23 00:00:00+00:00,74.632,74.905,74.14,74.306,129980.0
2018-12-25 00:00:00+00:00,74.306,74.911,74.046,74.906,80823.0
2018-12-26 00:00:00+00:00,74.934,74.977,73.996,74.339,132924.0
2018-12-27 00:00:00+00:00,74.41,74.432,73.852,73.972,97424.0
2018-12-30 00:00:00+00:00,74.04,74.224,73.51,73.635,90380.0
2019-01-01 00:00:00+00:00,73.635,73.782,72.434,72.453,120026.0
2019-01-02 00:00:00+00:00,72.446,72.455,70.704,72.058,169040.0
2019-01-03 00:00:00+00:00,72.06,73.278,71.843,73.054,151571.0
2019-01-06 00:00:00+00:00,73.198,73.47,72.922,73.413,98454.0
2019-01-07 00:00:00+00:00,73.436,73.532,72.89,73.1,98794.0
2019-01-08 00:00:00+00:00,73.116,73.816,73.08,73.418,118787.0
2019-01-09 00:00:00+00:00,73.432,73.592,73.069,73.52,98690.0
2019-01-10 00:00:00+00:00,73.564,74.2,73.47,74.122,91769.0
2019-01-13 00:00:00+00:00,74.106,74.153,73.478,73.781,72160.0
2019-01-14 00:00:00+00:00,73.814,74.459,73.696,74.088,99678.0
2019-01-15 00:00:00+00:00,74.1,74.148,73.486,73.906,82166.0
2019-01-16 00:00:00+00:00,73.934,74.22,73.21,73.892,96499.0
2019-01-17 00:00:00+00:00,73.914,74.387,73.686,74.014,89128.0
2019-01-20 00:00:00+00:00,74.096,74.136,73.58,73.81,66953.0
2019-01-21 00:00:00+00:00,73.826,73.883,73.336,73.88,86334.0
2019-01-22 00:00:00+00:00,73.838,74.616,73.739,74.394,80602.0
2019-01-23 00:00:00+00:00,74.404,74.584,74.084,74.136,104797.0
2019-01-24 00:00:00+00:00,74.145,75.174,73.964,74.918,93010.0
2019-01-27 00:00:00+00:00,74.834,75.18,74.585,74.688,80092.0
2019-01-28 00:00:00+00:00,74.721,75.013,74.454,74.758,89895.0
2019-01-29 00:00:00+00:00,74.729,75.294,74.549,75.196,111780.0
2019-01-30 00:00:00+00:00,75.162,75.54,74.918,75.322,100199.0
2019-01-31 00:00:00+00:00,75.333,75.728,75.055,75.496,93249.0
2019-02-03 00:00:00+00:00,75.526,75.763,75.466,75.656,79585.0
2019-02-04 00:00:00+00:00,75.658,75.889,75.534,75.8,79981.0
2019-02-05 00:00:00+00:00,75.836,75.923,74.404,74.525,82727.0
2019-02-06 00:00:00+00:00,74.532,74.546,74.092,74.115,87629.0
2019-02-07 00:00:00+00:00,74.118,74.28,73.831,74.021,75703.0
2019-02-10 00:00:00+00:00,74.016,74.476,74.008,74.305,83260.0
2019-02-11 00:00:00+00:00,74.353,74.497,74.194,74.43,83204.0
2019-02-12 00:00:00+00:00,74.422,75.808,74.362,75.43,104057.0
2019-02-13 00:00:00+00:00,75.428,76.014,75.416,75.549,104418.0
2019-02-14 00:00:00+00:00,75.514,75.914,75.122,75.818,86570.0
2019-02-17 00:00:00+00:00,75.744,76.211,75.631,75.74,74223.0
2019-02-18 00:00:00+00:00,75.779,76.168,75.418,76.13,87733.0
2019-02-19 00:00:00+00:00,76.166,76.321,75.906,75.994,88930.0
2019-02-20 00:00:00+00:00,76.006,76.15,75.286,75.298,113252.0
2019-02-21 00:00:00+00:00,75.302,75.824,74.838,75.771,96441.0
2019-02-24 00:00:00+00:00,75.949,76.552,75.872,76.44,100458.0
2019-02-25 00:00:00+00:00,76.433,76.506,76.113,76.218,87620.0
2019-02-26 00:00:00+00:00,76.198,76.304,75.718,75.991,95466.0
2019-02-27 00:00:00+00:00,75.984,76.06,75.674,75.824,103225.0
2019-02-28 00:00:00+00:00,75.856,76.5,75.819,76.073,87602.0
2019-03-03 00:00:00+00:00,76.372,76.436,75.948,76.254,93021.0
2019-03-04 00:00:00+00:00,76.216,76.312,75.816,76.075,82576.0
2019-03-05 00:00:00+00:00,76.02,76.092,75.5,75.644,86883.0
2019-03-06 00:00:00+00:00,75.644,75.851,75.242,75.361,85929.0
2019-03-07 00:00:00+00:00,75.373,75.704,75.024,75.634,94308.0
2019-03-10 00:00:00+00:00,75.392,76.034,75.323,75.97,72030.0
2019-03-11 00:00:00+00:00,75.961,76.504,75.955,76.385,80004.0
2019-03-12 00:00:00+00:00,76.397,76.407,75.997,76.216,72526.0
2019-03-13 00:00:00+00:00,76.242,76.468,75.966,76.236,87184.0
2019-03-14 00:00:00+00:00,76.25,76.595,76.194,76.32,78317.0
2019-03-17 00:00:00+00:00,76.344,76.666,76.254,76.349,67363.0
2019-03-18 00:00:00+00:00,76.359,76.566,76.112,76.353,69635.0
2019-03-19 00:00:00+00:00,76.352,76.656,76.141,76.188,87534.0
2019-03-20 00:00:00+00:00,76.198,76.784,76.009,76.206,107471.0
2019-03-21 00:00:00+00:00,76.207,76.408,75.502,75.611,110129.0
2019-03-24 00:00:00+00:00,75.551,76.172,75.448,75.962,111981.0
2019-03-25 00:00:00+00:00,75.978,76.5,75.934,76.414,104136.0
2019-03-26 00:00:00+00:00,76.418,76.489,74.904,75.094,146912.0
2019-03-27 00:00:00+00:00,75.08,75.292,74.744,74.96,129740.0
2019-03-28 00:00:00+00:00,74.982,75.564,74.942,75.427,108408.0
2019-03-31 00:00:00+00:00,75.76,75.964,75.556,75.782,101563.0
2019-04-01 00:00:00+00:00,75.651,75.732,75.007,75.223,95387.0
2019-04-02 00:00:00+00:00,75.232,75.814,75.052,75.566,90295.0
2019-04-03 00:00:00+00:00,75.57,75.813,75.268,75.409,78861.0
2019-04-04 00:00:00+00:00,75.409,75.601,75.08,75.212,81858.0
2019-04-07 00:00:00+00:00,75.218,75.258,74.936,75.156,70366.0
2019-04-08 00:00:00+00:00,75.142,75.257,74.872,74.95,57917.0
2019-04-09 00:00:00+00:00,74.952,75.192,74.778,75.082,86632.0
2019-04-10 00:00:00+00:00,75.116,75.216,74.897,75.124,79063.0
2019-04-11 00:00:00+00:00,75.141,75.894,74.978,75.762,84705.0
2019-04-14 00:00:00+00:00,75.707,75.958,75.597,75.769,63199.0
2019-04-15 00:00:00+00:00,75.769,75.824,75.48,75.738,81813.0
2019-04-16 00:00:00+00:00,75.769,75.866,74.668,75.362,88238.0
2019-04-17 00:00:00+00:00,75.363,75.397,74.678,74.83,72662.0
2019-04-18 00:00:00+00:00,74.834,74.928,74.78,74.789,47715.0
2019-04-21 00:00:00+00:00,74.811,74.88,74.68,74.762,36766.0
2019-04-22 00:00:00+00:00,74.758,74.83,74.204,74.411,54703.0
2019-04-23 00:00:00+00:00,74.414,74.421,73.664,73.9,71636.0
2019-04-24 00:00:00+00:00,73.989,74.009,73.622,73.967,73083.0
2019-04-25 00:00:00+00:00,73.964,74.502,73.912,74.305,77092.0
2019-04-28 00:00:00+00:00,74.246,74.586,74.232,74.454,45480.0
2019-04-29 00:00:00+00:00,74.424,74.602,74.126,74.404,70383.0
2019-04-30 00:00:00+00:00,74.378,74.456,73.744,73.764,77282.0
2019-05-01 00:00:00+00:00,73.774,74.099,73.688,73.782,66123.0
2019-05-02 00:00:00+00:00,73.798,73.994,73.637,73.828,73569.0
2019-05-03 00:00:00+00:00,73.827,73.845,73.827,73.843,6.0
2019-05-05 00:00:00+00:00,73.064,73.47,72.82,73.24,83826.0
2019-05-06 00:00:00+00:00,73.166,73.408,72.641,72.762,89411.0
2019-05-07 00:00:00+00:00,72.81,72.817,71.845,72.404,100216.0
2019-05-08 00:00:00+00:00,72.382,72.504,72.033,72.324,92393.0
2019-05-09 00:00:00+00:00,72.346,72.782,72.222,72.537,127038.0
2019-05-10 00:00:00+00:00,72.534,72.536,72.524,72.536,6.0
2019-05-12 00:00:00+00:00,72.405,72.532,71.627,71.778,87855.0
2019-05-13 00:00:00+00:00,71.786,72.288,71.704,72.064,68630.0
2019-05-14 00:00:00+00:00,72.078,72.12,71.549,71.924,73403.0
2019-05-15 00:00:00+00:00,71.932,72.167,71.637,71.788,71032.0
2019-05-16 00:00:00+00:00,71.802,71.944,71.512,71.767,77719.0
2019-05-17 00:00:00+00:00,71.754,71.758,71.751,71.753,5.0
2019-05-19 00:00:00+00:00,71.891,72.132,71.754,71.908,65980.0
2019-05-20 00:00:00+00:00,71.922,72.078,71.589,71.87,74993.0
2019-05-21 00:00:00+00:00,71.884,71.986,71.615,71.66,57567.0
2019-05-22 00:00:00+00:00,71.662,71.684,71.297,71.482,80370.0
2019-05-23 00:00:00+00:00,71.458,71.82,71.342,71.614,70047.0
2019-05-24 00:00:00+00:00,71.618,71.627,71.618,71.627,3.0
2019-05-26 00:00:00+00:00,71.63,71.856,71.628,71.636,35037.0
2019-05-27 00:00:00+00:00,71.671,71.834,71.524,71.566,75045.0
2019-05-28 00:00:00+00:00,71.548,71.652,71.096,71.34,78169.0
2019-05-29 00:00:00+00:00,71.358,71.651,71.229,71.362,69223.0
2019-05-30 00:00:00+00:00,71.378,71.386,70.676,70.712,108724.0
2019-06-02 00:00:00+00:00,70.718,71.336,70.683,71.295,100039.0
2019-06-03 00:00:00+00:00,71.298,71.533,71.0,71.47,97581.0
2019-06-04 00:00:00+00:00,71.469,72.019,71.426,71.745,101470.0
2019-06-05 00:00:00+00:00,71.77,71.938,71.588,71.789,97076.0
2019-06-06 00:00:00+00:00,71.792,72.152,71.709,72.103,88441.0
2019-06-07 00:00:00+00:00,72.104,72.104,72.072,72.072,11.0
2019-06-09 00:00:00+00:00,72.29,72.29,71.642,71.666,69219.0
2019-06-10 00:00:00+00:00,71.666,71.796,71.373,71.428,77459.0
2019-06-11 00:00:00+00:00,71.427,71.494,71.198,71.313,80801.0
2019-06-12 00:00:00+00:00,71.332,71.43,71.108,71.178,72375.0
2019-06-13 00:00:00+00:00,71.175,71.228,70.428,70.478,77039.0
2019-06-16 00:00:00+00:00,70.52,70.76,70.452,70.492,62034.0
2019-06-17 00:00:00+00:00,70.498,70.91,70.27,70.808,100321.0
2019-06-18 00:00:00+00:00,70.816,70.991,70.596,70.669,91017.0
2019-06-19 00:00:00+00:00,70.662,71.108,70.605,70.658,119924.0
2019-06-20 00:00:00+00:00,70.667,70.782,70.452,70.708,99819.0
2019-06-21 00:00:00+00:00,70.707,70.722,70.707,70.722,5.0
2019-06-23 00:00:00+00:00,70.726,71.111,70.68,71.012,68578.0
2019-06-24 00:00:00+00:00,71.01,71.3,70.978,71.158,128075.0
2019-06-25 00:00:00+00:00,71.15,72.06,70.837,71.973,98930.0
2019-06-26 00:00:00+00:00,71.996,72.26,71.862,72.227,106072.0
2019-06-27 00:00:00+00:00,72.202,72.508,71.993,72.465,95013.0
2019-06-30 00:00:00+00:00,72.728,72.936,72.292,72.386,98547.0
2019-07-01 00:00:00+00:00,72.338,72.434,71.918,71.996,85715.0
2019-07-02 00:00:00+00:00,72.032,72.37,71.778,72.32,78180.0
2019-07-03 00:00:00+00:00,72.325,72.398,71.98,72.096,43258.0
2019-07-04 00:00:00+00:00,72.105,72.202,71.704,71.892,79968.0
2019-07-07 00:00:00+00:00,71.881,72.172,71.818,72.016,67805.0
2019-07-08 00:00:00+00:00,72.006,72.168,71.819,71.91,63481.0
2019-07-09 00:00:00+00:00,71.904,72.224,71.514,72.061,101728.0
2019-07-10 00:00:00+00:00,72.074,72.331,71.84,72.277,80682.0
2019-07-11 00:00:00+00:00,72.252,72.486,72.082,72.213,75015.0
2019-07-12 00:00:00+00:00,72.213,72.228,72.213,72.228,4.0
2019-07-14 00:00:00+00:00,72.172,72.647,72.132,72.502,75652.0
2019-07-15 00:00:00+00:00,72.51,72.764,72.418,72.549,87060.0
2019-07-16 00:00:00+00:00,72.528,72.915,72.465,72.652,68567.0
2019-07-17 00:00:00+00:00,72.656,72.87,72.44,72.798,95055.0
2019-07-18 00:00:00+00:00,72.78,73.013,72.732,72.868,97157.0
2019-07-19 00:00:00+00:00,72.871,72.874,72.858,72.874,6.0
2019-07-21 00:00:00+00:00,72.906,73.244,72.824,72.918,70137.0
2019-07-22 00:00:00+00:00,72.905,72.943,72.46,72.548,75044.0
2019-07-23 00:00:00+00:00,72.546,72.596,72.316,72.534,68664.0
2019-07-24 00:00:00+00:00,72.524,72.563,72.246,72.392,98503.0
2019-07-25 00:00:00+00:00,72.4,72.455,72.025,72.118,71802.0
2019-07-28 00:00:00+00:00,72.08,72.188,71.896,72.146,46413.0
2019-07-29 00:00:00+00:00,72.147,72.234,71.698,71.824,71436.0
2019-07-30 00:00:00+00:00,71.834,71.858,71.266,71.336,117042.0
2019-07-31 00:00:00+00:00,71.368,71.645,70.324,70.351,136330.0
2019-08-01 00:00:00+00:00,70.396,70.474,69.468,69.668,173322.0
2019-08-02 00:00:00+00:00,69.666,69.678,69.666,69.678,2.0
2019-08-04 00:00:00+00:00,69.58,69.654,68.655,69.178,173074.0
2019-08-05 00:00:00+00:00,69.158,70.088,68.725,69.474,186955.0
2019-08-06 00:00:00+00:00,69.441,69.623,67.574,68.478,199846.0
2019-08-07 00:00:00+00:00,68.49,68.874,68.236,68.738,117101.0
2019-08-08 00:00:00+00:00,68.731,68.88,68.072,68.36,93078.0
2019-08-11 00:00:00+00:00,68.309,68.324,67.75,67.878,93458.0
2019-08-12 00:00:00+00:00,67.896,69.163,67.556,68.896,142115.0
2019-08-13 00:00:00+00:00,68.883,68.954,67.917,68.146,139147.0
2019-08-14 00:00:00+00:00,68.126,68.827,67.992,68.402,169879.0
2019-08-15 00:00:00+00:00,68.412,68.512,68.2,68.38,111673.0
2019-08-16 00:00:00+00:00,68.382,68.39,68.382,68.39,4.0
2019-08-18 00:00:00+00:00,68.349,68.479,68.138,68.351,79484.0
2019-08-19 00:00:00+00:00,68.377,68.512,68.03,68.156,80219.0
2019-08-20 00:00:00+00:00,68.154,68.398,68.106,68.272,69024.0
2019-08-21 00:00:00+00:00,68.286,68.302,67.712,67.76,84429.0
2019-08-22 00:00:00+00:00,67.754,68.162,67.283,67.5,139429.0
2019-08-25 00:00:00+00:00,67.133,67.936,66.32,67.82,208940.0
2019-08-26 00:00:00+00:00,67.852,67.888,67.189,67.282,117110.0
2019-08-27 00:00:00+00:00,67.236,67.392,66.968,67.224,101423.0
2019-08-28 00:00:00+00:00,67.277,67.476,66.774,67.235,105220.0
2019-08-29 00:00:00+00:00,67.228,67.296,66.838,67.056,99034.0
2019-08-30 00:00:00+00:00,67.052,67.052,67.052,67.052,1.0
2019-09-01 00:00:00+00:00,66.882,67.152,66.736,67.007,64653.0
2019-09-02 00:00:00+00:00,67.016,67.164,66.666,67.14,106368.0
2019-09-03 00:00:00+00:00,67.135,67.709,67.02,67.673,77239.0
2019-09-04 00:00:00+00:00,67.668,68.387,67.58,68.182,105602.0
2019-09-05 00:00:00+00:00,68.155,68.824,68.072,68.728,91183.0
2019-09-06 00:00:00+00:00,68.623,68.623,68.623,68.623,1.0
2019-09-08 00:00:00+00:00,68.599,68.958,68.548,68.92,71824.0
2019-09-09 00:00:00+00:00,68.928,69.246,68.712,69.085,73718.0
2019-09-10 00:00:00+00:00,69.069,69.404,68.93,69.142,75129.0
2019-09-11 00:00:00+00:00,69.14,69.686,69.103,69.286,104885.0
2019-09-12 00:00:00+00:00,69.272,69.352,68.897,68.944,68370.0
2019-09-13 00:00:00+00:00,68.942,68.942,68.923,68.923,3.0
2019-09-15 00:00:00+00:00,68.496,68.961,68.489,68.618,85740.0
2019-09-16 00:00:00+00:00,68.594,68.778,68.378,68.734,78412.0
2019-09-17 00:00:00+00:00,68.77,68.792,68.302,68.518,78943.0
2019-09-18 00:00:00+00:00,68.524,68.651,68.016,68.073,87049.0
2019-09-19 00:00:00+00:00,68.12,68.121,67.287,67.349,74145.0
2019-09-20 00:00:00+00:00,67.348,67.348,67.348,67.348,2.0
2019-09-22 00:00:00+00:00,67.47,67.686,67.209,67.678,69206.0
2019-09-23 00:00:00+00:00,67.668,68.1,67.64,67.724,95674.0
2019-09-24 00:00:00+00:00,67.747,68.194,67.506,67.56,98952.0
2019-09-25 00:00:00+00:00,67.549,68.094,67.506,67.873,93609.0
2019-09-26 00:00:00+00:00,67.92,68.262,67.662,67.944,104002.0
2019-09-27 00:00:00+00:00,67.934,67.934,67.934,67.934,1.0
2019-09-29 00:00:00+00:00,67.892,67.968,67.394,67.696,83110.0
2019-09-30 00:00:00+00:00,67.633,67.928,67.089,67.274,100820.0
2019-10-01 00:00:00+00:00,67.267,67.466,66.935,67.194,89013.0
2019-10-02 00:00:00+00:00,67.207,67.504,67.034,67.338,106518.0
2019-10-03 00:00:00+00:00,67.389,67.762,67.267,67.582,95367.0
2019-10-06 00:00:00+00:00,67.252,67.634,67.136,67.44,83445.0
2019-10-07 00:00:00+00:00,67.458,67.89,67.336,67.44,97594.0
2019-10-08 00:00:00+00:00,67.429,67.898,67.342,67.616,76651.0
2019-10-09 00:00:00+00:00,67.622,68.293,67.215,68.254,121702.0
2019-10-10 00:00:00+00:00,68.263,69.0,68.164,68.618,102978.0
2019-10-11 00:00:00+00:00,68.611,68.611,68.611,68.611,1.0
2019-10-13 00:00:00+00:00,68.62,68.728,67.972,68.274,74000.0
2019-10-14 00:00:00+00:00,68.284,68.533,67.838,68.499,89489.0
2019-10-15 00:00:00+00:00,68.508,68.802,67.841,68.421,99183.0
2019-10-16 00:00:00+00:00,68.387,69.006,68.302,68.956,92724.0
2019-10-17 00:00:00+00:00,68.988,69.3,68.908,69.216,58018.0
2019-10-18 00:00:00+00:00,69.212,69.221,69.212,69.214,3.0
2019-10-20 00:00:00+00:00,69.214,69.663,69.214,69.563,44669.0
2019-10-21 00:00:00+00:00,69.568,69.96,69.447,69.493,63304.0
2019-10-22 00:00:00+00:00,69.494,69.819,69.168,69.802,63058.0
2019-10-23 00:00:00+00:00,69.774,69.804,69.2,69.328,59349.0
2019-10-24 00:00:00+00:00,69.334,69.356,68.98,68.992,45409.0
2019-10-27 00:00:00+00:00,69.08,69.203,68.95,69.183,49741.0
2019-10-28 00:00:00+00:00,69.178,69.472,69.036,69.204,60977.0
2019-10-29 00:00:00+00:00,69.212,69.542,69.056,69.52,79137.0
2019-10-30 00:00:00+00:00,69.525,69.898,69.116,69.283,79432.0
2019-10-31 00:00:00+00:00,69.296,69.748,69.198,69.546,65088.0
2019-11-03 00:00:00+00:00,69.638,70.032,69.402,69.51,57388.0
2019-11-04 00:00:00+00:00,69.511,70.001,69.4,69.586,86225.0
2019-11-05 00:00:00+00:00,69.602,69.694,69.261,69.396,66820.0
2019-11-06 00:00:00+00:00,69.385,69.745,68.974,69.579,91130.0
2019-11-07 00:00:00+00:00,69.578,69.81,69.021,69.143,68049.0
2019-11-10 00:00:00+00:00,69.236,69.467,69.09,69.373,46931.0
2019-11-11 00:00:00+00:00,69.357,69.5,68.952,69.023,71031.0
2019-11-12 00:00:00+00:00,69.038,69.953,68.923,69.761,89010.0
2019-11-13 00:00:00+00:00,69.772,69.834,68.884,69.176,74531.0
2019-11-14 00:00:00+00:00,69.17,69.735,69.123,69.656,59886.0
2019-11-17 00:00:00+00:00,69.696,69.869,69.415,69.535,61830.0
2019-11-18 00:00:00+00:00,69.53,69.88,69.238,69.799,71647.0
2019-11-19 00:00:00+00:00,69.802,69.909,69.426,69.689,84008.0
2019-11-20 00:00:00+00:00,69.682,69.937,69.28,69.538,91335.0
2019-11-21 00:00:00+00:00,69.571,69.816,69.498,69.6,66704.0
2019-11-24 00:00:00+00:00,69.665,70.054,69.638,69.898,54763.0
2019-11-25 00:00:00+00:00,69.914,70.142,69.811,70.094,70452.0
2019-11-26 00:00:00+00:00,70.097,70.4,70.066,70.31,55487.0
2019-11-27 00:00:00+00:00,70.326,70.374,70.023,70.298,48956.0
2019-11-28 00:00:00+00:00,70.299,70.526,70.158,70.329,57575.0
2019-12-01 00:00:00+00:00,70.452,71.1,70.374,70.865,72243.0
2019-12-02 00:00:00+00:00,70.88,71.256,70.686,70.834,77567.0
2019-12-03 00:00:00+00:00,70.831,71.142,70.541,71.076,79737.0
2019-12-04 00:00:00+00:00,71.078,71.436,70.954,71.176,65720.0
2019-12-05 00:00:00+00:00,71.186,71.505,71.092,71.294,67269.0
2019-12-08 00:00:00+00:00,71.296,71.302,71.044,71.057,48082.0
2019-12-09 00:00:00+00:00,71.078,71.36,70.876,71.168,70745.0
2019-12-10 00:00:00+00:00,71.155,71.644,70.915,71.482,74604.0
2019-12-11 00:00:00+00:00,71.502,72.177,71.385,72.111,98553.0
2019-12-12 00:00:00+00:00,72.144,72.669,71.889,72.126,141998.0
2019-12-15 00:00:00+00:00,72.18,72.441,72.048,72.274,63339.0
2019-12-16 00:00:00+00:00,72.262,72.358,71.888,71.986,66550.0
2019-12-17 00:00:00+00:00,71.992,72.464,71.731,72.185,58952.0
2019-12-18 00:00:00+00:00,72.188,72.284,71.928,72.264,66711.0
2019-12-19 00:00:00+00:00,72.268,72.374,72.021,72.28,55129.0
2019-12-22 00:00:00+00:00,72.232,72.607,72.195,72.588,46979.0
2019-12-23 00:00:00+00:00,72.571,72.714,72.382,72.562,55433.0
2019-12-25 00:00:00+00:00,72.562,73.122,72.541,73.064,27717.0
2019-12-26 00:00:00+00:00,73.098,73.539,73.012,73.36,65529.0
2019-12-29 00:00:00+00:00,73.331,73.504,73.164,73.254,54816.0
2019-12-30 00:00:00+00:00,73.248,73.368,72.998,73.112,49334.0
2020-01-01 00:00:00+00:00,73.124,73.266,72.542,72.726,60403.0
2020-01-02 00:00:00+00:00,72.756,72.789,71.813,72.044,103741.0
2020-01-05 00:00:00+00:00,71.837,72.352,71.708,72.286,86445.0
2020-01-06 00:00:00+00:00,72.284,72.447,71.814,72.03,78734.0
2020-01-07 00:00:00+00:00,72.029,72.684,71.25,72.544,161276.0
2020-01-08 00:00:00+00:00,72.537,72.725,72.298,72.445,62578.0
2020-01-09 00:00:00+00:00,72.438,72.764,72.301,72.63,61499.0
2020-01-12 00:00:00+00:00,72.718,72.995,72.636,72.895,57767.0
2020-01-13 00:00:00+00:00,72.894,73.04,72.638,72.76,69765.0
2020-01-14 00:00:00+00:00,72.762,72.776,72.357,72.72,58755.0
2020-01-15 00:00:00+00:00,72.72,73.348,72.69,73.109,57515.0
2020-01-16 00:00:00+00:00,73.117,73.304,72.782,72.828,47458.0
2020-01-19 00:00:00+00:00,72.818,72.99,72.629,72.806,39558.0
2020-01-20 00:00:00+00:00,72.804,72.857,72.359,72.478,66864.0
2020-01-21 00:00:00+00:00,72.476,72.706,72.328,72.406,58122.0
2020-01-22 00:00:00+00:00,72.403,72.522,71.918,72.458,68367.0
2020-01-23 00:00:00+00:00,72.459,72.675,72.094,72.198,56653.0
2020-01-26 00:00:00+00:00,71.76,71.908,71.222,71.275,82936.0
2020-01-27 00:00:00+00:00,71.267,71.474,70.928,71.474,63907.0
2020-01-28 00:00:00+00:00,71.426,71.524,71.026,71.152,67147.0
2020-01-29 00:00:00+00:00,71.156,71.2,70.398,70.692,88269.0
2020-01-30 00:00:00+00:00,70.689,70.882,69.999,70.068,84360.0
2020-02-02 00:00:00+00:00,70.166,70.42,69.95,70.23,87544.0
2020-02-03 00:00:00+00:00,70.23,71.211,70.01,71.075,71023.0
2020-02-04 00:00:00+00:00,71.098,71.312,70.82,71.106,73970.0
2020-02-05 00:00:00+00:00,71.105,71.258,70.932,71.034,67461.0
2020-02-06 00:00:00+00:00,71.024,71.102,70.2,70.268,61716.0
2020-02-09 00:00:00+00:00,70.245,70.49,70.0,70.09,59354.0
2020-02-10 00:00:00+00:00,70.075,70.539,70.005,70.304,60086.0
2020-02-11 00:00:00+00:00,70.306,71.346,70.282,71.17,63988.0
2020-02-12 00:00:00+00:00,71.171,71.197,70.66,70.704,80618.0
2020-02-13 00:00:00+00:00,70.7,70.788,70.53,70.631,51974.0
2020-02-16 00:00:00+00:00,70.846,70.846,70.54,70.718,39195.0
2020-02-17 00:00:00+00:00,70.71,70.757,70.098,70.16,64569.0
2020-02-18 00:00:00+00:00,70.164,71.134,70.153,71.108,61564.0
2020-02-19 00:00:00+00:00,71.088,71.187,70.672,71.005,85017.0
2020-02-20 00:00:00+00:00,70.988,71.156,70.278,70.815,76788.0
2020-02-23 00:00:00+00:00,70.248,70.674,70.073,70.2,118716.0
2020-02-24 00:00:00+00:00,70.196,70.53,69.551,69.66,131354.0
2020-02-25 00:00:00+00:00,69.662,69.856,69.384,69.466,155849.0
2020-02-26 00:00:00+00:00,69.471,69.743,69.096,69.11,174178.0
2020-02-27 00:00:00+00:00,69.113,69.299,66.76,67.549,266210.0
2020-03-01 00:00:00+00:00,66.586,67.976,66.579,67.824,221733.0
2020-03-02 00:00:00+00:00,67.827,68.07,67.195,67.216,234718.0
2020-03-03 00:00:00+00:00,67.225,67.804,66.956,67.729,155201.0
2020-03-04 00:00:00+00:00,67.735,67.89,66.776,66.904,128799.0
2020-03-05 00:00:00+00:00,66.904,67.344,66.633,66.941,241110.0
2020-03-08 00:00:00+00:00,66.941,66.941,61.201,64.862,484416.0
2020-03-09 00:00:00+00:00,64.862,66.374,64.704,66.236,418833.0
2020-03-10 00:00:00+00:00,66.236,66.634,65.34,65.528,315003.0
2020-03-11 00:00:00+00:00,65.528,65.733,63.68,63.718,463867.0
2020-03-12 00:00:00+00:00,63.718,66.192,63.694,65.973,440619.0
2020-03-15 00:00:00+00:00,65.973,65.973,63.07,63.897,480154.0
2020-03-16 00:00:00+00:00,63.897,65.276,63.4,63.913,432971.0
2020-03-17 00:00:00+00:00,63.913,64.266,61.619,62.037,365667.0
2020-03-18 00:00:00+00:00,62.037,65.021,59.502,63.27,506489.0
2020-03-19 00:00:00+00:00,63.135,64.497,62.156,63.198,409842.0
2020-03-22 00:00:00+00:00,62.856,63.72,61.792,63.642,428403.0
2020-03-23 00:00:00+00:00,63.642,64.907,63.23,64.826,347411.0
2020-03-24 00:00:00+00:00,64.826,65.916,64.339,65.064,336651.0
2020-03-25 00:00:00+00:00,65.064,65.469,63.868,65.338,363399.0
2020-03-26 00:00:00+00:00,65.338,65.52,64.27,65.136,301773.0
2020-03-29 00:00:00+00:00,64.99,65.22,64.493,64.679,262668.0
2020-03-30 00:00:00+00:00,64.679,65.506,63.684,64.092,292818.0
2020-03-31 00:00:00+00:00,64.092,64.391,63.226,63.354,187785.0
2020-04-01 00:00:00+00:00,63.354,64.098,63.084,63.822,165833.0
2020-04-02 00:00:00+00:00,63.822,64.028,63.35,63.638,145178.0
2020-04-05 00:00:00+00:00,63.648,65.048,63.504,64.824,156535.0
2020-04-06 00:00:00+00:00,64.824,65.534,64.66,64.996,169874.0
2020-04-07 00:00:00+00:00,64.996,65.608,64.508,65.461,137185.0
2020-04-08 00:00:00+00:00,65.461,66.042,65.217,66.016,137247.0
2020-04-09 00:00:00+00:00,66.016,66.166,65.743,65.917,93987.0
2020-04-12 00:00:00+00:00,65.948,66.1,65.402,65.597,109340.0
2020-04-13 00:00:00+00:00,65.597,66.006,65.009,65.464,111026.0
2020-04-14 00:00:00+00:00,65.464,65.494,64.093,64.369,122898.0
2020-04-15 00:00:00+00:00,64.369,64.595,63.832,64.407,142042.0
2020-04-16 00:00:00+00:00,64.407,65.032,64.33,64.861,148344.0
2020-04-19 00:00:00+00:00,64.953,65.61,64.736,64.974,106460.0
2020-04-20 00:00:00+00:00,64.935,65.13,63.853,64.31,142397.0
2020-04-21 00:00:00+00:00,64.239,64.666,64.036,64.148,109270.0
2020-04-22 00:00:00+00:00,64.16,65.056,63.734,64.66,119541.0
2020-04-23 00:00:00+00:00,64.658,64.744,64.32,64.676,90475.0
2020-04-26 00:00:00+00:00,64.643,65.146,64.56,64.868,77585.0
2020-04-27 00:00:00+00:00,64.874,64.92,64.276,64.722,106845.0
2020-04-28 00:00:00+00:00,64.693,65.438,64.648,65.437,90422.0
2020-04-29 00:00:00+00:00,65.422,66.108,65.152,65.647,144081.0
2020-04-30 00:00:00+00:00,65.65,65.714,64.577,64.806,95870.0
2020-05-03 00:00:00+00:00,64.712,64.74,64.115,64.595,75589.0
2020-05-04 00:00:00+00:00,64.59,64.79,64.42,64.486,92429.0
2020-05-05 00:00:00+00:00,64.471,64.636,63.69,63.779,111461.0
2020-05-06 00:00:00+00:00,63.777,64.752,63.561,64.686,93546.0
2020-05-07 00:00:00+00:00,64.692,65.531,64.683,65.462,89217.0
2020-05-10 00:00:00+00:00,65.526,65.798,65.072,65.432,95829.0
2020-05-11 00:00:00+00:00,65.456,65.726,65.013,65.121,106906.0
2020-05-12 00:00:00+00:00,65.108,65.379,63.985,64.186,136922.0
2020-05-13 00:00:00+00:00,64.168,64.412,63.766,64.344,103342.0
2020-05-14 00:00:00+00:00,64.366,64.595,63.501,63.531,93057.0
2020-05-17 00:00:00+00:00,63.624,64.878,63.482,64.822,79805.0
2020-05-18 00:00:00+00:00,64.859,65.936,64.765,65.447,98913.0
2020-05-19 00:00:00+00:00,65.449,66.139,65.316,66.102,91489.0
2020-05-20 00:00:00+00:00,66.096,66.254,65.724,65.871,99939.0
2020-05-21 00:00:00+00:00,65.831,65.97,65.387,65.64,92211.0
2020-05-24 00:00:00+00:00,65.753,65.812,65.482,65.734,51282.0
2020-05-25 00:00:00+00:00,65.732,66.987,65.64,66.674,90315.0
2020-05-26 00:00:00+00:00,66.668,67.129,66.308,66.664,135385.0
2020-05-27 00:00:00+00:00,66.678,67.05,66.526,66.846,101116.0
2020-05-28 00:00:00+00:00,66.857,67.01,66.472,66.904,133501.0
2020-05-31 00:00:00+00:00,66.904,67.778,66.632,67.71,117230.0
2020-06-01 00:00:00+00:00,67.697,69.246,67.517,69.236,133800.0
2020-06-02 00:00:00+00:00,69.224,70.178,69.086,69.968,173037.0
2020-06-03 00:00:00+00:00,69.942,70.651,69.572,70.551,159394.0
2020-06-04 00:00:00+00:00,70.57,71.576,70.449,71.308,177445.0
2020-06-07 00:00:00+00:00,71.294,71.672,70.694,71.135,121448.0
2020-06-08 00:00:00+00:00,71.102,71.285,69.826,70.195,159481.0
2020-06-09 00:00:00+00:00,70.189,70.498,69.894,70.025,176744.0
2020-06-10 00:00:00+00:00,70.049,70.092,68.504,68.716,219491.0
2020-06-11 00:00:00+00:00,68.766,69.596,68.2,69.204,234834.0
2020-06-14 00:00:00+00:00,69.198,69.612,68.398,69.486,210383.0
2020-06-15 00:00:00+00:00,69.482,70.017,68.806,69.236,208069.0
2020-06-16 00:00:00+00:00,69.256,69.5,68.928,69.098,146662.0
2020-06-17 00:00:00+00:00,69.078,69.364,68.554,68.766,164574.0
2020-06-18 00:00:00+00:00,68.772,68.985,68.416,68.486,150812.0
2020-06-21 00:00:00+00:00,68.379,69.426,68.16,69.273,110165.0
2020-06-22 00:00:00+00:00,69.283,69.671,68.707,69.152,157164.0
2020-06-23 00:00:00+00:00,69.16,69.393,68.416,68.61,150367.0
2020-06-24 00:00:00+00:00,68.583,69.074,68.485,68.919,128783.0
2020-06-25 00:00:00+00:00,68.919,69.103,68.64,68.865,111112.0
2020-06-28 00:00:00+00:00,68.727,69.232,68.656,69.072,107364.0
2020-06-29 00:00:00+00:00,69.064,69.734,68.787,69.664,117287.0
2020-06-30 00:00:00+00:00,69.657,69.802,69.26,69.61,107288.0
2020-07-01 00:00:00+00:00,69.595,70.269,69.529,69.99,106042.0
2020-07-02 00:00:00+00:00,69.978,70.299,69.914,70.243,77051.0
2020-07-05 00:00:00+00:00,70.142,70.67,70.103,70.386,86338.0
2020-07-06 00:00:00+00:00,70.334,70.715,70.219,70.386,98205.0
2020-07-07 00:00:00+00:00,70.406,70.622,70.234,70.514,104383.0
2020-07-08 00:00:00+00:00,70.536,70.716,70.3,70.432,121847.0
2020-07-09 00:00:00+00:00,70.444,70.483,69.978,70.286,112621.0
2020-07-12 00:00:00+00:00,70.282,70.712,70.127,70.17,100787.0
2020-07-13 00:00:00+00:00,70.159,70.212,69.818,70.04,130837.0
2020-07-14 00:00:00+00:00,70.033,70.409,70.018,70.266,96738.0
2020-07-15 00:00:00+00:00,70.27,70.359,70.028,70.11,97060.0
2020-07-16 00:00:00+00:00,70.105,70.293,70.03,70.17,66437.0
2020-07-19 00:00:00+00:00,70.238,70.584,70.106,70.546,66591.0
2020-07-20 00:00:00+00:00,70.496,71.022,70.379,70.938,78517.0
2020-07-21 00:00:00+00:00,70.938,71.594,70.886,71.392,90011.0
2020-07-22 00:00:00+00:00,71.409,71.676,70.772,70.903,83858.0
2020-07-23 00:00:00+00:00,70.89,70.922,70.04,70.494,115084.0
2020-07-26 00:00:00+00:00,70.49,70.552,70.192,70.438,99845.0
2020-07-27 00:00:00+00:00,70.466,70.58,69.83,69.995,102485.0
2020-07-28 00:00:00+00:00,70.005,70.092,69.79,69.97,97238.0
2020-07-29 00:00:00+00:00,70.018,70.202,69.552,70.166,102643.0
2020-07-30 00:00:00+00:00,70.14,70.494,69.666,70.188,151347.0
2020-08-02 00:00:00+00:00,70.177,70.432,69.86,70.06,113854.0
2020-08-03 00:00:00+00:00,70.034,70.298,69.858,70.008,78103.0
2020-08-04 00:00:00+00:00,70.045,70.488,69.936,70.196,84958.0
2020-08-05 00:00:00+00:00,70.172,70.603,69.954,70.59,90723.0
2020-08-06 00:00:00+00:00,70.586,70.618,69.844,69.898,93228.0
2020-08-09 00:00:00+00:00,69.999,70.04,69.704,69.842,64109.0
2020-08-10 00:00:00+00:00,69.846,70.302,69.788,70.036,98422.0
2020-08-11 00:00:00+00:00,70.056,70.53,69.598,70.332,110279.0
2020-08-12 00:00:00+00:00,70.294,70.438,69.91,70.008,90893.0
2020-08-13 00:00:00+00:00,70.012,70.092,69.657,69.731,80314.0
2020-08-16 00:00:00+00:00,69.791,69.874,69.296,69.526,84917.0
2020-08-17 00:00:00+00:00,69.526,69.68,69.01,69.572,108400.0
2020-08-18 00:00:00+00:00,69.612,70.054,69.438,69.591,129649.0
2020-08-19 00:00:00+00:00,69.593,69.692,68.758,69.142,132925.0
2020-08-20 00:00:00+00:00,69.142,69.276,68.824,69.2,120414.0
2020-08-23 00:00:00+00:00,69.13,69.402,69.063,69.17,93426.0
2020-08-24 00:00:00+00:00,69.168,69.737,69.072,69.662,104286.0
2020-08-25 00:00:00+00:00,69.654,70.194,69.604,70.174,99739.0
2020-08-26 00:00:00+00:00,70.138,70.828,70.098,70.746,167371.0
2020-08-27 00:00:00+00:00,70.742,71.255,70.512,71.046,158741.0
2020-08-30 00:00:00+00:00,70.977,71.713,70.89,71.31,127199.0
2020-08-31 00:00:00+00:00,71.313,71.866,71.248,71.626,136708.0
2020-09-01 00:00:00+00:00,71.626,71.979,71.571,71.884,112785.0
2020-09-02 00:00:00+00:00,71.894,71.958,71.006,71.274,122015.0
2020-09-03 00:00:00+00:00,71.275,71.526,70.891,71.409,128872.0
2020-09-06 00:00:00+00:00,71.403,71.45,71.091,71.123,65174.0
2020-09-07 00:00:00+00:00,71.118,71.248,70.112,70.183,99579.0
2020-09-08 00:00:00+00:00,70.184,71.032,69.87,70.974,110598.0
2020-09-09 00:00:00+00:00,70.953,71.18,70.466,70.59,108450.0
2020-09-10 00:00:00+00:00,70.59,71.1,70.51,70.788,86884.0
2020-09-13 00:00:00+00:00,70.715,71.078,70.687,70.85,62291.0
2020-09-14 00:00:00+00:00,70.852,71.224,70.642,70.792,71051.0
2020-09-15 00:00:00+00:00,70.792,71.014,70.499,70.654,103183.0
2020-09-16 00:00:00+00:00,70.657,70.771,70.042,70.764,95055.0
2020-09-17 00:00:00+00:00,70.764,71.203,70.513,70.694,76012.0
2020-09-20 00:00:00+00:00,70.759,70.788,69.563,69.77,91706.0
2020-09-21 00:00:00+00:00,69.772,69.862,69.474,69.582,98526.0
2020-09-22 00:00:00+00:00,69.588,69.9,68.907,69.092,104455.0
2020-09-23 00:00:00+00:00,69.03,69.157,68.636,69.034,102379.0
2020-09-24 00:00:00+00:00,69.017,69.42,68.955,69.104,86158.0
2020-09-27 00:00:00+00:00,69.05,69.265,68.899,69.17,74540.0
2020-09-28 00:00:00+00:00,69.166,69.776,69.118,69.602,74655.0
2020-09-29 00:00:00+00:00,69.603,69.926,69.33,69.814,98171.0
2020-09-30 00:00:00+00:00,69.796,70.252,69.735,70.171,92603.0
2020-10-01 00:00:00+00:00,70.178,70.255,69.551,69.907,119738.0
2020-10-04 00:00:00+00:00,69.94,70.276,69.921,70.269,66603.0
2020-10-05 00:00:00+00:00,70.27,70.36,69.538,69.598,94211.0
2020-10-06 00:00:00+00:00,69.6,69.954,69.471,69.716,73602.0
2020-10-07 00:00:00+00:00,69.732,69.93,69.414,69.737,68472.0
2020-10-08 00:00:00+00:00,69.719,70.512,69.719,70.45,64765.0
2020-10-11 00:00:00+00:00,70.408,70.462,69.956,70.039,56851.0
2020-10-12 00:00:00+00:00,70.038,70.358,69.808,70.146,79228.0
2020-10-13 00:00:00+00:00,70.15,70.356,69.924,70.007,73433.0
2020-10-14 00:00:00+00:00,70.008,70.144,69.216,69.573,103713.0
2020-10-15 00:00:00+00:00,69.578,69.718,69.314,69.642,90746.0
2020-10-18 00:00:00+00:00,69.693,70.024,69.572,69.661,80705.0
2020-10-19 00:00:00+00:00,69.661,69.674,69.254,69.432,90363.0
2020-10-20 00:00:00+00:00,69.432,69.762,69.349,69.586,98365.0
2020-10-21 00:00:00+00:00,69.59,70.104,69.4,69.996,92350.0
2020-10-22 00:00:00+00:00,69.995,70.158,69.704,70.06,92410.0
2020-10-25 00:00:00+00:00,70.005,70.282,69.894,70.01,90702.0
2020-10-26 00:00:00+00:00,70.01,70.232,69.918,70.07,73122.0
2020-10-27 00:00:00+00:00,70.068,70.099,69.154,69.236,115925.0
2020-10-28 00:00:00+00:00,69.234,69.524,68.972,69.34,116622.0
2020-10-29 00:00:00+00:00,69.34,69.698,68.873,69.186,148429.0
2020-11-01 00:00:00+00:00,69.12,69.53,68.94,69.46,113387.0
2020-11-02 00:00:00+00:00,69.457,70.249,69.356,69.955,135344.0
2020-11-03 00:00:00+00:00,70.101,70.482,69.436,69.959,327161.0
2020-11-04 00:00:00+00:00,69.965,70.26,69.704,70.024,198429.0
2020-11-05 00:00:00+00:00,70.015,70.394,69.9,70.021,175241.0
2020-11-08 00:00:00+00:00,70.158,72.088,70.025,71.911,224555.0
2020-11-09 00:00:00+00:00,71.901,72.069,71.56,71.948,166097.0
2020-11-10 00:00:00+00:00,71.949,72.726,71.614,72.554,135493.0
2020-11-11 00:00:00+00:00,72.552,72.792,71.838,71.914,126453.0
2020-11-12 00:00:00+00:00,71.914,71.988,71.482,71.656,105919.0
2020-11-15 00:00:00+00:00,71.7,72.309,71.599,72.21,107680.0
2020-11-16 00:00:00+00:00,72.2,72.275,71.604,71.8,86507.0
2020-11-17 00:00:00+00:00,71.807,72.12,71.576,71.89,96422.0
2020-11-18 00:00:00+00:00,71.857,71.919,71.524,71.731,105387.0
2020-11-19 00:00:00+00:00,71.757,72.168,71.679,71.977,89906.0
2020-11-22 00:00:00+00:00,71.918,72.416,71.9,72.322,97615.0
2020-11-23 00:00:00+00:00,72.364,73.084,72.286,72.858,103809.0
2020-11-24 00:00:00+00:00,72.854,73.244,72.736,73.192,96286.0
2020-11-25 00:00:00+00:00,73.194,73.28,72.91,73.043,63025.0
2020-11-26 00:00:00+00:00,73.048,73.236,72.89,73.148,65004.0
2020-11-29 00:00:00+00:00,73.187,73.464,72.963,73.184,97033.0
2020-11-30 00:00:00+00:00,73.179,73.832,73.131,73.706,89791.0
2020-12-01 00:00:00+00:00,73.734,74.039,73.536,73.836,100922.0
2020-12-02 00:00:00+00:00,73.823,73.897,73.384,73.502,99934.0
2020-12-03 00:00:00+00:00,73.495,73.546,73.146,73.366,108962.0
2020-12-06 00:00:00+00:00,73.332,73.471,73.076,73.293,97378.0
2020-12-07 00:00:00+00:00,73.297,73.424,73.107,73.346,101722.0
2020-12-08 00:00:00+00:00,73.346,73.848,73.124,73.169,101624.0
2020-12-09 00:00:00+00:00,73.212,74.0,73.096,74.0,124265.0
2020-12-10 00:00:00+00:00,73.996,74.012,73.526,73.711,107005.0
2020-12-13 00:00:00+00:00,73.864,73.894,73.633,73.685,98565.0
2020-12-14 00:00:00+00:00,73.685,73.78,73.329,73.478,86509.0
2020-12-15 00:00:00+00:00,73.475,73.636,73.214,73.578,110947.0
2020-12-16 00:00:00+00:00,73.583,73.904,73.464,73.699,104934.0
2020-12-17 00:00:00+00:00,73.686,73.883,73.54,73.743,105671.0
2020-12-20 00:00:00+00:00,73.672,73.703,72.722,73.386,170616.0
2020-12-21 00:00:00+00:00,73.381,73.478,72.812,72.98,124164.0
2020-12-22 00:00:00+00:00,72.986,73.573,72.845,73.534,114048.0
2020-12-23 00:00:00+00:00,73.502,73.81,73.428,73.606,69878.0
2020-12-24 00:00:00+00:00,73.589,73.589,73.589,73.589,1.0
2020-12-27 00:00:00+00:00,73.59,73.863,73.528,73.678,92738.0
2020-12-28 00:00:00+00:00,73.707,74.246,73.616,74.106,79836.0
2020-12-29 00:00:00+00:00,74.098,74.474,73.979,74.31,95046.0
2020-12-30 00:00:00+00:00,74.315,74.63,74.187,74.208,89676.0
2021-01-03 00:00:00+00:00,74.172,74.356,73.8,73.973,141463.0
2021-01-04 00:00:00+00:00,73.981,74.532,73.918,74.48,142465.0
2021-01-05 00:00:00+00:00,74.464,75.292,74.415,75.211,192702.0
2021-01-06 00:00:00+00:00,75.205,75.424,74.978,75.288,156187.0
2021-01-07 00:00:00+00:00,75.283,75.582,74.934,75.235,178143.0
2021-01-10 00:00:00+00:00,75.167,75.195,74.602,74.676,141012.0
2021-01-11 00:00:00+00:00,74.679,75.034,74.626,74.898,132691.0
2021-01-12 00:00:00+00:00,74.994,75.016,74.492,74.57,121816.0
2021-01-13 00:00:00+00:00,74.572,75.044,74.552,74.97,125163.0
2021-01-14 00:00:00+00:00,74.901,74.998,73.878,74.065,124499.0
2021-01-17 00:00:00+00:00,74.151,74.158,73.654,73.736,99166.0
2021-01-18 00:00:00+00:00,73.717,74.295,73.676,74.012,114445.0
2021-01-19 00:00:00+00:00,74.018,74.27,73.903,74.251,110530.0
2021-01-20 00:00:00+00:00,74.25,74.737,74.242,74.687,120198.0
2021-01-21 00:00:00+00:00,74.684,74.798,74.364,74.532,114864.0
2021-01-24 00:00:00+00:00,74.524,74.91,74.449,74.738,110776.0
2021-01-25 00:00:00+00:00,74.713,75.125,74.376,74.979,92999.0
2021-01-26 00:00:00+00:00,75.026,75.092,74.45,74.525,137480.0
2021-01-27 00:00:00+00:00,74.608,74.984,74.128,74.759,136651.0
2021-01-28 00:00:00+00:00,74.764,75.65,74.717,75.221,161670.0
2021-01-31 00:00:00+00:00,74.993,75.406,74.924,75.1,140968.0
2021-02-01 00:00:00+00:00,75.1,75.562,74.994,75.504,117613.0
2021-02-02 00:00:00+00:00,75.47,75.865,75.432,75.715,108596.0
2021-02-03 00:00:00+00:00,75.685,75.858,75.39,75.536,103926.0
2021-02-04 00:00:00+00:00,75.482,75.95,75.322,75.844,113012.0
2021-02-07 00:00:00+00:00,75.746,76.126,75.746,75.998,106917.0
2021-02-08 00:00:00+00:00,75.978,76.138,75.539,75.74,120084.0
2021-02-09 00:00:00+00:00,75.735,75.758,75.37,75.464,123782.0
2021-02-10 00:00:00+00:00,75.484,75.914,75.358,75.701,82468.0
2021-02-11 00:00:00+00:00,75.718,75.868,75.416,75.758,84911.0
2021-02-14 00:00:00+00:00,75.6,76.298,75.599,76.166,82852.0
2021-02-15 00:00:00+00:00,76.17,76.726,76.116,76.446,114759.0
2021-02-16 00:00:00+00:00,76.453,76.516,75.796,76.106,129759.0
2021-02-17 00:00:00+00:00,76.142,76.348,75.988,76.309,122229.0
2021-02-18 00:00:00+00:00,76.304,77.224,76.14,76.919,120294.0
2021-02-21 00:00:00+00:00,76.842,77.421,76.842,77.008,135259.0
2021-02-22 00:00:00+00:00,76.986,77.355,76.792,77.288,129537.0
2021-02-23 00:00:00+00:00,77.234,78.908,77.077,78.768,171017.0
2021-02-24 00:00:00+00:00,78.764,79.215,78.162,78.296,213932.0
2021-02-25 00:00:00+00:00,78.302,78.497,76.981,77.08,267911.0
2021-02-28 00:00:00+00:00,77.132,77.727,77.054,77.564,158349.0
2021-03-01 00:00:00+00:00,77.538,77.974,77.065,77.8,154708.0
2021-03-02 00:00:00+00:00,77.699,78.072,77.501,77.554,146047.0
2021-03-03 00:00:00+00:00,77.539,78.216,77.374,77.626,179117.0
2021-03-04 00:00:00+00:00,77.633,77.752,77.12,77.59,209364.0
2021-03-07 00:00:00+00:00,77.666,77.996,77.148,77.576,158923.0
2021-03-08 00:00:00+00:00,77.705,78.053,77.421,77.844,158812.0
2021-03-09 00:00:00+00:00,77.661,78.028,77.654,77.996,147886.0
2021-03-10 00:00:00+00:00,77.998,78.613,77.676,78.436,134806.0
2021-03-11 00:00:00+00:00,78.408,78.608,78.028,78.235,143125.0
2021-03-14 00:00:00+00:00,78.212,78.672,78.192,78.59,112356.0
2021-03-15 00:00:00+00:00,78.469,78.676,78.2,78.38,111353.0
2021-03-16 00:00:00+00:00,78.333,79.048,78.146,78.792,121425.0
2021-03-17 00:00:00+00:00,78.841,79.143,77.926,78.032,159248.0
2021-03-18 00:00:00+00:00,78.062,78.252,77.834,78.013,139457.0
2021-03-21 00:00:00+00:00,77.959,78.118,77.488,77.951,94954.0
2021-03-22 00:00:00+00:00,77.962,78.008,75.93,76.003,115050.0
2021-03-23 00:00:00+00:00,76.037,76.234,75.634,75.7,100011.0
2021-03-24 00:00:00+00:00,75.713,76.218,75.672,75.902,110358.0
2021-03-25 00:00:00+00:00,75.878,76.802,75.87,76.778,97027.0
2021-03-28 00:00:00+00:00,76.778,77.008,76.334,76.858,94183.0
2021-03-29 00:00:00+00:00,76.84,77.354,76.81,77.06,96566.0
2021-03-30 00:00:00+00:00,77.056,77.72,77.025,77.328,98683.0
2021-03-31 00:00:00+00:00,77.35,77.726,76.911,77.627,87855.0
2021-04-01 00:00:00+00:00,77.623,77.938,77.549,77.814,61407.0
2021-04-04 00:00:00+00:00,77.79,77.956,77.634,77.783,64784.0
2021-04-05 00:00:00+00:00,77.811,77.941,77.15,77.456,92178.0
2021-04-06 00:00:00+00:00,77.464,77.588,76.86,77.048,102959.0
2021-04-07 00:00:00+00:00,77.028,77.168,76.816,77.124,95309.0
2021-04-08 00:00:00+00:00,77.066,77.41,76.704,77.108,94872.0
2021-04-11 00:00:00+00:00,77.15,77.269,76.798,76.904,85376.0
2021-04-12 00:00:00+00:00,76.9,76.994,76.663,76.944,100969.0
2021-04-13 00:00:00+00:00,76.924,77.902,76.724,77.81,103104.0
2021-04-14 00:00:00+00:00,77.803,78.128,77.708,77.982,92615.0
2021-04-15 00:00:00+00:00,77.977,78.056,77.601,77.742,85690.0
2021-04-18 00:00:00+00:00,77.521,77.848,77.406,77.699,101721.0
2021-04-19 00:00:00+00:00,77.707,78.379,77.471,77.55,104843.0
2021-04-20 00:00:00+00:00,77.569,78.046,77.362,77.904,93762.0
2021-04-21 00:00:00+00:00,77.948,77.948,77.246,77.397,105717.0
2021-04-22 00:00:00+00:00,77.348,77.73,77.192,77.653,91630.0
2021-04-25 00:00:00+00:00,77.626,78.312,77.549,78.219,91444.0
2021-04-26 00:00:00+00:00,78.212,78.415,77.976,78.35,86441.0
2021-04-27 00:00:00+00:00,78.314,78.955,78.248,78.802,105714.0
2021-04-28 00:00:00+00:00,78.808,79.168,78.654,78.891,90203.0
2021-04-29 00:00:00+00:00,78.921,79.04,78.178,78.317,96332.0
2021-05-02 00:00:00+00:00,78.456,78.691,78.287,78.513,76921.0
2021-05-03 00:00:00+00:00,78.473,78.614,77.708,78.098,121042.0
2021-05-04 00:00:00+00:00,78.114,78.823,78.073,78.8,94204.0
2021-05-05 00:00:00+00:00,78.808,79.041,78.56,78.917,116109.0
2021-05-06 00:00:00+00:00,78.911,79.198,78.592,79.018,122607.0
2021-05-09 00:00:00+00:00,79.164,79.423,78.879,79.044,102392.0
2021-05-10 00:00:00+00:00,79.051,79.318,78.69,79.022,119854.0
2021-05-11 00:00:00+00:00,79.056,79.064,78.368,78.51,138380.0
2021-05-12 00:00:00+00:00,78.482,78.816,78.224,78.638,123411.0
2021-05-13 00:00:00+00:00,78.488,79.355,78.488,79.276,93475.0
2021-05-16 00:00:00+00:00,79.108,79.282,78.458,78.727,84028.0
2021-05-17 00:00:00+00:00,78.722,79.196,78.653,78.877,82961.0
2021-05-18 00:00:00+00:00,78.911,78.97,77.928,78.312,123261.0
2021-05-19 00:00:00+00:00,78.312,78.51,78.116,78.386,90269.0
2021-05-20 00:00:00+00:00,78.307,78.505,77.98,78.183,86928.0
2021-05-23 00:00:00+00:00,78.21,78.527,77.98,78.496,81907.0
2021-05-24 00:00:00+00:00,78.363,78.963,78.353,78.63,102713.0
2021-05-25 00:00:00+00:00,78.645,79.638,78.566,79.464,113971.0
2021-05-26 00:00:00+00:00,79.453,80.185,79.316,80.116,105381.0
2021-05-27 00:00:00+00:00,80.085,80.134,79.454,79.611,111360.0
2021-05-30 00:00:00+00:00,79.696,79.815,79.424,79.694,69694.0
2021-05-31 00:00:00+00:00,79.683,79.794,79.296,79.453,96934.0
2021-06-01 00:00:00+00:00,79.444,79.71,79.206,79.294,90474.0
2021-06-02 00:00:00+00:00,79.304,79.396,78.573,78.823,101470.0
2021-06-03 00:00:00+00:00,78.79,79.018,78.656,78.993,100106.0
2021-06-06 00:00:00+00:00,78.979,79.138,78.788,78.952,74029.0
2021-06-07 00:00:00+00:00,78.983,79.104,78.68,78.792,77520.0
2021-06-08 00:00:00+00:00,78.799,78.881,78.578,78.7,73401.0
2021-06-09 00:00:00+00:00,78.702,78.99,78.516,78.654,98088.0
2021-06-10 00:00:00+00:00,78.69,78.882,78.086,78.183,85552.0
2021-06-13 00:00:00+00:00,78.242,78.666,78.17,78.622,74895.0
2021-06-14 00:00:00+00:00,78.644,78.812,78.262,78.384,84202.0
2021-06-15 00:00:00+00:00,78.406,78.68,77.868,78.06,123131.0
2021-06-16 00:00:00+00:00,78.032,78.606,77.062,77.249,143291.0
2021-06-17 00:00:00+00:00,77.203,77.411,76.342,76.468,136667.0
2021-06-20 00:00:00+00:00,76.468,77.188,76.222,77.088,132305.0
2021-06-21 00:00:00+00:00,76.994,77.82,76.859,77.726,97768.0
2021-06-22 00:00:00+00:00,77.725,78.304,77.532,78.208,95814.0
2021-06-23 00:00:00+00:00,78.176,78.362,78.11,78.289,95778.0
2021-06-24 00:00:00+00:00,78.266,78.48,78.228,78.292,82648.0
2021-06-27 00:00:00+00:00,78.343,78.461,77.82,77.876,82951.0
2021-06-28 00:00:00+00:00,77.902,77.99,77.154,77.303,91739.0
2021-06-29 00:00:00+00:00,77.234,77.664,77.07,77.634,100441.0
2021-06-30 00:00:00+00:00,77.638,78.084,77.509,77.746,93783.0
2021-07-01 00:00:00+00:00,77.759,78.132,77.504,78.01,102617.0
2021-07-04 00:00:00+00:00,77.986,78.223,77.722,77.986,92005.0
2021-07-05 00:00:00+00:00,77.96,78.77,77.33,77.55,119332.0
2021-07-06 00:00:00+00:00,77.576,78.117,77.386,77.614,117993.0
2021-07-07 00:00:00+00:00,77.714,77.716,75.974,76.274,155887.0
2021-07-08 00:00:00+00:00,76.37,77.172,75.99,77.014,113559.0
2021-07-11 00:00:00+00:00,77.153,77.256,76.512,77.059,86183.0
2021-07-12 00:00:00+00:00,77.059,77.376,76.438,76.854,101993.0
2021-07-13 00:00:00+00:00,76.866,77.66,76.742,77.393,111615.0
2021-07-14 00:00:00+00:00,77.338,77.469,76.54,76.71,112761.0
2021-07-15 00:00:00+00:00,76.727,77.405,76.637,77.042,109742.0
2021-07-18 00:00:00+00:00,77.074,77.108,75.646,75.993,150608.0
2021-07-19 00:00:00+00:00,75.992,76.186,75.272,75.993,129995.0
2021-07-20 00:00:00+00:00,76.014,76.944,75.741,76.873,110185.0
2021-07-21 00:00:00+00:00,76.888,76.94,76.513,76.832,100547.0
2021-07-22 00:00:00+00:00,76.754,77.29,76.68,77.078,86444.0
2021-07-25 00:00:00+00:00,77.064,77.312,76.554,77.281,99960.0
2021-07-26 00:00:00+00:00,77.25,77.296,76.212,76.386,123168.0
2021-07-27 00:00:00+00:00,76.298,76.574,76.1,76.461,146787.0
2021-07-28 00:00:00+00:00,76.409,76.886,76.245,76.76,106121.0
2021-07-29 00:00:00+00:00,76.734,76.881,76.384,76.463,104802.0
2021-08-01 00:00:00+00:00,76.451,76.628,76.056,76.202,100372.0
2021-08-02 00:00:00+00:00,76.313,76.646,76.04,76.516,112443.0
2021-08-03 00:00:00+00:00,76.534,77.306,76.518,77.17,117215.0
2021-08-04 00:00:00+00:00,77.171,77.566,77.088,77.477,99623.0
2021-08-05 00:00:00+00:00,77.487,77.716,77.222,77.278,103612.0
2021-08-08 00:00:00+00:00,77.329,77.404,76.979,77.144,97652.0
2021-08-09 00:00:00+00:00,77.176,77.524,76.892,77.495,85895.0
2021-08-10 00:00:00+00:00,77.455,77.935,77.418,77.782,96480.0
2021-08-11 00:00:00+00:00,77.768,77.795,77.224,77.336,71473.0
2021-08-12 00:00:00+00:00,77.34,77.482,77.11,77.194,66268.0
2021-08-15 00:00:00+00:00,77.27,77.288,76.535,76.698,81943.0
2021-08-16 00:00:00+00:00,76.744,76.846,75.378,75.834,109136.0
2021-08-17 00:00:00+00:00,75.833,76.17,75.217,75.58,116515.0
2021-08-18 00:00:00+00:00,75.692,75.714,74.566,74.976,143321.0
2021-08-19 00:00:00+00:00,74.956,75.161,74.592,74.94,101132.0
2021-08-22 00:00:00+00:00,74.887,75.856,74.887,75.588,93294.0
2021-08-23 00:00:00+00:00,75.582,76.366,75.502,76.288,84082.0
2021-08-24 00:00:00+00:00,76.17,76.828,76.074,76.702,86205.0
2021-08-25 00:00:00+00:00,76.73,76.789,76.373,76.502,91727.0
2021-08-26 00:00:00+00:00,76.476,77.076,76.254,77.014,97068.0
2021-08-29 00:00:00+00:00,76.876,77.072,76.709,76.938,61629.0
2021-08-30 00:00:00+00:00,76.931,77.684,76.895,77.522,106170.0
2021-08-31 00:00:00+00:00,77.498,78.013,77.472,77.786,98334.0
2021-09-01 00:00:00+00:00,77.758,78.316,77.596,78.139,76996.0
2021-09-02 00:00:00+00:00,78.197,78.654,78.078,78.458,104482.0
2021-09-05 00:00:00+00:00,78.545,78.631,78.29,78.382,82663.0
2021-09-06 00:00:00+00:00,78.378,78.528,78.08,78.305,99762.0
2021-09-07 00:00:00+00:00,78.281,78.454,77.992,78.292,105409.0
2021-09-08 00:00:00+00:00,78.274,78.368,77.895,77.937,109406.0
2021-09-09 00:00:00+00:00,78.002,78.644,77.793,78.171,104424.0
2021-09-12 00:00:00+00:00,78.224,78.396,78.06,78.314,91285.0
2021-09-13 00:00:00+00:00,78.308,78.62,77.635,77.859,116243.0
2021-09-14 00:00:00+00:00,77.839,77.888,77.388,77.72,99584.0
2021-09-15 00:00:00+00:00,77.718,78.062,77.394,77.602,110399.0
2021-09-16 00:00:00+00:00,77.542,77.929,77.252,77.381,106180.0
2021-09-19 00:00:00+00:00,77.332,77.483,76.697,76.898,131569.0
2021-09-20 00:00:00+00:00,76.883,77.33,76.368,76.517,124186.0
2021-09-21 00:00:00+00:00,76.529,77.291,76.338,76.911,143756.0
2021-09-22 00:00:00+00:00,76.928,78.127,76.7,77.981,119124.0
2021-09-23 00:00:00+00:00,78.043,78.158,77.465,77.652,106008.0
2021-09-26 00:00:00+00:00,77.574,77.939,77.548,77.886,112260.0
2021-09-27 00:00:00+00:00,77.816,78.155,77.382,77.595,154609.0
2021-09-28 00:00:00+00:00,77.592,77.66,76.774,76.893,147501.0
2021-09-29 00:00:00+00:00,76.904,77.228,76.684,76.781,156029.0
2021-09-30 00:00:00+00:00,76.808,77.204,76.438,77.092,158436.0
2021-10-03 00:00:00+00:00,76.961,77.615,76.867,77.238,141972.0
2021-10-04 00:00:00+00:00,77.217,77.73,76.986,77.637,116547.0
2021-10-05 00:00:00+00:00,77.634,77.911,76.664,77.03,158261.0
2021-10-06 00:00:00+00:00,77.031,77.442,76.941,77.336,108622.0
2021-10-07 00:00:00+00:00,77.286,77.867,77.286,77.78,134912.0
2021-10-10 00:00:00+00:00,77.654,78.918,77.614,78.644,103918.0
2021-10-11 00:00:00+00:00,78.676,79.082,78.373,78.738,132732.0
2021-10-12 00:00:00+00:00,78.724,79.012,78.535,78.86,130080.0
2021-10-13 00:00:00+00:00,78.835,80.032,78.82,79.986,98395.0
2021-10-14 00:00:00+00:00,79.941,80.868,79.914,80.83,120641.0
2021-10-17 00:00:00+00:00,80.803,81.226,80.556,80.986,124027.0
2021-10-18 00:00:00+00:00,80.986,81.964,80.954,81.829,107352.0
2021-10-19 00:00:00+00:00,81.808,82.392,81.74,82.326,111115.0
2021-10-20 00:00:00+00:00,82.329,82.521,81.269,81.588,122794.0
2021-10-21 00:00:00+00:00,81.466,81.93,80.998,81.216,134857.0
2021-10-24 00:00:00+00:00,81.18,81.594,81.006,81.466,107822.0
2021-10-25 00:00:00+00:00,81.444,82.106,81.388,81.757,99373.0
2021-10-26 00:00:00+00:00,81.772,81.924,81.006,81.584,132463.0
2021-10-27 00:00:00+00:00,81.648,81.824,81.33,81.78,138044.0
2021-10-28 00:00:00+00:00,81.764,81.856,81.251,81.763,136549.0
2021-10-31 00:00:00+00:00,81.71,82.212,81.592,81.912,101525.0
2021-11-01 00:00:00+00:00,81.891,81.971,80.79,81.046,108625.0
2021-11-02 00:00:00+00:00,81.058,81.772,80.958,81.6,132614.0
2021-11-03 00:00:00+00:00,81.591,81.887,80.638,80.79,124132.0
2021-11-04 00:00:00+00:00,80.802,80.942,80.434,80.742,128188.0
2021-11-07 00:00:00+00:00,80.618,81.343,80.608,81.138,32373.0
2021-11-08 00:00:00+00:00,81.134,81.189,80.313,80.496,41374.0
2021-11-09 00:00:00+00:00,80.488,80.864,80.122,80.428,50595.0
2021-11-10 00:00:00+00:00,80.424,80.588,79.972,80.12,28321.0
2021-11-11 00:00:00+00:00,80.122,80.303,79.94,80.242,30680.0
2021-11-14 00:00:00+00:00,80.211,80.588,80.117,80.424,28767.0
2021-11-15 00:00:00+00:00,80.4,80.666,80.118,80.289,35377.0
2021-11-16 00:00:00+00:00,80.276,80.629,79.782,79.872,38947.0
2021-11-17 00:00:00+00:00,79.848,80.535,79.768,80.52,39842.0
2021-11-18 00:00:00+00:00,80.501,80.569,79.527,79.82,58702.0
2021-11-21 00:00:00+00:00,79.721,80.182,79.69,79.92,43948.0
2021-11-22 00:00:00+00:00,79.948,80.144,79.392,80.016,54216.0
2021-11-23 00:00:00+00:00,80.036,80.326,79.16,79.348,48483.0
2021-11-24 00:00:00+00:00,79.367,79.544,78.887,79.149,24611.0
2021-11-25 00:00:00+00:00,79.139,79.139,77.029,77.332,91077.0
2021-11-28 00:00:00+00:00,77.722,77.786,77.135,77.48,64337.0
2021-11-29 00:00:00+00:00,77.5,77.779,76.668,77.206,98070.0
2021-11-30 00:00:00+00:00,77.117,77.923,76.747,76.796,66240.0
2021-12-01 00:00:00+00:00,76.788,77.256,76.664,77.182,60124.0
2021-12-02 00:00:00+00:00,77.067,77.3,75.966,76.15,63463.0
2021-12-05 00:00:00+00:00,76.219,76.702,76.166,76.676,40992.0
2021-12-06 00:00:00+00:00,76.635,77.13,76.421,77.109,33935.0
2021-12-07 00:00:00+00:00,77.144,77.568,76.71,77.421,45219.0
2021-12-08 00:00:00+00:00,77.408,77.514,76.896,77.096,31220.0
2021-12-09 00:00:00+00:00,77.091,77.3,76.836,77.08,37383.0
2021-12-12 00:00:00+00:00,77.125,77.22,76.575,76.72,27602.0
2021-12-13 00:00:00+00:00,76.734,76.93,76.448,76.697,31748.0
2021-12-14 00:00:00+00:00,76.67,77.42,76.5,77.416,48435.0
2021-12-15 00:00:00+00:00,77.386,77.976,77.056,77.34,44845.0
2021-12-16 00:00:00+00:00,77.329,77.385,76.479,76.656,39788.0
2021-12-19 00:00:00+00:00,76.643,76.674,76.024,76.294,39199.0
2021-12-20 00:00:00+00:00,76.358,77.284,76.135,77.274,26225.0
2021-12-21 00:00:00+00:00,77.236,77.909,76.918,77.738,25611.0
2021-12-22 00:00:00+00:00,77.72,78.237,77.568,78.104,21878.0
2021-12-23 00:00:00+00:00,78.084,78.186,77.824,77.952,50814.0
2021-12-26 00:00:00+00:00,78.079,78.36,77.841,78.308,17562.0
2021-12-27 00:00:00+00:00,78.281,78.446,77.929,78.128,19402.0
2021-12-28 00:00:00+00:00,78.081,78.617,77.936,78.506,24373.0
2021-12-29 00:00:00+00:00,78.52,78.936,78.489,78.634,21977.0
2021-12-30 00:00:00+00:00,78.636,78.889,78.486,78.782,23604.0
2022-01-02 00:00:00+00:00,78.704,79.018,78.122,78.268,25412.0
2022-01-03 00:00:00+00:00,78.242,79.226,78.196,79.076,32478.0
2022-01-04 00:00:00+00:00,79.006,79.244,78.787,78.934,36004.0
2022-01-05 00:00:00+00:00,78.92,78.943,77.918,78.183,38770.0
2022-01-06 00:00:00+00:00,78.168,78.454,78.056,78.296,35372.0
2022-01-09 00:00:00+00:00,78.344,78.528,77.58,77.896,35346.0
2022-01-10 00:00:00+00:00,77.91,78.35,77.836,78.241,33198.0
2022-01-11 00:00:00+00:00,78.261,78.702,78.142,78.501,35554.0
2022-01-12 00:00:00+00:00,78.49,78.838,78.246,78.342,32296.0
2022-01-13 00:00:00+00:00,78.371,78.412,77.472,77.668,44848.0
2022-01-16 00:00:00+00:00,77.752,78.024,77.674,77.887,23079.0
2022-01-17 00:00:00+00:00,77.874,78.132,77.383,77.596,44101.0
2022-01-18 00:00:00+00:00,77.602,77.91,77.512,77.562,37585.0
2022-01-19 00:00:00+00:00,77.503,77.632,77.076,77.116,39626.0
2022-01-20 00:00:00+00:00,77.088,77.152,76.242,76.352,50185.0
2022-01-23 00:00:00+00:00,76.362,76.584,75.75,76.363,51905.0
2022-01-24 00:00:00+00:00,76.326,76.493,75.798,76.112,50268.0
2022-01-25 00:00:00+00:00,76.201,76.676,75.986,76.282,53361.0
2022-01-26 00:00:00+00:00,76.266,76.43,75.65,75.95,54952.0
2022-01-27 00:00:00+00:00,75.91,76.065,75.238,75.416,50663.0
2022-01-30 00:00:00+00:00,75.484,76.118,75.435,75.71,40365.0
2022-01-31 00:00:00+00:00,75.708,76.244,75.522,76.138,39609.0
2022-02-01 00:00:00+00:00,76.113,76.282,75.751,75.912,33170.0
2022-02-02 00:00:00+00:00,75.91,76.697,75.592,76.634,44875.0
2022-02-03 00:00:00+00:00,76.544,76.782,75.97,76.167,44861.0
2022-02-06 00:00:00+00:00,76.245,76.576,75.962,76.366,34111.0
2022-02-07 00:00:00+00:00,76.347,76.836,76.322,76.825,30394.0
2022-02-08 00:00:00+00:00,76.814,77.318,76.672,77.192,27439.0
2022-02-09 00:00:00+00:00,77.168,78.004,77.093,77.441,61078.0
2022-02-10 00:00:00+00:00,77.426,77.538,76.38,76.705,71227.0
2022-02-13 00:00:00+00:00,76.648,76.868,75.872,76.454,63361.0
2022-02-14 00:00:00+00:00,76.433,76.864,76.196,76.733,35527.0
2022-02-15 00:00:00+00:00,76.768,77.25,76.602,77.118,39223.0
2022-02-16 00:00:00+00:00,77.135,77.413,76.689,76.91,63270.0
2022-02-17 00:00:00+00:00,76.926,77.584,76.786,77.06,43822.0
2022-02-20 00:00:00+00:00,77.032,77.35,76.788,76.875,45936.0
2022-02-21 00:00:00+00:00,76.894,77.666,76.498,77.494,55607.0
2022-02-22 00:00:00+00:00,77.473,78.376,77.468,77.898,34130.0
2022-02-23 00:00:00+00:00,77.85,77.908,76.63,77.328,113861.0
2022-02-24 00:00:00+00:00,77.312,78.022,77.106,77.932,70896.0
2022-02-27 00:00:00+00:00,77.21,78.088,77.076,77.9,81679.0
2022-02-28 00:00:00+00:00,77.874,78.098,77.39,77.658,43339.0
2022-03-01 00:00:00+00:00,77.63,78.574,77.554,78.41,50566.0
2022-03-02 00:00:00+00:00,78.41,78.696,78.176,78.508,40514.0
2022-03-03 00:00:00+00:00,78.522,78.966,78.064,78.79,70588.0
2022-03-06 00:00:00+00:00,78.74,79.582,78.604,78.686,86256.0
2022-03-07 00:00:00+00:00,78.658,79.208,78.534,78.706,73176.0
2022-03-08 00:00:00+00:00,78.759,79.4,78.676,79.27,49753.0
2022-03-09 00:00:00+00:00,79.248,79.812,79.046,79.711,51571.0
2022-03-10 00:00:00+00:00,79.663,80.152,79.604,79.843,52777.0
2022-03-13 00:00:00+00:00,79.941,80.265,79.668,79.736,51101.0
2022-03-14 00:00:00+00:00,79.731,80.218,79.41,80.094,58005.0
2022-03-15 00:00:00+00:00,80.112,81.243,79.79,81.216,79042.0
2022-03-16 00:00:00+00:00,81.18,81.738,81.04,81.607,63797.0
2022-03-17 00:00:00+00:00,81.627,82.374,81.556,82.3,48537.0
2022-03-20 00:00:00+00:00,82.226,82.531,81.924,82.273,45112.0
2022-03-21 00:00:00+00:00,82.197,84.159,82.19,84.145,79871.0
2022-03-22 00:00:00+00:00,84.106,84.661,83.711,84.496,77337.0
2022-03-23 00:00:00+00:00,84.478,85.239,84.214,85.209,66418.0
2022-03-24 00:00:00+00:00,85.133,85.246,84.449,84.938,103141.0
2022-03-27 00:00:00+00:00,84.86,86.962,84.82,85.439,199889.0
2022-03-28 00:00:00+00:00,85.358,85.734,84.284,85.23,215550.0
2022-03-29 00:00:00+00:00,85.197,85.568,84.438,84.994,187827.0
2022-03-30 00:00:00+00:00,85.018,85.41,84.248,84.395,163207.0
2022-03-31 00:00:00+00:00,84.37,85.243,84.351,84.841,117964.0
2022-04-03 00:00:00+00:00,84.894,85.519,84.512,85.322,62939.0
2022-04-04 00:00:00+00:00,85.326,86.39,85.031,85.846,80963.0
2022-04-05 00:00:00+00:00,85.924,86.311,85.42,85.618,104506.0
2022-04-06 00:00:00+00:00,85.65,85.903,85.193,85.426,63766.0
2022-04-07 00:00:00+00:00,85.426,85.582,84.976,85.103,64517.0
2022-04-10 00:00:00+00:00,84.98,86.041,84.957,85.58,102307.0
2022-04-11 00:00:00+00:00,85.563,86.256,85.39,85.908,111676.0
2022-04-12 00:00:00+00:00,85.896,86.676,85.026,85.419,116716.0
2022-04-13 00:00:00+00:00,85.358,85.644,85.207,85.447,101507.0
2022-04-14 00:00:00+00:00,85.421,85.982,85.405,85.482,395160.0
2022-04-17 00:00:00+00:00,85.674,85.792,85.127,85.486,86055.0
2022-04-18 00:00:00+00:00,85.466,86.848,85.422,86.776,140187.0
2022-04-19 00:00:00+00:00,86.806,87.35,86.594,87.058,198611.0
2022-04-20 00:00:00+00:00,87.129,87.26,86.287,86.414,139971.0
2022-04-21 00:00:00+00:00,86.439,86.55,85.064,85.294,156876.0
2022-04-24 00:00:00+00:00,85.242,85.466,84.126,84.852,175815.0
2022-04-25 00:00:00+00:00,84.792,85.144,83.496,83.505,154733.0
2022-04-26 00:00:00+00:00,83.518,84.288,83.334,84.028,142142.0
2022-04-27 00:00:00+00:00,84.029,85.426,83.894,84.892,261773.0
2022-04-28 00:00:00+00:00,84.945,85.174,83.655,83.812,204683.0
2022-05-01 00:00:00+00:00,83.912,84.227,83.451,83.765,160748.0
2022-05-02 00:00:00+00:00,83.764,84.202,83.376,83.738,118220.0
2022-05-03 00:00:00+00:00,83.748,84.058,82.878,82.992,117656.0
2022-05-04 00:00:00+00:00,82.988,84.624,82.774,83.644,154123.0
2022-05-05 00:00:00+00:00,83.726,84.121,83.441,83.644,179751.0
2022-05-08 00:00:00+00:00,83.594,83.756,82.342,82.368,138251.0
2022-05-09 00:00:00+00:00,82.394,82.843,81.628,82.062,163286.0
2022-05-10 00:00:00+00:00,82.084,83.004,81.487,81.823,180382.0
2022-05-11 00:00:00+00:00,81.743,81.91,79.458,79.96,188628.0
2022-05-12 00:00:00+00:00,79.998,81.31,79.891,81.29,152357.0
2022-05-15 00:00:00+00:00,81.187,81.603,80.177,81.466,145385.0
2022-05-16 00:00:00+00:00,81.476,82.489,81.29,82.294,122476.0
2022-05-17 00:00:00+00:00,82.307,82.422,80.644,80.731,111358.0
2022-05-18 00:00:00+00:00,80.717,81.89,80.49,81.591,206677.0
2022-05-19 00:00:00+00:00,81.584,82.235,81.216,81.996,144263.0
2022-05-22 00:00:00+00:00,81.863,82.781,81.734,82.72,125525.0
2022-05-23 00:00:00+00:00,82.697,82.75,81.287,81.94,151003.0
2022-05-24 00:00:00+00:00,81.932,82.838,81.478,82.481,153365.0
2022-05-25 00:00:00+00:00,82.463,82.865,81.88,82.356,120931.0
2022-05-26 00:00:00+00:00,82.392,83.124,82.169,83.091,89706.0
2022-05-29 00:00:00+00:00,83.043,83.711,82.952,83.705,82119.0
2022-05-30 00:00:00+00:00,83.62,84.058,83.298,83.866,132004.0
2022-05-31 00:00:00+00:00,83.822,84.638,83.66,84.384,114956.0
2022-06-01 00:00:00+00:00,84.392,85.224,83.996,85.188,105911.0
2022-06-02 00:00:00+00:00,85.098,85.398,84.986,85.111,92041.0
2022-06-05 00:00:00+00:00,85.248,85.672,84.77,85.602,83384.0
2022-06-06 00:00:00+00:00,85.595,86.208,85.268,86.078,140652.0
2022-06-07 00:00:00+00:00,86.07,86.818,85.892,86.562,144476.0
2022-06-08 00:00:00+00:00,86.543,86.738,85.722,85.777,164879.0
2022-06-09 00:00:00+00:00,85.76,86.09,85.112,85.398,174085.0
2022-06-12 00:00:00+00:00,85.282,85.732,83.74,84.15,230498.0
2022-06-13 00:00:00+00:00,84.225,84.728,83.611,84.203,232896.0
2022-06-14 00:00:00+00:00,84.194,84.434,83.71,84.114,197027.0
2022-06-15 00:00:00+00:00,84.092,84.722,82.974,84.144,200285.0
2022-06-16 00:00:00+00:00,84.099,85.504,84.008,85.24,207918.0
2022-06-19 00:00:00+00:00,85.148,85.856,85.018,85.558,99692.0
2022-06-20 00:00:00+00:00,85.513,86.586,85.371,86.56,98816.0
2022-06-21 00:00:00+00:00,86.562,86.582,84.879,85.66,121826.0
2022-06-22 00:00:00+00:00,85.655,85.655,84.387,84.704,140634.0
2022-06-23 00:00:00+00:00,84.628,85.508,84.6,85.372,115749.0
2022-06-26 00:00:00+00:00,85.415,85.522,84.768,85.36,107459.0
2022-06-27 00:00:00+00:00,85.35,85.691,84.934,84.938,100115.0
2022-06-28 00:00:00+00:00,84.928,85.21,84.67,84.992,119425.0
2022-06-29 00:00:00+00:00,84.978,85.068,84.399,84.782,125096.0
2022-06-30 00:00:00+00:00,84.748,84.858,83.146,83.932,128896.0
2022-07-03 00:00:00+00:00,83.798,84.702,83.536,84.27,77215.0
2022-07-04 00:00:00+00:00,84.234,84.885,83.152,83.822,124215.0
2022-07-05 00:00:00+00:00,83.789,83.862,83.022,83.584,141797.0
2022-07-06 00:00:00+00:00,83.592,84.266,83.411,84.011,98126.0
2022-07-07 00:00:00+00:00,83.972,84.414,83.432,84.23,125893.0
2022-07-10 00:00:00+00:00,84.102,84.706,83.834,84.002,85286.0
2022-07-11 00:00:00+00:00,83.998,84.126,83.608,83.895,103896.0
2022-07-12 00:00:00+00:00,83.882,84.706,83.695,84.26,114424.0
2022-07-13 00:00:00+00:00,84.2,85.202,83.992,85.094,135302.0
2022-07-14 00:00:00+00:00,85.172,85.502,84.854,85.322,98904.0
2022-07-17 00:00:00+00:00,85.288,85.654,84.908,85.002,72456.0
2022-07-18 00:00:00+00:00,84.987,86.11,84.863,86.022,79988.0
2022-07-19 00:00:00+00:00,85.998,86.597,85.96,86.134,80462.0
2022-07-20 00:00:00+00:00,86.046,86.282,85.576,85.894,114927.0
2022-07-21 00:00:00+00:00,85.902,85.982,84.9,85.088,103111.0
2022-07-24 00:00:00+00:00,85.218,85.762,84.772,85.588,70710.0
2022-07-25 00:00:00+00:00,85.6,85.642,84.992,85.332,56652.0
2022-07-26 00:00:00+00:00,85.302,85.672,84.996,85.576,86468.0
2022-07-27 00:00:00+00:00,85.545,85.568,84.245,84.468,120201.0
2022-07-28 00:00:00+00:00,84.49,84.796,83.519,83.807,134595.0
2022-07-31 00:00:00+00:00,83.626,83.908,83.118,83.348,103734.0
2022-08-01 00:00:00+00:00,83.347,83.45,82.134,83.282,140315.0
2022-08-02 00:00:00+00:00,83.282,84.17,82.756,83.984,134844.0
2022-08-03 00:00:00+00:00,83.976,84.757,83.646,83.761,109131.0
2022-08-04 00:00:00+00:00,83.728,84.622,83.458,84.286,116994.0
2022-08-07 00:00:00+00:00,84.468,84.968,84.218,84.878,92074.0
2022-08-08 00:00:00+00:00,84.852,85.032,84.518,84.976,72526.0
2022-08-09 00:00:00+00:00,84.966,85.364,84.214,85.094,107310.0
2022-08-10 00:00:00+00:00,85.121,85.63,84.978,85.52,102427.0
2022-08-11 00:00:00+00:00,85.61,86.254,85.484,86.209,93754.0
2022-08-14 00:00:00+00:00,86.096,86.174,84.374,84.842,79049.0
2022-08-15 00:00:00+00:00,84.874,85.312,84.425,85.181,85192.0
2022-08-16 00:00:00+00:00,85.162,85.514,84.7,84.832,104995.0
2022-08-17 00:00:00+00:00,84.896,85.121,84.534,85.028,84086.0
2022-08-18 00:00:00+00:00,85.144,85.174,84.378,84.524,69109.0
2022-08-21 00:00:00+00:00,84.65,85.176,84.416,84.853,66006.0
2022-08-22 00:00:00+00:00,84.788,85.292,84.529,84.966,90542.0
2022-08-23 00:00:00+00:00,84.985,85.041,84.407,84.872,77796.0
2022-08-24 00:00:00+00:00,84.828,85.313,84.68,84.958,76585.0
2022-08-25 00:00:00+00:00,84.991,85.154,84.254,84.384,97465.0
2022-08-28 00:00:00+00:00,84.456,85.522,84.384,85.364,75457.0
2022-08-29 00:00:00+00:00,85.396,85.662,84.993,85.078,82746.0
2022-08-30 00:00:00+00:00,85.028,85.19,84.831,85.05,74307.0
2022-08-31 00:00:00+00:00,85.03,85.25,84.766,85.24,91272.0
2022-09-01 00:00:00+00:00,85.21,86.034,84.887,85.704,81075.0
2022-09-04 00:00:00+00:00,85.266,85.761,85.226,85.684,73426.0
2022-09-05 00:00:00+00:00,85.702,86.54,85.518,86.259,92562.0
2022-09-06 00:00:00+00:00,86.242,87.391,86.006,87.334,136728.0
2022-09-07 00:00:00+00:00,87.354,87.514,86.752,87.252,121982.0
2022-09-08 00:00:00+00:00,87.256,87.632,86.784,87.058,122954.0
2022-09-11 00:00:00+00:00,86.506,87.872,86.5,87.658,93082.0
2022-09-12 00:00:00+00:00,87.667,87.737,86.44,86.732,130647.0
2022-09-13 00:00:00+00:00,86.704,86.922,85.597,85.972,135499.0
2022-09-14 00:00:00+00:00,85.989,86.36,85.586,85.614,100505.0
2022-09-15 00:00:00+00:00,85.614,85.787,85.159,85.65,86179.0
2022-09-18 00:00:00+00:00,85.642,85.742,85.05,85.348,72337.0
2022-09-19 00:00:00+00:00,85.36,85.473,84.536,84.726,75823.0
2022-09-20 00:00:00+00:00,84.794,84.942,84.239,84.3,155423.0
2022-09-21 00:00:00+00:00,84.33,85.064,82.517,83.226,229253.0
2022-09-22 00:00:00+00:00,83.206,83.374,82.194,82.35,160203.0
2022-09-25 00:00:00+00:00,82.464,82.686,81.392,81.54,186356.0
2022-09-26 00:00:00+00:00,81.537,82.56,81.466,81.596,134620.0
2022-09-27 00:00:00+00:00,81.606,82.616,80.582,82.552,158046.0
2022-09-28 00:00:00+00:00,82.584,82.702,81.756,82.69,143743.0
2022-09-29 00:00:00+00:00,82.625,83.038,80.946,81.03,127370.0
2022-10-02 00:00:00+00:00,81.08,82.824,81.05,82.71,113514.0
2022-10-03 00:00:00+00:00,82.73,83.294,82.299,82.592,118890.0
2022-10-04 00:00:00+00:00,82.464,83.482,81.981,83.012,126441.0
2022-10-05 00:00:00+00:00,82.95,84.016,81.786,82.118,121373.0
2022-10-06 00:00:00+00:00,82.169,82.283,81.403,81.517,113368.0
2022-10-09 00:00:00+00:00,81.495,81.856,80.844,81.114,94629.0
2022-10-10 00:00:00+00:00,81.167,82.291,80.696,81.426,121737.0
2022-10-11 00:00:00+00:00,81.565,82.624,81.314,82.421,142023.0
2022-10-12 00:00:00+00:00,82.276,83.112,81.171,83.036,142559.0
2022-10-13 00:00:00+00:00,82.978,83.741,82.564,82.986,147855.0
2022-10-16 00:00:00+00:00,82.766,84.012,82.478,83.994,107725.0
2022-10-17 00:00:00+00:00,83.634,85.248,83.634,84.854,116771.0
2022-10-18 00:00:00+00:00,84.938,85.234,84.674,84.99,101610.0
2022-10-19 00:00:00+00:00,84.944,85.962,84.3,85.27,113172.0
2022-10-20 00:00:00+00:00,85.256,86.482,84.106,85.046,237039.0
2022-10-23 00:00:00+00:00,85.183,86.212,84.182,84.852,202448.0
2022-10-24 00:00:00+00:00,84.812,85.278,84.473,85.158,108890.0
2022-10-25 00:00:00+00:00,85.096,85.587,84.838,85.456,147300.0
2022-10-26 00:00:00+00:00,85.22,85.591,84.826,85.26,172494.0
2022-10-27 00:00:00+00:00,85.264,86.152,85.088,85.75,160396.0
2022-10-30 00:00:00+00:00,85.695,86.524,85.503,86.472,108225.0
2022-10-31 00:00:00+00:00,86.462,86.936,86.3,86.584,138866.0
2022-11-01 00:00:00+00:00,86.61,86.721,85.979,86.052,174650.0
2022-11-02 00:00:00+00:00,86.11,86.194,85.164,85.583,144154.0
2022-11-03 00:00:00+00:00,85.774,87.144,85.35,86.952,169494.0
2022-11-06 00:00:00+00:00,86.45,87.15,86.176,87.106,133598.0
2022-11-07 00:00:00+00:00,87.102,87.235,86.596,86.792,130039.0
2022-11-08 00:00:00+00:00,86.626,86.785,85.894,86.164,156176.0
2022-11-09 00:00:00+00:00,86.143,86.266,84.64,84.95,208968.0
2022-11-10 00:00:00+00:00,84.968,85.574,83.851,84.963,213355.0
2022-11-13 00:00:00+00:00,84.866,85.774,84.728,85.291,182743.0
2022-11-14 00:00:00+00:00,85.292,86.11,85.274,85.768,246794.0
2022-11-15 00:00:00+00:00,85.742,86.276,85.482,85.818,210741.0
2022-11-16 00:00:00+00:00,85.746,85.97,85.16,85.936,152784.0
2022-11-17 00:00:00+00:00,85.722,86.748,85.714,86.378,130591.0
2022-11-20 00:00:00+00:00,86.368,86.908,86.034,86.694,130968.0
2022-11-21 00:00:00+00:00,86.694,87.046,86.62,86.889,109933.0
2022-11-22 00:00:00+00:00,86.747,87.46,86.398,87.197,143162.0
2022-11-23 00:00:00+00:00,87.159,87.18,86.434,86.861,109243.0
2022-11-24 00:00:00+00:00,86.742,87.082,86.605,86.971,126193.0
2022-11-27 00:00:00+00:00,86.692,86.812,85.512,85.65,133468.0
2022-11-28 00:00:00+00:00,85.659,86.298,85.436,86.018,128251.0
2022-11-29 00:00:00+00:00,85.975,87.056,85.876,86.946,169054.0
2022-11-30 00:00:00+00:00,86.89,87.092,85.812,86.238,176629.0
2022-12-01 00:00:00+00:00,86.088,86.436,85.476,86.121,170092.0
2022-12-04 00:00:00+00:00,86.271,86.829,85.79,86.4,129359.0
2022-12-05 00:00:00+00:00,86.348,86.988,86.218,86.582,119003.0
2022-12-06 00:00:00+00:00,86.494,87.196,86.461,86.796,154038.0
2022-12-07 00:00:00+00:00,86.742,87.232,86.544,87.19,105386.0
2022-12-08 00:00:00+00:00,87.067,87.718,86.649,87.564,130233.0
2022-12-11 00:00:00+00:00,87.452,87.954,87.298,87.858,96131.0
2022-12-12 00:00:00+00:00,87.844,88.17,87.324,87.659,161686.0
2022-12-13 00:00:00+00:00,87.63,87.669,86.778,87.494,170197.0
2022-12-14 00:00:00+00:00,87.596,87.612,86.878,87.376,125095.0
2022-12-15 00:00:00+00:00,87.458,87.47,86.934,87.228,119826.0
2022-12-18 00:00:00+00:00,86.77,87.358,86.678,87.136,110201.0
2022-12-19 00:00:00+00:00,87.099,87.206,82.666,83.582,241006.0
2022-12-20 00:00:00+00:00,83.57,83.772,82.778,83.396,135893.0
2022-12-21 00:00:00+00:00,83.376,83.552,82.554,82.72,108984.0
2022-12-22 00:00:00+00:00,82.724,83.684,82.594,83.472,130868.0
2022-12-26 00:00:00+00:00,83.665,84.21,83.208,83.776,93341.0
2022-12-27 00:00:00+00:00,83.813,84.989,83.669,84.864,115127.0
2022-12-28 00:00:00+00:00,84.78,84.89,84.207,84.442,109228.0
2022-12-29 00:00:00+00:00,84.438,84.45,82.926,83.262,149646.0
2023-01-01 00:00:00+00:00,83.061,83.892,82.074,82.674,54033.0
2023-01-02 00:00:00+00:00,82.648,83.063,81.04,81.868,159877.0
2023-01-03 00:00:00+00:00,82.061,83.696,81.75,83.512,156931.0
2023-01-04 00:00:00+00:00,83.566,83.86,82.765,83.086,161119.0
2023-01-05 00:00:00+00:00,83.028,83.98,83.0,83.831,179042.0
2023-01-08 00:00:00+00:00,83.578,84.678,83.576,84.005,140550.0
2023-01-09 00:00:00+00:00,84.11,84.287,83.786,84.23,150661.0
2023-01-10 00:00:00+00:00,84.074,84.496,84.009,84.357,108323.0
2023-01-11 00:00:00+00:00,84.276,84.352,82.574,82.673,216371.0
2023-01-12 00:00:00+00:00,82.554,82.684,81.146,81.62,167156.0
2023-01-15 00:00:00+00:00,81.562,82.221,81.457,82.02,133977.0
2023-01-16 00:00:00+00:00,81.98,82.712,81.868,82.391,146520.0
2023-01-17 00:00:00+00:00,82.318,84.812,82.3,83.071,253137.0
2023-01-18 00:00:00+00:00,82.852,83.06,81.824,82.11,162546.0
2023-01-19 00:00:00+00:00,82.177,83.938,82.064,83.864,144763.0
2023-01-22 00:00:00+00:00,83.777,84.861,83.605,84.812,136177.0
2023-01-23 00:00:00+00:00,84.76,84.934,84.316,84.7,109982.0
2023-01-24 00:00:00+00:00,84.515,84.786,83.573,83.955,127379.0
2023-01-25 00:00:00+00:00,83.982,84.628,83.584,84.53,132427.0
2023-01-26 00:00:00+00:00,84.484,84.521,84.016,84.293,118152.0
2023-01-29 00:00:00+00:00,84.118,84.706,83.885,84.368,110961.0
2023-01-30 00:00:00+00:00,84.35,84.458,83.622,83.774,109627.0
2023-01-31 00:00:00+00:00,83.79,84.072,83.108,83.875,142201.0
2023-02-01 00:00:00+00:00,83.856,84.184,83.224,83.33,137969.0
2023-02-02 00:00:00+00:00,83.316,83.684,82.834,83.01,125716.0
2023-02-05 00:00:00+00:00,83.543,83.714,83.131,83.632,122842.0
2023-02-06 00:00:00+00:00,83.655,83.892,82.614,82.906,165660.0
2023-02-07 00:00:00+00:00,82.916,83.045,82.663,82.894,109563.0
2023-02-08 00:00:00+00:00,82.884,83.58,82.819,83.215,110811.0
2023-02-09 00:00:00+00:00,83.239,83.316,82.319,82.926,156397.0
2023-02-12 00:00:00+00:00,82.93,84.474,82.886,84.219,91150.0
2023-02-13 00:00:00+00:00,84.192,84.425,83.578,84.336,168932.0
2023-02-14 00:00:00+00:00,84.356,84.383,83.654,84.276,118809.0
2023-02-15 00:00:00+00:00,84.252,84.488,83.714,83.812,125466.0
2023-02-16 00:00:00+00:00,83.922,84.015,83.557,83.754,102194.0
2023-02-19 00:00:00+00:00,83.752,83.992,83.466,83.96,77994.0
2023-02-20 00:00:00+00:00,83.953,84.152,83.591,83.892,111481.0
2023-02-21 00:00:00+00:00,83.896,84.215,83.646,83.906,113977.0
2023-02-22 00:00:00+00:00,83.841,84.263,83.611,83.872,89389.0
2023-02-23 00:00:00+00:00,83.858,84.202,83.616,84.138,126589.0
2023-02-26 00:00:00+00:00,84.12,84.212,83.614,84.007,86819.0
2023-02-27 00:00:00+00:00,84.014,84.498,83.764,84.256,89485.0
2023-02-28 00:00:00+00:00,84.216,85.246,84.09,85.228,115395.0
2023-03-01 00:00:00+00:00,85.068,85.194,84.864,85.056,93945.0
2023-03-02 00:00:00+00:00,84.978,85.232,84.45,84.526,99548.0
2023-03-05 00:00:00+00:00,84.551,84.586,83.976,84.224,98766.0
2023-03-06 00:00:00+00:00,84.16,84.49,83.657,83.762,114151.0
2023-03-07 00:00:00+00:00,83.765,84.286,83.67,83.885,88289.0
2023-03-08 00:00:00+00:00,83.95,83.952,83.002,83.042,85083.0
2023-03-09 00:00:00+00:00,83.018,83.88,82.55,82.89,192344.0
2023-03-12 00:00:00+00:00,82.64,83.332,82.018,82.882,263916.0
2023-03-13 00:00:00+00:00,82.956,84.07,82.689,83.706,184754.0
2023-03-14 00:00:00+00:00,83.681,83.984,81.825,82.569,251840.0
2023-03-15 00:00:00+00:00,82.564,82.89,81.124,82.876,221492.0
2023-03-16 00:00:00+00:00,82.881,83.328,82.404,82.64,157086.0
2023-03-19 00:00:00+00:00,82.889,83.27,81.47,82.01,183683.0
2023-03-20 00:00:00+00:00,82.114,82.162,81.398,82.046,107593.0
2023-03-21 00:00:00+00:00,82.046,82.668,81.57,81.798,130054.0
2023-03-22 00:00:00+00:00,81.774,82.484,81.38,81.798,129546.0
2023-03-23 00:00:00+00:00,81.753,81.817,80.435,81.064,125428.0
2023-03-26 00:00:00+00:00,81.0,81.55,80.921,81.527,84321.0
2023-03-27 00:00:00+00:00,81.525,81.89,81.189,81.854,79403.0
2023-03-28 00:00:00+00:00,81.842,82.72,81.719,82.709,86774.0
2023-03-29 00:00:00+00:00,82.688,83.124,82.29,83.104,82562.0
2023-03-30 00:00:00+00:00,83.12,83.824,82.913,83.086,99081.0
2023-04-02 00:00:00+00:00,83.442,83.715,82.648,83.372,100513.0
2023-04-03 00:00:00+00:00,83.396,83.82,82.848,83.136,93703.0
2023-04-04 00:00:00+00:00,83.107,83.972,82.571,82.986,97286.0
2023-04-05 00:00:00+00:00,82.998,82.998,82.172,82.28,67781.0
2023-04-06 00:00:00+00:00,82.304,82.878,82.136,82.632,81759.0
2023-04-09 00:00:00+00:00,82.608,83.118,82.414,83.11,82697.0
2023-04-10 00:00:00+00:00,83.058,83.186,82.532,82.792,69516.0
2023-04-11 00:00:00+00:00,82.766,83.002,82.644,82.772,92366.0
2023-04-12 00:00:00+00:00,82.695,83.77,82.57,83.484,70083.0
2023-04-13 00:00:00+00:00,83.406,83.699,82.891,83.05,81136.0
2023-04-16 00:00:00+00:00,83.015,83.218,82.801,83.128,66909.0
2023-04-17 00:00:00+00:00,83.154,83.424,83.044,83.25,68974.0
2023-04-18 00:00:00+00:00,83.283,83.693,83.176,83.526,76235.0
2023-04-19 00:00:00+00:00,83.577,83.617,82.807,82.924,78104.0
2023-04-20 00:00:00+00:00,82.916,82.964,81.96,82.334,69998.0
2023-04-23 00:00:00+00:00,82.314,82.842,82.166,82.791,55019.0
2023-04-24 00:00:00+00:00,82.814,83.072,81.848,82.067,69296.0
2023-04-25 00:00:00+00:00,82.153,82.258,81.557,81.758,79987.0
2023-04-26 00:00:00+00:00,81.788,82.394,81.634,82.378,67668.0
2023-04-27 00:00:00+00:00,82.284,84.328,82.089,84.262,116197.0
2023-04-30 00:00:00+00:00,84.125,84.854,84.08,84.784,54182.0
2023-05-01 00:00:00+00:00,84.816,85.417,84.57,84.772,67937.0
2023-05-02 00:00:00+00:00,84.764,85.051,83.932,83.943,100359.0
2023-05-03 00:00:00+00:00,83.918,84.471,83.434,84.336,114539.0
2023-05-04 00:00:00+00:00,84.334,84.982,84.27,84.878,72875.0
2023-05-07 00:00:00+00:00,84.88,85.861,84.838,85.732,52231.0
2023-05-08 00:00:00+00:00,85.692,85.78,85.307,85.675,62056.0
2023-05-09 00:00:00+00:00,85.636,85.91,85.065,85.556,79941.0
2023-05-10 00:00:00+00:00,85.496,85.628,84.49,84.758,91573.0
2023-05-11 00:00:00+00:00,84.786,84.804,83.725,84.024,64273.0
2023-05-14 00:00:00+00:00,84.026,84.96,84.018,84.911,70956.0
2023-05-15 00:00:00+00:00,84.936,85.224,84.632,84.983,65241.0
2023-05-16 00:00:00+00:00,85.044,86.174,84.896,86.034,52408.0
2023-05-17 00:00:00+00:00,85.988,86.366,85.698,86.349,62597.0
2023-05-18 00:00:00+00:00,86.37,87.09,86.219,86.566,77029.0
2023-05-21 00:00:00+00:00,86.518,87.14,86.282,87.138,52028.0
2023-05-22 00:00:00+00:00,87.13,87.312,86.4,86.588,65555.0
2023-05-23 00:00:00+00:00,86.514,86.686,84.698,85.25,67330.0
2023-05-24 00:00:00+00:00,85.174,85.227,84.446,84.908,74101.0
2023-05-25 00:00:00+00:00,84.904,85.214,84.642,85.039,65202.0
2023-05-28 00:00:00+00:00,85.055,85.342,84.83,85.038,34344.0
2023-05-29 00:00:00+00:00,85.084,85.122,84.316,84.488,65779.0
2023-05-30 00:00:00+00:00,84.47,84.585,83.64,83.902,54264.0
2023-05-31 00:00:00+00:00,83.902,84.31,83.537,84.271,58230.0
2023-06-01 00:00:00+00:00,84.262,84.904,84.096,84.808,55660.0
2023-06-04 00:00:00+00:00,84.847,85.036,84.552,84.71,48262.0
2023-06-05 00:00:00+00:00,84.726,85.108,84.57,84.88,45562.0
2023-06-06 00:00:00+00:00,84.952,84.958,84.418,84.628,46162.0
2023-06-07 00:00:00+00:00,84.58,84.947,84.424,84.674,46252.0
2023-06-08 00:00:00+00:00,84.646,85.554,84.596,85.437,43156.0
2023-06-11 00:00:00+00:00,85.466,85.662,85.274,85.483,36487.0
2023-06-12 00:00:00+00:00,85.471,86.255,85.158,86.24,50924.0
2023-06-13 00:00:00+00:00,86.239,87.034,86.066,86.95,64428.0
2023-06-14 00:00:00+00:00,86.979,87.591,86.638,87.452,81651.0
2023-06-15 00:00:00+00:00,87.534,88.559,87.275,88.52,81744.0
2023-06-18 00:00:00+00:00,88.332,88.496,87.814,88.05,49479.0
2023-06-19 00:00:00+00:00,88.057,88.206,86.858,87.228,71691.0
2023-06-20 00:00:00+00:00,87.2,88.114,87.12,88.012,72935.0
2023-06-21 00:00:00+00:00,88.018,88.51,87.708,88.408,69349.0
2023-06-22 00:00:00+00:00,88.336,88.587,87.48,88.268,79798.0
2023-06-25 00:00:00+00:00,88.206,88.618,87.982,88.452,67666.0
2023-06-26 00:00:00+00:00,88.412,88.98,88.306,88.784,73367.0
2023-06-27 00:00:00+00:00,88.787,88.84,87.606,87.761,73534.0
2023-06-28 00:00:00+00:00,87.78,88.025,87.602,87.896,79928.0
2023-06-29 00:00:00+00:00,87.91,88.642,87.756,88.605,73720.0
2023-07-02 00:00:00+00:00,88.55,89.074,88.474,89.013,69213.0
2023-07-03 00:00:00+00:00,89.004,89.6,88.826,89.439,42970.0
2023-07-04 00:00:00+00:00,89.402,89.701,89.136,89.376,60841.0
2023-07-05 00:00:00+00:00,89.354,89.404,88.537,88.684,129586.0
2023-07-06 00:00:00+00:00,88.66,88.839,88.174,88.282,128443.0
2023-07-09 00:00:00+00:00,88.232,88.629,87.654,87.748,112449.0
2023-07-10 00:00:00+00:00,87.774,87.945,86.708,86.92,117229.0
2023-07-11 00:00:00+00:00,86.94,87.245,86.242,87.176,144669.0
2023-07-12 00:00:00+00:00,87.149,88.348,87.069,88.248,133989.0
2023-07-13 00:00:00+00:00,88.255,88.693,87.818,88.42,136358.0
2023-07-16 00:00:00+00:00,88.329,88.431,87.454,87.725,102247.0
2023-07-17 00:00:00+00:00,87.736,87.99,86.458,87.066,129831.0
2023-07-18 00:00:00+00:00,87.136,87.686,86.896,87.446,138050.0
2023-07-19 00:00:00+00:00,87.416,87.876,87.173,87.316,131010.0
2023-07-20 00:00:00+00:00,87.287,87.906,87.033,87.486,130376.0
2023-07-23 00:00:00+00:00,87.436,87.77,87.041,87.768,124707.0
2023-07-24 00:00:00+00:00,87.792,87.981,87.584,87.657,114088.0
2023-07-25 00:00:00+00:00,87.776,87.776,87.009,87.064,136375.0
2023-07-26 00:00:00+00:00,87.136,87.793,85.69,86.23,169308.0
2023-07-27 00:00:00+00:00,86.202,86.972,84.943,86.921,218970.0
2023-07-30 00:00:00+00:00,86.873,88.5,86.642,88.31,128993.0
2023-07-31 00:00:00+00:00,88.398,88.596,87.824,88.134,124518.0
2023-08-01 00:00:00+00:00,88.152,88.222,86.88,87.114,145387.0
2023-08-02 00:00:00+00:00,87.131,87.464,86.406,86.613,161902.0
2023-08-03 00:00:00+00:00,86.67,87.046,86.364,86.45,138512.0
2023-08-06 00:00:00+00:00,86.368,87.017,86.356,86.995,83545.0
2023-08-07 00:00:00+00:00,87.024,87.312,86.326,86.938,107278.0
2023-08-08 00:00:00+00:00,86.918,87.233,86.688,86.992,96525.0
2023-08-09 00:00:00+00:00,87.032,87.8,86.88,87.166,111231.0
2023-08-10 00:00:00+00:00,87.234,87.243,86.597,86.762,94857.0
2023-08-13 00:00:00+00:00,86.772,86.988,86.271,86.963,93243.0
2023-08-14 00:00:00+00:00,86.952,87.241,86.588,86.62,119831.0
2023-08-15 00:00:00+00:00,86.672,87.16,86.38,86.87,99045.0
2023-08-16 00:00:00+00:00,86.832,86.953,86.302,86.4,104331.0
2023-08-17 00:00:00+00:00,86.35,86.507,85.983,86.104,97988.0
2023-08-20 00:00:00+00:00,86.231,86.738,85.792,86.654,83868.0
2023-08-21 00:00:00+00:00,86.568,86.947,86.542,86.736,85819.0
2023-08-22 00:00:00+00:00,86.676,86.886,86.183,86.564,90212.0
2023-08-23 00:00:00+00:00,86.6,86.746,86.23,86.39,89645.0
2023-08-24 00:00:00+00:00,86.371,86.616,86.158,86.436,94596.0
2023-08-27 00:00:00+00:00,86.47,86.818,86.394,86.6,67994.0
2023-08-28 00:00:00+00:00,86.546,87.115,86.413,87.076,93776.0
2023-08-29 00:00:00+00:00,87.17,87.528,86.854,87.064,99122.0
2023-08-30 00:00:00+00:00,86.975,87.199,86.488,86.832,98582.0
2023-08-31 00:00:00+00:00,86.83,87.064,86.546,86.965,103041.0
2023-09-03 00:00:00+00:00,86.886,87.142,86.759,86.994,46702.0
2023-09-04 00:00:00+00:00,86.891,87.133,86.297,86.89,86883.0
2023-09-05 00:00:00+00:00,86.89,86.977,86.525,86.693,90268.0
2023-09-06 00:00:00+00:00,86.751,86.876,86.422,86.54,80837.0
2023-09-07 00:00:00+00:00,86.528,87.264,86.414,86.986,88238.0
2023-09-10 00:00:00+00:00,86.648,86.926,86.458,86.772,103211.0
2023-09-11 00:00:00+00:00,86.746,86.907,86.59,86.828,76424.0
2023-09-12 00:00:00+00:00,86.81,87.32,86.752,87.236,94534.0
2023-09-13 00:00:00+00:00,87.218,87.458,86.998,87.172,96671.0
2023-09-14 00:00:00+00:00,87.212,87.633,87.025,87.214,88839.0
2023-09-17 00:00:00+00:00,87.196,87.452,87.078,87.328,60376.0
2023-09-18 00:00:00+00:00,87.33,87.836,87.258,87.776,81047.0
2023-09-19 00:00:00+00:00,87.722,88.321,87.68,87.919,100183.0
2023-09-20 00:00:00+00:00,87.874,88.252,87.29,87.51,108737.0
2023-09-21 00:00:00+00:00,87.536,88.738,87.386,88.433,112220.0
2023-09-24 00:00:00+00:00,88.356,88.904,88.18,88.84,86925.0
2023-09-25 00:00:00+00:00,88.792,88.968,88.494,88.61,102415.0
2023-09-26 00:00:00+00:00,88.623,88.777,88.278,88.583,114312.0
2023-09-27 00:00:00+00:00,88.651,89.133,88.402,88.996,115865.0
2023-09-28 00:00:00+00:00,89.018,90.202,88.964,89.585,107706.0
2023-10-01 00:00:00+00:00,89.713,89.894,88.98,89.116,95791.0
2023-10-02 00:00:00+00:00,89.153,89.251,87.094,88.075,119873.0
2023-10-03 00:00:00+00:00,87.978,88.348,87.584,88.13,95206.0
2023-10-04 00:00:00+00:00,88.184,88.594,87.987,88.588,116632.0
2023-10-05 00:00:00+00:00,88.568,89.632,88.5,89.434,128329.0
2023-10-08 00:00:00+00:00,88.992,89.49,88.91,89.443,92009.0
2023-10-09 00:00:00+00:00,89.357,89.924,89.334,89.905,124462.0
2023-10-10 00:00:00+00:00,89.858,89.932,89.488,89.766,116523.0
2023-10-11 00:00:00+00:00,89.774,89.838,88.722,88.77,109648.0
2023-10-12 00:00:00+00:00,88.873,88.873,87.994,88.024,109612.0
2023-10-15 00:00:00+00:00,88.372,88.698,88.182,88.616,90838.0
2023-10-16 00:00:00+00:00,88.607,88.688,87.698,88.336,101973.0
2023-10-17 00:00:00+00:00,88.301,88.592,87.681,87.754,104178.0
2023-10-18 00:00:00+00:00,87.749,87.809,87.122,87.592,125524.0
2023-10-19 00:00:00+00:00,87.567,87.688,87.192,87.339,100130.0
2023-10-22 00:00:00+00:00,87.311,87.672,87.098,87.506,81558.0
2023-10-23 00:00:00+00:00,87.535,87.812,87.344,87.6,97052.0
2023-10-24 00:00:00+00:00,87.53,87.955,87.01,87.126,97276.0
2023-10-25 00:00:00+00:00,87.235,87.654,86.786,87.528,112844.0
2023-10-26 00:00:00+00:00,87.582,87.683,86.83,86.946,96969.0
2023-10-29 00:00:00+00:00,86.894,87.423,86.849,87.104,79780.0
2023-10-30 00:00:00+00:00,87.118,88.332,87.032,88.32,106820.0
2023-10-31 00:00:00+00:00,88.313,88.39,87.562,88.236,103020.0
2023-11-01 00:00:00+00:00,88.312,88.853,88.215,88.756,89549.0
2023-11-02 00:00:00+00:00,88.8,89.648,88.495,89.618,90110.0
2023-11-05 00:00:00+00:00,89.496,89.759,89.388,89.488,71751.0
2023-11-06 00:00:00+00:00,89.54,89.575,88.931,89.266,75352.0
2023-11-07 00:00:00+00:00,89.204,89.5,89.176,89.212,74927.0
2023-11-08 00:00:00+00:00,89.256,89.863,89.124,89.189,80829.0
2023-11-09 00:00:00+00:00,89.234,89.383,89.065,89.267,71465.0
2023-11-12 00:00:00+00:00,89.169,89.496,88.968,89.16,61974.0
2023-11-13 00:00:00+00:00,89.148,90.387,88.957,90.344,87526.0
2023-11-14 00:00:00+00:00,90.307,91.198,90.255,91.156,90495.0
2023-11-15 00:00:00+00:00,91.094,91.182,89.864,89.988,86979.0
2023-11-16 00:00:00+00:00,89.982,90.021,89.3,89.65,89150.0
2023-11-19 00:00:00+00:00,89.677,89.946,89.188,89.529,94619.0
2023-11-20 00:00:00+00:00,89.552,89.766,89.361,89.716,78230.0
2023-11-21 00:00:00+00:00,89.824,90.13,89.549,90.049,72784.0
2023-11-22 00:00:00+00:00,90.05,90.492,89.965,90.472,36050.0
2023-11-23 00:00:00+00:00,90.45,91.038,90.375,90.966,45339.0
2023-11-26 00:00:00+00:00,90.882,90.994,90.277,90.645,58842.0
2023-11-27 00:00:00+00:00,90.634,90.715,90.344,90.495,73056.0
2023-11-28 00:00:00+00:00,90.509,91.224,90.236,90.61,92359.0
2023-11-29 00:00:00+00:00,90.604,91.39,90.448,91.204,95670.0
2023-11-30 00:00:00+00:00,91.184,91.52,90.97,91.169,89525.0
2023-12-03 00:00:00+00:00,90.907,91.082,90.522,90.742,85393.0
2023-12-04 00:00:00+00:00,90.814,90.839,90.08,90.182,79184.0
2023-12-05 00:00:00+00:00,90.202,90.902,90.134,90.392,64539.0
2023-12-06 00:00:00+00:00,90.383,90.478,87.706,88.938,112684.0
2023-12-07 00:00:00+00:00,88.932,89.01,87.968,88.75,147189.0
2023-12-10 00:00:00+00:00,88.685,89.66,88.678,89.481,75461.0
2023-12-11 00:00:00+00:00,89.529,89.598,88.956,89.224,81573.0
2023-12-12 00:00:00+00:00,89.28,89.31,88.185,88.196,103216.0
2023-12-13 00:00:00+00:00,88.182,88.794,87.758,88.031,148525.0
2023-12-14 00:00:00+00:00,88.064,88.444,87.868,88.268,95370.0
2023-12-17 00:00:00+00:00,88.25,89.098,88.099,88.697,69129.0
2023-12-18 00:00:00+00:00,88.697,90.368,88.466,90.205,88370.0
2023-12-19 00:00:00+00:00,90.163,90.415,89.617,89.635,107484.0
2023-12-20 00:00:00+00:00,89.689,89.8,89.247,89.442,121871.0
2023-12-21 00:00:00+00:00,89.441,89.83,89.246,89.667,100883.0
2023-12-24 00:00:00+00:00,89.562,89.562,89.562,89.562,1.0
2023-12-25 00:00:00+00:00,89.853,90.204,89.543,90.068,38591.0
2023-12-26 00:00:00+00:00,90.1,90.423,89.662,89.836,44269.0
2023-12-27 00:00:00+00:00,89.841,90.072,89.044,89.532,100199.0
2023-12-28 00:00:00+00:00,89.571,89.899,89.066,89.119,103250.0
2023-12-31 00:00:00+00:00,89.132,89.132,89.132,89.132,1.0
2024-01-01 00:00:00+00:00,89.132,89.388,88.636,88.767,83934.0
2024-01-02 00:00:00+00:00,88.722,89.603,88.716,89.463,92238.0
2024-01-03 00:00:00+00:00,89.551,90.256,89.208,90.159,93284.0
2024-01-04 00:00:00+00:00,90.118,90.518,90.081,90.318,119645.0
2024-01-07 00:00:00+00:00,90.322,90.507,89.766,90.14,77644.0
2024-01-08 00:00:00+00:00,90.186,90.242,89.688,90.152,98668.0
2024-01-09 00:00:00+00:00,90.098,90.744,90.014,90.732,81004.0
2024-01-10 00:00:00+00:00,90.68,90.988,90.558,90.57,117344.0
2024-01-11 00:00:00+00:00,90.502,90.822,90.37,90.433,100589.0
2024-01-14 00:00:00+00:00,90.43,90.546,90.092,90.38,55495.0
2024-01-15 00:00:00+00:00,90.36,90.442,89.894,90.328,113918.0
2024-01-16 00:00:00+00:00,90.396,90.58,90.18,90.558,120149.0
2024-01-17 00:00:00+00:00,90.566,90.805,90.258,90.582,112641.0
2024-01-18 00:00:00+00:00,90.513,90.706,90.314,90.61,98100.0
2024-01-21 00:00:00+00:00,90.715,90.81,89.91,89.998,90537.0
2024-01-22 00:00:00+00:00,90.014,90.608,89.744,90.529,97946.0
2024-01-23 00:00:00+00:00,90.524,90.57,90.026,90.11,98310.0
2024-01-24 00:00:00+00:00,90.076,90.432,90.044,90.208,88277.0
2024-01-25 00:00:00+00:00,90.198,90.41,90.05,90.229,70821.0
2024-01-28 00:00:00+00:00,90.252,90.515,90.084,90.444,64231.0
2024-01-29 00:00:00+00:00,90.452,90.59,90.236,90.562,74992.0
2024-01-30 00:00:00+00:00,90.551,90.721,89.769,89.87,129540.0
2024-01-31 00:00:00+00:00,89.88,90.015,89.262,89.929,107816.0
2024-02-01 00:00:00+00:00,89.942,90.342,89.88,89.974,91319.0
2024-02-04 00:00:00+00:00,90.086,90.278,89.768,90.01,84981.0
2024-02-05 00:00:00+00:00,89.969,90.238,89.805,90.196,82423.0
2024-02-06 00:00:00+00:00,90.18,90.697,90.092,90.525,73623.0
2024-02-07 00:00:00+00:00,90.544,91.038,90.418,91.026,71314.0
2024-02-08 00:00:00+00:00,91.105,91.87,90.944,91.813,65948.0
2024-02-11 00:00:00+00:00,91.775,91.814,91.24,91.531,53874.0
2024-02-12 00:00:00+00:00,91.534,91.592,91.049,91.384,80913.0
2024-02-13 00:00:00+00:00,91.367,91.652,91.138,91.606,71358.0
2024-02-14 00:00:00+00:00,91.58,91.836,91.265,91.55,76609.0
2024-02-15 00:00:00+00:00,91.558,92.121,91.449,91.986,71885.0
2024-02-18 00:00:00+00:00,92.002,92.352,91.927,92.328,38194.0
2024-02-19 00:00:00+00:00,92.327,92.81,92.148,92.412,75166.0
2024-02-20 00:00:00+00:00,92.418,92.992,92.404,92.87,77742.0
2024-02-21 00:00:00+00:00,92.854,93.37,92.831,93.25,78975.0
2024-02-22 00:00:00+00:00,93.236,93.454,93.068,93.284,61177.0
2024-02-25 00:00:00+00:00,93.214,93.248,92.662,93.02,61999.0
2024-02-26 00:00:00+00:00,93.016,93.038,92.581,92.864,63565.0
2024-02-27 00:00:00+00:00,92.91,92.952,91.684,91.87,70971.0
2024-02-28 00:00:00+00:00,91.89,91.914,91.055,91.29,85870.0
2024-02-29 00:00:00+00:00,91.275,91.78,91.219,91.687,67626.0
2024-03-03 00:00:00+00:00,91.706,91.83,91.512,91.73,52195.0
2024-03-04 00:00:00+00:00,91.778,91.818,91.142,91.332,67265.0
2024-03-05 00:00:00+00:00,91.378,91.666,91.046,91.538,71938.0
2024-03-06 00:00:00+00:00,91.531,91.6,90.951,91.38,86791.0
2024-03-07 00:00:00+00:00,91.424,91.426,90.72,90.834,92699.0
2024-03-10 00:00:00+00:00,90.825,90.915,90.444,90.652,60651.0
2024-03-11 00:00:00+00:00,90.634,91.058,90.485,90.802,77144.0
2024-03-12 00:00:00+00:00,90.794,91.129,90.536,90.942,57257.0
2024-03-13 00:00:00+00:00,90.99,91.216,90.762,90.919,66125.0
2024-03-14 00:00:00+00:00,90.922,90.962,90.364,90.681,57950.0
2024-03-17 00:00:00+00:00,90.73,90.985,90.58,90.755,46071.0
2024-03-18 00:00:00+00:00,90.802,91.378,90.51,91.293,78852.0
2024-03-19 00:00:00+00:00,91.301,92.014,91.257,91.931,69559.0
2024-03-20 00:00:00+00:00,91.985,92.204,91.578,91.632,79189.0
2024-03-21 00:00:00+00:00,91.64,91.768,90.702,90.751,69871.0
2024-03-24 00:00:00+00:00,90.83,90.966,90.529,90.89,51171.0
2024-03-25 00:00:00+00:00,90.91,91.252,90.786,90.928,49594.0
2024-03-26 00:00:00+00:00,90.962,91.068,90.612,90.787,61499.0
2024-03-27 00:00:00+00:00,90.829,90.832,90.17,90.39,58457.0
2024-03-28 00:00:00+00:00,90.412,90.596,90.304,90.495,35596.0
2024-03-31 00:00:00+00:00,90.496,90.709,90.11,90.276,36251.0
2024-04-01 00:00:00+00:00,90.278,90.526,90.138,90.494,45168.0
2024-04-02 00:00:00+00:00,90.515,91.177,90.228,91.116,47144.0
2024-04-03 00:00:00+00:00,91.1,91.706,90.996,91.184,53826.0
2024-04-04 00:00:00+00:00,91.188,91.268,90.814,91.18,79995.0
2024-04-07 00:00:00+00:00,91.152,91.643,91.011,91.58,53151.0
2024-04-08 00:00:00+00:00,91.582,92.19,91.538,91.96,49108.0
2024-04-09 00:00:00+00:00,91.952,92.391,91.244,91.466,85996.0
2024-04-10 00:00:00+00:00,91.546,91.97,91.281,91.901,97124.0
2024-04-11 00:00:00+00:00,91.948,92.018,90.707,90.996,72854.0
2024-04-14 00:00:00+00:00,90.992,91.606,90.816,91.06,86435.0
2024-04-15 00:00:00+00:00,91.07,91.166,90.516,90.974,94994.0
2024-04-16 00:00:00+00:00,90.992,91.444,90.663,91.318,86917.0
2024-04-17 00:00:00+00:00,91.32,91.614,91.184,91.272,66775.0
2024-04-18 00:00:00+00:00,91.279,91.306,89.96,91.056,86180.0
2024-04-21 00:00:00+00:00,91.056,91.69,90.938,91.642,54625.0
2024-04-22 00:00:00+00:00,91.656,92.006,91.376,91.784,55480.0
2024-04-23 00:00:00+00:00,91.784,92.178,91.742,92.159,62265.0
2024-04-24 00:00:00+00:00,92.106,92.84,91.995,92.571,69152.0
2024-04-25 00:00:00+00:00,92.575,94.098,92.477,94.055,81887.0
2024-04-28 00:00:00+00:00,93.976,95.412,92.192,93.458,157246.0
2024-04-29 00:00:00+00:00,93.454,93.655,92.828,92.842,74546.0
2024-04-30 00:00:00+00:00,92.856,93.316,90.802,91.584,89506.0
2024-05-01 00:00:00+00:00,91.608,92.57,91.179,91.644,123824.0
2024-05-02 00:00:00+00:00,91.626,92.092,91.192,91.946,98474.0
2024-05-05 00:00:00+00:00,91.97,92.633,91.833,92.486,44378.0
2024-05-06 00:00:00+00:00,92.49,92.971,92.454,92.837,55224.0
2024-05-07 00:00:00+00:00,92.836,93.4,92.738,93.356,47929.0
2024-05-08 00:00:00+00:00,93.354,93.824,93.146,93.813,47285.0
2024-05-09 00:00:00+00:00,93.802,93.928,93.633,93.771,54945.0
2024-05-12 00:00:00+00:00,93.679,94.028,93.484,93.986,54703.0
2024-05-13 00:00:00+00:00,93.988,94.522,93.944,94.498,63847.0
2024-05-14 00:00:00+00:00,94.46,94.85,94.218,94.79,84866.0
2024-05-15 00:00:00+00:00,94.794,95.134,94.157,95.117,83924.0
2024-05-16 00:00:00+00:00,95.098,95.564,95.066,95.482,59776.0
2024-05-19 00:00:00+00:00,95.389,95.616,95.066,95.404,50806.0
2024-05-20 00:00:00+00:00,95.412,95.588,95.082,95.132,71574.0
2024-05-21 00:00:00+00:00,95.136,96.114,95.122,95.566,77818.0
2024-05-22 00:00:00+00:00,95.549,96.128,95.495,95.728,87188.0
2024-05-23 00:00:00+00:00,95.7,96.154,95.615,96.093,62250.0
2024-05-26 00:00:00+00:00,96.094,96.542,95.974,96.468,34345.0
2024-05-27 00:00:00+00:00,96.46,96.743,96.44,96.518,65085.0
2024-05-28 00:00:00+00:00,96.515,96.712,96.229,96.367,73999.0
2024-05-29 00:00:00+00:00,96.376,96.402,95.43,95.858,90197.0
2024-05-30 00:00:00+00:00,95.853,96.694,95.833,96.62,96320.0
2024-06-02 00:00:00+00:00,96.63,96.809,96.284,96.645,69007.0
2024-06-03 00:00:00+00:00,96.652,96.862,95.27,95.664,93761.0
2024-06-04 00:00:00+00:00,95.644,96.751,95.598,96.632,79132.0
2024-06-05 00:00:00+00:00,96.643,96.742,96.404,96.474,69545.0
2024-06-06 00:00:00+00:00,96.432,96.605,95.546,95.678,88031.0
2024-06-09 00:00:00+00:00,95.852,96.233,95.616,96.224,51511.0
2024-06-10 00:00:00+00:00,96.222,96.583,96.102,96.536,57878.0
2024-06-11 00:00:00+00:00,96.506,97.092,96.41,96.902,93514.0
2024-06-12 00:00:00+00:00,96.918,97.223,96.562,96.832,69902.0
2024-06-13 00:00:00+00:00,96.88,97.254,96.1,96.662,105273.0
2024-06-16 00:00:00+00:00,96.662,96.747,96.094,96.704,60014.0
2024-06-17 00:00:00+00:00,96.722,97.028,96.342,96.976,66660.0
2024-06-18 00:00:00+00:00,96.993,97.014,96.667,96.895,31200.0
2024-06-19 00:00:00+00:00,96.908,97.31,96.818,97.25,61723.0
2024-06-20 00:00:00+00:00,97.264,97.802,97.085,97.783,58706.0
2024-06-23 00:00:00+00:00,97.792,97.934,97.28,97.754,49614.0
2024-06-24 00:00:00+00:00,97.762,97.823,97.46,97.68,50619.0
2024-06-25 00:00:00+00:00,97.68,97.895,97.44,97.76,58754.0
2024-06-26 00:00:00+00:00,97.763,97.973,97.46,97.781,49184.0
2024-06-27 00:00:00+00:00,97.77,98.149,97.518,98.001,68840.0
2024-06-30 00:00:00+00:00,97.986,98.4,97.968,98.08,55278.0
2024-07-01 00:00:00+00:00,98.076,98.21,97.748,98.144,55558.0
2024-07-02 00:00:00+00:00,98.109,98.744,98.094,98.658,61455.0
2024-07-03 00:00:00+00:00,98.634,98.732,98.494,98.624,38001.0
2024-07-04 00:00:00+00:00,98.67,98.87,98.252,98.82,78613.0
2024-07-07 00:00:00+00:00,98.658,98.845,98.438,98.504,52961.0
2024-07-08 00:00:00+00:00,98.503,98.817,98.452,98.794,55309.0
2024-07-09 00:00:00+00:00,98.798,99.022,97.972,98.29,58135.0
2024-07-10 00:00:00+00:00,98.31,98.597,96.514,96.842,104247.0
2024-07-11 00:00:00+00:00,96.808,97.258,96.096,96.606,129717.0
2024-07-14 00:00:00+00:00,96.604,96.673,95.834,96.036,69788.0
2024-07-15 00:00:00+00:00,96.028,96.202,95.724,95.822,71938.0
2024-07-16 00:00:00+00:00,95.739,96.406,94.782,94.978,113830.0
2024-07-17 00:00:00+00:00,94.968,95.295,94.438,95.114,120837.0
2024-07-18 00:00:00+00:00,95.179,95.207,94.576,94.628,85660.0
2024-07-21 00:00:00+00:00,94.626,94.836,93.658,93.89,75404.0
2024-07-22 00:00:00+00:00,93.873,93.922,92.616,92.666,64346.0
2024-07-23 00:00:00+00:00,92.651,92.794,90.998,91.23,94643.0
2024-07-24 00:00:00+00:00,91.218,91.328,89.8,90.596,150133.0
2024-07-25 00:00:00+00:00,90.663,91.19,90.278,90.534,104966.0
2024-07-28 00:00:00+00:00,90.613,90.94,90.195,90.493,84484.0
2024-07-29 00:00:00+00:00,90.495,91.528,90.094,90.169,88093.0
2024-07-30 00:00:00+00:00,90.163,90.86,88.697,89.219,187071.0
2024-07-31 00:00:00+00:00,89.219,89.971,88.546,88.844,159015.0
2024-08-01 00:00:00+00:00,88.823,89.076,87.284,87.292,181221.0
2024-08-04 00:00:00+00:00,87.288,87.355,83.058,85.632,287143.0
2024-08-05 00:00:00+00:00,85.621,87.234,85.354,85.916,211660.0
2024-08-06 00:00:00+00:00,85.908,88.991,85.85,87.906,194921.0
2024-08-07 00:00:00+00:00,87.92,88.571,87.107,88.558,174022.0
2024-08-08 00:00:00+00:00,88.548,88.968,87.922,87.962,135707.0
2024-08-11 00:00:00+00:00,87.851,89.373,87.851,88.57,55941.0
2024-08-12 00:00:00+00:00,88.59,89.395,88.468,89.238,65728.0
2024-08-13 00:00:00+00:00,89.228,89.504,88.003,88.31,82207.0
2024-08-14 00:00:00+00:00,88.357,89.574,88.174,89.328,68401.0
2024-08-15 00:00:00+00:00,89.382,89.77,88.944,89.358,60747.0
2024-08-18 00:00:00+00:00,89.334,89.686,88.24,89.621,77299.0
2024-08-19 00:00:00+00:00,89.6,90.226,89.287,89.385,117190.0
2024-08-20 00:00:00+00:00,89.384,90.148,89.184,89.418,120091.0
2024-08-21 00:00:00+00:00,89.416,89.968,89.192,89.83,84124.0
2024-08-22 00:00:00+00:00,89.794,90.278,89.412,90.008,84327.0
2024-08-25 00:00:00+00:00,89.798,89.92,89.13,89.66,64761.0
2024-08-26 00:00:00+00:00,89.658,90.31,89.538,90.004,66512.0
2024-08-27 00:00:00+00:00,89.996,90.456,89.764,90.244,60293.0
2024-08-28 00:00:00+00:00,90.247,91.17,90.092,90.74,81258.0
2024-08-29 00:00:00+00:00,90.752,91.421,90.606,91.36,69472.0
2024-09-01 00:00:00+00:00,91.263,91.66,90.892,91.54,39671.0
2024-09-02 00:00:00+00:00,91.541,91.618,89.926,90.0,78169.0
2024-09-03 00:00:00+00:00,90.017,90.1,89.037,89.07,87360.0
2024-09-04 00:00:00+00:00,89.017,89.518,88.622,89.271,77060.0
2024-09-05 00:00:00+00:00,89.267,89.422,87.7,87.868,110106.0
2024-09-08 00:00:00+00:00,87.895,88.417,87.612,87.97,63686.0
2024-09-09 00:00:00+00:00,87.974,88.404,87.467,87.597,61018.0
2024-09-10 00:00:00+00:00,87.604,87.643,86.314,87.317,114069.0
2024-09-11 00:00:00+00:00,87.324,87.968,87.158,87.68,92051.0
2024-09-12 00:00:00+00:00,87.673,87.74,86.52,86.718,85503.0
2024-09-15 00:00:00+00:00,86.734,87.198,86.273,87.194,62865.0
2024-09-16 00:00:00+00:00,87.197,88.104,86.846,88.052,71051.0
2024-09-17 00:00:00+00:00,88.06,88.388,87.499,88.286,139593.0
2024-09-18 00:00:00+00:00,88.306,89.692,88.104,88.975,131462.0
2024-09-19 00:00:00+00:00,88.979,89.95,88.576,89.768,134036.0
2024-09-22 00:00:00+00:00,89.714,90.35,89.373,89.976,74252.0
2024-09-23 00:00:00+00:00,89.989,91.098,89.797,90.783,79432.0
2024-09-24 00:00:00+00:00,90.758,91.222,90.558,90.612,72588.0
2024-09-25 00:00:00+00:00,90.612,91.678,90.444,91.62,92236.0
2024-09-26 00:00:00+00:00,91.62,92.294,90.056,90.188,154040.0
2024-09-29 00:00:00+00:00,90.101,91.346,90.101,91.186,134974.0
2024-09-30 00:00:00+00:00,91.146,91.506,89.869,90.164,148928.0
2024-10-01 00:00:00+00:00,90.162,91.749,90.073,91.693,107679.0
2024-10-02 00:00:00+00:00,91.698,91.968,91.137,91.284,119299.0
2024-10-03 00:00:00+00:00,91.261,91.763,90.644,91.59,109288.0
2024-10-06 00:00:00+00:00,91.59,91.925,90.492,90.752,109445.0
2024-10-07 00:00:00+00:00,90.746,90.992,90.122,90.959,119021.0
2024-10-08 00:00:00+00:00,91.01,91.054,90.106,90.504,109035.0
2024-10-09 00:00:00+00:00,90.486,91.06,90.195,90.526,131155.0
2024-10-10 00:00:00+00:00,90.518,91.236,90.476,91.124,87484.0
2024-10-13 00:00:00+00:00,90.862,91.362,90.774,91.28,66456.0
2024-10-14 00:00:00+00:00,91.283,91.314,90.604,90.774,96201.0
2024-10-15 00:00:00+00:00,90.769,90.88,90.071,90.606,86710.0
2024-10-16 00:00:00+00:00,90.586,91.114,90.447,91.022,99177.0
2024-10-17 00:00:00+00:00,91.016,91.168,90.68,90.798,80863.0
2024-10-20 00:00:00+00:00,90.792,90.99,90.566,90.947,82145.0
2024-10-21 00:00:00+00:00,90.94,91.49,90.688,91.31,90194.0
2024-10-22 00:00:00+00:00,91.322,92.048,91.258,91.68,97796.0
2024-10-23 00:00:00+00:00,91.667,91.822,91.047,91.31,108091.0
2024-10-24 00:00:00+00:00,91.337,91.468,90.778,91.038,89168.0
2024-10-27 00:00:00+00:00,91.702,91.862,91.17,91.666,105434.0
2024-10-28 00:00:00+00:00,91.712,91.775,91.237,91.61,121797.0
2024-10-29 00:00:00+00:00,91.603,91.825,91.241,91.594,133704.0
2024-10-30 00:00:00+00:00,91.617,91.826,90.427,90.855,160057.0
2024-10-31 00:00:00+00:00,90.897,91.506,90.666,91.222,142831.0
2024-11-03 00:00:00+00:00,91.439,91.458,90.788,90.855,131097.0
2024-11-04 00:00:00+00:00,90.858,91.388,90.744,91.071,112651.0
2024-11-05 00:00:00+00:00,91.062,91.974,90.958,91.788,304627.0
2024-11-06 00:00:00+00:00,91.817,92.468,91.603,92.14,187154.0
2024-11-07 00:00:00+00:00,92.154,92.29,90.822,91.08,162224.0
2024-11-10 00:00:00+00:00,91.035,91.841,90.994,91.679,100730.0
2024-11-11 00:00:00+00:00,91.636,91.903,91.357,91.624,141837.0
2024-11-12 00:00:00+00:00,91.614,91.952,91.278,91.387,148724.0
2024-11-13 00:00:00+00:00,91.423,91.71,91.287,91.406,153348.0
2024-11-14 00:00:00+00:00,91.45,91.717,90.248,90.55,141538.0
2024-11-17 00:00:00+00:00,90.541,91.166,90.328,91.153,131267.0
2024-11-18 00:00:00+00:00,91.083,91.467,90.126,91.428,168544.0
2024-11-19 00:00:00+00:00,91.395,91.81,90.956,91.316,107370.0
2024-11-20 00:00:00+00:00,91.336,91.362,90.338,90.546,148514.0
2024-11-21 00:00:00+00:00,90.52,90.568,89.99,90.31,153468.0
2024-11-24 00:00:00+00:00,90.28,90.55,89.922,90.11,143672.0
2024-11-25 00:00:00+00:00,90.118,90.199,89.156,89.334,154637.0
2024-11-26 00:00:00+00:00,89.31,89.892,88.854,89.054,153097.0
2024-11-27 00:00:00+00:00,89.048,89.514,88.944,89.242,85770.0
2024-11-28 00:00:00+00:00,89.293,89.332,88.468,88.7,165399.0
2024-12-01 00:00:00+00:00,88.437,88.91,87.634,88.08,154760.0
2024-12-02 00:00:00+00:00,88.037,88.536,87.336,87.976,118748.0
2024-12-03 00:00:00+00:00,87.956,88.242,87.279,88.104,131523.0
2024-12-04 00:00:00+00:00,88.098,88.474,87.865,88.34,91487.0
2024-12-05 00:00:00+00:00,88.361,88.406,87.281,87.489,102705.0
2024-12-08 00:00:00+00:00,87.601,88.99,87.02,88.68,84051.0
2024-12-09 00:00:00+00:00,88.651,88.769,88.022,88.127,86442.0
2024-12-10 00:00:00+00:00,88.155,88.394,87.246,88.168,107343.0
2024-12-11 00:00:00+00:00,88.174,88.718,87.873,88.046,105397.0
2024-12-12 00:00:00+00:00,88.064,88.673,87.912,88.544,81461.0
2024-12-15 00:00:00+00:00,88.524,89.219,88.473,89.124,71075.0
2024-12-16 00:00:00+00:00,89.126,89.306,88.2,88.302,77623.0
2024-12-17 00:00:00+00:00,88.315,88.537,86.992,87.03,96121.0
2024-12-18 00:00:00+00:00,87.048,89.202,86.726,88.636,147186.0
2024-12-19 00:00:00+00:00,88.601,88.807,88.116,88.48,128675.0
2024-12-22 00:00:00+00:00,88.478,88.786,88.274,88.738,70534.0
2024-12-23 00:00:00+00:00,88.736,88.894,88.49,88.671,60274.0
2024-12-25 00:00:00+00:00,88.838,89.094,88.614,88.82,65440.0
2024-12-26 00:00:00+00:00,88.81,89.04,88.486,88.918,83871.0
2024-12-29 00:00:00+00:00,88.904,89.44,88.346,88.458,63068.0
2024-12-30 00:00:00+00:00,88.45,88.56,87.772,87.932,84070.0
2025-01-01 00:00:00+00:00,87.931,88.488,87.724,88.152,96386.0
2025-01-02 00:00:00+00:00,88.115,88.327,87.92,88.294,68184.0
2025-01-05 00:00:00+00:00,88.29,89.268,88.216,88.946,109775.0
2025-01-06 00:00:00+00:00,88.944,89.704,88.85,89.052,102998.0
2025-01-07 00:00:00+00:00,89.028,89.2,88.557,88.799,104122.0
2025-01-08 00:00:00+00:00,88.823,88.849,88.14,88.526,67186.0
2025-01-09 00:00:00+00:00,88.5,88.618,87.482,87.638,112724.0
2025-01-12 00:00:00+00:00,87.62,87.928,87.056,87.92,92391.0
2025-01-13 00:00:00+00:00,87.949,88.73,87.888,88.532,103890.0
2025-01-14 00:00:00+00:00,88.529,88.584,87.774,87.846,89016.0
2025-01-15 00:00:00+00:00,87.834,88.086,86.939,86.974,97763.0
2025-01-16 00:00:00+00:00,86.97,87.556,86.69,87.24,83116.0
2025-01-19 00:00:00+00:00,87.41,88.382,87.214,88.273,100729.0
2025-01-20 00:00:00+00:00,88.266,88.357,87.592,88.314,135424.0
2025-01-21 00:00:00+00:00,88.289,88.799,87.978,88.645,88698.0
2025-01-22 00:00:00+00:00,88.614,88.829,88.295,88.561,87115.0
2025-01-23 00:00:00+00:00,88.581,89.279,88.385,89.07,119266.0
2025-01-26 00:00:00+00:00,88.788,88.847,87.576,87.964,112593.0
2025-01-27 00:00:00+00:00,87.916,88.249,87.702,88.12,92681.0
2025-01-28 00:00:00+00:00,88.16,88.187,87.536,87.824,95790.0
2025-01-29 00:00:00+00:00,87.812,87.928,86.792,86.93,97301.0
2025-01-30 00:00:00+00:00,86.928,87.956,86.654,87.482,118291.0
2025-02-02 00:00:00+00:00,86.402,87.194,85.696,87.084,179095.0
2025-02-03 00:00:00+00:00,87.11,87.471,86.446,87.204,110632.0
2025-02-04 00:00:00+00:00,87.181,87.253,86.562,86.753,118594.0
2025-02-05 00:00:00+00:00,86.772,86.87,85.757,85.941,93003.0
2025-02-06 00:00:00+00:00,85.953,86.439,85.272,85.686,119188.0
2025-02-09 00:00:00+00:00,85.334,86.233,85.324,85.737,83763.0
2025-02-10 00:00:00+00:00,85.736,86.334,85.416,86.218,86716.0
2025-02-11 00:00:00+00:00,86.22,87.4,86.165,87.078,114470.0
2025-02-12 00:00:00+00:00,87.084,87.393,86.304,86.77,120855.0
2025-02-13 00:00:00+00:00,86.759,87.407,86.658,87.282,100997.0
2025-02-16 00:00:00+00:00,87.089,87.34,86.8,86.895,75778.0
2025-02-17 00:00:00+00:00,86.914,86.918,86.378,86.735,91420.0
2025-02-18 00:00:00+00:00,86.695,87.033,86.17,86.386,86010.0
2025-02-19 00:00:00+00:00,86.409,86.444,85.728,86.212,107151.0
2025-02-20 00:00:00+00:00,86.237,86.9,85.458,85.73,108600.0
2025-02-23 00:00:00+00:00,85.687,86.161,85.572,85.826,119694.0
2025-02-24 00:00:00+00:00,85.814,86.034,84.93,85.315,121629.0
2025-02-25 00:00:00+00:00,85.322,85.466,84.732,84.892,121722.0
2025-02-26 00:00:00+00:00,84.904,85.267,84.271,84.354,137695.0
2025-02-27 00:00:00+00:00,84.365,84.605,83.662,84.312,142985.0
2025-03-02 00:00:00+00:00,84.424,84.873,83.56,83.964,158469.0
2025-03-03 00:00:00+00:00,83.955,84.907,83.149,84.848,199768.0
2025-03-04 00:00:00+00:00,84.833,85.316,84.41,85.239,180848.0
2025-03-05 00:00:00+00:00,85.234,85.636,84.532,84.862,193177.0
2025-03-06 00:00:00+00:00,84.86,84.978,83.778,84.54,179773.0
2025-03-09 00:00:00+00:00,84.396,84.644,83.696,83.917,168064.0
2025-03-10 00:00:00+00:00,83.932,84.656,83.312,84.464,180868.0
2025-03-11 00:00:00+00:00,84.471,85.17,84.341,84.936,140894.0
2025-03-12 00:00:00+00:00,84.94,85.168,84.017,84.194,130782.0
2025-03-13 00:00:00+00:00,84.235,85.541,84.146,85.454,109711.0
2025-03-16 00:00:00+00:00,85.475,86.902,85.37,86.838,108952.0
2025-03-17 00:00:00+00:00,86.833,87.373,86.678,86.866,98471.0
2025-03-18 00:00:00+00:00,86.893,87.178,86.314,86.476,105293.0
2025-03-19 00:00:00+00:00,86.502,86.706,85.039,85.67,101642.0
2025-03-20 00:00:00+00:00,85.663,86.145,85.212,85.587,97773.0
2025-03-23 00:00:00+00:00,85.626,86.334,85.596,86.318,86867.0
2025-03-24 00:00:00+00:00,86.32,86.394,85.822,85.938,81596.0
2025-03-25 00:00:00+00:00,85.946,86.66,85.793,86.237,90722.0
2025-03-26 00:00:00+00:00,86.274,86.872,85.886,86.682,102473.0
2025-03-27 00:00:00+00:00,86.682,86.714,85.5,85.642,105414.0
2025-03-30 00:00:00+00:00,85.664,85.684,84.648,85.151,122599.0
2025-03-31 00:00:00+00:00,85.13,85.371,84.585,85.282,122249.0
2025-04-01 00:00:00+00:00,85.285,86.759,85.218,85.741,114354.0
2025-04-02 00:00:00+00:00,85.806,85.806,84.268,84.632,235345.0
2025-04-03 00:00:00+00:00,84.66,84.744,81.092,82.27,333090.0
2025-04-06 00:00:00+00:00,81.132,83.336,80.316,81.892,403567.0
2025-04-07 00:00:00+00:00,81.888,82.93,80.74,80.942,216503.0
2025-04-08 00:00:00+00:00,80.948,83.79,79.812,83.382,313466.0
2025-04-09 00:00:00+00:00,83.414,83.847,82.218,82.9,216758.0
2025-04-10 00:00:00+00:00,82.898,83.828,82.256,83.592,268198.0
2025-04-13 00:00:00+00:00,83.791,84.336,83.25,84.054,164775.0
2025-04-14 00:00:00+00:00,84.058,85.03,83.922,84.468,119777.0
2025-04-15 00:00:00+00:00,84.448,84.64,83.94,84.15,158532.0
2025-04-16 00:00:00+00:00,84.165,85.232,83.992,85.072,131908.0
2025-04-17 00:00:00+00:00,85.044,85.069,84.298,84.42,229110.0
2025-04-20 00:00:00+00:00,84.42,84.775,84.021,84.513,103338.0
2025-04-21 00:00:00+00:00,84.507,84.728,84.052,84.416,98081.0
2025-04-22 00:00:00+00:00,84.414,85.558,84.4,85.244,149837.0
2025-04-23 00:00:00+00:00,85.238,85.593,84.812,85.522,83139.0
2025-04-24 00:00:00+00:00,85.518,86.068,85.292,85.672,89964.0
2025-04-27 00:00:00+00:00,85.649,85.764,84.784,84.924,84238.0
2025-04-28 00:00:00+00:00,84.928,85.119,84.212,84.418,79282.0
2025-04-29 00:00:00+00:00,84.429,84.98,84.22,84.84,78624.0
2025-04-30 00:00:00+00:00,84.844,86.096,84.82,85.874,86856.0
2025-05-01 00:00:00+00:00,85.876,86.444,85.788,86.19,106004.0
2025-05-04 00:00:00+00:00,85.963,86.356,85.714,85.747,74917.0
2025-05-05 00:00:00+00:00,85.754,86.016,85.268,85.547,80968.0
2025-05-06 00:00:00+00:00,85.561,86.188,85.28,85.416,103350.0
2025-05-07 00:00:00+00:00,85.446,86.276,85.368,86.162,104089.0
2025-05-08 00:00:00+00:00,86.127,86.186,85.44,85.918,98362.0
2025-05-11 00:00:00+00:00,86.599,87.23,86.216,86.917,187685.0
2025-05-12 00:00:00+00:00,86.905,87.73,86.503,87.562,147542.0
2025-05-13 00:00:00+00:00,87.558,87.688,86.497,86.534,159898.0
2025-05-14 00:00:00+00:00,86.539,86.738,85.423,85.62,149325.0
2025-05-15 00:00:00+00:00,85.563,85.968,85.068,85.659,127703.0
2025-05-18 00:00:00+00:00,85.576,85.968,85.34,85.906,133590.0
2025-05-19 00:00:00+00:00,85.89,86.184,85.331,85.619,144099.0
2025-05-20 00:00:00+00:00,85.602,85.748,85.233,85.298,170018.0
2025-05-21 00:00:00+00:00,85.3,85.632,84.61,84.949,166168.0
2025-05-22 00:00:00+00:00,84.956,85.446,84.696,85.338,139852.0
2025-05-25 00:00:00+00:00,85.321,86.048,85.218,85.696,75181.0
2025-05-26 00:00:00+00:00,85.716,85.97,85.184,85.843,101009.0
2025-05-27 00:00:00+00:00,85.845,86.432,85.478,86.42,124361.0
2025-05-28 00:00:00+00:00,86.398,87.018,86.014,86.04,133999.0
2025-05-29 00:00:00+00:00,86.042,86.178,85.447,85.922,106392.0
2025-06-01 00:00:00+00:00,85.881,86.248,85.763,86.128,106803.0
2025-06-02 00:00:00+00:00,86.091,86.537,85.544,86.364,111339.0
2025-06-03 00:00:00+00:00,86.363,86.824,85.989,86.018,102314.0
2025-06-04 00:00:00+00:00,86.042,87.019,85.976,86.66,131246.0
2025-06-05 00:00:00+00:00,86.646,87.268,86.57,87.152,123937.0
2025-06-08 00:00:00+00:00,87.163,87.548,87.063,87.448,89684.0
2025-06-09 00:00:00+00:00,87.435,87.734,87.212,87.682,114599.0
2025-06-10 00:00:00+00:00,87.693,87.918,87.067,87.144,118392.0
2025-06-11 00:00:00+00:00,87.169,87.24,86.514,87.082,135843.0
2025-06-12 00:00:00+00:00,87.076,87.181,85.842,86.722,192420.0
2025-06-15 00:00:00+00:00,86.579,87.784,86.564,87.718,146046.0
2025-06-16 00:00:00+00:00,87.69,87.996,87.282,87.374,141600.0
2025-06-17 00:00:00+00:00,87.366,87.554,87.12,87.454,143722.0
2025-06-18 00:00:00+00:00,87.45,87.498,86.65,87.165,116477.0
2025-06-19 00:00:00+00:00,87.166,87.388,86.984,87.184,126811.0
2025-06-22 00:00:00+00:00,87.264,87.394,86.814,87.35,169031.0
2025-06-23 00:00:00+00:00,87.316,87.601,86.966,87.047,141362.0
2025-06-24 00:00:00+00:00,87.078,87.795,86.99,87.7,101630.0
2025-06-25 00:00:00+00:00,87.7,87.776,87.164,87.454,119935.0
2025-06-26 00:00:00+00:00,87.471,87.81,87.405,87.608,110588.0
2025-06-29 00:00:00+00:00,87.376,87.889,87.294,87.8,107933.0
2025-06-30 00:00:00+00:00,87.756,87.788,87.218,87.416,102794.0
2025-07-01 00:00:00+00:00,87.423,87.69,87.028,87.476,92268.0
2025-07-02 00:00:00+00:00,87.518,88.054,87.218,87.961,76876.0
2025-07-03 00:00:00+00:00,87.972,88.024,87.442,87.553,80343.0
2025-07-06 00:00:00+00:00,87.561,87.777,87.046,87.536,76962.0
2025-07-07 00:00:00+00:00,87.583,88.216,87.5,87.896,68220.0
2025-07-08 00:00:00+00:00,87.92,88.336,87.704,87.752,65443.0
2025-07-09 00:00:00+00:00,87.828,88.267,87.554,88.258,48670.0
2025-07-10 00:00:00+00:00,88.258,88.626,87.982,88.564,48797.0
2025-07-13 00:00:00+00:00,88.36,88.508,87.987,88.232,41731.0
2025-07-14 00:00:00+00:00,88.218,88.905,88.199,88.482,42146.0
2025-07-15 00:00:00+00:00,88.553,88.85,87.556,87.912,75320.0
2025-07-16 00:00:00+00:00,87.908,88.172,87.78,88.14,45170.0
2025-07-17 00:00:00+00:00,88.142,88.81,88.094,88.704,38401.0
2025-07-20 00:00:00+00:00,88.356,88.654,87.918,87.932,46501.0
2025-07-21 00:00:00+00:00,87.981,88.092,87.444,88.008,42008.0
2025-07-22 00:00:00+00:00,88.002,88.643,87.77,88.546,64581.0
2025-07-23 00:00:00+00:00,88.574,88.77,88.286,88.624,53875.0
2025-07-24 00:00:00+00:00,88.655,88.898,88.52,88.848,46336.0
2025-07-27 00:00:00+00:00,88.858,89.066,88.5,88.678,49631.0
2025-07-28 00:00:00+00:00,88.691,88.754,88.341,88.398,40802.0
2025-07-29 00:00:00+00:00,88.426,88.464,87.907,88.126,53699.0
2025-07-30 00:00:00+00:00,88.148,88.898,87.862,88.776,55482.0
2025-07-31 00:00:00+00:00,88.828,88.857,87.056,87.21,77483.0
2025-08-03 00:00:00+00:00,87.049,87.518,86.672,86.886,43049.0
2025-08-04 00:00:00+00:00,86.892,87.098,86.668,87.074,41964.0
2025-08-05 00:00:00+00:00,87.145,87.579,86.952,87.336,34159.0
2025-08-06 00:00:00+00:00,87.37,87.796,87.238,87.716,48465.0
2025-08-07 00:00:00+00:00,87.7,88.132,87.549,87.961,32634.0
2025-08-10 00:00:00+00:00,87.973,87.996,87.546,87.964,23366.0
2025-08-11 00:00:00+00:00,87.972,88.206,87.784,88.034,40642.0
2025-08-12 00:00:00+00:00,88.022,88.356,87.926,88.06,25541.0
2025-08-13 00:00:00+00:00,88.074,88.11,87.106,87.434,43420.0
2025-08-14 00:00:00+00:00,87.424,87.556,86.981,87.152,28561.0
2025-08-17 00:00:00+00:00,87.174,87.697,87.136,87.554,25657.0
2025-08-18 00:00:00+00:00,87.569,87.692,86.899,87.015,28974.0
2025-08-19 00:00:00+00:00,87.087,87.144,85.556,85.754,37731.0
2025-08-20 00:00:00+00:00,85.763,86.362,85.706,86.333,33378.0
2025-08-21 00:00:00+00:00,86.3,86.472,85.992,86.222,40276.0
2025-08-24 00:00:00+00:00,86.214,86.654,86.155,86.42,28183.0
2025-08-25 00:00:00+00:00,86.418,86.581,86.001,86.4,36823.0
2025-08-26 00:00:00+00:00,86.403,86.502,86.164,86.343,30825.0
2025-08-27 00:00:00+00:00,86.346,86.51,86.127,86.47,30783.0
2025-08-28 00:00:00+00:00,86.406,86.776,86.372,86.7,29530.0
2025-08-31 00:00:00+00:00,86.614,86.999,86.577,86.874,21083.0
2025-09-01 00:00:00+00:00,86.893,87.171,86.8,87.001,39749.0
2025-09-02 00:00:00+00:00,86.985,87.281,86.924,87.06,32324.0
2025-09-03 00:00:00+00:00,87.002,87.134,86.668,86.794,34837.0
2025-09-04 00:00:00+00:00,86.804,87.14,86.63,86.879,38891.0
2025-09-07 00:00:00+00:00,87.338,87.791,87.126,87.63,33606.0
2025-09-08 00:00:00+00:00,87.583,87.659,87.162,87.342,45140.0
2025-09-09 00:00:00+00:00,87.366,87.86,87.313,87.574,45081.0
2025-09-10 00:00:00+00:00,87.559,88.007,87.484,88.0,57503.0
2025-09-11 00:00:00+00:00,87.922,88.128,87.854,87.966,46001.0
2025-09-14 00:00:00+00:00,87.949,88.034,87.746,88.005,42774.0
2025-09-15 00:00:00+00:00,88.003,88.016,87.541,87.69,68853.0
2025-09-16 00:00:00+00:00,87.7,87.738,87.274,87.614,80744.0
2025-09-17 00:00:00+00:00,87.627,87.682,86.838,87.05,86940.0
2025-09-18 00:00:00+00:00,87.044,87.195,86.487,86.662,68844.0
2025-09-21 00:00:00+00:00,86.662,86.965,86.494,86.696,48290.0
2025-09-22 00:00:00+00:00,86.695,86.724,86.356,86.501,56922.0
2025-09-23 00:00:00+00:00,86.429,86.742,86.346,86.547,54360.0
2025-09-24 00:00:00+00:00,86.542,86.721,86.233,86.388,71293.0
2025-09-25 00:00:00+00:00,86.466,86.472,86.218,86.333,65723.0
2025-09-28 00:00:00+00:00,86.351,86.482,85.828,85.828,47625.0
2025-09-29 00:00:00+00:00,85.907,86.134,85.658,85.696,59220.0
2025-09-30 00:00:00+00:00,85.702,85.844,85.379,85.521,75752.0
2025-10-01 00:00:00+00:00,85.474,85.989,85.42,85.66,58710.0
2025-10-02 00:00:00+00:00,85.658,86.064,85.583,86.006,52298.0
2025-10-05 00:00:00+00:00,86.912,87.858,86.709,87.832,76619.0
2025-10-06 00:00:00+00:00,87.811,88.133,87.419,88.08,48858.0
2025-10-07 00:00:00+00:00,88.104,88.349,87.446,88.34,50336.0
2025-10-08 00:00:00+00:00,88.345,88.576,87.816,87.942,56885.0
2025-10-09 00:00:00+00:00,87.945,88.058,86.472,86.502,73171.0
2025-10-12 00:00:00+00:00,87.207,87.458,86.894,87.196,53410.0
2025-10-13 00:00:00+00:00,87.168,87.33,86.33,86.75,64418.0
2025-10-14 00:00:00+00:00,86.775,86.84,86.238,86.448,50141.0
2025-10-15 00:00:00+00:00,86.468,86.877,85.936,86.106,55924.0
2025-10-16 00:00:00+00:00,86.082,86.376,85.35,86.228,65815.0
2025-10-19 00:00:00+00:00,86.196,86.79,86.041,86.583,40318.0
2025-10-20 00:00:00+00:00,86.517,87.296,86.329,87.227,60623.0
2025-10-21 00:00:00+00:00,87.156,87.487,86.958,87.175,49932.0
2025-10-22 00:00:00+00:00,87.21,87.846,87.134,87.76,43914.0
2025-10-23 00:00:00+00:00,87.748,88.021,87.646,87.874,43502.0
2025-10-26 00:00:00+00:00,88.319,88.394,87.95,88.194,51928.0
2025-10-27 00:00:00+00:00,88.19,88.262,87.55,87.933,38081.0
2025-10-28 00:00:00+00:00,87.932,88.218,87.604,87.998,65088.0
2025-10-29 00:00:00+00:00,87.996,88.829,87.926,88.502,64791.0
2025-10-30 00:00:00+00:00,88.514,88.515,88.018,88.172,41255.0
2025-11-02 00:00:00+00:00,88.11,88.339,87.686,88.004,31398.0
2025-11-03 00:00:00+00:00,88.015,88.063,86.593,86.706,55960.0
2025-11-04 00:00:00+00:00,86.899,87.302,86.156,87.239,49126.0
2025-11-05 00:00:00+00:00,87.2,87.318,86.007,86.242,43839.0
2025-11-06 00:00:00+00:00,86.265,86.45,85.886,86.324,64407.0
2025-11-09 00:00:00+00:00,86.53,87.12,86.34,87.0,45912.0
2025-11-10 00:00:00+00:00,87.016,87.29,86.837,87.152,31997.0
2025-11-11 00:00:00+00:00,87.126,87.735,87.086,87.708,37177.0
2025-11-12 00:00:00+00:00,87.724,87.847,87.227,87.374,49372.0
2025-11-13 00:00:00+00:00,87.47,87.957,87.306,87.782,54360.0
2025-11-16 00:00:00+00:00,87.79,88.082,87.524,87.838,36871.0
2025-11-17 00:00:00+00:00,87.856,88.237,87.354,87.984,54898.0
2025-11-18 00:00:00+00:00,88.015,88.1,87.414,88.044,51418.0
2025-11-19 00:00:00+00:00,88.057,88.856,87.898,87.918,65662.0
2025-11-20 00:00:00+00:00,88.046,88.134,87.304,87.796,65644.0
2025-11-23 00:00:00+00:00,87.778,88.112,87.694,88.036,42442.0
2025-11-24 00:00:00+00:00,88.016,88.104,87.236,87.712,47899.0
2025-11-25 00:00:00+00:00,87.646,89.178,87.618,89.149,60150.0
2025-11-26 00:00:00+00:00,89.206,89.556,88.99,89.546,19791.0
2025-11-27 00:00:00+00:00,89.488,89.659,89.09,89.58,230543.0
2025-11-30 00:00:00+00:00,89.408,89.592,88.88,89.072,61144.0
2025-12-01 00:00:00+00:00,89.008,89.565,88.996,89.432,34280.0
2025-12-02 00:00:00+00:00,89.408,89.682,89.062,89.612,35765.0
2025-12-03 00:00:00+00:00,89.609,89.754,89.133,89.371,51567.0
2025-12-04 00:00:00+00:00,89.388,89.798,89.184,89.732,58781.0
2025-12-07 00:00:00+00:00,89.701,90.083,89.535,90.047,46038.0
2025-12-08 00:00:00+00:00,90.045,90.897,89.95,90.696,47575.0
2025-12-09 00:00:00+00:00,90.626,90.779,90.237,90.721,64877.0
2025-12-10 00:00:00+00:00,90.689,90.716,90.144,90.366,63224.0
2025-12-11 00:00:00+00:00,90.364,90.704,90.154,90.46,51629.0
2025-12-14 00:00:00+00:00,90.425,90.508,89.54,89.754,50857.0
2025-12-15 00:00:00+00:00,89.717,89.836,89.225,89.472,56918.0
2025-12-16 00:00:00+00:00,89.46,90.068,89.306,89.873,51852.0
2025-12-17 00:00:00+00:00,89.871,89.964,89.601,89.837,44260.0
2025-12-18 00:00:00+00:00,89.772,90.825,89.718,90.788,54176.0
2025-12-21 00:00:00+00:00,90.739,91.138,90.492,90.968,43431.0
2025-12-22 00:00:00+00:00,90.914,91.262,90.614,91.239,37168.0
2025-12-23 00:00:00+00:00,91.23,91.272,90.83,90.988,69172.0
2025-12-25 00:00:00+00:00,91.065,91.366,90.872,91.294,38468.0
2025-12-28 00:00:00+00:00,91.203,91.275,90.477,90.565,59177.0
2025-12-29 00:00:00+00:00,90.527,90.824,90.393,90.614,39114.0
2025-12-30 00:00:00+00:00,90.556,90.606,90.058,90.19,25217.0
2026-01-01 00:00:00+00:00,90.261,90.6,90.146,90.484,26879.0
2026-01-04 00:00:00+00:00,90.374,90.565,90.097,90.535,43907.0
2026-01-05 00:00:00+00:00,90.491,90.824,90.396,90.61,38560.0
2026-01-06 00:00:00+00:00,90.578,90.766,90.347,90.463,35847.0
2026-01-07 00:00:00+00:00,90.51,90.568,89.97,90.232,35642.0
2026-01-08 00:00:00+00:00,90.216,90.602,90.112,90.528,49644.0
2026-01-11 00:00:00+00:00,90.541,91.33,90.516,91.283,40234.0
2026-01-12 00:00:00+00:00,91.286,91.798,91.166,91.309,54515.0
2026-01-13 00:00:00+00:00,91.341,91.546,90.866,91.066,54713.0
2026-01-14 00:00:00+00:00,91.09,91.21,90.789,91.092,44762.0
2026-01-15 00:00:00+00:00,91.107,91.192,90.806,90.944,32378.0
2026-01-18 00:00:00+00:00,90.71,91.756,90.623,91.686,39995.0
2026-01-19 00:00:00+00:00,91.66,92.502,91.526,92.234,71726.0
2026-01-20 00:00:00+00:00,92.21,92.693,92.03,92.486,60886.0
2026-01-21 00:00:00+00:00,92.484,93.916,92.387,93.888,53901.0
2026-01-22 00:00:00+00:00,93.884,94.028,92.48,92.652,91178.0
2026-01-25 00:00:00+00:00,92.102,92.53,91.515,92.12,93468.0
2026-01-26 00:00:00+00:00,92.086,92.368,91.405,91.99,95931.0
2026-01-27 00:00:00+00:00,91.998,92.978,91.751,92.949,99336.0
2026-01-28 00:00:00+00:00,92.934,93.266,92.058,93.064,90382.0
2026-01-29 00:00:00+00:00,92.942,93.883,92.776,93.181,82535.0
2026-02-01 00:00:00+00:00,93.137,93.64,92.644,93.358,82728.0
2026-02-02 00:00:00+00:00,93.386,94.413,93.28,94.16,64921.0
2026-02-03 00:00:00+00:00,94.14,94.582,93.762,94.154,71085.0
2026-02-04 00:00:00+00:00,94.166,94.271,93.418,93.442,81634.0
2026-02-05 00:00:00+00:00,93.391,94.661,92.86,94.588,45746.0
2026-02-08 00:00:00+00:00,94.77,94.974,93.974,94.42,72303.0
2026-02-09 00:00:00+00:00,94.334,94.55,93.2,93.306,44437.0
2026-02-10 00:00:00+00:00,93.256,93.342,92.453,92.67,71089.0
2026-02-11 00:00:00+00:00,92.593,93.215,91.99,92.188,63485.0
2026-02-12 00:00:00+00:00,92.172,92.803,92.034,92.23,58330.0
2026-02-15 00:00:00+00:00,91.979,92.863,91.979,92.622,23477.0
2026-02-16 00:00:00+00:00,92.573,92.774,92.135,92.732,46547.0
2026-02-17 00:00:00+00:00,92.72,92.764,91.984,92.328,37803.0
2026-02-18 00:00:00+00:00,92.304,92.864,92.199,92.57,38971.0
2026-02-19 00:00:00+00:00,92.532,92.878,92.158,92.669,72799.0
2026-02-22 00:00:00+00:00,92.602,92.699,91.932,92.11,45603.0
2026-02-23 00:00:00+00:00,92.072,93.225,92.026,93.01,43496.0
2026-02-24 00:00:00+00:00,92.906,93.87,92.87,93.814,45271.0
2026-02-25 00:00:00+00:00,93.768,93.833,92.958,93.36,42979.0
2026-02-26 00:00:00+00:00,93.314,93.698,93.048,93.582,48579.0
2026-03-01 00:00:00+00:00,92.96,93.752,92.918,93.478,68754.0
2026-03-02 00:00:00+00:00,93.47,93.768,92.124,92.854,85146.0
2026-03-03 00:00:00+00:00,92.788,93.312,92.434,93.282,75645.0
2026-03-04 00:00:00+00:00,93.27,93.344,92.661,92.886,69002.0
2026-03-05 00:00:00+00:00,92.881,93.258,92.484,93.122,69834.0
2026-03-08 00:00:00+00:00,92.744,93.744,92.586,93.546,100626.0
2026-03-09 00:00:00+00:00,93.55,94.009,93.192,93.716,76717.0
2026-03-10 00:00:00+00:00,93.709,94.188,93.624,93.986,53164.0
2026-03-11 00:00:00+00:00,93.986,94.004,93.232,93.278,45265.0
2026-03-12 00:00:00+00:00,93.297,93.326,92.216,92.24,46304.0
2026-03-15 00:00:00+00:00,92.398,93.276,92.294,93.212,39496.0
2026-03-16 00:00:00+00:00,93.205,93.314,92.614,93.126,40935.0
2026-03-17 00:00:00+00:00,93.164,93.285,92.554,92.662,52443.0
2026-03-18 00:00:00+00:00,92.723,93.014,92.128,92.64,72561.0
2026-03-19 00:00:00+00:00,92.626,93.302,92.572,92.838,52799.0
2026-03-22 00:00:00+00:00,92.692,93.216,91.962,92.808,147655.0
2026-03-23 00:00:00+00:00,92.831,93.011,92.206,92.625,75909.0
2026-03-24 00:00:00+00:00,92.63,92.732,92.348,92.564,48747.0
2026-03-25 00:00:00+00:00,92.592,92.64,91.908,92.056,42784.0
2026-03-26 00:00:00+00:00,92.002,92.313,91.78,92.1,41612.0
2026-03-29 00:00:00+00:00,92.061,92.109,90.962,91.385,48386.0
2026-03-30 00:00:00+00:00,91.351,91.608,90.678,91.18,59316.0
2026-03-31 00:00:00+00:00,91.168,91.534,90.916,91.328,57613.0
2026-04-01 00:00:00+00:00,91.348,91.385,90.831,91.234,56839.0
2026-04-02 00:00:00+00:00,91.2,91.239,90.712,90.834,19387.0
2026-04-05 00:00:00+00:00,90.857,91.366,90.754,91.208,30866.0
2026-04-06 00:00:00+00:00,91.264,91.529,90.992,91.504,40958.0
2026-04-07 00:00:00+00:00,91.391,92.551,91.265,92.302,76143.0
2026-04-08 00:00:00+00:00,92.298,93.244,92.278,93.16,35208.0
2026-04-09 00:00:00+00:00,93.178,93.382,92.932,92.966,27733.0
2026-04-12 00:00:00+00:00,92.537,93.568,92.517,93.539,37387.0
2026-04-13 00:00:00+00:00,93.481,93.924,93.231,93.704,27361.0
2026-04-14 00:00:00+00:00,93.674,94.099,93.65,93.982,29205.0
2026-04-15 00:00:00+00:00,93.981,94.046,93.606,93.736,31016.0
2026-04-16 00:00:00+00:00,93.767,93.94,93.28,93.289,40022.0
2026-04-19 00:00:00+00:00,93.044,93.612,92.966,93.552,36695.0
2026-04-20 00:00:00+00:00,93.427,94.188,93.408,93.954,42666.0
2026-04-21 00:00:00+00:00,93.924,94.32,93.832,94.145,30527.0
2026-04-22 00:00:00+00:00,94.236,94.294,93.348,93.485,43606.0
2026-04-23 00:00:00+00:00,93.474,93.768,93.34,93.686,38342.0
2026-04-26 00:00:00+00:00,93.622,94.297,93.528,94.19,30741.0
2026-04-27 00:00:00+00:00,94.186,94.302,93.681,93.943,45627.0
2026-04-28 00:00:00+00:00,93.85,94.014,93.29,93.496,50565.0
2026-04-29 00:00:00+00:00,93.488,93.757,91.338,92.548,119762.0
2026-04-30 00:00:00+00:00,92.478,92.908,91.722,92.634,84922.0
2026-05-03 00:00:00+00:00,92.589,92.99,92.186,92.345,84471.0
2026-05-04 00:00:00+00:00,92.34,93.108,92.122,92.94,37475.0
2026-05-05 00:00:00+00:00,92.942,93.738,92.26,93.092,91062.0
2026-05-06 00:00:00+00:00,93.124,93.564,92.986,93.18,51204.0
2026-05-07 00:00:00+00:00,93.218,93.546,93.08,93.47,42437.0
2026-05-10 00:00:00+00:00,92.994,93.756,92.958,93.752,31578.0
2026-05-11 00:00:00+00:00,93.715,93.947,93.386,93.81,46485.0
2026-05-12 00:00:00+00:00,93.849,94.042,93.442,93.7,41052.0
2026-05-13 00:00:00+00:00,93.7,93.808,93.238,93.622,41833.0
2026-05-14 00:00:00+00:00,93.636,93.692,92.566,92.706,51679.0
2026-05-17 00:00:00+00:00,92.703,93.392,92.554,93.328,51111.0
2026-05-18 00:00:00+00:00,93.26,93.374,92.556,92.824,50398.0
2026-05-19 00:00:00+00:00,92.846,93.402,92.497,93.266,47404.0
2026-05-20 00:00:00+00:00,93.257,93.532,92.99,93.392,49991.0
2026-05-21 00:00:00+00:00,93.402,93.501,93.032,93.127,32919.0
2026-05-24 00:00:00+00:00,93.37,93.422,93.234,93.334,18613.0
2026-05-25 00:00:00+00:00,93.326,93.35,92.936,92.98,34134.0
2026-05-26 00:00:00+00:00,92.983,94.22,92.96,94.13,47019.0
2026-05-27 00:00:00+00:00,94.057,94.499,93.576,94.491,52948.0
2026-05-28 00:00:00+00:00,94.422,95.418,94.389,95.382,49096.0
2026-05-31 00:00:00+00:00,95.214,95.454,94.413,94.732,51628.0
2026-06-01 00:00:00+00:00,94.727,94.964,94.498,94.752,36368.0
2026-06-02 00:00:00+00:00,94.824,94.888,93.755,93.787,41061.0
2026-06-03 00:00:00+00:00,93.82,94.131,93.738,93.876,41228.0
2026-06-04 00:00:00+00:00,93.908,94.106,92.763,92.914,58121.0
2026-06-07 00:00:00+00:00,92.676,93.344,92.637,93.042,49246.0
2026-06-08 00:00:00+00:00,93.074,93.624,92.87,93.272,50967.0
2026-06-09 00:00:00+00:00,93.274,93.538,93.029,93.042,53449.0
2026-06-10 00:00:00+00:00,93.093,93.419,92.628,93.352,55928.0
2026-06-11 00:00:00+00:00,93.346,93.516,93.138,93.426,54318.0
