date,open,high,low,close,volume
2014-01-01 00:00:00+00:00,105.246,105.442,104.548,104.81,76933.0
2014-01-02 00:00:00+00:00,104.812,104.89,104.076,104.851,64141.0
2014-01-05 00:00:00+00:00,104.824,104.952,103.914,104.217,78448.0
2014-01-06 00:00:00+00:00,104.218,104.736,104.168,104.6,66801.0
2014-01-07 00:00:00+00:00,104.601,105.124,104.532,104.857,74924.0
2014-01-08 00:00:00+00:00,104.855,105.06,104.574,104.812,60703.0
2014-01-09 00:00:00+00:00,104.813,105.342,103.83,104.178,82242.0
2014-01-12 00:00:00+00:00,103.99,104.137,102.857,103.0,77130.0
2014-01-13 00:00:00+00:00,102.997,104.286,102.958,104.212,71056.0
2014-01-14 00:00:00+00:00,104.21,104.696,104.094,104.556,60168.0
2014-01-15 00:00:00+00:00,104.558,104.924,104.152,104.35,59158.0
2014-01-16 00:00:00+00:00,104.348,104.475,104.196,104.332,47122.0
2014-01-19 00:00:00+00:00,104.224,104.32,103.864,104.178,42996.0
2014-01-20 00:00:00+00:00,104.182,104.75,104.028,104.302,57510.0
2014-01-21 00:00:00+00:00,104.306,104.582,103.972,104.514,59287.0
2014-01-22 00:00:00+00:00,104.518,104.842,102.974,103.255,94330.0
2014-01-23 00:00:00+00:00,103.254,103.585,102.0,102.381,119761.0
2014-01-26 00:00:00+00:00,102.248,102.932,101.766,102.549,111023.0
2014-01-27 00:00:00+00:00,102.553,103.252,102.488,102.944,72779.0
2014-01-28 00:00:00+00:00,102.942,103.444,101.843,102.286,122961.0
2014-01-29 00:00:00+00:00,102.286,102.893,102.07,102.718,85649.0
2014-01-30 00:00:00+00:00,102.729,102.936,101.952,102.017,93659.0
2014-02-02 00:00:00+00:00,102.007,102.414,100.778,100.986,110604.0
2014-02-03 00:00:00+00:00,100.988,101.678,100.754,101.646,103215.0
2014-02-04 00:00:00+00:00,101.646,101.767,100.804,101.45,106969.0
2014-02-05 00:00:00+00:00,101.45,102.174,101.243,102.104,83590.0
2014-02-06 00:00:00+00:00,102.104,102.58,101.428,102.374,91088.0
2014-02-09 00:00:00+00:00,102.543,102.651,101.992,102.265,53171.0
2014-02-10 00:00:00+00:00,102.247,102.7,102.079,102.628,54018.0
2014-02-11 00:00:00+00:00,102.632,102.682,102.226,102.536,54304.0
2014-02-12 00:00:00+00:00,102.533,102.57,101.696,102.166,66880.0
2014-02-13 00:00:00+00:00,102.166,102.411,101.569,101.806,66123.0
2014-02-16 00:00:00+00:00,101.646,101.988,101.39,101.916,39565.0
2014-02-17 00:00:00+00:00,101.916,102.744,101.761,102.359,69572.0
2014-02-18 00:00:00+00:00,102.359,102.467,101.852,102.302,58544.0
2014-02-19 00:00:00+00:00,102.304,102.42,101.666,102.272,71140.0
2014-02-20 00:00:00+00:00,102.28,102.832,102.272,102.478,53009.0
2014-02-23 00:00:00+00:00,102.474,102.679,102.167,102.494,49039.0
2014-02-24 00:00:00+00:00,102.494,102.624,102.011,102.235,50321.0
2014-02-25 00:00:00+00:00,102.239,102.611,102.104,102.378,55026.0
2014-02-26 00:00:00+00:00,102.378,102.446,101.725,102.122,51823.0
2014-02-27 00:00:00+00:00,102.122,102.296,101.556,101.783,66224.0
2014-03-02 00:00:00+00:00,101.491,101.688,101.201,101.451,62494.0
2014-03-03 00:00:00+00:00,101.448,102.286,101.401,102.202,54106.0
2014-03-04 00:00:00+00:00,102.205,102.552,102.117,102.304,49385.0
2014-03-05 00:00:00+00:00,102.308,103.17,102.273,103.077,56625.0
2014-03-06 00:00:00+00:00,103.074,103.764,102.838,103.245,57518.0
2014-03-09 00:00:00+00:00,103.039,103.404,102.936,103.269,48218.0
2014-03-10 00:00:00+00:00,103.255,103.428,102.848,103.02,47547.0
2014-03-11 00:00:00+00:00,103.016,103.1,102.554,102.756,52474.0
2014-03-12 00:00:00+00:00,102.757,102.86,101.541,101.838,70725.0
2014-03-13 00:00:00+00:00,101.845,101.879,101.208,101.36,72219.0
2014-03-16 00:00:00+00:00,101.28,101.872,101.27,101.769,53196.0
2014-03-17 00:00:00+00:00,101.769,101.94,101.276,101.437,56445.0
2014-03-18 00:00:00+00:00,101.432,102.684,101.3,102.328,63346.0
2014-03-19 00:00:00+00:00,102.322,102.548,102.211,102.392,54376.0
2014-03-20 00:00:00+00:00,102.408,102.458,102.016,102.254,36275.0
2014-03-23 00:00:00+00:00,102.15,102.648,102.108,102.247,50508.0
2014-03-24 00:00:00+00:00,102.241,102.488,102.096,102.26,45681.0
2014-03-25 00:00:00+00:00,102.255,102.476,101.874,102.043,44409.0
2014-03-26 00:00:00+00:00,102.049,102.432,101.722,102.186,58953.0
2014-03-27 00:00:00+00:00,102.191,102.98,102.034,102.819,45449.0
2014-03-30 00:00:00+00:00,102.962,103.438,102.796,103.224,47076.0
2014-03-31 00:00:00+00:00,103.23,103.714,103.092,103.66,45875.0
2014-04-01 00:00:00+00:00,103.666,103.94,103.588,103.875,46121.0
2014-04-02 00:00:00+00:00,103.88,104.117,103.814,103.934,46953.0
2014-04-03 00:00:00+00:00,103.925,104.13,103.2,103.294,60688.0
2014-04-06 00:00:00+00:00,103.28,103.392,102.996,103.1,47201.0
2014-04-07 00:00:00+00:00,103.094,103.12,101.55,101.806,81712.0
2014-04-08 00:00:00+00:00,101.806,102.161,101.722,101.997,58278.0
2014-04-09 00:00:00+00:00,101.998,102.138,101.33,101.532,75588.0
2014-04-10 00:00:00+00:00,101.539,101.874,101.326,101.616,73720.0
2014-04-13 00:00:00+00:00,101.628,102.012,101.419,101.852,52920.0
2014-04-14 00:00:00+00:00,101.844,101.994,101.502,101.914,68422.0
2014-04-15 00:00:00+00:00,101.922,102.37,101.808,102.234,54283.0
2014-04-16 00:00:00+00:00,102.238,102.468,101.865,102.386,45564.0
2014-04-17 00:00:00+00:00,102.392,102.571,102.308,102.418,15043.0
2014-04-20 00:00:00+00:00,102.441,102.707,102.392,102.602,24695.0
2014-04-21 00:00:00+00:00,102.604,102.724,102.413,102.616,36121.0
2014-04-22 00:00:00+00:00,102.612,102.694,102.171,102.538,42994.0
2014-04-23 00:00:00+00:00,102.538,102.648,102.086,102.306,49991.0
2014-04-24 00:00:00+00:00,102.306,102.501,101.962,102.192,47131.0
2014-04-27 00:00:00+00:00,102.189,102.628,102.046,102.492,44135.0
2014-04-28 00:00:00+00:00,102.486,102.784,102.47,102.641,29644.0
2014-04-29 00:00:00+00:00,102.642,102.672,102.03,102.239,54230.0
2014-04-30 00:00:00+00:00,102.226,102.366,102.132,102.328,27998.0
2014-05-01 00:00:00+00:00,102.322,103.019,102.135,102.224,53068.0
2014-05-04 00:00:00+00:00,102.16,102.262,101.866,102.144,27629.0
2014-05-05 00:00:00+00:00,102.138,102.192,101.496,101.682,36695.0
2014-05-06 00:00:00+00:00,101.674,102.01,101.434,101.904,53217.0
2014-05-07 00:00:00+00:00,101.908,101.959,101.462,101.658,50006.0
2014-05-08 00:00:00+00:00,101.658,101.855,101.548,101.846,37597.0
2014-05-11 00:00:00+00:00,101.883,102.186,101.803,102.122,31333.0
2014-05-12 00:00:00+00:00,102.122,102.364,102.061,102.262,38246.0
2014-05-13 00:00:00+00:00,102.26,102.287,101.721,101.898,37114.0
2014-05-14 00:00:00+00:00,101.899,102.121,101.314,101.58,57476.0
2014-05-15 00:00:00+00:00,101.579,101.674,101.366,101.514,41583.0
2014-05-18 00:00:00+00:00,101.554,101.6,101.102,101.498,40019.0
2014-05-19 00:00:00+00:00,101.504,101.602,101.19,101.33,34506.0
2014-05-20 00:00:00+00:00,101.34,101.618,100.822,101.36,52367.0
2014-05-21 00:00:00+00:00,101.384,101.816,101.357,101.734,37654.0
2014-05-22 00:00:00+00:00,101.748,102.014,101.596,101.988,35285.0
2014-05-25 00:00:00+00:00,101.942,102.05,101.842,101.94,15241.0
2014-05-26 00:00:00+00:00,101.922,102.142,101.726,101.97,30570.0
2014-05-27 00:00:00+00:00,101.997,102.03,101.638,101.846,30120.0
2014-05-28 00:00:00+00:00,101.852,101.87,101.428,101.786,35026.0
2014-05-29 00:00:00+00:00,101.794,101.848,101.495,101.729,33947.0
2014-06-01 00:00:00+00:00,101.868,102.485,101.753,102.392,37453.0
2014-06-02 00:00:00+00:00,102.397,102.552,102.272,102.51,28746.0
2014-06-03 00:00:00+00:00,102.518,102.796,102.442,102.746,35289.0
2014-06-04 00:00:00+00:00,102.756,102.759,102.34,102.412,46034.0
2014-06-05 00:00:00+00:00,102.413,102.612,102.113,102.478,42687.0
2014-06-08 00:00:00+00:00,102.512,102.65,102.38,102.53,23217.0
2014-06-09 00:00:00+00:00,102.522,102.578,102.216,102.346,30085.0
2014-06-10 00:00:00+00:00,102.354,102.394,101.86,102.078,31550.0
2014-06-11 00:00:00+00:00,102.076,102.144,101.605,101.698,34253.0
2014-06-12 00:00:00+00:00,101.708,102.138,101.656,102.026,35430.0
2014-06-15 00:00:00+00:00,102.046,102.082,101.722,101.84,25532.0
2014-06-16 00:00:00+00:00,101.836,102.242,101.816,102.15,27310.0
2014-06-17 00:00:00+00:00,102.142,102.386,101.882,101.93,36308.0
2014-06-18 00:00:00+00:00,101.92,102.002,101.742,101.941,25986.0
2014-06-19 00:00:00+00:00,101.954,102.196,101.818,102.077,22125.0
2014-06-22 00:00:00+00:00,102.108,102.137,101.818,101.94,20943.0
2014-06-23 00:00:00+00:00,101.94,102.168,101.819,101.974,23420.0
2014-06-24 00:00:00+00:00,101.966,101.988,101.624,101.875,25695.0
2014-06-25 00:00:00+00:00,101.876,101.877,101.488,101.729,26388.0
2014-06-26 00:00:00+00:00,101.726,101.736,101.316,101.443,25815.0
2014-06-29 00:00:00+00:00,101.412,101.476,101.238,101.333,22112.0
2014-06-30 00:00:00+00:00,101.334,101.595,101.292,101.525,26320.0
2014-07-01 00:00:00+00:00,101.524,101.844,101.412,101.777,24473.0
2014-07-02 00:00:00+00:00,101.774,102.268,101.76,102.194,31397.0
2014-07-03 00:00:00+00:00,102.182,102.222,101.973,102.076,13448.0
2014-07-06 00:00:00+00:00,102.066,102.202,101.788,101.86,17975.0
2014-07-07 00:00:00+00:00,101.874,101.901,101.49,101.569,21441.0
2014-07-08 00:00:00+00:00,101.584,101.862,101.446,101.636,22893.0
2014-07-09 00:00:00+00:00,101.653,101.67,101.065,101.34,31091.0
2014-07-10 00:00:00+00:00,101.352,101.402,101.218,101.324,22057.0
2014-07-13 00:00:00+00:00,101.382,101.623,101.334,101.538,15926.0
2014-07-14 00:00:00+00:00,101.538,101.75,101.436,101.682,24892.0
2014-07-15 00:00:00+00:00,101.666,101.792,101.636,101.68,17804.0
2014-07-16 00:00:00+00:00,101.703,101.703,101.14,101.177,27499.0
2014-07-17 00:00:00+00:00,101.176,101.45,101.089,101.328,27609.0
2014-07-20 00:00:00+00:00,101.334,101.398,101.199,101.396,15576.0
2014-07-21 00:00:00+00:00,101.384,101.604,101.334,101.462,21410.0
2014-07-22 00:00:00+00:00,101.478,101.548,101.316,101.479,17428.0
2014-07-23 00:00:00+00:00,101.468,101.86,101.418,101.814,21788.0
2014-07-24 00:00:00+00:00,101.794,101.939,101.716,101.832,20754.0
2014-07-27 00:00:00+00:00,101.795,101.907,101.751,101.861,17421.0
2014-07-28 00:00:00+00:00,101.848,102.16,101.821,102.119,23296.0
2014-07-29 00:00:00+00:00,102.118,103.092,102.038,102.792,35794.0
2014-07-30 00:00:00+00:00,102.813,103.006,102.726,102.795,27880.0
2014-07-31 00:00:00+00:00,102.796,103.064,102.338,102.61,38048.0
2014-08-03 00:00:00+00:00,102.558,102.73,102.407,102.578,15013.0
2014-08-04 00:00:00+00:00,102.557,102.926,102.464,102.596,23638.0
2014-08-05 00:00:00+00:00,102.596,102.642,101.784,102.097,33719.0
2014-08-06 00:00:00+00:00,102.118,102.461,101.999,102.096,31421.0
2014-08-07 00:00:00+00:00,102.043,102.144,101.508,102.024,44570.0
2014-08-10 00:00:00+00:00,102.182,102.231,102.024,102.194,7808.0
2014-08-11 00:00:00+00:00,102.194,102.366,102.09,102.258,7851.0
2014-08-12 00:00:00+00:00,102.258,102.545,102.222,102.416,8888.0
2014-08-13 00:00:00+00:00,102.437,102.66,102.312,102.452,8270.0
2014-08-14 00:00:00+00:00,102.452,102.718,102.136,102.357,14787.0
2014-08-17 00:00:00+00:00,102.329,102.598,102.248,102.57,6259.0
2014-08-18 00:00:00+00:00,102.558,102.93,102.52,102.914,7160.0
2014-08-19 00:00:00+00:00,102.934,103.852,102.89,103.76,15019.0
2014-08-20 00:00:00+00:00,103.778,103.964,103.598,103.848,10172.0
2014-08-21 00:00:00+00:00,103.848,104.198,103.504,103.946,18513.0
2014-08-24 00:00:00+00:00,104.274,104.276,103.862,104.056,9197.0
2014-08-25 00:00:00+00:00,104.038,104.176,103.748,104.064,9984.0
2014-08-26 00:00:00+00:00,104.064,104.164,103.779,103.88,8854.0
2014-08-27 00:00:00+00:00,103.88,103.926,103.556,103.726,11516.0
2014-08-28 00:00:00+00:00,103.74,104.12,103.654,104.08,9277.0
2014-08-31 00:00:00+00:00,104.182,104.358,104.1,104.35,3544.0
2014-09-01 00:00:00+00:00,104.34,105.214,104.298,105.092,11413.0
2014-09-02 00:00:00+00:00,105.106,105.312,104.742,104.796,12660.0
2014-09-03 00:00:00+00:00,104.796,105.368,104.762,105.261,16792.0
2014-09-04 00:00:00+00:00,105.235,105.708,104.684,105.084,20494.0
2014-09-07 00:00:00+00:00,104.995,106.086,104.99,106.028,14666.0
2014-09-08 00:00:00+00:00,106.026,106.476,105.943,106.204,18260.0
2014-09-09 00:00:00+00:00,106.184,106.886,106.041,106.86,21796.0
2014-09-10 00:00:00+00:00,106.842,107.202,106.638,107.1,23659.0
2014-09-11 00:00:00+00:00,107.058,107.396,106.966,107.352,17963.0
2014-09-14 00:00:00+00:00,107.206,107.366,107.01,107.186,10767.0
2014-09-15 00:00:00+00:00,107.186,107.334,106.81,107.13,18850.0
2014-09-16 00:00:00+00:00,107.094,108.393,107.094,108.371,36614.0
2014-09-17 00:00:00+00:00,108.382,108.964,108.318,108.683,25276.0
2014-09-18 00:00:00+00:00,108.7,109.466,108.594,109.038,34829.0
2014-09-21 00:00:00+00:00,109.04,109.196,108.668,108.837,21040.0
2014-09-22 00:00:00+00:00,108.85,108.994,108.251,108.884,22709.0
2014-09-23 00:00:00+00:00,108.912,109.154,108.458,109.044,24339.0
2014-09-24 00:00:00+00:00,109.033,109.376,108.52,108.752,34979.0
2014-09-25 00:00:00+00:00,108.729,109.542,108.48,109.288,32122.0
2014-09-28 00:00:00+00:00,109.304,109.744,109.124,109.486,33078.0
2014-09-29 00:00:00+00:00,109.498,109.848,109.186,109.652,28840.0
2014-09-30 00:00:00+00:00,109.632,110.094,108.866,108.888,44549.0
2014-10-01 00:00:00+00:00,108.916,109.122,108.008,108.42,66360.0
2014-10-02 00:00:00+00:00,108.42,109.907,108.35,109.764,39573.0
2014-10-05 00:00:00+00:00,109.718,109.909,108.65,108.78,34337.0
2014-10-06 00:00:00+00:00,108.793,109.238,107.816,108.027,58492.0
2014-10-07 00:00:00+00:00,108.027,108.745,107.75,108.077,63656.0
2014-10-08 00:00:00+00:00,108.062,108.318,107.528,107.839,62571.0
2014-10-09 00:00:00+00:00,107.853,108.158,107.62,107.651,50762.0
2014-10-12 00:00:00+00:00,107.549,107.631,106.77,106.841,39256.0
2014-10-13 00:00:00+00:00,106.808,107.313,106.671,107.054,51050.0
2014-10-14 00:00:00+00:00,107.054,107.5,105.192,105.93,112894.0
2014-10-15 00:00:00+00:00,105.916,106.468,105.508,106.322,100337.0
2014-10-16 00:00:00+00:00,106.339,106.944,106.134,106.888,52030.0
2014-10-19 00:00:00+00:00,107.216,107.395,106.78,106.947,41737.0
2014-10-20 00:00:00+00:00,106.947,107.026,106.253,106.998,40662.0
2014-10-21 00:00:00+00:00,107.027,107.378,106.789,107.133,31085.0
2014-10-22 00:00:00+00:00,107.142,108.356,107.108,108.268,32524.0
2014-10-23 00:00:00+00:00,108.268,108.315,107.784,108.16,34322.0
2014-10-26 00:00:00+00:00,108.376,108.39,107.608,107.824,32949.0
2014-10-27 00:00:00+00:00,107.805,108.187,107.694,108.17,30908.0
2014-10-28 00:00:00+00:00,108.147,108.966,107.943,108.889,35180.0
2014-10-29 00:00:00+00:00,108.888,109.47,108.749,109.218,43884.0
2014-10-30 00:00:00+00:00,109.236,112.474,109.176,112.327,96313.0
2014-11-02 00:00:00+00:00,112.731,114.214,112.572,114.052,61811.0
2014-11-03 00:00:00+00:00,113.982,114.027,113.17,113.598,58327.0
2014-11-04 00:00:00+00:00,113.596,114.856,113.419,114.641,64094.0
2014-11-05 00:00:00+00:00,114.667,115.519,114.059,115.208,88626.0
2014-11-06 00:00:00+00:00,115.244,115.626,114.258,114.596,84059.0
2014-11-09 00:00:00+00:00,114.506,114.913,113.862,114.855,51851.0
2014-11-10 00:00:00+00:00,114.826,116.102,114.636,115.773,37483.0
2014-11-11 00:00:00+00:00,115.789,116.012,114.884,115.462,45480.0
2014-11-12 00:00:00+00:00,115.535,115.883,115.314,115.766,32171.0
2014-11-13 00:00:00+00:00,115.778,116.824,115.726,116.275,40556.0
2014-11-16 00:00:00+00:00,116.47,117.054,115.46,116.627,43895.0
2014-11-17 00:00:00+00:00,116.646,117.05,116.342,116.853,34187.0
2014-11-18 00:00:00+00:00,116.89,118.082,116.816,117.967,37440.0
2014-11-19 00:00:00+00:00,117.947,118.978,117.746,118.229,49964.0
2014-11-20 00:00:00+00:00,118.162,118.368,117.359,117.866,46469.0
2014-11-23 00:00:00+00:00,117.91,118.486,117.58,118.275,22705.0
2014-11-24 00:00:00+00:00,118.276,118.58,117.69,117.972,34616.0
2014-11-25 00:00:00+00:00,117.978,117.978,117.442,117.743,25477.0
2014-11-26 00:00:00+00:00,117.73,117.883,117.236,117.716,17108.0
2014-11-27 00:00:00+00:00,117.742,118.771,117.722,118.617,25321.0
2014-11-30 00:00:00+00:00,118.752,119.146,117.868,118.402,42787.0
2014-12-01 00:00:00+00:00,118.388,119.286,118.224,119.216,24020.0
2014-12-02 00:00:00+00:00,119.256,119.864,119.13,119.792,25036.0
2014-12-03 00:00:00+00:00,119.762,120.252,119.34,119.784,34616.0
2014-12-04 00:00:00+00:00,119.778,121.688,119.706,121.472,37472.0
2014-12-07 00:00:00+00:00,121.581,121.85,120.206,120.69,33881.0
2014-12-08 00:00:00+00:00,120.712,121.006,117.934,119.694,66149.0
2014-12-09 00:00:00+00:00,119.672,119.919,117.707,117.821,67799.0
2014-12-10 00:00:00+00:00,117.846,119.558,117.437,118.648,59167.0
2014-12-11 00:00:00+00:00,118.715,119.204,118.054,118.812,56459.0
2014-12-14 00:00:00+00:00,118.678,119.062,117.563,117.81,75696.0
2014-12-15 00:00:00+00:00,117.834,118.016,115.57,116.412,102030.0
2014-12-16 00:00:00+00:00,116.405,118.905,116.304,118.639,86418.0
2014-12-17 00:00:00+00:00,118.672,119.313,118.259,118.841,50795.0
2014-12-18 00:00:00+00:00,118.841,119.625,118.824,119.514,40698.0
2014-12-21 00:00:00+00:00,119.536,120.088,119.313,120.038,21399.0
2014-12-22 00:00:00+00:00,120.056,120.826,119.963,120.69,16266.0
2014-12-23 00:00:00+00:00,120.69,120.766,120.279,120.46,17112.0
2014-12-25 00:00:00+00:00,120.115,120.462,120.09,120.382,18902.0
2014-12-28 00:00:00+00:00,120.369,120.737,120.17,120.673,19162.0
2014-12-29 00:00:00+00:00,120.673,120.69,118.864,119.472,30098.0
2014-12-30 00:00:00+00:00,119.472,119.94,119.253,119.884,13163.0
2015-01-01 00:00:00+00:00,119.746,120.742,119.726,120.494,24090.0
2015-01-04 00:00:00+00:00,120.509,120.647,119.374,119.636,40813.0
2015-01-05 00:00:00+00:00,119.61,119.635,118.054,118.384,61074.0
2015-01-06 00:00:00+00:00,118.447,119.646,118.431,119.253,52882.0
2015-01-07 00:00:00+00:00,119.238,119.962,119.16,119.661,34393.0
2015-01-08 00:00:00+00:00,119.687,119.879,118.42,118.543,54277.0
2015-01-11 00:00:00+00:00,118.343,119.319,118.099,118.348,42064.0
2015-01-12 00:00:00+00:00,118.359,118.852,117.538,117.923,58017.0
2015-01-13 00:00:00+00:00,117.923,117.964,116.071,117.332,72968.0
2015-01-14 00:00:00+00:00,117.342,117.944,116.157,116.163,118038.0
2015-01-15 00:00:00+00:00,116.161,117.771,115.855,117.624,83282.0
2015-01-18 00:00:00+00:00,117.47,117.785,116.922,117.558,31738.0
2015-01-19 00:00:00+00:00,117.601,118.87,117.581,118.814,48669.0
2015-01-20 00:00:00+00:00,118.838,118.838,117.181,117.954,62297.0
2015-01-21 00:00:00+00:00,117.966,118.672,117.25,118.502,59978.0
2015-01-22 00:00:00+00:00,118.502,118.816,117.54,117.8,56402.0
2015-01-25 00:00:00+00:00,117.516,118.5,117.264,118.456,41435.0
2015-01-26 00:00:00+00:00,118.456,118.66,117.34,117.864,45778.0
2015-01-27 00:00:00+00:00,117.827,118.264,117.252,117.536,54288.0
2015-01-28 00:00:00+00:00,117.536,118.488,117.383,118.291,48739.0
2015-01-29 00:00:00+00:00,118.312,118.458,117.3,117.535,48271.0
2015-02-01 00:00:00+00:00,116.974,117.881,116.94,117.598,44761.0
2015-02-02 00:00:00+00:00,117.536,117.747,116.874,117.568,46363.0
2015-02-03 00:00:00+00:00,117.608,118.0,117.075,117.262,41842.0
2015-02-04 00:00:00+00:00,117.296,117.6,117.025,117.53,33930.0
2015-02-05 00:00:00+00:00,117.53,119.221,117.178,119.134,39290.0
2015-02-08 00:00:00+00:00,119.02,119.098,118.333,118.633,31775.0
2015-02-09 00:00:00+00:00,118.633,119.621,118.398,119.423,32437.0
2015-02-10 00:00:00+00:00,119.446,120.477,119.286,120.462,31682.0
2015-02-11 00:00:00+00:00,120.461,120.476,118.513,119.109,57160.0
2015-02-12 00:00:00+00:00,119.108,119.2,118.414,118.799,34850.0
2015-02-15 00:00:00+00:00,118.458,118.786,118.274,118.48,28226.0
2015-02-16 00:00:00+00:00,118.466,119.416,118.236,119.242,30093.0
2015-02-17 00:00:00+00:00,119.242,119.417,118.546,118.786,37112.0
2015-02-18 00:00:00+00:00,118.776,119.18,118.434,118.943,28449.0
2015-02-19 00:00:00+00:00,118.943,119.19,118.302,119.01,33358.0
2015-02-22 00:00:00+00:00,119.112,119.354,118.742,118.813,20096.0
2015-02-23 00:00:00+00:00,118.796,119.84,118.765,118.98,29984.0
2015-02-24 00:00:00+00:00,118.945,119.066,118.629,118.86,22785.0
2015-02-25 00:00:00+00:00,118.835,119.503,118.68,119.418,26391.0
2015-02-26 00:00:00+00:00,119.396,119.798,119.114,119.606,28266.0
2015-03-01 00:00:00+00:00,119.726,120.19,119.636,120.132,19580.0
2015-03-02 00:00:00+00:00,120.155,120.266,119.382,119.738,22178.0
2015-03-03 00:00:00+00:00,119.716,119.826,119.471,119.688,23304.0
2015-03-04 00:00:00+00:00,119.713,120.429,119.631,120.134,23926.0
2015-03-05 00:00:00+00:00,120.134,121.285,119.903,120.827,35912.0
2015-03-08 00:00:00+00:00,120.844,121.417,120.616,121.15,23141.0
2015-03-09 00:00:00+00:00,121.158,122.03,120.92,121.146,42354.0
2015-03-10 00:00:00+00:00,121.121,121.628,120.851,121.453,38344.0
2015-03-11 00:00:00+00:00,121.45,121.672,120.658,121.284,35543.0
2015-03-12 00:00:00+00:00,121.284,121.572,121.135,121.384,31056.0
2015-03-15 00:00:00+00:00,121.384,121.465,121.092,121.34,23290.0
2015-03-16 00:00:00+00:00,121.365,121.522,121.116,121.374,20717.0
2015-03-17 00:00:00+00:00,121.376,121.414,119.295,120.118,51295.0
2015-03-18 00:00:00+00:00,120.118,121.032,119.676,120.772,44801.0
2015-03-19 00:00:00+00:00,120.807,121.205,119.9,120.07,34548.0
2015-03-22 00:00:00+00:00,119.874,120.168,119.588,119.726,32554.0
2015-03-23 00:00:00+00:00,119.711,119.984,119.222,119.753,32037.0
2015-03-24 00:00:00+00:00,119.738,119.83,119.236,119.488,25922.0
2015-03-25 00:00:00+00:00,119.488,119.577,118.332,119.192,34431.0
2015-03-26 00:00:00+00:00,119.179,119.492,118.928,119.126,31660.0
2015-03-29 00:00:00+00:00,119.232,120.231,119.12,120.072,22766.0
2015-03-30 00:00:00+00:00,120.103,120.368,119.778,120.142,27599.0
2015-03-31 00:00:00+00:00,120.106,120.333,119.42,119.751,35908.0
2015-04-01 00:00:00+00:00,119.728,119.896,119.452,119.724,23335.0
2015-04-02 00:00:00+00:00,119.734,119.989,118.721,118.992,24067.0
2015-04-05 00:00:00+00:00,118.904,119.687,118.8,119.536,14450.0
2015-04-06 00:00:00+00:00,119.511,120.448,119.439,120.266,21711.0
2015-04-07 00:00:00+00:00,120.266,120.354,119.644,120.132,29287.0
2015-04-08 00:00:00+00:00,120.142,120.74,119.862,120.578,21658.0
2015-04-09 00:00:00+00:00,120.572,120.632,120.058,120.198,22270.0
2015-04-12 00:00:00+00:00,120.344,120.847,119.7,120.13,24543.0
2015-04-13 00:00:00+00:00,120.148,120.18,119.072,119.397,31096.0
2015-04-14 00:00:00+00:00,119.392,119.748,118.79,119.136,27661.0
2015-04-15 00:00:00+00:00,119.164,119.47,118.796,119.003,30544.0
2015-04-16 00:00:00+00:00,119.017,119.267,118.572,118.919,30830.0
2015-04-19 00:00:00+00:00,119.01,119.437,118.532,119.188,20907.0
2015-04-20 00:00:00+00:00,119.2,119.834,119.166,119.67,22395.0
2015-04-21 00:00:00+00:00,119.683,119.962,119.346,119.91,24830.0
2015-04-22 00:00:00+00:00,119.918,120.097,119.428,119.584,25369.0
2015-04-23 00:00:00+00:00,119.577,119.66,118.826,118.966,28251.0
2015-04-26 00:00:00+00:00,118.892,119.436,118.776,119.04,20998.0
2015-04-27 00:00:00+00:00,119.03,119.2,118.776,118.876,22769.0
2015-04-28 00:00:00+00:00,118.846,119.36,118.611,119.018,36816.0
2015-04-29 00:00:00+00:00,119.031,119.896,118.497,119.376,38990.0
2015-04-30 00:00:00+00:00,119.382,120.291,119.375,120.21,19767.0
2015-05-03 00:00:00+00:00,120.23,120.272,119.999,120.122,16098.0
2015-05-04 00:00:00+00:00,120.116,120.502,119.727,119.862,23385.0
2015-05-05 00:00:00+00:00,119.848,120.045,119.206,119.462,26929.0
2015-05-06 00:00:00+00:00,119.447,119.864,119.057,119.742,29431.0
2015-05-07 00:00:00+00:00,119.711,120.236,119.59,119.794,31295.0
2015-05-10 00:00:00+00:00,119.664,120.155,119.664,120.088,16810.0
2015-05-11 00:00:00+00:00,120.104,120.28,119.784,119.869,21673.0
2015-05-12 00:00:00+00:00,119.87,120.058,119.036,119.15,24446.0
2015-05-13 00:00:00+00:00,119.143,119.341,118.887,119.17,22532.0
2015-05-14 00:00:00+00:00,119.162,119.928,119.158,119.349,24786.0
2015-05-17 00:00:00+00:00,119.302,120.038,119.264,119.984,17391.0
2015-05-18 00:00:00+00:00,119.994,120.739,119.831,120.687,20155.0
2015-05-19 00:00:00+00:00,120.688,121.478,120.582,121.364,29793.0
2015-05-20 00:00:00+00:00,121.351,121.389,120.852,121.026,23135.0
2015-05-21 00:00:00+00:00,121.047,121.572,120.64,121.534,24107.0
2015-05-24 00:00:00+00:00,121.484,121.78,121.452,121.56,9431.0
2015-05-25 00:00:00+00:00,121.554,123.324,121.514,123.121,33586.0
2015-05-26 00:00:00+00:00,123.088,124.072,122.777,123.666,34099.0
2015-05-27 00:00:00+00:00,123.648,124.461,123.499,123.954,36714.0
2015-05-28 00:00:00+00:00,123.954,124.187,123.608,124.146,33544.0
2015-05-31 00:00:00+00:00,124.086,124.918,123.854,124.786,27381.0
2015-06-01 00:00:00+00:00,124.771,125.056,123.75,124.114,39663.0
2015-06-02 00:00:00+00:00,124.132,124.685,123.79,124.228,34151.0
2015-06-03 00:00:00+00:00,124.246,124.682,123.781,124.368,31911.0
2015-06-04 00:00:00+00:00,124.36,125.858,124.353,125.599,35653.0
2015-06-07 00:00:00+00:00,125.606,125.682,124.296,124.492,30859.0
2015-06-08 00:00:00+00:00,124.51,124.738,123.861,124.348,37578.0
2015-06-09 00:00:00+00:00,124.34,124.622,122.461,122.674,59622.0
2015-06-10 00:00:00+00:00,122.67,124.163,122.632,123.422,37688.0
2015-06-11 00:00:00+00:00,123.436,123.818,123.14,123.407,30313.0
2015-06-14 00:00:00+00:00,123.224,123.662,123.13,123.394,24657.0
2015-06-15 00:00:00+00:00,123.495,123.806,123.292,123.355,21198.0
2015-06-16 00:00:00+00:00,123.374,124.459,123.212,123.442,33508.0
2015-06-17 00:00:00+00:00,123.401,123.61,122.484,122.954,34004.0
2015-06-18 00:00:00+00:00,122.972,123.216,122.56,122.709,24071.0
2015-06-21 00:00:00+00:00,122.959,123.418,122.564,123.375,19572.0
2015-06-22 00:00:00+00:00,123.377,124.184,123.346,123.94,20149.0
2015-06-23 00:00:00+00:00,123.93,124.377,123.718,123.849,21127.0
2015-06-24 00:00:00+00:00,123.869,123.959,123.322,123.62,21536.0
2015-06-25 00:00:00+00:00,123.64,123.991,123.228,123.846,18653.0
2015-06-28 00:00:00+00:00,122.72,123.194,122.114,122.548,56397.0
2015-06-29 00:00:00+00:00,122.528,122.73,121.94,122.499,35473.0
2015-06-30 00:00:00+00:00,122.512,123.235,122.364,123.171,28305.0
2015-07-01 00:00:00+00:00,123.17,123.735,122.958,123.062,24506.0
2015-07-02 00:00:00+00:00,123.081,123.186,122.604,122.771,21878.0
2015-07-05 00:00:00+00:00,121.934,122.928,121.868,122.573,40004.0
2015-07-06 00:00:00+00:00,122.56,122.882,122.014,122.542,29822.0
2015-07-07 00:00:00+00:00,122.57,122.575,120.414,120.7,48671.0
2015-07-08 00:00:00+00:00,120.688,121.577,120.465,121.338,34239.0
2015-07-09 00:00:00+00:00,121.339,122.882,121.279,122.798,37116.0
2015-07-12 00:00:00+00:00,122.176,123.535,122.169,123.43,28870.0
2015-07-13 00:00:00+00:00,123.416,123.73,122.92,123.385,21029.0
2015-07-14 00:00:00+00:00,123.404,123.972,123.263,123.768,21915.0
2015-07-15 00:00:00+00:00,123.753,124.18,123.74,124.146,20896.0
2015-07-16 00:00:00+00:00,124.129,124.23,123.92,124.064,14180.0
2015-07-19 00:00:00+00:00,124.031,124.384,124.007,124.282,10169.0
2015-07-20 00:00:00+00:00,124.309,124.477,123.762,123.89,16695.0
2015-07-21 00:00:00+00:00,123.867,124.152,123.572,123.974,17725.0
2015-07-22 00:00:00+00:00,123.974,124.188,123.676,123.909,20208.0
2015-07-23 00:00:00+00:00,123.88,124.098,123.597,123.8,16762.0
2015-07-26 00:00:00+00:00,123.731,123.84,123.011,123.246,21504.0
2015-07-27 00:00:00+00:00,123.256,123.794,123.078,123.555,19482.0
2015-07-28 00:00:00+00:00,123.568,124.026,123.331,123.941,20800.0
2015-07-29 00:00:00+00:00,123.922,124.582,123.878,124.145,21163.0
2015-07-30 00:00:00+00:00,124.146,124.377,123.518,123.859,26092.0
2015-08-02 00:00:00+00:00,123.896,124.276,123.856,124.032,17593.0
2015-08-03 00:00:00+00:00,124.022,124.406,123.802,124.38,18115.0
2015-08-04 00:00:00+00:00,124.366,125.01,124.02,124.868,22192.0
2015-08-05 00:00:00+00:00,124.855,124.965,124.542,124.74,17087.0
2015-08-06 00:00:00+00:00,124.722,125.066,124.102,124.222,23132.0
2015-08-09 00:00:00+00:00,124.16,124.784,124.148,124.627,15260.0
2015-08-10 00:00:00+00:00,124.57,125.208,124.522,125.124,26023.0
2015-08-11 00:00:00+00:00,125.151,125.282,123.791,124.21,33520.0
2015-08-12 00:00:00+00:00,124.218,124.63,124.07,124.432,22393.0
2015-08-13 00:00:00+00:00,124.434,124.536,124.056,124.333,17141.0
2015-08-16 00:00:00+00:00,124.292,124.574,124.222,124.388,14262.0
2015-08-17 00:00:00+00:00,124.386,124.516,124.186,124.41,14257.0
2015-08-18 00:00:00+00:00,124.397,124.47,123.69,123.801,23169.0
2015-08-19 00:00:00+00:00,123.792,124.158,123.33,123.404,24128.0
2015-08-20 00:00:00+00:00,123.414,123.5,121.818,122.031,41736.0
2015-08-23 00:00:00+00:00,121.902,122.036,116.165,118.429,151260.0
2015-08-24 00:00:00+00:00,118.403,120.398,118.253,118.866,114006.0
2015-08-25 00:00:00+00:00,118.866,120.018,118.452,119.902,96582.0
2015-08-26 00:00:00+00:00,119.946,121.401,119.792,121.032,63059.0
2015-08-27 00:00:00+00:00,121.033,121.756,120.65,121.73,41710.0
2015-08-28 00:00:00+00:00,121.73,121.73,121.715,121.715,2.0
2015-08-30 00:00:00+00:00,121.675,121.675,120.882,121.224,29140.0
2015-08-31 00:00:00+00:00,121.224,121.268,119.25,119.38,62566.0
2015-09-01 00:00:00+00:00,119.322,120.474,119.221,120.331,52311.0
2015-09-02 00:00:00+00:00,120.342,120.7,119.64,120.059,41972.0
2015-09-03 00:00:00+00:00,120.081,120.19,118.589,119.018,59799.0
2015-09-06 00:00:00+00:00,118.92,119.59,118.801,119.278,31902.0
2015-09-07 00:00:00+00:00,119.272,120.23,118.852,119.815,39704.0
2015-09-08 00:00:00+00:00,119.835,121.198,119.814,120.507,44759.0
2015-09-09 00:00:00+00:00,120.493,121.354,119.979,120.63,63340.0
2015-09-10 00:00:00+00:00,120.631,120.968,120.364,120.59,34055.0
2015-09-13 00:00:00+00:00,120.558,120.844,119.856,120.235,32072.0
2015-09-14 00:00:00+00:00,120.211,120.654,119.402,120.422,37566.0
2015-09-15 00:00:00+00:00,120.434,120.727,120.109,120.567,28227.0
2015-09-16 00:00:00+00:00,120.588,120.993,119.798,120.005,47578.0
2015-09-17 00:00:00+00:00,120.021,120.416,119.057,119.986,49255.0
2015-09-20 00:00:00+00:00,120.126,120.66,119.727,120.56,28027.0
2015-09-21 00:00:00+00:00,120.55,120.617,119.694,120.162,30375.0
2015-09-22 00:00:00+00:00,120.139,120.544,119.626,120.274,33693.0
2015-09-23 00:00:00+00:00,120.257,120.393,119.226,120.06,46157.0
2015-09-24 00:00:00+00:00,120.194,121.237,120.022,120.6,50777.0
2015-09-27 00:00:00+00:00,120.532,120.596,119.698,119.924,40946.0
2015-09-28 00:00:00+00:00,119.934,120.162,119.248,119.739,45373.0
2015-09-29 00:00:00+00:00,119.717,120.35,119.551,119.878,35043.0
2015-09-30 00:00:00+00:00,119.883,120.277,119.492,119.924,36798.0
2015-10-01 00:00:00+00:00,119.936,120.408,118.683,119.904,51404.0
2015-10-04 00:00:00+00:00,120.0,120.552,119.873,120.461,30172.0
2015-10-05 00:00:00+00:00,120.484,120.57,120.11,120.233,25384.0
2015-10-06 00:00:00+00:00,120.214,120.36,119.747,120.012,35396.0
2015-10-07 00:00:00+00:00,120.006,120.112,119.628,119.934,24305.0
2015-10-08 00:00:00+00:00,119.915,120.347,119.838,120.223,20905.0
2015-10-11 00:00:00+00:00,120.188,120.261,119.893,120.04,12615.0
2015-10-12 00:00:00+00:00,120.028,120.082,119.554,119.742,15054.0
2015-10-13 00:00:00+00:00,119.732,119.804,118.63,118.831,25328.0
2015-10-14 00:00:00+00:00,118.825,119.17,118.066,118.898,33765.0
2015-10-15 00:00:00+00:00,118.906,119.661,118.832,119.45,22998.0
2015-10-18 00:00:00+00:00,119.402,119.612,119.14,119.5,24911.0
2015-10-19 00:00:00+00:00,119.496,119.964,119.414,119.844,17085.0
2015-10-20 00:00:00+00:00,119.838,120.094,119.756,119.932,17718.0
2015-10-21 00:00:00+00:00,119.913,120.772,119.614,120.692,25448.0
2015-10-22 00:00:00+00:00,120.708,121.482,120.228,121.467,34015.0
2015-10-25 00:00:00+00:00,121.424,121.51,120.6,121.096,22994.0
2015-10-26 00:00:00+00:00,121.096,121.096,120.162,120.456,23674.0
2015-10-27 00:00:00+00:00,120.442,121.261,120.029,121.09,29663.0
2015-10-28 00:00:00+00:00,121.105,121.184,120.588,121.12,28038.0
2015-10-29 00:00:00+00:00,121.111,121.486,120.282,120.612,45721.0
2015-11-01 00:00:00+00:00,120.391,120.814,120.258,120.755,20500.0
2015-11-02 00:00:00+00:00,120.766,121.232,120.598,121.074,15470.0
2015-11-03 00:00:00+00:00,121.081,121.72,121.004,121.55,27275.0
2015-11-04 00:00:00+00:00,121.58,122.0,121.388,121.75,27092.0
2015-11-05 00:00:00+00:00,121.757,123.268,121.634,123.158,34907.0
2015-11-08 00:00:00+00:00,123.281,123.606,122.978,123.174,21790.0
2015-11-09 00:00:00+00:00,123.185,123.44,123.03,123.166,21816.0
2015-11-10 00:00:00+00:00,123.172,123.226,122.736,122.858,19371.0
2015-11-11 00:00:00+00:00,122.85,123.072,122.556,122.616,25461.0
2015-11-12 00:00:00+00:00,122.599,122.988,122.427,122.606,25914.0
2015-11-15 00:00:00+00:00,122.268,123.281,122.226,123.175,26243.0
2015-11-16 00:00:00+00:00,123.187,123.491,123.174,123.442,20484.0
2015-11-17 00:00:00+00:00,123.435,123.76,123.22,123.64,18828.0
2015-11-18 00:00:00+00:00,123.651,123.651,122.622,122.865,25037.0
2015-11-19 00:00:00+00:00,122.856,123.053,122.725,122.793,18293.0
2015-11-22 00:00:00+00:00,122.84,123.262,122.784,122.84,15593.0
2015-11-23 00:00:00+00:00,122.846,122.962,122.31,122.536,20046.0
2015-11-24 00:00:00+00:00,122.554,122.936,122.26,122.708,21898.0
2015-11-25 00:00:00+00:00,122.676,122.766,122.503,122.588,17894.0
2015-11-26 00:00:00+00:00,122.641,122.88,122.305,122.778,16209.0
2015-11-29 00:00:00+00:00,122.816,123.341,122.69,123.115,14493.0
2015-11-30 00:00:00+00:00,123.052,123.274,122.641,122.88,18965.0
2015-12-01 00:00:00+00:00,122.857,123.67,122.828,123.246,18099.0
2015-12-02 00:00:00+00:00,123.262,123.562,122.296,122.609,42333.0
2015-12-03 00:00:00+00:00,122.596,123.377,122.478,123.118,34033.0
2015-12-06 00:00:00+00:00,123.178,123.477,123.155,123.37,18490.0
2015-12-07 00:00:00+00:00,123.39,123.394,122.722,122.931,20625.0
2015-12-08 00:00:00+00:00,122.91,123.045,121.074,121.44,37101.0
2015-12-09 00:00:00+00:00,121.455,121.866,121.246,121.566,30303.0
2015-12-10 00:00:00+00:00,121.598,122.232,120.582,120.982,41432.0
2015-12-13 00:00:00+00:00,121.165,121.352,120.344,121.038,41519.0
2015-12-14 00:00:00+00:00,121.054,121.793,120.578,121.676,29267.0
2015-12-15 00:00:00+00:00,121.691,122.432,121.384,122.208,48842.0
2015-12-16 00:00:00+00:00,122.236,122.877,122.198,122.56,29109.0
2015-12-17 00:00:00+00:00,122.551,123.566,121.06,121.163,71043.0
2015-12-20 00:00:00+00:00,121.234,121.507,120.843,121.184,26327.0
2015-12-21 00:00:00+00:00,121.204,121.308,120.726,121.07,21017.0
2015-12-22 00:00:00+00:00,121.058,121.137,120.814,120.918,12937.0
2015-12-23 00:00:00+00:00,120.93,120.982,120.25,120.283,16225.0
2015-12-27 00:00:00+00:00,120.282,120.628,120.167,120.393,14329.0
2015-12-28 00:00:00+00:00,120.404,120.508,120.236,120.46,12195.0
2015-12-29 00:00:00+00:00,120.45,120.656,120.352,120.534,10635.0
2015-12-30 00:00:00+00:00,120.511,120.58,120.004,120.209,11604.0
2016-01-03 00:00:00+00:00,120.195,120.464,118.704,119.445,42744.0
2016-01-04 00:00:00+00:00,119.456,119.701,118.794,119.063,33404.0
2016-01-05 00:00:00+00:00,119.065,119.172,118.25,118.475,46689.0
2016-01-06 00:00:00+00:00,118.472,118.757,117.328,117.67,63402.0
2016-01-07 00:00:00+00:00,117.657,118.852,117.227,117.238,67876.0
2016-01-10 00:00:00+00:00,117.231,118.024,116.7,117.761,57592.0
2016-01-11 00:00:00+00:00,117.772,118.073,117.226,117.643,51312.0
2016-01-12 00:00:00+00:00,117.67,118.382,117.642,117.666,43982.0
2016-01-13 00:00:00+00:00,117.65,118.284,117.294,118.065,54370.0
2016-01-14 00:00:00+00:00,118.066,118.272,116.509,117.013,63671.0
2016-01-17 00:00:00+00:00,116.717,117.44,116.7,117.344,37774.0
2016-01-18 00:00:00+00:00,117.34,118.114,117.236,117.634,46022.0
2016-01-19 00:00:00+00:00,117.648,117.692,115.97,116.947,71092.0
2016-01-20 00:00:00+00:00,116.93,117.814,116.472,117.696,81774.0
2016-01-21 00:00:00+00:00,117.779,118.881,117.55,118.775,51449.0
2016-01-24 00:00:00+00:00,118.677,118.856,118.172,118.296,40845.0
2016-01-25 00:00:00+00:00,118.306,118.623,117.656,118.423,35859.0
2016-01-26 00:00:00+00:00,118.434,119.069,118.042,118.68,46561.0
2016-01-27 00:00:00+00:00,118.658,118.993,118.414,118.818,41985.0
2016-01-28 00:00:00+00:00,118.808,121.69,118.438,121.134,117096.0
2016-01-31 00:00:00+00:00,121.328,121.489,120.68,120.992,39782.0
2016-02-01 00:00:00+00:00,121.023,121.041,119.838,119.962,41389.0
2016-02-02 00:00:00+00:00,119.96,120.043,117.054,117.881,85297.0
2016-02-03 00:00:00+00:00,117.904,118.242,116.528,116.777,72748.0
2016-02-04 00:00:00+00:00,116.787,117.432,116.288,116.867,67628.0
2016-02-07 00:00:00+00:00,116.822,117.527,115.176,115.847,69433.0
2016-02-08 00:00:00+00:00,115.857,115.857,114.207,115.124,113530.0
2016-02-09 00:00:00+00:00,115.134,115.262,113.123,113.342,120600.0
2016-02-10 00:00:00+00:00,113.388,113.6,110.982,112.43,167276.0
2016-02-11 00:00:00+00:00,112.401,113.54,111.654,113.225,115379.0
2016-02-14 00:00:00+00:00,113.38,114.732,113.272,114.598,48284.0
2016-02-15 00:00:00+00:00,114.592,114.876,113.595,114.084,56515.0
2016-02-16 00:00:00+00:00,114.094,114.507,113.378,114.09,56007.0
2016-02-17 00:00:00+00:00,114.106,114.324,113.144,113.253,50802.0
2016-02-18 00:00:00+00:00,113.266,113.376,112.308,112.576,48980.0
2016-02-21 00:00:00+00:00,112.565,113.387,112.429,112.922,37104.0
2016-02-22 00:00:00+00:00,112.871,113.054,111.774,112.106,55488.0
2016-02-23 00:00:00+00:00,112.094,112.268,111.041,112.174,54770.0
2016-02-24 00:00:00+00:00,112.154,113.026,111.9,112.988,55335.0
2016-02-25 00:00:00+00:00,112.97,113.99,112.562,113.983,46274.0
2016-02-28 00:00:00+00:00,113.964,113.989,112.656,112.7,49539.0
2016-02-29 00:00:00+00:00,112.679,114.184,112.16,114.003,47667.0
2016-03-01 00:00:00+00:00,114.04,114.556,113.218,113.47,44016.0
2016-03-02 00:00:00+00:00,113.469,114.268,113.298,113.694,39209.0
2016-03-03 00:00:00+00:00,113.678,114.258,113.124,113.773,52571.0
2016-03-06 00:00:00+00:00,113.932,113.954,113.226,113.456,31372.0
2016-03-07 00:00:00+00:00,113.429,113.52,112.426,112.628,40693.0
2016-03-08 00:00:00+00:00,112.648,113.454,112.228,113.34,36021.0
2016-03-09 00:00:00+00:00,113.363,114.448,112.61,113.214,73072.0
2016-03-10 00:00:00+00:00,113.185,113.918,112.758,113.842,41832.0
2016-03-13 00:00:00+00:00,113.959,114.009,113.509,113.818,24280.0
2016-03-14 00:00:00+00:00,113.806,114.15,112.634,113.176,41783.0
2016-03-15 00:00:00+00:00,113.141,113.817,112.334,112.568,45992.0
2016-03-16 00:00:00+00:00,112.595,112.958,110.668,111.4,60393.0
2016-03-17 00:00:00+00:00,111.41,111.762,110.824,111.554,38235.0
2016-03-20 00:00:00+00:00,111.552,111.976,111.223,111.95,21911.0
2016-03-21 00:00:00+00:00,111.96,112.492,111.379,112.362,34992.0
2016-03-22 00:00:00+00:00,112.323,112.906,112.142,112.381,30229.0
2016-03-23 00:00:00+00:00,112.368,113.008,112.296,112.896,25035.0
2016-03-24 00:00:00+00:00,112.883,113.324,112.756,113.092,28169.0
2016-03-27 00:00:00+00:00,113.195,113.688,113.12,113.444,16198.0
2016-03-28 00:00:00+00:00,113.46,113.806,112.614,112.73,31738.0
2016-03-29 00:00:00+00:00,112.674,112.81,112.019,112.44,32595.0
2016-03-30 00:00:00+00:00,112.42,112.66,112.11,112.578,28640.0
2016-03-31 00:00:00+00:00,112.566,112.584,111.586,111.727,40324.0
2016-04-03 00:00:00+00:00,111.625,111.803,111.1,111.33,27973.0
2016-04-04 00:00:00+00:00,111.307,111.354,109.944,110.352,46527.0
2016-04-05 00:00:00+00:00,110.332,110.646,109.347,109.787,40659.0
2016-04-06 00:00:00+00:00,109.803,109.91,107.668,108.208,57652.0
2016-04-07 00:00:00+00:00,108.238,109.099,108.036,108.078,41987.0
2016-04-10 00:00:00+00:00,107.979,108.442,107.631,107.95,41636.0
2016-04-11 00:00:00+00:00,107.938,108.788,107.874,108.542,31860.0
2016-04-12 00:00:00+00:00,108.532,109.407,108.508,109.34,30754.0
2016-04-13 00:00:00+00:00,109.33,109.546,108.898,109.392,27942.0
2016-04-14 00:00:00+00:00,109.406,109.736,108.603,108.748,23018.0
2016-04-17 00:00:00+00:00,108.186,108.988,107.838,108.825,35748.0
2016-04-18 00:00:00+00:00,108.822,109.489,108.751,109.22,27447.0
2016-04-19 00:00:00+00:00,109.194,109.88,108.764,109.846,26864.0
2016-04-20 00:00:00+00:00,109.837,109.897,109.325,109.463,33129.0
2016-04-21 00:00:00+00:00,109.457,111.816,109.26,111.779,44274.0
2016-04-24 00:00:00+00:00,111.854,111.896,110.841,111.198,36083.0
2016-04-25 00:00:00+00:00,111.22,111.474,110.671,111.308,30041.0
2016-04-26 00:00:00+00:00,111.318,111.758,111.03,111.455,33125.0
2016-04-27 00:00:00+00:00,111.456,111.884,107.867,108.101,84185.0
2016-04-28 00:00:00+00:00,108.12,108.204,106.282,106.34,50819.0
2016-05-01 00:00:00+00:00,106.221,106.82,106.139,106.411,40829.0
2016-05-02 00:00:00+00:00,106.422,106.682,105.552,106.603,31630.0
2016-05-03 00:00:00+00:00,106.618,107.474,106.248,107.011,42955.0
2016-05-04 00:00:00+00:00,107.027,107.5,106.802,107.258,26652.0
2016-05-05 00:00:00+00:00,107.263,107.42,106.44,107.122,37543.0
2016-05-08 00:00:00+00:00,107.072,108.608,107.072,108.328,30222.0
2016-05-09 00:00:00+00:00,108.338,109.35,108.276,109.266,30471.0
2016-05-10 00:00:00+00:00,109.265,109.376,108.37,108.429,27631.0
2016-05-11 00:00:00+00:00,108.416,109.395,108.228,109.014,32799.0
2016-05-12 00:00:00+00:00,109.026,109.561,108.517,108.645,38764.0
2016-05-15 00:00:00+00:00,108.656,109.097,108.466,109.026,23039.0
2016-05-16 00:00:00+00:00,109.02,109.654,108.84,109.142,29551.0
2016-05-17 00:00:00+00:00,109.13,110.258,108.722,110.196,38295.0
2016-05-18 00:00:00+00:00,110.169,110.386,109.7,109.958,34272.0
2016-05-19 00:00:00+00:00,109.98,110.589,109.85,110.115,25247.0
2016-05-22 00:00:00+00:00,110.136,110.24,109.111,109.233,27477.0
2016-05-23 00:00:00+00:00,109.248,110.131,109.172,109.991,24242.0
2016-05-24 00:00:00+00:00,109.966,110.448,109.866,110.206,23795.0
2016-05-25 00:00:00+00:00,110.188,110.23,109.418,109.768,31228.0
2016-05-26 00:00:00+00:00,109.746,110.448,109.476,110.283,26381.0
2016-05-29 00:00:00+00:00,110.409,111.448,110.366,111.114,22535.0
2016-05-30 00:00:00+00:00,111.142,111.352,110.504,110.734,28321.0
2016-05-31 00:00:00+00:00,110.687,110.834,109.055,109.538,46797.0
2016-06-01 00:00:00+00:00,109.557,109.589,108.526,108.875,42460.0
2016-06-02 00:00:00+00:00,108.856,109.136,106.512,106.526,55858.0
2016-06-05 00:00:00+00:00,106.589,107.658,106.375,107.551,47141.0
2016-06-06 00:00:00+00:00,107.574,107.906,107.152,107.377,31928.0
2016-06-07 00:00:00+00:00,107.358,107.395,106.587,106.989,34193.0
2016-06-08 00:00:00+00:00,106.984,107.178,106.256,107.114,38984.0
2016-06-09 00:00:00+00:00,107.076,107.262,106.557,106.957,36482.0
2016-06-12 00:00:00+00:00,106.855,106.872,105.736,106.255,53274.0
2016-06-13 00:00:00+00:00,106.212,106.424,105.629,106.113,51053.0
2016-06-14 00:00:00+00:00,106.112,106.396,105.435,106.004,46426.0
2016-06-15 00:00:00+00:00,106.006,106.032,103.549,104.255,83772.0
2016-06-16 00:00:00+00:00,104.239,104.83,104.082,104.131,48859.0
2016-06-19 00:00:00+00:00,104.706,104.848,103.783,103.938,41507.0
2016-06-20 00:00:00+00:00,103.919,105.059,103.583,104.762,40750.0
2016-06-21 00:00:00+00:00,104.743,104.854,104.314,104.418,31655.0
2016-06-22 00:00:00+00:00,104.458,106.175,104.014,106.172,65001.0
2016-06-23 00:00:00+00:00,106.15,106.842,98.987,102.2,374674.0
2016-06-26 00:00:00+00:00,101.543,102.482,101.4,102.003,93399.0
2016-06-27 00:00:00+00:00,101.971,102.842,101.558,102.754,46297.0
2016-06-28 00:00:00+00:00,102.753,102.938,102.176,102.819,37981.0
2016-06-29 00:00:00+00:00,102.843,103.293,102.365,103.19,42870.0
2016-06-30 00:00:00+00:00,103.227,103.398,102.44,102.521,34416.0
2016-07-03 00:00:00+00:00,102.628,102.803,102.424,102.551,20203.0
2016-07-04 00:00:00+00:00,102.526,102.594,101.451,101.736,28867.0
2016-07-05 00:00:00+00:00,101.719,101.771,100.2,101.312,53012.0
2016-07-06 00:00:00+00:00,101.326,101.404,100.596,100.776,32278.0
2016-07-07 00:00:00+00:00,100.746,101.296,99.996,100.561,44593.0
2016-07-10 00:00:00+00:00,100.633,102.894,100.538,102.806,41366.0
2016-07-11 00:00:00+00:00,102.809,104.986,102.45,104.689,57025.0
2016-07-12 00:00:00+00:00,104.706,104.88,103.906,104.482,54789.0
2016-07-13 00:00:00+00:00,104.414,105.938,103.975,105.347,66797.0
2016-07-14 00:00:00+00:00,105.336,106.32,104.637,104.858,74749.0
2016-07-17 00:00:00+00:00,105.352,106.264,105.273,106.158,44022.0
2016-07-18 00:00:00+00:00,106.166,106.535,105.647,106.125,40182.0
2016-07-19 00:00:00+00:00,106.109,107.021,105.831,106.876,35182.0
2016-07-20 00:00:00+00:00,106.893,107.496,105.417,105.812,65933.0
2016-07-21 00:00:00+00:00,105.858,106.402,105.568,106.115,43699.0
2016-07-24 00:00:00+00:00,106.138,106.724,105.742,105.81,31465.0
2016-07-25 00:00:00+00:00,105.818,105.898,103.994,104.63,44114.0
2016-07-26 00:00:00+00:00,104.669,106.548,104.631,105.392,77496.0
2016-07-27 00:00:00+00:00,105.408,105.504,104.476,105.262,40914.0
2016-07-28 00:00:00+00:00,105.281,105.65,101.972,102.068,169652.0
2016-07-31 00:00:00+00:00,102.331,102.687,102.005,102.393,36218.0
2016-08-01 00:00:00+00:00,102.422,102.832,100.68,100.89,45052.0
2016-08-02 00:00:00+00:00,100.878,101.572,100.75,101.24,35516.0
2016-08-03 00:00:00+00:00,101.222,101.668,100.865,101.223,30252.0
2016-08-04 00:00:00+00:00,101.21,102.065,100.876,101.82,28078.0
2016-08-07 00:00:00+00:00,101.994,102.656,101.872,102.451,23241.0
2016-08-08 00:00:00+00:00,102.405,102.532,101.79,101.882,16753.0
2016-08-09 00:00:00+00:00,101.871,101.958,100.969,101.284,27937.0
2016-08-10 00:00:00+00:00,101.27,102.056,101.026,101.964,19588.0
2016-08-11 00:00:00+00:00,101.968,102.27,100.832,101.303,31788.0
2016-08-14 00:00:00+00:00,101.185,101.454,100.872,101.253,22873.0
2016-08-15 00:00:00+00:00,101.266,101.292,99.544,100.308,41414.0
2016-08-16 00:00:00+00:00,100.283,101.168,100.039,100.269,39048.0
2016-08-17 00:00:00+00:00,100.258,100.511,99.647,99.882,46317.0
2016-08-18 00:00:00+00:00,99.896,100.462,99.876,100.22,30965.0
2016-08-21 00:00:00+00:00,100.782,100.934,100.214,100.324,32920.0
2016-08-22 00:00:00+00:00,100.315,100.393,99.942,100.243,26069.0
2016-08-23 00:00:00+00:00,100.25,100.61,100.096,100.45,22340.0
2016-08-24 00:00:00+00:00,100.443,100.62,100.306,100.532,17224.0
2016-08-25 00:00:00+00:00,100.545,101.948,100.064,101.826,41923.0
2016-08-28 00:00:00+00:00,102.08,102.394,101.838,101.919,26518.0
2016-08-29 00:00:00+00:00,101.926,103.138,101.754,102.965,27823.0
2016-08-30 00:00:00+00:00,102.98,103.532,102.859,103.422,27340.0
2016-08-31 00:00:00+00:00,103.442,103.998,103.063,103.231,30765.0
2016-09-01 00:00:00+00:00,103.246,104.322,102.804,103.942,47690.0
2016-09-04 00:00:00+00:00,104.101,104.138,103.148,103.435,29887.0
2016-09-05 00:00:00+00:00,103.416,103.807,101.93,102.02,37742.0
2016-09-06 00:00:00+00:00,102.048,102.134,101.198,101.742,37576.0
2016-09-07 00:00:00+00:00,101.734,102.601,101.415,102.486,35239.0
2016-09-08 00:00:00+00:00,102.43,103.06,101.966,102.695,40184.0
2016-09-11 00:00:00+00:00,102.576,102.67,101.561,101.842,42616.0
2016-09-12 00:00:00+00:00,101.858,102.748,101.42,102.553,41674.0
2016-09-13 00:00:00+00:00,102.587,103.358,102.25,102.428,40877.0
2016-09-14 00:00:00+00:00,102.416,102.76,101.936,102.088,40499.0
2016-09-15 00:00:00+00:00,102.057,102.464,101.74,102.258,35283.0
2016-09-18 00:00:00+00:00,102.15,102.42,101.582,101.92,23550.0
2016-09-19 00:00:00+00:00,101.908,102.063,101.536,101.716,25787.0
2016-09-20 00:00:00+00:00,101.694,102.786,100.303,100.325,111800.0
2016-09-21 00:00:00+00:00,100.335,100.931,100.097,100.764,32119.0
2016-09-22 00:00:00+00:00,100.75,101.25,100.678,101.0,30331.0
2016-09-25 00:00:00+00:00,101.027,101.091,100.248,100.336,26596.0
2016-09-26 00:00:00+00:00,100.314,100.986,100.085,100.43,37036.0
2016-09-27 00:00:00+00:00,100.416,100.819,100.26,100.69,27030.0
2016-09-28 00:00:00+00:00,100.676,101.842,100.654,101.041,38869.0
2016-09-29 00:00:00+00:00,101.022,101.784,100.749,101.353,38858.0
2016-10-02 00:00:00+00:00,101.233,101.682,101.188,101.65,24947.0
2016-10-03 00:00:00+00:00,101.639,102.968,101.574,102.904,35560.0
2016-10-04 00:00:00+00:00,102.883,103.67,102.67,103.496,28762.0
2016-10-05 00:00:00+00:00,103.529,104.164,103.349,103.955,24704.0
2016-10-06 00:00:00+00:00,103.984,104.032,102.86,102.908,53519.0
2016-10-09 00:00:00+00:00,103.298,103.79,102.81,103.613,21792.0
2016-10-10 00:00:00+00:00,103.643,104.074,103.174,103.512,31361.0
2016-10-11 00:00:00+00:00,103.496,104.482,103.282,104.206,32219.0
2016-10-12 00:00:00+00:00,104.262,104.634,103.336,103.697,41093.0
2016-10-13 00:00:00+00:00,103.696,104.478,103.611,104.166,37413.0
2016-10-16 00:00:00+00:00,104.359,104.378,103.788,103.884,27988.0
2016-10-17 00:00:00+00:00,103.898,104.202,103.682,103.862,22578.0
2016-10-18 00:00:00+00:00,103.849,103.95,103.166,103.448,22237.0
2016-10-19 00:00:00+00:00,103.458,104.106,103.344,103.954,25845.0
2016-10-20 00:00:00+00:00,103.946,104.205,103.523,103.832,22180.0
2016-10-23 00:00:00+00:00,103.838,104.322,103.722,104.182,19171.0
2016-10-24 00:00:00+00:00,104.146,104.874,104.114,104.224,24583.0
2016-10-25 00:00:00+00:00,104.232,104.62,104.023,104.478,25842.0
2016-10-26 00:00:00+00:00,104.46,105.35,104.296,105.284,26286.0
2016-10-27 00:00:00+00:00,105.276,105.534,104.46,104.724,39408.0
2016-10-30 00:00:00+00:00,104.435,105.231,104.42,104.824,28165.0
2016-10-31 00:00:00+00:00,104.835,105.117,103.799,104.152,39368.0
2016-11-01 00:00:00+00:00,104.14,104.166,103.02,103.306,49741.0
2016-11-02 00:00:00+00:00,103.307,103.443,102.547,102.978,43429.0
2016-11-03 00:00:00+00:00,102.999,103.354,102.834,103.126,38552.0
2016-11-06 00:00:00+00:00,104.101,104.63,103.779,104.476,39150.0
2016-11-07 00:00:00+00:00,104.462,105.194,104.297,105.176,31252.0
2016-11-08 00:00:00+00:00,105.178,105.89,101.193,105.658,291027.0
2016-11-09 00:00:00+00:00,105.685,106.949,104.96,106.816,98205.0
2016-11-10 00:00:00+00:00,106.796,106.934,106.032,106.683,71674.0
2016-11-13 00:00:00+00:00,106.882,108.543,106.736,108.423,76997.0
2016-11-14 00:00:00+00:00,108.408,109.338,107.77,109.196,64009.0
2016-11-15 00:00:00+00:00,109.184,109.757,108.793,109.076,55851.0
2016-11-16 00:00:00+00:00,109.085,110.187,108.552,110.137,68663.0
2016-11-17 00:00:00+00:00,110.16,110.954,109.802,110.911,71148.0
2016-11-20 00:00:00+00:00,110.904,111.366,110.459,110.83,79666.0
2016-11-21 00:00:00+00:00,110.795,111.358,110.268,111.152,71547.0
2016-11-22 00:00:00+00:00,111.156,112.978,110.855,112.526,55554.0
2016-11-23 00:00:00+00:00,112.539,113.534,112.372,113.328,52518.0
2016-11-24 00:00:00+00:00,113.324,113.9,112.556,113.253,80158.0
2016-11-27 00:00:00+00:00,112.816,112.976,111.36,111.922,79207.0
2016-11-28 00:00:00+00:00,111.964,113.34,111.62,112.39,64601.0
2016-11-29 00:00:00+00:00,112.376,114.544,112.058,114.462,82558.0
2016-11-30 00:00:00+00:00,114.428,114.826,113.83,114.096,79086.0
2016-12-01 00:00:00+00:00,114.122,114.207,113.33,113.515,63334.0
2016-12-04 00:00:00+00:00,113.32,114.777,112.876,113.852,83060.0
2016-12-05 00:00:00+00:00,113.841,114.188,113.504,114.018,40754.0
2016-12-06 00:00:00+00:00,114.029,114.404,113.416,113.76,36128.0
2016-12-07 00:00:00+00:00,113.805,114.378,113.12,114.03,68932.0
2016-12-08 00:00:00+00:00,114.03,115.368,114.012,115.32,47730.0
2016-12-11 00:00:00+00:00,115.408,116.124,114.856,115.024,54436.0
2016-12-12 00:00:00+00:00,115.014,115.477,114.737,115.188,48692.0
2016-12-13 00:00:00+00:00,115.18,117.398,114.772,117.043,71470.0
2016-12-14 00:00:00+00:00,117.056,118.666,117.015,118.18,94662.0
2016-12-15 00:00:00+00:00,118.207,118.428,117.467,117.913,63354.0
2016-12-18 00:00:00+00:00,117.964,117.966,116.55,117.097,60781.0
2016-12-19 00:00:00+00:00,117.098,118.244,116.988,117.864,51742.0
2016-12-20 00:00:00+00:00,117.868,118.07,117.109,117.557,39423.0
2016-12-21 00:00:00+00:00,117.546,117.88,117.27,117.54,31512.0
2016-12-22 00:00:00+00:00,117.535,117.623,117.173,117.333,20251.0
2016-12-26 00:00:00+00:00,117.091,117.62,117.091,117.42,23464.0
2016-12-27 00:00:00+00:00,117.438,117.814,117.056,117.261,25824.0
2016-12-28 00:00:00+00:00,117.14,117.216,116.232,116.536,44420.0
2016-12-29 00:00:00+00:00,116.571,117.198,116.048,117.017,68410.0
2017-01-02 00:00:00+00:00,117.282,118.614,117.218,117.748,55375.0
2017-01-03 00:00:00+00:00,117.754,118.188,117.056,117.247,59221.0
2017-01-04 00:00:00+00:00,117.259,117.433,115.216,115.364,101604.0
2017-01-05 00:00:00+00:00,115.34,117.183,115.07,116.982,76916.0
2017-01-08 00:00:00+00:00,117.017,117.534,115.956,116.05,59420.0
2017-01-09 00:00:00+00:00,115.773,116.346,115.198,115.778,75082.0
2017-01-10 00:00:00+00:00,115.763,116.873,114.242,115.414,116584.0
2017-01-11 00:00:00+00:00,115.371,115.514,113.752,114.719,102070.0
2017-01-12 00:00:00+00:00,114.705,115.446,114.172,114.498,78997.0
2017-01-15 00:00:00+00:00,114.33,114.486,113.622,114.199,62596.0
2017-01-16 00:00:00+00:00,114.18,114.285,112.606,112.607,96803.0
2017-01-17 00:00:00+00:00,112.596,114.764,112.576,114.628,69535.0
2017-01-18 00:00:00+00:00,114.649,115.624,114.402,114.86,84943.0
2017-01-19 00:00:00+00:00,114.842,115.386,114.212,114.585,95675.0
2017-01-22 00:00:00+00:00,114.595,114.595,112.7,112.7,87359.0
2017-01-23 00:00:00+00:00,112.654,113.894,112.526,113.782,65116.0
2017-01-24 00:00:00+00:00,113.77,113.993,113.04,113.28,62160.0
2017-01-25 00:00:00+00:00,113.25,114.857,113.053,114.537,64989.0
2017-01-26 00:00:00+00:00,114.558,115.378,114.392,115.094,58748.0
2017-01-29 00:00:00+00:00,114.759,114.958,113.447,113.78,60604.0
2017-01-30 00:00:00+00:00,113.766,113.962,112.082,112.802,89100.0
2017-01-31 00:00:00+00:00,112.795,113.954,112.644,113.248,74528.0
2017-02-01 00:00:00+00:00,113.215,113.364,112.056,112.806,68892.0
2017-02-02 00:00:00+00:00,112.818,113.488,112.314,112.596,74325.0
2017-02-05 00:00:00+00:00,112.486,112.78,111.622,111.745,56437.0
2017-02-06 00:00:00+00:00,111.732,112.582,111.594,112.398,47037.0
2017-02-07 00:00:00+00:00,112.382,112.546,111.632,111.932,51423.0
2017-02-08 00:00:00+00:00,111.952,113.348,111.739,113.248,50242.0
2017-02-09 00:00:00+00:00,113.264,113.862,112.86,113.227,54249.0
2017-02-12 00:00:00+00:00,113.546,114.168,113.436,113.738,40861.0
2017-02-13 00:00:00+00:00,113.751,114.501,113.25,114.264,50203.0
2017-02-14 00:00:00+00:00,114.243,114.955,113.864,114.154,47976.0
2017-02-15 00:00:00+00:00,114.142,114.314,113.079,113.246,48997.0
2017-02-16 00:00:00+00:00,113.256,113.505,112.62,112.809,42119.0
2017-02-19 00:00:00+00:00,112.89,113.239,112.792,113.103,24739.0
2017-02-20 00:00:00+00:00,113.095,113.78,113.09,113.683,31664.0
2017-02-21 00:00:00+00:00,113.668,113.735,112.908,113.314,44651.0
2017-02-22 00:00:00+00:00,113.332,113.461,112.552,112.624,38535.0
2017-02-23 00:00:00+00:00,112.602,112.955,111.936,112.125,35884.0
2017-02-26 00:00:00+00:00,112.172,112.844,111.92,112.69,43902.0
2017-02-27 00:00:00+00:00,112.715,112.902,111.688,112.789,95019.0
2017-02-28 00:00:00+00:00,112.747,114.056,112.726,113.726,134539.0
2017-03-01 00:00:00+00:00,113.738,114.598,113.682,114.406,84062.0
2017-03-02 00:00:00+00:00,114.4,114.754,113.811,114.005,99613.0
2017-03-05 00:00:00+00:00,113.906,114.143,113.559,113.896,62628.0
2017-03-06 00:00:00+00:00,113.879,114.156,113.73,113.98,52633.0
2017-03-07 00:00:00+00:00,113.996,114.758,113.612,114.387,73263.0
2017-03-08 00:00:00+00:00,114.324,115.003,114.312,114.962,84417.0
2017-03-09 00:00:00+00:00,114.938,115.504,114.652,114.758,101780.0
2017-03-12 00:00:00+00:00,114.738,114.927,114.482,114.882,64637.0
2017-03-13 00:00:00+00:00,114.889,115.193,114.518,114.738,64698.0
2017-03-14 00:00:00+00:00,114.777,114.883,113.17,113.382,96228.0
2017-03-15 00:00:00+00:00,113.375,113.552,112.902,113.306,91324.0
2017-03-16 00:00:00+00:00,113.3,113.496,112.563,112.709,61964.0
2017-03-19 00:00:00+00:00,112.682,112.899,112.454,112.558,50467.0
2017-03-20 00:00:00+00:00,112.566,112.869,111.54,111.723,91070.0
2017-03-21 00:00:00+00:00,111.725,111.791,110.731,111.155,111182.0
2017-03-22 00:00:00+00:00,111.15,111.578,110.628,110.93,114211.0
2017-03-23 00:00:00+00:00,110.934,111.485,110.626,111.321,96563.0
2017-03-26 00:00:00+00:00,110.926,111.054,110.114,110.669,88211.0
2017-03-27 00:00:00+00:00,110.652,111.202,110.182,111.14,70222.0
2017-03-28 00:00:00+00:00,111.174,111.318,110.714,111.048,70233.0
2017-03-29 00:00:00+00:00,111.034,111.944,110.942,111.92,75744.0
2017-03-30 00:00:00+00:00,111.9,112.202,111.244,111.388,83106.0
2017-04-02 00:00:00+00:00,111.444,111.592,110.854,110.902,71453.0
2017-04-03 00:00:00+00:00,110.934,110.945,110.272,110.74,77717.0
2017-04-04 00:00:00+00:00,110.754,111.453,110.539,110.698,89771.0
2017-04-05 00:00:00+00:00,110.696,111.146,110.29,110.801,90898.0
2017-04-06 00:00:00+00:00,110.798,111.37,110.136,111.07,141656.0
2017-04-09 00:00:00+00:00,111.086,111.578,110.806,110.93,65360.0
2017-04-10 00:00:00+00:00,110.947,110.952,109.604,109.606,81966.0
2017-04-11 00:00:00+00:00,109.624,109.87,108.96,109.019,98325.0
2017-04-12 00:00:00+00:00,109.038,109.392,108.73,109.102,84730.0
2017-04-13 00:00:00+00:00,109.164,109.236,108.554,108.646,73558.0
2017-04-16 00:00:00+00:00,108.751,109.054,108.129,108.903,62785.0
2017-04-17 00:00:00+00:00,108.892,109.225,108.326,108.428,84479.0
2017-04-18 00:00:00+00:00,108.408,109.18,108.38,108.854,68745.0
2017-04-19 00:00:00+00:00,108.866,109.492,108.721,109.314,72245.0
2017-04-20 00:00:00+00:00,109.327,109.423,108.88,109.067,66812.0
2017-04-23 00:00:00+00:00,110.611,110.631,109.664,109.769,99361.0
2017-04-24 00:00:00+00:00,109.779,111.19,109.596,111.088,69492.0
2017-04-25 00:00:00+00:00,111.072,111.782,110.871,111.064,105392.0
2017-04-26 00:00:00+00:00,111.066,111.602,111.017,111.264,83264.0
2017-04-27 00:00:00+00:00,111.267,111.719,111.07,111.509,72231.0
2017-04-30 00:00:00+00:00,111.281,111.932,111.212,111.834,56950.0
2017-05-01 00:00:00+00:00,111.828,112.307,111.779,111.992,62245.0
2017-05-02 00:00:00+00:00,111.988,112.782,111.964,112.763,63701.0
2017-05-03 00:00:00+00:00,112.771,113.05,112.316,112.456,75773.0
2017-05-04 00:00:00+00:00,112.45,112.81,112.092,112.686,75063.0
2017-05-07 00:00:00+00:00,112.939,113.299,112.394,113.246,68554.0
2017-05-08 00:00:00+00:00,113.248,114.332,113.135,114.007,61993.0
2017-05-09 00:00:00+00:00,113.967,114.379,113.625,114.277,67662.0
2017-05-10 00:00:00+00:00,114.276,114.366,113.46,113.866,62059.0
2017-05-11 00:00:00+00:00,113.836,113.957,113.198,113.338,63991.0
2017-05-14 00:00:00+00:00,113.197,113.855,113.146,113.798,53830.0
2017-05-15 00:00:00+00:00,113.775,113.802,112.929,113.117,64805.0
2017-05-16 00:00:00+00:00,113.104,113.148,110.79,110.832,116548.0
2017-05-17 00:00:00+00:00,110.806,111.742,110.24,111.482,170971.0
2017-05-18 00:00:00+00:00,111.538,111.698,111.034,111.227,93462.0
2017-05-21 00:00:00+00:00,111.058,111.61,110.931,111.292,67803.0
2017-05-22 00:00:00+00:00,111.289,111.856,110.865,111.782,94408.0
2017-05-23 00:00:00+00:00,111.768,112.128,111.484,111.489,83020.0
2017-05-24 00:00:00+00:00,111.486,111.95,111.485,111.832,60896.0
2017-05-25 00:00:00+00:00,111.778,111.864,110.878,111.304,66697.0
2017-05-28 00:00:00+00:00,111.276,111.466,111.158,111.258,46349.0
2017-05-29 00:00:00+00:00,111.252,111.33,110.663,110.857,65133.0
2017-05-30 00:00:00+00:00,110.858,111.23,110.48,110.778,71357.0
2017-05-31 00:00:00+00:00,110.742,111.482,110.67,111.37,60233.0
2017-06-01 00:00:00+00:00,111.339,111.713,110.33,110.395,76944.0
2017-06-04 00:00:00+00:00,110.359,110.733,110.312,110.474,19334.0
2017-06-05 00:00:00+00:00,110.463,110.533,109.225,109.416,55203.0
2017-06-06 00:00:00+00:00,109.389,109.886,109.116,109.822,60431.0
2017-06-07 00:00:00+00:00,109.826,110.387,109.382,109.996,78051.0
2017-06-08 00:00:00+00:00,110.04,110.816,109.752,110.294,83619.0
2017-06-11 00:00:00+00:00,110.342,110.44,109.632,109.941,50426.0
2017-06-12 00:00:00+00:00,109.938,110.27,109.815,110.066,49011.0
2017-06-13 00:00:00+00:00,110.054,110.342,108.815,109.564,102666.0
2017-06-14 00:00:00+00:00,109.587,110.981,109.273,110.946,82744.0
2017-06-15 00:00:00+00:00,110.951,111.42,110.644,110.89,66339.0
2017-06-18 00:00:00+00:00,110.914,111.602,110.756,111.536,46172.0
2017-06-19 00:00:00+00:00,111.54,111.793,111.31,111.462,56454.0
2017-06-20 00:00:00+00:00,111.463,111.74,111.072,111.374,61804.0
2017-06-21 00:00:00+00:00,111.358,111.446,110.954,111.318,60938.0
2017-06-22 00:00:00+00:00,111.304,111.434,111.157,111.299,44290.0
2017-06-25 00:00:00+00:00,111.172,111.942,111.146,111.864,46569.0
2017-06-26 00:00:00+00:00,111.835,112.468,111.462,112.341,69345.0
2017-06-27 00:00:00+00:00,112.326,112.414,111.829,112.3,90652.0
2017-06-28 00:00:00+00:00,112.296,112.928,111.81,112.164,85237.0
2017-06-29 00:00:00+00:00,112.184,112.608,111.73,112.412,84767.0
2017-07-02 00:00:00+00:00,112.102,113.474,112.093,113.39,55478.0
2017-07-03 00:00:00+00:00,113.422,113.471,112.738,113.288,70894.0
2017-07-04 00:00:00+00:00,113.273,113.689,112.829,113.258,69203.0
2017-07-05 00:00:00+00:00,113.279,113.468,112.885,113.206,68952.0
2017-07-06 00:00:00+00:00,113.178,114.178,113.104,113.928,73531.0
2017-07-09 00:00:00+00:00,113.893,114.302,113.893,114.033,48974.0
2017-07-10 00:00:00+00:00,114.054,114.498,113.717,113.934,57518.0
2017-07-11 00:00:00+00:00,113.935,113.972,112.931,113.174,85694.0
2017-07-12 00:00:00+00:00,113.154,113.532,112.862,113.28,69379.0
2017-07-13 00:00:00+00:00,113.273,113.576,112.258,112.516,70423.0
2017-07-16 00:00:00+00:00,112.46,112.864,112.332,112.622,54401.0
2017-07-17 00:00:00+00:00,112.617,112.709,111.684,112.072,83395.0
2017-07-18 00:00:00+00:00,112.097,112.234,111.56,111.957,64969.0
2017-07-19 00:00:00+00:00,111.929,112.42,111.484,111.915,98723.0
2017-07-20 00:00:00+00:00,111.92,112.081,111.014,111.135,27332.0
2017-07-23 00:00:00+00:00,111.119,111.32,110.623,111.104,24352.0
2017-07-24 00:00:00+00:00,111.108,111.958,110.83,111.888,27516.0
2017-07-25 00:00:00+00:00,111.906,112.202,111.062,111.18,33416.0
2017-07-26 00:00:00+00:00,111.175,111.713,110.782,111.254,37494.0
2017-07-27 00:00:00+00:00,111.274,111.33,110.55,110.683,35124.0
2017-07-30 00:00:00+00:00,110.66,110.774,110.216,110.256,23446.0
2017-07-31 00:00:00+00:00,110.258,110.588,109.92,110.378,31021.0
2017-08-01 00:00:00+00:00,110.362,110.984,110.285,110.74,27301.0
2017-08-02 00:00:00+00:00,110.688,110.828,109.856,110.049,28509.0
2017-08-03 00:00:00+00:00,110.044,111.052,109.847,110.69,27686.0
2017-08-06 00:00:00+00:00,110.728,110.918,110.648,110.743,15592.0
2017-08-07 00:00:00+00:00,110.762,110.83,110.249,110.325,19414.0
2017-08-08 00:00:00+00:00,110.338,110.366,109.56,110.066,31550.0
2017-08-09 00:00:00+00:00,110.07,110.18,109.152,109.204,30372.0
2017-08-10 00:00:00+00:00,109.2,109.406,108.736,109.178,29616.0
2017-08-13 00:00:00+00:00,109.172,109.8,109.047,109.632,22105.0
2017-08-14 00:00:00+00:00,109.649,110.849,109.612,110.676,23277.0
2017-08-15 00:00:00+00:00,110.658,110.95,110.032,110.192,23777.0
2017-08-16 00:00:00+00:00,110.201,110.372,109.446,109.57,38797.0
2017-08-17 00:00:00+00:00,109.547,109.6,108.605,109.212,44955.0
2017-08-20 00:00:00+00:00,109.386,109.425,108.638,108.978,25193.0
2017-08-21 00:00:00+00:00,108.976,109.654,108.887,109.57,21297.0
2017-08-22 00:00:00+00:00,109.566,109.826,108.924,109.042,24506.0
2017-08-23 00:00:00+00:00,109.036,109.605,108.852,109.556,21645.0
2017-08-24 00:00:00+00:00,109.553,109.846,109.114,109.349,30391.0
2017-08-27 00:00:00+00:00,109.19,109.414,109.024,109.254,16756.0
2017-08-28 00:00:00+00:00,109.258,109.902,108.266,109.756,53397.0
2017-08-29 00:00:00+00:00,109.678,110.441,109.544,110.246,28653.0
2017-08-30 00:00:00+00:00,110.248,110.67,109.882,109.974,28179.0
2017-08-31 00:00:00+00:00,109.99,110.494,109.564,110.256,30980.0
2017-09-03 00:00:00+00:00,109.521,109.933,109.385,109.72,19666.0
2017-09-04 00:00:00+00:00,109.714,109.836,108.633,108.813,34133.0
2017-09-05 00:00:00+00:00,108.808,109.397,108.45,109.22,35013.0
2017-09-06 00:00:00+00:00,109.198,109.264,108.048,108.454,37126.0
2017-09-07 00:00:00+00:00,108.47,108.486,107.319,107.845,44041.0
2017-09-10 00:00:00+00:00,108.203,109.506,108.119,109.396,25038.0
2017-09-11 00:00:00+00:00,109.392,110.254,109.243,110.168,26611.0
2017-09-12 00:00:00+00:00,110.164,110.691,109.904,110.488,25348.0
2017-09-13 00:00:00+00:00,110.481,111.04,110.063,110.245,34007.0
2017-09-14 00:00:00+00:00,110.25,111.334,109.555,110.839,39295.0
2017-09-17 00:00:00+00:00,111.09,111.664,111.0,111.568,20910.0
2017-09-18 00:00:00+00:00,111.572,111.882,111.203,111.598,31673.0
2017-09-19 00:00:00+00:00,111.586,112.532,111.116,112.196,36357.0
2017-09-20 00:00:00+00:00,112.23,112.718,112.136,112.48,30912.0
2017-09-21 00:00:00+00:00,112.485,112.556,111.656,111.992,28396.0
2017-09-24 00:00:00+00:00,112.166,112.53,111.473,111.727,33392.0
2017-09-25 00:00:00+00:00,111.693,112.476,111.499,112.235,33267.0
2017-09-26 00:00:00+00:00,112.229,113.258,112.225,112.822,35149.0
2017-09-27 00:00:00+00:00,112.838,113.209,112.255,112.34,33695.0
2017-09-28 00:00:00+00:00,112.298,112.738,112.214,112.502,29535.0
2017-10-01 00:00:00+00:00,112.661,113.06,112.464,112.763,24545.0
2017-10-02 00:00:00+00:00,112.763,113.196,112.664,112.846,24189.0
2017-10-03 00:00:00+00:00,112.841,112.938,112.322,112.758,26188.0
2017-10-04 00:00:00+00:00,112.75,112.919,112.415,112.819,19981.0
2017-10-05 00:00:00+00:00,112.824,113.44,112.609,112.65,28027.0
2017-10-06 00:00:00+00:00,112.65,112.65,112.65,112.65,1.0
2017-10-08 00:00:00+00:00,112.592,112.745,112.334,112.682,10364.0
2017-10-09 00:00:00+00:00,112.67,112.828,111.99,112.448,22180.0
2017-10-10 00:00:00+00:00,112.453,112.586,112.08,112.494,22629.0
2017-10-11 00:00:00+00:00,112.506,112.524,112.128,112.286,21673.0
2017-10-12 00:00:00+00:00,112.292,112.31,111.688,111.839,23097.0
2017-10-15 00:00:00+00:00,111.762,112.29,111.652,112.196,16437.0
2017-10-16 00:00:00+00:00,112.192,112.48,112.038,112.2,17061.0
2017-10-17 00:00:00+00:00,112.2,113.05,112.136,112.932,17726.0
2017-10-18 00:00:00+00:00,112.932,113.148,112.297,112.537,28469.0
2017-10-19 00:00:00+00:00,112.531,113.57,112.517,113.512,27655.0
2017-10-20 00:00:00+00:00,113.512,113.512,113.512,113.512,1.0
2017-10-22 00:00:00+00:00,113.88,114.1,113.246,113.431,23233.0
2017-10-23 00:00:00+00:00,113.435,114.022,113.252,113.912,25600.0
2017-10-24 00:00:00+00:00,113.912,114.242,113.482,113.744,33395.0
2017-10-25 00:00:00+00:00,113.75,114.079,113.342,113.985,30004.0
2017-10-26 00:00:00+00:00,113.994,114.453,113.644,113.684,33646.0
2017-10-29 00:00:00+00:00,113.731,113.836,113.024,113.176,21300.0
2017-10-30 00:00:00+00:00,113.188,113.734,112.958,113.638,20881.0
2017-10-31 00:00:00+00:00,113.644,114.281,113.608,114.179,27408.0
2017-11-01 00:00:00+00:00,114.198,114.216,113.538,114.08,30459.0
2017-11-02 00:00:00+00:00,114.08,114.428,113.632,114.07,20269.0
2017-11-05 00:00:00+00:00,114.027,114.734,113.696,113.706,22832.0
2017-11-06 00:00:00+00:00,113.706,114.341,113.703,113.996,20666.0
2017-11-07 00:00:00+00:00,113.997,114.034,113.396,113.874,20592.0
2017-11-08 00:00:00+00:00,113.88,114.07,113.091,113.466,34831.0
2017-11-09 00:00:00+00:00,113.488,113.636,113.222,113.523,23619.0
2017-11-12 00:00:00+00:00,113.506,113.714,113.244,113.626,17765.0
2017-11-13 00:00:00+00:00,113.63,113.911,113.31,113.456,20375.0
2017-11-14 00:00:00+00:00,113.462,113.495,112.48,112.875,33809.0
2017-11-15 00:00:00+00:00,112.876,113.33,112.736,113.048,22183.0
2017-11-16 00:00:00+00:00,113.031,113.143,111.948,112.116,25825.0
2017-11-19 00:00:00+00:00,112.116,112.718,111.888,112.622,24472.0
2017-11-20 00:00:00+00:00,112.622,112.704,112.176,112.448,19920.0
2017-11-21 00:00:00+00:00,112.458,112.495,111.142,111.217,23030.0
2017-11-22 00:00:00+00:00,111.224,111.381,111.069,111.218,12934.0
2017-11-23 00:00:00+00:00,111.212,111.621,111.198,111.525,16323.0
2017-11-26 00:00:00+00:00,111.512,111.694,110.844,111.108,21695.0
2017-11-27 00:00:00+00:00,111.167,111.641,110.932,111.48,29018.0
2017-11-28 00:00:00+00:00,111.452,112.149,111.378,111.928,29778.0
2017-11-29 00:00:00+00:00,111.89,112.634,111.737,112.533,21876.0
2017-11-30 00:00:00+00:00,112.548,112.874,111.404,112.246,64316.0
2017-12-03 00:00:00+00:00,112.825,113.089,112.366,112.41,28061.0
2017-12-04 00:00:00+00:00,112.409,112.866,112.38,112.602,26948.0
2017-12-05 00:00:00+00:00,112.601,112.64,111.993,112.29,28990.0
2017-12-06 00:00:00+00:00,112.273,113.158,112.222,113.084,22355.0
2017-12-07 00:00:00+00:00,113.094,113.59,113.08,113.482,23295.0
2017-12-10 00:00:00+00:00,113.546,113.69,113.244,113.562,15421.0
2017-12-11 00:00:00+00:00,113.54,113.752,113.374,113.545,15204.0
2017-12-12 00:00:00+00:00,113.545,113.574,112.46,112.541,28817.0
2017-12-13 00:00:00+00:00,112.541,112.884,112.065,112.398,23720.0
2017-12-14 00:00:00+00:00,112.39,112.744,112.032,112.622,23018.0
2017-12-17 00:00:00+00:00,112.734,112.83,112.312,112.544,15917.0
2017-12-18 00:00:00+00:00,112.552,113.08,112.512,112.886,14590.0
2017-12-19 00:00:00+00:00,112.883,113.468,112.846,113.396,15941.0
2017-12-20 00:00:00+00:00,113.396,113.636,113.202,113.328,14860.0
2017-12-21 00:00:00+00:00,113.336,113.447,113.254,113.294,12217.0
2017-12-25 00:00:00+00:00,113.254,113.354,113.122,113.234,7127.0
2017-12-26 00:00:00+00:00,113.229,113.381,113.15,113.346,12155.0
2017-12-27 00:00:00+00:00,113.208,113.266,112.666,112.862,11046.0
2017-12-28 00:00:00+00:00,112.899,112.97,112.474,112.696,12523.0
2018-01-01 00:00:00+00:00,112.666,112.793,112.058,112.291,13308.0
2018-01-02 00:00:00+00:00,112.284,112.609,112.174,112.509,12735.0
2018-01-03 00:00:00+00:00,112.509,112.864,112.48,112.75,13864.0
2018-01-04 00:00:00+00:00,112.75,113.312,112.725,113.057,14500.0
2018-01-07 00:00:00+00:00,113.131,113.387,112.884,113.092,10063.0
2018-01-08 00:00:00+00:00,113.101,113.181,112.367,112.648,18249.0
2018-01-09 00:00:00+00:00,112.648,112.785,111.27,111.434,28551.0
2018-01-10 00:00:00+00:00,111.438,111.876,111.046,111.264,23517.0
2018-01-11 00:00:00+00:00,111.22,111.695,110.916,111.046,27392.0
2018-01-14 00:00:00+00:00,111.097,111.185,110.33,110.537,22591.0
2018-01-15 00:00:00+00:00,110.546,110.984,110.248,110.456,24473.0
2018-01-16 00:00:00+00:00,110.474,111.346,110.192,111.292,29934.0
2018-01-17 00:00:00+00:00,111.287,111.484,110.694,111.108,29252.0
2018-01-18 00:00:00+00:00,111.069,111.132,110.492,110.818,27064.0
2018-01-21 00:00:00+00:00,110.566,111.224,110.528,110.937,19597.0
2018-01-22 00:00:00+00:00,110.919,111.178,110.253,110.304,28609.0
2018-01-23 00:00:00+00:00,110.322,110.338,108.969,109.22,35439.0
2018-01-24 00:00:00+00:00,109.216,109.7,108.502,109.409,54398.0
2018-01-25 00:00:00+00:00,109.435,109.77,108.284,108.611,51101.0
2018-01-28 00:00:00+00:00,108.704,109.204,108.51,108.958,31497.0
2018-01-29 00:00:00+00:00,108.954,109.204,108.416,108.78,37167.0
2018-01-30 00:00:00+00:00,108.788,109.446,108.598,109.18,40522.0
2018-01-31 00:00:00+00:00,109.203,109.751,109.096,109.404,32333.0
2018-02-01 00:00:00+00:00,109.404,110.484,109.283,110.166,43225.0
2018-02-04 00:00:00+00:00,110.202,110.284,108.994,109.125,54584.0
2018-02-05 00:00:00+00:00,109.12,109.652,108.457,109.562,89676.0
2018-02-06 00:00:00+00:00,109.544,109.714,108.92,109.341,45348.0
2018-02-07 00:00:00+00:00,109.358,109.783,108.583,108.744,62572.0
2018-02-08 00:00:00+00:00,108.74,109.311,108.047,108.802,80453.0
2018-02-11 00:00:00+00:00,108.87,108.89,108.438,108.656,29733.0
2018-02-12 00:00:00+00:00,108.651,108.782,107.41,107.816,36108.0
2018-02-13 00:00:00+00:00,107.811,107.901,106.722,107.009,51627.0
2018-02-14 00:00:00+00:00,106.962,107.011,106.036,106.122,47215.0
2018-02-15 00:00:00+00:00,106.129,106.398,105.548,106.294,40418.0
2018-02-18 00:00:00+00:00,106.334,106.726,106.097,106.594,18565.0
2018-02-19 00:00:00+00:00,106.594,107.377,106.562,107.33,25347.0
2018-02-20 00:00:00+00:00,107.33,107.904,107.278,107.774,35743.0
2018-02-21 00:00:00+00:00,107.77,107.778,106.597,106.753,31619.0
2018-02-22 00:00:00+00:00,106.753,107.136,106.514,106.876,23307.0
2018-02-25 00:00:00+00:00,107.21,107.21,106.376,106.938,25851.0
2018-02-26 00:00:00+00:00,106.932,107.678,106.787,107.328,29709.0
2018-02-27 00:00:00+00:00,107.344,107.528,106.568,106.671,28974.0
2018-02-28 00:00:00+00:00,106.675,107.204,106.164,106.241,45731.0
2018-03-01 00:00:00+00:00,106.232,106.298,105.251,105.743,42333.0
2018-03-04 00:00:00+00:00,105.452,106.24,105.35,106.202,30823.0
2018-03-05 00:00:00+00:00,106.202,106.462,105.856,106.118,29786.0
2018-03-06 00:00:00+00:00,106.144,106.223,105.458,106.069,38976.0
2018-03-07 00:00:00+00:00,106.084,106.316,105.894,106.223,25170.0
2018-03-08 00:00:00+00:00,106.202,107.052,106.173,106.816,31652.0
2018-03-11 00:00:00+00:00,106.652,106.972,106.316,106.414,21737.0
2018-03-12 00:00:00+00:00,106.42,107.296,106.256,106.58,30463.0
2018-03-13 00:00:00+00:00,106.572,106.748,106.066,106.326,26680.0
2018-03-14 00:00:00+00:00,106.305,106.413,105.788,106.334,27160.0
2018-03-15 00:00:00+00:00,106.368,106.38,105.605,105.996,23307.0
2018-03-18 00:00:00+00:00,105.915,106.308,105.68,106.095,27026.0
2018-03-19 00:00:00+00:00,106.095,106.607,105.93,106.536,26521.0
2018-03-20 00:00:00+00:00,106.536,106.642,105.88,106.051,30847.0
2018-03-21 00:00:00+00:00,106.043,106.089,105.26,105.284,43764.0
2018-03-22 00:00:00+00:00,105.336,105.341,104.64,104.738,51109.0
2018-03-25 00:00:00+00:00,104.66,105.481,104.638,105.402,28999.0
2018-03-26 00:00:00+00:00,105.409,105.904,105.324,105.332,30266.0
2018-03-27 00:00:00+00:00,105.338,107.011,105.332,106.85,40059.0
2018-03-28 00:00:00+00:00,106.856,106.933,106.266,106.436,25799.0
2018-03-29 00:00:00+00:00,106.442,106.54,106.126,106.284,10555.0
2018-04-01 00:00:00+00:00,106.239,106.45,105.662,105.898,23273.0
2018-04-02 00:00:00+00:00,105.893,106.658,105.694,106.608,28109.0
2018-04-03 00:00:00+00:00,106.624,106.848,105.992,106.777,31968.0
2018-04-04 00:00:00+00:00,106.777,107.492,106.713,107.385,21819.0
2018-04-05 00:00:00+00:00,107.408,107.46,106.778,106.927,40095.0
2018-04-08 00:00:00+00:00,106.966,107.203,106.619,106.78,21284.0
2018-04-09 00:00:00+00:00,106.78,107.398,106.62,107.202,29076.0
2018-04-10 00:00:00+00:00,107.218,107.254,106.652,106.794,23970.0
2018-04-11 00:00:00+00:00,106.794,107.43,106.703,107.335,21598.0
2018-04-12 00:00:00+00:00,107.322,107.781,107.206,107.357,20360.0
2018-04-15 00:00:00+00:00,107.513,107.608,107.038,107.115,17444.0
2018-04-16 00:00:00+00:00,107.12,107.212,106.885,107.008,14939.0
2018-04-17 00:00:00+00:00,107.002,107.386,107.001,107.232,14742.0
2018-04-18 00:00:00+00:00,107.239,107.516,107.183,107.367,18707.0
2018-04-19 00:00:00+00:00,107.378,107.858,107.36,107.651,18799.0
2018-04-22 00:00:00+00:00,107.788,108.754,107.664,108.707,18803.0
2018-04-23 00:00:00+00:00,108.707,109.202,108.544,108.816,20990.0
2018-04-24 00:00:00+00:00,108.812,109.454,108.787,109.426,21756.0
2018-04-25 00:00:00+00:00,109.422,109.469,109.068,109.302,20329.0
2018-04-26 00:00:00+00:00,109.296,109.54,108.976,109.047,20010.0
2018-04-29 00:00:00+00:00,109.088,109.452,109.022,109.342,14705.0
2018-04-30 00:00:00+00:00,109.32,109.889,109.24,109.864,15771.0
2018-05-01 00:00:00+00:00,109.864,110.035,109.596,109.83,22562.0
2018-05-02 00:00:00+00:00,109.865,109.912,108.93,109.194,24122.0
2018-05-03 00:00:00+00:00,109.211,109.274,108.649,109.1,18858.0
2018-05-06 00:00:00+00:00,109.116,109.399,108.758,109.093,13743.0
2018-05-07 00:00:00+00:00,109.029,109.35,108.83,109.128,20663.0
2018-05-08 00:00:00+00:00,109.128,109.834,108.999,109.742,19132.0
2018-05-09 00:00:00+00:00,109.736,110.019,109.318,109.396,22886.0
2018-05-10 00:00:00+00:00,109.396,109.567,109.154,109.387,15635.0
2018-05-13 00:00:00+00:00,109.35,109.672,109.21,109.65,13675.0
2018-05-14 00:00:00+00:00,109.663,110.454,109.661,110.352,21841.0
2018-05-15 00:00:00+00:00,110.335,110.406,110.04,110.398,21402.0
2018-05-16 00:00:00+00:00,110.387,110.858,110.075,110.77,19763.0
2018-05-17 00:00:00+00:00,110.77,111.083,110.608,110.758,17116.0
2018-05-20 00:00:00+00:00,110.897,111.397,110.823,111.055,14791.0
2018-05-21 00:00:00+00:00,111.042,111.186,110.796,110.901,16498.0
2018-05-22 00:00:00+00:00,110.909,110.92,109.559,110.08,34221.0
2018-05-23 00:00:00+00:00,110.08,110.119,108.955,109.253,31540.0
2018-05-24 00:00:00+00:00,109.253,109.744,109.124,109.396,26752.0
2018-05-27 00:00:00+00:00,109.769,109.832,109.234,109.418,19669.0
2018-05-28 00:00:00+00:00,109.414,109.47,108.114,108.769,51691.0
2018-05-29 00:00:00+00:00,108.765,109.075,108.352,108.907,42216.0
2018-05-30 00:00:00+00:00,108.903,109.004,108.386,108.814,36062.0
2018-05-31 00:00:00+00:00,108.825,109.738,108.724,109.519,29026.0
2018-06-03 00:00:00+00:00,109.519,109.853,109.372,109.818,18537.0
2018-06-04 00:00:00+00:00,109.8,110.004,109.472,109.799,20389.0
2018-06-05 00:00:00+00:00,109.804,110.268,109.79,110.184,19927.0
2018-06-06 00:00:00+00:00,110.184,110.222,109.478,109.699,23872.0
2018-06-07 00:00:00+00:00,109.679,109.852,109.199,109.54,25222.0
2018-06-10 00:00:00+00:00,109.334,110.118,109.322,110.034,17011.0
2018-06-11 00:00:00+00:00,110.034,110.495,109.985,110.374,24436.0
2018-06-12 00:00:00+00:00,110.353,110.85,110.274,110.344,19785.0
2018-06-13 00:00:00+00:00,110.334,110.696,109.917,110.63,21491.0
2018-06-14 00:00:00+00:00,110.653,110.903,110.39,110.66,24202.0
2018-06-17 00:00:00+00:00,110.68,110.74,110.302,110.55,12874.0
2018-06-18 00:00:00+00:00,110.546,110.574,109.553,110.053,30300.0
2018-06-19 00:00:00+00:00,110.064,110.45,109.856,110.356,21035.0
2018-06-20 00:00:00+00:00,110.346,110.758,109.844,109.97,25689.0
2018-06-21 00:00:00+00:00,109.981,110.218,109.803,109.98,16841.0
2018-06-24 00:00:00+00:00,109.868,110.048,109.37,109.764,25837.0
2018-06-25 00:00:00+00:00,109.771,110.22,109.37,110.041,21885.0
2018-06-26 00:00:00+00:00,110.046,110.49,109.686,110.264,30857.0
2018-06-27 00:00:00+00:00,110.26,110.65,109.968,110.493,25568.0
2018-06-28 00:00:00+00:00,110.5,110.944,110.376,110.728,26540.0
2018-07-01 00:00:00+00:00,110.675,111.062,110.594,110.894,23136.0
2018-07-02 00:00:00+00:00,110.868,111.134,110.508,110.589,22682.0
2018-07-03 00:00:00+00:00,110.595,110.612,110.278,110.494,19695.0
2018-07-04 00:00:00+00:00,110.487,110.73,110.291,110.645,21016.0
2018-07-05 00:00:00+00:00,110.588,110.786,110.382,110.468,19172.0
2018-07-08 00:00:00+00:00,110.447,110.902,110.352,110.846,12954.0
2018-07-09 00:00:00+00:00,110.811,111.353,110.8,110.996,13713.0
2018-07-10 00:00:00+00:00,110.968,112.174,110.77,112.011,31255.0
2018-07-11 00:00:00+00:00,111.994,112.628,111.918,112.527,21158.0
2018-07-12 00:00:00+00:00,112.518,112.802,112.276,112.364,17279.0
2018-07-15 00:00:00+00:00,112.212,112.564,112.212,112.287,12518.0
2018-07-16 00:00:00+00:00,112.287,112.925,112.222,112.878,19645.0
2018-07-17 00:00:00+00:00,112.874,113.138,112.712,112.838,17432.0
2018-07-18 00:00:00+00:00,112.847,113.178,112.056,112.468,26697.0
2018-07-19 00:00:00+00:00,112.464,112.624,111.388,111.434,33445.0
2018-07-22 00:00:00+00:00,111.384,111.544,110.752,111.345,24871.0
2018-07-23 00:00:00+00:00,111.345,111.513,110.962,111.201,20752.0
2018-07-24 00:00:00+00:00,111.172,111.385,110.661,110.972,27456.0
2018-07-25 00:00:00+00:00,110.978,111.25,110.588,111.237,21649.0
2018-07-26 00:00:00+00:00,111.23,111.255,110.799,111.031,17684.0
2018-07-29 00:00:00+00:00,110.948,111.164,110.892,111.072,12160.0
2018-07-30 00:00:00+00:00,111.053,111.958,110.748,111.874,32601.0
2018-07-31 00:00:00+00:00,111.84,112.152,111.391,111.719,20384.0
2018-08-01 00:00:00+00:00,111.724,111.738,111.319,111.658,18349.0
2018-08-02 00:00:00+00:00,111.65,111.866,111.101,111.253,16796.0
2018-08-05 00:00:00+00:00,111.23,111.528,111.157,111.4,9957.0
2018-08-06 00:00:00+00:00,111.406,111.478,110.994,111.379,10283.0
2018-08-07 00:00:00+00:00,111.376,111.437,110.838,110.952,11908.0
2018-08-08 00:00:00+00:00,111.024,111.185,110.71,111.084,12964.0
2018-08-09 00:00:00+00:00,111.09,111.171,110.511,110.858,33699.0
2018-08-12 00:00:00+00:00,110.468,110.94,110.112,110.723,30383.0
2018-08-13 00:00:00+00:00,110.687,111.314,110.589,111.151,19462.0
2018-08-14 00:00:00+00:00,111.146,111.432,110.433,110.742,23097.0
2018-08-15 00:00:00+00:00,110.716,111.124,110.462,110.897,25841.0
2018-08-16 00:00:00+00:00,110.892,111.052,110.316,110.505,17830.0
2018-08-19 00:00:00+00:00,110.598,110.684,110.02,110.068,13735.0
2018-08-20 00:00:00+00:00,110.068,110.547,109.774,110.296,16444.0
2018-08-21 00:00:00+00:00,110.245,110.618,110.028,110.552,18942.0
2018-08-22 00:00:00+00:00,110.562,111.317,110.52,111.29,16537.0
2018-08-23 00:00:00+00:00,111.273,111.487,111.104,111.244,16911.0
2018-08-26 00:00:00+00:00,111.326,111.348,110.935,111.078,10770.0
2018-08-27 00:00:00+00:00,111.088,111.358,110.956,111.194,12703.0
2018-08-28 00:00:00+00:00,111.194,111.83,111.124,111.68,15268.0
2018-08-29 00:00:00+00:00,111.694,111.756,110.954,110.999,16432.0
2018-08-30 00:00:00+00:00,110.974,111.134,110.686,111.081,18806.0
2018-09-02 00:00:00+00:00,111.106,111.187,110.852,111.068,12025.0
2018-09-03 00:00:00+00:00,111.06,111.534,110.902,111.445,17043.0
2018-09-04 00:00:00+00:00,111.397,111.757,111.375,111.529,17737.0
2018-09-05 00:00:00+00:00,111.526,111.532,110.522,110.736,19183.0
2018-09-06 00:00:00+00:00,110.744,111.248,110.382,110.997,23985.0
2018-09-09 00:00:00+00:00,111.084,111.246,110.85,111.131,12237.0
2018-09-10 00:00:00+00:00,111.116,111.642,111.066,111.602,12616.0
2018-09-11 00:00:00+00:00,111.587,111.652,111.116,111.26,15072.0
2018-09-12 00:00:00+00:00,111.295,112.0,111.171,111.922,15278.0
2018-09-13 00:00:00+00:00,111.93,112.169,111.754,112.058,15809.0
2018-09-16 00:00:00+00:00,112.038,112.122,111.763,111.85,9710.0
2018-09-17 00:00:00+00:00,111.864,112.389,111.665,112.368,21372.0
2018-09-18 00:00:00+00:00,112.36,112.447,112.163,112.278,13838.0
2018-09-19 00:00:00+00:00,112.293,112.584,112.044,112.488,16446.0
2018-09-20 00:00:00+00:00,112.475,112.874,112.43,112.575,15037.0
2018-09-23 00:00:00+00:00,112.422,112.84,112.422,112.797,10158.0
2018-09-24 00:00:00+00:00,112.789,112.982,112.742,112.972,11081.0
2018-09-25 00:00:00+00:00,112.972,113.137,112.632,112.73,18317.0
2018-09-26 00:00:00+00:00,112.73,113.468,112.562,113.392,17272.0
2018-09-27 00:00:00+00:00,113.38,113.709,113.319,113.693,15946.0
2018-09-30 00:00:00+00:00,113.74,114.06,113.704,113.949,11716.0
2018-10-01 00:00:00+00:00,113.907,114.017,113.529,113.68,15097.0
2018-10-02 00:00:00+00:00,113.625,114.542,113.521,114.535,16954.0
2018-10-03 00:00:00+00:00,114.476,114.552,113.634,113.933,24649.0
2018-10-04 00:00:00+00:00,113.912,114.102,113.558,113.723,25081.0
2018-10-07 00:00:00+00:00,113.798,113.944,112.824,113.231,15568.0
2018-10-08 00:00:00+00:00,113.203,113.392,112.87,112.954,26326.0
2018-10-09 00:00:00+00:00,112.972,113.286,112.256,112.264,29799.0
2018-10-10 00:00:00+00:00,112.276,112.534,111.832,112.16,59486.0
2018-10-11 00:00:00+00:00,112.128,112.496,111.88,112.209,32544.0
2018-10-14 00:00:00+00:00,112.155,112.236,111.624,111.769,26621.0
2018-10-15 00:00:00+00:00,111.774,112.338,111.734,112.255,19235.0
2018-10-16 00:00:00+00:00,112.278,112.676,112.017,112.653,22028.0
2018-10-17 00:00:00+00:00,112.66,112.73,111.948,112.187,29306.0
2018-10-18 00:00:00+00:00,112.178,112.649,112.144,112.54,26612.0
2018-10-21 00:00:00+00:00,112.6,112.886,112.349,112.824,21618.0
2018-10-22 00:00:00+00:00,112.824,112.842,111.954,112.446,29913.0
2018-10-23 00:00:00+00:00,112.43,112.742,112.091,112.256,36039.0
2018-10-24 00:00:00+00:00,112.229,112.675,111.821,112.412,34942.0
2018-10-25 00:00:00+00:00,112.427,112.446,111.378,111.89,51795.0
2018-10-28 00:00:00+00:00,111.88,112.564,111.777,112.383,31681.0
2018-10-29 00:00:00+00:00,112.368,113.087,112.305,113.082,31870.0
2018-10-30 00:00:00+00:00,113.158,113.386,112.806,112.944,22635.0
2018-10-31 00:00:00+00:00,112.939,113.036,112.608,112.708,20848.0
2018-11-01 00:00:00+00:00,112.708,113.322,112.559,113.205,29076.0
2018-11-04 00:00:00+00:00,113.164,113.339,113.076,113.192,14075.0
2018-11-05 00:00:00+00:00,113.198,113.504,113.104,113.44,13678.0
2018-11-06 00:00:00+00:00,113.353,113.818,112.948,113.514,34017.0
2018-11-07 00:00:00+00:00,113.561,114.089,113.478,114.068,15617.0
2018-11-08 00:00:00+00:00,114.083,114.086,113.64,113.81,18051.0
2018-11-11 00:00:00+00:00,113.822,114.209,113.66,113.848,18646.0
2018-11-12 00:00:00+00:00,113.848,114.148,113.582,113.808,23328.0
2018-11-13 00:00:00+00:00,113.84,114.009,113.3,113.63,26339.0
2018-11-14 00:00:00+00:00,113.62,113.706,113.098,113.634,28497.0
2018-11-15 00:00:00+00:00,113.629,113.63,112.646,112.827,24739.0
2018-11-18 00:00:00+00:00,112.794,112.876,112.42,112.56,20746.0
2018-11-19 00:00:00+00:00,112.532,112.842,112.306,112.754,25276.0
2018-11-20 00:00:00+00:00,112.749,113.147,112.646,113.062,18609.0
2018-11-21 00:00:00+00:00,113.068,113.226,112.886,112.95,13630.0
2018-11-22 00:00:00+00:00,112.955,113.01,112.662,112.955,11660.0
2018-11-25 00:00:00+00:00,112.918,113.652,112.88,113.592,14376.0
2018-11-26 00:00:00+00:00,113.586,113.844,113.417,113.783,15664.0
2018-11-27 00:00:00+00:00,113.788,114.036,113.444,113.684,16265.0
2018-11-28 00:00:00+00:00,113.666,113.668,113.191,113.477,15402.0
2018-11-29 00:00:00+00:00,113.484,113.71,113.343,113.498,12202.0
2018-12-02 00:00:00+00:00,113.655,113.821,113.378,113.645,13752.0
2018-12-03 00:00:00+00:00,113.636,113.658,112.578,112.78,21683.0
2018-12-04 00:00:00+00:00,112.769,113.243,112.65,113.19,10909.0
2018-12-05 00:00:00+00:00,113.203,113.206,112.234,112.67,37868.0
2018-12-06 00:00:00+00:00,112.676,112.929,112.556,112.706,26702.0
2018-12-07 00:00:00+00:00,112.711,112.711,112.711,112.711,1.0
2018-12-09 00:00:00+00:00,112.63,113.366,112.242,113.348,27753.0
2018-12-10 00:00:00+00:00,113.348,113.466,113.008,113.383,23998.0
2018-12-11 00:00:00+00:00,113.376,113.518,113.142,113.282,19481.0
2018-12-12 00:00:00+00:00,113.306,113.71,113.208,113.606,17037.0
2018-12-13 00:00:00+00:00,113.594,113.676,113.206,113.39,18062.0
2018-12-16 00:00:00+00:00,113.36,113.521,112.682,112.834,16020.0
2018-12-17 00:00:00+00:00,112.831,112.857,112.249,112.523,20222.0
2018-12-18 00:00:00+00:00,112.519,112.666,112.092,112.482,31224.0
2018-12-19 00:00:00+00:00,112.432,112.606,110.814,111.288,39041.0
2018-12-20 00:00:00+00:00,111.245,111.461,110.934,111.221,33031.0
2018-12-23 00:00:00+00:00,110.957,111.19,110.269,110.454,31727.0
2018-12-25 00:00:00+00:00,110.454,111.41,110.142,111.367,22247.0
2018-12-26 00:00:00+00:00,111.314,111.35,110.456,110.98,44568.0
2018-12-27 00:00:00+00:00,111.022,111.036,110.146,110.284,27852.0
2018-12-30 00:00:00+00:00,110.292,110.476,109.561,109.59,17621.0
2019-01-01 00:00:00+00:00,109.59,109.726,108.71,108.887,30756.0
2019-01-02 00:00:00+00:00,108.861,108.915,104.819,107.662,62810.0
2019-01-03 00:00:00+00:00,107.672,108.589,107.516,108.516,49016.0
2019-01-06 00:00:00+00:00,108.52,108.749,108.023,108.716,28233.0
2019-01-07 00:00:00+00:00,108.716,109.089,108.444,108.732,26774.0
2019-01-08 00:00:00+00:00,108.754,109.007,107.974,108.16,32248.0
2019-01-09 00:00:00+00:00,108.143,108.518,107.772,108.426,30356.0
2019-01-10 00:00:00+00:00,108.434,108.599,108.147,108.514,20959.0
2019-01-13 00:00:00+00:00,108.555,108.569,107.986,108.16,14908.0
2019-01-14 00:00:00+00:00,108.16,108.768,108.14,108.7,25944.0
2019-01-15 00:00:00+00:00,108.692,109.197,108.373,109.089,18823.0
2019-01-16 00:00:00+00:00,109.096,109.403,108.686,109.258,23753.0
2019-01-17 00:00:00+00:00,109.242,109.888,109.059,109.774,22132.0
2019-01-20 00:00:00+00:00,109.734,109.767,109.478,109.67,10948.0
2019-01-21 00:00:00+00:00,109.666,109.696,109.146,109.374,16329.0
2019-01-22 00:00:00+00:00,109.37,110.0,109.326,109.614,18121.0
2019-01-23 00:00:00+00:00,109.628,109.8,109.422,109.64,19371.0
2019-01-24 00:00:00+00:00,109.64,109.951,109.458,109.55,19883.0
2019-01-27 00:00:00+00:00,109.549,109.577,109.162,109.346,15940.0
2019-01-28 00:00:00+00:00,109.354,109.543,109.131,109.386,14624.0
2019-01-29 00:00:00+00:00,109.343,109.744,108.81,109.04,20694.0
2019-01-30 00:00:00+00:00,109.042,109.066,108.498,108.868,18221.0
2019-01-31 00:00:00+00:00,108.89,109.582,108.726,109.502,16457.0
2019-02-03 00:00:00+00:00,109.522,110.163,109.434,109.9,12169.0
2019-02-04 00:00:00+00:00,109.89,110.042,109.78,109.964,11487.0
2019-02-05 00:00:00+00:00,109.971,110.054,109.56,109.979,14372.0
2019-02-06 00:00:00+00:00,109.99,110.089,109.607,109.818,17436.0
2019-02-07 00:00:00+00:00,109.818,109.898,109.65,109.754,14161.0
2019-02-10 00:00:00+00:00,109.779,110.468,109.776,110.38,12442.0
2019-02-11 00:00:00+00:00,110.366,110.652,110.348,110.482,12728.0
2019-02-12 00:00:00+00:00,110.474,111.056,110.43,111.004,11518.0
2019-02-13 00:00:00+00:00,110.988,111.131,110.458,110.486,19517.0
2019-02-14 00:00:00+00:00,110.449,110.645,110.255,110.456,16099.0
2019-02-17 00:00:00+00:00,110.466,110.648,110.46,110.614,8400.0
2019-02-18 00:00:00+00:00,110.606,110.824,110.454,110.606,12551.0
2019-02-19 00:00:00+00:00,110.633,110.948,110.552,110.854,14188.0
2019-02-20 00:00:00+00:00,110.85,110.866,110.568,110.707,14876.0
2019-02-21 00:00:00+00:00,110.707,110.906,110.557,110.682,12758.0
2019-02-24 00:00:00+00:00,110.66,111.234,110.58,111.056,13044.0
2019-02-25 00:00:00+00:00,111.036,111.08,110.422,110.585,12930.0
2019-02-26 00:00:00+00:00,110.58,111.074,110.355,110.994,12423.0
2019-02-27 00:00:00+00:00,110.998,111.494,110.662,111.384,15480.0
2019-02-28 00:00:00+00:00,111.392,112.078,111.324,111.903,14258.0
2019-03-03 00:00:00+00:00,111.866,112.014,111.64,111.744,12273.0
2019-03-04 00:00:00+00:00,111.741,112.136,111.723,111.888,11965.0
2019-03-05 00:00:00+00:00,111.862,111.922,111.616,111.77,11843.0
2019-03-06 00:00:00+00:00,111.76,111.858,111.484,111.584,12907.0
2019-03-07 00:00:00+00:00,111.575,111.65,110.754,111.169,17745.0
2019-03-10 00:00:00+00:00,111.022,111.308,110.88,111.214,10829.0
2019-03-11 00:00:00+00:00,111.196,111.468,111.112,111.345,12558.0
2019-03-12 00:00:00+00:00,111.354,111.464,111.008,111.158,11098.0
2019-03-13 00:00:00+00:00,111.166,111.833,111.148,111.693,13643.0
2019-03-14 00:00:00+00:00,111.7,111.904,111.384,111.479,13031.0
2019-03-15 00:00:00+00:00,111.485,111.485,111.48,111.48,2.0
2019-03-17 00:00:00+00:00,111.476,111.63,111.298,111.426,8446.0
2019-03-18 00:00:00+00:00,111.417,111.476,111.159,111.404,9601.0
2019-03-19 00:00:00+00:00,111.39,111.694,110.536,110.703,16488.0
2019-03-20 00:00:00+00:00,110.699,110.958,110.301,110.816,14509.0
2019-03-21 00:00:00+00:00,110.816,110.898,109.742,109.937,23250.0
2019-03-22 00:00:00+00:00,109.931,109.931,109.924,109.924,2.0
2019-03-24 00:00:00+00:00,109.94,110.242,109.708,109.967,19916.0
2019-03-25 00:00:00+00:00,109.967,110.69,109.936,110.634,18138.0
2019-03-26 00:00:00+00:00,110.628,110.714,110.237,110.514,24867.0
2019-03-27 00:00:00+00:00,110.496,110.83,110.021,110.65,22653.0
2019-03-28 00:00:00+00:00,110.628,110.95,110.536,110.85,19718.0
2019-03-31 00:00:00+00:00,111.028,111.444,110.814,111.35,15483.0
2019-04-01 00:00:00+00:00,111.354,111.454,111.25,111.322,10144.0
2019-04-02 00:00:00+00:00,111.33,111.58,111.21,111.49,12561.0
2019-04-03 00:00:00+00:00,111.48,111.677,111.336,111.648,10240.0
2019-04-04 00:00:00+00:00,111.655,111.825,111.561,111.72,11193.0
2019-04-07 00:00:00+00:00,111.715,111.76,111.284,111.489,8600.0
2019-04-08 00:00:00+00:00,111.472,111.58,110.98,111.147,9542.0
2019-04-09 00:00:00+00:00,111.14,111.282,110.844,111.012,11277.0
2019-04-10 00:00:00+00:00,111.004,111.694,110.908,111.664,10042.0
2019-04-11 00:00:00+00:00,111.664,112.094,111.586,112.02,10394.0
2019-04-14 00:00:00+00:00,111.972,112.096,111.89,112.038,7339.0
2019-04-15 00:00:00+00:00,112.026,112.048,111.847,112.016,9491.0
2019-04-16 00:00:00+00:00,112.01,112.166,111.923,112.069,9709.0
2019-04-17 00:00:00+00:00,112.062,112.066,111.767,111.98,11037.0
2019-04-18 00:00:00+00:00,111.967,112.007,111.897,111.926,5797.0
2019-04-21 00:00:00+00:00,111.916,111.99,111.86,111.938,5121.0
2019-04-22 00:00:00+00:00,111.924,112.034,111.653,111.862,8158.0
2019-04-23 00:00:00+00:00,111.862,112.4,111.682,112.196,10203.0
2019-04-24 00:00:00+00:00,112.132,112.238,111.373,111.622,13739.0
2019-04-25 00:00:00+00:00,111.622,112.034,111.428,111.587,16012.0
2019-04-26 00:00:00+00:00,111.591,111.591,111.591,111.591,1.0
2019-04-28 00:00:00+00:00,111.573,111.9,111.549,111.645,7457.0
2019-04-29 00:00:00+00:00,111.651,111.69,111.238,111.429,10762.0
2019-04-30 00:00:00+00:00,111.425,111.613,111.05,111.385,14611.0
2019-05-01 00:00:00+00:00,111.382,111.666,111.354,111.51,10391.0
2019-05-02 00:00:00+00:00,111.518,111.695,111.07,111.096,10525.0
2019-05-05 00:00:00+00:00,110.626,110.959,110.282,110.805,18205.0
2019-05-06 00:00:00+00:00,110.744,110.854,110.17,110.246,17973.0
2019-05-07 00:00:00+00:00,110.252,110.293,109.905,110.099,20390.0
2019-05-08 00:00:00+00:00,110.09,110.109,109.473,109.774,24085.0
2019-05-09 00:00:00+00:00,109.769,110.05,109.475,109.953,29920.0
2019-05-12 00:00:00+00:00,109.774,109.835,109.022,109.305,22176.0
2019-05-13 00:00:00+00:00,109.302,109.772,109.148,109.61,14750.0
2019-05-14 00:00:00+00:00,109.622,109.702,109.154,109.594,17748.0
2019-05-15 00:00:00+00:00,109.586,109.968,109.336,109.848,13581.0
2019-05-16 00:00:00+00:00,109.848,110.192,109.496,110.069,21213.0
2019-05-17 00:00:00+00:00,110.074,110.074,110.074,110.074,1.0
2019-05-19 00:00:00+00:00,110.132,110.32,109.809,110.062,16560.0
2019-05-20 00:00:00+00:00,110.078,110.673,110.022,110.492,13994.0
2019-05-21 00:00:00+00:00,110.502,110.627,110.242,110.356,12500.0
2019-05-22 00:00:00+00:00,110.344,110.364,109.46,109.601,19901.0
2019-05-23 00:00:00+00:00,109.606,109.746,109.276,109.302,14380.0
2019-05-26 00:00:00+00:00,109.318,109.586,109.282,109.51,7315.0
2019-05-27 00:00:00+00:00,109.498,109.63,109.21,109.364,17846.0
2019-05-28 00:00:00+00:00,109.372,109.7,109.15,109.591,20433.0
2019-05-29 00:00:00+00:00,109.577,109.926,109.475,109.624,16236.0
2019-05-30 00:00:00+00:00,109.604,109.622,108.279,108.304,29645.0
2019-06-02 00:00:00+00:00,108.312,108.447,107.884,108.073,25281.0
2019-06-03 00:00:00+00:00,108.068,108.358,107.847,108.147,20767.0
2019-06-04 00:00:00+00:00,108.14,108.486,107.816,108.46,24392.0
2019-06-05 00:00:00+00:00,108.462,108.563,108.026,108.394,22240.0
2019-06-06 00:00:00+00:00,108.411,108.618,107.881,108.195,22104.0
2019-06-07 00:00:00+00:00,108.182,108.182,108.147,108.147,3.0
2019-06-09 00:00:00+00:00,108.508,108.715,108.314,108.451,13751.0
2019-06-10 00:00:00+00:00,108.441,108.802,108.35,108.519,13840.0
2019-06-11 00:00:00+00:00,108.519,108.572,108.22,108.506,15055.0
2019-06-12 00:00:00+00:00,108.495,108.536,108.167,108.398,13538.0
2019-06-13 00:00:00+00:00,108.369,108.588,108.158,108.557,15069.0
2019-06-16 00:00:00+00:00,108.504,108.723,108.478,108.538,9492.0
2019-06-17 00:00:00+00:00,108.538,108.678,108.062,108.441,21442.0
2019-06-18 00:00:00+00:00,108.444,108.616,107.904,108.102,20241.0
2019-06-19 00:00:00+00:00,108.099,108.144,107.212,107.302,26548.0
2019-06-20 00:00:00+00:00,107.288,107.734,107.048,107.322,21310.0
2019-06-23 00:00:00+00:00,107.308,107.536,107.249,107.297,13583.0
2019-06-24 00:00:00+00:00,107.29,107.41,106.78,107.17,24302.0
2019-06-25 00:00:00+00:00,107.182,107.849,107.104,107.789,17015.0
2019-06-26 00:00:00+00:00,107.802,108.162,107.65,107.786,16819.0
2019-06-27 00:00:00+00:00,107.798,107.938,107.565,107.902,14971.0
2019-06-28 00:00:00+00:00,107.912,107.912,107.912,107.912,1.0
2019-06-30 00:00:00+00:00,108.201,108.534,108.104,108.442,16335.0
2019-07-01 00:00:00+00:00,108.442,108.475,107.768,107.904,12584.0
2019-07-02 00:00:00+00:00,107.899,107.92,107.536,107.825,13707.0
2019-07-03 00:00:00+00:00,107.818,107.842,107.708,107.822,4801.0
2019-07-04 00:00:00+00:00,107.816,108.638,107.784,108.474,13141.0
2019-07-05 00:00:00+00:00,108.47,108.47,108.47,108.47,1.0
2019-07-07 00:00:00+00:00,108.445,108.808,108.281,108.724,9363.0
2019-07-08 00:00:00+00:00,108.724,108.964,108.682,108.856,9574.0
2019-07-09 00:00:00+00:00,108.869,108.991,108.348,108.466,13613.0
2019-07-10 00:00:00+00:00,108.444,108.533,107.86,108.495,15062.0
2019-07-11 00:00:00+00:00,108.492,108.61,107.804,107.906,13278.0
2019-07-12 00:00:00+00:00,107.902,107.902,107.902,107.902,1.0
2019-07-14 00:00:00+00:00,107.916,108.11,107.8,107.909,9571.0
2019-07-15 00:00:00+00:00,107.914,108.375,107.822,108.24,13110.0
2019-07-16 00:00:00+00:00,108.244,108.327,107.943,107.95,11053.0
2019-07-17 00:00:00+00:00,107.992,108.016,107.212,107.296,17832.0
2019-07-18 00:00:00+00:00,107.296,107.978,107.216,107.726,18195.0
2019-07-21 00:00:00+00:00,107.777,108.068,107.702,107.872,12385.0
2019-07-22 00:00:00+00:00,107.864,108.29,107.827,108.228,12120.0
2019-07-23 00:00:00+00:00,108.223,108.276,107.932,108.188,11125.0
2019-07-24 00:00:00+00:00,108.153,108.756,108.044,108.636,14964.0
2019-07-25 00:00:00+00:00,108.64,108.83,108.562,108.679,10843.0
2019-07-28 00:00:00+00:00,108.666,108.9,108.423,108.782,7468.0
2019-07-29 00:00:00+00:00,108.784,108.948,108.454,108.606,14003.0
2019-07-30 00:00:00+00:00,108.615,109.0,108.492,108.764,23977.0
2019-07-31 00:00:00+00:00,108.784,109.32,107.257,107.35,34394.0
2019-08-01 00:00:00+00:00,107.358,107.567,106.51,106.594,47569.0
2019-08-02 00:00:00+00:00,106.588,106.588,106.588,106.588,1.0
2019-08-04 00:00:00+00:00,106.58,106.683,105.788,105.953,48597.0
2019-08-05 00:00:00+00:00,105.956,107.092,105.523,106.462,47231.0
2019-08-06 00:00:00+00:00,106.466,106.472,105.496,106.269,51780.0
2019-08-07 00:00:00+00:00,106.266,106.304,105.893,106.071,30808.0
2019-08-08 00:00:00+00:00,106.046,106.078,105.27,105.687,28007.0
2019-08-09 00:00:00+00:00,105.68,105.68,105.68,105.68,1.0
2019-08-11 00:00:00+00:00,105.593,105.694,105.05,105.304,20147.0
2019-08-12 00:00:00+00:00,105.292,106.978,105.068,106.744,42437.0
2019-08-13 00:00:00+00:00,106.736,106.772,105.654,105.912,38989.0
2019-08-14 00:00:00+00:00,105.862,106.782,105.702,106.11,54547.0
2019-08-15 00:00:00+00:00,106.085,106.495,106.026,106.37,22290.0
2019-08-16 00:00:00+00:00,106.364,106.364,106.364,106.364,1.0
2019-08-18 00:00:00+00:00,106.285,106.698,106.248,106.632,15345.0
2019-08-19 00:00:00+00:00,106.634,106.692,106.164,106.232,15867.0
2019-08-20 00:00:00+00:00,106.236,106.648,106.228,106.617,13278.0
2019-08-21 00:00:00+00:00,106.626,106.652,106.252,106.44,17038.0
2019-08-22 00:00:00+00:00,106.432,106.734,105.254,105.406,37643.0
2019-08-23 00:00:00+00:00,105.398,105.398,105.398,105.398,1.0
2019-08-25 00:00:00+00:00,105.024,106.412,104.454,106.13,61095.0
2019-08-26 00:00:00+00:00,106.15,106.163,105.59,105.758,25928.0
2019-08-27 00:00:00+00:00,105.762,106.228,105.652,106.122,22898.0
2019-08-28 00:00:00+00:00,106.117,106.683,105.828,106.516,23758.0
2019-08-29 00:00:00+00:00,106.523,106.546,106.106,106.284,19569.0
2019-08-30 00:00:00+00:00,106.277,106.277,106.277,106.277,1.0
2019-09-01 00:00:00+00:00,106.059,106.4,105.932,106.223,11202.0
2019-09-02 00:00:00+00:00,106.236,106.385,105.74,105.946,23087.0
2019-09-03 00:00:00+00:00,105.957,106.448,105.83,106.408,16797.0
2019-09-04 00:00:00+00:00,106.379,107.232,106.328,106.947,22320.0
2019-09-05 00:00:00+00:00,106.936,107.102,106.624,106.918,20931.0
2019-09-08 00:00:00+00:00,106.866,107.274,106.765,107.242,14900.0
2019-09-09 00:00:00+00:00,107.248,107.59,107.182,107.542,17852.0
2019-09-10 00:00:00+00:00,107.532,107.857,107.5,107.83,13724.0
2019-09-11 00:00:00+00:00,107.826,108.188,107.522,108.112,31791.0
2019-09-12 00:00:00+00:00,108.108,108.26,107.905,108.096,15934.0
2019-09-13 00:00:00+00:00,108.101,108.101,108.101,108.101,1.0
2019-09-15 00:00:00+00:00,107.486,108.17,107.486,108.146,22644.0
2019-09-16 00:00:00+00:00,108.156,108.371,108.022,108.118,17914.0
2019-09-17 00:00:00+00:00,108.124,108.476,108.086,108.448,16198.0
2019-09-18 00:00:00+00:00,108.43,108.474,107.788,108.048,21375.0
2019-09-19 00:00:00+00:00,108.024,108.088,107.529,107.565,16306.0
2019-09-20 00:00:00+00:00,107.554,107.554,107.554,107.554,1.0
2019-09-22 00:00:00+00:00,107.718,107.769,107.31,107.546,14691.0
2019-09-23 00:00:00+00:00,107.548,107.798,106.962,107.081,24031.0
2019-09-24 00:00:00+00:00,107.086,107.884,107.002,107.77,24162.0
2019-09-25 00:00:00+00:00,107.757,107.958,107.425,107.84,18932.0
2019-09-26 00:00:00+00:00,107.836,108.182,107.658,107.935,23568.0
2019-09-29 00:00:00+00:00,107.952,108.179,107.744,108.074,16395.0
2019-09-30 00:00:00+00:00,108.086,108.47,107.628,107.752,21521.0
2019-10-01 00:00:00+00:00,107.744,107.892,107.048,107.182,21616.0
2019-10-02 00:00:00+00:00,107.188,107.298,106.484,106.916,28577.0
2019-10-03 00:00:00+00:00,106.923,107.134,106.585,106.922,21453.0
2019-10-06 00:00:00+00:00,106.666,107.466,106.656,107.254,17103.0
2019-10-07 00:00:00+00:00,107.258,107.444,106.806,107.087,27006.0
2019-10-08 00:00:00+00:00,107.07,107.63,106.936,107.483,16701.0
2019-10-09 00:00:00+00:00,107.47,108.02,107.034,107.953,32548.0
2019-10-10 00:00:00+00:00,107.972,108.628,107.85,108.431,29922.0
2019-10-11 00:00:00+00:00,108.426,108.426,108.426,108.426,1.0
2019-10-13 00:00:00+00:00,108.366,108.522,108.032,108.397,13826.0
2019-10-14 00:00:00+00:00,108.412,108.899,108.157,108.862,16588.0
2019-10-15 00:00:00+00:00,108.858,108.866,108.566,108.764,20424.0
2019-10-16 00:00:00+00:00,108.769,108.94,108.452,108.654,19803.0
2019-10-17 00:00:00+00:00,108.668,108.722,108.386,108.423,14156.0
2019-10-20 00:00:00+00:00,108.423,108.663,108.423,108.609,9486.0
2019-10-21 00:00:00+00:00,108.597,108.728,108.442,108.486,10472.0
2019-10-22 00:00:00+00:00,108.484,108.702,108.25,108.692,12656.0
2019-10-23 00:00:00+00:00,108.677,108.753,108.496,108.627,11516.0
2019-10-24 00:00:00+00:00,108.608,108.774,108.51,108.668,8993.0
2019-10-27 00:00:00+00:00,108.736,109.039,108.658,108.966,7942.0
2019-10-28 00:00:00+00:00,108.958,109.067,108.756,108.888,8812.0
2019-10-29 00:00:00+00:00,108.894,109.287,108.721,108.842,13814.0
2019-10-30 00:00:00+00:00,108.835,108.9,107.928,108.028,16700.0
2019-10-31 00:00:00+00:00,108.036,108.326,107.888,108.185,12622.0
2019-11-03 00:00:00+00:00,108.239,108.65,108.186,108.578,7106.0
2019-11-04 00:00:00+00:00,108.583,109.242,108.561,109.16,12635.0
2019-11-05 00:00:00+00:00,109.164,109.182,108.818,108.978,11144.0
2019-11-06 00:00:00+00:00,108.966,109.488,108.648,109.284,17932.0
2019-11-07 00:00:00+00:00,109.29,109.477,109.078,109.249,14209.0
2019-11-10 00:00:00+00:00,109.218,109.255,108.898,109.05,6768.0
2019-11-11 00:00:00+00:00,109.058,109.295,108.924,109.028,10887.0
2019-11-12 00:00:00+00:00,109.016,109.149,108.656,108.817,12202.0
2019-11-13 00:00:00+00:00,108.826,108.864,108.242,108.405,12907.0
2019-11-14 00:00:00+00:00,108.396,108.854,108.386,108.778,9371.0
2019-11-17 00:00:00+00:00,108.802,109.073,108.512,108.679,10469.0
2019-11-18 00:00:00+00:00,108.682,108.836,108.454,108.54,11402.0
2019-11-19 00:00:00+00:00,108.546,108.74,108.349,108.608,18024.0
2019-11-20 00:00:00+00:00,108.594,108.7,108.28,108.612,18410.0
2019-11-21 00:00:00+00:00,108.632,108.732,108.478,108.651,11557.0
2019-11-24 00:00:00+00:00,108.673,108.978,108.638,108.924,8576.0
2019-11-25 00:00:00+00:00,108.94,109.208,108.875,109.062,11263.0
2019-11-26 00:00:00+00:00,109.042,109.61,109.016,109.537,7474.0
2019-11-27 00:00:00+00:00,109.548,109.564,109.334,109.514,6904.0
2019-11-28 00:00:00+00:00,109.522,109.669,109.399,109.5,9720.0
2019-12-01 00:00:00+00:00,109.538,109.726,108.926,108.978,12637.0
2019-12-02 00:00:00+00:00,108.99,109.206,108.484,108.635,17232.0
2019-12-03 00:00:00+00:00,108.632,108.964,108.43,108.868,15429.0
2019-12-04 00:00:00+00:00,108.866,108.998,108.658,108.758,11669.0
2019-12-05 00:00:00+00:00,108.755,108.923,108.52,108.586,11736.0
2019-12-08 00:00:00+00:00,108.586,108.677,108.43,108.553,6201.0
2019-12-09 00:00:00+00:00,108.562,108.769,108.514,108.733,10088.0
2019-12-10 00:00:00+00:00,108.745,108.857,108.466,108.558,9105.0
2019-12-11 00:00:00+00:00,108.562,109.45,108.458,109.307,17215.0
2019-12-12 00:00:00+00:00,109.318,109.705,109.208,109.348,25966.0
2019-12-15 00:00:00+00:00,109.303,109.675,109.282,109.554,7245.0
2019-12-16 00:00:00+00:00,109.542,109.634,109.444,109.492,6785.0
2019-12-17 00:00:00+00:00,109.508,109.629,109.4,109.571,6714.0
2019-12-18 00:00:00+00:00,109.576,109.684,109.184,109.359,7515.0
2019-12-19 00:00:00+00:00,109.37,109.526,109.255,109.443,6223.0
2019-12-22 00:00:00+00:00,109.46,109.538,109.34,109.392,5167.0
2019-12-23 00:00:00+00:00,109.396,109.44,109.328,109.398,6524.0
2019-12-25 00:00:00+00:00,109.398,109.684,109.346,109.639,4333.0
2019-12-26 00:00:00+00:00,109.597,109.602,109.39,109.453,13033.0
2019-12-29 00:00:00+00:00,109.419,109.48,108.768,108.88,8485.0
2019-12-30 00:00:00+00:00,108.885,108.886,108.47,108.628,7758.0
2020-01-01 00:00:00+00:00,108.651,108.866,108.212,108.561,8353.0
2020-01-02 00:00:00+00:00,108.568,108.63,107.842,108.11,21241.0
2020-01-05 00:00:00+00:00,107.879,108.506,107.772,108.372,15195.0
2020-01-06 00:00:00+00:00,108.353,108.63,108.262,108.46,13768.0
2020-01-07 00:00:00+00:00,108.455,109.246,107.65,109.134,41311.0
2020-01-08 00:00:00+00:00,109.092,109.58,109.014,109.524,13709.0
2020-01-09 00:00:00+00:00,109.517,109.688,109.433,109.471,8839.0
2020-01-12 00:00:00+00:00,109.528,109.947,109.512,109.944,32719.0
2020-01-13 00:00:00+00:00,109.946,110.214,109.854,109.996,53831.0
2020-01-14 00:00:00+00:00,109.99,110.01,109.79,109.9,42899.0
2020-01-15 00:00:00+00:00,109.896,110.178,109.857,110.17,34262.0
2020-01-16 00:00:00+00:00,110.164,110.289,110.047,110.156,34329.0
2020-01-19 00:00:00+00:00,110.088,110.218,110.078,110.184,18991.0
2020-01-20 00:00:00+00:00,110.188,110.222,109.762,109.87,51445.0
2020-01-21 00:00:00+00:00,109.862,110.1,109.832,109.838,41126.0
2020-01-22 00:00:00+00:00,109.835,109.864,109.265,109.494,58998.0
2020-01-23 00:00:00+00:00,109.49,109.654,109.173,109.279,55790.0
2020-01-26 00:00:00+00:00,108.94,109.138,108.732,108.896,86572.0
2020-01-27 00:00:00+00:00,108.891,109.203,108.756,109.148,64011.0
2020-01-28 00:00:00+00:00,109.143,109.266,108.976,109.02,58942.0
2020-01-29 00:00:00+00:00,109.012,109.075,108.584,108.96,96366.0
2020-01-30 00:00:00+00:00,108.964,109.135,108.307,108.358,89678.0
2020-02-02 00:00:00+00:00,108.432,108.799,108.318,108.683,85789.0
2020-02-03 00:00:00+00:00,108.688,109.546,108.55,109.525,66432.0
2020-02-04 00:00:00+00:00,109.524,109.848,109.304,109.83,77095.0
2020-02-05 00:00:00+00:00,109.824,110.004,109.743,109.996,55418.0
2020-02-06 00:00:00+00:00,109.992,110.022,109.532,109.749,68129.0
2020-02-09 00:00:00+00:00,109.688,109.879,109.562,109.775,61546.0
2020-02-10 00:00:00+00:00,109.771,109.966,109.728,109.789,45837.0
2020-02-11 00:00:00+00:00,109.788,110.136,109.772,110.095,44585.0
2020-02-12 00:00:00+00:00,110.089,110.094,109.619,109.826,68896.0
2020-02-13 00:00:00+00:00,109.819,109.912,109.698,109.781,45980.0
2020-02-16 00:00:00+00:00,109.869,109.961,109.72,109.88,25313.0
2020-02-17 00:00:00+00:00,109.872,109.948,109.658,109.872,56823.0
2020-02-18 00:00:00+00:00,109.87,111.594,109.854,111.364,61963.0
2020-02-19 00:00:00+00:00,111.36,112.228,111.112,112.11,110472.0
2020-02-20 00:00:00+00:00,112.098,112.188,111.474,111.549,96218.0
2020-02-23 00:00:00+00:00,111.269,111.683,110.333,110.72,125852.0
2020-02-24 00:00:00+00:00,110.711,111.042,109.89,110.204,175264.0
2020-02-25 00:00:00+00:00,110.196,110.703,110.13,110.419,188052.0
2020-02-26 00:00:00+00:00,110.426,110.457,109.568,109.589,234573.0
2020-02-27 00:00:00+00:00,109.6,109.682,107.512,108.064,296493.0
2020-03-01 00:00:00+00:00,107.413,108.579,107.376,108.331,258639.0
2020-03-02 00:00:00+00:00,108.306,108.537,106.93,107.112,240585.0
2020-03-03 00:00:00+00:00,107.13,107.69,106.848,107.536,162348.0
2020-03-04 00:00:00+00:00,107.532,107.742,105.975,106.168,158237.0
2020-03-05 00:00:00+00:00,106.159,106.345,104.993,105.362,259828.0
2020-03-08 00:00:00+00:00,105.362,105.362,101.18,102.369,260644.0
2020-03-09 00:00:00+00:00,102.369,105.924,102.011,105.638,285729.0
2020-03-10 00:00:00+00:00,105.638,105.65,104.098,104.533,236043.0
2020-03-11 00:00:00+00:00,104.533,106.105,103.084,104.634,266917.0
2020-03-12 00:00:00+00:00,104.634,108.51,104.509,107.887,257244.0
2020-03-15 00:00:00+00:00,107.062,107.57,105.148,105.851,255879.0
2020-03-16 00:00:00+00:00,105.851,107.864,105.851,107.684,318875.0
2020-03-17 00:00:00+00:00,107.684,108.658,106.754,108.081,269769.0
2020-03-18 00:00:00+00:00,108.081,110.956,107.873,110.707,297270.0
2020-03-19 00:00:00+00:00,110.711,111.508,109.335,110.793,213790.0
2020-03-22 00:00:00+00:00,110.823,111.596,109.67,111.242,227588.0
2020-03-23 00:00:00+00:00,111.242,111.717,110.085,111.221,186928.0
2020-03-24 00:00:00+00:00,111.221,111.682,110.754,111.208,174836.0
2020-03-25 00:00:00+00:00,111.208,111.298,109.207,109.627,192015.0
2020-03-26 00:00:00+00:00,109.627,109.747,107.758,108.014,143340.0
2020-03-29 00:00:00+00:00,107.725,108.296,107.126,107.778,118156.0
2020-03-30 00:00:00+00:00,107.778,108.73,107.462,107.557,149494.0
2020-03-31 00:00:00+00:00,107.557,107.941,106.918,107.172,115253.0
2020-04-01 00:00:00+00:00,107.172,108.095,107.018,107.884,102228.0
2020-04-02 00:00:00+00:00,107.884,108.678,107.802,108.528,89142.0
2020-04-05 00:00:00+00:00,108.382,109.383,108.369,109.224,90673.0
2020-04-06 00:00:00+00:00,109.224,109.28,108.672,108.766,96199.0
2020-04-07 00:00:00+00:00,108.766,109.102,108.506,108.83,84646.0
2020-04-08 00:00:00+00:00,108.83,109.064,108.208,108.495,94182.0
2020-04-09 00:00:00+00:00,108.495,108.59,108.327,108.465,12024.0
2020-04-12 00:00:00+00:00,108.403,108.528,107.502,107.768,60497.0
2020-04-13 00:00:00+00:00,107.768,107.772,106.983,107.218,68151.0
2020-04-14 00:00:00+00:00,107.218,107.866,106.926,107.438,87169.0
2020-04-15 00:00:00+00:00,107.438,108.084,107.165,107.91,93278.0
2020-04-16 00:00:00+00:00,107.91,108.085,107.302,107.548,90723.0
2020-04-19 00:00:00+00:00,107.539,107.951,107.476,107.626,65784.0
2020-04-20 00:00:00+00:00,107.632,107.896,107.282,107.766,84443.0
2020-04-21 00:00:00+00:00,107.788,107.938,107.516,107.746,61936.0
2020-04-22 00:00:00+00:00,107.756,108.044,107.348,107.613,76003.0
2020-04-23 00:00:00+00:00,107.59,107.761,107.372,107.503,65453.0
2020-04-26 00:00:00+00:00,107.574,107.624,106.994,107.259,66003.0
2020-04-27 00:00:00+00:00,107.201,107.34,106.56,106.868,69236.0
2020-04-28 00:00:00+00:00,106.865,106.892,106.36,106.707,66189.0
2020-04-29 00:00:00+00:00,106.7,107.499,106.407,107.199,94465.0
2020-04-30 00:00:00+00:00,107.192,107.406,106.607,106.916,61849.0
2020-05-03 00:00:00+00:00,106.867,107.07,106.634,106.725,58911.0
2020-05-04 00:00:00+00:00,106.737,106.896,106.416,106.55,55280.0
2020-05-05 00:00:00+00:00,106.569,106.62,105.988,106.102,66075.0
2020-05-06 00:00:00+00:00,106.119,106.656,105.992,106.268,69839.0
2020-05-07 00:00:00+00:00,106.275,106.751,106.222,106.64,58939.0
2020-05-10 00:00:00+00:00,106.54,107.769,106.506,107.656,70815.0
2020-05-11 00:00:00+00:00,107.669,107.693,107.124,107.148,62663.0
2020-05-12 00:00:00+00:00,107.154,107.279,106.744,107.038,66521.0
2020-05-13 00:00:00+00:00,107.046,107.366,106.776,107.236,61652.0
2020-05-14 00:00:00+00:00,107.249,107.434,106.857,107.074,61586.0
2020-05-17 00:00:00+00:00,107.114,107.506,107.069,107.314,58030.0
2020-05-18 00:00:00+00:00,107.336,108.088,107.294,107.699,66548.0
2020-05-19 00:00:00+00:00,107.694,107.985,107.336,107.545,53875.0
2020-05-20 00:00:00+00:00,107.538,107.85,107.51,107.608,54261.0
2020-05-21 00:00:00+00:00,107.624,107.762,107.323,107.635,47151.0
2020-05-24 00:00:00+00:00,107.609,107.784,107.567,107.716,28370.0
2020-05-25 00:00:00+00:00,107.697,107.924,107.402,107.562,54938.0
2020-05-26 00:00:00+00:00,107.577,107.947,107.365,107.722,75917.0
2020-05-27 00:00:00+00:00,107.724,107.902,107.571,107.639,68906.0
2020-05-28 00:00:00+00:00,107.648,107.894,107.084,107.821,85924.0
2020-05-31 00:00:00+00:00,107.821,107.856,107.38,107.592,64270.0
2020-06-01 00:00:00+00:00,107.577,108.773,107.514,108.68,77594.0
2020-06-02 00:00:00+00:00,108.685,108.984,108.424,108.904,83199.0
2020-06-03 00:00:00+00:00,108.9,109.198,108.618,109.157,89207.0
2020-06-04 00:00:00+00:00,109.146,109.85,109.041,109.59,79534.0
2020-06-07 00:00:00+00:00,109.585,109.694,108.236,108.43,70717.0
2020-06-08 00:00:00+00:00,108.44,108.546,107.622,107.755,85681.0
2020-06-09 00:00:00+00:00,107.75,107.874,106.987,107.122,88045.0
2020-06-10 00:00:00+00:00,107.116,107.236,106.573,106.865,99646.0
2020-06-11 00:00:00+00:00,106.88,107.556,106.587,107.392,114301.0
2020-06-14 00:00:00+00:00,107.375,107.57,107.0,107.324,93167.0
2020-06-15 00:00:00+00:00,107.339,107.642,107.214,107.324,95203.0
2020-06-16 00:00:00+00:00,107.374,107.442,106.952,107.007,63740.0
2020-06-17 00:00:00+00:00,107.014,107.129,106.668,106.973,76020.0
2020-06-18 00:00:00+00:00,107.0,107.06,106.768,106.891,61394.0
2020-06-21 00:00:00+00:00,106.773,107.012,106.769,106.906,59138.0
2020-06-22 00:00:00+00:00,106.929,107.222,106.074,106.526,85235.0
2020-06-23 00:00:00+00:00,106.519,107.072,106.384,107.042,76467.0
2020-06-24 00:00:00+00:00,107.064,107.452,106.985,107.195,71507.0
2020-06-25 00:00:00+00:00,107.22,107.356,106.8,107.219,60982.0
2020-06-28 00:00:00+00:00,107.16,107.885,107.041,107.572,61571.0
2020-06-29 00:00:00+00:00,107.567,107.986,107.522,107.933,70001.0
2020-06-30 00:00:00+00:00,107.928,108.165,107.363,107.463,61049.0
2020-07-01 00:00:00+00:00,107.469,107.726,107.334,107.502,52704.0
2020-07-02 00:00:00+00:00,107.516,107.57,107.437,107.502,29082.0
2020-07-05 00:00:00+00:00,107.511,107.773,107.258,107.388,43852.0
2020-07-06 00:00:00+00:00,107.37,107.792,107.246,107.52,49881.0
2020-07-07 00:00:00+00:00,107.552,107.71,107.202,107.26,38628.0
2020-07-08 00:00:00+00:00,107.299,107.398,107.099,107.206,60915.0
2020-07-09 00:00:00+00:00,107.216,107.266,106.638,106.923,47695.0
2020-07-12 00:00:00+00:00,106.94,107.32,106.788,107.293,47475.0
2020-07-13 00:00:00+00:00,107.27,107.434,107.12,107.239,55949.0
2020-07-14 00:00:00+00:00,107.255,107.309,106.668,106.932,56215.0
2020-07-15 00:00:00+00:00,106.943,107.404,106.836,107.274,54537.0
2020-07-16 00:00:00+00:00,107.286,107.363,106.94,107.037,43013.0
2020-07-19 00:00:00+00:00,107.136,107.542,107.018,107.272,52129.0
2020-07-20 00:00:00+00:00,107.234,107.368,106.681,106.803,57528.0
2020-07-21 00:00:00+00:00,106.81,107.29,106.712,107.158,65152.0
2020-07-22 00:00:00+00:00,107.165,107.23,106.712,106.866,53582.0
2020-07-23 00:00:00+00:00,106.871,106.912,105.682,106.14,74158.0
2020-07-26 00:00:00+00:00,106.11,106.11,105.117,105.379,85781.0
2020-07-27 00:00:00+00:00,105.398,105.688,104.956,105.096,81392.0
2020-07-28 00:00:00+00:00,105.088,105.244,104.773,104.92,83821.0
2020-07-29 00:00:00+00:00,104.926,105.294,104.68,104.728,86846.0
2020-07-30 00:00:00+00:00,104.72,106.056,104.188,105.896,118847.0
2020-08-02 00:00:00+00:00,105.883,106.472,105.581,105.952,104381.0
2020-08-03 00:00:00+00:00,105.976,106.196,105.64,105.718,73080.0
2020-08-04 00:00:00+00:00,105.746,105.872,105.322,105.596,81669.0
2020-08-05 00:00:00+00:00,105.566,105.698,105.302,105.55,83066.0
2020-08-06 00:00:00+00:00,105.528,106.058,105.481,105.926,79710.0
2020-08-09 00:00:00+00:00,105.885,106.204,105.71,105.96,57089.0
2020-08-10 00:00:00+00:00,105.951,106.686,105.93,106.492,81384.0
2020-08-11 00:00:00+00:00,106.502,107.016,106.442,106.894,82981.0
2020-08-12 00:00:00+00:00,106.887,107.05,106.568,106.93,74087.0
2020-08-13 00:00:00+00:00,106.903,107.041,106.436,106.595,59014.0
2020-08-16 00:00:00+00:00,106.601,106.656,105.944,106.006,61988.0
2020-08-17 00:00:00+00:00,106.0,106.066,105.284,105.41,78238.0
2020-08-18 00:00:00+00:00,105.414,106.154,105.104,106.118,91415.0
2020-08-19 00:00:00+00:00,106.123,106.218,105.745,105.804,92679.0
2020-08-20 00:00:00+00:00,105.796,106.073,105.442,105.808,79431.0
2020-08-23 00:00:00+00:00,105.776,105.999,105.69,105.974,59566.0
2020-08-24 00:00:00+00:00,105.98,106.578,105.873,106.389,69838.0
2020-08-25 00:00:00+00:00,106.382,106.556,105.957,105.99,68775.0
2020-08-26 00:00:00+00:00,106.018,106.702,105.604,106.56,112330.0
2020-08-27 00:00:00+00:00,106.564,106.948,105.203,105.368,126174.0
2020-08-30 00:00:00+00:00,105.448,106.097,105.294,105.908,92231.0
2020-08-31 00:00:00+00:00,105.923,106.154,105.592,105.958,94184.0
2020-09-01 00:00:00+00:00,105.969,106.303,105.851,106.182,75715.0
2020-09-02 00:00:00+00:00,106.186,106.552,106.004,106.195,82228.0
2020-09-03 00:00:00+00:00,106.188,106.504,106.057,106.241,72276.0
2020-09-06 00:00:00+00:00,106.26,106.386,106.133,106.272,41251.0
2020-09-07 00:00:00+00:00,106.28,106.382,105.862,106.032,70368.0
2020-09-08 00:00:00+00:00,106.026,106.274,105.79,106.18,71322.0
2020-09-09 00:00:00+00:00,106.211,106.303,105.984,106.134,67614.0
2020-09-10 00:00:00+00:00,106.13,106.266,106.058,106.168,54244.0
2020-09-13 00:00:00+00:00,106.131,106.166,105.546,105.732,51587.0
2020-09-14 00:00:00+00:00,105.727,105.815,105.299,105.447,60372.0
2020-09-15 00:00:00+00:00,105.452,105.452,104.804,104.953,79208.0
2020-09-16 00:00:00+00:00,104.964,105.175,104.526,104.744,78216.0
2020-09-17 00:00:00+00:00,104.754,104.871,104.274,104.572,60357.0
2020-09-20 00:00:00+00:00,104.567,104.909,104.001,104.644,79400.0
2020-09-21 00:00:00+00:00,104.656,105.078,104.406,104.934,67686.0
2020-09-22 00:00:00+00:00,104.926,105.496,104.878,105.395,74434.0
2020-09-23 00:00:00+00:00,105.401,105.532,105.206,105.408,75222.0
2020-09-24 00:00:00+00:00,105.402,105.7,105.24,105.584,63878.0
2020-09-27 00:00:00+00:00,105.514,105.698,105.264,105.517,60955.0
2020-09-28 00:00:00+00:00,105.512,105.736,105.343,105.666,70566.0
2020-09-29 00:00:00+00:00,105.655,105.806,105.403,105.548,85392.0
2020-09-30 00:00:00+00:00,105.543,105.73,105.404,105.529,81043.0
2020-10-01 00:00:00+00:00,105.534,105.667,104.944,105.32,91333.0
2020-10-04 00:00:00+00:00,105.325,105.796,105.297,105.742,63407.0
2020-10-05 00:00:00+00:00,105.734,105.786,105.471,105.63,70682.0
2020-10-06 00:00:00+00:00,105.616,106.108,105.6,105.966,65763.0
2020-10-07 00:00:00+00:00,105.974,106.108,105.924,106.032,52192.0
2020-10-08 00:00:00+00:00,106.022,106.042,105.581,105.622,62264.0
2020-10-11 00:00:00+00:00,105.735,105.814,105.242,105.343,57928.0
2020-10-12 00:00:00+00:00,105.347,105.628,105.282,105.482,63557.0
2020-10-13 00:00:00+00:00,105.465,105.516,105.037,105.167,58959.0
2020-10-14 00:00:00+00:00,105.144,105.494,105.065,105.446,64227.0
2020-10-15 00:00:00+00:00,105.451,105.455,105.191,105.406,60291.0
2020-10-18 00:00:00+00:00,105.383,105.502,105.302,105.441,53223.0
2020-10-19 00:00:00+00:00,105.432,105.748,105.351,105.502,57498.0
2020-10-20 00:00:00+00:00,105.495,105.528,104.342,104.591,70716.0
2020-10-21 00:00:00+00:00,104.587,104.924,104.476,104.845,55517.0
2020-10-22 00:00:00+00:00,104.85,104.938,104.548,104.709,52145.0
2020-10-25 00:00:00+00:00,104.715,105.056,104.656,104.834,56784.0
2020-10-26 00:00:00+00:00,104.841,104.89,104.389,104.416,48351.0
2020-10-27 00:00:00+00:00,104.408,104.558,104.114,104.314,68187.0
2020-10-28 00:00:00+00:00,104.302,104.728,104.025,104.602,72141.0
2020-10-29 00:00:00+00:00,104.607,104.744,104.125,104.62,71631.0
2020-11-01 00:00:00+00:00,104.538,104.95,104.534,104.695,52056.0
2020-11-02 00:00:00+00:00,104.711,104.802,104.433,104.531,76959.0
2020-11-03 00:00:00+00:00,104.522,105.346,104.15,104.512,166793.0
2020-11-04 00:00:00+00:00,104.516,104.549,103.442,103.504,110775.0
2020-11-05 00:00:00+00:00,103.498,103.76,103.177,103.37,110974.0
2020-11-08 00:00:00+00:00,103.331,105.648,103.19,105.372,137853.0
2020-11-09 00:00:00+00:00,105.378,105.488,104.822,105.302,106284.0
2020-11-10 00:00:00+00:00,105.307,105.677,105.006,105.432,66405.0
2020-11-11 00:00:00+00:00,105.437,105.478,105.07,105.134,68023.0
2020-11-12 00:00:00+00:00,105.127,105.158,104.565,104.64,64613.0
2020-11-15 00:00:00+00:00,104.73,105.138,104.364,104.583,75617.0
2020-11-16 00:00:00+00:00,104.587,104.611,104.071,104.197,63725.0
2020-11-17 00:00:00+00:00,104.192,104.208,103.653,103.822,67048.0
2020-11-18 00:00:00+00:00,103.817,104.217,103.719,103.749,68982.0
2020-11-19 00:00:00+00:00,103.803,103.912,103.703,103.858,51677.0
2020-11-22 00:00:00+00:00,103.798,104.638,103.683,104.516,66662.0
2020-11-23 00:00:00+00:00,104.526,104.762,104.147,104.447,71937.0
2020-11-24 00:00:00+00:00,104.444,104.6,104.256,104.458,64763.0
2020-11-25 00:00:00+00:00,104.463,104.478,104.216,104.275,47585.0
2020-11-26 00:00:00+00:00,104.266,104.282,103.906,104.108,46039.0
2020-11-29 00:00:00+00:00,104.083,104.41,103.832,104.296,72366.0
2020-11-30 00:00:00+00:00,104.3,104.578,104.182,104.339,68209.0
2020-12-01 00:00:00+00:00,104.35,104.754,104.226,104.413,70091.0
2020-12-02 00:00:00+00:00,104.416,104.536,103.672,103.842,71192.0
2020-12-03 00:00:00+00:00,103.839,104.244,103.739,104.188,73753.0
2020-12-06 00:00:00+00:00,104.096,104.313,103.922,104.056,66606.0
2020-12-07 00:00:00+00:00,104.058,104.208,103.956,104.171,64247.0
2020-12-08 00:00:00+00:00,104.176,104.407,104.052,104.225,56237.0
2020-12-09 00:00:00+00:00,104.236,104.58,104.174,104.242,70313.0
2020-12-10 00:00:00+00:00,104.249,104.284,103.824,104.056,61468.0
2020-12-13 00:00:00+00:00,103.994,104.106,103.512,104.068,62995.0
2020-12-14 00:00:00+00:00,104.072,104.152,103.606,103.674,54068.0
2020-12-15 00:00:00+00:00,103.67,103.92,103.262,103.46,67823.0
2020-12-16 00:00:00+00:00,103.467,103.562,102.874,103.095,65795.0
2020-12-17 00:00:00+00:00,103.1,103.596,103.09,103.308,60443.0
2020-12-20 00:00:00+00:00,103.524,103.892,103.252,103.343,87746.0
2020-12-21 00:00:00+00:00,103.348,103.734,103.281,103.649,64172.0
2020-12-22 00:00:00+00:00,103.643,103.654,103.356,103.584,63962.0
2020-12-23 00:00:00+00:00,103.593,103.768,103.501,103.675,40532.0
2020-12-24 00:00:00+00:00,103.687,103.691,103.684,103.69,8.0
2020-12-27 00:00:00+00:00,103.53,103.9,103.405,103.81,51057.0
2020-12-28 00:00:00+00:00,103.817,103.844,103.464,103.603,51514.0
2020-12-29 00:00:00+00:00,103.598,103.638,102.962,103.164,60095.0
2020-12-30 00:00:00+00:00,103.168,103.321,102.996,103.318,49675.0
2021-01-03 00:00:00+00:00,103.12,103.317,102.714,103.126,75269.0
2021-01-04 00:00:00+00:00,103.121,103.192,102.604,102.739,69915.0
2021-01-05 00:00:00+00:00,102.733,103.444,102.593,103.048,98425.0
2021-01-06 00:00:00+00:00,103.053,103.959,102.951,103.812,88511.0
2021-01-07 00:00:00+00:00,103.816,104.094,103.604,103.934,101727.0
2021-01-10 00:00:00+00:00,103.899,104.399,103.89,104.266,67604.0
2021-01-11 00:00:00+00:00,104.27,104.333,103.722,103.752,69048.0
2021-01-12 00:00:00+00:00,103.76,103.998,103.526,103.884,66314.0
2021-01-13 00:00:00+00:00,103.891,104.198,103.563,103.802,77022.0
2021-01-14 00:00:00+00:00,103.808,103.913,103.616,103.876,60017.0
2021-01-17 00:00:00+00:00,103.818,103.931,103.638,103.691,55602.0
2021-01-18 00:00:00+00:00,103.686,104.086,103.653,103.902,60759.0
2021-01-19 00:00:00+00:00,103.9,103.936,103.448,103.542,57625.0
2021-01-20 00:00:00+00:00,103.538,103.669,103.328,103.511,62962.0
2021-01-21 00:00:00+00:00,103.503,103.886,103.486,103.777,52145.0
2021-01-24 00:00:00+00:00,103.809,103.938,103.672,103.738,51308.0
2021-01-25 00:00:00+00:00,103.732,103.829,103.556,103.618,47321.0
2021-01-26 00:00:00+00:00,103.623,104.201,103.588,104.11,59594.0
2021-01-27 00:00:00+00:00,104.106,104.463,104.064,104.231,61373.0
2021-01-28 00:00:00+00:00,104.226,104.941,104.224,104.714,71206.0
2021-01-31 00:00:00+00:00,104.79,105.036,104.609,104.924,41587.0
2021-02-01 00:00:00+00:00,104.92,105.174,104.829,104.973,43233.0
2021-02-02 00:00:00+00:00,104.981,105.106,104.923,105.03,32850.0
2021-02-03 00:00:00+00:00,105.022,105.608,104.976,105.583,36749.0
2021-02-04 00:00:00+00:00,105.596,105.768,105.336,105.4,51295.0
2021-02-07 00:00:00+00:00,105.35,105.672,105.15,105.223,44430.0
2021-02-08 00:00:00+00:00,105.217,105.265,104.498,104.602,55472.0
2021-02-09 00:00:00+00:00,104.582,104.844,104.41,104.58,47304.0
2021-02-10 00:00:00+00:00,104.589,104.805,104.551,104.747,43443.0
2021-02-11 00:00:00+00:00,104.794,105.183,104.738,104.926,41760.0
2021-02-14 00:00:00+00:00,104.905,105.42,104.905,105.388,32873.0
2021-02-15 00:00:00+00:00,105.376,106.078,105.182,106.047,54193.0
2021-02-16 00:00:00+00:00,106.043,106.226,105.778,105.875,62477.0
2021-02-17 00:00:00+00:00,105.87,105.925,105.598,105.715,45661.0
2021-02-18 00:00:00+00:00,105.694,105.742,105.24,105.429,50153.0
2021-02-21 00:00:00+00:00,105.401,105.846,104.984,105.081,61662.0
2021-02-22 00:00:00+00:00,105.072,105.43,104.922,105.251,52638.0
2021-02-23 00:00:00+00:00,105.256,106.105,105.194,105.885,70767.0
2021-02-24 00:00:00+00:00,105.852,106.406,105.845,106.214,103679.0
2021-02-25 00:00:00+00:00,106.208,106.694,105.85,106.568,126833.0
2021-02-28 00:00:00+00:00,106.553,106.89,106.367,106.762,65284.0
2021-03-01 00:00:00+00:00,106.719,106.958,106.676,106.687,55035.0
2021-03-02 00:00:00+00:00,106.691,107.154,106.683,107.014,59362.0
2021-03-03 00:00:00+00:00,106.993,107.988,106.968,107.982,71843.0
2021-03-04 00:00:00+00:00,107.963,108.646,107.821,108.339,103084.0
2021-03-07 00:00:00+00:00,108.36,108.944,108.31,108.899,67547.0
2021-03-08 00:00:00+00:00,108.884,109.236,108.415,108.488,89467.0
2021-03-09 00:00:00+00:00,108.472,108.92,108.339,108.381,80377.0
2021-03-10 00:00:00+00:00,108.404,108.813,108.357,108.511,82077.0
2021-03-11 00:00:00+00:00,108.517,109.166,108.495,109.024,79256.0
2021-03-14 00:00:00+00:00,109.006,109.364,108.914,109.129,65320.0
2021-03-15 00:00:00+00:00,109.148,109.288,108.772,109.0,64225.0
2021-03-16 00:00:00+00:00,108.994,109.326,108.746,108.841,67055.0
2021-03-17 00:00:00+00:00,108.846,109.304,108.624,108.886,88424.0
2021-03-18 00:00:00+00:00,108.932,109.13,108.608,108.884,73612.0
2021-03-21 00:00:00+00:00,108.666,108.957,108.596,108.845,51837.0
2021-03-22 00:00:00+00:00,108.841,108.874,108.406,108.584,60375.0
2021-03-23 00:00:00+00:00,108.612,108.957,108.452,108.738,52057.0
2021-03-24 00:00:00+00:00,108.726,109.238,108.726,109.186,56965.0
2021-03-25 00:00:00+00:00,109.188,109.849,109.131,109.682,57945.0
2021-03-28 00:00:00+00:00,109.734,109.846,109.374,109.795,53338.0
2021-03-29 00:00:00+00:00,109.783,110.428,109.75,110.36,57585.0
2021-03-30 00:00:00+00:00,110.367,110.966,110.275,110.697,76076.0
2021-03-31 00:00:00+00:00,110.723,110.849,110.546,110.617,56811.0
2021-04-01 00:00:00+00:00,110.609,110.752,110.374,110.675,38785.0
2021-04-04 00:00:00+00:00,110.658,110.751,109.961,110.177,47252.0
2021-04-05 00:00:00+00:00,110.19,110.553,109.668,109.752,68123.0
2021-04-06 00:00:00+00:00,109.765,109.942,109.578,109.855,68228.0
2021-04-07 00:00:00+00:00,109.846,109.904,108.999,109.261,58045.0
2021-04-08 00:00:00+00:00,109.252,109.962,109.213,109.672,57040.0
2021-04-11 00:00:00+00:00,109.714,109.793,109.246,109.374,50555.0
2021-04-12 00:00:00+00:00,109.382,109.753,109.019,109.061,68419.0
2021-04-13 00:00:00+00:00,109.068,109.096,108.752,108.917,55794.0
2021-04-14 00:00:00+00:00,108.951,108.974,108.612,108.764,52943.0
2021-04-15 00:00:00+00:00,108.754,108.966,108.612,108.802,45738.0
2021-04-18 00:00:00+00:00,108.786,108.836,108.008,108.166,67437.0
2021-04-19 00:00:00+00:00,108.153,108.55,107.972,108.113,60616.0
2021-04-20 00:00:00+00:00,108.128,108.284,107.875,108.078,51177.0
2021-04-21 00:00:00+00:00,108.061,108.232,107.814,107.98,58932.0
2021-04-22 00:00:00+00:00,107.984,108.147,107.478,107.866,60408.0
2021-04-25 00:00:00+00:00,107.939,108.198,107.644,108.08,62541.0
2021-04-26 00:00:00+00:00,108.085,108.775,108.08,108.702,56842.0
2021-04-27 00:00:00+00:00,108.673,109.08,108.572,108.578,72280.0
2021-04-28 00:00:00+00:00,108.574,109.23,108.434,108.929,61493.0
2021-04-29 00:00:00+00:00,108.926,109.378,108.714,109.3,63820.0
2021-05-02 00:00:00+00:00,109.292,109.698,108.895,109.078,54774.0
2021-05-03 00:00:00+00:00,109.093,109.488,109.029,109.376,77006.0
2021-05-04 00:00:00+00:00,109.356,109.482,109.144,109.227,51132.0
2021-05-05 00:00:00+00:00,109.213,109.429,109.001,109.086,67616.0
2021-05-06 00:00:00+00:00,109.091,109.29,108.336,108.615,83297.0
2021-05-09 00:00:00+00:00,108.617,109.056,108.469,108.811,69019.0
2021-05-10 00:00:00+00:00,108.82,108.984,108.348,108.625,73540.0
2021-05-11 00:00:00+00:00,108.619,109.71,108.595,109.706,84856.0
2021-05-12 00:00:00+00:00,109.652,109.787,109.406,109.474,73094.0
2021-05-13 00:00:00+00:00,109.479,109.656,109.188,109.345,56215.0
2021-05-16 00:00:00+00:00,109.3,109.503,109.074,109.164,55794.0
2021-05-17 00:00:00+00:00,109.232,109.386,108.834,108.895,55021.0
2021-05-18 00:00:00+00:00,108.89,109.336,108.572,109.219,84261.0
2021-05-19 00:00:00+00:00,109.235,109.309,108.748,108.782,56487.0
2021-05-20 00:00:00+00:00,108.769,109.005,108.613,108.901,52511.0
2021-05-23 00:00:00+00:00,108.927,108.996,108.696,108.763,54906.0
2021-05-24 00:00:00+00:00,108.742,109.074,108.56,108.778,71132.0
2021-05-25 00:00:00+00:00,108.774,109.18,108.725,109.148,62226.0
2021-05-26 00:00:00+00:00,109.13,109.925,109.038,109.842,76122.0
2021-05-27 00:00:00+00:00,109.796,110.201,109.744,109.859,69491.0
2021-05-30 00:00:00+00:00,109.815,109.938,109.353,109.584,38652.0
2021-05-31 00:00:00+00:00,109.588,109.708,109.329,109.494,58507.0
2021-06-01 00:00:00+00:00,109.482,109.885,109.387,109.572,60527.0
2021-06-02 00:00:00+00:00,109.565,110.321,109.55,110.31,62923.0
2021-06-03 00:00:00+00:00,110.286,110.332,109.365,109.511,67791.0
2021-06-06 00:00:00+00:00,109.515,109.638,109.19,109.254,54839.0
2021-06-07 00:00:00+00:00,109.246,109.559,109.2,109.49,58288.0
2021-06-08 00:00:00+00:00,109.5,109.659,109.225,109.638,49309.0
2021-06-09 00:00:00+00:00,109.629,109.798,109.307,109.326,68776.0
2021-06-10 00:00:00+00:00,109.322,109.844,109.31,109.654,50911.0
2021-06-13 00:00:00+00:00,109.638,110.1,109.612,110.074,51123.0
2021-06-14 00:00:00+00:00,110.064,110.168,109.988,110.065,51570.0
2021-06-15 00:00:00+00:00,110.083,110.722,109.804,110.716,69956.0
2021-06-16 00:00:00+00:00,110.66,110.824,110.167,110.234,87115.0
2021-06-17 00:00:00+00:00,110.225,110.486,109.942,110.224,96038.0
2021-06-20 00:00:00+00:00,110.224,110.355,109.718,110.328,90637.0
2021-06-21 00:00:00+00:00,110.284,110.792,110.212,110.676,56290.0
2021-06-22 00:00:00+00:00,110.65,111.106,110.625,110.955,60652.0
2021-06-23 00:00:00+00:00,110.954,111.116,110.686,110.888,59901.0
2021-06-24 00:00:00+00:00,110.872,110.985,110.48,110.765,57393.0
2021-06-27 00:00:00+00:00,110.785,110.978,110.498,110.62,55237.0
2021-06-28 00:00:00+00:00,110.629,110.76,110.43,110.545,61681.0
2021-06-29 00:00:00+00:00,110.532,111.122,110.42,111.107,67530.0
2021-06-30 00:00:00+00:00,111.111,111.64,111.028,111.526,61551.0
2021-07-01 00:00:00+00:00,111.52,111.66,110.952,111.024,73117.0
2021-07-04 00:00:00+00:00,110.985,111.191,110.797,110.994,42271.0
2021-07-05 00:00:00+00:00,110.964,110.988,110.521,110.621,72458.0
2021-07-06 00:00:00+00:00,110.63,110.817,110.396,110.618,84313.0
2021-07-07 00:00:00+00:00,110.652,110.705,109.534,109.763,107227.0
2021-07-08 00:00:00+00:00,109.749,110.26,109.742,110.131,79352.0
2021-07-11 00:00:00+00:00,110.152,110.403,109.978,110.366,50421.0
2021-07-12 00:00:00+00:00,110.381,110.65,110.2,110.634,65702.0
2021-07-13 00:00:00+00:00,110.637,110.7,109.935,109.954,68951.0
2021-07-14 00:00:00+00:00,109.97,110.09,109.714,109.849,61427.0
2021-07-15 00:00:00+00:00,109.86,110.343,109.732,110.084,54436.0
2021-07-18 00:00:00+00:00,110.054,110.111,109.065,109.454,80052.0
2021-07-19 00:00:00+00:00,109.447,109.957,109.328,109.858,81295.0
2021-07-20 00:00:00+00:00,109.866,110.388,109.804,110.289,69367.0
2021-07-21 00:00:00+00:00,110.286,110.361,110.015,110.157,63076.0
2021-07-22 00:00:00+00:00,110.176,110.594,110.08,110.55,49404.0
2021-07-25 00:00:00+00:00,110.484,110.585,110.118,110.384,56843.0
2021-07-26 00:00:00+00:00,110.392,110.407,109.584,109.792,67262.0
2021-07-27 00:00:00+00:00,109.766,110.292,109.744,109.916,78249.0
2021-07-28 00:00:00+00:00,109.914,109.949,109.422,109.487,67144.0
2021-07-29 00:00:00+00:00,109.474,109.828,109.361,109.721,62495.0
2021-08-01 00:00:00+00:00,109.664,109.773,109.188,109.311,54415.0
2021-08-02 00:00:00+00:00,109.306,109.343,108.877,109.028,52856.0
2021-08-03 00:00:00+00:00,109.094,109.676,108.721,109.49,66340.0
2021-08-04 00:00:00+00:00,109.484,109.792,109.404,109.778,56052.0
2021-08-05 00:00:00+00:00,109.774,110.357,109.7,110.246,58257.0
2021-08-08 00:00:00+00:00,110.332,110.355,110.028,110.336,43839.0
2021-08-09 00:00:00+00:00,110.326,110.6,110.28,110.574,46765.0
2021-08-10 00:00:00+00:00,110.566,110.802,110.31,110.444,57012.0
2021-08-11 00:00:00+00:00,110.419,110.546,110.316,110.44,43070.0
2021-08-12 00:00:00+00:00,110.403,110.477,109.548,109.612,44323.0
2021-08-15 00:00:00+00:00,109.695,109.753,109.114,109.272,58983.0
2021-08-16 00:00:00+00:00,109.28,109.657,109.118,109.587,65433.0
2021-08-17 00:00:00+00:00,109.577,110.068,109.48,109.768,61612.0
2021-08-18 00:00:00+00:00,109.771,110.228,109.484,109.764,84250.0
2021-08-19 00:00:00+00:00,109.745,109.887,109.57,109.8,59490.0
2021-08-22 00:00:00+00:00,109.734,110.148,109.654,109.695,61326.0
2021-08-23 00:00:00+00:00,109.684,109.883,109.413,109.682,53778.0
2021-08-24 00:00:00+00:00,109.646,110.126,109.611,109.987,59336.0
2021-08-25 00:00:00+00:00,110.008,110.23,109.928,110.087,66204.0
2021-08-26 00:00:00+00:00,110.03,110.268,109.78,109.842,68289.0
2021-08-29 00:00:00+00:00,109.866,109.963,109.703,109.92,32376.0
2021-08-30 00:00:00+00:00,109.94,110.08,109.588,109.998,65956.0
2021-08-31 00:00:00+00:00,110.012,110.42,109.88,110.031,64041.0
2021-09-01 00:00:00+00:00,110.026,110.122,109.917,109.936,41105.0
2021-09-02 00:00:00+00:00,109.946,110.074,109.592,109.705,69630.0
2021-09-05 00:00:00+00:00,109.742,109.948,109.656,109.862,27151.0
2021-09-06 00:00:00+00:00,109.852,110.32,109.686,110.286,54690.0
2021-09-07 00:00:00+00:00,110.257,110.448,110.142,110.266,53203.0
2021-09-08 00:00:00+00:00,110.239,110.282,109.622,109.736,58759.0
2021-09-09 00:00:00+00:00,109.718,109.992,109.697,109.932,51398.0
2021-09-12 00:00:00+00:00,109.902,110.16,109.824,110.004,49026.0
2021-09-13 00:00:00+00:00,109.989,110.162,109.528,109.692,64511.0
2021-09-14 00:00:00+00:00,109.668,109.744,109.112,109.374,65382.0
2021-09-15 00:00:00+00:00,109.369,109.83,109.213,109.74,61596.0
2021-09-16 00:00:00+00:00,109.72,110.083,109.668,109.951,58025.0
2021-09-19 00:00:00+00:00,109.945,110.038,109.324,109.393,64242.0
2021-09-20 00:00:00+00:00,109.388,109.708,109.185,109.222,71409.0
2021-09-21 00:00:00+00:00,109.229,109.902,109.12,109.806,96004.0
2021-09-22 00:00:00+00:00,109.775,110.35,109.754,110.329,64315.0
2021-09-23 00:00:00+00:00,110.272,110.794,110.256,110.708,56267.0
2021-09-26 00:00:00+00:00,110.674,111.066,110.536,111.012,55654.0
2021-09-27 00:00:00+00:00,111.008,111.64,110.936,111.512,74602.0
2021-09-28 00:00:00+00:00,111.518,112.05,111.207,111.972,68844.0
2021-09-29 00:00:00+00:00,111.964,112.08,111.24,111.282,76116.0
2021-09-30 00:00:00+00:00,111.296,111.489,110.906,111.051,93577.0
2021-10-03 00:00:00+00:00,110.898,111.304,110.824,110.928,76314.0
2021-10-04 00:00:00+00:00,110.931,111.564,110.871,111.465,70039.0
2021-10-05 00:00:00+00:00,111.469,111.786,111.201,111.41,83190.0
2021-10-06 00:00:00+00:00,111.407,111.652,111.23,111.629,59672.0
2021-10-07 00:00:00+00:00,111.634,112.255,111.512,112.232,75838.0
2021-10-10 00:00:00+00:00,112.195,113.414,112.153,113.33,57548.0
2021-10-11 00:00:00+00:00,113.288,113.788,113.003,113.608,81945.0
2021-10-12 00:00:00+00:00,113.598,113.806,113.228,113.254,74974.0
2021-10-13 00:00:00+00:00,113.265,113.718,113.212,113.68,55872.0
2021-10-14 00:00:00+00:00,113.674,114.464,113.65,114.208,77124.0
2021-10-17 00:00:00+00:00,114.265,114.454,114.016,114.319,92905.0
2021-10-18 00:00:00+00:00,114.31,114.399,113.878,114.376,71761.0
2021-10-19 00:00:00+00:00,114.352,114.699,114.08,114.332,76173.0
2021-10-20 00:00:00+00:00,114.285,114.417,113.652,114.004,75924.0
2021-10-21 00:00:00+00:00,113.979,114.208,113.416,113.492,75621.0
2021-10-24 00:00:00+00:00,113.566,113.924,113.458,113.715,57195.0
2021-10-25 00:00:00+00:00,113.708,114.314,113.686,114.154,48691.0
2021-10-26 00:00:00+00:00,114.158,114.222,113.388,113.812,78294.0
2021-10-27 00:00:00+00:00,113.828,113.868,113.256,113.57,78903.0
2021-10-28 00:00:00+00:00,113.55,114.098,113.393,113.904,84167.0
2021-10-31 00:00:00+00:00,114.062,114.444,113.938,114.0,59941.0
2021-11-01 00:00:00+00:00,113.985,114.134,113.462,113.954,61033.0
2021-11-02 00:00:00+00:00,113.97,114.222,113.721,114.01,61261.0
2021-11-03 00:00:00+00:00,113.999,114.279,113.509,113.755,66574.0
2021-11-04 00:00:00+00:00,113.748,114.034,113.3,113.407,74166.0
2021-11-07 00:00:00+00:00,113.371,113.668,113.079,113.228,54952.0
2021-11-08 00:00:00+00:00,113.223,113.292,112.726,112.88,81906.0
2021-11-09 00:00:00+00:00,112.871,114.016,112.776,113.912,84061.0
2021-11-10 00:00:00+00:00,113.906,114.157,113.807,114.066,47086.0
2021-11-11 00:00:00+00:00,114.069,114.302,113.761,113.892,55280.0
2021-11-14 00:00:00+00:00,113.937,114.218,113.752,114.139,56263.0
2021-11-15 00:00:00+00:00,114.105,114.85,114.104,114.828,61428.0
2021-11-16 00:00:00+00:00,114.812,114.972,113.933,114.118,60588.0
2021-11-17 00:00:00+00:00,114.084,114.49,113.88,114.254,58164.0
2021-11-18 00:00:00+00:00,114.269,114.541,113.589,114.0,97365.0
2021-11-21 00:00:00+00:00,114.048,114.964,114.022,114.882,68366.0
2021-11-22 00:00:00+00:00,114.894,115.194,114.484,115.128,84675.0
2021-11-23 00:00:00+00:00,115.158,115.522,114.826,115.412,73382.0
2021-11-24 00:00:00+00:00,115.44,115.46,115.242,115.365,30845.0
2021-11-25 00:00:00+00:00,115.355,115.371,113.054,113.38,136770.0
2021-11-28 00:00:00+00:00,113.698,113.958,112.992,113.544,97111.0
2021-11-29 00:00:00+00:00,113.531,113.892,112.532,113.144,138036.0
2021-11-30 00:00:00+00:00,113.147,113.63,112.671,112.783,101648.0
2021-12-01 00:00:00+00:00,112.764,113.332,112.707,113.188,94507.0
2021-12-02 00:00:00+00:00,113.095,113.614,112.562,112.82,111792.0
2021-12-05 00:00:00+00:00,112.863,113.554,112.851,113.498,89324.0
2021-12-06 00:00:00+00:00,113.465,113.78,113.4,113.57,65197.0
2021-12-07 00:00:00+00:00,113.59,113.957,113.311,113.702,93169.0
2021-12-08 00:00:00+00:00,113.65,113.812,113.272,113.461,69558.0
2021-12-09 00:00:00+00:00,113.466,113.792,113.224,113.379,76059.0
2021-12-12 00:00:00+00:00,113.383,113.728,113.356,113.585,58434.0
2021-12-13 00:00:00+00:00,113.539,113.76,113.429,113.754,65471.0
2021-12-14 00:00:00+00:00,113.711,114.278,113.629,114.06,78162.0
2021-12-15 00:00:00+00:00,114.041,114.249,113.56,113.704,82854.0
2021-12-16 00:00:00+00:00,113.694,113.858,113.142,113.712,85011.0
2021-12-19 00:00:00+00:00,113.633,113.731,113.327,113.632,78339.0
2021-12-20 00:00:00+00:00,113.604,114.222,113.554,114.095,51512.0
2021-12-21 00:00:00+00:00,114.122,114.372,113.951,114.118,48008.0
2021-12-22 00:00:00+00:00,114.096,114.468,114.079,114.423,39509.0
2021-12-23 00:00:00+00:00,114.359,114.516,114.299,114.402,28336.0
2021-12-26 00:00:00+00:00,114.353,114.914,114.311,114.889,30413.0
2021-12-27 00:00:00+00:00,114.879,114.95,114.708,114.83,35283.0
2021-12-28 00:00:00+00:00,114.812,115.038,114.668,114.984,44089.0
2021-12-29 00:00:00+00:00,114.945,115.21,114.943,115.07,39871.0
2021-12-30 00:00:00+00:00,115.082,115.2,115.005,115.11,35381.0
2022-01-02 00:00:00+00:00,115.118,115.37,114.95,115.35,45973.0
2022-01-03 00:00:00+00:00,115.328,116.352,115.292,116.148,64291.0
2022-01-04 00:00:00+00:00,116.102,116.244,115.621,116.105,65943.0
2022-01-05 00:00:00+00:00,116.119,116.186,115.625,115.844,72455.0
2022-01-06 00:00:00+00:00,115.852,116.048,115.54,115.549,63545.0
2022-01-09 00:00:00+00:00,115.623,115.852,115.042,115.199,64132.0
2022-01-10 00:00:00+00:00,115.2,115.682,115.126,115.299,65420.0
2022-01-11 00:00:00+00:00,115.298,115.487,114.382,114.638,63552.0
2022-01-12 00:00:00+00:00,114.644,114.706,113.998,114.165,56709.0
2022-01-13 00:00:00+00:00,114.186,114.268,113.482,114.185,74818.0
2022-01-16 00:00:00+00:00,114.168,114.653,114.164,114.612,36911.0
2022-01-17 00:00:00+00:00,114.612,115.06,114.45,114.606,73936.0
2022-01-18 00:00:00+00:00,114.624,114.79,114.206,114.327,69142.0
2022-01-19 00:00:00+00:00,114.332,114.548,113.963,114.135,66203.0
2022-01-20 00:00:00+00:00,114.106,114.162,113.604,113.69,75073.0
2022-01-23 00:00:00+00:00,113.684,114.002,113.469,113.986,79425.0
2022-01-24 00:00:00+00:00,113.944,114.156,113.671,113.865,71239.0
2022-01-25 00:00:00+00:00,113.9,114.696,113.778,114.681,65920.0
2022-01-26 00:00:00+00:00,114.65,115.489,114.476,115.362,85666.0
2022-01-27 00:00:00+00:00,115.358,115.688,115.122,115.238,73707.0
2022-01-30 00:00:00+00:00,115.296,115.592,114.923,115.136,70090.0
2022-01-31 00:00:00+00:00,115.11,115.195,114.566,114.688,68569.0
2022-02-01 00:00:00+00:00,114.704,114.804,114.158,114.438,57341.0
2022-02-02 00:00:00+00:00,114.421,114.989,114.327,114.983,71231.0
2022-02-03 00:00:00+00:00,114.97,115.432,114.774,115.199,74663.0
2022-02-06 00:00:00+00:00,115.286,115.379,114.916,115.092,59090.0
2022-02-07 00:00:00+00:00,115.11,115.628,115.056,115.548,54950.0
2022-02-08 00:00:00+00:00,115.551,115.685,115.322,115.542,44971.0
2022-02-09 00:00:00+00:00,115.518,116.34,115.483,116.004,89652.0
2022-02-10 00:00:00+00:00,116.025,116.176,115.014,115.492,79537.0
2022-02-13 00:00:00+00:00,115.365,115.748,115.011,115.542,193370.0
2022-02-14 00:00:00+00:00,115.556,115.876,115.258,115.596,134965.0
2022-02-15 00:00:00+00:00,115.616,115.79,115.357,115.454,134120.0
2022-02-16 00:00:00+00:00,115.49,115.538,114.846,114.922,183233.0
2022-02-17 00:00:00+00:00,114.99,115.3,114.79,115.072,148158.0
2022-02-20 00:00:00+00:00,115.043,115.126,114.719,114.727,107014.0
2022-02-21 00:00:00+00:00,114.74,115.243,114.5,115.062,189006.0
2022-02-22 00:00:00+00:00,115.074,115.202,114.926,115.02,102831.0
2022-02-23 00:00:00+00:00,115.014,115.696,114.408,115.532,301578.0
2022-02-24 00:00:00+00:00,115.534,115.762,115.15,115.535,177439.0
2022-02-27 00:00:00+00:00,115.47,115.794,114.863,114.972,205701.0
2022-02-28 00:00:00+00:00,114.998,115.291,114.7,114.92,160021.0
2022-03-01 00:00:00+00:00,114.912,115.688,114.792,115.517,179700.0
2022-03-02 00:00:00+00:00,115.528,115.808,115.384,115.459,135468.0
2022-03-03 00:00:00+00:00,115.468,115.558,114.65,114.844,192392.0
2022-03-06 00:00:00+00:00,114.94,115.473,114.82,115.311,186928.0
2022-03-07 00:00:00+00:00,115.308,115.791,115.274,115.676,177792.0
2022-03-08 00:00:00+00:00,115.688,115.942,115.558,115.858,132598.0
2022-03-09 00:00:00+00:00,115.852,116.196,115.813,116.14,143706.0
2022-03-10 00:00:00+00:00,116.102,117.358,116.102,117.292,140006.0
2022-03-13 00:00:00+00:00,117.368,118.218,117.312,118.21,118952.0
2022-03-14 00:00:00+00:00,118.155,118.452,117.697,118.284,139048.0
2022-03-15 00:00:00+00:00,118.298,119.126,118.175,118.762,163448.0
2022-03-16 00:00:00+00:00,118.724,119.028,118.368,118.602,131653.0
2022-03-17 00:00:00+00:00,118.607,119.401,118.471,119.152,106753.0
2022-03-20 00:00:00+00:00,119.145,119.5,119.082,119.472,91465.0
2022-03-21 00:00:00+00:00,119.465,121.034,119.438,120.829,161897.0
2022-03-22 00:00:00+00:00,120.788,121.416,120.596,121.143,163834.0
2022-03-23 00:00:00+00:00,121.143,122.412,120.956,122.33,152927.0
2022-03-24 00:00:00+00:00,122.363,122.437,121.18,122.086,204485.0
2022-03-27 00:00:00+00:00,122.074,125.11,122.028,123.918,352734.0
2022-03-28 00:00:00+00:00,123.803,124.308,121.978,122.894,359601.0
2022-03-29 00:00:00+00:00,122.866,123.206,121.312,121.834,337390.0
2022-03-30 00:00:00+00:00,121.855,122.457,121.281,121.698,311253.0
2022-03-31 00:00:00+00:00,121.686,123.036,121.682,122.56,222652.0
2022-04-03 00:00:00+00:00,122.626,122.96,122.267,122.77,158938.0
2022-04-04 00:00:00+00:00,122.792,123.672,122.375,123.602,170578.0
2022-04-05 00:00:00+00:00,123.588,124.053,123.498,123.791,211216.0
2022-04-06 00:00:00+00:00,123.802,124.007,123.468,123.979,156517.0
2022-04-07 00:00:00+00:00,123.968,124.679,123.668,124.292,148271.0
2022-04-10 00:00:00+00:00,124.071,125.772,124.071,125.394,198003.0
2022-04-11 00:00:00+00:00,125.375,125.76,124.766,125.394,224582.0
2022-04-12 00:00:00+00:00,125.356,126.32,125.348,125.656,214295.0
2022-04-13 00:00:00+00:00,125.619,126.018,125.083,125.892,207922.0
2022-04-14 00:00:00+00:00,125.879,126.684,125.876,126.459,296144.0
2022-04-17 00:00:00+00:00,126.422,127.002,126.24,126.999,146705.0
2022-04-18 00:00:00+00:00,126.985,128.977,126.977,128.89,266527.0
2022-04-19 00:00:00+00:00,128.914,129.412,127.459,127.87,360226.0
2022-04-20 00:00:00+00:00,127.949,128.709,127.805,128.374,260933.0
2022-04-21 00:00:00+00:00,128.368,129.112,127.74,128.567,275737.0
2022-04-24 00:00:00+00:00,128.556,128.87,127.524,128.13,305652.0
2022-04-25 00:00:00+00:00,128.131,128.228,127.024,127.23,294581.0
2022-04-26 00:00:00+00:00,127.234,128.594,126.946,128.431,258882.0
2022-04-27 00:00:00+00:00,128.43,131.256,128.342,130.851,436310.0
2022-04-28 00:00:00+00:00,130.891,130.956,129.318,129.788,334975.0
2022-05-01 00:00:00+00:00,129.772,130.48,129.616,130.176,247922.0
2022-05-02 00:00:00+00:00,130.171,130.294,129.698,130.14,192075.0
2022-05-03 00:00:00+00:00,130.124,130.362,128.915,129.094,194858.0
2022-05-04 00:00:00+00:00,129.086,130.56,128.75,130.179,258228.0
2022-05-05 00:00:00+00:00,130.224,130.809,130.098,130.548,222892.0
2022-05-08 00:00:00+00:00,130.548,131.35,130.114,130.327,205657.0
2022-05-09 00:00:00+00:00,130.301,130.58,129.796,130.439,229968.0
2022-05-10 00:00:00+00:00,130.447,130.814,129.444,129.983,264426.0
2022-05-11 00:00:00+00:00,129.878,130.058,127.518,128.322,299778.0
2022-05-12 00:00:00+00:00,128.374,129.454,128.272,129.259,240333.0
2022-05-15 00:00:00+00:00,129.296,129.642,128.698,129.11,185519.0
2022-05-16 00:00:00+00:00,129.148,129.784,128.829,129.363,177831.0
2022-05-17 00:00:00+00:00,129.416,129.541,128.009,128.248,180300.0
2022-05-18 00:00:00+00:00,128.193,128.946,127.026,127.832,312018.0
2022-05-19 00:00:00+00:00,127.758,128.298,127.527,127.976,220998.0
2022-05-22 00:00:00+00:00,127.909,128.064,127.154,127.898,171884.0
2022-05-23 00:00:00+00:00,127.914,128.089,126.359,126.858,224750.0
2022-05-24 00:00:00+00:00,126.832,127.497,126.654,127.295,200598.0
2022-05-25 00:00:00+00:00,127.335,127.584,126.552,127.083,189958.0
2022-05-26 00:00:00+00:00,127.193,127.262,126.678,127.123,148972.0
2022-05-29 00:00:00+00:00,127.042,127.828,126.858,127.617,116411.0
2022-05-30 00:00:00+00:00,127.565,128.894,127.528,128.704,223493.0
2022-05-31 00:00:00+00:00,128.662,130.19,128.648,130.162,189204.0
2022-06-01 00:00:00+00:00,130.129,130.244,129.511,129.873,149780.0
2022-06-02 00:00:00+00:00,129.827,130.982,129.686,130.826,133348.0
2022-06-05 00:00:00+00:00,130.9,132.012,130.43,131.897,132302.0
2022-06-06 00:00:00+00:00,131.884,133.004,131.868,132.634,211668.0
2022-06-07 00:00:00+00:00,132.608,134.479,132.591,134.255,232938.0
2022-06-08 00:00:00+00:00,134.258,134.56,133.186,134.378,258961.0
2022-06-09 00:00:00+00:00,134.35,134.484,133.363,134.391,256974.0
2022-06-12 00:00:00+00:00,134.361,135.202,133.592,134.424,341847.0
2022-06-13 00:00:00+00:00,134.442,135.459,133.872,135.454,323998.0
2022-06-14 00:00:00+00:00,135.458,135.601,133.507,133.806,204808.0
2022-06-15 00:00:00+00:00,133.834,134.681,131.494,132.222,227398.0
2022-06-16 00:00:00+00:00,132.208,135.424,132.174,135.013,235336.0
2022-06-19 00:00:00+00:00,134.97,135.446,134.532,135.106,123942.0
2022-06-20 00:00:00+00:00,135.03,136.71,134.925,136.664,135417.0
2022-06-21 00:00:00+00:00,136.644,136.716,135.687,136.226,162800.0
2022-06-22 00:00:00+00:00,136.255,136.255,134.265,134.964,180719.0
2022-06-23 00:00:00+00:00,134.935,135.402,134.352,135.219,144399.0
2022-06-26 00:00:00+00:00,135.178,135.553,134.522,135.48,139521.0
2022-06-27 00:00:00+00:00,135.458,136.385,135.112,136.164,139695.0
2022-06-28 00:00:00+00:00,136.111,137.005,135.772,136.61,171127.0
2022-06-29 00:00:00+00:00,136.593,136.813,135.552,135.758,158865.0
2022-06-30 00:00:00+00:00,135.72,135.988,134.742,135.239,160543.0
2022-07-03 00:00:00+00:00,135.315,135.775,134.784,135.706,95077.0
2022-07-04 00:00:00+00:00,135.64,136.365,135.516,135.874,146985.0
2022-07-05 00:00:00+00:00,135.797,136.008,134.952,135.918,175711.0
2022-07-06 00:00:00+00:00,135.953,136.224,135.548,135.996,124056.0
2022-07-07 00:00:00+00:00,136.031,136.568,135.33,136.084,154927.0
2022-07-10 00:00:00+00:00,136.083,137.754,136.069,137.422,128531.0
2022-07-11 00:00:00+00:00,137.445,137.534,136.473,136.88,136648.0
2022-07-12 00:00:00+00:00,136.87,137.869,136.694,137.44,144620.0
2022-07-13 00:00:00+00:00,137.345,139.394,137.329,138.939,179472.0
2022-07-14 00:00:00+00:00,138.944,139.13,138.386,138.528,120920.0
2022-07-17 00:00:00+00:00,138.588,138.592,137.89,138.135,98501.0
2022-07-18 00:00:00+00:00,138.087,138.394,137.382,138.2,118944.0
2022-07-19 00:00:00+00:00,138.168,138.375,137.903,138.256,104395.0
2022-07-20 00:00:00+00:00,138.165,138.879,137.298,137.344,157998.0
2022-07-21 00:00:00+00:00,137.397,137.957,135.564,136.086,137711.0
2022-07-24 00:00:00+00:00,136.14,136.79,135.889,136.65,99054.0
2022-07-25 00:00:00+00:00,136.697,136.968,136.274,136.937,87243.0
2022-07-26 00:00:00+00:00,136.92,137.467,136.324,136.598,114687.0
2022-07-27 00:00:00+00:00,136.55,136.586,134.202,134.238,155503.0
2022-07-28 00:00:00+00:00,134.274,134.676,132.504,133.232,176091.0
2022-07-31 00:00:00+00:00,133.3,133.562,131.602,131.61,138185.0
2022-08-01 00:00:00+00:00,131.638,133.164,130.396,133.148,178167.0
2022-08-02 00:00:00+00:00,133.172,134.552,132.286,133.862,173547.0
2022-08-03 00:00:00+00:00,133.854,134.424,132.764,132.959,143071.0
2022-08-04 00:00:00+00:00,132.904,135.506,132.52,135.024,147340.0
2022-08-07 00:00:00+00:00,135.096,135.586,134.352,135.044,130123.0
2022-08-08 00:00:00+00:00,134.937,135.204,134.668,135.142,103168.0
2022-08-09 00:00:00+00:00,135.096,135.306,132.029,132.868,137757.0
2022-08-10 00:00:00+00:00,132.938,133.314,131.736,132.99,141800.0
2022-08-11 00:00:00+00:00,133.029,133.894,132.886,133.515,128389.0
2022-08-14 00:00:00+00:00,133.463,133.599,132.555,133.303,112018.0
2022-08-15 00:00:00+00:00,133.348,134.688,132.952,134.243,120561.0
2022-08-16 00:00:00+00:00,134.219,135.5,133.906,135.063,126584.0
2022-08-17 00:00:00+00:00,135.023,135.902,134.647,135.884,110350.0
2022-08-18 00:00:00+00:00,135.882,137.234,135.717,136.909,108328.0
2022-08-21 00:00:00+00:00,136.88,137.652,136.698,137.518,110215.0
2022-08-22 00:00:00+00:00,137.478,137.713,135.807,136.764,130049.0
2022-08-23 00:00:00+00:00,136.795,137.248,136.173,137.142,115171.0
2022-08-24 00:00:00+00:00,137.075,137.202,136.32,136.482,114768.0
2022-08-25 00:00:00+00:00,136.5,137.541,136.183,137.528,130971.0
2022-08-28 00:00:00+00:00,137.952,139.002,137.951,138.705,106158.0
2022-08-29 00:00:00+00:00,138.75,139.082,138.053,138.804,118953.0
2022-08-30 00:00:00+00:00,138.761,139.005,138.273,138.955,110200.0
2022-08-31 00:00:00+00:00,138.913,140.232,138.903,140.204,119368.0
2022-09-01 00:00:00+00:00,140.174,140.804,139.873,140.221,103676.0
2022-09-04 00:00:00+00:00,140.19,140.662,140.119,140.58,98128.0
2022-09-05 00:00:00+00:00,140.606,143.076,140.25,142.8,126853.0
2022-09-06 00:00:00+00:00,142.772,144.992,142.711,143.768,183416.0
2022-09-07 00:00:00+00:00,143.798,144.562,143.32,144.106,153019.0
2022-09-08 00:00:00+00:00,144.116,144.128,141.504,142.611,176024.0
2022-09-11 00:00:00+00:00,142.15,143.496,142.144,142.835,128052.0
2022-09-12 00:00:00+00:00,142.86,144.686,141.644,144.556,176652.0
2022-09-13 00:00:00+00:00,144.584,144.967,142.552,143.181,183744.0
2022-09-14 00:00:00+00:00,143.154,143.803,142.798,143.494,144144.0
2022-09-15 00:00:00+00:00,143.483,143.695,142.831,142.94,117436.0
2022-09-18 00:00:00+00:00,142.936,143.644,142.643,143.216,105386.0
2022-09-19 00:00:00+00:00,143.207,143.926,142.934,143.722,111824.0
2022-09-20 00:00:00+00:00,143.726,144.706,143.343,144.048,187148.0
2022-09-21 00:00:00+00:00,144.055,145.902,140.35,142.387,282251.0
2022-09-22 00:00:00+00:00,142.359,143.464,141.762,143.358,212164.0
2022-09-25 00:00:00+00:00,143.662,144.79,143.231,144.736,218924.0
2022-09-26 00:00:00+00:00,144.676,144.904,144.061,144.842,185301.0
2022-09-27 00:00:00+00:00,144.817,144.872,143.906,144.12,193703.0
2022-09-28 00:00:00+00:00,144.101,144.813,144.077,144.426,176245.0
2022-09-29 00:00:00+00:00,144.462,144.811,144.206,144.748,159922.0
2022-10-02 00:00:00+00:00,144.75,145.326,144.156,144.566,150406.0
2022-10-03 00:00:00+00:00,144.531,144.936,143.894,144.14,145145.0
2022-10-04 00:00:00+00:00,144.11,144.847,143.528,144.685,147656.0
2022-10-05 00:00:00+00:00,144.615,145.142,144.386,145.129,126752.0
2022-10-06 00:00:00+00:00,145.128,145.444,144.647,145.382,124157.0
2022-10-09 00:00:00+00:00,145.31,145.805,145.236,145.727,90207.0
2022-10-10 00:00:00+00:00,145.734,145.9,145.428,145.862,125290.0
2022-10-11 00:00:00+00:00,145.866,146.974,145.608,146.911,148340.0
2022-10-12 00:00:00+00:00,146.876,147.674,146.447,147.216,151891.0
2022-10-13 00:00:00+00:00,147.127,148.862,147.089,148.758,147045.0
2022-10-16 00:00:00+00:00,148.582,149.092,148.43,149.024,110150.0
2022-10-17 00:00:00+00:00,148.991,149.39,148.127,149.242,114773.0
2022-10-18 00:00:00+00:00,149.265,149.909,149.1,149.896,101935.0
2022-10-19 00:00:00+00:00,149.894,150.288,149.553,150.16,106636.0
2022-10-20 00:00:00+00:00,150.152,151.946,146.197,147.641,221730.0
2022-10-23 00:00:00+00:00,147.707,149.714,145.534,149.02,170388.0
2022-10-24 00:00:00+00:00,148.925,149.102,147.513,147.944,101320.0
2022-10-25 00:00:00+00:00,147.998,148.414,146.226,146.376,144178.0
2022-10-26 00:00:00+00:00,146.37,146.942,145.108,146.291,180720.0
2022-10-27 00:00:00+00:00,146.296,147.862,145.96,147.481,160053.0
2022-10-30 00:00:00+00:00,147.735,148.851,147.426,148.742,117077.0
2022-10-31 00:00:00+00:00,148.667,148.827,146.988,148.226,140559.0
2022-11-01 00:00:00+00:00,148.28,148.376,145.668,147.918,168489.0
2022-11-02 00:00:00+00:00,147.828,148.453,147.114,148.28,158702.0
2022-11-03 00:00:00+00:00,148.163,148.404,146.557,146.646,160000.0
2022-11-06 00:00:00+00:00,147.058,147.572,146.083,146.626,135656.0
2022-11-07 00:00:00+00:00,146.609,146.937,145.312,145.636,116291.0
2022-11-08 00:00:00+00:00,145.685,146.798,145.171,146.414,157680.0
2022-11-09 00:00:00+00:00,146.45,146.593,140.202,140.936,212538.0
2022-11-10 00:00:00+00:00,140.992,142.484,138.468,138.841,225117.0
2022-11-13 00:00:00+00:00,139.165,140.801,138.801,139.916,193698.0
2022-11-14 00:00:00+00:00,139.91,140.626,137.664,139.316,241657.0
2022-11-15 00:00:00+00:00,139.279,140.295,138.732,139.54,201852.0
2022-11-16 00:00:00+00:00,139.481,140.742,138.878,140.214,163987.0
2022-11-17 00:00:00+00:00,140.208,140.502,139.632,140.376,147872.0
2022-11-20 00:00:00+00:00,140.331,142.255,140.163,142.104,145638.0
2022-11-21 00:00:00+00:00,142.069,142.244,141.084,141.212,118677.0
2022-11-22 00:00:00+00:00,141.25,141.616,139.162,139.59,142017.0
2022-11-23 00:00:00+00:00,139.608,139.631,138.048,138.636,118533.0
2022-11-24 00:00:00+00:00,138.644,139.6,138.374,139.164,129674.0
2022-11-27 00:00:00+00:00,139.306,139.426,137.494,138.92,158394.0
2022-11-28 00:00:00+00:00,138.921,139.355,137.866,138.702,155205.0
2022-11-29 00:00:00+00:00,138.653,139.897,137.653,138.118,189623.0
2022-11-30 00:00:00+00:00,138.076,138.118,135.211,135.348,198742.0
2022-12-01 00:00:00+00:00,135.293,135.986,133.622,134.332,193532.0
2022-12-04 00:00:00+00:00,134.569,136.862,134.13,136.754,158029.0
2022-12-05 00:00:00+00:00,136.688,137.43,135.964,137.055,156540.0
2022-12-06 00:00:00+00:00,136.957,137.86,136.219,136.586,173962.0
2022-12-07 00:00:00+00:00,136.581,137.249,136.246,136.69,133760.0
2022-12-08 00:00:00+00:00,136.665,136.915,135.604,136.568,155676.0
2022-12-11 00:00:00+00:00,136.533,137.851,136.492,137.656,129116.0
2022-12-12 00:00:00+00:00,137.678,137.974,134.657,135.6,186614.0
2022-12-13 00:00:00+00:00,135.606,135.996,134.51,135.482,188877.0
2022-12-14 00:00:00+00:00,135.467,138.176,135.24,137.782,142322.0
2022-12-15 00:00:00+00:00,137.855,137.882,136.294,136.741,138327.0
2022-12-18 00:00:00+00:00,135.96,137.164,135.754,136.912,140800.0
2022-12-19 00:00:00+00:00,136.901,137.478,130.566,131.7,270338.0
2022-12-20 00:00:00+00:00,131.663,132.534,131.495,132.447,157718.0
2022-12-21 00:00:00+00:00,132.423,132.724,131.644,132.374,124302.0
2022-12-22 00:00:00+00:00,132.416,133.145,132.154,132.827,120676.0
2022-12-26 00:00:00+00:00,132.857,133.598,132.634,133.506,84048.0
2022-12-27 00:00:00+00:00,133.49,134.5,133.396,134.486,115391.0
2022-12-28 00:00:00+00:00,134.478,134.478,132.88,133.026,115843.0
2022-12-29 00:00:00+00:00,133.031,133.097,130.771,131.101,140264.0
2023-01-01 00:00:00+00:00,130.827,131.052,130.618,130.659,55757.0
2023-01-02 00:00:00+00:00,130.659,131.406,129.508,130.984,184108.0
2023-01-03 00:00:00+00:00,131.002,132.718,129.928,132.672,183668.0
2023-01-04 00:00:00+00:00,132.538,134.055,131.684,133.424,181756.0
2023-01-05 00:00:00+00:00,133.414,134.778,131.994,132.094,186191.0
2023-01-08 00:00:00+00:00,131.938,132.658,131.308,131.878,156528.0
2023-01-09 00:00:00+00:00,131.816,132.481,131.386,132.235,154599.0
2023-01-10 00:00:00+00:00,132.117,132.875,132.068,132.506,136576.0
2023-01-11 00:00:00+00:00,132.445,132.51,128.864,129.302,231655.0
2023-01-12 00:00:00+00:00,129.246,129.436,127.46,127.857,195332.0
2023-01-15 00:00:00+00:00,127.823,128.869,127.22,128.524,151946.0
2023-01-16 00:00:00+00:00,128.512,129.168,127.992,128.156,167112.0
2023-01-17 00:00:00+00:00,128.138,131.58,127.566,128.904,280493.0
2023-01-18 00:00:00+00:00,128.836,128.894,127.762,128.424,196583.0
2023-01-19 00:00:00+00:00,128.427,130.614,128.348,129.568,175659.0
2023-01-22 00:00:00+00:00,129.5,130.892,129.044,130.682,157691.0
2023-01-23 00:00:00+00:00,130.648,131.12,129.728,130.2,132181.0
2023-01-24 00:00:00+00:00,130.183,130.586,129.268,129.578,148981.0
2023-01-25 00:00:00+00:00,129.615,130.621,129.024,130.238,166755.0
2023-01-26 00:00:00+00:00,130.221,130.269,129.496,129.832,160925.0
2023-01-29 00:00:00+00:00,129.658,130.57,129.202,130.43,147506.0
2023-01-30 00:00:00+00:00,130.436,130.533,129.745,130.098,139784.0
2023-01-31 00:00:00+00:00,130.082,130.411,128.537,128.921,168825.0
2023-02-01 00:00:00+00:00,128.985,129.144,128.084,128.714,182229.0
2023-02-02 00:00:00+00:00,128.678,131.206,128.329,131.206,164768.0
2023-02-05 00:00:00+00:00,132.372,132.908,131.514,132.632,153984.0
2023-02-06 00:00:00+00:00,132.684,132.712,130.477,131.062,200337.0
2023-02-07 00:00:00+00:00,131.173,131.538,130.596,131.451,155725.0
2023-02-08 00:00:00+00:00,131.44,131.829,130.342,131.523,160612.0
2023-02-09 00:00:00+00:00,131.585,131.894,129.803,131.428,205640.0
2023-02-12 00:00:00+00:00,131.32,132.912,131.32,132.424,139853.0
2023-02-13 00:00:00+00:00,132.43,133.318,131.504,133.104,209882.0
2023-02-14 00:00:00+00:00,133.137,134.361,132.547,134.165,156195.0
2023-02-15 00:00:00+00:00,134.168,134.464,133.605,133.946,164801.0
2023-02-16 00:00:00+00:00,134.002,135.118,133.94,134.164,138224.0
2023-02-19 00:00:00+00:00,134.259,134.542,133.923,134.282,107216.0
2023-02-20 00:00:00+00:00,134.254,135.228,134.151,135.018,138290.0
2023-02-21 00:00:00+00:00,135.007,135.062,134.366,134.912,147756.0
2023-02-22 00:00:00+00:00,134.856,135.37,134.488,134.687,118869.0
2023-02-23 00:00:00+00:00,134.697,136.522,134.06,136.492,170677.0
2023-02-26 00:00:00+00:00,136.474,136.563,135.916,136.226,120060.0
2023-02-27 00:00:00+00:00,136.202,136.92,135.734,136.224,126144.0
2023-02-28 00:00:00+00:00,136.161,136.472,135.258,136.214,147317.0
2023-03-01 00:00:00+00:00,136.178,137.106,136.024,136.765,148928.0
2023-03-02 00:00:00+00:00,136.782,136.788,135.747,135.827,139091.0
2023-03-05 00:00:00+00:00,135.985,136.194,135.366,135.918,134211.0
2023-03-06 00:00:00+00:00,135.93,137.198,135.542,137.162,142823.0
2023-03-07 00:00:00+00:00,137.075,137.915,136.48,137.36,137389.0
2023-03-08 00:00:00+00:00,137.338,137.367,135.94,136.126,119017.0
2023-03-09 00:00:00+00:00,136.124,136.997,134.114,135.11,222789.0
2023-03-12 00:00:00+00:00,134.442,135.054,132.284,133.252,289081.0
2023-03-13 00:00:00+00:00,133.291,134.906,133.03,134.222,219089.0
2023-03-14 00:00:00+00:00,134.274,135.116,132.215,133.432,277285.0
2023-03-15 00:00:00+00:00,133.429,133.83,131.72,133.776,258626.0
2023-03-16 00:00:00+00:00,133.76,133.76,131.556,131.854,199331.0
2023-03-19 00:00:00+00:00,131.864,132.656,130.541,131.306,233219.0
2023-03-20 00:00:00+00:00,131.29,132.634,131.035,132.455,141954.0
2023-03-21 00:00:00+00:00,132.472,133.004,131.004,131.497,159869.0
2023-03-22 00:00:00+00:00,131.416,131.665,130.323,130.89,178392.0
2023-03-23 00:00:00+00:00,130.827,130.943,129.642,130.718,177495.0
2023-03-26 00:00:00+00:00,130.583,131.76,130.497,131.572,135500.0
2023-03-27 00:00:00+00:00,131.558,131.566,130.406,130.899,126305.0
2023-03-28 00:00:00+00:00,130.899,132.892,130.762,132.864,130941.0
2023-03-29 00:00:00+00:00,132.842,132.968,132.204,132.68,124607.0
2023-03-30 00:00:00+00:00,132.706,133.596,132.589,132.83,138661.0
2023-04-02 00:00:00+00:00,133.315,133.759,132.204,132.406,138507.0
2023-04-03 00:00:00+00:00,132.42,133.17,131.522,131.724,136202.0
2023-04-04 00:00:00+00:00,131.702,131.846,130.628,131.336,139620.0
2023-04-05 00:00:00+00:00,131.31,131.906,130.78,131.762,103776.0
2023-04-06 00:00:00+00:00,131.786,132.38,131.526,132.147,82006.0
2023-04-09 00:00:00+00:00,132.168,133.874,131.834,133.62,120608.0
2023-04-10 00:00:00+00:00,133.59,133.806,132.973,133.695,109814.0
2023-04-11 00:00:00+00:00,133.701,134.048,132.736,133.177,136284.0
2023-04-12 00:00:00+00:00,133.128,133.394,132.02,132.574,113826.0
2023-04-13 00:00:00+00:00,132.556,133.838,132.168,133.754,123630.0
2023-04-16 00:00:00+00:00,133.82,134.576,133.712,134.486,99778.0
2023-04-17 00:00:00+00:00,134.467,134.708,133.861,134.095,106934.0
2023-04-18 00:00:00+00:00,134.122,135.14,133.954,134.732,112408.0
2023-04-19 00:00:00+00:00,134.692,134.974,134.014,134.24,111350.0
2023-04-20 00:00:00+00:00,134.246,134.494,133.55,134.124,106687.0
2023-04-23 00:00:00+00:00,134.024,134.734,133.894,134.25,89265.0
2023-04-24 00:00:00+00:00,134.301,134.48,133.367,133.723,114626.0
2023-04-25 00:00:00+00:00,133.805,133.946,133.017,133.678,129276.0
2023-04-26 00:00:00+00:00,133.664,134.202,133.214,133.976,101870.0
2023-04-27 00:00:00+00:00,133.928,136.562,133.337,136.305,163871.0
2023-04-30 00:00:00+00:00,136.197,137.544,136.191,137.47,86788.0
2023-05-01 00:00:00+00:00,137.502,137.774,136.316,136.568,121451.0
2023-05-02 00:00:00+00:00,136.531,136.614,134.736,134.744,138598.0
2023-05-03 00:00:00+00:00,134.724,134.88,133.5,134.271,158139.0
2023-05-04 00:00:00+00:00,134.244,135.127,133.887,134.841,98817.0
2023-05-07 00:00:00+00:00,134.866,135.302,134.642,135.112,85186.0
2023-05-08 00:00:00+00:00,135.082,135.36,134.722,135.228,103143.0
2023-05-09 00:00:00+00:00,135.195,135.472,134.113,134.384,130201.0
2023-05-10 00:00:00+00:00,134.322,134.845,133.746,134.567,139889.0
2023-05-11 00:00:00+00:00,134.498,135.753,134.404,135.738,99477.0
2023-05-14 00:00:00+00:00,135.68,136.328,135.662,136.108,107223.0
2023-05-15 00:00:00+00:00,136.125,136.686,135.658,136.385,101650.0
2023-05-16 00:00:00+00:00,136.402,137.71,136.305,137.697,100958.0
2023-05-17 00:00:00+00:00,137.648,138.748,137.29,138.7,104815.0
2023-05-18 00:00:00+00:00,138.726,138.736,137.424,137.964,128577.0
2023-05-21 00:00:00+00:00,137.99,138.688,137.494,138.592,105650.0
2023-05-22 00:00:00+00:00,138.606,138.914,138.242,138.586,127600.0
2023-05-23 00:00:00+00:00,138.586,139.479,138.23,139.466,118149.0
2023-05-24 00:00:00+00:00,139.41,140.231,138.816,140.05,132643.0
2023-05-25 00:00:00+00:00,140.07,140.727,139.497,140.62,111524.0
2023-05-28 00:00:00+00:00,140.597,140.922,140.116,140.442,53233.0
2023-05-29 00:00:00+00:00,140.427,140.934,139.572,139.796,118483.0
2023-05-30 00:00:00+00:00,139.816,140.382,139.234,139.339,110715.0
2023-05-31 00:00:00+00:00,139.35,139.952,138.439,138.806,104617.0
2023-06-01 00:00:00+00:00,138.822,140.072,138.605,139.966,94173.0
2023-06-04 00:00:00+00:00,139.986,140.456,139.25,139.572,86754.0
2023-06-05 00:00:00+00:00,139.613,139.994,139.096,139.645,84686.0
2023-06-06 00:00:00+00:00,139.672,140.248,139.026,140.176,89529.0
2023-06-07 00:00:00+00:00,140.086,140.233,138.81,138.924,99515.0
2023-06-08 00:00:00+00:00,138.891,139.726,138.758,139.378,84303.0
2023-06-11 00:00:00+00:00,139.377,139.768,139.065,139.61,83006.0
2023-06-12 00:00:00+00:00,139.652,140.308,139.012,140.231,99820.0
2023-06-13 00:00:00+00:00,140.198,140.291,139.284,140.1,108617.0
2023-06-14 00:00:00+00:00,140.079,141.506,139.944,140.266,136748.0
2023-06-15 00:00:00+00:00,140.295,141.915,139.854,141.88,126016.0
2023-06-18 00:00:00+00:00,141.741,142.003,141.442,141.994,61465.0
2023-06-19 00:00:00+00:00,141.942,142.256,141.214,141.431,94660.0
2023-06-20 00:00:00+00:00,141.483,142.372,141.284,141.892,106333.0
2023-06-21 00:00:00+00:00,141.802,143.23,141.611,143.108,96506.0
2023-06-22 00:00:00+00:00,143.065,143.873,142.698,143.673,115411.0
2023-06-25 00:00:00+00:00,143.562,143.723,142.938,143.512,99548.0
2023-06-26 00:00:00+00:00,143.503,144.176,143.282,144.078,103768.0
2023-06-27 00:00:00+00:00,144.072,144.618,143.73,144.49,106053.0
2023-06-28 00:00:00+00:00,144.435,144.902,144.136,144.795,106326.0
2023-06-29 00:00:00+00:00,144.761,145.073,144.202,144.347,107652.0
2023-07-02 00:00:00+00:00,144.403,144.914,143.986,144.69,90347.0
2023-07-03 00:00:00+00:00,144.677,144.705,144.207,144.461,54143.0
2023-07-04 00:00:00+00:00,144.459,144.737,144.08,144.662,78740.0
2023-07-05 00:00:00+00:00,144.606,144.654,143.556,144.063,115534.0
2023-07-06 00:00:00+00:00,144.049,144.202,142.074,142.154,139289.0
2023-07-09 00:00:00+00:00,142.202,143.006,141.28,141.31,123376.0
2023-07-10 00:00:00+00:00,141.332,141.46,140.16,140.35,121772.0
2023-07-11 00:00:00+00:00,140.368,140.386,138.154,138.509,142901.0
2023-07-12 00:00:00+00:00,138.444,138.957,137.923,138.055,132010.0
2023-07-13 00:00:00+00:00,138.032,139.162,137.239,138.794,145915.0
2023-07-16 00:00:00+00:00,138.75,139.412,138.0,138.72,121606.0
2023-07-17 00:00:00+00:00,138.77,139.137,137.684,138.827,160470.0
2023-07-18 00:00:00+00:00,138.838,139.995,138.766,139.68,152676.0
2023-07-19 00:00:00+00:00,139.636,140.498,139.11,140.074,146915.0
2023-07-20 00:00:00+00:00,140.093,141.956,139.75,141.854,164830.0
2023-07-23 00:00:00+00:00,141.695,141.815,140.742,141.492,140378.0
2023-07-24 00:00:00+00:00,141.482,141.743,140.854,140.916,119093.0
2023-07-25 00:00:00+00:00,141.038,141.188,139.926,140.239,156075.0
2023-07-26 00:00:00+00:00,140.205,141.323,138.768,139.482,206457.0
2023-07-27 00:00:00+00:00,139.448,141.894,138.066,141.171,266386.0
2023-07-30 00:00:00+00:00,141.036,142.696,140.692,142.261,182780.0
2023-07-31 00:00:00+00:00,142.26,143.546,142.211,143.329,158190.0
2023-08-01 00:00:00+00:00,143.348,143.478,142.234,143.338,176078.0
2023-08-02 00:00:00+00:00,143.34,143.891,142.066,142.526,203691.0
2023-08-03 00:00:00+00:00,142.589,142.94,141.552,141.77,179380.0
2023-08-06 00:00:00+00:00,141.69,142.588,141.512,142.48,136684.0
2023-08-07 00:00:00+00:00,142.506,143.494,142.402,143.388,169528.0
2023-08-08 00:00:00+00:00,143.357,143.75,143.0,143.74,148753.0
2023-08-09 00:00:00+00:00,143.704,144.818,143.27,144.759,154893.0
2023-08-10 00:00:00+00:00,144.74,145.004,144.42,144.972,133065.0
2023-08-13 00:00:00+00:00,144.892,145.58,144.653,145.552,140796.0
2023-08-14 00:00:00+00:00,145.571,145.868,145.106,145.572,146520.0
2023-08-15 00:00:00+00:00,145.58,146.409,145.305,146.356,144880.0
2023-08-16 00:00:00+00:00,146.336,146.564,145.618,145.857,151693.0
2023-08-17 00:00:00+00:00,145.822,145.868,144.928,145.405,120877.0
2023-08-20 00:00:00+00:00,145.332,146.403,145.146,146.224,104462.0
2023-08-21 00:00:00+00:00,146.196,146.401,145.496,145.88,105025.0
2023-08-22 00:00:00+00:00,145.821,145.882,144.542,144.853,122204.0
2023-08-23 00:00:00+00:00,144.81,145.961,144.603,145.852,111940.0
2023-08-24 00:00:00+00:00,145.853,146.636,145.724,146.44,121258.0
2023-08-27 00:00:00+00:00,146.45,146.747,146.274,146.534,84621.0
2023-08-28 00:00:00+00:00,146.548,147.378,145.67,145.88,118597.0
2023-08-29 00:00:00+00:00,145.935,146.538,145.557,146.252,129573.0
2023-08-30 00:00:00+00:00,146.22,146.229,145.351,145.536,122760.0
2023-08-31 00:00:00+00:00,145.545,146.294,144.44,146.232,120636.0
2023-09-03 00:00:00+00:00,146.104,146.5,146.024,146.488,61549.0
2023-09-04 00:00:00+00:00,146.43,147.802,146.41,147.726,102964.0
2023-09-05 00:00:00+00:00,147.683,147.819,147.018,147.672,110052.0
2023-09-06 00:00:00+00:00,147.654,147.874,147.044,147.296,96080.0
2023-09-07 00:00:00+00:00,147.281,147.873,146.59,147.802,100592.0
2023-09-10 00:00:00+00:00,147.024,147.279,145.902,146.588,134572.0
2023-09-11 00:00:00+00:00,146.566,147.235,146.438,147.076,103616.0
2023-09-12 00:00:00+00:00,147.098,147.75,147.02,147.479,125548.0
2023-09-13 00:00:00+00:00,147.42,147.566,147.017,147.472,121912.0
2023-09-14 00:00:00+00:00,147.472,147.952,147.336,147.85,112927.0
2023-09-17 00:00:00+00:00,147.74,147.879,147.56,147.612,75249.0
2023-09-18 00:00:00+00:00,147.618,147.922,147.509,147.882,80138.0
2023-09-19 00:00:00+00:00,147.851,148.362,147.476,148.352,108196.0
2023-09-20 00:00:00+00:00,148.309,148.46,147.322,147.569,106085.0
2023-09-21 00:00:00+00:00,147.571,148.418,147.506,148.373,107444.0
2023-09-24 00:00:00+00:00,148.305,148.964,148.253,148.892,83749.0
2023-09-25 00:00:00+00:00,148.894,149.186,148.704,149.068,90919.0
2023-09-26 00:00:00+00:00,149.03,149.708,148.864,149.652,91864.0
2023-09-27 00:00:00+00:00,149.608,149.614,149.146,149.294,108140.0
2023-09-28 00:00:00+00:00,149.279,149.506,148.526,149.368,113545.0
2023-10-01 00:00:00+00:00,149.622,149.88,149.436,149.874,93542.0
2023-10-02 00:00:00+00:00,149.824,150.16,147.336,149.088,119853.0
2023-10-03 00:00:00+00:00,149.021,149.319,148.736,149.13,111044.0
2023-10-04 00:00:00+00:00,148.985,149.118,148.262,148.509,119978.0
2023-10-05 00:00:00+00:00,148.462,149.537,148.362,149.302,124626.0
2023-10-08 00:00:00+00:00,149.112,149.244,148.438,148.522,92486.0
2023-10-09 00:00:00+00:00,148.531,149.098,148.162,148.716,117381.0
2023-10-10 00:00:00+00:00,148.708,149.324,148.426,149.18,117480.0
2023-10-11 00:00:00+00:00,149.106,149.829,148.956,149.818,112009.0
2023-10-12 00:00:00+00:00,149.803,149.828,149.454,149.577,105428.0
2023-10-15 00:00:00+00:00,149.38,149.762,149.372,149.522,83726.0
2023-10-16 00:00:00+00:00,149.552,149.851,148.762,149.812,93718.0
2023-10-17 00:00:00+00:00,149.823,149.94,149.484,149.93,87891.0
2023-10-18 00:00:00+00:00,149.89,149.964,149.668,149.799,115591.0
2023-10-19 00:00:00+00:00,149.752,149.994,149.65,149.876,88530.0
2023-10-22 00:00:00+00:00,149.868,149.994,149.558,149.706,76208.0
2023-10-23 00:00:00+00:00,149.678,149.932,149.323,149.907,86864.0
2023-10-24 00:00:00+00:00,149.896,150.316,149.796,150.216,73648.0
2023-10-25 00:00:00+00:00,150.17,150.779,149.866,150.397,112642.0
2023-10-26 00:00:00+00:00,150.408,150.418,149.462,149.642,90036.0
2023-10-29 00:00:00+00:00,149.522,149.856,148.805,149.068,85206.0
2023-10-30 00:00:00+00:00,149.09,151.72,149.004,151.712,132590.0
2023-10-31 00:00:00+00:00,151.672,151.7,150.662,150.962,113290.0
2023-11-01 00:00:00+00:00,150.95,150.959,149.845,150.472,104720.0
2023-11-02 00:00:00+00:00,150.528,150.528,149.196,149.374,101984.0
2023-11-05 00:00:00+00:00,149.369,150.084,149.344,150.072,85027.0
2023-11-06 00:00:00+00:00,150.06,150.692,149.936,150.414,86757.0
2023-11-07 00:00:00+00:00,150.367,151.059,150.344,150.976,89754.0
2023-11-08 00:00:00+00:00,150.93,151.39,150.768,151.348,103446.0
2023-11-09 00:00:00+00:00,151.34,151.605,151.222,151.54,90479.0
2023-11-12 00:00:00+00:00,151.495,151.911,151.204,151.721,77004.0
2023-11-13 00:00:00+00:00,151.721,151.791,150.156,150.384,102684.0
2023-11-14 00:00:00+00:00,150.328,151.422,150.048,151.387,106212.0
2023-11-15 00:00:00+00:00,151.342,151.432,150.286,150.739,98695.0
2023-11-16 00:00:00+00:00,150.641,150.776,149.196,149.646,114772.0
2023-11-19 00:00:00+00:00,149.659,149.991,148.104,148.394,132098.0
2023-11-20 00:00:00+00:00,148.37,148.598,147.152,148.4,134629.0
2023-11-21 00:00:00+00:00,148.4,149.752,148.02,149.536,131937.0
2023-11-22 00:00:00+00:00,149.55,149.694,148.888,149.572,77446.0
2023-11-23 00:00:00+00:00,149.554,149.714,149.198,149.45,99749.0
2023-11-26 00:00:00+00:00,149.44,149.676,148.544,148.673,121761.0
2023-11-27 00:00:00+00:00,148.673,148.832,147.322,147.462,146734.0
2023-11-28 00:00:00+00:00,147.498,147.906,146.672,147.236,172203.0
2023-11-29 00:00:00+00:00,147.199,148.522,146.846,148.218,164111.0
2023-11-30 00:00:00+00:00,148.185,148.346,146.66,146.805,168412.0
2023-12-03 00:00:00+00:00,146.742,147.451,146.228,147.228,175734.0
2023-12-04 00:00:00+00:00,147.183,147.392,146.562,147.154,162681.0
2023-12-05 00:00:00+00:00,147.127,147.5,146.894,147.322,129966.0
2023-12-06 00:00:00+00:00,147.254,147.301,141.626,144.17,227428.0
2023-12-07 00:00:00+00:00,144.138,145.226,142.5,144.983,250863.0
2023-12-10 00:00:00+00:00,144.964,146.592,144.813,146.176,167722.0
2023-12-11 00:00:00+00:00,146.148,146.192,144.733,145.48,157107.0
2023-12-12 00:00:00+00:00,145.559,145.998,142.636,142.895,199007.0
2023-12-13 00:00:00+00:00,142.834,142.924,140.954,141.882,276372.0
2023-12-14 00:00:00+00:00,141.873,142.468,141.43,142.156,207272.0
2023-12-17 00:00:00+00:00,142.085,143.16,142.073,142.799,149323.0
2023-12-18 00:00:00+00:00,142.773,144.956,142.246,143.844,196414.0
2023-12-19 00:00:00+00:00,143.781,144.1,143.264,143.564,162621.0
2023-12-20 00:00:00+00:00,143.505,143.639,142.046,142.124,179127.0
2023-12-21 00:00:00+00:00,142.243,142.665,141.864,142.452,155300.0
2023-12-25 00:00:00+00:00,142.337,142.638,142.094,142.374,75344.0
2023-12-26 00:00:00+00:00,142.391,142.85,141.548,141.825,112127.0
2023-12-27 00:00:00+00:00,141.719,141.719,140.252,141.412,145558.0
2023-12-28 00:00:00+00:00,141.41,141.914,140.798,141.035,131287.0
2024-01-01 00:00:00+00:00,140.858,142.216,140.811,142.006,143363.0
2024-01-02 00:00:00+00:00,141.905,143.736,141.859,143.303,163795.0
2024-01-03 00:00:00+00:00,143.257,144.852,142.854,144.632,162083.0
2024-01-04 00:00:00+00:00,144.584,145.979,143.808,144.623,190509.0
2024-01-07 00:00:00+00:00,144.59,144.923,143.662,144.237,154717.0
2024-01-08 00:00:00+00:00,144.242,144.626,143.424,144.502,162469.0
2024-01-09 00:00:00+00:00,144.474,145.844,144.32,145.774,144196.0
2024-01-10 00:00:00+00:00,145.678,146.416,145.012,145.3,192738.0
2024-01-11 00:00:00+00:00,145.28,145.57,144.352,144.905,172237.0
2024-01-14 00:00:00+00:00,144.929,145.944,144.889,145.774,109427.0
2024-01-15 00:00:00+00:00,145.728,147.316,145.586,147.184,192316.0
2024-01-16 00:00:00+00:00,147.224,148.526,147.071,148.158,190419.0
2024-01-17 00:00:00+00:00,148.131,148.305,147.657,148.159,177285.0
2024-01-18 00:00:00+00:00,148.145,148.808,147.84,148.176,159300.0
2024-01-21 00:00:00+00:00,148.298,148.304,147.618,148.136,153135.0
2024-01-22 00:00:00+00:00,148.083,148.698,146.98,148.368,175731.0
2024-01-23 00:00:00+00:00,148.358,148.398,146.65,147.518,176528.0
2024-01-24 00:00:00+00:00,147.486,147.954,147.084,147.655,170202.0
2024-01-25 00:00:00+00:00,147.616,148.21,147.417,148.168,150682.0
2024-01-28 00:00:00+00:00,148.105,148.338,147.254,147.507,137084.0
2024-01-29 00:00:00+00:00,147.415,147.928,147.098,147.609,142710.0
2024-01-30 00:00:00+00:00,147.587,147.902,146.012,146.965,229076.0
2024-01-31 00:00:00+00:00,146.978,147.118,145.898,146.418,217348.0
2024-02-01 00:00:00+00:00,146.401,148.587,146.243,148.382,173130.0
2024-02-04 00:00:00+00:00,148.431,148.894,148.268,148.694,163729.0
2024-02-05 00:00:00+00:00,148.689,148.789,147.821,147.95,149597.0
2024-02-06 00:00:00+00:00,147.958,148.26,147.629,148.174,149456.0
2024-02-07 00:00:00+00:00,148.131,149.48,147.934,149.321,156489.0
2024-02-08 00:00:00+00:00,149.342,149.576,149.006,149.282,141588.0
2024-02-11 00:00:00+00:00,149.277,149.481,148.927,149.358,127594.0
2024-02-12 00:00:00+00:00,149.354,150.888,149.262,150.794,150369.0
2024-02-13 00:00:00+00:00,150.822,150.83,150.344,150.598,143290.0
2024-02-14 00:00:00+00:00,150.556,150.566,149.531,149.938,152013.0
2024-02-15 00:00:00+00:00,149.938,150.648,149.826,150.195,133804.0
2024-02-18 00:00:00+00:00,150.209,150.214,149.875,150.141,80868.0
2024-02-19 00:00:00+00:00,150.149,150.441,149.685,149.998,141693.0
2024-02-20 00:00:00+00:00,149.971,150.395,149.854,150.29,131741.0
2024-02-21 00:00:00+00:00,150.295,150.692,150.018,150.535,160253.0
2024-02-22 00:00:00+00:00,150.527,150.77,150.292,150.524,117976.0
2024-02-25 00:00:00+00:00,150.445,150.84,150.294,150.714,133859.0
2024-02-26 00:00:00+00:00,150.688,150.707,150.078,150.516,112397.0
2024-02-27 00:00:00+00:00,150.504,150.846,150.374,150.707,126057.0
2024-02-28 00:00:00+00:00,150.656,150.664,149.208,149.986,167439.0
2024-02-29 00:00:00+00:00,150.012,150.724,149.958,150.141,157388.0
2024-03-03 00:00:00+00:00,150.097,150.57,149.841,150.522,108086.0
2024-03-04 00:00:00+00:00,150.538,150.55,149.706,150.062,136703.0
2024-03-05 00:00:00+00:00,150.045,150.086,149.096,149.41,144492.0
2024-03-06 00:00:00+00:00,149.372,149.384,147.586,148.032,186149.0
2024-03-07 00:00:00+00:00,148.048,148.12,146.482,147.077,184450.0
2024-03-10 00:00:00+00:00,147.053,147.161,146.486,146.944,130131.0
2024-03-11 00:00:00+00:00,146.942,148.176,146.622,147.656,162667.0
2024-03-12 00:00:00+00:00,147.66,148.048,147.234,147.758,127758.0
2024-03-13 00:00:00+00:00,147.72,148.36,147.433,148.324,152008.0
2024-03-14 00:00:00+00:00,148.29,149.166,148.032,149.055,130632.0
2024-03-17 00:00:00+00:00,148.99,149.333,148.908,149.153,117092.0
2024-03-18 00:00:00+00:00,149.16,150.962,149.002,150.848,151987.0
2024-03-19 00:00:00+00:00,150.844,151.819,150.72,151.244,155521.0
2024-03-20 00:00:00+00:00,151.27,151.756,150.266,151.63,166311.0
2024-03-21 00:00:00+00:00,151.628,151.862,151.005,151.44,139826.0
2024-03-24 00:00:00+00:00,151.379,151.546,151.054,151.417,107787.0
2024-03-25 00:00:00+00:00,151.426,151.603,151.206,151.555,101608.0
2024-03-26 00:00:00+00:00,151.559,151.974,151.027,151.325,116914.0
2024-03-27 00:00:00+00:00,151.267,151.548,151.151,151.386,109124.0
2024-03-28 00:00:00+00:00,151.378,151.501,151.178,151.342,78704.0
2024-03-31 00:00:00+00:00,151.315,151.775,151.226,151.654,80006.0
2024-04-01 00:00:00+00:00,151.673,151.802,151.466,151.558,97244.0
2024-04-02 00:00:00+00:00,151.572,151.954,151.442,151.701,87715.0
2024-04-03 00:00:00+00:00,151.642,151.772,151.12,151.346,90464.0
2024-04-04 00:00:00+00:00,151.332,151.753,150.81,151.63,127125.0
2024-04-07 00:00:00+00:00,151.625,151.945,151.584,151.852,82166.0
2024-04-08 00:00:00+00:00,151.83,151.937,151.572,151.781,80554.0
2024-04-09 00:00:00+00:00,151.767,153.239,151.682,153.145,118788.0
2024-04-10 00:00:00+00:00,153.142,153.321,152.758,153.277,132690.0
2024-04-11 00:00:00+00:00,153.252,153.387,152.591,153.312,122866.0
2024-04-14 00:00:00+00:00,153.084,154.448,152.978,154.273,129022.0
2024-04-15 00:00:00+00:00,154.265,154.788,153.901,154.731,118866.0
2024-04-16 00:00:00+00:00,154.704,154.735,154.16,154.396,99384.0
2024-04-17 00:00:00+00:00,154.342,154.682,153.957,154.656,94170.0
2024-04-18 00:00:00+00:00,154.634,154.673,153.59,154.644,130185.0
2024-04-21 00:00:00+00:00,154.609,154.852,154.452,154.836,69703.0
2024-04-22 00:00:00+00:00,154.84,154.876,154.552,154.836,78546.0
2024-04-23 00:00:00+00:00,154.813,155.378,154.733,155.346,74529.0
2024-04-24 00:00:00+00:00,155.244,155.748,155.198,155.646,90276.0
2024-04-25 00:00:00+00:00,155.623,158.444,154.97,158.345,125517.0
2024-04-28 00:00:00+00:00,157.912,160.233,154.528,156.36,239809.0
2024-04-29 00:00:00+00:00,156.317,157.848,156.062,157.814,113941.0
2024-04-30 00:00:00+00:00,157.724,157.988,153.002,154.444,119225.0
2024-05-01 00:00:00+00:00,154.75,156.288,153.058,153.672,179169.0
2024-05-02 00:00:00+00:00,153.692,153.786,151.858,152.984,150540.0
2024-05-05 00:00:00+00:00,153.013,154.01,152.815,153.899,104495.0
2024-05-06 00:00:00+00:00,153.888,154.749,153.864,154.692,92201.0
2024-05-07 00:00:00+00:00,154.685,155.685,154.578,155.532,96071.0
2024-05-08 00:00:00+00:00,155.491,155.953,155.155,155.481,88998.0
2024-05-09 00:00:00+00:00,155.546,155.903,155.266,155.772,84885.0
2024-05-12 00:00:00+00:00,155.705,156.252,155.502,156.222,72061.0
2024-05-13 00:00:00+00:00,156.209,156.784,156.161,156.431,76221.0
2024-05-14 00:00:00+00:00,156.425,156.562,154.692,154.906,112401.0
2024-05-15 00:00:00+00:00,154.852,155.539,153.602,155.398,134069.0
2024-05-16 00:00:00+00:00,155.39,155.98,155.25,155.642,93346.0
2024-05-19 00:00:00+00:00,155.602,156.304,155.496,156.276,72573.0
2024-05-20 00:00:00+00:00,156.214,156.55,155.844,156.196,98685.0
2024-05-21 00:00:00+00:00,156.166,156.846,156.128,156.83,89348.0
2024-05-22 00:00:00+00:00,156.774,157.198,156.529,156.945,108694.0
2024-05-23 00:00:00+00:00,156.946,157.149,156.822,156.995,80285.0
2024-05-26 00:00:00+00:00,156.964,157.023,156.664,156.899,52296.0
2024-05-27 00:00:00+00:00,156.866,157.2,156.58,157.19,76419.0
2024-05-28 00:00:00+00:00,157.146,157.709,156.896,157.668,86245.0
2024-05-29 00:00:00+00:00,157.614,157.674,156.373,156.816,116340.0
2024-05-30 00:00:00+00:00,156.81,157.367,156.56,157.302,120431.0
2024-06-02 00:00:00+00:00,157.233,157.474,155.95,156.083,111825.0
2024-06-03 00:00:00+00:00,156.084,156.488,154.546,154.896,153730.0
2024-06-04 00:00:00+00:00,154.875,156.484,154.798,156.109,132720.0
2024-06-05 00:00:00+00:00,156.059,156.448,155.356,155.618,129332.0
2024-06-06 00:00:00+00:00,155.602,157.076,155.122,156.772,141404.0
2024-06-09 00:00:00+00:00,156.781,157.194,156.68,157.032,110164.0
2024-06-10 00:00:00+00:00,157.029,157.404,156.808,157.14,108031.0
2024-06-11 00:00:00+00:00,157.103,157.371,155.72,156.732,147839.0
2024-06-12 00:00:00+00:00,156.68,157.312,156.584,157.006,125353.0
2024-06-13 00:00:00+00:00,157.019,158.258,156.812,157.409,182949.0
2024-06-16 00:00:00+00:00,157.365,157.962,157.158,157.729,105517.0
2024-06-17 00:00:00+00:00,157.688,158.232,157.518,157.856,103795.0
2024-06-18 00:00:00+00:00,157.859,158.134,157.604,158.084,55929.0
2024-06-19 00:00:00+00:00,158.026,158.942,157.923,158.93,85036.0
2024-06-20 00:00:00+00:00,158.942,159.85,158.667,159.822,99291.0
2024-06-23 00:00:00+00:00,159.778,159.928,158.742,159.624,112309.0
2024-06-24 00:00:00+00:00,159.601,159.758,159.187,159.68,105203.0
2024-06-25 00:00:00+00:00,159.682,160.874,159.612,160.825,118809.0
2024-06-26 00:00:00+00:00,160.758,160.824,160.281,160.774,108239.0
2024-06-27 00:00:00+00:00,160.744,161.285,160.262,160.873,148848.0
2024-06-30 00:00:00+00:00,160.786,161.73,160.736,161.474,124672.0
2024-07-01 00:00:00+00:00,161.515,161.744,161.269,161.469,94723.0
2024-07-02 00:00:00+00:00,161.44,161.95,160.772,161.706,116726.0
2024-07-03 00:00:00+00:00,161.624,161.676,160.948,161.266,86307.0
2024-07-04 00:00:00+00:00,161.286,161.398,160.338,160.803,154601.0
2024-07-07 00:00:00+00:00,160.746,161.119,160.262,160.837,133819.0
2024-07-08 00:00:00+00:00,160.799,161.52,160.732,161.316,115156.0
2024-07-09 00:00:00+00:00,161.326,161.808,161.262,161.71,98339.0
2024-07-10 00:00:00+00:00,161.62,161.761,157.428,158.902,167343.0
2024-07-11 00:00:00+00:00,158.866,159.45,157.364,157.887,221968.0
2024-07-14 00:00:00+00:00,158.128,158.426,157.168,158.108,155490.0
2024-07-15 00:00:00+00:00,158.048,158.856,158.014,158.41,147314.0
2024-07-16 00:00:00+00:00,158.33,158.626,156.06,156.215,226693.0
2024-07-17 00:00:00+00:00,156.165,157.402,155.367,157.362,240170.0
2024-07-18 00:00:00+00:00,157.353,157.865,156.956,157.477,195798.0
2024-07-21 00:00:00+00:00,157.426,157.614,156.284,157.052,204263.0
2024-07-22 00:00:00+00:00,156.971,157.102,155.566,155.606,222274.0
2024-07-23 00:00:00+00:00,155.566,155.992,153.106,153.899,250976.0
2024-07-24 00:00:00+00:00,153.89,154.321,151.939,153.904,301519.0
2024-07-25 00:00:00+00:00,153.931,154.739,153.1,153.755,254736.0
2024-07-28 00:00:00+00:00,153.738,154.354,153.014,154.028,274664.0
2024-07-29 00:00:00+00:00,153.964,155.218,152.646,152.764,255672.0
2024-07-30 00:00:00+00:00,152.78,153.906,149.607,149.986,396171.0
2024-07-31 00:00:00+00:00,149.957,150.892,148.513,149.343,373140.0
2024-08-01 00:00:00+00:00,149.352,149.778,146.42,146.546,369530.0
2024-08-04 00:00:00+00:00,146.5,146.649,141.688,144.198,440973.0
2024-08-05 00:00:00+00:00,144.195,146.375,143.627,144.334,406135.0
2024-08-06 00:00:00+00:00,144.315,147.908,144.303,146.71,377965.0
2024-08-07 00:00:00+00:00,146.678,147.549,145.432,147.282,394819.0
2024-08-08 00:00:00+00:00,147.253,147.818,146.267,146.624,336865.0
2024-08-11 00:00:00+00:00,146.641,148.226,146.625,147.198,290365.0
2024-08-12 00:00:00+00:00,147.206,147.952,146.594,146.858,309920.0
2024-08-13 00:00:00+00:00,146.789,147.585,146.074,147.318,298108.0
2024-08-14 00:00:00+00:00,147.27,149.4,147.056,149.286,245528.0
2024-08-15 00:00:00+00:00,149.316,149.348,147.572,147.612,247498.0
2024-08-18 00:00:00+00:00,147.586,148.054,145.188,146.606,297700.0
2024-08-19 00:00:00+00:00,146.602,147.347,145.2,145.27,289285.0
2024-08-20 00:00:00+00:00,145.226,146.9,144.454,145.292,327692.0
2024-08-21 00:00:00+00:00,145.257,146.528,144.849,146.31,267033.0
2024-08-22 00:00:00+00:00,146.268,146.484,144.048,144.385,283813.0
2024-08-25 00:00:00+00:00,144.243,144.654,143.446,144.524,271547.0
2024-08-26 00:00:00+00:00,144.556,145.176,143.918,143.954,247620.0
2024-08-27 00:00:00+00:00,143.968,145.043,143.684,144.591,259514.0
2024-08-28 00:00:00+00:00,144.531,145.556,144.222,144.993,288950.0
2024-08-29 00:00:00+00:00,144.971,146.25,144.652,146.203,220494.0
2024-09-01 00:00:00+00:00,146.084,147.18,145.776,146.914,164114.0
2024-09-02 00:00:00+00:00,146.908,147.212,145.132,145.485,290964.0
2024-09-03 00:00:00+00:00,145.504,145.56,143.711,143.735,300687.0
2024-09-04 00:00:00+00:00,143.688,144.232,142.851,143.454,297455.0
2024-09-05 00:00:00+00:00,143.441,144.089,141.768,142.314,330375.0
2024-09-08 00:00:00+00:00,142.308,143.796,141.956,143.166,279412.0
2024-09-09 00:00:00+00:00,143.176,143.714,142.194,142.458,245360.0
2024-09-10 00:00:00+00:00,142.443,142.55,140.71,142.362,329977.0
2024-09-11 00:00:00+00:00,142.332,143.044,141.728,141.816,329105.0
2024-09-12 00:00:00+00:00,141.834,141.878,140.284,140.822,285749.0
2024-09-15 00:00:00+00:00,140.805,140.934,139.579,140.608,259700.0
2024-09-16 00:00:00+00:00,140.613,142.469,140.322,142.406,276020.0
2024-09-17 00:00:00+00:00,142.38,142.714,140.442,142.28,299455.0
2024-09-18 00:00:00+00:00,142.248,143.946,141.883,142.636,345712.0
2024-09-19 00:00:00+00:00,142.604,144.497,141.739,143.92,316896.0
2024-09-22 00:00:00+00:00,143.942,144.462,143.166,143.604,286252.0
2024-09-23 00:00:00+00:00,143.536,144.682,143.115,143.224,264568.0
2024-09-24 00:00:00+00:00,143.217,144.844,142.892,144.759,255140.0
2024-09-25 00:00:00+00:00,144.709,145.216,144.109,144.808,244133.0
2024-09-26 00:00:00+00:00,144.822,146.494,142.068,142.215,316703.0
2024-09-29 00:00:00+00:00,142.293,143.915,141.646,143.626,293046.0
2024-09-30 00:00:00+00:00,143.646,144.53,142.971,143.569,332738.0
2024-10-01 00:00:00+00:00,143.581,146.518,143.429,146.474,283123.0
2024-10-02 00:00:00+00:00,146.386,147.244,146.286,146.955,295071.0
2024-10-03 00:00:00+00:00,146.896,149.006,145.916,148.702,384758.0
2024-10-06 00:00:00+00:00,148.723,149.135,147.844,148.183,419166.0
2024-10-07 00:00:00+00:00,148.182,148.382,147.347,148.198,437927.0
2024-10-08 00:00:00+00:00,148.208,149.364,148.01,149.314,295194.0
2024-10-09 00:00:00+00:00,149.243,149.611,148.246,148.582,404177.0
2024-10-10 00:00:00+00:00,148.575,149.286,148.405,149.128,252825.0
2024-10-13 00:00:00+00:00,149.077,149.982,149.074,149.752,195121.0
2024-10-14 00:00:00+00:00,149.827,149.842,148.846,149.218,296618.0
2024-10-15 00:00:00+00:00,149.274,149.808,148.859,149.648,265828.0
2024-10-16 00:00:00+00:00,149.598,150.322,149.242,150.221,296264.0
2024-10-17 00:00:00+00:00,150.235,150.287,149.366,149.533,247474.0
2024-10-20 00:00:00+00:00,149.517,150.886,149.087,150.822,257941.0
2024-10-21 00:00:00+00:00,150.794,151.199,150.495,151.094,313191.0
2024-10-22 00:00:00+00:00,151.064,153.19,151.034,152.764,326483.0
2024-10-23 00:00:00+00:00,152.694,152.836,151.555,151.826,387586.0
2024-10-24 00:00:00+00:00,151.853,152.382,151.45,152.304,304866.0
2024-10-27 00:00:00+00:00,153.207,153.882,152.41,153.298,328632.0
2024-10-28 00:00:00+00:00,153.291,153.868,152.756,153.366,316291.0
2024-10-29 00:00:00+00:00,153.367,153.499,152.782,153.41,313340.0
2024-10-30 00:00:00+00:00,153.384,153.628,151.833,152.042,398728.0
2024-10-31 00:00:00+00:00,152.028,153.095,151.787,152.999,355890.0
2024-11-03 00:00:00+00:00,152.334,152.576,151.535,152.134,344692.0
2024-11-04 00:00:00+00:00,152.14,152.546,151.338,151.62,268945.0
2024-11-05 00:00:00+00:00,151.596,154.7,151.284,154.626,773378.0
2024-11-06 00:00:00+00:00,154.59,154.714,152.692,152.91,411497.0
2024-11-07 00:00:00+00:00,152.928,153.37,152.142,152.638,349596.0
2024-11-10 00:00:00+00:00,152.692,153.954,152.666,153.732,214324.0
2024-11-11 00:00:00+00:00,153.72,154.926,153.408,154.63,280418.0
2024-11-12 00:00:00+00:00,154.614,155.628,154.341,155.477,337535.0
2024-11-13 00:00:00+00:00,155.475,156.421,155.346,156.278,319588.0
2024-11-14 00:00:00+00:00,156.277,156.751,153.862,154.346,387554.0
2024-11-17 00:00:00+00:00,154.407,155.36,153.838,154.685,382648.0
2024-11-18 00:00:00+00:00,154.663,154.799,153.28,154.656,420855.0
2024-11-19 00:00:00+00:00,154.658,155.89,154.53,155.43,277920.0
2024-11-20 00:00:00+00:00,155.43,155.431,153.908,154.544,380055.0
2024-11-21 00:00:00+00:00,154.523,155.028,153.967,154.762,368234.0
2024-11-24 00:00:00+00:00,154.249,154.726,153.549,154.175,369128.0
2024-11-25 00:00:00+00:00,154.253,154.493,152.988,153.109,357400.0
2024-11-26 00:00:00+00:00,153.089,153.238,150.455,151.117,363857.0
2024-11-27 00:00:00+00:00,151.108,151.954,150.926,151.554,202948.0
2024-11-28 00:00:00+00:00,151.551,151.557,149.466,149.73,407396.0
2024-12-01 00:00:00+00:00,149.696,150.754,149.079,149.59,400845.0
2024-12-02 00:00:00+00:00,149.592,150.238,148.644,149.596,331448.0
2024-12-03 00:00:00+00:00,149.608,151.232,149.522,150.626,343417.0
2024-12-04 00:00:00+00:00,150.577,150.778,149.656,150.097,296311.0
2024-12-05 00:00:00+00:00,150.129,150.7,149.362,150.042,304145.0
2024-12-08 00:00:00+00:00,149.979,151.348,149.69,151.216,224278.0
2024-12-09 00:00:00+00:00,151.219,152.184,150.898,151.97,249539.0
2024-12-10 00:00:00+00:00,151.944,152.866,151.004,152.466,305412.0
2024-12-11 00:00:00+00:00,152.428,152.775,151.802,152.649,297541.0
2024-12-12 00:00:00+00:00,152.626,153.802,152.458,153.649,204429.0
2024-12-15 00:00:00+00:00,153.62,154.48,153.324,154.156,199255.0
2024-12-16 00:00:00+00:00,154.156,154.348,153.16,153.49,241681.0
2024-12-17 00:00:00+00:00,153.451,154.874,153.334,154.836,257990.0
2024-12-18 00:00:00+00:00,154.778,157.808,154.435,157.434,393903.0
2024-12-19 00:00:00+00:00,157.411,157.929,155.954,156.418,360692.0
2024-12-22 00:00:00+00:00,156.4,157.271,156.337,157.173,203659.0
2024-12-23 00:00:00+00:00,157.129,157.394,156.89,157.21,131604.0
2024-12-25 00:00:00+00:00,157.257,158.087,157.077,158.023,141678.0
2024-12-26 00:00:00+00:00,157.91,157.953,157.352,157.843,182121.0
2024-12-29 00:00:00+00:00,157.747,158.074,156.668,156.86,204705.0
2024-12-30 00:00:00+00:00,156.887,157.55,156.02,157.203,228120.0
2025-01-01 00:00:00+00:00,157.236,157.851,156.438,157.54,282894.0
2025-01-02 00:00:00+00:00,157.505,157.566,156.875,157.292,193533.0
2025-01-05 00:00:00+00:00,157.249,157.966,156.237,157.65,287746.0
2025-01-06 00:00:00+00:00,157.557,158.428,157.364,158.066,284450.0
2025-01-07 00:00:00+00:00,158.041,158.554,157.903,158.354,242968.0
2025-01-08 00:00:00+00:00,158.316,158.4,157.574,158.117,176873.0
2025-01-09 00:00:00+00:00,158.134,158.88,157.228,157.742,308973.0
2025-01-12 00:00:00+00:00,157.79,157.966,156.912,157.477,267485.0
2025-01-13 00:00:00+00:00,157.491,158.198,157.12,157.977,281131.0
2025-01-14 00:00:00+00:00,158.035,158.085,155.936,156.466,276929.0
2025-01-15 00:00:00+00:00,156.419,156.532,155.102,155.122,295644.0
2025-01-16 00:00:00+00:00,155.164,156.376,154.978,156.298,228453.0
2025-01-19 00:00:00+00:00,156.265,156.587,155.413,155.644,268434.0
2025-01-20 00:00:00+00:00,155.583,156.244,154.775,155.519,319237.0
2025-01-21 00:00:00+00:00,155.492,156.712,155.353,156.528,223527.0
2025-01-22 00:00:00+00:00,156.496,156.755,155.744,156.073,226143.0
2025-01-23 00:00:00+00:00,156.064,156.579,154.841,155.991,336736.0
2025-01-26 00:00:00+00:00,155.741,156.25,153.714,154.516,366018.0
2025-01-27 00:00:00+00:00,154.509,155.98,154.494,155.534,292684.0
2025-01-28 00:00:00+00:00,155.529,155.79,154.938,155.25,280965.0
2025-01-29 00:00:00+00:00,155.182,155.243,153.79,154.276,316086.0
2025-01-30 00:00:00+00:00,154.2,155.223,153.916,155.205,318058.0
2025-02-02 00:00:00+00:00,154.879,155.886,154.01,154.77,432630.0
2025-02-03 00:00:00+00:00,154.734,155.525,154.175,154.348,275708.0
2025-02-04 00:00:00+00:00,154.34,154.464,152.115,152.588,326374.0
2025-02-05 00:00:00+00:00,152.572,152.898,151.24,151.466,297841.0
2025-02-06 00:00:00+00:00,151.434,152.43,150.929,151.42,358973.0
2025-02-09 00:00:00+00:00,151.358,152.541,151.237,151.994,245976.0
2025-02-10 00:00:00+00:00,152.022,152.61,151.649,152.501,237644.0
2025-02-11 00:00:00+00:00,152.456,154.804,152.396,154.42,307064.0
2025-02-12 00:00:00+00:00,154.356,154.671,152.7,152.814,323357.0
2025-02-13 00:00:00+00:00,152.844,153.154,152.024,152.312,260271.0
2025-02-16 00:00:00+00:00,152.236,152.39,151.339,151.506,225074.0
2025-02-17 00:00:00+00:00,151.484,152.226,151.234,152.066,251093.0
2025-02-18 00:00:00+00:00,152.022,152.315,151.242,151.47,271181.0
2025-02-19 00:00:00+00:00,151.428,151.436,149.398,149.616,326329.0
2025-02-20 00:00:00+00:00,149.602,150.736,148.926,149.297,345413.0
2025-02-23 00:00:00+00:00,149.244,149.875,148.846,149.718,369255.0
2025-02-24 00:00:00+00:00,149.685,150.303,148.562,149.026,402584.0
2025-02-25 00:00:00+00:00,149.007,149.888,148.622,149.094,386511.0
2025-02-26 00:00:00+00:00,149.078,150.164,148.746,149.797,433568.0
2025-02-27 00:00:00+00:00,149.772,150.992,149.1,150.62,435991.0
2025-03-02 00:00:00+00:00,150.706,151.306,149.099,149.51,461070.0
2025-03-03 00:00:00+00:00,149.526,149.882,148.094,149.807,631294.0
2025-03-04 00:00:00+00:00,149.749,150.186,148.392,148.896,554361.0
2025-03-05 00:00:00+00:00,148.852,149.335,147.31,147.986,564762.0
2025-03-06 00:00:00+00:00,148.016,148.204,146.942,148.036,535267.0
2025-03-09 00:00:00+00:00,147.945,147.971,146.633,147.27,466192.0
2025-03-10 00:00:00+00:00,147.274,148.122,146.543,147.776,559285.0
2025-03-11 00:00:00+00:00,147.776,149.198,147.662,148.262,390541.0
2025-03-12 00:00:00+00:00,148.224,148.374,147.414,147.807,388846.0
2025-03-13 00:00:00+00:00,147.8,149.024,147.752,148.637,311036.0
2025-03-16 00:00:00+00:00,148.75,149.284,148.234,149.21,315028.0
2025-03-17 00:00:00+00:00,149.214,149.937,149.1,149.282,255318.0
2025-03-18 00:00:00+00:00,149.301,150.149,148.609,148.7,273571.0
2025-03-19 00:00:00+00:00,148.724,148.964,148.174,148.788,245643.0
2025-03-20 00:00:00+00:00,148.805,149.666,148.586,149.3,243954.0
2025-03-23 00:00:00+00:00,149.366,150.76,149.361,150.701,226229.0
2025-03-24 00:00:00+00:00,150.636,150.946,149.55,149.914,203826.0
2025-03-25 00:00:00+00:00,149.914,150.746,149.841,150.587,224088.0
2025-03-26 00:00:00+00:00,150.547,151.158,150.061,151.043,249507.0
2025-03-27 00:00:00+00:00,151.053,151.214,149.684,149.844,272333.0
2025-03-30 00:00:00+00:00,149.827,150.268,148.702,149.97,364449.0
2025-03-31 00:00:00+00:00,149.964,150.141,148.977,149.616,323680.0
2025-04-01 00:00:00+00:00,149.603,150.492,149.102,149.304,332586.0
2025-04-02 00:00:00+00:00,149.274,149.284,145.19,146.071,659315.0
2025-04-03 00:00:00+00:00,146.061,147.436,144.552,147.014,929994.0
2025-04-06 00:00:00+00:00,145.494,148.151,144.82,147.88,1081787.0
2025-04-07 00:00:00+00:00,147.765,148.124,145.966,146.28,736853.0
2025-04-08 00:00:00+00:00,146.18,148.284,143.99,147.761,947940.0
2025-04-09 00:00:00+00:00,147.8,147.8,144.014,144.446,724528.0
2025-04-10 00:00:00+00:00,144.528,144.664,142.054,143.472,803149.0
2025-04-13 00:00:00+00:00,143.985,144.083,142.23,143.024,530584.0
2025-04-14 00:00:00+00:00,143.052,143.597,142.6,143.252,365821.0
2025-04-15 00:00:00+00:00,143.209,143.282,141.64,141.864,447295.0
2025-04-16 00:00:00+00:00,141.842,143.088,141.614,142.466,396258.0
2025-04-17 00:00:00+00:00,142.415,142.553,142.115,142.173,481534.0
2025-04-20 00:00:00+00:00,142.065,142.162,140.471,140.856,312617.0
2025-04-21 00:00:00+00:00,140.856,141.67,139.889,141.602,343383.0
2025-04-22 00:00:00+00:00,141.535,143.58,141.487,143.457,471948.0
2025-04-23 00:00:00+00:00,143.411,143.429,142.278,142.628,290504.0
2025-04-24 00:00:00+00:00,142.636,144.031,142.582,143.682,277587.0
2025-04-27 00:00:00+00:00,143.623,143.898,141.984,142.024,252424.0
2025-04-28 00:00:00+00:00,142.032,142.76,141.965,142.37,246581.0
2025-04-29 00:00:00+00:00,142.282,143.192,142.165,143.066,263049.0
2025-04-30 00:00:00+00:00,143.0,145.737,142.881,145.398,262435.0
2025-05-01 00:00:00+00:00,145.45,145.926,143.73,144.957,335537.0
2025-05-04 00:00:00+00:00,144.732,144.996,143.542,143.7,229473.0
2025-05-05 00:00:00+00:00,143.752,144.276,142.354,142.404,238597.0
2025-05-06 00:00:00+00:00,142.504,144.002,142.423,143.826,305050.0
2025-05-07 00:00:00+00:00,143.746,146.178,143.445,145.909,305640.0
2025-05-08 00:00:00+00:00,145.834,146.19,144.825,145.373,223314.0
2025-05-11 00:00:00+00:00,146.176,148.654,145.702,148.476,385543.0
2025-05-12 00:00:00+00:00,148.448,148.468,147.378,147.477,274554.0
2025-05-13 00:00:00+00:00,147.49,147.67,145.605,146.744,329258.0
2025-05-14 00:00:00+00:00,146.719,146.756,145.414,145.696,285051.0
2025-05-15 00:00:00+00:00,145.691,146.102,144.92,145.639,232232.0
2025-05-18 00:00:00+00:00,145.328,145.478,144.662,144.854,280642.0
2025-05-19 00:00:00+00:00,144.866,145.514,144.092,144.508,261828.0
2025-05-20 00:00:00+00:00,144.529,144.611,143.282,143.66,315100.0
2025-05-21 00:00:00+00:00,143.631,144.416,142.802,144.011,331965.0
2025-05-22 00:00:00+00:00,144.058,144.106,142.422,142.558,309614.0
2025-05-25 00:00:00+00:00,142.51,143.086,142.226,142.842,161105.0
2025-05-26 00:00:00+00:00,142.851,144.465,142.111,144.351,260607.0
2025-05-27 00:00:00+00:00,144.332,145.08,143.851,144.87,279756.0
2025-05-28 00:00:00+00:00,144.81,146.29,143.962,144.186,353072.0
2025-05-29 00:00:00+00:00,144.194,144.447,143.441,144.06,324561.0
2025-06-01 00:00:00+00:00,143.862,143.989,142.539,142.698,283659.0
2025-06-02 00:00:00+00:00,142.736,144.115,142.379,143.994,247834.0
2025-06-03 00:00:00+00:00,143.992,144.396,142.604,142.766,266316.0
2025-06-04 00:00:00+00:00,142.726,143.98,142.533,143.582,336563.0
2025-06-05 00:00:00+00:00,143.547,145.093,143.45,144.859,272790.0
2025-06-08 00:00:00+00:00,144.885,144.954,143.974,144.606,188788.0
2025-06-09 00:00:00+00:00,144.551,145.294,144.402,144.897,230619.0
2025-06-10 00:00:00+00:00,144.869,145.47,144.326,144.6,259057.0
2025-06-11 00:00:00+00:00,144.527,144.57,143.186,143.501,296490.0
2025-06-12 00:00:00+00:00,143.5,144.483,142.792,144.114,377613.0
2025-06-15 00:00:00+00:00,144.021,144.878,143.65,144.784,271370.0
2025-06-16 00:00:00+00:00,144.727,145.381,144.386,145.288,296830.0
2025-06-17 00:00:00+00:00,145.287,145.443,144.328,145.133,286054.0
2025-06-18 00:00:00+00:00,145.111,145.772,144.738,145.466,213771.0
2025-06-19 00:00:00+00:00,145.468,146.218,145.124,146.092,232695.0
2025-06-22 00:00:00+00:00,146.704,148.032,146.01,146.151,354777.0
2025-06-23 00:00:00+00:00,146.165,146.192,144.516,144.916,311026.0
2025-06-24 00:00:00+00:00,144.945,145.952,144.609,145.257,236703.0
2025-06-25 00:00:00+00:00,145.202,145.267,143.752,144.391,299251.0
2025-06-26 00:00:00+00:00,144.442,144.949,144.178,144.663,289204.0
2025-06-29 00:00:00+00:00,144.376,144.766,143.782,144.024,290690.0
2025-06-30 00:00:00+00:00,144.041,144.078,142.682,143.406,301981.0
2025-07-01 00:00:00+00:00,143.403,144.248,143.32,143.66,278484.0
2025-07-02 00:00:00+00:00,143.709,145.236,143.446,144.922,250569.0
2025-07-03 00:00:00+00:00,144.928,144.974,144.183,144.491,202107.0
2025-07-06 00:00:00+00:00,144.45,146.242,144.224,146.07,237992.0
2025-07-07 00:00:00+00:00,146.054,146.978,145.831,146.562,270823.0
2025-07-08 00:00:00+00:00,146.638,147.186,146.25,146.308,231726.0
2025-07-09 00:00:00+00:00,146.359,146.789,145.756,146.248,204814.0
2025-07-10 00:00:00+00:00,146.26,147.523,146.134,147.423,215779.0
2025-07-13 00:00:00+00:00,147.206,147.78,146.85,147.732,188652.0
2025-07-14 00:00:00+00:00,147.728,149.022,147.552,148.849,192559.0
2025-07-15 00:00:00+00:00,148.903,149.189,146.91,147.88,338830.0
2025-07-16 00:00:00+00:00,147.832,149.09,147.73,148.608,235248.0
2025-07-17 00:00:00+00:00,148.587,148.886,148.184,148.844,195472.0
2025-07-20 00:00:00+00:00,147.975,148.666,147.082,147.346,215336.0
2025-07-21 00:00:00+00:00,147.375,147.95,146.306,146.646,210331.0
2025-07-22 00:00:00+00:00,146.626,147.214,146.11,146.51,308326.0
2025-07-23 00:00:00+00:00,146.478,147.028,145.854,147.002,294486.0
2025-07-24 00:00:00+00:00,146.989,147.943,146.814,147.668,272820.0
2025-07-27 00:00:00+00:00,147.764,148.58,147.516,148.545,283931.0
2025-07-28 00:00:00+00:00,148.495,148.81,148.158,148.476,252786.0
2025-07-29 00:00:00+00:00,148.491,149.538,147.804,149.526,311941.0
2025-07-30 00:00:00+00:00,149.482,150.844,148.59,150.766,288357.0
2025-07-31 00:00:00+00:00,150.718,150.918,147.293,147.42,425521.0
2025-08-03 00:00:00+00:00,147.262,148.09,146.866,147.092,283372.0
2025-08-04 00:00:00+00:00,147.144,147.836,146.62,147.556,248438.0
2025-08-05 00:00:00+00:00,147.591,147.886,146.976,147.358,223788.0
2025-08-06 00:00:00+00:00,147.37,147.712,146.69,147.152,277000.0
2025-08-07 00:00:00+00:00,147.129,147.904,146.72,147.752,227073.0
2025-08-10 00:00:00+00:00,147.572,148.252,147.352,148.146,165881.0
2025-08-11 00:00:00+00:00,148.128,148.52,147.579,147.856,267359.0
2025-08-12 00:00:00+00:00,147.786,148.17,147.087,147.383,199681.0
2025-08-13 00:00:00+00:00,147.392,147.967,146.214,147.752,282506.0
2025-08-14 00:00:00+00:00,147.757,147.875,146.739,147.154,201052.0
2025-08-17 00:00:00+00:00,147.202,147.988,147.084,147.855,180812.0
2025-08-18 00:00:00+00:00,147.77,148.115,147.443,147.67,193823.0
2025-08-19 00:00:00+00:00,147.643,147.818,146.872,147.312,192639.0
2025-08-20 00:00:00+00:00,147.349,148.408,147.256,148.389,206719.0
2025-08-21 00:00:00+00:00,148.337,148.778,146.572,146.926,246726.0
2025-08-24 00:00:00+00:00,146.887,147.942,146.802,147.753,175505.0
2025-08-25 00:00:00+00:00,147.752,147.91,146.988,147.43,264214.0
2025-08-26 00:00:00+00:00,147.387,148.184,147.293,147.416,204183.0
2025-08-27 00:00:00+00:00,147.414,147.49,146.66,146.944,223476.0
2025-08-28 00:00:00+00:00,146.9,147.41,146.764,147.066,216390.0
2025-08-31 00:00:00+00:00,147.017,147.38,146.788,147.18,152918.0
2025-09-01 00:00:00+00:00,147.206,148.945,147.048,148.338,303488.0
2025-09-02 00:00:00+00:00,148.336,149.138,147.882,148.109,242808.0
2025-09-03 00:00:00+00:00,148.07,148.779,147.792,148.464,228893.0
2025-09-04 00:00:00+00:00,148.512,148.536,146.818,147.418,271417.0
2025-09-07 00:00:00+00:00,148.187,148.58,147.342,147.53,245209.0
2025-09-08 00:00:00+00:00,147.503,147.573,146.307,147.403,246368.0
2025-09-09 00:00:00+00:00,147.364,147.647,147.105,147.465,199132.0
2025-09-10 00:00:00+00:00,147.396,148.192,146.988,147.236,230024.0
2025-09-11 00:00:00+00:00,147.221,148.074,147.122,147.673,179918.0
2025-09-14 00:00:00+00:00,147.63,147.791,147.232,147.417,169956.0
2025-09-15 00:00:00+00:00,147.343,147.541,146.278,146.456,251762.0
2025-09-16 00:00:00+00:00,146.478,147.051,145.483,146.999,277498.0
2025-09-17 00:00:00+00:00,146.965,148.268,146.768,147.996,278726.0
2025-09-18 00:00:00+00:00,147.944,148.288,147.196,147.956,289484.0
2025-09-21 00:00:00+00:00,147.919,148.378,147.659,147.736,195510.0
2025-09-22 00:00:00+00:00,147.775,147.93,147.463,147.658,213700.0
2025-09-23 00:00:00+00:00,147.618,148.918,147.516,148.909,194111.0
2025-09-24 00:00:00+00:00,148.864,149.93,148.56,149.799,234546.0
2025-09-25 00:00:00+00:00,149.841,149.96,149.406,149.519,212190.0
2025-09-28 00:00:00+00:00,149.5,149.536,148.472,148.598,217299.0
2025-09-29 00:00:00+00:00,148.611,148.847,147.652,147.94,251771.0
2025-09-30 00:00:00+00:00,147.85,148.227,146.586,147.071,315400.0
2025-10-01 00:00:00+00:00,147.068,147.516,146.6,147.264,216733.0
2025-10-02 00:00:00+00:00,147.264,147.819,147.06,147.49,217124.0
2025-10-05 00:00:00+00:00,149.42,150.477,149.046,150.351,342400.0
2025-10-06 00:00:00+00:00,150.314,152.046,150.25,151.9,229210.0
2025-10-07 00:00:00+00:00,151.932,153.003,151.74,152.697,255812.0
2025-10-08 00:00:00+00:00,152.72,153.236,152.116,153.084,298740.0
2025-10-09 00:00:00+00:00,152.957,153.278,151.168,151.174,334647.0
2025-10-12 00:00:00+00:00,151.882,152.452,151.724,152.3,277780.0
2025-10-13 00:00:00+00:00,152.221,152.614,151.604,151.81,327050.0
2025-10-14 00:00:00+00:00,151.802,151.878,150.9,151.071,280193.0
2025-10-15 00:00:00+00:00,151.084,151.399,150.212,150.434,336879.0
2025-10-16 00:00:00+00:00,150.415,150.65,149.376,150.65,375790.0
2025-10-19 00:00:00+00:00,150.469,151.204,150.274,150.766,248252.0
2025-10-20 00:00:00+00:00,150.707,152.176,150.472,151.926,314793.0
2025-10-21 00:00:00+00:00,151.898,152.048,151.488,151.964,281311.0
2025-10-22 00:00:00+00:00,151.944,152.799,151.824,152.596,199975.0
2025-10-23 00:00:00+00:00,152.587,153.064,152.235,152.882,217474.0
2025-10-26 00:00:00+00:00,152.858,153.258,152.566,152.88,226804.0
2025-10-27 00:00:00+00:00,152.862,152.885,151.76,152.116,255609.0
2025-10-28 00:00:00+00:00,152.119,153.064,151.538,152.74,289708.0
2025-10-29 00:00:00+00:00,152.694,154.449,152.163,154.149,309967.0
2025-10-30 00:00:00+00:00,154.136,154.416,153.653,154.017,223334.0
2025-11-02 00:00:00+00:00,154.043,154.3,153.926,154.212,154439.0
2025-11-03 00:00:00+00:00,154.25,154.486,153.318,153.666,251402.0
2025-11-04 00:00:00+00:00,153.668,154.357,152.958,154.114,238670.0
2025-11-05 00:00:00+00:00,154.106,154.142,152.832,153.072,194132.0
2025-11-06 00:00:00+00:00,153.041,153.596,152.82,153.41,235888.0
2025-11-09 00:00:00+00:00,153.75,154.25,153.404,154.132,208279.0
2025-11-10 00:00:00+00:00,154.062,154.496,153.666,154.156,188539.0
2025-11-11 00:00:00+00:00,154.13,155.047,154.05,154.815,193397.0
2025-11-12 00:00:00+00:00,154.773,155.02,154.128,154.536,250484.0
2025-11-13 00:00:00+00:00,154.499,154.764,153.617,154.524,267834.0
2025-11-16 00:00:00+00:00,154.575,155.31,154.419,155.264,189780.0
2025-11-17 00:00:00+00:00,155.239,155.735,154.816,155.522,314338.0
2025-11-18 00:00:00+00:00,155.5,157.186,155.215,157.169,285532.0
2025-11-19 00:00:00+00:00,157.144,157.895,156.88,157.466,354316.0
2025-11-20 00:00:00+00:00,157.506,157.543,156.202,156.409,370039.0
2025-11-23 00:00:00+00:00,156.443,157.188,156.407,156.922,233966.0
2025-11-24 00:00:00+00:00,156.861,156.984,155.804,156.073,253111.0
2025-11-25 00:00:00+00:00,156.0,156.738,155.652,156.47,260418.0
2025-11-26 00:00:00+00:00,156.481,156.49,155.72,156.303,128764.0
2025-11-27 00:00:00+00:00,156.29,156.583,155.984,156.191,461593.0
2025-11-30 00:00:00+00:00,156.12,156.153,154.663,155.484,278219.0
2025-12-01 00:00:00+00:00,155.474,156.181,155.429,155.884,218387.0
2025-12-02 00:00:00+00:00,155.875,155.906,155.01,155.229,223222.0
2025-12-03 00:00:00+00:00,155.268,155.542,154.509,155.12,274362.0
2025-12-04 00:00:00+00:00,155.079,155.494,154.343,155.34,222032.0
2025-12-07 00:00:00+00:00,155.219,155.986,154.9,155.928,220081.0
2025-12-08 00:00:00+00:00,155.875,156.956,155.744,156.894,228869.0
2025-12-09 00:00:00+00:00,156.838,156.94,155.795,156.023,231161.0
2025-12-10 00:00:00+00:00,155.959,156.164,154.945,155.572,261964.0
2025-12-11 00:00:00+00:00,155.582,156.13,155.448,155.838,204893.0
2025-12-14 00:00:00+00:00,155.877,155.986,154.837,155.206,188209.0
2025-12-15 00:00:00+00:00,155.217,155.25,154.396,154.721,281782.0
2025-12-16 00:00:00+00:00,154.711,155.752,154.513,155.693,217053.0
2025-12-17 00:00:00+00:00,155.648,155.978,155.284,155.562,219624.0
2025-12-18 00:00:00+00:00,155.531,157.786,155.502,157.723,239390.0
2025-12-21 00:00:00+00:00,157.547,157.714,156.705,157.036,202363.0
2025-12-22 00:00:00+00:00,157.018,157.051,155.65,156.236,225512.0
2025-12-23 00:00:00+00:00,156.258,156.283,155.555,155.952,215468.0
2025-12-25 00:00:00+00:00,155.94,156.73,155.752,156.569,202932.0
2025-12-28 00:00:00+00:00,156.526,156.577,155.916,156.042,194919.0
2025-12-29 00:00:00+00:00,156.069,156.568,155.744,156.421,193826.0
2025-12-30 00:00:00+00:00,156.367,156.996,156.332,156.684,185947.0
2026-01-01 00:00:00+00:00,156.725,157.004,156.522,156.837,137381.0
2026-01-04 00:00:00+00:00,156.756,157.3,156.116,156.404,223619.0
2026-01-05 00:00:00+00:00,156.377,156.798,156.164,156.663,203736.0
2026-01-06 00:00:00+00:00,156.634,156.81,156.294,156.757,166025.0
2026-01-07 00:00:00+00:00,156.748,157.072,156.46,156.882,149414.0
2026-01-08 00:00:00+00:00,156.846,158.188,156.795,157.933,203350.0
2026-01-11 00:00:00+00:00,158.076,158.21,157.517,158.16,170409.0
2026-01-12 00:00:00+00:00,158.128,159.192,157.898,159.172,204611.0
2026-01-13 00:00:00+00:00,159.146,159.453,158.094,158.435,236887.0
2026-01-14 00:00:00+00:00,158.423,158.881,158.222,158.622,205497.0
2026-01-15 00:00:00+00:00,158.633,158.706,157.823,158.103,193474.0
2026-01-18 00:00:00+00:00,157.92,158.166,157.425,158.127,169534.0
2026-01-19 00:00:00+00:00,158.087,158.605,157.471,158.138,293268.0
2026-01-20 00:00:00+00:00,158.148,158.534,157.748,158.294,262059.0
2026-01-21 00:00:00+00:00,158.312,158.894,158.18,158.429,214533.0
2026-01-22 00:00:00+00:00,158.409,159.228,155.606,155.736,302317.0
2026-01-25 00:00:00+00:00,154.876,155.348,153.304,154.221,401668.0
2026-01-26 00:00:00+00:00,154.181,154.88,152.09,152.204,359071.0
2026-01-27 00:00:00+00:00,152.251,154.051,152.206,153.404,378142.0
2026-01-28 00:00:00+00:00,153.405,153.538,152.682,153.114,361387.0
2026-01-29 00:00:00+00:00,152.975,154.798,152.865,154.782,423414.0
2026-02-01 00:00:00+00:00,154.903,155.79,154.552,155.606,355115.0
2026-02-02 00:00:00+00:00,155.66,156.086,155.295,155.795,269879.0
2026-02-03 00:00:00+00:00,155.791,156.948,155.689,156.87,246432.0
2026-02-04 00:00:00+00:00,156.815,157.339,156.526,157.044,312547.0
2026-02-05 00:00:00+00:00,156.998,157.274,156.512,157.24,225896.0
2026-02-08 00:00:00+00:00,157.53,157.662,155.524,155.899,343780.0
2026-02-09 00:00:00+00:00,155.86,156.294,154.055,154.378,265642.0
2026-02-10 00:00:00+00:00,154.4,154.654,152.55,153.27,321464.0
2026-02-11 00:00:00+00:00,153.173,153.762,152.27,152.738,350776.0
2026-02-12 00:00:00+00:00,152.752,153.668,152.596,152.711,290371.0
2026-02-15 00:00:00+00:00,152.728,153.638,152.632,153.52,126611.0
2026-02-16 00:00:00+00:00,153.462,153.927,152.7,153.299,259609.0
2026-02-17 00:00:00+00:00,153.246,154.874,153.071,154.824,189809.0
2026-02-18 00:00:00+00:00,154.788,155.344,154.544,155.001,224050.0
2026-02-19 00:00:00+00:00,154.98,155.644,154.716,155.076,272863.0
2026-02-22 00:00:00+00:00,154.925,155.046,153.996,154.674,224576.0
2026-02-23 00:00:00+00:00,154.669,156.282,154.526,155.902,224975.0
2026-02-24 00:00:00+00:00,155.866,156.826,155.348,156.364,218660.0
2026-02-25 00:00:00+00:00,156.342,156.438,155.699,156.135,213740.0
2026-02-26 00:00:00+00:00,156.146,156.233,155.54,156.062,216113.0
2026-03-01 00:00:00+00:00,156.154,157.753,156.128,157.36,320742.0
2026-03-02 00:00:00+00:00,157.409,157.972,157.151,157.694,327126.0
2026-03-03 00:00:00+00:00,157.536,157.865,156.856,157.054,271799.0
2026-03-04 00:00:00+00:00,157.028,157.851,156.454,157.558,296085.0
2026-03-05 00:00:00+00:00,157.583,158.096,157.382,157.822,291679.0
2026-03-08 00:00:00+00:00,158.094,158.9,157.633,157.668,389233.0
2026-03-09 00:00:00+00:00,157.665,158.134,157.276,158.066,312448.0
2026-03-10 00:00:00+00:00,158.06,158.978,157.864,158.96,254274.0
2026-03-11 00:00:00+00:00,158.922,159.432,158.57,159.35,248506.0
2026-03-12 00:00:00+00:00,159.342,159.758,159.008,159.733,275358.0
2026-03-15 00:00:00+00:00,159.566,159.748,158.851,159.046,229212.0
2026-03-16 00:00:00+00:00,159.061,159.499,158.724,159.0,181963.0
2026-03-17 00:00:00+00:00,159.041,159.904,158.57,159.868,228019.0
2026-03-18 00:00:00+00:00,159.868,159.868,157.51,157.708,350012.0
2026-03-19 00:00:00+00:00,157.69,159.391,157.639,159.228,242947.0
2026-03-22 00:00:00+00:00,159.346,159.658,158.02,158.429,460342.0
2026-03-23 00:00:00+00:00,158.429,159.192,158.276,158.705,310977.0
2026-03-24 00:00:00+00:00,158.702,159.503,158.574,159.473,240751.0
2026-03-25 00:00:00+00:00,159.469,159.853,159.286,159.778,197714.0
2026-03-26 00:00:00+00:00,159.718,160.414,159.458,160.315,187424.0
2026-03-29 00:00:00+00:00,160.197,160.464,159.328,159.742,220446.0
2026-03-30 00:00:00+00:00,159.72,159.975,158.658,158.724,277547.0
2026-03-31 00:00:00+00:00,158.772,159.014,158.274,158.79,283720.0
2026-04-01 00:00:00+00:00,158.808,159.747,158.545,159.606,264547.0
2026-04-02 00:00:00+00:00,159.597,159.824,159.431,159.632,123705.0
2026-04-05 00:00:00+00:00,159.641,159.834,159.304,159.686,196038.0
2026-04-06 00:00:00+00:00,159.694,160.032,159.468,159.61,215729.0
2026-04-07 00:00:00+00:00,159.614,159.78,157.888,158.569,339190.0
2026-04-08 00:00:00+00:00,158.553,159.299,158.486,158.998,203863.0
2026-04-09 00:00:00+00:00,158.954,159.383,158.894,159.275,166531.0
2026-04-12 00:00:00+00:00,159.596,159.862,159.291,159.445,201727.0
2026-04-13 00:00:00+00:00,159.422,159.443,158.602,158.802,185748.0
2026-04-14 00:00:00+00:00,158.801,159.153,158.644,158.969,202827.0
2026-04-15 00:00:00+00:00,159.004,159.308,158.266,159.145,192894.0
2026-04-16 00:00:00+00:00,159.182,159.532,157.59,158.616,256481.0
2026-04-19 00:00:00+00:00,158.81,159.204,158.552,158.825,232407.0
2026-04-20 00:00:00+00:00,158.786,159.642,158.734,159.412,222908.0
2026-04-21 00:00:00+00:00,159.378,159.576,159.104,159.477,207560.0
2026-04-22 00:00:00+00:00,159.495,159.847,159.295,159.749,256249.0
2026-04-23 00:00:00+00:00,159.672,159.842,159.308,159.348,204129.0
2026-04-26 00:00:00+00:00,159.565,159.601,159.096,159.425,170363.0
2026-04-27 00:00:00+00:00,159.442,159.788,158.96,159.616,213458.0
2026-04-28 00:00:00+00:00,159.56,160.478,159.52,160.449,223494.0
2026-04-29 00:00:00+00:00,160.418,160.726,155.556,156.624,472255.0
2026-04-30 00:00:00+00:00,156.51,157.33,155.488,157.088,304112.0
2026-05-03 00:00:00+00:00,156.756,157.305,155.702,157.25,302367.0
2026-05-04 00:00:00+00:00,157.214,157.921,157.076,157.896,182247.0
2026-05-05 00:00:00+00:00,157.888,157.94,155.032,156.37,421889.0
2026-05-06 00:00:00+00:00,156.351,156.956,156.022,156.938,243531.0
2026-05-07 00:00:00+00:00,156.885,156.992,156.434,156.686,187051.0
2026-05-10 00:00:00+00:00,156.61,157.273,156.557,157.226,142525.0
2026-05-11 00:00:00+00:00,157.161,157.766,156.726,157.615,193745.0
2026-05-12 00:00:00+00:00,157.611,157.926,157.562,157.894,140417.0
2026-05-13 00:00:00+00:00,157.855,158.423,157.313,158.384,198177.0
2026-05-14 00:00:00+00:00,158.336,158.847,158.294,158.776,238240.0
2026-05-17 00:00:00+00:00,158.68,159.082,158.611,158.858,238424.0
2026-05-18 00:00:00+00:00,158.832,159.252,158.649,159.08,209832.0
2026-05-19 00:00:00+00:00,159.07,159.168,158.588,158.934,240096.0
2026-05-20 00:00:00+00:00,158.914,159.347,158.808,158.99,238378.0
2026-05-21 00:00:00+00:00,158.929,159.234,158.928,159.206,162360.0
2026-05-24 00:00:00+00:00,158.817,159.042,158.759,158.929,83357.0
2026-05-25 00:00:00+00:00,158.904,159.383,158.864,159.314,122940.0
2026-05-26 00:00:00+00:00,159.298,159.581,159.179,159.518,139309.0
2026-05-27 00:00:00+00:00,159.483,159.654,159.112,159.246,174874.0
2026-05-28 00:00:00+00:00,159.212,159.38,159.099,159.271,159705.0
2026-05-31 00:00:00+00:00,159.368,159.766,159.298,159.672,177142.0
2026-06-01 00:00:00+00:00,159.662,159.988,159.6,159.938,114253.0
2026-06-02 00:00:00+00:00,159.887,160.098,159.368,160.092,164351.0
2026-06-03 00:00:00+00:00,160.056,160.078,159.59,160.028,156177.0
2026-06-04 00:00:00+00:00,160.025,160.342,159.724,160.318,176900.0
2026-06-07 00:00:00+00:00,160.258,160.394,159.84,160.178,192603.0
2026-06-08 00:00:00+00:00,160.146,160.448,160.053,160.364,159683.0
2026-06-09 00:00:00+00:00,160.342,160.578,160.238,160.554,158249.0
2026-06-10 00:00:00+00:00,160.505,160.596,159.536,159.968,183076.0
2026-06-11 00:00:00+00:00,159.946,160.376,159.92,160.228,191690.0
