time,open,high,low,close,volume,bid_close,ask_close
2025-11-19T18:15:00.000000000Z,156.804,156.816,156.786,156.808,803,156.8,156.815
2025-11-19T18:20:00.000000000Z,156.808,156.845,156.808,156.832,804,156.824,156.841
2025-11-19T18:25:00.000000000Z,156.833,156.838,156.81,156.816,856,156.808,156.824
2025-11-19T18:30:00.000000000Z,156.816,156.839,156.796,156.834,991,156.826,156.843
2025-11-19T18:35:00.000000000Z,156.833,156.85,156.818,156.827,1200,156.82,156.834
2025-11-19T18:40:00.000000000Z,156.826,156.832,156.782,156.787,1296,156.778,156.796
2025-11-19T18:45:00.000000000Z,156.788,156.788,156.691,156.734,1329,156.725,156.743
2025-11-19T18:50:00.000000000Z,156.734,156.77,156.723,156.768,832,156.759,156.777
2025-11-19T18:55:00.000000000Z,156.767,156.81,156.756,156.808,729,156.798,156.818
2025-11-19T19:00:00.000000000Z,156.804,156.92,156.778,156.908,1914,156.9,156.917
2025-11-19T19:05:00.000000000Z,156.909,156.928,156.863,156.874,1768,156.865,156.882
2025-11-19T19:10:00.000000000Z,156.875,156.888,156.841,156.88,1227,156.87,156.889
2025-11-19T19:15:00.000000000Z,156.88,156.898,156.875,156.89,1058,156.882,156.897
2025-11-19T19:20:00.000000000Z,156.891,156.899,156.876,156.894,863,156.886,156.903
2025-11-19T19:25:00.000000000Z,156.893,156.897,156.852,156.889,1002,156.882,156.896
2025-11-19T19:30:00.000000000Z,156.89,156.915,156.852,156.866,1226,156.859,156.872
2025-11-19T19:35:00.000000000Z,156.865,156.959,156.865,156.956,680,156.949,156.963
2025-11-19T19:40:00.000000000Z,156.956,156.974,156.931,156.971,1049,156.963,156.979
2025-11-19T19:45:00.000000000Z,156.972,156.989,156.963,156.982,948,156.974,156.989
2025-11-19T19:50:00.000000000Z,156.982,157.016,156.974,157.002,1153,156.994,157.011
2025-11-19T19:55:00.000000000Z,157.002,157.04,157.002,157.032,1448,157.024,157.041
2025-11-19T20:00:00.000000000Z,157.033,157.052,156.986,156.998,1191,156.989,157.006
2025-11-19T20:05:00.000000000Z,156.997,157.017,156.975,156.992,1189,156.984,157.0
2025-11-19T20:10:00.000000000Z,156.992,156.997,156.966,156.968,801,156.961,156.974
2025-11-19T20:15:00.000000000Z,156.969,156.992,156.963,156.98,793,156.974,156.986
2025-11-19T20:20:00.000000000Z,156.98,157.006,156.98,156.992,898,156.984,157.001
2025-11-19T20:25:00.000000000Z,156.992,156.994,156.977,156.989,992,156.98,156.998
2025-11-19T20:30:00.000000000Z,156.991,157.008,156.987,156.996,493,156.987,157.006
2025-11-19T20:35:00.000000000Z,156.997,157.01,156.973,156.976,636,156.968,156.985
2025-11-19T20:40:00.000000000Z,156.978,157.002,156.969,156.98,611,156.972,156.988
2025-11-19T20:45:00.000000000Z,156.98,156.992,156.974,156.981,536,156.972,156.99
2025-11-19T20:50:00.000000000Z,156.98,156.99,156.964,156.975,649,156.966,156.984
2025-11-19T20:55:00.000000000Z,156.974,156.978,156.942,156.964,949,156.955,156.972
2025-11-19T21:00:00.000000000Z,156.963,157.01,156.963,157.008,870,157.0,157.016
2025-11-19T21:05:00.000000000Z,157.01,157.024,157.0,157.02,460,157.012,157.027
2025-11-19T21:10:00.000000000Z,157.02,157.046,157.02,157.046,584,157.037,157.054
2025-11-19T21:15:00.000000000Z,157.046,157.07,157.01,157.046,523,157.036,157.055
2025-11-19T21:20:00.000000000Z,157.049,157.151,157.025,157.078,1771,157.071,157.086
2025-11-19T21:25:00.000000000Z,157.076,157.086,157.022,157.07,1197,157.06,157.079
2025-11-19T21:30:00.000000000Z,157.07,157.143,157.069,157.118,617,157.11,157.127
2025-11-19T21:35:00.000000000Z,157.118,157.152,157.114,157.129,467,157.121,157.137
2025-11-19T21:40:00.000000000Z,157.13,157.164,157.124,157.162,452,157.152,157.173
2025-11-19T21:45:00.000000000Z,157.163,157.186,157.148,157.177,543,157.168,157.186
2025-11-19T21:50:00.000000000Z,157.176,157.184,157.169,157.179,732,157.169,157.189
2025-11-19T21:55:00.000000000Z,157.178,157.184,157.156,157.169,721,157.154,157.184
2025-11-19T22:00:00.000000000Z,157.144,157.144,157.144,157.144,1,157.131,157.158
2025-11-19T22:05:00.000000000Z,157.144,157.145,157.054,157.056,79,157.03,157.083
2025-11-19T22:10:00.000000000Z,157.056,157.106,157.048,157.099,72,157.061,157.137
2025-11-19T22:15:00.000000000Z,157.1,157.122,157.1,157.119,94,157.078,157.16
2025-11-19T22:20:00.000000000Z,157.118,157.13,157.115,157.125,85,157.099,157.151
2025-11-19T22:25:00.000000000Z,157.126,157.129,157.102,157.109,126,157.093,157.125
2025-11-19T22:30:00.000000000Z,157.108,157.108,157.082,157.093,135,157.068,157.118
2025-11-19T22:35:00.000000000Z,157.084,157.101,157.08,157.085,162,157.066,157.104
2025-11-19T22:40:00.000000000Z,157.084,157.09,157.068,157.072,772,157.052,157.091
2025-11-19T22:45:00.000000000Z,157.072,157.088,157.072,157.076,194,157.057,157.096
2025-11-19T22:50:00.000000000Z,157.08,157.09,157.077,157.084,152,157.073,157.096
2025-11-19T22:55:00.000000000Z,157.086,157.089,157.07,157.084,144,157.073,157.094
2025-11-19T23:00:00.000000000Z,157.083,157.156,156.99,157.12,844,157.11,157.131
2025-11-19T23:05:00.000000000Z,157.12,157.122,157.062,157.064,348,157.053,157.075
2025-11-19T23:10:00.000000000Z,157.064,157.078,157.046,157.061,499,157.051,157.071
2025-11-19T23:15:00.000000000Z,157.062,157.062,157.02,157.024,337,157.015,157.033
2025-11-19T23:20:00.000000000Z,157.024,157.054,156.997,157.034,494,157.024,157.044
2025-11-19T23:25:00.000000000Z,157.034,157.038,157.012,157.038,302,157.028,157.048
2025-11-19T23:30:00.000000000Z,157.044,157.08,157.02,157.02,451,157.012,157.029
2025-11-19T23:35:00.000000000Z,157.021,157.077,157.014,157.076,473,157.07,157.082
2025-11-19T23:40:00.000000000Z,157.076,157.076,157.035,157.061,463,157.053,157.069
2025-11-19T23:45:00.000000000Z,157.06,157.086,157.029,157.038,552,157.029,157.047
2025-11-19T23:50:00.000000000Z,157.038,157.049,157.012,157.014,314,157.008,157.021
2025-11-19T23:55:00.000000000Z,157.014,157.025,156.985,156.998,261,156.99,157.007
2025-11-20T00:00:00.000000000Z,156.999,157.041,156.886,156.929,1287,156.92,156.938
2025-11-20T00:05:00.000000000Z,156.929,157.029,156.899,156.901,1410,156.892,156.91
2025-11-20T00:10:00.000000000Z,156.902,156.956,156.886,156.917,877,156.907,156.927
2025-11-20T00:15:00.000000000Z,156.92,156.966,156.88,156.958,1010,156.949,156.968
2025-11-20T00:20:00.000000000Z,156.958,157.055,156.944,157.038,941,157.029,157.047
2025-11-20T00:25:00.000000000Z,157.04,157.182,157.04,157.176,1021,157.167,157.184
2025-11-20T00:30:00.000000000Z,157.174,157.177,157.08,157.114,1344,157.104,157.125
2025-11-20T00:35:00.000000000Z,157.112,157.184,157.112,157.118,1400,157.11,157.125
2025-11-20T00:40:00.000000000Z,157.117,157.176,157.079,157.166,1321,157.156,157.177
2025-11-20T00:45:00.000000000Z,157.166,157.18,157.11,157.121,1503,157.113,157.129
2025-11-20T00:50:00.000000000Z,157.12,157.188,157.072,157.185,2604,157.176,157.194
2025-11-20T00:55:00.000000000Z,157.183,157.212,157.078,157.078,1620,157.072,157.084
2025-11-20T01:00:00.000000000Z,157.077,157.123,157.038,157.088,1079,157.079,157.097
2025-11-20T01:05:00.000000000Z,157.089,157.118,157.076,157.09,595,157.081,157.098
2025-11-20T01:10:00.000000000Z,157.091,157.111,157.067,157.103,772,157.094,157.112
2025-11-20T01:15:00.000000000Z,157.102,157.124,157.084,157.098,744,157.09,157.107
2025-11-20T01:20:00.000000000Z,157.099,157.125,157.041,157.051,622,157.043,157.059
2025-11-20T01:25:00.000000000Z,157.053,157.18,157.052,157.14,1039,157.132,157.148
2025-11-20T01:30:00.000000000Z,157.14,157.17,157.037,157.123,2145,157.114,157.132
2025-11-20T01:35:00.000000000Z,157.124,157.231,157.114,157.143,1547,157.135,157.151
2025-11-20T01:40:00.000000000Z,157.144,157.297,157.144,157.288,1652,157.281,157.296
2025-11-20T01:45:00.000000000Z,157.289,157.338,157.268,157.312,1347,157.303,157.322
2025-11-20T01:50:00.000000000Z,157.311,157.429,157.31,157.389,1489,157.38,157.398
2025-11-20T01:55:00.000000000Z,157.388,157.437,157.372,157.424,1152,157.416,157.433
2025-11-20T02:00:00.000000000Z,157.425,157.459,157.408,157.438,1378,157.429,157.447
2025-11-20T02:05:00.000000000Z,157.438,157.476,157.414,157.462,1069,157.453,157.471
2025-11-20T02:10:00.000000000Z,157.462,157.466,157.333,157.415,1514,157.407,157.423
2025-11-20T02:15:00.000000000Z,157.414,157.443,157.376,157.442,1367,157.435,157.449
2025-11-20T02:20:00.000000000Z,157.442,157.477,157.382,157.408,1193,157.398,157.417
2025-11-20T02:25:00.000000000Z,157.408,157.419,157.378,157.397,803,157.388,157.406
2025-11-20T02:30:00.000000000Z,157.396,157.405,157.33,157.336,844,157.327,157.344
2025-11-20T02:35:00.000000000Z,157.335,157.361,157.289,157.324,699,157.315,157.332
2025-11-20T02:40:00.000000000Z,157.324,157.352,157.308,157.349,874,157.339,157.359
2025-11-20T02:45:00.000000000Z,157.35,157.35,157.319,157.324,695,157.315,157.334
2025-11-20T02:50:00.000000000Z,157.324,157.352,157.305,157.348,504,157.34,157.357
2025-11-20T02:55:00.000000000Z,157.35,157.35,157.306,157.316,689,157.309,157.324
2025-11-20T03:00:00.000000000Z,157.321,157.392,157.282,157.323,1555,157.315,157.331
2025-11-20T03:05:00.000000000Z,157.324,157.394,157.323,157.382,804,157.374,157.391
2025-11-20T03:10:00.000000000Z,157.383,157.433,157.382,157.412,481,157.403,157.421
2025-11-20T03:15:00.000000000Z,157.414,157.414,157.348,157.394,845,157.386,157.403
2025-11-20T03:20:00.000000000Z,157.394,157.401,157.367,157.382,488,157.374,157.391
2025-11-20T03:25:00.000000000Z,157.383,157.386,157.343,157.357,661,157.348,157.366
2025-11-20T03:30:00.000000000Z,157.358,157.384,157.33,157.332,726,157.325,157.34
2025-11-20T03:35:00.000000000Z,157.333,157.342,157.28,157.337,857,157.33,157.344
2025-11-20T03:40:00.000000000Z,157.338,157.406,157.332,157.394,910,157.386,157.403
2025-11-20T03:45:00.000000000Z,157.395,157.395,157.324,157.344,784,157.337,157.352
2025-11-20T03:50:00.000000000Z,157.345,157.384,157.341,157.368,770,157.36,157.376
2025-11-20T03:55:00.000000000Z,157.369,157.417,157.359,157.416,801,157.409,157.424
2025-11-20T04:00:00.000000000Z,157.417,157.424,157.358,157.362,703,157.355,157.369
2025-11-20T04:05:00.000000000Z,157.361,157.362,157.29,157.29,888,157.283,157.297
2025-11-20T04:10:00.000000000Z,157.29,157.35,157.282,157.335,671,157.326,157.344
2025-11-20T04:15:00.000000000Z,157.334,157.334,157.28,157.31,700,157.302,157.319
2025-11-20T04:20:00.000000000Z,157.311,157.347,157.306,157.318,462,157.309,157.327
2025-11-20T04:25:00.000000000Z,157.318,157.359,157.318,157.334,723,157.326,157.341
2025-11-20T04:30:00.000000000Z,157.333,157.344,157.318,157.32,811,157.312,157.328
2025-11-20T04:35:00.000000000Z,157.322,157.33,157.262,157.266,557,157.257,157.275
2025-11-20T04:40:00.000000000Z,157.266,157.35,157.266,157.344,777,157.336,157.352
2025-11-20T04:45:00.000000000Z,157.344,157.372,157.336,157.37,687,157.362,157.377
2025-11-20T04:50:00.000000000Z,157.37,157.385,157.345,157.382,593,157.374,157.39
2025-11-20T04:55:00.000000000Z,157.382,157.42,157.374,157.4,636,157.392,157.408
2025-11-20T05:00:00.000000000Z,157.4,157.493,157.397,157.479,788,157.472,157.486
2025-11-20T05:05:00.000000000Z,157.477,157.544,157.47,157.52,1128,157.511,157.53
2025-11-20T05:10:00.000000000Z,157.52,157.538,157.479,157.482,718,157.473,157.49
2025-11-20T05:15:00.000000000Z,157.482,157.538,157.46,157.532,848,157.524,157.54
2025-11-20T05:20:00.000000000Z,157.532,157.533,157.491,157.516,582,157.508,157.524
2025-11-20T05:25:00.000000000Z,157.516,157.519,157.474,157.481,360,157.473,157.489
2025-11-20T05:30:00.000000000Z,157.481,157.517,157.466,157.478,418,157.469,157.486
2025-11-20T05:35:00.000000000Z,157.477,157.544,157.43,157.51,845,157.5,157.519
2025-11-20T05:40:00.000000000Z,157.51,157.546,157.46,157.495,1005,157.486,157.504
2025-11-20T05:45:00.000000000Z,157.496,157.522,157.476,157.494,579,157.486,157.502
2025-11-20T05:50:00.000000000Z,157.496,157.506,157.43,157.442,774,157.433,157.45
2025-11-20T05:55:00.000000000Z,157.441,157.576,157.438,157.56,1237,157.551,157.569
2025-11-20T06:00:00.000000000Z,157.56,157.599,157.56,157.583,1054,157.575,157.591
2025-11-20T06:05:00.000000000Z,157.583,157.583,157.488,157.528,1640,157.519,157.537
2025-11-20T06:10:00.000000000Z,157.528,157.572,157.506,157.564,781,157.556,157.571
2025-11-20T06:15:00.000000000Z,157.564,157.616,157.534,157.602,1030,157.595,157.61
2025-11-20T06:20:00.000000000Z,157.604,157.63,157.568,157.581,912,157.573,157.589
2025-11-20T06:25:00.000000000Z,157.582,157.594,157.528,157.542,930,157.534,157.55
2025-11-20T06:30:00.000000000Z,157.543,157.608,157.543,157.602,923,157.594,157.611
2025-11-20T06:35:00.000000000Z,157.602,157.629,157.598,157.622,723,157.616,157.628
2025-11-20T06:40:00.000000000Z,157.622,157.694,157.622,157.677,1072,157.671,157.683
2025-11-20T06:45:00.000000000Z,157.678,157.694,157.664,157.683,650,157.676,157.69
2025-11-20T06:50:00.000000000Z,157.684,157.735,157.674,157.692,983,157.683,157.7
2025-11-20T06:55:00.000000000Z,157.692,157.738,157.676,157.736,546,157.728,157.745
2025-11-20T07:00:00.000000000Z,157.737,157.782,157.727,157.754,1227,157.748,157.76
2025-11-20T07:05:00.000000000Z,157.755,157.755,157.616,157.669,1338,157.661,157.677
2025-11-20T07:10:00.000000000Z,157.668,157.712,157.629,157.662,1331,157.654,157.67
2025-11-20T07:15:00.000000000Z,157.662,157.676,157.58,157.602,1104,157.595,157.61
2025-11-20T07:20:00.000000000Z,157.603,157.618,157.556,157.594,1051,157.586,157.602
2025-11-20T07:25:00.000000000Z,157.594,157.672,157.586,157.621,1102,157.612,157.63
2025-11-20T07:30:00.000000000Z,157.62,157.625,157.568,157.572,933,157.563,157.581
2025-11-20T07:35:00.000000000Z,157.572,157.602,157.534,157.543,924,157.534,157.552
2025-11-20T07:40:00.000000000Z,157.542,157.56,157.502,157.531,876,157.523,157.539
2025-11-20T07:45:00.000000000Z,157.532,157.534,157.378,157.404,1679,157.396,157.413
2025-11-20T07:50:00.000000000Z,157.406,157.48,157.402,157.469,1255,157.46,157.478
2025-11-20T07:55:00.000000000Z,157.47,157.505,157.453,157.46,1465,157.451,157.468
2025-11-20T08:00:00.000000000Z,157.461,157.5,157.384,157.386,1869,157.378,157.395
2025-11-20T08:05:00.000000000Z,157.386,157.437,157.364,157.384,1452,157.376,157.392
2025-11-20T08:10:00.000000000Z,157.384,157.392,157.3,157.325,1428,157.316,157.334
2025-11-20T08:15:00.000000000Z,157.324,157.368,157.275,157.362,1429,157.354,157.37
2025-11-20T08:20:00.000000000Z,157.362,157.374,157.322,157.348,1080,157.342,157.354
2025-11-20T08:25:00.000000000Z,157.348,157.372,157.266,157.326,1249,157.318,157.335
2025-11-20T08:30:00.000000000Z,157.326,157.346,157.214,157.232,1468,157.224,157.241
2025-11-20T08:35:00.000000000Z,157.234,157.262,157.21,157.212,1465,157.206,157.218
2025-11-20T08:40:00.000000000Z,157.212,157.228,157.142,157.166,1310,157.157,157.175
2025-11-20T08:45:00.000000000Z,157.166,157.173,157.121,157.154,1322,157.147,157.161
2025-11-20T08:50:00.000000000Z,157.156,157.163,157.11,157.154,1124,157.145,157.162
2025-11-20T08:55:00.000000000Z,157.152,157.162,157.115,157.154,995,157.147,157.161
2025-11-20T09:00:00.000000000Z,157.155,157.225,157.155,157.214,1440,157.207,157.22
2025-11-20T09:05:00.000000000Z,157.214,157.226,157.164,157.166,1083,157.158,157.174
2025-11-20T09:10:00.000000000Z,157.164,157.262,157.164,157.253,1148,157.244,157.262
2025-11-20T09:15:00.000000000Z,157.254,157.276,157.224,157.233,890,157.226,157.24
2025-11-20T09:20:00.000000000Z,157.234,157.242,157.188,157.22,771,157.212,157.229
2025-11-20T09:25:00.000000000Z,157.22,157.239,157.177,157.208,1052,157.199,157.216
2025-11-20T09:30:00.000000000Z,157.209,157.212,157.141,157.191,1047,157.185,157.197
2025-11-20T09:35:00.000000000Z,157.192,157.214,157.18,157.202,757,157.195,157.208
2025-11-20T09:40:00.000000000Z,157.204,157.222,157.171,157.172,985,157.166,157.179
2025-11-20T09:45:00.000000000Z,157.172,157.178,157.126,157.168,1136,157.159,157.176
2025-11-20T09:50:00.000000000Z,157.168,157.189,157.135,157.137,812,157.129,157.145
2025-11-20T09:55:00.000000000Z,157.138,157.182,157.136,157.182,831,157.174,157.189
2025-11-20T10:00:00.000000000Z,157.181,157.208,157.154,157.208,868,157.201,157.215
2025-11-20T10:05:00.000000000Z,157.208,157.246,157.198,157.234,1025,157.228,157.24
2025-11-20T10:10:00.000000000Z,157.235,157.272,157.235,157.248,755,157.239,157.256
2025-11-20T10:15:00.000000000Z,157.248,157.294,157.248,157.293,675,157.284,157.302
2025-11-20T10:20:00.000000000Z,157.294,157.296,157.274,157.295,684,157.287,157.303
2025-11-20T10:25:00.000000000Z,157.294,157.326,157.284,157.322,609,157.314,157.331
2025-11-20T10:30:00.000000000Z,157.323,157.325,157.277,157.308,638,157.3,157.317
2025-11-20T10:35:00.000000000Z,157.31,157.327,157.308,157.312,514,157.303,157.321
2025-11-20T10:40:00.000000000Z,157.313,157.336,157.311,157.323,425,157.314,157.332
2025-11-20T10:45:00.000000000Z,157.322,157.352,157.306,157.348,684,157.342,157.355
2025-11-20T10:50:00.000000000Z,157.35,157.386,157.338,157.374,633,157.365,157.382
2025-11-20T10:55:00.000000000Z,157.374,157.414,157.372,157.383,779,157.374,157.392
2025-11-20T11:00:00.000000000Z,157.384,157.418,157.377,157.414,634,157.406,157.423
2025-11-20T11:05:00.000000000Z,157.414,157.424,157.38,157.41,881,157.401,157.419
2025-11-20T11:10:00.000000000Z,157.408,157.432,157.396,157.414,893,157.406,157.422
2025-11-20T11:15:00.000000000Z,157.414,157.422,157.356,157.386,949,157.378,157.395
2025-11-20T11:20:00.000000000Z,157.388,157.43,157.362,157.425,600,157.416,157.434
2025-11-20T11:25:00.000000000Z,157.424,157.464,157.417,157.462,719,157.454,157.469
2025-11-20T11:30:00.000000000Z,157.462,157.474,157.422,157.443,553,157.435,157.451
2025-11-20T11:35:00.000000000Z,157.444,157.45,157.42,157.436,605,157.428,157.445
2025-11-20T11:40:00.000000000Z,157.438,157.484,157.438,157.479,773,157.47,157.488
2025-11-20T11:45:00.000000000Z,157.48,157.499,157.46,157.498,600,157.49,157.506
2025-11-20T11:50:00.000000000Z,157.498,157.534,157.496,157.528,639,157.519,157.536
2025-11-20T11:55:00.000000000Z,157.527,157.541,157.496,157.51,753,157.503,157.517
2025-11-20T12:00:00.000000000Z,157.51,157.557,157.508,157.548,1066,157.539,157.557
2025-11-20T12:05:00.000000000Z,157.547,157.613,157.546,157.608,755,157.599,157.617
2025-11-20T12:10:00.000000000Z,157.608,157.681,157.593,157.662,1244,157.654,157.67
2025-11-20T12:15:00.000000000Z,157.662,157.678,157.632,157.634,1024,157.625,157.643
2025-11-20T12:20:00.000000000Z,157.634,157.663,157.63,157.648,957,157.641,157.656
2025-11-20T12:25:00.000000000Z,157.648,157.674,157.64,157.653,873,157.644,157.662
2025-11-20T12:30:00.000000000Z,157.652,157.682,157.642,157.668,841,157.66,157.677
2025-11-20T12:35:00.000000000Z,157.668,157.688,157.658,157.671,667,157.662,157.68
2025-11-20T12:40:00.000000000Z,157.672,157.701,157.67,157.698,655,157.691,157.704
2025-11-20T12:45:00.000000000Z,157.698,157.742,157.689,157.703,758,157.694,157.712
2025-11-20T12:50:00.000000000Z,157.704,157.731,157.694,157.712,886,157.703,157.72
2025-11-20T12:55:00.000000000Z,157.711,157.717,157.696,157.7,977,157.692,157.708
2025-11-20T13:00:00.000000000Z,157.7,157.712,157.643,157.664,1525,157.655,157.672
2025-11-20T13:05:00.000000000Z,157.662,157.677,157.597,157.602,1184,157.594,157.609
2025-11-20T13:10:00.000000000Z,157.6,157.704,157.58,157.672,1553,157.663,157.68
2025-11-20T13:15:00.000000000Z,157.671,157.702,157.63,157.636,1376,157.627,157.646
2025-11-20T13:20:00.000000000Z,157.634,157.674,157.605,157.628,1454,157.619,157.636
2025-11-20T13:25:00.000000000Z,157.626,157.648,157.576,157.584,1269,157.546,157.622
2025-11-20T13:30:00.000000000Z,157.585,157.884,157.216,157.496,7656,157.486,157.507
2025-11-20T13:35:00.000000000Z,157.495,157.502,157.364,157.366,4972,157.357,157.375
2025-11-20T13:40:00.000000000Z,157.366,157.518,157.291,157.511,3015,157.502,157.52
2025-11-20T13:45:00.000000000Z,157.512,157.747,157.506,157.654,4539,157.644,157.663
2025-11-20T13:50:00.000000000Z,157.652,157.686,157.6,157.659,3452,157.65,157.668
2025-11-20T13:55:00.000000000Z,157.66,157.692,157.509,157.571,2771,157.562,157.58
2025-11-20T14:00:00.000000000Z,157.571,157.658,157.493,157.642,2761,157.633,157.651
2025-11-20T14:05:00.000000000Z,157.643,157.738,157.613,157.69,2933,157.682,157.697
2025-11-20T14:10:00.000000000Z,157.69,157.832,157.69,157.712,3198,157.703,157.72
2025-11-20T14:15:00.000000000Z,157.711,157.746,157.643,157.656,2789,157.648,157.665
2025-11-20T14:20:00.000000000Z,157.657,157.724,157.628,157.722,2482,157.713,157.73
2025-11-20T14:25:00.000000000Z,157.722,157.756,157.604,157.615,1943,157.605,157.625
2025-11-20T14:30:00.000000000Z,157.616,157.648,157.512,157.596,2814,157.588,157.605
2025-11-20T14:35:00.000000000Z,157.598,157.636,157.506,157.608,2122,157.599,157.617
2025-11-20T14:40:00.000000000Z,157.61,157.642,157.56,157.619,2041,157.61,157.628
2025-11-20T14:45:00.000000000Z,157.618,157.694,157.583,157.62,2130,157.613,157.628
2025-11-20T14:50:00.000000000Z,157.623,157.66,157.564,157.571,1862,157.562,157.58
2025-11-20T14:55:00.000000000Z,157.57,157.642,157.566,157.618,1269,157.612,157.624
2025-11-20T15:00:00.000000000Z,157.62,157.694,157.62,157.693,1625,157.685,157.701
2025-11-20T15:05:00.000000000Z,157.694,157.697,157.631,157.644,1665,157.636,157.653
2025-11-20T15:10:00.000000000Z,157.645,157.778,157.64,157.772,2165,157.763,157.78
2025-11-20T15:15:00.000000000Z,157.774,157.784,157.716,157.765,1623,157.757,157.773
2025-11-20T15:20:00.000000000Z,157.766,157.878,157.762,157.848,1603,157.84,157.856
2025-11-20T15:25:00.000000000Z,157.849,157.85,157.766,157.794,1404,157.785,157.802
2025-11-20T15:30:00.000000000Z,157.793,157.882,157.792,157.877,1475,157.87,157.884
2025-11-20T15:35:00.000000000Z,157.878,157.888,157.852,157.862,988,157.853,157.87
2025-11-20T15:40:00.000000000Z,157.862,157.895,157.826,157.828,1194,157.82,157.837
2025-11-20T15:45:00.000000000Z,157.828,157.87,157.79,157.868,2146,157.859,157.876
2025-11-20T15:50:00.000000000Z,157.868,157.882,157.815,157.84,2229,157.834,157.847
2025-11-20T15:55:00.000000000Z,157.84,157.844,157.679,157.682,2031,157.675,157.69
2025-11-20T16:00:00.000000000Z,157.682,157.686,157.518,157.537,2477,157.528,157.546
2025-11-20T16:05:00.000000000Z,157.535,157.568,157.44,157.493,2362,157.485,157.501
2025-11-20T16:10:00.000000000Z,157.491,157.501,157.368,157.398,1847,157.388,157.407
2025-11-20T16:15:00.000000000Z,157.396,157.409,157.286,157.387,2815,157.379,157.395
2025-11-20T16:20:00.000000000Z,157.386,157.46,157.354,157.425,3326,157.417,157.433
2025-11-20T16:25:00.000000000Z,157.423,157.552,157.406,157.498,3030,157.49,157.505
2025-11-20T16:30:00.000000000Z,157.498,157.521,157.421,157.421,2496,157.412,157.43
2025-11-20T16:35:00.000000000Z,157.422,157.568,157.406,157.555,2483,157.548,157.562
2025-11-20T16:40:00.000000000Z,157.554,157.61,157.49,157.584,2223,157.575,157.593
2025-11-20T16:45:00.000000000Z,157.584,157.586,157.52,157.558,2135,157.549,157.566
2025-11-20T16:50:00.000000000Z,157.557,157.646,157.509,157.522,2169,157.514,157.531
2025-11-20T16:55:00.000000000Z,157.522,157.522,157.413,157.423,2871,157.414,157.432
2025-11-20T17:00:00.000000000Z,157.422,157.54,157.402,157.481,3438,157.472,157.49
2025-11-20T17:05:00.000000000Z,157.48,157.5,157.414,157.439,2873,157.431,157.447
2025-11-20T17:10:00.000000000Z,157.44,157.442,157.278,157.348,3064,157.342,157.355
2025-11-20T17:15:00.000000000Z,157.349,157.362,157.264,157.338,3103,157.33,157.347
2025-11-20T17:20:00.000000000Z,157.337,157.436,157.294,157.378,2765,157.37,157.385
2025-11-20T17:25:00.000000000Z,157.377,157.472,157.351,157.46,3062,157.454,157.466
2025-11-20T17:30:00.000000000Z,157.459,157.504,157.424,157.446,2381,157.439,157.453
2025-11-20T17:35:00.000000000Z,157.446,157.502,157.356,157.478,2655,157.472,157.485
2025-11-20T17:40:00.000000000Z,157.478,157.494,157.41,157.442,2075,157.434,157.45
2025-11-20T17:45:00.000000000Z,157.44,157.45,157.38,157.409,2368,157.401,157.417
2025-11-20T17:50:00.000000000Z,157.41,157.508,157.409,157.48,2510,157.471,157.489
2025-11-20T17:55:00.000000000Z,157.48,157.531,157.47,157.518,2047,157.51,157.527
2025-11-20T18:00:00.000000000Z,157.519,157.605,157.506,157.604,1395,157.595,157.613
2025-11-20T18:05:00.000000000Z,157.604,157.654,157.574,157.648,1501,157.641,157.656
2025-11-20T18:10:00.000000000Z,157.648,157.694,157.627,157.69,1538,157.681,157.698
2025-11-20T18:15:00.000000000Z,157.689,157.696,157.556,157.556,2025,157.547,157.565
2025-11-20T18:20:00.000000000Z,157.556,157.62,157.554,157.562,2079,157.553,157.57
2025-11-20T18:25:00.000000000Z,157.56,157.624,157.554,157.606,1808,157.597,157.614
2025-11-20T18:30:00.000000000Z,157.605,157.61,157.542,157.574,2221,157.567,157.582
2025-11-20T18:35:00.000000000Z,157.575,157.582,157.532,157.546,1796,157.539,157.553
2025-11-20T18:40:00.000000000Z,157.546,157.558,157.502,157.532,1190,157.523,157.541
2025-11-20T18:45:00.000000000Z,157.532,157.541,157.476,157.486,778,157.477,157.496
2025-11-20T18:50:00.000000000Z,157.486,157.486,157.43,157.449,1393,157.44,157.458
2025-11-20T18:55:00.000000000Z,157.448,157.486,157.434,157.464,1485,157.458,157.471
2025-11-20T19:00:00.000000000Z,157.463,157.482,157.454,157.475,1564,157.467,157.483
2025-11-20T19:05:00.000000000Z,157.474,157.494,157.454,157.471,1165,157.464,157.478
2025-11-20T19:10:00.000000000Z,157.472,157.518,157.466,157.51,1336,157.502,157.518
2025-11-20T19:15:00.000000000Z,157.508,157.536,157.48,157.523,1257,157.514,157.532
2025-11-20T19:20:00.000000000Z,157.522,157.544,157.454,157.457,1397,157.448,157.466
2025-11-20T19:25:00.000000000Z,157.46,157.536,157.454,157.522,1165,157.515,157.53
2025-11-20T19:30:00.000000000Z,157.521,157.542,157.5,157.538,1169,157.529,157.546
2025-11-20T19:35:00.000000000Z,157.536,157.566,157.49,157.494,1189,157.486,157.501
2025-11-20T19:40:00.000000000Z,157.494,157.541,157.494,157.527,1231,157.519,157.535
2025-11-20T19:45:00.000000000Z,157.526,157.528,157.462,157.508,1128,157.499,157.516
2025-11-20T19:50:00.000000000Z,157.51,157.534,157.502,157.522,1022,157.514,157.531
2025-11-20T19:55:00.000000000Z,157.524,157.554,157.518,157.542,892,157.535,157.55
2025-11-20T20:00:00.000000000Z,157.542,157.572,157.518,157.564,1174,157.554,157.573
2025-11-20T20:05:00.000000000Z,157.563,157.6,157.558,157.57,799,157.561,157.578
2025-11-20T20:10:00.000000000Z,157.569,157.571,157.548,157.564,608,157.555,157.574
2025-11-20T20:15:00.000000000Z,157.565,157.616,157.562,157.58,915,157.571,157.588
2025-11-20T20:20:00.000000000Z,157.579,157.642,157.579,157.634,1026,157.625,157.643
2025-11-20T20:25:00.000000000Z,157.634,157.645,157.607,157.634,516,157.625,157.644
2025-11-20T20:30:00.000000000Z,157.636,157.648,157.614,157.635,725,157.626,157.644
2025-11-20T20:35:00.000000000Z,157.633,157.642,157.613,157.622,824,157.614,157.631
2025-11-20T20:40:00.000000000Z,157.622,157.625,157.597,157.609,644,157.601,157.617
2025-11-20T20:45:00.000000000Z,157.61,157.624,157.598,157.618,718,157.61,157.626
2025-11-20T20:50:00.000000000Z,157.618,157.63,157.578,157.595,1055,157.588,157.602
2025-11-20T20:55:00.000000000Z,157.594,157.65,157.552,157.576,1403,157.569,157.583
2025-11-20T21:00:00.000000000Z,157.576,157.589,157.481,157.55,1477,157.542,157.558
2025-11-20T21:05:00.000000000Z,157.55,157.579,157.528,157.532,504,157.524,157.541
2025-11-20T21:10:00.000000000Z,157.533,157.582,157.533,157.568,537,157.56,157.577
2025-11-20T21:15:00.000000000Z,157.569,157.593,157.559,157.56,401,157.552,157.568
2025-11-20T21:20:00.000000000Z,157.56,157.572,157.546,157.564,319,157.554,157.573
2025-11-20T21:25:00.000000000Z,157.563,157.571,157.548,157.556,272,157.547,157.565
2025-11-20T21:30:00.000000000Z,157.556,157.571,157.542,157.545,231,157.536,157.554
2025-11-20T21:35:00.000000000Z,157.544,157.553,157.533,157.546,335,157.536,157.556
2025-11-20T21:40:00.000000000Z,157.545,157.55,157.507,157.507,114,157.497,157.517
2025-11-20T21:45:00.000000000Z,157.506,157.508,157.45,157.47,817,157.461,157.478
2025-11-20T21:50:00.000000000Z,157.469,157.502,157.456,157.461,869,157.452,157.47
2025-11-20T21:55:00.000000000Z,157.46,157.476,157.456,157.466,537,157.452,157.48
2025-11-20T22:00:00.000000000Z,157.506,157.508,157.506,157.508,3,157.468,157.548
2025-11-20T22:05:00.000000000Z,157.51,157.534,157.459,157.459,83,157.424,157.494
2025-11-20T22:10:00.000000000Z,157.493,157.505,157.452,157.461,35,157.434,157.488
2025-11-20T22:15:00.000000000Z,157.466,157.485,157.462,157.476,100,157.451,157.501
2025-11-20T22:20:00.000000000Z,157.476,157.49,157.474,157.486,32,157.463,157.508
2025-11-20T22:25:00.000000000Z,157.485,157.529,157.484,157.516,60,157.487,157.545
2025-11-20T22:30:00.000000000Z,157.498,157.514,157.483,157.492,61,157.475,157.508
2025-11-20T22:35:00.000000000Z,157.49,157.502,157.482,157.484,166,157.468,157.501
2025-11-20T22:40:00.000000000Z,157.484,157.485,157.438,157.446,241,157.43,157.461
2025-11-20T22:45:00.000000000Z,157.445,157.458,157.43,157.444,532,157.431,157.457
2025-11-20T22:50:00.000000000Z,157.443,157.455,157.434,157.443,207,157.423,157.463
2025-11-20T22:55:00.000000000Z,157.443,157.47,157.442,157.469,337,157.453,157.485
2025-11-20T23:00:00.000000000Z,157.464,157.47,157.342,157.403,390,157.394,157.412
2025-11-20T23:05:00.000000000Z,157.402,157.402,157.354,157.374,346,157.367,157.382
2025-11-20T23:10:00.000000000Z,157.376,157.392,157.334,157.376,654,157.365,157.386
2025-11-20T23:15:00.000000000Z,157.374,157.452,157.374,157.416,497,157.404,157.427
2025-11-20T23:20:00.000000000Z,157.414,157.454,157.394,157.429,308,157.421,157.437
2025-11-20T23:25:00.000000000Z,157.428,157.438,157.418,157.43,325,157.42,157.441
2025-11-20T23:30:00.000000000Z,157.433,157.476,157.429,157.446,664,157.437,157.456
2025-11-20T23:35:00.000000000Z,157.446,157.462,157.334,157.368,684,157.359,157.376
2025-11-20T23:40:00.000000000Z,157.368,157.386,157.192,157.312,2297,157.302,157.322
2025-11-20T23:45:00.000000000Z,157.313,157.383,157.292,157.3,1248,157.29,157.309
2025-11-20T23:50:00.000000000Z,157.3,157.312,157.238,157.303,1121,157.296,157.31
2025-11-20T23:55:00.000000000Z,157.304,157.404,157.3,157.392,1014,157.383,157.401
2025-11-21T00:00:00.000000000Z,157.392,157.517,157.37,157.481,1919,157.471,157.491
2025-11-21T00:05:00.000000000Z,157.48,157.516,157.464,157.506,1102,157.496,157.516
2025-11-21T00:10:00.000000000Z,157.506,157.543,157.428,157.432,1719,157.422,157.441
2025-11-21T00:15:00.000000000Z,157.432,157.47,157.423,157.44,1191,157.43,157.45
2025-11-21T00:20:00.000000000Z,157.441,157.5,157.439,157.494,1196,157.485,157.504
2025-11-21T00:25:00.000000000Z,157.498,157.534,157.488,157.489,1064,157.479,157.499
2025-11-21T00:30:00.000000000Z,157.488,157.507,157.453,157.467,785,157.459,157.475
2025-11-21T00:35:00.000000000Z,157.466,157.5,157.392,157.406,999,157.397,157.416
2025-11-21T00:40:00.000000000Z,157.408,157.408,157.334,157.336,842,157.327,157.344
2025-11-21T00:45:00.000000000Z,157.335,157.337,157.222,157.234,1073,157.227,157.241
2025-11-21T00:50:00.000000000Z,157.232,157.395,157.232,157.393,1729,157.384,157.402
2025-11-21T00:55:00.000000000Z,157.394,157.418,157.282,157.318,1827,157.309,157.326
2025-11-21T01:00:00.000000000Z,157.319,157.385,157.268,157.283,1484,157.273,157.293
2025-11-21T01:05:00.000000000Z,157.282,157.296,157.206,157.252,1500,157.243,157.261
2025-11-21T01:10:00.000000000Z,157.25,157.296,157.244,157.292,1041,157.285,157.298
2025-11-21T01:15:00.000000000Z,157.291,157.348,157.291,157.347,1046,157.337,157.357
2025-11-21T01:20:00.000000000Z,157.346,157.394,157.328,157.394,780,157.386,157.401
2025-11-21T01:25:00.000000000Z,157.393,157.454,157.382,157.435,850,157.427,157.443
2025-11-21T01:30:00.000000000Z,157.434,157.45,157.387,157.402,1036,157.394,157.41
2025-11-21T01:35:00.000000000Z,157.402,157.406,157.312,157.406,902,157.396,157.415
2025-11-21T01:40:00.000000000Z,157.406,157.445,157.376,157.376,795,157.366,157.385
2025-11-21T01:45:00.000000000Z,157.372,157.415,157.352,157.354,1006,157.345,157.362
2025-11-21T01:50:00.000000000Z,157.353,157.428,157.352,157.426,827,157.417,157.436
2025-11-21T01:55:00.000000000Z,157.426,157.497,157.426,157.488,914,157.481,157.495
2025-11-21T02:00:00.000000000Z,157.489,157.492,157.414,157.417,944,157.408,157.426
2025-11-21T02:05:00.000000000Z,157.416,157.424,157.372,157.383,845,157.375,157.391
2025-11-21T02:10:00.000000000Z,157.382,157.422,157.382,157.406,1091,157.398,157.414
2025-11-21T02:15:00.000000000Z,157.406,157.464,157.401,157.439,702,157.432,157.446
2025-11-21T02:20:00.000000000Z,157.438,157.464,157.416,157.453,741,157.445,157.461
2025-11-21T02:25:00.000000000Z,157.452,157.462,157.35,157.357,1117,157.347,157.367
2025-11-21T02:30:00.000000000Z,157.356,157.406,157.3,157.396,1428,157.386,157.405
2025-11-21T02:35:00.000000000Z,157.397,157.416,157.344,157.385,1072,157.376,157.394
2025-11-21T02:40:00.000000000Z,157.386,157.417,157.385,157.404,616,157.394,157.414
2025-11-21T02:45:00.000000000Z,157.404,157.426,157.397,157.412,531,157.405,157.419
2025-11-21T02:50:00.000000000Z,157.412,157.444,157.364,157.381,731,157.372,157.39
2025-11-21T02:55:00.000000000Z,157.38,157.394,157.346,157.35,687,157.341,157.36
2025-11-21T03:00:00.000000000Z,157.351,157.397,157.344,157.388,703,157.38,157.397
2025-11-21T03:05:00.000000000Z,157.389,157.406,157.364,157.37,650,157.36,157.379
2025-11-21T03:10:00.000000000Z,157.369,157.431,157.369,157.391,561,157.383,157.399
2025-11-21T03:15:00.000000000Z,157.39,157.408,157.37,157.398,668,157.39,157.407
2025-11-21T03:20:00.000000000Z,157.398,157.398,157.369,157.382,453,157.372,157.392
2025-11-21T03:25:00.000000000Z,157.38,157.394,157.368,157.383,515,157.374,157.392
2025-11-21T03:30:00.000000000Z,157.382,157.388,157.366,157.382,413,157.372,157.391
2025-11-21T03:35:00.000000000Z,157.382,157.402,157.364,157.382,718,157.374,157.39
2025-11-21T03:40:00.000000000Z,157.38,157.396,157.354,157.382,529,157.373,157.392
2025-11-21T03:45:00.000000000Z,157.384,157.417,157.372,157.406,524,157.398,157.413
2025-11-21T03:50:00.000000000Z,157.405,157.406,157.337,157.351,523,157.342,157.36
2025-11-21T03:55:00.000000000Z,157.351,157.356,157.298,157.302,673,157.293,157.311
2025-11-21T04:00:00.000000000Z,157.302,157.303,157.17,157.212,1713,157.205,157.218
2025-11-21T04:05:00.000000000Z,157.212,157.221,157.086,157.184,1629,157.175,157.192
2025-11-21T04:10:00.000000000Z,157.183,157.227,157.127,157.149,1271,157.14,157.158
2025-11-21T04:15:00.000000000Z,157.15,157.21,157.125,157.198,1034,157.19,157.205
2025-11-21T04:20:00.000000000Z,157.2,157.22,157.155,157.164,928,157.157,157.17
2025-11-21T04:25:00.000000000Z,157.165,157.198,157.158,157.194,944,157.187,157.201
2025-11-21T04:30:00.000000000Z,157.194,157.202,157.157,157.183,1059,157.175,157.191
2025-11-21T04:35:00.000000000Z,157.182,157.212,157.133,157.177,1050,157.168,157.186
2025-11-21T04:40:00.000000000Z,157.176,157.212,157.16,157.207,1042,157.199,157.215
2025-11-21T04:45:00.000000000Z,157.206,157.258,157.188,157.256,965,157.248,157.263
2025-11-21T04:50:00.000000000Z,157.252,157.291,157.24,157.287,1096,157.28,157.294
2025-11-21T04:55:00.000000000Z,157.286,157.298,157.258,157.272,1212,157.263,157.28
2025-11-21T05:00:00.000000000Z,157.271,157.283,157.248,157.248,1155,157.242,157.255
2025-11-21T05:05:00.000000000Z,157.248,157.26,157.176,157.219,1129,157.211,157.227
2025-11-21T05:10:00.000000000Z,157.22,157.228,157.204,157.219,845,157.211,157.227
2025-11-21T05:15:00.000000000Z,157.218,157.23,157.193,157.21,504,157.201,157.22
2025-11-21T05:20:00.000000000Z,157.21,157.286,157.21,157.283,728,157.275,157.291
2025-11-21T05:25:00.000000000Z,157.284,157.306,157.234,157.239,691,157.231,157.247
2025-11-21T05:30:00.000000000Z,157.238,157.265,157.168,157.176,961,157.167,157.184
2025-11-21T05:35:00.000000000Z,157.175,157.233,157.17,157.231,662,157.222,157.24
2025-11-21T05:40:00.000000000Z,157.232,157.234,157.177,157.202,780,157.194,157.211
2025-11-21T05:45:00.000000000Z,157.202,157.232,157.192,157.227,671,157.218,157.236
2025-11-21T05:50:00.000000000Z,157.228,157.293,157.204,157.24,720,157.231,157.248
2025-11-21T05:55:00.000000000Z,157.24,157.246,157.172,157.228,1168,157.218,157.237
2025-11-21T06:00:00.000000000Z,157.227,157.26,157.18,157.2,1082,157.191,157.208
2025-11-21T06:05:00.000000000Z,157.2,157.207,157.056,157.086,1354,157.076,157.095
2025-11-21T06:10:00.000000000Z,157.086,157.121,157.058,157.06,1255,157.052,157.067
2025-11-21T06:15:00.000000000Z,157.06,157.11,157.051,157.072,1249,157.063,157.082
2025-11-21T06:20:00.000000000Z,157.076,157.148,157.061,157.132,1073,157.124,157.14
2025-11-21T06:25:00.000000000Z,157.134,157.146,157.102,157.102,919,157.092,157.111
2025-11-21T06:30:00.000000000Z,157.098,157.155,157.097,157.154,778,157.144,157.164
2025-11-21T06:35:00.000000000Z,157.154,157.168,157.138,157.154,530,157.146,157.163
2025-11-21T06:40:00.000000000Z,157.155,157.19,157.15,157.15,635,157.144,157.157
2025-11-21T06:45:00.000000000Z,157.153,157.208,157.142,157.192,599,157.184,157.2
2025-11-21T06:50:00.000000000Z,157.192,157.202,157.164,157.166,569,157.157,157.175
2025-11-21T06:55:00.000000000Z,157.166,157.19,157.165,157.167,533,157.16,157.174
2025-11-21T07:00:00.000000000Z,157.168,157.194,157.116,157.118,1153,157.11,157.127
2025-11-21T07:05:00.000000000Z,157.118,157.16,157.102,157.106,705,157.099,157.113
2025-11-21T07:10:00.000000000Z,157.106,157.12,157.08,157.114,617,157.105,157.122
2025-11-21T07:15:00.000000000Z,157.115,157.157,157.107,157.118,776,157.109,157.128
2025-11-21T07:20:00.000000000Z,157.118,157.122,157.024,157.025,911,157.017,157.033
2025-11-21T07:25:00.000000000Z,157.024,157.074,157.012,157.068,957,157.06,157.075
2025-11-21T07:30:00.000000000Z,157.068,157.082,156.95,156.958,1482,156.95,156.966
2025-11-21T07:35:00.000000000Z,156.958,156.976,156.836,156.94,2022,156.931,156.949
2025-11-21T07:40:00.000000000Z,156.94,156.94,156.776,156.776,1659,156.767,156.785
2025-11-21T07:45:00.000000000Z,156.778,156.792,156.679,156.726,1807,156.717,156.736
2025-11-21T07:50:00.000000000Z,156.726,156.768,156.65,156.667,1677,156.659,156.675
2025-11-21T07:55:00.000000000Z,156.66,156.746,156.612,156.736,1710,156.728,156.743
2025-11-21T08:00:00.000000000Z,156.736,156.773,156.656,156.73,2152,156.721,156.739
2025-11-21T08:05:00.000000000Z,156.729,156.846,156.729,156.818,2238,156.809,156.826
2025-11-21T08:10:00.000000000Z,156.82,156.822,156.687,156.729,1645,156.72,156.738
2025-11-21T08:15:00.000000000Z,156.73,156.78,156.591,156.631,2280,156.623,156.639
2025-11-21T08:20:00.000000000Z,156.632,156.689,156.594,156.641,2324,156.633,156.649
2025-11-21T08:25:00.000000000Z,156.64,156.641,156.566,156.614,1713,156.606,156.622
2025-11-21T08:30:00.000000000Z,156.621,156.758,156.604,156.732,1748,156.726,156.738
2025-11-21T08:35:00.000000000Z,156.732,156.789,156.67,156.788,1428,156.781,156.795
2025-11-21T08:40:00.000000000Z,156.788,156.798,156.741,156.768,1509,156.76,156.777
2025-11-21T08:45:00.000000000Z,156.769,156.869,156.75,156.855,1551,156.846,156.864
2025-11-21T08:50:00.000000000Z,156.853,156.912,156.834,156.894,1726,156.884,156.903
2025-11-21T08:55:00.000000000Z,156.895,156.956,156.895,156.912,1282,156.904,156.921
2025-11-21T09:00:00.000000000Z,156.914,156.929,156.839,156.85,1451,156.842,156.859
2025-11-21T09:05:00.000000000Z,156.85,156.942,156.85,156.926,1082,156.918,156.933
2025-11-21T09:10:00.000000000Z,156.926,156.927,156.882,156.908,1097,156.899,156.917
2025-11-21T09:15:00.000000000Z,156.908,156.954,156.864,156.866,1321,156.857,156.874
2025-11-21T09:20:00.000000000Z,156.867,156.868,156.787,156.79,1256,156.782,156.799
2025-11-21T09:25:00.000000000Z,156.79,156.854,156.741,156.846,1418,156.839,156.854
2025-11-21T09:30:00.000000000Z,156.848,156.857,156.782,156.792,1377,156.784,156.799
2025-11-21T09:35:00.000000000Z,156.793,156.794,156.745,156.764,1402,156.755,156.772
2025-11-21T09:40:00.000000000Z,156.762,156.796,156.714,156.714,930,156.706,156.722
2025-11-21T09:45:00.000000000Z,156.712,156.768,156.674,156.768,1787,156.76,156.776
2025-11-21T09:50:00.000000000Z,156.768,156.798,156.712,156.748,1266,156.74,156.757
2025-11-21T09:55:00.000000000Z,156.748,156.774,156.721,156.762,1578,156.753,156.77
2025-11-21T10:00:00.000000000Z,156.762,156.768,156.602,156.673,2875,156.665,156.681
2025-11-21T10:05:00.000000000Z,156.674,156.703,156.554,156.562,2764,156.555,156.568
2025-11-21T10:10:00.000000000Z,156.563,156.652,156.56,156.627,2694,156.62,156.634
2025-11-21T10:15:00.000000000Z,156.626,156.662,156.6,156.623,2004,156.614,156.632
2025-11-21T10:20:00.000000000Z,156.622,156.659,156.6,156.624,1929,156.616,156.632
2025-11-21T10:25:00.000000000Z,156.624,156.662,156.6,156.66,1815,156.652,156.668
2025-11-21T10:30:00.000000000Z,156.66,156.752,156.66,156.732,2047,156.724,156.739
2025-11-21T10:35:00.000000000Z,156.731,156.748,156.697,156.699,1393,156.69,156.708
2025-11-21T10:40:00.000000000Z,156.702,156.713,156.675,156.696,1120,156.688,156.705
2025-11-21T10:45:00.000000000Z,156.695,156.769,156.688,156.764,1225,156.755,156.773
2025-11-21T10:50:00.000000000Z,156.762,156.82,156.756,156.796,1332,156.787,156.805
2025-11-21T10:55:00.000000000Z,156.796,156.822,156.771,156.786,1113,156.778,156.793
2025-11-21T11:00:00.000000000Z,156.786,156.819,156.75,156.757,1420,156.748,156.766
2025-11-21T11:05:00.000000000Z,156.758,156.828,156.75,156.818,1533,156.811,156.825
2025-11-21T11:10:00.000000000Z,156.818,156.862,156.818,156.858,852,156.849,156.866
2025-11-21T11:15:00.000000000Z,156.86,156.897,156.847,156.867,971,156.859,156.875
2025-11-21T11:20:00.000000000Z,156.868,156.88,156.814,156.832,968,156.824,156.841
2025-11-21T11:25:00.000000000Z,156.832,156.86,156.776,156.778,827,156.77,156.785
2025-11-21T11:30:00.000000000Z,156.779,156.812,156.774,156.804,1064,156.796,156.812
2025-11-21T11:35:00.000000000Z,156.804,156.848,156.798,156.832,834,156.825,156.84
2025-11-21T11:40:00.000000000Z,156.835,156.884,156.812,156.861,975,156.854,156.868
2025-11-21T11:45:00.000000000Z,156.86,156.871,156.764,156.793,1308,156.785,156.801
2025-11-21T11:50:00.000000000Z,156.792,156.863,156.782,156.845,1345,156.837,156.853
2025-11-21T11:55:00.000000000Z,156.846,156.856,156.79,156.855,1267,156.847,156.863
2025-11-21T12:00:00.000000000Z,156.854,156.857,156.782,156.782,1415,156.774,156.791
2025-11-21T12:05:00.000000000Z,156.784,156.804,156.754,156.779,1508,156.771,156.787
2025-11-21T12:10:00.000000000Z,156.778,156.848,156.764,156.846,1136,156.837,156.855
2025-11-21T12:15:00.000000000Z,156.845,156.884,156.833,156.88,1187,156.872,156.889
2025-11-21T12:20:00.000000000Z,156.88,156.894,156.836,156.878,1620,156.87,156.887
2025-11-21T12:25:00.000000000Z,156.877,156.896,156.814,156.822,1612,156.814,156.829
2025-11-21T12:30:00.000000000Z,156.821,156.827,156.608,156.701,5288,156.693,156.709
2025-11-21T12:35:00.000000000Z,156.699,156.776,156.646,156.715,3044,156.706,156.724
2025-11-21T12:40:00.000000000Z,156.712,156.712,156.629,156.709,2300,156.7,156.718
2025-11-21T12:45:00.000000000Z,156.71,156.761,156.658,156.744,2383,156.737,156.752
2025-11-21T12:50:00.000000000Z,156.743,156.872,156.743,156.858,2030,156.849,156.866
2025-11-21T12:55:00.000000000Z,156.856,156.863,156.743,156.75,1756,156.744,156.756
2025-11-21T13:00:00.000000000Z,156.752,156.805,156.695,156.696,2491,156.688,156.704
2025-11-21T13:05:00.000000000Z,156.696,156.774,156.682,156.727,1964,156.719,156.735
2025-11-21T13:10:00.000000000Z,156.728,156.799,156.722,156.786,1650,156.778,156.794
2025-11-21T13:15:00.000000000Z,156.785,156.849,156.775,156.826,1611,156.818,156.834
2025-11-21T13:20:00.000000000Z,156.828,156.834,156.73,156.761,2018,156.753,156.769
2025-11-21T13:25:00.000000000Z,156.761,156.816,156.738,156.806,1144,156.796,156.815
2025-11-21T13:30:00.000000000Z,156.807,156.845,156.782,156.811,1318,156.802,156.82
2025-11-21T13:35:00.000000000Z,156.81,156.867,156.808,156.832,1487,156.824,156.839
2025-11-21T13:40:00.000000000Z,156.832,156.864,156.817,156.843,864,156.834,156.852
2025-11-21T13:45:00.000000000Z,156.842,156.843,156.764,156.772,1331,156.763,156.781
2025-11-21T13:50:00.000000000Z,156.772,156.798,156.739,156.786,1244,156.777,156.794
2025-11-21T13:55:00.000000000Z,156.784,156.822,156.754,156.816,1139,156.807,156.825
2025-11-21T14:00:00.000000000Z,156.818,156.838,156.766,156.787,2406,156.778,156.796
2025-11-21T14:05:00.000000000Z,156.788,156.842,156.758,156.827,1755,156.818,156.836
2025-11-21T14:10:00.000000000Z,156.826,156.868,156.8,156.846,1727,156.838,156.855
2025-11-21T14:15:00.000000000Z,156.845,156.854,156.814,156.834,1276,156.827,156.842
2025-11-21T14:20:00.000000000Z,156.836,156.844,156.79,156.796,1150,156.788,156.803
2025-11-21T14:25:00.000000000Z,156.798,156.856,156.796,156.84,1422,156.831,156.849
2025-11-21T14:30:00.000000000Z,156.837,156.948,156.823,156.932,3264,156.923,156.941
2025-11-21T14:35:00.000000000Z,156.932,156.966,156.889,156.894,2631,156.885,156.904
2025-11-21T14:40:00.000000000Z,156.892,156.943,156.838,156.858,1685,156.849,156.868
2025-11-21T14:45:00.000000000Z,156.86,156.896,156.656,156.662,2822,156.654,156.671
2025-11-21T14:50:00.000000000Z,156.662,156.762,156.657,156.734,2777,156.726,156.743
2025-11-21T14:55:00.000000000Z,156.735,156.766,156.677,156.706,2177,156.692,156.721
2025-11-21T15:00:00.000000000Z,156.717,156.72,156.202,156.492,5636,156.484,156.499
2025-11-21T15:05:00.000000000Z,156.492,156.639,156.489,156.556,3732,156.549,156.564
2025-11-21T15:10:00.000000000Z,156.556,156.558,156.364,156.388,3769,156.38,156.395
2025-11-21T15:15:00.000000000Z,156.389,156.453,156.352,156.385,3039,156.377,156.393
2025-11-21T15:20:00.000000000Z,156.385,156.402,156.304,156.384,3090,156.375,156.392
2025-11-21T15:25:00.000000000Z,156.383,156.518,156.376,156.419,3411,156.411,156.427
2025-11-21T15:30:00.000000000Z,156.418,156.487,156.368,156.416,2807,156.408,156.425
2025-11-21T15:35:00.000000000Z,156.415,156.415,156.244,156.256,3065,156.249,156.264
2025-11-21T15:40:00.000000000Z,156.256,156.442,156.226,156.429,3627,156.421,156.437
2025-11-21T15:45:00.000000000Z,156.429,156.524,156.239,156.34,3370,156.332,156.349
2025-11-21T15:50:00.000000000Z,156.34,156.442,156.294,156.431,3841,156.423,156.439
2025-11-21T15:55:00.000000000Z,156.43,156.557,156.388,156.536,3083,156.528,156.544
2025-11-21T16:00:00.000000000Z,156.536,156.604,156.512,156.537,2508,156.529,156.545
2025-11-21T16:05:00.000000000Z,156.536,156.65,156.487,156.636,2628,156.628,156.643
2025-11-21T16:10:00.000000000Z,156.636,156.671,156.622,156.639,2415,156.632,156.646
2025-11-21T16:15:00.000000000Z,156.64,156.758,156.622,156.647,2779,156.639,156.655
2025-11-21T16:20:00.000000000Z,156.646,156.756,156.634,156.732,2402,156.724,156.741
2025-11-21T16:25:00.000000000Z,156.733,156.733,156.682,156.705,1674,156.698,156.712
2025-11-21T16:30:00.000000000Z,156.706,156.71,156.624,156.636,1954,156.629,156.643
2025-11-21T16:35:00.000000000Z,156.636,156.66,156.462,156.62,3823,156.611,156.629
2025-11-21T16:40:00.000000000Z,156.62,156.702,156.618,156.645,1865,156.637,156.653
2025-11-21T16:45:00.000000000Z,156.644,156.644,156.528,156.546,1900,156.538,156.554
2025-11-21T16:50:00.000000000Z,156.546,156.554,156.497,156.554,1730,156.545,156.562
2025-11-21T16:55:00.000000000Z,156.552,156.58,156.522,156.573,1326,156.566,156.58
2025-11-21T17:00:00.000000000Z,156.574,156.588,156.534,156.583,1637,156.574,156.592
2025-11-21T17:05:00.000000000Z,156.583,156.593,156.541,156.56,1832,156.553,156.568
2025-11-21T17:10:00.000000000Z,156.561,156.58,156.5,156.564,1628,156.557,156.571
2025-11-21T17:15:00.000000000Z,156.564,156.64,156.539,156.64,1011,156.632,156.648
2025-11-21T17:20:00.000000000Z,156.64,156.732,156.638,156.698,1431,156.69,156.706
2025-11-21T17:25:00.000000000Z,156.698,156.721,156.634,156.641,1234,156.632,156.65
2025-11-21T17:30:00.000000000Z,156.64,156.64,156.553,156.586,1439,156.579,156.594
2025-11-21T17:35:00.000000000Z,156.586,156.588,156.522,156.526,1284,156.519,156.534
2025-11-21T17:40:00.000000000Z,156.526,156.58,156.515,156.576,1246,156.567,156.584
2025-11-21T17:45:00.000000000Z,156.576,156.588,156.542,156.56,813,156.551,156.568
2025-11-21T17:50:00.000000000Z,156.559,156.565,156.507,156.533,968,156.526,156.54
2025-11-21T17:55:00.000000000Z,156.534,156.55,156.522,156.544,988,156.537,156.551
2025-11-21T18:00:00.000000000Z,156.544,156.588,156.528,156.528,780,156.519,156.538
2025-11-21T18:05:00.000000000Z,156.53,156.559,156.526,156.546,812,156.538,156.554
2025-11-21T18:10:00.000000000Z,156.546,156.55,156.503,156.504,893,156.496,156.512
2025-11-21T18:15:00.000000000Z,156.504,156.52,156.496,156.508,962,156.499,156.517
2025-11-21T18:20:00.000000000Z,156.508,156.522,156.486,156.487,897,156.48,156.494
2025-11-21T18:25:00.000000000Z,156.486,156.508,156.462,156.501,1154,156.495,156.507
2025-11-21T18:30:00.000000000Z,156.5,156.55,156.491,156.513,1255,156.506,156.52
2025-11-21T18:35:00.000000000Z,156.514,156.552,156.513,156.538,873,156.529,156.546
2025-11-21T18:40:00.000000000Z,156.538,156.562,156.526,156.528,807,156.519,156.536
2025-11-21T18:45:00.000000000Z,156.527,156.644,156.492,156.612,1768,156.604,156.619
2025-11-21T18:50:00.000000000Z,156.61,156.645,156.544,156.572,1608,156.563,156.582
2025-11-21T18:55:00.000000000Z,156.573,156.584,156.54,156.576,1134,156.568,156.584
2025-11-21T19:00:00.000000000Z,156.576,156.584,156.522,156.536,1248,156.528,156.544
2025-11-21T19:05:00.000000000Z,156.536,156.536,156.476,156.48,730,156.471,156.488
2025-11-21T19:10:00.000000000Z,156.478,156.489,156.428,156.476,843,156.466,156.485
2025-11-21T19:15:00.000000000Z,156.478,156.536,156.474,156.516,784,156.509,156.524
2025-11-21T19:20:00.000000000Z,156.517,156.528,156.48,156.48,633,156.472,156.488
2025-11-21T19:25:00.000000000Z,156.48,156.492,156.468,156.473,444,156.466,156.48
2025-11-21T19:30:00.000000000Z,156.472,156.478,156.427,156.428,769,156.42,156.437
2025-11-21T19:35:00.000000000Z,156.429,156.442,156.374,156.377,829,156.369,156.385
2025-11-21T19:40:00.000000000Z,156.376,156.378,156.298,156.303,1078,156.295,156.311
2025-11-21T19:45:00.000000000Z,156.302,156.32,156.299,156.304,574,156.296,156.313
2025-11-21T19:50:00.000000000Z,156.298,156.312,156.264,156.284,675,156.277,156.292
2025-11-21T19:55:00.000000000Z,156.284,156.343,156.284,156.329,1079,156.323,156.335
2025-11-21T20:00:00.000000000Z,156.33,156.368,156.322,156.36,782,156.351,156.368
2025-11-21T20:05:00.000000000Z,156.356,156.384,156.344,156.38,499,156.373,156.388
2025-11-21T20:10:00.000000000Z,156.382,156.4,156.368,156.38,375,156.373,156.388
2025-11-21T20:15:00.000000000Z,156.379,156.406,156.377,156.394,507,156.384,156.403
2025-11-21T20:20:00.000000000Z,156.394,156.442,156.394,156.418,520,156.411,156.424
2025-11-21T20:25:00.000000000Z,156.417,156.44,156.363,156.384,810,156.375,156.392
2025-11-21T20:30:00.000000000Z,156.383,156.404,156.363,156.401,1056,156.395,156.407
2025-11-21T20:35:00.000000000Z,156.4,156.441,156.4,156.418,663,156.409,156.426
2025-11-21T20:40:00.000000000Z,156.416,156.43,156.404,156.422,728,156.414,156.431
2025-11-21T20:45:00.000000000Z,156.424,156.454,156.418,156.424,617,156.414,156.434
2025-11-21T20:50:00.000000000Z,156.422,156.422,156.362,156.382,682,156.374,156.391
2025-11-21T20:55:00.000000000Z,156.381,156.406,156.324,156.394,903,156.385,156.402
2025-11-21T21:00:00.000000000Z,156.394,156.423,156.364,156.422,563,156.413,156.43
2025-11-21T21:05:00.000000000Z,156.42,156.46,156.402,156.422,314,156.412,156.431
2025-11-21T21:10:00.000000000Z,156.422,156.428,156.398,156.418,176,156.409,156.426
2025-11-21T21:15:00.000000000Z,156.417,156.42,156.38,156.394,305,156.386,156.403
2025-11-21T21:20:00.000000000Z,156.393,156.422,156.366,156.422,400,156.414,156.431
2025-11-21T21:25:00.000000000Z,156.426,156.442,156.4,156.42,348,156.41,156.429
2025-11-21T21:30:00.000000000Z,156.42,156.48,156.408,156.48,343,156.469,156.491
2025-11-21T21:35:00.000000000Z,156.48,156.506,156.41,156.426,365,156.416,156.437
2025-11-21T21:40:00.000000000Z,156.426,156.468,156.414,156.468,355,156.454,156.481
2025-11-21T21:45:00.000000000Z,156.468,156.469,156.43,156.442,1172,156.429,156.455
2025-11-21T21:50:00.000000000Z,156.443,156.45,156.338,156.352,963,156.346,156.358
2025-11-21T21:55:00.000000000Z,156.35,156.411,156.346,156.409,635,156.359,156.459
2025-11-23T22:00:00.000000000Z,156.443,156.443,156.443,156.443,1,156.393,156.493
2025-11-23T22:05:00.000000000Z,156.433,156.465,156.407,156.465,10,156.415,156.515
2025-11-23T22:10:00.000000000Z,156.463,156.471,156.463,156.466,28,156.431,156.5
2025-11-23T22:15:00.000000000Z,156.463,156.473,156.458,156.464,115,156.436,156.492
2025-11-23T22:20:00.000000000Z,156.461,156.484,156.46,156.482,63,156.458,156.506
2025-11-23T22:25:00.000000000Z,156.484,156.498,156.458,156.494,84,156.473,156.515
2025-11-23T22:30:00.000000000Z,156.492,156.651,156.472,156.599,221,156.549,156.649
2025-11-23T22:35:00.000000000Z,156.613,156.653,156.569,156.591,204,156.541,156.641
2025-11-23T22:40:00.000000000Z,156.596,156.632,156.498,156.515,153,156.465,156.565
2025-11-23T22:45:00.000000000Z,156.535,156.546,156.491,156.492,368,156.462,156.522
2025-11-23T22:50:00.000000000Z,156.493,156.512,156.492,156.505,144,156.489,156.521
2025-11-23T22:55:00.000000000Z,156.507,156.51,156.496,156.5,105,156.474,156.525
2025-11-23T23:00:00.000000000Z,156.502,156.598,156.5,156.566,591,156.555,156.577
2025-11-23T23:05:00.000000000Z,156.566,156.614,156.566,156.59,300,156.579,156.6
2025-11-23T23:10:00.000000000Z,156.593,156.615,156.548,156.587,395,156.575,156.599
2025-11-23T23:15:00.000000000Z,156.586,156.623,156.561,156.566,424,156.556,156.575
2025-11-23T23:20:00.000000000Z,156.564,156.616,156.56,156.612,422,156.602,156.623
2025-11-23T23:25:00.000000000Z,156.605,156.658,156.599,156.612,489,156.602,156.623
2025-11-23T23:30:00.000000000Z,156.614,156.678,156.61,156.674,437,156.663,156.684
2025-11-23T23:35:00.000000000Z,156.673,156.678,156.639,156.642,541,156.632,156.652
2025-11-23T23:40:00.000000000Z,156.646,156.674,156.642,156.668,269,156.659,156.677
2025-11-23T23:45:00.000000000Z,156.668,156.701,156.664,156.665,450,156.654,156.676
2025-11-23T23:50:00.000000000Z,156.666,156.702,156.666,156.688,548,156.678,156.699
2025-11-23T23:55:00.000000000Z,156.689,156.714,156.686,156.69,532,156.68,156.7
2025-11-24T00:00:00.000000000Z,156.69,156.733,156.661,156.727,1058,156.717,156.737
2025-11-24T00:05:00.000000000Z,156.728,156.742,156.674,156.688,781,156.678,156.697
2025-11-24T00:10:00.000000000Z,156.688,156.715,156.687,156.712,645,156.705,156.72
2025-11-24T00:15:00.000000000Z,156.712,156.749,156.71,156.742,536,156.732,156.752
2025-11-24T00:20:00.000000000Z,156.744,156.744,156.698,156.726,539,156.716,156.736
2025-11-24T00:25:00.000000000Z,156.726,156.764,156.723,156.75,427,156.741,156.76
2025-11-24T00:30:00.000000000Z,156.75,156.773,156.745,156.766,831,156.757,156.774
2025-11-24T00:35:00.000000000Z,156.765,156.798,156.762,156.786,1134,156.78,156.793
2025-11-24T00:40:00.000000000Z,156.786,156.791,156.767,156.786,577,156.779,156.793
2025-11-24T00:45:00.000000000Z,156.784,156.787,156.763,156.77,694,156.761,156.78
2025-11-24T00:50:00.000000000Z,156.769,156.803,156.756,156.762,1039,156.752,156.771
2025-11-24T00:55:00.000000000Z,156.764,156.782,156.736,156.736,531,156.728,156.745
2025-11-24T01:00:00.000000000Z,156.737,156.744,156.669,156.712,1034,156.704,156.72
2025-11-24T01:05:00.000000000Z,156.712,156.74,156.686,156.7,726,156.69,156.709
2025-11-24T01:10:00.000000000Z,156.7,156.7,156.675,156.694,655,156.685,156.703
2025-11-24T01:15:00.000000000Z,156.695,156.72,156.666,156.717,1372,156.708,156.726
2025-11-24T01:20:00.000000000Z,156.716,156.732,156.706,156.724,1162,156.715,156.733
2025-11-24T01:25:00.000000000Z,156.724,156.752,156.7,156.7,1224,156.691,156.709
2025-11-24T01:30:00.000000000Z,156.7,156.701,156.642,156.65,1256,156.641,156.659
2025-11-24T01:35:00.000000000Z,156.65,156.692,156.65,156.664,1289,156.657,156.672
2025-11-24T01:40:00.000000000Z,156.666,156.676,156.652,156.663,860,156.653,156.673
2025-11-24T01:45:00.000000000Z,156.662,156.668,156.646,156.664,459,156.655,156.673
2025-11-24T01:50:00.000000000Z,156.664,156.716,156.663,156.716,582,156.706,156.725
2025-11-24T01:55:00.000000000Z,156.716,156.754,156.714,156.726,478,156.719,156.734
2025-11-24T02:00:00.000000000Z,156.722,156.74,156.7,156.726,461,156.718,156.734
2025-11-24T02:05:00.000000000Z,156.726,156.728,156.704,156.704,370,156.696,156.713
2025-11-24T02:10:00.000000000Z,156.704,156.716,156.665,156.682,444,156.674,156.69
2025-11-24T02:15:00.000000000Z,156.682,156.708,156.652,156.688,908,156.68,156.697
2025-11-24T02:20:00.000000000Z,156.688,156.7,156.664,156.688,589,156.679,156.697
2025-11-24T02:25:00.000000000Z,156.688,156.726,156.676,156.711,653,156.701,156.721
2025-11-24T02:30:00.000000000Z,156.712,156.714,156.674,156.676,556,156.669,156.683
2025-11-24T02:35:00.000000000Z,156.676,156.68,156.654,156.662,517,156.654,156.67
2025-11-24T02:40:00.000000000Z,156.663,156.664,156.609,156.614,579,156.606,156.623
2025-11-24T02:45:00.000000000Z,156.616,156.652,156.612,156.648,425,156.64,156.657
2025-11-24T02:50:00.000000000Z,156.649,156.656,156.628,156.646,466,156.64,156.652
2025-11-24T02:55:00.000000000Z,156.648,156.694,156.627,156.69,772,156.683,156.698
2025-11-24T03:00:00.000000000Z,156.69,156.693,156.614,156.638,695,156.629,156.648
2025-11-24T03:05:00.000000000Z,156.638,156.654,156.616,156.632,472,156.624,156.639
2025-11-24T03:10:00.000000000Z,156.636,156.68,156.636,156.676,393,156.668,156.683
2025-11-24T03:15:00.000000000Z,156.676,156.682,156.658,156.663,379,156.655,156.671
2025-11-24T03:20:00.000000000Z,156.662,156.678,156.652,156.662,340,156.654,156.67
2025-11-24T03:25:00.000000000Z,156.662,156.663,156.614,156.618,479,156.609,156.627
2025-11-24T03:30:00.000000000Z,156.618,156.626,156.591,156.626,386,156.617,156.635
2025-11-24T03:35:00.000000000Z,156.628,156.628,156.593,156.615,503,156.606,156.624
2025-11-24T03:40:00.000000000Z,156.616,156.63,156.608,156.63,271,156.622,156.639
2025-11-24T03:45:00.000000000Z,156.63,156.632,156.614,156.624,226,156.617,156.631
2025-11-24T03:50:00.000000000Z,156.624,156.63,156.614,156.618,183,156.612,156.625
2025-11-24T03:55:00.000000000Z,156.62,156.648,156.618,156.645,417,156.636,156.654
2025-11-24T04:00:00.000000000Z,156.646,156.664,156.641,156.649,567,156.64,156.658
2025-11-24T04:05:00.000000000Z,156.65,156.658,156.628,156.639,255,156.63,156.648
2025-11-24T04:10:00.000000000Z,156.638,156.64,156.616,156.627,472,156.618,156.636
2025-11-24T04:15:00.000000000Z,156.628,156.628,156.6,156.613,472,156.604,156.622
2025-11-24T04:20:00.000000000Z,156.612,156.628,156.612,156.614,464,156.605,156.623
2025-11-24T04:25:00.000000000Z,156.614,156.616,156.578,156.582,436,156.575,156.589
2025-11-24T04:30:00.000000000Z,156.581,156.599,156.574,156.588,457,156.58,156.596
2025-11-24T04:35:00.000000000Z,156.588,156.596,156.576,156.576,387,156.569,156.584
2025-11-24T04:40:00.000000000Z,156.577,156.593,156.576,156.589,282,156.581,156.597
2025-11-24T04:45:00.000000000Z,156.59,156.598,156.55,156.551,308,156.544,156.558
2025-11-24T04:50:00.000000000Z,156.55,156.572,156.55,156.564,344,156.558,156.57
2025-11-24T04:55:00.000000000Z,156.565,156.565,156.512,156.555,585,156.546,156.564
2025-11-24T05:00:00.000000000Z,156.554,156.556,156.498,156.508,789,156.499,156.516
2025-11-24T05:05:00.000000000Z,156.507,156.534,156.504,156.532,703,156.523,156.541
2025-11-24T05:10:00.000000000Z,156.532,156.589,156.532,156.556,934,156.548,156.563
2025-11-24T05:15:00.000000000Z,156.556,156.578,156.538,156.543,536,156.535,156.551
2025-11-24T05:20:00.000000000Z,156.542,156.552,156.526,156.541,551,156.531,156.551
2025-11-24T05:25:00.000000000Z,156.542,156.568,156.538,156.556,489,156.549,156.563
2025-11-24T05:30:00.000000000Z,156.556,156.558,156.54,156.546,733,156.538,156.554
2025-11-24T05:35:00.000000000Z,156.546,156.548,156.532,156.545,476,156.536,156.554
2025-11-24T05:40:00.000000000Z,156.544,156.55,156.515,156.516,647,156.507,156.524
2025-11-24T05:45:00.000000000Z,156.515,156.544,156.515,156.542,496,156.533,156.552
2025-11-24T05:50:00.000000000Z,156.542,156.576,156.54,156.542,543,156.534,156.551
2025-11-24T05:55:00.000000000Z,156.544,156.592,156.538,156.58,801,156.573,156.588
2025-11-24T06:00:00.000000000Z,156.582,156.602,156.544,156.57,910,156.563,156.578
2025-11-24T06:05:00.000000000Z,156.575,156.638,156.572,156.628,531,156.622,156.635
2025-11-24T06:10:00.000000000Z,156.63,156.642,156.602,156.618,614,156.61,156.626
2025-11-24T06:15:00.000000000Z,156.618,156.666,156.617,156.657,564,156.649,156.665
2025-11-24T06:20:00.000000000Z,156.656,156.656,156.618,156.624,615,156.615,156.633
2025-11-24T06:25:00.000000000Z,156.626,156.633,156.596,156.625,840,156.617,156.633
2025-11-24T06:30:00.000000000Z,156.624,156.654,156.623,156.646,541,156.638,156.655
2025-11-24T06:35:00.000000000Z,156.648,156.664,156.636,156.653,447,156.645,156.661
2025-11-24T06:40:00.000000000Z,156.654,156.679,156.643,156.648,563,156.64,156.656
2025-11-24T06:45:00.000000000Z,156.648,156.668,156.648,156.668,464,156.661,156.676
2025-11-24T06:50:00.000000000Z,156.668,156.73,156.668,156.718,736,156.709,156.727
2025-11-24T06:55:00.000000000Z,156.718,156.74,156.714,156.727,490,156.718,156.736
2025-11-24T07:00:00.000000000Z,156.726,156.743,156.68,156.684,997,156.675,156.692
2025-11-24T07:05:00.000000000Z,156.684,156.75,156.678,156.739,1071,156.731,156.747
2025-11-24T07:10:00.000000000Z,156.738,156.756,156.73,156.738,781,156.731,156.744
2025-11-24T07:15:00.000000000Z,156.738,156.758,156.736,156.758,672,156.749,156.766
2025-11-24T07:20:00.000000000Z,156.757,156.772,156.708,156.735,722,156.728,156.742
2025-11-24T07:25:00.000000000Z,156.736,156.777,156.732,156.764,633,156.756,156.773
2025-11-24T07:30:00.000000000Z,156.764,156.768,156.736,156.748,700,156.739,156.757
2025-11-24T07:35:00.000000000Z,156.746,156.766,156.734,156.75,557,156.742,156.759
2025-11-24T07:40:00.000000000Z,156.75,156.798,156.747,156.796,978,156.787,156.804
2025-11-24T07:45:00.000000000Z,156.796,156.84,156.772,156.838,1058,156.831,156.846
2025-11-24T07:50:00.000000000Z,156.839,156.89,156.832,156.85,984,156.842,156.857
2025-11-24T07:55:00.000000000Z,156.849,156.863,156.82,156.844,1299,156.837,156.851
2025-11-24T08:00:00.000000000Z,156.84,156.84,156.73,156.73,1571,156.722,156.737
2025-11-24T08:05:00.000000000Z,156.73,156.75,156.688,156.738,1363,156.729,156.747
2025-11-24T08:10:00.000000000Z,156.739,156.746,156.668,156.712,1193,156.704,156.721
2025-11-24T08:15:00.000000000Z,156.713,156.774,156.692,156.763,1139,156.755,156.771
2025-11-24T08:20:00.000000000Z,156.76,156.762,156.65,156.714,1236,156.705,156.723
2025-11-24T08:25:00.000000000Z,156.716,156.739,156.697,156.727,1110,156.719,156.735
2025-11-24T08:30:00.000000000Z,156.728,156.808,156.72,156.756,1161,156.748,156.765
2025-11-24T08:35:00.000000000Z,156.757,156.798,156.745,156.76,978,156.752,156.769
2025-11-24T08:40:00.000000000Z,156.76,156.82,156.758,156.79,1137,156.781,156.798
2025-11-24T08:45:00.000000000Z,156.788,156.87,156.786,156.86,1161,156.852,156.868
2025-11-24T08:50:00.000000000Z,156.86,156.908,156.858,156.908,1159,156.9,156.916
2025-11-24T08:55:00.000000000Z,156.908,156.936,156.891,156.902,1024,156.894,156.91
2025-11-24T09:00:00.000000000Z,156.902,156.938,156.876,156.884,1012,156.877,156.892
2025-11-24T09:05:00.000000000Z,156.884,156.911,156.844,156.85,1017,156.84,156.859
2025-11-24T09:10:00.000000000Z,156.85,156.906,156.835,156.892,1099,156.884,156.901
2025-11-24T09:15:00.000000000Z,156.892,156.918,156.846,156.878,1196,156.87,156.887
2025-11-24T09:20:00.000000000Z,156.878,156.879,156.802,156.803,1223,156.795,156.811
2025-11-24T09:25:00.000000000Z,156.802,156.804,156.714,156.75,2317,156.741,156.759
2025-11-24T09:30:00.000000000Z,156.75,156.774,156.683,156.728,1833,156.721,156.735
2025-11-24T09:35:00.000000000Z,156.73,156.766,156.707,156.716,1013,156.707,156.724
2025-11-24T09:40:00.000000000Z,156.715,156.749,156.703,156.737,1141,156.728,156.746
2025-11-24T09:45:00.000000000Z,156.738,156.775,156.737,156.774,1300,156.765,156.783
2025-11-24T09:50:00.000000000Z,156.772,156.778,156.75,156.76,1286,156.752,156.768
2025-11-24T09:55:00.000000000Z,156.762,156.784,156.738,156.75,1320,156.741,156.759
2025-11-24T10:00:00.000000000Z,156.751,156.754,156.7,156.728,1498,156.722,156.734
2025-11-24T10:05:00.000000000Z,156.728,156.76,156.714,156.738,1304,156.732,156.745
2025-11-24T10:10:00.000000000Z,156.738,156.752,156.712,156.75,1178,156.741,156.758
2025-11-24T10:15:00.000000000Z,156.748,156.766,156.726,156.762,1101,156.754,156.77
2025-11-24T10:20:00.000000000Z,156.76,156.784,156.734,156.756,1136,156.748,156.763
2025-11-24T10:25:00.000000000Z,156.756,156.759,156.704,156.712,1044,156.704,156.719
2025-11-24T10:30:00.000000000Z,156.712,156.764,156.702,156.724,1220,156.716,156.732
2025-11-24T10:35:00.000000000Z,156.723,156.75,156.715,156.726,1258,156.718,156.733
2025-11-24T10:40:00.000000000Z,156.726,156.747,156.716,156.725,905,156.716,156.734
2025-11-24T10:45:00.000000000Z,156.726,156.743,156.715,156.743,796,156.737,156.749
2025-11-24T10:50:00.000000000Z,156.744,156.764,156.714,156.728,866,156.721,156.735
2025-11-24T10:55:00.000000000Z,156.727,156.745,156.714,156.716,828,156.709,156.723
2025-11-24T11:00:00.000000000Z,156.716,156.736,156.702,156.728,855,156.719,156.737
2025-11-24T11:05:00.000000000Z,156.728,156.746,156.722,156.739,593,156.73,156.748
2025-11-24T11:10:00.000000000Z,156.736,156.75,156.724,156.744,569,156.737,156.752
2025-11-24T11:15:00.000000000Z,156.744,156.754,156.714,156.753,619,156.745,156.761
2025-11-24T11:20:00.000000000Z,156.752,156.764,156.724,156.738,658,156.73,156.745
2025-11-24T11:25:00.000000000Z,156.736,156.74,156.722,156.732,881,156.722,156.741
2025-11-24T11:30:00.000000000Z,156.732,156.74,156.716,156.736,794,156.727,156.745
2025-11-24T11:35:00.000000000Z,156.736,156.758,156.731,156.738,838,156.732,156.745
2025-11-24T11:40:00.000000000Z,156.74,156.784,156.738,156.778,967,156.771,156.786
2025-11-24T11:45:00.000000000Z,156.779,156.819,156.77,156.81,1482,156.801,156.818
2025-11-24T11:50:00.000000000Z,156.808,156.868,156.806,156.848,1187,156.84,156.856
2025-11-24T11:55:00.000000000Z,156.848,156.85,156.82,156.837,1178,156.828,156.846
2025-11-24T12:00:00.000000000Z,156.838,156.85,156.828,156.835,1197,156.826,156.844
2025-11-24T12:05:00.000000000Z,156.834,156.863,156.832,156.846,1053,156.838,156.855
2025-11-24T12:10:00.000000000Z,156.846,156.872,156.84,156.865,1166,156.856,156.874
2025-11-24T12:15:00.000000000Z,156.864,156.864,156.832,156.846,732,156.838,156.854
2025-11-24T12:20:00.000000000Z,156.846,156.849,156.82,156.828,1056,156.819,156.836
2025-11-24T12:25:00.000000000Z,156.828,156.837,156.817,156.822,1092,156.814,156.831
2025-11-24T12:30:00.000000000Z,156.822,156.834,156.792,156.81,1043,156.801,156.819
2025-11-24T12:35:00.000000000Z,156.809,156.826,156.793,156.824,926,156.817,156.832
2025-11-24T12:40:00.000000000Z,156.825,156.848,156.782,156.783,1322,156.775,156.791
2025-11-24T12:45:00.000000000Z,156.782,156.826,156.748,156.798,1718,156.789,156.808
2025-11-24T12:50:00.000000000Z,156.798,156.85,156.784,156.85,1167,156.84,156.859
2025-11-24T12:55:00.000000000Z,156.849,156.872,156.848,156.856,1202,156.847,156.864
2025-11-24T13:00:00.000000000Z,156.855,156.898,156.852,156.89,1439,156.883,156.898
2025-11-24T13:05:00.000000000Z,156.892,156.988,156.891,156.978,1308,156.97,156.985
2025-11-24T13:10:00.000000000Z,156.977,156.989,156.945,156.971,1239,156.964,156.978
2025-11-24T13:15:00.000000000Z,156.97,156.972,156.91,156.922,1226,156.914,156.931
2025-11-24T13:20:00.000000000Z,156.922,156.93,156.895,156.928,1072,156.922,156.935
2025-11-24T13:25:00.000000000Z,156.929,156.957,156.926,156.932,798,156.925,156.94
2025-11-24T13:30:00.000000000Z,156.931,156.94,156.88,156.892,830,156.883,156.9
2025-11-24T13:35:00.000000000Z,156.89,156.918,156.866,156.917,852,156.911,156.923
2025-11-24T13:40:00.000000000Z,156.916,156.956,156.916,156.946,818,156.938,156.954
2025-11-24T13:45:00.000000000Z,156.946,156.956,156.904,156.906,860,156.898,156.914
2025-11-24T13:50:00.000000000Z,156.906,156.908,156.876,156.888,1074,156.879,156.898
2025-11-24T13:55:00.000000000Z,156.89,156.934,156.89,156.919,1334,156.911,156.927
2025-11-24T14:00:00.000000000Z,156.918,156.922,156.89,156.913,1243,156.903,156.923
2025-11-24T14:05:00.000000000Z,156.914,156.954,156.913,156.946,1231,156.938,156.954
2025-11-24T14:10:00.000000000Z,156.948,157.003,156.943,157.003,1288,156.995,157.011
2025-11-24T14:15:00.000000000Z,157.002,157.035,156.982,157.007,1037,156.999,157.015
2025-11-24T14:20:00.000000000Z,157.006,157.046,156.99,157.026,1083,157.019,157.034
2025-11-24T14:25:00.000000000Z,157.028,157.092,157.02,157.076,1355,157.068,157.083
2025-11-24T14:30:00.000000000Z,157.075,157.164,157.073,157.12,2203,157.113,157.126
2025-11-24T14:35:00.000000000Z,157.119,157.141,157.042,157.046,1671,157.038,157.053
2025-11-24T14:40:00.000000000Z,157.045,157.077,157.026,157.046,2040,157.04,157.053
2025-11-24T14:45:00.000000000Z,157.046,157.089,157.024,157.026,2044,157.018,157.035
2025-11-24T14:50:00.000000000Z,157.027,157.052,156.99,157.01,2060,157.003,157.018
2025-11-24T14:55:00.000000000Z,157.012,157.052,156.986,157.052,1754,157.044,157.06
2025-11-24T15:00:00.000000000Z,157.052,157.178,157.051,157.176,2094,157.167,157.185
2025-11-24T15:05:00.000000000Z,157.176,157.177,157.135,157.162,1689,157.153,157.17
2025-11-24T15:10:00.000000000Z,157.162,157.188,157.134,157.144,1515,157.135,157.152
2025-11-24T15:15:00.000000000Z,157.143,157.15,157.116,157.116,1542,157.107,157.126
2025-11-24T15:20:00.000000000Z,157.117,157.143,157.07,157.077,1447,157.069,157.085
2025-11-24T15:25:00.000000000Z,157.075,157.1,157.062,157.066,1068,157.058,157.073
2025-11-24T15:30:00.000000000Z,157.066,157.067,156.978,156.978,1238,156.97,156.987
2025-11-24T15:35:00.000000000Z,156.979,156.998,156.92,156.921,1182,156.913,156.929
2025-11-24T15:40:00.000000000Z,156.92,156.932,156.884,156.906,948,156.898,156.915
2025-11-24T15:45:00.000000000Z,156.907,157.01,156.907,157.009,807,157.001,157.017
2025-11-24T15:50:00.000000000Z,157.008,157.019,156.764,156.776,2909,156.767,156.784
2025-11-24T15:55:00.000000000Z,156.777,156.876,156.742,156.798,4351,156.791,156.806
2025-11-24T16:00:00.000000000Z,156.8,156.868,156.784,156.858,2166,156.85,156.865
2025-11-24T16:05:00.000000000Z,156.858,156.876,156.833,156.86,1032,156.852,156.867
2025-11-24T16:10:00.000000000Z,156.858,156.858,156.77,156.798,1019,156.789,156.806
2025-11-24T16:15:00.000000000Z,156.797,156.82,156.776,156.81,643,156.803,156.818
2025-11-24T16:20:00.000000000Z,156.811,156.855,156.811,156.85,731,156.842,156.859
2025-11-24T16:25:00.000000000Z,156.85,156.898,156.848,156.883,479,156.875,156.891
2025-11-24T16:30:00.000000000Z,156.884,156.886,156.842,156.85,778,156.843,156.858
2025-11-24T16:35:00.000000000Z,156.851,156.884,156.84,156.884,663,156.876,156.892
2025-11-24T16:40:00.000000000Z,156.884,156.922,156.873,156.906,757,156.9,156.913
2025-11-24T16:45:00.000000000Z,156.905,156.914,156.87,156.872,679,156.865,156.879
2025-11-24T16:50:00.000000000Z,156.872,156.922,156.87,156.91,610,156.902,156.917
2025-11-24T16:55:00.000000000Z,156.91,156.947,156.886,156.942,756,156.933,156.95
2025-11-24T17:00:00.000000000Z,156.942,156.942,156.918,156.931,768,156.924,156.938
2025-11-24T17:05:00.000000000Z,156.93,156.964,156.928,156.943,1022,156.935,156.951
2025-11-24T17:10:00.000000000Z,156.944,156.958,156.916,156.932,799,156.924,156.94
2025-11-24T17:15:00.000000000Z,156.932,156.984,156.86,156.98,996,156.971,156.989
2025-11-24T17:20:00.000000000Z,156.98,156.982,156.948,156.95,952,156.942,156.958
2025-11-24T17:25:00.000000000Z,156.95,156.952,156.924,156.94,1069,156.932,156.948
2025-11-24T17:30:00.000000000Z,156.94,156.956,156.916,156.928,725,156.921,156.935
2025-11-24T17:35:00.000000000Z,156.928,156.94,156.912,156.939,851,156.931,156.947
2025-11-24T17:40:00.000000000Z,156.94,156.947,156.872,156.88,1064,156.873,156.888
2025-11-24T17:45:00.000000000Z,156.881,156.893,156.858,156.861,1088,156.853,156.869
2025-11-24T17:50:00.000000000Z,156.862,156.896,156.86,156.888,614,156.879,156.896
2025-11-24T17:55:00.000000000Z,156.888,156.9,156.866,156.886,947,156.878,156.895
2025-11-24T18:00:00.000000000Z,156.884,156.886,156.859,156.864,996,156.856,156.871
2025-11-24T18:05:00.000000000Z,156.865,156.878,156.842,156.868,755,156.86,156.877
2025-11-24T18:10:00.000000000Z,156.868,156.894,156.86,156.892,463,156.885,156.899
2025-11-24T18:15:00.000000000Z,156.892,156.896,156.875,156.882,307,156.874,156.889
2025-11-24T18:20:00.000000000Z,156.882,156.894,156.856,156.856,554,156.848,156.864
2025-11-24T18:25:00.000000000Z,156.856,156.871,156.852,156.862,518,156.853,156.871
2025-11-24T18:30:00.000000000Z,156.86,156.876,156.842,156.847,561,156.84,156.854
2025-11-24T18:35:00.000000000Z,156.848,156.858,156.832,156.834,581,156.825,156.842
2025-11-24T18:40:00.000000000Z,156.833,156.845,156.822,156.828,706,156.819,156.836
2025-11-24T18:45:00.000000000Z,156.827,156.852,156.827,156.842,470,156.834,156.85
2025-11-24T18:50:00.000000000Z,156.844,156.857,156.831,156.842,381,156.833,156.85
2025-11-24T18:55:00.000000000Z,156.842,156.843,156.789,156.791,728,156.784,156.798
2025-11-24T19:00:00.000000000Z,156.792,156.83,156.792,156.82,898,156.811,156.828
2025-11-24T19:05:00.000000000Z,156.819,156.823,156.803,156.817,557,156.809,156.825
2025-11-24T19:10:00.000000000Z,156.816,156.857,156.814,156.856,423,156.848,156.864
2025-11-24T19:15:00.000000000Z,156.856,156.878,156.854,156.878,546,156.87,156.887
2025-11-24T19:20:00.000000000Z,156.879,156.882,156.842,156.843,485,156.836,156.85
2025-11-24T19:25:00.000000000Z,156.842,156.844,156.796,156.809,543,156.801,156.817
2025-11-24T19:30:00.000000000Z,156.808,156.822,156.8,156.808,398,156.799,156.816
2025-11-24T19:35:00.000000000Z,156.808,156.824,156.797,156.8,474,156.793,156.808
2025-11-24T19:40:00.000000000Z,156.8,156.837,156.8,156.836,362,156.828,156.844
2025-11-24T19:45:00.000000000Z,156.836,156.85,156.812,156.812,476,156.804,156.82
2025-11-24T19:50:00.000000000Z,156.812,156.837,156.802,156.836,500,156.829,156.844
2025-11-24T19:55:00.000000000Z,156.837,156.849,156.714,156.742,1372,156.733,156.75
2025-11-24T20:00:00.000000000Z,156.742,156.816,156.733,156.809,883,156.801,156.817
2025-11-24T20:05:00.000000000Z,156.81,156.82,156.796,156.804,560,156.795,156.812
2025-11-24T20:10:00.000000000Z,156.803,156.806,156.778,156.797,416,156.788,156.806
2025-11-24T20:15:00.000000000Z,156.796,156.83,156.796,156.803,344,156.795,156.811
2025-11-24T20:20:00.000000000Z,156.804,156.824,156.799,156.824,357,156.814,156.833
2025-11-24T20:25:00.000000000Z,156.823,156.843,156.813,156.836,549,156.829,156.842
2025-11-24T20:30:00.000000000Z,156.838,156.847,156.808,156.814,700,156.807,156.82
2025-11-24T20:35:00.000000000Z,156.816,156.821,156.797,156.81,741,156.802,156.817
2025-11-24T20:40:00.000000000Z,156.81,156.819,156.806,156.811,413,156.804,156.818
2025-11-24T20:45:00.000000000Z,156.81,156.818,156.797,156.81,407,156.802,156.819
2025-11-24T20:50:00.000000000Z,156.812,156.812,156.786,156.794,552,156.785,156.803
2025-11-24T20:55:00.000000000Z,156.794,156.838,156.794,156.836,693,156.829,156.842
2025-11-24T21:00:00.000000000Z,156.836,156.85,156.825,156.847,611,156.838,156.856
2025-11-24T21:05:00.000000000Z,156.846,156.869,156.84,156.868,492,156.861,156.875
2025-11-24T21:10:00.000000000Z,156.868,156.87,156.86,156.864,188,156.855,156.873
2025-11-24T21:15:00.000000000Z,156.864,156.866,156.849,156.856,134,156.847,156.864
2025-11-24T21:20:00.000000000Z,156.856,156.864,156.849,156.86,98,156.853,156.867
2025-11-24T21:25:00.000000000Z,156.867,156.899,156.867,156.898,163,156.888,156.907
2025-11-24T21:30:00.000000000Z,156.897,156.91,156.897,156.908,96,156.899,156.917
2025-11-24T21:35:00.000000000Z,156.908,156.908,156.889,156.894,147,156.884,156.903
2025-11-24T21:40:00.000000000Z,156.893,156.897,156.884,156.896,183,156.888,156.903
2025-11-24T21:45:00.000000000Z,156.894,156.91,156.893,156.898,363,156.889,156.907
2025-11-24T21:50:00.000000000Z,156.898,156.918,156.897,156.91,318,156.901,156.919
2025-11-24T21:55:00.000000000Z,156.909,156.926,156.9,156.922,468,156.911,156.934
2025-11-24T22:00:00.000000000Z,156.861,156.861,156.861,156.861,1,156.811,156.911
2025-11-24T22:05:00.000000000Z,156.865,156.896,156.856,156.891,30,156.841,156.941
2025-11-24T22:10:00.000000000Z,156.87,156.899,156.839,156.898,95,156.881,156.915
2025-11-24T22:15:00.000000000Z,156.897,156.906,156.886,156.886,158,156.869,156.904
2025-11-24T22:20:00.000000000Z,156.872,156.892,156.858,156.878,103,156.852,156.904
2025-11-24T22:25:00.000000000Z,156.876,156.885,156.875,156.878,63,156.857,156.9
2025-11-24T22:30:00.000000000Z,156.878,156.886,156.868,156.882,88,156.867,156.897
2025-11-24T22:35:00.000000000Z,156.882,156.885,156.863,156.874,139,156.855,156.892
2025-11-24T22:40:00.000000000Z,156.874,156.874,156.866,156.87,69,156.851,156.889
2025-11-24T22:45:00.000000000Z,156.87,156.876,156.838,156.838,117,156.827,156.85
2025-11-24T22:50:00.000000000Z,156.84,156.848,156.814,156.838,278,156.825,156.85
2025-11-24T22:55:00.000000000Z,156.838,156.866,156.83,156.866,356,156.856,156.876
2025-11-24T23:00:00.000000000Z,156.864,156.903,156.855,156.9,366,156.885,156.914
2025-11-24T23:05:00.000000000Z,156.9,156.928,156.89,156.916,240,156.904,156.928
2025-11-24T23:10:00.000000000Z,156.916,156.926,156.899,156.925,264,156.915,156.935
2025-11-24T23:15:00.000000000Z,156.924,156.924,156.898,156.913,234,156.903,156.923
2025-11-24T23:20:00.000000000Z,156.912,156.929,156.912,156.925,126,156.916,156.934
2025-11-24T23:25:00.000000000Z,156.924,156.926,156.912,156.926,107,156.917,156.936
2025-11-24T23:30:00.000000000Z,156.926,156.926,156.912,156.924,94,156.915,156.933
2025-11-24T23:35:00.000000000Z,156.923,156.953,156.92,156.952,189,156.942,156.961
2025-11-24T23:40:00.000000000Z,156.952,156.958,156.938,156.952,268,156.944,156.96
2025-11-24T23:45:00.000000000Z,156.95,156.95,156.895,156.9,408,156.891,156.909
2025-11-24T23:50:00.000000000Z,156.9,156.936,156.896,156.926,284,156.917,156.935
2025-11-24T23:55:00.000000000Z,156.926,156.948,156.908,156.908,263,156.901,156.916
2025-11-25T00:00:00.000000000Z,156.906,156.908,156.839,156.887,864,156.878,156.896
2025-11-25T00:05:00.000000000Z,156.886,156.888,156.849,156.864,512,156.854,156.873
2025-11-25T00:10:00.000000000Z,156.864,156.878,156.832,156.832,370,156.824,156.84
2025-11-25T00:15:00.000000000Z,156.832,156.892,156.82,156.892,557,156.884,156.9
2025-11-25T00:20:00.000000000Z,156.89,156.948,156.888,156.938,780,156.929,156.947
2025-11-25T00:25:00.000000000Z,156.938,156.964,156.928,156.956,511,156.948,156.965
2025-11-25T00:30:00.000000000Z,156.957,156.984,156.934,156.962,695,156.954,156.969
2025-11-25T00:35:00.000000000Z,156.96,156.964,156.894,156.934,566,156.926,156.941
2025-11-25T00:40:00.000000000Z,156.932,156.965,156.908,156.953,849,156.945,156.961
2025-11-25T00:45:00.000000000Z,156.95,156.962,156.884,156.919,1003,156.913,156.925
2025-11-25T00:50:00.000000000Z,156.918,156.93,156.819,156.819,1682,156.81,156.828
2025-11-25T00:55:00.000000000Z,156.819,156.821,156.676,156.688,2078,156.681,156.696
2025-11-25T01:00:00.000000000Z,156.688,156.738,156.604,156.728,1967,156.719,156.737
2025-11-25T01:05:00.000000000Z,156.728,156.749,156.693,156.718,1068,156.708,156.728
2025-11-25T01:10:00.000000000Z,156.718,156.743,156.66,156.677,915,156.669,156.685
2025-11-25T01:15:00.000000000Z,156.678,156.678,156.584,156.592,996,156.584,156.601
2025-11-25T01:20:00.000000000Z,156.593,156.642,156.58,156.634,937,156.627,156.641
2025-11-25T01:25:00.000000000Z,156.635,156.702,156.635,156.677,978,156.671,156.683
2025-11-25T01:30:00.000000000Z,156.678,156.68,156.567,156.567,1109,156.559,156.575
2025-11-25T01:35:00.000000000Z,156.568,156.607,156.555,156.589,759,156.58,156.598
2025-11-25T01:40:00.000000000Z,156.585,156.636,156.576,156.62,831,156.611,156.63
2025-11-25T01:45:00.000000000Z,156.621,156.661,156.616,156.617,789,156.609,156.625
2025-11-25T01:50:00.000000000Z,156.618,156.698,156.608,156.693,601,156.685,156.701
2025-11-25T01:55:00.000000000Z,156.692,156.693,156.65,156.65,897,156.643,156.658
2025-11-25T02:00:00.000000000Z,156.651,156.692,156.616,156.676,1020,156.666,156.685
2025-11-25T02:05:00.000000000Z,156.675,156.675,156.637,156.638,718,156.63,156.646
2025-11-25T02:10:00.000000000Z,156.636,156.645,156.612,156.64,883,156.632,156.649
2025-11-25T02:15:00.000000000Z,156.641,156.652,156.617,156.626,766,156.618,156.634
2025-11-25T02:20:00.000000000Z,156.622,156.656,156.608,156.65,745,156.64,156.659
2025-11-25T02:25:00.000000000Z,156.65,156.657,156.622,156.642,619,156.634,156.651
2025-11-25T02:30:00.000000000Z,156.64,156.694,156.64,156.668,482,156.661,156.676
2025-11-25T02:35:00.000000000Z,156.669,156.731,156.668,156.724,443,156.717,156.732
2025-11-25T02:40:00.000000000Z,156.725,156.73,156.702,156.706,426,156.696,156.715
2025-11-25T02:45:00.000000000Z,156.706,156.713,156.65,156.662,513,156.653,156.67
2025-11-25T02:50:00.000000000Z,156.662,156.704,156.645,156.692,672,156.684,156.7
2025-11-25T02:55:00.000000000Z,156.691,156.706,156.669,156.676,693,156.668,156.685
2025-11-25T03:00:00.000000000Z,156.676,156.677,156.612,156.628,604,156.62,156.636
2025-11-25T03:05:00.000000000Z,156.626,156.668,156.624,156.628,537,156.619,156.638
2025-11-25T03:10:00.000000000Z,156.631,156.663,156.616,156.654,421,156.646,156.662
2025-11-25T03:15:00.000000000Z,156.654,156.679,156.648,156.676,339,156.667,156.686
2025-11-25T03:20:00.000000000Z,156.677,156.7,156.674,156.678,500,156.668,156.687
2025-11-25T03:25:00.000000000Z,156.678,156.714,156.676,156.703,599,156.694,156.712
2025-11-25T03:30:00.000000000Z,156.702,156.704,156.66,156.674,494,156.666,156.681
2025-11-25T03:35:00.000000000Z,156.674,156.715,156.672,156.702,682,156.694,156.711
2025-11-25T03:40:00.000000000Z,156.702,156.742,156.676,156.735,713,156.727,156.743
2025-11-25T03:45:00.000000000Z,156.736,156.752,156.734,156.746,428,156.738,156.754
2025-11-25T03:50:00.000000000Z,156.742,156.782,156.736,156.742,609,156.733,156.75
2025-11-25T03:55:00.000000000Z,156.74,156.784,156.732,156.777,481,156.768,156.786
2025-11-25T04:00:00.000000000Z,156.778,156.804,156.777,156.801,553,156.792,156.81
2025-11-25T04:05:00.000000000Z,156.8,156.811,156.782,156.809,424,156.801,156.817
2025-11-25T04:10:00.000000000Z,156.81,156.834,156.804,156.833,260,156.826,156.84
2025-11-25T04:15:00.000000000Z,156.834,156.851,156.821,156.824,563,156.817,156.831
2025-11-25T04:20:00.000000000Z,156.824,156.834,156.816,156.818,442,156.81,156.827
2025-11-25T04:25:00.000000000Z,156.82,156.822,156.798,156.81,475,156.802,156.818
2025-11-25T04:30:00.000000000Z,156.808,156.824,156.791,156.796,488,156.788,156.804
2025-11-25T04:35:00.000000000Z,156.796,156.796,156.758,156.79,594,156.782,156.797
2025-11-25T04:40:00.000000000Z,156.791,156.822,156.791,156.795,478,156.787,156.803
2025-11-25T04:45:00.000000000Z,156.796,156.81,156.784,156.796,513,156.789,156.803
2025-11-25T04:50:00.000000000Z,156.796,156.805,156.782,156.793,262,156.784,156.802
2025-11-25T04:55:00.000000000Z,156.794,156.805,156.789,156.803,358,156.795,156.811
2025-11-25T05:00:00.000000000Z,156.804,156.818,156.792,156.812,414,156.804,156.82
2025-11-25T05:05:00.000000000Z,156.814,156.826,156.806,156.818,243,156.811,156.826
2025-11-25T05:10:00.000000000Z,156.82,156.832,156.806,156.831,362,156.823,156.839
2025-11-25T05:15:00.000000000Z,156.832,156.844,156.826,156.828,291,156.82,156.836
2025-11-25T05:20:00.000000000Z,156.83,156.83,156.796,156.809,352,156.802,156.816
2025-11-25T05:25:00.000000000Z,156.81,156.811,156.718,156.721,489,156.713,156.729
2025-11-25T05:30:00.000000000Z,156.722,156.782,156.722,156.773,425,156.764,156.782
2025-11-25T05:35:00.000000000Z,156.774,156.776,156.745,156.747,267,156.738,156.756
2025-11-25T05:40:00.000000000Z,156.748,156.76,156.725,156.734,240,156.724,156.743
2025-11-25T05:45:00.000000000Z,156.734,156.746,156.718,156.742,343,156.732,156.752
2025-11-25T05:50:00.000000000Z,156.741,156.744,156.694,156.722,406,156.713,156.73
2025-11-25T05:55:00.000000000Z,156.722,156.739,156.698,156.736,680,156.727,156.745
2025-11-25T06:00:00.000000000Z,156.736,156.8,156.736,156.787,1029,156.779,156.795
2025-11-25T06:05:00.000000000Z,156.788,156.79,156.714,156.724,852,156.715,156.734
2025-11-25T06:10:00.000000000Z,156.723,156.733,156.696,156.732,483,156.725,156.74
2025-11-25T06:15:00.000000000Z,156.734,156.776,156.732,156.758,649,156.749,156.766
2025-11-25T06:20:00.000000000Z,156.758,156.766,156.744,156.746,512,156.738,156.754
2025-11-25T06:25:00.000000000Z,156.746,156.771,156.74,156.74,390,156.732,156.749
2025-11-25T06:30:00.000000000Z,156.742,156.761,156.706,156.76,651,156.751,156.77
2025-11-25T06:35:00.000000000Z,156.76,156.764,156.74,156.742,399,156.734,156.751
2025-11-25T06:40:00.000000000Z,156.743,156.75,156.671,156.672,491,156.664,156.681
2025-11-25T06:45:00.000000000Z,156.674,156.734,156.672,156.706,455,156.698,156.715
2025-11-25T06:50:00.000000000Z,156.71,156.748,156.696,156.7,412,156.692,156.709
2025-11-25T06:55:00.000000000Z,156.701,156.724,156.675,156.682,566,156.672,156.692
2025-11-25T07:00:00.000000000Z,156.683,156.7,156.637,156.642,863,156.634,156.65
2025-11-25T07:05:00.000000000Z,156.64,156.651,156.606,156.608,537,156.599,156.616
2025-11-25T07:10:00.000000000Z,156.607,156.644,156.564,156.641,941,156.634,156.648
2025-11-25T07:15:00.000000000Z,156.642,156.644,156.563,156.593,651,156.585,156.601
2025-11-25T07:20:00.000000000Z,156.594,156.633,156.589,156.616,527,156.609,156.623
2025-11-25T07:25:00.000000000Z,156.616,156.632,156.58,156.59,544,156.581,156.599
2025-11-25T07:30:00.000000000Z,156.59,156.592,156.526,156.53,910,156.521,156.539
2025-11-25T07:35:00.000000000Z,156.53,156.57,156.528,156.564,832,156.555,156.572
2025-11-25T07:40:00.000000000Z,156.566,156.607,156.554,156.556,751,156.546,156.565
2025-11-25T07:45:00.000000000Z,156.556,156.603,156.536,156.544,1001,156.538,156.551
2025-11-25T07:50:00.000000000Z,156.544,156.625,156.526,156.617,1129,156.61,156.624
2025-11-25T07:55:00.000000000Z,156.618,156.674,156.599,156.624,1387,156.616,156.631
2025-11-25T08:00:00.000000000Z,156.623,156.702,156.614,156.666,1467,156.657,156.676
2025-11-25T08:05:00.000000000Z,156.666,156.682,156.636,156.641,1080,156.632,156.65
2025-11-25T08:10:00.000000000Z,156.638,156.642,156.568,156.597,1022,156.589,156.605
2025-11-25T08:15:00.000000000Z,156.596,156.624,156.568,156.616,1138,156.608,156.625
2025-11-25T08:20:00.000000000Z,156.617,156.67,156.612,156.669,883,156.662,156.676
2025-11-25T08:25:00.000000000Z,156.67,156.692,156.618,156.622,828,156.613,156.63
2025-11-25T08:30:00.000000000Z,156.621,156.644,156.578,156.579,842,156.57,156.588
2025-11-25T08:35:00.000000000Z,156.58,156.605,156.531,156.554,1086,156.546,156.561
2025-11-25T08:40:00.000000000Z,156.55,156.57,156.506,156.512,1052,156.505,156.52
2025-11-25T08:45:00.000000000Z,156.512,156.546,156.468,156.482,1131,156.473,156.491
2025-11-25T08:50:00.000000000Z,156.482,156.506,156.449,156.483,1247,156.474,156.492
2025-11-25T08:55:00.000000000Z,156.484,156.498,156.44,156.497,1440,156.489,156.505
2025-11-25T09:00:00.000000000Z,156.496,156.497,156.343,156.346,1595,156.337,156.356
2025-11-25T09:05:00.000000000Z,156.347,156.431,156.34,156.382,1013,156.374,156.39
2025-11-25T09:10:00.000000000Z,156.382,156.422,156.369,156.382,697,156.373,156.391
2025-11-25T09:15:00.000000000Z,156.382,156.407,156.3,156.3,918,156.292,156.307
2025-11-25T09:20:00.000000000Z,156.299,156.324,156.262,156.296,815,156.287,156.305
2025-11-25T09:25:00.000000000Z,156.298,156.316,156.27,156.316,730,156.307,156.325
2025-11-25T09:30:00.000000000Z,156.314,156.326,156.248,156.264,871,156.257,156.272
2025-11-25T09:35:00.000000000Z,156.265,156.29,156.166,156.182,1128,156.172,156.191
2025-11-25T09:40:00.000000000Z,156.181,156.198,156.146,156.164,1310,156.156,156.172
2025-11-25T09:45:00.000000000Z,156.164,156.254,156.144,156.252,1298,156.246,156.258
2025-11-25T09:50:00.000000000Z,156.251,156.279,156.22,156.274,727,156.266,156.282
2025-11-25T09:55:00.000000000Z,156.273,156.305,156.268,156.302,1112,156.293,156.31
2025-11-25T10:00:00.000000000Z,156.306,156.334,156.296,156.32,1104,156.313,156.328
2025-11-25T10:05:00.000000000Z,156.318,156.32,156.222,156.224,758,156.216,156.231
2025-11-25T10:10:00.000000000Z,156.224,156.242,156.201,156.224,1007,156.217,156.232
2025-11-25T10:15:00.000000000Z,156.226,156.288,156.225,156.262,920,156.253,156.272
2025-11-25T10:20:00.000000000Z,156.263,156.272,156.224,156.237,775,156.23,156.244
2025-11-25T10:25:00.000000000Z,156.236,156.278,156.226,156.252,716,156.244,156.26
2025-11-25T10:30:00.000000000Z,156.252,156.292,156.238,156.292,812,156.285,156.3
2025-11-25T10:35:00.000000000Z,156.292,156.376,156.29,156.374,880,156.365,156.382
2025-11-25T10:40:00.000000000Z,156.374,156.388,156.352,156.372,680,156.363,156.381
2025-11-25T10:45:00.000000000Z,156.372,156.386,156.354,156.378,742,156.369,156.387
2025-11-25T10:50:00.000000000Z,156.378,156.4,156.356,156.361,697,156.353,156.369
2025-11-25T10:55:00.000000000Z,156.36,156.372,156.333,156.349,673,156.34,156.358
2025-11-25T11:00:00.000000000Z,156.349,156.446,156.349,156.443,828,156.435,156.451
2025-11-25T11:05:00.000000000Z,156.444,156.486,156.418,156.474,841,156.465,156.482
2025-11-25T11:10:00.000000000Z,156.473,156.486,156.452,156.485,753,156.477,156.493
2025-11-25T11:15:00.000000000Z,156.486,156.494,156.458,156.474,717,156.465,156.482
2025-11-25T11:20:00.000000000Z,156.476,156.494,156.474,156.482,481,156.474,156.49
2025-11-25T11:25:00.000000000Z,156.482,156.494,156.466,156.471,670,156.462,156.48
2025-11-25T11:30:00.000000000Z,156.472,156.484,156.455,156.472,614,156.464,156.481
2025-11-25T11:35:00.000000000Z,156.474,156.52,156.469,156.514,477,156.506,156.522
2025-11-25T11:40:00.000000000Z,156.512,156.522,156.484,156.484,646,156.477,156.492
2025-11-25T11:45:00.000000000Z,156.485,156.507,156.438,156.453,702,156.446,156.46
2025-11-25T11:50:00.000000000Z,156.452,156.484,156.438,156.48,864,156.473,156.487
2025-11-25T11:55:00.000000000Z,156.479,156.494,156.429,156.443,645,156.434,156.452
2025-11-25T12:00:00.000000000Z,156.445,156.458,156.396,156.403,865,156.395,156.411
2025-11-25T12:05:00.000000000Z,156.403,156.462,156.402,156.456,641,156.448,156.465
2025-11-25T12:10:00.000000000Z,156.456,156.477,156.42,156.421,536,156.412,156.43
2025-11-25T12:15:00.000000000Z,156.422,156.457,156.406,156.444,669,156.437,156.452
2025-11-25T12:20:00.000000000Z,156.444,156.456,156.416,156.416,559,156.407,156.425
2025-11-25T12:25:00.000000000Z,156.416,156.42,156.387,156.393,921,156.384,156.402
2025-11-25T12:30:00.000000000Z,156.394,156.403,156.36,156.396,635,156.387,156.404
2025-11-25T12:35:00.000000000Z,156.395,156.405,156.368,156.396,682,156.389,156.404
2025-11-25T12:40:00.000000000Z,156.397,156.516,156.386,156.417,2183,156.408,156.426
2025-11-25T12:45:00.000000000Z,156.413,156.439,156.382,156.417,1935,156.408,156.426
2025-11-25T12:50:00.000000000Z,156.418,156.444,156.392,156.396,1258,156.387,156.405
2025-11-25T12:55:00.000000000Z,156.396,156.398,156.298,156.301,1160,156.292,156.31
2025-11-25T13:00:00.000000000Z,156.3,156.313,156.258,156.278,1266,156.269,156.286
2025-11-25T13:05:00.000000000Z,156.276,156.276,156.148,156.193,1409,156.184,156.202
2025-11-25T13:10:00.000000000Z,156.192,156.22,156.146,156.158,1600,156.149,156.168
2025-11-25T13:15:00.000000000Z,156.158,156.178,156.031,156.108,2375,156.1,156.115
2025-11-25T13:20:00.000000000Z,156.108,156.202,156.106,156.18,1330,156.17,156.189
2025-11-25T13:25:00.000000000Z,156.178,156.2,156.146,156.196,845,156.175,156.216
2025-11-25T13:30:00.000000000Z,156.193,156.345,156.054,156.345,2645,156.336,156.354
2025-11-25T13:35:00.000000000Z,156.346,156.346,156.248,156.296,2210,156.287,156.305
2025-11-25T13:40:00.000000000Z,156.298,156.298,156.171,156.226,1906,156.217,156.234
2025-11-25T13:45:00.000000000Z,156.226,156.226,156.148,156.178,1786,156.17,156.185
2025-11-25T13:50:00.000000000Z,156.176,156.217,156.133,156.151,1498,156.142,156.16
2025-11-25T13:55:00.000000000Z,156.149,156.194,156.129,156.147,1066,156.138,156.156
2025-11-25T14:00:00.000000000Z,156.148,156.151,156.065,156.082,1346,156.073,156.091
2025-11-25T14:05:00.000000000Z,156.082,156.105,156.036,156.07,1465,156.06,156.079
2025-11-25T14:10:00.000000000Z,156.069,156.179,156.069,156.176,1656,156.168,156.183
2025-11-25T14:15:00.000000000Z,156.174,156.262,156.167,156.26,1174,156.251,156.268
2025-11-25T14:20:00.000000000Z,156.259,156.278,156.196,156.197,1276,156.189,156.205
2025-11-25T14:25:00.000000000Z,156.198,156.266,156.166,156.254,1627,156.245,156.262
2025-11-25T14:30:00.000000000Z,156.253,156.253,156.194,156.238,1874,156.231,156.246
2025-11-25T14:35:00.000000000Z,156.24,156.254,156.203,156.212,1833,156.204,156.221
2025-11-25T14:40:00.000000000Z,156.21,156.229,156.122,156.127,2277,156.121,156.133
2025-11-25T14:45:00.000000000Z,156.126,156.128,155.896,155.942,3019,155.934,155.951
2025-11-25T14:50:00.000000000Z,155.942,156.065,155.89,156.016,2718,156.008,156.023
2025-11-25T14:55:00.000000000Z,156.017,156.064,155.982,156.06,1555,156.051,156.069
2025-11-25T15:00:00.000000000Z,156.056,156.056,155.895,155.958,2138,155.951,155.966
2025-11-25T15:05:00.000000000Z,155.958,156.034,155.952,155.979,2295,155.971,155.987
2025-11-25T15:10:00.000000000Z,155.98,156.026,155.962,155.998,2078,155.99,156.006
2025-11-25T15:15:00.000000000Z,155.998,156.09,155.972,156.068,2111,156.06,156.076
2025-11-25T15:20:00.000000000Z,156.068,156.085,155.904,155.938,2168,155.93,155.947
2025-11-25T15:25:00.000000000Z,155.939,156.02,155.933,156.018,2165,156.01,156.026
2025-11-25T15:30:00.000000000Z,156.018,156.073,156.014,156.054,1890,156.047,156.062
2025-11-25T15:35:00.000000000Z,156.054,156.054,155.921,155.979,2118,155.971,155.987
2025-11-25T15:40:00.000000000Z,155.98,156.062,155.942,156.06,1930,156.052,156.069
2025-11-25T15:45:00.000000000Z,156.062,156.115,156.028,156.058,1737,156.049,156.066
2025-11-25T15:50:00.000000000Z,156.058,156.095,156.044,156.08,1977,156.073,156.088
2025-11-25T15:55:00.000000000Z,156.081,156.174,156.028,156.146,2815,156.139,156.154
2025-11-25T16:00:00.000000000Z,156.146,156.166,156.098,156.154,2238,156.147,156.16
2025-11-25T16:05:00.000000000Z,156.153,156.169,156.106,156.11,1431,156.102,156.117
2025-11-25T16:10:00.000000000Z,156.11,156.138,156.087,156.093,1322,156.085,156.101
2025-11-25T16:15:00.000000000Z,156.092,156.119,156.062,156.095,1216,156.088,156.102
2025-11-25T16:20:00.000000000Z,156.094,156.147,156.088,156.118,1061,156.11,156.127
2025-11-25T16:25:00.000000000Z,156.12,156.156,156.094,156.156,847,156.147,156.164
2025-11-25T16:30:00.000000000Z,156.154,156.184,156.126,156.176,1249,156.168,156.183
2025-11-25T16:35:00.000000000Z,156.175,156.202,156.162,156.186,879,156.179,156.193
2025-11-25T16:40:00.000000000Z,156.187,156.232,156.178,156.216,769,156.208,156.224
2025-11-25T16:45:00.000000000Z,156.216,156.283,156.216,156.276,1236,156.268,156.285
2025-11-25T16:50:00.000000000Z,156.277,156.289,156.254,156.255,747,156.247,156.263
2025-11-25T16:55:00.000000000Z,156.254,156.314,156.254,156.307,1027,156.3,156.314
2025-11-25T17:00:00.000000000Z,156.308,156.337,156.013,156.082,4856,156.075,156.089
2025-11-25T17:05:00.000000000Z,156.082,156.108,156.01,156.034,2625,156.025,156.042
2025-11-25T17:10:00.000000000Z,156.035,156.09,156.001,156.071,1400,156.063,156.079
2025-11-25T17:15:00.000000000Z,156.072,156.094,155.942,155.946,1604,155.939,155.952
2025-11-25T17:20:00.000000000Z,155.945,155.952,155.804,155.846,1789,155.837,155.854
2025-11-25T17:25:00.000000000Z,155.846,155.926,155.808,155.914,1314,155.907,155.922
2025-11-25T17:30:00.000000000Z,155.915,155.929,155.855,155.878,1167,155.868,155.887
2025-11-25T17:35:00.000000000Z,155.876,155.973,155.875,155.95,902,155.942,155.958
2025-11-25T17:40:00.000000000Z,155.95,155.964,155.922,155.948,802,155.941,155.956
2025-11-25T17:45:00.000000000Z,155.948,156.001,155.946,155.948,836,155.941,155.954
2025-11-25T17:50:00.000000000Z,155.947,155.964,155.926,155.927,726,155.92,155.934
2025-11-25T17:55:00.000000000Z,155.928,155.938,155.87,155.9,1215,155.892,155.909
2025-11-25T18:00:00.000000000Z,155.9,155.946,155.887,155.902,1195,155.893,155.91
2025-11-25T18:05:00.000000000Z,155.902,155.914,155.837,155.861,1166,155.854,155.868
2025-11-25T18:10:00.000000000Z,155.86,155.976,155.848,155.918,2043,155.909,155.927
2025-11-25T18:15:00.000000000Z,155.918,155.945,155.903,155.908,1153,155.901,155.916
2025-11-25T18:20:00.000000000Z,155.908,155.91,155.878,155.908,946,155.899,155.917
2025-11-25T18:25:00.000000000Z,155.908,155.938,155.896,155.935,836,155.926,155.944
2025-11-25T18:30:00.000000000Z,155.936,155.94,155.911,155.912,474,155.903,155.92
2025-11-25T18:35:00.000000000Z,155.91,155.936,155.897,155.906,653,155.899,155.914
2025-11-25T18:40:00.000000000Z,155.907,155.927,155.886,155.913,691,155.906,155.92
2025-11-25T18:45:00.000000000Z,155.912,155.92,155.896,155.916,444,155.908,155.925
2025-11-25T18:50:00.000000000Z,155.916,155.938,155.908,155.938,617,155.93,155.946
2025-11-25T18:55:00.000000000Z,155.938,155.939,155.898,155.914,477,155.906,155.923
2025-11-25T19:00:00.000000000Z,155.915,155.933,155.898,155.91,607,155.903,155.917
2025-11-25T19:05:00.000000000Z,155.91,155.946,155.908,155.937,571,155.931,155.943
2025-11-25T19:10:00.000000000Z,155.936,155.945,155.91,155.92,502,155.911,155.929
2025-11-25T19:15:00.000000000Z,155.92,155.952,155.918,155.944,702,155.937,155.952
2025-11-25T19:20:00.000000000Z,155.944,155.958,155.934,155.947,577,155.941,155.953
2025-11-25T19:25:00.000000000Z,155.948,155.959,155.939,155.95,517,155.943,155.956
2025-11-25T19:30:00.000000000Z,155.948,155.95,155.918,155.926,486,155.919,155.933
2025-11-25T19:35:00.000000000Z,155.925,155.928,155.911,155.918,340,155.911,155.924
2025-11-25T19:40:00.000000000Z,155.916,155.922,155.874,155.887,581,155.879,155.895
2025-11-25T19:45:00.000000000Z,155.886,155.914,155.884,155.911,367,155.903,155.919
2025-11-25T19:50:00.000000000Z,155.912,155.912,155.878,155.889,328,155.88,155.898
2025-11-25T19:55:00.000000000Z,155.886,155.886,155.809,155.828,597,155.821,155.836
2025-11-25T20:00:00.000000000Z,155.83,155.884,155.82,155.883,601,155.875,155.891
2025-11-25T20:05:00.000000000Z,155.882,155.904,155.876,155.898,630,155.888,155.907
2025-11-25T20:10:00.000000000Z,155.897,155.916,155.886,155.914,488,155.906,155.922
2025-11-25T20:15:00.000000000Z,155.913,156.005,155.909,156.004,815,155.997,156.012
2025-11-25T20:20:00.000000000Z,156.004,156.046,155.984,156.038,1045,156.03,156.047
2025-11-25T20:25:00.000000000Z,156.039,156.086,156.038,156.082,1182,156.075,156.089
2025-11-25T20:30:00.000000000Z,156.082,156.109,156.079,156.106,918,156.098,156.115
2025-11-25T20:35:00.000000000Z,156.106,156.134,156.104,156.11,838,156.103,156.118
2025-11-25T20:40:00.000000000Z,156.11,156.146,156.11,156.127,553,156.12,156.134
2025-11-25T20:45:00.000000000Z,156.128,156.186,156.128,156.156,680,156.147,156.165
2025-11-25T20:50:00.000000000Z,156.156,156.188,156.148,156.152,748,156.143,156.16
2025-11-25T20:55:00.000000000Z,156.151,156.156,156.099,156.1,626,156.092,156.108
2025-11-25T21:00:00.000000000Z,156.096,156.114,156.082,156.092,429,156.084,156.1
2025-11-25T21:05:00.000000000Z,156.092,156.098,156.062,156.07,274,156.062,156.078
2025-11-25T21:10:00.000000000Z,156.07,156.092,156.062,156.09,180,156.082,156.097
2025-11-25T21:15:00.000000000Z,156.09,156.102,156.074,156.078,274,156.07,156.086
2025-11-25T21:20:00.000000000Z,156.078,156.095,156.076,156.078,168,156.07,156.086
2025-11-25T21:25:00.000000000Z,156.078,156.083,156.056,156.066,157,156.058,156.073
2025-11-25T21:30:00.000000000Z,156.06,156.084,156.057,156.084,267,156.075,156.093
2025-11-25T21:35:00.000000000Z,156.084,156.087,156.044,156.06,196,156.051,156.068
2025-11-25T21:40:00.000000000Z,156.06,156.088,156.059,156.08,126,156.071,156.088
2025-11-25T21:45:00.000000000Z,156.08,156.08,156.068,156.08,297,156.072,156.088
2025-11-25T21:50:00.000000000Z,156.08,156.084,156.077,156.079,411,156.07,156.088
2025-11-25T21:55:00.000000000Z,156.08,156.091,156.07,156.073,501,156.059,156.087
2025-11-25T22:00:00.000000000Z,156.0,156.0,156.0,156.0,1,155.95,156.05
2025-11-25T22:05:00.000000000Z,156.007,156.027,155.977,156.01,31,155.96,156.06
2025-11-25T22:10:00.000000000Z,156.0,156.018,155.98,155.98,32,155.931,156.028
2025-11-25T22:15:00.000000000Z,155.978,155.996,155.978,155.991,160,155.95,156.032
2025-11-25T22:20:00.000000000Z,155.992,156.006,155.986,155.995,122,155.959,156.031
2025-11-25T22:25:00.000000000Z,155.994,156.014,155.99,156.014,129,155.976,156.052
2025-11-25T22:30:00.000000000Z,156.016,156.126,156.013,156.034,298,156.002,156.066
2025-11-25T22:35:00.000000000Z,156.034,156.038,156.009,156.023,152,155.999,156.047
2025-11-25T22:40:00.000000000Z,156.022,156.022,155.998,156.01,196,155.981,156.04
2025-11-25T22:45:00.000000000Z,156.01,156.043,156.004,156.018,399,155.986,156.049
2025-11-25T22:50:00.000000000Z,156.018,156.049,156.01,156.041,192,156.015,156.067
2025-11-25T22:55:00.000000000Z,156.042,156.051,156.036,156.04,143,156.021,156.059
2025-11-25T23:00:00.000000000Z,156.04,156.067,156.019,156.049,278,156.036,156.062
2025-11-25T23:05:00.000000000Z,156.051,156.082,156.04,156.082,153,156.071,156.092
2025-11-25T23:10:00.000000000Z,156.081,156.128,156.076,156.119,363,156.108,156.13
2025-11-25T23:15:00.000000000Z,156.117,156.158,156.103,156.142,381,156.13,156.153
2025-11-25T23:20:00.000000000Z,156.141,156.151,156.13,156.142,164,156.132,156.152
2025-11-25T23:25:00.000000000Z,156.136,156.136,156.104,156.106,95,156.096,156.116
2025-11-25T23:30:00.000000000Z,156.108,156.143,156.103,156.14,144,156.132,156.147
2025-11-25T23:35:00.000000000Z,156.14,156.152,156.129,156.148,113,156.14,156.156
2025-11-25T23:40:00.000000000Z,156.147,156.15,156.138,156.142,119,156.133,156.152
2025-11-25T23:45:00.000000000Z,156.144,156.229,156.142,156.216,305,156.208,156.225
2025-11-25T23:50:00.000000000Z,156.216,156.218,156.188,156.189,151,156.18,156.198
2025-11-25T23:55:00.000000000Z,156.188,156.232,156.188,156.2,277,156.191,156.208
2025-11-26T00:00:00.000000000Z,156.199,156.199,156.107,156.165,1079,156.156,156.174
2025-11-26T00:05:00.000000000Z,156.164,156.211,156.136,156.162,893,156.154,156.171
2025-11-26T00:10:00.000000000Z,156.163,156.186,156.142,156.18,638,156.172,156.188
2025-11-26T00:15:00.000000000Z,156.178,156.262,156.176,156.216,933,156.208,156.224
2025-11-26T00:20:00.000000000Z,156.216,156.22,156.162,156.165,696,156.159,156.171
2025-11-26T00:25:00.000000000Z,156.166,156.178,156.145,156.168,600,156.159,156.176
2025-11-26T00:30:00.000000000Z,156.169,156.17,156.095,156.152,996,156.143,156.16
2025-11-26T00:35:00.000000000Z,156.152,156.18,156.14,156.166,642,156.158,156.175
2025-11-26T00:40:00.000000000Z,156.166,156.249,156.163,156.248,898,156.24,156.255
2025-11-26T00:45:00.000000000Z,156.242,156.244,156.204,156.234,903,156.226,156.241
2025-11-26T00:50:00.000000000Z,156.232,156.349,156.212,156.338,1904,156.33,156.345
2025-11-26T00:55:00.000000000Z,156.336,156.343,156.254,156.255,914,156.248,156.262
2025-11-26T01:00:00.000000000Z,156.254,156.256,156.18,156.218,1112,156.21,156.225
2025-11-26T01:05:00.000000000Z,156.217,156.286,156.199,156.272,968,156.265,156.279
2025-11-26T01:10:00.000000000Z,156.272,156.363,156.272,156.343,1158,156.335,156.351
2025-11-26T01:15:00.000000000Z,156.342,156.35,156.301,156.346,1102,156.337,156.355
2025-11-26T01:20:00.000000000Z,156.346,156.359,156.313,156.323,729,156.315,156.331
2025-11-26T01:25:00.000000000Z,156.324,156.373,156.318,156.356,814,156.348,156.364
2025-11-26T01:30:00.000000000Z,156.356,156.356,155.975,155.988,3015,155.979,155.996
2025-11-26T01:35:00.000000000Z,155.986,156.125,155.888,155.888,2057,155.878,155.898
2025-11-26T01:40:00.000000000Z,155.886,155.962,155.82,155.956,1527,155.946,155.965
2025-11-26T01:45:00.000000000Z,155.955,156.087,155.952,155.982,1391,155.974,155.991
2025-11-26T01:50:00.000000000Z,155.982,156.005,155.814,155.892,1370,155.882,155.901
2025-11-26T01:55:00.000000000Z,155.894,155.952,155.835,155.948,1186,155.94,155.957
2025-11-26T02:00:00.000000000Z,155.947,156.016,155.894,156.009,1249,155.999,156.019
2025-11-26T02:05:00.000000000Z,156.01,156.023,155.87,155.881,986,155.872,155.89
2025-11-26T02:10:00.000000000Z,155.882,155.896,155.751,155.828,1691,155.821,155.834
2025-11-26T02:15:00.000000000Z,155.827,155.836,155.74,155.742,1529,155.734,155.751
2025-11-26T02:20:00.000000000Z,155.743,155.78,155.723,155.778,885,155.768,155.788
2025-11-26T02:25:00.000000000Z,155.778,155.814,155.662,155.678,1497,155.67,155.686
2025-11-26T02:30:00.000000000Z,155.682,155.77,155.652,155.769,1170,155.76,155.778
2025-11-26T02:35:00.000000000Z,155.77,155.778,155.678,155.77,1205,155.76,155.78
2025-11-26T02:40:00.000000000Z,155.77,155.784,155.724,155.781,998,155.772,155.79
2025-11-26T02:45:00.000000000Z,155.781,155.83,155.762,155.781,1253,155.774,155.788
2025-11-26T02:50:00.000000000Z,155.78,155.782,155.718,155.777,1067,155.767,155.787
2025-11-26T02:55:00.000000000Z,155.776,155.858,155.776,155.85,1224,155.844,155.856
2025-11-26T03:00:00.000000000Z,155.851,155.872,155.812,155.816,1014,155.807,155.825
2025-11-26T03:05:00.000000000Z,155.816,155.828,155.748,155.753,899,155.745,155.761
2025-11-26T03:10:00.000000000Z,155.754,155.865,155.754,155.836,936,155.828,155.845
2025-11-26T03:15:00.000000000Z,155.836,155.874,155.834,155.866,481,155.859,155.874
2025-11-26T03:20:00.000000000Z,155.866,155.91,155.84,155.888,598,155.88,155.897
2025-11-26T03:25:00.000000000Z,155.888,155.904,155.872,155.898,715,155.891,155.906
2025-11-26T03:30:00.000000000Z,155.899,155.899,155.762,155.798,1019,155.79,155.807
2025-11-26T03:35:00.000000000Z,155.799,155.861,155.797,155.812,872,155.803,155.82
2025-11-26T03:40:00.000000000Z,155.811,155.878,155.804,155.872,960,155.865,155.878
2025-11-26T03:45:00.000000000Z,155.871,155.888,155.85,155.886,402,155.879,155.892
2025-11-26T03:50:00.000000000Z,155.886,155.898,155.858,155.888,635,155.879,155.898
2025-11-26T03:55:00.000000000Z,155.889,155.908,155.869,155.882,967,155.875,155.889
2025-11-26T04:00:00.000000000Z,155.883,155.94,155.878,155.922,939,155.913,155.931
2025-11-26T04:05:00.000000000Z,155.922,155.992,155.922,155.978,856,155.97,155.986
2025-11-26T04:10:00.000000000Z,155.978,156.016,155.955,156.008,690,156.0,156.016
2025-11-26T04:15:00.000000000Z,156.008,156.029,156.001,156.028,617,156.021,156.034
2025-11-26T04:20:00.000000000Z,156.028,156.085,156.014,156.081,781,156.072,156.09
2025-11-26T04:25:00.000000000Z,156.082,156.113,156.072,156.113,586,156.104,156.122
2025-11-26T04:30:00.000000000Z,156.114,156.129,156.072,156.076,667,156.067,156.085
2025-11-26T04:35:00.000000000Z,156.076,156.102,156.048,156.077,757,156.07,156.084
2025-11-26T04:40:00.000000000Z,156.078,156.092,156.054,156.065,802,156.058,156.072
2025-11-26T04:45:00.000000000Z,156.064,156.077,156.037,156.075,486,156.066,156.084
2025-11-26T04:50:00.000000000Z,156.076,156.088,156.028,156.052,737,156.046,156.059
2025-11-26T04:55:00.000000000Z,156.054,156.063,156.038,156.04,735,156.031,156.048
2025-11-26T05:00:00.000000000Z,156.039,156.097,156.032,156.088,530,156.082,156.095
2025-11-26T05:05:00.000000000Z,156.088,156.11,156.077,156.092,700,156.083,156.101
2025-11-26T05:10:00.000000000Z,156.092,156.173,156.088,156.154,866,156.146,156.161
2025-11-26T05:15:00.000000000Z,156.154,156.185,156.152,156.172,531,156.165,156.18
2025-11-26T05:20:00.000000000Z,156.172,156.172,156.106,156.108,651,156.1,156.117
2025-11-26T05:25:00.000000000Z,156.11,156.138,156.076,156.108,575,156.1,156.117
2025-11-26T05:30:00.000000000Z,156.108,156.134,156.053,156.063,794,156.057,156.069
2025-11-26T05:35:00.000000000Z,156.064,156.102,156.064,156.073,855,156.064,156.082
2025-11-26T05:40:00.000000000Z,156.074,156.162,156.066,156.146,863,156.138,156.154
2025-11-26T05:45:00.000000000Z,156.146,156.16,156.108,156.12,931,156.113,156.128
2025-11-26T05:50:00.000000000Z,156.119,156.141,156.06,156.078,946,156.072,156.085
2025-11-26T05:55:00.000000000Z,156.08,156.14,156.08,156.116,1419,156.107,156.125
2025-11-26T06:00:00.000000000Z,156.117,156.175,156.117,156.161,1080,156.153,156.169
2025-11-26T06:05:00.000000000Z,156.16,156.198,156.16,156.188,995,156.181,156.195
2025-11-26T06:10:00.000000000Z,156.188,156.194,156.156,156.157,733,156.149,156.165
2025-11-26T06:15:00.000000000Z,156.156,156.179,156.122,156.173,1020,156.165,156.181
2025-11-26T06:20:00.000000000Z,156.174,156.174,156.117,156.136,900,156.128,156.145
2025-11-26T06:25:00.000000000Z,156.135,156.138,156.061,156.062,944,156.054,156.069
2025-11-26T06:30:00.000000000Z,156.062,156.118,156.048,156.112,981,156.103,156.121
2025-11-26T06:35:00.000000000Z,156.112,156.156,156.102,156.149,988,156.141,156.157
2025-11-26T06:40:00.000000000Z,156.15,156.173,156.11,156.172,768,156.163,156.18
2025-11-26T06:45:00.000000000Z,156.172,156.252,156.172,156.236,1202,156.228,156.245
2025-11-26T06:50:00.000000000Z,156.236,156.27,156.233,156.269,819,156.26,156.278
2025-11-26T06:55:00.000000000Z,156.268,156.288,156.206,156.21,1106,156.201,156.218
2025-11-26T07:00:00.000000000Z,156.21,156.21,156.158,156.178,967,156.169,156.186
2025-11-26T07:05:00.000000000Z,156.178,156.212,156.15,156.191,1015,156.183,156.199
2025-11-26T07:10:00.000000000Z,156.194,156.214,156.18,156.212,670,156.206,156.218
2025-11-26T07:15:00.000000000Z,156.212,156.276,156.211,156.263,714,156.254,156.272
2025-11-26T07:20:00.000000000Z,156.264,156.358,156.262,156.348,925,156.341,156.355
2025-11-26T07:25:00.000000000Z,156.348,156.404,156.344,156.402,938,156.394,156.409
2025-11-26T07:30:00.000000000Z,156.402,156.448,156.329,156.392,1576,156.383,156.401
2025-11-26T07:35:00.000000000Z,156.394,156.464,156.378,156.378,1288,156.37,156.387
2025-11-26T07:40:00.000000000Z,156.378,156.444,156.378,156.428,1163,156.419,156.437
2025-11-26T07:45:00.000000000Z,156.43,156.455,156.417,156.446,957,156.438,156.453
2025-11-26T07:50:00.000000000Z,156.446,156.455,156.384,156.412,885,156.405,156.419
2025-11-26T07:55:00.000000000Z,156.412,156.438,156.368,156.387,1430,156.38,156.394
2025-11-26T08:00:00.000000000Z,156.386,156.45,156.38,156.406,1922,156.399,156.412
2025-11-26T08:05:00.000000000Z,156.406,156.408,156.33,156.368,1548,156.362,156.374
2025-11-26T08:10:00.000000000Z,156.369,156.408,156.338,156.398,1417,156.392,156.404
2025-11-26T08:15:00.000000000Z,156.397,156.397,156.334,156.352,851,156.344,156.359
2025-11-26T08:20:00.000000000Z,156.352,156.445,156.348,156.416,1592,156.41,156.423
2025-11-26T08:25:00.000000000Z,156.416,156.427,156.364,156.37,1256,156.363,156.378
2025-11-26T08:30:00.000000000Z,156.37,156.431,156.354,156.422,1372,156.413,156.43
2025-11-26T08:35:00.000000000Z,156.42,156.422,156.32,156.346,1434,156.338,156.354
2025-11-26T08:40:00.000000000Z,156.346,156.376,156.332,156.375,823,156.368,156.382
2025-11-26T08:45:00.000000000Z,156.376,156.416,156.376,156.402,794,156.394,156.409
2025-11-26T08:50:00.000000000Z,156.402,156.46,156.386,156.454,1221,156.446,156.463
2025-11-26T08:55:00.000000000Z,156.455,156.495,156.442,156.446,1228,156.438,156.453
2025-11-26T09:00:00.000000000Z,156.446,156.485,156.407,156.418,1152,156.409,156.427
2025-11-26T09:05:00.000000000Z,156.419,156.427,156.36,156.384,780,156.377,156.392
2025-11-26T09:10:00.000000000Z,156.384,156.408,156.343,156.346,717,156.338,156.354
2025-11-26T09:15:00.000000000Z,156.346,156.406,156.338,156.392,954,156.383,156.4
2025-11-26T09:20:00.000000000Z,156.394,156.398,156.336,156.348,1184,156.339,156.357
2025-11-26T09:25:00.000000000Z,156.347,156.4,156.34,156.394,872,156.387,156.402
2025-11-26T09:30:00.000000000Z,156.395,156.484,156.395,156.408,1034,156.401,156.415
2025-11-26T09:35:00.000000000Z,156.408,156.414,156.358,156.408,912,156.401,156.416
2025-11-26T09:40:00.000000000Z,156.41,156.419,156.346,156.386,769,156.377,156.394
2025-11-26T09:45:00.000000000Z,156.386,156.436,156.379,156.419,866,156.411,156.427
2025-11-26T09:50:00.000000000Z,156.42,156.47,156.412,156.468,1081,156.46,156.476
2025-11-26T09:55:00.000000000Z,156.469,156.504,156.442,156.456,1261,156.45,156.463
2025-11-26T10:00:00.000000000Z,156.455,156.458,156.358,156.362,1135,156.354,156.371
2025-11-26T10:05:00.000000000Z,156.364,156.408,156.326,156.397,727,156.39,156.404
2025-11-26T10:10:00.000000000Z,156.396,156.402,156.355,156.362,781,156.354,156.371
2025-11-26T10:15:00.000000000Z,156.362,156.401,156.346,156.397,566,156.39,156.404
2025-11-26T10:20:00.000000000Z,156.398,156.427,156.373,156.424,731,156.417,156.432
2025-11-26T10:25:00.000000000Z,156.426,156.46,156.404,156.42,945,156.411,156.428
2025-11-26T10:30:00.000000000Z,156.418,156.44,156.392,156.432,731,156.425,156.44
2025-11-26T10:35:00.000000000Z,156.434,156.434,156.388,156.39,652,156.384,156.397
2025-11-26T10:40:00.000000000Z,156.391,156.435,156.391,156.408,699,156.399,156.417
2025-11-26T10:45:00.000000000Z,156.41,156.448,156.407,156.417,830,156.41,156.424
2025-11-26T10:50:00.000000000Z,156.418,156.466,156.416,156.461,686,156.453,156.469
2025-11-26T10:55:00.000000000Z,156.462,156.514,156.462,156.478,880,156.47,156.486
2025-11-26T11:00:00.000000000Z,156.478,156.512,156.448,156.468,805,156.461,156.476
2025-11-26T11:05:00.000000000Z,156.47,156.516,156.432,156.48,682,156.473,156.488
2025-11-26T11:10:00.000000000Z,156.482,156.544,156.482,156.544,755,156.535,156.552
2025-11-26T11:15:00.000000000Z,156.543,156.577,156.54,156.554,763,156.547,156.562
2025-11-26T11:20:00.000000000Z,156.554,156.558,156.523,156.552,1068,156.546,156.559
2025-11-26T11:25:00.000000000Z,156.552,156.574,156.514,156.514,549,156.507,156.522
2025-11-26T11:30:00.000000000Z,156.516,156.548,156.512,156.542,708,156.534,156.551
2025-11-26T11:35:00.000000000Z,156.541,156.541,156.504,156.514,577,156.505,156.522
2025-11-26T11:40:00.000000000Z,156.514,156.518,156.376,156.424,2205,156.415,156.432
2025-11-26T11:45:00.000000000Z,156.424,156.478,156.384,156.416,1654,156.408,156.425
2025-11-26T11:50:00.000000000Z,156.418,156.486,156.411,156.457,1354,156.449,156.465
2025-11-26T11:55:00.000000000Z,156.458,156.494,156.417,156.476,1364,156.469,156.483
2025-11-26T12:00:00.000000000Z,156.476,156.543,156.46,156.509,1834,156.5,156.518
2025-11-26T12:05:00.000000000Z,156.508,156.577,156.49,156.558,2054,156.549,156.568
2025-11-26T12:10:00.000000000Z,156.557,156.59,156.532,156.55,1938,156.542,156.559
2025-11-26T12:15:00.000000000Z,156.551,156.558,156.514,156.516,1452,156.51,156.523
2025-11-26T12:20:00.000000000Z,156.516,156.522,156.47,156.498,1084,156.49,156.507
2025-11-26T12:25:00.000000000Z,156.498,156.502,156.453,156.46,877,156.452,156.469
2025-11-26T12:30:00.000000000Z,156.46,156.556,156.449,156.532,1202,156.524,156.54
2025-11-26T12:35:00.000000000Z,156.532,156.576,156.531,156.563,1026,156.555,156.571
2025-11-26T12:40:00.000000000Z,156.564,156.585,156.506,156.509,805,156.502,156.516
2025-11-26T12:45:00.000000000Z,156.51,156.552,156.498,156.55,1350,156.542,156.558
2025-11-26T12:50:00.000000000Z,156.55,156.554,156.444,156.479,1225,156.47,156.488
2025-11-26T12:55:00.000000000Z,156.48,156.502,156.462,156.48,1147,156.471,156.49
2025-11-26T13:00:00.000000000Z,156.48,156.518,156.454,156.468,1580,156.459,156.476
2025-11-26T13:05:00.000000000Z,156.466,156.476,156.408,156.432,1496,156.425,156.439
2025-11-26T13:10:00.000000000Z,156.433,156.45,156.415,156.434,1047,156.425,156.443
2025-11-26T13:15:00.000000000Z,156.434,156.438,156.343,156.358,1344,156.349,156.367
2025-11-26T13:20:00.000000000Z,156.358,156.39,156.331,156.366,1679,156.36,156.373
2025-11-26T13:25:00.000000000Z,156.368,156.394,156.344,156.352,1205,156.339,156.366
2025-11-26T13:30:00.000000000Z,156.354,156.57,156.354,156.564,2071,156.554,156.573
2025-11-26T13:35:00.000000000Z,156.564,156.678,156.556,156.576,2744,156.567,156.584
2025-11-26T13:40:00.000000000Z,156.574,156.648,156.496,156.626,3285,156.617,156.636
2025-11-26T13:45:00.000000000Z,156.628,156.682,156.608,156.674,2203,156.666,156.683
2025-11-26T13:50:00.000000000Z,156.674,156.688,156.63,156.673,1859,156.665,156.681
2025-11-26T13:55:00.000000000Z,156.672,156.686,156.647,156.664,2178,156.655,156.673
2025-11-26T14:00:00.000000000Z,156.664,156.678,156.605,156.61,2157,156.603,156.617
2025-11-26T14:05:00.000000000Z,156.61,156.674,156.601,156.657,1558,156.65,156.664
2025-11-26T14:10:00.000000000Z,156.656,156.666,156.635,156.65,983,156.642,156.658
2025-11-26T14:15:00.000000000Z,156.65,156.666,156.626,156.626,1414,156.62,156.633
2025-11-26T14:20:00.000000000Z,156.628,156.7,156.624,156.696,1157,156.689,156.704
2025-11-26T14:25:00.000000000Z,156.696,156.738,156.694,156.719,1192,156.712,156.726
2025-11-26T14:30:00.000000000Z,156.72,156.736,156.683,156.688,1294,156.68,156.696
2025-11-26T14:35:00.000000000Z,156.688,156.688,156.612,156.643,1630,156.636,156.65
2025-11-26T14:40:00.000000000Z,156.644,156.668,156.598,156.602,813,156.589,156.614
2025-11-26T14:45:00.000000000Z,156.601,156.601,156.502,156.566,1568,156.558,156.575
2025-11-26T14:50:00.000000000Z,156.57,156.602,156.501,156.526,2085,156.519,156.534
2025-11-26T14:55:00.000000000Z,156.528,156.62,156.506,156.611,1602,156.602,156.62
2025-11-26T15:00:00.000000000Z,156.612,156.642,156.562,156.582,1579,156.574,156.59
2025-11-26T15:05:00.000000000Z,156.58,156.587,156.49,156.531,1662,156.524,156.538
2025-11-26T15:10:00.000000000Z,156.53,156.536,156.447,156.458,1677,156.451,156.466
2025-11-26T15:15:00.000000000Z,156.459,156.512,156.438,156.445,1343,156.437,156.453
2025-11-26T15:20:00.000000000Z,156.446,156.498,156.43,156.48,1374,156.472,156.488
2025-11-26T15:25:00.000000000Z,156.48,156.552,156.469,156.48,1353,156.473,156.487
2025-11-26T15:30:00.000000000Z,156.48,156.596,156.47,156.578,1335,156.569,156.587
2025-11-26T15:35:00.000000000Z,156.576,156.584,156.528,156.532,1203,156.524,156.54
2025-11-26T15:40:00.000000000Z,156.532,156.534,156.482,156.53,993,156.522,156.539
2025-11-26T15:45:00.000000000Z,156.53,156.553,156.461,156.493,962,156.485,156.501
2025-11-26T15:50:00.000000000Z,156.494,156.554,156.481,156.542,1215,156.534,156.551
2025-11-26T15:55:00.000000000Z,156.541,156.541,156.415,156.416,1865,156.407,156.424
2025-11-26T16:00:00.000000000Z,156.416,156.438,156.397,156.405,1606,156.398,156.412
2025-11-26T16:05:00.000000000Z,156.406,156.468,156.388,156.444,1100,156.435,156.452
2025-11-26T16:10:00.000000000Z,156.443,156.448,156.402,156.409,828,156.401,156.417
2025-11-26T16:15:00.000000000Z,156.41,156.43,156.326,156.333,1086,156.326,156.34
2025-11-26T16:20:00.000000000Z,156.334,156.378,156.312,156.376,1130,156.368,156.385
2025-11-26T16:25:00.000000000Z,156.376,156.4,156.329,156.344,942,156.334,156.353
2025-11-26T16:30:00.000000000Z,156.344,156.369,156.326,156.334,796,156.326,156.342
2025-11-26T16:35:00.000000000Z,156.334,156.35,156.288,156.349,758,156.341,156.357
2025-11-26T16:40:00.000000000Z,156.348,156.374,156.322,156.348,865,156.341,156.355
2025-11-26T16:45:00.000000000Z,156.35,156.402,156.344,156.386,816,156.379,156.394
2025-11-26T16:50:00.000000000Z,156.386,156.422,156.38,156.407,1119,156.401,156.413
2025-11-26T16:55:00.000000000Z,156.406,156.446,156.379,156.385,801,156.377,156.393
2025-11-26T17:00:00.000000000Z,156.384,156.384,156.344,156.36,730,156.353,156.368
2025-11-26T17:05:00.000000000Z,156.361,156.371,156.341,156.37,616,156.362,156.379
2025-11-26T17:10:00.000000000Z,156.37,156.398,156.358,156.394,899,156.387,156.402
2025-11-26T17:15:00.000000000Z,156.395,156.444,156.393,156.422,764,156.412,156.431
2025-11-26T17:20:00.000000000Z,156.422,156.444,156.403,156.43,685,156.422,156.437
2025-11-26T17:25:00.000000000Z,156.429,156.456,156.416,156.444,707,156.436,156.452
2025-11-26T17:30:00.000000000Z,156.444,156.463,156.432,156.456,727,156.448,156.465
2025-11-26T17:35:00.000000000Z,156.456,156.466,156.435,156.457,427,156.448,156.466
2025-11-26T17:40:00.000000000Z,156.458,156.458,156.418,156.434,513,156.428,156.44
2025-11-26T17:45:00.000000000Z,156.433,156.44,156.412,156.415,521,156.407,156.423
2025-11-26T17:50:00.000000000Z,156.416,156.419,156.394,156.407,525,156.398,156.416
2025-11-26T17:55:00.000000000Z,156.408,156.424,156.399,156.407,520,156.398,156.416
2025-11-26T18:00:00.000000000Z,156.408,156.414,156.379,156.384,444,156.376,156.393
2025-11-26T18:05:00.000000000Z,156.384,156.402,156.35,156.384,600,156.376,156.392
2025-11-26T18:10:00.000000000Z,156.384,156.402,156.347,156.402,741,156.394,156.409
2025-11-26T18:15:00.000000000Z,156.401,156.426,156.398,156.409,595,156.4,156.418
2025-11-26T18:20:00.000000000Z,156.41,156.436,156.395,156.416,599,156.408,156.423
2025-11-26T18:25:00.000000000Z,156.416,156.432,156.396,156.425,595,156.418,156.432
2025-11-26T18:30:00.000000000Z,156.426,156.47,156.422,156.47,607,156.464,156.477
2025-11-26T18:35:00.000000000Z,156.472,156.51,156.472,156.492,587,156.484,156.499
2025-11-26T18:40:00.000000000Z,156.491,156.494,156.456,156.461,466,156.453,156.469
2025-11-26T18:45:00.000000000Z,156.462,156.494,156.461,156.49,557,156.482,156.498
2025-11-26T18:50:00.000000000Z,156.49,156.494,156.457,156.467,651,156.458,156.476
2025-11-26T18:55:00.000000000Z,156.468,156.48,156.454,156.467,562,156.458,156.476
2025-11-26T19:00:00.000000000Z,156.465,156.495,156.456,156.468,295,156.46,156.477
2025-11-26T19:05:00.000000000Z,156.469,156.496,156.466,156.49,273,156.481,156.498
2025-11-26T19:10:00.000000000Z,156.492,156.507,156.484,156.488,484,156.48,156.497
2025-11-26T19:15:00.000000000Z,156.49,156.492,156.476,156.482,406,156.473,156.491
2025-11-26T19:20:00.000000000Z,156.482,156.496,156.468,156.492,615,156.485,156.5
2025-11-26T19:25:00.000000000Z,156.493,156.497,156.48,156.483,530,156.476,156.49
2025-11-26T19:30:00.000000000Z,156.482,156.484,156.448,156.458,271,156.45,156.467
2025-11-26T19:35:00.000000000Z,156.46,156.462,156.438,156.445,268,156.436,156.454
2025-11-26T19:40:00.000000000Z,156.444,156.468,156.434,156.444,470,156.437,156.451
2025-11-26T19:45:00.000000000Z,156.44,156.45,156.434,156.444,393,156.436,156.453
2025-11-26T19:50:00.000000000Z,156.445,156.461,156.444,156.458,390,156.451,156.464
2025-11-26T19:55:00.000000000Z,156.457,156.47,156.442,156.462,722,156.455,156.47
2025-11-26T20:00:00.000000000Z,156.462,156.494,156.457,156.462,726,156.454,156.471
2025-11-26T20:05:00.000000000Z,156.464,156.468,156.434,156.448,314,156.439,156.456
2025-11-26T20:10:00.000000000Z,156.449,156.456,156.444,156.451,441,156.443,156.459
2025-11-26T20:15:00.000000000Z,156.452,156.454,156.424,156.432,425,156.423,156.44
2025-11-26T20:20:00.000000000Z,156.431,156.443,156.422,156.424,396,156.417,156.432
2025-11-26T20:25:00.000000000Z,156.424,156.459,156.424,156.452,286,156.443,156.461
2025-11-26T20:30:00.000000000Z,156.454,156.456,156.443,156.444,370,156.435,156.452
2025-11-26T20:35:00.000000000Z,156.444,156.458,156.424,156.43,544,156.422,156.438
2025-11-26T20:40:00.000000000Z,156.43,156.434,156.418,156.421,415,156.413,156.429
2025-11-26T20:45:00.000000000Z,156.422,156.438,156.411,156.413,439,156.406,156.42
2025-11-26T20:50:00.000000000Z,156.41,156.444,156.409,156.436,756,156.429,156.444
2025-11-26T20:55:00.000000000Z,156.438,156.458,156.433,156.454,523,156.445,156.462
2025-11-26T21:00:00.000000000Z,156.452,156.478,156.446,156.462,575,156.454,156.469
2025-11-26T21:05:00.000000000Z,156.46,156.468,156.454,156.458,252,156.449,156.466
2025-11-26T21:10:00.000000000Z,156.457,156.471,156.457,156.459,224,156.45,156.468
2025-11-26T21:15:00.000000000Z,156.46,156.482,156.46,156.47,168,156.462,156.478
2025-11-26T21:20:00.000000000Z,156.47,156.472,156.458,156.471,237,156.462,156.48
2025-11-26T21:25:00.000000000Z,156.472,156.472,156.451,156.451,246,156.443,156.459
2025-11-26T21:30:00.000000000Z,156.45,156.458,156.442,156.443,147,156.434,156.452
2025-11-26T21:35:00.000000000Z,156.44,156.44,156.42,156.42,143,156.411,156.429
2025-11-26T21:40:00.000000000Z,156.42,156.434,156.409,156.431,172,156.422,156.44
2025-11-26T21:45:00.000000000Z,156.432,156.456,156.422,156.456,213,156.448,156.464
2025-11-26T21:50:00.000000000Z,156.457,156.461,156.446,156.446,255,156.439,156.453
2025-11-26T21:55:00.000000000Z,156.45,156.49,156.448,156.47,410,156.456,156.483
2025-11-26T22:00:00.000000000Z,156.481,156.481,156.481,156.481,1,156.431,156.531
2025-11-26T22:05:00.000000000Z,156.477,156.49,156.448,156.448,48,156.407,156.488
2025-11-26T22:10:00.000000000Z,156.45,156.454,156.414,156.415,240,156.365,156.465
2025-11-26T22:15:00.000000000Z,156.439,156.45,156.408,156.436,1248,156.389,156.482
2025-11-26T22:20:00.000000000Z,156.433,156.473,156.429,156.458,322,156.44,156.475
2025-11-26T22:25:00.000000000Z,156.46,156.46,156.435,156.446,126,156.423,156.47
2025-11-26T22:30:00.000000000Z,156.446,156.447,156.418,156.433,576,156.415,156.451
2025-11-26T22:35:00.000000000Z,156.432,156.436,156.412,156.43,94,156.414,156.445
2025-11-26T22:40:00.000000000Z,156.428,156.43,156.419,156.421,93,156.41,156.432
2025-11-26T22:45:00.000000000Z,156.422,156.429,156.421,156.426,78,156.407,156.445
2025-11-26T22:50:00.000000000Z,156.426,156.428,156.412,156.418,91,156.403,156.433
2025-11-26T22:55:00.000000000Z,156.418,156.426,156.403,156.424,276,156.401,156.447
2025-11-26T23:00:00.000000000Z,156.418,156.424,156.356,156.356,354,156.343,156.37
2025-11-26T23:05:00.000000000Z,156.357,156.364,156.328,156.344,153,156.337,156.352
2025-11-26T23:10:00.000000000Z,156.343,156.351,156.34,156.344,128,156.336,156.353
2025-11-26T23:15:00.000000000Z,156.344,156.344,156.331,156.344,247,156.334,156.354
2025-11-26T23:20:00.000000000Z,156.344,156.348,156.332,156.334,219,156.325,156.342
2025-11-26T23:25:00.000000000Z,156.334,156.334,156.287,156.292,333,156.283,156.3
2025-11-26T23:30:00.000000000Z,156.29,156.295,156.265,156.271,228,156.262,156.28
2025-11-26T23:35:00.000000000Z,156.27,156.334,156.266,156.331,212,156.324,156.338
2025-11-26T23:40:00.000000000Z,156.33,156.346,156.303,156.304,118,156.294,156.314
2025-11-26T23:45:00.000000000Z,156.304,156.304,156.24,156.266,549,156.256,156.276
2025-11-26T23:50:00.000000000Z,156.269,156.286,156.247,156.259,329,156.249,156.269
2025-11-26T23:55:00.000000000Z,156.26,156.262,156.22,156.22,252,156.213,156.228
2025-11-27T00:00:00.000000000Z,156.221,156.236,156.102,156.104,918,156.095,156.113
2025-11-27T00:05:00.000000000Z,156.103,156.13,156.078,156.122,661,156.113,156.13
2025-11-27T00:10:00.000000000Z,156.122,156.15,156.112,156.114,634,156.104,156.123
2025-11-27T00:15:00.000000000Z,156.114,156.164,156.112,156.16,552,156.153,156.168
2025-11-27T00:20:00.000000000Z,156.161,156.168,156.101,156.112,529,156.103,156.12
2025-11-27T00:25:00.000000000Z,156.111,156.127,156.072,156.074,304,156.065,156.083
2025-11-27T00:30:00.000000000Z,156.074,156.078,156.049,156.075,473,156.065,156.085
2025-11-27T00:35:00.000000000Z,156.076,156.118,156.052,156.114,530,156.107,156.122
2025-11-27T00:40:00.000000000Z,156.114,156.114,156.077,156.112,393,156.106,156.118
2025-11-27T00:45:00.000000000Z,156.108,156.108,156.047,156.066,570,156.058,156.075
2025-11-27T00:50:00.000000000Z,156.064,156.09,155.858,155.868,1987,155.858,155.878
2025-11-27T00:55:00.000000000Z,155.866,156.044,155.864,156.04,1670,156.031,156.05
2025-11-27T01:00:00.000000000Z,156.04,156.042,155.905,155.933,1403,155.923,155.943
2025-11-27T01:05:00.000000000Z,155.932,155.945,155.897,155.945,930,155.936,155.954
2025-11-27T01:10:00.000000000Z,155.946,155.946,155.886,155.886,1014,155.877,155.896
2025-11-27T01:15:00.000000000Z,155.886,155.954,155.878,155.93,933,155.921,155.94
2025-11-27T01:20:00.000000000Z,155.928,155.958,155.856,155.898,938,155.889,155.907
2025-11-27T01:25:00.000000000Z,155.898,155.898,155.808,155.83,934,155.824,155.837
2025-11-27T01:30:00.000000000Z,155.828,155.899,155.72,155.896,2131,155.886,155.906
2025-11-27T01:35:00.000000000Z,155.896,156.009,155.814,156.009,1333,156.002,156.016
2025-11-27T01:40:00.000000000Z,156.01,156.18,155.99,156.175,1320,156.166,156.184
2025-11-27T01:45:00.000000000Z,156.174,156.18,156.062,156.062,1098,156.053,156.071
2025-11-27T01:50:00.000000000Z,156.062,156.102,156.034,156.071,1005,156.061,156.081
2025-11-27T01:55:00.000000000Z,156.071,156.086,156.01,156.054,897,156.046,156.061
2025-11-27T02:00:00.000000000Z,156.051,156.053,155.96,155.98,859,155.973,155.987
2025-11-27T02:05:00.000000000Z,155.98,155.98,155.931,155.953,687,155.946,155.96
2025-11-27T02:10:00.000000000Z,155.954,156.048,155.938,156.038,871,156.031,156.046
2025-11-27T02:15:00.000000000Z,156.038,156.122,156.03,156.11,833,156.104,156.117
2025-11-27T02:20:00.000000000Z,156.114,156.18,156.11,156.158,738,156.149,156.167
2025-11-27T02:25:00.000000000Z,156.158,156.172,156.118,156.13,973,156.123,156.136
2025-11-27T02:30:00.000000000Z,156.127,156.186,156.11,156.15,794,156.142,156.159
2025-11-27T02:35:00.000000000Z,156.15,156.152,156.087,156.1,348,156.092,156.109
2025-11-27T02:40:00.000000000Z,156.103,156.122,156.081,156.086,432,156.078,156.095
2025-11-27T02:45:00.000000000Z,156.086,156.098,156.058,156.087,488,156.078,156.096
2025-11-27T02:50:00.000000000Z,156.088,156.152,156.072,156.129,501,156.12,156.138
2025-11-27T02:55:00.000000000Z,156.13,156.156,156.11,156.122,793,156.114,156.13
2025-11-27T03:00:00.000000000Z,156.122,156.122,156.094,156.099,481,156.091,156.107
2025-11-27T03:05:00.000000000Z,156.1,156.154,156.098,156.15,536,156.142,156.159
2025-11-27T03:10:00.000000000Z,156.151,156.156,156.081,156.108,519,156.098,156.117
2025-11-27T03:15:00.000000000Z,156.11,156.117,156.091,156.092,363,156.085,156.1
2025-11-27T03:20:00.000000000Z,156.092,156.118,156.092,156.118,319,156.109,156.126
2025-11-27T03:25:00.000000000Z,156.118,156.118,156.092,156.097,320,156.089,156.105
2025-11-27T03:30:00.000000000Z,156.096,156.11,156.06,156.062,441,156.053,156.07
2025-11-27T03:35:00.000000000Z,156.061,156.064,156.042,156.059,395,156.051,156.067
2025-11-27T03:40:00.000000000Z,156.06,156.074,156.05,156.056,383,156.047,156.066
2025-11-27T03:45:00.000000000Z,156.058,156.066,156.034,156.037,327,156.028,156.046
2025-11-27T03:50:00.000000000Z,156.038,156.076,156.035,156.074,370,156.065,156.083
2025-11-27T03:55:00.000000000Z,156.074,156.096,156.07,156.081,498,156.073,156.089
2025-11-27T04:00:00.000000000Z,156.081,156.088,156.049,156.076,409,156.069,156.083
2025-11-27T04:05:00.000000000Z,156.076,156.104,156.072,156.081,410,156.072,156.09
2025-11-27T04:10:00.000000000Z,156.08,156.097,156.057,156.067,344,156.058,156.076
2025-11-27T04:15:00.000000000Z,156.065,156.074,156.024,156.04,364,156.033,156.046
2025-11-27T04:20:00.000000000Z,156.038,156.077,156.037,156.052,436,156.044,156.06
2025-11-27T04:25:00.000000000Z,156.051,156.091,156.021,156.022,491,156.012,156.031
2025-11-27T04:30:00.000000000Z,156.022,156.022,155.942,155.959,674,155.952,155.966
2025-11-27T04:35:00.000000000Z,155.958,156.027,155.957,155.97,530,155.96,155.979
2025-11-27T04:40:00.000000000Z,155.97,156.053,155.964,156.026,435,156.018,156.035
2025-11-27T04:45:00.000000000Z,156.027,156.044,156.025,156.038,327,156.028,156.048
2025-11-27T04:50:00.000000000Z,156.038,156.048,156.012,156.015,351,156.006,156.024
2025-11-27T04:55:00.000000000Z,156.012,156.016,155.978,156.006,507,155.999,156.014
2025-11-27T05:00:00.000000000Z,156.006,156.013,155.954,155.954,406,155.946,155.963
2025-11-27T05:05:00.000000000Z,155.954,155.99,155.933,155.941,609,155.932,155.95
2025-11-27T05:10:00.000000000Z,155.94,155.94,155.884,155.886,511,155.877,155.894
2025-11-27T05:15:00.000000000Z,155.888,155.933,155.821,155.829,730,155.823,155.835
2025-11-27T05:20:00.000000000Z,155.83,155.868,155.814,155.837,760,155.829,155.845
2025-11-27T05:25:00.000000000Z,155.836,155.877,155.829,155.873,758,155.866,155.88
2025-11-27T05:30:00.000000000Z,155.872,155.92,155.866,155.894,591,155.886,155.901
2025-11-27T05:35:00.000000000Z,155.893,155.902,155.816,155.894,822,155.883,155.904
2025-11-27T05:40:00.000000000Z,155.893,155.949,155.868,155.94,852,155.931,155.949
2025-11-27T05:45:00.000000000Z,155.942,155.942,155.886,155.93,650,155.921,155.939
2025-11-27T05:50:00.000000000Z,155.93,155.938,155.866,155.89,541,155.884,155.897
2025-11-27T05:55:00.000000000Z,155.889,155.998,155.878,155.994,1586,155.985,156.003
2025-11-27T06:00:00.000000000Z,155.994,156.026,155.95,155.95,1077,155.943,155.958
2025-11-27T06:05:00.000000000Z,155.943,155.984,155.916,155.984,784,155.975,155.993
2025-11-27T06:10:00.000000000Z,155.984,156.03,155.98,156.02,605,156.011,156.028
2025-11-27T06:15:00.000000000Z,156.022,156.078,156.02,156.06,570,156.051,156.068
2025-11-27T06:20:00.000000000Z,156.06,156.102,156.05,156.092,550,156.084,156.101
2025-11-27T06:25:00.000000000Z,156.092,156.138,156.088,156.126,626,156.117,156.134
2025-11-27T06:30:00.000000000Z,156.126,156.166,156.112,156.138,593,156.132,156.145
2025-11-27T06:35:00.000000000Z,156.138,156.162,156.12,156.16,521,156.15,156.169
2025-11-27T06:40:00.000000000Z,156.159,156.209,156.159,156.184,610,156.175,156.192
2025-11-27T06:45:00.000000000Z,156.183,156.196,156.152,156.172,423,156.165,156.178
2025-11-27T06:50:00.000000000Z,156.171,156.198,156.145,156.184,578,156.177,156.191
2025-11-27T06:55:00.000000000Z,156.185,156.188,156.136,156.138,669,156.131,156.145
2025-11-27T07:00:00.000000000Z,156.138,156.164,156.135,156.147,425,156.14,156.154
2025-11-27T07:05:00.000000000Z,156.146,156.208,156.143,156.208,577,156.2,156.217
2025-11-27T07:10:00.000000000Z,156.209,156.228,156.184,156.212,599,156.203,156.221
2025-11-27T07:15:00.000000000Z,156.212,156.238,156.207,156.233,519,156.224,156.242
2025-11-27T07:20:00.000000000Z,156.232,156.256,156.21,156.228,520,156.22,156.236
2025-11-27T07:25:00.000000000Z,156.228,156.256,156.22,156.246,398,156.238,156.255
2025-11-27T07:30:00.000000000Z,156.248,156.257,156.232,156.246,357,156.239,156.254
2025-11-27T07:35:00.000000000Z,156.247,156.248,156.198,156.238,510,156.231,156.244
2025-11-27T07:40:00.000000000Z,156.237,156.28,156.236,156.278,331,156.27,156.287
2025-11-27T07:45:00.000000000Z,156.28,156.302,156.247,156.248,629,156.242,156.255
2025-11-27T07:50:00.000000000Z,156.248,156.248,156.162,156.172,663,156.164,156.179
2025-11-27T07:55:00.000000000Z,156.172,156.174,156.108,156.11,752,156.102,156.119
2025-11-27T08:00:00.000000000Z,156.11,156.158,156.08,156.146,838,156.138,156.155
2025-11-27T08:05:00.000000000Z,156.146,156.214,156.119,156.186,936,156.177,156.194
2025-11-27T08:10:00.000000000Z,156.184,156.212,156.154,156.212,569,156.203,156.221
2025-11-27T08:15:00.000000000Z,156.216,156.235,156.201,156.23,524,156.222,156.239
2025-11-27T08:20:00.000000000Z,156.232,156.305,156.23,156.278,767,156.271,156.286
2025-11-27T08:25:00.000000000Z,156.279,156.284,156.214,156.218,840,156.21,156.226
2025-11-27T08:30:00.000000000Z,156.218,156.222,156.166,156.182,566,156.173,156.191
2025-11-27T08:35:00.000000000Z,156.182,156.236,156.142,156.22,594,156.212,156.228
2025-11-27T08:40:00.000000000Z,156.22,156.309,156.213,156.283,795,156.275,156.291
2025-11-27T08:45:00.000000000Z,156.282,156.32,156.28,156.29,706,156.281,156.299
2025-11-27T08:50:00.000000000Z,156.29,156.34,156.288,156.326,706,156.317,156.335
2025-11-27T08:55:00.000000000Z,156.326,156.364,156.31,156.322,810,156.314,156.33
2025-11-27T09:00:00.000000000Z,156.322,156.366,156.322,156.352,873,156.344,156.359
2025-11-27T09:05:00.000000000Z,156.352,156.386,156.345,156.354,911,156.346,156.362
2025-11-27T09:10:00.000000000Z,156.354,156.376,156.331,156.336,1055,156.327,156.345
2025-11-27T09:15:00.000000000Z,156.336,156.392,156.316,156.365,937,156.357,156.373
2025-11-27T09:20:00.000000000Z,156.366,156.394,156.35,156.378,442,156.371,156.385
2025-11-27T09:25:00.000000000Z,156.378,156.404,156.374,156.394,616,156.387,156.401
2025-11-27T09:30:00.000000000Z,156.394,156.403,156.364,156.364,571,156.356,156.372
2025-11-27T09:35:00.000000000Z,156.364,156.365,156.324,156.334,567,156.326,156.343
2025-11-27T09:40:00.000000000Z,156.335,156.37,156.312,156.328,609,156.319,156.336
2025-11-27T09:45:00.000000000Z,156.326,156.368,156.322,156.352,572,156.343,156.361
2025-11-27T09:50:00.000000000Z,156.354,156.394,156.349,156.382,539,156.373,156.39
2025-11-27T09:55:00.000000000Z,156.38,156.38,156.352,156.358,315,156.349,156.367
2025-11-27T10:00:00.000000000Z,156.358,156.361,156.32,156.342,586,156.335,156.35
2025-11-27T10:05:00.000000000Z,156.344,156.356,156.326,156.332,449,156.323,156.34
2025-11-27T10:10:00.000000000Z,156.332,156.352,156.322,156.35,525,156.343,156.358
2025-11-27T10:15:00.000000000Z,156.35,156.356,156.322,156.326,541,156.318,156.335
2025-11-27T10:20:00.000000000Z,156.326,156.33,156.293,156.298,464,156.29,156.307
2025-11-27T10:25:00.000000000Z,156.3,156.315,156.256,156.29,526,156.281,156.299
2025-11-27T10:30:00.000000000Z,156.29,156.334,156.282,156.33,445,156.321,156.338
2025-11-27T10:35:00.000000000Z,156.328,156.33,156.298,156.304,411,156.295,156.312
2025-11-27T10:40:00.000000000Z,156.305,156.305,156.284,156.287,355,156.279,156.295
2025-11-27T10:45:00.000000000Z,156.286,156.296,156.272,156.284,228,156.275,156.293
2025-11-27T10:50:00.000000000Z,156.284,156.32,156.284,156.296,400,156.289,156.304
2025-11-27T10:55:00.000000000Z,156.298,156.313,156.279,156.284,673,156.276,156.293
2025-11-27T11:00:00.000000000Z,156.285,156.296,156.251,156.277,776,156.269,156.285
2025-11-27T11:05:00.000000000Z,156.278,156.292,156.272,156.276,583,156.268,156.283
2025-11-27T11:10:00.000000000Z,156.276,156.307,156.267,156.306,543,156.297,156.315
2025-11-27T11:15:00.000000000Z,156.306,156.31,156.28,156.282,430,156.274,156.29
2025-11-27T11:20:00.000000000Z,156.282,156.294,156.267,156.275,525,156.267,156.283
2025-11-27T11:25:00.000000000Z,156.277,156.288,156.268,156.275,461,156.267,156.283
2025-11-27T11:30:00.000000000Z,156.276,156.284,156.266,156.27,284,156.262,156.277
2025-11-27T11:35:00.000000000Z,156.269,156.295,156.269,156.288,319,156.28,156.295
2025-11-27T11:40:00.000000000Z,156.288,156.324,156.282,156.324,359,156.316,156.332
2025-11-27T11:45:00.000000000Z,156.324,156.353,156.316,156.345,317,156.336,156.354
2025-11-27T11:50:00.000000000Z,156.344,156.344,156.325,156.328,312,156.319,156.337
2025-11-27T11:55:00.000000000Z,156.328,156.328,156.306,156.312,364,156.306,156.319
2025-11-27T12:00:00.000000000Z,156.314,156.346,156.302,156.318,485,156.309,156.328
2025-11-27T12:05:00.000000000Z,156.318,156.333,156.306,156.312,413,156.304,156.321
2025-11-27T12:10:00.000000000Z,156.313,156.321,156.302,156.306,232,156.297,156.315
2025-11-27T12:15:00.000000000Z,156.306,156.309,156.268,156.27,355,156.261,156.279
2025-11-27T12:20:00.000000000Z,156.27,156.312,156.268,156.31,531,156.303,156.318
2025-11-27T12:25:00.000000000Z,156.31,156.32,156.294,156.301,265,156.292,156.31
2025-11-27T12:30:00.000000000Z,156.303,156.319,156.294,156.318,405,156.309,156.328
2025-11-27T12:35:00.000000000Z,156.319,156.33,156.304,156.322,384,156.313,156.33
2025-11-27T12:40:00.000000000Z,156.324,156.346,156.323,156.33,586,156.321,156.338
2025-11-27T12:45:00.000000000Z,156.33,156.391,156.328,156.382,404,156.373,156.39
2025-11-27T12:50:00.000000000Z,156.382,156.388,156.364,156.366,500,156.358,156.374
2025-11-27T12:55:00.000000000Z,156.366,156.387,156.356,156.377,711,156.369,156.385
2025-11-27T13:00:00.000000000Z,156.378,156.384,156.324,156.328,738,156.319,156.337
2025-11-27T13:05:00.000000000Z,156.326,156.346,156.317,156.32,344,156.313,156.328
2025-11-27T13:10:00.000000000Z,156.321,156.334,156.308,156.308,248,156.3,156.317
2025-11-27T13:15:00.000000000Z,156.31,156.314,156.29,156.295,341,156.286,156.304
2025-11-27T13:20:00.000000000Z,156.296,156.322,156.294,156.306,367,156.296,156.315
2025-11-27T13:25:00.000000000Z,156.305,156.308,156.268,156.272,499,156.264,156.281
2025-11-27T13:30:00.000000000Z,156.272,156.307,156.265,156.283,870,156.274,156.292
2025-11-27T13:35:00.000000000Z,156.282,156.318,156.282,156.296,344,156.288,156.305
2025-11-27T13:40:00.000000000Z,156.296,156.334,156.296,156.334,469,156.326,156.342
2025-11-27T13:45:00.000000000Z,156.334,156.334,156.31,156.314,422,156.307,156.322
2025-11-27T13:50:00.000000000Z,156.314,156.32,156.27,156.273,493,156.264,156.282
2025-11-27T13:55:00.000000000Z,156.272,156.278,156.247,156.268,599,156.26,156.277
2025-11-27T14:00:00.000000000Z,156.27,156.286,156.234,156.283,528,156.274,156.292
2025-11-27T14:05:00.000000000Z,156.284,156.294,156.255,156.286,645,156.277,156.296
2025-11-27T14:10:00.000000000Z,156.287,156.306,156.278,156.283,581,156.276,156.29
2025-11-27T14:15:00.000000000Z,156.282,156.294,156.276,156.293,595,156.285,156.301
2025-11-27T14:20:00.000000000Z,156.292,156.306,156.29,156.306,311,156.297,156.315
2025-11-27T14:25:00.000000000Z,156.304,156.344,156.304,156.336,482,156.329,156.344
2025-11-27T14:30:00.000000000Z,156.337,156.363,156.337,156.342,414,156.334,156.35
2025-11-27T14:35:00.000000000Z,156.342,156.358,156.338,156.358,287,156.35,156.365
2025-11-27T14:40:00.000000000Z,156.358,156.363,156.342,156.343,267,156.335,156.351
2025-11-27T14:45:00.000000000Z,156.342,156.342,156.316,156.321,320,156.312,156.33
2025-11-27T14:50:00.000000000Z,156.321,156.344,156.321,156.336,373,156.327,156.345
2025-11-27T14:55:00.000000000Z,156.339,156.34,156.32,156.329,591,156.32,156.338
2025-11-27T15:00:00.000000000Z,156.331,156.333,156.318,156.327,468,156.319,156.335
2025-11-27T15:05:00.000000000Z,156.326,156.344,156.307,156.307,347,156.298,156.316
2025-11-27T15:10:00.000000000Z,156.306,156.315,156.288,156.308,476,156.299,156.316
2025-11-27T15:15:00.000000000Z,156.306,156.306,156.285,156.296,306,156.288,156.304
2025-11-27T15:20:00.000000000Z,156.296,156.308,156.284,156.305,435,156.296,156.314
2025-11-27T15:25:00.000000000Z,156.304,156.307,156.266,156.272,409,156.263,156.282
2025-11-27T15:30:00.000000000Z,156.272,156.299,156.269,156.297,350,156.288,156.306
2025-11-27T15:35:00.000000000Z,156.296,156.306,156.28,156.293,368,156.285,156.301
2025-11-27T15:40:00.000000000Z,156.292,156.298,156.268,156.27,413,156.263,156.278
2025-11-27T15:45:00.000000000Z,156.27,156.274,156.254,156.26,266,156.253,156.268
2025-11-27T15:50:00.000000000Z,156.258,156.294,156.257,156.287,381,156.278,156.296
2025-11-27T15:55:00.000000000Z,156.286,156.32,156.254,156.308,884,156.301,156.316
2025-11-27T16:00:00.000000000Z,156.309,156.332,156.301,156.332,571,156.324,156.339
2025-11-27T16:05:00.000000000Z,156.333,156.36,156.326,156.328,673,156.32,156.336
2025-11-27T16:10:00.000000000Z,156.328,156.328,156.3,156.304,602,156.293,156.314
2025-11-27T16:15:00.000000000Z,156.306,156.32,156.301,156.303,349,156.295,156.311
2025-11-27T16:20:00.000000000Z,156.303,156.308,156.284,156.284,200,156.274,156.294
2025-11-27T16:25:00.000000000Z,156.284,156.285,156.26,156.274,147,156.268,156.281
2025-11-27T16:30:00.000000000Z,156.274,156.314,156.274,156.295,183,156.286,156.304
2025-11-27T16:35:00.000000000Z,156.296,156.296,156.283,156.294,78,156.285,156.303
2025-11-27T16:40:00.000000000Z,156.294,156.308,156.292,156.296,106,156.288,156.303
2025-11-27T16:45:00.000000000Z,156.295,156.306,156.292,156.292,71,156.283,156.302
2025-11-27T16:50:00.000000000Z,156.294,156.302,156.292,156.292,40,156.283,156.301
2025-11-27T16:55:00.000000000Z,156.292,156.292,156.268,156.28,139,156.273,156.288
2025-11-27T17:00:00.000000000Z,156.28,156.298,156.274,156.291,213,156.283,156.299
2025-11-27T17:05:00.000000000Z,156.292,156.316,156.291,156.312,162,156.304,156.319
2025-11-27T17:10:00.000000000Z,156.311,156.32,156.308,156.317,87,156.309,156.325
2025-11-27T17:15:00.000000000Z,156.318,156.322,156.314,156.322,83,156.314,156.329
2025-11-27T17:20:00.000000000Z,156.321,156.347,156.321,156.344,121,156.336,156.351
2025-11-27T17:25:00.000000000Z,156.343,156.35,156.333,156.333,208,156.325,156.341
2025-11-27T17:30:00.000000000Z,156.334,156.356,156.33,156.354,150,156.347,156.361
2025-11-27T17:35:00.000000000Z,156.354,156.362,156.342,156.352,164,156.343,156.361
2025-11-27T17:40:00.000000000Z,156.352,156.368,156.35,156.368,73,156.359,156.376
2025-11-27T17:45:00.000000000Z,156.367,156.37,156.354,156.354,84,156.346,156.363
2025-11-27T17:50:00.000000000Z,156.355,156.355,156.343,156.347,80,156.339,156.355
2025-11-27T17:55:00.000000000Z,156.347,156.352,156.331,156.332,160,156.323,156.34
2025-11-27T18:00:00.000000000Z,156.331,156.342,156.326,156.34,68,156.332,156.349
2025-11-27T18:05:00.000000000Z,156.34,156.346,156.34,156.344,46,156.335,156.353
2025-11-27T18:10:00.000000000Z,156.343,156.353,156.34,156.352,49,156.343,156.36
2025-11-27T18:15:00.000000000Z,156.356,156.363,156.352,156.352,61,156.345,156.36
2025-11-27T18:20:00.000000000Z,156.353,156.364,156.352,156.364,57,156.356,156.372
2025-11-27T18:25:00.000000000Z,156.365,156.366,156.358,156.366,23,156.356,156.375
2025-11-27T18:30:00.000000000Z,156.366,156.369,156.366,156.368,13,156.359,156.377
2025-11-27T18:35:00.000000000Z,156.366,156.368,156.364,156.366,53,156.357,156.375
2025-11-27T18:40:00.000000000Z,156.365,156.366,156.363,156.364,38,156.356,156.373
2025-11-27T18:45:00.000000000Z,156.365,156.365,156.352,156.352,104,156.344,156.36
2025-11-27T18:50:00.000000000Z,156.352,156.356,156.352,156.354,34,156.347,156.362
2025-11-27T18:55:00.000000000Z,156.355,156.366,156.353,156.363,78,156.357,156.369
2025-11-27T19:00:00.000000000Z,156.364,156.365,156.361,156.362,77,156.354,156.371
2025-11-27T19:05:00.000000000Z,156.362,156.364,156.348,156.348,67,156.342,156.355
2025-11-27T19:10:00.000000000Z,156.349,156.351,156.348,156.348,48,156.341,156.356
2025-11-27T19:15:00.000000000Z,156.349,156.35,156.347,156.348,49,156.341,156.356
2025-11-27T19:20:00.000000000Z,156.35,156.354,156.348,156.352,60,156.344,156.359
2025-11-27T19:25:00.000000000Z,156.352,156.354,156.348,156.349,46,156.343,156.355
2025-11-27T19:30:00.000000000Z,156.349,156.354,156.348,156.353,65,156.345,156.361
2025-11-27T19:35:00.000000000Z,156.352,156.355,156.352,156.352,55,156.344,156.361
2025-11-27T19:40:00.000000000Z,156.354,156.356,156.35,156.352,52,156.343,156.362
2025-11-27T19:45:00.000000000Z,156.352,156.352,156.328,156.328,121,156.319,156.336
2025-11-27T19:50:00.000000000Z,156.33,156.348,156.326,156.342,157,156.332,156.352
2025-11-27T19:55:00.000000000Z,156.342,156.343,156.333,156.338,168,156.329,156.347
2025-11-27T20:00:00.000000000Z,156.34,156.342,156.315,156.32,123,156.308,156.333
2025-11-27T20:05:00.000000000Z,156.323,156.331,156.318,156.328,89,156.32,156.335
2025-11-27T20:10:00.000000000Z,156.328,156.335,156.322,156.326,133,156.314,156.338
2025-11-27T20:15:00.000000000Z,156.326,156.328,156.318,156.321,84,156.309,156.333
2025-11-27T20:20:00.000000000Z,156.322,156.322,156.317,156.32,102,156.307,156.332
2025-11-27T20:25:00.000000000Z,156.32,156.328,156.318,156.322,88,156.31,156.335
2025-11-27T20:30:00.000000000Z,156.322,156.326,156.289,156.291,185,156.282,156.3
2025-11-27T20:35:00.000000000Z,156.29,156.296,156.266,156.292,358,156.28,156.303
2025-11-27T20:40:00.000000000Z,156.29,156.308,156.288,156.289,106,156.28,156.298
2025-11-27T20:45:00.000000000Z,156.288,156.3,156.284,156.3,87,156.29,156.309
2025-11-27T20:50:00.000000000Z,156.303,156.306,156.294,156.302,107,156.294,156.311
2025-11-27T20:55:00.000000000Z,156.304,156.324,156.304,156.315,75,156.305,156.325
2025-11-27T21:00:00.000000000Z,156.316,156.316,156.3,156.305,124,156.295,156.315
2025-11-27T21:05:00.000000000Z,156.306,156.31,156.304,156.308,49,156.3,156.315
2025-11-27T21:10:00.000000000Z,156.308,156.312,156.294,156.3,55,156.29,156.311
2025-11-27T21:15:00.000000000Z,156.3,156.3,156.288,156.291,68,156.282,156.3
2025-11-27T21:20:00.000000000Z,156.29,156.29,156.264,156.28,134,156.269,156.291
2025-11-27T21:25:00.000000000Z,156.28,156.296,156.278,156.294,63,156.284,156.305
2025-11-27T21:30:00.000000000Z,156.295,156.298,156.292,156.294,95,156.284,156.305
2025-11-27T21:35:00.000000000Z,156.294,156.296,156.292,156.293,215,156.283,156.303
2025-11-27T21:40:00.000000000Z,156.292,156.294,156.283,156.288,64,156.278,156.297
2025-11-27T21:45:00.000000000Z,156.288,156.288,156.278,156.282,72,156.273,156.292
2025-11-27T21:50:00.000000000Z,156.284,156.299,156.283,156.296,83,156.284,156.308
2025-11-27T21:55:00.000000000Z,156.293,156.308,156.29,156.303,115,156.29,156.316
2025-11-27T22:00:00.000000000Z,156.29,156.29,156.29,156.29,1,156.242,156.339
2025-11-27T22:05:00.000000000Z,156.278,156.308,156.278,156.296,27,156.271,156.321
2025-11-27T22:10:00.000000000Z,156.298,156.322,156.292,156.322,35,156.285,156.359
2025-11-27T22:15:00.000000000Z,156.323,156.326,156.305,156.323,139,156.292,156.354
2025-11-27T22:20:00.000000000Z,156.314,156.326,156.313,156.314,57,156.292,156.335
2025-11-27T22:25:00.000000000Z,156.314,156.328,156.311,156.314,119,156.298,156.331
2025-11-27T22:30:00.000000000Z,156.315,156.321,156.304,156.304,103,156.288,156.321
2025-11-27T22:35:00.000000000Z,156.304,156.309,156.286,156.308,184,156.287,156.329
2025-11-27T22:40:00.000000000Z,156.308,156.312,156.294,156.298,87,156.277,156.318
2025-11-27T22:45:00.000000000Z,156.304,156.306,156.286,156.288,87,156.263,156.314
2025-11-27T22:50:00.000000000Z,156.29,156.29,156.283,156.283,32,156.261,156.305
2025-11-27T22:55:00.000000000Z,156.286,156.288,156.278,156.281,103,156.259,156.303
2025-11-27T23:00:00.000000000Z,156.282,156.296,156.246,156.246,174,156.237,156.256
2025-11-27T23:05:00.000000000Z,156.246,156.276,156.218,156.276,199,156.265,156.286
2025-11-27T23:10:00.000000000Z,156.276,156.277,156.215,156.244,352,156.232,156.255
2025-11-27T23:15:00.000000000Z,156.242,156.244,156.225,156.228,195,156.218,156.239
2025-11-27T23:20:00.000000000Z,156.228,156.242,156.223,156.242,203,156.232,156.252
2025-11-27T23:25:00.000000000Z,156.242,156.252,156.231,156.242,228,156.229,156.254
2025-11-27T23:30:00.000000000Z,156.241,156.315,156.199,156.306,572,156.295,156.316
2025-11-27T23:35:00.000000000Z,156.305,156.306,156.263,156.266,144,156.256,156.277
2025-11-27T23:40:00.000000000Z,156.267,156.292,156.266,156.28,182,156.271,156.289
2025-11-27T23:45:00.000000000Z,156.278,156.312,156.275,156.306,189,156.295,156.317
2025-11-27T23:50:00.000000000Z,156.306,156.306,156.274,156.282,117,156.273,156.292
2025-11-27T23:55:00.000000000Z,156.282,156.306,156.281,156.289,146,156.28,156.298
2025-11-28T00:00:00.000000000Z,156.29,156.328,156.192,156.254,882,156.244,156.265
2025-11-28T00:05:00.000000000Z,156.254,156.266,156.2,156.23,747,156.222,156.238
2025-11-28T00:10:00.000000000Z,156.231,156.232,156.186,156.186,477,156.177,156.196
2025-11-28T00:15:00.000000000Z,156.186,156.252,156.174,156.242,1015,156.234,156.251
2025-11-28T00:20:00.000000000Z,156.242,156.282,156.24,156.254,1133,156.247,156.261
2025-11-28T00:25:00.000000000Z,156.256,156.334,156.256,156.323,1040,156.315,156.331
2025-11-28T00:30:00.000000000Z,156.323,156.36,156.31,156.313,733,156.304,156.322
2025-11-28T00:35:00.000000000Z,156.312,156.332,156.253,156.325,922,156.316,156.334
2025-11-28T00:40:00.000000000Z,156.322,156.378,156.316,156.376,711,156.366,156.385
2025-11-28T00:45:00.000000000Z,156.377,156.463,156.376,156.463,1086,156.456,156.47
2025-11-28T00:50:00.000000000Z,156.464,156.583,156.422,156.536,2370,156.53,156.543
2025-11-28T00:55:00.000000000Z,156.543,156.547,156.432,156.446,1472,156.438,156.454
2025-11-28T01:00:00.000000000Z,156.446,156.448,156.324,156.343,1505,156.334,156.352
2025-11-28T01:05:00.000000000Z,156.344,156.399,156.332,156.374,1278,156.366,156.382
2025-11-28T01:10:00.000000000Z,156.377,156.406,156.35,156.401,872,156.392,156.41
2025-11-28T01:15:00.000000000Z,156.402,156.438,156.359,156.364,1071,156.354,156.375
2025-11-28T01:20:00.000000000Z,156.364,156.389,156.346,156.375,982,156.365,156.385
2025-11-28T01:25:00.000000000Z,156.376,156.409,156.376,156.394,479,156.386,156.403
2025-11-28T01:30:00.000000000Z,156.394,156.46,156.374,156.438,807,156.429,156.446
2025-11-28T01:35:00.000000000Z,156.438,156.451,156.409,156.413,628,156.404,156.422
2025-11-28T01:40:00.000000000Z,156.413,156.426,156.396,156.4,493,156.39,156.41
2025-11-28T01:45:00.000000000Z,156.4,156.407,156.392,156.394,342,156.384,156.403
2025-11-28T01:50:00.000000000Z,156.39,156.398,156.382,156.387,382,156.379,156.395
2025-11-28T01:55:00.000000000Z,156.388,156.411,156.375,156.377,565,156.369,156.385
2025-11-28T02:00:00.000000000Z,156.376,156.382,156.336,156.353,800,156.344,156.362
2025-11-28T02:05:00.000000000Z,156.352,156.364,156.348,156.362,446,156.353,156.37
2025-11-28T02:10:00.000000000Z,156.362,156.364,156.328,156.33,484,156.322,156.339
2025-11-28T02:15:00.000000000Z,156.33,156.342,156.328,156.336,166,156.329,156.343
2025-11-28T02:20:00.000000000Z,156.336,156.338,156.318,156.324,1096,156.314,156.335
2025-11-28T02:25:00.000000000Z,156.324,156.329,156.282,156.288,1735,156.282,156.294
2025-11-28T02:30:00.000000000Z,156.29,156.294,156.1,156.24,2296,156.232,156.249
2025-11-28T02:35:00.000000000Z,156.24,156.279,156.223,156.274,2520,156.264,156.285
2025-11-28T02:40:00.000000000Z,156.274,156.289,156.257,156.276,2514,156.267,156.286
2025-11-28T02:45:00.000000000Z,156.276,156.294,156.244,156.294,3297,156.283,156.304
2025-11-28T02:50:00.000000000Z,156.293,156.351,156.25,156.307,2471,156.295,156.319
2025-11-28T02:55:00.000000000Z,156.305,156.344,156.256,156.28,3038,156.263,156.298
2025-11-28T03:00:00.000000000Z,156.28,156.31,156.235,156.296,3316,156.279,156.312
2025-11-28T03:05:00.000000000Z,156.289,156.312,156.264,156.278,3097,156.267,156.289
2025-11-28T03:10:00.000000000Z,156.278,156.29,156.148,156.268,3312,156.256,156.28
2025-11-28T03:15:00.000000000Z,156.266,156.296,156.262,156.278,2775,156.267,156.289
2025-11-28T03:20:00.000000000Z,156.279,156.314,156.257,156.28,2778,156.271,156.288
2025-11-28T03:25:00.000000000Z,156.282,156.3,156.268,156.271,3451,156.263,156.279
2025-11-28T03:30:00.000000000Z,156.27,156.289,156.254,156.262,3436,156.251,156.273
2025-11-28T03:35:00.000000000Z,156.262,156.28,156.234,156.249,3915,156.239,156.259
2025-11-28T03:40:00.000000000Z,156.25,156.276,156.216,156.266,4391,156.256,156.276
2025-11-28T03:45:00.000000000Z,156.268,156.29,156.198,156.211,3945,156.194,156.228
2025-11-28T03:50:00.000000000Z,156.212,156.272,156.199,156.239,2644,156.231,156.247
2025-11-28T03:55:00.000000000Z,156.24,156.278,156.238,156.271,1245,156.262,156.28
2025-11-28T04:00:00.000000000Z,156.272,156.292,156.206,156.265,3687,156.254,156.276
2025-11-28T04:05:00.000000000Z,156.267,156.276,156.214,156.24,3684,156.229,156.252
2025-11-28T04:10:00.000000000Z,156.242,156.245,156.201,156.206,3366,156.192,156.221
2025-11-28T04:15:00.000000000Z,156.206,156.255,156.204,156.224,3037,156.212,156.235
2025-11-28T04:20:00.000000000Z,156.224,156.253,156.206,156.226,1515,156.212,156.24
2025-11-28T04:25:00.000000000Z,156.224,156.248,156.196,156.224,1978,156.212,156.237
2025-11-28T04:30:00.000000000Z,156.225,156.248,156.22,156.24,2414,156.228,156.251
2025-11-28T04:35:00.000000000Z,156.24,156.254,156.226,156.236,2865,156.228,156.245
2025-11-28T04:40:00.000000000Z,156.237,156.246,156.219,156.226,2063,156.217,156.236
2025-11-28T04:45:00.000000000Z,156.228,156.243,156.194,156.215,1985,156.206,156.224
2025-11-28T04:50:00.000000000Z,156.214,156.236,156.199,156.227,3208,156.217,156.237
2025-11-28T04:55:00.000000000Z,156.226,156.252,156.21,156.228,2611,156.218,156.238
2025-11-28T05:00:00.000000000Z,156.227,156.309,156.222,156.292,3289,156.283,156.302
2025-11-28T05:05:00.000000000Z,156.292,156.3,156.253,156.266,2912,156.251,156.281
2025-11-28T05:10:00.000000000Z,156.267,156.298,156.249,156.296,3220,156.288,156.304
2025-11-28T05:15:00.000000000Z,156.293,156.404,156.276,156.32,3980,156.308,156.333
2025-11-28T05:20:00.000000000Z,156.324,156.388,156.28,156.34,2796,156.33,156.35
2025-11-28T05:25:00.000000000Z,156.341,156.36,156.292,156.3,4064,156.289,156.311
2025-11-28T05:30:00.000000000Z,156.302,156.351,156.29,156.312,4213,156.301,156.324
2025-11-28T05:35:00.000000000Z,156.314,156.365,156.298,156.314,3927,156.305,156.324
2025-11-28T05:40:00.000000000Z,156.314,156.367,156.312,156.356,4568,156.344,156.367
2025-11-28T05:45:00.000000000Z,156.355,156.365,156.336,156.35,3033,156.34,156.36
2025-11-28T05:50:00.000000000Z,156.35,156.406,156.338,156.382,4943,156.37,156.393
2025-11-28T05:55:00.000000000Z,156.382,156.414,156.344,156.35,2214,156.34,156.36
2025-11-28T06:00:00.000000000Z,156.35,156.405,156.34,156.388,2395,156.377,156.398
2025-11-28T06:05:00.000000000Z,156.389,156.403,156.364,156.368,2867,156.357,156.38
2025-11-28T06:10:00.000000000Z,156.368,156.403,156.352,156.388,3157,156.378,156.397
2025-11-28T06:15:00.000000000Z,156.388,156.435,156.362,156.409,3468,156.4,156.418
2025-11-28T06:20:00.000000000Z,156.409,156.416,156.37,156.39,3020,156.378,156.402
2025-11-28T06:25:00.000000000Z,156.387,156.414,156.358,156.378,2641,156.37,156.387
2025-11-28T06:30:00.000000000Z,156.379,156.402,156.36,156.379,3353,156.367,156.391
2025-11-28T06:35:00.000000000Z,156.378,156.378,156.346,156.356,4342,156.345,156.366
2025-11-28T06:40:00.000000000Z,156.356,156.382,156.35,156.355,3933,156.346,156.364
2025-11-28T06:45:00.000000000Z,156.358,156.43,156.353,156.422,2827,156.412,156.431
2025-11-28T06:50:00.000000000Z,156.419,156.44,156.378,156.408,1827,156.398,156.417
2025-11-28T06:55:00.000000000Z,156.41,156.414,156.377,156.38,1617,156.365,156.396
2025-11-28T07:00:00.000000000Z,156.38,156.396,156.354,156.391,1494,156.382,156.4
2025-11-28T07:05:00.000000000Z,156.39,156.4,156.368,156.39,1634,156.378,156.401
2025-11-28T07:10:00.000000000Z,156.39,156.398,156.367,156.38,2028,156.372,156.388
2025-11-28T07:15:00.000000000Z,156.38,156.393,156.352,156.38,2558,156.37,156.391
2025-11-28T07:20:00.000000000Z,156.381,156.388,156.35,156.358,2255,156.352,156.364
2025-11-28T07:25:00.000000000Z,156.359,156.407,156.346,156.378,2024,156.368,156.387
2025-11-28T07:30:00.000000000Z,156.377,156.387,156.343,156.366,2358,156.355,156.377
2025-11-28T07:35:00.000000000Z,156.368,156.399,156.348,156.388,2100,156.376,156.4
2025-11-28T07:40:00.000000000Z,156.39,156.393,156.326,156.361,1869,156.347,156.375
2025-11-28T07:45:00.000000000Z,156.362,156.392,156.346,156.37,2426,156.362,156.377
2025-11-28T07:50:00.000000000Z,156.37,156.378,156.303,156.355,3643,156.346,156.364
2025-11-28T07:55:00.000000000Z,156.354,156.371,156.291,156.302,4081,156.293,156.312
2025-11-28T08:00:00.000000000Z,156.302,156.346,156.288,156.321,3742,156.308,156.334
2025-11-28T08:05:00.000000000Z,156.32,156.376,156.307,156.361,3777,156.35,156.372
2025-11-28T08:10:00.000000000Z,156.359,156.386,156.326,156.372,2815,156.364,156.379
2025-11-28T08:15:00.000000000Z,156.372,156.384,156.336,156.365,2267,156.354,156.376
2025-11-28T08:20:00.000000000Z,156.366,156.382,156.34,156.35,2355,156.339,156.362
2025-11-28T08:25:00.000000000Z,156.351,156.358,156.341,156.353,1422,156.343,156.363
2025-11-28T08:30:00.000000000Z,156.354,156.37,156.3,156.312,2829,156.3,156.324
2025-11-28T08:35:00.000000000Z,156.31,156.367,156.3,156.356,3755,156.345,156.368
2025-11-28T08:40:00.000000000Z,156.358,156.365,156.334,156.358,2543,156.347,156.369
2025-11-28T08:45:00.000000000Z,156.358,156.366,156.296,156.341,2845,156.33,156.352
2025-11-28T08:50:00.000000000Z,156.343,156.365,156.289,156.317,3712,156.311,156.323
2025-11-28T08:55:00.000000000Z,156.344,156.369,156.307,156.358,2745,156.347,156.368
2025-11-28T09:00:00.000000000Z,156.358,156.378,156.302,156.356,3341,156.345,156.367
2025-11-28T09:05:00.000000000Z,156.356,156.388,156.302,156.33,3019,156.308,156.352
2025-11-28T09:10:00.000000000Z,156.33,156.345,156.29,156.316,3513,156.299,156.332
2025-11-28T09:15:00.000000000Z,156.316,156.342,156.261,156.322,3447,156.304,156.341
2025-11-28T09:20:00.000000000Z,156.323,156.367,156.262,156.291,3598,156.278,156.304
2025-11-28T09:25:00.000000000Z,156.292,156.344,156.285,156.315,2775,156.304,156.326
2025-11-28T09:30:00.000000000Z,156.316,156.343,156.288,156.291,2254,156.274,156.308
2025-11-28T09:35:00.000000000Z,156.288,156.326,156.268,156.297,2640,156.286,156.308
2025-11-28T09:40:00.000000000Z,156.298,156.306,156.23,156.268,2311,156.247,156.288
2025-11-28T09:45:00.000000000Z,156.269,156.31,156.224,156.306,3749,156.292,156.32
2025-11-28T09:50:00.000000000Z,156.306,156.375,156.257,156.314,3157,156.296,156.332
2025-11-28T09:55:00.000000000Z,156.314,156.37,156.298,156.325,2124,156.314,156.336
2025-11-28T10:00:00.000000000Z,156.323,156.35,156.306,156.332,1776,156.323,156.34
2025-11-28T10:05:00.000000000Z,156.331,156.35,156.314,156.335,1651,156.324,156.346
2025-11-28T10:10:00.000000000Z,156.334,156.388,156.278,156.354,2806,156.342,156.367
2025-11-28T10:15:00.000000000Z,156.355,156.369,156.274,156.318,2156,156.306,156.329
2025-11-28T10:20:00.000000000Z,156.317,156.358,156.288,156.317,2265,156.307,156.327
2025-11-28T10:25:00.000000000Z,156.316,156.366,156.268,156.31,2884,156.299,156.322
2025-11-28T10:30:00.000000000Z,156.311,156.343,156.272,156.33,2238,156.315,156.344
2025-11-28T10:35:00.000000000Z,156.33,156.34,156.28,156.338,1638,156.325,156.35
2025-11-28T10:40:00.000000000Z,156.336,156.337,156.266,156.319,1448,156.303,156.335
2025-11-28T10:45:00.000000000Z,156.32,156.336,156.294,156.322,2081,156.311,156.333
2025-11-28T10:50:00.000000000Z,156.322,156.333,156.273,156.29,1508,156.281,156.298
2025-11-28T10:55:00.000000000Z,156.289,156.308,156.266,156.272,1527,156.262,156.283
2025-11-28T11:00:00.000000000Z,156.273,156.29,156.262,156.278,805,156.266,156.29
2025-11-28T11:05:00.000000000Z,156.278,156.31,156.258,156.286,1750,156.272,156.299
2025-11-28T11:10:00.000000000Z,156.286,156.301,156.259,156.28,1531,156.274,156.286
2025-11-28T11:15:00.000000000Z,156.281,156.298,156.25,156.263,1134,156.253,156.273
2025-11-28T11:20:00.000000000Z,156.265,156.276,156.24,156.245,999,156.233,156.257
2025-11-28T11:25:00.000000000Z,156.244,156.264,156.226,156.232,1423,156.22,156.243
2025-11-28T11:30:00.000000000Z,156.233,156.248,156.199,156.213,952,156.201,156.225
2025-11-28T11:35:00.000000000Z,156.213,156.258,156.193,156.234,1647,156.222,156.246
2025-11-28T11:40:00.000000000Z,156.234,156.282,156.22,156.252,2144,156.243,156.26
2025-11-28T11:45:00.000000000Z,156.252,156.277,156.248,156.26,1237,156.249,156.271
2025-11-28T11:50:00.000000000Z,156.26,156.262,156.198,156.206,1022,156.195,156.218
2025-11-28T11:55:00.000000000Z,156.206,156.222,156.142,156.21,1284,156.198,156.222
2025-11-28T12:00:00.000000000Z,156.208,156.262,156.188,156.234,2697,156.223,156.245
2025-11-28T12:05:00.000000000Z,156.234,156.236,156.212,156.215,932,156.203,156.227
2025-11-28T12:10:00.000000000Z,156.214,156.242,156.187,156.237,1491,156.23,156.244
2025-11-28T12:15:00.000000000Z,156.238,156.242,156.16,156.164,1115,156.154,156.175
2025-11-28T12:20:00.000000000Z,156.165,156.187,156.158,156.177,1596,156.171,156.183
2025-11-28T12:25:00.000000000Z,156.178,156.178,156.152,156.156,779,156.147,156.164
2025-11-28T12:30:00.000000000Z,156.155,156.158,156.09,156.108,1921,156.094,156.122
2025-11-28T12:35:00.000000000Z,156.109,156.128,156.096,156.096,1350,156.087,156.106
2025-11-28T12:40:00.000000000Z,156.097,156.141,156.096,156.116,2271,156.104,156.129
2025-11-28T12:45:00.000000000Z,156.116,156.17,156.103,156.104,2092,156.094,156.115
2025-11-28T12:50:00.000000000Z,156.105,156.14,156.096,156.123,2827,156.113,156.133
2025-11-28T12:55:00.000000000Z,156.124,156.126,156.108,156.116,2056,156.107,156.126
2025-11-28T13:00:00.000000000Z,156.117,156.134,156.104,156.122,2123,156.112,156.131
2025-11-28T13:05:00.000000000Z,156.12,156.142,156.112,156.123,1846,156.111,156.135
2025-11-28T13:10:00.000000000Z,156.122,156.143,156.108,156.126,2606,156.115,156.137
2025-11-28T13:15:00.000000000Z,156.126,156.154,156.124,156.138,1540,156.127,156.148
2025-11-28T13:20:00.000000000Z,156.138,156.15,156.13,156.132,1833,156.124,156.14
2025-11-28T13:25:00.000000000Z,156.132,156.142,156.122,156.128,805,156.119,156.136
2025-11-28T13:30:00.000000000Z,156.128,156.154,156.105,156.135,2057,156.124,156.146
2025-11-28T13:35:00.000000000Z,156.135,156.145,156.114,156.126,1353,156.117,156.136
2025-11-28T13:40:00.000000000Z,156.127,156.158,156.112,156.136,905,156.125,156.146
2025-11-28T13:45:00.000000000Z,156.138,156.138,156.104,156.112,1156,156.104,156.12
2025-11-28T13:50:00.000000000Z,156.112,156.12,156.06,156.069,1159,156.059,156.079
2025-11-28T13:55:00.000000000Z,156.07,156.072,156.004,156.02,1359,156.012,156.027
2025-11-28T14:00:00.000000000Z,156.018,156.046,155.993,156.043,1652,156.032,156.054
2025-11-28T14:05:00.000000000Z,156.044,156.052,156.004,156.006,1591,155.998,156.013
2025-11-28T14:10:00.000000000Z,156.005,156.046,155.984,156.045,907,156.036,156.054
2025-11-28T14:15:00.000000000Z,156.046,156.146,156.045,156.144,832,156.136,156.153
2025-11-28T14:20:00.000000000Z,156.144,156.215,156.13,156.212,916,156.206,156.219
2025-11-28T14:25:00.000000000Z,156.213,156.356,156.212,156.282,1344,156.273,156.291
2025-11-28T14:30:00.000000000Z,156.278,156.394,156.26,156.31,1840,156.302,156.317
2025-11-28T14:35:00.000000000Z,156.31,156.314,156.26,156.286,1486,156.278,156.293
2025-11-28T14:40:00.000000000Z,156.285,156.377,156.236,156.354,1986,156.345,156.362
2025-11-28T14:45:00.000000000Z,156.354,156.389,156.322,156.329,1442,156.32,156.338
2025-11-28T14:50:00.000000000Z,156.33,156.365,156.298,156.303,1418,156.294,156.312
2025-11-28T14:55:00.000000000Z,156.302,156.313,156.228,156.248,1741,156.241,156.255
2025-11-28T15:00:00.000000000Z,156.247,156.266,156.151,156.174,1251,156.167,156.182
2025-11-28T15:05:00.000000000Z,156.172,156.253,156.162,156.25,758,156.241,156.258
2025-11-28T15:10:00.000000000Z,156.25,156.294,156.248,156.266,812,156.255,156.277
2025-11-28T15:15:00.000000000Z,156.265,156.316,156.265,156.306,496,156.296,156.317
2025-11-28T15:20:00.000000000Z,156.304,156.31,156.26,156.3,1305,156.291,156.308
2025-11-28T15:25:00.000000000Z,156.299,156.305,156.238,156.244,1136,156.234,156.253
2025-11-28T15:30:00.000000000Z,156.243,156.312,156.236,156.284,2428,156.271,156.297
2025-11-28T15:35:00.000000000Z,156.284,156.289,156.233,156.234,2648,156.224,156.244
2025-11-28T15:40:00.000000000Z,156.232,156.252,156.214,156.248,892,156.239,156.257
2025-11-28T15:45:00.000000000Z,156.248,156.344,156.16,156.176,2039,156.165,156.186
2025-11-28T15:50:00.000000000Z,156.176,156.278,156.133,156.136,3026,156.128,156.145
2025-11-28T15:55:00.000000000Z,156.137,156.137,156.001,156.034,4394,156.026,156.043
2025-11-28T16:00:00.000000000Z,156.034,156.147,156.011,156.078,3597,156.069,156.088
2025-11-28T16:05:00.000000000Z,156.074,156.128,155.997,156.127,2091,156.119,156.135
2025-11-28T16:10:00.000000000Z,156.121,156.16,156.108,156.158,1588,156.147,156.169
2025-11-28T16:15:00.000000000Z,156.156,156.194,156.136,156.156,1524,156.145,156.167
2025-11-28T16:20:00.000000000Z,156.152,156.188,156.12,156.181,1412,156.171,156.191
2025-11-28T16:25:00.000000000Z,156.18,156.198,156.143,156.169,951,156.16,156.178
2025-11-28T16:30:00.000000000Z,156.171,156.198,156.152,156.183,776,156.174,156.192
2025-11-28T16:35:00.000000000Z,156.182,156.188,156.156,156.162,511,156.154,156.17
2025-11-28T16:40:00.000000000Z,156.162,156.166,156.13,156.139,697,156.131,156.147
2025-11-28T16:45:00.000000000Z,156.14,156.167,156.138,156.162,332,156.153,156.171
2025-11-28T16:50:00.000000000Z,156.164,156.178,156.153,156.176,325,156.169,156.184
2025-11-28T16:55:00.000000000Z,156.178,156.203,156.166,156.176,583,156.168,156.185
2025-11-28T17:00:00.000000000Z,156.178,156.234,156.161,156.224,756,156.216,156.233
2025-11-28T17:05:00.000000000Z,156.226,156.266,156.222,156.24,665,156.232,156.247
2025-11-28T17:10:00.000000000Z,156.238,156.252,156.21,156.234,542,156.225,156.243
2025-11-28T17:15:00.000000000Z,156.233,156.252,156.212,156.213,349,156.204,156.222
2025-11-28T17:20:00.000000000Z,156.214,156.258,156.211,156.238,592,156.229,156.247
2025-11-28T17:25:00.000000000Z,156.24,156.27,156.224,156.234,618,156.225,156.244
2025-11-28T17:30:00.000000000Z,156.234,156.242,156.181,156.187,515,156.177,156.197
2025-11-28T17:35:00.000000000Z,156.186,156.194,156.136,156.156,877,156.148,156.164
2025-11-28T17:40:00.000000000Z,156.158,156.182,156.133,156.15,748,156.143,156.158
2025-11-28T17:45:00.000000000Z,156.15,156.204,156.15,156.198,552,156.187,156.208
2025-11-28T17:50:00.000000000Z,156.198,156.202,156.158,156.166,745,156.159,156.174
2025-11-28T17:55:00.000000000Z,156.168,156.222,156.162,156.211,1392,156.204,156.218
2025-11-28T18:00:00.000000000Z,156.214,156.245,156.2,156.202,851,156.191,156.212
2025-11-28T18:05:00.000000000Z,156.206,156.21,156.17,156.2,278,156.192,156.207
2025-11-28T18:10:00.000000000Z,156.2,156.216,156.156,156.17,710,156.162,156.178
2025-11-28T18:15:00.000000000Z,156.171,156.181,156.155,156.156,463,156.146,156.166
2025-11-28T18:20:00.000000000Z,156.156,156.164,156.123,156.126,993,156.119,156.133
2025-11-28T18:25:00.000000000Z,156.125,156.145,156.124,156.127,1037,156.118,156.136
2025-11-28T18:30:00.000000000Z,156.128,156.134,156.084,156.118,875,156.108,156.128
2025-11-28T18:35:00.000000000Z,156.118,156.17,156.118,156.161,755,156.153,156.169
2025-11-28T18:40:00.000000000Z,156.163,156.194,156.147,156.186,448,156.177,156.195
2025-11-28T18:45:00.000000000Z,156.186,156.186,156.128,156.152,701,156.142,156.162
2025-11-28T18:50:00.000000000Z,156.152,156.154,156.132,156.137,385,156.128,156.146
2025-11-28T18:55:00.000000000Z,156.138,156.168,156.126,156.138,512,156.131,156.145
2025-11-28T19:00:00.000000000Z,156.138,156.172,156.129,156.152,1092,156.144,156.161
2025-11-28T19:05:00.000000000Z,156.153,156.155,156.128,156.134,766,156.125,156.144
2025-11-28T19:10:00.000000000Z,156.134,156.144,156.125,156.135,547,156.128,156.142
2025-11-28T19:15:00.000000000Z,156.136,156.156,156.127,156.136,516,156.127,156.145
2025-11-28T19:20:00.000000000Z,156.136,156.138,156.111,156.121,454,156.112,156.13
2025-11-28T19:25:00.000000000Z,156.122,156.128,156.112,156.112,323,156.104,156.119
2025-11-28T19:30:00.000000000Z,156.111,156.112,156.076,156.094,641,156.085,156.104
2025-11-28T19:35:00.000000000Z,156.092,156.114,156.09,156.106,295,156.098,156.114
2025-11-28T19:40:00.000000000Z,156.106,156.106,156.084,156.09,155,156.081,156.098
2025-11-28T19:45:00.000000000Z,156.09,156.094,156.072,156.094,395,156.086,156.103
2025-11-28T19:50:00.000000000Z,156.094,156.094,156.086,156.09,296,156.081,156.099
2025-11-28T19:55:00.000000000Z,156.088,156.124,156.08,156.121,591,156.114,156.128
2025-11-28T20:00:00.000000000Z,156.12,156.123,156.092,156.093,682,156.084,156.102
2025-11-28T20:05:00.000000000Z,156.094,156.1,156.088,156.097,329,156.089,156.105
2025-11-28T20:10:00.000000000Z,156.098,156.11,156.09,156.09,475,156.082,156.098
2025-11-28T20:15:00.000000000Z,156.091,156.107,156.068,156.096,534,156.087,156.104
2025-11-28T20:20:00.000000000Z,156.096,156.109,156.091,156.096,616,156.088,156.105
2025-11-28T20:25:00.000000000Z,156.098,156.109,156.093,156.104,689,156.095,156.112
2025-11-28T20:30:00.000000000Z,156.104,156.108,156.078,156.106,955,156.095,156.116
2025-11-28T20:35:00.000000000Z,156.106,156.115,156.09,156.103,334,156.09,156.116
2025-11-28T20:40:00.000000000Z,156.102,156.111,156.09,156.1,388,156.091,156.11
2025-11-28T20:45:00.000000000Z,156.1,156.1,156.083,156.092,157,156.082,156.101
2025-11-28T20:50:00.000000000Z,156.093,156.099,156.092,156.098,130,156.09,156.106
2025-11-28T20:55:00.000000000Z,156.096,156.156,156.096,156.152,741,156.143,156.161
2025-11-28T21:00:00.000000000Z,156.152,156.17,156.142,156.16,1127,156.149,156.171
2025-11-28T21:05:00.000000000Z,156.159,156.16,156.126,156.128,207,156.113,156.142
2025-11-28T21:10:00.000000000Z,156.128,156.137,156.126,156.136,169,156.126,156.145
2025-11-28T21:15:00.000000000Z,156.136,156.138,156.13,156.136,110,156.123,156.149
2025-11-28T21:20:00.000000000Z,156.136,156.141,156.13,156.138,342,156.125,156.152
2025-11-28T21:25:00.000000000Z,156.14,156.144,156.128,156.132,313,156.124,156.14
2025-11-28T21:30:00.000000000Z,156.13,156.143,156.13,156.138,777,156.126,156.151
2025-11-28T21:35:00.000000000Z,156.139,156.149,156.136,156.143,858,156.126,156.16
2025-11-28T21:40:00.000000000Z,156.144,156.144,156.122,156.137,220,156.111,156.163
2025-11-28T21:45:00.000000000Z,156.136,156.198,156.115,156.19,703,156.16,156.22
2025-11-28T21:50:00.000000000Z,156.19,156.202,156.168,156.17,637,156.151,156.189
2025-11-28T21:55:00.000000000Z,156.172,156.202,156.165,156.191,109,156.159,156.223
2025-11-30T22:00:00.000000000Z,156.12,156.12,156.12,156.12,1,156.092,156.149
2025-11-30T22:05:00.000000000Z,156.122,156.146,156.09,156.146,156,156.108,156.184
2025-11-30T22:10:00.000000000Z,156.144,156.146,156.127,156.139,176,156.104,156.174
2025-11-30T22:15:00.000000000Z,156.138,156.146,156.124,156.146,46,156.119,156.173
2025-11-30T22:20:00.000000000Z,156.145,156.146,156.112,156.114,237,156.081,156.146
2025-11-30T22:25:00.000000000Z,156.112,156.118,156.11,156.117,107,156.087,156.147
2025-11-30T22:30:00.000000000Z,156.116,156.13,156.08,156.096,216,156.078,156.115
2025-11-30T22:35:00.000000000Z,156.097,156.108,156.074,156.098,323,156.076,156.12
2025-11-30T22:40:00.000000000Z,156.1,156.12,156.099,156.114,168,156.089,156.139
2025-11-30T22:45:00.000000000Z,156.114,156.123,156.114,156.119,258,156.094,156.144
2025-11-30T22:50:00.000000000Z,156.118,156.121,156.112,156.116,103,156.09,156.141
2025-11-30T22:55:00.000000000Z,156.117,156.124,156.105,156.121,540,156.097,156.145
2025-11-30T23:00:00.000000000Z,156.112,156.15,156.024,156.033,994,156.024,156.042
2025-11-30T23:05:00.000000000Z,156.034,156.048,156.026,156.042,190,156.034,156.051
2025-11-30T23:10:00.000000000Z,156.043,156.09,156.035,156.054,522,156.042,156.066
2025-11-30T23:15:00.000000000Z,156.054,156.103,156.054,156.086,442,156.074,156.097
2025-11-30T23:20:00.000000000Z,156.088,156.092,156.026,156.07,549,156.059,156.081
2025-11-30T23:25:00.000000000Z,156.07,156.082,156.036,156.04,768,156.032,156.049
2025-11-30T23:30:00.000000000Z,156.04,156.13,156.032,156.124,914,156.113,156.134
2025-11-30T23:35:00.000000000Z,156.124,156.153,156.102,156.126,304,156.116,156.135
2025-11-30T23:40:00.000000000Z,156.126,156.126,156.086,156.09,288,156.081,156.099
2025-11-30T23:45:00.000000000Z,156.088,156.099,156.026,156.036,773,156.027,156.046
2025-11-30T23:50:00.000000000Z,156.038,156.04,155.914,155.92,813,155.912,155.929
2025-11-30T23:55:00.000000000Z,155.921,155.946,155.906,155.907,638,155.901,155.913
2025-12-01T00:00:00.000000000Z,155.908,155.912,155.764,155.833,2058,155.825,155.841
2025-12-01T00:05:00.000000000Z,155.832,155.876,155.809,155.857,1381,155.85,155.864
2025-12-01T00:10:00.000000000Z,155.858,155.898,155.816,155.892,1145,155.883,155.902
2025-12-01T00:15:00.000000000Z,155.884,155.893,155.786,155.812,1366,155.805,155.82
2025-12-01T00:20:00.000000000Z,155.812,155.818,155.768,155.776,1264,155.767,155.784
2025-12-01T00:25:00.000000000Z,155.776,155.802,155.734,155.738,1044,155.732,155.745
2025-12-01T00:30:00.000000000Z,155.738,155.766,155.706,155.736,1011,155.727,155.744
2025-12-01T00:35:00.000000000Z,155.738,155.77,155.71,155.732,936,155.725,155.738
2025-12-01T00:40:00.000000000Z,155.731,155.744,155.704,155.741,986,155.734,155.748
2025-12-01T00:45:00.000000000Z,155.74,155.74,155.674,155.706,1239,155.697,155.714
2025-12-01T00:50:00.000000000Z,155.705,155.822,155.688,155.819,1732,155.81,155.828
2025-12-01T00:55:00.000000000Z,155.818,155.861,155.78,155.81,1331,155.8,155.82
2025-12-01T01:00:00.000000000Z,155.81,155.858,155.794,155.822,1324,155.814,155.831
2025-12-01T01:05:00.000000000Z,155.822,155.998,155.512,155.514,5492,155.506,155.522
2025-12-01T01:10:00.000000000Z,155.514,155.692,155.488,155.644,3332,155.634,155.653
2025-12-01T01:15:00.000000000Z,155.644,155.701,155.558,155.654,2045,155.644,155.663
2025-12-01T01:20:00.000000000Z,155.652,155.654,155.542,155.584,1847,155.575,155.592
2025-12-01T01:25:00.000000000Z,155.584,155.683,155.55,155.606,1895,155.598,155.615
2025-12-01T01:30:00.000000000Z,155.606,155.79,155.588,155.786,1811,155.78,155.792
2025-12-01T01:35:00.000000000Z,155.785,155.83,155.689,155.691,1441,155.684,155.698
2025-12-01T01:40:00.000000000Z,155.69,155.774,155.679,155.726,1137,155.716,155.736
2025-12-01T01:45:00.000000000Z,155.726,155.78,155.705,155.712,1051,155.702,155.721
2025-12-01T01:50:00.000000000Z,155.712,155.718,155.61,155.63,1111,155.621,155.638
2025-12-01T01:55:00.000000000Z,155.628,155.653,155.536,155.644,1629,155.636,155.652
2025-12-01T02:00:00.000000000Z,155.644,155.656,155.537,155.569,1355,155.561,155.577
2025-12-01T02:05:00.000000000Z,155.57,155.606,155.535,155.594,1104,155.585,155.602
2025-12-01T02:10:00.000000000Z,155.593,155.608,155.539,155.54,814,155.533,155.547
2025-12-01T02:15:00.000000000Z,155.54,155.585,155.526,155.534,938,155.526,155.543
2025-12-01T02:20:00.000000000Z,155.538,155.601,155.526,155.584,753,155.575,155.593
2025-12-01T02:25:00.000000000Z,155.582,155.616,155.572,155.594,884,155.585,155.603
2025-12-01T02:30:00.000000000Z,155.594,155.626,155.566,155.58,769,155.571,155.59
2025-12-01T02:35:00.000000000Z,155.581,155.586,155.476,155.49,954,155.482,155.497
2025-12-01T02:40:00.000000000Z,155.49,155.498,155.452,155.471,1127,155.461,155.481
2025-12-01T02:45:00.000000000Z,155.47,155.49,155.464,155.471,991,155.464,155.478
2025-12-01T02:50:00.000000000Z,155.47,155.474,155.43,155.454,686,155.444,155.463
2025-12-01T02:55:00.000000000Z,155.454,155.508,155.44,155.502,695,155.493,155.511
2025-12-01T03:00:00.000000000Z,155.502,155.589,155.501,155.585,882,155.578,155.592
2025-12-01T03:05:00.000000000Z,155.586,155.6,155.522,155.558,702,155.549,155.566
2025-12-01T03:10:00.000000000Z,155.558,155.56,155.466,155.476,716,155.468,155.483
2025-12-01T03:15:00.000000000Z,155.475,155.478,155.444,155.476,608,155.469,155.482
2025-12-01T03:20:00.000000000Z,155.476,155.491,155.461,155.486,365,155.478,155.495
2025-12-01T03:25:00.000000000Z,155.486,155.508,155.476,155.5,395,155.492,155.509
2025-12-01T03:30:00.000000000Z,155.499,155.502,155.476,155.477,365,155.468,155.486
2025-12-01T03:35:00.000000000Z,155.479,155.514,155.462,155.5,435,155.491,155.51
2025-12-01T03:40:00.000000000Z,155.502,155.511,155.434,155.442,576,155.435,155.448
2025-12-01T03:45:00.000000000Z,155.44,155.446,155.414,155.428,466,155.42,155.435
2025-12-01T03:50:00.000000000Z,155.427,155.458,155.424,155.454,387,155.445,155.462
2025-12-01T03:55:00.000000000Z,155.452,155.496,155.428,155.462,470,155.455,155.47
2025-12-01T04:00:00.000000000Z,155.463,155.48,155.454,155.476,759,155.467,155.484
2025-12-01T04:05:00.000000000Z,155.474,155.478,155.435,155.438,571,155.431,155.444
2025-12-01T04:10:00.000000000Z,155.438,155.458,155.43,155.45,379,155.442,155.459
2025-12-01T04:15:00.000000000Z,155.45,155.498,155.448,155.49,555,155.482,155.498
2025-12-01T04:20:00.000000000Z,155.49,155.49,155.45,155.454,615,155.447,155.462
2025-12-01T04:25:00.000000000Z,155.454,155.467,155.438,155.438,222,155.431,155.446
2025-12-01T04:30:00.000000000Z,155.439,155.44,155.396,155.414,412,155.406,155.421
2025-12-01T04:35:00.000000000Z,155.414,155.436,155.408,155.428,397,155.42,155.437
2025-12-01T04:40:00.000000000Z,155.429,155.526,155.428,155.525,673,155.518,155.532
2025-12-01T04:45:00.000000000Z,155.523,155.608,155.52,155.578,919,155.57,155.587
2025-12-01T04:50:00.000000000Z,155.579,155.598,155.568,155.575,677,155.566,155.584
2025-12-01T04:55:00.000000000Z,155.576,155.585,155.54,155.553,775,155.545,155.561
2025-12-01T05:00:00.000000000Z,155.552,155.559,155.499,155.538,618,155.529,155.546
2025-12-01T05:05:00.000000000Z,155.537,155.588,155.5,155.558,772,155.55,155.567
2025-12-01T05:10:00.000000000Z,155.559,155.562,155.466,155.468,1061,155.459,155.476
2025-12-01T05:15:00.000000000Z,155.468,155.494,155.445,155.464,839,155.455,155.473
2025-12-01T05:20:00.000000000Z,155.464,155.498,155.411,155.45,1090,155.442,155.458
2025-12-01T05:25:00.000000000Z,155.452,155.494,155.419,155.476,795,155.468,155.483
2025-12-01T05:30:00.000000000Z,155.476,155.574,155.446,155.572,674,155.565,155.579
2025-12-01T05:35:00.000000000Z,155.572,155.594,155.537,155.548,813,155.541,155.554
2025-12-01T05:40:00.000000000Z,155.549,155.604,155.544,155.586,735,155.579,155.594
2025-12-01T05:45:00.000000000Z,155.586,155.595,155.539,155.557,728,155.549,155.565
2025-12-01T05:50:00.000000000Z,155.556,155.59,155.549,155.584,435,155.576,155.592
2025-12-01T05:55:00.000000000Z,155.584,155.626,155.556,155.598,1048,155.59,155.605
2025-12-01T06:00:00.000000000Z,155.599,155.694,155.598,155.686,1018,155.678,155.693
2025-12-01T06:05:00.000000000Z,155.685,155.689,155.651,155.672,925,155.666,155.678
2025-12-01T06:10:00.000000000Z,155.67,155.682,155.654,155.68,505,155.673,155.686
2025-12-01T06:15:00.000000000Z,155.679,155.679,155.624,155.631,648,155.624,155.638
2025-12-01T06:20:00.000000000Z,155.632,155.695,155.622,155.676,667,155.669,155.684
2025-12-01T06:25:00.000000000Z,155.677,155.684,155.626,155.644,612,155.637,155.652
2025-12-01T06:30:00.000000000Z,155.645,155.661,155.626,155.638,801,155.63,155.646
2025-12-01T06:35:00.000000000Z,155.64,155.643,155.562,155.569,906,155.561,155.577
2025-12-01T06:40:00.000000000Z,155.568,155.634,155.56,155.632,887,155.623,155.641
2025-12-01T06:45:00.000000000Z,155.632,155.67,155.626,155.654,902,155.647,155.662
2025-12-01T06:50:00.000000000Z,155.655,155.665,155.606,155.61,851,155.602,155.618
2025-12-01T06:55:00.000000000Z,155.61,155.613,155.562,155.566,623,155.557,155.574
2025-12-01T07:00:00.000000000Z,155.566,155.63,155.522,155.592,1203,155.584,155.601
2025-12-01T07:05:00.000000000Z,155.592,155.6,155.529,155.533,898,155.524,155.542
2025-12-01T07:10:00.000000000Z,155.534,155.587,155.531,155.576,721,155.568,155.585
2025-12-01T07:15:00.000000000Z,155.575,155.58,155.508,155.52,786,155.512,155.529
2025-12-01T07:20:00.000000000Z,155.52,155.52,155.432,155.446,1017,155.437,155.454
2025-12-01T07:25:00.000000000Z,155.446,155.46,155.396,155.405,705,155.398,155.412
2025-12-01T07:30:00.000000000Z,155.404,155.443,155.382,155.393,1041,155.385,155.401
2025-12-01T07:35:00.000000000Z,155.392,155.424,155.372,155.377,926,155.368,155.386
2025-12-01T07:40:00.000000000Z,155.376,155.392,155.316,155.322,1108,155.315,155.328
2025-12-01T07:45:00.000000000Z,155.321,155.352,155.307,155.32,1348,155.313,155.328
2025-12-01T07:50:00.000000000Z,155.32,155.385,155.309,155.354,1541,155.347,155.361
2025-12-01T07:55:00.000000000Z,155.351,155.395,155.332,155.364,1927,155.355,155.372
2025-12-01T08:00:00.000000000Z,155.364,155.42,155.342,155.42,2152,155.41,155.429
2025-12-01T08:05:00.000000000Z,155.42,155.439,155.308,155.335,1611,155.326,155.344
2025-12-01T08:10:00.000000000Z,155.334,155.382,155.329,155.346,1251,155.337,155.355
2025-12-01T08:15:00.000000000Z,155.344,155.372,155.3,155.328,1357,155.32,155.335
2025-12-01T08:20:00.000000000Z,155.326,155.335,155.26,155.293,1353,155.284,155.302
2025-12-01T08:25:00.000000000Z,155.292,155.344,155.268,155.318,960,155.31,155.327
2025-12-01T08:30:00.000000000Z,155.318,155.43,155.316,155.43,1092,155.422,155.438
2025-12-01T08:35:00.000000000Z,155.429,155.496,155.427,155.482,1314,155.474,155.491
2025-12-01T08:40:00.000000000Z,155.48,155.564,155.465,155.558,1452,155.549,155.567
2025-12-01T08:45:00.000000000Z,155.556,155.564,155.496,155.497,1824,155.488,155.506
2025-12-01T08:50:00.000000000Z,155.498,155.546,155.469,155.543,1543,155.535,155.551
2025-12-01T08:55:00.000000000Z,155.542,155.558,155.469,155.488,1417,155.479,155.497
2025-12-01T09:00:00.000000000Z,155.488,155.488,155.446,155.456,1601,155.448,155.465
2025-12-01T09:05:00.000000000Z,155.456,155.487,155.432,155.462,1270,155.453,155.47
2025-12-01T09:10:00.000000000Z,155.461,155.483,155.417,155.422,1086,155.413,155.43
2025-12-01T09:15:00.000000000Z,155.422,155.532,155.394,155.494,1136,155.485,155.503
2025-12-01T09:20:00.000000000Z,155.494,155.501,155.42,155.43,859,155.42,155.439
2025-12-01T09:25:00.000000000Z,155.431,155.44,155.348,155.35,748,155.342,155.359
2025-12-01T09:30:00.000000000Z,155.35,155.389,155.334,155.374,902,155.367,155.382
2025-12-01T09:35:00.000000000Z,155.373,155.388,155.337,155.364,1202,155.354,155.373
2025-12-01T09:40:00.000000000Z,155.363,155.368,155.332,155.334,1111,155.325,155.342
2025-12-01T09:45:00.000000000Z,155.334,155.338,155.262,155.282,1423,155.273,155.29
2025-12-01T09:50:00.000000000Z,155.281,155.319,155.266,155.273,1258,155.266,155.28
2025-12-01T09:55:00.000000000Z,155.272,155.31,155.267,155.288,1355,155.28,155.297
2025-12-01T10:00:00.000000000Z,155.286,155.309,155.237,155.247,987,155.239,155.255
2025-12-01T10:05:00.000000000Z,155.246,155.252,155.231,155.246,1009,155.238,155.255
2025-12-01T10:10:00.000000000Z,155.246,155.285,155.244,155.258,712,155.251,155.264
2025-12-01T10:15:00.000000000Z,155.258,155.259,155.232,155.258,753,155.25,155.266
2025-12-01T10:20:00.000000000Z,155.256,155.26,155.234,155.24,672,155.232,155.249
2025-12-01T10:25:00.000000000Z,155.241,155.249,155.162,155.176,1199,155.168,155.183
2025-12-01T10:30:00.000000000Z,155.175,155.21,155.164,155.188,969,155.181,155.195
2025-12-01T10:35:00.000000000Z,155.188,155.23,155.184,155.223,1010,155.215,155.231
2025-12-01T10:40:00.000000000Z,155.221,155.308,155.21,155.306,993,155.298,155.314
2025-12-01T10:45:00.000000000Z,155.306,155.308,155.246,155.256,1017,155.248,155.264
2025-12-01T10:50:00.000000000Z,155.254,155.254,155.208,155.228,1081,155.22,155.236
2025-12-01T10:55:00.000000000Z,155.228,155.274,155.224,155.257,1060,155.249,155.265
2025-12-01T11:00:00.000000000Z,155.258,155.282,155.245,155.269,906,155.261,155.277
2025-12-01T11:05:00.000000000Z,155.267,155.297,155.253,155.292,1027,155.284,155.299
2025-12-01T11:10:00.000000000Z,155.292,155.341,155.279,155.336,1100,155.329,155.344
2025-12-01T11:15:00.000000000Z,155.337,155.344,155.324,155.34,844,155.332,155.348
2025-12-01T11:20:00.000000000Z,155.34,155.342,155.208,155.212,892,155.203,155.22
2025-12-01T11:25:00.000000000Z,155.212,155.248,155.197,155.214,1358,155.206,155.223
2025-12-01T11:30:00.000000000Z,155.213,155.214,155.164,155.179,927,155.17,155.188
2025-12-01T11:35:00.000000000Z,155.18,155.198,155.168,155.192,963,155.184,155.201
2025-12-01T11:40:00.000000000Z,155.192,155.192,155.127,155.144,1141,155.136,155.152
2025-12-01T11:45:00.000000000Z,155.144,155.152,155.13,155.14,673,155.131,155.15
2025-12-01T11:50:00.000000000Z,155.141,155.152,155.104,155.126,896,155.116,155.135
2025-12-01T11:55:00.000000000Z,155.124,155.152,155.105,155.109,925,155.101,155.117
2025-12-01T12:00:00.000000000Z,155.108,155.153,155.102,155.128,1136,155.121,155.134
2025-12-01T12:05:00.000000000Z,155.127,155.152,155.066,155.072,1239,155.065,155.08
2025-12-01T12:10:00.000000000Z,155.072,155.08,155.057,155.07,1373,155.062,155.079
2025-12-01T12:15:00.000000000Z,155.071,155.076,155.044,155.068,924,155.059,155.076
2025-12-01T12:20:00.000000000Z,155.068,155.077,155.012,155.03,1174,155.022,155.037
2025-12-01T12:25:00.000000000Z,155.029,155.036,155.003,155.01,1011,155.002,155.019
2025-12-01T12:30:00.000000000Z,155.01,155.04,154.999,155.031,1102,155.023,155.039
2025-12-01T12:35:00.000000000Z,155.032,155.032,154.94,154.954,1166,154.946,154.962
2025-12-01T12:40:00.000000000Z,154.954,154.987,154.906,154.937,1237,154.929,154.945
2025-12-01T12:45:00.000000000Z,154.936,154.936,154.856,154.879,1143,154.871,154.887
2025-12-01T12:50:00.000000000Z,154.878,154.9,154.804,154.82,1508,154.814,154.826
2025-12-01T12:55:00.000000000Z,154.82,154.84,154.764,154.79,1463,154.783,154.797
2025-12-01T13:00:00.000000000Z,154.79,154.802,154.7,154.714,2076,154.706,154.722
2025-12-01T13:05:00.000000000Z,154.712,154.798,154.7,154.794,1942,154.785,154.802
2025-12-01T13:10:00.000000000Z,154.792,154.838,154.76,154.823,1707,154.814,154.832
2025-12-01T13:15:00.000000000Z,154.822,154.852,154.788,154.791,1143,154.783,154.799
2025-12-01T13:20:00.000000000Z,154.79,154.842,154.788,154.805,1445,154.798,154.812
2025-12-01T13:25:00.000000000Z,154.804,154.813,154.755,154.772,1099,154.765,154.779
2025-12-01T13:30:00.000000000Z,154.772,154.88,154.762,154.836,1843,154.828,154.844
2025-12-01T13:35:00.000000000Z,154.836,154.838,154.767,154.782,1337,154.775,154.79
2025-12-01T13:40:00.000000000Z,154.782,154.794,154.663,154.682,1494,154.674,154.691
2025-12-01T13:45:00.000000000Z,154.684,154.786,154.681,154.78,1592,154.772,154.788
2025-12-01T13:50:00.000000000Z,154.78,154.9,154.776,154.863,1748,154.855,154.871
2025-12-01T13:55:00.000000000Z,154.86,154.864,154.798,154.844,1432,154.835,154.853
2025-12-01T14:00:00.000000000Z,154.844,154.957,154.838,154.948,1927,154.94,154.956
2025-12-01T14:05:00.000000000Z,154.95,155.006,154.932,154.974,1595,154.966,154.983
2025-12-01T14:10:00.000000000Z,154.977,155.014,154.951,154.977,1354,154.969,154.985
2025-12-01T14:15:00.000000000Z,154.976,154.99,154.885,154.895,1405,154.886,154.904
2025-12-01T14:20:00.000000000Z,154.896,154.958,154.896,154.928,1538,154.92,154.936
2025-12-01T14:25:00.000000000Z,154.928,154.973,154.918,154.944,1163,154.936,154.953
2025-12-01T14:30:00.000000000Z,154.946,154.998,154.905,154.93,2220,154.922,154.938
2025-12-01T14:35:00.000000000Z,154.93,155.012,154.915,154.93,2045,154.922,154.938
2025-12-01T14:40:00.000000000Z,154.93,154.982,154.906,154.946,1188,154.936,154.957
2025-12-01T14:45:00.000000000Z,154.946,155.04,154.944,154.986,1977,154.979,154.993
2025-12-01T14:50:00.000000000Z,154.986,155.068,154.978,155.036,1959,155.028,155.045
2025-12-01T14:55:00.000000000Z,155.034,155.038,154.992,154.998,961,154.986,155.011
2025-12-01T15:00:00.000000000Z,154.995,155.016,154.872,155.016,2579,155.007,155.024
2025-12-01T15:05:00.000000000Z,155.015,155.081,154.998,155.052,2116,155.045,155.06
2025-12-01T15:10:00.000000000Z,155.054,155.145,155.054,155.128,1693,155.119,155.137
2025-12-01T15:15:00.000000000Z,155.128,155.134,155.082,155.096,1130,155.087,155.105
2025-12-01T15:20:00.000000000Z,155.096,155.145,155.049,155.076,1357,155.068,155.084
2025-12-01T15:25:00.000000000Z,155.076,155.125,155.046,155.049,1527,155.041,155.057
2025-12-01T15:30:00.000000000Z,155.048,155.13,155.04,155.122,2041,155.113,155.131
2025-12-01T15:35:00.000000000Z,155.122,155.182,155.084,155.174,1735,155.166,155.181
2025-12-01T15:40:00.000000000Z,155.173,155.199,155.132,155.134,1388,155.126,155.141
2025-12-01T15:45:00.000000000Z,155.134,155.156,155.082,155.086,1311,155.078,155.095
2025-12-01T15:50:00.000000000Z,155.087,155.148,155.07,155.125,1466,155.118,155.132
2025-12-01T15:55:00.000000000Z,155.126,155.134,155.044,155.098,2174,155.089,155.106
2025-12-01T16:00:00.000000000Z,155.099,155.179,155.099,155.162,1876,155.153,155.17
2025-12-01T16:05:00.000000000Z,155.163,155.188,155.107,155.122,1663,155.114,155.13
2025-12-01T16:10:00.000000000Z,155.122,155.18,155.098,155.169,1512,155.16,155.178
2025-12-01T16:15:00.000000000Z,155.168,155.241,155.154,155.235,1163,155.228,155.242
2025-12-01T16:20:00.000000000Z,155.236,155.257,155.213,155.248,1356,155.239,155.257
2025-12-01T16:25:00.000000000Z,155.25,155.294,155.248,155.277,1317,155.268,155.286
2025-12-01T16:30:00.000000000Z,155.278,155.296,155.254,155.292,1137,155.284,155.301
2025-12-01T16:35:00.000000000Z,155.291,155.306,155.255,155.294,839,155.285,155.302
2025-12-01T16:40:00.000000000Z,155.294,155.308,155.258,155.264,1223,155.256,155.273
2025-12-01T16:45:00.000000000Z,155.264,155.305,155.254,155.29,1275,155.282,155.297
2025-12-01T16:50:00.000000000Z,155.29,155.317,155.288,155.302,952,155.296,155.309
2025-12-01T16:55:00.000000000Z,155.302,155.316,155.278,155.29,789,155.281,155.298
2025-12-01T17:00:00.000000000Z,155.289,155.302,155.262,155.286,717,155.278,155.295
2025-12-01T17:05:00.000000000Z,155.285,155.318,155.266,155.314,653,155.305,155.323
2025-12-01T17:10:00.000000000Z,155.316,155.353,155.302,155.336,594,155.328,155.343
2025-12-01T17:15:00.000000000Z,155.337,155.358,155.315,155.346,736,155.338,155.355
2025-12-01T17:20:00.000000000Z,155.347,155.366,155.343,155.348,696,155.34,155.355
2025-12-01T17:25:00.000000000Z,155.347,155.36,155.31,155.311,632,155.302,155.32
2025-12-01T17:30:00.000000000Z,155.31,155.316,155.286,155.299,586,155.292,155.306
2025-12-01T17:35:00.000000000Z,155.3,155.311,155.284,155.287,510,155.279,155.295
2025-12-01T17:40:00.000000000Z,155.288,155.313,155.284,155.306,618,155.298,155.314
2025-12-01T17:45:00.000000000Z,155.308,155.361,155.307,155.344,871,155.336,155.352
2025-12-01T17:50:00.000000000Z,155.344,155.386,155.344,155.374,1015,155.366,155.382
2025-12-01T17:55:00.000000000Z,155.374,155.386,155.341,155.352,1052,155.345,155.359
2025-12-01T18:00:00.000000000Z,155.35,155.374,155.342,155.364,938,155.357,155.371
2025-12-01T18:05:00.000000000Z,155.364,155.388,155.358,155.386,637,155.379,155.393
2025-12-01T18:10:00.000000000Z,155.386,155.402,155.384,155.384,384,155.377,155.392
2025-12-01T18:15:00.000000000Z,155.382,155.398,155.376,155.393,376,155.385,155.401
2025-12-01T18:20:00.000000000Z,155.392,155.451,155.392,155.444,704,155.435,155.453
2025-12-01T18:25:00.000000000Z,155.442,155.458,155.44,155.448,511,155.441,155.455
2025-12-01T18:30:00.000000000Z,155.45,155.469,155.446,155.46,673,155.453,155.468
2025-12-01T18:35:00.000000000Z,155.46,155.469,155.458,155.459,507,155.45,155.468
2025-12-01T18:40:00.000000000Z,155.458,155.476,155.449,155.464,581,155.457,155.471
2025-12-01T18:45:00.000000000Z,155.464,155.499,155.458,155.494,578,155.487,155.502
2025-12-01T18:50:00.000000000Z,155.495,155.496,155.477,155.482,342,155.473,155.49
2025-12-01T18:55:00.000000000Z,155.481,155.502,155.48,155.496,493,155.488,155.504
2025-12-01T19:00:00.000000000Z,155.496,155.508,155.486,155.494,622,155.486,155.502
2025-12-01T19:05:00.000000000Z,155.494,155.52,155.49,155.518,412,155.51,155.527
2025-12-01T19:10:00.000000000Z,155.518,155.524,155.508,155.516,671,155.51,155.522
2025-12-01T19:15:00.000000000Z,155.516,155.523,155.508,155.509,635,155.501,155.517
2025-12-01T19:20:00.000000000Z,155.508,155.519,155.504,155.508,442,155.501,155.516
2025-12-01T19:25:00.000000000Z,155.509,155.51,155.484,155.492,663,155.484,155.501
2025-12-01T19:30:00.000000000Z,155.492,155.498,155.48,155.482,538,155.474,155.49
2025-12-01T19:35:00.000000000Z,155.482,155.484,155.46,155.47,567,155.461,155.478
2025-12-01T19:40:00.000000000Z,155.469,155.484,155.468,155.469,549,155.462,155.476
2025-12-01T19:45:00.000000000Z,155.47,155.508,155.452,155.508,707,155.5,155.515
2025-12-01T19:50:00.000000000Z,155.508,155.512,155.476,155.482,557,155.475,155.489
2025-12-01T19:55:00.000000000Z,155.482,155.496,155.476,155.482,683,155.473,155.49
2025-12-01T20:00:00.000000000Z,155.484,155.486,155.446,155.459,715,155.45,155.468
2025-12-01T20:05:00.000000000Z,155.458,155.474,155.458,155.462,265,155.453,155.47
2025-12-01T20:10:00.000000000Z,155.462,155.472,155.457,155.46,322,155.454,155.466
2025-12-01T20:15:00.000000000Z,155.46,155.482,155.46,155.476,335,155.467,155.484
2025-12-01T20:20:00.000000000Z,155.475,155.48,155.47,155.474,290,155.466,155.481
2025-12-01T20:25:00.000000000Z,155.474,155.504,155.468,155.502,291,155.494,155.51
2025-12-01T20:30:00.000000000Z,155.502,155.514,155.494,155.494,380,155.486,155.503
2025-12-01T20:35:00.000000000Z,155.496,155.505,155.488,155.497,207,155.488,155.506
2025-12-01T20:40:00.000000000Z,155.496,155.52,155.495,155.497,434,155.488,155.506
2025-12-01T20:45:00.000000000Z,155.498,155.511,155.497,155.508,274,155.499,155.516
2025-12-01T20:50:00.000000000Z,155.509,155.517,155.455,155.457,527,155.449,155.465
2025-12-01T20:55:00.000000000Z,155.456,155.46,155.437,155.448,590,155.44,155.455
2025-12-01T21:00:00.000000000Z,155.446,155.45,155.442,155.444,239,155.438,155.451
2025-12-01T21:05:00.000000000Z,155.444,155.458,155.44,155.444,245,155.438,155.45
2025-12-01T21:10:00.000000000Z,155.446,155.462,155.443,155.447,179,155.44,155.454
2025-12-01T21:15:00.000000000Z,155.446,155.453,155.444,155.444,177,155.437,155.451
2025-12-01T21:20:00.000000000Z,155.444,155.464,155.44,155.462,139,155.453,155.47
2025-12-01T21:25:00.000000000Z,155.464,155.475,155.45,155.46,197,155.454,155.466
2025-12-01T21:30:00.000000000Z,155.459,155.464,155.456,155.462,108,155.453,155.47
2025-12-01T21:35:00.000000000Z,155.462,155.484,155.46,155.482,147,155.473,155.49
2025-12-01T21:40:00.000000000Z,155.481,155.508,155.468,155.508,205,155.5,155.515
2025-12-01T21:45:00.000000000Z,155.509,155.51,155.474,155.506,195,155.497,155.515
2025-12-01T21:50:00.000000000Z,155.508,155.51,155.482,155.482,446,155.474,155.491
2025-12-01T21:55:00.000000000Z,155.486,155.514,155.478,155.484,487,155.471,155.496
2025-12-01T22:00:00.000000000Z,155.474,155.474,155.474,155.474,1,155.435,155.513
2025-12-01T22:05:00.000000000Z,155.47,155.484,155.469,155.484,14,155.448,155.519
2025-12-01T22:10:00.000000000Z,155.483,155.483,155.471,155.472,9,155.428,155.515
2025-12-01T22:15:00.000000000Z,155.469,155.473,155.45,155.472,109,155.453,155.49
2025-12-01T22:20:00.000000000Z,155.47,155.474,155.459,155.471,110,155.453,155.489
2025-12-01T22:25:00.000000000Z,155.472,155.472,155.466,155.466,65,155.453,155.478
2025-12-01T22:30:00.000000000Z,155.465,155.468,155.462,155.467,73,155.453,155.481
2025-12-01T22:35:00.000000000Z,155.466,155.468,155.462,155.463,104,155.452,155.474
2025-12-01T22:40:00.000000000Z,155.462,155.466,155.456,155.458,76,155.446,155.469
2025-12-01T22:45:00.000000000Z,155.457,155.46,155.429,155.438,163,155.415,155.462
2025-12-01T22:50:00.000000000Z,155.44,155.446,155.436,155.438,148,155.415,155.46
2025-12-01T22:55:00.000000000Z,155.437,155.454,155.437,155.448,303,155.436,155.459
2025-12-01T23:00:00.000000000Z,155.449,155.472,155.448,155.464,243,155.453,155.476
2025-12-01T23:05:00.000000000Z,155.463,155.467,155.442,155.442,136,155.434,155.45
2025-12-01T23:10:00.000000000Z,155.439,155.46,155.436,155.458,144,155.448,155.467
2025-12-01T23:15:00.000000000Z,155.457,155.468,155.454,155.456,103,155.447,155.465
2025-12-01T23:20:00.000000000Z,155.456,155.492,155.454,155.489,117,155.479,155.499
2025-12-01T23:25:00.000000000Z,155.488,155.502,155.468,155.469,131,155.46,155.478
2025-12-01T23:30:00.000000000Z,155.47,155.499,155.47,155.493,233,155.483,155.503
2025-12-01T23:35:00.000000000Z,155.492,155.495,155.486,155.492,59,155.483,155.501
2025-12-01T23:40:00.000000000Z,155.492,155.522,155.492,155.52,208,155.511,155.53
2025-12-01T23:45:00.000000000Z,155.521,155.558,155.52,155.538,235,155.529,155.547
2025-12-01T23:50:00.000000000Z,155.538,155.546,155.526,155.54,198,155.532,155.548
2025-12-01T23:55:00.000000000Z,155.539,155.575,155.538,155.564,352,155.555,155.572
2025-12-02T00:00:00.000000000Z,155.563,155.564,155.46,155.492,1265,155.483,155.502
2025-12-02T00:05:00.000000000Z,155.493,155.53,155.478,155.518,872,155.51,155.527
2025-12-02T00:10:00.000000000Z,155.518,155.52,155.482,155.517,527,155.508,155.526
2025-12-02T00:15:00.000000000Z,155.517,155.615,155.517,155.615,807,155.607,155.623
2025-12-02T00:20:00.000000000Z,155.616,155.654,155.61,155.638,692,155.63,155.646
2025-12-02T00:25:00.000000000Z,155.638,155.638,155.585,155.614,707,155.607,155.62
2025-12-02T00:30:00.000000000Z,155.614,155.628,155.572,155.574,772,155.567,155.582
2025-12-02T00:35:00.000000000Z,155.574,155.598,155.562,155.591,670,155.584,155.598
2025-12-02T00:40:00.000000000Z,155.59,155.637,155.58,155.636,816,155.629,155.642
2025-12-02T00:45:00.000000000Z,155.636,155.646,155.6,155.626,694,155.617,155.634
2025-12-02T00:50:00.000000000Z,155.626,155.681,155.623,155.652,1191,155.643,155.662
2025-12-02T00:55:00.000000000Z,155.653,155.656,155.614,155.639,1057,155.631,155.647
2025-12-02T01:00:00.000000000Z,155.638,155.704,155.638,155.688,1177,155.678,155.697
2025-12-02T01:05:00.000000000Z,155.689,155.734,155.663,155.71,1054,155.701,155.72
2025-12-02T01:10:00.000000000Z,155.711,155.776,155.699,155.758,1211,155.75,155.767
2025-12-02T01:15:00.000000000Z,155.759,155.762,155.71,155.719,648,155.711,155.727
2025-12-02T01:20:00.000000000Z,155.718,155.732,155.684,155.7,672,155.691,155.708
2025-12-02T01:25:00.000000000Z,155.699,155.705,155.652,155.664,654,155.655,155.674
2025-12-02T01:30:00.000000000Z,155.663,155.664,155.638,155.638,894,155.629,155.646
2025-12-02T01:35:00.000000000Z,155.64,155.652,155.613,155.628,703,155.618,155.637
2025-12-02T01:40:00.000000000Z,155.628,155.632,155.602,155.631,751,155.625,155.637
2025-12-02T01:45:00.000000000Z,155.63,155.632,155.608,155.614,607,155.605,155.623
2025-12-02T01:50:00.000000000Z,155.616,155.623,155.592,155.601,607,155.593,155.609
2025-12-02T01:55:00.000000000Z,155.602,155.648,155.598,155.632,640,155.624,155.641
2025-12-02T02:00:00.000000000Z,155.633,155.635,155.591,155.6,584,155.59,155.609
2025-12-02T02:05:00.000000000Z,155.603,155.638,155.602,155.623,473,155.615,155.631
2025-12-02T02:10:00.000000000Z,155.625,155.637,155.59,155.601,377,155.592,155.61
2025-12-02T02:15:00.000000000Z,155.6,155.614,155.597,155.612,213,155.603,155.621
2025-12-02T02:20:00.000000000Z,155.612,155.628,155.599,155.62,550,155.611,155.628
2025-12-02T02:25:00.000000000Z,155.622,155.641,155.614,155.628,356,155.621,155.636
2025-12-02T02:30:00.000000000Z,155.628,155.652,155.626,155.638,316,155.63,155.647
2025-12-02T02:35:00.000000000Z,155.639,155.68,155.636,155.669,410,155.661,155.677
2025-12-02T02:40:00.000000000Z,155.672,155.694,155.67,155.692,447,155.683,155.701
2025-12-02T02:45:00.000000000Z,155.692,155.706,155.682,155.686,387,155.677,155.696
2025-12-02T02:50:00.000000000Z,155.687,155.709,155.673,155.674,499,155.666,155.682
2025-12-02T02:55:00.000000000Z,155.673,155.679,155.661,155.664,501,155.657,155.672
2025-12-02T03:00:00.000000000Z,155.663,155.699,155.659,155.696,620,155.689,155.704
2025-12-02T03:05:00.000000000Z,155.698,155.724,155.676,155.683,590,155.675,155.691
2025-12-02T03:10:00.000000000Z,155.681,155.682,155.66,155.671,413,155.662,155.68
2025-12-02T03:15:00.000000000Z,155.672,155.673,155.657,155.662,317,155.654,155.67
2025-12-02T03:20:00.000000000Z,155.662,155.677,155.66,155.671,433,155.664,155.678
2025-12-02T03:25:00.000000000Z,155.672,155.673,155.61,155.61,760,155.603,155.617
2025-12-02T03:30:00.000000000Z,155.61,155.62,155.598,155.608,683,155.599,155.616
2025-12-02T03:35:00.000000000Z,155.608,155.629,155.599,155.618,382,155.61,155.627
2025-12-02T03:40:00.000000000Z,155.618,155.628,155.609,155.626,317,155.617,155.634
2025-12-02T03:45:00.000000000Z,155.626,155.637,155.595,155.596,569,155.589,155.604
2025-12-02T03:50:00.000000000Z,155.596,155.624,155.559,155.622,877,155.613,155.631
2025-12-02T03:55:00.000000000Z,155.622,155.636,155.608,155.63,509,155.622,155.639
2025-12-02T04:00:00.000000000Z,155.632,155.637,155.578,155.588,503,155.578,155.597
2025-12-02T04:05:00.000000000Z,155.588,155.59,155.552,155.576,376,155.569,155.583
2025-12-02T04:10:00.000000000Z,155.576,155.592,155.566,155.592,407,155.584,155.599
2025-12-02T04:15:00.000000000Z,155.591,155.61,155.58,155.604,363,155.595,155.613
2025-12-02T04:20:00.000000000Z,155.604,155.632,155.588,155.632,438,155.624,155.641
2025-12-02T04:25:00.000000000Z,155.632,155.654,155.631,155.642,381,155.634,155.649
2025-12-02T04:30:00.000000000Z,155.642,155.66,155.632,155.658,374,155.65,155.666
2025-12-02T04:35:00.000000000Z,155.659,155.666,155.626,155.627,584,155.619,155.635
2025-12-02T04:40:00.000000000Z,155.627,155.636,155.614,155.622,449,155.614,155.63
2025-12-02T04:45:00.000000000Z,155.622,155.652,155.622,155.649,381,155.64,155.658
2025-12-02T04:50:00.000000000Z,155.65,155.656,155.614,155.648,493,155.64,155.657
2025-12-02T04:55:00.000000000Z,155.648,155.653,155.627,155.642,690,155.634,155.65
2025-12-02T05:00:00.000000000Z,155.644,155.655,155.632,155.652,664,155.642,155.661
2025-12-02T05:05:00.000000000Z,155.652,155.692,155.648,155.688,856,155.679,155.696
2025-12-02T05:10:00.000000000Z,155.687,155.734,155.673,155.72,882,155.713,155.727
2025-12-02T05:15:00.000000000Z,155.721,155.734,155.706,155.71,573,155.7,155.719
2025-12-02T05:20:00.000000000Z,155.709,155.714,155.688,155.692,375,155.683,155.702
2025-12-02T05:25:00.000000000Z,155.692,155.696,155.682,155.692,683,155.684,155.7
2025-12-02T05:30:00.000000000Z,155.692,155.712,155.676,155.683,745,155.674,155.692
2025-12-02T05:35:00.000000000Z,155.684,155.694,155.654,155.661,752,155.653,155.669
2025-12-02T05:40:00.000000000Z,155.662,155.664,155.634,155.638,496,155.631,155.646
2025-12-02T05:45:00.000000000Z,155.639,155.665,155.639,155.647,796,155.639,155.655
2025-12-02T05:50:00.000000000Z,155.648,155.695,155.648,155.675,626,155.668,155.682
2025-12-02T05:55:00.000000000Z,155.674,155.675,155.65,155.654,593,155.647,155.662
2025-12-02T06:00:00.000000000Z,155.655,155.689,155.638,155.683,667,155.677,155.689
2025-12-02T06:05:00.000000000Z,155.682,155.726,155.674,155.722,899,155.713,155.73
2025-12-02T06:10:00.000000000Z,155.721,155.762,155.721,155.76,552,155.753,155.768
2025-12-02T06:15:00.000000000Z,155.76,155.765,155.726,155.728,544,155.72,155.735
2025-12-02T06:20:00.000000000Z,155.728,155.784,155.728,155.77,870,155.763,155.778
2025-12-02T06:25:00.000000000Z,155.77,155.8,155.757,155.784,788,155.776,155.791
2025-12-02T06:30:00.000000000Z,155.784,155.81,155.779,155.78,653,155.773,155.787
2025-12-02T06:35:00.000000000Z,155.78,155.78,155.742,155.748,832,155.74,155.757
2025-12-02T06:40:00.000000000Z,155.748,155.814,155.748,155.79,766,155.782,155.798
2025-12-02T06:45:00.000000000Z,155.79,155.82,155.779,155.788,781,155.78,155.795
2025-12-02T06:50:00.000000000Z,155.786,155.799,155.764,155.774,629,155.766,155.782
2025-12-02T06:55:00.000000000Z,155.776,155.782,155.762,155.762,734,155.754,155.77
2025-12-02T07:00:00.000000000Z,155.762,155.777,155.74,155.764,1239,155.755,155.773
2025-12-02T07:05:00.000000000Z,155.764,155.773,155.746,155.757,526,155.749,155.765
2025-12-02T07:10:00.000000000Z,155.758,155.81,155.744,155.797,865,155.789,155.805
2025-12-02T07:15:00.000000000Z,155.797,155.808,155.775,155.785,633,155.776,155.794
2025-12-02T07:20:00.000000000Z,155.785,155.838,155.772,155.826,849,155.819,155.833
2025-12-02T07:25:00.000000000Z,155.826,155.827,155.794,155.8,519,155.793,155.808
2025-12-02T07:30:00.000000000Z,155.801,155.821,155.794,155.82,522,155.811,155.829
2025-12-02T07:35:00.000000000Z,155.82,155.836,155.804,155.818,604,155.81,155.827
2025-12-02T07:40:00.000000000Z,155.82,155.82,155.762,155.77,781,155.761,155.778
2025-12-02T07:45:00.000000000Z,155.77,155.78,155.726,155.734,820,155.727,155.742
2025-12-02T07:50:00.000000000Z,155.735,155.746,155.716,155.728,753,155.721,155.735
2025-12-02T07:55:00.000000000Z,155.728,155.776,155.717,155.768,1042,155.76,155.776
2025-12-02T08:00:00.000000000Z,155.768,155.82,155.766,155.816,1272,155.808,155.824
2025-12-02T08:05:00.000000000Z,155.816,155.84,155.796,155.805,1017,155.797,155.813
2025-12-02T08:10:00.000000000Z,155.804,155.844,155.802,155.83,932,155.821,155.838
2025-12-02T08:15:00.000000000Z,155.829,155.87,155.822,155.868,796,155.86,155.877
2025-12-02T08:20:00.000000000Z,155.868,155.892,155.858,155.882,857,155.873,155.89
2025-12-02T08:25:00.000000000Z,155.882,155.952,155.878,155.952,912,155.943,155.96
2025-12-02T08:30:00.000000000Z,155.95,155.968,155.921,155.922,1071,155.914,155.93
2025-12-02T08:35:00.000000000Z,155.922,155.932,155.892,155.9,905,155.892,155.909
2025-12-02T08:40:00.000000000Z,155.9,155.98,155.9,155.948,978,155.94,155.956
2025-12-02T08:45:00.000000000Z,155.948,155.958,155.925,155.932,713,155.925,155.94
2025-12-02T08:50:00.000000000Z,155.933,155.964,155.933,155.958,657,155.95,155.965
2025-12-02T08:55:00.000000000Z,155.957,156.008,155.952,155.997,1159,155.988,156.006
2025-12-02T09:00:00.000000000Z,155.998,156.004,155.944,155.95,1050,155.942,155.959
2025-12-02T09:05:00.000000000Z,155.951,156.016,155.932,155.974,1052,155.964,155.983
2025-12-02T09:10:00.000000000Z,155.972,156.021,155.972,156.012,1490,156.003,156.022
2025-12-02T09:15:00.000000000Z,156.013,156.028,155.984,156.0,937,155.992,156.007
2025-12-02T09:20:00.000000000Z,155.998,156.066,155.997,156.064,635,156.056,156.071
2025-12-02T09:25:00.000000000Z,156.063,156.086,156.052,156.065,1023,156.057,156.073
2025-12-02T09:30:00.000000000Z,156.066,156.084,156.02,156.02,940,156.013,156.028
2025-12-02T09:35:00.000000000Z,156.021,156.058,156.019,156.032,816,156.023,156.041
2025-12-02T09:40:00.000000000Z,156.032,156.042,156.008,156.011,709,156.002,156.02
2025-12-02T09:45:00.000000000Z,156.01,156.053,156.01,156.023,698,156.016,156.03
2025-12-02T09:50:00.000000000Z,156.024,156.028,155.939,155.961,1095,155.954,155.968
2025-12-02T09:55:00.000000000Z,155.96,155.972,155.956,155.962,536,155.953,155.972
2025-12-02T10:00:00.000000000Z,155.964,156.008,155.93,155.993,652,155.985,156.001
2025-12-02T10:05:00.000000000Z,155.992,156.002,155.959,155.961,727,155.953,155.969
2025-12-02T10:10:00.000000000Z,155.962,156.0,155.961,155.984,707,155.976,155.992
2025-12-02T10:15:00.000000000Z,155.984,156.029,155.966,156.026,953,156.017,156.035
2025-12-02T10:20:00.000000000Z,156.026,156.071,156.026,156.028,876,156.021,156.036
2025-12-02T10:25:00.000000000Z,156.03,156.059,156.028,156.05,720,156.043,156.056
2025-12-02T10:30:00.000000000Z,156.052,156.061,156.02,156.038,837,156.029,156.046
2025-12-02T10:35:00.000000000Z,156.036,156.038,156.016,156.018,514,156.01,156.027
2025-12-02T10:40:00.000000000Z,156.019,156.04,156.014,156.018,568,156.012,156.025
2025-12-02T10:45:00.000000000Z,156.018,156.041,156.004,156.01,587,156.003,156.018
2025-12-02T10:50:00.000000000Z,156.011,156.043,156.008,156.027,403,156.018,156.036
2025-12-02T10:55:00.000000000Z,156.028,156.05,156.022,156.036,912,156.028,156.045
2025-12-02T11:00:00.000000000Z,156.037,156.052,156.012,156.04,754,156.033,156.047
2025-12-02T11:05:00.000000000Z,156.04,156.044,156.01,156.01,568,156.001,156.02
2025-12-02T11:10:00.000000000Z,156.011,156.013,155.984,156.001,480,155.993,156.009
2025-12-02T11:15:00.000000000Z,156.0,156.003,155.984,155.998,654,155.992,156.005
2025-12-02T11:20:00.000000000Z,155.999,156.003,155.962,155.966,756,155.957,155.974
2025-12-02T11:25:00.000000000Z,155.966,155.97,155.939,155.963,625,155.955,155.971
2025-12-02T11:30:00.000000000Z,155.962,155.977,155.908,155.908,815,155.9,155.917
2025-12-02T11:35:00.000000000Z,155.909,155.96,155.894,155.96,679,155.952,155.968
2025-12-02T11:40:00.000000000Z,155.96,155.991,155.95,155.964,630,155.955,155.972
2025-12-02T11:45:00.000000000Z,155.965,155.989,155.965,155.974,570,155.965,155.982
2025-12-02T11:50:00.000000000Z,155.974,155.977,155.95,155.956,595,155.949,155.964
2025-12-02T11:55:00.000000000Z,155.957,155.957,155.918,155.928,645,155.921,155.936
2025-12-02T12:00:00.000000000Z,155.926,155.943,155.916,155.938,761,155.929,155.947
2025-12-02T12:05:00.000000000Z,155.94,155.942,155.91,155.914,543,155.906,155.923
2025-12-02T12:10:00.000000000Z,155.915,155.968,155.915,155.964,832,155.956,155.972
2025-12-02T12:15:00.000000000Z,155.964,156.017,155.964,156.016,950,156.007,156.024
2025-12-02T12:20:00.000000000Z,156.015,156.02,155.962,155.962,644,155.953,155.97
2025-12-02T12:25:00.000000000Z,155.961,155.988,155.958,155.98,985,155.972,155.987
2025-12-02T12:30:00.000000000Z,155.979,156.004,155.979,155.998,798,155.99,156.007
2025-12-02T12:35:00.000000000Z,155.999,156.002,155.977,155.993,769,155.985,156.001
2025-12-02T12:40:00.000000000Z,155.992,156.002,155.956,155.959,506,155.951,155.967
2025-12-02T12:45:00.000000000Z,155.958,155.976,155.936,155.954,769,155.947,155.961
2025-12-02T12:50:00.000000000Z,155.955,155.99,155.952,155.98,784,155.972,155.989
2025-12-02T12:55:00.000000000Z,155.98,156.032,155.979,156.011,985,156.004,156.018
2025-12-02T13:00:00.000000000Z,156.01,156.078,156.008,156.058,1038,156.051,156.065
2025-12-02T13:05:00.000000000Z,156.058,156.075,156.036,156.072,843,156.065,156.079
2025-12-02T13:10:00.000000000Z,156.072,156.074,156.014,156.015,711,156.008,156.022
2025-12-02T13:15:00.000000000Z,156.014,156.038,156.008,156.018,897,156.009,156.027
2025-12-02T13:20:00.000000000Z,156.017,156.044,156.016,156.026,863,156.018,156.034
2025-12-02T13:25:00.000000000Z,156.026,156.059,156.008,156.044,666,156.036,156.051
2025-12-02T13:30:00.000000000Z,156.044,156.049,156.02,156.042,798,156.034,156.049
2025-12-02T13:35:00.000000000Z,156.042,156.042,156.008,156.02,643,156.012,156.029
2025-12-02T13:40:00.000000000Z,156.02,156.037,155.98,156.012,899,156.004,156.02
2025-12-02T13:45:00.000000000Z,156.012,156.051,156.01,156.042,950,156.033,156.05
2025-12-02T13:50:00.000000000Z,156.041,156.064,156.01,156.014,951,156.005,156.023
2025-12-02T13:55:00.000000000Z,156.012,156.014,155.968,155.975,1107,155.968,155.982
2025-12-02T14:00:00.000000000Z,155.976,156.04,155.958,156.039,1514,156.031,156.047
2025-12-02T14:05:00.000000000Z,156.038,156.064,156.008,156.062,1460,156.053,156.071
2025-12-02T14:10:00.000000000Z,156.062,156.084,156.044,156.048,1101,156.039,156.057
2025-12-02T14:15:00.000000000Z,156.048,156.086,156.046,156.08,983,156.071,156.089
2025-12-02T14:20:00.000000000Z,156.079,156.088,156.038,156.038,789,156.032,156.045
2025-12-02T14:25:00.000000000Z,156.038,156.046,156.004,156.01,1013,156.001,156.018
2025-12-02T14:30:00.000000000Z,156.01,156.056,155.997,156.048,1131,156.04,156.057
2025-12-02T14:35:00.000000000Z,156.048,156.058,156.022,156.047,1119,156.039,156.055
2025-12-02T14:40:00.000000000Z,156.046,156.054,155.997,156.025,1257,156.017,156.033
2025-12-02T14:45:00.000000000Z,156.024,156.046,155.996,156.008,1537,156.0,156.016
2025-12-02T14:50:00.000000000Z,156.008,156.016,155.954,155.956,1299,155.949,155.963
2025-12-02T14:55:00.000000000Z,155.956,155.977,155.932,155.952,1461,155.945,155.958
2025-12-02T15:00:00.000000000Z,155.952,156.028,155.947,156.012,1198,156.004,156.019
2025-12-02T15:05:00.000000000Z,156.013,156.132,156.012,156.13,1672,156.121,156.138
2025-12-02T15:10:00.000000000Z,156.13,156.181,156.12,156.166,1895,156.158,156.173
2025-12-02T15:15:00.000000000Z,156.167,156.176,156.126,156.139,1514,156.13,156.148
2025-12-02T15:20:00.000000000Z,156.138,156.148,156.071,156.12,1567,156.111,156.13
2025-12-02T15:25:00.000000000Z,156.119,156.142,156.036,156.036,1369,156.029,156.043
2025-12-02T15:30:00.000000000Z,156.036,156.036,155.848,155.878,2107,155.869,155.886
2025-12-02T15:35:00.000000000Z,155.878,155.904,155.82,155.895,1632,155.888,155.902
2025-12-02T15:40:00.000000000Z,155.894,155.962,155.89,155.933,1007,155.924,155.942
2025-12-02T15:45:00.000000000Z,155.934,155.956,155.897,155.916,1000,155.908,155.925
2025-12-02T15:50:00.000000000Z,155.916,155.961,155.854,155.952,2140,155.943,155.96
2025-12-02T15:55:00.000000000Z,155.947,155.95,155.872,155.873,2171,155.866,155.88
2025-12-02T16:00:00.000000000Z,155.872,155.926,155.86,155.902,1782,155.894,155.91
2025-12-02T16:05:00.000000000Z,155.902,155.928,155.878,155.892,1473,155.883,155.9
2025-12-02T16:10:00.000000000Z,155.893,155.906,155.788,155.816,1543,155.809,155.824
2025-12-02T16:15:00.000000000Z,155.816,155.846,155.782,155.842,1356,155.834,155.849
2025-12-02T16:20:00.000000000Z,155.84,155.854,155.81,155.821,1128,155.813,155.829
2025-12-02T16:25:00.000000000Z,155.82,155.83,155.756,155.768,1494,155.76,155.777
2025-12-02T16:30:00.000000000Z,155.769,155.822,155.753,155.818,1604,155.81,155.827
2025-12-02T16:35:00.000000000Z,155.819,155.884,155.813,155.87,1208,155.861,155.878
2025-12-02T16:40:00.000000000Z,155.87,155.886,155.866,155.878,532,155.869,155.887
2025-12-02T16:45:00.000000000Z,155.878,155.894,155.863,155.892,1044,155.884,155.901
2025-12-02T16:50:00.000000000Z,155.894,155.918,155.89,155.896,954,155.888,155.904
2025-12-02T16:55:00.000000000Z,155.894,155.988,155.886,155.922,2150,155.915,155.929
2025-12-02T17:00:00.000000000Z,155.922,155.997,155.918,155.962,1394,155.952,155.971
2025-12-02T17:05:00.000000000Z,155.963,156.028,155.956,156.028,891,156.019,156.037
2025-12-02T17:10:00.000000000Z,156.027,156.062,156.017,156.039,1200,156.03,156.048
2025-12-02T17:15:00.000000000Z,156.038,156.087,156.026,156.08,872,156.072,156.087
2025-12-02T17:20:00.000000000Z,156.08,156.081,156.014,156.024,794,156.016,156.031
2025-12-02T17:25:00.000000000Z,156.024,156.034,156.01,156.02,984,156.013,156.027
2025-12-02T17:30:00.000000000Z,156.018,156.031,155.973,155.984,865,155.976,155.992
2025-12-02T17:35:00.000000000Z,155.984,156.009,155.969,155.99,738,155.983,155.997
2025-12-02T17:40:00.000000000Z,155.99,155.992,155.963,155.968,828,155.959,155.976
2025-12-02T17:45:00.000000000Z,155.968,155.974,155.954,155.962,586,155.955,155.97
2025-12-02T17:50:00.000000000Z,155.964,155.973,155.934,155.956,938,155.946,155.965
2025-12-02T17:55:00.000000000Z,155.956,155.971,155.928,155.946,1214,155.939,155.954
2025-12-02T18:00:00.000000000Z,155.947,155.948,155.916,155.92,1389,155.912,155.929
2025-12-02T18:05:00.000000000Z,155.92,155.94,155.912,155.93,926,155.921,155.939
2025-12-02T18:10:00.000000000Z,155.93,155.946,155.926,155.937,730,155.93,155.944
2025-12-02T18:15:00.000000000Z,155.936,155.943,155.926,155.938,677,155.931,155.946
2025-12-02T18:20:00.000000000Z,155.938,155.96,155.929,155.934,624,155.926,155.942
2025-12-02T18:25:00.000000000Z,155.934,155.96,155.923,155.951,869,155.943,155.959
2025-12-02T18:30:00.000000000Z,155.952,155.975,155.936,155.974,812,155.965,155.982
2025-12-02T18:35:00.000000000Z,155.973,156.002,155.967,155.987,721,155.98,155.994
2025-12-02T18:40:00.000000000Z,155.986,156.002,155.977,155.996,746,155.987,156.005
2025-12-02T18:45:00.000000000Z,155.996,155.998,155.977,155.992,634,155.983,156.001
2025-12-02T18:50:00.000000000Z,155.992,156.02,155.99,156.01,816,156.004,156.016
2025-12-02T18:55:00.000000000Z,156.013,156.02,155.98,155.995,1042,155.987,156.003
2025-12-02T19:00:00.000000000Z,155.994,155.998,155.97,155.983,729,155.976,155.99
2025-12-02T19:05:00.000000000Z,155.984,155.986,155.952,155.952,1025,155.946,155.959
2025-12-02T19:10:00.000000000Z,155.953,155.974,155.948,155.95,711,155.942,155.957
2025-12-02T19:15:00.000000000Z,155.949,155.95,155.93,155.938,479,155.931,155.944
2025-12-02T19:20:00.000000000Z,155.937,155.938,155.902,155.912,680,155.903,155.921
2025-12-02T19:25:00.000000000Z,155.911,155.92,155.892,155.905,512,155.897,155.913
2025-12-02T19:30:00.000000000Z,155.906,155.936,155.903,155.926,343,155.916,155.936
2025-12-02T19:35:00.000000000Z,155.926,155.938,155.921,155.924,404,155.916,155.932
2025-12-02T19:40:00.000000000Z,155.926,155.933,155.898,155.9,569,155.893,155.908
2025-12-02T19:45:00.000000000Z,155.9,155.928,155.898,155.927,956,155.92,155.934
2025-12-02T19:50:00.000000000Z,155.928,155.939,155.922,155.938,1034,155.93,155.945
2025-12-02T19:55:00.000000000Z,155.936,155.942,155.846,155.896,1576,155.888,155.904
2025-12-02T20:00:00.000000000Z,155.896,155.897,155.834,155.852,1050,155.842,155.861
2025-12-02T20:05:00.000000000Z,155.852,155.863,155.83,155.855,1024,155.846,155.864
2025-12-02T20:10:00.000000000Z,155.855,155.874,155.85,155.862,524,155.854,155.869
2025-12-02T20:15:00.000000000Z,155.862,155.879,155.856,155.871,512,155.862,155.88
2025-12-02T20:20:00.000000000Z,155.872,155.892,155.864,155.881,553,155.873,155.889
2025-12-02T20:25:00.000000000Z,155.88,155.889,155.873,155.886,996,155.878,155.893
2025-12-02T20:30:00.000000000Z,155.886,155.9,155.885,155.891,1420,155.884,155.898
2025-12-02T20:35:00.000000000Z,155.892,155.892,155.86,155.862,626,155.854,155.87
2025-12-02T20:40:00.000000000Z,155.859,155.864,155.828,155.836,755,155.829,155.843
2025-12-02T20:45:00.000000000Z,155.835,155.837,155.808,155.812,562,155.804,155.821
2025-12-02T20:50:00.000000000Z,155.812,155.832,155.808,155.83,666,155.822,155.839
2025-12-02T20:55:00.000000000Z,155.831,155.846,155.816,155.834,751,155.827,155.842
2025-12-02T21:00:00.000000000Z,155.834,155.866,155.83,155.843,888,155.834,155.852
2025-12-02T21:05:00.000000000Z,155.842,155.888,155.842,155.88,318,155.871,155.89
2025-12-02T21:10:00.000000000Z,155.881,155.894,155.878,155.881,182,155.873,155.889
2025-12-02T21:15:00.000000000Z,155.882,155.888,155.866,155.866,311,155.859,155.874
2025-12-02T21:20:00.000000000Z,155.868,155.87,155.864,155.867,378,155.859,155.875
2025-12-02T21:25:00.000000000Z,155.868,155.868,155.84,155.845,412,155.837,155.853
2025-12-02T21:30:00.000000000Z,155.846,155.897,155.844,155.894,234,155.885,155.904
2025-12-02T21:35:00.000000000Z,155.896,155.906,155.878,155.879,153,155.871,155.887
2025-12-02T21:40:00.000000000Z,155.88,155.89,155.874,155.885,244,155.878,155.892
2025-12-02T21:45:00.000000000Z,155.884,155.908,155.873,155.874,496,155.864,155.883
2025-12-02T21:50:00.000000000Z,155.874,155.88,155.866,155.879,332,155.871,155.887
2025-12-02T21:55:00.000000000Z,155.883,155.892,155.872,155.884,366,155.863,155.904
2025-12-02T22:00:00.000000000Z,155.875,155.875,155.875,155.875,1,155.825,155.925
2025-12-02T22:05:00.000000000Z,155.86,155.874,155.858,155.864,11,155.814,155.914
2025-12-02T22:10:00.000000000Z,155.868,155.868,155.863,155.863,6,155.813,155.913
2025-12-02T22:15:00.000000000Z,155.858,155.877,155.858,155.868,6,155.818,155.918
2025-12-02T22:20:00.000000000Z,155.872,155.873,155.861,155.861,19,155.811,155.911
2025-12-02T22:25:00.000000000Z,155.844,155.856,155.833,155.853,74,155.829,155.877
2025-12-02T22:30:00.000000000Z,155.854,155.864,155.854,155.862,124,155.844,155.879
2025-12-02T22:35:00.000000000Z,155.862,155.9,155.86,155.874,161,155.859,155.889
2025-12-02T22:40:00.000000000Z,155.868,155.878,155.861,155.872,114,155.859,155.886
2025-12-02T22:45:00.000000000Z,155.872,155.873,155.852,155.862,210,155.847,155.878
2025-12-02T22:50:00.000000000Z,155.858,155.862,155.847,155.851,102,155.831,155.871
2025-12-02T22:55:00.000000000Z,155.852,155.892,155.851,155.879,276,155.845,155.913
2025-12-02T23:00:00.000000000Z,155.874,155.906,155.848,155.853,256,155.845,155.861
2025-12-02T23:05:00.000000000Z,155.852,155.854,155.826,155.85,132,155.842,155.859
2025-12-02T23:10:00.000000000Z,155.851,155.862,155.836,155.848,135,155.84,155.855
2025-12-02T23:15:00.000000000Z,155.847,155.852,155.834,155.852,104,155.843,155.862
2025-12-02T23:20:00.000000000Z,155.85,155.874,155.834,155.838,363,155.829,155.848
2025-12-02T23:25:00.000000000Z,155.838,155.856,155.834,155.85,334,155.843,155.857
2025-12-02T23:30:00.000000000Z,155.852,155.852,155.826,155.828,322,155.819,155.837
2025-12-02T23:35:00.000000000Z,155.826,155.826,155.802,155.824,122,155.816,155.832
2025-12-02T23:40:00.000000000Z,155.824,155.824,155.812,155.814,89,155.807,155.822
2025-12-02T23:45:00.000000000Z,155.814,155.84,155.814,155.814,213,155.806,155.823
2025-12-02T23:50:00.000000000Z,155.814,155.816,155.788,155.802,224,155.796,155.809
2025-12-02T23:55:00.000000000Z,155.803,155.829,155.764,155.766,235,155.758,155.773
2025-12-03T00:00:00.000000000Z,155.765,155.787,155.694,155.702,971,155.694,155.709
2025-12-03T00:05:00.000000000Z,155.702,155.724,155.67,155.716,769,155.71,155.723
2025-12-03T00:10:00.000000000Z,155.716,155.757,155.716,155.725,619,155.718,155.732
2025-12-03T00:15:00.000000000Z,155.724,155.729,155.696,155.718,580,155.708,155.727
2025-12-03T00:20:00.000000000Z,155.718,155.726,155.682,155.684,516,155.674,155.693
2025-12-03T00:25:00.000000000Z,155.684,155.708,155.661,155.708,550,155.7,155.717
2025-12-03T00:30:00.000000000Z,155.71,155.716,155.664,155.71,615,155.701,155.718
2025-12-03T00:35:00.000000000Z,155.71,155.759,155.696,155.756,828,155.749,155.764
2025-12-03T00:40:00.000000000Z,155.758,155.784,155.738,155.782,634,155.773,155.79
2025-12-03T00:45:00.000000000Z,155.781,155.782,155.746,155.756,513,155.746,155.765
2025-12-03T00:50:00.000000000Z,155.756,155.815,155.733,155.792,1125,155.783,155.801
2025-12-03T00:55:00.000000000Z,155.79,155.79,155.734,155.781,861,155.775,155.787
2025-12-03T01:00:00.000000000Z,155.782,155.794,155.756,155.768,575,155.758,155.777
2025-12-03T01:05:00.000000000Z,155.768,155.786,155.712,155.719,493,155.71,155.728
2025-12-03T01:10:00.000000000Z,155.72,155.724,155.668,155.668,695,155.658,155.677
2025-12-03T01:15:00.000000000Z,155.668,155.689,155.648,155.668,702,155.66,155.677
2025-12-03T01:20:00.000000000Z,155.669,155.67,155.606,155.61,853,155.603,155.618
2025-12-03T01:25:00.000000000Z,155.611,155.648,155.611,155.634,606,155.625,155.642
2025-12-03T01:30:00.000000000Z,155.633,155.672,155.628,155.647,834,155.638,155.656
2025-12-03T01:35:00.000000000Z,155.648,155.682,155.646,155.665,581,155.655,155.675
2025-12-03T01:40:00.000000000Z,155.664,155.668,155.622,155.623,354,155.614,155.632
2025-12-03T01:45:00.000000000Z,155.622,155.66,155.61,155.642,532,155.634,155.651
2025-12-03T01:50:00.000000000Z,155.644,155.669,155.633,155.658,621,155.65,155.665
2025-12-03T01:55:00.000000000Z,155.658,155.676,155.646,155.658,766,155.649,155.668
2025-12-03T02:00:00.000000000Z,155.658,155.694,155.652,155.678,399,155.67,155.686
2025-12-03T02:05:00.000000000Z,155.675,155.705,155.675,155.702,318,155.694,155.711
2025-12-03T02:10:00.000000000Z,155.702,155.741,155.702,155.736,359,155.728,155.743
2025-12-03T02:15:00.000000000Z,155.735,155.79,155.728,155.789,607,155.782,155.796
2025-12-03T02:20:00.000000000Z,155.788,155.808,155.778,155.796,443,155.789,155.802
2025-12-03T02:25:00.000000000Z,155.794,155.796,155.763,155.778,325,155.771,155.784
2025-12-03T02:30:00.000000000Z,155.777,155.778,155.74,155.744,378,155.736,155.752
2025-12-03T02:35:00.000000000Z,155.743,155.768,155.742,155.764,206,155.757,155.771
2025-12-03T02:40:00.000000000Z,155.763,155.781,155.763,155.766,233,155.757,155.775
2025-12-03T02:45:00.000000000Z,155.766,155.767,155.742,155.748,432,155.741,155.756
2025-12-03T02:50:00.000000000Z,155.75,155.754,155.707,155.735,456,155.727,155.743
2025-12-03T02:55:00.000000000Z,155.734,155.734,155.708,155.713,411,155.705,155.721
2025-12-03T03:00:00.000000000Z,155.712,155.721,155.691,155.702,422,155.693,155.71
2025-12-03T03:05:00.000000000Z,155.704,155.723,155.691,155.718,303,155.709,155.726
2025-12-03T03:10:00.000000000Z,155.717,155.732,155.71,155.721,281,155.713,155.729
2025-12-03T03:15:00.000000000Z,155.722,155.724,155.697,155.698,364,155.691,155.706
2025-12-03T03:20:00.000000000Z,155.7,155.708,155.688,155.692,368,155.684,155.701
2025-12-03T03:25:00.000000000Z,155.693,155.704,155.677,155.685,437,155.677,155.693
2025-12-03T03:30:00.000000000Z,155.686,155.722,155.686,155.716,330,155.708,155.725
2025-12-03T03:35:00.000000000Z,155.717,155.722,155.688,155.69,467,155.681,155.699
2025-12-03T03:40:00.000000000Z,155.692,155.701,155.687,155.692,339,155.685,155.7
2025-12-03T03:45:00.000000000Z,155.692,155.694,155.666,155.682,431,155.675,155.69
2025-12-03T03:50:00.000000000Z,155.682,155.688,155.641,155.658,508,155.649,155.666
2025-12-03T03:55:00.000000000Z,155.658,155.662,155.63,155.658,394,155.648,155.667
2025-12-03T04:00:00.000000000Z,155.657,155.694,155.656,155.69,460,155.683,155.698
2025-12-03T04:05:00.000000000Z,155.692,155.75,155.69,155.732,602,155.724,155.74
2025-12-03T04:10:00.000000000Z,155.732,155.738,155.715,155.731,424,155.723,155.739
2025-12-03T04:15:00.000000000Z,155.729,155.748,155.716,155.734,384,155.724,155.743
2025-12-03T04:20:00.000000000Z,155.734,155.744,155.716,155.728,265,155.719,155.736
2025-12-03T04:25:00.000000000Z,155.727,155.739,155.726,155.729,453,155.721,155.737
2025-12-03T04:30:00.000000000Z,155.728,155.73,155.688,155.691,564,155.683,155.699
2025-12-03T04:35:00.000000000Z,155.692,155.717,155.691,155.713,444,155.706,155.72
2025-12-03T04:40:00.000000000Z,155.714,155.714,155.681,155.694,419,155.685,155.702
2025-12-03T04:45:00.000000000Z,155.693,155.708,155.69,155.692,437,155.683,155.7
2025-12-03T04:50:00.000000000Z,155.691,155.692,155.668,155.688,377,155.682,155.694
2025-12-03T04:55:00.000000000Z,155.688,155.692,155.656,155.664,502,155.655,155.672
2025-12-03T05:00:00.000000000Z,155.664,155.673,155.64,155.654,457,155.645,155.663
2025-12-03T05:05:00.000000000Z,155.656,155.662,155.63,155.658,437,155.65,155.667
2025-12-03T05:10:00.000000000Z,155.659,155.676,155.642,155.642,377,155.634,155.651
2025-12-03T05:15:00.000000000Z,155.644,155.678,155.642,155.666,557,155.658,155.673
2025-12-03T05:20:00.000000000Z,155.667,155.706,155.664,155.704,635,155.696,155.711
2025-12-03T05:25:00.000000000Z,155.704,155.706,155.682,155.69,351,155.682,155.699
2025-12-03T05:30:00.000000000Z,155.691,155.698,155.676,155.678,337,155.669,155.686
2025-12-03T05:35:00.000000000Z,155.677,155.689,155.664,155.678,520,155.671,155.686
2025-12-03T05:40:00.000000000Z,155.679,155.68,155.654,155.669,567,155.662,155.676
2025-12-03T05:45:00.000000000Z,155.67,155.673,155.658,155.667,449,155.66,155.674
2025-12-03T05:50:00.000000000Z,155.668,155.697,155.664,155.688,480,155.681,155.696
2025-12-03T05:55:00.000000000Z,155.689,155.706,155.688,155.694,511,155.688,155.7
2025-12-03T06:00:00.000000000Z,155.694,155.694,155.677,155.677,406,155.669,155.685
2025-12-03T06:05:00.000000000Z,155.676,155.676,155.628,155.634,703,155.625,155.642
2025-12-03T06:10:00.000000000Z,155.634,155.644,155.626,155.634,413,155.627,155.641
2025-12-03T06:15:00.000000000Z,155.634,155.651,155.63,155.646,610,155.637,155.655
2025-12-03T06:20:00.000000000Z,155.646,155.649,155.545,155.558,867,155.55,155.567
2025-12-03T06:25:00.000000000Z,155.558,155.56,155.523,155.524,619,155.514,155.534
2025-12-03T06:30:00.000000000Z,155.524,155.573,155.512,155.566,1061,155.558,155.574
2025-12-03T06:35:00.000000000Z,155.566,155.579,155.552,155.555,793,155.547,155.563
2025-12-03T06:40:00.000000000Z,155.555,155.592,155.548,155.579,910,155.57,155.588
2025-12-03T06:45:00.000000000Z,155.578,155.624,155.563,155.608,972,155.602,155.615
2025-12-03T06:50:00.000000000Z,155.609,155.625,155.596,155.608,578,155.6,155.615
2025-12-03T06:55:00.000000000Z,155.608,155.636,155.606,155.612,411,155.606,155.619
2025-12-03T07:00:00.000000000Z,155.61,155.613,155.552,155.562,975,155.553,155.571
2025-12-03T07:05:00.000000000Z,155.562,155.574,155.515,155.52,837,155.512,155.528
2025-12-03T07:10:00.000000000Z,155.52,155.566,155.52,155.534,780,155.525,155.542
2025-12-03T07:15:00.000000000Z,155.534,155.563,155.529,155.538,608,155.529,155.546
2025-12-03T07:20:00.000000000Z,155.538,155.636,155.536,155.634,867,155.627,155.642
2025-12-03T07:25:00.000000000Z,155.634,155.648,155.61,155.646,529,155.637,155.655
2025-12-03T07:30:00.000000000Z,155.648,155.676,155.635,155.674,716,155.668,155.681
2025-12-03T07:35:00.000000000Z,155.674,155.684,155.647,155.651,792,155.642,155.66
2025-12-03T07:40:00.000000000Z,155.652,155.674,155.642,155.646,769,155.64,155.653
2025-12-03T07:45:00.000000000Z,155.647,155.69,155.646,155.674,754,155.667,155.682
2025-12-03T07:50:00.000000000Z,155.675,155.688,155.654,155.686,625,155.678,155.695
2025-12-03T07:55:00.000000000Z,155.687,155.711,155.684,155.688,1228,155.68,155.695
2025-12-03T08:00:00.000000000Z,155.688,155.722,155.674,155.699,1627,155.692,155.706
2025-12-03T08:05:00.000000000Z,155.698,155.736,155.69,155.724,1156,155.717,155.732
2025-12-03T08:10:00.000000000Z,155.724,155.744,155.692,155.694,812,155.685,155.703
2025-12-03T08:15:00.000000000Z,155.694,155.757,155.686,155.749,845,155.741,155.757
2025-12-03T08:20:00.000000000Z,155.748,155.755,155.704,155.704,793,155.696,155.712
2025-12-03T08:25:00.000000000Z,155.704,155.719,155.682,155.704,765,155.697,155.711
2025-12-03T08:30:00.000000000Z,155.704,155.716,155.679,155.715,789,155.708,155.722
2025-12-03T08:35:00.000000000Z,155.714,155.746,155.71,155.728,857,155.722,155.735
2025-12-03T08:40:00.000000000Z,155.729,155.741,155.696,155.707,721,155.699,155.715
2025-12-03T08:45:00.000000000Z,155.706,155.752,155.69,155.731,808,155.723,155.739
2025-12-03T08:50:00.000000000Z,155.73,155.742,155.694,155.705,933,155.697,155.713
2025-12-03T08:55:00.000000000Z,155.706,155.706,155.664,155.678,962,155.671,155.686
2025-12-03T09:00:00.000000000Z,155.678,155.678,155.629,155.656,1171,155.647,155.665
2025-12-03T09:05:00.000000000Z,155.656,155.682,155.617,155.628,1151,155.621,155.636
2025-12-03T09:10:00.000000000Z,155.629,155.648,155.617,155.631,930,155.623,155.639
2025-12-03T09:15:00.000000000Z,155.632,155.668,155.628,155.642,812,155.635,155.65
2025-12-03T09:20:00.000000000Z,155.642,155.67,155.64,155.667,708,155.66,155.674
2025-12-03T09:25:00.000000000Z,155.668,155.683,155.653,155.666,493,155.656,155.675
2025-12-03T09:30:00.000000000Z,155.667,155.68,155.62,155.633,588,155.626,155.64
2025-12-03T09:35:00.000000000Z,155.632,155.635,155.582,155.594,1100,155.586,155.602
2025-12-03T09:40:00.000000000Z,155.594,155.598,155.53,155.548,724,155.539,155.556
2025-12-03T09:45:00.000000000Z,155.549,155.589,155.546,155.584,913,155.577,155.591
2025-12-03T09:50:00.000000000Z,155.584,155.59,155.568,155.574,576,155.565,155.582
2025-12-03T09:55:00.000000000Z,155.573,155.624,155.573,155.622,769,155.613,155.631
2025-12-03T10:00:00.000000000Z,155.62,155.644,155.606,155.618,905,155.61,155.627
2025-12-03T10:05:00.000000000Z,155.618,155.624,155.572,155.572,770,155.564,155.579
2025-12-03T10:10:00.000000000Z,155.572,155.613,155.568,155.608,813,155.599,155.616
2025-12-03T10:15:00.000000000Z,155.608,155.61,155.573,155.58,698,155.571,155.589
2025-12-03T10:20:00.000000000Z,155.58,155.584,155.532,155.548,847,155.54,155.557
2025-12-03T10:25:00.000000000Z,155.548,155.554,155.525,155.529,924,155.521,155.537
2025-12-03T10:30:00.000000000Z,155.53,155.544,155.51,155.512,932,155.503,155.52
2025-12-03T10:35:00.000000000Z,155.514,155.534,155.504,155.523,596,155.515,155.531
2025-12-03T10:40:00.000000000Z,155.524,155.545,155.52,155.536,511,155.527,155.544
2025-12-03T10:45:00.000000000Z,155.536,155.55,155.52,155.52,707,155.512,155.529
2025-12-03T10:50:00.000000000Z,155.52,155.546,155.506,155.542,852,155.533,155.55
2025-12-03T10:55:00.000000000Z,155.543,155.573,155.513,155.528,1014,155.52,155.536
2025-12-03T11:00:00.000000000Z,155.528,155.529,155.445,155.474,945,155.465,155.483
2025-12-03T11:05:00.000000000Z,155.474,155.503,155.459,155.463,605,155.454,155.472
2025-12-03T11:10:00.000000000Z,155.462,155.493,155.462,155.486,365,155.477,155.494
2025-12-03T11:15:00.000000000Z,155.485,155.488,155.454,155.461,513,155.453,155.469
2025-12-03T11:20:00.000000000Z,155.462,155.466,155.432,155.436,575,155.428,155.443
2025-12-03T11:25:00.000000000Z,155.436,155.451,155.424,155.441,629,155.433,155.449
2025-12-03T11:30:00.000000000Z,155.44,155.478,155.436,155.468,680,155.46,155.476
2025-12-03T11:35:00.000000000Z,155.467,155.473,155.461,155.463,460,155.455,155.471
2025-12-03T11:40:00.000000000Z,155.464,155.466,155.414,155.439,624,155.43,155.448
2025-12-03T11:45:00.000000000Z,155.44,155.453,155.428,155.45,668,155.441,155.458
2025-12-03T11:50:00.000000000Z,155.45,155.453,155.43,155.448,749,155.44,155.456
2025-12-03T11:55:00.000000000Z,155.447,155.464,155.418,155.418,562,155.411,155.425
2025-12-03T12:00:00.000000000Z,155.418,155.419,155.362,155.376,1132,155.368,155.385
2025-12-03T12:05:00.000000000Z,155.377,155.409,155.369,155.405,952,155.396,155.414
2025-12-03T12:10:00.000000000Z,155.406,155.408,155.374,155.384,916,155.376,155.391
2025-12-03T12:15:00.000000000Z,155.384,155.414,155.384,155.397,730,155.389,155.405
2025-12-03T12:20:00.000000000Z,155.396,155.404,155.381,155.396,589,155.388,155.405
2025-12-03T12:25:00.000000000Z,155.397,155.412,155.388,155.4,432,155.393,155.407
2025-12-03T12:30:00.000000000Z,155.398,155.434,155.393,155.408,510,155.4,155.417
2025-12-03T12:35:00.000000000Z,155.408,155.422,155.38,155.382,575,155.373,155.39
2025-12-03T12:40:00.000000000Z,155.382,155.4,155.362,155.4,745,155.392,155.407
2025-12-03T12:45:00.000000000Z,155.398,155.424,155.393,155.421,407,155.414,155.428
2025-12-03T12:50:00.000000000Z,155.422,155.422,155.374,155.394,920,155.386,155.403
2025-12-03T12:55:00.000000000Z,155.396,155.419,155.382,155.416,778,155.409,155.423
2025-12-03T13:00:00.000000000Z,155.417,155.447,155.403,155.404,1371,155.396,155.413
2025-12-03T13:05:00.000000000Z,155.406,155.406,155.346,155.358,986,155.349,155.366
2025-12-03T13:10:00.000000000Z,155.36,155.402,155.327,155.402,776,155.384,155.42
2025-12-03T13:15:00.000000000Z,155.402,155.402,155.22,155.318,2435,155.308,155.327
2025-12-03T13:20:00.000000000Z,155.318,155.358,155.296,155.336,1733,155.327,155.346
2025-12-03T13:25:00.000000000Z,155.337,155.454,155.314,155.454,1664,155.446,155.463
2025-12-03T13:30:00.000000000Z,155.454,155.528,155.42,155.512,1830,155.503,155.52
2025-12-03T13:35:00.000000000Z,155.512,155.512,155.406,155.418,1498,155.411,155.426
2025-12-03T13:40:00.000000000Z,155.418,155.448,155.362,155.372,1270,155.364,155.379
2025-12-03T13:45:00.000000000Z,155.37,155.443,155.364,155.407,969,155.399,155.415
2025-12-03T13:50:00.000000000Z,155.406,155.456,155.402,155.442,1213,155.434,155.45
2025-12-03T13:55:00.000000000Z,155.44,155.504,155.437,155.49,1651,155.481,155.499
2025-12-03T14:00:00.000000000Z,155.492,155.51,155.368,155.368,2212,155.359,155.376
2025-12-03T14:05:00.000000000Z,155.368,155.386,155.28,155.32,3047,155.313,155.328
2025-12-03T14:10:00.000000000Z,155.319,155.372,155.299,155.356,1847,155.342,155.371
2025-12-03T14:15:00.000000000Z,155.356,155.436,155.356,155.412,1396,155.404,155.419
2025-12-03T14:20:00.000000000Z,155.411,155.474,155.399,155.462,1537,155.455,155.47
2025-12-03T14:25:00.000000000Z,155.462,155.523,155.456,155.522,1580,155.516,155.528
2025-12-03T14:30:00.000000000Z,155.523,155.524,155.402,155.406,1998,155.399,155.413
2025-12-03T14:35:00.000000000Z,155.406,155.446,155.357,155.384,2016,155.376,155.392
2025-12-03T14:40:00.000000000Z,155.384,155.432,155.376,155.43,1582,155.421,155.44
2025-12-03T14:45:00.000000000Z,155.431,155.442,155.376,155.4,1620,155.391,155.408
2025-12-03T14:50:00.000000000Z,155.398,155.444,155.371,155.434,2088,155.425,155.443
2025-12-03T14:55:00.000000000Z,155.434,155.458,155.346,155.368,1914,155.349,155.387
2025-12-03T15:00:00.000000000Z,155.37,155.611,155.368,155.556,2661,155.548,155.565
2025-12-03T15:05:00.000000000Z,155.557,155.598,155.354,155.366,2750,155.36,155.372
2025-12-03T15:10:00.000000000Z,155.365,155.478,155.3,155.404,3874,155.396,155.411
2025-12-03T15:15:00.000000000Z,155.404,155.44,155.331,155.332,2567,155.326,155.339
2025-12-03T15:20:00.000000000Z,155.332,155.362,155.246,155.268,2152,155.261,155.275
2025-12-03T15:25:00.000000000Z,155.269,155.292,155.234,155.27,2277,155.261,155.278
2025-12-03T15:30:00.000000000Z,155.27,155.334,155.22,155.334,2434,155.326,155.342
2025-12-03T15:35:00.000000000Z,155.335,155.442,155.331,155.39,2434,155.381,155.4
2025-12-03T15:40:00.000000000Z,155.392,155.415,155.338,155.392,1553,155.383,155.402
2025-12-03T15:45:00.000000000Z,155.394,155.404,155.292,155.322,1494,155.314,155.329
2025-12-03T15:50:00.000000000Z,155.322,155.349,155.259,155.259,1842,155.25,155.268
2025-12-03T15:55:00.000000000Z,155.258,155.287,155.212,155.22,2297,155.211,155.228
2025-12-03T16:00:00.000000000Z,155.219,155.251,155.146,155.178,1617,155.169,155.186
2025-12-03T16:05:00.000000000Z,155.177,155.203,155.138,155.139,1152,155.13,155.148
2025-12-03T16:10:00.000000000Z,155.14,155.143,155.1,155.102,1083,155.095,155.11
2025-12-03T16:15:00.000000000Z,155.104,155.141,155.075,155.076,1129,155.068,155.084
2025-12-03T16:20:00.000000000Z,155.072,155.082,155.044,155.046,1024,155.038,155.054
2025-12-03T16:25:00.000000000Z,155.046,155.046,155.015,155.022,1012,155.014,155.031
2025-12-03T16:30:00.000000000Z,155.023,155.132,155.01,155.121,1679,155.113,155.129
2025-12-03T16:35:00.000000000Z,155.12,155.122,155.038,155.046,1403,155.038,155.054
2025-12-03T16:40:00.000000000Z,155.048,155.097,155.046,155.06,1373,155.052,155.067
2025-12-03T16:45:00.000000000Z,155.06,155.086,155.042,155.084,1240,155.076,155.092
2025-12-03T16:50:00.000000000Z,155.084,155.144,155.083,155.143,1301,155.135,155.151
2025-12-03T16:55:00.000000000Z,155.144,155.184,155.142,155.17,1716,155.162,155.178
2025-12-03T17:00:00.000000000Z,155.17,155.172,155.114,155.142,1284,155.135,155.148
2025-12-03T17:05:00.000000000Z,155.143,155.217,155.13,155.19,862,155.183,155.196
2025-12-03T17:10:00.000000000Z,155.188,155.197,155.133,155.137,907,155.129,155.145
2025-12-03T17:15:00.000000000Z,155.138,155.148,155.09,155.102,957,155.095,155.11
2025-12-03T17:20:00.000000000Z,155.104,155.164,155.102,155.14,969,155.131,155.148
2025-12-03T17:25:00.000000000Z,155.14,155.18,155.136,155.18,838,155.17,155.189
2025-12-03T17:30:00.000000000Z,155.179,155.179,155.151,155.157,853,155.148,155.166
2025-12-03T17:35:00.000000000Z,155.156,155.19,155.138,155.158,693,155.151,155.166
2025-12-03T17:40:00.000000000Z,155.158,155.176,155.141,155.146,566,155.138,155.153
2025-12-03T17:45:00.000000000Z,155.147,155.152,155.116,155.128,653,155.121,155.136
2025-12-03T17:50:00.000000000Z,155.129,155.168,155.129,155.166,704,155.159,155.174
2025-12-03T17:55:00.000000000Z,155.166,155.178,155.101,155.128,1202,155.122,155.135
2025-12-03T18:00:00.000000000Z,155.128,155.136,155.102,155.107,967,155.101,155.113
2025-12-03T18:05:00.000000000Z,155.106,155.118,155.073,155.114,1070,155.106,155.121
2025-12-03T18:10:00.000000000Z,155.114,155.122,155.087,155.087,516,155.08,155.094
2025-12-03T18:15:00.000000000Z,155.088,155.147,155.076,155.146,910,155.139,155.152
2025-12-03T18:20:00.000000000Z,155.146,155.154,155.116,155.133,884,155.124,155.142
2025-12-03T18:25:00.000000000Z,155.132,155.142,155.116,155.136,701,155.129,155.142
2025-12-03T18:30:00.000000000Z,155.134,155.137,155.101,155.102,523,155.094,155.109
2025-12-03T18:35:00.000000000Z,155.102,155.14,155.1,155.138,434,155.131,155.145
2025-12-03T18:40:00.000000000Z,155.138,155.178,155.112,155.114,680,155.107,155.122
2025-12-03T18:45:00.000000000Z,155.114,155.126,155.092,155.11,869,155.103,155.118
2025-12-03T18:50:00.000000000Z,155.11,155.132,155.106,155.124,787,155.117,155.131
2025-12-03T18:55:00.000000000Z,155.124,155.163,155.122,155.126,584,155.118,155.133
2025-12-03T19:00:00.000000000Z,155.124,155.124,155.09,155.092,544,155.083,155.101
2025-12-03T19:05:00.000000000Z,155.094,155.148,155.092,155.127,471,155.12,155.134
2025-12-03T19:10:00.000000000Z,155.128,155.13,155.1,155.106,578,155.098,155.115
2025-12-03T19:15:00.000000000Z,155.107,155.118,155.082,155.082,786,155.076,155.088
2025-12-03T19:20:00.000000000Z,155.082,155.094,155.081,155.094,479,155.086,155.101
2025-12-03T19:25:00.000000000Z,155.093,155.12,155.092,155.117,665,155.11,155.124
2025-12-03T19:30:00.000000000Z,155.118,155.154,155.117,155.153,464,155.145,155.161
2025-12-03T19:35:00.000000000Z,155.154,155.158,155.138,155.142,616,155.133,155.15
2025-12-03T19:40:00.000000000Z,155.141,155.169,155.14,155.162,460,155.154,155.171
2025-12-03T19:45:00.000000000Z,155.161,155.164,155.145,155.154,373,155.144,155.164
2025-12-03T19:50:00.000000000Z,155.154,155.162,155.115,155.126,395,155.118,155.133
2025-12-03T19:55:00.000000000Z,155.125,155.154,155.114,155.151,652,155.143,155.159
2025-12-03T20:00:00.000000000Z,155.152,155.179,155.15,155.16,468,155.153,155.168
2025-12-03T20:05:00.000000000Z,155.16,155.175,155.146,155.148,568,155.14,155.155
2025-12-03T20:10:00.000000000Z,155.148,155.153,155.126,155.148,408,155.142,155.155
2025-12-03T20:15:00.000000000Z,155.148,155.176,155.148,155.171,537,155.162,155.18
2025-12-03T20:20:00.000000000Z,155.17,155.183,155.167,155.178,203,155.169,155.186
2025-12-03T20:25:00.000000000Z,155.178,155.19,155.166,155.185,293,155.177,155.193
2025-12-03T20:30:00.000000000Z,155.187,155.22,155.18,155.196,406,155.187,155.204
2025-12-03T20:35:00.000000000Z,155.196,155.212,155.192,155.196,419,155.189,155.203
2025-12-03T20:40:00.000000000Z,155.196,155.226,155.19,155.224,256,155.216,155.233
2025-12-03T20:45:00.000000000Z,155.224,155.245,155.21,155.245,460,155.235,155.255
2025-12-03T20:50:00.000000000Z,155.246,155.252,155.224,155.225,354,155.217,155.233
2025-12-03T20:55:00.000000000Z,155.226,155.246,155.213,155.24,532,155.231,155.248
2025-12-03T21:00:00.000000000Z,155.24,155.262,155.236,155.254,223,155.245,155.262
2025-12-03T21:05:00.000000000Z,155.255,155.281,155.252,155.278,230,155.268,155.287
2025-12-03T21:10:00.000000000Z,155.279,155.32,155.279,155.299,248,155.29,155.308
2025-12-03T21:15:00.000000000Z,155.297,155.297,155.27,155.277,191,155.268,155.286
2025-12-03T21:20:00.000000000Z,155.276,155.278,155.264,155.269,395,155.261,155.277
2025-12-03T21:25:00.000000000Z,155.27,155.283,155.248,155.282,197,155.273,155.291
2025-12-03T21:30:00.000000000Z,155.284,155.29,155.26,155.26,252,155.25,155.269
2025-12-03T21:35:00.000000000Z,155.254,155.254,155.231,155.233,357,155.225,155.241
2025-12-03T21:40:00.000000000Z,155.234,155.244,155.21,155.226,254,155.216,155.235
2025-12-03T21:45:00.000000000Z,155.225,155.248,155.211,155.237,442,155.228,155.246
2025-12-03T21:50:00.000000000Z,155.237,155.245,155.222,155.236,438,155.226,155.247
2025-12-03T21:55:00.000000000Z,155.234,155.248,155.227,155.229,396,155.217,155.241
2025-12-03T22:00:00.000000000Z,155.268,155.268,155.268,155.268,1,155.221,155.316
2025-12-03T22:05:00.000000000Z,155.262,155.268,155.222,155.255,33,155.214,155.296
2025-12-03T22:10:00.000000000Z,155.256,155.258,155.19,155.194,20,155.144,155.244
2025-12-03T22:15:00.000000000Z,155.186,155.228,155.167,155.186,68,155.136,155.236
2025-12-03T22:20:00.000000000Z,155.183,155.207,155.16,155.188,69,155.159,155.218
2025-12-03T22:25:00.000000000Z,155.189,155.196,155.188,155.194,20,155.173,155.214
2025-12-03T22:30:00.000000000Z,155.193,155.194,155.189,155.194,13,155.175,155.213
2025-12-03T22:35:00.000000000Z,155.194,155.203,155.191,155.203,46,155.185,155.221
2025-12-03T22:40:00.000000000Z,155.204,155.208,155.198,155.206,219,155.192,155.221
2025-12-03T22:45:00.000000000Z,155.204,155.208,155.182,155.182,320,155.156,155.207
2025-12-03T22:50:00.000000000Z,155.182,155.213,155.182,155.208,387,155.162,155.253
2025-12-03T22:55:00.000000000Z,155.208,155.245,155.194,155.228,569,155.178,155.278
2025-12-03T23:00:00.000000000Z,155.207,155.23,155.17,155.199,231,155.187,155.211
2025-12-03T23:05:00.000000000Z,155.206,155.206,155.176,155.202,70,155.191,155.213
2025-12-03T23:10:00.000000000Z,155.202,155.215,155.187,155.212,96,155.203,155.221
2025-12-03T23:15:00.000000000Z,155.212,155.241,155.211,155.232,98,155.223,155.241
2025-12-03T23:20:00.000000000Z,155.233,155.236,155.21,155.212,208,155.202,155.222
2025-12-03T23:25:00.000000000Z,155.213,155.222,155.208,155.212,120,155.204,155.221
2025-12-03T23:30:00.000000000Z,155.212,155.223,155.114,155.114,407,155.104,155.123
2025-12-03T23:35:00.000000000Z,155.112,155.152,155.112,155.13,256,155.12,155.139
2025-12-03T23:40:00.000000000Z,155.129,155.134,155.126,155.126,276,155.118,155.134
2025-12-03T23:45:00.000000000Z,155.126,155.126,155.088,155.117,314,155.108,155.126
2025-12-03T23:50:00.000000000Z,155.116,155.14,155.096,155.103,238,155.094,155.112
2025-12-03T23:55:00.000000000Z,155.102,155.131,155.102,155.115,165,155.106,155.124
2025-12-04T00:00:00.000000000Z,155.116,155.116,155.022,155.054,890,155.045,155.063
2025-12-04T00:05:00.000000000Z,155.053,155.106,155.048,155.078,868,155.07,155.087
2025-12-04T00:10:00.000000000Z,155.078,155.135,155.077,155.13,796,155.123,155.138
2025-12-04T00:15:00.000000000Z,155.13,155.208,155.13,155.172,887,155.164,155.18
2025-12-04T00:20:00.000000000Z,155.172,155.178,155.119,155.15,609,155.144,155.157
2025-12-04T00:25:00.000000000Z,155.15,155.226,155.147,155.225,762,155.219,155.231
2025-12-04T00:30:00.000000000Z,155.228,155.238,155.175,155.184,1149,155.178,155.191
2025-12-04T00:35:00.000000000Z,155.185,155.22,155.178,155.188,805,155.181,155.195
2025-12-04T00:40:00.000000000Z,155.188,155.214,155.178,155.184,750,155.177,155.192
2025-12-04T00:45:00.000000000Z,155.186,155.196,155.153,155.184,773,155.177,155.192
2025-12-04T00:50:00.000000000Z,155.185,155.251,155.184,155.21,1219,155.203,155.218
2025-12-04T00:55:00.000000000Z,155.21,155.236,155.119,155.12,1283,155.111,155.13
2025-12-04T01:00:00.000000000Z,155.12,155.21,155.098,155.198,1295,155.189,155.207
2025-12-04T01:05:00.000000000Z,155.197,155.209,155.148,155.186,1116,155.179,155.194
2025-12-04T01:10:00.000000000Z,155.187,155.202,155.141,155.143,892,155.136,155.15
2025-12-04T01:15:00.000000000Z,155.144,155.187,155.144,155.173,1065,155.165,155.181
2025-12-04T01:20:00.000000000Z,155.174,155.348,155.174,155.308,1075,155.298,155.317
2025-12-04T01:25:00.000000000Z,155.306,155.318,155.287,155.31,911,155.302,155.318
2025-12-04T01:30:00.000000000Z,155.308,155.374,155.308,155.37,795,155.361,155.378
2025-12-04T01:35:00.000000000Z,155.37,155.416,155.327,155.33,908,155.324,155.336
2025-12-04T01:40:00.000000000Z,155.332,155.334,155.277,155.294,1049,155.287,155.302
2025-12-04T01:45:00.000000000Z,155.295,155.3,155.244,155.26,713,155.251,155.269
2025-12-04T01:50:00.000000000Z,155.259,155.282,155.246,155.274,742,155.266,155.282
2025-12-04T01:55:00.000000000Z,155.274,155.277,155.253,155.262,825,155.254,155.27
2025-12-04T02:00:00.000000000Z,155.262,155.326,155.254,155.322,740,155.314,155.33
2025-12-04T02:05:00.000000000Z,155.322,155.362,155.322,155.342,922,155.335,155.35
2025-12-04T02:10:00.000000000Z,155.343,155.346,155.293,155.322,720,155.312,155.331
2025-12-04T02:15:00.000000000Z,155.32,155.378,155.318,155.366,702,155.356,155.375
2025-12-04T02:20:00.000000000Z,155.367,155.389,155.364,155.37,673,155.361,155.379
2025-12-04T02:25:00.000000000Z,155.37,155.384,155.355,155.38,635,155.372,155.388
2025-12-04T02:30:00.000000000Z,155.38,155.382,155.356,155.377,584,155.369,155.385
2025-12-04T02:35:00.000000000Z,155.376,155.432,155.354,155.404,910,155.396,155.413
2025-12-04T02:40:00.000000000Z,155.402,155.402,155.352,155.366,866,155.359,155.372
2025-12-04T02:45:00.000000000Z,155.365,155.38,155.339,155.379,769,155.372,155.386
2025-12-04T02:50:00.000000000Z,155.376,155.381,155.346,155.368,516,155.36,155.377
2025-12-04T02:55:00.000000000Z,155.368,155.426,155.364,155.414,519,155.405,155.423
2025-12-04T03:00:00.000000000Z,155.414,155.476,155.414,155.448,785,155.441,155.454
2025-12-04T03:05:00.000000000Z,155.442,155.463,155.438,155.454,316,155.447,155.461
2025-12-04T03:10:00.000000000Z,155.453,155.463,155.442,155.452,399,155.443,155.461
2025-12-04T03:15:00.000000000Z,155.452,155.498,155.451,155.478,556,155.469,155.486
2025-12-04T03:20:00.000000000Z,155.478,155.528,155.476,155.512,698,155.504,155.521
2025-12-04T03:25:00.000000000Z,155.514,155.534,155.514,155.527,652,155.52,155.534
2025-12-04T03:30:00.000000000Z,155.528,155.528,155.488,155.504,831,155.497,155.512
2025-12-04T03:35:00.000000000Z,155.506,155.542,155.499,155.51,640,155.5,155.519
2025-12-04T03:40:00.000000000Z,155.509,155.513,155.456,155.456,511,155.447,155.466
2025-12-04T03:45:00.000000000Z,155.457,155.457,155.425,155.442,699,155.434,155.451
2025-12-04T03:50:00.000000000Z,155.442,155.457,155.4,155.4,566,155.392,155.408
2025-12-04T03:55:00.000000000Z,155.4,155.412,155.384,155.392,533,155.382,155.401
2025-12-04T04:00:00.000000000Z,155.392,155.396,155.346,155.372,661,155.363,155.38
2025-12-04T04:05:00.000000000Z,155.371,155.386,155.366,155.379,631,155.37,155.388
2025-12-04T04:10:00.000000000Z,155.377,155.38,155.355,155.38,554,155.371,155.388
2025-12-04T04:15:00.000000000Z,155.379,155.392,155.354,155.356,393,155.348,155.363
2025-12-04T04:20:00.000000000Z,155.355,155.378,155.355,155.368,357,155.36,155.376
2025-12-04T04:25:00.000000000Z,155.368,155.376,155.342,155.346,495,155.338,155.353
2025-12-04T04:30:00.000000000Z,155.344,155.387,155.324,155.382,558,155.373,155.39
2025-12-04T04:35:00.000000000Z,155.382,155.398,155.376,155.393,462,155.386,155.4
2025-12-04T04:40:00.000000000Z,155.395,155.437,155.393,155.427,493,155.419,155.435
2025-12-04T04:45:00.000000000Z,155.428,155.458,155.426,155.454,373,155.447,155.462
2025-12-04T04:50:00.000000000Z,155.455,155.47,155.455,155.462,743,155.453,155.47
2025-12-04T04:55:00.000000000Z,155.46,155.468,155.434,155.464,440,155.455,155.473
2025-12-04T05:00:00.000000000Z,155.466,155.476,155.44,155.441,813,155.432,155.45
2025-12-04T05:05:00.000000000Z,155.442,155.456,155.433,155.452,706,155.444,155.46
2025-12-04T05:10:00.000000000Z,155.452,155.504,155.451,155.5,508,155.491,155.508
2025-12-04T05:15:00.000000000Z,155.499,155.506,155.474,155.49,497,155.482,155.498
2025-12-04T05:20:00.000000000Z,155.492,155.498,155.48,155.482,440,155.476,155.489
2025-12-04T05:25:00.000000000Z,155.482,155.498,155.474,155.488,639,155.479,155.496
2025-12-04T05:30:00.000000000Z,155.488,155.488,155.45,155.468,587,155.459,155.477
2025-12-04T05:35:00.000000000Z,155.472,155.476,155.284,155.364,2817,155.355,155.374
2025-12-04T05:40:00.000000000Z,155.365,155.388,155.234,155.324,2015,155.313,155.335
2025-12-04T05:45:00.000000000Z,155.325,155.325,155.219,155.222,1347,155.213,155.231
2025-12-04T05:50:00.000000000Z,155.222,155.295,155.186,155.282,1319,155.274,155.291
2025-12-04T05:55:00.000000000Z,155.283,155.284,155.214,155.224,1469,155.215,155.232
2025-12-04T06:00:00.000000000Z,155.224,155.26,155.213,155.236,1110,155.228,155.244
2025-12-04T06:05:00.000000000Z,155.238,155.336,155.238,155.322,1214,155.314,155.33
2025-12-04T06:10:00.000000000Z,155.322,155.374,155.298,155.372,895,155.365,155.38
2025-12-04T06:15:00.000000000Z,155.373,155.402,155.348,155.35,928,155.341,155.358
2025-12-04T06:20:00.000000000Z,155.35,155.402,155.346,155.371,683,155.362,155.38
2025-12-04T06:25:00.000000000Z,155.37,155.376,155.349,155.373,634,155.367,155.379
2025-12-04T06:30:00.000000000Z,155.374,155.432,155.372,155.43,644,155.422,155.437
2025-12-04T06:35:00.000000000Z,155.429,155.452,155.379,155.39,669,155.383,155.397
2025-12-04T06:40:00.000000000Z,155.388,155.404,155.351,155.368,658,155.36,155.375
2025-12-04T06:45:00.000000000Z,155.367,155.374,155.324,155.366,752,155.357,155.376
2025-12-04T06:50:00.000000000Z,155.366,155.368,155.313,155.314,804,155.307,155.322
2025-12-04T06:55:00.000000000Z,155.316,155.318,155.247,155.298,1021,155.289,155.306
2025-12-04T07:00:00.000000000Z,155.296,155.296,155.255,155.281,1391,155.273,155.289
2025-12-04T07:05:00.000000000Z,155.282,155.354,155.282,155.322,1092,155.316,155.329
2025-12-04T07:10:00.000000000Z,155.322,155.342,155.31,155.318,1353,155.31,155.327
2025-12-04T07:15:00.000000000Z,155.319,155.336,155.286,155.296,804,155.29,155.303
2025-12-04T07:20:00.000000000Z,155.298,155.33,155.28,155.291,863,155.285,155.297
2025-12-04T07:25:00.000000000Z,155.292,155.32,155.279,155.297,701,155.29,155.304
2025-12-04T07:30:00.000000000Z,155.298,155.324,155.284,155.308,728,155.3,155.316
2025-12-04T07:35:00.000000000Z,155.314,155.326,155.293,155.298,621,155.29,155.307
2025-12-04T07:40:00.000000000Z,155.299,155.31,155.282,155.283,637,155.276,155.29
2025-12-04T07:45:00.000000000Z,155.284,155.297,155.208,155.286,1143,155.279,155.293
2025-12-04T07:50:00.000000000Z,155.288,155.292,155.242,155.253,1047,155.246,155.26
2025-12-04T07:55:00.000000000Z,155.254,155.255,155.21,155.244,1069,155.235,155.252
2025-12-04T08:00:00.000000000Z,155.245,155.252,155.058,155.068,2145,155.06,155.076
2025-12-04T08:05:00.000000000Z,155.068,155.084,154.964,155.018,2055,155.008,155.027
2025-12-04T08:10:00.000000000Z,155.019,155.019,154.88,154.962,2049,154.955,154.969
2025-12-04T08:15:00.000000000Z,154.962,155.014,154.89,154.93,1634,154.92,154.939
2025-12-04T08:20:00.000000000Z,154.928,154.928,154.79,154.81,1961,154.801,154.818
2025-12-04T08:25:00.000000000Z,154.808,154.832,154.775,154.819,1856,154.81,154.828
2025-12-04T08:30:00.000000000Z,154.818,154.892,154.804,154.878,1772,154.87,154.885
2025-12-04T08:35:00.000000000Z,154.877,154.886,154.828,154.834,1558,154.825,154.842
2025-12-04T08:40:00.000000000Z,154.836,154.946,154.83,154.926,1275,154.919,154.934
2025-12-04T08:45:00.000000000Z,154.926,154.932,154.866,154.928,777,154.92,154.937
2025-12-04T08:50:00.000000000Z,154.928,154.928,154.898,154.905,851,154.896,154.914
2025-12-04T08:55:00.000000000Z,154.906,154.995,154.868,154.99,1259,154.982,154.998
2025-12-04T09:00:00.000000000Z,154.99,155.058,154.974,154.978,1306,154.971,154.986
2025-12-04T09:05:00.000000000Z,154.976,154.985,154.908,154.933,907,154.924,154.942
2025-12-04T09:10:00.000000000Z,154.934,154.998,154.93,154.959,893,154.951,154.967
2025-12-04T09:15:00.000000000Z,154.958,154.964,154.908,154.932,1161,154.925,154.94
2025-12-04T09:20:00.000000000Z,154.934,154.934,154.884,154.91,984,154.904,154.916
2025-12-04T09:25:00.000000000Z,154.91,154.92,154.878,154.88,688,154.873,154.888
2025-12-04T09:30:00.000000000Z,154.88,154.937,154.84,154.898,1351,154.89,154.906
2025-12-04T09:35:00.000000000Z,154.9,154.914,154.872,154.888,1121,154.879,154.897
2025-12-04T09:40:00.000000000Z,154.888,154.928,154.885,154.924,1045,154.916,154.931
2025-12-04T09:45:00.000000000Z,154.923,154.95,154.912,154.924,944,154.916,154.932
2025-12-04T09:50:00.000000000Z,154.926,154.943,154.798,154.824,1119,154.817,154.832
2025-12-04T09:55:00.000000000Z,154.825,154.846,154.798,154.815,1023,154.809,154.821
2025-12-04T10:00:00.000000000Z,154.814,154.853,154.798,154.8,1050,154.792,154.808
2025-12-04T10:05:00.000000000Z,154.799,154.824,154.742,154.766,1839,154.757,154.776
2025-12-04T10:10:00.000000000Z,154.767,154.815,154.748,154.778,1147,154.77,154.787
2025-12-04T10:15:00.000000000Z,154.778,154.81,154.762,154.789,774,154.78,154.798
2025-12-04T10:20:00.000000000Z,154.788,154.863,154.788,154.852,848,154.842,154.861
2025-12-04T10:25:00.000000000Z,154.852,154.866,154.826,154.841,871,154.833,154.849
2025-12-04T10:30:00.000000000Z,154.842,154.854,154.832,154.834,628,154.827,154.842
2025-12-04T10:35:00.000000000Z,154.836,154.88,154.824,154.872,572,154.864,154.881
2025-12-04T10:40:00.000000000Z,154.872,154.895,154.831,154.844,686,154.836,154.853
2025-12-04T10:45:00.000000000Z,154.844,154.844,154.796,154.813,661,154.805,154.821
2025-12-04T10:50:00.000000000Z,154.814,154.821,154.8,154.809,713,154.801,154.817
2025-12-04T10:55:00.000000000Z,154.81,154.815,154.74,154.752,1000,154.743,154.76
2025-12-04T11:00:00.000000000Z,154.752,154.794,154.705,154.71,1245,154.702,154.718
2025-12-04T11:05:00.000000000Z,154.708,154.708,154.568,154.58,1829,154.572,154.588
2025-12-04T11:10:00.000000000Z,154.58,154.628,154.544,154.584,1524,154.575,154.593
2025-12-04T11:15:00.000000000Z,154.585,154.616,154.567,154.594,953,154.585,154.603
2025-12-04T11:20:00.000000000Z,154.594,154.63,154.587,154.591,874,154.584,154.598
2025-12-04T11:25:00.000000000Z,154.592,154.609,154.57,154.584,794,154.577,154.592
2025-12-04T11:30:00.000000000Z,154.584,154.61,154.56,154.578,840,154.57,154.587
2025-12-04T11:35:00.000000000Z,154.579,154.59,154.554,154.576,1010,154.568,154.584
2025-12-04T11:40:00.000000000Z,154.576,154.618,154.555,154.617,750,154.609,154.625
2025-12-04T11:45:00.000000000Z,154.618,154.632,154.606,154.627,669,154.619,154.635
2025-12-04T11:50:00.000000000Z,154.626,154.642,154.6,154.605,691,154.597,154.613
2025-12-04T11:55:00.000000000Z,154.604,154.606,154.524,154.53,1315,154.522,154.539
2025-12-04T12:00:00.000000000Z,154.53,154.589,154.509,154.58,1287,154.571,154.588
2025-12-04T12:05:00.000000000Z,154.578,154.618,154.541,154.554,1114,154.546,154.563
2025-12-04T12:10:00.000000000Z,154.554,154.566,154.526,154.542,880,154.535,154.549
2025-12-04T12:15:00.000000000Z,154.542,154.568,154.53,154.554,1015,154.546,154.562
2025-12-04T12:20:00.000000000Z,154.554,154.596,154.534,154.583,804,154.574,154.592
2025-12-04T12:25:00.000000000Z,154.582,154.618,154.568,154.578,918,154.57,154.587
2025-12-04T12:30:00.000000000Z,154.579,154.67,154.578,154.641,1402,154.634,154.648
2025-12-04T12:35:00.000000000Z,154.64,154.656,154.606,154.654,890,154.647,154.66
2025-12-04T12:40:00.000000000Z,154.653,154.693,154.627,154.693,1013,154.685,154.701
2025-12-04T12:45:00.000000000Z,154.692,154.782,154.685,154.729,1731,154.721,154.737
2025-12-04T12:50:00.000000000Z,154.728,154.752,154.7,154.718,1148,154.709,154.726
2025-12-04T12:55:00.000000000Z,154.717,154.717,154.654,154.672,1253,154.664,154.68
2025-12-04T13:00:00.000000000Z,154.67,154.767,154.663,154.762,1380,154.754,154.77
2025-12-04T13:05:00.000000000Z,154.76,154.806,154.747,154.756,1269,154.748,154.764
2025-12-04T13:10:00.000000000Z,154.757,154.802,154.757,154.796,1091,154.789,154.804
2025-12-04T13:15:00.000000000Z,154.796,154.831,154.793,154.818,1119,154.809,154.826
2025-12-04T13:20:00.000000000Z,154.817,154.86,154.81,154.83,1028,154.823,154.838
2025-12-04T13:25:00.000000000Z,154.831,154.847,154.794,154.824,947,154.81,154.837
2025-12-04T13:30:00.000000000Z,154.826,155.062,154.826,154.9,3503,154.892,154.909
2025-12-04T13:35:00.000000000Z,154.898,154.924,154.828,154.874,2379,154.866,154.883
2025-12-04T13:40:00.000000000Z,154.876,154.905,154.796,154.853,1934,154.844,154.862
2025-12-04T13:45:00.000000000Z,154.852,154.852,154.776,154.78,1845,154.773,154.788
2025-12-04T13:50:00.000000000Z,154.78,154.872,154.78,154.846,1732,154.838,154.854
2025-12-04T13:55:00.000000000Z,154.848,154.854,154.792,154.804,2217,154.796,154.813
2025-12-04T14:00:00.000000000Z,154.804,154.804,154.728,154.757,2008,154.749,154.765
2025-12-04T14:05:00.000000000Z,154.758,154.789,154.742,154.751,1533,154.743,154.759
2025-12-04T14:10:00.000000000Z,154.752,154.78,154.71,154.72,1393,154.711,154.729
2025-12-04T14:15:00.000000000Z,154.721,154.747,154.616,154.622,1530,154.615,154.629
2025-12-04T14:20:00.000000000Z,154.621,154.647,154.56,154.612,1682,154.604,154.619
2025-12-04T14:25:00.000000000Z,154.611,154.648,154.596,154.602,1425,154.595,154.61
2025-12-04T14:30:00.000000000Z,154.602,154.64,154.574,154.62,2427,154.613,154.627
2025-12-04T14:35:00.000000000Z,154.618,154.696,154.614,154.66,2546,154.653,154.668
2025-12-04T14:40:00.000000000Z,154.662,154.778,154.658,154.758,2234,154.749,154.767
2025-12-04T14:45:00.000000000Z,154.758,154.83,154.756,154.818,2197,154.81,154.825
2025-12-04T14:50:00.000000000Z,154.818,154.856,154.799,154.815,2364,154.807,154.823
2025-12-04T14:55:00.000000000Z,154.816,154.826,154.739,154.763,1613,154.756,154.77
2025-12-04T15:00:00.000000000Z,154.766,154.82,154.724,154.812,1301,154.805,154.818
2025-12-04T15:05:00.000000000Z,154.813,154.898,154.794,154.872,1965,154.863,154.88
2025-12-04T15:10:00.000000000Z,154.872,154.898,154.8,154.804,1688,154.795,154.813
2025-12-04T15:15:00.000000000Z,154.804,154.806,154.755,154.774,1087,154.766,154.781
2025-12-04T15:20:00.000000000Z,154.774,154.793,154.702,154.704,1184,154.696,154.711
2025-12-04T15:25:00.000000000Z,154.704,154.712,154.658,154.674,1613,154.665,154.682
2025-12-04T15:30:00.000000000Z,154.672,154.696,154.646,154.651,1660,154.643,154.659
2025-12-04T15:35:00.000000000Z,154.652,154.67,154.602,154.644,1537,154.637,154.652
2025-12-04T15:40:00.000000000Z,154.645,154.653,154.562,154.562,1253,154.554,154.571
2025-12-04T15:45:00.000000000Z,154.564,154.637,154.556,154.603,1341,154.596,154.61
2025-12-04T15:50:00.000000000Z,154.602,154.67,154.602,154.615,1342,154.607,154.623
2025-12-04T15:55:00.000000000Z,154.616,154.647,154.607,154.634,1571,154.625,154.642
2025-12-04T16:00:00.000000000Z,154.633,154.708,154.632,154.706,1379,154.698,154.713
2025-12-04T16:05:00.000000000Z,154.706,154.76,154.706,154.736,1488,154.727,154.744
2025-12-04T16:10:00.000000000Z,154.735,154.758,154.717,154.744,1313,154.738,154.75
2025-12-04T16:15:00.000000000Z,154.746,154.749,154.686,154.695,1249,154.687,154.703
2025-12-04T16:20:00.000000000Z,154.696,154.737,154.687,154.735,1001,154.727,154.743
2025-12-04T16:25:00.000000000Z,154.734,154.764,154.716,154.758,1202,154.751,154.765
2025-12-04T16:30:00.000000000Z,154.758,154.822,154.758,154.805,1233,154.797,154.813
2025-12-04T16:35:00.000000000Z,154.805,154.871,154.805,154.866,1409,154.858,154.873
2025-12-04T16:40:00.000000000Z,154.866,154.899,154.855,154.888,1106,154.882,154.894
2025-12-04T16:45:00.000000000Z,154.889,154.914,154.859,154.914,1226,154.906,154.921
2025-12-04T16:50:00.000000000Z,154.914,154.919,154.864,154.901,1084,154.893,154.909
2025-12-04T16:55:00.000000000Z,154.902,154.916,154.89,154.908,804,154.902,154.914
2025-12-04T17:00:00.000000000Z,154.908,154.948,154.896,154.946,1030,154.938,154.953
2025-12-04T17:05:00.000000000Z,154.946,154.968,154.906,154.956,1047,154.947,154.964
2025-12-04T17:10:00.000000000Z,154.958,154.96,154.932,154.942,846,154.935,154.95
2025-12-04T17:15:00.000000000Z,154.942,154.964,154.93,154.932,1010,154.925,154.94
2025-12-04T17:20:00.000000000Z,154.933,154.936,154.914,154.92,711,154.912,154.927
2025-12-04T17:25:00.000000000Z,154.918,154.92,154.888,154.896,1099,154.889,154.903
2025-12-04T17:30:00.000000000Z,154.896,154.95,154.896,154.946,849,154.938,154.953
2025-12-04T17:35:00.000000000Z,154.946,154.958,154.928,154.936,756,154.928,154.944
2025-12-04T17:40:00.000000000Z,154.936,154.956,154.894,154.95,618,154.942,154.957
2025-12-04T17:45:00.000000000Z,154.95,154.964,154.923,154.934,681,154.926,154.941
2025-12-04T17:50:00.000000000Z,154.935,154.95,154.922,154.922,744,154.916,154.929
2025-12-04T17:55:00.000000000Z,154.924,154.952,154.923,154.938,700,154.93,154.947
2025-12-04T18:00:00.000000000Z,154.94,154.966,154.937,154.946,862,154.937,154.955
2025-12-04T18:05:00.000000000Z,154.948,154.981,154.936,154.975,866,154.967,154.983
2025-12-04T18:10:00.000000000Z,154.975,154.989,154.961,154.964,988,154.955,154.972
2025-12-04T18:15:00.000000000Z,154.963,154.964,154.93,154.934,738,154.927,154.942
2025-12-04T18:20:00.000000000Z,154.935,154.936,154.91,154.91,866,154.903,154.917
2025-12-04T18:25:00.000000000Z,154.91,154.931,154.897,154.922,782,154.915,154.928
2025-12-04T18:30:00.000000000Z,154.922,154.95,154.913,154.948,1168,154.94,154.957
2025-12-04T18:35:00.000000000Z,154.949,154.961,154.923,154.926,675,154.917,154.936
2025-12-04T18:40:00.000000000Z,154.926,154.936,154.908,154.912,858,154.902,154.921
2025-12-04T18:45:00.000000000Z,154.911,154.954,154.908,154.948,623,154.941,154.956
2025-12-04T18:50:00.000000000Z,154.949,154.976,154.948,154.968,653,154.96,154.977
2025-12-04T18:55:00.000000000Z,154.969,154.995,154.96,154.987,833,154.979,154.995
2025-12-04T19:00:00.000000000Z,154.988,154.994,154.97,154.972,862,154.963,154.98
2025-12-04T19:05:00.000000000Z,154.976,155.01,154.968,155.006,668,154.997,155.015
2025-12-04T19:10:00.000000000Z,155.006,155.022,154.992,154.996,686,154.987,155.004
2025-12-04T19:15:00.000000000Z,154.994,154.999,154.967,154.992,448,154.985,154.999
2025-12-04T19:20:00.000000000Z,154.992,154.994,154.956,154.963,1086,154.956,154.97
2025-12-04T19:25:00.000000000Z,154.964,155.004,154.962,154.989,904,154.983,154.995
2025-12-04T19:30:00.000000000Z,154.989,155.002,154.98,154.995,555,154.987,155.003
2025-12-04T19:35:00.000000000Z,154.996,154.996,154.981,154.994,1126,154.985,155.003
2025-12-04T19:40:00.000000000Z,154.996,155.002,154.986,154.991,1046,154.982,155.0
2025-12-04T19:45:00.000000000Z,154.99,154.999,154.983,154.996,1017,154.988,155.005
2025-12-04T19:50:00.000000000Z,154.996,155.005,154.986,155.004,843,154.996,155.011
2025-12-04T19:55:00.000000000Z,155.003,155.042,155.0,155.018,668,155.011,155.024
2025-12-04T20:00:00.000000000Z,155.017,155.055,155.017,155.033,753,155.026,155.04
2025-12-04T20:05:00.000000000Z,155.034,155.038,155.002,155.006,1322,154.998,155.013
2025-12-04T20:10:00.000000000Z,155.006,155.028,155.005,155.016,761,155.008,155.024
2025-12-04T20:15:00.000000000Z,155.016,155.026,154.996,155.02,1263,155.011,155.029
2025-12-04T20:20:00.000000000Z,155.02,155.024,155.006,155.021,1273,155.014,155.028
2025-12-04T20:25:00.000000000Z,155.02,155.038,155.018,155.036,405,155.027,155.044
2025-12-04T20:30:00.000000000Z,155.036,155.048,155.024,155.044,1182,155.036,155.051
2025-12-04T20:35:00.000000000Z,155.044,155.078,155.041,155.074,1817,155.066,155.083
2025-12-04T20:40:00.000000000Z,155.074,155.084,155.058,155.074,1639,155.065,155.083
2025-12-04T20:45:00.000000000Z,155.074,155.091,155.07,155.09,910,155.084,155.096
2025-12-04T20:50:00.000000000Z,155.09,155.134,155.082,155.098,847,155.09,155.107
2025-12-04T20:55:00.000000000Z,155.1,155.122,155.094,155.105,992,155.096,155.114
2025-12-04T21:00:00.000000000Z,155.106,155.108,155.093,155.095,402,155.087,155.103
2025-12-04T21:05:00.000000000Z,155.096,155.096,155.078,155.084,473,155.076,155.092
2025-12-04T21:10:00.000000000Z,155.086,155.112,155.086,155.105,528,155.097,155.113
2025-12-04T21:15:00.000000000Z,155.104,155.119,155.102,155.116,543,155.108,155.125
2025-12-04T21:20:00.000000000Z,155.115,155.138,155.114,155.134,357,155.126,155.142
2025-12-04T21:25:00.000000000Z,155.134,155.138,155.122,155.122,398,155.115,155.129
2025-12-04T21:30:00.000000000Z,155.122,155.126,155.12,155.122,77,155.114,155.129
2025-12-04T21:35:00.000000000Z,155.123,155.129,155.12,155.127,136,155.121,155.133
2025-12-04T21:40:00.000000000Z,155.126,155.128,155.121,155.126,92,155.118,155.134
2025-12-04T21:45:00.000000000Z,155.123,155.146,155.122,155.13,376,155.121,155.139
2025-12-04T21:50:00.000000000Z,155.13,155.131,155.123,155.123,525,155.115,155.131
2025-12-04T21:55:00.000000000Z,155.124,155.134,155.11,155.12,534,155.11,155.13
2025-12-04T22:00:00.000000000Z,155.079,155.079,155.079,155.079,1,155.03,155.128
2025-12-04T22:05:00.000000000Z,155.076,155.082,155.073,155.077,30,155.049,155.105
2025-12-04T22:10:00.000000000Z,155.078,155.078,155.078,155.078,7,155.049,155.106
2025-12-04T22:15:00.000000000Z,155.078,155.088,155.066,155.088,76,155.072,155.103
2025-12-04T22:20:00.000000000Z,155.088,155.09,155.048,155.051,78,155.01,155.092
2025-12-04T22:25:00.000000000Z,155.05,155.081,155.024,155.026,172,155.006,155.045
2025-12-04T22:30:00.000000000Z,155.03,155.075,155.026,155.064,453,155.054,155.074
2025-12-04T22:35:00.000000000Z,155.063,155.066,155.059,155.06,133,155.047,155.073
2025-12-04T22:40:00.000000000Z,155.059,155.06,155.05,155.056,70,155.046,155.066
2025-12-04T22:45:00.000000000Z,155.056,155.056,155.053,155.054,125,155.042,155.065
2025-12-04T22:50:00.000000000Z,155.054,155.057,155.052,155.056,64,155.042,155.071
2025-12-04T22:55:00.000000000Z,155.057,155.062,155.052,155.062,153,155.042,155.081
2025-12-04T23:00:00.000000000Z,155.063,155.109,155.058,155.092,508,155.082,155.101
2025-12-04T23:05:00.000000000Z,155.093,155.122,155.093,155.118,152,155.108,155.129
2025-12-04T23:10:00.000000000Z,155.121,155.156,155.12,155.156,246,155.146,155.165
2025-12-04T23:15:00.000000000Z,155.155,155.162,155.151,155.155,118,155.145,155.165
2025-12-04T23:20:00.000000000Z,155.154,155.162,155.146,155.148,206,155.141,155.156
2025-12-04T23:25:00.000000000Z,155.147,155.148,155.129,155.133,285,155.126,155.14
2025-12-04T23:30:00.000000000Z,155.132,155.157,155.131,155.137,271,155.128,155.146
2025-12-04T23:35:00.000000000Z,155.138,155.138,155.098,155.1,207,155.092,155.109
2025-12-04T23:40:00.000000000Z,155.1,155.112,155.098,155.1,142,155.092,155.109
2025-12-04T23:45:00.000000000Z,155.1,155.133,155.1,155.112,364,155.106,155.119
2025-12-04T23:50:00.000000000Z,155.114,155.166,155.114,155.16,327,155.152,155.167
2025-12-04T23:55:00.000000000Z,155.159,155.165,155.134,155.134,251,155.125,155.144
2025-12-05T00:00:00.000000000Z,155.134,155.186,155.102,155.164,967,155.155,155.172
2025-12-05T00:05:00.000000000Z,155.163,155.231,155.156,155.194,941,155.188,155.2
2025-12-05T00:10:00.000000000Z,155.192,155.208,155.159,155.172,538,155.165,155.18
2025-12-05T00:15:00.000000000Z,155.174,155.206,155.163,155.2,654,155.193,155.208
2025-12-05T00:20:00.000000000Z,155.2,155.202,155.164,155.166,496,155.158,155.174
2025-12-05T00:25:00.000000000Z,155.17,155.17,155.108,155.113,675,155.105,155.121
2025-12-05T00:30:00.000000000Z,155.112,155.188,155.102,155.183,819,155.175,155.191
2025-12-05T00:35:00.000000000Z,155.182,155.185,155.123,155.138,516,155.128,155.148
2025-12-05T00:40:00.000000000Z,155.138,155.144,155.086,155.134,818,155.126,155.142
2025-12-05T00:45:00.000000000Z,155.134,155.164,155.124,155.148,937,155.139,155.158
2025-12-05T00:50:00.000000000Z,155.148,155.149,155.05,155.053,1274,155.045,155.061
2025-12-05T00:55:00.000000000Z,155.053,155.074,154.952,154.971,1188,154.964,154.978
2025-12-05T01:00:00.000000000Z,154.972,155.005,154.941,154.994,1469,154.985,155.002
2025-12-05T01:05:00.000000000Z,154.994,154.994,154.92,154.92,930,154.91,154.929
2025-12-05T01:10:00.000000000Z,154.918,154.968,154.916,154.962,672,154.953,154.972
2025-12-05T01:15:00.000000000Z,154.962,154.998,154.944,154.959,567,154.951,154.967
2025-12-05T01:20:00.000000000Z,154.964,154.995,154.964,154.982,504,154.973,154.991
2025-12-05T01:25:00.000000000Z,154.98,155.086,154.972,155.077,866,155.068,155.086
2025-12-05T01:30:00.000000000Z,155.078,155.1,155.011,155.02,854,155.011,155.028
2025-12-05T01:35:00.000000000Z,155.02,155.077,155.016,155.074,484,155.065,155.083
2025-12-05T01:40:00.000000000Z,155.074,155.078,155.007,155.014,463,155.006,155.023
2025-12-05T01:45:00.000000000Z,155.014,155.017,154.966,154.994,605,154.984,155.003
2025-12-05T01:50:00.000000000Z,154.994,155.018,154.972,154.994,754,154.986,155.002
2025-12-05T01:55:00.000000000Z,154.995,155.048,154.992,155.018,893,155.009,155.027
2025-12-05T02:00:00.000000000Z,155.016,155.044,155.005,155.028,772,155.02,155.037
2025-12-05T02:05:00.000000000Z,155.028,155.064,155.02,155.039,600,155.029,155.049
2025-12-05T02:10:00.000000000Z,155.038,155.058,155.026,155.054,368,155.045,155.063
2025-12-05T02:15:00.000000000Z,155.054,155.077,155.04,155.076,400,155.07,155.083
2025-12-05T02:20:00.000000000Z,155.076,155.088,155.067,155.079,305,155.073,155.085
2025-12-05T02:25:00.000000000Z,155.08,155.104,155.066,155.093,556,155.087,155.099
2025-12-05T02:30:00.000000000Z,155.092,155.092,155.069,155.077,475,155.069,155.085
2025-12-05T02:35:00.000000000Z,155.078,155.088,155.041,155.042,389,155.034,155.049
2025-12-05T02:40:00.000000000Z,155.04,155.077,155.022,155.068,493,155.061,155.075
2025-12-05T02:45:00.000000000Z,155.068,155.074,155.052,155.073,431,155.065,155.081
2025-12-05T02:50:00.000000000Z,155.074,155.076,155.041,155.042,431,155.034,155.051
2025-12-05T02:55:00.000000000Z,155.041,155.054,155.028,155.054,475,155.044,155.063
2025-12-05T03:00:00.000000000Z,155.054,155.066,155.04,155.05,421,155.043,155.058
2025-12-05T03:05:00.000000000Z,155.051,155.066,155.05,155.064,462,155.056,155.071
2025-12-05T03:10:00.000000000Z,155.058,155.066,155.044,155.057,339,155.048,155.066
2025-12-05T03:15:00.000000000Z,155.058,155.086,155.056,155.077,442,155.068,155.086
2025-12-05T03:20:00.000000000Z,155.076,155.08,155.062,155.076,393,155.067,155.086
2025-12-05T03:25:00.000000000Z,155.077,155.14,155.074,155.136,451,155.127,155.146
2025-12-05T03:30:00.000000000Z,155.138,155.159,155.122,155.135,539,155.127,155.143
2025-12-05T03:35:00.000000000Z,155.134,155.135,155.108,155.112,430,155.104,155.121
2025-12-05T03:40:00.000000000Z,155.113,155.128,155.106,155.124,411,155.115,155.133
2025-12-05T03:45:00.000000000Z,155.124,155.132,155.11,155.127,338,155.118,155.136
2025-12-05T03:50:00.000000000Z,155.126,155.144,155.116,155.137,348,155.129,155.145
2025-12-05T03:55:00.000000000Z,155.136,155.139,155.112,155.122,414,155.115,155.13
2025-12-05T04:00:00.000000000Z,155.122,155.127,155.084,155.104,806,155.098,155.111
2025-12-05T04:05:00.000000000Z,155.105,155.113,155.063,155.068,521,155.058,155.078
2025-12-05T04:10:00.000000000Z,155.066,155.076,155.056,155.064,443,155.056,155.072
2025-12-05T04:15:00.000000000Z,155.064,155.068,155.038,155.052,365,155.043,155.061
2025-12-05T04:20:00.000000000Z,155.052,155.052,155.027,155.052,368,155.043,155.061
2025-12-05T04:25:00.000000000Z,155.052,155.052,154.802,154.91,2445,154.901,154.918
2025-12-05T04:30:00.000000000Z,154.911,154.982,154.89,154.958,1524,154.951,154.966
2025-12-05T04:35:00.000000000Z,154.959,155.032,154.954,154.994,1180,154.984,155.003
2025-12-05T04:40:00.000000000Z,154.993,154.995,154.95,154.962,855,154.953,154.971
2025-12-05T04:45:00.000000000Z,154.962,154.967,154.91,154.934,797,154.927,154.941
2025-12-05T04:50:00.000000000Z,154.934,154.944,154.882,154.91,712,154.902,154.918
2025-12-05T04:55:00.000000000Z,154.914,154.938,154.911,154.92,660,154.912,154.929
2025-12-05T05:00:00.000000000Z,154.922,154.922,154.84,154.872,1009,154.865,154.878
2025-12-05T05:05:00.000000000Z,154.872,154.909,154.86,154.902,842,154.893,154.912
2025-12-05T05:10:00.000000000Z,154.902,154.904,154.853,154.882,701,154.873,154.891
2025-12-05T05:15:00.000000000Z,154.884,154.897,154.824,154.832,853,154.823,154.84
2025-12-05T05:20:00.000000000Z,154.83,154.832,154.782,154.786,841,154.777,154.796
2025-12-05T05:25:00.000000000Z,154.787,154.788,154.714,154.734,708,154.727,154.742
2025-12-05T05:30:00.000000000Z,154.734,154.734,154.643,154.646,1032,154.639,154.653
2025-12-05T05:35:00.000000000Z,154.644,154.65,154.56,154.562,1048,154.553,154.571
2025-12-05T05:40:00.000000000Z,154.562,154.647,154.555,154.647,1098,154.638,154.656
2025-12-05T05:45:00.000000000Z,154.646,154.647,154.572,154.612,761,154.603,154.62
2025-12-05T05:50:00.000000000Z,154.611,154.617,154.574,154.575,949,154.567,154.583
2025-12-05T05:55:00.000000000Z,154.574,154.652,154.545,154.601,1130,154.593,154.609
2025-12-05T06:00:00.000000000Z,154.598,154.63,154.584,154.624,879,154.616,154.633
2025-12-05T06:05:00.000000000Z,154.624,154.648,154.608,154.614,868,154.606,154.621
2025-12-05T06:10:00.000000000Z,154.614,154.68,154.614,154.674,634,154.667,154.682
2025-12-05T06:15:00.000000000Z,154.672,154.701,154.625,154.625,703,154.617,154.633
2025-12-05T06:20:00.000000000Z,154.625,154.651,154.608,154.616,835,154.609,154.624
2025-12-05T06:25:00.000000000Z,154.613,154.678,154.588,154.594,982,154.587,154.6
2025-12-05T06:30:00.000000000Z,154.594,154.636,154.588,154.589,967,154.581,154.597
2025-12-05T06:35:00.000000000Z,154.588,154.594,154.46,154.478,1740,154.47,154.485
2025-12-05T06:40:00.000000000Z,154.477,154.541,154.461,154.528,1302,154.52,154.537
2025-12-05T06:45:00.000000000Z,154.528,154.604,154.528,154.586,836,154.578,154.594
2025-12-05T06:50:00.000000000Z,154.586,154.608,154.548,154.562,1173,154.553,154.57
2025-12-05T06:55:00.000000000Z,154.562,154.574,154.526,154.573,1121,154.567,154.579
2025-12-05T07:00:00.000000000Z,154.572,154.632,154.512,154.631,1102,154.622,154.64
2025-12-05T07:05:00.000000000Z,154.632,154.652,154.53,154.542,1366,154.534,154.551
2025-12-05T07:10:00.000000000Z,154.542,154.556,154.49,154.517,1188,154.51,154.524
2025-12-05T07:15:00.000000000Z,154.52,154.614,154.513,154.586,1182,154.577,154.595
2025-12-05T07:20:00.000000000Z,154.586,154.588,154.503,154.514,1162,154.506,154.523
2025-12-05T07:25:00.000000000Z,154.514,154.516,154.392,154.419,1758,154.411,154.427
2025-12-05T07:30:00.000000000Z,154.418,154.456,154.343,154.417,1567,154.409,154.425
2025-12-05T07:35:00.000000000Z,154.416,154.482,154.402,154.417,1344,154.41,154.424
2025-12-05T07:40:00.000000000Z,154.416,154.527,154.394,154.52,1550,154.512,154.528
2025-12-05T07:45:00.000000000Z,154.518,154.578,154.515,154.563,1347,154.554,154.572
2025-12-05T07:50:00.000000000Z,154.562,154.576,154.522,154.572,1300,154.563,154.582
2025-12-05T07:55:00.000000000Z,154.573,154.652,154.573,154.63,1474,154.622,154.638
2025-12-05T08:00:00.000000000Z,154.63,154.698,154.607,154.696,1945,154.69,154.703
2025-12-05T08:05:00.000000000Z,154.697,154.778,154.692,154.774,1438,154.765,154.783
2025-12-05T08:10:00.000000000Z,154.771,154.837,154.762,154.8,1698,154.792,154.807
2025-12-05T08:15:00.000000000Z,154.8,154.806,154.739,154.75,1112,154.742,154.758
2025-12-05T08:20:00.000000000Z,154.75,154.768,154.716,154.73,1226,154.722,154.737
2025-12-05T08:25:00.000000000Z,154.728,154.807,154.728,154.775,1488,154.767,154.783
2025-12-05T08:30:00.000000000Z,154.774,154.839,154.769,154.808,1323,154.8,154.817
2025-12-05T08:35:00.000000000Z,154.808,154.833,154.758,154.778,1092,154.769,154.786
2025-12-05T08:40:00.000000000Z,154.78,154.786,154.76,154.772,857,154.764,154.78
2025-12-05T08:45:00.000000000Z,154.773,154.885,154.773,154.838,1189,154.831,154.844
2025-12-05T08:50:00.000000000Z,154.838,154.893,154.834,154.888,901,154.881,154.894
2025-12-05T08:55:00.000000000Z,154.889,154.896,154.846,154.86,1134,154.853,154.868
2025-12-05T09:00:00.000000000Z,154.859,154.907,154.834,154.907,1109,154.899,154.915
2025-12-05T09:05:00.000000000Z,154.909,154.934,154.887,154.932,1051,154.924,154.94
2025-12-05T09:10:00.000000000Z,154.932,154.949,154.918,154.92,683,154.911,154.929
2025-12-05T09:15:00.000000000Z,154.918,154.935,154.896,154.897,815,154.889,154.905
2025-12-05T09:20:00.000000000Z,154.898,154.919,154.866,154.918,829,154.909,154.927
2025-12-05T09:25:00.000000000Z,154.918,154.955,154.918,154.952,675,154.944,154.961
2025-12-05T09:30:00.000000000Z,154.952,154.956,154.914,154.924,718,154.915,154.932
2025-12-05T09:35:00.000000000Z,154.923,154.95,154.915,154.942,552,154.934,154.951
2025-12-05T09:40:00.000000000Z,154.943,154.95,154.921,154.944,600,154.937,154.952
2025-12-05T09:45:00.000000000Z,154.944,154.966,154.938,154.94,510,154.932,154.947
2025-12-05T09:50:00.000000000Z,154.938,154.938,154.903,154.915,473,154.907,154.923
2025-12-05T09:55:00.000000000Z,154.916,154.936,154.902,154.916,570,154.906,154.925
2025-12-05T10:00:00.000000000Z,154.917,154.918,154.891,154.896,612,154.888,154.904
2025-12-05T10:05:00.000000000Z,154.896,154.994,154.894,154.99,906,154.982,154.999
2025-12-05T10:10:00.000000000Z,154.991,155.068,154.99,155.067,1046,155.061,155.073
2025-12-05T10:15:00.000000000Z,155.068,155.096,155.042,155.096,814,155.088,155.104
2025-12-05T10:20:00.000000000Z,155.098,155.099,155.079,155.086,462,155.078,155.095
2025-12-05T10:25:00.000000000Z,155.087,155.097,155.064,155.097,672,155.091,155.103
2025-12-05T10:30:00.000000000Z,155.096,155.142,155.085,155.096,880,155.09,155.102
2025-12-05T10:35:00.000000000Z,155.094,155.096,155.06,155.091,624,155.082,155.1
2025-12-05T10:40:00.000000000Z,155.092,155.094,155.052,155.079,788,155.072,155.086
2025-12-05T10:45:00.000000000Z,155.08,155.138,155.072,155.094,979,155.087,155.102
2025-12-05T10:50:00.000000000Z,155.096,155.127,155.088,155.118,1033,155.109,155.128
2025-12-05T10:55:00.000000000Z,155.117,155.176,155.109,155.138,960,155.128,155.147
2025-12-05T11:00:00.000000000Z,155.137,155.18,155.122,155.156,808,155.148,155.165
2025-12-05T11:05:00.000000000Z,155.156,155.156,155.127,155.138,622,155.129,155.146
2025-12-05T11:10:00.000000000Z,155.136,155.165,155.135,155.151,602,155.142,155.16
2025-12-05T11:15:00.000000000Z,155.152,155.17,155.134,155.144,588,155.135,155.152
2025-12-05T11:20:00.000000000Z,155.144,155.146,155.117,155.134,669,155.127,155.142
2025-12-05T11:25:00.000000000Z,155.135,155.174,155.132,155.171,534,155.162,155.18
2025-12-05T11:30:00.000000000Z,155.172,155.224,155.168,155.211,829,155.203,155.219
2025-12-05T11:35:00.000000000Z,155.212,155.226,155.184,155.206,563,155.197,155.215
2025-12-05T11:40:00.000000000Z,155.204,155.21,155.17,155.17,498,155.161,155.18
2025-12-05T11:45:00.000000000Z,155.168,155.183,155.154,155.158,575,155.149,155.166
2025-12-05T11:50:00.000000000Z,155.16,155.179,155.14,155.146,477,155.137,155.154
2025-12-05T11:55:00.000000000Z,155.145,155.163,155.129,155.148,801,155.139,155.157
2025-12-05T12:00:00.000000000Z,155.148,155.152,155.084,155.103,1075,155.095,155.111
2025-12-05T12:05:00.000000000Z,155.102,155.126,155.084,155.112,668,155.105,155.12
2025-12-05T12:10:00.000000000Z,155.114,155.133,155.09,155.098,750,155.09,155.107
2025-12-05T12:15:00.000000000Z,155.099,155.176,155.085,155.174,693,155.166,155.182
2025-12-05T12:20:00.000000000Z,155.174,155.265,155.174,155.216,1429,155.206,155.226
2025-12-05T12:25:00.000000000Z,155.217,155.22,155.188,155.195,1153,155.186,155.204
2025-12-05T12:30:00.000000000Z,155.194,155.22,155.168,155.185,682,155.176,155.194
2025-12-05T12:35:00.000000000Z,155.184,155.208,155.152,155.152,715,155.143,155.162
2025-12-05T12:40:00.000000000Z,155.153,155.193,155.134,155.185,862,155.176,155.194
2025-12-05T12:45:00.000000000Z,155.184,155.203,155.15,155.184,876,155.175,155.194
2025-12-05T12:50:00.000000000Z,155.182,155.22,155.181,155.208,767,155.199,155.216
2025-12-05T12:55:00.000000000Z,155.206,155.206,155.164,155.172,1208,155.163,155.18
2025-12-05T13:00:00.000000000Z,155.173,155.203,155.146,155.2,1097,155.192,155.207
2025-12-05T13:05:00.000000000Z,155.199,155.23,155.198,155.22,910,155.212,155.228
2025-12-05T13:10:00.000000000Z,155.221,155.244,155.204,155.218,936,155.209,155.227
2025-12-05T13:15:00.000000000Z,155.218,155.242,155.214,155.231,783,155.223,155.239
2025-12-05T13:20:00.000000000Z,155.23,155.262,155.216,155.217,758,155.208,155.226
2025-12-05T13:25:00.000000000Z,155.216,155.219,155.135,155.164,797,155.154,155.174
2025-12-05T13:30:00.000000000Z,155.166,155.202,155.152,155.174,1371,155.165,155.184
2025-12-05T13:35:00.000000000Z,155.174,155.252,155.174,155.184,1484,155.175,155.193
2025-12-05T13:40:00.000000000Z,155.185,155.188,155.106,155.18,1845,155.172,155.187
2025-12-05T13:45:00.000000000Z,155.179,155.197,155.127,155.149,1456,155.14,155.158
2025-12-05T13:50:00.000000000Z,155.147,155.182,155.126,155.176,1110,155.168,155.185
2025-12-05T13:55:00.000000000Z,155.176,155.2,155.17,155.198,659,155.19,155.207
2025-12-05T14:00:00.000000000Z,155.198,155.199,155.149,155.149,1142,155.14,155.158
2025-12-05T14:05:00.000000000Z,155.15,155.164,155.116,155.149,754,155.14,155.158
2025-12-05T14:10:00.000000000Z,155.15,155.175,155.122,155.144,883,155.136,155.153
2025-12-05T14:15:00.000000000Z,155.144,155.172,155.14,155.142,896,155.135,155.15
2025-12-05T14:20:00.000000000Z,155.14,155.148,155.115,155.122,703,155.113,155.13
2025-12-05T14:25:00.000000000Z,155.122,155.198,155.121,155.197,844,155.189,155.205
2025-12-05T14:30:00.000000000Z,155.196,155.285,155.194,155.255,1816,155.247,155.263
2025-12-05T14:35:00.000000000Z,155.256,155.264,155.197,155.206,1376,155.198,155.215
2025-12-05T14:40:00.000000000Z,155.206,155.219,155.149,155.19,1599,155.182,155.198
2025-12-05T14:45:00.000000000Z,155.19,155.206,155.13,155.172,1678,155.163,155.18
2025-12-05T14:50:00.000000000Z,155.173,155.188,155.148,155.16,1137,155.153,155.167
2025-12-05T14:55:00.000000000Z,155.159,155.234,155.159,155.226,676,155.213,155.238
2025-12-05T15:00:00.000000000Z,155.225,155.302,155.163,155.29,1423,155.281,155.298
2025-12-05T15:05:00.000000000Z,155.289,155.358,155.288,155.302,1932,155.294,155.309
2025-12-05T15:10:00.000000000Z,155.302,155.303,155.158,155.187,2105,155.179,155.195
2025-12-05T15:15:00.000000000Z,155.189,155.228,155.186,155.193,1728,155.184,155.202
2025-12-05T15:20:00.000000000Z,155.192,155.204,155.117,155.19,1375,155.182,155.198
2025-12-05T15:25:00.000000000Z,155.189,155.222,155.159,155.161,1409,155.153,155.169
2025-12-05T15:30:00.000000000Z,155.16,155.21,155.142,155.184,1464,155.176,155.191
2025-12-05T15:35:00.000000000Z,155.184,155.198,155.118,155.132,1171,155.124,155.14
2025-12-05T15:40:00.000000000Z,155.133,155.182,155.122,155.171,1097,155.162,155.18
2025-12-05T15:45:00.000000000Z,155.172,155.249,155.151,155.23,1619,155.221,155.238
2025-12-05T15:50:00.000000000Z,155.229,155.296,155.204,155.274,1558,155.266,155.282
2025-12-05T15:55:00.000000000Z,155.275,155.32,155.25,155.254,1454,155.247,155.261
2025-12-05T16:00:00.000000000Z,155.253,155.27,155.209,155.23,1219,155.221,155.239
2025-12-05T16:05:00.000000000Z,155.233,155.348,155.23,155.341,1443,155.332,155.35
2025-12-05T16:10:00.000000000Z,155.342,155.448,155.332,155.442,2054,155.434,155.45
2025-12-05T16:15:00.000000000Z,155.441,155.474,155.398,155.466,1782,155.458,155.475
2025-12-05T16:20:00.000000000Z,155.466,155.494,155.398,155.43,1520,155.421,155.439
2025-12-05T16:25:00.000000000Z,155.43,155.433,155.398,155.418,978,155.41,155.426
2025-12-05T16:30:00.000000000Z,155.418,155.442,155.376,155.376,1396,155.369,155.384
2025-12-05T16:35:00.000000000Z,155.377,155.383,155.342,155.362,1043,155.353,155.372
2025-12-05T16:40:00.000000000Z,155.363,155.37,155.293,155.302,1080,155.295,155.31
2025-12-05T16:45:00.000000000Z,155.304,155.33,155.266,155.268,1092,155.259,155.277
2025-12-05T16:50:00.000000000Z,155.267,155.302,155.256,155.295,852,155.286,155.304
2025-12-05T16:55:00.000000000Z,155.3,155.316,155.282,155.3,1001,155.292,155.307
2025-12-05T17:00:00.000000000Z,155.3,155.32,155.285,155.29,813,155.283,155.297
2025-12-05T17:05:00.000000000Z,155.29,155.296,155.268,155.296,572,155.286,155.305
2025-12-05T17:10:00.000000000Z,155.294,155.296,155.267,155.276,580,155.268,155.285
2025-12-05T17:15:00.000000000Z,155.278,155.302,155.258,155.28,629,155.271,155.29
2025-12-05T17:20:00.000000000Z,155.281,155.31,155.268,155.306,425,155.298,155.315
2025-12-05T17:25:00.000000000Z,155.307,155.34,155.307,155.318,596,155.31,155.325
2025-12-05T17:30:00.000000000Z,155.318,155.34,155.304,155.326,710,155.318,155.333
2025-12-05T17:35:00.000000000Z,155.325,155.34,155.312,155.338,715,155.33,155.347
2025-12-05T17:40:00.000000000Z,155.337,155.346,155.275,155.278,622,155.269,155.287
2025-12-05T17:45:00.000000000Z,155.278,155.306,155.267,155.306,620,155.297,155.314
2025-12-05T17:50:00.000000000Z,155.307,155.31,155.29,155.3,621,155.292,155.309
2025-12-05T17:55:00.000000000Z,155.3,155.314,155.272,155.286,857,155.279,155.294
2025-12-05T18:00:00.000000000Z,155.287,155.304,155.256,155.257,883,155.25,155.264
2025-12-05T18:05:00.000000000Z,155.258,155.259,155.242,155.255,478,155.247,155.263
2025-12-05T18:10:00.000000000Z,155.256,155.286,155.256,155.267,439,155.258,155.276
2025-12-05T18:15:00.000000000Z,155.268,155.296,155.261,155.27,426,155.262,155.278
2025-12-05T18:20:00.000000000Z,155.27,155.319,155.27,155.306,416,155.297,155.314
2025-12-05T18:25:00.000000000Z,155.306,155.322,155.3,155.306,439,155.299,155.313
2025-12-05T18:30:00.000000000Z,155.306,155.307,155.279,155.283,545,155.275,155.291
2025-12-05T18:35:00.000000000Z,155.286,155.296,155.271,155.28,389,155.271,155.289
2025-12-05T18:40:00.000000000Z,155.28,155.302,155.266,155.3,416,155.292,155.307
2025-12-05T18:45:00.000000000Z,155.299,155.301,155.27,155.272,323,155.264,155.28
2025-12-05T18:50:00.000000000Z,155.274,155.306,155.274,155.286,435,155.278,155.293
2025-12-05T18:55:00.000000000Z,155.285,155.302,155.283,155.284,413,155.276,155.292
2025-12-05T19:00:00.000000000Z,155.282,155.324,155.268,155.284,828,155.277,155.291
2025-12-05T19:05:00.000000000Z,155.284,155.298,155.27,155.295,503,155.287,155.303
2025-12-05T19:10:00.000000000Z,155.294,155.296,155.281,155.295,326,155.287,155.303
2025-12-05T19:15:00.000000000Z,155.294,155.312,155.292,155.309,483,155.301,155.317
2025-12-05T19:20:00.000000000Z,155.308,155.316,155.288,155.314,540,155.306,155.323
2025-12-05T19:25:00.000000000Z,155.315,155.316,155.267,155.27,527,155.261,155.278
2025-12-05T19:30:00.000000000Z,155.27,155.294,155.262,155.284,255,155.276,155.292
2025-12-05T19:35:00.000000000Z,155.284,155.288,155.266,155.283,211,155.275,155.291
2025-12-05T19:40:00.000000000Z,155.284,155.298,155.271,155.28,310,155.273,155.288
2025-12-05T19:45:00.000000000Z,155.28,155.298,155.278,155.294,403,155.287,155.3
2025-12-05T19:50:00.000000000Z,155.294,155.316,155.29,155.305,447,155.299,155.311
2025-12-05T19:55:00.000000000Z,155.304,155.324,155.288,155.291,437,155.284,155.298
2025-12-05T20:00:00.000000000Z,155.292,155.316,155.29,155.302,365,155.293,155.31
2025-12-05T20:05:00.000000000Z,155.302,155.318,155.284,155.3,246,155.292,155.309
2025-12-05T20:10:00.000000000Z,155.301,155.306,155.278,155.28,296,155.274,155.287
2025-12-05T20:15:00.000000000Z,155.281,155.292,155.272,155.292,317,155.284,155.3
2025-12-05T20:20:00.000000000Z,155.292,155.313,155.288,155.298,215,155.289,155.307
2025-12-05T20:25:00.000000000Z,155.298,155.304,155.288,155.302,178,155.294,155.311
2025-12-05T20:30:00.000000000Z,155.301,155.308,155.292,155.302,228,155.294,155.311
2025-12-05T20:35:00.000000000Z,155.303,155.326,155.302,155.314,363,155.305,155.322
2025-12-05T20:40:00.000000000Z,155.315,155.316,155.291,155.302,443,155.294,155.31
2025-12-05T20:45:00.000000000Z,155.302,155.308,155.301,155.302,262,155.292,155.311
2025-12-05T20:50:00.000000000Z,155.3,155.315,155.298,155.31,331,155.303,155.318
2025-12-05T20:55:00.000000000Z,155.311,155.326,155.296,155.303,522,155.295,155.311
2025-12-05T21:00:00.000000000Z,155.304,155.306,155.293,155.298,283,155.289,155.306
2025-12-05T21:05:00.000000000Z,155.296,155.316,155.292,155.308,225,155.299,155.316
2025-12-05T21:10:00.000000000Z,155.306,155.314,155.302,155.314,116,155.306,155.323
2025-12-05T21:15:00.000000000Z,155.314,155.318,155.306,155.318,115,155.308,155.328
2025-12-05T21:20:00.000000000Z,155.319,155.32,155.303,155.306,101,155.296,155.316
2025-12-05T21:25:00.000000000Z,155.308,155.331,155.297,155.316,372,155.307,155.326
2025-12-05T21:30:00.000000000Z,155.319,155.342,155.318,155.334,207,155.324,155.345
2025-12-05T21:35:00.000000000Z,155.332,155.348,155.328,155.34,114,155.332,155.349
2025-12-05T21:40:00.000000000Z,155.342,155.354,155.332,155.353,161,155.342,155.364
2025-12-05T21:45:00.000000000Z,155.352,155.354,155.321,155.34,211,155.327,155.353
2025-12-05T21:50:00.000000000Z,155.34,155.371,155.336,155.368,382,155.357,155.38
2025-12-05T21:55:00.000000000Z,155.36,155.381,155.339,155.34,600,155.29,155.389
2025-12-07T22:00:00.000000000Z,155.219,155.219,155.219,155.219,1,155.169,155.269
2025-12-07T22:05:00.000000000Z,155.224,155.247,155.181,155.198,94,155.164,155.233
2025-12-07T22:10:00.000000000Z,155.224,155.256,155.179,155.238,70,155.216,155.261
2025-12-07T22:15:00.000000000Z,155.238,155.242,155.228,155.238,199,155.218,155.259
2025-12-07T22:20:00.000000000Z,155.239,155.241,155.238,155.238,27,155.219,155.258
2025-12-07T22:25:00.000000000Z,155.239,155.24,155.238,155.24,26,155.22,155.259
2025-12-07T22:30:00.000000000Z,155.24,155.241,155.238,155.241,30,155.222,155.26
2025-12-07T22:35:00.000000000Z,155.242,155.242,155.236,155.239,51,155.221,155.257
2025-12-07T22:40:00.000000000Z,155.239,155.24,155.234,155.234,49,155.214,155.253
2025-12-07T22:45:00.000000000Z,155.234,155.235,155.226,155.232,62,155.211,155.252
2025-12-07T22:50:00.000000000Z,155.233,155.245,155.226,155.234,86,155.22,155.249
2025-12-07T22:55:00.000000000Z,155.234,155.241,155.232,155.239,103,155.219,155.259
2025-12-07T23:00:00.000000000Z,155.236,155.305,155.226,155.256,1264,155.237,155.275
2025-12-07T23:05:00.000000000Z,155.256,155.27,155.247,155.261,197,155.243,155.279
2025-12-07T23:10:00.000000000Z,155.26,155.264,155.243,155.264,232,155.243,155.284
2025-12-07T23:15:00.000000000Z,155.264,155.284,155.248,155.276,480,155.26,155.291
2025-12-07T23:20:00.000000000Z,155.277,155.284,155.265,155.27,624,155.257,155.282
2025-12-07T23:25:00.000000000Z,155.262,155.288,155.254,155.282,603,155.268,155.296
2025-12-07T23:30:00.000000000Z,155.282,155.291,155.241,155.276,880,155.268,155.285
2025-12-07T23:35:00.000000000Z,155.276,155.294,155.262,155.289,589,155.28,155.298
2025-12-07T23:40:00.000000000Z,155.29,155.319,155.288,155.308,260,155.299,155.318
2025-12-07T23:45:00.000000000Z,155.309,155.333,155.304,155.322,256,155.311,155.334
2025-12-07T23:50:00.000000000Z,155.324,155.386,155.32,155.346,319,155.337,155.354
2025-12-07T23:55:00.000000000Z,155.344,155.362,155.311,155.313,328,155.305,155.321
2025-12-08T00:00:00.000000000Z,155.312,155.328,155.204,155.208,1298,155.198,155.218
2025-12-08T00:05:00.000000000Z,155.206,155.22,155.144,155.218,1468,155.21,155.226
2025-12-08T00:10:00.000000000Z,155.218,155.238,155.17,155.235,1123,155.228,155.242
2025-12-08T00:15:00.000000000Z,155.234,155.266,155.202,155.256,937,155.248,155.265
2025-12-08T00:20:00.000000000Z,155.257,155.262,155.201,155.206,659,155.197,155.214
2025-12-08T00:25:00.000000000Z,155.204,155.22,155.155,155.186,708,155.177,155.195
2025-12-08T00:30:00.000000000Z,155.186,155.186,155.128,155.142,730,155.134,155.149
2025-12-08T00:35:00.000000000Z,155.142,155.148,155.098,155.119,629,155.109,155.129
2025-12-08T00:40:00.000000000Z,155.12,155.126,155.097,155.118,711,155.11,155.126
2025-12-08T00:45:00.000000000Z,155.116,155.19,155.11,155.16,864,155.15,155.169
2025-12-08T00:50:00.000000000Z,155.159,155.194,155.142,155.178,1125,155.168,155.187
2025-12-08T00:55:00.000000000Z,155.174,155.18,155.062,155.072,1182,155.062,155.082
2025-12-08T01:00:00.000000000Z,155.074,155.153,155.054,155.084,1241,155.076,155.092
2025-12-08T01:05:00.000000000Z,155.086,155.097,155.049,155.088,816,155.079,155.098
2025-12-08T01:10:00.000000000Z,155.088,155.088,155.022,155.033,879,155.024,155.042
2025-12-08T01:15:00.000000000Z,155.034,155.038,154.994,155.036,1046,155.027,155.045
2025-12-08T01:20:00.000000000Z,155.038,155.052,154.974,154.996,825,154.987,155.004
2025-12-08T01:25:00.000000000Z,154.996,155.054,154.994,155.039,1034,155.03,155.048
2025-12-08T01:30:00.000000000Z,155.038,155.042,154.962,154.978,1032,154.969,154.988
2025-12-08T01:35:00.000000000Z,154.979,154.998,154.942,154.962,1178,154.953,154.971
2025-12-08T01:40:00.000000000Z,154.962,154.99,154.93,154.936,889,154.928,154.944
2025-12-08T01:45:00.000000000Z,154.936,154.994,154.926,154.963,897,154.955,154.971
2025-12-08T01:50:00.000000000Z,154.962,154.968,154.919,154.927,810,154.918,154.936
2025-12-08T01:55:00.000000000Z,154.926,154.95,154.914,154.921,686,154.913,154.929
2025-12-08T02:00:00.000000000Z,154.916,154.931,154.904,154.921,684,154.913,154.929
2025-12-08T02:05:00.000000000Z,154.922,154.928,154.9,154.924,679,154.916,154.931
2025-12-08T02:10:00.000000000Z,154.923,155.004,154.922,154.978,595,154.969,154.988
2025-12-08T02:15:00.000000000Z,154.978,155.042,154.974,155.018,865,155.01,155.027
2025-12-08T02:20:00.000000000Z,155.019,155.026,154.962,154.979,734,154.97,154.988
2025-12-08T02:25:00.000000000Z,154.981,155.038,154.962,155.031,712,155.023,155.039
2025-12-08T02:30:00.000000000Z,155.032,155.071,155.032,155.056,880,155.046,155.065
2025-12-08T02:35:00.000000000Z,155.058,155.066,155.03,155.048,809,155.04,155.056
2025-12-08T02:40:00.000000000Z,155.049,155.05,155.006,155.012,693,155.004,155.02
2025-12-08T02:45:00.000000000Z,155.014,155.016,154.98,155.004,677,154.996,155.013
2025-12-08T02:50:00.000000000Z,155.005,155.02,154.987,155.002,715,154.995,155.008
2025-12-08T02:55:00.000000000Z,155.001,155.02,154.992,155.007,799,155.0,155.014
2025-12-08T03:00:00.000000000Z,155.004,155.016,154.992,154.994,502,154.986,155.001
2025-12-08T03:05:00.000000000Z,154.994,155.014,154.976,154.988,586,154.981,154.994
2025-12-08T03:10:00.000000000Z,154.987,155.043,154.984,155.028,470,155.02,155.037
2025-12-08T03:15:00.000000000Z,155.026,155.027,155.0,155.014,512,155.004,155.023
2025-12-08T03:20:00.000000000Z,155.014,155.034,155.0,155.033,406,155.027,155.039
2025-12-08T03:25:00.000000000Z,155.034,155.046,155.022,155.032,697,155.023,155.04
2025-12-08T03:30:00.000000000Z,155.031,155.056,155.023,155.046,713,155.038,155.053
2025-12-08T03:35:00.000000000Z,155.046,155.062,155.044,155.052,477,155.044,155.061
2025-12-08T03:40:00.000000000Z,155.052,155.088,155.052,155.086,413,155.08,155.092
2025-12-08T03:45:00.000000000Z,155.085,155.089,155.062,155.078,565,155.071,155.086
2025-12-08T03:50:00.000000000Z,155.08,155.109,155.075,155.077,538,155.069,155.085
2025-12-08T03:55:00.000000000Z,155.078,155.116,155.078,155.106,504,155.098,155.113
2025-12-08T04:00:00.000000000Z,155.106,155.124,155.074,155.077,553,155.07,155.084
2025-12-08T04:05:00.000000000Z,155.076,155.09,155.058,155.084,665,155.076,155.091
2025-12-08T04:10:00.000000000Z,155.082,155.11,155.082,155.108,501,155.101,155.115
2025-12-08T04:15:00.000000000Z,155.108,155.109,155.08,155.085,568,155.078,155.092
2025-12-08T04:20:00.000000000Z,155.084,155.086,155.059,155.077,689,155.069,155.085
2025-12-08T04:25:00.000000000Z,155.078,155.099,155.076,155.097,738,155.089,155.105
2025-12-08T04:30:00.000000000Z,155.098,155.102,155.073,155.078,626,155.069,155.087
2025-12-08T04:35:00.000000000Z,155.078,155.092,155.06,155.09,570,155.081,155.099
2025-12-08T04:40:00.000000000Z,155.092,155.108,155.064,155.074,739,155.068,155.081
2025-12-08T04:45:00.000000000Z,155.076,155.098,155.071,155.078,626,155.07,155.087
2025-12-08T04:50:00.000000000Z,155.078,155.086,155.06,155.085,378,155.078,155.092
2025-12-08T04:55:00.000000000Z,155.086,155.1,155.074,155.077,479,155.069,155.085
2025-12-08T05:00:00.000000000Z,155.075,155.122,155.071,155.107,527,155.1,155.114
2025-12-08T05:05:00.000000000Z,155.109,155.122,155.098,155.114,465,155.107,155.121
2025-12-08T05:10:00.000000000Z,155.114,155.146,155.114,155.144,402,155.135,155.152
2025-12-08T05:15:00.000000000Z,155.144,155.173,155.134,155.172,585,155.163,155.18
2025-12-08T05:20:00.000000000Z,155.172,155.198,155.157,155.181,687,155.172,155.19
2025-12-08T05:25:00.000000000Z,155.18,155.225,155.178,155.208,819,155.201,155.216
2025-12-08T05:30:00.000000000Z,155.21,155.222,155.189,155.191,662,155.183,155.199
2025-12-08T05:35:00.000000000Z,155.192,155.219,155.184,155.194,720,155.187,155.202
2025-12-08T05:40:00.000000000Z,155.197,155.217,155.182,155.186,487,155.177,155.194
2025-12-08T05:45:00.000000000Z,155.189,155.222,155.184,155.208,741,155.2,155.216
2025-12-08T05:50:00.000000000Z,155.21,155.268,155.21,155.24,1090,155.232,155.248
2025-12-08T05:55:00.000000000Z,155.241,155.246,155.193,155.202,1187,155.193,155.21
2025-12-08T06:00:00.000000000Z,155.203,155.204,155.13,155.154,1659,155.147,155.162
2025-12-08T06:05:00.000000000Z,155.154,155.187,155.14,155.16,786,155.151,155.17
2025-12-08T06:10:00.000000000Z,155.159,155.181,155.104,155.123,1035,155.114,155.132
2025-12-08T06:15:00.000000000Z,155.124,155.206,155.12,155.204,1029,155.196,155.213
2025-12-08T06:20:00.000000000Z,155.205,155.268,155.204,155.262,776,155.255,155.27
2025-12-08T06:25:00.000000000Z,155.262,155.291,155.258,155.264,689,155.255,155.274
2025-12-08T06:30:00.000000000Z,155.266,155.278,155.23,155.24,715,155.232,155.248
2025-12-08T06:35:00.000000000Z,155.24,155.242,155.18,155.191,669,155.185,155.197
2025-12-08T06:40:00.000000000Z,155.192,155.228,155.181,155.214,525,155.207,155.222
2025-12-08T06:45:00.000000000Z,155.215,155.268,155.212,155.245,666,155.235,155.255
2025-12-08T06:50:00.000000000Z,155.244,155.273,155.244,155.252,616,155.243,155.261
2025-12-08T06:55:00.000000000Z,155.25,155.253,155.21,155.23,820,155.222,155.237
2025-12-08T07:00:00.000000000Z,155.229,155.254,155.214,155.232,744,155.222,155.241
2025-12-08T07:05:00.000000000Z,155.234,155.276,155.217,155.219,795,155.211,155.227
2025-12-08T07:10:00.000000000Z,155.22,155.221,155.168,155.191,795,155.182,155.2
2025-12-08T07:15:00.000000000Z,155.193,155.23,155.191,155.23,554,155.222,155.239
2025-12-08T07:20:00.000000000Z,155.231,155.251,155.222,155.238,748,155.231,155.245
2025-12-08T07:25:00.000000000Z,155.236,155.315,155.225,155.304,738,155.295,155.313
2025-12-08T07:30:00.000000000Z,155.304,155.306,155.276,155.279,805,155.271,155.287
2025-12-08T07:35:00.000000000Z,155.278,155.289,155.222,155.234,748,155.226,155.242
2025-12-08T07:40:00.000000000Z,155.234,155.264,155.218,155.26,700,155.251,155.268
2025-12-08T07:45:00.000000000Z,155.259,155.336,155.258,155.336,945,155.328,155.343
2025-12-08T07:50:00.000000000Z,155.334,155.354,155.312,155.314,796,155.305,155.322
2025-12-08T07:55:00.000000000Z,155.313,155.357,155.31,155.356,705,155.348,155.364
2025-12-08T08:00:00.000000000Z,155.356,155.39,155.278,155.287,1313,155.279,155.295
2025-12-08T08:05:00.000000000Z,155.286,155.318,155.28,155.294,1247,155.286,155.303
2025-12-08T08:10:00.000000000Z,155.294,155.344,155.262,155.344,1146,155.336,155.351
2025-12-08T08:15:00.000000000Z,155.343,155.365,155.326,155.364,1165,155.357,155.372
2025-12-08T08:20:00.000000000Z,155.364,155.402,155.34,155.383,1148,155.374,155.392
2025-12-08T08:25:00.000000000Z,155.382,155.458,155.382,155.446,1399,155.437,155.455
2025-12-08T08:30:00.000000000Z,155.448,155.464,155.426,155.43,827,155.421,155.438
2025-12-08T08:35:00.000000000Z,155.429,155.453,155.425,155.453,676,155.446,155.46
2025-12-08T08:40:00.000000000Z,155.454,155.459,155.426,155.438,554,155.43,155.445
2025-12-08T08:45:00.000000000Z,155.438,155.448,155.392,155.394,504,155.384,155.404
2025-12-08T08:50:00.000000000Z,155.394,155.413,155.382,155.395,516,155.387,155.403
2025-12-08T08:55:00.000000000Z,155.394,155.424,155.373,155.394,799,155.386,155.402
2025-12-08T09:00:00.000000000Z,155.396,155.47,155.396,155.446,946,155.439,155.454
2025-12-08T09:05:00.000000000Z,155.447,155.463,155.418,155.46,539,155.452,155.469
2025-12-08T09:10:00.000000000Z,155.461,155.524,155.459,155.48,1071,155.471,155.49
2025-12-08T09:15:00.000000000Z,155.481,155.537,155.478,155.535,949,155.526,155.544
2025-12-08T09:20:00.000000000Z,155.535,155.546,155.468,155.47,1093,155.462,155.478
2025-12-08T09:25:00.000000000Z,155.469,155.522,155.44,155.44,793,155.432,155.449
2025-12-08T09:30:00.000000000Z,155.439,155.46,155.428,155.43,681,155.421,155.439
2025-12-08T09:35:00.000000000Z,155.43,155.454,155.422,155.436,636,155.426,155.445
2025-12-08T09:40:00.000000000Z,155.437,155.454,155.41,155.424,790,155.416,155.431
2025-12-08T09:45:00.000000000Z,155.424,155.468,155.42,155.466,766,155.457,155.474
2025-12-08T09:50:00.000000000Z,155.464,155.479,155.442,155.444,739,155.435,155.453
2025-12-08T09:55:00.000000000Z,155.444,155.494,155.443,155.477,745,155.468,155.486
2025-12-08T10:00:00.000000000Z,155.476,155.524,155.475,155.494,824,155.485,155.503
2025-12-08T10:05:00.000000000Z,155.494,155.494,155.435,155.439,683,155.43,155.448
2025-12-08T10:10:00.000000000Z,155.44,155.46,155.424,155.442,632,155.434,155.45
2025-12-08T10:15:00.000000000Z,155.443,155.452,155.412,155.436,750,155.427,155.445
2025-12-08T10:20:00.000000000Z,155.436,155.458,155.43,155.457,471,155.449,155.465
2025-12-08T10:25:00.000000000Z,155.456,155.468,155.439,155.444,743,155.436,155.453
2025-12-08T10:30:00.000000000Z,155.444,155.448,155.411,155.411,605,155.402,155.42
2025-12-08T10:35:00.000000000Z,155.412,155.445,155.411,155.436,544,155.427,155.444
2025-12-08T10:40:00.000000000Z,155.436,155.456,155.42,155.456,495,155.447,155.466
2025-12-08T10:45:00.000000000Z,155.456,155.483,155.45,155.476,499,155.467,155.484
2025-12-08T10:50:00.000000000Z,155.478,155.514,155.47,155.509,700,155.501,155.517
2025-12-08T10:55:00.000000000Z,155.51,155.534,155.496,155.513,958,155.504,155.522
2025-12-08T11:00:00.000000000Z,155.514,155.558,155.499,155.544,766,155.536,155.552
2025-12-08T11:05:00.000000000Z,155.544,155.577,155.536,155.539,753,155.531,155.547
2025-12-08T11:10:00.000000000Z,155.536,155.536,155.476,155.48,600,155.472,155.488
2025-12-08T11:15:00.000000000Z,155.48,155.526,155.479,155.52,430,155.512,155.529
2025-12-08T11:20:00.000000000Z,155.52,155.546,155.518,155.526,542,155.518,155.535
2025-12-08T11:25:00.000000000Z,155.527,155.544,155.516,155.528,687,155.519,155.537
2025-12-08T11:30:00.000000000Z,155.528,155.53,155.51,155.52,621,155.512,155.529
2025-12-08T11:35:00.000000000Z,155.521,155.522,155.496,155.504,567,155.496,155.512
2025-12-08T11:40:00.000000000Z,155.504,155.534,155.5,155.531,588,155.522,155.54
2025-12-08T11:45:00.000000000Z,155.532,155.546,155.512,155.544,516,155.535,155.552
2025-12-08T11:50:00.000000000Z,155.544,155.576,155.539,155.57,710,155.562,155.578
2025-12-08T11:55:00.000000000Z,155.57,155.59,155.557,155.587,924,155.578,155.596
2025-12-08T12:00:00.000000000Z,155.586,155.59,155.546,155.578,1046,155.57,155.585
2025-12-08T12:05:00.000000000Z,155.578,155.656,155.57,155.624,1129,155.616,155.632
2025-12-08T12:10:00.000000000Z,155.625,155.635,155.6,155.6,779,155.592,155.609
2025-12-08T12:15:00.000000000Z,155.602,155.64,155.59,155.64,598,155.63,155.649
2025-12-08T12:20:00.000000000Z,155.64,155.645,155.626,155.63,436,155.622,155.638
2025-12-08T12:25:00.000000000Z,155.63,155.632,155.606,155.616,589,155.607,155.625
2025-12-08T12:30:00.000000000Z,155.616,155.659,155.613,155.656,606,155.65,155.663
2025-12-08T12:35:00.000000000Z,155.656,155.66,155.617,155.627,592,155.618,155.636
2025-12-08T12:40:00.000000000Z,155.626,155.654,155.6,155.619,752,155.611,155.627
2025-12-08T12:45:00.000000000Z,155.62,155.64,155.604,155.608,578,155.6,155.615
2025-12-08T12:50:00.000000000Z,155.606,155.616,155.549,155.552,750,155.544,155.561
2025-12-08T12:55:00.000000000Z,155.554,155.573,155.544,155.56,874,155.552,155.568
2025-12-08T13:00:00.000000000Z,155.56,155.593,155.531,155.592,1136,155.583,155.601
2025-12-08T13:05:00.000000000Z,155.594,155.595,155.538,155.542,720,155.534,155.551
2025-12-08T13:10:00.000000000Z,155.542,155.546,155.502,155.506,953,155.498,155.515
2025-12-08T13:15:00.000000000Z,155.505,155.516,155.476,155.491,1618,155.482,155.5
2025-12-08T13:20:00.000000000Z,155.49,155.545,155.49,155.544,1319,155.535,155.553
2025-12-08T13:25:00.000000000Z,155.544,155.548,155.505,155.516,1475,155.508,155.523
2025-12-08T13:30:00.000000000Z,155.512,155.595,155.507,155.578,1636,155.569,155.586
2025-12-08T13:35:00.000000000Z,155.577,155.624,155.566,155.617,1032,155.608,155.626
2025-12-08T13:40:00.000000000Z,155.616,155.642,155.599,155.617,1235,155.609,155.625
2025-12-08T13:45:00.000000000Z,155.616,155.619,155.574,155.594,850,155.588,155.601
2025-12-08T13:50:00.000000000Z,155.594,155.65,155.594,155.643,819,155.634,155.652
2025-12-08T13:55:00.000000000Z,155.642,155.662,155.618,155.628,983,155.619,155.638
2025-12-08T14:00:00.000000000Z,155.627,155.644,155.606,155.618,1260,155.609,155.626
2025-12-08T14:05:00.000000000Z,155.616,155.618,155.57,155.61,925,155.602,155.619
2025-12-08T14:10:00.000000000Z,155.611,155.611,155.544,155.55,832,155.541,155.558
2025-12-08T14:15:00.000000000Z,155.548,155.578,155.52,155.534,1134,155.527,155.54
2025-12-08T14:20:00.000000000Z,155.534,155.559,155.445,155.456,1679,155.447,155.465
2025-12-08T14:25:00.000000000Z,155.457,155.497,155.391,155.492,1890,155.486,155.498
2025-12-08T14:30:00.000000000Z,155.492,155.584,155.482,155.568,2229,155.559,155.576
2025-12-08T14:35:00.000000000Z,155.567,155.742,155.56,155.706,1987,155.698,155.714
2025-12-08T14:40:00.000000000Z,155.706,155.739,155.68,155.7,2291,155.692,155.708
2025-12-08T14:45:00.000000000Z,155.7,155.76,155.697,155.746,1831,155.738,155.754
2025-12-08T14:50:00.000000000Z,155.746,155.88,155.711,155.833,2304,155.826,155.84
2025-12-08T14:55:00.000000000Z,155.834,155.848,155.775,155.826,2261,155.82,155.833
2025-12-08T15:00:00.000000000Z,155.828,155.892,155.822,155.85,1615,155.842,155.859
2025-12-08T15:05:00.000000000Z,155.852,155.896,155.824,155.867,1584,155.858,155.876
2025-12-08T15:10:00.000000000Z,155.868,155.892,155.827,155.89,1045,155.883,155.897
2025-12-08T15:15:00.000000000Z,155.89,155.92,155.862,155.874,1897,155.865,155.882
2025-12-08T15:20:00.000000000Z,155.874,155.88,155.792,155.793,1351,155.784,155.802
2025-12-08T15:25:00.000000000Z,155.792,155.849,155.756,155.816,1309,155.808,155.825
2025-12-08T15:30:00.000000000Z,155.816,155.902,155.798,155.897,1053,155.888,155.906
2025-12-08T15:35:00.000000000Z,155.895,155.958,155.874,155.953,1188,155.945,155.961
2025-12-08T15:40:00.000000000Z,155.953,155.981,155.937,155.977,1364,155.968,155.986
2025-12-08T15:45:00.000000000Z,155.978,155.986,155.936,155.938,1067,155.93,155.946
2025-12-08T15:50:00.000000000Z,155.938,155.951,155.879,155.888,1374,155.88,155.896
2025-12-08T15:55:00.000000000Z,155.888,155.9,155.853,155.858,1512,155.852,155.864
2025-12-08T16:00:00.000000000Z,155.856,155.874,155.829,155.861,1620,155.853,155.869
2025-12-08T16:05:00.000000000Z,155.86,155.89,155.828,155.89,988,155.882,155.898
2025-12-08T16:10:00.000000000Z,155.89,155.89,155.85,155.854,864,155.845,155.862
2025-12-08T16:15:00.000000000Z,155.855,155.868,155.834,155.844,764,155.837,155.852
2025-12-08T16:20:00.000000000Z,155.846,155.942,155.844,155.94,1188,155.932,155.947
2025-12-08T16:25:00.000000000Z,155.938,155.954,155.918,155.947,800,155.938,155.956
2025-12-08T16:30:00.000000000Z,155.946,155.959,155.866,155.896,1279,155.888,155.903
2025-12-08T16:35:00.000000000Z,155.896,155.934,155.889,155.926,1045,155.917,155.935
2025-12-08T16:40:00.000000000Z,155.926,155.927,155.882,155.905,996,155.897,155.913
2025-12-08T16:45:00.000000000Z,155.904,155.909,155.866,155.872,872,155.863,155.881
2025-12-08T16:50:00.000000000Z,155.871,155.922,155.864,155.906,735,155.898,155.913
2025-12-08T16:55:00.000000000Z,155.905,155.911,155.88,155.9,953,155.891,155.908
2025-12-08T17:00:00.000000000Z,155.898,155.926,155.886,155.896,952,155.888,155.905
2025-12-08T17:05:00.000000000Z,155.899,155.924,155.89,155.896,600,155.887,155.904
2025-12-08T17:10:00.000000000Z,155.895,155.908,155.893,155.902,622,155.894,155.911
2025-12-08T17:15:00.000000000Z,155.903,155.903,155.832,155.834,618,155.826,155.843
2025-12-08T17:20:00.000000000Z,155.834,155.846,155.813,155.826,569,155.816,155.835
2025-12-08T17:25:00.000000000Z,155.826,155.836,155.801,155.822,844,155.814,155.831
2025-12-08T17:30:00.000000000Z,155.825,155.832,155.787,155.82,748,155.812,155.827
2025-12-08T17:35:00.000000000Z,155.82,155.854,155.816,155.818,689,155.81,155.826
2025-12-08T17:40:00.000000000Z,155.818,155.828,155.8,155.801,725,155.793,155.809
2025-12-08T17:45:00.000000000Z,155.802,155.802,155.756,155.756,872,155.747,155.765
2025-12-08T17:50:00.000000000Z,155.752,155.763,155.733,155.733,754,155.726,155.74
2025-12-08T17:55:00.000000000Z,155.732,155.786,155.727,155.752,965,155.742,155.761
2025-12-08T18:00:00.000000000Z,155.75,155.762,155.73,155.736,690,155.726,155.745
2025-12-08T18:05:00.000000000Z,155.738,155.76,155.724,155.746,493,155.736,155.755
2025-12-08T18:10:00.000000000Z,155.746,155.768,155.736,155.762,429,155.754,155.771
2025-12-08T18:15:00.000000000Z,155.762,155.778,155.748,155.75,256,155.74,155.759
2025-12-08T18:20:00.000000000Z,155.75,155.764,155.733,155.762,215,155.754,155.771
2025-12-08T18:25:00.000000000Z,155.763,155.78,155.748,155.778,674,155.77,155.786
2025-12-08T18:30:00.000000000Z,155.778,155.786,155.75,155.76,711,155.751,155.768
2025-12-08T18:35:00.000000000Z,155.759,155.764,155.738,155.748,476,155.739,155.756
2025-12-08T18:40:00.000000000Z,155.747,155.761,155.726,155.732,547,155.724,155.741
2025-12-08T18:45:00.000000000Z,155.73,155.734,155.706,155.727,461,155.718,155.736
2025-12-08T18:50:00.000000000Z,155.728,155.746,155.726,155.745,258,155.736,155.754
2025-12-08T18:55:00.000000000Z,155.744,155.762,155.728,155.752,620,155.744,155.761
2025-12-08T19:00:00.000000000Z,155.753,155.781,155.748,155.763,604,155.754,155.772
2025-12-08T19:05:00.000000000Z,155.762,155.764,155.738,155.748,468,155.739,155.757
2025-12-08T19:10:00.000000000Z,155.748,155.774,155.747,155.768,546,155.759,155.776
2025-12-08T19:15:00.000000000Z,155.766,155.768,155.742,155.744,527,155.735,155.753
2025-12-08T19:20:00.000000000Z,155.744,155.767,155.738,155.766,744,155.757,155.775
2025-12-08T19:25:00.000000000Z,155.766,155.79,155.766,155.785,448,155.776,155.794
2025-12-08T19:30:00.000000000Z,155.784,155.827,155.784,155.824,613,155.815,155.832
2025-12-08T19:35:00.000000000Z,155.823,155.848,155.81,155.812,679,155.804,155.819
2025-12-08T19:40:00.000000000Z,155.812,155.823,155.794,155.821,672,155.812,155.83
2025-12-08T19:45:00.000000000Z,155.82,155.871,155.819,155.867,610,155.861,155.873
2025-12-08T19:50:00.000000000Z,155.868,155.882,155.844,155.876,722,155.868,155.884
2025-12-08T19:55:00.000000000Z,155.878,155.917,155.874,155.912,1319,155.904,155.919
2025-12-08T20:00:00.000000000Z,155.911,155.912,155.851,155.904,915,155.896,155.911
2025-12-08T20:05:00.000000000Z,155.904,155.916,155.892,155.914,550,155.907,155.922
2025-12-08T20:10:00.000000000Z,155.914,155.937,155.906,155.926,486,155.916,155.935
2025-12-08T20:15:00.000000000Z,155.926,155.936,155.922,155.925,336,155.918,155.932
2025-12-08T20:20:00.000000000Z,155.926,155.932,155.91,155.914,340,155.906,155.923
2025-12-08T20:25:00.000000000Z,155.914,155.914,155.886,155.891,337,155.883,155.899
2025-12-08T20:30:00.000000000Z,155.892,155.894,155.874,155.876,455,155.869,155.884
2025-12-08T20:35:00.000000000Z,155.876,155.902,155.876,155.888,401,155.88,155.895
2025-12-08T20:40:00.000000000Z,155.886,155.89,155.875,155.879,399,155.872,155.886
2025-12-08T20:45:00.000000000Z,155.884,155.904,155.884,155.89,679,155.883,155.897
2025-12-08T20:50:00.000000000Z,155.89,155.914,155.89,155.896,523,155.889,155.904
2025-12-08T20:55:00.000000000Z,155.896,155.936,155.896,155.932,623,155.925,155.94
2025-12-08T21:00:00.000000000Z,155.934,155.944,155.928,155.938,411,155.931,155.946
2025-12-08T21:05:00.000000000Z,155.939,155.945,155.932,155.941,166,155.933,155.949
2025-12-08T21:10:00.000000000Z,155.94,155.948,155.936,155.94,186,155.934,155.947
2025-12-08T21:15:00.000000000Z,155.941,155.95,155.935,155.936,295,155.926,155.945
2025-12-08T21:20:00.000000000Z,155.936,155.938,155.925,155.936,338,155.928,155.945
2025-12-08T21:25:00.000000000Z,155.937,155.96,155.926,155.954,401,155.945,155.962
2025-12-08T21:30:00.000000000Z,155.953,155.962,155.935,155.935,414,155.926,155.944
2025-12-08T21:35:00.000000000Z,155.936,155.948,155.935,155.941,291,155.932,155.95
2025-12-08T21:40:00.000000000Z,155.942,155.948,155.935,155.942,175,155.933,155.95
2025-12-08T21:45:00.000000000Z,155.94,155.95,155.934,155.935,310,155.926,155.944
2025-12-08T21:50:00.000000000Z,155.936,155.938,155.91,155.914,572,155.904,155.924
2025-12-08T21:55:00.000000000Z,155.914,155.928,155.91,155.928,113,155.914,155.941
2025-12-08T22:00:00.000000000Z,155.875,155.875,155.875,155.875,1,155.825,155.925
2025-12-08T22:05:00.000000000Z,155.879,155.902,155.864,155.87,90,155.82,155.92
2025-12-08T22:10:00.000000000Z,155.866,155.895,155.863,155.89,71,155.859,155.922
2025-12-08T22:15:00.000000000Z,155.891,155.894,155.888,155.888,36,155.86,155.917
2025-12-08T22:20:00.000000000Z,155.89,155.89,155.878,155.88,81,155.857,155.903
2025-12-08T22:25:00.000000000Z,155.878,155.901,155.876,155.886,88,155.856,155.917
2025-12-08T22:30:00.000000000Z,155.885,155.887,155.877,155.886,155,155.859,155.912
2025-12-08T22:35:00.000000000Z,155.882,155.89,155.881,155.885,121,155.864,155.906
2025-12-08T22:40:00.000000000Z,155.886,155.91,155.885,155.906,88,155.886,155.925
2025-12-08T22:45:00.000000000Z,155.906,155.92,155.904,155.916,43,155.903,155.928
2025-12-08T22:50:00.000000000Z,155.922,155.942,155.9,155.941,106,155.921,155.961
2025-12-08T22:55:00.000000000Z,155.94,155.94,155.905,155.917,91,155.899,155.935
2025-12-08T23:00:00.000000000Z,155.918,155.958,155.894,155.938,293,155.928,155.948
2025-12-08T23:05:00.000000000Z,155.938,155.95,155.92,155.948,196,155.939,155.956
2025-12-08T23:10:00.000000000Z,155.948,155.962,155.944,155.958,165,155.949,155.968
2025-12-08T23:15:00.000000000Z,155.958,155.98,155.946,155.96,169,155.951,155.969
2025-12-08T23:20:00.000000000Z,155.956,155.974,155.946,155.951,168,155.941,155.961
2025-12-08T23:25:00.000000000Z,155.95,155.95,155.893,155.899,329,155.889,155.909
2025-12-08T23:30:00.000000000Z,155.898,155.912,155.898,155.912,140,155.902,155.921
2025-12-08T23:35:00.000000000Z,155.912,155.926,155.898,155.91,172,155.9,155.92
2025-12-08T23:40:00.000000000Z,155.912,155.938,155.908,155.938,114,155.928,155.947
2025-12-08T23:45:00.000000000Z,155.939,155.941,155.904,155.908,262,155.9,155.917
2025-12-08T23:50:00.000000000Z,155.908,155.927,155.891,155.891,330,155.881,155.901
2025-12-08T23:55:00.000000000Z,155.89,155.89,155.839,155.845,297,155.836,155.854
2025-12-09T00:00:00.000000000Z,155.846,155.864,155.775,155.84,1049,155.83,155.849
2025-12-09T00:05:00.000000000Z,155.84,155.868,155.826,155.843,631,155.834,155.852
2025-12-09T00:10:00.000000000Z,155.844,155.844,155.769,155.778,595,155.771,155.786
2025-12-09T00:15:00.000000000Z,155.779,155.854,155.778,155.85,626,155.841,155.859
2025-12-09T00:20:00.000000000Z,155.85,155.881,155.844,155.876,508,155.868,155.885
2025-12-09T00:25:00.000000000Z,155.876,155.89,155.852,155.864,402,155.856,155.873
2025-12-09T00:30:00.000000000Z,155.863,155.876,155.834,155.861,551,155.852,155.87
2025-12-09T00:35:00.000000000Z,155.86,155.904,155.86,155.898,551,155.889,155.907
2025-12-09T00:40:00.000000000Z,155.896,155.913,155.895,155.902,583,155.893,155.911
2025-12-09T00:45:00.000000000Z,155.902,155.912,155.869,155.884,573,155.877,155.892
2025-12-09T00:50:00.000000000Z,155.885,155.975,155.861,155.972,1249,155.962,155.981
2025-12-09T00:55:00.000000000Z,155.972,156.024,155.964,156.012,1404,156.005,156.02
2025-12-09T01:00:00.000000000Z,156.014,156.039,155.972,156.014,1128,156.005,156.023
2025-12-09T01:05:00.000000000Z,156.018,156.034,155.941,155.948,1287,155.939,155.958
2025-12-09T01:10:00.000000000Z,155.944,155.956,155.902,155.936,965,155.928,155.944
2025-12-09T01:15:00.000000000Z,155.936,155.952,155.902,155.917,673,155.91,155.924
2025-12-09T01:20:00.000000000Z,155.916,155.921,155.888,155.908,694,155.899,155.918
2025-12-09T01:25:00.000000000Z,155.908,155.91,155.875,155.881,766,155.874,155.888
2025-12-09T01:30:00.000000000Z,155.88,155.881,155.83,155.844,872,155.835,155.852
2025-12-09T01:35:00.000000000Z,155.844,155.884,155.842,155.88,829,155.873,155.888
2025-12-09T01:40:00.000000000Z,155.881,155.902,155.845,155.855,808,155.846,155.864
2025-12-09T01:45:00.000000000Z,155.853,155.868,155.83,155.84,735,155.832,155.847
2025-12-09T01:50:00.000000000Z,155.841,155.846,155.797,155.809,625,155.803,155.815
2025-12-09T01:55:00.000000000Z,155.81,155.81,155.769,155.8,513,155.792,155.807
2025-12-09T02:00:00.000000000Z,155.8,155.826,155.744,155.758,698,155.749,155.767
2025-12-09T02:05:00.000000000Z,155.76,155.794,155.759,155.785,518,155.777,155.793
2025-12-09T02:10:00.000000000Z,155.783,155.834,155.774,155.831,626,155.823,155.839
2025-12-09T02:15:00.000000000Z,155.83,155.896,155.829,155.895,593,155.888,155.902
2025-12-09T02:20:00.000000000Z,155.896,155.896,155.854,155.86,417,155.852,155.867
2025-12-09T02:25:00.000000000Z,155.858,155.864,155.843,155.844,471,155.835,155.852
2025-12-09T02:30:00.000000000Z,155.844,155.854,155.825,155.844,565,155.835,155.853
2025-12-09T02:35:00.000000000Z,155.845,155.894,155.842,155.873,640,155.866,155.88
2025-12-09T02:40:00.000000000Z,155.874,155.898,155.864,155.896,459,155.888,155.905
2025-12-09T02:45:00.000000000Z,155.897,155.908,155.88,155.892,491,155.885,155.9
2025-12-09T02:50:00.000000000Z,155.892,155.904,155.879,155.894,490,155.885,155.902
2025-12-09T02:55:00.000000000Z,155.896,155.902,155.856,155.87,477,155.862,155.877
2025-12-09T03:00:00.000000000Z,155.868,155.877,155.855,155.869,517,155.863,155.875
2025-12-09T03:05:00.000000000Z,155.868,155.893,155.868,155.886,264,155.88,155.892
2025-12-09T03:10:00.000000000Z,155.884,155.892,155.863,155.876,229,155.869,155.883
2025-12-09T03:15:00.000000000Z,155.876,155.885,155.86,155.878,407,155.869,155.887
2025-12-09T03:20:00.000000000Z,155.878,155.88,155.864,155.876,330,155.868,155.885
2025-12-09T03:25:00.000000000Z,155.877,155.877,155.85,155.875,415,155.866,155.884
2025-12-09T03:30:00.000000000Z,155.87,155.874,155.832,155.85,715,155.842,155.857
2025-12-09T03:35:00.000000000Z,155.852,155.871,155.81,155.82,412,155.812,155.828
2025-12-09T03:40:00.000000000Z,155.822,155.86,155.822,155.842,423,155.833,155.851
2025-12-09T03:45:00.000000000Z,155.842,155.854,155.825,155.852,319,155.843,155.861
2025-12-09T03:50:00.000000000Z,155.851,155.854,155.83,155.84,433,155.83,155.849
2025-12-09T03:55:00.000000000Z,155.837,155.837,155.802,155.826,382,155.817,155.834
2025-12-09T04:00:00.000000000Z,155.826,155.833,155.812,155.816,514,155.809,155.824
2025-12-09T04:05:00.000000000Z,155.816,155.863,155.814,155.858,478,155.85,155.867
2025-12-09T04:10:00.000000000Z,155.857,155.872,155.85,155.868,387,155.86,155.877
2025-12-09T04:15:00.000000000Z,155.868,155.892,155.868,155.887,440,155.879,155.895
2025-12-09T04:20:00.000000000Z,155.89,155.892,155.862,155.89,501,155.881,155.898
2025-12-09T04:25:00.000000000Z,155.889,155.9,155.877,155.9,430,155.892,155.907
2025-12-09T04:30:00.000000000Z,155.899,155.942,155.899,155.937,542,155.928,155.946
2025-12-09T04:35:00.000000000Z,155.938,155.942,155.914,155.924,675,155.916,155.933
2025-12-09T04:40:00.000000000Z,155.925,155.974,155.922,155.968,613,155.959,155.976
2025-12-09T04:45:00.000000000Z,155.967,155.988,155.95,155.982,493,155.975,155.989
2025-12-09T04:50:00.000000000Z,155.982,155.982,155.964,155.97,439,155.962,155.977
2025-12-09T04:55:00.000000000Z,155.97,155.97,155.936,155.936,344,155.928,155.945
2025-12-09T05:00:00.000000000Z,155.936,155.972,155.936,155.963,368,155.955,155.971
2025-12-09T05:05:00.000000000Z,155.964,156.116,155.961,156.068,1217,156.06,156.075
2025-12-09T05:10:00.000000000Z,156.066,156.067,156.016,156.032,772,156.023,156.042
2025-12-09T05:15:00.000000000Z,156.032,156.049,155.972,155.994,784,155.987,156.002
2025-12-09T05:20:00.000000000Z,155.997,155.998,155.946,155.952,491,155.944,155.961
2025-12-09T05:25:00.000000000Z,155.951,155.952,155.872,155.874,592,155.866,155.883
2025-12-09T05:30:00.000000000Z,155.876,155.893,155.861,155.879,543,155.87,155.888
2025-12-09T05:35:00.000000000Z,155.88,155.908,155.865,155.907,574,155.899,155.915
2025-12-09T05:40:00.000000000Z,155.908,155.957,155.894,155.944,703,155.934,155.953
2025-12-09T05:45:00.000000000Z,155.943,155.97,155.878,155.918,1620,155.908,155.927
2025-12-09T05:50:00.000000000Z,155.916,155.998,155.916,155.982,1235,155.973,155.991
2025-12-09T05:55:00.000000000Z,155.983,156.017,155.959,156.012,1261,156.003,156.02
2025-12-09T06:00:00.000000000Z,156.012,156.06,155.986,156.06,767,156.052,156.068
2025-12-09T06:05:00.000000000Z,156.06,156.085,156.034,156.042,1015,156.034,156.05
2025-12-09T06:10:00.000000000Z,156.044,156.106,156.04,156.08,1101,156.072,156.089
2025-12-09T06:15:00.000000000Z,156.08,156.128,156.074,156.094,858,156.086,156.101
2025-12-09T06:20:00.000000000Z,156.094,156.106,156.068,156.096,843,156.086,156.105
2025-12-09T06:25:00.000000000Z,156.096,156.097,156.056,156.089,750,156.079,156.099
2025-12-09T06:30:00.000000000Z,156.09,156.119,156.018,156.018,796,156.01,156.027
2025-12-09T06:35:00.000000000Z,156.019,156.06,156.012,156.058,717,156.05,156.067
2025-12-09T06:40:00.000000000Z,156.059,156.062,156.028,156.037,760,156.028,156.046
2025-12-09T06:45:00.000000000Z,156.037,156.046,156.001,156.011,788,156.003,156.019
2025-12-09T06:50:00.000000000Z,156.01,156.021,155.96,156.018,786,156.01,156.026
2025-12-09T06:55:00.000000000Z,156.018,156.03,155.988,156.008,617,156.001,156.016
2025-12-09T07:00:00.000000000Z,156.01,156.074,155.984,156.058,854,156.051,156.065
2025-12-09T07:05:00.000000000Z,156.058,156.115,156.047,156.114,816,156.105,156.123
2025-12-09T07:10:00.000000000Z,156.112,156.116,156.088,156.096,967,156.087,156.104
2025-12-09T07:15:00.000000000Z,156.094,156.166,156.092,156.138,901,156.131,156.146
2025-12-09T07:20:00.000000000Z,156.14,156.148,156.092,156.095,660,156.086,156.104
2025-12-09T07:25:00.000000000Z,156.096,156.115,156.083,156.109,790,156.101,156.117
2025-12-09T07:30:00.000000000Z,156.109,156.148,156.096,156.123,735,156.115,156.131
2025-12-09T07:35:00.000000000Z,156.122,156.124,156.036,156.06,827,156.052,156.068
2025-12-09T07:40:00.000000000Z,156.058,156.132,156.058,156.13,999,156.123,156.138
2025-12-09T07:45:00.000000000Z,156.131,156.16,156.119,156.158,782,156.15,156.165
2025-12-09T07:50:00.000000000Z,156.158,156.194,156.143,156.19,689,156.182,156.198
2025-12-09T07:55:00.000000000Z,156.19,156.2,156.172,156.194,1143,156.187,156.202
2025-12-09T08:00:00.000000000Z,156.195,156.282,156.184,156.274,1484,156.266,156.283
2025-12-09T08:05:00.000000000Z,156.275,156.276,156.23,156.256,1387,156.248,156.264
2025-12-09T08:10:00.000000000Z,156.258,156.286,156.246,156.256,1266,156.247,156.265
2025-12-09T08:15:00.000000000Z,156.256,156.316,156.246,156.312,840,156.303,156.321
2025-12-09T08:20:00.000000000Z,156.312,156.332,156.283,156.329,982,156.32,156.338
2025-12-09T08:25:00.000000000Z,156.33,156.379,156.324,156.367,1424,156.359,156.375
2025-12-09T08:30:00.000000000Z,156.368,156.369,156.312,156.358,1574,156.35,156.365
2025-12-09T08:35:00.000000000Z,156.357,156.431,156.356,156.427,952,156.419,156.435
2025-12-09T08:40:00.000000000Z,156.426,156.434,156.362,156.376,839,156.368,156.384
2025-12-09T08:45:00.000000000Z,156.378,156.396,156.354,156.374,647,156.365,156.383
2025-12-09T08:50:00.000000000Z,156.374,156.376,156.327,156.328,680,156.32,156.337
2025-12-09T08:55:00.000000000Z,156.329,156.34,156.308,156.335,684,156.327,156.343
2025-12-09T09:00:00.000000000Z,156.336,156.341,156.256,156.282,1188,156.274,156.29
2025-12-09T09:05:00.000000000Z,156.282,156.282,156.198,156.262,1230,156.253,156.271
2025-12-09T09:10:00.000000000Z,156.264,156.272,156.158,156.16,1146,156.151,156.168
2025-12-09T09:15:00.000000000Z,156.159,156.163,156.066,156.066,1624,156.057,156.075
2025-12-09T09:20:00.000000000Z,156.066,156.068,155.978,156.058,2272,156.049,156.066
2025-12-09T09:25:00.000000000Z,156.056,156.058,156.018,156.042,1560,156.034,156.05
2025-12-09T09:30:00.000000000Z,156.042,156.108,156.04,156.054,1263,156.046,156.062
2025-12-09T09:35:00.000000000Z,156.054,156.088,156.032,156.068,1059,156.06,156.076
2025-12-09T09:40:00.000000000Z,156.068,156.122,156.042,156.104,1038,156.097,156.112
2025-12-09T09:45:00.000000000Z,156.104,156.111,156.031,156.054,994,156.046,156.061
2025-12-09T09:50:00.000000000Z,156.053,156.082,156.048,156.068,758,156.06,156.076
2025-12-09T09:55:00.000000000Z,156.066,156.088,156.029,156.086,1127,156.078,156.095
2025-12-09T10:00:00.000000000Z,156.088,156.128,156.086,156.124,994,156.118,156.131
2025-12-09T10:05:00.000000000Z,156.126,156.174,156.104,156.139,940,156.131,156.147
2025-12-09T10:10:00.000000000Z,156.139,156.201,156.134,156.186,923,156.178,156.195
2025-12-09T10:15:00.000000000Z,156.187,156.204,156.166,156.178,707,156.169,156.186
2025-12-09T10:20:00.000000000Z,156.177,156.178,156.146,156.163,648,156.156,156.17
2025-12-09T10:25:00.000000000Z,156.164,156.204,156.163,156.173,836,156.165,156.181
2025-12-09T10:30:00.000000000Z,156.172,156.179,156.147,156.17,1176,156.163,156.178
2025-12-09T10:35:00.000000000Z,156.171,156.174,156.085,156.085,1606,156.077,156.093
2025-12-09T10:40:00.000000000Z,156.082,156.108,156.045,156.076,1900,156.068,156.083
2025-12-09T10:45:00.000000000Z,156.075,156.105,156.06,156.098,935,156.09,156.105
2025-12-09T10:50:00.000000000Z,156.098,156.136,156.095,156.106,989,156.097,156.115
2025-12-09T10:55:00.000000000Z,156.106,156.134,156.075,156.076,1095,156.068,156.084
2025-12-09T11:00:00.000000000Z,156.075,156.139,156.07,156.122,907,156.114,156.131
2025-12-09T11:05:00.000000000Z,156.122,156.122,156.103,156.122,753,156.113,156.13
2025-12-09T11:10:00.000000000Z,156.122,156.136,156.106,156.121,771,156.112,156.13
2025-12-09T11:15:00.000000000Z,156.121,156.137,156.097,156.122,881,156.113,156.131
2025-12-09T11:20:00.000000000Z,156.122,156.152,156.092,156.094,908,156.087,156.102
2025-12-09T11:25:00.000000000Z,156.094,156.148,156.094,156.122,760,156.115,156.129
2025-12-09T11:30:00.000000000Z,156.122,156.14,156.074,156.083,1112,156.076,156.09
2025-12-09T11:35:00.000000000Z,156.084,156.138,156.082,156.102,995,156.093,156.111
2025-12-09T11:40:00.000000000Z,156.102,156.132,156.102,156.11,710,156.102,156.119
2025-12-09T11:45:00.000000000Z,156.11,156.134,156.106,156.126,700,156.119,156.134
2025-12-09T11:50:00.000000000Z,156.127,156.147,156.106,156.133,840,156.125,156.141
2025-12-09T11:55:00.000000000Z,156.134,156.198,156.134,156.189,937,156.181,156.197
2025-12-09T12:00:00.000000000Z,156.189,156.236,156.187,156.226,1096,156.218,156.233
2025-12-09T12:05:00.000000000Z,156.226,156.26,156.222,156.235,1244,156.226,156.244
2025-12-09T12:10:00.000000000Z,156.234,156.29,156.234,156.282,1022,156.274,156.29
2025-12-09T12:15:00.000000000Z,156.282,156.293,156.264,156.279,766,156.271,156.287
2025-12-09T12:20:00.000000000Z,156.28,156.292,156.254,156.27,737,156.261,156.278
2025-12-09T12:25:00.000000000Z,156.269,156.282,156.254,156.282,494,156.274,156.291
2025-12-09T12:30:00.000000000Z,156.282,156.29,156.253,156.27,609,156.261,156.278
2025-12-09T12:35:00.000000000Z,156.269,156.29,156.256,156.28,713,156.272,156.287
2025-12-09T12:40:00.000000000Z,156.28,156.326,156.278,156.318,710,156.309,156.326
2025-12-09T12:45:00.000000000Z,156.317,156.32,156.277,156.28,775,156.271,156.288
2025-12-09T12:50:00.000000000Z,156.281,156.312,156.256,156.31,1165,156.301,156.32
2025-12-09T12:55:00.000000000Z,156.312,156.357,156.312,156.356,1496,156.347,156.365
2025-12-09T13:00:00.000000000Z,156.356,156.369,156.31,156.342,1242,156.334,156.351
2025-12-09T13:05:00.000000000Z,156.344,156.37,156.334,156.368,921,156.36,156.377
2025-12-09T13:10:00.000000000Z,156.37,156.406,156.366,156.378,772,156.371,156.386
2025-12-09T13:15:00.000000000Z,156.378,156.407,156.353,156.354,1216,156.347,156.362
2025-12-09T13:20:00.000000000Z,156.352,156.452,156.35,156.451,1492,156.444,156.458
2025-12-09T13:25:00.000000000Z,156.452,156.487,156.45,156.481,1118,156.472,156.49
2025-12-09T13:30:00.000000000Z,156.48,156.516,156.462,156.488,1239,156.479,156.496
2025-12-09T13:35:00.000000000Z,156.487,156.489,156.391,156.394,1161,156.386,156.403
2025-12-09T13:40:00.000000000Z,156.394,156.438,156.37,156.374,1414,156.365,156.383
2025-12-09T13:45:00.000000000Z,156.372,156.402,156.342,156.386,1251,156.378,156.394
2025-12-09T13:50:00.000000000Z,156.384,156.391,156.285,156.322,1515,156.314,156.33
2025-12-09T13:55:00.000000000Z,156.322,156.346,156.296,156.342,1283,156.333,156.352
2025-12-09T14:00:00.000000000Z,156.342,156.374,156.312,156.352,1230,156.343,156.361
2025-12-09T14:05:00.000000000Z,156.352,156.366,156.316,156.326,825,156.317,156.335
2025-12-09T14:10:00.000000000Z,156.326,156.436,156.326,156.414,900,156.406,156.422
2025-12-09T14:15:00.000000000Z,156.416,156.444,156.409,156.444,995,156.435,156.453
2025-12-09T14:20:00.000000000Z,156.446,156.514,156.446,156.476,1232,156.467,156.485
2025-12-09T14:25:00.000000000Z,156.478,156.534,156.461,156.468,1278,156.459,156.477
2025-12-09T14:30:00.000000000Z,156.466,156.535,156.376,156.426,3181,156.417,156.434
2025-12-09T14:35:00.000000000Z,156.426,156.488,156.404,156.45,2042,156.442,156.459
2025-12-09T14:40:00.000000000Z,156.452,156.468,156.424,156.46,1782,156.452,156.468
2025-12-09T14:45:00.000000000Z,156.46,156.511,156.438,156.468,1332,156.46,156.476
2025-12-09T14:50:00.000000000Z,156.468,156.468,156.414,156.419,1417,156.412,156.426
2025-12-09T14:55:00.000000000Z,156.42,156.437,156.4,156.416,1076,156.403,156.428
2025-12-09T15:00:00.000000000Z,156.415,156.715,156.413,156.671,3663,156.664,156.678
2025-12-09T15:05:00.000000000Z,156.672,156.828,156.668,156.826,2522,156.818,156.834
2025-12-09T15:10:00.000000000Z,156.83,156.86,156.736,156.804,2228,156.796,156.813
2025-12-09T15:15:00.000000000Z,156.805,156.82,156.729,156.742,1697,156.734,156.75
2025-12-09T15:20:00.000000000Z,156.743,156.766,156.648,156.648,1685,156.64,156.657
2025-12-09T15:25:00.000000000Z,156.652,156.7,156.616,156.622,1633,156.614,156.631
2025-12-09T15:30:00.000000000Z,156.623,156.642,156.572,156.628,1662,156.621,156.636
2025-12-09T15:35:00.000000000Z,156.627,156.768,156.609,156.76,1473,156.752,156.768
2025-12-09T15:40:00.000000000Z,156.759,156.856,156.746,156.825,1452,156.817,156.833
2025-12-09T15:45:00.000000000Z,156.826,156.85,156.794,156.843,1697,156.835,156.851
2025-12-09T15:50:00.000000000Z,156.844,156.896,156.816,156.89,1167,156.883,156.898
2025-12-09T15:55:00.000000000Z,156.892,156.916,156.86,156.868,1460,156.861,156.874
2025-12-09T16:00:00.000000000Z,156.868,156.87,156.81,156.862,1261,156.855,156.869
2025-12-09T16:05:00.000000000Z,156.862,156.92,156.852,156.878,1013,156.87,156.886
2025-12-09T16:10:00.000000000Z,156.876,156.896,156.843,156.881,840,156.873,156.889
2025-12-09T16:15:00.000000000Z,156.88,156.894,156.853,156.854,938,156.846,156.861
2025-12-09T16:20:00.000000000Z,156.853,156.916,156.824,156.89,991,156.881,156.9
2025-12-09T16:25:00.000000000Z,156.89,156.916,156.888,156.91,789,156.901,156.918
2025-12-09T16:30:00.000000000Z,156.91,156.918,156.895,156.908,1129,156.901,156.916
2025-12-09T16:35:00.000000000Z,156.911,156.919,156.884,156.914,834,156.906,156.921
2025-12-09T16:40:00.000000000Z,156.914,156.914,156.882,156.884,1137,156.876,156.893
2025-12-09T16:45:00.000000000Z,156.883,156.888,156.851,156.864,841,156.856,156.872
2025-12-09T16:50:00.000000000Z,156.864,156.89,156.847,156.872,944,156.863,156.881
2025-12-09T16:55:00.000000000Z,156.872,156.878,156.845,156.86,940,156.852,156.868
2025-12-09T17:00:00.000000000Z,156.859,156.869,156.832,156.864,1253,156.855,156.872
2025-12-09T17:05:00.000000000Z,156.863,156.902,156.847,156.901,698,156.893,156.909
2025-12-09T17:10:00.000000000Z,156.902,156.918,156.888,156.91,812,156.902,156.919
2025-12-09T17:15:00.000000000Z,156.91,156.914,156.894,156.901,896,156.892,156.91
2025-12-09T17:20:00.000000000Z,156.904,156.906,156.851,156.856,1082,156.847,156.864
2025-12-09T17:25:00.000000000Z,156.855,156.904,156.854,156.904,645,156.895,156.912
2025-12-09T17:30:00.000000000Z,156.906,156.909,156.886,156.908,663,156.9,156.917
2025-12-09T17:35:00.000000000Z,156.907,156.924,156.882,156.886,864,156.878,156.895
2025-12-09T17:40:00.000000000Z,156.886,156.896,156.881,156.882,835,156.874,156.89
2025-12-09T17:45:00.000000000Z,156.882,156.892,156.876,156.887,658,156.878,156.896
2025-12-09T17:50:00.000000000Z,156.889,156.91,156.88,156.906,582,156.897,156.915
2025-12-09T17:55:00.000000000Z,156.906,156.926,156.904,156.918,682,156.91,156.927
2025-12-09T18:00:00.000000000Z,156.919,156.924,156.88,156.886,636,156.878,156.893
2025-12-09T18:05:00.000000000Z,156.886,156.905,156.88,156.892,566,156.885,156.9
2025-12-09T18:10:00.000000000Z,156.893,156.915,156.887,156.908,527,156.9,156.917
2025-12-09T18:15:00.000000000Z,156.909,156.926,156.903,156.908,398,156.9,156.915
2025-12-09T18:20:00.000000000Z,156.907,156.917,156.893,156.894,322,156.886,156.902
2025-12-09T18:25:00.000000000Z,156.894,156.896,156.88,156.891,402,156.883,156.899
2025-12-09T18:30:00.000000000Z,156.888,156.905,156.887,156.904,424,156.896,156.912
2025-12-09T18:35:00.000000000Z,156.906,156.928,156.905,156.918,470,156.91,156.927
2025-12-09T18:40:00.000000000Z,156.918,156.928,156.913,156.918,606,156.911,156.925
2025-12-09T18:45:00.000000000Z,156.918,156.92,156.912,156.915,262,156.908,156.922
2025-12-09T18:50:00.000000000Z,156.914,156.919,156.908,156.918,642,156.91,156.925
2025-12-09T18:55:00.000000000Z,156.92,156.924,156.894,156.897,540,156.891,156.903
2025-12-09T19:00:00.000000000Z,156.896,156.926,156.888,156.924,619,156.917,156.932
2025-12-09T19:05:00.000000000Z,156.924,156.95,156.922,156.944,418,156.937,156.952
2025-12-09T19:10:00.000000000Z,156.944,156.956,156.938,156.942,518,156.934,156.95
2025-12-09T19:15:00.000000000Z,156.942,156.945,156.908,156.918,857,156.909,156.927
2025-12-09T19:20:00.000000000Z,156.918,156.923,156.904,156.92,591,156.914,156.927
2025-12-09T19:25:00.000000000Z,156.922,156.928,156.884,156.885,890,156.876,156.894
2025-12-09T19:30:00.000000000Z,156.884,156.894,156.86,156.875,531,156.868,156.882
2025-12-09T19:35:00.000000000Z,156.876,156.878,156.848,156.851,596,156.843,156.859
2025-12-09T19:40:00.000000000Z,156.85,156.865,156.843,156.864,429,156.857,156.872
2025-12-09T19:45:00.000000000Z,156.864,156.88,156.862,156.863,551,156.854,156.872
2025-12-09T19:50:00.000000000Z,156.865,156.865,156.826,156.835,604,156.827,156.843
2025-12-09T19:55:00.000000000Z,156.834,156.848,156.812,156.836,840,156.828,156.843
2025-12-09T20:00:00.000000000Z,156.836,156.85,156.829,156.847,496,156.839,156.855
2025-12-09T20:05:00.000000000Z,156.846,156.847,156.836,156.843,449,156.836,156.85
2025-12-09T20:10:00.000000000Z,156.84,156.84,156.822,156.836,286,156.827,156.845
2025-12-09T20:15:00.000000000Z,156.836,156.863,156.834,156.861,497,156.852,156.87
2025-12-09T20:20:00.000000000Z,156.862,156.876,156.862,156.872,488,156.865,156.879
2025-12-09T20:25:00.000000000Z,156.872,156.89,156.872,156.877,511,156.869,156.885
2025-12-09T20:30:00.000000000Z,156.878,156.898,156.878,156.896,578,156.89,156.903
2025-12-09T20:35:00.000000000Z,156.896,156.914,156.892,156.905,327,156.897,156.913
2025-12-09T20:40:00.000000000Z,156.905,156.922,156.898,156.92,299,156.912,156.928
2025-12-09T20:45:00.000000000Z,156.92,156.924,156.896,156.908,304,156.901,156.916
2025-12-09T20:50:00.000000000Z,156.909,156.914,156.874,156.874,424,156.866,156.882
2025-12-09T20:55:00.000000000Z,156.874,156.904,156.87,156.904,631,156.896,156.913
2025-12-09T21:00:00.000000000Z,156.906,156.94,156.905,156.911,347,156.904,156.918
2025-12-09T21:05:00.000000000Z,156.91,156.924,156.899,156.908,240,156.899,156.916
2025-12-09T21:10:00.000000000Z,156.907,156.912,156.902,156.909,155,156.902,156.916
2025-12-09T21:15:00.000000000Z,156.905,156.92,156.904,156.92,212,156.911,156.928
2025-12-09T21:20:00.000000000Z,156.919,156.928,156.908,156.924,208,156.917,156.931
2025-12-09T21:25:00.000000000Z,156.924,156.94,156.924,156.934,237,156.925,156.942
2025-12-09T21:30:00.000000000Z,156.933,156.939,156.916,156.936,220,156.93,156.942
2025-12-09T21:35:00.000000000Z,156.936,156.942,156.922,156.93,233,156.921,156.938
2025-12-09T21:40:00.000000000Z,156.928,156.93,156.924,156.93,260,156.921,156.938
2025-12-09T21:45:00.000000000Z,156.928,156.93,156.915,156.923,263,156.914,156.932
2025-12-09T21:50:00.000000000Z,156.924,156.924,156.9,156.908,252,156.897,156.918
2025-12-09T21:55:00.000000000Z,156.909,156.925,156.887,156.894,774,156.879,156.908
2025-12-09T22:00:00.000000000Z,156.838,156.838,156.838,156.838,1,156.788,156.888
2025-12-09T22:05:00.000000000Z,156.831,156.863,156.822,156.861,56,156.822,156.9
2025-12-09T22:10:00.000000000Z,156.858,156.87,156.847,156.855,45,156.815,156.895
2025-12-09T22:15:00.000000000Z,156.854,156.86,156.836,156.853,402,156.803,156.903
2025-12-09T22:20:00.000000000Z,156.853,156.899,156.847,156.87,252,156.838,156.903
2025-12-09T22:25:00.000000000Z,156.871,156.886,156.863,156.883,155,156.86,156.906
2025-12-09T22:30:00.000000000Z,156.884,156.932,156.883,156.924,131,156.902,156.946
2025-12-09T22:35:00.000000000Z,156.924,156.925,156.892,156.893,52,156.872,156.914
2025-12-09T22:40:00.000000000Z,156.893,156.894,156.88,156.883,136,156.864,156.902
2025-12-09T22:45:00.000000000Z,156.883,156.89,156.88,156.89,163,156.87,156.909
2025-12-09T22:50:00.000000000Z,156.889,156.89,156.824,156.842,122,156.823,156.86
2025-12-09T22:55:00.000000000Z,156.841,156.845,156.834,156.842,231,156.826,156.859
2025-12-09T23:00:00.000000000Z,156.845,156.914,156.832,156.878,340,156.868,156.888
2025-12-09T23:05:00.000000000Z,156.878,156.878,156.826,156.828,178,156.819,156.838
2025-12-09T23:10:00.000000000Z,156.828,156.858,156.802,156.858,194,156.848,156.867
2025-12-09T23:15:00.000000000Z,156.858,156.866,156.85,156.854,225,156.846,156.863
2025-12-09T23:20:00.000000000Z,156.855,156.858,156.854,156.854,183,156.845,156.862
2025-12-09T23:25:00.000000000Z,156.854,156.868,156.844,156.854,300,156.845,156.864
2025-12-09T23:30:00.000000000Z,156.855,156.864,156.846,156.85,161,156.842,156.858
2025-12-09T23:35:00.000000000Z,156.848,156.854,156.841,156.854,144,156.848,156.86
2025-12-09T23:40:00.000000000Z,156.856,156.876,156.846,156.847,176,156.838,156.856
2025-12-09T23:45:00.000000000Z,156.846,156.868,156.816,156.844,309,156.835,156.853
2025-12-09T23:50:00.000000000Z,156.842,156.843,156.825,156.834,131,156.824,156.844
2025-12-09T23:55:00.000000000Z,156.834,156.846,156.804,156.806,160,156.796,156.815
2025-12-10T00:00:00.000000000Z,156.804,156.846,156.778,156.832,960,156.823,156.841
2025-12-10T00:05:00.000000000Z,156.832,156.872,156.82,156.844,590,156.835,156.852
2025-12-10T00:10:00.000000000Z,156.842,156.844,156.783,156.82,639,156.811,156.83
2025-12-10T00:15:00.000000000Z,156.82,156.904,156.798,156.856,690,156.847,156.864
2025-12-10T00:20:00.000000000Z,156.855,156.896,156.855,156.881,501,156.873,156.889
2025-12-10T00:25:00.000000000Z,156.883,156.94,156.88,156.938,506,156.928,156.947
2025-12-10T00:30:00.000000000Z,156.937,156.938,156.858,156.872,636,156.865,156.88
2025-12-10T00:35:00.000000000Z,156.876,156.892,156.854,156.854,692,156.845,156.864
2025-12-10T00:40:00.000000000Z,156.854,156.854,156.822,156.842,548,156.835,156.85
2025-12-10T00:45:00.000000000Z,156.842,156.842,156.804,156.821,429,156.815,156.827
2025-12-10T00:50:00.000000000Z,156.82,156.896,156.756,156.824,1940,156.815,156.832
2025-12-10T00:55:00.000000000Z,156.825,156.834,156.704,156.715,1520,156.706,156.724
2025-12-10T01:00:00.000000000Z,156.716,156.748,156.673,156.674,909,156.666,156.683
2025-12-10T01:05:00.000000000Z,156.675,156.716,156.67,156.688,812,156.679,156.697
2025-12-10T01:10:00.000000000Z,156.688,156.747,156.685,156.743,917,156.735,156.751
2025-12-10T01:15:00.000000000Z,156.741,156.743,156.672,156.694,731,156.685,156.703
2025-12-10T01:20:00.000000000Z,156.694,156.74,156.694,156.738,581,156.73,156.746
2025-12-10T01:25:00.000000000Z,156.738,156.75,156.718,156.734,528,156.725,156.742
2025-12-10T01:30:00.000000000Z,156.734,156.768,156.726,156.757,753,156.748,156.766
2025-12-10T01:35:00.000000000Z,156.758,156.772,156.711,156.739,799,156.73,156.748
2025-12-10T01:40:00.000000000Z,156.744,156.76,156.723,156.741,748,156.733,156.749
2025-12-10T01:45:00.000000000Z,156.74,156.758,156.705,156.711,887,156.703,156.719
2025-12-10T01:50:00.000000000Z,156.71,156.738,156.682,156.682,570,156.673,156.69
2025-12-10T01:55:00.000000000Z,156.684,156.71,156.675,156.71,767,156.704,156.717
2025-12-10T02:00:00.000000000Z,156.712,156.712,156.671,156.674,625,156.665,156.683
2025-12-10T02:05:00.000000000Z,156.674,156.674,156.636,156.666,590,156.659,156.672
2025-12-10T02:10:00.000000000Z,156.665,156.666,156.638,156.644,487,156.636,156.652
2025-12-10T02:15:00.000000000Z,156.644,156.672,156.644,156.657,523,156.649,156.665
2025-12-10T02:20:00.000000000Z,156.658,156.661,156.633,156.659,395,156.65,156.668
2025-12-10T02:25:00.000000000Z,156.66,156.688,156.66,156.683,398,156.675,156.691
2025-12-10T02:30:00.000000000Z,156.682,156.684,156.655,156.657,411,156.648,156.666
2025-12-10T02:35:00.000000000Z,156.656,156.672,156.644,156.662,325,156.654,156.67
2025-12-10T02:40:00.000000000Z,156.662,156.67,156.656,156.663,375,156.655,156.671
2025-12-10T02:45:00.000000000Z,156.664,156.688,156.663,156.688,154,156.68,156.696
2025-12-10T02:50:00.000000000Z,156.688,156.728,156.686,156.694,490,156.687,156.702
2025-12-10T02:55:00.000000000Z,156.694,156.698,156.65,156.656,508,156.647,156.666
2025-12-10T03:00:00.000000000Z,156.657,156.67,156.646,156.66,369,156.653,156.668
2025-12-10T03:05:00.000000000Z,156.66,156.684,156.652,156.658,453,156.65,156.666
2025-12-10T03:10:00.000000000Z,156.656,156.666,156.646,156.656,352,156.647,156.665
2025-12-10T03:15:00.000000000Z,156.656,156.663,156.605,156.608,513,156.6,156.616
2025-12-10T03:20:00.000000000Z,156.608,156.624,156.595,156.624,538,156.616,156.632
2025-12-10T03:25:00.000000000Z,156.624,156.632,156.617,156.619,472,156.612,156.626
2025-12-10T03:30:00.000000000Z,156.619,156.63,156.583,156.594,418,156.587,156.602
2025-12-10T03:35:00.000000000Z,156.595,156.596,156.568,156.584,463,156.576,156.591
2025-12-10T03:40:00.000000000Z,156.584,156.585,156.56,156.582,428,156.573,156.59
2025-12-10T03:45:00.000000000Z,156.583,156.6,156.573,156.574,434,156.566,156.582
2025-12-10T03:50:00.000000000Z,156.574,156.6,156.572,156.582,355,156.573,156.591
2025-12-10T03:55:00.000000000Z,156.58,156.596,156.562,156.592,569,156.583,156.6
2025-12-10T04:00:00.000000000Z,156.591,156.624,156.588,156.622,492,156.615,156.63
2025-12-10T04:05:00.000000000Z,156.623,156.624,156.61,156.622,419,156.613,156.631
2025-12-10T04:10:00.000000000Z,156.622,156.626,156.606,156.608,290,156.601,156.616
2025-12-10T04:15:00.000000000Z,156.608,156.622,156.596,156.621,304,156.613,156.629
2025-12-10T04:20:00.000000000Z,156.62,156.662,156.617,156.652,353,156.643,156.66
2025-12-10T04:25:00.000000000Z,156.652,156.653,156.642,156.642,176,156.636,156.649
2025-12-10T04:30:00.000000000Z,156.643,156.663,156.639,156.646,179,156.64,156.652
2025-12-10T04:35:00.000000000Z,156.647,156.66,156.618,156.619,307,156.612,156.626
2025-12-10T04:40:00.000000000Z,156.62,156.632,156.618,156.619,213,156.612,156.626
2025-12-10T04:45:00.000000000Z,156.62,156.62,156.582,156.598,364,156.59,156.606
2025-12-10T04:50:00.000000000Z,156.598,156.614,156.596,156.606,328,156.597,156.615
2025-12-10T04:55:00.000000000Z,156.606,156.63,156.606,156.628,272,156.619,156.637
2025-12-10T05:00:00.000000000Z,156.632,156.632,156.612,156.622,334,156.614,156.629
2025-12-10T05:05:00.000000000Z,156.622,156.624,156.604,156.618,429,156.61,156.627
2025-12-10T05:10:00.000000000Z,156.618,156.628,156.606,156.612,452,156.605,156.62
2025-12-10T05:15:00.000000000Z,156.611,156.612,156.597,156.6,304,156.592,156.608
2025-12-10T05:20:00.000000000Z,156.6,156.656,156.599,156.638,385,156.629,156.647
2025-12-10T05:25:00.000000000Z,156.638,156.67,156.638,156.661,529,156.653,156.669
2025-12-10T05:30:00.000000000Z,156.66,156.667,156.634,156.636,451,156.629,156.644
2025-12-10T05:35:00.000000000Z,156.636,156.666,156.622,156.65,490,156.641,156.658
2025-12-10T05:40:00.000000000Z,156.651,156.671,156.643,156.647,491,156.64,156.654
2025-12-10T05:45:00.000000000Z,156.648,156.672,156.648,156.666,380,156.658,156.675
2025-12-10T05:50:00.000000000Z,156.666,156.686,156.652,156.67,479,156.662,156.678
2025-12-10T05:55:00.000000000Z,156.67,156.722,156.67,156.708,807,156.7,156.715
2025-12-10T06:00:00.000000000Z,156.707,156.741,156.704,156.712,601,156.704,156.719
2025-12-10T06:05:00.000000000Z,156.712,156.724,156.69,156.724,531,156.716,156.732
2025-12-10T06:10:00.000000000Z,156.724,156.724,156.696,156.702,440,156.694,156.709
2025-12-10T06:15:00.000000000Z,156.702,156.726,156.696,156.722,479,156.714,156.731
2025-12-10T06:20:00.000000000Z,156.723,156.756,156.721,156.75,379,156.743,156.757
2025-12-10T06:25:00.000000000Z,156.75,156.754,156.711,156.734,542,156.726,156.741
2025-12-10T06:30:00.000000000Z,156.735,156.736,156.696,156.73,443,156.723,156.738
2025-12-10T06:35:00.000000000Z,156.732,156.759,156.73,156.758,413,156.749,156.766
2025-12-10T06:40:00.000000000Z,156.758,156.766,156.716,156.734,534,156.726,156.742
2025-12-10T06:45:00.000000000Z,156.734,156.75,156.71,156.71,486,156.703,156.718
2025-12-10T06:50:00.000000000Z,156.71,156.72,156.698,156.71,490,156.703,156.716
2025-12-10T06:55:00.000000000Z,156.71,156.713,156.661,156.674,506,156.665,156.682
2025-12-10T07:00:00.000000000Z,156.674,156.701,156.647,156.696,794,156.687,156.704
2025-12-10T07:05:00.000000000Z,156.695,156.696,156.656,156.682,505,156.674,156.69
2025-12-10T07:10:00.000000000Z,156.682,156.692,156.662,156.662,564,156.654,156.671
2025-12-10T07:15:00.000000000Z,156.663,156.665,156.648,156.661,784,156.654,156.668
2025-12-10T07:20:00.000000000Z,156.662,156.698,156.661,156.697,485,156.69,156.704
2025-12-10T07:25:00.000000000Z,156.698,156.698,156.676,156.688,497,156.681,156.694
2025-12-10T07:30:00.000000000Z,156.687,156.724,156.685,156.719,529,156.711,156.727
2025-12-10T07:35:00.000000000Z,156.718,156.755,156.718,156.729,539,156.721,156.737
2025-12-10T07:40:00.000000000Z,156.73,156.734,156.708,156.713,517,156.704,156.722
2025-12-10T07:45:00.000000000Z,156.712,156.736,156.684,156.685,708,156.678,156.692
2025-12-10T07:50:00.000000000Z,156.68,156.716,156.663,156.673,1043,156.666,156.68
2025-12-10T07:55:00.000000000Z,156.674,156.678,156.638,156.652,1469,156.644,156.661
2025-12-10T08:00:00.000000000Z,156.653,156.676,156.581,156.612,1455,156.603,156.62
2025-12-10T08:05:00.000000000Z,156.612,156.658,156.588,156.654,1076,156.646,156.662
2025-12-10T08:10:00.000000000Z,156.654,156.697,156.654,156.697,1036,156.689,156.705
2025-12-10T08:15:00.000000000Z,156.698,156.71,156.658,156.658,802,156.651,156.665
2025-12-10T08:20:00.000000000Z,156.658,156.659,156.631,156.647,920,156.638,156.656
2025-12-10T08:25:00.000000000Z,156.648,156.648,156.61,156.611,650,156.603,156.619
2025-12-10T08:30:00.000000000Z,156.61,156.637,156.604,156.624,840,156.616,156.631
2025-12-10T08:35:00.000000000Z,156.624,156.662,156.599,156.648,822,156.64,156.657
2025-12-10T08:40:00.000000000Z,156.646,156.654,156.616,156.644,895,156.638,156.651
2025-12-10T08:45:00.000000000Z,156.646,156.673,156.643,156.656,694,156.648,156.664
2025-12-10T08:50:00.000000000Z,156.656,156.693,156.648,156.684,812,156.678,156.691
2025-12-10T08:55:00.000000000Z,156.685,156.692,156.648,156.676,1095,156.668,156.685
2025-12-10T09:00:00.000000000Z,156.678,156.73,156.677,156.708,1056,156.699,156.716
2025-12-10T09:05:00.000000000Z,156.708,156.73,156.685,156.718,750,156.71,156.725
2025-12-10T09:10:00.000000000Z,156.718,156.764,156.71,156.76,726,156.753,156.767
2025-12-10T09:15:00.000000000Z,156.76,156.787,156.744,156.766,730,156.76,156.773
2025-12-10T09:20:00.000000000Z,156.768,156.821,156.767,156.82,707,156.813,156.826
2025-12-10T09:25:00.000000000Z,156.818,156.819,156.796,156.797,443,156.789,156.805
2025-12-10T09:30:00.000000000Z,156.798,156.828,156.789,156.824,735,156.817,156.831
2025-12-10T09:35:00.000000000Z,156.824,156.858,156.82,156.822,738,156.814,156.83
2025-12-10T09:40:00.000000000Z,156.824,156.828,156.806,156.823,386,156.814,156.832
2025-12-10T09:45:00.000000000Z,156.824,156.842,156.822,156.838,653,156.829,156.846
2025-12-10T09:50:00.000000000Z,156.837,156.89,156.837,156.876,921,156.869,156.883
2025-12-10T09:55:00.000000000Z,156.876,156.878,156.817,156.819,1063,156.811,156.827
2025-12-10T10:00:00.000000000Z,156.82,156.86,156.82,156.828,813,156.821,156.836
2025-12-10T10:05:00.000000000Z,156.829,156.83,156.778,156.83,969,156.822,156.839
2025-12-10T10:10:00.000000000Z,156.831,156.838,156.763,156.774,715,156.767,156.782
2025-12-10T10:15:00.000000000Z,156.775,156.781,156.75,156.771,665,156.763,156.779
2025-12-10T10:20:00.000000000Z,156.77,156.83,156.77,156.821,647,156.813,156.829
2025-12-10T10:25:00.000000000Z,156.822,156.822,156.77,156.771,717,156.763,156.779
2025-12-10T10:30:00.000000000Z,156.77,156.78,156.74,156.744,711,156.736,156.753
2025-12-10T10:35:00.000000000Z,156.745,156.782,156.744,156.774,492,156.766,156.783
2025-12-10T10:40:00.000000000Z,156.775,156.785,156.738,156.754,640,156.746,156.761
2025-12-10T10:45:00.000000000Z,156.753,156.781,156.745,156.78,682,156.773,156.788
2025-12-10T10:50:00.000000000Z,156.78,156.784,156.763,156.776,770,156.768,156.785
2025-12-10T10:55:00.000000000Z,156.777,156.778,156.744,156.77,925,156.762,156.777
2025-12-10T11:00:00.000000000Z,156.769,156.771,156.706,156.708,872,156.7,156.716
2025-12-10T11:05:00.000000000Z,156.707,156.735,156.688,156.709,749,156.701,156.717
2025-12-10T11:10:00.000000000Z,156.71,156.764,156.709,156.758,818,156.749,156.766
2025-12-10T11:15:00.000000000Z,156.757,156.762,156.722,156.747,641,156.739,156.755
2025-12-10T11:20:00.000000000Z,156.746,156.748,156.718,156.731,640,156.723,156.739
2025-12-10T11:25:00.000000000Z,156.732,156.734,156.706,156.709,486,156.701,156.717
2025-12-10T11:30:00.000000000Z,156.708,156.738,156.696,156.723,453,156.715,156.731
2025-12-10T11:35:00.000000000Z,156.724,156.752,156.722,156.746,468,156.738,156.755
2025-12-10T11:40:00.000000000Z,156.746,156.748,156.732,156.735,613,156.726,156.744
2025-12-10T11:45:00.000000000Z,156.734,156.754,156.726,156.752,714,156.744,156.76
2025-12-10T11:50:00.000000000Z,156.752,156.777,156.746,156.765,568,156.756,156.774
2025-12-10T11:55:00.000000000Z,156.764,156.771,156.71,156.711,411,156.702,156.72
2025-12-10T12:00:00.000000000Z,156.71,156.71,156.673,156.698,580,156.689,156.707
2025-12-10T12:05:00.000000000Z,156.7,156.724,156.688,156.722,673,156.714,156.73
2025-12-10T12:10:00.000000000Z,156.722,156.742,156.714,156.727,539,156.719,156.735
2025-12-10T12:15:00.000000000Z,156.726,156.734,156.711,156.724,346,156.717,156.732
2025-12-10T12:20:00.000000000Z,156.724,156.76,156.724,156.746,560,156.737,156.755
2025-12-10T12:25:00.000000000Z,156.746,156.752,156.724,156.73,451,156.722,156.738
2025-12-10T12:30:00.000000000Z,156.73,156.73,156.695,156.709,398,156.701,156.717
2025-12-10T12:35:00.000000000Z,156.708,156.716,156.692,156.706,605,156.697,156.714
2025-12-10T12:40:00.000000000Z,156.705,156.706,156.692,156.7,574,156.692,156.709
2025-12-10T12:45:00.000000000Z,156.701,156.725,156.694,156.703,660,156.695,156.711
2025-12-10T12:50:00.000000000Z,156.704,156.712,156.696,156.698,527,156.689,156.707
2025-12-10T12:55:00.000000000Z,156.698,156.724,156.686,156.717,510,156.709,156.725
2025-12-10T13:00:00.000000000Z,156.716,156.716,156.662,156.676,851,156.668,156.684
2025-12-10T13:05:00.000000000Z,156.675,156.706,156.65,156.7,1063,156.693,156.707
2025-12-10T13:10:00.000000000Z,156.7,156.717,156.668,156.67,915,156.663,156.677
2025-12-10T13:15:00.000000000Z,156.669,156.712,156.656,156.698,887,156.69,156.705
2025-12-10T13:20:00.000000000Z,156.698,156.718,156.674,156.685,955,156.678,156.692
2025-12-10T13:25:00.000000000Z,156.684,156.684,156.622,156.658,1005,156.651,156.665
2025-12-10T13:30:00.000000000Z,156.656,156.656,156.586,156.602,1154,156.595,156.61
2025-12-10T13:35:00.000000000Z,156.602,156.651,156.583,156.612,877,156.605,156.619
2025-12-10T13:40:00.000000000Z,156.613,156.642,156.6,156.602,678,156.594,156.61
2025-12-10T13:45:00.000000000Z,156.6,156.618,156.572,156.618,939,156.609,156.626
2025-12-10T13:50:00.000000000Z,156.617,156.618,156.574,156.58,738,156.572,156.589
2025-12-10T13:55:00.000000000Z,156.581,156.61,156.55,156.551,935,156.545,156.557
2025-12-10T14:00:00.000000000Z,156.55,156.596,156.535,156.556,1038,156.549,156.564
2025-12-10T14:05:00.000000000Z,156.556,156.573,156.54,156.54,880,156.531,156.548
2025-12-10T14:10:00.000000000Z,156.54,156.56,156.502,156.55,1107,156.544,156.556
2025-12-10T14:15:00.000000000Z,156.549,156.589,156.549,156.576,915,156.569,156.584
2025-12-10T14:20:00.000000000Z,156.575,156.626,156.574,156.603,849,156.595,156.611
2025-12-10T14:25:00.000000000Z,156.602,156.63,156.592,156.615,694,156.607,156.623
2025-12-10T14:30:00.000000000Z,156.614,156.616,156.553,156.578,1303,156.569,156.586
2025-12-10T14:35:00.000000000Z,156.576,156.625,156.564,156.602,1103,156.594,156.611
2025-12-10T14:40:00.000000000Z,156.602,156.602,156.548,156.593,601,156.587,156.599
2025-12-10T14:45:00.000000000Z,156.59,156.602,156.444,156.48,1601,156.472,156.487
2025-12-10T14:50:00.000000000Z,156.482,156.506,156.44,156.498,1309,156.489,156.506
2025-12-10T14:55:00.000000000Z,156.5,156.516,156.472,156.5,1502,156.492,156.508
2025-12-10T15:00:00.000000000Z,156.498,156.499,156.382,156.393,1537,156.384,156.402
2025-12-10T15:05:00.000000000Z,156.392,156.398,156.353,156.392,1064,156.383,156.4
2025-12-10T15:10:00.000000000Z,156.392,156.432,156.36,156.416,1165,156.409,156.423
2025-12-10T15:15:00.000000000Z,156.416,156.47,156.388,156.468,1090,156.46,156.476
2025-12-10T15:20:00.000000000Z,156.469,156.474,156.42,156.434,946,156.427,156.44
2025-12-10T15:25:00.000000000Z,156.434,156.455,156.415,156.44,763,156.432,156.449
2025-12-10T15:30:00.000000000Z,156.442,156.456,156.384,156.427,1431,156.42,156.434
2025-12-10T15:35:00.000000000Z,156.428,156.486,156.416,156.477,816,156.468,156.486
2025-12-10T15:40:00.000000000Z,156.478,156.478,156.45,156.464,856,156.455,156.472
2025-12-10T15:45:00.000000000Z,156.464,156.497,156.441,156.49,709,156.482,156.499
2025-12-10T15:50:00.000000000Z,156.49,156.528,156.475,156.522,1182,156.514,156.529
2025-12-10T15:55:00.000000000Z,156.521,156.535,156.474,156.48,1351,156.472,156.488
2025-12-10T16:00:00.000000000Z,156.482,156.484,156.418,156.444,1221,156.436,156.452
2025-12-10T16:05:00.000000000Z,156.444,156.492,156.442,156.469,1016,156.461,156.477
2025-12-10T16:10:00.000000000Z,156.468,156.482,156.426,156.432,898,156.424,156.439
2025-12-10T16:15:00.000000000Z,156.433,156.466,156.41,156.412,893,156.405,156.419
2025-12-10T16:20:00.000000000Z,156.413,156.415,156.378,156.39,887,156.383,156.398
2025-12-10T16:25:00.000000000Z,156.39,156.39,156.34,156.365,845,156.358,156.372
2025-12-10T16:30:00.000000000Z,156.367,156.371,156.34,156.357,841,156.35,156.364
2025-12-10T16:35:00.000000000Z,156.358,156.363,156.326,156.329,695,156.321,156.337
2025-12-10T16:40:00.000000000Z,156.328,156.344,156.327,156.343,611,156.335,156.351
2025-12-10T16:45:00.000000000Z,156.34,156.36,156.337,156.356,530,156.349,156.364
2025-12-10T16:50:00.000000000Z,156.357,156.406,156.355,156.398,714,156.391,156.405
2025-12-10T16:55:00.000000000Z,156.398,156.403,156.334,156.339,786,156.331,156.347
2025-12-10T17:00:00.000000000Z,156.337,156.368,156.334,156.363,734,156.355,156.371
2025-12-10T17:05:00.000000000Z,156.364,156.398,156.361,156.365,581,156.358,156.372
2025-12-10T17:10:00.000000000Z,156.364,156.364,156.316,156.318,813,156.311,156.326
2025-12-10T17:15:00.000000000Z,156.32,156.324,156.278,156.281,790,156.273,156.289
2025-12-10T17:20:00.000000000Z,156.282,156.286,156.264,156.276,622,156.266,156.285
2025-12-10T17:25:00.000000000Z,156.274,156.285,156.26,156.282,475,156.274,156.291
2025-12-10T17:30:00.000000000Z,156.283,156.31,156.268,156.307,495,156.299,156.315
2025-12-10T17:35:00.000000000Z,156.308,156.32,156.282,156.282,428,156.275,156.29
2025-12-10T17:40:00.000000000Z,156.282,156.318,156.281,156.31,601,156.301,156.318
2025-12-10T17:45:00.000000000Z,156.31,156.326,156.306,156.312,571,156.305,156.319
2025-12-10T17:50:00.000000000Z,156.311,156.32,156.248,156.283,693,156.276,156.29
2025-12-10T17:55:00.000000000Z,156.285,156.325,156.284,156.308,701,156.301,156.314
2025-12-10T18:00:00.000000000Z,156.309,156.345,156.298,156.329,566,156.322,156.336
2025-12-10T18:05:00.000000000Z,156.327,156.344,156.326,156.334,401,156.327,156.341
2025-12-10T18:10:00.000000000Z,156.335,156.353,156.323,156.347,445,156.339,156.355
2025-12-10T18:15:00.000000000Z,156.348,156.387,156.348,156.382,309,156.376,156.388
2025-12-10T18:20:00.000000000Z,156.381,156.403,156.378,156.39,590,156.382,156.398
2025-12-10T18:25:00.000000000Z,156.39,156.394,156.346,156.348,549,156.34,156.355
2025-12-10T18:30:00.000000000Z,156.348,156.402,156.342,156.402,399,156.394,156.411
2025-12-10T18:35:00.000000000Z,156.404,156.464,156.386,156.461,658,156.454,156.468
2025-12-10T18:40:00.000000000Z,156.46,156.478,156.425,156.448,854,156.441,156.455
2025-12-10T18:45:00.000000000Z,156.449,156.459,156.403,156.414,649,156.406,156.422
2025-12-10T18:50:00.000000000Z,156.416,156.436,156.394,156.424,699,156.416,156.432
2025-12-10T18:55:00.000000000Z,156.422,156.444,156.408,156.424,701,156.403,156.444
2025-12-10T19:00:00.000000000Z,156.424,156.485,156.104,156.278,4298,156.27,156.287
2025-12-10T19:05:00.000000000Z,156.279,156.352,156.204,156.246,3511,156.237,156.256
2025-12-10T19:10:00.000000000Z,156.246,156.367,156.174,156.342,2290,156.334,156.35
2025-12-10T19:15:00.000000000Z,156.34,156.348,156.268,156.294,2105,156.286,156.303
2025-12-10T19:20:00.000000000Z,156.295,156.446,156.278,156.441,1538,156.433,156.449
2025-12-10T19:25:00.000000000Z,156.441,156.492,156.382,156.45,1764,156.442,156.458
2025-12-10T19:30:00.000000000Z,156.448,156.537,156.246,156.292,3244,156.283,156.3
2025-12-10T19:35:00.000000000Z,156.293,156.559,156.154,156.38,6797,156.37,156.389
2025-12-10T19:40:00.000000000Z,156.378,156.684,156.343,156.646,6326,156.638,156.653
2025-12-10T19:45:00.000000000Z,156.645,156.665,156.536,156.605,3782,156.595,156.615
2025-12-10T19:50:00.000000000Z,156.605,156.659,156.342,156.392,3534,156.383,156.402
2025-12-10T19:55:00.000000000Z,156.394,156.4,156.205,156.263,3661,156.254,156.272
2025-12-10T20:00:00.000000000Z,156.262,156.312,156.108,156.121,2564,156.113,156.129
2025-12-10T20:05:00.000000000Z,156.122,156.128,155.873,155.874,2849,155.865,155.882
2025-12-10T20:10:00.000000000Z,155.874,155.996,155.795,155.812,2561,155.804,155.821
2025-12-10T20:15:00.000000000Z,155.814,155.89,155.799,155.89,2362,155.88,155.899
2025-12-10T20:20:00.000000000Z,155.89,155.985,155.871,155.962,2632,155.954,155.971
2025-12-10T20:25:00.000000000Z,155.965,156.018,155.884,155.91,1894,155.902,155.917
2025-12-10T20:30:00.000000000Z,155.91,156.004,155.856,156.003,1549,155.995,156.011
2025-12-10T20:35:00.000000000Z,156.001,156.035,155.897,155.934,1210,155.925,155.944
2025-12-10T20:40:00.000000000Z,155.936,156.0,155.918,155.952,949,155.943,155.96
2025-12-10T20:45:00.000000000Z,155.952,155.953,155.892,155.916,1083,155.908,155.925
2025-12-10T20:50:00.000000000Z,155.914,155.962,155.892,155.918,1104,155.911,155.926
2025-12-10T20:55:00.000000000Z,155.917,155.944,155.896,155.935,1061,155.926,155.944
2025-12-10T21:00:00.000000000Z,155.933,155.982,155.93,155.969,724,155.961,155.977
2025-12-10T21:05:00.000000000Z,155.97,155.99,155.932,155.968,649,155.958,155.977
2025-12-10T21:10:00.000000000Z,155.969,155.988,155.945,155.981,324,155.972,155.99
2025-12-10T21:15:00.000000000Z,155.98,156.018,155.968,155.97,408,155.961,155.979
2025-12-10T21:20:00.000000000Z,155.97,156.028,155.969,156.008,531,156.001,156.016
2025-12-10T21:25:00.000000000Z,156.01,156.032,155.979,156.032,527,156.023,156.04
2025-12-10T21:30:00.000000000Z,156.032,156.094,156.032,156.04,419,156.03,156.05
2025-12-10T21:35:00.000000000Z,156.04,156.088,156.04,156.08,410,156.073,156.087
2025-12-10T21:40:00.000000000Z,156.081,156.09,156.042,156.07,225,156.061,156.08
2025-12-10T21:45:00.000000000Z,156.072,156.102,156.063,156.076,373,156.067,156.085
2025-12-10T21:50:00.000000000Z,156.076,156.079,156.05,156.078,554,156.067,156.088
2025-12-10T21:55:00.000000000Z,156.078,156.083,156.023,156.023,621,155.996,156.05
2025-12-10T22:00:00.000000000Z,155.959,155.959,155.959,155.959,1,155.909,156.009
2025-12-10T22:05:00.000000000Z,155.954,155.963,155.94,155.94,5,155.89,155.99
2025-12-10T22:10:00.000000000Z,155.944,155.987,155.944,155.973,43,155.923,156.023
2025-12-10T22:15:00.000000000Z,155.969,156.01,155.959,155.989,105,155.954,156.024
2025-12-10T22:20:00.000000000Z,155.99,155.997,155.954,155.959,38,155.909,156.009
2025-12-10T22:25:00.000000000Z,155.953,155.966,155.948,155.964,13,155.942,155.985
2025-12-10T22:30:00.000000000Z,155.966,155.97,155.958,155.97,51,155.951,155.988
2025-12-10T22:35:00.000000000Z,155.969,155.972,155.966,155.971,51,155.95,155.992
2025-12-10T22:40:00.000000000Z,155.97,155.981,155.97,155.976,45,155.958,155.994
2025-12-10T22:45:00.000000000Z,155.974,155.98,155.97,155.978,48,155.96,155.997
2025-12-10T22:50:00.000000000Z,155.981,156.016,155.978,156.008,1899,155.987,156.029
2025-12-10T22:55:00.000000000Z,156.001,156.038,155.988,156.027,1450,156.007,156.047
2025-12-10T23:00:00.000000000Z,156.026,156.032,155.992,156.002,296,155.993,156.011
2025-12-10T23:05:00.000000000Z,156.002,156.002,155.939,155.962,176,155.951,155.972
2025-12-10T23:10:00.000000000Z,155.962,155.964,155.922,155.924,237,155.915,155.934
2025-12-10T23:15:00.000000000Z,155.924,155.924,155.884,155.884,222,155.875,155.894
2025-12-10T23:20:00.000000000Z,155.885,155.888,155.773,155.773,305,155.764,155.782
2025-12-10T23:25:00.000000000Z,155.776,155.816,155.758,155.814,457,155.806,155.822
2025-12-10T23:30:00.000000000Z,155.814,155.821,155.785,155.788,236,155.778,155.797
2025-12-10T23:35:00.000000000Z,155.79,155.806,155.668,155.674,747,155.665,155.683
2025-12-10T23:40:00.000000000Z,155.674,155.691,155.632,155.642,337,155.634,155.651
2025-12-10T23:45:00.000000000Z,155.644,155.766,155.639,155.728,422,155.72,155.737
2025-12-10T23:50:00.000000000Z,155.728,155.743,155.663,155.74,526,155.732,155.749
2025-12-10T23:55:00.000000000Z,155.742,155.806,155.742,155.752,571,155.743,155.761
2025-12-11T00:00:00.000000000Z,155.752,155.778,155.618,155.63,1460,155.621,155.638
2025-12-11T00:05:00.000000000Z,155.629,155.629,155.57,155.621,1173,155.612,155.63
2025-12-11T00:10:00.000000000Z,155.622,155.657,155.584,155.656,921,155.646,155.665
2025-12-11T00:15:00.000000000Z,155.656,155.658,155.58,155.582,1052,155.573,155.59
2025-12-11T00:20:00.000000000Z,155.581,155.631,155.58,155.608,774,155.598,155.617
2025-12-11T00:25:00.000000000Z,155.61,155.682,155.608,155.682,548,155.673,155.69
2025-12-11T00:30:00.000000000Z,155.681,155.682,155.627,155.651,1139,155.642,155.66
2025-12-11T00:35:00.000000000Z,155.652,155.687,155.632,155.662,811,155.653,155.671
2025-12-11T00:40:00.000000000Z,155.662,155.742,155.646,155.714,573,155.706,155.723
2025-12-11T00:45:00.000000000Z,155.716,155.81,155.714,155.769,981,155.761,155.777
2025-12-11T00:50:00.000000000Z,155.768,155.82,155.736,155.797,1255,155.787,155.807
2025-12-11T00:55:00.000000000Z,155.795,155.888,155.786,155.806,1563,155.798,155.815
2025-12-11T01:00:00.000000000Z,155.805,155.825,155.682,155.694,1298,155.687,155.702
2025-12-11T01:05:00.000000000Z,155.694,155.73,155.676,155.696,1415,155.688,155.704
2025-12-11T01:10:00.000000000Z,155.696,155.732,155.668,155.716,1074,155.707,155.724
2025-12-11T01:15:00.000000000Z,155.716,155.726,155.679,155.69,844,155.684,155.697
2025-12-11T01:20:00.000000000Z,155.691,155.702,155.64,155.654,689,155.645,155.662
2025-12-11T01:25:00.000000000Z,155.653,155.676,155.626,155.629,560,155.621,155.637
2025-12-11T01:30:00.000000000Z,155.628,155.678,155.57,155.65,1060,155.641,155.66
2025-12-11T01:35:00.000000000Z,155.65,155.698,155.626,155.695,666,155.688,155.702
2025-12-11T01:40:00.000000000Z,155.696,155.696,155.656,155.695,740,155.688,155.702
2025-12-11T01:45:00.000000000Z,155.694,155.745,155.668,155.732,790,155.725,155.74
2025-12-11T01:50:00.000000000Z,155.733,155.733,155.654,155.698,895,155.689,155.706
2025-12-11T01:55:00.000000000Z,155.695,155.741,155.691,155.719,721,155.711,155.727
2025-12-11T02:00:00.000000000Z,155.718,155.724,155.578,155.594,950,155.586,155.603
2025-12-11T02:05:00.000000000Z,155.595,155.632,155.578,155.632,727,155.622,155.641
2025-12-11T02:10:00.000000000Z,155.632,155.702,155.63,155.666,882,155.659,155.674
2025-12-11T02:15:00.000000000Z,155.667,155.674,155.591,155.624,614,155.616,155.631
2025-12-11T02:20:00.000000000Z,155.624,155.624,155.566,155.622,880,155.613,155.63
2025-12-11T02:25:00.000000000Z,155.621,155.652,155.542,155.548,1015,155.539,155.557
2025-12-11T02:30:00.000000000Z,155.546,155.588,155.487,155.581,1095,155.573,155.589
2025-12-11T02:35:00.000000000Z,155.582,155.63,155.571,155.627,1090,155.618,155.636
2025-12-11T02:40:00.000000000Z,155.628,155.666,155.608,155.666,776,155.659,155.673
2025-12-11T02:45:00.000000000Z,155.666,155.684,155.654,155.656,747,155.647,155.664
2025-12-11T02:50:00.000000000Z,155.651,155.718,155.627,155.711,823,155.703,155.719
2025-12-11T02:55:00.000000000Z,155.71,155.778,155.71,155.776,981,155.767,155.784
2025-12-11T03:00:00.000000000Z,155.776,155.778,155.713,155.728,906,155.72,155.737
2025-12-11T03:05:00.000000000Z,155.728,155.741,155.69,155.706,960,155.7,155.713
2025-12-11T03:10:00.000000000Z,155.706,155.714,155.649,155.658,1243,155.65,155.666
2025-12-11T03:15:00.000000000Z,155.664,155.71,155.636,155.703,1014,155.695,155.711
2025-12-11T03:20:00.000000000Z,155.704,155.758,155.698,155.75,496,155.741,155.758
2025-12-11T03:25:00.000000000Z,155.751,155.769,155.733,155.765,606,155.755,155.775
2025-12-11T03:30:00.000000000Z,155.764,155.79,155.724,155.736,894,155.728,155.745
2025-12-11T03:35:00.000000000Z,155.735,155.754,155.652,155.653,917,155.644,155.662
2025-12-11T03:40:00.000000000Z,155.654,155.692,155.644,155.666,493,155.657,155.674
2025-12-11T03:45:00.000000000Z,155.665,155.706,155.645,155.676,771,155.667,155.685
2025-12-11T03:50:00.000000000Z,155.676,155.692,155.653,155.672,723,155.663,155.68
2025-12-11T03:55:00.000000000Z,155.673,155.7,155.654,155.698,607,155.69,155.706
2025-12-11T04:00:00.000000000Z,155.701,155.702,155.62,155.63,924,155.621,155.639
2025-12-11T04:05:00.000000000Z,155.63,155.67,155.618,155.666,491,155.658,155.674
2025-12-11T04:10:00.000000000Z,155.665,155.741,155.664,155.726,525,155.72,155.733
2025-12-11T04:15:00.000000000Z,155.728,155.77,155.724,155.769,421,155.761,155.777
2025-12-11T04:20:00.000000000Z,155.77,155.785,155.75,155.78,550,155.773,155.788
2025-12-11T04:25:00.000000000Z,155.781,155.788,155.772,155.784,417,155.778,155.791
2025-12-11T04:30:00.000000000Z,155.782,155.784,155.744,155.747,380,155.738,155.756
2025-12-11T04:35:00.000000000Z,155.746,155.779,155.736,155.776,552,155.768,155.784
2025-12-11T04:40:00.000000000Z,155.776,155.804,155.77,155.798,300,155.791,155.806
2025-12-11T04:45:00.000000000Z,155.8,155.802,155.78,155.786,484,155.778,155.793
2025-12-11T04:50:00.000000000Z,155.785,155.79,155.767,155.774,551,155.768,155.781
2025-12-11T04:55:00.000000000Z,155.774,155.86,155.764,155.847,1216,155.838,155.856
2025-12-11T05:00:00.000000000Z,155.846,155.885,155.838,155.885,773,155.878,155.892
2025-12-11T05:05:00.000000000Z,155.883,155.9,155.86,155.874,802,155.865,155.883
2025-12-11T05:10:00.000000000Z,155.874,155.925,155.874,155.91,448,155.902,155.918
2025-12-11T05:15:00.000000000Z,155.91,155.934,155.89,155.92,685,155.912,155.929
2025-12-11T05:20:00.000000000Z,155.922,155.958,155.908,155.914,614,155.905,155.923
2025-12-11T05:25:00.000000000Z,155.914,155.922,155.892,155.897,552,155.889,155.905
2025-12-11T05:30:00.000000000Z,155.896,155.928,155.896,155.92,441,155.912,155.928
2025-12-11T05:35:00.000000000Z,155.92,155.924,155.898,155.92,415,155.912,155.927
2025-12-11T05:40:00.000000000Z,155.921,155.968,155.919,155.953,451,155.944,155.962
2025-12-11T05:45:00.000000000Z,155.954,156.008,155.954,155.984,850,155.974,155.993
2025-12-11T05:50:00.000000000Z,155.984,156.054,155.978,156.038,782,156.029,156.046
2025-12-11T05:55:00.000000000Z,156.037,156.073,156.037,156.066,800,156.057,156.076
2025-12-11T06:00:00.000000000Z,156.067,156.114,156.036,156.063,1046,156.054,156.072
2025-12-11T06:05:00.000000000Z,156.064,156.067,156.03,156.054,718,156.046,156.062
2025-12-11T06:10:00.000000000Z,156.054,156.08,156.05,156.061,566,156.054,156.068
2025-12-11T06:15:00.000000000Z,156.06,156.1,156.045,156.1,606,156.092,156.107
2025-12-11T06:20:00.000000000Z,156.099,156.138,156.099,156.132,738,156.126,156.138
2025-12-11T06:25:00.000000000Z,156.133,156.164,156.09,156.096,849,156.087,156.104
2025-12-11T06:30:00.000000000Z,156.098,156.101,156.035,156.066,590,156.059,156.074
2025-12-11T06:35:00.000000000Z,156.066,156.118,156.056,156.077,775,156.069,156.085
2025-12-11T06:40:00.000000000Z,156.076,156.094,156.041,156.043,603,156.034,156.052
2025-12-11T06:45:00.000000000Z,156.044,156.08,156.042,156.055,624,156.047,156.063
2025-12-11T06:50:00.000000000Z,156.054,156.072,155.972,155.982,1041,155.973,155.992
2025-12-11T06:55:00.000000000Z,155.984,156.008,155.943,155.966,956,155.957,155.974
2025-12-11T07:00:00.000000000Z,155.966,156.056,155.953,155.99,1374,155.982,155.999
2025-12-11T07:05:00.000000000Z,155.99,156.052,155.978,156.0,863,155.993,156.006
2025-12-11T07:10:00.000000000Z,156.0,156.021,155.933,155.94,894,155.933,155.948
2025-12-11T07:15:00.000000000Z,155.941,155.963,155.905,155.956,687,155.947,155.966
2025-12-11T07:20:00.000000000Z,155.957,155.964,155.912,155.93,816,155.921,155.939
2025-12-11T07:25:00.000000000Z,155.93,155.934,155.908,155.922,599,155.914,155.93
2025-12-11T07:30:00.000000000Z,155.922,155.96,155.912,155.917,679,155.908,155.926
2025-12-11T07:35:00.000000000Z,155.916,155.927,155.869,155.892,814,155.883,155.901
2025-12-11T07:40:00.000000000Z,155.89,155.942,155.889,155.907,639,155.899,155.915
2025-12-11T07:45:00.000000000Z,155.906,155.959,155.906,155.936,822,155.928,155.943
2025-12-11T07:50:00.000000000Z,155.938,155.989,155.931,155.981,893,155.974,155.988
2025-12-11T07:55:00.000000000Z,155.982,156.045,155.98,156.032,1267,156.024,156.04
2025-12-11T08:00:00.000000000Z,156.034,156.07,156.01,156.051,1207,156.043,156.059
2025-12-11T08:05:00.000000000Z,156.052,156.07,155.936,155.938,1359,155.929,155.946
2025-12-11T08:10:00.000000000Z,155.939,156.004,155.928,155.995,1097,155.986,156.004
2025-12-11T08:15:00.000000000Z,155.996,156.046,155.97,155.981,1468,155.973,155.989
2025-12-11T08:20:00.000000000Z,155.984,155.987,155.93,155.946,1259,155.937,155.954
2025-12-11T08:25:00.000000000Z,155.945,155.956,155.906,155.907,692,155.899,155.915
2025-12-11T08:30:00.000000000Z,155.908,155.909,155.834,155.836,1056,155.828,155.845
2025-12-11T08:35:00.000000000Z,155.837,155.858,155.795,155.796,1142,155.788,155.805
2025-12-11T08:40:00.000000000Z,155.796,155.849,155.784,155.847,1062,155.84,155.854
2025-12-11T08:45:00.000000000Z,155.848,155.865,155.812,155.816,1303,155.809,155.822
2025-12-11T08:50:00.000000000Z,155.815,155.838,155.801,155.824,1329,155.815,155.832
2025-12-11T08:55:00.000000000Z,155.824,155.89,155.824,155.886,1066,155.877,155.895
2025-12-11T09:00:00.000000000Z,155.885,155.922,155.856,155.884,1142,155.875,155.892
2025-12-11T09:05:00.000000000Z,155.884,155.994,155.884,155.98,1167,155.973,155.988
2025-12-11T09:10:00.000000000Z,155.982,156.024,155.968,155.976,1169,155.967,155.985
2025-12-11T09:15:00.000000000Z,155.976,156.034,155.976,156.006,822,155.997,156.014
2025-12-11T09:20:00.000000000Z,156.005,156.012,155.972,155.989,945,155.982,155.996
2025-12-11T09:25:00.000000000Z,155.988,156.026,155.965,156.004,972,155.996,156.012
2025-12-11T09:30:00.000000000Z,156.005,156.005,155.922,155.928,1022,155.921,155.936
2025-12-11T09:35:00.000000000Z,155.928,155.945,155.85,155.866,1229,155.857,155.874
2025-12-11T09:40:00.000000000Z,155.866,155.911,155.86,155.89,1145,155.883,155.896
2025-12-11T09:45:00.000000000Z,155.888,155.892,155.853,155.872,698,155.864,155.881
2025-12-11T09:50:00.000000000Z,155.873,155.928,155.859,155.896,807,155.889,155.904
2025-12-11T09:55:00.000000000Z,155.896,155.898,155.848,155.866,905,155.858,155.875
2025-12-11T10:00:00.000000000Z,155.866,155.868,155.802,155.819,989,155.811,155.827
2025-12-11T10:05:00.000000000Z,155.822,155.864,155.808,155.853,969,155.847,155.859
2025-12-11T10:10:00.000000000Z,155.852,155.853,155.816,155.823,769,155.815,155.831
2025-12-11T10:15:00.000000000Z,155.824,155.898,155.822,155.886,856,155.877,155.895
2025-12-11T10:20:00.000000000Z,155.882,155.884,155.82,155.843,992,155.834,155.852
2025-12-11T10:25:00.000000000Z,155.842,155.888,155.842,155.858,850,155.85,155.866
2025-12-11T10:30:00.000000000Z,155.858,155.878,155.828,155.846,843,155.838,155.853
2025-12-11T10:35:00.000000000Z,155.846,155.864,155.826,155.862,797,155.854,155.869
2025-12-11T10:40:00.000000000Z,155.86,155.93,155.854,155.93,774,155.923,155.938
2025-12-11T10:45:00.000000000Z,155.93,155.951,155.915,155.936,744,155.928,155.944
2025-12-11T10:50:00.000000000Z,155.934,155.935,155.883,155.884,872,155.877,155.892
2025-12-11T10:55:00.000000000Z,155.884,155.898,155.856,155.868,1051,155.859,155.876
2025-12-11T11:00:00.000000000Z,155.868,155.884,155.829,155.844,1086,155.836,155.851
2025-12-11T11:05:00.000000000Z,155.844,155.856,155.812,155.834,728,155.828,155.84
2025-12-11T11:10:00.000000000Z,155.833,155.839,155.785,155.788,968,155.781,155.795
2025-12-11T11:15:00.000000000Z,155.788,155.802,155.764,155.8,1039,155.794,155.807
2025-12-11T11:20:00.000000000Z,155.801,155.813,155.78,155.79,863,155.782,155.798
2025-12-11T11:25:00.000000000Z,155.79,155.802,155.758,155.768,940,155.76,155.777
2025-12-11T11:30:00.000000000Z,155.767,155.79,155.76,155.789,822,155.78,155.798
2025-12-11T11:35:00.000000000Z,155.79,155.836,155.774,155.825,655,155.817,155.833
2025-12-11T11:40:00.000000000Z,155.824,155.831,155.766,155.766,725,155.758,155.773
2025-12-11T11:45:00.000000000Z,155.766,155.802,155.764,155.795,622,155.786,155.804
2025-12-11T11:50:00.000000000Z,155.796,155.827,155.788,155.806,688,155.798,155.815
2025-12-11T11:55:00.000000000Z,155.806,155.815,155.762,155.764,827,155.756,155.773
2025-12-11T12:00:00.000000000Z,155.763,155.819,155.761,155.809,777,155.8,155.818
2025-12-11T12:05:00.000000000Z,155.808,155.809,155.7,155.728,818,155.719,155.736
2025-12-11T12:10:00.000000000Z,155.728,155.728,155.662,155.666,958,155.658,155.673
2025-12-11T12:15:00.000000000Z,155.665,155.665,155.612,155.642,1031,155.634,155.65
2025-12-11T12:20:00.000000000Z,155.644,155.666,155.61,155.656,989,155.648,155.665
2025-12-11T12:25:00.000000000Z,155.656,155.687,155.63,155.652,895,155.646,155.659
2025-12-11T12:30:00.000000000Z,155.652,155.659,155.628,155.659,736,155.652,155.666
2025-12-11T12:35:00.000000000Z,155.658,155.692,155.654,155.682,514,155.675,155.689
2025-12-11T12:40:00.000000000Z,155.681,155.683,155.526,155.534,849,155.528,155.54
2025-12-11T12:45:00.000000000Z,155.534,155.568,155.52,155.526,1532,155.518,155.534
2025-12-11T12:50:00.000000000Z,155.526,155.577,155.526,155.564,997,155.555,155.572
2025-12-11T12:55:00.000000000Z,155.564,155.632,155.548,155.588,1334,155.579,155.597
2025-12-11T13:00:00.000000000Z,155.588,155.626,155.531,155.546,1756,155.538,155.554
2025-12-11T13:05:00.000000000Z,155.546,155.584,155.506,155.584,1495,155.577,155.592
2025-12-11T13:10:00.000000000Z,155.584,155.584,155.53,155.552,1344,155.543,155.56
2025-12-11T13:15:00.000000000Z,155.55,155.58,155.502,155.516,1046,155.507,155.524
2025-12-11T13:20:00.000000000Z,155.515,155.566,155.502,155.524,1286,155.516,155.532
2025-12-11T13:25:00.000000000Z,155.524,155.544,155.476,155.482,1427,155.475,155.488
2025-12-11T13:30:00.000000000Z,155.482,155.528,155.375,155.525,2555,155.516,155.534
2025-12-11T13:35:00.000000000Z,155.524,155.55,155.35,155.362,2597,155.355,155.37
2025-12-11T13:40:00.000000000Z,155.364,155.394,155.31,155.357,2410,155.348,155.366
2025-12-11T13:45:00.000000000Z,155.356,155.374,155.307,155.32,1973,155.312,155.328
2025-12-11T13:50:00.000000000Z,155.32,155.32,155.232,155.242,1485,155.235,155.249
2025-12-11T13:55:00.000000000Z,155.242,155.304,155.23,155.286,1260,155.279,155.294
2025-12-11T14:00:00.000000000Z,155.287,155.298,155.178,155.214,1499,155.207,155.221
2025-12-11T14:05:00.000000000Z,155.214,155.224,155.135,155.152,1635,155.144,155.159
2025-12-11T14:10:00.000000000Z,155.15,155.168,155.124,155.163,1390,155.155,155.171
2025-12-11T14:15:00.000000000Z,155.161,155.17,155.128,155.142,1199,155.134,155.15
2025-12-11T14:20:00.000000000Z,155.14,155.15,155.1,155.116,1196,155.108,155.123
2025-12-11T14:25:00.000000000Z,155.116,155.138,155.062,155.064,1113,155.057,155.071
2025-12-11T14:30:00.000000000Z,155.064,155.096,155.047,155.078,1641,155.071,155.085
2025-12-11T14:35:00.000000000Z,155.078,155.079,155.016,155.038,1540,155.03,155.045
2025-12-11T14:40:00.000000000Z,155.037,155.106,155.016,155.096,1262,155.087,155.104
2025-12-11T14:45:00.000000000Z,155.095,155.142,155.052,155.06,1313,155.053,155.068
2025-12-11T14:50:00.000000000Z,155.06,155.114,155.039,155.069,1420,155.062,155.076
2025-12-11T14:55:00.000000000Z,155.068,155.072,154.945,154.982,2056,154.974,154.991
2025-12-11T15:00:00.000000000Z,154.982,155.13,154.981,155.126,1691,155.118,155.133
2025-12-11T15:05:00.000000000Z,155.125,155.125,155.016,155.038,1545,155.03,155.046
2025-12-11T15:10:00.000000000Z,155.038,155.1,155.018,155.086,1526,155.079,155.093
2025-12-11T15:15:00.000000000Z,155.085,155.174,155.076,155.142,1525,155.134,155.151
2025-12-11T15:20:00.000000000Z,155.14,155.14,155.066,155.103,1095,155.095,155.111
2025-12-11T15:25:00.000000000Z,155.102,155.142,155.085,155.088,1251,155.08,155.095
2025-12-11T15:30:00.000000000Z,155.087,155.1,155.055,155.078,1352,155.069,155.086
2025-12-11T15:35:00.000000000Z,155.078,155.137,155.077,155.114,1569,155.106,155.123
2025-12-11T15:40:00.000000000Z,155.114,155.116,155.053,155.054,1414,155.046,155.063
2025-12-11T15:45:00.000000000Z,155.056,155.059,154.982,155.006,1566,154.996,155.015
2025-12-11T15:50:00.000000000Z,155.004,155.05,154.955,155.044,2082,155.036,155.051
2025-12-11T15:55:00.000000000Z,155.042,155.179,155.04,155.17,2211,155.162,155.179
2025-12-11T16:00:00.000000000Z,155.17,155.174,155.111,155.132,1482,155.123,155.14
2025-12-11T16:05:00.000000000Z,155.132,155.212,155.125,155.187,1041,155.179,155.195
2025-12-11T16:10:00.000000000Z,155.186,155.204,155.122,155.132,1373,155.124,155.139
2025-12-11T16:15:00.000000000Z,155.132,155.187,155.116,155.173,1132,155.164,155.182
2025-12-11T16:20:00.000000000Z,155.172,155.222,155.157,155.212,1373,155.204,155.219
2025-12-11T16:25:00.000000000Z,155.211,155.29,155.21,155.258,1404,155.25,155.266
2025-12-11T16:30:00.000000000Z,155.258,155.273,155.226,155.244,1375,155.237,155.251
2025-12-11T16:35:00.000000000Z,155.246,155.289,155.198,155.284,1235,155.275,155.292
2025-12-11T16:40:00.000000000Z,155.288,155.291,155.26,155.284,980,155.275,155.292
2025-12-11T16:45:00.000000000Z,155.282,155.284,155.18,155.213,1104,155.205,155.221
2025-12-11T16:50:00.000000000Z,155.214,155.214,155.156,155.158,1316,155.151,155.165
2025-12-11T16:55:00.000000000Z,155.159,155.192,155.142,155.154,1363,155.147,155.16
2025-12-11T17:00:00.000000000Z,155.154,155.174,155.107,155.125,1279,155.117,155.133
2025-12-11T17:05:00.000000000Z,155.127,155.164,155.108,155.124,1066,155.116,155.133
2025-12-11T17:10:00.000000000Z,155.127,155.136,155.082,155.101,1119,155.093,155.109
2025-12-11T17:15:00.000000000Z,155.102,155.124,155.073,155.122,796,155.113,155.13
2025-12-11T17:20:00.000000000Z,155.122,155.194,155.117,155.188,1160,155.182,155.195
2025-12-11T17:25:00.000000000Z,155.188,155.202,155.177,155.2,1035,155.193,155.207
2025-12-11T17:30:00.000000000Z,155.2,155.272,155.2,155.261,1021,155.254,155.268
2025-12-11T17:35:00.000000000Z,155.26,155.284,155.246,155.262,867,155.254,155.269
2025-12-11T17:40:00.000000000Z,155.262,155.293,155.254,155.28,849,155.272,155.288
2025-12-11T17:45:00.000000000Z,155.281,155.294,155.257,155.261,829,155.255,155.267
2025-12-11T17:50:00.000000000Z,155.263,155.268,155.218,155.26,1029,155.252,155.269
2025-12-11T17:55:00.000000000Z,155.259,155.268,155.227,155.242,869,155.234,155.249
2025-12-11T18:00:00.000000000Z,155.242,155.291,155.234,155.27,956,155.262,155.279
2025-12-11T18:05:00.000000000Z,155.27,155.271,155.214,155.226,580,155.217,155.236
2025-12-11T18:10:00.000000000Z,155.228,155.269,155.221,155.252,728,155.244,155.261
2025-12-11T18:15:00.000000000Z,155.253,155.272,155.238,155.27,644,155.262,155.277
2025-12-11T18:20:00.000000000Z,155.27,155.337,155.268,155.324,919,155.318,155.331
2025-12-11T18:25:00.000000000Z,155.323,155.364,155.323,155.348,823,155.34,155.356
2025-12-11T18:30:00.000000000Z,155.349,155.39,155.342,155.356,781,155.347,155.366
2025-12-11T18:35:00.000000000Z,155.356,155.406,155.354,155.398,674,155.39,155.407
2025-12-11T18:40:00.000000000Z,155.399,155.415,155.381,155.382,738,155.373,155.391
2025-12-11T18:45:00.000000000Z,155.383,155.387,155.358,155.359,1084,155.351,155.367
2025-12-11T18:50:00.000000000Z,155.36,155.37,155.348,155.352,459,155.343,155.36
2025-12-11T18:55:00.000000000Z,155.353,155.366,155.336,155.362,610,155.355,155.369
2025-12-11T19:00:00.000000000Z,155.362,155.464,155.362,155.442,908,155.433,155.45
2025-12-11T19:05:00.000000000Z,155.44,155.47,155.426,155.461,689,155.455,155.467
2025-12-11T19:10:00.000000000Z,155.464,155.494,155.454,155.47,688,155.464,155.476
2025-12-11T19:15:00.000000000Z,155.471,155.498,155.46,155.489,700,155.482,155.496
2025-12-11T19:20:00.000000000Z,155.49,155.506,155.462,155.469,854,155.462,155.476
2025-12-11T19:25:00.000000000Z,155.469,155.471,155.446,155.45,570,155.441,155.459
2025-12-11T19:30:00.000000000Z,155.45,155.488,155.448,155.481,583,155.471,155.491
2025-12-11T19:35:00.000000000Z,155.482,155.499,155.478,155.497,710,155.49,155.504
2025-12-11T19:40:00.000000000Z,155.498,155.535,155.498,155.529,740,155.521,155.537
2025-12-11T19:45:00.000000000Z,155.53,155.534,155.492,155.508,893,155.5,155.516
2025-12-11T19:50:00.000000000Z,155.508,155.534,155.501,155.532,708,155.525,155.539
2025-12-11T19:55:00.000000000Z,155.531,155.602,155.521,155.596,1041,155.587,155.604
2025-12-11T20:00:00.000000000Z,155.595,155.65,155.595,155.649,965,155.641,155.657
2025-12-11T20:05:00.000000000Z,155.65,155.66,155.619,155.638,896,155.63,155.645
2025-12-11T20:10:00.000000000Z,155.637,155.674,155.627,155.664,734,155.656,155.673
2025-12-11T20:15:00.000000000Z,155.665,155.672,155.626,155.628,700,155.621,155.635
2025-12-11T20:20:00.000000000Z,155.628,155.647,155.58,155.584,898,155.576,155.592
2025-12-11T20:25:00.000000000Z,155.584,155.584,155.537,155.556,1286,155.548,155.563
2025-12-11T20:30:00.000000000Z,155.556,155.579,155.518,155.518,1431,155.51,155.525
2025-12-11T20:35:00.000000000Z,155.519,155.558,155.512,155.549,1040,155.541,155.557
2025-12-11T20:40:00.000000000Z,155.549,155.556,155.527,155.544,1007,155.536,155.553
2025-12-11T20:45:00.000000000Z,155.544,155.55,155.507,155.536,1343,155.528,155.545
2025-12-11T20:50:00.000000000Z,155.536,155.568,155.53,155.566,593,155.558,155.574
2025-12-11T20:55:00.000000000Z,155.566,155.596,155.564,155.594,607,155.586,155.602
2025-12-11T21:00:00.000000000Z,155.595,155.626,155.576,155.6,724,155.593,155.607
2025-12-11T21:05:00.000000000Z,155.6,155.6,155.558,155.582,314,155.575,155.588
2025-12-11T21:10:00.000000000Z,155.579,155.581,155.568,155.572,321,155.565,155.578
2025-12-11T21:15:00.000000000Z,155.573,155.608,155.573,155.581,464,155.575,155.587
2025-12-11T21:20:00.000000000Z,155.58,155.59,155.566,155.568,298,155.562,155.575
2025-12-11T21:25:00.000000000Z,155.568,155.587,155.563,155.566,388,155.558,155.575
2025-12-11T21:30:00.000000000Z,155.567,155.602,155.566,155.597,417,155.59,155.604
2025-12-11T21:35:00.000000000Z,155.598,155.603,155.576,155.578,361,155.569,155.586
2025-12-11T21:40:00.000000000Z,155.578,155.582,155.554,155.555,375,155.546,155.564
2025-12-11T21:45:00.000000000Z,155.556,155.583,155.552,155.582,420,155.574,155.591
2025-12-11T21:50:00.000000000Z,155.583,155.596,155.552,155.555,697,155.546,155.564
2025-12-11T21:55:00.000000000Z,155.554,155.579,155.553,155.572,445,155.563,155.582
2025-12-11T22:00:00.000000000Z,155.582,155.582,155.582,155.582,1,155.556,155.608
2025-12-11T22:05:00.000000000Z,155.582,155.582,155.558,155.564,245,155.548,155.581
2025-12-11T22:10:00.000000000Z,155.566,155.575,155.55,155.566,273,155.527,155.606
2025-12-11T22:15:00.000000000Z,155.567,155.577,155.538,155.54,122,155.52,155.56
2025-12-11T22:20:00.000000000Z,155.54,155.58,155.538,155.574,94,155.552,155.596
2025-12-11T22:25:00.000000000Z,155.577,155.587,155.563,155.574,116,155.553,155.595
2025-12-11T22:30:00.000000000Z,155.575,155.577,155.554,155.558,52,155.537,155.578
2025-12-11T22:35:00.000000000Z,155.558,155.563,155.548,155.55,214,155.526,155.574
2025-12-11T22:40:00.000000000Z,155.55,155.551,155.542,155.546,132,155.52,155.571
2025-12-11T22:45:00.000000000Z,155.544,155.551,155.524,155.544,238,155.524,155.563
2025-12-11T22:50:00.000000000Z,155.545,155.558,155.543,155.55,101,155.532,155.567
2025-12-11T22:55:00.000000000Z,155.552,155.556,155.536,155.54,145,155.523,155.556
2025-12-11T23:00:00.000000000Z,155.536,155.538,155.514,155.52,121,155.511,155.53
2025-12-11T23:05:00.000000000Z,155.518,155.524,155.494,155.497,154,155.487,155.507
2025-12-11T23:10:00.000000000Z,155.496,155.554,155.448,155.541,482,155.53,155.552
2025-12-11T23:15:00.000000000Z,155.54,155.57,155.539,155.548,203,155.541,155.555
2025-12-11T23:20:00.000000000Z,155.548,155.566,155.525,155.544,192,155.536,155.552
2025-12-11T23:25:00.000000000Z,155.544,155.544,155.51,155.517,243,155.508,155.526
2025-12-11T23:30:00.000000000Z,155.518,155.62,155.518,155.618,630,155.608,155.628
2025-12-11T23:35:00.000000000Z,155.618,155.621,155.59,155.614,1035,155.606,155.623
2025-12-11T23:40:00.000000000Z,155.612,155.616,155.582,155.593,397,155.584,155.602
2025-12-11T23:45:00.000000000Z,155.592,155.594,155.546,155.556,422,155.547,155.565
2025-12-11T23:50:00.000000000Z,155.556,155.568,155.541,155.558,247,155.548,155.568
2025-12-11T23:55:00.000000000Z,155.556,155.582,155.502,155.506,379,155.497,155.514
2025-12-12T00:00:00.000000000Z,155.507,155.582,155.46,155.536,1837,155.529,155.544
2025-12-12T00:05:00.000000000Z,155.537,155.587,155.507,155.583,1321,155.574,155.592
2025-12-12T00:10:00.000000000Z,155.582,155.599,155.542,155.549,712,155.54,155.558
2025-12-12T00:15:00.000000000Z,155.548,155.647,155.533,155.636,1035,155.628,155.643
2025-12-12T00:20:00.000000000Z,155.636,155.68,155.63,155.656,1096,155.646,155.666
2025-12-12T00:25:00.000000000Z,155.656,155.679,155.626,155.665,944,155.655,155.675
2025-12-12T00:30:00.000000000Z,155.666,155.73,155.64,155.692,1344,155.683,155.7
2025-12-12T00:35:00.000000000Z,155.692,155.695,155.656,155.665,1315,155.656,155.674
2025-12-12T00:40:00.000000000Z,155.664,155.692,155.654,155.684,893,155.674,155.694
2025-12-12T00:45:00.000000000Z,155.684,155.688,155.636,155.636,907,155.627,155.646
2025-12-12T00:50:00.000000000Z,155.632,155.684,155.602,155.66,1344,155.651,155.668
2025-12-12T00:55:00.000000000Z,155.658,155.726,155.65,155.695,1379,155.688,155.702
2025-12-12T01:00:00.000000000Z,155.695,155.771,155.658,155.744,1313,155.736,155.753
2025-12-12T01:05:00.000000000Z,155.742,155.756,155.681,155.706,818,155.697,155.716
2025-12-12T01:10:00.000000000Z,155.705,155.707,155.632,155.652,997,155.645,155.658
2025-12-12T01:15:00.000000000Z,155.652,155.664,155.622,155.624,797,155.615,155.633
2025-12-12T01:20:00.000000000Z,155.624,155.628,155.585,155.609,734,155.6,155.618
2025-12-12T01:25:00.000000000Z,155.608,155.624,155.581,155.59,619,155.583,155.598
2025-12-12T01:30:00.000000000Z,155.59,155.59,155.548,155.578,868,155.57,155.587
2025-12-12T01:35:00.000000000Z,155.578,155.622,155.552,155.61,1012,155.602,155.618
2025-12-12T01:40:00.000000000Z,155.611,155.617,155.572,155.592,817,155.583,155.6
2025-12-12T01:45:00.000000000Z,155.591,155.673,155.582,155.652,778,155.645,155.659
2025-12-12T01:50:00.000000000Z,155.65,155.708,155.641,155.707,685,155.699,155.715
2025-12-12T01:55:00.000000000Z,155.708,155.71,155.654,155.668,889,155.66,155.675
2025-12-12T02:00:00.000000000Z,155.668,155.708,155.654,155.704,716,155.695,155.714
2025-12-12T02:05:00.000000000Z,155.704,155.704,155.678,155.684,587,155.674,155.693
2025-12-12T02:10:00.000000000Z,155.683,155.71,155.656,155.69,642,155.682,155.698
2025-12-12T02:15:00.000000000Z,155.69,155.73,155.68,155.722,622,155.715,155.73
2025-12-12T02:20:00.000000000Z,155.721,155.748,155.714,155.714,675,155.706,155.722
2025-12-12T02:25:00.000000000Z,155.714,155.73,155.7,155.718,609,155.707,155.728
2025-12-12T02:30:00.000000000Z,155.717,155.718,155.68,155.686,619,155.678,155.694
2025-12-12T02:35:00.000000000Z,155.686,155.698,155.665,155.666,442,155.658,155.674
2025-12-12T02:40:00.000000000Z,155.666,155.688,155.662,155.679,436,155.671,155.687
2025-12-12T02:45:00.000000000Z,155.68,155.732,155.677,155.707,634,155.698,155.716
2025-12-12T02:50:00.000000000Z,155.706,155.71,155.686,155.692,473,155.684,155.701
2025-12-12T02:55:00.000000000Z,155.692,155.698,155.672,155.678,479,155.668,155.687
2025-12-12T03:00:00.000000000Z,155.677,155.709,155.677,155.708,489,155.699,155.717
2025-12-12T03:05:00.000000000Z,155.706,155.71,155.69,155.707,422,155.698,155.716
2025-12-12T03:10:00.000000000Z,155.706,155.708,155.688,155.702,293,155.693,155.712
2025-12-12T03:15:00.000000000Z,155.701,155.712,155.688,155.694,388,155.687,155.701
2025-12-12T03:20:00.000000000Z,155.692,155.702,155.676,155.677,401,155.668,155.686
2025-12-12T03:25:00.000000000Z,155.676,155.688,155.632,155.663,734,155.654,155.672
2025-12-12T03:30:00.000000000Z,155.664,155.683,155.652,155.675,442,155.666,155.684
2025-12-12T03:35:00.000000000Z,155.676,155.702,155.674,155.68,394,155.671,155.688
2025-12-12T03:40:00.000000000Z,155.68,155.714,155.68,155.712,315,155.705,155.72
2025-12-12T03:45:00.000000000Z,155.713,155.728,155.7,155.702,336,155.693,155.71
2025-12-12T03:50:00.000000000Z,155.701,155.71,155.686,155.708,384,155.7,155.715
2025-12-12T03:55:00.000000000Z,155.709,155.726,155.709,155.713,505,155.705,155.721
2025-12-12T04:00:00.000000000Z,155.712,155.749,155.709,155.747,240,155.74,155.754
2025-12-12T04:05:00.000000000Z,155.748,155.748,155.725,155.728,498,155.719,155.736
2025-12-12T04:10:00.000000000Z,155.728,155.736,155.72,155.73,518,155.722,155.739
2025-12-12T04:15:00.000000000Z,155.731,155.766,155.73,155.76,586,155.751,155.769
2025-12-12T04:20:00.000000000Z,155.76,155.762,155.727,155.74,594,155.732,155.748
2025-12-12T04:25:00.000000000Z,155.74,155.742,155.708,155.711,565,155.702,155.72
2025-12-12T04:30:00.000000000Z,155.712,155.726,155.696,155.718,571,155.71,155.727
2025-12-12T04:35:00.000000000Z,155.719,155.72,155.688,155.702,524,155.694,155.711
2025-12-12T04:40:00.000000000Z,155.702,155.728,155.702,155.723,430,155.715,155.731
2025-12-12T04:45:00.000000000Z,155.722,155.726,155.712,155.719,426,155.711,155.727
2025-12-12T04:50:00.000000000Z,155.72,155.746,155.712,155.735,502,155.727,155.743
2025-12-12T04:55:00.000000000Z,155.732,155.756,155.732,155.746,636,155.738,155.754
2025-12-12T05:00:00.000000000Z,155.746,155.748,155.717,155.741,474,155.733,155.749
2025-12-12T05:05:00.000000000Z,155.74,155.766,155.74,155.743,412,155.735,155.751
2025-12-12T05:10:00.000000000Z,155.744,155.754,155.733,155.736,307,155.728,155.743
2025-12-12T05:15:00.000000000Z,155.737,155.754,155.723,155.752,491,155.743,155.762
2025-12-12T05:20:00.000000000Z,155.753,155.773,155.75,155.771,289,155.764,155.778
2025-12-12T05:25:00.000000000Z,155.77,155.771,155.756,155.76,369,155.751,155.769
2025-12-12T05:30:00.000000000Z,155.76,155.76,155.718,155.721,573,155.712,155.73
2025-12-12T05:35:00.000000000Z,155.722,155.724,155.686,155.693,492,155.686,155.7
2025-12-12T05:40:00.000000000Z,155.694,155.696,155.674,155.682,307,155.673,155.691
2025-12-12T05:45:00.000000000Z,155.684,155.703,155.681,155.692,409,155.685,155.7
2025-12-12T05:50:00.000000000Z,155.694,155.728,155.69,155.722,411,155.714,155.731
2025-12-12T05:55:00.000000000Z,155.722,155.745,155.702,155.743,611,155.734,155.752
2025-12-12T06:00:00.000000000Z,155.744,155.763,155.722,155.754,541,155.747,155.762
2025-12-12T06:05:00.000000000Z,155.755,155.756,155.689,155.702,583,155.693,155.71
2025-12-12T06:10:00.000000000Z,155.701,155.71,155.68,155.708,557,155.701,155.716
2025-12-12T06:15:00.000000000Z,155.709,155.752,155.708,155.748,637,155.739,155.756
2025-12-12T06:20:00.000000000Z,155.748,155.794,155.747,155.776,662,155.767,155.784
2025-12-12T06:25:00.000000000Z,155.776,155.801,155.774,155.798,601,155.79,155.806
2025-12-12T06:30:00.000000000Z,155.798,155.827,155.779,155.806,764,155.8,155.813
2025-12-12T06:35:00.000000000Z,155.808,155.808,155.779,155.794,647,155.786,155.801
2025-12-12T06:40:00.000000000Z,155.794,155.8,155.724,155.757,628,155.749,155.765
2025-12-12T06:45:00.000000000Z,155.758,155.784,155.754,155.764,674,155.755,155.772
2025-12-12T06:50:00.000000000Z,155.763,155.765,155.686,155.702,806,155.695,155.71
2025-12-12T06:55:00.000000000Z,155.703,155.72,155.651,155.653,734,155.644,155.662
2025-12-12T07:00:00.000000000Z,155.654,155.7,155.645,155.664,862,155.656,155.671
2025-12-12T07:05:00.000000000Z,155.665,155.665,155.62,155.646,687,155.64,155.652
2025-12-12T07:10:00.000000000Z,155.648,155.655,155.624,155.64,624,155.633,155.647
2025-12-12T07:15:00.000000000Z,155.64,155.657,155.568,155.645,1051,155.637,155.653
2025-12-12T07:20:00.000000000Z,155.646,155.72,155.632,155.706,1042,155.697,155.714
2025-12-12T07:25:00.000000000Z,155.705,155.729,155.656,155.666,529,155.658,155.675
2025-12-12T07:30:00.000000000Z,155.669,155.674,155.596,155.6,820,155.593,155.608
2025-12-12T07:35:00.000000000Z,155.6,155.606,155.555,155.592,793,155.583,155.6
2025-12-12T07:40:00.000000000Z,155.592,155.624,155.562,155.572,693,155.565,155.58
2025-12-12T07:45:00.000000000Z,155.572,155.597,155.542,155.571,864,155.564,155.578
2025-12-12T07:50:00.000000000Z,155.572,155.582,155.562,155.572,476,155.563,155.58
2025-12-12T07:55:00.000000000Z,155.572,155.658,155.568,155.651,720,155.642,155.66
2025-12-12T08:00:00.000000000Z,155.652,155.706,155.639,155.688,1274,155.682,155.695
2025-12-12T08:05:00.000000000Z,155.688,155.709,155.678,155.688,898,155.681,155.695
2025-12-12T08:10:00.000000000Z,155.688,155.792,155.62,155.78,1349,155.771,155.788
2025-12-12T08:15:00.000000000Z,155.78,155.786,155.702,155.744,1378,155.737,155.752
2025-12-12T08:20:00.000000000Z,155.744,155.779,155.718,155.752,1113,155.744,155.759
2025-12-12T08:25:00.000000000Z,155.75,155.764,155.726,155.728,640,155.72,155.737
2025-12-12T08:30:00.000000000Z,155.728,155.749,155.704,155.713,818,155.704,155.722
2025-12-12T08:35:00.000000000Z,155.712,155.716,155.666,155.688,627,155.68,155.695
2025-12-12T08:40:00.000000000Z,155.688,155.688,155.657,155.676,880,155.668,155.683
2025-12-12T08:45:00.000000000Z,155.676,155.784,155.667,155.78,1054,155.772,155.789
2025-12-12T08:50:00.000000000Z,155.78,155.808,155.754,155.779,1025,155.771,155.787
2025-12-12T08:55:00.000000000Z,155.78,155.845,155.778,155.838,888,155.83,155.847
2025-12-12T09:00:00.000000000Z,155.84,155.858,155.756,155.81,1326,155.802,155.818
2025-12-12T09:05:00.000000000Z,155.81,155.83,155.788,155.792,845,155.784,155.801
2025-12-12T09:10:00.000000000Z,155.794,155.827,155.765,155.812,624,155.804,155.82
2025-12-12T09:15:00.000000000Z,155.812,155.859,155.81,155.847,903,155.839,155.855
2025-12-12T09:20:00.000000000Z,155.846,155.87,155.832,155.853,832,155.845,155.861
2025-12-12T09:25:00.000000000Z,155.854,155.882,155.842,155.878,867,155.87,155.886
2025-12-12T09:30:00.000000000Z,155.878,155.898,155.864,155.88,854,155.872,155.889
2025-12-12T09:35:00.000000000Z,155.878,155.894,155.856,155.894,593,155.886,155.902
2025-12-12T09:40:00.000000000Z,155.892,155.902,155.878,155.888,633,155.88,155.895
2025-12-12T09:45:00.000000000Z,155.89,155.902,155.872,155.898,762,155.892,155.905
2025-12-12T09:50:00.000000000Z,155.898,155.911,155.879,155.886,649,155.879,155.894
2025-12-12T09:55:00.000000000Z,155.888,155.9,155.857,155.888,964,155.879,155.897
2025-12-12T10:00:00.000000000Z,155.888,155.904,155.85,155.854,829,155.845,155.863
2025-12-12T10:05:00.000000000Z,155.858,155.918,155.858,155.918,579,155.909,155.927
2025-12-12T10:10:00.000000000Z,155.916,155.942,155.894,155.894,499,155.884,155.903
2025-12-12T10:15:00.000000000Z,155.893,155.921,155.884,155.91,442,155.901,155.918
2025-12-12T10:20:00.000000000Z,155.91,155.94,155.91,155.938,555,155.929,155.946
2025-12-12T10:25:00.000000000Z,155.938,155.966,155.937,155.946,474,155.938,155.955
2025-12-12T10:30:00.000000000Z,155.948,155.961,155.932,155.934,471,155.927,155.942
2025-12-12T10:35:00.000000000Z,155.935,155.946,155.91,155.932,607,155.923,155.94
2025-12-12T10:40:00.000000000Z,155.932,155.938,155.918,155.934,316,155.926,155.943
2025-12-12T10:45:00.000000000Z,155.936,155.942,155.904,155.908,353,155.9,155.915
2025-12-12T10:50:00.000000000Z,155.909,155.94,155.896,155.928,443,155.92,155.937
2025-12-12T10:55:00.000000000Z,155.928,155.936,155.91,155.917,489,155.908,155.926
2025-12-12T11:00:00.000000000Z,155.918,155.951,155.917,155.935,312,155.927,155.943
2025-12-12T11:05:00.000000000Z,155.936,155.952,155.931,155.94,165,155.932,155.948
2025-12-12T11:10:00.000000000Z,155.94,155.951,155.918,155.941,386,155.933,155.949
2025-12-12T11:15:00.000000000Z,155.943,155.95,155.922,155.943,405,155.936,155.95
2025-12-12T11:20:00.000000000Z,155.944,155.964,155.936,155.961,260,155.953,155.969
2025-12-12T11:25:00.000000000Z,155.96,155.988,155.959,155.984,563,155.977,155.99
2025-12-12T11:30:00.000000000Z,155.984,155.996,155.96,155.972,587,155.965,155.98
2025-12-12T11:35:00.000000000Z,155.973,155.975,155.954,155.958,408,155.951,155.964
2025-12-12T11:40:00.000000000Z,155.958,155.966,155.951,155.96,367,155.951,155.968
2025-12-12T11:45:00.000000000Z,155.957,155.96,155.928,155.934,400,155.926,155.943
2025-12-12T11:50:00.000000000Z,155.934,155.937,155.91,155.936,431,155.927,155.944
2025-12-12T11:55:00.000000000Z,155.939,155.946,155.911,155.913,526,155.905,155.921
2025-12-12T12:00:00.000000000Z,155.914,155.936,155.774,155.866,1471,155.858,155.875
2025-12-12T12:05:00.000000000Z,155.866,155.964,155.862,155.937,1019,155.929,155.945
2025-12-12T12:10:00.000000000Z,155.938,155.99,155.938,155.98,640,155.972,155.989
2025-12-12T12:15:00.000000000Z,155.98,155.983,155.942,155.944,486,155.935,155.952
2025-12-12T12:20:00.000000000Z,155.944,155.95,155.922,155.936,526,155.927,155.944
2025-12-12T12:25:00.000000000Z,155.936,155.958,155.936,155.948,528,155.939,155.956
2025-12-12T12:30:00.000000000Z,155.944,156.002,155.937,155.988,757,155.98,155.997
2025-12-12T12:35:00.000000000Z,155.99,156.004,155.982,155.994,404,155.986,156.003
2025-12-12T12:40:00.000000000Z,155.995,156.075,155.974,156.072,740,156.064,156.081
2025-12-12T12:45:00.000000000Z,156.07,156.13,156.058,156.122,922,156.113,156.13
2025-12-12T12:50:00.000000000Z,156.121,156.126,156.07,156.106,878,156.097,156.114
2025-12-12T12:55:00.000000000Z,156.104,156.104,156.034,156.036,1100,156.028,156.044
2025-12-12T13:00:00.000000000Z,156.036,156.052,155.994,156.024,1031,156.016,156.031
2025-12-12T13:05:00.000000000Z,156.022,156.029,155.956,155.986,691,155.979,155.994
2025-12-12T13:10:00.000000000Z,155.986,156.017,155.972,155.986,656,155.977,155.995
2025-12-12T13:15:00.000000000Z,155.986,155.99,155.927,155.962,705,155.953,155.97
2025-12-12T13:20:00.000000000Z,155.96,156.003,155.935,155.994,1083,155.986,156.002
2025-12-12T13:25:00.000000000Z,155.992,155.992,155.934,155.95,674,155.941,155.958
2025-12-12T13:30:00.000000000Z,155.949,155.978,155.902,155.919,1009,155.911,155.927
2025-12-12T13:35:00.000000000Z,155.918,155.954,155.907,155.916,785,155.909,155.924
2025-12-12T13:40:00.000000000Z,155.917,155.943,155.914,155.929,748,155.921,155.937
2025-12-12T13:45:00.000000000Z,155.929,155.963,155.924,155.942,893,155.934,155.951
2025-12-12T13:50:00.000000000Z,155.943,155.974,155.932,155.962,1010,155.953,155.97
2025-12-12T13:55:00.000000000Z,155.962,156.064,155.96,156.046,1048,156.04,156.053
2025-12-12T14:00:00.000000000Z,156.047,156.102,156.034,156.048,1612,156.039,156.057
2025-12-12T14:05:00.000000000Z,156.05,156.051,155.993,156.012,754,156.003,156.021
2025-12-12T14:10:00.000000000Z,156.012,156.082,155.996,156.073,884,156.065,156.081
2025-12-12T14:15:00.000000000Z,156.072,156.096,156.018,156.07,1060,156.062,156.079
2025-12-12T14:20:00.000000000Z,156.071,156.074,156.007,156.022,755,156.013,156.03
2025-12-12T14:25:00.000000000Z,156.022,156.023,155.976,156.012,985,156.003,156.022
2025-12-12T14:30:00.000000000Z,156.012,156.018,155.924,155.927,1272,155.92,155.934
2025-12-12T14:35:00.000000000Z,155.929,156.002,155.912,155.968,1578,155.961,155.976
2025-12-12T14:40:00.000000000Z,155.969,155.978,155.938,155.962,1306,155.954,155.971
2025-12-12T14:45:00.000000000Z,155.963,155.998,155.914,155.916,1600,155.907,155.925
2025-12-12T14:50:00.000000000Z,155.917,155.917,155.858,155.861,1392,155.853,155.869
2025-12-12T14:55:00.000000000Z,155.86,155.91,155.844,155.908,1423,155.901,155.914
2025-12-12T15:00:00.000000000Z,155.908,155.948,155.874,155.881,1465,155.874,155.888
2025-12-12T15:05:00.000000000Z,155.882,155.927,155.81,155.817,1588,155.811,155.823
2025-12-12T15:10:00.000000000Z,155.816,155.903,155.812,155.874,1291,155.867,155.881
2025-12-12T15:15:00.000000000Z,155.874,155.974,155.867,155.949,1872,155.941,155.957
2025-12-12T15:20:00.000000000Z,155.95,155.972,155.896,155.924,1477,155.915,155.932
2025-12-12T15:25:00.000000000Z,155.921,155.925,155.836,155.844,1504,155.838,155.851
2025-12-12T15:30:00.000000000Z,155.844,155.946,155.828,155.924,1579,155.916,155.933
2025-12-12T15:35:00.000000000Z,155.925,155.932,155.872,155.904,1257,155.895,155.913
2025-12-12T15:40:00.000000000Z,155.904,156.055,155.878,156.055,1406,156.047,156.063
2025-12-12T15:45:00.000000000Z,156.056,156.063,156.0,156.016,1351,156.007,156.025
2025-12-12T15:50:00.000000000Z,156.02,156.034,155.98,156.014,1509,156.007,156.021
2025-12-12T15:55:00.000000000Z,156.016,156.028,155.87,155.885,2052,155.878,155.892
2025-12-12T16:00:00.000000000Z,155.886,155.886,155.784,155.8,2145,155.792,155.807
2025-12-12T16:05:00.000000000Z,155.799,155.85,155.768,155.792,1948,155.783,155.801
2025-12-12T16:10:00.000000000Z,155.79,155.797,155.726,155.741,1633,155.732,155.75
2025-12-12T16:15:00.000000000Z,155.74,155.77,155.716,155.719,934,155.711,155.727
2025-12-12T16:20:00.000000000Z,155.72,155.732,155.676,155.718,1445,155.711,155.725
2025-12-12T16:25:00.000000000Z,155.72,155.789,155.712,155.768,962,155.76,155.776
2025-12-12T16:30:00.000000000Z,155.768,155.785,155.731,155.758,1041,155.749,155.767
2025-12-12T16:35:00.000000000Z,155.758,155.8,155.753,155.784,1061,155.775,155.793
2025-12-12T16:40:00.000000000Z,155.786,155.88,155.763,155.878,1306,155.87,155.885
2025-12-12T16:45:00.000000000Z,155.877,155.886,155.827,155.846,1098,155.84,155.853
2025-12-12T16:50:00.000000000Z,155.846,155.846,155.79,155.806,1020,155.797,155.814
2025-12-12T16:55:00.000000000Z,155.805,155.842,155.805,155.815,911,155.808,155.822
2025-12-12T17:00:00.000000000Z,155.814,155.858,155.806,155.822,763,155.814,155.831
2025-12-12T17:05:00.000000000Z,155.822,155.906,155.822,155.893,855,155.884,155.902
2025-12-12T17:10:00.000000000Z,155.891,155.904,155.884,155.887,630,155.88,155.894
2025-12-12T17:15:00.000000000Z,155.888,155.896,155.856,155.867,580,155.859,155.875
2025-12-12T17:20:00.000000000Z,155.869,155.883,155.791,155.801,688,155.792,155.81
2025-12-12T17:25:00.000000000Z,155.802,155.802,155.756,155.756,483,155.747,155.765
2025-12-12T17:30:00.000000000Z,155.756,155.816,155.755,155.792,625,155.784,155.799
2025-12-12T17:35:00.000000000Z,155.791,155.83,155.772,155.83,721,155.821,155.838
2025-12-12T17:40:00.000000000Z,155.83,155.838,155.754,155.768,756,155.76,155.775
2025-12-12T17:45:00.000000000Z,155.767,155.814,155.766,155.804,631,155.796,155.813
2025-12-12T17:50:00.000000000Z,155.804,155.828,155.79,155.817,440,155.809,155.825
2025-12-12T17:55:00.000000000Z,155.818,155.828,155.78,155.782,594,155.775,155.789
2025-12-12T18:00:00.000000000Z,155.782,155.818,155.772,155.792,655,155.784,155.8
2025-12-12T18:05:00.000000000Z,155.79,155.798,155.759,155.792,735,155.786,155.799
2025-12-12T18:10:00.000000000Z,155.793,155.816,155.77,155.772,830,155.764,155.779
2025-12-12T18:15:00.000000000Z,155.771,155.784,155.766,155.781,770,155.773,155.789
2025-12-12T18:20:00.000000000Z,155.78,155.794,155.77,155.78,643,155.772,155.789
2025-12-12T18:25:00.000000000Z,155.781,155.782,155.732,155.732,558,155.724,155.74
2025-12-12T18:30:00.000000000Z,155.732,155.735,155.719,155.724,774,155.715,155.732
2025-12-12T18:35:00.000000000Z,155.723,155.744,155.723,155.735,520,155.726,155.744
2025-12-12T18:40:00.000000000Z,155.737,155.762,155.728,155.76,830,155.753,155.767
2025-12-12T18:45:00.000000000Z,155.76,155.778,155.76,155.771,479,155.763,155.779
2025-12-12T18:50:00.000000000Z,155.772,155.773,155.761,155.762,381,155.754,155.771
2025-12-12T18:55:00.000000000Z,155.766,155.797,155.752,155.784,456,155.776,155.793
2025-12-12T19:00:00.000000000Z,155.784,155.841,155.784,155.834,835,155.824,155.843
2025-12-12T19:05:00.000000000Z,155.834,155.846,155.82,155.84,254,155.832,155.849
2025-12-12T19:10:00.000000000Z,155.84,155.851,155.828,155.841,305,155.833,155.849
2025-12-12T19:15:00.000000000Z,155.842,155.877,155.83,155.876,425,155.868,155.884
2025-12-12T19:20:00.000000000Z,155.876,155.887,155.874,155.878,649,155.871,155.885
2025-12-12T19:25:00.000000000Z,155.876,155.924,155.875,155.917,590,155.91,155.924
2025-12-12T19:30:00.000000000Z,155.918,155.932,155.883,155.902,481,155.894,155.91
2025-12-12T19:35:00.000000000Z,155.902,155.93,155.902,155.926,495,155.916,155.936
2025-12-12T19:40:00.000000000Z,155.927,155.932,155.913,155.918,451,155.909,155.926
2025-12-12T19:45:00.000000000Z,155.918,155.928,155.915,155.923,449,155.914,155.932
2025-12-12T19:50:00.000000000Z,155.921,155.939,155.914,155.922,525,155.913,155.931
2025-12-12T19:55:00.000000000Z,155.924,155.924,155.89,155.902,933,155.893,155.91
2025-12-12T20:00:00.000000000Z,155.902,155.912,155.828,155.828,644,155.82,155.837
2025-12-12T20:05:00.000000000Z,155.827,155.841,155.79,155.79,515,155.781,155.799
2025-12-12T20:10:00.000000000Z,155.79,155.812,155.774,155.79,321,155.781,155.8
2025-12-12T20:15:00.000000000Z,155.792,155.815,155.79,155.796,275,155.787,155.806
2025-12-12T20:20:00.000000000Z,155.794,155.82,155.794,155.818,338,155.809,155.826
2025-12-12T20:25:00.000000000Z,155.815,155.831,155.808,155.82,353,155.811,155.829
2025-12-12T20:30:00.000000000Z,155.82,155.835,155.783,155.794,584,155.787,155.802
2025-12-12T20:35:00.000000000Z,155.794,155.833,155.792,155.826,500,155.818,155.835
2025-12-12T20:40:00.000000000Z,155.828,155.854,155.826,155.829,255,155.82,155.838
2025-12-12T20:45:00.000000000Z,155.828,155.9,155.826,155.866,1220,155.857,155.875
2025-12-12T20:50:00.000000000Z,155.866,155.898,155.842,155.844,797,155.835,155.852
2025-12-12T20:55:00.000000000Z,155.843,155.884,155.835,155.88,655,155.872,155.888
2025-12-12T21:00:00.000000000Z,155.881,155.893,155.848,155.848,344,155.839,155.857
2025-12-12T21:05:00.000000000Z,155.848,155.848,155.812,155.822,319,155.815,155.828
2025-12-12T21:10:00.000000000Z,155.822,155.834,155.802,155.819,339,155.809,155.829
2025-12-12T21:15:00.000000000Z,155.818,155.831,155.818,155.826,188,155.816,155.835
2025-12-12T21:20:00.000000000Z,155.825,155.83,155.799,155.83,390,155.821,155.839
2025-12-12T21:25:00.000000000Z,155.83,155.841,155.824,155.84,118,155.831,155.85
2025-12-12T21:30:00.000000000Z,155.84,155.865,155.827,155.853,167,155.844,155.862
2025-12-12T21:35:00.000000000Z,155.856,155.856,155.808,155.818,222,155.807,155.828
2025-12-12T21:40:00.000000000Z,155.817,155.842,155.813,155.835,151,155.829,155.841
2025-12-12T21:45:00.000000000Z,155.834,155.854,155.798,155.82,626,155.808,155.831
2025-12-12T21:50:00.000000000Z,155.818,155.866,155.816,155.852,763,155.845,155.858
2025-12-12T21:55:00.000000000Z,155.851,155.852,155.82,155.838,1118,155.819,155.856
2025-12-14T22:00:00.000000000Z,155.877,155.877,155.877,155.877,1,155.827,155.927
2025-12-14T22:05:00.000000000Z,155.895,155.899,155.843,155.871,15,155.821,155.921
2025-12-14T22:10:00.000000000Z,155.876,155.925,155.863,155.9,9,155.88,155.919
2025-12-14T22:15:00.000000000Z,155.884,155.913,155.879,155.913,63,155.895,155.931
2025-12-14T22:20:00.000000000Z,155.914,155.916,155.909,155.916,33,155.901,155.931
2025-12-14T22:25:00.000000000Z,155.911,155.911,155.866,155.866,26,155.85,155.881
2025-12-14T22:30:00.000000000Z,155.865,155.877,155.836,155.838,74,155.806,155.869
2025-12-14T22:35:00.000000000Z,155.836,155.866,155.827,155.838,1115,155.808,155.869
2025-12-14T22:40:00.000000000Z,155.84,155.842,155.787,155.79,418,155.762,155.819
2025-12-14T22:45:00.000000000Z,155.791,155.812,155.764,155.775,83,155.749,155.801
2025-12-14T22:50:00.000000000Z,155.773,155.808,155.773,155.804,84,155.785,155.824
2025-12-14T22:55:00.000000000Z,155.804,155.815,155.786,155.812,75,155.798,155.826
2025-12-14T23:00:00.000000000Z,155.812,155.827,155.782,155.8,199,155.787,155.814
2025-12-14T23:05:00.000000000Z,155.799,155.815,155.766,155.769,330,155.759,155.779
2025-12-14T23:10:00.000000000Z,155.767,155.805,155.764,155.79,292,155.777,155.802
2025-12-14T23:15:00.000000000Z,155.789,155.812,155.775,155.779,208,155.768,155.79
2025-12-14T23:20:00.000000000Z,155.78,155.794,155.776,155.792,106,155.782,155.801
2025-12-14T23:25:00.000000000Z,155.79,155.808,155.776,155.808,181,155.796,155.819
2025-12-14T23:30:00.000000000Z,155.809,155.818,155.796,155.804,203,155.796,155.811
2025-12-14T23:35:00.000000000Z,155.804,155.818,155.8,155.816,116,155.808,155.823
2025-12-14T23:40:00.000000000Z,155.818,155.824,155.804,155.804,141,155.795,155.813
2025-12-14T23:45:00.000000000Z,155.805,155.806,155.776,155.776,195,155.766,155.785
2025-12-14T23:50:00.000000000Z,155.776,155.842,155.773,155.837,214,155.828,155.846
2025-12-14T23:55:00.000000000Z,155.838,155.898,155.824,155.869,321,155.86,155.878
2025-12-15T00:00:00.000000000Z,155.87,155.94,155.866,155.914,782,155.905,155.924
2025-12-15T00:05:00.000000000Z,155.913,155.98,155.899,155.974,704,155.966,155.981
2025-12-15T00:10:00.000000000Z,155.973,155.98,155.945,155.966,538,155.957,155.974
2025-12-15T00:15:00.000000000Z,155.966,155.98,155.928,155.943,521,155.935,155.951
2025-12-15T00:20:00.000000000Z,155.942,155.955,155.93,155.946,289,155.937,155.955
2025-12-15T00:25:00.000000000Z,155.946,155.952,155.942,155.945,245,155.937,155.953
2025-12-15T00:30:00.000000000Z,155.944,155.952,155.938,155.948,325,155.941,155.955
2025-12-15T00:35:00.000000000Z,155.948,155.976,155.906,155.932,417,155.924,155.94
2025-12-15T00:40:00.000000000Z,155.932,155.958,155.918,155.957,361,155.949,155.965
2025-12-15T00:45:00.000000000Z,155.96,155.968,155.935,155.958,549,155.949,155.966
2025-12-15T00:50:00.000000000Z,155.957,155.986,155.907,155.98,1323,155.97,155.991
2025-12-15T00:55:00.000000000Z,155.98,155.984,155.874,155.897,809,155.891,155.903
2025-12-15T01:00:00.000000000Z,155.898,155.898,155.836,155.852,684,155.845,155.859
2025-12-15T01:05:00.000000000Z,155.852,155.862,155.834,155.854,635,155.845,155.862
2025-12-15T01:10:00.000000000Z,155.854,155.879,155.845,155.845,497,155.837,155.853
2025-12-15T01:15:00.000000000Z,155.846,155.878,155.846,155.86,645,155.852,155.868
2025-12-15T01:20:00.000000000Z,155.858,155.868,155.844,155.852,690,155.842,155.861
2025-12-15T01:25:00.000000000Z,155.851,155.864,155.798,155.805,811,155.797,155.813
2025-12-15T01:30:00.000000000Z,155.804,155.824,155.782,155.818,650,155.81,155.825
2025-12-15T01:35:00.000000000Z,155.82,155.82,155.788,155.805,496,155.796,155.814
2025-12-15T01:40:00.000000000Z,155.804,155.804,155.756,155.767,458,155.76,155.774
2025-12-15T01:45:00.000000000Z,155.766,155.772,155.709,155.716,517,155.71,155.722
2025-12-15T01:50:00.000000000Z,155.714,155.714,155.64,155.644,665,155.636,155.653
2025-12-15T01:55:00.000000000Z,155.644,155.644,155.605,155.614,761,155.605,155.622
2025-12-15T02:00:00.000000000Z,155.617,155.651,155.606,155.622,705,155.614,155.63
2025-12-15T02:05:00.000000000Z,155.622,155.634,155.59,155.603,687,155.595,155.611
2025-12-15T02:10:00.000000000Z,155.602,155.626,155.574,155.58,612,155.573,155.586
2025-12-15T02:15:00.000000000Z,155.579,155.592,155.55,155.585,658,155.577,155.593
2025-12-15T02:20:00.000000000Z,155.586,155.592,155.514,155.526,725,155.518,155.535
2025-12-15T02:25:00.000000000Z,155.527,155.528,155.502,155.527,787,155.518,155.536
2025-12-15T02:30:00.000000000Z,155.528,155.548,155.492,155.54,918,155.531,155.548
2025-12-15T02:35:00.000000000Z,155.54,155.568,155.432,155.434,1013,155.427,155.442
2025-12-15T02:40:00.000000000Z,155.435,155.458,155.386,155.407,1202,155.397,155.417
2025-12-15T02:45:00.000000000Z,155.406,155.42,155.36,155.368,962,155.36,155.375
