2026-07-07 23:28:08,397 INFO     __main__ Tick capture starting for 15 pair(s): ['EUR_USD', 'GBP_USD', 'USD_JPY', 'USD_CHF', 'AUD_USD', 'USD_CAD', 'NZD_USD', 'EUR_GBP', 'EUR_JPY', 'GBP_JPY', 'EUR_CHF', 'GBP_CHF', 'AUD_JPY', 'EUR_AUD', 'GBP_AUD']
2026-07-07 23:28:08,397 INFO     __main__ Output root: trained_data/ticks
2026-07-07 23:28:08,397 INFO     __main__ PRACTICE-ONLY, read-only pricing stream confirmed (base_url=https://stream-fxpractice.oanda.com/v3)
2026-07-07 23:28:08,397 INFO     src.data.tick_capture TickCaptureDaemon starting for ['EUR_USD', 'GBP_USD', 'USD_JPY', 'USD_CHF', 'AUD_USD', 'USD_CAD', 'NZD_USD', 'EUR_GBP', 'EUR_JPY', 'GBP_JPY', 'EUR_CHF', 'GBP_CHF', 'AUD_JPY', 'EUR_AUD', 'GBP_AUD']
2026-07-07 23:28:08,397 INFO     src.utils.oanda_streaming Connecting stream: https://stream-fxpractice.oanda.com/v3/accounts/101-001-37949116-001/pricing/stream for 15 instruments
2026-07-07 23:28:14,905 INFO     src.data.tick_capture Flushed 166 ticks to trained_data/ticks
2026-07-07 23:28:38,758 INFO     src.data.tick_capture Flushed 218 ticks to trained_data/ticks
2026-07-07 23:28:44,996 INFO     src.data.tick_capture Flushed 209 ticks to trained_data/ticks
2026-07-07 23:29:08,857 INFO     src.data.tick_capture Flushed 230 ticks to trained_data/ticks
2026-07-07 23:29:15,097 INFO     src.data.tick_capture Flushed 283 ticks to trained_data/ticks
2026-07-07 23:29:38,949 INFO     src.data.tick_capture Flushed 257 ticks to trained_data/ticks
2026-07-07 23:29:45,160 INFO     src.data.tick_capture Flushed 188 ticks to trained_data/ticks
2026-07-07 23:30:09,039 INFO     src.data.tick_capture Flushed 267 ticks to trained_data/ticks
2026-07-07 23:30:15,223 INFO     src.data.tick_capture Flushed 334 ticks to trained_data/ticks
2026-07-07 23:30:39,137 INFO     src.data.tick_capture Flushed 322 ticks to trained_data/ticks
2026-07-07 23:30:45,318 INFO     src.data.tick_capture Flushed 296 ticks to trained_data/ticks
2026-07-07 23:31:09,233 INFO     src.data.tick_capture Flushed 197 ticks to trained_data/ticks
2026-07-07 23:31:15,421 INFO     src.data.tick_capture Flushed 222 ticks to trained_data/ticks
2026-07-07 23:31:39,326 INFO     src.data.tick_capture Flushed 245 ticks to trained_data/ticks
2026-07-07 23:31:45,515 INFO     src.data.tick_capture Flushed 233 ticks to trained_data/ticks
2026-07-07 23:32:09,417 INFO     src.data.tick_capture Flushed 247 ticks to trained_data/ticks
2026-07-07 23:32:15,631 INFO     src.data.tick_capture Flushed 244 ticks to trained_data/ticks
2026-07-07 23:32:39,514 INFO     src.data.tick_capture Flushed 293 ticks to trained_data/ticks
2026-07-07 23:32:45,725 INFO     src.data.tick_capture Flushed 330 ticks to trained_data/ticks
2026-07-07 23:33:09,607 INFO     src.data.tick_capture Flushed 290 ticks to trained_data/ticks
2026-07-07 23:33:15,830 INFO     src.data.tick_capture Flushed 315 ticks to trained_data/ticks
2026-07-07 23:33:39,701 INFO     src.data.tick_capture Flushed 303 ticks to trained_data/ticks
2026-07-07 23:33:45,926 INFO     src.data.tick_capture Flushed 287 ticks to trained_data/ticks
2026-07-07 23:34:09,804 INFO     src.data.tick_capture Flushed 297 ticks to trained_data/ticks
2026-07-07 23:34:16,033 INFO     src.data.tick_capture Flushed 297 ticks to trained_data/ticks
2026-07-07 23:34:39,897 INFO     src.data.tick_capture Flushed 328 ticks to trained_data/ticks
2026-07-07 23:34:46,139 INFO     src.data.tick_capture Flushed 354 ticks to trained_data/ticks
2026-07-07 23:35:09,989 INFO     src.data.tick_capture Flushed 270 ticks to trained_data/ticks
2026-07-07 23:35:16,251 INFO     src.data.tick_capture Flushed 261 ticks to trained_data/ticks
2026-07-07 23:35:40,100 INFO     src.data.tick_capture Flushed 304 ticks to trained_data/ticks
2026-07-07 23:35:46,363 INFO     src.data.tick_capture Flushed 335 ticks to trained_data/ticks
2026-07-07 23:36:10,218 INFO     src.data.tick_capture Flushed 281 ticks to trained_data/ticks
2026-07-07 23:36:16,455 INFO     src.data.tick_capture Flushed 230 ticks to trained_data/ticks
2026-07-07 23:36:40,316 INFO     src.data.tick_capture Flushed 297 ticks to trained_data/ticks
2026-07-07 23:36:46,561 INFO     src.data.tick_capture Flushed 315 ticks to trained_data/ticks
2026-07-07 23:37:10,414 INFO     src.data.tick_capture Flushed 280 ticks to trained_data/ticks
2026-07-07 23:37:16,667 INFO     src.data.tick_capture Flushed 284 ticks to trained_data/ticks
2026-07-07 23:37:40,520 INFO     src.data.tick_capture Flushed 235 ticks to trained_data/ticks
2026-07-07 23:37:46,768 INFO     src.data.tick_capture Flushed 236 ticks to trained_data/ticks
2026-07-07 23:38:10,612 INFO     src.data.tick_capture Flushed 261 ticks to trained_data/ticks
2026-07-07 23:38:16,871 INFO     src.data.tick_capture Flushed 296 ticks to trained_data/ticks
2026-07-07 23:38:40,726 INFO     src.data.tick_capture Flushed 274 ticks to trained_data/ticks
2026-07-07 23:38:46,968 INFO     src.data.tick_capture Flushed 262 ticks to trained_data/ticks
2026-07-07 23:39:10,826 INFO     src.data.tick_capture Flushed 246 ticks to trained_data/ticks
2026-07-07 23:39:17,071 INFO     src.data.tick_capture Flushed 214 ticks to trained_data/ticks
2026-07-07 23:39:40,934 INFO     src.data.tick_capture Flushed 169 ticks to trained_data/ticks
2026-07-07 23:39:47,190 INFO     src.data.tick_capture Flushed 210 ticks to trained_data/ticks
2026-07-07 23:40:11,039 INFO     src.data.tick_capture Flushed 259 ticks to trained_data/ticks
2026-07-07 23:40:17,307 INFO     src.data.tick_capture Flushed 256 ticks to trained_data/ticks
2026-07-07 23:40:41,140 INFO     src.data.tick_capture Flushed 190 ticks to trained_data/ticks
2026-07-07 23:40:47,404 INFO     src.data.tick_capture Flushed 225 ticks to trained_data/ticks
2026-07-07 23:41:11,233 INFO     src.data.tick_capture Flushed 260 ticks to trained_data/ticks
2026-07-07 23:41:17,494 INFO     src.data.tick_capture Flushed 235 ticks to trained_data/ticks
2026-07-07 23:41:41,340 INFO     src.data.tick_capture Flushed 270 ticks to trained_data/ticks
2026-07-07 23:41:47,592 INFO     src.data.tick_capture Flushed 244 ticks to trained_data/ticks
2026-07-07 23:42:11,445 INFO     src.data.tick_capture Flushed 226 ticks to trained_data/ticks
2026-07-07 23:42:17,699 INFO     src.data.tick_capture Flushed 266 ticks to trained_data/ticks
2026-07-07 23:42:41,567 INFO     src.data.tick_capture Flushed 274 ticks to trained_data/ticks
2026-07-07 23:42:47,785 INFO     src.data.tick_capture Flushed 288 ticks to trained_data/ticks
2026-07-07 23:43:11,660 INFO     src.data.tick_capture Flushed 305 ticks to trained_data/ticks
2026-07-07 23:43:17,883 INFO     src.data.tick_capture Flushed 326 ticks to trained_data/ticks
2026-07-07 23:43:41,759 INFO     src.data.tick_capture Flushed 347 ticks to trained_data/ticks
2026-07-07 23:43:47,985 INFO     src.data.tick_capture Flushed 312 ticks to trained_data/ticks
2026-07-07 23:44:11,860 INFO     src.data.tick_capture Flushed 236 ticks to trained_data/ticks
2026-07-07 23:44:18,085 INFO     src.data.tick_capture Flushed 241 ticks to trained_data/ticks
2026-07-07 23:44:41,952 INFO     src.data.tick_capture Flushed 277 ticks to trained_data/ticks
2026-07-07 23:44:48,175 INFO     src.data.tick_capture Flushed 333 ticks to trained_data/ticks
2026-07-07 23:45:12,055 INFO     src.data.tick_capture Flushed 332 ticks to trained_data/ticks
2026-07-07 23:45:18,280 INFO     src.data.tick_capture Flushed 268 ticks to trained_data/ticks
2026-07-07 23:45:42,163 INFO     src.data.tick_capture Flushed 257 ticks to trained_data/ticks
2026-07-07 23:45:48,387 INFO     src.data.tick_capture Flushed 299 ticks to trained_data/ticks
2026-07-07 23:46:12,337 INFO     src.data.tick_capture Flushed 312 ticks to trained_data/ticks
2026-07-07 23:46:18,519 INFO     src.data.tick_capture Flushed 320 ticks to trained_data/ticks
2026-07-07 23:46:42,440 INFO     src.data.tick_capture Flushed 264 ticks to trained_data/ticks
2026-07-07 23:46:48,626 INFO     src.data.tick_capture Flushed 233 ticks to trained_data/ticks
2026-07-07 23:47:12,546 INFO     src.data.tick_capture Flushed 329 ticks to trained_data/ticks
2026-07-07 23:47:18,727 INFO     src.data.tick_capture Flushed 378 ticks to trained_data/ticks
2026-07-07 23:47:42,643 INFO     src.data.tick_capture Flushed 313 ticks to trained_data/ticks
2026-07-07 23:47:48,861 INFO     src.data.tick_capture Flushed 269 ticks to trained_data/ticks
2026-07-07 23:48:12,748 INFO     src.data.tick_capture Flushed 214 ticks to trained_data/ticks
2026-07-07 23:48:18,962 INFO     src.data.tick_capture Flushed 223 ticks to trained_data/ticks
2026-07-07 23:48:42,846 INFO     src.data.tick_capture Flushed 275 ticks to trained_data/ticks
2026-07-07 23:48:49,067 INFO     src.data.tick_capture Flushed 289 ticks to trained_data/ticks
2026-07-07 23:49:12,940 INFO     src.data.tick_capture Flushed 172 ticks to trained_data/ticks
2026-07-07 23:49:19,147 INFO     src.data.tick_capture Flushed 167 ticks to trained_data/ticks
2026-07-07 23:49:43,054 INFO     src.data.tick_capture Flushed 260 ticks to trained_data/ticks
2026-07-07 23:49:49,227 INFO     src.data.tick_capture Flushed 269 ticks to trained_data/ticks
2026-07-07 23:50:13,158 INFO     src.data.tick_capture Flushed 303 ticks to trained_data/ticks
2026-07-07 23:50:19,332 INFO     src.data.tick_capture Flushed 302 ticks to trained_data/ticks
2026-07-07 23:50:43,266 INFO     src.data.tick_capture Flushed 272 ticks to trained_data/ticks
2026-07-07 23:50:49,440 INFO     src.data.tick_capture Flushed 271 ticks to trained_data/ticks
2026-07-07 23:51:13,361 INFO     src.data.tick_capture Flushed 228 ticks to trained_data/ticks
2026-07-07 23:51:19,569 INFO     src.data.tick_capture Flushed 224 ticks to trained_data/ticks
2026-07-07 23:51:43,468 INFO     src.data.tick_capture Flushed 208 ticks to trained_data/ticks
2026-07-07 23:51:49,676 INFO     src.data.tick_capture Flushed 223 ticks to trained_data/ticks
2026-07-07 23:52:13,577 INFO     src.data.tick_capture Flushed 241 ticks to trained_data/ticks
2026-07-07 23:52:19,782 INFO     src.data.tick_capture Flushed 260 ticks to trained_data/ticks
2026-07-07 23:52:43,693 INFO     src.data.tick_capture Flushed 340 ticks to trained_data/ticks
2026-07-07 23:52:49,899 INFO     src.data.tick_capture Flushed 305 ticks to trained_data/ticks
2026-07-07 23:53:13,811 INFO     src.data.tick_capture Flushed 306 ticks to trained_data/ticks
2026-07-07 23:53:20,022 INFO     src.data.tick_capture Flushed 334 ticks to trained_data/ticks
2026-07-07 23:53:43,920 INFO     src.data.tick_capture Flushed 301 ticks to trained_data/ticks
2026-07-07 23:53:50,139 INFO     src.data.tick_capture Flushed 270 ticks to trained_data/ticks
2026-07-07 23:54:14,023 INFO     src.data.tick_capture Flushed 189 ticks to trained_data/ticks
2026-07-07 23:54:20,243 INFO     src.data.tick_capture Flushed 170 ticks to trained_data/ticks
2026-07-07 23:54:44,116 INFO     src.data.tick_capture Flushed 268 ticks to trained_data/ticks
2026-07-07 23:54:50,355 INFO     src.data.tick_capture Flushed 274 ticks to trained_data/ticks
2026-07-07 23:55:14,224 INFO     src.data.tick_capture Flushed 288 ticks to trained_data/ticks
2026-07-07 23:55:20,446 INFO     src.data.tick_capture Flushed 312 ticks to trained_data/ticks
2026-07-07 23:55:44,339 INFO     src.data.tick_capture Flushed 243 ticks to trained_data/ticks
2026-07-07 23:55:50,555 INFO     src.data.tick_capture Flushed 264 ticks to trained_data/ticks
2026-07-07 23:56:14,453 INFO     src.data.tick_capture Flushed 263 ticks to trained_data/ticks
2026-07-07 23:56:20,656 INFO     src.data.tick_capture Flushed 277 ticks to trained_data/ticks
2026-07-07 23:56:44,569 INFO     src.data.tick_capture Flushed 217 ticks to trained_data/ticks
2026-07-07 23:56:50,766 INFO     src.data.tick_capture Flushed 214 ticks to trained_data/ticks
2026-07-07 23:57:14,671 INFO     src.data.tick_capture Flushed 191 ticks to trained_data/ticks
2026-07-07 23:57:20,878 INFO     src.data.tick_capture Flushed 194 ticks to trained_data/ticks
2026-07-07 23:57:36,406 INFO     __main__ Received signal 15; shutting down gracefully...
2026-07-07 23:57:36,407 INFO     src.data.tick_capture TickCaptureDaemon shutting down...
2026-07-07 23:57:36,998 INFO     src.data.tick_capture Flushed 115 ticks to trained_data/ticks
2026-07-07 23:57:44,788 INFO     src.data.tick_capture Flushed 207 ticks to trained_data/ticks
2026-07-07 23:58:14,901 INFO     src.data.tick_capture Flushed 214 ticks to trained_data/ticks
2026-07-07 23:58:45,055 INFO     src.data.tick_capture Flushed 202 ticks to trained_data/ticks
2026-07-07 23:59:15,200 INFO     src.data.tick_capture Flushed 356 ticks to trained_data/ticks
2026-07-07 23:59:45,316 INFO     src.data.tick_capture Flushed 253 ticks to trained_data/ticks
2026-07-08 00:00:15,434 INFO     src.data.tick_capture Flushed 325 ticks to trained_data/ticks
2026-07-08 00:00:45,552 INFO     src.data.tick_capture Flushed 189 ticks to trained_data/ticks
2026-07-08 00:01:15,672 INFO     src.data.tick_capture Flushed 315 ticks to trained_data/ticks
2026-07-08 00:01:45,802 INFO     src.data.tick_capture Flushed 275 ticks to trained_data/ticks
2026-07-08 00:02:16,082 INFO     src.data.tick_capture Flushed 332 ticks to trained_data/ticks
2026-07-08 00:02:46,201 INFO     src.data.tick_capture Flushed 349 ticks to trained_data/ticks
2026-07-08 00:03:16,290 INFO     src.data.tick_capture Flushed 247 ticks to trained_data/ticks
2026-07-08 00:03:46,405 INFO     src.data.tick_capture Flushed 210 ticks to trained_data/ticks
2026-07-08 00:04:16,519 INFO     src.data.tick_capture Flushed 268 ticks to trained_data/ticks
2026-07-08 00:04:46,598 INFO     src.data.tick_capture Flushed 236 ticks to trained_data/ticks
2026-07-08 00:05:16,712 INFO     src.data.tick_capture Flushed 259 ticks to trained_data/ticks
2026-07-08 00:05:46,823 INFO     src.data.tick_capture Flushed 198 ticks to trained_data/ticks
2026-07-08 00:06:16,926 INFO     src.data.tick_capture Flushed 213 ticks to trained_data/ticks
2026-07-08 00:06:47,021 INFO     src.data.tick_capture Flushed 222 ticks to trained_data/ticks
2026-07-08 00:07:17,130 INFO     src.data.tick_capture Flushed 256 ticks to trained_data/ticks
2026-07-08 00:07:47,245 INFO     src.data.tick_capture Flushed 347 ticks to trained_data/ticks
2026-07-08 00:08:17,348 INFO     src.data.tick_capture Flushed 268 ticks to trained_data/ticks
2026-07-08 00:08:47,449 INFO     src.data.tick_capture Flushed 316 ticks to trained_data/ticks
2026-07-08 00:09:17,559 INFO     src.data.tick_capture Flushed 354 ticks to trained_data/ticks
2026-07-08 00:09:47,666 INFO     src.data.tick_capture Flushed 295 ticks to trained_data/ticks
2026-07-08 00:10:17,777 INFO     src.data.tick_capture Flushed 323 ticks to trained_data/ticks
2026-07-08 00:10:47,880 INFO     src.data.tick_capture Flushed 218 ticks to trained_data/ticks
2026-07-08 00:11:17,982 INFO     src.data.tick_capture Flushed 284 ticks to trained_data/ticks
2026-07-08 00:11:48,092 INFO     src.data.tick_capture Flushed 256 ticks to trained_data/ticks
2026-07-08 00:12:18,196 INFO     src.data.tick_capture Flushed 212 ticks to trained_data/ticks
2026-07-08 00:12:48,292 INFO     src.data.tick_capture Flushed 132 ticks to trained_data/ticks
2026-07-08 00:13:18,409 INFO     src.data.tick_capture Flushed 202 ticks to trained_data/ticks
2026-07-08 00:13:48,523 INFO     src.data.tick_capture Flushed 296 ticks to trained_data/ticks
2026-07-08 00:14:18,639 INFO     src.data.tick_capture Flushed 279 ticks to trained_data/ticks
2026-07-08 00:14:48,738 INFO     src.data.tick_capture Flushed 244 ticks to trained_data/ticks
2026-07-08 00:15:18,848 INFO     src.data.tick_capture Flushed 209 ticks to trained_data/ticks
2026-07-08 00:15:48,949 INFO     src.data.tick_capture Flushed 363 ticks to trained_data/ticks
2026-07-08 00:16:19,044 INFO     src.data.tick_capture Flushed 283 ticks to trained_data/ticks
2026-07-08 00:16:49,145 INFO     src.data.tick_capture Flushed 317 ticks to trained_data/ticks
2026-07-08 00:17:19,244 INFO     src.data.tick_capture Flushed 316 ticks to trained_data/ticks
2026-07-08 00:17:49,353 INFO     src.data.tick_capture Flushed 235 ticks to trained_data/ticks
2026-07-08 00:18:19,460 INFO     src.data.tick_capture Flushed 286 ticks to trained_data/ticks
2026-07-08 00:18:49,570 INFO     src.data.tick_capture Flushed 330 ticks to trained_data/ticks
2026-07-08 00:19:19,693 INFO     src.data.tick_capture Flushed 331 ticks to trained_data/ticks
2026-07-08 00:19:49,795 INFO     src.data.tick_capture Flushed 319 ticks to trained_data/ticks
2026-07-08 00:20:19,905 INFO     src.data.tick_capture Flushed 238 ticks to trained_data/ticks
2026-07-08 00:20:50,023 INFO     src.data.tick_capture Flushed 348 ticks to trained_data/ticks
2026-07-08 00:21:20,248 INFO     src.data.tick_capture Flushed 341 ticks to trained_data/ticks
2026-07-08 00:21:50,355 INFO     src.data.tick_capture Flushed 347 ticks to trained_data/ticks
2026-07-08 00:22:20,481 INFO     src.data.tick_capture Flushed 400 ticks to trained_data/ticks
2026-07-08 00:22:50,593 INFO     src.data.tick_capture Flushed 298 ticks to trained_data/ticks
2026-07-08 00:23:20,697 INFO     src.data.tick_capture Flushed 283 ticks to trained_data/ticks
2026-07-08 00:23:50,807 INFO     src.data.tick_capture Flushed 239 ticks to trained_data/ticks
2026-07-08 00:24:20,928 INFO     src.data.tick_capture Flushed 313 ticks to trained_data/ticks
2026-07-08 00:24:51,035 INFO     src.data.tick_capture Flushed 292 ticks to trained_data/ticks
2026-07-08 00:25:21,152 INFO     src.data.tick_capture Flushed 269 ticks to trained_data/ticks
2026-07-08 00:25:51,258 INFO     src.data.tick_capture Flushed 305 ticks to trained_data/ticks
2026-07-08 00:26:21,376 INFO     src.data.tick_capture Flushed 293 ticks to trained_data/ticks
2026-07-08 00:26:51,494 INFO     src.data.tick_capture Flushed 311 ticks to trained_data/ticks
2026-07-08 00:27:21,610 INFO     src.data.tick_capture Flushed 253 ticks to trained_data/ticks
2026-07-08 00:27:51,711 INFO     src.data.tick_capture Flushed 153 ticks to trained_data/ticks
2026-07-08 00:28:21,827 INFO     src.data.tick_capture Flushed 212 ticks to trained_data/ticks
2026-07-08 00:28:51,944 INFO     src.data.tick_capture Flushed 251 ticks to trained_data/ticks
2026-07-08 00:29:22,051 INFO     src.data.tick_capture Flushed 334 ticks to trained_data/ticks
2026-07-08 00:29:52,167 INFO     src.data.tick_capture Flushed 243 ticks to trained_data/ticks
2026-07-08 00:30:22,294 INFO     src.data.tick_capture Flushed 376 ticks to trained_data/ticks
2026-07-08 00:30:52,418 INFO     src.data.tick_capture Flushed 305 ticks to trained_data/ticks
2026-07-08 00:31:22,544 INFO     src.data.tick_capture Flushed 252 ticks to trained_data/ticks
2026-07-08 00:31:52,670 INFO     src.data.tick_capture Flushed 259 ticks to trained_data/ticks
2026-07-08 00:32:22,793 INFO     src.data.tick_capture Flushed 300 ticks to trained_data/ticks
2026-07-08 00:32:52,922 INFO     src.data.tick_capture Flushed 268 ticks to trained_data/ticks
2026-07-08 00:33:23,038 INFO     src.data.tick_capture Flushed 297 ticks to trained_data/ticks
2026-07-08 00:33:53,143 INFO     src.data.tick_capture Flushed 144 ticks to trained_data/ticks
2026-07-08 00:34:23,259 INFO     src.data.tick_capture Flushed 190 ticks to trained_data/ticks
2026-07-08 00:34:53,373 INFO     src.data.tick_capture Flushed 266 ticks to trained_data/ticks
2026-07-08 00:35:23,486 INFO     src.data.tick_capture Flushed 268 ticks to trained_data/ticks
2026-07-08 00:35:53,607 INFO     src.data.tick_capture Flushed 273 ticks to trained_data/ticks
2026-07-08 00:36:23,723 INFO     src.data.tick_capture Flushed 252 ticks to trained_data/ticks
2026-07-08 00:36:53,842 INFO     src.data.tick_capture Flushed 243 ticks to trained_data/ticks
2026-07-08 00:37:23,952 INFO     src.data.tick_capture Flushed 167 ticks to trained_data/ticks
2026-07-08 00:37:54,068 INFO     src.data.tick_capture Flushed 327 ticks to trained_data/ticks
2026-07-08 00:38:24,186 INFO     src.data.tick_capture Flushed 367 ticks to trained_data/ticks
2026-07-08 00:38:54,300 INFO     src.data.tick_capture Flushed 314 ticks to trained_data/ticks
2026-07-08 00:39:24,414 INFO     src.data.tick_capture Flushed 433 ticks to trained_data/ticks
2026-07-08 00:39:54,530 INFO     src.data.tick_capture Flushed 281 ticks to trained_data/ticks
2026-07-08 00:40:24,655 INFO     src.data.tick_capture Flushed 363 ticks to trained_data/ticks
2026-07-08 00:40:54,779 INFO     src.data.tick_capture Flushed 325 ticks to trained_data/ticks
2026-07-08 00:41:24,906 INFO     src.data.tick_capture Flushed 358 ticks to trained_data/ticks
2026-07-08 00:41:55,029 INFO     src.data.tick_capture Flushed 221 ticks to trained_data/ticks
2026-07-08 00:42:25,156 INFO     src.data.tick_capture Flushed 332 ticks to trained_data/ticks
2026-07-08 00:42:55,283 INFO     src.data.tick_capture Flushed 340 ticks to trained_data/ticks
2026-07-08 00:43:25,407 INFO     src.data.tick_capture Flushed 297 ticks to trained_data/ticks
2026-07-08 00:43:55,533 INFO     src.data.tick_capture Flushed 148 ticks to trained_data/ticks
2026-07-08 00:44:25,660 INFO     src.data.tick_capture Flushed 332 ticks to trained_data/ticks
2026-07-08 00:44:55,792 INFO     src.data.tick_capture Flushed 371 ticks to trained_data/ticks
2026-07-08 00:45:25,916 INFO     src.data.tick_capture Flushed 291 ticks to trained_data/ticks
2026-07-08 00:45:56,041 INFO     src.data.tick_capture Flushed 214 ticks to trained_data/ticks
2026-07-08 00:46:26,169 INFO     src.data.tick_capture Flushed 239 ticks to trained_data/ticks
2026-07-08 00:46:56,296 INFO     src.data.tick_capture Flushed 322 ticks to trained_data/ticks
2026-07-08 00:47:26,427 INFO     src.data.tick_capture Flushed 316 ticks to trained_data/ticks
2026-07-08 00:47:56,553 INFO     src.data.tick_capture Flushed 328 ticks to trained_data/ticks
2026-07-08 00:48:26,683 INFO     src.data.tick_capture Flushed 206 ticks to trained_data/ticks
2026-07-08 00:48:56,807 INFO     src.data.tick_capture Flushed 271 ticks to trained_data/ticks
2026-07-08 00:49:26,933 INFO     src.data.tick_capture Flushed 292 ticks to trained_data/ticks
2026-07-08 00:49:57,060 INFO     src.data.tick_capture Flushed 321 ticks to trained_data/ticks
2026-07-08 00:50:27,181 INFO     src.data.tick_capture Flushed 349 ticks to trained_data/ticks
2026-07-08 00:50:57,312 INFO     src.data.tick_capture Flushed 301 ticks to trained_data/ticks
2026-07-08 00:51:27,440 INFO     src.data.tick_capture Flushed 256 ticks to trained_data/ticks
2026-07-08 00:51:57,564 INFO     src.data.tick_capture Flushed 343 ticks to trained_data/ticks
2026-07-08 00:52:27,695 INFO     src.data.tick_capture Flushed 308 ticks to trained_data/ticks
2026-07-08 00:52:57,818 INFO     src.data.tick_capture Flushed 243 ticks to trained_data/ticks
2026-07-08 00:53:27,945 INFO     src.data.tick_capture Flushed 208 ticks to trained_data/ticks
2026-07-08 00:53:58,072 INFO     src.data.tick_capture Flushed 189 ticks to trained_data/ticks
2026-07-08 00:54:28,213 INFO     src.data.tick_capture Flushed 275 ticks to trained_data/ticks
2026-07-08 00:54:58,343 INFO     src.data.tick_capture Flushed 315 ticks to trained_data/ticks
2026-07-08 00:55:28,480 INFO     src.data.tick_capture Flushed 320 ticks to trained_data/ticks
2026-07-08 00:55:58,610 INFO     src.data.tick_capture Flushed 289 ticks to trained_data/ticks
2026-07-08 00:56:28,747 INFO     src.data.tick_capture Flushed 280 ticks to trained_data/ticks
2026-07-08 00:56:58,881 INFO     src.data.tick_capture Flushed 304 ticks to trained_data/ticks
2026-07-08 00:57:29,021 INFO     src.data.tick_capture Flushed 374 ticks to trained_data/ticks
2026-07-08 00:57:59,155 INFO     src.data.tick_capture Flushed 295 ticks to trained_data/ticks
2026-07-08 00:58:29,308 INFO     src.data.tick_capture Flushed 323 ticks to trained_data/ticks
2026-07-08 00:58:59,441 INFO     src.data.tick_capture Flushed 253 ticks to trained_data/ticks
2026-07-08 00:59:29,577 INFO     src.data.tick_capture Flushed 401 ticks to trained_data/ticks
2026-07-08 00:59:59,709 INFO     src.data.tick_capture Flushed 231 ticks to trained_data/ticks
2026-07-08 01:00:29,847 INFO     src.data.tick_capture Flushed 553 ticks to trained_data/ticks
2026-07-08 01:00:59,976 INFO     src.data.tick_capture Flushed 433 ticks to trained_data/ticks
2026-07-08 01:01:30,116 INFO     src.data.tick_capture Flushed 524 ticks to trained_data/ticks
2026-07-08 01:02:00,200 INFO     src.data.tick_capture Flushed 332 ticks to trained_data/ticks
2026-07-08 01:02:30,336 INFO     src.data.tick_capture Flushed 348 ticks to trained_data/ticks
2026-07-08 01:03:00,470 INFO     src.data.tick_capture Flushed 405 ticks to trained_data/ticks
2026-07-08 01:03:30,607 INFO     src.data.tick_capture Flushed 414 ticks to trained_data/ticks
2026-07-08 01:04:00,745 INFO     src.data.tick_capture Flushed 447 ticks to trained_data/ticks
2026-07-08 01:04:30,879 INFO     src.data.tick_capture Flushed 465 ticks to trained_data/ticks
2026-07-08 01:05:01,011 INFO     src.data.tick_capture Flushed 380 ticks to trained_data/ticks
2026-07-08 01:05:31,142 INFO     src.data.tick_capture Flushed 464 ticks to trained_data/ticks
2026-07-08 01:06:01,276 INFO     src.data.tick_capture Flushed 344 ticks to trained_data/ticks
2026-07-08 01:06:31,415 INFO     src.data.tick_capture Flushed 547 ticks to trained_data/ticks
2026-07-08 01:07:01,551 INFO     src.data.tick_capture Flushed 377 ticks to trained_data/ticks
2026-07-08 01:07:31,689 INFO     src.data.tick_capture Flushed 398 ticks to trained_data/ticks
2026-07-08 01:08:01,822 INFO     src.data.tick_capture Flushed 337 ticks to trained_data/ticks
2026-07-08 01:08:31,958 INFO     src.data.tick_capture Flushed 384 ticks to trained_data/ticks
2026-07-08 01:09:02,094 INFO     src.data.tick_capture Flushed 317 ticks to trained_data/ticks
2026-07-08 01:09:32,235 INFO     src.data.tick_capture Flushed 336 ticks to trained_data/ticks
2026-07-08 01:10:02,374 INFO     src.data.tick_capture Flushed 379 ticks to trained_data/ticks
2026-07-08 01:10:32,513 INFO     src.data.tick_capture Flushed 296 ticks to trained_data/ticks
2026-07-08 01:11:02,653 INFO     src.data.tick_capture Flushed 340 ticks to trained_data/ticks
2026-07-08 01:11:32,789 INFO     src.data.tick_capture Flushed 548 ticks to trained_data/ticks
2026-07-08 01:12:02,927 INFO     src.data.tick_capture Flushed 322 ticks to trained_data/ticks
2026-07-08 01:12:33,068 INFO     src.data.tick_capture Flushed 411 ticks to trained_data/ticks
2026-07-08 01:13:03,207 INFO     src.data.tick_capture Flushed 356 ticks to trained_data/ticks
2026-07-08 01:13:33,347 INFO     src.data.tick_capture Flushed 398 ticks to trained_data/ticks
2026-07-08 01:14:03,485 INFO     src.data.tick_capture Flushed 414 ticks to trained_data/ticks
2026-07-08 01:14:33,629 INFO     src.data.tick_capture Flushed 484 ticks to trained_data/ticks
2026-07-08 01:15:03,778 INFO     src.data.tick_capture Flushed 526 ticks to trained_data/ticks
2026-07-08 01:15:33,936 INFO     src.data.tick_capture Flushed 370 ticks to trained_data/ticks
2026-07-08 01:16:04,079 INFO     src.data.tick_capture Flushed 436 ticks to trained_data/ticks
2026-07-08 01:16:34,224 INFO     src.data.tick_capture Flushed 397 ticks to trained_data/ticks
2026-07-08 01:17:04,362 INFO     src.data.tick_capture Flushed 326 ticks to trained_data/ticks
2026-07-08 01:17:34,520 INFO     src.data.tick_capture Flushed 338 ticks to trained_data/ticks
2026-07-08 01:18:04,658 INFO     src.data.tick_capture Flushed 316 ticks to trained_data/ticks
2026-07-08 01:18:34,802 INFO     src.data.tick_capture Flushed 291 ticks to trained_data/ticks
2026-07-08 01:19:04,943 INFO     src.data.tick_capture Flushed 316 ticks to trained_data/ticks
2026-07-08 01:19:35,086 INFO     src.data.tick_capture Flushed 321 ticks to trained_data/ticks
2026-07-08 01:20:05,199 INFO     src.data.tick_capture Flushed 376 ticks to trained_data/ticks
2026-07-08 01:20:35,341 INFO     src.data.tick_capture Flushed 320 ticks to trained_data/ticks
2026-07-08 01:21:05,472 INFO     src.data.tick_capture Flushed 242 ticks to trained_data/ticks
2026-07-08 01:21:35,609 INFO     src.data.tick_capture Flushed 490 ticks to trained_data/ticks
2026-07-08 01:22:05,742 INFO     src.data.tick_capture Flushed 374 ticks to trained_data/ticks
2026-07-08 01:22:35,886 INFO     src.data.tick_capture Flushed 339 ticks to trained_data/ticks
2026-07-08 01:23:06,019 INFO     src.data.tick_capture Flushed 290 ticks to trained_data/ticks
2026-07-08 01:23:36,160 INFO     src.data.tick_capture Flushed 305 ticks to trained_data/ticks
2026-07-08 01:24:06,295 INFO     src.data.tick_capture Flushed 353 ticks to trained_data/ticks
2026-07-08 01:24:36,435 INFO     src.data.tick_capture Flushed 432 ticks to trained_data/ticks
2026-07-08 01:25:06,575 INFO     src.data.tick_capture Flushed 333 ticks to trained_data/ticks
2026-07-08 01:25:36,716 INFO     src.data.tick_capture Flushed 338 ticks to trained_data/ticks
2026-07-08 01:26:06,856 INFO     src.data.tick_capture Flushed 347 ticks to trained_data/ticks
2026-07-08 01:26:37,001 INFO     src.data.tick_capture Flushed 407 ticks to trained_data/ticks
2026-07-08 01:27:07,135 INFO     src.data.tick_capture Flushed 195 ticks to trained_data/ticks
2026-07-08 01:27:37,272 INFO     src.data.tick_capture Flushed 230 ticks to trained_data/ticks
2026-07-08 01:28:07,412 INFO     src.data.tick_capture Flushed 263 ticks to trained_data/ticks
2026-07-08 01:28:37,436 INFO     src.data.tick_capture Flushed 175 ticks to trained_data/ticks
2026-07-08 01:29:07,581 INFO     src.data.tick_capture Flushed 175 ticks to trained_data/ticks
2026-07-08 01:29:37,725 INFO     src.data.tick_capture Flushed 214 ticks to trained_data/ticks
2026-07-08 01:30:07,874 INFO     src.data.tick_capture Flushed 302 ticks to trained_data/ticks
2026-07-08 01:30:38,018 INFO     src.data.tick_capture Flushed 487 ticks to trained_data/ticks
2026-07-08 01:31:08,156 INFO     src.data.tick_capture Flushed 386 ticks to trained_data/ticks
2026-07-08 01:31:38,299 INFO     src.data.tick_capture Flushed 353 ticks to trained_data/ticks
2026-07-08 01:32:08,448 INFO     src.data.tick_capture Flushed 318 ticks to trained_data/ticks
2026-07-08 01:32:38,587 INFO     src.data.tick_capture Flushed 296 ticks to trained_data/ticks
2026-07-08 01:33:08,734 INFO     src.data.tick_capture Flushed 364 ticks to trained_data/ticks
2026-07-08 01:33:38,881 INFO     src.data.tick_capture Flushed 285 ticks to trained_data/ticks
2026-07-08 01:34:09,027 INFO     src.data.tick_capture Flushed 320 ticks to trained_data/ticks
2026-07-08 01:34:39,176 INFO     src.data.tick_capture Flushed 352 ticks to trained_data/ticks
2026-07-08 01:35:09,326 INFO     src.data.tick_capture Flushed 411 ticks to trained_data/ticks
2026-07-08 01:35:39,474 INFO     src.data.tick_capture Flushed 281 ticks to trained_data/ticks
2026-07-08 01:36:09,628 INFO     src.data.tick_capture Flushed 379 ticks to trained_data/ticks
2026-07-08 01:36:39,776 INFO     src.data.tick_capture Flushed 296 ticks to trained_data/ticks
2026-07-08 01:37:09,934 INFO     src.data.tick_capture Flushed 357 ticks to trained_data/ticks
2026-07-08 01:37:40,088 INFO     src.data.tick_capture Flushed 344 ticks to trained_data/ticks
2026-07-08 01:38:10,238 INFO     src.data.tick_capture Flushed 313 ticks to trained_data/ticks
2026-07-08 01:38:40,384 INFO     src.data.tick_capture Flushed 377 ticks to trained_data/ticks
2026-07-08 01:39:10,529 INFO     src.data.tick_capture Flushed 460 ticks to trained_data/ticks
2026-07-08 01:39:40,672 INFO     src.data.tick_capture Flushed 298 ticks to trained_data/ticks
2026-07-08 01:40:10,822 INFO     src.data.tick_capture Flushed 304 ticks to trained_data/ticks
2026-07-08 01:40:40,972 INFO     src.data.tick_capture Flushed 276 ticks to trained_data/ticks
2026-07-08 01:41:11,119 INFO     src.data.tick_capture Flushed 388 ticks to trained_data/ticks
2026-07-08 01:41:41,270 INFO     src.data.tick_capture Flushed 393 ticks to trained_data/ticks
2026-07-08 01:42:11,421 INFO     src.data.tick_capture Flushed 385 ticks to trained_data/ticks
2026-07-08 01:42:41,567 INFO     src.data.tick_capture Flushed 614 ticks to trained_data/ticks
2026-07-08 01:43:11,719 INFO     src.data.tick_capture Flushed 552 ticks to trained_data/ticks
2026-07-08 01:43:41,870 INFO     src.data.tick_capture Flushed 503 ticks to trained_data/ticks
2026-07-08 01:44:12,019 INFO     src.data.tick_capture Flushed 398 ticks to trained_data/ticks
2026-07-08 01:44:42,296 INFO     src.data.tick_capture Flushed 480 ticks to trained_data/ticks
2026-07-08 01:45:12,448 INFO     src.data.tick_capture Flushed 316 ticks to trained_data/ticks
2026-07-08 01:45:42,597 INFO     src.data.tick_capture Flushed 339 ticks to trained_data/ticks
2026-07-08 01:46:12,752 INFO     src.data.tick_capture Flushed 414 ticks to trained_data/ticks
2026-07-08 01:46:42,944 INFO     src.data.tick_capture Flushed 407 ticks to trained_data/ticks
2026-07-08 01:47:13,100 INFO     src.data.tick_capture Flushed 274 ticks to trained_data/ticks
2026-07-08 01:47:43,260 INFO     src.data.tick_capture Flushed 357 ticks to trained_data/ticks
2026-07-08 01:48:13,416 INFO     src.data.tick_capture Flushed 343 ticks to trained_data/ticks
2026-07-08 01:48:43,569 INFO     src.data.tick_capture Flushed 340 ticks to trained_data/ticks
2026-07-08 01:49:13,741 INFO     src.data.tick_capture Flushed 423 ticks to trained_data/ticks
2026-07-08 01:49:43,899 INFO     src.data.tick_capture Flushed 375 ticks to trained_data/ticks
2026-07-08 01:50:14,061 INFO     src.data.tick_capture Flushed 420 ticks to trained_data/ticks
2026-07-08 01:50:44,217 INFO     src.data.tick_capture Flushed 394 ticks to trained_data/ticks
2026-07-08 01:51:14,381 INFO     src.data.tick_capture Flushed 350 ticks to trained_data/ticks
2026-07-08 01:51:44,551 INFO     src.data.tick_capture Flushed 375 ticks to trained_data/ticks
2026-07-08 01:52:14,714 INFO     src.data.tick_capture Flushed 389 ticks to trained_data/ticks
2026-07-08 01:52:44,863 INFO     src.data.tick_capture Flushed 359 ticks to trained_data/ticks
2026-07-08 01:53:15,018 INFO     src.data.tick_capture Flushed 390 ticks to trained_data/ticks
2026-07-08 01:53:45,184 INFO     src.data.tick_capture Flushed 393 ticks to trained_data/ticks
2026-07-08 01:54:15,337 INFO     src.data.tick_capture Flushed 382 ticks to trained_data/ticks
2026-07-08 01:54:45,487 INFO     src.data.tick_capture Flushed 379 ticks to trained_data/ticks
2026-07-08 01:55:15,647 INFO     src.data.tick_capture Flushed 391 ticks to trained_data/ticks
2026-07-08 01:55:45,764 INFO     src.data.tick_capture Flushed 369 ticks to trained_data/ticks
2026-07-08 01:56:15,921 INFO     src.data.tick_capture Flushed 400 ticks to trained_data/ticks
2026-07-08 01:56:46,068 INFO     src.data.tick_capture Flushed 371 ticks to trained_data/ticks
2026-07-08 01:57:16,237 INFO     src.data.tick_capture Flushed 486 ticks to trained_data/ticks
2026-07-08 01:57:46,379 INFO     src.data.tick_capture Flushed 424 ticks to trained_data/ticks
2026-07-08 01:58:16,547 INFO     src.data.tick_capture Flushed 358 ticks to trained_data/ticks
2026-07-08 01:58:46,705 INFO     src.data.tick_capture Flushed 348 ticks to trained_data/ticks
2026-07-08 01:59:16,873 INFO     src.data.tick_capture Flushed 375 ticks to trained_data/ticks
2026-07-08 01:59:47,050 INFO     src.data.tick_capture Flushed 364 ticks to trained_data/ticks
2026-07-08 02:00:17,208 INFO     src.data.tick_capture Flushed 638 ticks to trained_data/ticks
2026-07-08 02:00:47,393 INFO     src.data.tick_capture Flushed 726 ticks to trained_data/ticks
2026-07-08 02:01:17,535 INFO     src.data.tick_capture Flushed 631 ticks to trained_data/ticks
2026-07-08 02:01:47,680 INFO     src.data.tick_capture Flushed 608 ticks to trained_data/ticks
2026-07-08 02:02:17,848 INFO     src.data.tick_capture Flushed 521 ticks to trained_data/ticks
2026-07-08 02:02:47,998 INFO     src.data.tick_capture Flushed 453 ticks to trained_data/ticks
2026-07-08 02:03:18,153 INFO     src.data.tick_capture Flushed 449 ticks to trained_data/ticks
2026-07-08 02:03:48,306 INFO     src.data.tick_capture Flushed 386 ticks to trained_data/ticks
2026-07-08 02:04:18,462 INFO     src.data.tick_capture Flushed 465 ticks to trained_data/ticks
2026-07-08 02:04:48,625 INFO     src.data.tick_capture Flushed 432 ticks to trained_data/ticks
2026-07-08 02:05:18,769 INFO     src.data.tick_capture Flushed 577 ticks to trained_data/ticks
2026-07-08 02:05:48,926 INFO     src.data.tick_capture Flushed 488 ticks to trained_data/ticks
2026-07-08 02:06:19,083 INFO     src.data.tick_capture Flushed 396 ticks to trained_data/ticks
2026-07-08 02:06:49,241 INFO     src.data.tick_capture Flushed 533 ticks to trained_data/ticks
2026-07-08 02:07:19,430 INFO     src.data.tick_capture Flushed 419 ticks to trained_data/ticks
2026-07-08 02:07:49,610 INFO     src.data.tick_capture Flushed 417 ticks to trained_data/ticks
2026-07-08 02:08:19,765 INFO     src.data.tick_capture Flushed 373 ticks to trained_data/ticks
2026-07-08 02:08:49,924 INFO     src.data.tick_capture Flushed 461 ticks to trained_data/ticks
2026-07-08 02:09:20,126 INFO     src.data.tick_capture Flushed 302 ticks to trained_data/ticks
2026-07-08 02:09:50,290 INFO     src.data.tick_capture Flushed 382 ticks to trained_data/ticks
2026-07-08 02:10:20,474 INFO     src.data.tick_capture Flushed 312 ticks to trained_data/ticks
2026-07-08 02:10:50,658 INFO     src.data.tick_capture Flushed 434 ticks to trained_data/ticks
2026-07-08 02:11:20,843 INFO     src.data.tick_capture Flushed 359 ticks to trained_data/ticks
2026-07-08 02:11:51,009 INFO     src.data.tick_capture Flushed 400 ticks to trained_data/ticks
2026-07-08 02:12:21,174 INFO     src.data.tick_capture Flushed 367 ticks to trained_data/ticks
2026-07-08 02:12:51,331 INFO     src.data.tick_capture Flushed 293 ticks to trained_data/ticks
2026-07-08 02:13:21,484 INFO     src.data.tick_capture Flushed 326 ticks to trained_data/ticks
2026-07-08 02:13:51,638 INFO     src.data.tick_capture Flushed 324 ticks to trained_data/ticks
2026-07-08 02:14:21,841 INFO     src.data.tick_capture Flushed 331 ticks to trained_data/ticks
2026-07-08 02:14:52,024 INFO     src.data.tick_capture Flushed 321 ticks to trained_data/ticks
2026-07-08 02:15:22,171 INFO     src.data.tick_capture Flushed 430 ticks to trained_data/ticks
2026-07-08 02:15:52,329 INFO     src.data.tick_capture Flushed 466 ticks to trained_data/ticks
2026-07-08 02:16:22,489 INFO     src.data.tick_capture Flushed 416 ticks to trained_data/ticks
2026-07-08 02:16:52,650 INFO     src.data.tick_capture Flushed 499 ticks to trained_data/ticks
2026-07-08 02:17:22,804 INFO     src.data.tick_capture Flushed 377 ticks to trained_data/ticks
2026-07-08 02:17:52,961 INFO     src.data.tick_capture Flushed 504 ticks to trained_data/ticks
2026-07-08 02:18:23,107 INFO     src.data.tick_capture Flushed 507 ticks to trained_data/ticks
2026-07-08 02:18:53,322 INFO     src.data.tick_capture Flushed 523 ticks to trained_data/ticks
2026-07-08 02:19:23,472 INFO     src.data.tick_capture Flushed 524 ticks to trained_data/ticks
2026-07-08 02:19:53,637 INFO     src.data.tick_capture Flushed 433 ticks to trained_data/ticks
2026-07-08 02:20:23,800 INFO     src.data.tick_capture Flushed 474 ticks to trained_data/ticks
2026-07-08 02:20:53,959 INFO     src.data.tick_capture Flushed 453 ticks to trained_data/ticks
2026-07-08 02:21:24,120 INFO     src.data.tick_capture Flushed 365 ticks to trained_data/ticks
2026-07-08 02:21:54,278 INFO     src.data.tick_capture Flushed 372 ticks to trained_data/ticks
2026-07-08 02:22:24,441 INFO     src.data.tick_capture Flushed 409 ticks to trained_data/ticks
2026-07-08 02:22:54,508 INFO     src.data.tick_capture Flushed 372 ticks to trained_data/ticks
2026-07-08 02:23:24,668 INFO     src.data.tick_capture Flushed 561 ticks to trained_data/ticks
2026-07-08 02:23:54,828 INFO     src.data.tick_capture Flushed 671 ticks to trained_data/ticks
2026-07-08 02:24:24,988 INFO     src.data.tick_capture Flushed 508 ticks to trained_data/ticks
2026-07-08 02:24:55,161 INFO     src.data.tick_capture Flushed 438 ticks to trained_data/ticks
2026-07-08 02:25:25,323 INFO     src.data.tick_capture Flushed 589 ticks to trained_data/ticks
2026-07-08 02:25:55,488 INFO     src.data.tick_capture Flushed 48 ticks to trained_data/ticks
2026-07-08 02:26:05,156 WARNING  src.data.tick_capture Tick stream gap detected: 36.8s idle (2026-07-08T06:25:28.383916+00:00 -> 2026-07-08T06:26:05.154903+00:00)
2026-07-08 02:26:25,650 INFO     src.data.tick_capture Flushed 934 ticks to trained_data/ticks
2026-07-08 02:26:55,816 INFO     src.data.tick_capture Flushed 473 ticks to trained_data/ticks
2026-07-08 02:27:25,981 INFO     src.data.tick_capture Flushed 487 ticks to trained_data/ticks
2026-07-08 02:27:56,147 INFO     src.data.tick_capture Flushed 444 ticks to trained_data/ticks
2026-07-08 02:28:26,315 INFO     src.data.tick_capture Flushed 260 ticks to trained_data/ticks
2026-07-08 02:28:56,483 INFO     src.data.tick_capture Flushed 478 ticks to trained_data/ticks
2026-07-08 02:29:26,642 INFO     src.data.tick_capture Flushed 424 ticks to trained_data/ticks
2026-07-08 02:29:56,802 INFO     src.data.tick_capture Flushed 415 ticks to trained_data/ticks
2026-07-08 02:30:26,967 INFO     src.data.tick_capture Flushed 415 ticks to trained_data/ticks
2026-07-08 02:30:57,118 INFO     src.data.tick_capture Flushed 350 ticks to trained_data/ticks
2026-07-08 02:31:27,277 INFO     src.data.tick_capture Flushed 534 ticks to trained_data/ticks
2026-07-08 02:31:57,479 INFO     src.data.tick_capture Flushed 528 ticks to trained_data/ticks
2026-07-08 02:32:27,635 INFO     src.data.tick_capture Flushed 519 ticks to trained_data/ticks
2026-07-08 02:32:57,788 INFO     src.data.tick_capture Flushed 363 ticks to trained_data/ticks
2026-07-08 02:33:27,964 INFO     src.data.tick_capture Flushed 469 ticks to trained_data/ticks
2026-07-08 02:33:58,128 INFO     src.data.tick_capture Flushed 540 ticks to trained_data/ticks
2026-07-08 02:34:28,295 INFO     src.data.tick_capture Flushed 500 ticks to trained_data/ticks
2026-07-08 02:34:58,459 INFO     src.data.tick_capture Flushed 341 ticks to trained_data/ticks
2026-07-08 02:35:28,627 INFO     src.data.tick_capture Flushed 589 ticks to trained_data/ticks
2026-07-08 02:35:58,791 INFO     src.data.tick_capture Flushed 411 ticks to trained_data/ticks
2026-07-08 02:36:28,941 INFO     src.data.tick_capture Flushed 461 ticks to trained_data/ticks
2026-07-08 02:36:59,107 INFO     src.data.tick_capture Flushed 364 ticks to trained_data/ticks
2026-07-08 02:37:29,272 INFO     src.data.tick_capture Flushed 343 ticks to trained_data/ticks
2026-07-08 02:37:59,454 INFO     src.data.tick_capture Flushed 273 ticks to trained_data/ticks
2026-07-08 02:38:29,612 INFO     src.data.tick_capture Flushed 441 ticks to trained_data/ticks
2026-07-08 02:38:59,822 INFO     src.data.tick_capture Flushed 491 ticks to trained_data/ticks
2026-07-08 02:39:29,989 INFO     src.data.tick_capture Flushed 441 ticks to trained_data/ticks
2026-07-08 02:40:00,143 INFO     src.data.tick_capture Flushed 452 ticks to trained_data/ticks
2026-07-08 02:40:30,331 INFO     src.data.tick_capture Flushed 450 ticks to trained_data/ticks
2026-07-08 02:41:00,509 INFO     src.data.tick_capture Flushed 466 ticks to trained_data/ticks
2026-07-08 02:41:30,691 INFO     src.data.tick_capture Flushed 505 ticks to trained_data/ticks
2026-07-08 02:42:00,856 INFO     src.data.tick_capture Flushed 557 ticks to trained_data/ticks
2026-07-08 02:42:31,024 INFO     src.data.tick_capture Flushed 561 ticks to trained_data/ticks
2026-07-08 02:43:01,189 INFO     src.data.tick_capture Flushed 424 ticks to trained_data/ticks
2026-07-08 02:43:31,356 INFO     src.data.tick_capture Flushed 573 ticks to trained_data/ticks
2026-07-08 02:44:01,522 INFO     src.data.tick_capture Flushed 463 ticks to trained_data/ticks
2026-07-08 02:44:31,695 INFO     src.data.tick_capture Flushed 483 ticks to trained_data/ticks
2026-07-08 02:45:01,883 INFO     src.data.tick_capture Flushed 586 ticks to trained_data/ticks
2026-07-08 02:45:32,052 INFO     src.data.tick_capture Flushed 475 ticks to trained_data/ticks
2026-07-08 02:46:02,225 INFO     src.data.tick_capture Flushed 431 ticks to trained_data/ticks
2026-07-08 02:46:32,389 INFO     src.data.tick_capture Flushed 495 ticks to trained_data/ticks
2026-07-08 02:47:02,574 INFO     src.data.tick_capture Flushed 556 ticks to trained_data/ticks
2026-07-08 02:47:32,740 INFO     src.data.tick_capture Flushed 405 ticks to trained_data/ticks
2026-07-08 02:48:02,908 INFO     src.data.tick_capture Flushed 488 ticks to trained_data/ticks
2026-07-08 02:48:33,075 INFO     src.data.tick_capture Flushed 460 ticks to trained_data/ticks
2026-07-08 02:49:03,259 INFO     src.data.tick_capture Flushed 424 ticks to trained_data/ticks
2026-07-08 02:49:33,432 INFO     src.data.tick_capture Flushed 593 ticks to trained_data/ticks
2026-07-08 02:50:03,601 INFO     src.data.tick_capture Flushed 395 ticks to trained_data/ticks
2026-07-08 02:50:33,769 INFO     src.data.tick_capture Flushed 459 ticks to trained_data/ticks
2026-07-08 02:51:03,935 INFO     src.data.tick_capture Flushed 393 ticks to trained_data/ticks
2026-07-08 02:51:34,104 INFO     src.data.tick_capture Flushed 429 ticks to trained_data/ticks
2026-07-08 02:52:04,271 INFO     src.data.tick_capture Flushed 354 ticks to trained_data/ticks
2026-07-08 02:52:34,439 INFO     src.data.tick_capture Flushed 384 ticks to trained_data/ticks
2026-07-08 02:53:04,607 INFO     src.data.tick_capture Flushed 379 ticks to trained_data/ticks
2026-07-08 02:53:34,778 INFO     src.data.tick_capture Flushed 284 ticks to trained_data/ticks
2026-07-08 02:54:04,945 INFO     src.data.tick_capture Flushed 333 ticks to trained_data/ticks
2026-07-08 02:54:35,117 INFO     src.data.tick_capture Flushed 480 ticks to trained_data/ticks
2026-07-08 02:55:05,284 INFO     src.data.tick_capture Flushed 592 ticks to trained_data/ticks
2026-07-08 02:55:35,453 INFO     src.data.tick_capture Flushed 370 ticks to trained_data/ticks
2026-07-08 02:56:05,625 INFO     src.data.tick_capture Flushed 366 ticks to trained_data/ticks
2026-07-08 02:56:35,795 INFO     src.data.tick_capture Flushed 406 ticks to trained_data/ticks
2026-07-08 02:57:05,968 INFO     src.data.tick_capture Flushed 355 ticks to trained_data/ticks
2026-07-08 02:57:36,132 INFO     src.data.tick_capture Flushed 367 ticks to trained_data/ticks
2026-07-08 02:58:06,304 INFO     src.data.tick_capture Flushed 371 ticks to trained_data/ticks
2026-07-08 02:58:36,477 INFO     src.data.tick_capture Flushed 424 ticks to trained_data/ticks
2026-07-08 02:59:06,648 INFO     src.data.tick_capture Flushed 348 ticks to trained_data/ticks
2026-07-08 02:59:36,809 INFO     src.data.tick_capture Flushed 468 ticks to trained_data/ticks
2026-07-08 03:00:06,986 INFO     src.data.tick_capture Flushed 536 ticks to trained_data/ticks
2026-07-08 03:00:37,159 INFO     src.data.tick_capture Flushed 439 ticks to trained_data/ticks
2026-07-08 03:01:07,332 INFO     src.data.tick_capture Flushed 625 ticks to trained_data/ticks
2026-07-08 03:01:37,505 INFO     src.data.tick_capture Flushed 506 ticks to trained_data/ticks
2026-07-08 03:02:07,677 INFO     src.data.tick_capture Flushed 613 ticks to trained_data/ticks
2026-07-08 03:02:37,853 INFO     src.data.tick_capture Flushed 453 ticks to trained_data/ticks
2026-07-08 03:03:08,030 INFO     src.data.tick_capture Flushed 386 ticks to trained_data/ticks
2026-07-08 03:03:38,205 INFO     src.data.tick_capture Flushed 464 ticks to trained_data/ticks
2026-07-08 03:04:08,379 INFO     src.data.tick_capture Flushed 475 ticks to trained_data/ticks
2026-07-08 03:04:38,558 INFO     src.data.tick_capture Flushed 352 ticks to trained_data/ticks
2026-07-08 03:05:08,740 INFO     src.data.tick_capture Flushed 569 ticks to trained_data/ticks
2026-07-08 03:05:38,917 INFO     src.data.tick_capture Flushed 621 ticks to trained_data/ticks
2026-07-08 03:06:09,110 INFO     src.data.tick_capture Flushed 622 ticks to trained_data/ticks
2026-07-08 03:06:39,300 INFO     src.data.tick_capture Flushed 627 ticks to trained_data/ticks
2026-07-08 03:07:09,474 INFO     src.data.tick_capture Flushed 597 ticks to trained_data/ticks
2026-07-08 03:07:39,655 INFO     src.data.tick_capture Flushed 585 ticks to trained_data/ticks
2026-07-08 03:08:09,834 INFO     src.data.tick_capture Flushed 563 ticks to trained_data/ticks
2026-07-08 03:08:40,010 INFO     src.data.tick_capture Flushed 610 ticks to trained_data/ticks
2026-07-08 03:09:10,188 INFO     src.data.tick_capture Flushed 493 ticks to trained_data/ticks
2026-07-08 03:09:40,364 INFO     src.data.tick_capture Flushed 512 ticks to trained_data/ticks
2026-07-08 03:10:10,543 INFO     src.data.tick_capture Flushed 633 ticks to trained_data/ticks
2026-07-08 03:10:40,719 INFO     src.data.tick_capture Flushed 457 ticks to trained_data/ticks
2026-07-08 03:11:10,898 INFO     src.data.tick_capture Flushed 566 ticks to trained_data/ticks
2026-07-08 03:11:41,075 INFO     src.data.tick_capture Flushed 545 ticks to trained_data/ticks
2026-07-08 03:12:11,254 INFO     src.data.tick_capture Flushed 424 ticks to trained_data/ticks
2026-07-08 03:12:41,436 INFO     src.data.tick_capture Flushed 406 ticks to trained_data/ticks
2026-07-08 03:13:11,611 INFO     src.data.tick_capture Flushed 537 ticks to trained_data/ticks
2026-07-08 03:13:41,787 INFO     src.data.tick_capture Flushed 402 ticks to trained_data/ticks
2026-07-08 03:14:11,969 INFO     src.data.tick_capture Flushed 463 ticks to trained_data/ticks
2026-07-08 03:14:42,148 INFO     src.data.tick_capture Flushed 365 ticks to trained_data/ticks
2026-07-08 03:15:12,324 INFO     src.data.tick_capture Flushed 490 ticks to trained_data/ticks
2026-07-08 03:15:42,504 INFO     src.data.tick_capture Flushed 451 ticks to trained_data/ticks
2026-07-08 03:16:12,689 INFO     src.data.tick_capture Flushed 559 ticks to trained_data/ticks
2026-07-08 03:16:42,868 INFO     src.data.tick_capture Flushed 529 ticks to trained_data/ticks
2026-07-08 03:17:13,056 INFO     src.data.tick_capture Flushed 381 ticks to trained_data/ticks
2026-07-08 03:17:43,235 INFO     src.data.tick_capture Flushed 431 ticks to trained_data/ticks
2026-07-08 03:18:13,414 INFO     src.data.tick_capture Flushed 515 ticks to trained_data/ticks
2026-07-08 03:18:43,654 INFO     src.data.tick_capture Flushed 461 ticks to trained_data/ticks
2026-07-08 03:19:13,835 INFO     src.data.tick_capture Flushed 462 ticks to trained_data/ticks
2026-07-08 03:19:44,012 INFO     src.data.tick_capture Flushed 587 ticks to trained_data/ticks
2026-07-08 03:20:14,196 INFO     src.data.tick_capture Flushed 575 ticks to trained_data/ticks
2026-07-08 03:20:44,377 INFO     src.data.tick_capture Flushed 387 ticks to trained_data/ticks
2026-07-08 03:21:14,568 INFO     src.data.tick_capture Flushed 451 ticks to trained_data/ticks
2026-07-08 03:21:44,756 INFO     src.data.tick_capture Flushed 542 ticks to trained_data/ticks
2026-07-08 03:22:14,942 INFO     src.data.tick_capture Flushed 488 ticks to trained_data/ticks
2026-07-08 03:22:45,128 INFO     src.data.tick_capture Flushed 457 ticks to trained_data/ticks
2026-07-08 03:23:15,308 INFO     src.data.tick_capture Flushed 411 ticks to trained_data/ticks
2026-07-08 03:23:45,491 INFO     src.data.tick_capture Flushed 497 ticks to trained_data/ticks
2026-07-08 03:24:15,672 INFO     src.data.tick_capture Flushed 652 ticks to trained_data/ticks
2026-07-08 03:24:45,854 INFO     src.data.tick_capture Flushed 668 ticks to trained_data/ticks
2026-07-08 03:25:16,040 INFO     src.data.tick_capture Flushed 577 ticks to trained_data/ticks
2026-07-08 03:25:46,230 INFO     src.data.tick_capture Flushed 587 ticks to trained_data/ticks
2026-07-08 03:26:16,413 INFO     src.data.tick_capture Flushed 568 ticks to trained_data/ticks
2026-07-08 03:26:46,589 INFO     src.data.tick_capture Flushed 543 ticks to trained_data/ticks
2026-07-08 03:27:16,773 INFO     src.data.tick_capture Flushed 591 ticks to trained_data/ticks
2026-07-08 03:27:46,963 INFO     src.data.tick_capture Flushed 595 ticks to trained_data/ticks
2026-07-08 03:28:17,172 INFO     src.data.tick_capture Flushed 494 ticks to trained_data/ticks
2026-07-08 03:28:47,357 INFO     src.data.tick_capture Flushed 594 ticks to trained_data/ticks
2026-07-08 03:29:17,540 INFO     src.data.tick_capture Flushed 520 ticks to trained_data/ticks
2026-07-08 03:29:47,722 INFO     src.data.tick_capture Flushed 526 ticks to trained_data/ticks
2026-07-08 03:30:17,908 INFO     src.data.tick_capture Flushed 530 ticks to trained_data/ticks
2026-07-08 03:30:48,094 INFO     src.data.tick_capture Flushed 565 ticks to trained_data/ticks
2026-07-08 03:31:18,278 INFO     src.data.tick_capture Flushed 606 ticks to trained_data/ticks
2026-07-08 03:31:48,469 INFO     src.data.tick_capture Flushed 628 ticks to trained_data/ticks
2026-07-08 03:32:18,655 INFO     src.data.tick_capture Flushed 536 ticks to trained_data/ticks
2026-07-08 03:32:48,842 INFO     src.data.tick_capture Flushed 554 ticks to trained_data/ticks
2026-07-08 03:33:19,028 INFO     src.data.tick_capture Flushed 526 ticks to trained_data/ticks
2026-07-08 03:33:49,216 INFO     src.data.tick_capture Flushed 545 ticks to trained_data/ticks
2026-07-08 03:34:19,402 INFO     src.data.tick_capture Flushed 469 ticks to trained_data/ticks
2026-07-08 03:34:49,591 INFO     src.data.tick_capture Flushed 424 ticks to trained_data/ticks
2026-07-08 03:35:19,778 INFO     src.data.tick_capture Flushed 503 ticks to trained_data/ticks
2026-07-08 03:35:49,967 INFO     src.data.tick_capture Flushed 567 ticks to trained_data/ticks
2026-07-08 03:36:20,155 INFO     src.data.tick_capture Flushed 486 ticks to trained_data/ticks
2026-07-08 03:36:50,346 INFO     src.data.tick_capture Flushed 560 ticks to trained_data/ticks
2026-07-08 03:37:20,535 INFO     src.data.tick_capture Flushed 489 ticks to trained_data/ticks
2026-07-08 03:37:50,722 INFO     src.data.tick_capture Flushed 458 ticks to trained_data/ticks
2026-07-08 03:38:20,910 INFO     src.data.tick_capture Flushed 486 ticks to trained_data/ticks
2026-07-08 03:38:51,094 INFO     src.data.tick_capture Flushed 494 ticks to trained_data/ticks
2026-07-08 03:39:21,285 INFO     src.data.tick_capture Flushed 490 ticks to trained_data/ticks
2026-07-08 03:39:51,475 INFO     src.data.tick_capture Flushed 501 ticks to trained_data/ticks
2026-07-08 03:40:21,662 INFO     src.data.tick_capture Flushed 553 ticks to trained_data/ticks
2026-07-08 03:40:51,853 INFO     src.data.tick_capture Flushed 457 ticks to trained_data/ticks
2026-07-08 03:41:22,045 INFO     src.data.tick_capture Flushed 412 ticks to trained_data/ticks
2026-07-08 03:41:52,238 INFO     src.data.tick_capture Flushed 354 ticks to trained_data/ticks
2026-07-08 03:42:22,427 INFO     src.data.tick_capture Flushed 400 ticks to trained_data/ticks
2026-07-08 03:42:52,614 INFO     src.data.tick_capture Flushed 391 ticks to trained_data/ticks
2026-07-08 03:43:22,807 INFO     src.data.tick_capture Flushed 320 ticks to trained_data/ticks
2026-07-08 03:43:52,994 INFO     src.data.tick_capture Flushed 340 ticks to trained_data/ticks
2026-07-08 03:44:23,189 INFO     src.data.tick_capture Flushed 423 ticks to trained_data/ticks
2026-07-08 03:44:53,378 INFO     src.data.tick_capture Flushed 401 ticks to trained_data/ticks
2026-07-08 03:45:23,604 INFO     src.data.tick_capture Flushed 471 ticks to trained_data/ticks
2026-07-08 03:45:53,796 INFO     src.data.tick_capture Flushed 431 ticks to trained_data/ticks
2026-07-08 03:46:23,987 INFO     src.data.tick_capture Flushed 557 ticks to trained_data/ticks
2026-07-08 03:46:54,180 INFO     src.data.tick_capture Flushed 358 ticks to trained_data/ticks
2026-07-08 03:47:24,376 INFO     src.data.tick_capture Flushed 704 ticks to trained_data/ticks
2026-07-08 03:47:54,566 INFO     src.data.tick_capture Flushed 407 ticks to trained_data/ticks
2026-07-08 03:48:24,762 INFO     src.data.tick_capture Flushed 402 ticks to trained_data/ticks
2026-07-08 03:48:54,962 INFO     src.data.tick_capture Flushed 423 ticks to trained_data/ticks
2026-07-08 03:49:25,153 INFO     src.data.tick_capture Flushed 403 ticks to trained_data/ticks
2026-07-08 03:49:55,350 INFO     src.data.tick_capture Flushed 445 ticks to trained_data/ticks
2026-07-08 03:50:25,547 INFO     src.data.tick_capture Flushed 462 ticks to trained_data/ticks
2026-07-08 03:50:55,750 INFO     src.data.tick_capture Flushed 489 ticks to trained_data/ticks
2026-07-08 03:51:25,945 INFO     src.data.tick_capture Flushed 425 ticks to trained_data/ticks
2026-07-08 03:51:56,138 INFO     src.data.tick_capture Flushed 280 ticks to trained_data/ticks
2026-07-08 03:52:26,324 INFO     src.data.tick_capture Flushed 389 ticks to trained_data/ticks
2026-07-08 03:52:56,522 INFO     src.data.tick_capture Flushed 408 ticks to trained_data/ticks
2026-07-08 03:53:26,716 INFO     src.data.tick_capture Flushed 480 ticks to trained_data/ticks
2026-07-08 03:53:56,912 INFO     src.data.tick_capture Flushed 488 ticks to trained_data/ticks
2026-07-08 03:54:27,107 INFO     src.data.tick_capture Flushed 428 ticks to trained_data/ticks
2026-07-08 03:54:57,303 INFO     src.data.tick_capture Flushed 370 ticks to trained_data/ticks
2026-07-08 03:55:27,501 INFO     src.data.tick_capture Flushed 462 ticks to trained_data/ticks
2026-07-08 03:55:57,698 INFO     src.data.tick_capture Flushed 450 ticks to trained_data/ticks
2026-07-08 03:56:27,898 INFO     src.data.tick_capture Flushed 350 ticks to trained_data/ticks
2026-07-08 03:56:58,098 INFO     src.data.tick_capture Flushed 452 ticks to trained_data/ticks
2026-07-08 03:57:28,299 INFO     src.data.tick_capture Flushed 395 ticks to trained_data/ticks
2026-07-08 03:57:58,496 INFO     src.data.tick_capture Flushed 458 ticks to trained_data/ticks
2026-07-08 03:58:28,692 INFO     src.data.tick_capture Flushed 406 ticks to trained_data/ticks
2026-07-08 03:58:58,899 INFO     src.data.tick_capture Flushed 419 ticks to trained_data/ticks
2026-07-08 03:59:29,102 INFO     src.data.tick_capture Flushed 438 ticks to trained_data/ticks
2026-07-08 03:59:59,302 INFO     src.data.tick_capture Flushed 430 ticks to trained_data/ticks
2026-07-08 04:00:29,501 INFO     src.data.tick_capture Flushed 570 ticks to trained_data/ticks
2026-07-08 04:00:59,700 INFO     src.data.tick_capture Flushed 440 ticks to trained_data/ticks
2026-07-08 04:01:29,898 INFO     src.data.tick_capture Flushed 580 ticks to trained_data/ticks
2026-07-08 04:02:00,095 INFO     src.data.tick_capture Flushed 463 ticks to trained_data/ticks
2026-07-08 04:02:30,290 INFO     src.data.tick_capture Flushed 590 ticks to trained_data/ticks
2026-07-08 04:03:00,487 INFO     src.data.tick_capture Flushed 431 ticks to trained_data/ticks
2026-07-08 04:03:30,692 INFO     src.data.tick_capture Flushed 500 ticks to trained_data/ticks
2026-07-08 04:04:00,895 INFO     src.data.tick_capture Flushed 334 ticks to trained_data/ticks
2026-07-08 04:04:31,096 INFO     src.data.tick_capture Flushed 421 ticks to trained_data/ticks
2026-07-08 04:05:01,296 INFO     src.data.tick_capture Flushed 317 ticks to trained_data/ticks
2026-07-08 04:05:31,494 INFO     src.data.tick_capture Flushed 370 ticks to trained_data/ticks
2026-07-08 04:06:01,696 INFO     src.data.tick_capture Flushed 327 ticks to trained_data/ticks
2026-07-08 04:06:31,898 INFO     src.data.tick_capture Flushed 452 ticks to trained_data/ticks
2026-07-08 04:07:02,096 INFO     src.data.tick_capture Flushed 370 ticks to trained_data/ticks
2026-07-08 04:07:32,292 INFO     src.data.tick_capture Flushed 363 ticks to trained_data/ticks
2026-07-08 04:08:02,492 INFO     src.data.tick_capture Flushed 523 ticks to trained_data/ticks
2026-07-08 04:08:32,693 INFO     src.data.tick_capture Flushed 473 ticks to trained_data/ticks
2026-07-08 04:09:02,897 INFO     src.data.tick_capture Flushed 395 ticks to trained_data/ticks
2026-07-08 04:09:33,095 INFO     src.data.tick_capture Flushed 418 ticks to trained_data/ticks
2026-07-08 04:10:03,295 INFO     src.data.tick_capture Flushed 328 ticks to trained_data/ticks
2026-07-08 04:10:33,494 INFO     src.data.tick_capture Flushed 445 ticks to trained_data/ticks
2026-07-08 04:11:03,709 INFO     src.data.tick_capture Flushed 368 ticks to trained_data/ticks
2026-07-08 04:11:33,911 INFO     src.data.tick_capture Flushed 456 ticks to trained_data/ticks
2026-07-08 04:12:04,108 INFO     src.data.tick_capture Flushed 385 ticks to trained_data/ticks
2026-07-08 04:12:34,308 INFO     src.data.tick_capture Flushed 416 ticks to trained_data/ticks
2026-07-08 04:13:04,510 INFO     src.data.tick_capture Flushed 424 ticks to trained_data/ticks
2026-07-08 04:13:34,710 INFO     src.data.tick_capture Flushed 423 ticks to trained_data/ticks
2026-07-08 04:14:04,914 INFO     src.data.tick_capture Flushed 428 ticks to trained_data/ticks
2026-07-08 04:14:35,120 INFO     src.data.tick_capture Flushed 501 ticks to trained_data/ticks
2026-07-08 04:15:05,323 INFO     src.data.tick_capture Flushed 383 ticks to trained_data/ticks
2026-07-08 04:15:35,529 INFO     src.data.tick_capture Flushed 495 ticks to trained_data/ticks
2026-07-08 04:16:05,736 INFO     src.data.tick_capture Flushed 430 ticks to trained_data/ticks
2026-07-08 04:16:35,938 INFO     src.data.tick_capture Flushed 636 ticks to trained_data/ticks
2026-07-08 04:17:06,145 INFO     src.data.tick_capture Flushed 940 ticks to trained_data/ticks
2026-07-08 04:17:36,335 INFO     src.data.tick_capture Flushed 1013 ticks to trained_data/ticks
2026-07-08 04:18:06,514 INFO     src.data.tick_capture Flushed 881 ticks to trained_data/ticks
2026-07-08 04:18:36,710 INFO     src.data.tick_capture Flushed 1027 ticks to trained_data/ticks
2026-07-08 04:19:06,908 INFO     src.data.tick_capture Flushed 912 ticks to trained_data/ticks
2026-07-08 04:19:37,119 INFO     src.data.tick_capture Flushed 826 ticks to trained_data/ticks
2026-07-08 04:20:07,330 INFO     src.data.tick_capture Flushed 790 ticks to trained_data/ticks
2026-07-08 04:20:37,539 INFO     src.data.tick_capture Flushed 854 ticks to trained_data/ticks
2026-07-08 04:21:07,749 INFO     src.data.tick_capture Flushed 827 ticks to trained_data/ticks
2026-07-08 04:21:37,968 INFO     src.data.tick_capture Flushed 803 ticks to trained_data/ticks
2026-07-08 04:22:08,184 INFO     src.data.tick_capture Flushed 865 ticks to trained_data/ticks
2026-07-08 04:22:38,405 INFO     src.data.tick_capture Flushed 793 ticks to trained_data/ticks
2026-07-08 04:23:08,624 INFO     src.data.tick_capture Flushed 711 ticks to trained_data/ticks
2026-07-08 04:23:38,842 INFO     src.data.tick_capture Flushed 734 ticks to trained_data/ticks
2026-07-08 04:24:09,052 INFO     src.data.tick_capture Flushed 733 ticks to trained_data/ticks
2026-07-08 04:24:39,269 INFO     src.data.tick_capture Flushed 719 ticks to trained_data/ticks
2026-07-08 04:25:09,483 INFO     src.data.tick_capture Flushed 840 ticks to trained_data/ticks
2026-07-08 04:25:39,698 INFO     src.data.tick_capture Flushed 722 ticks to trained_data/ticks
2026-07-08 04:26:09,915 INFO     src.data.tick_capture Flushed 637 ticks to trained_data/ticks
2026-07-08 04:26:40,125 INFO     src.data.tick_capture Flushed 658 ticks to trained_data/ticks
2026-07-08 04:27:10,342 INFO     src.data.tick_capture Flushed 741 ticks to trained_data/ticks
2026-07-08 04:27:40,557 INFO     src.data.tick_capture Flushed 670 ticks to trained_data/ticks
2026-07-08 04:28:10,773 INFO     src.data.tick_capture Flushed 567 ticks to trained_data/ticks
2026-07-08 04:28:40,987 INFO     src.data.tick_capture Flushed 631 ticks to trained_data/ticks
2026-07-08 04:29:11,209 INFO     src.data.tick_capture Flushed 698 ticks to trained_data/ticks
2026-07-08 04:29:41,431 INFO     src.data.tick_capture Flushed 531 ticks to trained_data/ticks
2026-07-08 04:30:11,656 INFO     src.data.tick_capture Flushed 609 ticks to trained_data/ticks
2026-07-08 04:30:41,876 INFO     src.data.tick_capture Flushed 577 ticks to trained_data/ticks
2026-07-08 04:31:12,094 INFO     src.data.tick_capture Flushed 569 ticks to trained_data/ticks
2026-07-08 04:31:42,316 INFO     src.data.tick_capture Flushed 574 ticks to trained_data/ticks
2026-07-08 04:32:12,538 INFO     src.data.tick_capture Flushed 754 ticks to trained_data/ticks
2026-07-08 04:32:42,759 INFO     src.data.tick_capture Flushed 717 ticks to trained_data/ticks
2026-07-08 04:33:12,981 INFO     src.data.tick_capture Flushed 845 ticks to trained_data/ticks
2026-07-08 04:33:43,200 INFO     src.data.tick_capture Flushed 692 ticks to trained_data/ticks
2026-07-08 04:34:13,423 INFO     src.data.tick_capture Flushed 707 ticks to trained_data/ticks
2026-07-08 04:34:43,640 INFO     src.data.tick_capture Flushed 704 ticks to trained_data/ticks
2026-07-08 04:35:13,854 INFO     src.data.tick_capture Flushed 762 ticks to trained_data/ticks
2026-07-08 04:35:44,071 INFO     src.data.tick_capture Flushed 775 ticks to trained_data/ticks
2026-07-08 04:36:14,290 INFO     src.data.tick_capture Flushed 774 ticks to trained_data/ticks
2026-07-08 04:36:44,514 INFO     src.data.tick_capture Flushed 716 ticks to trained_data/ticks
2026-07-08 04:37:14,737 INFO     src.data.tick_capture Flushed 734 ticks to trained_data/ticks
2026-07-08 04:37:44,962 INFO     src.data.tick_capture Flushed 711 ticks to trained_data/ticks
2026-07-08 04:38:15,187 INFO     src.data.tick_capture Flushed 728 ticks to trained_data/ticks
2026-07-08 04:38:45,414 INFO     src.data.tick_capture Flushed 757 ticks to trained_data/ticks
2026-07-08 04:39:15,639 INFO     src.data.tick_capture Flushed 690 ticks to trained_data/ticks
2026-07-08 04:39:45,866 INFO     src.data.tick_capture Flushed 720 ticks to trained_data/ticks
2026-07-08 04:40:16,089 INFO     src.data.tick_capture Flushed 664 ticks to trained_data/ticks
2026-07-08 04:40:46,320 INFO     src.data.tick_capture Flushed 719 ticks to trained_data/ticks
2026-07-08 04:41:16,547 INFO     src.data.tick_capture Flushed 550 ticks to trained_data/ticks
2026-07-08 04:41:46,769 INFO     src.data.tick_capture Flushed 745 ticks to trained_data/ticks
2026-07-08 04:42:16,993 INFO     src.data.tick_capture Flushed 701 ticks to trained_data/ticks
2026-07-08 04:42:47,210 INFO     src.data.tick_capture Flushed 637 ticks to trained_data/ticks
2026-07-08 04:43:17,430 INFO     src.data.tick_capture Flushed 654 ticks to trained_data/ticks
2026-07-08 04:43:47,651 INFO     src.data.tick_capture Flushed 759 ticks to trained_data/ticks
2026-07-08 04:44:17,877 INFO     src.data.tick_capture Flushed 701 ticks to trained_data/ticks
2026-07-08 04:44:48,103 INFO     src.data.tick_capture Flushed 704 ticks to trained_data/ticks
2026-07-08 04:45:18,339 INFO     src.data.tick_capture Flushed 687 ticks to trained_data/ticks
2026-07-08 04:45:48,564 INFO     src.data.tick_capture Flushed 758 ticks to trained_data/ticks
2026-07-08 04:46:18,791 INFO     src.data.tick_capture Flushed 652 ticks to trained_data/ticks
2026-07-08 04:46:49,022 INFO     src.data.tick_capture Flushed 589 ticks to trained_data/ticks
2026-07-08 04:47:19,248 INFO     src.data.tick_capture Flushed 646 ticks to trained_data/ticks
2026-07-08 04:47:49,463 INFO     src.data.tick_capture Flushed 690 ticks to trained_data/ticks
2026-07-08 04:48:19,689 INFO     src.data.tick_capture Flushed 579 ticks to trained_data/ticks
2026-07-08 04:48:49,919 INFO     src.data.tick_capture Flushed 713 ticks to trained_data/ticks
2026-07-08 04:49:20,149 INFO     src.data.tick_capture Flushed 791 ticks to trained_data/ticks
2026-07-08 04:49:50,378 INFO     src.data.tick_capture Flushed 692 ticks to trained_data/ticks
2026-07-08 04:50:20,605 INFO     src.data.tick_capture Flushed 681 ticks to trained_data/ticks
2026-07-08 04:50:50,835 INFO     src.data.tick_capture Flushed 737 ticks to trained_data/ticks
2026-07-08 04:51:21,065 INFO     src.data.tick_capture Flushed 731 ticks to trained_data/ticks
2026-07-08 04:51:51,291 INFO     src.data.tick_capture Flushed 598 ticks to trained_data/ticks
2026-07-08 04:52:21,537 INFO     src.data.tick_capture Flushed 681 ticks to trained_data/ticks
2026-07-08 04:52:51,765 INFO     src.data.tick_capture Flushed 699 ticks to trained_data/ticks
2026-07-08 04:53:21,993 INFO     src.data.tick_capture Flushed 647 ticks to trained_data/ticks
2026-07-08 04:53:52,223 INFO     src.data.tick_capture Flushed 602 ticks to trained_data/ticks
2026-07-08 04:54:22,447 INFO     src.data.tick_capture Flushed 652 ticks to trained_data/ticks
2026-07-08 04:54:52,674 INFO     src.data.tick_capture Flushed 700 ticks to trained_data/ticks
2026-07-08 04:55:22,904 INFO     src.data.tick_capture Flushed 750 ticks to trained_data/ticks
2026-07-08 04:55:53,141 INFO     src.data.tick_capture Flushed 673 ticks to trained_data/ticks
2026-07-08 04:56:23,365 INFO     src.data.tick_capture Flushed 626 ticks to trained_data/ticks
2026-07-08 04:56:53,597 INFO     src.data.tick_capture Flushed 768 ticks to trained_data/ticks
2026-07-08 04:57:23,828 INFO     src.data.tick_capture Flushed 654 ticks to trained_data/ticks
2026-07-08 04:57:54,060 INFO     src.data.tick_capture Flushed 713 ticks to trained_data/ticks
2026-07-08 04:58:24,287 INFO     src.data.tick_capture Flushed 751 ticks to trained_data/ticks
2026-07-08 04:58:54,525 INFO     src.data.tick_capture Flushed 660 ticks to trained_data/ticks
2026-07-08 04:59:24,749 INFO     src.data.tick_capture Flushed 657 ticks to trained_data/ticks
2026-07-08 04:59:54,975 INFO     src.data.tick_capture Flushed 749 ticks to trained_data/ticks
2026-07-08 05:00:25,205 INFO     src.data.tick_capture Flushed 881 ticks to trained_data/ticks
2026-07-08 05:00:55,431 INFO     src.data.tick_capture Flushed 789 ticks to trained_data/ticks
2026-07-08 05:01:25,671 INFO     src.data.tick_capture Flushed 676 ticks to trained_data/ticks
2026-07-08 05:01:55,909 INFO     src.data.tick_capture Flushed 638 ticks to trained_data/ticks
2026-07-08 05:02:26,151 INFO     src.data.tick_capture Flushed 689 ticks to trained_data/ticks
2026-07-08 05:02:56,389 INFO     src.data.tick_capture Flushed 791 ticks to trained_data/ticks
2026-07-08 05:03:26,626 INFO     src.data.tick_capture Flushed 695 ticks to trained_data/ticks
2026-07-08 05:03:56,859 INFO     src.data.tick_capture Flushed 722 ticks to trained_data/ticks
2026-07-08 05:04:27,076 INFO     src.data.tick_capture Flushed 855 ticks to trained_data/ticks
2026-07-08 05:04:57,296 INFO     src.data.tick_capture Flushed 839 ticks to trained_data/ticks
2026-07-08 05:05:27,524 INFO     src.data.tick_capture Flushed 672 ticks to trained_data/ticks
2026-07-08 05:05:57,754 INFO     src.data.tick_capture Flushed 567 ticks to trained_data/ticks
2026-07-08 05:06:27,990 INFO     src.data.tick_capture Flushed 706 ticks to trained_data/ticks
2026-07-08 05:06:58,219 INFO     src.data.tick_capture Flushed 708 ticks to trained_data/ticks
2026-07-08 05:07:28,447 INFO     src.data.tick_capture Flushed 583 ticks to trained_data/ticks
2026-07-08 05:07:58,685 INFO     src.data.tick_capture Flushed 645 ticks to trained_data/ticks
2026-07-08 05:08:28,928 INFO     src.data.tick_capture Flushed 522 ticks to trained_data/ticks
2026-07-08 05:08:59,171 INFO     src.data.tick_capture Flushed 642 ticks to trained_data/ticks
2026-07-08 05:09:29,421 INFO     src.data.tick_capture Flushed 704 ticks to trained_data/ticks
2026-07-08 05:09:59,660 INFO     src.data.tick_capture Flushed 660 ticks to trained_data/ticks
2026-07-08 05:10:29,899 INFO     src.data.tick_capture Flushed 695 ticks to trained_data/ticks
2026-07-08 05:11:00,136 INFO     src.data.tick_capture Flushed 671 ticks to trained_data/ticks
2026-07-08 05:11:30,376 INFO     src.data.tick_capture Flushed 615 ticks to trained_data/ticks
2026-07-08 05:12:00,608 INFO     src.data.tick_capture Flushed 690 ticks to trained_data/ticks
2026-07-08 05:12:30,847 INFO     src.data.tick_capture Flushed 659 ticks to trained_data/ticks
2026-07-08 05:13:01,087 INFO     src.data.tick_capture Flushed 646 ticks to trained_data/ticks
2026-07-08 05:13:31,332 INFO     src.data.tick_capture Flushed 784 ticks to trained_data/ticks
2026-07-08 05:14:01,571 INFO     src.data.tick_capture Flushed 697 ticks to trained_data/ticks
2026-07-08 05:14:31,815 INFO     src.data.tick_capture Flushed 679 ticks to trained_data/ticks
2026-07-08 05:15:02,057 INFO     src.data.tick_capture Flushed 748 ticks to trained_data/ticks
2026-07-08 05:15:32,295 INFO     src.data.tick_capture Flushed 826 ticks to trained_data/ticks
2026-07-08 05:16:02,529 INFO     src.data.tick_capture Flushed 702 ticks to trained_data/ticks
2026-07-08 05:16:32,768 INFO     src.data.tick_capture Flushed 773 ticks to trained_data/ticks
2026-07-08 05:17:03,002 INFO     src.data.tick_capture Flushed 665 ticks to trained_data/ticks
2026-07-08 05:17:33,329 INFO     src.data.tick_capture Flushed 646 ticks to trained_data/ticks
2026-07-08 05:18:03,578 INFO     src.data.tick_capture Flushed 653 ticks to trained_data/ticks
2026-07-08 05:18:33,824 INFO     src.data.tick_capture Flushed 750 ticks to trained_data/ticks
2026-07-08 05:19:04,066 INFO     src.data.tick_capture Flushed 529 ticks to trained_data/ticks
2026-07-08 05:19:34,307 INFO     src.data.tick_capture Flushed 557 ticks to trained_data/ticks
2026-07-08 05:20:04,551 INFO     src.data.tick_capture Flushed 654 ticks to trained_data/ticks
2026-07-08 05:20:34,796 INFO     src.data.tick_capture Flushed 632 ticks to trained_data/ticks
2026-07-08 05:21:05,042 INFO     src.data.tick_capture Flushed 640 ticks to trained_data/ticks
2026-07-08 05:21:35,289 INFO     src.data.tick_capture Flushed 569 ticks to trained_data/ticks
2026-07-08 05:22:05,536 INFO     src.data.tick_capture Flushed 599 ticks to trained_data/ticks
2026-07-08 05:22:35,769 INFO     src.data.tick_capture Flushed 512 ticks to trained_data/ticks
2026-07-08 05:23:06,018 INFO     src.data.tick_capture Flushed 576 ticks to trained_data/ticks
2026-07-08 05:23:36,261 INFO     src.data.tick_capture Flushed 420 ticks to trained_data/ticks
2026-07-08 05:24:06,512 INFO     src.data.tick_capture Flushed 520 ticks to trained_data/ticks
2026-07-08 05:24:36,755 INFO     src.data.tick_capture Flushed 655 ticks to trained_data/ticks
2026-07-08 05:25:07,001 INFO     src.data.tick_capture Flushed 641 ticks to trained_data/ticks
2026-07-08 05:25:37,248 INFO     src.data.tick_capture Flushed 653 ticks to trained_data/ticks
2026-07-08 05:26:07,496 INFO     src.data.tick_capture Flushed 467 ticks to trained_data/ticks
2026-07-08 05:26:37,737 INFO     src.data.tick_capture Flushed 498 ticks to trained_data/ticks
2026-07-08 05:27:07,985 INFO     src.data.tick_capture Flushed 580 ticks to trained_data/ticks
2026-07-08 05:27:38,239 INFO     src.data.tick_capture Flushed 735 ticks to trained_data/ticks
2026-07-08 05:28:08,486 INFO     src.data.tick_capture Flushed 617 ticks to trained_data/ticks
2026-07-08 05:28:38,737 INFO     src.data.tick_capture Flushed 584 ticks to trained_data/ticks
2026-07-08 05:29:08,987 INFO     src.data.tick_capture Flushed 480 ticks to trained_data/ticks
2026-07-08 05:29:39,231 INFO     src.data.tick_capture Flushed 594 ticks to trained_data/ticks
2026-07-08 05:30:09,486 INFO     src.data.tick_capture Flushed 510 ticks to trained_data/ticks
2026-07-08 05:30:39,765 INFO     src.data.tick_capture Flushed 544 ticks to trained_data/ticks
2026-07-08 05:31:10,052 INFO     src.data.tick_capture Flushed 578 ticks to trained_data/ticks
2026-07-08 05:31:40,318 INFO     src.data.tick_capture Flushed 591 ticks to trained_data/ticks
2026-07-08 05:32:10,593 INFO     src.data.tick_capture Flushed 564 ticks to trained_data/ticks
2026-07-08 05:32:40,853 INFO     src.data.tick_capture Flushed 578 ticks to trained_data/ticks
2026-07-08 05:33:11,106 INFO     src.data.tick_capture Flushed 502 ticks to trained_data/ticks
2026-07-08 05:33:41,359 INFO     src.data.tick_capture Flushed 510 ticks to trained_data/ticks
2026-07-08 05:34:11,624 INFO     src.data.tick_capture Flushed 608 ticks to trained_data/ticks
2026-07-08 05:34:41,875 INFO     src.data.tick_capture Flushed 591 ticks to trained_data/ticks
2026-07-08 05:35:12,128 INFO     src.data.tick_capture Flushed 588 ticks to trained_data/ticks
2026-07-08 05:35:42,373 INFO     src.data.tick_capture Flushed 599 ticks to trained_data/ticks
2026-07-08 05:36:12,617 INFO     src.data.tick_capture Flushed 476 ticks to trained_data/ticks
2026-07-08 05:36:42,893 INFO     src.data.tick_capture Flushed 394 ticks to trained_data/ticks
2026-07-08 05:37:13,145 INFO     src.data.tick_capture Flushed 481 ticks to trained_data/ticks
2026-07-08 05:37:43,412 INFO     src.data.tick_capture Flushed 631 ticks to trained_data/ticks
2026-07-08 05:38:13,677 INFO     src.data.tick_capture Flushed 595 ticks to trained_data/ticks
2026-07-08 05:38:43,949 INFO     src.data.tick_capture Flushed 511 ticks to trained_data/ticks
2026-07-08 05:39:14,221 INFO     src.data.tick_capture Flushed 568 ticks to trained_data/ticks
2026-07-08 05:39:44,488 INFO     src.data.tick_capture Flushed 539 ticks to trained_data/ticks
2026-07-08 05:40:14,734 INFO     src.data.tick_capture Flushed 623 ticks to trained_data/ticks
2026-07-08 05:40:44,987 INFO     src.data.tick_capture Flushed 550 ticks to trained_data/ticks
2026-07-08 05:41:15,239 INFO     src.data.tick_capture Flushed 524 ticks to trained_data/ticks
2026-07-08 05:41:45,489 INFO     src.data.tick_capture Flushed 530 ticks to trained_data/ticks
2026-07-08 05:42:15,762 INFO     src.data.tick_capture Flushed 599 ticks to trained_data/ticks
2026-07-08 05:42:46,010 INFO     src.data.tick_capture Flushed 506 ticks to trained_data/ticks
2026-07-08 05:43:16,275 INFO     src.data.tick_capture Flushed 495 ticks to trained_data/ticks
2026-07-08 05:43:46,579 INFO     src.data.tick_capture Flushed 563 ticks to trained_data/ticks
2026-07-08 05:44:16,850 INFO     src.data.tick_capture Flushed 532 ticks to trained_data/ticks
2026-07-08 05:44:47,123 INFO     src.data.tick_capture Flushed 524 ticks to trained_data/ticks
2026-07-08 05:45:17,391 INFO     src.data.tick_capture Flushed 553 ticks to trained_data/ticks
2026-07-08 05:45:47,660 INFO     src.data.tick_capture Flushed 504 ticks to trained_data/ticks
2026-07-08 05:46:17,946 INFO     src.data.tick_capture Flushed 522 ticks to trained_data/ticks
2026-07-08 05:46:48,221 INFO     src.data.tick_capture Flushed 626 ticks to trained_data/ticks
2026-07-08 05:47:18,473 INFO     src.data.tick_capture Flushed 479 ticks to trained_data/ticks
2026-07-08 05:47:48,762 INFO     src.data.tick_capture Flushed 563 ticks to trained_data/ticks
2026-07-08 05:48:18,996 INFO     src.data.tick_capture Flushed 446 ticks to trained_data/ticks
2026-07-08 05:48:49,242 INFO     src.data.tick_capture Flushed 585 ticks to trained_data/ticks
2026-07-08 05:49:19,510 INFO     src.data.tick_capture Flushed 489 ticks to trained_data/ticks
2026-07-08 05:49:49,810 INFO     src.data.tick_capture Flushed 516 ticks to trained_data/ticks
2026-07-08 05:50:20,092 INFO     src.data.tick_capture Flushed 526 ticks to trained_data/ticks
2026-07-08 05:50:50,349 INFO     src.data.tick_capture Flushed 616 ticks to trained_data/ticks
2026-07-08 05:51:20,625 INFO     src.data.tick_capture Flushed 510 ticks to trained_data/ticks
2026-07-08 05:51:50,882 INFO     src.data.tick_capture Flushed 504 ticks to trained_data/ticks
2026-07-08 05:52:21,140 INFO     src.data.tick_capture Flushed 533 ticks to trained_data/ticks
2026-07-08 05:52:51,402 INFO     src.data.tick_capture Flushed 383 ticks to trained_data/ticks
2026-07-08 05:53:21,718 INFO     src.data.tick_capture Flushed 697 ticks to trained_data/ticks
2026-07-08 05:53:51,976 INFO     src.data.tick_capture Flushed 577 ticks to trained_data/ticks
2026-07-08 05:54:22,234 INFO     src.data.tick_capture Flushed 564 ticks to trained_data/ticks
2026-07-08 05:54:52,496 INFO     src.data.tick_capture Flushed 571 ticks to trained_data/ticks
2026-07-08 05:55:22,751 INFO     src.data.tick_capture Flushed 486 ticks to trained_data/ticks
2026-07-08 05:55:53,023 INFO     src.data.tick_capture Flushed 527 ticks to trained_data/ticks
2026-07-08 05:56:23,320 INFO     src.data.tick_capture Flushed 591 ticks to trained_data/ticks
2026-07-08 05:56:53,600 INFO     src.data.tick_capture Flushed 551 ticks to trained_data/ticks
2026-07-08 05:57:23,869 INFO     src.data.tick_capture Flushed 666 ticks to trained_data/ticks
2026-07-08 05:57:54,125 INFO     src.data.tick_capture Flushed 642 ticks to trained_data/ticks
2026-07-08 05:58:24,393 INFO     src.data.tick_capture Flushed 618 ticks to trained_data/ticks
2026-07-08 05:58:54,660 INFO     src.data.tick_capture Flushed 640 ticks to trained_data/ticks
2026-07-08 05:59:24,939 INFO     src.data.tick_capture Flushed 554 ticks to trained_data/ticks
2026-07-08 05:59:55,228 INFO     src.data.tick_capture Flushed 588 ticks to trained_data/ticks
2026-07-08 06:00:25,516 INFO     src.data.tick_capture Flushed 580 ticks to trained_data/ticks
2026-07-08 06:00:55,781 INFO     src.data.tick_capture Flushed 627 ticks to trained_data/ticks
2026-07-08 06:01:26,036 INFO     src.data.tick_capture Flushed 693 ticks to trained_data/ticks
2026-07-08 06:01:56,292 INFO     src.data.tick_capture Flushed 514 ticks to trained_data/ticks
2026-07-08 06:02:26,547 INFO     src.data.tick_capture Flushed 653 ticks to trained_data/ticks
2026-07-08 06:02:56,827 INFO     src.data.tick_capture Flushed 459 ticks to trained_data/ticks
2026-07-08 06:03:27,102 INFO     src.data.tick_capture Flushed 426 ticks to trained_data/ticks
2026-07-08 06:03:57,358 INFO     src.data.tick_capture Flushed 391 ticks to trained_data/ticks
2026-07-08 06:04:27,625 INFO     src.data.tick_capture Flushed 422 ticks to trained_data/ticks
2026-07-08 06:04:57,891 INFO     src.data.tick_capture Flushed 482 ticks to trained_data/ticks
2026-07-08 06:05:28,178 INFO     src.data.tick_capture Flushed 453 ticks to trained_data/ticks
2026-07-08 06:05:58,467 INFO     src.data.tick_capture Flushed 544 ticks to trained_data/ticks
2026-07-08 06:06:28,735 INFO     src.data.tick_capture Flushed 506 ticks to trained_data/ticks
2026-07-08 06:06:58,986 INFO     src.data.tick_capture Flushed 459 ticks to trained_data/ticks
2026-07-08 06:07:29,270 INFO     src.data.tick_capture Flushed 453 ticks to trained_data/ticks
2026-07-08 06:07:59,553 INFO     src.data.tick_capture Flushed 398 ticks to trained_data/ticks
2026-07-08 06:08:29,878 INFO     src.data.tick_capture Flushed 558 ticks to trained_data/ticks
2026-07-08 06:09:00,146 INFO     src.data.tick_capture Flushed 403 ticks to trained_data/ticks
2026-07-08 06:09:30,421 INFO     src.data.tick_capture Flushed 501 ticks to trained_data/ticks
2026-07-08 06:10:00,708 INFO     src.data.tick_capture Flushed 460 ticks to trained_data/ticks
2026-07-08 06:10:31,015 INFO     src.data.tick_capture Flushed 507 ticks to trained_data/ticks
2026-07-08 06:11:01,278 INFO     src.data.tick_capture Flushed 430 ticks to trained_data/ticks
2026-07-08 06:11:31,557 INFO     src.data.tick_capture Flushed 496 ticks to trained_data/ticks
2026-07-08 06:12:01,826 INFO     src.data.tick_capture Flushed 426 ticks to trained_data/ticks
2026-07-08 06:12:32,106 INFO     src.data.tick_capture Flushed 488 ticks to trained_data/ticks
2026-07-08 06:13:02,373 INFO     src.data.tick_capture Flushed 485 ticks to trained_data/ticks
2026-07-08 06:13:32,641 INFO     src.data.tick_capture Flushed 451 ticks to trained_data/ticks
2026-07-08 06:14:02,911 INFO     src.data.tick_capture Flushed 484 ticks to trained_data/ticks
2026-07-08 06:14:33,181 INFO     src.data.tick_capture Flushed 472 ticks to trained_data/ticks
2026-07-08 06:15:03,465 INFO     src.data.tick_capture Flushed 504 ticks to trained_data/ticks
2026-07-08 06:15:33,751 INFO     src.data.tick_capture Flushed 530 ticks to trained_data/ticks
2026-07-08 06:16:04,027 INFO     src.data.tick_capture Flushed 377 ticks to trained_data/ticks
2026-07-08 06:16:34,303 INFO     src.data.tick_capture Flushed 401 ticks to trained_data/ticks
2026-07-08 06:17:04,552 INFO     src.data.tick_capture Flushed 431 ticks to trained_data/ticks
2026-07-08 06:17:34,827 INFO     src.data.tick_capture Flushed 536 ticks to trained_data/ticks
2026-07-08 06:18:05,099 INFO     src.data.tick_capture Flushed 491 ticks to trained_data/ticks
2026-07-08 06:18:35,368 INFO     src.data.tick_capture Flushed 494 ticks to trained_data/ticks
2026-07-08 06:19:05,640 INFO     src.data.tick_capture Flushed 389 ticks to trained_data/ticks
2026-07-08 06:19:35,914 INFO     src.data.tick_capture Flushed 490 ticks to trained_data/ticks
2026-07-08 06:20:06,189 INFO     src.data.tick_capture Flushed 465 ticks to trained_data/ticks
2026-07-08 06:20:36,467 INFO     src.data.tick_capture Flushed 608 ticks to trained_data/ticks
2026-07-08 06:21:06,740 INFO     src.data.tick_capture Flushed 613 ticks to trained_data/ticks
2026-07-08 06:21:37,012 INFO     src.data.tick_capture Flushed 533 ticks to trained_data/ticks
2026-07-08 06:22:07,292 INFO     src.data.tick_capture Flushed 516 ticks to trained_data/ticks
2026-07-08 06:22:37,573 INFO     src.data.tick_capture Flushed 491 ticks to trained_data/ticks
2026-07-08 06:23:07,848 INFO     src.data.tick_capture Flushed 545 ticks to trained_data/ticks
2026-07-08 06:23:38,124 INFO     src.data.tick_capture Flushed 492 ticks to trained_data/ticks
2026-07-08 06:24:08,370 INFO     src.data.tick_capture Flushed 569 ticks to trained_data/ticks
2026-07-08 06:24:38,640 INFO     src.data.tick_capture Flushed 433 ticks to trained_data/ticks
2026-07-08 06:25:08,918 INFO     src.data.tick_capture Flushed 435 ticks to trained_data/ticks
2026-07-08 06:25:39,192 INFO     src.data.tick_capture Flushed 457 ticks to trained_data/ticks
2026-07-08 06:26:09,480 INFO     src.data.tick_capture Flushed 482 ticks to trained_data/ticks
2026-07-08 06:26:39,774 INFO     src.data.tick_capture Flushed 514 ticks to trained_data/ticks
2026-07-08 06:27:10,053 INFO     src.data.tick_capture Flushed 403 ticks to trained_data/ticks
2026-07-08 06:27:40,331 INFO     src.data.tick_capture Flushed 414 ticks to trained_data/ticks
2026-07-08 06:28:10,624 INFO     src.data.tick_capture Flushed 371 ticks to trained_data/ticks
2026-07-08 06:28:40,899 INFO     src.data.tick_capture Flushed 429 ticks to trained_data/ticks
2026-07-08 06:29:11,178 INFO     src.data.tick_capture Flushed 467 ticks to trained_data/ticks
2026-07-08 06:29:41,449 INFO     src.data.tick_capture Flushed 387 ticks to trained_data/ticks
2026-07-08 06:30:11,707 INFO     src.data.tick_capture Flushed 484 ticks to trained_data/ticks
2026-07-08 06:30:41,975 INFO     src.data.tick_capture Flushed 546 ticks to trained_data/ticks
2026-07-08 06:31:12,250 INFO     src.data.tick_capture Flushed 507 ticks to trained_data/ticks
2026-07-08 06:31:42,523 INFO     src.data.tick_capture Flushed 398 ticks to trained_data/ticks
2026-07-08 06:32:12,800 INFO     src.data.tick_capture Flushed 543 ticks to trained_data/ticks
2026-07-08 06:32:43,077 INFO     src.data.tick_capture Flushed 544 ticks to trained_data/ticks
2026-07-08 06:33:13,354 INFO     src.data.tick_capture Flushed 507 ticks to trained_data/ticks
2026-07-08 06:33:43,631 INFO     src.data.tick_capture Flushed 505 ticks to trained_data/ticks
2026-07-08 06:34:13,908 INFO     src.data.tick_capture Flushed 420 ticks to trained_data/ticks
2026-07-08 06:34:44,186 INFO     src.data.tick_capture Flushed 411 ticks to trained_data/ticks
2026-07-08 06:35:14,462 INFO     src.data.tick_capture Flushed 449 ticks to trained_data/ticks
2026-07-08 06:35:44,727 INFO     src.data.tick_capture Flushed 487 ticks to trained_data/ticks
2026-07-08 06:36:15,001 INFO     src.data.tick_capture Flushed 444 ticks to trained_data/ticks
2026-07-08 06:36:45,281 INFO     src.data.tick_capture Flushed 490 ticks to trained_data/ticks
2026-07-08 06:37:15,562 INFO     src.data.tick_capture Flushed 390 ticks to trained_data/ticks
2026-07-08 06:37:45,842 INFO     src.data.tick_capture Flushed 525 ticks to trained_data/ticks
2026-07-08 06:38:16,120 INFO     src.data.tick_capture Flushed 440 ticks to trained_data/ticks
2026-07-08 06:38:46,387 INFO     src.data.tick_capture Flushed 469 ticks to trained_data/ticks
2026-07-08 06:39:16,660 INFO     src.data.tick_capture Flushed 460 ticks to trained_data/ticks
2026-07-08 06:39:46,939 INFO     src.data.tick_capture Flushed 471 ticks to trained_data/ticks
2026-07-08 06:40:17,224 INFO     src.data.tick_capture Flushed 457 ticks to trained_data/ticks
2026-07-08 06:40:47,501 INFO     src.data.tick_capture Flushed 234 ticks to trained_data/ticks
2026-07-08 06:41:17,777 INFO     src.data.tick_capture Flushed 348 ticks to trained_data/ticks
2026-07-08 06:41:48,060 INFO     src.data.tick_capture Flushed 491 ticks to trained_data/ticks
2026-07-08 06:42:18,336 INFO     src.data.tick_capture Flushed 461 ticks to trained_data/ticks
2026-07-08 06:42:48,612 INFO     src.data.tick_capture Flushed 414 ticks to trained_data/ticks
2026-07-08 06:43:18,896 INFO     src.data.tick_capture Flushed 534 ticks to trained_data/ticks
2026-07-08 06:43:49,177 INFO     src.data.tick_capture Flushed 405 ticks to trained_data/ticks
2026-07-08 06:44:19,473 INFO     src.data.tick_capture Flushed 417 ticks to trained_data/ticks
2026-07-08 06:44:49,762 INFO     src.data.tick_capture Flushed 410 ticks to trained_data/ticks
2026-07-08 06:45:20,043 INFO     src.data.tick_capture Flushed 345 ticks to trained_data/ticks
2026-07-08 06:45:50,322 INFO     src.data.tick_capture Flushed 347 ticks to trained_data/ticks
2026-07-08 06:46:20,591 INFO     src.data.tick_capture Flushed 382 ticks to trained_data/ticks
2026-07-08 06:46:50,879 INFO     src.data.tick_capture Flushed 425 ticks to trained_data/ticks
2026-07-08 06:47:21,156 INFO     src.data.tick_capture Flushed 428 ticks to trained_data/ticks
2026-07-08 06:47:51,445 INFO     src.data.tick_capture Flushed 465 ticks to trained_data/ticks
2026-07-08 06:48:21,725 INFO     src.data.tick_capture Flushed 397 ticks to trained_data/ticks
2026-07-08 06:48:52,000 INFO     src.data.tick_capture Flushed 422 ticks to trained_data/ticks
2026-07-08 06:49:22,280 INFO     src.data.tick_capture Flushed 504 ticks to trained_data/ticks
2026-07-08 06:49:52,555 INFO     src.data.tick_capture Flushed 441 ticks to trained_data/ticks
2026-07-08 06:50:22,834 INFO     src.data.tick_capture Flushed 397 ticks to trained_data/ticks
2026-07-08 06:50:53,123 INFO     src.data.tick_capture Flushed 548 ticks to trained_data/ticks
2026-07-08 06:51:23,398 INFO     src.data.tick_capture Flushed 468 ticks to trained_data/ticks
2026-07-08 06:51:53,689 INFO     src.data.tick_capture Flushed 446 ticks to trained_data/ticks
2026-07-08 06:52:23,971 INFO     src.data.tick_capture Flushed 543 ticks to trained_data/ticks
2026-07-08 06:52:54,256 INFO     src.data.tick_capture Flushed 204 ticks to trained_data/ticks
2026-07-08 06:53:24,539 INFO     src.data.tick_capture Flushed 454 ticks to trained_data/ticks
2026-07-08 06:53:54,831 INFO     src.data.tick_capture Flushed 310 ticks to trained_data/ticks
2026-07-08 06:54:25,118 INFO     src.data.tick_capture Flushed 355 ticks to trained_data/ticks
2026-07-08 06:54:55,400 INFO     src.data.tick_capture Flushed 473 ticks to trained_data/ticks
2026-07-08 06:55:25,685 INFO     src.data.tick_capture Flushed 496 ticks to trained_data/ticks
2026-07-08 06:55:55,966 INFO     src.data.tick_capture Flushed 373 ticks to trained_data/ticks
2026-07-08 06:56:26,246 INFO     src.data.tick_capture Flushed 445 ticks to trained_data/ticks
2026-07-08 06:56:56,535 INFO     src.data.tick_capture Flushed 304 ticks to trained_data/ticks
2026-07-08 06:57:26,853 INFO     src.data.tick_capture Flushed 215 ticks to trained_data/ticks
2026-07-08 06:57:57,143 INFO     src.data.tick_capture Flushed 368 ticks to trained_data/ticks
2026-07-08 06:58:27,429 INFO     src.data.tick_capture Flushed 501 ticks to trained_data/ticks
2026-07-08 06:58:57,723 INFO     src.data.tick_capture Flushed 428 ticks to trained_data/ticks
2026-07-08 06:59:28,012 INFO     src.data.tick_capture Flushed 419 ticks to trained_data/ticks
2026-07-08 06:59:58,293 INFO     src.data.tick_capture Flushed 350 ticks to trained_data/ticks
2026-07-08 07:00:28,616 INFO     src.data.tick_capture Flushed 374 ticks to trained_data/ticks
2026-07-08 07:00:58,925 INFO     src.data.tick_capture Flushed 471 ticks to trained_data/ticks
2026-07-08 07:01:29,208 INFO     src.data.tick_capture Flushed 416 ticks to trained_data/ticks
2026-07-08 07:01:59,505 INFO     src.data.tick_capture Flushed 436 ticks to trained_data/ticks
2026-07-08 07:02:29,845 INFO     src.data.tick_capture Flushed 460 ticks to trained_data/ticks
2026-07-08 07:03:00,136 INFO     src.data.tick_capture Flushed 543 ticks to trained_data/ticks
2026-07-08 07:03:30,420 INFO     src.data.tick_capture Flushed 498 ticks to trained_data/ticks
2026-07-08 07:04:00,707 INFO     src.data.tick_capture Flushed 408 ticks to trained_data/ticks
2026-07-08 07:04:31,012 INFO     src.data.tick_capture Flushed 564 ticks to trained_data/ticks
2026-07-08 07:05:01,331 INFO     src.data.tick_capture Flushed 501 ticks to trained_data/ticks
2026-07-08 07:05:31,618 INFO     src.data.tick_capture Flushed 413 ticks to trained_data/ticks
2026-07-08 07:06:01,993 INFO     src.data.tick_capture Flushed 378 ticks to trained_data/ticks
2026-07-08 07:06:32,285 INFO     src.data.tick_capture Flushed 389 ticks to trained_data/ticks
2026-07-08 07:07:02,640 INFO     src.data.tick_capture Flushed 462 ticks to trained_data/ticks
2026-07-08 07:07:33,051 INFO     src.data.tick_capture Flushed 422 ticks to trained_data/ticks
2026-07-08 07:08:03,361 INFO     src.data.tick_capture Flushed 406 ticks to trained_data/ticks
2026-07-08 07:08:33,719 INFO     src.data.tick_capture Flushed 384 ticks to trained_data/ticks
2026-07-08 07:09:04,070 INFO     src.data.tick_capture Flushed 449 ticks to trained_data/ticks
2026-07-08 07:09:34,466 INFO     src.data.tick_capture Flushed 535 ticks to trained_data/ticks
2026-07-08 07:10:04,809 INFO     src.data.tick_capture Flushed 399 ticks to trained_data/ticks
2026-07-08 07:10:35,134 INFO     src.data.tick_capture Flushed 429 ticks to trained_data/ticks
2026-07-08 07:11:05,415 INFO     src.data.tick_capture Flushed 361 ticks to trained_data/ticks
2026-07-08 07:11:35,724 INFO     src.data.tick_capture Flushed 414 ticks to trained_data/ticks
2026-07-08 07:12:06,050 INFO     src.data.tick_capture Flushed 364 ticks to trained_data/ticks
2026-07-08 07:12:36,332 INFO     src.data.tick_capture Flushed 463 ticks to trained_data/ticks
2026-07-08 07:13:06,662 INFO     src.data.tick_capture Flushed 394 ticks to trained_data/ticks
2026-07-08 07:13:36,994 INFO     src.data.tick_capture Flushed 388 ticks to trained_data/ticks
2026-07-08 07:14:07,303 INFO     src.data.tick_capture Flushed 395 ticks to trained_data/ticks
2026-07-08 07:14:37,613 INFO     src.data.tick_capture Flushed 454 ticks to trained_data/ticks
2026-07-08 07:15:08,016 INFO     src.data.tick_capture Flushed 411 ticks to trained_data/ticks
2026-07-08 07:15:38,338 INFO     src.data.tick_capture Flushed 344 ticks to trained_data/ticks
2026-07-08 07:16:08,652 INFO     src.data.tick_capture Flushed 466 ticks to trained_data/ticks
2026-07-08 07:16:38,947 INFO     src.data.tick_capture Flushed 336 ticks to trained_data/ticks
2026-07-08 07:17:09,259 INFO     src.data.tick_capture Flushed 418 ticks to trained_data/ticks
2026-07-08 07:17:39,572 INFO     src.data.tick_capture Flushed 419 ticks to trained_data/ticks
2026-07-08 07:18:09,867 INFO     src.data.tick_capture Flushed 367 ticks to trained_data/ticks
2026-07-08 07:18:40,158 INFO     src.data.tick_capture Flushed 398 ticks to trained_data/ticks
2026-07-08 07:19:10,450 INFO     src.data.tick_capture Flushed 264 ticks to trained_data/ticks
2026-07-08 07:19:40,739 INFO     src.data.tick_capture Flushed 299 ticks to trained_data/ticks
2026-07-08 07:20:11,020 INFO     src.data.tick_capture Flushed 366 ticks to trained_data/ticks
2026-07-08 07:20:41,313 INFO     src.data.tick_capture Flushed 329 ticks to trained_data/ticks
2026-07-08 07:21:11,601 INFO     src.data.tick_capture Flushed 396 ticks to trained_data/ticks
2026-07-08 07:21:41,904 INFO     src.data.tick_capture Flushed 350 ticks to trained_data/ticks
2026-07-08 07:22:12,210 INFO     src.data.tick_capture Flushed 381 ticks to trained_data/ticks
2026-07-08 07:22:42,512 INFO     src.data.tick_capture Flushed 320 ticks to trained_data/ticks
2026-07-08 07:23:12,802 INFO     src.data.tick_capture Flushed 411 ticks to trained_data/ticks
2026-07-08 07:23:43,092 INFO     src.data.tick_capture Flushed 454 ticks to trained_data/ticks
2026-07-08 07:24:13,382 INFO     src.data.tick_capture Flushed 430 ticks to trained_data/ticks
2026-07-08 07:24:43,682 INFO     src.data.tick_capture Flushed 382 ticks to trained_data/ticks
2026-07-08 07:25:13,969 INFO     src.data.tick_capture Flushed 316 ticks to trained_data/ticks
2026-07-08 07:25:44,277 INFO     src.data.tick_capture Flushed 312 ticks to trained_data/ticks
2026-07-08 07:26:14,574 INFO     src.data.tick_capture Flushed 278 ticks to trained_data/ticks
2026-07-08 07:26:44,879 INFO     src.data.tick_capture Flushed 458 ticks to trained_data/ticks
2026-07-08 07:27:15,174 INFO     src.data.tick_capture Flushed 369 ticks to trained_data/ticks
2026-07-08 07:27:45,469 INFO     src.data.tick_capture Flushed 388 ticks to trained_data/ticks
2026-07-08 07:28:15,775 INFO     src.data.tick_capture Flushed 400 ticks to trained_data/ticks
2026-07-08 07:28:46,074 INFO     src.data.tick_capture Flushed 331 ticks to trained_data/ticks
2026-07-08 07:29:16,386 INFO     src.data.tick_capture Flushed 401 ticks to trained_data/ticks
2026-07-08 07:29:46,717 INFO     src.data.tick_capture Flushed 377 ticks to trained_data/ticks
2026-07-08 07:30:17,025 INFO     src.data.tick_capture Flushed 444 ticks to trained_data/ticks
2026-07-08 07:30:47,339 INFO     src.data.tick_capture Flushed 557 ticks to trained_data/ticks
2026-07-08 07:31:17,651 INFO     src.data.tick_capture Flushed 507 ticks to trained_data/ticks
2026-07-08 07:31:47,959 INFO     src.data.tick_capture Flushed 526 ticks to trained_data/ticks
2026-07-08 07:32:18,256 INFO     src.data.tick_capture Flushed 589 ticks to trained_data/ticks
2026-07-08 07:32:48,545 INFO     src.data.tick_capture Flushed 411 ticks to trained_data/ticks
2026-07-08 07:33:18,846 INFO     src.data.tick_capture Flushed 568 ticks to trained_data/ticks
2026-07-08 07:33:49,168 INFO     src.data.tick_capture Flushed 313 ticks to trained_data/ticks
2026-07-08 07:34:19,464 INFO     src.data.tick_capture Flushed 390 ticks to trained_data/ticks
2026-07-08 07:34:49,785 INFO     src.data.tick_capture Flushed 392 ticks to trained_data/ticks
2026-07-08 07:35:20,100 INFO     src.data.tick_capture Flushed 527 ticks to trained_data/ticks
2026-07-08 07:35:50,397 INFO     src.data.tick_capture Flushed 442 ticks to trained_data/ticks
2026-07-08 07:36:20,712 INFO     src.data.tick_capture Flushed 516 ticks to trained_data/ticks
2026-07-08 07:36:51,031 INFO     src.data.tick_capture Flushed 595 ticks to trained_data/ticks
2026-07-08 07:37:21,332 INFO     src.data.tick_capture Flushed 644 ticks to trained_data/ticks
2026-07-08 07:37:51,656 INFO     src.data.tick_capture Flushed 539 ticks to trained_data/ticks
2026-07-08 07:38:21,976 INFO     src.data.tick_capture Flushed 771 ticks to trained_data/ticks
2026-07-08 07:38:52,277 INFO     src.data.tick_capture Flushed 721 ticks to trained_data/ticks
2026-07-08 07:39:22,573 INFO     src.data.tick_capture Flushed 614 ticks to trained_data/ticks
2026-07-08 07:39:52,876 INFO     src.data.tick_capture Flushed 680 ticks to trained_data/ticks
2026-07-08 07:40:23,170 INFO     src.data.tick_capture Flushed 569 ticks to trained_data/ticks
2026-07-08 07:40:53,472 INFO     src.data.tick_capture Flushed 546 ticks to trained_data/ticks
2026-07-08 07:41:23,794 INFO     src.data.tick_capture Flushed 611 ticks to trained_data/ticks
2026-07-08 07:41:54,112 INFO     src.data.tick_capture Flushed 534 ticks to trained_data/ticks
2026-07-08 07:42:24,416 INFO     src.data.tick_capture Flushed 491 ticks to trained_data/ticks
2026-07-08 07:42:54,731 INFO     src.data.tick_capture Flushed 464 ticks to trained_data/ticks
2026-07-08 07:43:25,040 INFO     src.data.tick_capture Flushed 523 ticks to trained_data/ticks
2026-07-08 07:43:55,352 INFO     src.data.tick_capture Flushed 915 ticks to trained_data/ticks
2026-07-08 07:44:25,673 INFO     src.data.tick_capture Flushed 1030 ticks to trained_data/ticks
2026-07-08 07:44:55,974 INFO     src.data.tick_capture Flushed 829 ticks to trained_data/ticks
2026-07-08 07:45:26,282 INFO     src.data.tick_capture Flushed 844 ticks to trained_data/ticks
2026-07-08 07:45:56,597 INFO     src.data.tick_capture Flushed 740 ticks to trained_data/ticks
2026-07-08 07:46:26,920 INFO     src.data.tick_capture Flushed 775 ticks to trained_data/ticks
2026-07-08 07:46:57,239 INFO     src.data.tick_capture Flushed 644 ticks to trained_data/ticks
2026-07-08 07:47:27,557 INFO     src.data.tick_capture Flushed 684 ticks to trained_data/ticks
2026-07-08 07:47:57,869 INFO     src.data.tick_capture Flushed 714 ticks to trained_data/ticks
2026-07-08 07:48:28,180 INFO     src.data.tick_capture Flushed 668 ticks to trained_data/ticks
2026-07-08 07:48:58,497 INFO     src.data.tick_capture Flushed 655 ticks to trained_data/ticks
2026-07-08 07:49:28,814 INFO     src.data.tick_capture Flushed 601 ticks to trained_data/ticks
2026-07-08 07:49:59,117 INFO     src.data.tick_capture Flushed 602 ticks to trained_data/ticks
2026-07-08 07:50:29,419 INFO     src.data.tick_capture Flushed 780 ticks to trained_data/ticks
2026-07-08 07:50:59,702 INFO     src.data.tick_capture Flushed 628 ticks to trained_data/ticks
2026-07-08 07:51:30,002 INFO     src.data.tick_capture Flushed 551 ticks to trained_data/ticks
2026-07-08 07:52:00,290 INFO     src.data.tick_capture Flushed 612 ticks to trained_data/ticks
2026-07-08 07:52:30,588 INFO     src.data.tick_capture Flushed 662 ticks to trained_data/ticks
2026-07-08 07:53:01,245 INFO     src.data.tick_capture Flushed 557 ticks to trained_data/ticks
2026-07-08 07:53:31,766 INFO     src.data.tick_capture Flushed 500 ticks to trained_data/ticks
2026-07-08 07:54:02,360 INFO     src.data.tick_capture Flushed 475 ticks to trained_data/ticks
2026-07-08 07:54:32,805 INFO     src.data.tick_capture Flushed 439 ticks to trained_data/ticks
2026-07-08 07:55:03,210 INFO     src.data.tick_capture Flushed 664 ticks to trained_data/ticks
2026-07-08 07:55:33,560 INFO     src.data.tick_capture Flushed 643 ticks to trained_data/ticks
2026-07-08 07:56:03,967 INFO     src.data.tick_capture Flushed 576 ticks to trained_data/ticks
2026-07-08 07:56:34,375 INFO     src.data.tick_capture Flushed 529 ticks to trained_data/ticks
2026-07-08 07:57:04,709 INFO     src.data.tick_capture Flushed 744 ticks to trained_data/ticks
2026-07-08 07:57:35,032 INFO     src.data.tick_capture Flushed 643 ticks to trained_data/ticks
2026-07-08 07:58:05,376 INFO     src.data.tick_capture Flushed 713 ticks to trained_data/ticks
2026-07-08 07:58:35,852 INFO     src.data.tick_capture Flushed 496 ticks to trained_data/ticks
2026-07-08 07:59:06,201 INFO     src.data.tick_capture Flushed 558 ticks to trained_data/ticks
2026-07-08 07:59:36,537 INFO     src.data.tick_capture Flushed 466 ticks to trained_data/ticks
2026-07-08 08:00:06,909 INFO     src.data.tick_capture Flushed 551 ticks to trained_data/ticks
2026-07-08 08:00:37,277 INFO     src.data.tick_capture Flushed 715 ticks to trained_data/ticks
2026-07-08 08:01:07,586 INFO     src.data.tick_capture Flushed 712 ticks to trained_data/ticks
2026-07-08 08:01:37,931 INFO     src.data.tick_capture Flushed 746 ticks to trained_data/ticks
2026-07-08 08:02:08,273 INFO     src.data.tick_capture Flushed 702 ticks to trained_data/ticks
2026-07-08 08:02:38,616 INFO     src.data.tick_capture Flushed 663 ticks to trained_data/ticks
2026-07-08 08:03:08,960 INFO     src.data.tick_capture Flushed 655 ticks to trained_data/ticks
2026-07-08 08:03:39,353 INFO     src.data.tick_capture Flushed 614 ticks to trained_data/ticks
2026-07-08 08:04:09,705 INFO     src.data.tick_capture Flushed 598 ticks to trained_data/ticks
2026-07-08 08:04:40,076 INFO     src.data.tick_capture Flushed 531 ticks to trained_data/ticks
2026-07-08 08:05:10,473 INFO     src.data.tick_capture Flushed 715 ticks to trained_data/ticks
2026-07-08 08:05:40,827 INFO     src.data.tick_capture Flushed 617 ticks to trained_data/ticks
2026-07-08 08:06:11,162 INFO     src.data.tick_capture Flushed 713 ticks to trained_data/ticks
2026-07-08 08:06:41,505 INFO     src.data.tick_capture Flushed 468 ticks to trained_data/ticks
2026-07-08 08:07:11,849 INFO     src.data.tick_capture Flushed 590 ticks to trained_data/ticks
2026-07-08 08:07:42,241 INFO     src.data.tick_capture Flushed 762 ticks to trained_data/ticks
2026-07-08 08:08:12,870 INFO     src.data.tick_capture Flushed 731 ticks to trained_data/ticks
2026-07-08 08:08:43,266 INFO     src.data.tick_capture Flushed 557 ticks to trained_data/ticks
2026-07-08 08:09:13,565 INFO     src.data.tick_capture Flushed 521 ticks to trained_data/ticks
2026-07-08 08:09:43,991 INFO     src.data.tick_capture Flushed 531 ticks to trained_data/ticks
2026-07-08 08:10:14,294 INFO     src.data.tick_capture Flushed 651 ticks to trained_data/ticks
2026-07-08 08:10:44,603 INFO     src.data.tick_capture Flushed 538 ticks to trained_data/ticks
2026-07-08 08:11:14,920 INFO     src.data.tick_capture Flushed 654 ticks to trained_data/ticks
2026-07-08 08:11:45,272 INFO     src.data.tick_capture Flushed 563 ticks to trained_data/ticks
2026-07-08 08:12:15,586 INFO     src.data.tick_capture Flushed 656 ticks to trained_data/ticks
2026-07-08 08:12:45,908 INFO     src.data.tick_capture Flushed 472 ticks to trained_data/ticks
2026-07-08 08:13:16,233 INFO     src.data.tick_capture Flushed 524 ticks to trained_data/ticks
2026-07-08 08:13:46,564 INFO     src.data.tick_capture Flushed 513 ticks to trained_data/ticks
2026-07-08 08:14:16,891 INFO     src.data.tick_capture Flushed 547 ticks to trained_data/ticks
2026-07-08 08:14:47,232 INFO     src.data.tick_capture Flushed 472 ticks to trained_data/ticks
2026-07-08 08:15:17,577 INFO     src.data.tick_capture Flushed 554 ticks to trained_data/ticks
2026-07-08 08:15:47,921 INFO     src.data.tick_capture Flushed 641 ticks to trained_data/ticks
2026-07-08 08:16:18,298 INFO     src.data.tick_capture Flushed 692 ticks to trained_data/ticks
2026-07-08 08:16:48,619 INFO     src.data.tick_capture Flushed 644 ticks to trained_data/ticks
2026-07-08 08:17:18,987 INFO     src.data.tick_capture Flushed 603 ticks to trained_data/ticks
2026-07-08 08:17:49,330 INFO     src.data.tick_capture Flushed 523 ticks to trained_data/ticks
2026-07-08 08:18:19,673 INFO     src.data.tick_capture Flushed 613 ticks to trained_data/ticks
2026-07-08 08:18:50,020 INFO     src.data.tick_capture Flushed 570 ticks to trained_data/ticks
2026-07-08 08:19:20,415 INFO     src.data.tick_capture Flushed 661 ticks to trained_data/ticks
2026-07-08 08:19:50,760 INFO     src.data.tick_capture Flushed 575 ticks to trained_data/ticks
2026-07-08 08:20:21,508 INFO     src.data.tick_capture Flushed 706 ticks to trained_data/ticks
2026-07-08 08:20:51,885 INFO     src.data.tick_capture Flushed 498 ticks to trained_data/ticks
2026-07-08 08:21:22,253 INFO     src.data.tick_capture Flushed 640 ticks to trained_data/ticks
2026-07-08 08:21:52,585 INFO     src.data.tick_capture Flushed 459 ticks to trained_data/ticks
2026-07-08 08:22:22,920 INFO     src.data.tick_capture Flushed 517 ticks to trained_data/ticks
2026-07-08 08:22:53,260 INFO     src.data.tick_capture Flushed 497 ticks to trained_data/ticks
2026-07-08 08:23:23,612 INFO     src.data.tick_capture Flushed 571 ticks to trained_data/ticks
2026-07-08 08:23:53,952 INFO     src.data.tick_capture Flushed 602 ticks to trained_data/ticks
2026-07-08 08:24:24,267 INFO     src.data.tick_capture Flushed 540 ticks to trained_data/ticks
2026-07-08 08:24:54,603 INFO     src.data.tick_capture Flushed 546 ticks to trained_data/ticks
2026-07-08 08:25:24,922 INFO     src.data.tick_capture Flushed 621 ticks to trained_data/ticks
2026-07-08 08:25:55,257 INFO     src.data.tick_capture Flushed 585 ticks to trained_data/ticks
2026-07-08 08:26:25,587 INFO     src.data.tick_capture Flushed 597 ticks to trained_data/ticks
2026-07-08 08:26:55,918 INFO     src.data.tick_capture Flushed 477 ticks to trained_data/ticks
2026-07-08 08:27:26,249 INFO     src.data.tick_capture Flushed 466 ticks to trained_data/ticks
2026-07-08 08:27:56,585 INFO     src.data.tick_capture Flushed 479 ticks to trained_data/ticks
2026-07-08 08:28:26,946 INFO     src.data.tick_capture Flushed 389 ticks to trained_data/ticks
2026-07-08 08:28:57,306 INFO     src.data.tick_capture Flushed 418 ticks to trained_data/ticks
2026-07-08 08:29:27,633 INFO     src.data.tick_capture Flushed 508 ticks to trained_data/ticks
2026-07-08 08:29:57,967 INFO     src.data.tick_capture Flushed 597 ticks to trained_data/ticks
2026-07-08 08:30:28,310 INFO     src.data.tick_capture Flushed 768 ticks to trained_data/ticks
2026-07-08 08:30:58,643 INFO     src.data.tick_capture Flushed 593 ticks to trained_data/ticks
2026-07-08 08:31:29,039 INFO     src.data.tick_capture Flushed 508 ticks to trained_data/ticks
2026-07-08 08:31:59,362 INFO     src.data.tick_capture Flushed 524 ticks to trained_data/ticks
2026-07-08 08:32:29,771 INFO     src.data.tick_capture Flushed 404 ticks to trained_data/ticks
2026-07-08 08:33:00,123 INFO     src.data.tick_capture Flushed 446 ticks to trained_data/ticks
2026-07-08 08:33:30,448 INFO     src.data.tick_capture Flushed 520 ticks to trained_data/ticks
2026-07-08 08:34:00,937 INFO     src.data.tick_capture Flushed 423 ticks to trained_data/ticks
2026-07-08 08:34:31,290 INFO     src.data.tick_capture Flushed 465 ticks to trained_data/ticks
2026-07-08 08:35:01,632 INFO     src.data.tick_capture Flushed 551 ticks to trained_data/ticks
2026-07-08 08:35:31,943 INFO     src.data.tick_capture Flushed 511 ticks to trained_data/ticks
2026-07-08 08:36:02,259 INFO     src.data.tick_capture Flushed 394 ticks to trained_data/ticks
2026-07-08 08:36:32,592 INFO     src.data.tick_capture Flushed 498 ticks to trained_data/ticks
2026-07-08 08:37:02,917 INFO     src.data.tick_capture Flushed 593 ticks to trained_data/ticks
2026-07-08 08:37:33,627 INFO     src.data.tick_capture Flushed 401 ticks to trained_data/ticks
2026-07-08 08:38:04,139 INFO     src.data.tick_capture Flushed 433 ticks to trained_data/ticks
2026-07-08 08:38:34,475 INFO     src.data.tick_capture Flushed 271 ticks to trained_data/ticks
2026-07-08 08:39:04,799 INFO     src.data.tick_capture Flushed 401 ticks to trained_data/ticks
2026-07-08 08:39:35,157 INFO     src.data.tick_capture Flushed 416 ticks to trained_data/ticks
2026-07-08 08:40:05,499 INFO     src.data.tick_capture Flushed 506 ticks to trained_data/ticks
2026-07-08 08:40:35,900 INFO     src.data.tick_capture Flushed 570 ticks to trained_data/ticks
2026-07-08 08:41:06,288 INFO     src.data.tick_capture Flushed 420 ticks to trained_data/ticks
2026-07-08 08:41:36,639 INFO     src.data.tick_capture Flushed 413 ticks to trained_data/ticks
2026-07-08 08:42:06,977 INFO     src.data.tick_capture Flushed 456 ticks to trained_data/ticks
2026-07-08 08:42:37,321 INFO     src.data.tick_capture Flushed 553 ticks to trained_data/ticks
2026-07-08 08:43:07,659 INFO     src.data.tick_capture Flushed 449 ticks to trained_data/ticks
2026-07-08 08:43:38,080 INFO     src.data.tick_capture Flushed 509 ticks to trained_data/ticks
2026-07-08 08:44:08,565 INFO     src.data.tick_capture Flushed 441 ticks to trained_data/ticks
2026-07-08 08:44:39,010 INFO     src.data.tick_capture Flushed 450 ticks to trained_data/ticks
2026-07-08 08:45:09,363 INFO     src.data.tick_capture Flushed 499 ticks to trained_data/ticks
2026-07-08 08:45:39,680 INFO     src.data.tick_capture Flushed 564 ticks to trained_data/ticks
2026-07-08 08:46:10,026 INFO     src.data.tick_capture Flushed 522 ticks to trained_data/ticks
2026-07-08 08:46:40,372 INFO     src.data.tick_capture Flushed 545 ticks to trained_data/ticks
2026-07-08 08:47:10,708 INFO     src.data.tick_capture Flushed 475 ticks to trained_data/ticks
2026-07-08 08:47:41,043 INFO     src.data.tick_capture Flushed 351 ticks to trained_data/ticks
2026-07-08 08:48:11,418 INFO     src.data.tick_capture Flushed 377 ticks to trained_data/ticks
2026-07-08 08:48:41,773 INFO     src.data.tick_capture Flushed 384 ticks to trained_data/ticks
2026-07-08 08:49:12,131 INFO     src.data.tick_capture Flushed 471 ticks to trained_data/ticks
2026-07-08 08:49:42,446 INFO     src.data.tick_capture Flushed 485 ticks to trained_data/ticks
2026-07-08 08:50:12,787 INFO     src.data.tick_capture Flushed 396 ticks to trained_data/ticks
2026-07-08 08:50:43,206 INFO     src.data.tick_capture Flushed 327 ticks to trained_data/ticks
2026-07-08 08:51:13,562 INFO     src.data.tick_capture Flushed 402 ticks to trained_data/ticks
2026-07-08 08:51:43,916 INFO     src.data.tick_capture Flushed 454 ticks to trained_data/ticks
2026-07-08 08:52:14,263 INFO     src.data.tick_capture Flushed 432 ticks to trained_data/ticks
2026-07-08 08:52:44,607 INFO     src.data.tick_capture Flushed 437 ticks to trained_data/ticks
2026-07-08 08:53:14,960 INFO     src.data.tick_capture Flushed 322 ticks to trained_data/ticks
2026-07-08 08:53:45,510 INFO     src.data.tick_capture Flushed 369 ticks to trained_data/ticks
2026-07-08 08:54:15,978 INFO     src.data.tick_capture Flushed 403 ticks to trained_data/ticks
2026-07-08 08:54:46,341 INFO     src.data.tick_capture Flushed 487 ticks to trained_data/ticks
2026-07-08 08:55:16,698 INFO     src.data.tick_capture Flushed 476 ticks to trained_data/ticks
2026-07-08 08:55:47,034 INFO     src.data.tick_capture Flushed 385 ticks to trained_data/ticks
2026-07-08 08:56:17,669 INFO     src.data.tick_capture Flushed 499 ticks to trained_data/ticks
2026-07-08 08:56:48,084 INFO     src.data.tick_capture Flushed 1273 ticks to trained_data/ticks
2026-07-08 08:57:18,427 INFO     src.data.tick_capture Flushed 1053 ticks to trained_data/ticks
2026-07-08 08:57:48,778 INFO     src.data.tick_capture Flushed 934 ticks to trained_data/ticks
2026-07-08 08:58:19,143 INFO     src.data.tick_capture Flushed 840 ticks to trained_data/ticks
2026-07-08 08:58:49,501 INFO     src.data.tick_capture Flushed 794 ticks to trained_data/ticks
2026-07-08 08:59:19,862 INFO     src.data.tick_capture Flushed 787 ticks to trained_data/ticks
2026-07-08 08:59:50,230 INFO     src.data.tick_capture Flushed 753 ticks to trained_data/ticks
2026-07-08 09:00:20,595 INFO     src.data.tick_capture Flushed 847 ticks to trained_data/ticks
2026-07-08 09:00:50,936 INFO     src.data.tick_capture Flushed 720 ticks to trained_data/ticks
2026-07-08 09:01:21,303 INFO     src.data.tick_capture Flushed 760 ticks to trained_data/ticks
2026-07-08 09:01:51,686 INFO     src.data.tick_capture Flushed 670 ticks to trained_data/ticks
2026-07-08 09:02:22,078 INFO     src.data.tick_capture Flushed 752 ticks to trained_data/ticks
2026-07-08 09:02:52,463 INFO     src.data.tick_capture Flushed 608 ticks to trained_data/ticks
2026-07-08 09:03:22,875 INFO     src.data.tick_capture Flushed 616 ticks to trained_data/ticks
2026-07-08 09:03:53,237 INFO     src.data.tick_capture Flushed 639 ticks to trained_data/ticks
2026-07-08 09:04:23,691 INFO     src.data.tick_capture Flushed 712 ticks to trained_data/ticks
2026-07-08 09:04:54,039 INFO     src.data.tick_capture Flushed 505 ticks to trained_data/ticks
2026-07-08 09:05:24,413 INFO     src.data.tick_capture Flushed 609 ticks to trained_data/ticks
2026-07-08 09:05:54,778 INFO     src.data.tick_capture Flushed 714 ticks to trained_data/ticks
2026-07-08 09:06:25,194 INFO     src.data.tick_capture Flushed 806 ticks to trained_data/ticks
2026-07-08 09:06:55,557 INFO     src.data.tick_capture Flushed 636 ticks to trained_data/ticks
2026-07-08 09:07:25,943 INFO     src.data.tick_capture Flushed 547 ticks to trained_data/ticks
2026-07-08 09:07:56,338 INFO     src.data.tick_capture Flushed 597 ticks to trained_data/ticks
2026-07-08 09:08:26,718 INFO     src.data.tick_capture Flushed 590 ticks to trained_data/ticks
2026-07-08 09:08:57,059 INFO     src.data.tick_capture Flushed 659 ticks to trained_data/ticks
2026-07-08 09:09:27,459 INFO     src.data.tick_capture Flushed 632 ticks to trained_data/ticks
2026-07-08 09:09:57,871 INFO     src.data.tick_capture Flushed 744 ticks to trained_data/ticks
2026-07-08 09:10:28,245 INFO     src.data.tick_capture Flushed 734 ticks to trained_data/ticks
2026-07-08 09:10:58,608 INFO     src.data.tick_capture Flushed 617 ticks to trained_data/ticks
2026-07-08 09:11:29,022 INFO     src.data.tick_capture Flushed 561 ticks to trained_data/ticks
2026-07-08 09:11:59,391 INFO     src.data.tick_capture Flushed 487 ticks to trained_data/ticks
2026-07-08 09:12:29,758 INFO     src.data.tick_capture Flushed 689 ticks to trained_data/ticks
2026-07-08 09:13:00,122 INFO     src.data.tick_capture Flushed 582 ticks to trained_data/ticks
2026-07-08 09:13:30,489 INFO     src.data.tick_capture Flushed 560 ticks to trained_data/ticks
2026-07-08 09:14:00,872 INFO     src.data.tick_capture Flushed 654 ticks to trained_data/ticks
2026-07-08 09:14:31,274 INFO     src.data.tick_capture Flushed 681 ticks to trained_data/ticks
2026-07-08 09:15:01,661 INFO     src.data.tick_capture Flushed 620 ticks to trained_data/ticks
2026-07-08 09:15:32,053 INFO     src.data.tick_capture Flushed 566 ticks to trained_data/ticks
2026-07-08 09:16:02,403 INFO     src.data.tick_capture Flushed 561 ticks to trained_data/ticks
2026-07-08 09:16:32,783 INFO     src.data.tick_capture Flushed 475 ticks to trained_data/ticks
2026-07-08 09:17:03,198 INFO     src.data.tick_capture Flushed 571 ticks to trained_data/ticks
2026-07-08 09:17:33,613 INFO     src.data.tick_capture Flushed 682 ticks to trained_data/ticks
2026-07-08 09:18:03,983 INFO     src.data.tick_capture Flushed 637 ticks to trained_data/ticks
2026-07-08 09:18:34,346 INFO     src.data.tick_capture Flushed 613 ticks to trained_data/ticks
2026-07-08 09:19:04,725 INFO     src.data.tick_capture Flushed 743 ticks to trained_data/ticks
2026-07-08 09:19:35,091 INFO     src.data.tick_capture Flushed 503 ticks to trained_data/ticks
2026-07-08 09:20:05,475 INFO     src.data.tick_capture Flushed 556 ticks to trained_data/ticks
2026-07-08 09:20:35,831 INFO     src.data.tick_capture Flushed 496 ticks to trained_data/ticks
2026-07-08 09:21:06,254 INFO     src.data.tick_capture Flushed 550 ticks to trained_data/ticks
2026-07-08 09:21:36,635 INFO     src.data.tick_capture Flushed 486 ticks to trained_data/ticks
2026-07-08 09:22:06,992 INFO     src.data.tick_capture Flushed 679 ticks to trained_data/ticks
2026-07-08 09:22:37,392 INFO     src.data.tick_capture Flushed 564 ticks to trained_data/ticks
2026-07-08 09:23:07,796 INFO     src.data.tick_capture Flushed 453 ticks to trained_data/ticks
2026-07-08 09:23:38,168 INFO     src.data.tick_capture Flushed 602 ticks to trained_data/ticks
2026-07-08 09:24:08,550 INFO     src.data.tick_capture Flushed 599 ticks to trained_data/ticks
2026-07-08 09:24:38,918 INFO     src.data.tick_capture Flushed 607 ticks to trained_data/ticks
2026-07-08 09:25:09,312 INFO     src.data.tick_capture Flushed 603 ticks to trained_data/ticks
2026-07-08 09:25:39,750 INFO     src.data.tick_capture Flushed 419 ticks to trained_data/ticks
2026-07-08 09:26:10,198 INFO     src.data.tick_capture Flushed 586 ticks to trained_data/ticks
2026-07-08 09:26:40,580 INFO     src.data.tick_capture Flushed 645 ticks to trained_data/ticks
2026-07-08 09:27:10,965 INFO     src.data.tick_capture Flushed 562 ticks to trained_data/ticks
2026-07-08 09:27:41,349 INFO     src.data.tick_capture Flushed 539 ticks to trained_data/ticks
2026-07-08 09:28:11,706 INFO     src.data.tick_capture Flushed 586 ticks to trained_data/ticks
2026-07-08 09:28:42,090 INFO     src.data.tick_capture Flushed 550 ticks to trained_data/ticks
2026-07-08 09:29:12,483 INFO     src.data.tick_capture Flushed 661 ticks to trained_data/ticks
2026-07-08 09:29:42,871 INFO     src.data.tick_capture Flushed 840 ticks to trained_data/ticks
2026-07-08 09:30:13,244 INFO     src.data.tick_capture Flushed 849 ticks to trained_data/ticks
2026-07-08 09:30:43,609 INFO     src.data.tick_capture Flushed 752 ticks to trained_data/ticks
2026-07-08 09:31:13,981 INFO     src.data.tick_capture Flushed 805 ticks to trained_data/ticks
2026-07-08 09:31:50,422 INFO     src.data.tick_capture Flushed 686 ticks to trained_data/ticks
2026-07-08 09:32:25,429 INFO     src.data.tick_capture Flushed 989 ticks to trained_data/ticks
2026-07-08 09:33:11,706 INFO     src.data.tick_capture Flushed 736 ticks to trained_data/ticks
2026-07-08 09:33:49,695 INFO     src.data.tick_capture Flushed 1094 ticks to trained_data/ticks
2026-07-08 09:34:22,837 INFO     src.data.tick_capture Flushed 907 ticks to trained_data/ticks
2026-07-08 09:35:07,569 INFO     src.data.tick_capture Flushed 818 ticks to trained_data/ticks
2026-07-08 09:35:48,032 INFO     src.data.tick_capture Flushed 1065 ticks to trained_data/ticks
2026-07-08 09:36:23,764 INFO     src.data.tick_capture Flushed 1046 ticks to trained_data/ticks
2026-07-08 09:37:03,637 INFO     src.data.tick_capture Flushed 843 ticks to trained_data/ticks
2026-07-08 09:37:38,532 INFO     src.data.tick_capture Flushed 889 ticks to trained_data/ticks
2026-07-08 09:38:17,972 INFO     src.data.tick_capture Flushed 715 ticks to trained_data/ticks
2026-07-08 09:39:05,335 INFO     src.data.tick_capture Flushed 971 ticks to trained_data/ticks
2026-07-08 09:39:49,428 INFO     src.data.tick_capture Flushed 1046 ticks to trained_data/ticks
2026-07-08 09:40:27,985 INFO     src.data.tick_capture Flushed 1013 ticks to trained_data/ticks
2026-07-08 09:41:14,491 INFO     src.data.tick_capture Flushed 933 ticks to trained_data/ticks
2026-07-08 09:41:50,208 INFO     src.data.tick_capture Flushed 987 ticks to trained_data/ticks
2026-07-08 09:42:24,887 INFO     src.data.tick_capture Flushed 864 ticks to trained_data/ticks
2026-07-08 09:43:14,208 INFO     src.data.tick_capture Flushed 877 ticks to trained_data/ticks
2026-07-08 09:43:51,784 INFO     src.data.tick_capture Flushed 1152 ticks to trained_data/ticks
2026-07-08 09:44:29,247 INFO     src.data.tick_capture Flushed 929 ticks to trained_data/ticks
2026-07-08 09:45:03,611 INFO     src.data.tick_capture Flushed 850 ticks to trained_data/ticks
2026-07-08 09:45:36,855 INFO     src.data.tick_capture Flushed 777 ticks to trained_data/ticks
2026-07-08 09:46:10,314 INFO     src.data.tick_capture Flushed 816 ticks to trained_data/ticks
2026-07-08 09:46:47,459 INFO     src.data.tick_capture Flushed 783 ticks to trained_data/ticks
2026-07-08 09:47:30,328 INFO     src.data.tick_capture Flushed 852 ticks to trained_data/ticks
2026-07-08 09:48:04,584 INFO     src.data.tick_capture Flushed 916 ticks to trained_data/ticks
2026-07-08 09:48:55,021 INFO     src.data.tick_capture Flushed 730 ticks to trained_data/ticks
2026-07-08 09:49:35,403 INFO     src.data.tick_capture Flushed 1074 ticks to trained_data/ticks
2026-07-08 09:50:16,674 INFO     src.data.tick_capture Flushed 913 ticks to trained_data/ticks
2026-07-08 09:50:56,710 INFO     src.data.tick_capture Flushed 670 ticks to trained_data/ticks
2026-07-08 09:51:31,465 INFO     src.data.tick_capture Flushed 977 ticks to trained_data/ticks
2026-07-08 09:52:09,180 INFO     src.data.tick_capture Flushed 729 ticks to trained_data/ticks
2026-07-08 09:52:46,511 INFO     src.data.tick_capture Flushed 884 ticks to trained_data/ticks
2026-07-08 09:53:21,299 INFO     src.data.tick_capture Flushed 870 ticks to trained_data/ticks
2026-07-08 09:53:51,671 INFO     src.data.tick_capture Flushed 887 ticks to trained_data/ticks
2026-07-08 09:54:22,062 INFO     src.data.tick_capture Flushed 839 ticks to trained_data/ticks
2026-07-08 09:54:52,448 INFO     src.data.tick_capture Flushed 806 ticks to trained_data/ticks
2026-07-08 09:55:22,850 INFO     src.data.tick_capture Flushed 742 ticks to trained_data/ticks
2026-07-08 09:55:53,250 INFO     src.data.tick_capture Flushed 605 ticks to trained_data/ticks
2026-07-08 09:56:23,632 INFO     src.data.tick_capture Flushed 582 ticks to trained_data/ticks
2026-07-08 09:56:54,023 INFO     src.data.tick_capture Flushed 663 ticks to trained_data/ticks
2026-07-08 09:57:24,534 INFO     src.data.tick_capture Flushed 738 ticks to trained_data/ticks
2026-07-08 09:57:54,921 INFO     src.data.tick_capture Flushed 758 ticks to trained_data/ticks
2026-07-08 09:58:25,344 INFO     src.data.tick_capture Flushed 652 ticks to trained_data/ticks
2026-07-08 09:58:55,749 INFO     src.data.tick_capture Flushed 697 ticks to trained_data/ticks
2026-07-08 09:59:26,138 INFO     src.data.tick_capture Flushed 576 ticks to trained_data/ticks
2026-07-08 09:59:56,551 INFO     src.data.tick_capture Flushed 684 ticks to trained_data/ticks
2026-07-08 10:00:26,943 INFO     src.data.tick_capture Flushed 792 ticks to trained_data/ticks
2026-07-08 10:00:57,359 INFO     src.data.tick_capture Flushed 760 ticks to trained_data/ticks
2026-07-08 10:01:27,767 INFO     src.data.tick_capture Flushed 678 ticks to trained_data/ticks
2026-07-08 10:01:58,140 INFO     src.data.tick_capture Flushed 623 ticks to trained_data/ticks
2026-07-08 10:02:28,630 INFO     src.data.tick_capture Flushed 700 ticks to trained_data/ticks
2026-07-08 10:02:59,031 INFO     src.data.tick_capture Flushed 614 ticks to trained_data/ticks
2026-07-08 10:03:29,418 INFO     src.data.tick_capture Flushed 584 ticks to trained_data/ticks
2026-07-08 10:03:59,805 INFO     src.data.tick_capture Flushed 554 ticks to trained_data/ticks
2026-07-08 10:04:30,263 INFO     src.data.tick_capture Flushed 632 ticks to trained_data/ticks
2026-07-08 10:05:00,679 INFO     src.data.tick_capture Flushed 698 ticks to trained_data/ticks
2026-07-08 10:05:31,070 INFO     src.data.tick_capture Flushed 673 ticks to trained_data/ticks
2026-07-08 10:06:01,464 INFO     src.data.tick_capture Flushed 723 ticks to trained_data/ticks
2026-07-08 10:06:31,888 INFO     src.data.tick_capture Flushed 582 ticks to trained_data/ticks
2026-07-08 10:07:02,301 INFO     src.data.tick_capture Flushed 625 ticks to trained_data/ticks
2026-07-08 10:07:32,719 INFO     src.data.tick_capture Flushed 525 ticks to trained_data/ticks
2026-07-08 10:08:03,155 INFO     src.data.tick_capture Flushed 705 ticks to trained_data/ticks
2026-07-08 10:08:33,539 INFO     src.data.tick_capture Flushed 579 ticks to trained_data/ticks
2026-07-08 10:09:03,961 INFO     src.data.tick_capture Flushed 570 ticks to trained_data/ticks
2026-07-08 10:09:34,351 INFO     src.data.tick_capture Flushed 670 ticks to trained_data/ticks
2026-07-08 10:10:04,747 INFO     src.data.tick_capture Flushed 814 ticks to trained_data/ticks
2026-07-08 10:10:35,161 INFO     src.data.tick_capture Flushed 697 ticks to trained_data/ticks
2026-07-08 10:11:05,561 INFO     src.data.tick_capture Flushed 630 ticks to trained_data/ticks
2026-07-08 10:11:35,988 INFO     src.data.tick_capture Flushed 650 ticks to trained_data/ticks
2026-07-08 10:12:06,377 INFO     src.data.tick_capture Flushed 582 ticks to trained_data/ticks
2026-07-08 10:12:36,779 INFO     src.data.tick_capture Flushed 680 ticks to trained_data/ticks
2026-07-08 10:13:07,174 INFO     src.data.tick_capture Flushed 589 ticks to trained_data/ticks
2026-07-08 10:13:37,557 INFO     src.data.tick_capture Flushed 584 ticks to trained_data/ticks
2026-07-08 10:14:07,955 INFO     src.data.tick_capture Flushed 526 ticks to trained_data/ticks
2026-07-08 10:14:38,348 INFO     src.data.tick_capture Flushed 538 ticks to trained_data/ticks
2026-07-08 10:15:08,747 INFO     src.data.tick_capture Flushed 642 ticks to trained_data/ticks
2026-07-08 10:15:39,131 INFO     src.data.tick_capture Flushed 558 ticks to trained_data/ticks
2026-07-08 10:16:09,585 INFO     src.data.tick_capture Flushed 602 ticks to trained_data/ticks
2026-07-08 10:16:39,987 INFO     src.data.tick_capture Flushed 683 ticks to trained_data/ticks
2026-07-08 10:17:10,388 INFO     src.data.tick_capture Flushed 544 ticks to trained_data/ticks
2026-07-08 10:17:40,780 INFO     src.data.tick_capture Flushed 581 ticks to trained_data/ticks
2026-07-08 10:18:11,193 INFO     src.data.tick_capture Flushed 583 ticks to trained_data/ticks
2026-07-08 10:18:41,588 INFO     src.data.tick_capture Flushed 632 ticks to trained_data/ticks
2026-07-08 10:19:11,982 INFO     src.data.tick_capture Flushed 489 ticks to trained_data/ticks
2026-07-08 10:19:42,358 INFO     src.data.tick_capture Flushed 520 ticks to trained_data/ticks
2026-07-08 10:20:12,880 INFO     src.data.tick_capture Flushed 559 ticks to trained_data/ticks
2026-07-08 10:20:43,256 INFO     src.data.tick_capture Flushed 599 ticks to trained_data/ticks
2026-07-08 10:21:13,645 INFO     src.data.tick_capture Flushed 639 ticks to trained_data/ticks
2026-07-08 10:21:44,045 INFO     src.data.tick_capture Flushed 729 ticks to trained_data/ticks
2026-07-08 10:22:14,460 INFO     src.data.tick_capture Flushed 652 ticks to trained_data/ticks
2026-07-08 10:22:44,873 INFO     src.data.tick_capture Flushed 602 ticks to trained_data/ticks
2026-07-08 10:23:15,267 INFO     src.data.tick_capture Flushed 617 ticks to trained_data/ticks
2026-07-08 10:23:45,671 INFO     src.data.tick_capture Flushed 572 ticks to trained_data/ticks
2026-07-08 10:24:16,061 INFO     src.data.tick_capture Flushed 517 ticks to trained_data/ticks
2026-07-08 10:24:46,486 INFO     src.data.tick_capture Flushed 522 ticks to trained_data/ticks
2026-07-08 10:25:16,881 INFO     src.data.tick_capture Flushed 669 ticks to trained_data/ticks
2026-07-08 10:25:47,286 INFO     src.data.tick_capture Flushed 601 ticks to trained_data/ticks
2026-07-08 10:26:17,684 INFO     src.data.tick_capture Flushed 684 ticks to trained_data/ticks
2026-07-08 10:26:48,124 INFO     src.data.tick_capture Flushed 534 ticks to trained_data/ticks
2026-07-08 10:27:18,549 INFO     src.data.tick_capture Flushed 730 ticks to trained_data/ticks
2026-07-08 10:27:48,966 INFO     src.data.tick_capture Flushed 691 ticks to trained_data/ticks
2026-07-08 10:28:19,374 INFO     src.data.tick_capture Flushed 625 ticks to trained_data/ticks
2026-07-08 10:28:49,778 INFO     src.data.tick_capture Flushed 612 ticks to trained_data/ticks
2026-07-08 10:29:20,180 INFO     src.data.tick_capture Flushed 617 ticks to trained_data/ticks
2026-07-08 10:29:50,572 INFO     src.data.tick_capture Flushed 566 ticks to trained_data/ticks
2026-07-08 10:30:20,977 INFO     src.data.tick_capture Flushed 546 ticks to trained_data/ticks
2026-07-08 10:30:51,401 INFO     src.data.tick_capture Flushed 637 ticks to trained_data/ticks
2026-07-08 10:31:21,817 INFO     src.data.tick_capture Flushed 618 ticks to trained_data/ticks
2026-07-08 10:31:52,232 INFO     src.data.tick_capture Flushed 593 ticks to trained_data/ticks
2026-07-08 10:32:22,649 INFO     src.data.tick_capture Flushed 657 ticks to trained_data/ticks
2026-07-08 10:32:53,054 INFO     src.data.tick_capture Flushed 639 ticks to trained_data/ticks
2026-07-08 10:33:23,461 INFO     src.data.tick_capture Flushed 572 ticks to trained_data/ticks
2026-07-08 10:33:53,873 INFO     src.data.tick_capture Flushed 600 ticks to trained_data/ticks
2026-07-08 10:34:24,256 INFO     src.data.tick_capture Flushed 590 ticks to trained_data/ticks
2026-07-08 10:34:54,701 INFO     src.data.tick_capture Flushed 776 ticks to trained_data/ticks
2026-07-08 10:35:25,127 INFO     src.data.tick_capture Flushed 602 ticks to trained_data/ticks
2026-07-08 10:35:55,513 INFO     src.data.tick_capture Flushed 568 ticks to trained_data/ticks
2026-07-08 10:36:25,917 INFO     src.data.tick_capture Flushed 704 ticks to trained_data/ticks
2026-07-08 10:36:56,326 INFO     src.data.tick_capture Flushed 546 ticks to trained_data/ticks
2026-07-08 10:37:26,738 INFO     src.data.tick_capture Flushed 521 ticks to trained_data/ticks
2026-07-08 10:37:57,141 INFO     src.data.tick_capture Flushed 607 ticks to trained_data/ticks
2026-07-08 10:38:27,548 INFO     src.data.tick_capture Flushed 516 ticks to trained_data/ticks
2026-07-08 10:38:57,963 INFO     src.data.tick_capture Flushed 566 ticks to trained_data/ticks
2026-07-08 10:39:28,367 INFO     src.data.tick_capture Flushed 577 ticks to trained_data/ticks
2026-07-08 10:39:58,757 INFO     src.data.tick_capture Flushed 545 ticks to trained_data/ticks
2026-07-08 10:40:29,182 INFO     src.data.tick_capture Flushed 610 ticks to trained_data/ticks
2026-07-08 10:40:59,591 INFO     src.data.tick_capture Flushed 591 ticks to trained_data/ticks
2026-07-08 10:41:30,002 INFO     src.data.tick_capture Flushed 557 ticks to trained_data/ticks
2026-07-08 10:42:00,430 INFO     src.data.tick_capture Flushed 517 ticks to trained_data/ticks
2026-07-08 10:42:30,850 INFO     src.data.tick_capture Flushed 578 ticks to trained_data/ticks
2026-07-08 10:43:01,263 INFO     src.data.tick_capture Flushed 593 ticks to trained_data/ticks
2026-07-08 10:43:31,661 INFO     src.data.tick_capture Flushed 560 ticks to trained_data/ticks
2026-07-08 10:44:02,127 INFO     src.data.tick_capture Flushed 577 ticks to trained_data/ticks
2026-07-08 10:44:32,533 INFO     src.data.tick_capture Flushed 638 ticks to trained_data/ticks
2026-07-08 10:45:02,944 INFO     src.data.tick_capture Flushed 536 ticks to trained_data/ticks
2026-07-08 10:45:33,379 INFO     src.data.tick_capture Flushed 498 ticks to trained_data/ticks
2026-07-08 10:46:03,814 INFO     src.data.tick_capture Flushed 615 ticks to trained_data/ticks
2026-07-08 10:46:34,214 INFO     src.data.tick_capture Flushed 637 ticks to trained_data/ticks
2026-07-08 10:47:04,659 INFO     src.data.tick_capture Flushed 645 ticks to trained_data/ticks
2026-07-08 10:47:35,073 INFO     src.data.tick_capture Flushed 700 ticks to trained_data/ticks
2026-07-08 10:48:05,487 INFO     src.data.tick_capture Flushed 662 ticks to trained_data/ticks
2026-07-08 10:48:35,905 INFO     src.data.tick_capture Flushed 600 ticks to trained_data/ticks
2026-07-08 10:49:06,312 INFO     src.data.tick_capture Flushed 508 ticks to trained_data/ticks
2026-07-08 10:49:36,723 INFO     src.data.tick_capture Flushed 593 ticks to trained_data/ticks
2026-07-08 10:50:07,137 INFO     src.data.tick_capture Flushed 584 ticks to trained_data/ticks
2026-07-08 10:50:37,554 INFO     src.data.tick_capture Flushed 578 ticks to trained_data/ticks
2026-07-08 10:51:07,974 INFO     src.data.tick_capture Flushed 618 ticks to trained_data/ticks
2026-07-08 10:51:38,405 INFO     src.data.tick_capture Flushed 635 ticks to trained_data/ticks
2026-07-08 10:52:08,804 INFO     src.data.tick_capture Flushed 550 ticks to trained_data/ticks
2026-07-08 10:52:39,255 INFO     src.data.tick_capture Flushed 564 ticks to trained_data/ticks
2026-07-08 10:53:09,684 INFO     src.data.tick_capture Flushed 704 ticks to trained_data/ticks
2026-07-08 10:53:40,085 INFO     src.data.tick_capture Flushed 699 ticks to trained_data/ticks
2026-07-08 10:54:10,498 INFO     src.data.tick_capture Flushed 728 ticks to trained_data/ticks
2026-07-08 10:54:40,910 INFO     src.data.tick_capture Flushed 640 ticks to trained_data/ticks
2026-07-08 10:55:11,334 INFO     src.data.tick_capture Flushed 670 ticks to trained_data/ticks
2026-07-08 10:55:41,730 INFO     src.data.tick_capture Flushed 703 ticks to trained_data/ticks
2026-07-08 10:56:12,230 INFO     src.data.tick_capture Flushed 794 ticks to trained_data/ticks
2026-07-08 10:56:42,656 INFO     src.data.tick_capture Flushed 708 ticks to trained_data/ticks
2026-07-08 10:57:13,073 INFO     src.data.tick_capture Flushed 744 ticks to trained_data/ticks
2026-07-08 10:57:43,497 INFO     src.data.tick_capture Flushed 837 ticks to trained_data/ticks
2026-07-08 10:58:13,949 INFO     src.data.tick_capture Flushed 790 ticks to trained_data/ticks
2026-07-08 10:58:44,356 INFO     src.data.tick_capture Flushed 667 ticks to trained_data/ticks
2026-07-08 10:59:14,813 INFO     src.data.tick_capture Flushed 589 ticks to trained_data/ticks
2026-07-08 10:59:45,227 INFO     src.data.tick_capture Flushed 592 ticks to trained_data/ticks
2026-07-08 11:00:15,644 INFO     src.data.tick_capture Flushed 661 ticks to trained_data/ticks
2026-07-08 11:00:46,072 INFO     src.data.tick_capture Flushed 754 ticks to trained_data/ticks
2026-07-08 11:01:16,497 INFO     src.data.tick_capture Flushed 636 ticks to trained_data/ticks
2026-07-08 11:01:46,917 INFO     src.data.tick_capture Flushed 655 ticks to trained_data/ticks
2026-07-08 11:02:17,353 INFO     src.data.tick_capture Flushed 693 ticks to trained_data/ticks
2026-07-08 11:02:47,810 INFO     src.data.tick_capture Flushed 746 ticks to trained_data/ticks
2026-07-08 11:03:18,241 INFO     src.data.tick_capture Flushed 694 ticks to trained_data/ticks
2026-07-08 11:03:48,674 INFO     src.data.tick_capture Flushed 745 ticks to trained_data/ticks
2026-07-08 11:04:19,105 INFO     src.data.tick_capture Flushed 687 ticks to trained_data/ticks
2026-07-08 11:04:49,532 INFO     src.data.tick_capture Flushed 573 ticks to trained_data/ticks
2026-07-08 11:05:19,976 INFO     src.data.tick_capture Flushed 621 ticks to trained_data/ticks
2026-07-08 11:05:50,411 INFO     src.data.tick_capture Flushed 713 ticks to trained_data/ticks
2026-07-08 11:06:20,855 INFO     src.data.tick_capture Flushed 680 ticks to trained_data/ticks
2026-07-08 11:06:51,277 INFO     src.data.tick_capture Flushed 610 ticks to trained_data/ticks
2026-07-08 11:07:21,705 INFO     src.data.tick_capture Flushed 468 ticks to trained_data/ticks
2026-07-08 11:07:52,116 INFO     src.data.tick_capture Flushed 531 ticks to trained_data/ticks
2026-07-08 11:08:22,541 INFO     src.data.tick_capture Flushed 551 ticks to trained_data/ticks
2026-07-08 11:08:52,955 INFO     src.data.tick_capture Flushed 554 ticks to trained_data/ticks
2026-07-08 11:09:23,356 INFO     src.data.tick_capture Flushed 617 ticks to trained_data/ticks
2026-07-08 11:09:53,784 INFO     src.data.tick_capture Flushed 584 ticks to trained_data/ticks
2026-07-08 11:10:24,218 INFO     src.data.tick_capture Flushed 513 ticks to trained_data/ticks
2026-07-08 11:10:54,657 INFO     src.data.tick_capture Flushed 490 ticks to trained_data/ticks
2026-07-08 11:11:25,095 INFO     src.data.tick_capture Flushed 498 ticks to trained_data/ticks
2026-07-08 11:11:55,539 INFO     src.data.tick_capture Flushed 607 ticks to trained_data/ticks
2026-07-08 11:12:25,954 INFO     src.data.tick_capture Flushed 501 ticks to trained_data/ticks
2026-07-08 11:12:56,399 INFO     src.data.tick_capture Flushed 483 ticks to trained_data/ticks
2026-07-08 11:13:26,845 INFO     src.data.tick_capture Flushed 493 ticks to trained_data/ticks
2026-07-08 11:13:57,247 INFO     src.data.tick_capture Flushed 580 ticks to trained_data/ticks
2026-07-08 11:14:27,673 INFO     src.data.tick_capture Flushed 656 ticks to trained_data/ticks
2026-07-08 11:14:58,071 INFO     src.data.tick_capture Flushed 531 ticks to trained_data/ticks
2026-07-08 11:15:28,513 INFO     src.data.tick_capture Flushed 718 ticks to trained_data/ticks
2026-07-08 11:15:58,945 INFO     src.data.tick_capture Flushed 576 ticks to trained_data/ticks
2026-07-08 11:16:29,385 INFO     src.data.tick_capture Flushed 674 ticks to trained_data/ticks
2026-07-08 11:17:00,090 INFO     src.data.tick_capture Flushed 744 ticks to trained_data/ticks
2026-07-08 11:17:30,604 INFO     src.data.tick_capture Flushed 550 ticks to trained_data/ticks
2026-07-08 11:18:01,108 INFO     src.data.tick_capture Flushed 505 ticks to trained_data/ticks
2026-07-08 11:18:31,529 INFO     src.data.tick_capture Flushed 615 ticks to trained_data/ticks
2026-07-08 11:19:01,962 INFO     src.data.tick_capture Flushed 549 ticks to trained_data/ticks
2026-07-08 11:19:32,413 INFO     src.data.tick_capture Flushed 688 ticks to trained_data/ticks
2026-07-08 11:20:02,861 INFO     src.data.tick_capture Flushed 653 ticks to trained_data/ticks
2026-07-08 11:20:33,300 INFO     src.data.tick_capture Flushed 727 ticks to trained_data/ticks
2026-07-08 11:21:03,751 INFO     src.data.tick_capture Flushed 634 ticks to trained_data/ticks
2026-07-08 11:21:34,157 INFO     src.data.tick_capture Flushed 646 ticks to trained_data/ticks
2026-07-08 11:22:04,590 INFO     src.data.tick_capture Flushed 657 ticks to trained_data/ticks
2026-07-08 11:22:35,035 INFO     src.data.tick_capture Flushed 549 ticks to trained_data/ticks
2026-07-08 11:23:05,541 INFO     src.data.tick_capture Flushed 582 ticks to trained_data/ticks
2026-07-08 11:23:36,039 INFO     src.data.tick_capture Flushed 577 ticks to trained_data/ticks
2026-07-08 11:24:06,483 INFO     src.data.tick_capture Flushed 546 ticks to trained_data/ticks
2026-07-08 11:24:36,936 INFO     src.data.tick_capture Flushed 647 ticks to trained_data/ticks
2026-07-08 11:25:07,362 INFO     src.data.tick_capture Flushed 616 ticks to trained_data/ticks
2026-07-08 11:25:37,809 INFO     src.data.tick_capture Flushed 538 ticks to trained_data/ticks
2026-07-08 11:26:08,268 INFO     src.data.tick_capture Flushed 596 ticks to trained_data/ticks
2026-07-08 11:26:38,722 INFO     src.data.tick_capture Flushed 593 ticks to trained_data/ticks
2026-07-08 11:27:09,162 INFO     src.data.tick_capture Flushed 536 ticks to trained_data/ticks
2026-07-08 11:27:39,611 INFO     src.data.tick_capture Flushed 540 ticks to trained_data/ticks
2026-07-08 11:28:10,074 INFO     src.data.tick_capture Flushed 595 ticks to trained_data/ticks
2026-07-08 11:28:40,505 INFO     src.data.tick_capture Flushed 541 ticks to trained_data/ticks
2026-07-08 11:29:10,961 INFO     src.data.tick_capture Flushed 546 ticks to trained_data/ticks
2026-07-08 11:29:41,388 INFO     src.data.tick_capture Flushed 504 ticks to trained_data/ticks
2026-07-08 11:30:11,820 INFO     src.data.tick_capture Flushed 729 ticks to trained_data/ticks
2026-07-08 11:30:42,263 INFO     src.data.tick_capture Flushed 650 ticks to trained_data/ticks
2026-07-08 11:31:12,696 INFO     src.data.tick_capture Flushed 540 ticks to trained_data/ticks
2026-07-08 11:31:43,063 INFO     src.data.tick_capture Flushed 645 ticks to trained_data/ticks
2026-07-08 11:32:13,507 INFO     src.data.tick_capture Flushed 567 ticks to trained_data/ticks
2026-07-08 11:32:43,938 INFO     src.data.tick_capture Flushed 609 ticks to trained_data/ticks
2026-07-08 11:33:14,368 INFO     src.data.tick_capture Flushed 603 ticks to trained_data/ticks
2026-07-08 11:33:44,821 INFO     src.data.tick_capture Flushed 618 ticks to trained_data/ticks
2026-07-08 11:34:15,327 INFO     src.data.tick_capture Flushed 647 ticks to trained_data/ticks
2026-07-08 11:34:45,779 INFO     src.data.tick_capture Flushed 570 ticks to trained_data/ticks
2026-07-08 11:35:16,250 INFO     src.data.tick_capture Flushed 654 ticks to trained_data/ticks
2026-07-08 11:35:46,713 INFO     src.data.tick_capture Flushed 673 ticks to trained_data/ticks
2026-07-08 11:36:17,147 INFO     src.data.tick_capture Flushed 706 ticks to trained_data/ticks
2026-07-08 11:36:47,597 INFO     src.data.tick_capture Flushed 678 ticks to trained_data/ticks
2026-07-08 11:37:18,036 INFO     src.data.tick_capture Flushed 600 ticks to trained_data/ticks
2026-07-08 11:37:48,490 INFO     src.data.tick_capture Flushed 622 ticks to trained_data/ticks
2026-07-08 11:38:18,942 INFO     src.data.tick_capture Flushed 682 ticks to trained_data/ticks
2026-07-08 11:38:49,375 INFO     src.data.tick_capture Flushed 543 ticks to trained_data/ticks
2026-07-08 11:39:19,825 INFO     src.data.tick_capture Flushed 583 ticks to trained_data/ticks
2026-07-08 11:39:50,271 INFO     src.data.tick_capture Flushed 628 ticks to trained_data/ticks
2026-07-08 11:40:20,712 INFO     src.data.tick_capture Flushed 596 ticks to trained_data/ticks
2026-07-08 11:40:51,178 INFO     src.data.tick_capture Flushed 768 ticks to trained_data/ticks
2026-07-08 11:41:21,616 INFO     src.data.tick_capture Flushed 597 ticks to trained_data/ticks
2026-07-08 11:41:52,047 INFO     src.data.tick_capture Flushed 583 ticks to trained_data/ticks
2026-07-08 11:42:22,487 INFO     src.data.tick_capture Flushed 537 ticks to trained_data/ticks
2026-07-08 11:42:52,950 INFO     src.data.tick_capture Flushed 665 ticks to trained_data/ticks
2026-07-08 11:43:23,384 INFO     src.data.tick_capture Flushed 649 ticks to trained_data/ticks
2026-07-08 11:43:53,817 INFO     src.data.tick_capture Flushed 499 ticks to trained_data/ticks
2026-07-08 11:44:24,261 INFO     src.data.tick_capture Flushed 480 ticks to trained_data/ticks
2026-07-08 11:44:54,818 INFO     src.data.tick_capture Flushed 522 ticks to trained_data/ticks
2026-07-08 11:45:25,309 INFO     src.data.tick_capture Flushed 504 ticks to trained_data/ticks
2026-07-08 11:45:55,768 INFO     src.data.tick_capture Flushed 433 ticks to trained_data/ticks
2026-07-08 11:46:26,233 INFO     src.data.tick_capture Flushed 453 ticks to trained_data/ticks
2026-07-08 11:46:56,676 INFO     src.data.tick_capture Flushed 432 ticks to trained_data/ticks
2026-07-08 11:47:27,146 INFO     src.data.tick_capture Flushed 437 ticks to trained_data/ticks
2026-07-08 11:47:57,597 INFO     src.data.tick_capture Flushed 437 ticks to trained_data/ticks
2026-07-08 11:48:28,041 INFO     src.data.tick_capture Flushed 727 ticks to trained_data/ticks
2026-07-08 11:48:58,482 INFO     src.data.tick_capture Flushed 567 ticks to trained_data/ticks
2026-07-08 11:49:28,934 INFO     src.data.tick_capture Flushed 474 ticks to trained_data/ticks
2026-07-08 11:49:59,374 INFO     src.data.tick_capture Flushed 501 ticks to trained_data/ticks
2026-07-08 11:50:29,836 INFO     src.data.tick_capture Flushed 577 ticks to trained_data/ticks
2026-07-08 11:51:00,293 INFO     src.data.tick_capture Flushed 519 ticks to trained_data/ticks
2026-07-08 11:51:30,750 INFO     src.data.tick_capture Flushed 531 ticks to trained_data/ticks
2026-07-08 11:52:01,221 INFO     src.data.tick_capture Flushed 402 ticks to trained_data/ticks
2026-07-08 11:52:31,659 INFO     src.data.tick_capture Flushed 429 ticks to trained_data/ticks
2026-07-08 11:53:02,109 INFO     src.data.tick_capture Flushed 359 ticks to trained_data/ticks
2026-07-08 11:53:32,584 INFO     src.data.tick_capture Flushed 445 ticks to trained_data/ticks
2026-07-08 11:54:03,040 INFO     src.data.tick_capture Flushed 570 ticks to trained_data/ticks
2026-07-08 11:54:33,521 INFO     src.data.tick_capture Flushed 555 ticks to trained_data/ticks
2026-07-08 11:55:03,996 INFO     src.data.tick_capture Flushed 546 ticks to trained_data/ticks
2026-07-08 11:55:34,442 INFO     src.data.tick_capture Flushed 614 ticks to trained_data/ticks
2026-07-08 11:56:04,900 INFO     src.data.tick_capture Flushed 596 ticks to trained_data/ticks
2026-07-08 11:56:35,361 INFO     src.data.tick_capture Flushed 421 ticks to trained_data/ticks
2026-07-08 11:57:05,838 INFO     src.data.tick_capture Flushed 489 ticks to trained_data/ticks
2026-07-08 11:57:36,283 INFO     src.data.tick_capture Flushed 531 ticks to trained_data/ticks
2026-07-08 11:58:06,772 INFO     src.data.tick_capture Flushed 466 ticks to trained_data/ticks
2026-07-08 11:58:37,233 INFO     src.data.tick_capture Flushed 551 ticks to trained_data/ticks
2026-07-08 11:59:07,669 INFO     src.data.tick_capture Flushed 452 ticks to trained_data/ticks
2026-07-08 11:59:38,137 INFO     src.data.tick_capture Flushed 393 ticks to trained_data/ticks
2026-07-08 12:00:08,587 INFO     src.data.tick_capture Flushed 486 ticks to trained_data/ticks
2026-07-08 12:00:39,053 INFO     src.data.tick_capture Flushed 518 ticks to trained_data/ticks
2026-07-08 12:01:09,506 INFO     src.data.tick_capture Flushed 510 ticks to trained_data/ticks
2026-07-08 12:01:39,936 INFO     src.data.tick_capture Flushed 511 ticks to trained_data/ticks
2026-07-08 12:02:10,391 INFO     src.data.tick_capture Flushed 508 ticks to trained_data/ticks
2026-07-08 12:02:40,861 INFO     src.data.tick_capture Flushed 484 ticks to trained_data/ticks
2026-07-08 12:03:11,320 INFO     src.data.tick_capture Flushed 525 ticks to trained_data/ticks
2026-07-08 12:03:41,816 INFO     src.data.tick_capture Flushed 599 ticks to trained_data/ticks
2026-07-08 12:04:12,272 INFO     src.data.tick_capture Flushed 484 ticks to trained_data/ticks
2026-07-08 12:04:42,735 INFO     src.data.tick_capture Flushed 525 ticks to trained_data/ticks
2026-07-08 12:05:13,205 INFO     src.data.tick_capture Flushed 490 ticks to trained_data/ticks
2026-07-08 12:05:43,669 INFO     src.data.tick_capture Flushed 577 ticks to trained_data/ticks
2026-07-08 12:06:14,121 INFO     src.data.tick_capture Flushed 535 ticks to trained_data/ticks
2026-07-08 12:06:44,555 INFO     src.data.tick_capture Flushed 591 ticks to trained_data/ticks
2026-07-08 12:07:15,029 INFO     src.data.tick_capture Flushed 613 ticks to trained_data/ticks
2026-07-08 12:07:45,474 INFO     src.data.tick_capture Flushed 574 ticks to trained_data/ticks
2026-07-08 12:08:15,912 INFO     src.data.tick_capture Flushed 597 ticks to trained_data/ticks
2026-07-08 12:08:46,361 INFO     src.data.tick_capture Flushed 504 ticks to trained_data/ticks
2026-07-08 12:09:16,806 INFO     src.data.tick_capture Flushed 456 ticks to trained_data/ticks
2026-07-08 12:09:47,252 INFO     src.data.tick_capture Flushed 483 ticks to trained_data/ticks
2026-07-08 12:10:17,718 INFO     src.data.tick_capture Flushed 547 ticks to trained_data/ticks
2026-07-08 12:10:48,161 INFO     src.data.tick_capture Flushed 522 ticks to trained_data/ticks
2026-07-08 12:11:18,622 INFO     src.data.tick_capture Flushed 641 ticks to trained_data/ticks
2026-07-08 12:11:49,069 INFO     src.data.tick_capture Flushed 538 ticks to trained_data/ticks
2026-07-08 12:12:19,507 INFO     src.data.tick_capture Flushed 451 ticks to trained_data/ticks
2026-07-08 12:12:49,976 INFO     src.data.tick_capture Flushed 510 ticks to trained_data/ticks
2026-07-08 12:13:20,426 INFO     src.data.tick_capture Flushed 522 ticks to trained_data/ticks
2026-07-08 12:13:50,906 INFO     src.data.tick_capture Flushed 459 ticks to trained_data/ticks
2026-07-08 12:14:21,472 INFO     src.data.tick_capture Flushed 464 ticks to trained_data/ticks
2026-07-08 12:14:51,918 INFO     src.data.tick_capture Flushed 482 ticks to trained_data/ticks
2026-07-08 12:15:22,377 INFO     src.data.tick_capture Flushed 461 ticks to trained_data/ticks
2026-07-08 12:15:52,822 INFO     src.data.tick_capture Flushed 442 ticks to trained_data/ticks
2026-07-08 12:16:23,298 INFO     src.data.tick_capture Flushed 395 ticks to trained_data/ticks
2026-07-08 12:16:53,751 INFO     src.data.tick_capture Flushed 406 ticks to trained_data/ticks
2026-07-08 12:17:24,218 INFO     src.data.tick_capture Flushed 505 ticks to trained_data/ticks
2026-07-08 12:17:54,696 INFO     src.data.tick_capture Flushed 388 ticks to trained_data/ticks
2026-07-08 12:18:25,176 INFO     src.data.tick_capture Flushed 382 ticks to trained_data/ticks
2026-07-08 12:18:55,651 INFO     src.data.tick_capture Flushed 362 ticks to trained_data/ticks
2026-07-08 12:19:26,128 INFO     src.data.tick_capture Flushed 354 ticks to trained_data/ticks
2026-07-08 12:19:56,606 INFO     src.data.tick_capture Flushed 368 ticks to trained_data/ticks
2026-07-08 12:20:27,071 INFO     src.data.tick_capture Flushed 589 ticks to trained_data/ticks
2026-07-08 12:20:57,522 INFO     src.data.tick_capture Flushed 460 ticks to trained_data/ticks
2026-07-08 12:21:27,984 INFO     src.data.tick_capture Flushed 453 ticks to trained_data/ticks
2026-07-08 12:21:58,443 INFO     src.data.tick_capture Flushed 444 ticks to trained_data/ticks
2026-07-08 12:22:28,884 INFO     src.data.tick_capture Flushed 529 ticks to trained_data/ticks
2026-07-08 12:22:59,366 INFO     src.data.tick_capture Flushed 357 ticks to trained_data/ticks
2026-07-08 12:23:29,839 INFO     src.data.tick_capture Flushed 420 ticks to trained_data/ticks
2026-07-08 12:24:00,300 INFO     src.data.tick_capture Flushed 312 ticks to trained_data/ticks
2026-07-08 12:24:30,738 INFO     src.data.tick_capture Flushed 459 ticks to trained_data/ticks
2026-07-08 12:25:01,201 INFO     src.data.tick_capture Flushed 317 ticks to trained_data/ticks
2026-07-08 12:25:31,676 INFO     src.data.tick_capture Flushed 435 ticks to trained_data/ticks
2026-07-08 12:26:02,116 INFO     src.data.tick_capture Flushed 449 ticks to trained_data/ticks
2026-07-08 12:26:32,578 INFO     src.data.tick_capture Flushed 332 ticks to trained_data/ticks
2026-07-08 12:27:03,053 INFO     src.data.tick_capture Flushed 398 ticks to trained_data/ticks
2026-07-08 12:27:33,521 INFO     src.data.tick_capture Flushed 462 ticks to trained_data/ticks
2026-07-08 12:28:04,000 INFO     src.data.tick_capture Flushed 689 ticks to trained_data/ticks
2026-07-08 12:28:34,508 INFO     src.data.tick_capture Flushed 633 ticks to trained_data/ticks
2026-07-08 12:29:04,975 INFO     src.data.tick_capture Flushed 408 ticks to trained_data/ticks
2026-07-08 12:29:35,435 INFO     src.data.tick_capture Flushed 571 ticks to trained_data/ticks
2026-07-08 12:30:05,900 INFO     src.data.tick_capture Flushed 525 ticks to trained_data/ticks
2026-07-08 12:30:36,354 INFO     src.data.tick_capture Flushed 487 ticks to trained_data/ticks
2026-07-08 12:31:06,919 INFO     src.data.tick_capture Flushed 557 ticks to trained_data/ticks
2026-07-08 12:31:37,378 INFO     src.data.tick_capture Flushed 610 ticks to trained_data/ticks
2026-07-08 12:32:07,851 INFO     src.data.tick_capture Flushed 651 ticks to trained_data/ticks
2026-07-08 12:32:38,334 INFO     src.data.tick_capture Flushed 421 ticks to trained_data/ticks
2026-07-08 12:33:08,800 INFO     src.data.tick_capture Flushed 440 ticks to trained_data/ticks
2026-07-08 12:33:39,248 INFO     src.data.tick_capture Flushed 476 ticks to trained_data/ticks
2026-07-08 12:34:09,713 INFO     src.data.tick_capture Flushed 507 ticks to trained_data/ticks
2026-07-08 12:34:40,168 INFO     src.data.tick_capture Flushed 454 ticks to trained_data/ticks
2026-07-08 12:35:10,618 INFO     src.data.tick_capture Flushed 505 ticks to trained_data/ticks
2026-07-08 12:35:41,085 INFO     src.data.tick_capture Flushed 818 ticks to trained_data/ticks
2026-07-08 12:36:11,556 INFO     src.data.tick_capture Flushed 661 ticks to trained_data/ticks
2026-07-08 12:36:42,028 INFO     src.data.tick_capture Flushed 476 ticks to trained_data/ticks
2026-07-08 12:37:12,489 INFO     src.data.tick_capture Flushed 401 ticks to trained_data/ticks
2026-07-08 12:37:42,973 INFO     src.data.tick_capture Flushed 479 ticks to trained_data/ticks
2026-07-08 12:38:13,444 INFO     src.data.tick_capture Flushed 462 ticks to trained_data/ticks
2026-07-08 12:38:43,910 INFO     src.data.tick_capture Flushed 549 ticks to trained_data/ticks
2026-07-08 12:39:14,397 INFO     src.data.tick_capture Flushed 407 ticks to trained_data/ticks
2026-07-08 12:39:44,857 INFO     src.data.tick_capture Flushed 434 ticks to trained_data/ticks
2026-07-08 12:40:15,317 INFO     src.data.tick_capture Flushed 963 ticks to trained_data/ticks
2026-07-08 12:40:45,777 INFO     src.data.tick_capture Flushed 852 ticks to trained_data/ticks
2026-07-08 12:41:16,257 INFO     src.data.tick_capture Flushed 830 ticks to trained_data/ticks
2026-07-08 12:41:46,726 INFO     src.data.tick_capture Flushed 647 ticks to trained_data/ticks
2026-07-08 12:42:17,208 INFO     src.data.tick_capture Flushed 646 ticks to trained_data/ticks
2026-07-08 12:42:47,692 INFO     src.data.tick_capture Flushed 566 ticks to trained_data/ticks
2026-07-08 12:43:18,180 INFO     src.data.tick_capture Flushed 611 ticks to trained_data/ticks
2026-07-08 12:43:48,649 INFO     src.data.tick_capture Flushed 593 ticks to trained_data/ticks
2026-07-08 12:44:19,131 INFO     src.data.tick_capture Flushed 610 ticks to trained_data/ticks
2026-07-08 12:44:49,602 INFO     src.data.tick_capture Flushed 491 ticks to trained_data/ticks
2026-07-08 12:45:20,067 INFO     src.data.tick_capture Flushed 658 ticks to trained_data/ticks
2026-07-08 12:45:50,661 INFO     src.data.tick_capture Flushed 553 ticks to trained_data/ticks
2026-07-08 12:46:21,200 INFO     src.data.tick_capture Flushed 641 ticks to trained_data/ticks
2026-07-08 12:46:51,685 INFO     src.data.tick_capture Flushed 528 ticks to trained_data/ticks
2026-07-08 12:47:22,156 INFO     src.data.tick_capture Flushed 489 ticks to trained_data/ticks
2026-07-08 12:47:52,644 INFO     src.data.tick_capture Flushed 407 ticks to trained_data/ticks
2026-07-08 12:48:23,101 INFO     src.data.tick_capture Flushed 446 ticks to trained_data/ticks
2026-07-08 12:48:53,567 INFO     src.data.tick_capture Flushed 421 ticks to trained_data/ticks
2026-07-08 12:49:24,024 INFO     src.data.tick_capture Flushed 499 ticks to trained_data/ticks
2026-07-08 12:49:54,510 INFO     src.data.tick_capture Flushed 446 ticks to trained_data/ticks
2026-07-08 12:50:24,994 INFO     src.data.tick_capture Flushed 641 ticks to trained_data/ticks
2026-07-08 12:50:55,459 INFO     src.data.tick_capture Flushed 604 ticks to trained_data/ticks
2026-07-08 12:51:25,917 INFO     src.data.tick_capture Flushed 534 ticks to trained_data/ticks
2026-07-08 12:51:56,401 INFO     src.data.tick_capture Flushed 522 ticks to trained_data/ticks
2026-07-08 12:52:26,885 INFO     src.data.tick_capture Flushed 455 ticks to trained_data/ticks
2026-07-08 12:52:57,354 INFO     src.data.tick_capture Flushed 409 ticks to trained_data/ticks
2026-07-08 12:53:27,841 INFO     src.data.tick_capture Flushed 405 ticks to trained_data/ticks
2026-07-08 12:53:58,314 INFO     src.data.tick_capture Flushed 520 ticks to trained_data/ticks
2026-07-08 12:54:28,800 INFO     src.data.tick_capture Flushed 474 ticks to trained_data/ticks
2026-07-08 12:54:59,268 INFO     src.data.tick_capture Flushed 368 ticks to trained_data/ticks
2026-07-08 12:55:29,767 INFO     src.data.tick_capture Flushed 568 ticks to trained_data/ticks
2026-07-08 12:56:00,233 INFO     src.data.tick_capture Flushed 527 ticks to trained_data/ticks
2026-07-08 12:56:30,724 INFO     src.data.tick_capture Flushed 493 ticks to trained_data/ticks
2026-07-08 12:57:01,205 INFO     src.data.tick_capture Flushed 470 ticks to trained_data/ticks
2026-07-08 12:57:31,667 INFO     src.data.tick_capture Flushed 454 ticks to trained_data/ticks
2026-07-08 12:58:02,143 INFO     src.data.tick_capture Flushed 588 ticks to trained_data/ticks
2026-07-08 12:58:32,616 INFO     src.data.tick_capture Flushed 445 ticks to trained_data/ticks
2026-07-08 12:59:03,115 INFO     src.data.tick_capture Flushed 386 ticks to trained_data/ticks
2026-07-08 12:59:33,660 INFO     src.data.tick_capture Flushed 375 ticks to trained_data/ticks
2026-07-08 13:00:04,144 INFO     src.data.tick_capture Flushed 438 ticks to trained_data/ticks
2026-07-08 13:00:34,770 INFO     src.data.tick_capture Flushed 495 ticks to trained_data/ticks
2026-07-08 13:01:05,396 INFO     src.data.tick_capture Flushed 441 ticks to trained_data/ticks
2026-07-08 13:01:35,865 INFO     src.data.tick_capture Flushed 418 ticks to trained_data/ticks
2026-07-08 13:02:06,361 INFO     src.data.tick_capture Flushed 455 ticks to trained_data/ticks
2026-07-08 13:02:36,824 INFO     src.data.tick_capture Flushed 562 ticks to trained_data/ticks
2026-07-08 13:03:07,307 INFO     src.data.tick_capture Flushed 606 ticks to trained_data/ticks
2026-07-08 13:03:37,777 INFO     src.data.tick_capture Flushed 546 ticks to trained_data/ticks
2026-07-08 13:04:08,234 INFO     src.data.tick_capture Flushed 548 ticks to trained_data/ticks
2026-07-08 13:04:38,719 INFO     src.data.tick_capture Flushed 589 ticks to trained_data/ticks
2026-07-08 13:05:09,195 INFO     src.data.tick_capture Flushed 453 ticks to trained_data/ticks
2026-07-08 13:05:39,672 INFO     src.data.tick_capture Flushed 367 ticks to trained_data/ticks
2026-07-08 13:06:10,175 INFO     src.data.tick_capture Flushed 339 ticks to trained_data/ticks
2026-07-08 13:06:40,653 INFO     src.data.tick_capture Flushed 574 ticks to trained_data/ticks
2026-07-08 13:07:11,119 INFO     src.data.tick_capture Flushed 581 ticks to trained_data/ticks
2026-07-08 13:07:41,607 INFO     src.data.tick_capture Flushed 613 ticks to trained_data/ticks
2026-07-08 13:08:12,090 INFO     src.data.tick_capture Flushed 559 ticks to trained_data/ticks
2026-07-08 13:08:42,525 INFO     src.data.tick_capture Flushed 527 ticks to trained_data/ticks
2026-07-08 13:09:13,021 INFO     src.data.tick_capture Flushed 421 ticks to trained_data/ticks
2026-07-08 13:09:43,495 INFO     src.data.tick_capture Flushed 517 ticks to trained_data/ticks
2026-07-08 13:10:14,645 INFO     src.data.tick_capture Flushed 426 ticks to trained_data/ticks
2026-07-08 13:10:45,236 INFO     src.data.tick_capture Flushed 406 ticks to trained_data/ticks
2026-07-08 13:11:15,716 INFO     src.data.tick_capture Flushed 436 ticks to trained_data/ticks
2026-07-08 13:11:46,208 INFO     src.data.tick_capture Flushed 421 ticks to trained_data/ticks
2026-07-08 13:12:16,692 INFO     src.data.tick_capture Flushed 419 ticks to trained_data/ticks
2026-07-08 13:12:47,385 INFO     src.data.tick_capture Flushed 453 ticks to trained_data/ticks
2026-07-08 13:13:17,901 INFO     src.data.tick_capture Flushed 713 ticks to trained_data/ticks
2026-07-08 13:13:48,393 INFO     src.data.tick_capture Flushed 573 ticks to trained_data/ticks
2026-07-08 13:14:18,886 INFO     src.data.tick_capture Flushed 452 ticks to trained_data/ticks
2026-07-08 13:14:49,397 INFO     src.data.tick_capture Flushed 529 ticks to trained_data/ticks
2026-07-08 13:15:19,865 INFO     src.data.tick_capture Flushed 685 ticks to trained_data/ticks
2026-07-08 13:15:50,361 INFO     src.data.tick_capture Flushed 414 ticks to trained_data/ticks
2026-07-08 13:16:20,908 INFO     src.data.tick_capture Flushed 468 ticks to trained_data/ticks
2026-07-08 13:16:51,436 INFO     src.data.tick_capture Flushed 485 ticks to trained_data/ticks
2026-07-08 13:17:22,093 INFO     src.data.tick_capture Flushed 426 ticks to trained_data/ticks
2026-07-08 13:17:52,692 INFO     src.data.tick_capture Flushed 340 ticks to trained_data/ticks
2026-07-08 13:18:23,263 INFO     src.data.tick_capture Flushed 385 ticks to trained_data/ticks
2026-07-08 13:18:53,770 INFO     src.data.tick_capture Flushed 402 ticks to trained_data/ticks
2026-07-08 13:19:24,274 INFO     src.data.tick_capture Flushed 390 ticks to trained_data/ticks
2026-07-08 13:19:54,834 INFO     src.data.tick_capture Flushed 488 ticks to trained_data/ticks
2026-07-08 13:20:25,588 INFO     src.data.tick_capture Flushed 503 ticks to trained_data/ticks
2026-07-08 13:20:56,149 INFO     src.data.tick_capture Flushed 538 ticks to trained_data/ticks
2026-07-08 13:21:26,732 INFO     src.data.tick_capture Flushed 563 ticks to trained_data/ticks
2026-07-08 13:21:57,346 INFO     src.data.tick_capture Flushed 461 ticks to trained_data/ticks
2026-07-08 13:22:27,824 INFO     src.data.tick_capture Flushed 526 ticks to trained_data/ticks
2026-07-08 13:22:58,302 INFO     src.data.tick_capture Flushed 450 ticks to trained_data/ticks
2026-07-08 13:23:28,817 INFO     src.data.tick_capture Flushed 442 ticks to trained_data/ticks
2026-07-08 13:23:59,306 INFO     src.data.tick_capture Flushed 419 ticks to trained_data/ticks
2026-07-08 13:24:29,816 INFO     src.data.tick_capture Flushed 420 ticks to trained_data/ticks
2026-07-08 13:25:00,314 INFO     src.data.tick_capture Flushed 446 ticks to trained_data/ticks
2026-07-08 13:25:30,822 INFO     src.data.tick_capture Flushed 669 ticks to trained_data/ticks
2026-07-08 13:26:01,323 INFO     src.data.tick_capture Flushed 543 ticks to trained_data/ticks
2026-07-08 13:26:31,831 INFO     src.data.tick_capture Flushed 346 ticks to trained_data/ticks
2026-07-08 13:27:02,354 INFO     src.data.tick_capture Flushed 403 ticks to trained_data/ticks
2026-07-08 13:27:32,934 INFO     src.data.tick_capture Flushed 387 ticks to trained_data/ticks
2026-07-08 13:28:03,742 INFO     src.data.tick_capture Flushed 402 ticks to trained_data/ticks
2026-07-08 13:28:34,250 INFO     src.data.tick_capture Flushed 445 ticks to trained_data/ticks
2026-07-08 13:29:04,798 INFO     src.data.tick_capture Flushed 583 ticks to trained_data/ticks
2026-07-08 13:29:35,397 INFO     src.data.tick_capture Flushed 508 ticks to trained_data/ticks
2026-07-08 13:30:06,029 INFO     src.data.tick_capture Flushed 568 ticks to trained_data/ticks
2026-07-08 13:30:36,592 INFO     src.data.tick_capture Flushed 485 ticks to trained_data/ticks
2026-07-08 13:31:07,235 INFO     src.data.tick_capture Flushed 479 ticks to trained_data/ticks
2026-07-08 13:31:37,735 INFO     src.data.tick_capture Flushed 469 ticks to trained_data/ticks
2026-07-08 13:32:08,245 INFO     src.data.tick_capture Flushed 406 ticks to trained_data/ticks
2026-07-08 13:32:38,807 INFO     src.data.tick_capture Flushed 386 ticks to trained_data/ticks
2026-07-08 13:33:09,313 INFO     src.data.tick_capture Flushed 478 ticks to trained_data/ticks
2026-07-08 13:33:39,803 INFO     src.data.tick_capture Flushed 413 ticks to trained_data/ticks
2026-07-08 13:34:10,296 INFO     src.data.tick_capture Flushed 410 ticks to trained_data/ticks
2026-07-08 13:34:40,775 INFO     src.data.tick_capture Flushed 439 ticks to trained_data/ticks
2026-07-08 13:35:11,279 INFO     src.data.tick_capture Flushed 426 ticks to trained_data/ticks
2026-07-08 13:35:41,750 INFO     src.data.tick_capture Flushed 409 ticks to trained_data/ticks
2026-07-08 13:36:12,261 INFO     src.data.tick_capture Flushed 296 ticks to trained_data/ticks
2026-07-08 13:36:42,751 INFO     src.data.tick_capture Flushed 435 ticks to trained_data/ticks
2026-07-08 13:37:13,365 INFO     src.data.tick_capture Flushed 371 ticks to trained_data/ticks
2026-07-08 13:37:43,877 INFO     src.data.tick_capture Flushed 420 ticks to trained_data/ticks
2026-07-08 13:38:14,515 INFO     src.data.tick_capture Flushed 389 ticks to trained_data/ticks
2026-07-08 13:38:45,060 INFO     src.data.tick_capture Flushed 385 ticks to trained_data/ticks
2026-07-08 13:39:15,569 INFO     src.data.tick_capture Flushed 348 ticks to trained_data/ticks
2026-07-08 13:39:46,216 INFO     src.data.tick_capture Flushed 328 ticks to trained_data/ticks
2026-07-08 13:40:16,735 INFO     src.data.tick_capture Flushed 385 ticks to trained_data/ticks
2026-07-08 13:40:47,524 INFO     src.data.tick_capture Flushed 416 ticks to trained_data/ticks
2026-07-08 13:41:18,031 INFO     src.data.tick_capture Flushed 405 ticks to trained_data/ticks
2026-07-08 13:41:48,517 INFO     src.data.tick_capture Flushed 289 ticks to trained_data/ticks
2026-07-08 13:42:19,021 INFO     src.data.tick_capture Flushed 401 ticks to trained_data/ticks
2026-07-08 13:42:49,491 INFO     src.data.tick_capture Flushed 457 ticks to trained_data/ticks
2026-07-08 13:43:19,981 INFO     src.data.tick_capture Flushed 434 ticks to trained_data/ticks
2026-07-08 13:43:50,458 INFO     src.data.tick_capture Flushed 425 ticks to trained_data/ticks
2026-07-08 13:44:20,951 INFO     src.data.tick_capture Flushed 400 ticks to trained_data/ticks
2026-07-08 13:44:51,437 INFO     src.data.tick_capture Flushed 300 ticks to trained_data/ticks
2026-07-08 13:45:21,945 INFO     src.data.tick_capture Flushed 320 ticks to trained_data/ticks
2026-07-08 13:45:52,455 INFO     src.data.tick_capture Flushed 400 ticks to trained_data/ticks
2026-07-08 13:46:23,023 INFO     src.data.tick_capture Flushed 365 ticks to trained_data/ticks
2026-07-08 13:46:53,693 INFO     src.data.tick_capture Flushed 390 ticks to trained_data/ticks
2026-07-08 13:47:24,241 INFO     src.data.tick_capture Flushed 387 ticks to trained_data/ticks
2026-07-08 13:47:54,776 INFO     src.data.tick_capture Flushed 306 ticks to trained_data/ticks
2026-07-08 13:48:25,280 INFO     src.data.tick_capture Flushed 436 ticks to trained_data/ticks
2026-07-08 13:48:55,803 INFO     src.data.tick_capture Flushed 316 ticks to trained_data/ticks
2026-07-08 13:49:26,380 INFO     src.data.tick_capture Flushed 249 ticks to trained_data/ticks
2026-07-08 13:49:56,886 INFO     src.data.tick_capture Flushed 364 ticks to trained_data/ticks
2026-07-08 13:50:27,396 INFO     src.data.tick_capture Flushed 387 ticks to trained_data/ticks
2026-07-08 13:50:57,905 INFO     src.data.tick_capture Flushed 466 ticks to trained_data/ticks
2026-07-08 13:51:28,401 INFO     src.data.tick_capture Flushed 403 ticks to trained_data/ticks
2026-07-08 13:51:58,906 INFO     src.data.tick_capture Flushed 296 ticks to trained_data/ticks
2026-07-08 13:52:29,491 INFO     src.data.tick_capture Flushed 417 ticks to trained_data/ticks
2026-07-08 13:53:00,019 INFO     src.data.tick_capture Flushed 254 ticks to trained_data/ticks
2026-07-08 13:53:30,571 INFO     src.data.tick_capture Flushed 369 ticks to trained_data/ticks
2026-07-08 13:54:01,044 INFO     src.data.tick_capture Flushed 265 ticks to trained_data/ticks
2026-07-08 13:54:31,529 INFO     src.data.tick_capture Flushed 345 ticks to trained_data/ticks
2026-07-08 13:55:02,030 INFO     src.data.tick_capture Flushed 346 ticks to trained_data/ticks
2026-07-08 13:55:32,574 INFO     src.data.tick_capture Flushed 260 ticks to trained_data/ticks
2026-07-08 13:56:03,083 INFO     src.data.tick_capture Flushed 261 ticks to trained_data/ticks
2026-07-08 13:56:33,597 INFO     src.data.tick_capture Flushed 228 ticks to trained_data/ticks
2026-07-08 13:57:04,151 INFO     src.data.tick_capture Flushed 239 ticks to trained_data/ticks
2026-07-08 13:57:34,760 INFO     src.data.tick_capture Flushed 175 ticks to trained_data/ticks
2026-07-08 13:58:05,344 INFO     src.data.tick_capture Flushed 151 ticks to trained_data/ticks
2026-07-08 13:58:35,928 INFO     src.data.tick_capture Flushed 152 ticks to trained_data/ticks
2026-07-08 13:59:06,510 INFO     src.data.tick_capture Flushed 140 ticks to trained_data/ticks
2026-07-08 13:59:37,161 INFO     src.data.tick_capture Flushed 183 ticks to trained_data/ticks
2026-07-08 14:00:07,707 INFO     src.data.tick_capture Flushed 432 ticks to trained_data/ticks
2026-07-08 14:00:38,269 INFO     src.data.tick_capture Flushed 538 ticks to trained_data/ticks
2026-07-08 14:01:08,805 INFO     src.data.tick_capture Flushed 582 ticks to trained_data/ticks
2026-07-08 14:01:39,381 INFO     src.data.tick_capture Flushed 343 ticks to trained_data/ticks
2026-07-08 14:02:09,898 INFO     src.data.tick_capture Flushed 389 ticks to trained_data/ticks
2026-07-08 14:02:40,413 INFO     src.data.tick_capture Flushed 324 ticks to trained_data/ticks
2026-07-08 14:03:10,898 INFO     src.data.tick_capture Flushed 303 ticks to trained_data/ticks
2026-07-08 14:03:41,407 INFO     src.data.tick_capture Flushed 193 ticks to trained_data/ticks
2026-07-08 14:04:11,908 INFO     src.data.tick_capture Flushed 262 ticks to trained_data/ticks
2026-07-08 14:04:42,588 INFO     src.data.tick_capture Flushed 325 ticks to trained_data/ticks
2026-07-08 14:05:13,144 INFO     src.data.tick_capture Flushed 326 ticks to trained_data/ticks
2026-07-08 14:05:43,722 INFO     src.data.tick_capture Flushed 382 ticks to trained_data/ticks
2026-07-08 14:06:14,282 INFO     src.data.tick_capture Flushed 393 ticks to trained_data/ticks
2026-07-08 14:06:44,834 INFO     src.data.tick_capture Flushed 371 ticks to trained_data/ticks
2026-07-08 14:07:15,334 INFO     src.data.tick_capture Flushed 402 ticks to trained_data/ticks
2026-07-08 14:07:45,831 INFO     src.data.tick_capture Flushed 370 ticks to trained_data/ticks
2026-07-08 14:08:16,445 INFO     src.data.tick_capture Flushed 327 ticks to trained_data/ticks
2026-07-08 14:08:47,076 INFO     src.data.tick_capture Flushed 369 ticks to trained_data/ticks
2026-07-08 14:09:17,608 INFO     src.data.tick_capture Flushed 288 ticks to trained_data/ticks
2026-07-08 14:09:48,110 INFO     src.data.tick_capture Flushed 304 ticks to trained_data/ticks
2026-07-08 14:10:18,703 INFO     src.data.tick_capture Flushed 326 ticks to trained_data/ticks
2026-07-08 14:10:49,265 INFO     src.data.tick_capture Flushed 402 ticks to trained_data/ticks
2026-07-08 14:11:20,003 INFO     src.data.tick_capture Flushed 408 ticks to trained_data/ticks
2026-07-08 14:11:50,726 INFO     src.data.tick_capture Flushed 446 ticks to trained_data/ticks
2026-07-08 14:12:21,336 INFO     src.data.tick_capture Flushed 397 ticks to trained_data/ticks
2026-07-08 14:12:51,987 INFO     src.data.tick_capture Flushed 286 ticks to trained_data/ticks
2026-07-08 14:13:22,487 INFO     src.data.tick_capture Flushed 355 ticks to trained_data/ticks
2026-07-08 14:13:53,037 INFO     src.data.tick_capture Flushed 312 ticks to trained_data/ticks
2026-07-08 14:14:23,619 INFO     src.data.tick_capture Flushed 355 ticks to trained_data/ticks
2026-07-08 14:14:54,118 INFO     src.data.tick_capture Flushed 278 ticks to trained_data/ticks
2026-07-08 14:15:24,683 INFO     src.data.tick_capture Flushed 440 ticks to trained_data/ticks
2026-07-08 14:15:55,206 INFO     src.data.tick_capture Flushed 352 ticks to trained_data/ticks
2026-07-08 14:16:25,801 INFO     src.data.tick_capture Flushed 491 ticks to trained_data/ticks
2026-07-08 14:16:56,460 INFO     src.data.tick_capture Flushed 328 ticks to trained_data/ticks
2026-07-08 14:17:27,065 INFO     src.data.tick_capture Flushed 293 ticks to trained_data/ticks
2026-07-08 14:17:57,630 INFO     src.data.tick_capture Flushed 343 ticks to trained_data/ticks
2026-07-08 14:18:28,164 INFO     src.data.tick_capture Flushed 347 ticks to trained_data/ticks
2026-07-08 14:18:58,699 INFO     src.data.tick_capture Flushed 351 ticks to trained_data/ticks
2026-07-08 14:19:29,308 INFO     src.data.tick_capture Flushed 403 ticks to trained_data/ticks
2026-07-08 14:19:59,927 INFO     src.data.tick_capture Flushed 239 ticks to trained_data/ticks
2026-07-08 14:20:30,472 INFO     src.data.tick_capture Flushed 365 ticks to trained_data/ticks
2026-07-08 14:21:01,045 INFO     src.data.tick_capture Flushed 430 ticks to trained_data/ticks
2026-07-08 14:21:31,595 INFO     src.data.tick_capture Flushed 347 ticks to trained_data/ticks
2026-07-08 14:22:02,164 INFO     src.data.tick_capture Flushed 392 ticks to trained_data/ticks
2026-07-08 14:22:32,728 INFO     src.data.tick_capture Flushed 460 ticks to trained_data/ticks
2026-07-08 14:23:03,639 INFO     src.data.tick_capture Flushed 432 ticks to trained_data/ticks
2026-07-08 14:23:34,168 INFO     src.data.tick_capture Flushed 355 ticks to trained_data/ticks
2026-07-08 14:24:04,670 INFO     src.data.tick_capture Flushed 381 ticks to trained_data/ticks
2026-07-08 14:24:35,188 INFO     src.data.tick_capture Flushed 348 ticks to trained_data/ticks
2026-07-08 14:25:05,675 INFO     src.data.tick_capture Flushed 378 ticks to trained_data/ticks
2026-07-08 14:25:36,161 INFO     src.data.tick_capture Flushed 390 ticks to trained_data/ticks
2026-07-08 14:26:06,683 INFO     src.data.tick_capture Flushed 410 ticks to trained_data/ticks
2026-07-08 14:26:37,199 INFO     src.data.tick_capture Flushed 331 ticks to trained_data/ticks
2026-07-08 14:27:07,682 INFO     src.data.tick_capture Flushed 328 ticks to trained_data/ticks
2026-07-08 14:27:38,161 INFO     src.data.tick_capture Flushed 310 ticks to trained_data/ticks
2026-07-08 14:28:08,682 INFO     src.data.tick_capture Flushed 511 ticks to trained_data/ticks
2026-07-08 14:28:39,170 INFO     src.data.tick_capture Flushed 367 ticks to trained_data/ticks
2026-07-08 14:29:09,682 INFO     src.data.tick_capture Flushed 375 ticks to trained_data/ticks
2026-07-08 14:29:40,235 INFO     src.data.tick_capture Flushed 327 ticks to trained_data/ticks
2026-07-08 14:30:10,736 INFO     src.data.tick_capture Flushed 474 ticks to trained_data/ticks
2026-07-08 14:30:41,264 INFO     src.data.tick_capture Flushed 586 ticks to trained_data/ticks
2026-07-08 14:31:11,765 INFO     src.data.tick_capture Flushed 494 ticks to trained_data/ticks
2026-07-08 14:31:42,244 INFO     src.data.tick_capture Flushed 487 ticks to trained_data/ticks
2026-07-08 14:32:12,737 INFO     src.data.tick_capture Flushed 434 ticks to trained_data/ticks
2026-07-08 14:32:43,244 INFO     src.data.tick_capture Flushed 358 ticks to trained_data/ticks
2026-07-08 14:33:13,741 INFO     src.data.tick_capture Flushed 450 ticks to trained_data/ticks
2026-07-08 14:33:44,245 INFO     src.data.tick_capture Flushed 264 ticks to trained_data/ticks
2026-07-08 14:34:14,754 INFO     src.data.tick_capture Flushed 258 ticks to trained_data/ticks
2026-07-08 14:34:45,252 INFO     src.data.tick_capture Flushed 323 ticks to trained_data/ticks
2026-07-08 14:35:15,737 INFO     src.data.tick_capture Flushed 453 ticks to trained_data/ticks
2026-07-08 14:35:46,244 INFO     src.data.tick_capture Flushed 389 ticks to trained_data/ticks
2026-07-08 14:36:16,740 INFO     src.data.tick_capture Flushed 370 ticks to trained_data/ticks
2026-07-08 14:36:47,260 INFO     src.data.tick_capture Flushed 500 ticks to trained_data/ticks
2026-07-08 14:37:17,776 INFO     src.data.tick_capture Flushed 410 ticks to trained_data/ticks
2026-07-08 14:37:48,261 INFO     src.data.tick_capture Flushed 512 ticks to trained_data/ticks
2026-07-08 14:38:18,750 INFO     src.data.tick_capture Flushed 295 ticks to trained_data/ticks
2026-07-08 14:38:49,288 INFO     src.data.tick_capture Flushed 366 ticks to trained_data/ticks
2026-07-08 14:39:19,780 INFO     src.data.tick_capture Flushed 333 ticks to trained_data/ticks
2026-07-08 14:39:50,361 INFO     src.data.tick_capture Flushed 431 ticks to trained_data/ticks
2026-07-08 14:40:20,860 INFO     src.data.tick_capture Flushed 428 ticks to trained_data/ticks
2026-07-08 14:40:51,349 INFO     src.data.tick_capture Flushed 399 ticks to trained_data/ticks
2026-07-08 14:41:21,841 INFO     src.data.tick_capture Flushed 345 ticks to trained_data/ticks
2026-07-08 14:41:52,338 INFO     src.data.tick_capture Flushed 327 ticks to trained_data/ticks
2026-07-08 14:42:22,846 INFO     src.data.tick_capture Flushed 290 ticks to trained_data/ticks
2026-07-08 14:42:53,359 INFO     src.data.tick_capture Flushed 324 ticks to trained_data/ticks
2026-07-08 14:43:23,839 INFO     src.data.tick_capture Flushed 381 ticks to trained_data/ticks
2026-07-08 14:43:54,332 INFO     src.data.tick_capture Flushed 401 ticks to trained_data/ticks
2026-07-08 14:44:24,828 INFO     src.data.tick_capture Flushed 245 ticks to trained_data/ticks
2026-07-08 14:44:55,338 INFO     src.data.tick_capture Flushed 341 ticks to trained_data/ticks
2026-07-08 14:45:25,844 INFO     src.data.tick_capture Flushed 419 ticks to trained_data/ticks
2026-07-08 14:45:56,346 INFO     src.data.tick_capture Flushed 332 ticks to trained_data/ticks
2026-07-08 14:46:26,843 INFO     src.data.tick_capture Flushed 372 ticks to trained_data/ticks
2026-07-08 14:46:57,368 INFO     src.data.tick_capture Flushed 440 ticks to trained_data/ticks
2026-07-08 14:47:27,856 INFO     src.data.tick_capture Flushed 451 ticks to trained_data/ticks
2026-07-08 14:47:58,370 INFO     src.data.tick_capture Flushed 359 ticks to trained_data/ticks
2026-07-08 14:48:28,867 INFO     src.data.tick_capture Flushed 418 ticks to trained_data/ticks
2026-07-08 14:48:59,359 INFO     src.data.tick_capture Flushed 405 ticks to trained_data/ticks
2026-07-08 14:49:29,877 INFO     src.data.tick_capture Flushed 318 ticks to trained_data/ticks
2026-07-08 14:50:00,399 INFO     src.data.tick_capture Flushed 348 ticks to trained_data/ticks
2026-07-08 14:50:30,888 INFO     src.data.tick_capture Flushed 329 ticks to trained_data/ticks
2026-07-08 14:51:01,382 INFO     src.data.tick_capture Flushed 329 ticks to trained_data/ticks
2026-07-08 14:51:31,911 INFO     src.data.tick_capture Flushed 380 ticks to trained_data/ticks
2026-07-08 14:52:02,409 INFO     src.data.tick_capture Flushed 396 ticks to trained_data/ticks
2026-07-08 14:52:32,924 INFO     src.data.tick_capture Flushed 345 ticks to trained_data/ticks
2026-07-08 14:53:03,436 INFO     src.data.tick_capture Flushed 375 ticks to trained_data/ticks
2026-07-08 14:53:33,925 INFO     src.data.tick_capture Flushed 397 ticks to trained_data/ticks
2026-07-08 14:54:04,441 INFO     src.data.tick_capture Flushed 440 ticks to trained_data/ticks
2026-07-08 14:54:34,950 INFO     src.data.tick_capture Flushed 296 ticks to trained_data/ticks
2026-07-08 14:55:05,453 INFO     src.data.tick_capture Flushed 326 ticks to trained_data/ticks
2026-07-08 14:55:35,929 INFO     src.data.tick_capture Flushed 364 ticks to trained_data/ticks
2026-07-08 14:56:06,455 INFO     src.data.tick_capture Flushed 367 ticks to trained_data/ticks
2026-07-08 14:56:37,044 INFO     src.data.tick_capture Flushed 309 ticks to trained_data/ticks
2026-07-08 14:57:07,542 INFO     src.data.tick_capture Flushed 461 ticks to trained_data/ticks
2026-07-08 14:57:38,050 INFO     src.data.tick_capture Flushed 379 ticks to trained_data/ticks
2026-07-08 14:58:08,685 INFO     src.data.tick_capture Flushed 325 ticks to trained_data/ticks
2026-07-08 14:58:39,187 INFO     src.data.tick_capture Flushed 309 ticks to trained_data/ticks
2026-07-08 14:59:09,672 INFO     src.data.tick_capture Flushed 216 ticks to trained_data/ticks
2026-07-08 14:59:40,172 INFO     src.data.tick_capture Flushed 217 ticks to trained_data/ticks
2026-07-08 15:00:10,656 INFO     src.data.tick_capture Flushed 422 ticks to trained_data/ticks
2026-07-08 15:00:41,128 INFO     src.data.tick_capture Flushed 452 ticks to trained_data/ticks
2026-07-08 15:01:11,615 INFO     src.data.tick_capture Flushed 410 ticks to trained_data/ticks
2026-07-08 15:01:42,081 INFO     src.data.tick_capture Flushed 395 ticks to trained_data/ticks
2026-07-08 15:02:12,586 INFO     src.data.tick_capture Flushed 421 ticks to trained_data/ticks
2026-07-08 15:02:43,084 INFO     src.data.tick_capture Flushed 403 ticks to trained_data/ticks
2026-07-08 15:03:13,565 INFO     src.data.tick_capture Flushed 347 ticks to trained_data/ticks
2026-07-08 15:03:44,079 INFO     src.data.tick_capture Flushed 307 ticks to trained_data/ticks
2026-07-08 15:04:14,555 INFO     src.data.tick_capture Flushed 340 ticks to trained_data/ticks
2026-07-08 15:04:45,043 INFO     src.data.tick_capture Flushed 328 ticks to trained_data/ticks
2026-07-08 15:05:15,553 INFO     src.data.tick_capture Flushed 355 ticks to trained_data/ticks
2026-07-08 15:05:46,061 INFO     src.data.tick_capture Flushed 411 ticks to trained_data/ticks
2026-07-08 15:06:16,581 INFO     src.data.tick_capture Flushed 351 ticks to trained_data/ticks
2026-07-08 15:06:47,068 INFO     src.data.tick_capture Flushed 373 ticks to trained_data/ticks
2026-07-08 15:07:17,606 INFO     src.data.tick_capture Flushed 334 ticks to trained_data/ticks
2026-07-08 15:07:48,098 INFO     src.data.tick_capture Flushed 301 ticks to trained_data/ticks
2026-07-08 15:08:18,585 INFO     src.data.tick_capture Flushed 263 ticks to trained_data/ticks
2026-07-08 15:08:49,089 INFO     src.data.tick_capture Flushed 262 ticks to trained_data/ticks
2026-07-08 15:09:19,587 INFO     src.data.tick_capture Flushed 387 ticks to trained_data/ticks
2026-07-08 15:09:50,106 INFO     src.data.tick_capture Flushed 344 ticks to trained_data/ticks
2026-07-08 15:10:20,615 INFO     src.data.tick_capture Flushed 366 ticks to trained_data/ticks
2026-07-08 15:10:51,125 INFO     src.data.tick_capture Flushed 282 ticks to trained_data/ticks
2026-07-08 15:11:21,632 INFO     src.data.tick_capture Flushed 320 ticks to trained_data/ticks
2026-07-08 15:11:52,137 INFO     src.data.tick_capture Flushed 323 ticks to trained_data/ticks
2026-07-08 15:12:22,633 INFO     src.data.tick_capture Flushed 307 ticks to trained_data/ticks
2026-07-08 15:12:53,124 INFO     src.data.tick_capture Flushed 247 ticks to trained_data/ticks
2026-07-08 15:13:23,623 INFO     src.data.tick_capture Flushed 281 ticks to trained_data/ticks
2026-07-08 15:13:54,145 INFO     src.data.tick_capture Flushed 209 ticks to trained_data/ticks
2026-07-08 15:14:24,685 INFO     src.data.tick_capture Flushed 237 ticks to trained_data/ticks
2026-07-08 15:14:55,185 INFO     src.data.tick_capture Flushed 331 ticks to trained_data/ticks
2026-07-08 15:15:25,688 INFO     src.data.tick_capture Flushed 299 ticks to trained_data/ticks
2026-07-08 15:15:56,189 INFO     src.data.tick_capture Flushed 314 ticks to trained_data/ticks
2026-07-08 15:16:26,686 INFO     src.data.tick_capture Flushed 460 ticks to trained_data/ticks
2026-07-08 15:16:57,194 INFO     src.data.tick_capture Flushed 264 ticks to trained_data/ticks
2026-07-08 15:17:27,692 INFO     src.data.tick_capture Flushed 308 ticks to trained_data/ticks
2026-07-08 15:17:58,202 INFO     src.data.tick_capture Flushed 249 ticks to trained_data/ticks
2026-07-08 15:18:28,711 INFO     src.data.tick_capture Flushed 254 ticks to trained_data/ticks
2026-07-08 15:18:59,168 INFO     src.data.tick_capture Flushed 195 ticks to trained_data/ticks
2026-07-08 15:19:29,677 INFO     src.data.tick_capture Flushed 230 ticks to trained_data/ticks
2026-07-08 15:20:00,196 INFO     src.data.tick_capture Flushed 275 ticks to trained_data/ticks
2026-07-08 15:20:30,690 INFO     src.data.tick_capture Flushed 394 ticks to trained_data/ticks
2026-07-08 15:21:01,239 INFO     src.data.tick_capture Flushed 278 ticks to trained_data/ticks
2026-07-08 15:21:31,712 INFO     src.data.tick_capture Flushed 289 ticks to trained_data/ticks
2026-07-08 15:22:02,198 INFO     src.data.tick_capture Flushed 269 ticks to trained_data/ticks
2026-07-08 15:22:32,693 INFO     src.data.tick_capture Flushed 299 ticks to trained_data/ticks
2026-07-08 15:23:03,214 INFO     src.data.tick_capture Flushed 273 ticks to trained_data/ticks
2026-07-08 15:23:33,708 INFO     src.data.tick_capture Flushed 309 ticks to trained_data/ticks
2026-07-08 15:24:04,215 INFO     src.data.tick_capture Flushed 263 ticks to trained_data/ticks
2026-07-08 15:24:34,690 INFO     src.data.tick_capture Flushed 262 ticks to trained_data/ticks
2026-07-08 15:25:05,208 INFO     src.data.tick_capture Flushed 312 ticks to trained_data/ticks
2026-07-08 15:25:35,704 INFO     src.data.tick_capture Flushed 348 ticks to trained_data/ticks
2026-07-08 15:26:06,193 INFO     src.data.tick_capture Flushed 282 ticks to trained_data/ticks
2026-07-08 15:26:36,670 INFO     src.data.tick_capture Flushed 278 ticks to trained_data/ticks
2026-07-08 15:27:07,166 INFO     src.data.tick_capture Flushed 249 ticks to trained_data/ticks
2026-07-08 15:27:37,675 INFO     src.data.tick_capture Flushed 239 ticks to trained_data/ticks
2026-07-08 15:28:08,179 INFO     src.data.tick_capture Flushed 356 ticks to trained_data/ticks
2026-07-08 15:28:38,683 INFO     src.data.tick_capture Flushed 363 ticks to trained_data/ticks
2026-07-08 15:29:09,203 INFO     src.data.tick_capture Flushed 264 ticks to trained_data/ticks
2026-07-08 15:29:39,719 INFO     src.data.tick_capture Flushed 332 ticks to trained_data/ticks
2026-07-08 15:30:10,235 INFO     src.data.tick_capture Flushed 286 ticks to trained_data/ticks
2026-07-08 15:30:40,772 INFO     src.data.tick_capture Flushed 431 ticks to trained_data/ticks
2026-07-08 15:31:11,267 INFO     src.data.tick_capture Flushed 432 ticks to trained_data/ticks
2026-07-08 15:31:41,768 INFO     src.data.tick_capture Flushed 522 ticks to trained_data/ticks
2026-07-08 15:32:12,270 INFO     src.data.tick_capture Flushed 392 ticks to trained_data/ticks
2026-07-08 15:32:42,787 INFO     src.data.tick_capture Flushed 315 ticks to trained_data/ticks
2026-07-08 15:33:13,294 INFO     src.data.tick_capture Flushed 334 ticks to trained_data/ticks
2026-07-08 15:33:43,808 INFO     src.data.tick_capture Flushed 317 ticks to trained_data/ticks
2026-07-08 15:34:14,352 INFO     src.data.tick_capture Flushed 359 ticks to trained_data/ticks
2026-07-08 15:34:44,852 INFO     src.data.tick_capture Flushed 353 ticks to trained_data/ticks
2026-07-08 15:35:15,354 INFO     src.data.tick_capture Flushed 421 ticks to trained_data/ticks
2026-07-08 15:35:45,877 INFO     src.data.tick_capture Flushed 326 ticks to trained_data/ticks
2026-07-08 15:36:16,384 INFO     src.data.tick_capture Flushed 238 ticks to trained_data/ticks
2026-07-08 15:36:46,902 INFO     src.data.tick_capture Flushed 302 ticks to trained_data/ticks
2026-07-08 15:37:17,396 INFO     src.data.tick_capture Flushed 291 ticks to trained_data/ticks
2026-07-08 15:37:47,894 INFO     src.data.tick_capture Flushed 190 ticks to trained_data/ticks
2026-07-08 15:38:18,392 INFO     src.data.tick_capture Flushed 255 ticks to trained_data/ticks
2026-07-08 15:38:48,914 INFO     src.data.tick_capture Flushed 240 ticks to trained_data/ticks
2026-07-08 15:39:19,416 INFO     src.data.tick_capture Flushed 237 ticks to trained_data/ticks
2026-07-08 15:39:49,912 INFO     src.data.tick_capture Flushed 178 ticks to trained_data/ticks
2026-07-08 15:40:20,425 INFO     src.data.tick_capture Flushed 232 ticks to trained_data/ticks
2026-07-08 15:40:50,939 INFO     src.data.tick_capture Flushed 306 ticks to trained_data/ticks
2026-07-08 15:41:21,451 INFO     src.data.tick_capture Flushed 394 ticks to trained_data/ticks
2026-07-08 15:41:51,960 INFO     src.data.tick_capture Flushed 310 ticks to trained_data/ticks
2026-07-08 15:42:22,460 INFO     src.data.tick_capture Flushed 350 ticks to trained_data/ticks
2026-07-08 15:42:52,977 INFO     src.data.tick_capture Flushed 209 ticks to trained_data/ticks
2026-07-08 15:43:23,492 INFO     src.data.tick_capture Flushed 242 ticks to trained_data/ticks
2026-07-08 15:43:53,999 INFO     src.data.tick_capture Flushed 293 ticks to trained_data/ticks
2026-07-08 15:44:24,511 INFO     src.data.tick_capture Flushed 340 ticks to trained_data/ticks
2026-07-08 15:44:55,034 INFO     src.data.tick_capture Flushed 269 ticks to trained_data/ticks
2026-07-08 15:45:25,540 INFO     src.data.tick_capture Flushed 481 ticks to trained_data/ticks
2026-07-08 15:45:56,046 INFO     src.data.tick_capture Flushed 482 ticks to trained_data/ticks
2026-07-08 15:46:26,575 INFO     src.data.tick_capture Flushed 398 ticks to trained_data/ticks
2026-07-08 15:46:57,088 INFO     src.data.tick_capture Flushed 269 ticks to trained_data/ticks
2026-07-08 15:47:27,583 INFO     src.data.tick_capture Flushed 465 ticks to trained_data/ticks
2026-07-08 15:47:58,097 INFO     src.data.tick_capture Flushed 660 ticks to trained_data/ticks
2026-07-08 15:48:28,598 INFO     src.data.tick_capture Flushed 665 ticks to trained_data/ticks
2026-07-08 15:48:59,098 INFO     src.data.tick_capture Flushed 658 ticks to trained_data/ticks
2026-07-08 15:49:29,611 INFO     src.data.tick_capture Flushed 420 ticks to trained_data/ticks
2026-07-08 15:50:00,133 INFO     src.data.tick_capture Flushed 388 ticks to trained_data/ticks
2026-07-08 15:50:30,656 INFO     src.data.tick_capture Flushed 615 ticks to trained_data/ticks
2026-07-08 15:51:01,160 INFO     src.data.tick_capture Flushed 512 ticks to trained_data/ticks
2026-07-08 15:51:31,660 INFO     src.data.tick_capture Flushed 480 ticks to trained_data/ticks
2026-07-08 15:52:02,164 INFO     src.data.tick_capture Flushed 386 ticks to trained_data/ticks
2026-07-08 15:52:32,731 INFO     src.data.tick_capture Flushed 469 ticks to trained_data/ticks
2026-07-08 15:53:03,248 INFO     src.data.tick_capture Flushed 433 ticks to trained_data/ticks
2026-07-08 15:53:33,761 INFO     src.data.tick_capture Flushed 377 ticks to trained_data/ticks
2026-07-08 15:54:04,289 INFO     src.data.tick_capture Flushed 278 ticks to trained_data/ticks
2026-07-08 15:54:34,825 INFO     src.data.tick_capture Flushed 394 ticks to trained_data/ticks
2026-07-08 15:55:05,338 INFO     src.data.tick_capture Flushed 475 ticks to trained_data/ticks
2026-07-08 15:55:35,856 INFO     src.data.tick_capture Flushed 582 ticks to trained_data/ticks
2026-07-08 15:56:06,372 INFO     src.data.tick_capture Flushed 461 ticks to trained_data/ticks
2026-07-08 15:56:36,886 INFO     src.data.tick_capture Flushed 500 ticks to trained_data/ticks
2026-07-08 15:57:07,398 INFO     src.data.tick_capture Flushed 359 ticks to trained_data/ticks
2026-07-08 15:57:37,910 INFO     src.data.tick_capture Flushed 434 ticks to trained_data/ticks
2026-07-08 15:58:08,457 INFO     src.data.tick_capture Flushed 471 ticks to trained_data/ticks
2026-07-08 15:58:38,973 INFO     src.data.tick_capture Flushed 403 ticks to trained_data/ticks
2026-07-08 15:59:09,508 INFO     src.data.tick_capture Flushed 413 ticks to trained_data/ticks
2026-07-08 15:59:40,012 INFO     src.data.tick_capture Flushed 427 ticks to trained_data/ticks
2026-07-08 16:00:10,522 INFO     src.data.tick_capture Flushed 507 ticks to trained_data/ticks
2026-07-08 16:00:41,021 INFO     src.data.tick_capture Flushed 397 ticks to trained_data/ticks
2026-07-08 16:01:11,539 INFO     src.data.tick_capture Flushed 432 ticks to trained_data/ticks
2026-07-08 16:01:42,038 INFO     src.data.tick_capture Flushed 418 ticks to trained_data/ticks
2026-07-08 16:02:12,551 INFO     src.data.tick_capture Flushed 455 ticks to trained_data/ticks
2026-07-08 16:02:43,073 INFO     src.data.tick_capture Flushed 340 ticks to trained_data/ticks
2026-07-08 16:03:13,605 INFO     src.data.tick_capture Flushed 176 ticks to trained_data/ticks
2026-07-08 16:03:44,122 INFO     src.data.tick_capture Flushed 293 ticks to trained_data/ticks
2026-07-08 16:04:14,658 INFO     src.data.tick_capture Flushed 282 ticks to trained_data/ticks
2026-07-08 16:04:45,150 INFO     src.data.tick_capture Flushed 246 ticks to trained_data/ticks
2026-07-08 16:05:15,674 INFO     src.data.tick_capture Flushed 222 ticks to trained_data/ticks
2026-07-08 16:05:46,197 INFO     src.data.tick_capture Flushed 256 ticks to trained_data/ticks
2026-07-08 16:06:16,707 INFO     src.data.tick_capture Flushed 262 ticks to trained_data/ticks
2026-07-08 16:06:47,212 INFO     src.data.tick_capture Flushed 287 ticks to trained_data/ticks
2026-07-08 16:07:17,729 INFO     src.data.tick_capture Flushed 173 ticks to trained_data/ticks
2026-07-08 16:07:48,252 INFO     src.data.tick_capture Flushed 256 ticks to trained_data/ticks
2026-07-08 16:08:18,794 INFO     src.data.tick_capture Flushed 252 ticks to trained_data/ticks
2026-07-08 16:08:49,306 INFO     src.data.tick_capture Flushed 281 ticks to trained_data/ticks
2026-07-08 16:09:19,804 INFO     src.data.tick_capture Flushed 204 ticks to trained_data/ticks
2026-07-08 16:09:50,469 INFO     src.data.tick_capture Flushed 156 ticks to trained_data/ticks
2026-07-08 16:10:21,019 INFO     src.data.tick_capture Flushed 288 ticks to trained_data/ticks
2026-07-08 16:10:51,478 INFO     src.data.tick_capture Flushed 199 ticks to trained_data/ticks
2026-07-08 16:11:21,978 INFO     src.data.tick_capture Flushed 497 ticks to trained_data/ticks
2026-07-08 16:11:52,451 INFO     src.data.tick_capture Flushed 209 ticks to trained_data/ticks
2026-07-08 16:12:23,006 INFO     src.data.tick_capture Flushed 223 ticks to trained_data/ticks
2026-07-08 16:12:53,523 INFO     src.data.tick_capture Flushed 221 ticks to trained_data/ticks
2026-07-08 16:13:24,052 INFO     src.data.tick_capture Flushed 253 ticks to trained_data/ticks
2026-07-08 16:13:54,569 INFO     src.data.tick_capture Flushed 307 ticks to trained_data/ticks
2026-07-08 16:14:25,099 INFO     src.data.tick_capture Flushed 233 ticks to trained_data/ticks
2026-07-08 16:14:55,622 INFO     src.data.tick_capture Flushed 285 ticks to trained_data/ticks
2026-07-08 16:15:26,107 INFO     src.data.tick_capture Flushed 198 ticks to trained_data/ticks
2026-07-08 16:15:56,593 INFO     src.data.tick_capture Flushed 242 ticks to trained_data/ticks
2026-07-08 16:16:27,086 INFO     src.data.tick_capture Flushed 282 ticks to trained_data/ticks
2026-07-08 16:16:57,615 INFO     src.data.tick_capture Flushed 334 ticks to trained_data/ticks
2026-07-08 16:17:28,125 INFO     src.data.tick_capture Flushed 245 ticks to trained_data/ticks
2026-07-08 16:17:58,629 INFO     src.data.tick_capture Flushed 153 ticks to trained_data/ticks
2026-07-08 16:18:29,170 INFO     src.data.tick_capture Flushed 173 ticks to trained_data/ticks
2026-07-08 16:18:59,668 INFO     src.data.tick_capture Flushed 205 ticks to trained_data/ticks
2026-07-08 16:19:30,170 INFO     src.data.tick_capture Flushed 130 ticks to trained_data/ticks
2026-07-08 16:20:00,692 INFO     src.data.tick_capture Flushed 207 ticks to trained_data/ticks
2026-07-08 16:20:31,190 INFO     src.data.tick_capture Flushed 174 ticks to trained_data/ticks
2026-07-08 16:21:01,719 INFO     src.data.tick_capture Flushed 158 ticks to trained_data/ticks
2026-07-08 16:21:32,278 INFO     src.data.tick_capture Flushed 219 ticks to trained_data/ticks
2026-07-08 16:22:02,757 INFO     src.data.tick_capture Flushed 158 ticks to trained_data/ticks
2026-07-08 16:22:33,238 INFO     src.data.tick_capture Flushed 111 ticks to trained_data/ticks
2026-07-08 16:23:03,741 INFO     src.data.tick_capture Flushed 148 ticks to trained_data/ticks
2026-07-08 16:23:34,240 INFO     src.data.tick_capture Flushed 139 ticks to trained_data/ticks
2026-07-08 16:24:04,756 INFO     src.data.tick_capture Flushed 136 ticks to trained_data/ticks
2026-07-08 16:24:35,260 INFO     src.data.tick_capture Flushed 207 ticks to trained_data/ticks
2026-07-08 16:25:05,782 INFO     src.data.tick_capture Flushed 133 ticks to trained_data/ticks
2026-07-08 16:25:36,267 INFO     src.data.tick_capture Flushed 123 ticks to trained_data/ticks
2026-07-08 16:26:06,793 INFO     src.data.tick_capture Flushed 163 ticks to trained_data/ticks
2026-07-08 16:26:37,310 INFO     src.data.tick_capture Flushed 182 ticks to trained_data/ticks
2026-07-08 16:27:07,844 INFO     src.data.tick_capture Flushed 168 ticks to trained_data/ticks
2026-07-08 16:27:38,338 INFO     src.data.tick_capture Flushed 116 ticks to trained_data/ticks
2026-07-08 16:28:08,884 INFO     src.data.tick_capture Flushed 172 ticks to trained_data/ticks
2026-07-08 16:28:39,392 INFO     src.data.tick_capture Flushed 198 ticks to trained_data/ticks
2026-07-08 16:29:09,916 INFO     src.data.tick_capture Flushed 241 ticks to trained_data/ticks
2026-07-08 16:29:40,435 INFO     src.data.tick_capture Flushed 202 ticks to trained_data/ticks
2026-07-08 16:30:10,951 INFO     src.data.tick_capture Flushed 222 ticks to trained_data/ticks
2026-07-08 16:30:41,477 INFO     src.data.tick_capture Flushed 277 ticks to trained_data/ticks
2026-07-08 16:31:11,985 INFO     src.data.tick_capture Flushed 210 ticks to trained_data/ticks
2026-07-08 16:31:42,506 INFO     src.data.tick_capture Flushed 186 ticks to trained_data/ticks
2026-07-08 16:32:13,019 INFO     src.data.tick_capture Flushed 226 ticks to trained_data/ticks
2026-07-08 16:32:43,567 INFO     src.data.tick_capture Flushed 260 ticks to trained_data/ticks
2026-07-08 16:33:14,146 INFO     src.data.tick_capture Flushed 202 ticks to trained_data/ticks
2026-07-08 16:33:44,677 INFO     src.data.tick_capture Flushed 239 ticks to trained_data/ticks
2026-07-08 16:34:15,186 INFO     src.data.tick_capture Flushed 262 ticks to trained_data/ticks
2026-07-08 16:34:45,704 INFO     src.data.tick_capture Flushed 143 ticks to trained_data/ticks
2026-07-08 16:35:16,227 INFO     src.data.tick_capture Flushed 156 ticks to trained_data/ticks
2026-07-08 16:35:46,850 INFO     src.data.tick_capture Flushed 262 ticks to trained_data/ticks
2026-07-08 16:36:17,374 INFO     src.data.tick_capture Flushed 269 ticks to trained_data/ticks
2026-07-08 16:36:47,911 INFO     src.data.tick_capture Flushed 383 ticks to trained_data/ticks
2026-07-08 16:37:18,451 INFO     src.data.tick_capture Flushed 238 ticks to trained_data/ticks
2026-07-08 16:37:48,958 INFO     src.data.tick_capture Flushed 174 ticks to trained_data/ticks
2026-07-08 16:38:19,454 INFO     src.data.tick_capture Flushed 188 ticks to trained_data/ticks
2026-07-08 16:38:49,984 INFO     src.data.tick_capture Flushed 219 ticks to trained_data/ticks
2026-07-08 16:39:20,507 INFO     src.data.tick_capture Flushed 215 ticks to trained_data/ticks
2026-07-08 16:39:51,041 INFO     src.data.tick_capture Flushed 243 ticks to trained_data/ticks
2026-07-08 16:40:21,566 INFO     src.data.tick_capture Flushed 250 ticks to trained_data/ticks
2026-07-08 16:40:52,077 INFO     src.data.tick_capture Flushed 359 ticks to trained_data/ticks
2026-07-08 16:41:22,615 INFO     src.data.tick_capture Flushed 377 ticks to trained_data/ticks
2026-07-08 16:41:53,098 INFO     src.data.tick_capture Flushed 165 ticks to trained_data/ticks
2026-07-08 16:42:23,560 INFO     src.data.tick_capture Flushed 158 ticks to trained_data/ticks
2026-07-08 16:42:54,055 INFO     src.data.tick_capture Flushed 108 ticks to trained_data/ticks
2026-07-08 16:43:24,550 INFO     src.data.tick_capture Flushed 133 ticks to trained_data/ticks
2026-07-08 16:43:55,063 INFO     src.data.tick_capture Flushed 146 ticks to trained_data/ticks
2026-07-08 16:44:25,560 INFO     src.data.tick_capture Flushed 158 ticks to trained_data/ticks
2026-07-08 16:44:56,061 INFO     src.data.tick_capture Flushed 194 ticks to trained_data/ticks
2026-07-08 16:45:26,555 INFO     src.data.tick_capture Flushed 206 ticks to trained_data/ticks
2026-07-08 16:45:57,077 INFO     src.data.tick_capture Flushed 185 ticks to trained_data/ticks
2026-07-08 16:46:27,611 INFO     src.data.tick_capture Flushed 152 ticks to trained_data/ticks
2026-07-08 16:46:58,120 INFO     src.data.tick_capture Flushed 185 ticks to trained_data/ticks
2026-07-08 16:47:28,647 INFO     src.data.tick_capture Flushed 205 ticks to trained_data/ticks
2026-07-08 16:47:59,148 INFO     src.data.tick_capture Flushed 335 ticks to trained_data/ticks
2026-07-08 16:48:29,679 INFO     src.data.tick_capture Flushed 268 ticks to trained_data/ticks
2026-07-08 16:49:00,188 INFO     src.data.tick_capture Flushed 230 ticks to trained_data/ticks
2026-07-08 16:49:30,686 INFO     src.data.tick_capture Flushed 185 ticks to trained_data/ticks
2026-07-08 16:50:01,209 INFO     src.data.tick_capture Flushed 190 ticks to trained_data/ticks
2026-07-08 16:50:31,727 INFO     src.data.tick_capture Flushed 229 ticks to trained_data/ticks
2026-07-08 16:51:02,263 INFO     src.data.tick_capture Flushed 200 ticks to trained_data/ticks
2026-07-08 16:51:32,792 INFO     src.data.tick_capture Flushed 196 ticks to trained_data/ticks
2026-07-08 16:52:03,286 INFO     src.data.tick_capture Flushed 160 ticks to trained_data/ticks
2026-07-08 16:52:33,786 INFO     src.data.tick_capture Flushed 176 ticks to trained_data/ticks
2026-07-08 16:53:04,285 INFO     src.data.tick_capture Flushed 107 ticks to trained_data/ticks
2026-07-08 16:53:34,768 INFO     src.data.tick_capture Flushed 88 ticks to trained_data/ticks
2026-07-08 16:54:05,445 INFO     src.data.tick_capture Flushed 223 ticks to trained_data/ticks
2026-07-08 16:54:35,942 INFO     src.data.tick_capture Flushed 161 ticks to trained_data/ticks
2026-07-08 16:55:06,429 INFO     src.data.tick_capture Flushed 125 ticks to trained_data/ticks
2026-07-08 16:55:36,947 INFO     src.data.tick_capture Flushed 122 ticks to trained_data/ticks
2026-07-08 16:56:07,447 INFO     src.data.tick_capture Flushed 76 ticks to trained_data/ticks
2026-07-08 16:56:38,010 INFO     src.data.tick_capture Flushed 122 ticks to trained_data/ticks
2026-07-08 16:57:08,524 INFO     src.data.tick_capture Flushed 90 ticks to trained_data/ticks
2026-07-08 16:57:39,118 INFO     src.data.tick_capture Flushed 150 ticks to trained_data/ticks
2026-07-08 16:58:09,732 INFO     src.data.tick_capture Flushed 382 ticks to trained_data/ticks
2026-07-08 16:58:40,267 INFO     src.data.tick_capture Flushed 521 ticks to trained_data/ticks
2026-07-08 16:59:10,812 INFO     src.data.tick_capture Flushed 497 ticks to trained_data/ticks
2026-07-08 17:04:55,345 WARNING  src.data.tick_capture Tick stream gap detected: 349.9s idle (2026-07-08T20:59:05.397159+00:00 -> 2026-07-08T21:04:55.342074+00:00)
2026-07-08 17:05:11,495 INFO     src.data.tick_capture Flushed 31 ticks to trained_data/ticks
2026-07-08 17:05:41,829 INFO     src.data.tick_capture Flushed 17 ticks to trained_data/ticks
2026-07-08 17:06:12,210 INFO     src.data.tick_capture Flushed 16 ticks to trained_data/ticks
2026-07-08 17:06:42,662 INFO     src.data.tick_capture Flushed 21 ticks to trained_data/ticks
2026-07-08 17:07:13,081 INFO     src.data.tick_capture Flushed 24 ticks to trained_data/ticks
2026-07-08 17:07:43,375 INFO     src.data.tick_capture Flushed 12 ticks to trained_data/ticks
2026-07-08 17:08:13,692 INFO     src.data.tick_capture Flushed 15 ticks to trained_data/ticks
2026-07-08 17:08:44,177 INFO     src.data.tick_capture Flushed 55 ticks to trained_data/ticks
2026-07-08 17:09:14,616 INFO     src.data.tick_capture Flushed 32 ticks to trained_data/ticks
2026-07-08 17:09:44,978 INFO     src.data.tick_capture Flushed 17 ticks to trained_data/ticks
2026-07-08 17:10:15,465 INFO     src.data.tick_capture Flushed 151 ticks to trained_data/ticks
2026-07-08 17:10:45,880 INFO     src.data.tick_capture Flushed 125 ticks to trained_data/ticks
2026-07-08 17:11:16,291 INFO     src.data.tick_capture Flushed 27 ticks to trained_data/ticks
2026-07-08 17:11:46,876 INFO     src.data.tick_capture Flushed 54 ticks to trained_data/ticks
2026-07-08 17:12:17,403 INFO     src.data.tick_capture Flushed 40 ticks to trained_data/ticks
2026-07-08 17:12:47,811 INFO     src.data.tick_capture Flushed 32 ticks to trained_data/ticks
2026-07-08 17:13:18,297 INFO     src.data.tick_capture Flushed 51 ticks to trained_data/ticks
2026-07-08 17:13:48,764 INFO     src.data.tick_capture Flushed 41 ticks to trained_data/ticks
2026-07-08 17:14:19,261 INFO     src.data.tick_capture Flushed 97 ticks to trained_data/ticks
2026-07-08 17:14:49,753 INFO     src.data.tick_capture Flushed 101 ticks to trained_data/ticks
2026-07-08 17:15:20,274 INFO     src.data.tick_capture Flushed 170 ticks to trained_data/ticks
2026-07-08 17:15:50,827 INFO     src.data.tick_capture Flushed 360 ticks to trained_data/ticks
2026-07-08 17:16:21,354 INFO     src.data.tick_capture Flushed 344 ticks to trained_data/ticks
2026-07-08 17:16:51,833 INFO     src.data.tick_capture Flushed 268 ticks to trained_data/ticks
2026-07-08 17:17:22,294 INFO     src.data.tick_capture Flushed 324 ticks to trained_data/ticks
2026-07-08 17:17:52,779 INFO     src.data.tick_capture Flushed 166 ticks to trained_data/ticks
2026-07-08 17:18:23,224 INFO     src.data.tick_capture Flushed 83 ticks to trained_data/ticks
2026-07-08 17:18:53,754 INFO     src.data.tick_capture Flushed 109 ticks to trained_data/ticks
2026-07-08 17:19:24,280 INFO     src.data.tick_capture Flushed 230 ticks to trained_data/ticks
2026-07-08 17:19:54,833 INFO     src.data.tick_capture Flushed 184 ticks to trained_data/ticks
2026-07-08 17:20:25,302 INFO     src.data.tick_capture Flushed 130 ticks to trained_data/ticks
2026-07-08 17:20:55,722 INFO     src.data.tick_capture Flushed 70 ticks to trained_data/ticks
2026-07-08 17:21:26,210 INFO     src.data.tick_capture Flushed 113 ticks to trained_data/ticks
2026-07-08 17:21:56,692 INFO     src.data.tick_capture Flushed 89 ticks to trained_data/ticks
2026-07-08 17:22:27,182 INFO     src.data.tick_capture Flushed 76 ticks to trained_data/ticks
2026-07-08 17:22:57,669 INFO     src.data.tick_capture Flushed 79 ticks to trained_data/ticks
2026-07-08 17:23:28,151 INFO     src.data.tick_capture Flushed 76 ticks to trained_data/ticks
2026-07-08 17:23:58,616 INFO     src.data.tick_capture Flushed 40 ticks to trained_data/ticks
2026-07-08 17:24:29,070 INFO     src.data.tick_capture Flushed 125 ticks to trained_data/ticks
2026-07-08 17:24:59,491 INFO     src.data.tick_capture Flushed 117 ticks to trained_data/ticks
2026-07-08 17:25:29,942 INFO     src.data.tick_capture Flushed 104 ticks to trained_data/ticks
2026-07-08 17:26:00,374 INFO     src.data.tick_capture Flushed 108 ticks to trained_data/ticks
2026-07-08 17:26:30,786 INFO     src.data.tick_capture Flushed 147 ticks to trained_data/ticks
2026-07-08 17:27:01,259 INFO     src.data.tick_capture Flushed 94 ticks to trained_data/ticks
2026-07-08 17:27:31,716 INFO     src.data.tick_capture Flushed 58 ticks to trained_data/ticks
2026-07-08 17:28:02,175 INFO     src.data.tick_capture Flushed 61 ticks to trained_data/ticks
2026-07-08 17:28:32,679 INFO     src.data.tick_capture Flushed 43 ticks to trained_data/ticks
2026-07-08 17:29:03,134 INFO     src.data.tick_capture Flushed 62 ticks to trained_data/ticks
2026-07-08 17:29:33,604 INFO     src.data.tick_capture Flushed 145 ticks to trained_data/ticks
2026-07-08 17:30:04,104 INFO     src.data.tick_capture Flushed 236 ticks to trained_data/ticks
2026-07-08 17:30:34,600 INFO     src.data.tick_capture Flushed 196 ticks to trained_data/ticks
2026-07-08 17:31:05,101 INFO     src.data.tick_capture Flushed 98 ticks to trained_data/ticks
2026-07-08 17:31:35,621 INFO     src.data.tick_capture Flushed 148 ticks to trained_data/ticks
2026-07-08 17:32:06,073 INFO     src.data.tick_capture Flushed 89 ticks to trained_data/ticks
2026-07-08 17:32:36,521 INFO     src.data.tick_capture Flushed 72 ticks to trained_data/ticks
2026-07-08 17:33:06,971 INFO     src.data.tick_capture Flushed 96 ticks to trained_data/ticks
2026-07-08 17:33:37,359 INFO     src.data.tick_capture Flushed 54 ticks to trained_data/ticks
2026-07-08 17:34:07,754 INFO     src.data.tick_capture Flushed 82 ticks to trained_data/ticks
2026-07-08 17:34:38,236 INFO     src.data.tick_capture Flushed 135 ticks to trained_data/ticks
2026-07-08 17:35:08,716 INFO     src.data.tick_capture Flushed 89 ticks to trained_data/ticks
2026-07-08 17:35:39,275 INFO     src.data.tick_capture Flushed 149 ticks to trained_data/ticks
2026-07-08 17:36:09,792 INFO     src.data.tick_capture Flushed 157 ticks to trained_data/ticks
2026-07-08 17:36:40,276 INFO     src.data.tick_capture Flushed 235 ticks to trained_data/ticks
2026-07-08 17:37:10,812 INFO     src.data.tick_capture Flushed 502 ticks to trained_data/ticks
2026-07-08 17:37:41,351 INFO     src.data.tick_capture Flushed 445 ticks to trained_data/ticks
2026-07-08 17:38:11,866 INFO     src.data.tick_capture Flushed 369 ticks to trained_data/ticks
2026-07-08 17:38:42,335 INFO     src.data.tick_capture Flushed 201 ticks to trained_data/ticks
2026-07-08 17:39:12,858 INFO     src.data.tick_capture Flushed 168 ticks to trained_data/ticks
2026-07-08 17:39:43,385 INFO     src.data.tick_capture Flushed 218 ticks to trained_data/ticks
2026-07-08 17:40:13,923 INFO     src.data.tick_capture Flushed 189 ticks to trained_data/ticks
2026-07-08 17:40:44,428 INFO     src.data.tick_capture Flushed 150 ticks to trained_data/ticks
2026-07-08 17:41:14,918 INFO     src.data.tick_capture Flushed 102 ticks to trained_data/ticks
2026-07-08 17:41:45,399 INFO     src.data.tick_capture Flushed 115 ticks to trained_data/ticks
2026-07-08 17:42:15,885 INFO     src.data.tick_capture Flushed 108 ticks to trained_data/ticks
2026-07-08 17:42:46,309 INFO     src.data.tick_capture Flushed 81 ticks to trained_data/ticks
2026-07-08 17:43:16,739 INFO     src.data.tick_capture Flushed 116 ticks to trained_data/ticks
2026-07-08 17:43:47,164 INFO     src.data.tick_capture Flushed 150 ticks to trained_data/ticks
2026-07-08 17:44:17,661 INFO     src.data.tick_capture Flushed 136 ticks to trained_data/ticks
2026-07-08 17:44:48,161 INFO     src.data.tick_capture Flushed 92 ticks to trained_data/ticks
2026-07-08 17:45:18,668 INFO     src.data.tick_capture Flushed 266 ticks to trained_data/ticks
2026-07-08 17:45:49,200 INFO     src.data.tick_capture Flushed 185 ticks to trained_data/ticks
2026-07-08 17:46:19,716 INFO     src.data.tick_capture Flushed 249 ticks to trained_data/ticks
2026-07-08 17:46:50,245 INFO     src.data.tick_capture Flushed 222 ticks to trained_data/ticks
2026-07-08 17:47:20,778 INFO     src.data.tick_capture Flushed 205 ticks to trained_data/ticks
2026-07-08 17:47:51,289 INFO     src.data.tick_capture Flushed 210 ticks to trained_data/ticks
2026-07-08 17:48:21,781 INFO     src.data.tick_capture Flushed 246 ticks to trained_data/ticks
2026-07-08 17:48:52,271 INFO     src.data.tick_capture Flushed 176 ticks to trained_data/ticks
2026-07-08 17:49:22,754 INFO     src.data.tick_capture Flushed 156 ticks to trained_data/ticks
2026-07-08 17:49:53,260 INFO     src.data.tick_capture Flushed 211 ticks to trained_data/ticks
2026-07-08 17:50:23,780 INFO     src.data.tick_capture Flushed 302 ticks to trained_data/ticks
2026-07-08 17:50:54,306 INFO     src.data.tick_capture Flushed 219 ticks to trained_data/ticks
2026-07-08 17:51:24,766 INFO     src.data.tick_capture Flushed 145 ticks to trained_data/ticks
2026-07-08 17:51:55,283 INFO     src.data.tick_capture Flushed 258 ticks to trained_data/ticks
2026-07-08 17:52:25,960 INFO     src.data.tick_capture Flushed 144 ticks to trained_data/ticks
2026-07-08 17:52:56,623 INFO     src.data.tick_capture Flushed 236 ticks to trained_data/ticks
2026-07-08 17:53:27,280 INFO     src.data.tick_capture Flushed 197 ticks to trained_data/ticks
2026-07-08 17:54:00,513 INFO     src.data.tick_capture Flushed 358 ticks to trained_data/ticks
