time,open,high,low,close,volume,bid_close,ask_close,close_ema_14
2024-09-17T21:00:00Z,142.38,142.398,142.338,142.356,329.0,142.332,142.38,142.356
2024-09-17T22:00:00Z,142.355,142.377,142.012,142.05,2798.0,142.039,142.06,142.3152
2024-09-17T23:00:00Z,142.046,142.106,141.894,142.012,7082.0,142.002,142.021,142.27477333333334
2024-09-18T00:00:00Z,142.014,142.027,141.571,141.652,14116.0,141.643,141.66,142.1917368888889
2024-09-18T01:00:00Z,141.65,141.766,141.472,141.521,13715.0,141.511,141.531,142.1023053037037
2024-09-18T02:00:00Z,141.52,141.628,141.382,141.472,8990.0,141.463,141.481,142.01826459654322
2024-09-18T03:00:00Z,141.47,141.472,141.297,141.394,7941.0,141.387,141.402,141.93502931700414
2024-09-18T04:00:00Z,141.394,141.558,141.225,141.319,8145.0,141.311,141.327,141.85289207473693
2024-09-18T05:00:00Z,141.318,141.547,141.283,141.537,9683.0,141.529,141.545,141.81077313143868
2024-09-18T06:00:00Z,141.534,141.706,141.444,141.549,10591.0,141.54,141.558,141.77587004724685
2024-09-18T07:00:00Z,141.55,141.93,141.533,141.88,12583.0,141.873,141.887,141.7897540409473
2024-09-18T08:00:00Z,141.882,142.0,141.652,141.713,12935.0,141.704,141.722,141.779520168821
2024-09-18T09:00:00Z,141.714,141.814,141.57,141.649,10839.0,141.641,141.657,141.76211747964487
2024-09-18T10:00:00Z,141.648,141.71,141.553,141.609,10802.0,141.599,141.619,141.74170181569224
2024-09-18T11:00:00Z,141.61,141.914,141.564,141.85,12585.0,141.841,141.858,141.75614157359993
2024-09-18T12:00:00Z,141.848,142.062,141.814,141.926,14122.0,141.917,141.936,141.77878936378661
2024-09-18T13:00:00Z,141.922,141.922,141.677,141.764,13505.0,141.757,141.772,141.77681744861508
2024-09-18T14:00:00Z,141.762,142.068,141.696,142.004,14408.0,141.995,142.012,141.8071084554664
2024-09-18T15:00:00Z,142.003,142.038,141.864,141.938,11662.0,141.931,141.944,141.8245606614042
2024-09-18T16:00:00Z,141.936,141.994,141.844,141.884,9292.0,141.876,141.892,141.83248590655032
2024-09-18T17:00:00Z,141.885,142.068,141.812,141.993,10359.0,141.943,142.043,141.85388778567693
2024-09-18T18:00:00Z,141.987,141.987,140.442,141.138,34856.0,141.128,141.147,141.75843608092
2024-09-18T19:00:00Z,141.129,142.714,141.129,142.442,31810.0,142.433,142.45,141.84957793679735
2024-09-18T20:00:00Z,142.442,142.492,142.204,142.28,16307.0,142.265,142.294,141.90696754522438
2024-09-18T21:00:00Z,142.248,142.248,142.122,142.124,693.0,142.093,142.154,141.93590520586113
2024-09-18T22:00:00Z,142.123,142.214,141.883,142.112,3213.0,142.1,142.125,141.95938451174632
2024-09-18T23:00:00Z,142.11,142.76,142.11,142.705,9400.0,142.694,142.716,142.05879991018014
2024-09-19T00:00:00Z,142.704,143.594,142.704,143.488,21169.0,143.479,143.497,142.24935992215612
2024-09-19T01:00:00Z,143.49,143.946,143.42,143.732,16829.0,143.723,143.74,142.44704526586864
2024-09-19T02:00:00Z,143.734,143.766,143.174,143.206,16600.0,143.198,143.214,142.54823923041948
2024-09-19T03:00:00Z,143.206,143.326,142.952,143.172,14611.0,143.163,143.181,142.6314073330302
2024-09-19T04:00:00Z,143.174,143.299,143.058,143.178,10859.0,143.168,143.188,142.70428635529285
2024-09-19T05:00:00Z,143.178,143.2,142.554,142.576,12456.0,142.57,142.582,142.68718150792049
2024-09-19T06:00:00Z,142.575,142.761,142.112,142.25,15542.0,142.241,142.259,142.62889064019777
2024-09-19T07:00:00Z,142.25,142.549,142.044,142.51,19620.0,142.504,142.517,142.61303855483806
2024-09-19T08:00:00Z,142.512,142.919,142.456,142.793,15572.0,142.787,142.799,142.63703341419298
2024-09-19T09:00:00Z,142.79,142.981,142.686,142.762,14273.0,142.754,142.77,142.65369562563393
2024-09-19T10:00:00Z,142.76,143.175,142.728,142.832,13660.0,142.825,142.838,142.67746954221607
2024-09-19T11:00:00Z,142.828,143.256,142.764,142.922,15376.0,142.913,142.932,142.71007360325393
2024-09-19T12:00:00Z,142.924,143.762,142.713,143.758,22088.0,143.749,143.766,142.8497971228201
2024-09-19T13:00:00Z,143.762,143.77,143.282,143.334,23285.0,143.324,143.343,142.91435750644408
2024-09-19T14:00:00Z,143.336,143.34,142.804,142.915,22846.0,142.906,142.924,142.91444317225154
2024-09-19T15:00:00Z,142.919,142.988,142.733,142.888,16633.0,142.879,142.896,142.91091741595133
2024-09-19T16:00:00Z,142.884,143.137,142.856,143.04,12228.0,143.032,143.048,142.92812842715782
2024-09-19T17:00:00Z,143.037,143.118,142.902,142.922,11018.0,142.914,142.929,142.92731130353678
2024-09-19T18:00:00Z,142.918,142.933,142.534,142.663,13245.0,142.654,142.672,142.89206979639854
2024-09-19T19:00:00Z,142.664,142.746,142.572,142.638,11776.0,142.629,142.647,142.8581938235454
2024-09-19T20:00:00Z,142.638,142.678,142.532,142.636,12720.0,142.624,142.649,142.828567980406
2024-09-19T21:00:00Z,142.604,142.659,142.597,142.642,163.0,142.604,142.68,142.8036922496852
2024-09-19T22:00:00Z,142.642,142.673,142.522,142.666,3076.0,142.656,142.676,142.7853332830605
2024-09-19T23:00:00Z,142.662,142.934,142.651,142.866,7880.0,142.858,142.875,142.7960888453191
2024-09-20T00:00:00Z,142.866,142.899,142.412,142.412,13338.0,142.406,142.419,142.74487699927656
2024-09-20T01:00:00Z,142.408,142.482,142.143,142.399,14222.0,142.39,142.408,142.69876006603968
2024-09-20T02:00:00Z,142.399,142.784,142.304,142.47,11019.0,142.46,142.481,142.66825872390106
2024-09-20T03:00:00Z,142.47,142.488,141.954,142.294,13212.0,142.284,142.303,142.61835756071426
2024-09-20T04:00:00Z,142.294,142.309,142.104,142.19,7672.0,142.182,142.198,142.5612432192857
2024-09-20T05:00:00Z,142.189,142.376,142.146,142.282,7652.0,142.271,142.293,142.5240107900476
2024-09-20T06:00:00Z,142.286,143.047,141.739,142.984,21585.0,142.972,142.995,142.58534268470794
2024-09-20T07:00:00Z,142.982,143.65,142.82,143.632,20081.0,143.621,143.643,142.72489699341355
2024-09-20T08:00:00Z,143.634,143.881,143.48,143.809,18988.0,143.801,143.817,142.86944406095841
2024-09-20T09:00:00Z,143.808,143.95,143.646,143.94,14903.0,143.93,143.95,143.01218485283064
2024-09-20T10:00:00Z,143.94,144.272,143.775,144.258,13573.0,144.25,144.267,143.1782935391199
2024-09-20T11:00:00Z,144.26,144.427,144.212,144.218,13220.0,144.209,144.227,143.31692106723725
2024-09-20T12:00:00Z,144.218,144.29,143.577,143.668,16553.0,143.659,143.678,143.3637315916056
2024-09-20T13:00:00Z,143.67,144.094,143.468,144.081,20634.0,144.073,144.089,143.45936737939152
2024-09-20T14:00:00Z,144.08,144.447,144.032,144.422,19674.0,144.415,144.43,143.58771839547265
2024-09-20T15:00:00Z,144.426,144.497,143.846,143.912,19281.0,143.903,143.921,143.63095594274296
2024-09-20T16:00:00Z,143.913,143.936,143.65,143.757,15878.0,143.75,143.764,143.64776181704391
2024-09-20T17:00:00Z,143.756,144.157,143.742,143.979,12219.0,143.971,143.987,143.69192690810473
2024-09-20T18:00:00Z,143.976,143.985,143.8,143.874,11904.0,143.866,143.881,143.71620332035744
2024-09-20T19:00:00Z,143.876,143.926,143.72,143.923,9815.0,143.914,143.932,143.74377621097645
2024-09-20T20:00:00Z,143.92,144.052,143.88,143.92,10354.0,143.87,143.97,143.76727271617958
2024-09-22T21:00:00Z,143.942,144.093,143.815,143.899,279.0,143.849,143.949,143.7848363540223
2024-09-22T22:00:00Z,143.882,144.045,143.698,143.928,4216.0,143.917,143.939,143.80392484015266
2024-09-22T23:00:00Z,143.926,144.094,143.81,144.082,7293.0,144.071,144.092,143.84100152813232
2024-09-23T00:00:00Z,144.087,144.26,144.028,144.126,11941.0,144.116,144.137,143.87900132438136
2024-09-23T01:00:00Z,144.128,144.462,144.128,144.377,11834.0,144.367,144.387,143.94540114779718
2024-09-23T02:00:00Z,144.378,144.452,144.307,144.361,8061.0,144.351,144.371,144.00081432809088
2024-09-23T03:00:00Z,144.359,144.406,144.263,144.319,6596.0,144.31,144.328,144.04323908434543
2024-09-23T04:00:00Z,144.32,144.354,144.185,144.26,6531.0,144.25,144.269,144.07214053976605
2024-09-23T05:00:00Z,144.259,144.32,144.102,144.116,6391.0,144.107,144.125,144.07798846779724
2024-09-23T06:00:00Z,144.116,144.197,143.868,143.994,12464.0,143.985,144.002,144.06679000542428
2024-09-23T07:00:00Z,143.996,144.046,143.546,143.667,22336.0,143.658,143.676,144.0134846713677
2024-09-23T08:00:00Z,143.666,143.746,143.437,143.59,18653.0,143.581,143.599,143.95702004851867
2024-09-23T09:00:00Z,143.588,143.748,143.518,143.63,13851.0,143.621,143.639,143.91341737538286
2024-09-23T10:00:00Z,143.626,143.67,143.28,143.372,11922.0,143.363,143.38,143.8412283919985
2024-09-23T11:00:00Z,143.374,143.645,143.166,143.611,13337.0,143.602,143.62,143.81053127306538
2024-09-23T12:00:00Z,143.611,143.88,143.457,143.774,15238.0,143.765,143.782,143.80566043665667
2024-09-23T13:00:00Z,143.773,144.21,143.482,144.06,19540.0,144.054,144.066,143.83957237843578
2024-09-23T14:00:00Z,144.064,144.348,143.71,143.773,21998.0,143.764,143.782,143.83069606131102
2024-09-23T15:00:00Z,143.772,143.944,143.574,143.594,16607.0,143.586,143.601,143.79913658646956
2024-09-23T16:00:00Z,143.59,143.63,143.316,143.347,15716.0,143.339,143.355,143.73885170827361
2024-09-23T17:00:00Z,143.344,143.408,143.253,143.408,11810.0,143.4,143.417,143.69473814717045
2024-09-23T18:00:00Z,143.408,143.439,143.293,143.322,9964.0,143.313,143.331,143.64503972754773
2024-09-23T19:00:00Z,143.322,143.514,143.322,143.49,9843.0,143.482,143.498,143.6243677638747
2024-09-23T20:00:00Z,143.49,143.647,143.49,143.604,9831.0,143.59,143.618,143.62165206202474
2024-09-23T21:00:00Z,143.536,143.594,143.536,143.592,201.0,143.576,143.608,143.61769845375477
2024-09-23T22:00:00Z,143.588,143.705,143.556,143.631,1871.0,143.62,143.642,143.61947199325414
2024-09-23T23:00:00Z,143.625,143.782,143.518,143.632,5296.0,143.623,143.642,143.6211423941536
2024-09-24T00:00:00Z,143.624,143.734,143.412,143.553,14529.0,143.544,143.562,143.6120567415998
2024-09-24T01:00:00Z,143.552,143.912,143.524,143.63,14782.0,143.622,143.639,143.61444917605314
2024-09-24T02:00:00Z,143.63,143.715,143.378,143.668,12412.0,143.662,143.675,143.62158928591273
2024-09-24T03:00:00Z,143.67,143.859,143.57,143.775,10496.0,143.766,143.784,143.64204404779105
2024-09-24T04:00:00Z,143.776,143.944,143.752,143.844,9593.0,143.837,143.851,143.66897150808558
2024-09-24T05:00:00Z,143.842,144.198,143.84,144.094,12825.0,144.088,144.101,143.72564197367416
2024-09-24T06:00:00Z,144.098,144.47,144.074,144.428,13923.0,144.42,144.437,143.8192897105176
2024-09-24T07:00:00Z,144.43,144.682,144.24,144.455,16559.0,144.445,144.465,143.9040510824486
2024-09-24T08:00:00Z,144.454,144.638,144.217,144.29,14864.0,144.283,144.297,143.95551093812213
2024-09-24T09:00:00Z,144.29,144.48,144.213,144.27,10354.0,144.261,144.279,143.99744281303919
2024-09-24T10:00:00Z,144.268,144.36,143.878,143.939,8965.0,143.929,143.949,143.9896504379673
2024-09-24T11:00:00Z,143.936,144.168,143.829,143.977,10746.0,143.968,143.986,143.98796371290499
2024-09-24T12:00:00Z,143.981,144.124,143.786,143.969,15888.0,143.96,143.978,143.985435217851
2024-09-24T13:00:00Z,143.97,144.21,143.902,144.098,16418.0,144.09,144.106,144.00044385547088
2024-09-24T14:00:00Z,144.1,144.1,143.432,143.674,19982.0,143.664,143.683,143.95691800807478
2024-09-24T15:00:00Z,143.672,143.87,143.6,143.778,12964.0,143.769,143.788,143.9330622736648
2024-09-24T16:00:00Z,143.778,143.795,143.402,143.464,9700.0,143.457,143.471,143.87052063717616
2024-09-24T17:00:00Z,143.464,143.71,143.435,143.474,8869.0,143.468,143.48,143.817651218886
2024-09-24T18:00:00Z,143.475,143.498,143.275,143.384,9215.0,143.377,143.39,143.75983105636786
2024-09-24T19:00:00Z,143.385,143.436,143.222,143.241,8362.0,143.233,143.249,143.6906535821855
2024-09-24T20:00:00Z,143.246,143.261,143.115,143.224,5754.0,143.211,143.237,143.62843310456077
2024-09-24T21:00:00Z,143.217,143.264,143.174,143.191,430.0,143.164,143.218,143.57010869061935
2024-09-24T22:00:00Z,143.192,143.253,142.892,143.047,3211.0,143.037,143.057,143.50036086520345
2024-09-24T23:00:00Z,143.044,143.154,142.935,142.952,6593.0,142.942,142.961,143.42724608317633
2024-09-25T00:00:00Z,142.95,143.312,142.91,143.176,13859.0,143.166,143.186,143.3937466054195
2024-09-25T01:00:00Z,143.168,143.476,143.1,143.45,13925.0,143.442,143.459,143.40124705803024
2024-09-25T02:00:00Z,143.451,143.494,143.247,143.35,9313.0,143.343,143.358,143.39441411695955
2024-09-25T03:00:00Z,143.348,143.454,143.284,143.298,8699.0,143.289,143.306,143.38155890136494
2024-09-25T04:00:00Z,143.299,143.398,143.224,143.254,9063.0,143.245,143.262,143.36455104784963
2024-09-25T05:00:00Z,143.255,143.378,143.18,143.262,10852.0,143.253,143.272,143.350877574803
2024-09-25T06:00:00Z,143.262,143.74,143.226,143.682,11311.0,143.673,143.69,143.39502723149593
2024-09-25T07:00:00Z,143.686,143.91,143.576,143.882,13991.0,143.872,143.891,143.45995693396316
2024-09-25T08:00:00Z,143.883,144.066,143.883,143.94,12985.0,143.932,143.948,143.5239626761014
2024-09-25T09:00:00Z,143.939,144.261,143.907,144.185,11746.0,144.177,144.193,143.61210098595456
2024-09-25T10:00:00Z,144.186,144.298,144.068,144.284,10150.0,144.277,144.292,143.7016875211606
2024-09-25T11:00:00Z,144.28,144.444,144.263,144.308,11811.0,144.299,144.316,143.78252918500587
2024-09-25T12:00:00Z,144.305,144.412,144.144,144.201,13960.0,144.192,144.21,143.83832529367174
2024-09-25T13:00:00Z,144.202,144.212,143.86,144.058,17730.0,144.045,144.07,143.86761525451553
2024-09-25T14:00:00Z,144.056,144.398,144.048,144.358,15627.0,144.35,144.365,143.9329998872468
2024-09-25T15:00:00Z,144.36,144.608,144.31,144.406,13492.0,144.399,144.413,143.99606656894724
2024-09-25T16:00:00Z,144.405,144.54,144.376,144.532,10498.0,144.524,144.54,144.0675243597543
2024-09-25T17:00:00Z,144.532,144.744,144.486,144.553,9571.0,144.545,144.561,144.1322544451204
2024-09-25T18:00:00Z,144.551,144.72,144.519,144.68,10804.0,144.673,144.687,144.20528718577103
2024-09-25T19:00:00Z,144.679,144.77,144.61,144.76,9587.0,144.752,144.768,144.2792488943349
2024-09-25T20:00:00Z,144.76,144.844,144.743,144.759,5932.0,144.74,144.778,144.34321570842357
2024-09-25T21:00:00Z,144.709,144.738,144.669,144.674,639.0,144.653,144.695,144.38732028063376
2024-09-25T22:00:00Z,144.67,144.687,144.562,144.652,3573.0,144.636,144.668,144.4226109098826
2024-09-25T23:00:00Z,144.658,144.768,144.614,144.72,5047.0,144.711,144.729,144.4622627885649
2024-09-26T00:00:00Z,144.712,144.728,144.444,144.496,10951.0,144.487,144.505,144.46676108342294
2024-09-26T01:00:00Z,144.494,144.949,144.476,144.816,9331.0,144.809,144.824,144.51332627229988
2024-09-26T02:00:00Z,144.812,144.948,144.765,144.838,6873.0,144.831,144.844,144.5566161026599
2024-09-26T03:00:00Z,144.838,145.042,144.792,144.93,5658.0,144.922,144.938,144.60640062230524
2024-09-26T04:00:00Z,144.93,144.966,144.628,144.692,8453.0,144.683,144.701,144.61781387266456
2024-09-26T05:00:00Z,144.694,144.87,144.638,144.72,9617.0,144.713,144.728,144.6314386896426
2024-09-26T06:00:00Z,144.724,144.857,144.616,144.836,11973.0,144.827,144.845,144.6587135310236
2024-09-26T07:00:00Z,144.838,145.172,144.717,145.026,17116.0,145.018,145.034,144.70768506022046
2024-09-26T08:00:00Z,145.026,145.199,144.678,144.828,14737.0,144.819,144.836,144.72372705219107
2024-09-26T09:00:00Z,144.825,144.968,144.704,144.704,11707.0,144.696,144.713,144.7210967785656
2024-09-26T10:00:00Z,144.705,144.747,144.338,144.364,10758.0,144.354,144.373,144.67348387475687
2024-09-26T11:00:00Z,144.363,144.438,144.156,144.168,8864.0,144.159,144.177,144.60608602478928
2024-09-26T12:00:00Z,144.166,144.724,144.109,144.566,15052.0,144.558,144.574,144.60074122148404
2024-09-26T13:00:00Z,144.566,144.708,144.312,144.578,18110.0,144.566,144.589,144.5977090586195
2024-09-26T14:00:00Z,144.574,145.216,144.554,144.835,19437.0,144.827,144.843,144.62934785080358
2024-09-26T15:00:00Z,144.833,144.951,144.612,144.676,13004.0,144.67,144.683,144.6355681373631
2024-09-26T16:00:00Z,144.679,144.906,144.679,144.858,10160.0,144.848,144.868,144.665225719048
2024-09-26T17:00:00Z,144.858,144.86,144.536,144.716,10797.0,144.709,144.722,144.67199562317495
2024-09-26T18:00:00Z,144.718,144.775,144.565,144.624,7974.0,144.617,144.632,144.66559620675162
2024-09-26T19:00:00Z,144.624,144.69,144.512,144.664,7741.0,144.656,144.671,144.66538337918473
2024-09-26T20:00:00Z,144.663,144.9,144.662,144.808,6561.0,144.791,144.825,144.68439892862676
2024-09-26T21:00:00Z,144.822,144.838,144.76,144.804,314.0,144.754,144.854,144.7003457381432
2024-09-26T22:00:00Z,144.797,144.974,144.787,144.878,2173.0,144.868,144.887,144.72403297305743
2024-09-26T23:00:00Z,144.876,145.147,144.874,145.086,6896.0,145.075,145.098,144.77229524331645
2024-09-27T00:00:00Z,145.085,145.475,144.937,145.463,15701.0,145.453,145.473,144.86438921087426
2024-09-27T01:00:00Z,145.466,145.579,145.269,145.306,14003.0,145.298,145.314,144.92327064942435
2024-09-27T02:00:00Z,145.314,145.347,144.968,145.092,11567.0,145.085,145.099,144.94576789616778
2024-09-27T03:00:00Z,145.092,145.267,144.986,145.256,9240.0,145.248,145.265,144.98713217667876
2024-09-27T04:00:00Z,145.257,145.804,145.257,145.792,8076.0,145.784,145.801,145.09444788645493
2024-09-27T05:00:00Z,145.787,146.494,145.76,146.258,17359.0,146.248,146.268,145.24958816826094
2024-09-27T06:00:00Z,146.258,146.352,143.133,143.178,25311.0,143.168,143.189,144.97337641249283
2024-09-27T07:00:00Z,143.179,143.474,142.778,143.192,20479.0,143.182,143.202,144.7358595574938
2024-09-27T08:00:00Z,143.19,143.775,142.949,143.146,17551.0,143.137,143.155,144.52387828316128
2024-09-27T09:00:00Z,143.14,143.497,143.068,143.134,16448.0,143.125,143.142,144.33856117873978
2024-09-27T10:00:00Z,143.134,143.334,142.964,143.228,12087.0,143.219,143.236,144.19048635490782
2024-09-27T11:00:00Z,143.23,143.372,143.088,143.11,11703.0,143.101,143.118,144.04642150758679
2024-09-27T12:00:00Z,143.108,143.232,142.5,142.52,18251.0,142.509,142.53,143.84289863990855
2024-09-27T13:00:00Z,142.522,142.998,142.5,142.545,17815.0,142.534,142.556,143.66984548792075
2024-09-27T14:00:00Z,142.549,143.08,142.388,142.859,20204.0,142.85,142.868,143.56173275619798
2024-09-27T15:00:00Z,142.859,143.09,142.558,142.599,17698.0,142.591,142.607,143.43336838870493
2024-09-27T16:00:00Z,142.6,142.708,142.412,142.512,13492.0,142.505,142.52,143.31051927021096
2024-09-27T17:00:00Z,142.514,142.608,142.286,142.328,12646.0,142.32,142.337,143.1795167008495
2024-09-27T18:00:00Z,142.329,142.417,142.074,142.17,12281.0,142.162,142.179,143.04491447406957
2024-09-27T19:00:00Z,142.169,142.266,142.068,142.162,8045.0,142.153,142.172,142.92719254419364
2024-09-27T20:00:00Z,142.172,142.284,142.134,142.215,7363.0,142.172,142.258,142.83223353830115
2024-09-29T21:00:00Z,142.293,142.327,142.209,142.286,483.0,142.251,142.322,142.75940239986102
2024-09-29T22:00:00Z,142.288,142.714,142.256,142.678,5331.0,142.667,142.688,142.74854874654622
2024-09-29T23:00:00Z,142.68,142.956,142.586,142.791,9228.0,142.784,142.798,142.75420891367338
2024-09-30T00:00:00Z,142.79,142.844,142.456,142.687,15346.0,142.678,142.696,142.7452477251836
2024-09-30T01:00:00Z,142.687,142.848,142.414,142.47,13853.0,142.463,142.478,142.70854802849246
2024-09-30T02:00:00Z,142.471,142.552,142.268,142.524,10858.0,142.515,142.533,142.68394162469346
2024-09-30T03:00:00Z,142.522,142.528,142.336,142.452,8421.0,142.444,142.46,142.65301607473432
2024-09-30T04:00:00Z,142.452,142.502,142.082,142.128,8749.0,142.122,142.135,142.58301393143643
2024-09-30T05:00:00Z,142.128,142.158,141.656,141.708,13907.0,141.702,141.714,142.46634540724492
2024-09-30T06:00:00Z,141.707,142.082,141.646,142.054,13978.0,142.045,142.063,142.41136601961227
2024-09-30T07:00:00Z,142.048,142.432,141.923,142.365,14781.0,142.357,142.373,142.40518388366397
2024-09-30T08:00:00Z,142.374,142.582,142.341,142.54,15564.0,142.53,142.549,142.4231593658421
2024-09-30T09:00:00Z,142.541,142.604,142.451,142.534,11575.0,142.525,142.542,142.43793811706317
2024-09-30T10:00:00Z,142.534,142.798,142.534,142.604,10362.0,142.598,142.611,142.46007970145476
2024-09-30T11:00:00Z,142.604,142.614,142.404,142.56,11668.0,142.552,142.569,142.47340240792747
2024-09-30T12:00:00Z,142.554,143.002,142.545,142.948,12317.0,142.938,142.957,142.53668208687048
2024-09-30T13:00:00Z,142.95,143.142,142.746,143.131,15825.0,143.125,143.137,142.61592447528776
2024-09-30T14:00:00Z,143.139,143.193,142.824,143.036,19706.0,143.028,143.044,142.6719345452494
2024-09-30T15:00:00Z,143.035,143.372,143.0,143.263,14499.0,143.255,143.271,142.7507432725495
2024-09-30T16:00:00Z,143.258,143.322,143.076,143.114,10865.0,143.105,143.123,142.79917750287623
2024-09-30T17:00:00Z,143.113,143.127,142.944,143.096,10420.0,143.087,143.106,142.83875383582608
2024-09-30T18:00:00Z,143.098,143.915,143.092,143.689,20014.0,143.68,143.698,142.95211999104927
2024-09-30T19:00:00Z,143.689,143.912,143.645,143.729,13900.0,143.722,143.736,143.0557039922427
2024-09-30T20:00:00Z,143.728,143.744,143.608,143.626,11396.0,143.612,143.641,143.1317434599437
2024-09-30T21:00:00Z,143.646,143.659,143.584,143.62,299.0,143.57,143.67,143.1968443319512
2024-09-30T22:00:00Z,143.608,143.706,143.54,143.56,2760.0,143.549,143.57,143.24526508769105
2024-09-30T23:00:00Z,143.552,143.736,143.372,143.716,7618.0,143.706,143.727,143.30802974266558
2024-10-01T00:00:00Z,143.715,144.124,143.684,143.966,14319.0,143.956,143.975,143.39575911031017
2024-10-01T01:00:00Z,143.966,144.133,143.684,143.718,12550.0,143.708,143.728,143.43872456226882
2024-10-01T02:00:00Z,143.712,144.03,143.658,144.013,8500.0,144.004,144.022,143.51529462063297
2024-10-01T03:00:00Z,144.014,144.334,143.955,144.28,8748.0,144.271,144.29,143.61725533788191
2024-10-01T04:00:00Z,144.282,144.398,144.226,144.279,7731.0,144.268,144.29,143.70548795949767
2024-10-01T05:00:00Z,144.277,144.417,144.226,144.264,8557.0,144.255,144.272,143.77995623156465
2024-10-01T06:00:00Z,144.264,144.53,144.186,144.336,16090.0,144.327,144.344,143.85409540068937
2024-10-01T07:00:00Z,144.336,144.352,143.882,144.172,22205.0,144.163,144.18,143.89648268059747
2024-10-01T08:00:00Z,144.168,144.226,143.702,143.81,20274.0,143.8,143.82,143.8849516565178
2024-10-01T09:00:00Z,143.808,143.841,143.623,143.733,16374.0,143.724,143.742,143.86469143564878
2024-10-01T10:00:00Z,143.733,143.796,143.675,143.74,13453.0,143.73,143.749,143.8480659108956
2024-10-01T11:00:00Z,143.737,143.79,143.562,143.755,15726.0,143.746,143.764,143.83565712277618
2024-10-01T12:00:00Z,143.756,144.07,143.68,144.038,15071.0,144.029,144.048,143.8626361730727
2024-10-01T13:00:00Z,144.04,144.072,143.182,143.536,21217.0,143.517,143.554,143.8190846833297
2024-10-01T14:00:00Z,143.536,143.878,142.971,143.606,27330.0,143.597,143.615,143.79067339221908
2024-10-01T15:00:00Z,143.608,143.921,143.532,143.671,17519.0,143.66,143.682,143.7747169399232
2024-10-01T16:00:00Z,143.672,143.72,143.276,143.637,17694.0,143.625,143.649,143.75635468126677
2024-10-01T17:00:00Z,143.637,143.856,143.323,143.824,17278.0,143.816,143.832,143.7653740570979
2024-10-01T18:00:00Z,143.824,143.92,143.598,143.669,12119.0,143.661,143.677,143.75252418281818
2024-10-01T19:00:00Z,143.668,143.747,143.511,143.562,12833.0,143.553,143.57,143.7271209584424
2024-10-01T20:00:00Z,143.564,143.594,143.504,143.569,16473.0,143.554,143.584,143.70603816398344
2024-10-01T21:00:00Z,143.581,143.654,143.562,143.641,256.0,143.591,143.691,143.69736640878565
2024-10-01T22:00:00Z,143.647,143.649,143.429,143.518,2747.0,143.508,143.529,143.67345088761425
2024-10-01T23:00:00Z,143.519,143.765,143.511,143.73,7376.0,143.723,143.736,143.6809907692657
2024-10-02T00:00:00Z,143.731,143.884,143.652,143.816,12747.0,143.808,143.825,143.69899200003027
2024-10-02T01:00:00Z,143.817,143.913,143.563,143.899,12972.0,143.889,143.909,143.72565973335958
2024-10-02T02:00:00Z,143.9,144.028,143.86,144.004,8862.0,143.995,144.014,143.76277176891165
2024-10-02T03:00:00Z,144.007,144.188,143.883,144.135,9021.0,144.126,144.144,143.81240219972344
2024-10-02T04:00:00Z,144.134,144.15,143.58,143.732,11179.0,143.724,143.741,143.80168190642698
2024-10-02T05:00:00Z,143.734,143.858,143.532,143.715,16744.0,143.709,143.721,143.7901243189034
2024-10-02T06:00:00Z,143.712,144.024,143.656,143.896,15183.0,143.888,143.905,143.80424107638294
2024-10-02T07:00:00Z,143.9,144.187,143.9,144.067,16069.0,144.058,144.076,143.83927559953187
2024-10-02T08:00:00Z,144.066,144.329,143.948,144.328,13285.0,144.321,144.335,143.90443885292763
2024-10-02T09:00:00Z,144.326,144.411,144.204,144.264,12129.0,144.258,144.271,143.95238033920396
2024-10-02T10:00:00Z,144.264,144.858,144.077,144.796,16098.0,144.785,144.806,144.06486296064344
2024-10-02T11:00:00Z,144.797,144.89,144.622,144.698,14312.0,144.691,144.706,144.14928123255766
2024-10-02T12:00:00Z,144.698,145.446,144.678,145.369,18634.0,145.363,145.375,144.31191040154997
2024-10-02T13:00:00Z,145.37,145.754,145.299,145.746,19521.0,145.739,145.754,144.50312234800998
2024-10-02T14:00:00Z,145.746,146.266,145.578,146.191,20630.0,146.183,146.199,144.72817270160866
2024-10-02T15:00:00Z,146.192,146.258,146.029,146.05,15779.0,146.04,146.059,144.90441634139418
2024-10-02T16:00:00Z,146.049,146.168,145.912,146.034,10519.0,146.025,146.042,145.05502749587495
2024-10-02T17:00:00Z,146.032,146.194,145.971,146.172,8007.0,146.163,146.182,145.20395716309162
2024-10-02T18:00:00Z,146.172,146.376,146.172,146.33,6651.0,146.321,146.339,145.35409620801275
2024-10-02T19:00:00Z,146.329,146.48,146.3,146.441,6693.0,146.433,146.449,145.49901671361104
2024-10-02T20:00:00Z,146.444,146.518,146.376,146.474,7709.0,146.461,146.487,145.62901448512957
2024-10-02T21:00:00Z,146.386,146.41,146.319,146.374,605.0,146.346,146.402,145.7283458871123
2024-10-02T22:00:00Z,146.368,146.91,146.286,146.598,5531.0,146.585,146.61,145.84429976883067
2024-10-02T23:00:00Z,146.598,146.796,146.434,146.577,8973.0,146.568,146.586,145.94199313298657
2024-10-03T00:00:00Z,146.576,147.061,146.462,146.992,14371.0,146.984,147.0,146.08199404858837
2024-10-03T01:00:00Z,146.994,147.244,146.799,146.802,14163.0,146.792,146.811,146.1779948421099
2024-10-03T02:00:00Z,146.798,146.924,146.683,146.784,10407.0,146.774,146.794,146.2587955298286
2024-10-03T03:00:00Z,146.785,146.966,146.774,146.852,9589.0,146.841,146.862,146.3378894591848
2024-10-03T04:00:00Z,146.852,146.936,146.678,146.723,9212.0,146.713,146.733,146.3892375312935
2024-10-03T05:00:00Z,146.722,146.816,146.534,146.56,13466.0,146.552,146.568,146.41200586045437
2024-10-03T06:00:00Z,146.557,146.778,146.476,146.73,13905.0,146.722,146.738,146.45440507906045
2024-10-03T07:00:00Z,146.726,146.864,146.302,146.453,16956.0,146.444,146.462,146.45421773518572
2024-10-03T08:00:00Z,146.461,146.792,146.392,146.755,14660.0,146.746,146.764,146.49432203716097
2024-10-03T09:00:00Z,146.754,146.989,146.75,146.924,13314.0,146.914,146.935,146.55161243220618
2024-10-03T10:00:00Z,146.923,146.946,146.82,146.834,10534.0,146.824,146.844,146.58926410791202
2024-10-03T11:00:00Z,146.836,146.994,146.584,146.669,11839.0,146.661,146.677,146.59989556019042
2024-10-03T12:00:00Z,146.67,146.856,146.524,146.772,18413.0,146.763,146.78,146.62284281883169
2024-10-03T13:00:00Z,146.78,146.79,146.472,146.655,18432.0,146.605,146.705,146.62713044298746
2024-10-03T14:00:00Z,146.66,147.18,146.626,146.777,28395.0,146.77,146.784,146.64711305058913
2024-10-03T15:00:00Z,146.776,146.848,146.604,146.835,16279.0,146.827,146.843,146.6721646438439
2024-10-03T16:00:00Z,146.834,146.93,146.708,146.72,12274.0,146.712,146.728,146.6785426913314
2024-10-03T17:00:00Z,146.718,146.718,146.58,146.654,11761.0,146.646,146.661,146.6752703324872
2024-10-03T18:00:00Z,146.653,146.886,146.652,146.87,8629.0,146.862,146.877,146.70123428815558
2024-10-03T19:00:00Z,146.866,146.884,146.762,146.864,7832.0,146.855,146.872,146.72293638306817
2024-10-03T20:00:00Z,146.865,146.972,146.86,146.955,5531.0,146.945,146.965,146.7538781986591
2024-10-03T21:00:00Z,146.896,146.896,146.794,146.865,103.0,146.815,146.915,146.76869443883788
2024-10-03T22:00:00Z,146.824,146.904,146.815,146.86,1850.0,146.846,146.873,146.7808685136595
2024-10-03T23:00:00Z,146.856,146.864,146.724,146.848,4943.0,146.839,146.857,146.78981937850492
2024-10-04T00:00:00Z,146.848,146.933,146.62,146.648,13333.0,146.638,146.657,146.7709101280376
2024-10-04T01:00:00Z,146.648,146.682,146.526,146.554,11955.0,146.547,146.56,146.7419887776326
2024-10-04T02:00:00Z,146.553,146.57,146.392,146.412,8352.0,146.404,146.42,146.69799027394825
2024-10-04T03:00:00Z,146.407,146.496,146.356,146.375,7860.0,146.366,146.384,146.6549249040885
2024-10-04T04:00:00Z,146.376,146.386,146.153,146.232,10102.0,146.223,146.242,146.5985349168767
2024-10-04T05:00:00Z,146.233,146.308,145.916,146.086,11504.0,146.078,146.094,146.53019692795982
2024-10-04T06:00:00Z,146.086,146.239,145.951,146.224,13055.0,146.216,146.232,146.48937067089852
2024-10-04T07:00:00Z,146.226,146.344,146.179,146.306,17689.0,146.296,146.316,146.46492124811206
2024-10-04T08:00:00Z,146.304,146.414,146.252,146.339,17781.0,146.329,146.349,146.44813174836378
2024-10-04T09:00:00Z,146.34,146.478,146.34,146.476,15400.0,146.467,146.486,146.4518475152486
2024-10-04T10:00:00Z,146.477,146.566,146.416,146.497,14243.0,146.489,146.505,146.4578678465488
2024-10-04T11:00:00Z,146.496,146.632,146.445,146.59,16223.0,146.581,146.6,146.47548546700895
2024-10-04T12:00:00Z,146.592,148.695,146.473,148.644,52464.0,148.637,148.652,146.76462073807443
2024-10-04T13:00:00Z,148.646,148.811,148.324,148.41,38943.0,148.402,148.417,146.9840046396645
2024-10-04T14:00:00Z,148.41,148.57,148.312,148.5,33554.0,148.493,148.508,147.18613735437592
2024-10-04T15:00:00Z,148.502,148.764,148.428,148.698,26661.0,148.689,148.708,147.38771904045913
2024-10-04T16:00:00Z,148.699,149.006,148.672,148.94,19745.0,148.93,148.95,147.59468983506457
2024-10-04T17:00:00Z,148.939,148.956,148.792,148.796,14762.0,148.787,148.804,147.75486452372263
2024-10-04T18:00:00Z,148.795,148.888,148.759,148.872,13618.0,148.863,148.881,147.90381592055962
2024-10-04T19:00:00Z,148.872,148.896,148.77,148.77,9816.0,148.76,148.78,148.0193071311517
2024-10-04T20:00:00Z,148.77,148.77,148.644,148.702,10802.0,148.664,148.741,148.11033284699815
2024-10-06T21:00:00Z,148.723,148.887,148.7,148.79,879.0,148.76,148.821,148.20095513406505
2024-10-06T22:00:00Z,148.778,149.135,148.777,148.942,6952.0,148.932,148.953,148.29976111618973
2024-10-06T23:00:00Z,148.941,149.118,148.775,148.796,11266.0,148.786,148.806,148.36592630069777
2024-10-07T00:00:00Z,148.796,148.797,148.358,148.428,23548.0,148.42,148.436,148.37420279393805
2024-10-07T01:00:00Z,148.428,148.574,148.326,148.388,19328.0,148.38,148.397,148.376042421413
2024-10-07T02:00:00Z,148.388,148.588,148.223,148.586,14420.0,148.576,148.595,148.4040367652246
2024-10-07T03:00:00Z,148.586,148.65,148.36,148.408,11580.0,148.399,148.418,148.40456519652798
2024-10-07T04:00:00Z,148.409,148.546,148.338,148.54,10742.0,148.531,148.549,148.42262317032424
2024-10-07T05:00:00Z,148.54,148.616,148.402,148.435,12601.0,148.427,148.443,148.424273414281
2024-10-07T06:00:00Z,148.436,148.547,148.338,148.387,18735.0,148.379,148.395,148.4193036257102
2024-10-07T07:00:00Z,148.387,148.45,148.152,148.275,30238.0,148.266,148.284,148.40006314228216
2024-10-07T08:00:00Z,148.277,148.36,148.062,148.322,21972.0,148.312,148.331,148.38965472331122
2024-10-07T09:00:00Z,148.319,148.488,148.212,148.347,18787.0,148.338,148.356,148.38396742686973
2024-10-07T10:00:00Z,148.348,148.647,148.292,148.639,16251.0,148.63,148.648,148.41797176995377
2024-10-07T11:00:00Z,148.64,148.686,148.162,148.274,21019.0,148.267,148.281,148.39877553395993
2024-10-07T12:00:00Z,148.274,148.276,148.028,148.171,28070.0,148.164,148.178,148.36840546276528
2024-10-07T13:00:00Z,148.17,148.237,147.844,147.923,32875.0,147.914,147.932,148.3090180677299
2024-10-07T14:00:00Z,147.923,148.246,147.886,148.223,28615.0,148.215,148.231,148.2975489920326
2024-10-07T15:00:00Z,148.224,148.277,147.998,148.128,21613.0,148.12,148.137,148.2749424597616
2024-10-07T16:00:00Z,148.129,148.198,147.993,148.004,14865.0,147.995,148.013,148.23881679846005
2024-10-07T17:00:00Z,148.004,148.05,147.886,148.022,11587.0,148.011,148.032,148.2099078919987
2024-10-07T18:00:00Z,148.022,148.108,147.952,148.104,16593.0,148.095,148.112,148.19578683973222
2024-10-07T19:00:00Z,148.103,148.164,148.026,148.076,14482.0,148.065,148.087,148.17981526110125
2024-10-07T20:00:00Z,148.076,148.212,148.066,148.183,12148.0,148.17,148.196,148.18023989295443
2024-10-07T21:00:00Z,148.182,148.187,148.154,148.162,684.0,148.132,148.193,148.1778079072272
2024-10-07T22:00:00Z,148.163,148.181,147.57,147.696,7288.0,147.683,147.709,148.11356685293023
2024-10-07T23:00:00Z,147.69,148.164,147.688,148.132,13623.0,148.123,148.142,148.11602460587287
2024-10-08T00:00:00Z,148.135,148.193,147.743,147.822,20036.0,147.813,147.831,148.0768213250898
2024-10-08T01:00:00Z,147.822,147.944,147.75,147.844,22383.0,147.834,147.854,148.04577848174452
2024-10-08T02:00:00Z,147.845,147.858,147.51,147.694,22845.0,147.683,147.705,147.9988746841786
2024-10-08T03:00:00Z,147.692,147.965,147.69,147.918,15911.0,147.909,147.927,147.98809139295477
2024-10-08T04:00:00Z,147.918,148.107,147.903,148.082,11751.0,148.072,148.091,148.0006125405608
2024-10-08T05:00:00Z,148.082,148.166,147.842,147.974,16961.0,147.965,147.982,147.99706420181937
2024-10-08T06:00:00Z,147.978,148.13,147.843,147.992,21439.0,147.983,148.002,147.99638897491013
2024-10-08T07:00:00Z,147.992,148.064,147.347,147.592,31363.0,147.583,147.6,147.94247044492212
2024-10-08T08:00:00Z,147.592,147.856,147.532,147.84,18712.0,147.83,147.849,147.92880771893252
2024-10-08T09:00:00Z,147.841,147.956,147.722,147.826,15216.0,147.818,147.834,147.91510002307484
2024-10-08T10:00:00Z,147.826,148.0,147.781,147.878,17225.0,147.869,147.888,147.91015335333154
2024-10-08T11:00:00Z,147.879,148.004,147.812,147.856,17947.0,147.846,147.865,147.90293290622066
2024-10-08T12:00:00Z,147.854,148.18,147.854,148.04,24372.0,148.032,148.047,147.92120851872457
2024-10-08T13:00:00Z,148.041,148.288,147.954,148.254,27116.0,148.244,148.263,147.96558071622798
2024-10-08T14:00:00Z,148.255,148.338,148.114,148.312,23903.0,148.303,148.32,148.01176995406425
2024-10-08T15:00:00Z,148.312,148.362,148.176,148.228,20951.0,148.221,148.236,148.04060062685568
2024-10-08T16:00:00Z,148.229,148.272,148.042,148.152,16705.0,148.144,148.16,148.05545387660825
2024-10-08T17:00:00Z,148.152,148.297,148.152,148.249,15092.0,148.24,148.258,148.08126002639384
2024-10-08T18:00:00Z,148.248,148.368,148.205,148.353,18791.0,148.344,148.362,148.11749202287467
2024-10-08T19:00:00Z,148.354,148.382,148.262,148.285,18089.0,148.277,148.293,148.13982641982471
2024-10-08T20:00:00Z,148.286,148.326,148.16,148.198,19524.0,148.186,148.21,148.14758289718142
2024-10-08T21:00:00Z,148.208,148.238,148.204,148.234,164.0,148.213,148.255,148.15910517755722
2024-10-08T22:00:00Z,148.234,148.309,148.193,148.204,2050.0,148.191,148.217,148.16509115388294
2024-10-08T23:00:00Z,148.204,148.32,148.112,148.146,7451.0,148.136,148.156,148.16254566669855
2024-10-09T00:00:00Z,148.146,148.236,148.01,148.227,13901.0,148.22,148.234,148.1711395778054
2024-10-09T01:00:00Z,148.23,148.435,148.16,148.176,15595.0,148.167,148.185,148.17178763409802
2024-10-09T02:00:00Z,148.176,148.297,148.078,148.274,13608.0,148.264,148.283,148.1854159495516
2024-10-09T03:00:00Z,148.274,148.349,148.186,148.324,11031.0,148.316,148.331,148.20389382294474
2024-10-09T04:00:00Z,148.323,148.372,148.28,148.338,7183.0,148.33,148.346,148.22177464655212
2024-10-09T05:00:00Z,148.338,148.615,148.316,148.595,16771.0,148.586,148.604,148.27153802701184
2024-10-09T06:00:00Z,148.594,148.656,148.427,148.442,14707.0,148.434,148.449,148.29426629007693
2024-10-09T07:00:00Z,148.441,148.565,148.266,148.546,22054.0,148.537,148.555,148.32783078473335
2024-10-09T08:00:00Z,148.546,148.731,148.483,148.722,17347.0,148.714,148.731,148.38038668010225
2024-10-09T09:00:00Z,148.722,148.76,148.562,148.62,12809.0,148.612,148.629,148.41233512275528
2024-10-09T10:00:00Z,148.621,148.698,148.508,148.603,12471.0,148.593,148.613,148.43775710638792
2024-10-09T11:00:00Z,148.602,148.739,148.511,148.724,13471.0,148.717,148.732,148.4759228255362
2024-10-09T12:00:00Z,148.722,148.918,148.674,148.912,16713.0,148.904,148.919,148.53406644879806
2024-10-09T13:00:00Z,148.911,149.128,148.815,149.118,18235.0,149.107,149.128,148.61192425562498
2024-10-09T14:00:00Z,149.118,149.18,149.034,149.148,16922.0,149.141,149.155,148.68340102154167
2024-10-09T15:00:00Z,149.143,149.268,149.074,149.201,13674.0,149.192,149.21,148.75241421866946
2024-10-09T16:00:00Z,149.202,149.3,149.194,149.242,10057.0,149.234,149.249,148.81769232284685
2024-10-09T17:00:00Z,149.24,149.298,149.172,149.189,9644.0,149.167,149.211,148.86720001313395
2024-10-09T18:00:00Z,149.186,149.364,149.157,149.361,11763.0,149.355,149.367,148.93304001138276
2024-10-09T19:00:00Z,149.362,149.362,149.234,149.324,10890.0,149.317,149.332,148.98516800986508
2024-10-09T20:00:00Z,149.326,149.361,149.3,149.314,6683.0,149.306,149.322,149.02901227521642
2024-10-09T21:00:00Z,149.243,149.248,149.091,149.18,1172.0,149.151,149.208,149.04914397185422
2024-10-09T22:00:00Z,149.176,149.306,149.158,149.232,2543.0,149.223,149.241,149.07352477560698
2024-10-09T23:00:00Z,149.232,149.299,149.142,149.166,5933.0,149.157,149.174,149.08585480552605
2024-10-10T00:00:00Z,149.168,149.293,149.005,149.216,14203.0,149.208,149.225,149.10320749812257
2024-10-10T01:00:00Z,149.216,149.217,149.066,149.095,11162.0,149.086,149.104,149.10211316503955
2024-10-10T02:00:00Z,149.094,149.224,149.073,149.215,10281.0,149.206,149.224,149.1171647430343
2024-10-10T03:00:00Z,149.216,149.226,149.146,149.226,7779.0,149.219,149.233,149.1316761106297
2024-10-10T04:00:00Z,149.23,149.548,149.23,149.4,8973.0,149.392,149.409,149.16745262921242
2024-10-10T05:00:00Z,149.4,149.476,149.205,149.261,10334.0,149.252,149.27,149.1799256119841
2024-10-10T06:00:00Z,149.262,149.263,149.052,149.118,16678.0,149.111,149.126,149.17166886371956
2024-10-10T07:00:00Z,149.12,149.188,148.903,149.02,21069.0,149.011,149.029,149.15144634855696
2024-10-10T08:00:00Z,149.02,149.214,148.985,149.072,16101.0,149.062,149.081,149.1408535020827
2024-10-10T09:00:00Z,149.07,149.101,148.831,148.884,13859.0,148.876,148.893,149.1066063684717
2024-10-10T10:00:00Z,148.884,148.938,148.778,148.845,10805.0,148.836,148.854,149.07172551934212
2024-10-10T11:00:00Z,148.846,149.094,148.845,148.956,14636.0,148.947,148.964,149.0562954500965
2024-10-10T12:00:00Z,148.956,149.611,148.246,148.612,57411.0,148.606,148.618,148.99705605675032
2024-10-10T13:00:00Z,148.612,148.772,148.402,148.564,46017.0,148.558,148.57,148.9393152491836
2024-10-10T14:00:00Z,148.565,148.878,148.348,148.718,37228.0,148.711,148.725,148.90980654929245
2024-10-10T15:00:00Z,148.718,148.828,148.443,148.571,23585.0,148.564,148.578,148.86463234272014
2024-10-10T16:00:00Z,148.57,148.964,148.44,148.92,23067.0,148.913,148.928,148.87201469702413
2024-10-10T17:00:00Z,148.921,149.082,148.73,148.814,22475.0,148.808,148.821,148.86427940408757
2024-10-10T18:00:00Z,148.815,148.841,148.632,148.753,11521.0,148.746,148.76,148.84944215020923
2024-10-10T19:00:00Z,148.754,148.758,148.495,148.569,10004.0,148.561,148.577,148.81204986351466
2024-10-10T20:00:00Z,148.568,148.596,148.514,148.582,7341.0,148.572,148.591,148.78137654837937
2024-10-10T21:00:00Z,148.575,148.575,148.524,148.546,584.0,148.524,148.567,148.74999300859545
2024-10-10T22:00:00Z,148.544,148.667,148.532,148.664,1615.0,148.655,148.673,148.73852727411605
2024-10-10T23:00:00Z,148.656,148.75,148.564,148.708,6079.0,148.699,148.718,148.7344569709006
2024-10-11T00:00:00Z,148.712,148.764,148.417,148.464,17096.0,148.456,148.472,148.69839604144718
2024-10-11T01:00:00Z,148.463,148.799,148.405,148.762,12669.0,148.754,148.771,148.70687656925423
2024-10-11T02:00:00Z,148.764,148.782,148.64,148.666,9756.0,148.657,148.674,148.70142636002035
2024-10-11T03:00:00Z,148.666,148.736,148.58,148.711,8901.0,148.703,148.719,148.70270284535098
2024-10-11T04:00:00Z,148.71,148.766,148.676,148.714,7366.0,148.706,148.723,148.70420913263752
2024-10-11T05:00:00Z,148.714,148.734,148.604,148.695,7829.0,148.685,148.705,148.70298124828585
2024-10-11T06:00:00Z,148.696,148.862,148.662,148.693,11644.0,148.685,148.701,148.7016504151811
2024-10-11T07:00:00Z,148.692,148.811,148.662,148.776,15576.0,148.767,148.785,148.71156369315696
2024-10-11T08:00:00Z,148.776,148.827,148.67,148.736,9901.0,148.728,148.744,148.7148218674027
2024-10-11T09:00:00Z,148.736,148.957,148.726,148.941,9318.0,148.934,148.948,148.744978951749
2024-10-11T10:00:00Z,148.94,149.085,148.907,149.062,8967.0,149.054,149.071,148.78724842484914
2024-10-11T11:00:00Z,149.062,149.144,148.998,149.008,9487.0,148.999,149.016,148.8166819682026
2024-10-11T12:00:00Z,149.007,149.264,148.788,149.062,26037.0,149.054,149.071,148.84939103910892
2024-10-11T13:00:00Z,149.062,149.178,148.974,149.092,21426.0,149.07,149.113,148.88173890056106
2024-10-11T14:00:00Z,149.09,149.286,148.996,149.263,22344.0,149.256,149.27,148.93257371381958
2024-10-11T15:00:00Z,149.263,149.27,149.066,149.125,14373.0,149.116,149.134,148.95823055197698
2024-10-11T16:00:00Z,149.122,149.133,148.979,149.006,8570.0,148.998,149.014,148.96459981171338
2024-10-11T17:00:00Z,149.006,149.107,148.956,149.034,7662.0,149.027,149.04,148.9738531701516
2024-10-11T18:00:00Z,149.032,149.11,149.032,149.11,6594.0,149.101,149.118,148.99200608079806
2024-10-11T19:00:00Z,149.109,149.15,149.085,149.142,4835.0,149.131,149.152,149.01200527002499
2024-10-11T20:00:00Z,149.141,149.178,149.11,149.128,4196.0,149.084,149.172,149.02747123402165
2024-10-13T21:00:00Z,149.077,149.218,149.074,149.132,1637.0,149.102,149.163,149.04140840281877
2024-10-13T22:00:00Z,149.144,149.342,149.144,149.341,4633.0,149.333,149.349,149.0813539491096
2024-10-13T23:00:00Z,149.339,149.394,149.23,149.308,5813.0,149.297,149.319,149.11157342256166
2024-10-14T00:00:00Z,149.308,149.371,149.146,149.222,10039.0,149.213,149.231,149.1262969662201
2024-10-14T01:00:00Z,149.222,149.28,149.147,149.214,10033.0,149.204,149.223,149.13799070405744
2024-10-14T02:00:00Z,149.214,149.322,149.19,149.32,9489.0,149.313,149.328,149.16225861018313
2024-10-14T03:00:00Z,149.321,149.356,149.258,149.329,5898.0,149.32,149.338,149.18449079549205
2024-10-14T04:00:00Z,149.328,149.335,149.264,149.29,3892.0,149.281,149.3,149.19855868942645
2024-10-14T05:00:00Z,149.29,149.322,149.17,149.224,6517.0,149.215,149.232,149.2019508641696
2024-10-14T06:00:00Z,149.223,149.246,149.178,149.214,8194.0,149.204,149.223,149.20355741561366
2024-10-14T07:00:00Z,149.214,149.397,149.189,149.358,12929.0,149.349,149.367,149.22414976019851
2024-10-14T08:00:00Z,149.358,149.47,149.328,149.427,11692.0,149.418,149.436,149.2511964588387
2024-10-14T09:00:00Z,149.426,149.433,149.344,149.398,8737.0,149.389,149.406,149.27077026432687
2024-10-14T10:00:00Z,149.399,149.542,149.396,149.521,9090.0,149.513,149.529,149.3041342290833
2024-10-14T11:00:00Z,149.52,149.728,149.512,149.64,13046.0,149.632,149.648,149.3489163318722
2024-10-14T12:00:00Z,149.64,149.8,149.63,149.743,10421.0,149.733,149.753,149.40146082095592
2024-10-14T13:00:00Z,149.744,149.886,149.692,149.788,15326.0,149.779,149.796,149.4529993781618
2024-10-14T14:00:00Z,149.788,149.963,149.788,149.842,13277.0,149.835,149.848,149.50486612774023
2024-10-14T15:00:00Z,149.84,149.9,149.802,149.828,7651.0,149.819,149.836,149.54795064404155
2024-10-14T16:00:00Z,149.828,149.943,149.802,149.934,4825.0,149.926,149.942,149.59942389150268
2024-10-14T17:00:00Z,149.934,149.939,149.852,149.874,4499.0,149.866,149.883,149.63603403930233
2024-10-14T18:00:00Z,149.876,149.916,149.834,149.903,3629.0,149.895,149.911,149.6716295007287
2024-10-14T19:00:00Z,149.902,149.982,149.71,149.766,10809.0,149.756,149.775,149.68421223396487
2024-10-14T20:00:00Z,149.765,149.794,149.712,149.752,3045.0,149.737,149.766,149.69325060276955
2024-10-14T21:00:00Z,149.827,149.827,149.762,149.77,426.0,149.751,149.789,149.70348385573362
2024-10-14T22:00:00Z,149.772,149.788,149.712,149.734,1708.0,149.724,149.744,149.70755267496915
2024-10-14T23:00:00Z,149.732,149.842,149.668,149.72,6449.0,149.71,149.73,149.7092123183066
2024-10-15T00:00:00Z,149.72,149.747,149.527,149.58,14500.0,149.572,149.589,149.69198400919907
2024-10-15T01:00:00Z,149.582,149.6,149.444,149.522,7129.0,149.514,149.531,149.6693194746392
2024-10-15T02:00:00Z,149.523,149.714,149.505,149.622,8573.0,149.615,149.63,149.66301021135396
2024-10-15T03:00:00Z,149.623,149.724,149.571,149.714,8245.0,149.707,149.721,149.6698088498401
2024-10-15T04:00:00Z,149.714,149.757,149.666,149.678,7077.0,149.67,149.687,149.67090100319476
2024-10-15T05:00:00Z,149.68,149.706,149.445,149.638,11620.0,149.63,149.647,149.66651420276878
2024-10-15T06:00:00Z,149.638,149.64,149.306,149.312,16415.0,149.303,149.32,149.61924564239962
2024-10-15T07:00:00Z,149.312,149.34,149.17,149.233,19417.0,149.224,149.242,149.567746223413
2024-10-15T08:00:00Z,149.234,149.244,149.036,149.152,16954.0,149.144,149.16,149.5123133936246
2024-10-15T09:00:00Z,149.154,149.167,148.846,148.906,14274.0,148.898,148.914,149.431471607808
2024-10-15T10:00:00Z,148.906,149.186,148.876,149.146,13517.0,149.138,149.153,149.39340872676692
2024-10-15T11:00:00Z,149.144,149.373,149.143,149.356,12926.0,149.346,149.365,149.38842089653133
2024-10-15T12:00:00Z,149.354,149.416,149.0,149.084,21784.0,149.075,149.094,149.34783144366048
2024-10-15T13:00:00Z,149.084,149.249,149.073,149.188,22528.0,149.179,149.197,149.32652058450574
2024-10-15T14:00:00Z,149.187,149.348,148.938,149.23,24415.0,149.221,149.238,149.31365117323833
2024-10-15T15:00:00Z,149.231,149.318,149.169,149.222,17810.0,149.214,149.229,149.30143101680656
2024-10-15T16:00:00Z,149.223,149.483,149.223,149.449,11493.0,149.441,149.457,149.32110688123237
2024-10-15T17:00:00Z,149.45,149.544,149.424,149.434,11496.0,149.426,149.441,149.33615929706806
2024-10-15T18:00:00Z,149.432,149.457,149.238,149.278,11099.0,149.27,149.287,149.32840472412565
2024-10-15T19:00:00Z,149.278,149.292,149.166,149.242,10839.0,149.235,149.25,149.31688409424223
2024-10-15T20:00:00Z,149.243,149.251,149.184,149.218,5924.0,149.203,149.232,149.30369954834327
2024-10-15T21:00:00Z,149.274,149.305,149.201,149.208,514.0,149.169,149.246,149.29093960856417
2024-10-15T22:00:00Z,149.21,149.265,149.165,149.232,1566.0,149.224,149.241,149.28308099408895
2024-10-15T23:00:00Z,149.23,149.337,149.067,149.091,5951.0,149.08,149.102,149.2574701948771
2024-10-16T00:00:00Z,149.09,149.285,149.032,149.272,17540.0,149.263,149.28,149.25940750222682
2024-10-16T01:00:00Z,149.271,149.3,148.859,149.029,18008.0,149.019,149.039,149.22868650192993
2024-10-16T02:00:00Z,149.026,149.116,148.954,149.092,11388.0,149.084,149.1,149.21046163500594
2024-10-16T03:00:00Z,149.092,149.2,149.036,149.174,9427.0,149.165,149.183,149.2056000836718
2024-10-16T04:00:00Z,149.174,149.286,149.136,149.268,7496.0,149.259,149.277,149.21392007251558
2024-10-16T05:00:00Z,149.266,149.374,149.189,149.36,10478.0,149.35,149.369,149.23339739618018
2024-10-16T06:00:00Z,149.36,149.376,149.169,149.267,18591.0,149.258,149.276,149.23787774335617
2024-10-16T07:00:00Z,149.266,149.488,149.17,149.452,16767.0,149.444,149.461,149.26642737757535
2024-10-16T08:00:00Z,149.451,149.491,149.31,149.466,12886.0,149.458,149.475,149.29303706056533
2024-10-16T09:00:00Z,149.466,149.472,149.18,149.275,12020.0,149.267,149.283,149.2906321191566
2024-10-16T10:00:00Z,149.276,149.391,149.215,149.382,9441.0,149.375,149.39,149.30281450326908
2024-10-16T11:00:00Z,149.384,149.423,149.148,149.17,12881.0,149.163,149.177,149.2851059028332
2024-10-16T12:00:00Z,149.172,149.482,149.146,149.452,16859.0,149.443,149.46,149.30735844912212
2024-10-16T13:00:00Z,149.452,149.54,149.206,149.312,18332.0,149.305,149.319,149.3079773225725
2024-10-16T14:00:00Z,149.314,149.748,149.296,149.63,17852.0,149.623,149.638,149.35091367956284
2024-10-16T15:00:00Z,149.629,149.744,149.544,149.716,14151.0,149.709,149.724,149.39959185562114
2024-10-16T16:00:00Z,149.716,149.775,149.694,149.746,8711.0,149.737,149.754,149.445779608205
2024-10-16T17:00:00Z,149.745,149.792,149.722,149.755,5679.0,149.746,149.764,149.48700899377766
2024-10-16T18:00:00Z,149.754,149.804,149.744,149.776,7639.0,149.769,149.783,149.52554112794064
2024-10-16T19:00:00Z,149.776,149.808,149.72,149.722,6607.0,149.713,149.73,149.55173564421523
2024-10-16T20:00:00Z,149.72,149.73,149.604,149.648,5044.0,149.635,149.662,149.5645708916532
2024-10-16T21:00:00Z,149.598,149.616,149.576,149.589,838.0,149.565,149.613,149.56782810609945
2024-10-16T22:00:00Z,149.586,149.668,149.525,149.578,1976.0,149.57,149.586,149.56918435861954
2024-10-16T23:00:00Z,149.578,149.664,149.528,149.566,5825.0,149.558,149.575,149.56875977747026
2024-10-17T00:00:00Z,149.567,149.622,149.438,149.548,15258.0,149.539,149.557,149.5659918071409
2024-10-17T01:00:00Z,149.548,149.571,149.296,149.382,14054.0,149.375,149.388,149.5414595661888
2024-10-17T02:00:00Z,149.382,149.424,149.242,149.415,11669.0,149.407,149.423,149.52459829069696
2024-10-17T03:00:00Z,149.418,149.571,149.418,149.558,10959.0,149.552,149.564,149.52905185193737
2024-10-17T04:00:00Z,149.558,149.578,149.393,149.544,9128.0,149.537,149.551,149.53104493834573
2024-10-17T05:00:00Z,149.542,149.565,149.456,149.514,10216.0,149.508,149.52,149.52877227989964
2024-10-17T06:00:00Z,149.516,149.649,149.44,149.634,13534.0,149.625,149.644,149.5428026425797
2024-10-17T07:00:00Z,149.634,149.796,149.634,149.774,14297.0,149.766,149.782,149.5736289569024
2024-10-17T08:00:00Z,149.774,149.872,149.732,149.834,13019.0,149.825,149.843,149.6083450959821
2024-10-17T09:00:00Z,149.834,149.834,149.612,149.642,8951.0,149.633,149.65,149.61283241651782
2024-10-17T10:00:00Z,149.641,149.641,149.552,149.622,9071.0,149.616,149.629,149.6140547609821
2024-10-17T11:00:00Z,149.624,149.652,149.49,149.528,8694.0,149.519,149.538,149.60258079285117
2024-10-17T12:00:00Z,149.53,150.083,149.466,149.834,34022.0,149.825,149.843,149.63343668713767
2024-10-17T13:00:00Z,149.832,149.956,149.638,149.785,34498.0,149.774,149.796,149.65364512885265
2024-10-17T14:00:00Z,149.786,150.048,149.728,150.022,22839.0,150.016,150.029,149.7027591116723
2024-10-17T15:00:00Z,150.022,150.151,149.923,150.128,15493.0,150.12,150.135,149.75945789678266
2024-10-17T16:00:00Z,150.126,150.3,150.118,150.211,12423.0,150.203,150.219,149.81966351054498
2024-10-17T17:00:00Z,150.212,150.26,150.144,150.253,8515.0,150.245,150.261,149.877441709139
2024-10-17T18:00:00Z,150.254,150.282,150.191,150.276,8860.0,150.269,150.283,149.93058281458713
2024-10-17T19:00:00Z,150.277,150.322,150.197,150.22,7565.0,150.213,150.227,149.96917177264217
2024-10-17T20:00:00Z,150.218,150.249,150.19,150.221,4560.0,150.209,150.233,150.00274886962322
2024-10-17T21:00:00Z,150.235,150.235,150.166,150.168,261.0,150.148,150.187,150.02478235367346
2024-10-17T22:00:00Z,150.167,150.23,150.13,150.214,1270.0,150.204,150.225,150.05001137318368
2024-10-17T23:00:00Z,150.214,150.287,150.07,150.108,4581.0,150.099,150.118,150.05774319009254
2024-10-18T00:00:00Z,150.108,150.152,149.9,150.052,16905.0,150.044,150.06,150.05697743141354
2024-10-18T01:00:00Z,150.054,150.066,149.874,150.016,12216.0,150.008,150.025,150.05151377389174
2024-10-18T02:00:00Z,150.017,150.096,149.906,149.925,10383.0,149.916,149.934,150.0346452707062
2024-10-18T03:00:00Z,149.924,149.974,149.856,149.894,8339.0,149.886,149.903,150.01589256794537
2024-10-18T04:00:00Z,149.894,150.018,149.864,149.902,7909.0,149.894,149.91,150.0007068922193
2024-10-18T05:00:00Z,149.902,149.92,149.77,149.889,11548.0,149.883,149.895,149.9858126399234
2024-10-18T06:00:00Z,149.893,150.015,149.796,149.958,15296.0,149.95,149.966,149.98210428793362
2024-10-18T07:00:00Z,149.958,150.138,149.922,150.095,13834.0,150.086,150.104,149.99715704954247
2024-10-18T08:00:00Z,150.094,150.158,149.888,149.923,11410.0,149.915,149.931,149.98726944293682
2024-10-18T09:00:00Z,149.922,149.949,149.84,149.922,11592.0,149.914,149.931,149.97856685054523
2024-10-18T10:00:00Z,149.924,149.982,149.582,149.943,14392.0,149.935,149.951,149.97382460380587
2024-10-18T11:00:00Z,149.94,150.101,149.918,150.008,10502.0,150.001,150.015,149.97838132329844
2024-10-18T12:00:00Z,150.009,150.083,149.788,149.866,17398.0,149.857,149.874,149.96339714685865
2024-10-18T13:00:00Z,149.865,149.925,149.691,149.738,15756.0,149.73,149.746,149.93334419394418
2024-10-18T14:00:00Z,149.736,149.75,149.594,149.605,14954.0,149.597,149.613,149.88956496808495
2024-10-18T15:00:00Z,149.604,149.652,149.514,149.582,11502.0,149.575,149.59,149.84855630567364
2024-10-18T16:00:00Z,149.582,149.634,149.366,149.42,8124.0,149.412,149.429,149.79141546491715
2024-10-18T17:00:00Z,149.42,149.653,149.414,149.595,8530.0,149.588,149.602,149.76522673626152
2024-10-18T18:00:00Z,149.596,149.598,149.458,149.53,8982.0,149.522,149.539,149.73386317142666
2024-10-18T19:00:00Z,149.53,149.572,149.464,149.525,7194.0,149.516,149.534,149.70601474856977
2024-10-18T20:00:00Z,149.526,149.565,149.457,149.533,4596.0,149.511,149.555,149.68294611542714
2024-10-20T21:00:00Z,149.517,149.613,149.48,149.544,1241.0,149.509,149.579,149.66441996670352
2024-10-20T22:00:00Z,149.548,149.647,149.526,149.573,2854.0,149.564,149.582,149.6522306378097
2024-10-20T23:00:00Z,149.572,149.628,149.48,149.604,4663.0,149.595,149.612,149.64579988610174
2024-10-21T00:00:00Z,149.604,149.617,149.254,149.386,17902.0,149.377,149.394,149.61115990128818
2024-10-21T01:00:00Z,149.388,149.414,149.092,149.206,17853.0,149.198,149.215,149.55713858111642
2024-10-21T02:00:00Z,149.207,149.288,149.098,149.226,11451.0,149.218,149.234,149.5129867703009
2024-10-21T03:00:00Z,149.224,149.244,149.087,149.226,10009.0,149.216,149.235,149.47472186759413
2024-10-21T04:00:00Z,149.226,149.358,149.204,149.322,9933.0,149.314,149.33,149.4543589519149
2024-10-21T05:00:00Z,149.322,149.373,149.2,149.364,13177.0,149.355,149.372,149.4423110916596
2024-10-21T06:00:00Z,149.366,149.646,149.304,149.634,14186.0,149.626,149.643,149.46786961277166
2024-10-21T07:00:00Z,149.635,149.857,149.62,149.837,14508.0,149.829,149.845,149.51708699773545
2024-10-21T08:00:00Z,149.84,149.952,149.824,149.95,9720.0,149.942,149.958,149.57480873137072
2024-10-21T09:00:00Z,149.95,150.094,149.825,150.062,11095.0,150.053,150.071,149.63976756718796
2024-10-21T10:00:00Z,150.062,150.078,149.896,149.944,10097.0,149.936,149.952,149.6803318915629
2024-10-21T11:00:00Z,149.944,149.96,149.86,149.923,11403.0,149.914,149.932,149.71268763935453
2024-10-21T12:00:00Z,149.924,150.03,149.746,149.922,15585.0,149.916,149.928,149.74059595410725
2024-10-21T13:00:00Z,149.923,150.147,149.922,150.132,15880.0,150.124,150.141,149.7927831602263
2024-10-21T14:00:00Z,150.132,150.278,150.094,150.24,13992.0,150.232,150.247,149.85241207219613
2024-10-21T15:00:00Z,150.24,150.486,150.194,150.472,16371.0,150.464,150.481,149.9350237959033
2024-10-21T16:00:00Z,150.472,150.561,150.44,150.518,8805.0,150.512,150.524,150.01275395644953
2024-10-21T17:00:00Z,150.517,150.797,150.504,150.75,7379.0,150.742,150.758,150.11105342892293
2024-10-21T18:00:00Z,150.75,150.834,150.714,150.776,7585.0,150.767,150.784,150.19971297173322
2024-10-21T19:00:00Z,150.776,150.838,150.726,150.777,7217.0,150.768,150.786,150.27668457550212
2024-10-21T20:00:00Z,150.778,150.886,150.762,150.822,5035.0,150.796,150.849,150.34939329876852
2024-10-21T21:00:00Z,150.794,150.82,150.67,150.734,2216.0,150.704,150.764,150.40067419226605
2024-10-21T22:00:00Z,150.729,150.775,150.64,150.685,2324.0,150.675,150.695,150.4385842999639
2024-10-21T23:00:00Z,150.684,150.806,150.602,150.621,7087.0,150.614,150.628,150.46290639330206
2024-10-22T00:00:00Z,150.622,150.766,150.584,150.633,15647.0,150.624,150.642,150.4855855408618
2024-10-22T01:00:00Z,150.632,150.709,150.495,150.663,15444.0,150.656,150.67,150.50924080208023
2024-10-22T02:00:00Z,150.662,150.846,150.634,150.836,9501.0,150.828,150.844,150.5528086951362
2024-10-22T03:00:00Z,150.836,150.986,150.814,150.926,9615.0,150.919,150.933,150.60256753578471
2024-10-22T04:00:00Z,150.926,151.108,150.848,150.873,13450.0,150.866,150.88,150.63862519768008
2024-10-22T05:00:00Z,150.873,150.995,150.784,150.849,15839.0,150.842,150.856,150.66667517132274
2024-10-22T06:00:00Z,150.852,150.88,150.664,150.829,16248.0,150.82,150.838,150.68831848181304
2024-10-22T07:00:00Z,150.83,151.066,150.693,151.006,20379.0,150.997,151.014,150.7306760175713
2024-10-22T08:00:00Z,151.004,151.034,150.788,150.987,16630.0,150.978,150.996,150.7648525485618
2024-10-22T09:00:00Z,150.988,151.024,150.806,150.887,14550.0,150.879,150.895,150.78113887542023
2024-10-22T10:00:00Z,150.886,150.906,150.75,150.847,13479.0,150.838,150.856,150.78992035869754
2024-10-22T11:00:00Z,150.846,150.939,150.784,150.866,12992.0,150.857,150.874,150.80006431087122
2024-10-22T12:00:00Z,150.866,150.927,150.767,150.916,16971.0,150.909,150.923,150.81552240275505
2024-10-22T13:00:00Z,150.916,150.956,150.606,150.923,22907.0,150.915,150.931,150.82985274905437
2024-10-22T14:00:00Z,150.922,151.072,150.855,150.979,22177.0,150.971,150.987,150.84973904918047
2024-10-22T15:00:00Z,150.98,151.15,150.9,151.108,16612.0,151.101,151.116,150.88417384262308
2024-10-22T16:00:00Z,151.11,151.199,151.048,151.062,10587.0,151.055,151.068,150.90788399694
2024-10-22T17:00:00Z,151.062,151.118,150.952,150.981,13513.0,150.972,150.99,150.917632797348
2024-10-22T18:00:00Z,150.98,151.072,150.9,151.064,9603.0,151.055,151.072,150.93714842436827
2024-10-22T19:00:00Z,151.066,151.128,151.052,151.118,9135.0,151.11,151.126,150.96126196778584
2024-10-22T20:00:00Z,151.118,151.157,151.085,151.094,6285.0,151.082,151.107,150.97896037208108
2024-10-22T21:00:00Z,151.064,151.092,151.039,151.05,541.0,151.009,151.091,150.98843232247026
2024-10-22T22:00:00Z,151.049,151.083,151.034,151.07,1517.0,151.059,151.082,150.99930801280757
2024-10-22T23:00:00Z,151.07,151.162,151.051,151.156,3909.0,151.145,151.166,151.02020027776658
2024-10-23T00:00:00Z,151.155,151.48,151.138,151.472,12421.0,151.462,151.481,151.08044024073104
2024-10-23T01:00:00Z,151.471,151.81,151.427,151.649,15166.0,151.64,151.658,151.15624820863357
2024-10-23T02:00:00Z,151.648,151.792,151.639,151.745,12477.0,151.735,151.755,151.23474844748245
2024-10-23T03:00:00Z,151.744,151.834,151.72,151.754,10222.0,151.745,151.762,151.30398198781813
2024-10-23T04:00:00Z,151.752,152.137,151.733,152.073,14528.0,152.066,152.08,151.40651772277573
2024-10-23T05:00:00Z,152.074,152.27,152.022,152.17,14637.0,152.161,152.179,151.50831535973896
2024-10-23T06:00:00Z,152.173,152.382,152.118,152.291,19521.0,152.282,152.3,151.61267331177376
2024-10-23T07:00:00Z,152.288,152.556,152.273,152.374,19731.0,152.366,152.382,151.7141835368706
2024-10-23T08:00:00Z,152.372,152.553,152.319,152.415,16740.0,152.406,152.424,151.80762573195452
2024-10-23T09:00:00Z,152.414,152.76,152.405,152.726,14500.0,152.717,152.734,151.93007563436058
2024-10-23T10:00:00Z,152.725,152.878,152.604,152.825,12959.0,152.816,152.834,152.0493988831125
2024-10-23T11:00:00Z,152.824,153.08,152.764,153.058,14809.0,153.051,153.066,152.18387903203083
2024-10-23T12:00:00Z,153.059,153.19,152.912,153.069,20620.0,153.06,153.078,152.3018951610934
2024-10-23T13:00:00Z,153.07,153.085,152.84,153.072,21188.0,153.061,153.082,152.40457580628095
2024-10-23T14:00:00Z,153.071,153.109,152.924,153.026,19374.0,153.017,153.034,152.48743236544348
2024-10-23T15:00:00Z,153.025,153.053,152.762,152.82,16484.0,152.813,152.828,152.53177471671768
2024-10-23T16:00:00Z,152.822,152.938,152.818,152.858,13203.0,152.851,152.866,152.57527142115532
2024-10-23T17:00:00Z,152.858,152.912,152.766,152.776,12282.0,152.768,152.783,152.60203523166794
2024-10-23T18:00:00Z,152.78,152.78,152.47,152.662,14991.0,152.654,152.671,152.6100305341122
2024-10-23T19:00:00Z,152.664,152.699,152.556,152.591,11760.0,152.583,152.599,152.60749312956392
2024-10-23T20:00:00Z,152.59,152.77,152.556,152.764,12903.0,152.751,152.776,152.62836071228872
2024-10-23T21:00:00Z,152.694,152.71,152.664,152.694,417.0,152.67,152.719,152.6371126173169
2024-10-23T22:00:00Z,152.693,152.836,152.686,152.753,3034.0,152.743,152.763,152.6525642683413
2024-10-23T23:00:00Z,152.752,152.805,152.608,152.77,6761.0,152.761,152.778,152.66822236589582
2024-10-24T00:00:00Z,152.769,152.769,152.517,152.642,21912.0,152.634,152.649,152.66472605044305
2024-10-24T01:00:00Z,152.64,152.795,152.608,152.68,17625.0,152.672,152.688,152.66676257705066
2024-10-24T02:00:00Z,152.68,152.697,152.343,152.432,16303.0,152.423,152.44,152.6354609001106
2024-10-24T03:00:00Z,152.432,152.519,152.354,152.398,11752.0,152.389,152.408,152.6037994467625
2024-10-24T04:00:00Z,152.398,152.4,152.107,152.215,12039.0,152.209,152.221,152.5519595205275
2024-10-24T05:00:00Z,152.217,152.39,152.202,152.384,15416.0,152.376,152.391,152.5295649177905
2024-10-24T06:00:00Z,152.384,152.388,152.05,152.056,22128.0,152.048,152.065,152.46642292875177
2024-10-24T07:00:00Z,152.057,152.32,152.026,152.13,26464.0,152.124,152.137,152.42156653825154
2024-10-24T08:00:00Z,152.132,152.249,151.92,152.01,20698.0,152.001,152.018,152.366690999818
2024-10-24T09:00:00Z,152.009,152.078,151.828,151.99,16796.0,151.982,151.999,152.3164655331756
2024-10-24T10:00:00Z,151.991,151.992,151.821,151.854,12365.0,151.847,151.862,152.25480346208553
2024-10-24T11:00:00Z,151.854,152.076,151.767,152.052,15545.0,152.043,152.06,152.22776300047414
2024-10-24T12:00:00Z,152.056,152.336,151.839,152.052,30694.0,152.042,152.062,152.20432793374425
2024-10-24T13:00:00Z,152.052,152.342,151.945,152.206,28987.0,152.193,152.218,152.20455087591168
2024-10-24T14:00:00Z,152.2,152.286,151.85,151.93,28114.0,151.922,151.937,152.1679440924568
2024-10-24T15:00:00Z,151.928,151.98,151.784,151.872,19448.0,151.863,151.88,152.12848488012924
2024-10-24T16:00:00Z,151.872,151.884,151.662,151.693,14053.0,151.684,151.702,152.07042022944535
2024-10-24T17:00:00Z,151.694,151.788,151.555,151.627,13006.0,151.618,151.636,152.01129753218598
2024-10-24T18:00:00Z,151.628,151.853,151.617,151.822,13024.0,151.813,151.831,151.98605786122786
2024-10-24T19:00:00Z,151.824,151.902,151.822,151.844,12898.0,151.836,151.853,151.96711681306414
2024-10-24T20:00:00Z,151.844,151.868,151.811,151.826,8107.0,151.814,151.837,151.94830123798891
2024-10-24T21:00:00Z,151.853,151.866,151.811,151.828,641.0,151.803,151.852,151.93226107292372
2024-10-24T22:00:00Z,151.836,151.848,151.683,151.696,1568.0,151.685,151.706,151.9007595965339
2024-10-24T23:00:00Z,151.695,151.82,151.584,151.79,8372.0,151.782,151.798,151.88599165032937
2024-10-25T00:00:00Z,151.791,152.108,151.752,152.008,16840.0,152.001,152.015,151.90225943028545
2024-10-25T01:00:00Z,152.008,152.068,151.797,151.85,12146.0,151.841,151.858,151.8952915062474
2024-10-25T02:00:00Z,151.85,151.892,151.74,151.835,10311.0,151.827,151.843,151.88725263874775
2024-10-25T03:00:00Z,151.836,151.907,151.82,151.855,8320.0,151.847,151.863,151.88295228691473
2024-10-25T04:00:00Z,151.854,151.874,151.612,151.705,10809.0,151.696,151.714,151.8592253153261
2024-10-25T05:00:00Z,151.704,151.751,151.45,151.734,15225.0,151.727,151.741,151.84252860661596
2024-10-25T06:00:00Z,151.73,152.006,151.678,151.864,15550.0,151.856,151.873,151.84539145906717
2024-10-25T07:00:00Z,151.865,152.044,151.823,151.957,19072.0,151.948,151.966,151.86027259785823
2024-10-25T08:00:00Z,151.958,152.06,151.922,151.964,15565.0,151.957,151.971,151.8741029181438
2024-10-25T09:00:00Z,151.964,152.098,151.91,152.002,11005.0,151.994,152.01,151.8911558623913
2024-10-25T10:00:00Z,151.998,152.027,151.864,151.897,10148.0,151.888,151.906,151.89193508073913
2024-10-25T11:00:00Z,151.898,151.94,151.7,151.796,13349.0,151.788,151.805,151.87914373664057
2024-10-25T12:00:00Z,151.796,152.096,151.796,151.918,19648.0,151.911,151.926,151.88432457175517
2024-10-25T13:00:00Z,151.92,152.166,151.838,152.018,20500.0,152.007,152.029,151.90214796218783
2024-10-25T14:00:00Z,152.018,152.116,151.909,152.03,23603.0,152.022,152.039,151.9191949005628
2024-10-25T15:00:00Z,152.032,152.144,151.924,152.084,16328.0,152.075,152.092,151.9411689138211
2024-10-25T16:00:00Z,152.082,152.23,152.053,152.197,11039.0,152.191,152.203,151.97527972531162
2024-10-25T17:00:00Z,152.196,152.298,152.101,152.165,10076.0,152.156,152.174,152.00057576193674
2024-10-25T18:00:00Z,152.164,152.282,152.096,152.247,10901.0,152.238,152.256,152.03343232701184
2024-10-25T19:00:00Z,152.248,152.382,152.242,152.254,9559.0,152.245,152.264,152.06284135007692
2024-10-25T20:00:00Z,152.254,152.358,152.182,152.304,14291.0,152.264,152.343,152.09499583673335
2024-10-27T21:00:00Z,153.207,153.225,152.757,152.946,1190.0,152.909,152.983,152.20846305850225
2024-10-27T22:00:00Z,152.941,153.238,152.676,152.957,15734.0,152.948,152.966,152.3082679840353
2024-10-27T23:00:00Z,152.956,153.042,152.77,152.96,13883.0,152.951,152.969,152.39516558616393
2024-10-28T00:00:00Z,152.959,153.484,152.77,153.468,25406.0,153.459,153.478,152.5382101746754
2024-10-28T01:00:00Z,153.469,153.882,153.443,153.852,19189.0,153.844,153.86,152.71338215138536
2024-10-28T02:00:00Z,153.854,153.862,153.532,153.576,13770.0,153.567,153.586,152.82839786453397
2024-10-28T03:00:00Z,153.578,153.7,153.494,153.634,10705.0,153.627,153.64,152.9358114825961
2024-10-28T04:00:00Z,153.634,153.657,153.379,153.647,11508.0,153.638,153.656,153.03063661824996
2024-10-28T05:00:00Z,153.646,153.748,153.496,153.539,10286.0,153.53,153.548,153.0984184024833
2024-10-28T06:00:00Z,153.54,153.564,153.234,153.414,13419.0,153.406,153.423,153.14049594881885
2024-10-28T07:00:00Z,153.415,153.532,153.162,153.336,15304.0,153.329,153.344,153.16656315564302
2024-10-28T08:00:00Z,153.338,153.432,153.167,153.18,19921.0,153.172,153.188,153.1683547348906
2024-10-28T09:00:00Z,153.18,153.191,152.904,152.931,16795.0,152.922,152.94,153.1367074369052
2024-10-28T10:00:00Z,152.931,152.932,152.458,152.537,17330.0,152.528,152.546,153.05674644531786
2024-10-28T11:00:00Z,152.536,152.736,152.467,152.732,13807.0,152.722,152.741,153.01344691927548
2024-10-28T12:00:00Z,152.731,152.732,152.41,152.624,17930.0,152.615,152.632,152.96152066337208
2024-10-28T13:00:00Z,152.624,152.768,152.58,152.758,17724.0,152.748,152.768,152.9343845749225
2024-10-28T14:00:00Z,152.76,153.068,152.745,152.952,14170.0,152.944,152.961,152.93673329826615
2024-10-28T15:00:00Z,152.955,153.238,152.839,153.213,15746.0,153.205,153.221,152.97356885849734
2024-10-28T16:00:00Z,153.214,153.284,153.134,153.262,12020.0,153.254,153.27,153.01202634403103
2024-10-28T17:00:00Z,153.257,153.308,153.202,153.28,10138.0,153.271,153.288,153.0477561648269
2024-10-28T18:00:00Z,153.28,153.379,153.234,153.262,8008.0,153.253,153.271,153.07632200951664
2024-10-28T19:00:00Z,153.261,153.268,153.2,153.231,8437.0,153.222,153.24,153.0969457415811
2024-10-28T20:00:00Z,153.232,153.302,153.204,153.298,6212.0,153.29,153.307,153.12375297603694
2024-10-28T21:00:00Z,153.291,153.312,153.248,153.258,269.0,153.233,153.282,153.14165257923202
2024-10-28T22:00:00Z,153.264,153.36,153.25,153.305,2332.0,153.295,153.315,153.16343223533443
2024-10-28T23:00:00Z,153.306,153.326,153.138,153.139,4901.0,153.13,153.148,153.1601746039565
2024-10-29T00:00:00Z,153.14,153.248,152.898,153.02,14831.0,153.012,153.029,153.14148465676232
2024-10-29T01:00:00Z,153.021,153.137,152.866,152.94,16561.0,152.931,152.95,153.11462003586067
2024-10-29T02:00:00Z,152.942,153.058,152.852,152.997,13885.0,152.988,153.006,153.0989373644126
2024-10-29T03:00:00Z,152.998,153.166,152.948,153.04,11689.0,153.033,153.048,153.09107904915757
2024-10-29T04:00:00Z,153.042,153.05,152.873,152.928,10934.0,152.921,152.935,153.06933517593657
2024-10-29T05:00:00Z,152.928,152.958,152.756,152.833,12790.0,152.826,152.84,153.03782381914505
2024-10-29T06:00:00Z,152.836,153.074,152.836,153.001,12082.0,152.993,153.009,153.03291397659237
2024-10-29T07:00:00Z,153.0,153.28,153.0,153.166,15589.0,153.157,153.174,153.0506587797134
2024-10-29T08:00:00Z,153.166,153.452,153.158,153.396,22261.0,153.389,153.403,153.0967042757516
2024-10-29T09:00:00Z,153.398,153.443,153.328,153.412,14521.0,153.403,153.421,153.1387437056514
2024-10-29T10:00:00Z,153.412,153.49,153.318,153.344,11610.0,153.335,153.352,153.16611121156456
2024-10-29T11:00:00Z,153.343,153.677,153.323,153.675,13438.0,153.669,153.681,153.23396305002262
2024-10-29T12:00:00Z,153.678,153.868,153.656,153.766,15513.0,153.757,153.774,153.3049013100196
2024-10-29T13:00:00Z,153.765,153.814,153.627,153.666,16745.0,153.639,153.692,153.353047802017
2024-10-29T14:00:00Z,153.666,153.668,152.974,153.384,34298.0,153.376,153.392,153.35717476174807
2024-10-29T15:00:00Z,153.387,153.756,153.374,153.494,19565.0,153.485,153.503,153.37541812684833
2024-10-29T16:00:00Z,153.496,153.584,153.354,153.549,14762.0,153.541,153.557,153.3985623766019
2024-10-29T17:00:00Z,153.55,153.6,153.31,153.414,14058.0,153.408,153.42,153.4006207263883
2024-10-29T18:00:00Z,153.412,153.556,153.38,153.423,9639.0,153.416,153.43,153.40360462953652
2024-10-29T19:00:00Z,153.422,153.51,153.376,153.424,8773.0,153.417,153.431,153.40632401226497
2024-10-29T20:00:00Z,153.426,153.45,153.34,153.366,5245.0,153.356,153.376,153.4009474772963
2024-10-29T21:00:00Z,153.367,153.424,153.358,153.374,408.0,153.343,153.405,153.3973544803235
2024-10-29T22:00:00Z,153.374,153.392,153.204,153.258,2884.0,153.249,153.266,153.37877388294703
2024-10-29T23:00:00Z,153.254,153.357,153.162,153.268,6206.0,153.258,153.279,153.36400403188742
2024-10-30T00:00:00Z,153.27,153.308,153.072,153.252,14169.0,153.243,153.262,153.3490701609691
2024-10-30T01:00:00Z,153.252,153.316,153.11,153.218,11704.0,153.21,153.225,153.33159413950654
2024-10-30T02:00:00Z,153.217,153.444,153.202,153.313,11242.0,153.305,153.321,153.32911492090565
2024-10-30T03:00:00Z,153.312,153.4,153.286,153.34,9432.0,153.333,153.348,153.3305662647849
2024-10-30T04:00:00Z,153.34,153.374,153.193,153.359,7978.0,153.351,153.367,153.33435742948024
2024-10-30T05:00:00Z,153.36,153.37,153.192,153.23,8529.0,153.221,153.239,153.32044310554954
2024-10-30T06:00:00Z,153.23,153.468,153.196,153.276,11483.0,153.268,153.283,153.31451735814295
2024-10-30T07:00:00Z,153.275,153.382,153.26,153.331,12753.0,153.323,153.339,153.3167150437239
2024-10-30T08:00:00Z,153.332,153.364,152.804,152.856,19487.0,152.845,152.866,153.25528637122738
2024-10-30T09:00:00Z,152.857,153.196,152.838,153.058,21320.0,153.05,153.067,153.22898152173042
2024-10-30T10:00:00Z,153.058,153.058,152.834,152.898,14310.0,152.89,152.906,153.18485065216638
2024-10-30T11:00:00Z,152.898,153.049,152.782,153.036,13540.0,153.029,153.043,153.1650038985442
2024-10-30T12:00:00Z,153.036,153.499,152.991,153.358,29306.0,153.348,153.369,153.19073671207164
2024-10-30T13:00:00Z,153.36,153.434,152.868,152.942,25025.0,152.932,152.952,153.15757181712877
2024-10-30T14:00:00Z,152.943,153.331,152.907,153.262,25501.0,153.254,153.27,153.17149557484493
2024-10-30T15:00:00Z,153.262,153.388,153.154,153.16,17921.0,153.152,153.168,153.16996283153227
2024-10-30T16:00:00Z,153.158,153.221,153.004,153.084,14206.0,153.076,153.092,153.1585011206613
2024-10-30T17:00:00Z,153.084,153.262,153.084,153.232,10595.0,153.226,153.239,153.1683009712398
2024-10-30T18:00:00Z,153.234,153.266,153.168,153.244,7594.0,153.236,153.251,153.1783941750745
2024-10-30T19:00:00Z,153.245,153.433,153.239,153.302,10571.0,153.293,153.31,153.19487495173124
2024-10-30T20:00:00Z,153.301,153.432,153.269,153.41,7176.0,153.397,153.422,153.2235582915004
2024-10-30T21:00:00Z,153.384,153.388,153.268,153.336,728.0,153.299,153.372,153.23855051930036
2024-10-30T22:00:00Z,153.334,153.342,153.244,153.302,3136.0,153.294,153.311,153.24701045006032
2024-10-30T23:00:00Z,153.306,153.362,153.205,153.24,3785.0,153.23,153.251,153.24607572338562
2024-10-31T00:00:00Z,153.24,153.584,153.161,153.528,12471.0,153.52,153.536,153.2836656269342
2024-10-31T01:00:00Z,153.528,153.559,153.394,153.495,10287.0,153.487,153.503,153.31184354334297
2024-10-31T02:00:00Z,153.494,153.628,153.178,153.408,11140.0,153.398,153.417,153.3246644042306
2024-10-31T03:00:00Z,153.407,153.414,152.948,153.052,12806.0,153.045,153.06,153.2883091503332
2024-10-31T04:00:00Z,153.05,153.083,152.824,152.92,9614.0,152.91,152.93,153.2392012636221
2024-10-31T05:00:00Z,152.92,153.087,152.832,152.842,8823.0,152.833,152.851,153.18624109513917
2024-10-31T06:00:00Z,152.842,152.968,152.056,152.176,22445.0,152.168,152.185,153.05154228245394
2024-10-31T07:00:00Z,152.178,152.585,152.053,152.25,29857.0,152.242,152.259,152.94466997812674
2024-10-31T08:00:00Z,152.251,152.444,151.922,152.401,23586.0,152.392,152.41,152.87218064770985
2024-10-31T09:00:00Z,152.402,152.574,152.304,152.558,16693.0,152.547,152.569,152.83028989468187
2024-10-31T10:00:00Z,152.558,152.567,152.249,152.468,14858.0,152.46,152.476,152.78198457539096
2024-10-31T11:00:00Z,152.467,152.85,152.467,152.718,13580.0,152.71,152.727,152.77345329867217
2024-10-31T12:00:00Z,152.72,152.986,152.561,152.693,29232.0,152.684,152.702,152.76272619218255
2024-10-31T13:00:00Z,152.694,152.995,152.56,152.968,28433.0,152.959,152.977,152.7900960332249
2024-10-31T14:00:00Z,152.968,153.05,152.47,152.587,32022.0,152.58,152.594,152.76301656212826
2024-10-31T15:00:00Z,152.586,152.711,152.08,152.358,30484.0,152.35,152.365,152.70901435384448
2024-10-31T16:00:00Z,152.358,152.512,152.23,152.444,21144.0,152.437,152.451,152.67367910666522
2024-10-31T17:00:00Z,152.444,152.49,152.158,152.176,12279.0,152.167,152.184,152.6073218924432
2024-10-31T18:00:00Z,152.176,152.178,151.833,152.05,17158.0,152.043,152.058,152.53301230678412
2024-10-31T19:00:00Z,152.05,152.148,151.911,151.936,19452.0,151.928,151.944,152.45341066587957
2024-10-31T20:00:00Z,151.938,152.098,151.913,152.042,14715.0,152.027,152.056,152.39855591042897
2024-10-31T21:00:00Z,152.028,152.066,152.006,152.066,305.0,152.037,152.095,152.35421512237178
2024-10-31T22:00:00Z,152.066,152.144,152.022,152.065,2458.0,152.055,152.075,152.31565310605555
2024-10-31T23:00:00Z,152.066,152.068,151.787,151.982,11597.0,151.974,151.99,152.27116602524814
2024-11-01T00:00:00Z,151.981,152.169,151.876,152.034,18956.0,152.025,152.044,152.23954388854838
2024-11-01T01:00:00Z,152.036,152.292,151.92,152.118,17325.0,152.109,152.127,152.22333803674192
2024-11-01T02:00:00Z,152.116,152.357,152.114,152.3,13334.0,152.292,152.307,152.233559631843
2024-11-01T03:00:00Z,152.3,152.429,152.246,152.418,10934.0,152.409,152.428,152.2581516809306
2024-11-01T04:00:00Z,152.419,152.542,152.419,152.485,8810.0,152.477,152.493,152.2883981234732
2024-11-01T05:00:00Z,152.486,152.652,152.409,152.54,12795.0,152.533,152.548,152.32194504034345
2024-11-01T06:00:00Z,152.541,152.57,152.336,152.398,12704.0,152.391,152.404,152.332085701631
2024-11-01T07:00:00Z,152.398,152.58,152.206,152.546,16840.0,152.537,152.556,152.36060760808022
2024-11-01T08:00:00Z,152.547,152.694,152.524,152.64,16985.0,152.632,152.647,152.39785992700286
2024-11-01T09:00:00Z,152.64,152.836,152.562,152.776,13757.0,152.77,152.783,152.44827860340249
2024-11-01T10:00:00Z,152.777,152.849,152.67,152.671,12212.0,152.662,152.68,152.4779747896155
2024-11-01T11:00:00Z,152.67,152.802,152.589,152.676,11447.0,152.668,152.684,152.5043781510001
2024-11-01T12:00:00Z,152.672,152.834,151.793,152.038,36414.0,152.027,152.048,152.44219439753343
2024-11-01T13:00:00Z,152.035,152.49,151.97,152.428,30962.0,152.411,152.446,152.44030181119564
2024-11-01T14:00:00Z,152.343,152.964,152.222,152.899,32907.0,152.89,152.908,152.50146156970288
2024-11-01T15:00:00Z,152.9,153.073,152.803,152.946,21636.0,152.939,152.952,152.56073336040916
2024-11-01T16:00:00Z,152.944,153.046,152.832,152.896,15500.0,152.887,152.904,152.60543557902128
2024-11-01T17:00:00Z,152.896,153.068,152.86,152.913,13138.0,152.905,152.921,152.64644416848512
2024-11-01T18:00:00Z,152.914,152.961,152.852,152.961,11268.0,152.955,152.967,152.68838494602045
2024-11-01T19:00:00Z,152.96,153.024,152.94,152.968,7931.0,152.957,152.978,152.72566695321774
2024-11-01T20:00:00Z,152.968,153.095,152.944,152.999,5675.0,152.968,153.03,152.7621113594554
2024-11-03T22:00:00Z,152.334,152.576,152.33,152.44,1760.0,152.423,152.456,152.71916317819466
2024-11-03T23:00:00Z,152.437,152.486,152.184,152.294,12138.0,152.283,152.304,152.66247475443538
2024-11-04T00:00:00Z,152.292,152.292,152.003,152.074,13823.0,152.066,152.083,152.584011453844
2024-11-04T01:00:00Z,152.074,152.087,151.704,151.79,19645.0,151.781,151.798,152.47814325999815
2024-11-04T02:00:00Z,151.788,151.97,151.776,151.816,17894.0,151.808,151.824,152.3898574919984
2024-11-04T03:00:00Z,151.816,151.816,151.598,151.738,16199.0,151.731,151.745,152.30294315973197
2024-11-04T04:00:00Z,151.74,151.863,151.692,151.821,10314.0,151.813,151.829,152.23868407176772
2024-11-04T05:00:00Z,151.822,151.966,151.818,151.855,11976.0,151.848,151.862,152.18752619553203
2024-11-04T06:00:00Z,151.854,152.156,151.802,152.147,14469.0,152.138,152.156,152.18212270279443
2024-11-04T07:00:00Z,152.148,152.278,152.086,152.178,19774.0,152.168,152.187,152.1815730090885
2024-11-04T08:00:00Z,152.178,152.227,151.968,152.089,25280.0,152.081,152.097,152.16922994121003
2024-11-04T09:00:00Z,152.092,152.148,151.802,151.886,17456.0,151.879,151.893,152.1314659490487
2024-11-04T10:00:00Z,151.885,152.012,151.754,151.81,14270.0,151.803,151.817,152.08860382250887
2024-11-04T11:00:00Z,151.81,151.818,151.535,151.554,14002.0,151.545,151.564,152.01732331284103
2024-11-04T12:00:00Z,151.556,151.826,151.546,151.808,13559.0,151.801,151.816,151.98941353779557
2024-11-04T13:00:00Z,151.808,152.066,151.728,151.833,17221.0,151.823,151.843,151.96855839942282
2024-11-04T14:00:00Z,151.832,151.97,151.625,151.822,23073.0,151.811,151.834,151.94901727949977
2024-11-04T15:00:00Z,151.822,152.11,151.702,151.994,18054.0,151.986,152.002,151.95501497556648
2024-11-04T16:00:00Z,151.992,152.159,151.93,152.024,15952.0,152.017,152.032,151.9642129788243
2024-11-04T17:00:00Z,152.023,152.116,151.894,152.012,11214.0,152.004,152.02,151.97058458164773
2024-11-04T18:00:00Z,152.012,152.2,151.988,152.066,11095.0,152.057,152.074,151.98330663742803
2024-11-04T19:00:00Z,152.064,152.174,152.064,152.15,9890.0,152.142,152.157,152.0055324191043
2024-11-04T20:00:00Z,152.15,152.182,152.105,152.15,10312.0,152.143,152.158,152.02479476322372
2024-11-04T21:00:00Z,152.151,152.198,152.133,152.134,5322.0,152.12,152.147,152.03935546146056
2024-11-04T22:00:00Z,152.14,152.157,152.113,152.12,1023.0,152.105,152.136,152.05010806659917
2024-11-04T23:00:00Z,152.116,152.296,152.112,152.282,2478.0,152.274,152.29,152.08102699105262
2024-11-05T00:00:00Z,152.282,152.4,152.112,152.282,13537.0,152.273,152.291,152.10782339224562
2024-11-05T01:00:00Z,152.282,152.448,152.224,152.274,12386.0,152.265,152.282,152.12998027327956
2024-11-05T02:00:00Z,152.272,152.296,152.167,152.256,10958.0,152.248,152.264,152.14678290350895
2024-11-05T03:00:00Z,152.258,152.42,152.229,152.386,8120.0,152.378,152.395,152.17867851637442
2024-11-05T04:00:00Z,152.386,152.5,152.386,152.466,9344.0,152.458,152.474,152.2169880475245
2024-11-05T05:00:00Z,152.466,152.546,152.356,152.429,8877.0,152.421,152.437,152.24525630785456
2024-11-05T06:00:00Z,152.43,152.448,152.266,152.353,11942.0,152.345,152.361,152.25962213347395
2024-11-05T07:00:00Z,152.352,152.367,152.179,152.275,12495.0,152.267,152.283,152.26167251567745
2024-11-05T08:00:00Z,152.274,152.387,152.171,152.189,14415.0,152.181,152.197,152.25198284692044
2024-11-05T09:00:00Z,152.19,152.246,152.088,152.188,12282.0,152.18,152.195,152.2434518006644
2024-11-05T10:00:00Z,152.187,152.273,152.142,152.257,10624.0,152.248,152.266,152.2452582272425
2024-11-05T11:00:00Z,152.256,152.264,152.144,152.158,6115.0,152.15,152.165,152.2336237969435
2024-11-05T12:00:00Z,152.158,152.34,152.085,152.293,8434.0,152.285,152.301,152.24154062401772
2024-11-05T13:00:00Z,152.292,152.324,151.962,152.052,12985.0,152.044,152.061,152.21626854081535
2024-11-05T14:00:00Z,152.054,152.118,151.774,151.835,16044.0,151.815,151.855,152.16543273537332
2024-11-05T15:00:00Z,151.846,152.241,151.804,152.044,28488.0,152.036,152.052,152.1492417039902
2024-11-05T16:00:00Z,152.045,152.096,151.903,151.963,16127.0,151.954,151.972,152.12440947679153
2024-11-05T17:00:00Z,151.964,151.964,151.598,151.684,11157.0,151.674,151.693,152.06568821321932
2024-11-05T18:00:00Z,151.687,151.7,151.367,151.556,15258.0,151.547,151.566,151.9977297847901
2024-11-05T19:00:00Z,151.557,151.632,151.338,151.455,11013.0,151.446,151.464,151.92536581348475
2024-11-05T20:00:00Z,151.451,151.549,151.393,151.532,9578.0,151.522,151.542,151.87291703835345
2024-11-05T21:00:00Z,151.534,151.656,151.508,151.62,5265.0,151.608,151.632,151.839194766573
2024-11-05T22:00:00Z,151.596,151.67,151.529,151.61,399.0,151.565,151.656,151.80863546436328
2024-11-05T23:00:00Z,151.6,151.916,151.401,151.443,13331.0,151.429,151.457,151.75988406911486
2024-11-06T00:00:00Z,151.444,152.926,151.284,152.915,52589.0,152.907,152.923,151.9138995265662
2024-11-06T01:00:00Z,152.914,153.124,152.644,152.932,56502.0,152.923,152.94,152.0496462563574
2024-11-06T02:00:00Z,152.931,154.114,152.874,154.05,56574.0,154.041,154.06,152.31636008884308
2024-11-06T03:00:00Z,154.05,154.336,153.588,153.942,66983.0,153.93,153.953,152.53311207699736
2024-11-06T04:00:00Z,153.942,154.094,153.446,153.558,51012.0,153.549,153.568,152.66976380006437
2024-11-06T05:00:00Z,153.562,153.774,153.132,153.746,53758.0,153.735,153.757,152.8132619600558
2024-11-06T06:00:00Z,153.742,154.384,153.662,154.048,45360.0,154.039,154.058,152.97789369871504
2024-11-06T07:00:00Z,154.05,154.138,153.692,153.94,51160.0,153.932,153.949,153.10617453888636
2024-11-06T08:00:00Z,153.942,154.146,153.813,153.902,44599.0,153.891,153.912,153.21228460036818
2024-11-06T09:00:00Z,153.901,154.034,153.8,153.998,27135.0,153.989,154.007,153.31704665365243
2024-11-06T10:00:00Z,154.0,154.183,153.876,153.996,23438.0,153.987,154.005,153.40757376649879
2024-11-06T11:00:00Z,153.996,154.254,153.938,154.22,27732.0,154.211,154.228,153.51589726429896
2024-11-06T12:00:00Z,154.222,154.462,154.116,154.408,29635.0,154.398,154.419,153.63484429572577
2024-11-06T13:00:00Z,154.412,154.442,154.06,154.303,32130.0,154.293,154.313,153.72393172296233
2024-11-06T14:00:00Z,154.302,154.478,154.208,154.288,28415.0,154.278,154.298,153.79914082656737
2024-11-06T15:00:00Z,154.288,154.367,153.982,154.354,33923.0,154.346,154.361,153.87312204969172
2024-11-06T16:00:00Z,154.354,154.668,154.206,154.585,22055.0,154.576,154.594,153.9680391097328
2024-11-06T17:00:00Z,154.584,154.688,154.462,154.666,13958.0,154.658,154.674,154.06110056176846
2024-11-06T18:00:00Z,154.666,154.7,154.357,154.428,16366.0,154.421,154.436,154.110020486866
2024-11-06T19:00:00Z,154.428,154.562,154.38,154.446,13964.0,154.44,154.453,154.1548177552839
2024-11-06T20:00:00Z,154.446,154.574,154.407,154.562,8975.0,154.552,154.571,154.20910872124605
2024-11-06T21:00:00Z,154.562,154.665,154.562,154.626,3385.0,154.614,154.638,154.26469422507992
2024-11-06T22:00:00Z,154.59,154.598,154.52,154.526,582.0,154.499,154.552,154.29953499506928
2024-11-06T23:00:00Z,154.525,154.551,154.22,154.312,7701.0,154.301,154.322,154.3011969957267
2024-11-07T00:00:00Z,154.314,154.714,154.226,154.582,20801.0,154.571,154.592,154.3386373962965
2024-11-07T01:00:00Z,154.582,154.677,154.38,154.514,20308.0,154.506,154.523,154.3620190767903
2024-11-07T02:00:00Z,154.514,154.53,154.33,154.44,16441.0,154.432,154.449,154.37241653321826
2024-11-07T03:00:00Z,154.442,154.528,154.278,154.321,11563.0,154.311,154.331,154.36556099545584
2024-11-07T04:00:00Z,154.324,154.376,153.935,154.177,14055.0,154.167,154.187,154.34041952939506
2024-11-07T05:00:00Z,154.176,154.29,153.992,154.01,13128.0,154.0,154.02,154.2963635921424
2024-11-07T06:00:00Z,154.008,154.202,153.934,153.936,17126.0,153.927,153.946,154.24831511319007
2024-11-07T07:00:00Z,153.938,154.01,153.652,154.004,24345.0,153.996,154.012,154.21573976476472
2024-11-07T08:00:00Z,154.002,154.074,153.818,154.041,22532.0,154.032,154.05,154.19244112946276
2024-11-07T09:00:00Z,154.044,154.136,153.899,153.95,14709.0,153.941,153.959,154.1601156455344
2024-11-07T10:00:00Z,153.948,154.044,153.882,154.02,11999.0,154.011,154.029,154.14143355946317
2024-11-07T11:00:00Z,154.021,154.102,153.987,154.068,11010.0,154.057,154.078,154.1316424182014
2024-11-07T12:00:00Z,154.068,154.11,153.741,153.766,20375.0,153.757,153.775,154.08289009577456
2024-11-07T13:00:00Z,153.764,153.79,153.451,153.503,27459.0,153.495,153.511,154.00557141633794
2024-11-07T14:00:00Z,153.504,153.561,153.086,153.226,22853.0,153.217,153.234,153.90162856082623
2024-11-07T15:00:00Z,153.224,153.29,152.856,152.964,24750.0,152.957,152.971,153.77661141938273
2024-11-07T16:00:00Z,152.964,153.232,152.928,153.136,17910.0,153.129,153.142,153.69119656346504
2024-11-07T17:00:00Z,153.136,153.204,152.959,153.016,11376.0,153.007,153.025,153.60117035500303
2024-11-07T18:00:00Z,153.016,153.031,152.868,152.974,9491.0,152.947,153.0,153.51754764100264
2024-11-07T19:00:00Z,152.968,153.474,152.872,153.088,40190.0,153.08,153.095,153.4602746222023
2024-11-07T20:00:00Z,153.086,153.15,152.692,152.854,24671.0,152.847,152.862,153.37943800590867
2024-11-07T21:00:00Z,152.856,152.966,152.802,152.91,6122.0,152.895,152.926,153.3168462717875
2024-11-07T22:00:00Z,152.928,152.94,152.88,152.94,378.0,152.931,152.95,153.26660010221585
2024-11-07T23:00:00Z,152.939,153.193,152.924,153.175,6264.0,153.168,153.182,153.25438675525373
2024-11-08T00:00:00Z,153.172,153.242,152.972,153.136,17531.0,153.126,153.145,153.23860185455325
2024-11-08T01:00:00Z,153.134,153.37,153.052,153.096,17132.0,153.088,153.104,153.21958827394616
2024-11-08T02:00:00Z,153.096,153.19,152.962,153.13,13236.0,153.123,153.136,153.20764317075333
2024-11-08T03:00:00Z,153.131,153.132,152.733,152.814,12053.0,152.804,152.825,153.15515741465288
2024-11-08T04:00:00Z,152.816,152.841,152.55,152.738,14096.0,152.729,152.746,153.0995364260325
2024-11-08T05:00:00Z,152.738,152.918,152.712,152.808,10545.0,152.801,152.814,153.0606649025615
2024-11-08T06:00:00Z,152.806,152.956,152.664,152.766,14653.0,152.758,152.774,153.02137624888664
2024-11-08T07:00:00Z,152.766,152.901,152.614,152.64,17754.0,152.632,152.648,152.97052608236842
2024-11-08T08:00:00Z,152.64,152.748,152.322,152.352,28251.0,152.343,152.36,152.88805593805264
2024-11-08T09:00:00Z,152.352,152.449,152.252,152.282,16581.0,152.273,152.291,152.80724847964564
2024-11-08T10:00:00Z,152.28,152.4,152.142,152.179,18954.0,152.17,152.188,152.7234820156929
2024-11-08T11:00:00Z,152.177,152.45,152.142,152.426,12727.0,152.417,152.435,152.68381774693384
2024-11-08T12:00:00Z,152.425,152.55,152.36,152.376,14207.0,152.368,152.383,152.642775380676
2024-11-08T13:00:00Z,152.374,152.823,152.332,152.744,22779.0,152.735,152.753,152.65627199658587
2024-11-08T14:00:00Z,152.744,152.86,152.535,152.717,21396.0,152.697,152.737,152.66436906370777
2024-11-08T15:00:00Z,152.72,152.792,152.382,152.424,24121.0,152.417,152.431,152.6323198552134
2024-11-08T16:00:00Z,152.426,152.721,152.409,152.593,17323.0,152.585,152.601,152.6270772078516
2024-11-08T17:00:00Z,152.592,152.815,152.575,152.656,15435.0,152.649,152.663,152.63093358013808
2024-11-08T18:00:00Z,152.656,152.816,152.546,152.696,11549.0,152.686,152.705,152.63960910278632
2024-11-08T19:00:00Z,152.695,152.796,152.66,152.678,9353.0,152.669,152.686,152.64472788908148
2024-11-08T20:00:00Z,152.676,152.757,152.496,152.516,7443.0,152.507,152.526,152.62756417053728
2024-11-08T21:00:00Z,152.52,152.664,152.437,152.638,5835.0,152.617,152.658,152.62895561446564
2024-11-10T22:00:00Z,152.692,152.795,152.666,152.686,1078.0,152.641,152.73,152.6365615325369
2024-11-10T23:00:00Z,152.693,152.95,152.688,152.91,5348.0,152.901,152.919,152.6730199948653
2024-11-11T00:00:00Z,152.91,153.149,152.875,153.148,13378.0,153.139,153.157,152.7363506622166
2024-11-11T01:00:00Z,153.15,153.228,153.034,153.222,10908.0,153.215,153.229,152.8011039072544
2024-11-11T02:00:00Z,153.223,153.436,153.132,153.392,11801.0,153.384,153.399,152.8798900529538
2024-11-11T03:00:00Z,153.392,153.462,153.306,153.448,7908.0,153.441,153.456,152.9556380458933
2024-11-11T04:00:00Z,153.449,153.646,153.446,153.575,7771.0,153.566,153.584,153.03821963977418
2024-11-11T05:00:00Z,153.574,153.672,153.471,153.528,9400.0,153.518,153.537,153.10352368780428
2024-11-11T06:00:00Z,153.528,153.592,153.396,153.4,8761.0,153.392,153.409,153.1430538627637
2024-11-11T07:00:00Z,153.398,153.67,153.316,153.64,16287.0,153.631,153.65,153.20931334772854
2024-11-11T08:00:00Z,153.643,153.858,153.613,153.764,14530.0,153.756,153.773,153.2832715680314
2024-11-11T09:00:00Z,153.766,153.857,153.598,153.626,13188.0,153.616,153.635,153.3289686922939
2024-11-11T10:00:00Z,153.626,153.752,153.556,153.69,8836.0,153.682,153.697,153.37710619998805
2024-11-11T11:00:00Z,153.691,153.78,153.686,153.758,9393.0,153.749,153.766,153.42789203998964
2024-11-11T12:00:00Z,153.757,153.854,153.74,153.792,6777.0,153.784,153.8,153.47643976799102
2024-11-11T13:00:00Z,153.794,153.954,153.718,153.771,10754.0,153.762,153.78,153.51571446559223
2024-11-11T14:00:00Z,153.767,153.914,153.644,153.846,13657.0,153.838,153.854,153.5597525368466
2024-11-11T15:00:00Z,153.846,153.949,153.802,153.861,10926.0,153.853,153.869,153.59991886526706
2024-11-11T16:00:00Z,153.86,153.911,153.77,153.824,8463.0,153.815,153.832,153.62979634989813
2024-11-11T17:00:00Z,153.823,153.913,153.774,153.878,5766.0,153.869,153.886,153.66289016991172
2024-11-11T18:00:00Z,153.877,153.88,153.748,153.808,5500.0,153.801,153.816,153.68223814725684
2024-11-11T19:00:00Z,153.812,153.814,153.726,153.766,5003.0,153.759,153.774,153.69340639428927
2024-11-11T20:00:00Z,153.767,153.769,153.63,153.648,6267.0,153.641,153.654,153.68735220838403
2024-11-11T21:00:00Z,153.648,153.736,153.629,153.732,2624.0,153.721,153.744,153.69330524726615
2024-11-11T22:00:00Z,153.72,153.742,153.705,153.734,1036.0,153.715,153.754,153.69873121429734
2024-11-11T23:00:00Z,153.736,153.776,153.474,153.526,4538.0,153.517,153.536,153.67570038572435
2024-11-12T00:00:00Z,153.527,153.815,153.488,153.767,13444.0,153.758,153.776,153.68787366762777
2024-11-12T01:00:00Z,153.768,153.968,153.743,153.961,14424.0,153.952,153.97,153.72429051194408
2024-11-12T02:00:00Z,153.958,154.061,153.739,153.812,13253.0,153.803,153.82,153.73598511035155
2024-11-12T03:00:00Z,153.816,153.818,153.578,153.658,10576.0,153.65,153.666,153.72558709563802
2024-11-12T04:00:00Z,153.658,153.658,153.484,153.504,11426.0,153.497,153.51,153.69604214955297
2024-11-12T05:00:00Z,153.504,153.618,153.408,153.615,12693.0,153.607,153.623,153.68523652961258
2024-11-12T06:00:00Z,153.616,153.832,153.61,153.784,10408.0,153.776,153.793,153.6984049923309
2024-11-12T07:00:00Z,153.784,153.894,153.704,153.822,14424.0,153.813,153.83,153.71488432668679
2024-11-12T08:00:00Z,153.822,153.95,153.709,153.939,18073.0,153.93,153.948,153.74476641646189
2024-11-12T09:00:00Z,153.938,154.168,153.888,154.106,15869.0,154.1,154.112,153.79293089426696
2024-11-12T10:00:00Z,154.107,154.124,153.979,154.05,11442.0,154.041,154.059,153.82720677503139
2024-11-12T11:00:00Z,154.05,154.141,153.932,154.074,10992.0,154.064,154.083,153.86011253836054
2024-11-12T12:00:00Z,154.075,154.192,154.0,154.078,12975.0,154.07,154.086,153.88916419991247
2024-11-12T13:00:00Z,154.078,154.398,154.054,154.383,15490.0,154.374,154.392,153.9550089732575
2024-11-12T14:00:00Z,154.384,154.496,154.292,154.416,14205.0,154.406,154.426,154.01647444348984
2024-11-12T15:00:00Z,154.416,154.55,154.328,154.522,16181.0,154.514,154.53,154.08387785102454
2024-11-12T16:00:00Z,154.52,154.77,154.46,154.744,13565.0,154.738,154.75,154.1718941375546
2024-11-12T17:00:00Z,154.741,154.926,154.712,154.787,13589.0,154.78,154.794,154.25390825254732
2024-11-12T18:00:00Z,154.786,154.86,154.721,154.732,9609.0,154.726,154.738,154.31765381887433
2024-11-12T19:00:00Z,154.732,154.765,154.668,154.75,8766.0,154.742,154.757,154.37529997635775
2024-11-12T20:00:00Z,154.752,154.786,154.547,154.581,8938.0,154.575,154.587,154.40272664617672
2024-11-12T21:00:00Z,154.582,154.674,154.512,154.63,4502.0,154.617,154.643,154.43302976001982
2024-11-12T22:00:00Z,154.614,154.658,154.538,154.54,1574.0,154.523,154.556,154.44729245868385
2024-11-12T23:00:00Z,154.532,154.672,154.509,154.661,4284.0,154.652,154.67,154.475786797526
2024-11-13T00:00:00Z,154.662,154.935,154.656,154.934,13805.0,154.927,154.942,154.5368818911892
2024-11-13T01:00:00Z,154.934,154.944,154.596,154.605,16992.0,154.598,154.612,154.5459643056973
2024-11-13T02:00:00Z,154.604,154.81,154.54,154.74,11660.0,154.733,154.747,154.57183573160435
2024-11-13T03:00:00Z,154.742,154.901,154.692,154.805,9369.0,154.797,154.813,154.60292430072377
2024-11-13T04:00:00Z,154.806,154.893,154.752,154.851,9611.0,154.844,154.858,154.63600106062728
2024-11-13T05:00:00Z,154.85,154.936,154.774,154.916,11093.0,154.907,154.924,154.67333425254364
2024-11-13T06:00:00Z,154.914,155.158,154.895,155.046,15211.0,155.038,155.053,154.72302301887115
2024-11-13T07:00:00Z,155.046,155.122,154.927,155.114,14445.0,155.106,155.122,154.77515328302167
2024-11-13T08:00:00Z,155.114,155.24,154.966,155.01,16691.0,155.001,155.018,154.8064661786188
2024-11-13T09:00:00Z,155.01,155.066,154.792,154.895,13723.0,154.888,154.902,154.8182706881363
2024-11-13T10:00:00Z,154.896,155.002,154.873,154.994,10958.0,154.986,155.003,154.84170126305145
2024-11-13T11:00:00Z,154.996,155.036,154.802,154.82,8882.0,154.813,154.827,154.83880776131127
2024-11-13T12:00:00Z,154.818,154.963,154.75,154.927,13263.0,154.919,154.935,154.85056672646976
2024-11-13T13:00:00Z,154.928,155.072,154.414,154.512,35653.0,154.503,154.521,154.80542449627382
2024-11-13T14:00:00Z,154.51,154.886,154.341,154.838,33329.0,154.83,154.847,154.80976789677064
2024-11-13T15:00:00Z,154.838,155.143,154.8,154.987,28473.0,154.98,154.994,154.83339884386788
2024-11-13T16:00:00Z,154.986,155.303,154.982,155.284,18834.0,155.277,155.292,154.89347899801882
2024-11-13T17:00:00Z,155.286,155.435,155.22,155.414,13048.0,155.405,155.423,154.96288179828298
2024-11-13T18:00:00Z,155.414,155.619,155.405,155.596,9137.0,155.589,155.604,155.04729755851193
2024-11-13T19:00:00Z,155.598,155.628,155.43,155.546,10456.0,155.539,155.553,155.113791217377
2024-11-13T20:00:00Z,155.547,155.598,155.503,155.593,10126.0,155.585,155.601,155.17768572172676
2024-11-13T21:00:00Z,155.59,155.596,155.432,155.477,6918.0,155.464,155.49,155.2175942921632
2024-11-13T22:00:00Z,155.475,155.492,155.376,155.417,1976.0,155.373,155.461,155.24418171987477
2024-11-13T23:00:00Z,155.415,155.48,155.346,155.42,5894.0,155.41,155.431,155.26762415722482
2024-11-14T00:00:00Z,155.422,155.776,155.408,155.724,13494.0,155.716,155.732,155.32847426959484
2024-11-14T01:00:00Z,155.724,155.921,155.707,155.87,13856.0,155.863,155.878,155.40067770031553
2024-11-14T02:00:00Z,155.87,156.064,155.836,156.01,10271.0,156.002,156.018,155.4819206736068
2024-11-14T03:00:00Z,156.01,156.01,155.812,155.946,9387.0,155.937,155.954,155.5437979171259
2024-11-14T04:00:00Z,155.945,156.138,155.944,156.057,10017.0,156.049,156.065,155.6122248615091
2024-11-14T05:00:00Z,156.056,156.134,155.954,156.022,10384.0,156.013,156.03,155.66686154664123
2024-11-14T06:00:00Z,156.02,156.043,155.816,155.923,10361.0,155.915,155.931,155.7010133404224
2024-11-14T07:00:00Z,155.922,155.964,155.702,155.838,13689.0,155.83,155.846,155.71927822836608
2024-11-14T08:00:00Z,155.837,155.96,155.742,155.948,13651.0,155.94,155.957,155.74977446458394
2024-11-14T09:00:00Z,155.95,156.148,155.933,156.11,14189.0,156.101,156.119,155.79780453597274
2024-11-14T10:00:00Z,156.11,156.244,156.054,156.056,11485.0,156.049,156.064,155.83223059784305
2024-11-14T11:00:00Z,156.058,156.144,155.896,155.922,12627.0,155.914,155.931,155.84419985146397
2024-11-14T12:00:00Z,155.924,156.032,155.858,155.998,11500.0,155.989,156.006,155.86470653793543
2024-11-14T13:00:00Z,156.002,156.196,155.778,156.022,24443.0,156.014,156.031,155.88567899954404
2024-11-14T14:00:00Z,156.023,156.034,155.52,155.8,22095.0,155.793,155.808,155.87425513293817
2024-11-14T15:00:00Z,155.8,156.078,155.652,155.954,22453.0,155.946,155.961,155.88488778187977
2024-11-14T16:00:00Z,155.956,156.042,155.718,155.972,12337.0,155.963,155.98,155.89650274429582
2024-11-14T17:00:00Z,155.972,156.044,155.675,155.744,11641.0,155.735,155.752,155.87616904505637
2024-11-14T18:00:00Z,155.743,155.948,155.698,155.893,9998.0,155.886,155.9,155.87841317238218
2024-11-14T19:00:00Z,155.894,156.002,155.851,155.925,9188.0,155.917,155.933,155.8846247493979
2024-11-14T20:00:00Z,155.924,156.421,155.886,156.302,28433.0,156.292,156.312,155.9402747828115
2024-11-14T21:00:00Z,156.302,156.372,156.238,156.278,16219.0,156.266,156.291,155.98530481177
2024-11-14T22:00:00Z,156.277,156.306,156.226,156.302,816.0,156.269,156.336,156.02753083686733
2024-11-14T23:00:00Z,156.305,156.542,156.266,156.482,6644.0,156.47,156.493,156.088126725285
2024-11-15T00:00:00Z,156.483,156.751,156.438,156.633,17045.0,156.624,156.642,156.160776495247
2024-11-15T01:00:00Z,156.632,156.648,156.332,156.554,17310.0,156.545,156.563,156.21320629588075
2024-11-15T02:00:00Z,156.55,156.558,156.324,156.393,12976.0,156.384,156.402,156.23717878976333
2024-11-15T03:00:00Z,156.394,156.518,156.276,156.508,9703.0,156.5,156.516,156.27328828446156
2024-11-15T04:00:00Z,156.508,156.553,156.306,156.358,10801.0,156.35,156.367,156.2845831798667
2024-11-15T05:00:00Z,156.359,156.457,156.331,156.457,10910.0,156.449,156.465,156.3075720892178
2024-11-15T06:00:00Z,156.456,156.507,156.039,156.102,14145.0,156.092,156.112,156.2801624773221
2024-11-15T07:00:00Z,156.101,156.176,155.76,155.778,16661.0,155.769,155.788,156.21320748034583
2024-11-15T08:00:00Z,155.776,155.781,155.39,155.52,19602.0,155.512,155.528,156.12077981629972
2024-11-15T09:00:00Z,155.52,155.732,155.266,155.368,17138.0,155.359,155.376,156.02040917412643
2024-11-15T10:00:00Z,155.368,155.462,155.22,155.307,15381.0,155.299,155.315,155.92528795090956
2024-11-15T11:00:00Z,155.308,155.514,155.259,155.494,11540.0,155.488,155.5,155.8677828907883
2024-11-15T12:00:00Z,155.493,155.63,155.372,155.398,13778.0,155.388,155.407,155.80514517201652
2024-11-15T13:00:00Z,155.393,155.723,155.17,155.329,36188.0,155.321,155.337,155.741659149081
2024-11-15T14:00:00Z,155.328,155.782,155.12,155.558,34471.0,155.55,155.567,155.71717126253685
2024-11-15T15:00:00Z,155.56,155.603,154.843,154.952,31193.0,154.944,154.96,155.61514842753195
2024-11-15T16:00:00Z,154.952,155.02,154.53,154.6,26404.0,154.591,154.608,155.47979530386104
2024-11-15T17:00:00Z,154.6,154.613,154.186,154.284,15281.0,154.276,154.293,155.3203559300129
2024-11-15T18:00:00Z,154.285,154.308,153.862,153.926,14671.0,153.917,153.934,155.13444180601118
2024-11-15T19:00:00Z,153.925,154.347,153.915,154.218,15106.0,154.208,154.227,155.0122495652097
2024-11-15T20:00:00Z,154.217,154.424,154.176,154.292,13933.0,154.283,154.302,154.9162162898484
2024-11-15T21:00:00Z,154.292,154.482,154.288,154.346,5857.0,154.296,154.396,154.84018745120196
2024-11-17T22:00:00Z,154.407,154.589,154.325,154.578,2284.0,154.528,154.628,154.80522912437502
2024-11-17T23:00:00Z,154.57,154.752,154.394,154.642,8790.0,154.632,154.651,154.78346524112501
2024-11-18T00:00:00Z,154.644,154.662,153.838,154.272,23206.0,154.264,154.281,154.7152698756417
2024-11-18T01:00:00Z,154.272,155.147,154.096,154.601,33693.0,154.592,154.61,154.70003389222282
2024-11-18T02:00:00Z,154.6,154.926,154.589,154.739,16673.0,154.73,154.748,154.70522937325978
2024-11-18T03:00:00Z,154.74,154.894,154.622,154.656,11701.0,154.648,154.665,154.69866545682515
2024-11-18T04:00:00Z,154.656,154.696,154.416,154.65,13250.0,154.641,154.658,154.69217672924847
2024-11-18T05:00:00Z,154.65,154.764,154.417,154.596,15015.0,154.589,154.604,154.6793531653487
2024-11-18T06:00:00Z,154.598,154.63,154.296,154.588,18276.0,154.579,154.597,154.6671727433022
2024-11-18T07:00:00Z,154.588,154.768,154.476,154.57,20111.0,154.562,154.579,154.65421637752857
2024-11-18T08:00:00Z,154.568,154.956,154.504,154.955,22901.0,154.948,154.962,154.69432086052475
2024-11-18T09:00:00Z,154.956,154.974,154.556,154.778,20140.0,154.768,154.787,154.70547807912146
2024-11-18T10:00:00Z,154.78,155.053,154.776,155.002,17790.0,154.994,155.011,154.7450143352386
2024-11-18T11:00:00Z,155.002,155.127,154.951,155.059,14350.0,155.051,155.067,154.78687909054014
2024-11-18T12:00:00Z,155.058,155.282,155.032,155.27,14708.0,155.26,155.279,154.85129521180147
2024-11-18T13:00:00Z,155.27,155.36,154.868,154.906,18827.0,154.896,154.915,154.8585891835613
2024-11-18T14:00:00Z,154.905,154.987,154.585,154.803,22049.0,154.794,154.812,154.85117729241978
2024-11-18T15:00:00Z,154.803,155.056,154.754,154.995,21089.0,154.986,155.004,154.87035365343047
2024-11-18T16:00:00Z,154.996,155.069,154.79,154.8,17654.0,154.792,154.807,154.86097316630642
2024-11-18T17:00:00Z,154.799,154.854,154.643,154.703,13429.0,154.695,154.711,154.83991007746556
2024-11-18T18:00:00Z,154.704,154.792,154.593,154.631,11303.0,154.623,154.639,154.81205540047014
2024-11-18T19:00:00Z,154.63,154.758,154.574,154.74,11535.0,154.731,154.748,154.8024480137408
2024-11-18T20:00:00Z,154.742,154.743,154.592,154.594,7447.0,154.588,154.601,154.77465494524202
2024-11-18T21:00:00Z,154.594,154.688,154.569,154.685,6427.0,154.675,154.695,154.7627009525431
2024-11-18T22:00:00Z,154.663,154.669,154.632,154.65,773.0,154.624,154.676,154.7476741588707
2024-11-18T23:00:00Z,154.65,154.66,154.432,154.616,3069.0,154.606,154.625,154.7301176043546
2024-11-19T00:00:00Z,154.621,154.621,154.3,154.377,15072.0,154.369,154.385,154.68303525710732
2024-11-19T01:00:00Z,154.378,154.406,154.042,154.116,15344.0,154.107,154.124,154.60743055615967
2024-11-19T02:00:00Z,154.115,154.252,153.974,154.157,13114.0,154.148,154.166,154.5473731486717
2024-11-19T03:00:00Z,154.156,154.218,153.951,154.18,11597.0,154.174,154.187,154.49839006218215
2024-11-19T04:00:00Z,154.173,154.474,154.113,154.42,9537.0,154.41,154.429,154.4879380538912
2024-11-19T05:00:00Z,154.424,154.522,154.299,154.424,9431.0,154.415,154.432,154.47941298003906
2024-11-19T06:00:00Z,154.422,154.583,154.342,154.512,10775.0,154.502,154.521,154.48375791603385
2024-11-19T07:00:00Z,154.512,154.657,154.446,154.529,16451.0,154.52,154.538,154.489790193896
2024-11-19T08:00:00Z,154.53,154.576,153.28,153.752,38882.0,153.744,153.76,154.3914181680432
2024-11-19T09:00:00Z,153.752,154.083,153.348,153.766,45948.0,153.757,153.774,154.30802907897078
2024-11-19T10:00:00Z,153.76,153.829,153.438,153.78,27070.0,153.771,153.788,154.23762520177468
2024-11-19T11:00:00Z,153.778,154.182,153.726,154.083,20063.0,154.073,154.093,154.2170085082047
2024-11-19T12:00:00Z,154.081,154.212,153.966,153.977,19580.0,153.968,153.986,154.1850073737774
2024-11-19T13:00:00Z,153.975,154.014,153.411,153.474,29779.0,153.464,153.483,154.09020639060708
2024-11-19T14:00:00Z,153.473,154.137,153.444,154.053,41317.0,154.044,154.062,154.08524553852615
2024-11-19T15:00:00Z,154.052,154.24,153.85,153.962,29329.0,153.954,153.971,154.068812800056
2024-11-19T16:00:00Z,153.96,154.496,153.918,154.348,19548.0,154.34,154.357,154.10603776004854
2024-11-19T17:00:00Z,154.349,154.759,154.258,154.726,13292.0,154.719,154.734,154.18869939204208
2024-11-19T18:00:00Z,154.727,154.799,154.58,154.589,9825.0,154.579,154.599,154.24207280643648
2024-11-19T19:00:00Z,154.588,154.707,154.564,154.696,9666.0,154.688,154.705,154.30259643224497
2024-11-19T20:00:00Z,154.694,154.736,154.636,154.689,7270.0,154.68,154.698,154.35411690794564
2024-11-19T21:00:00Z,154.688,154.73,154.624,154.656,4123.0,154.641,154.67,154.39436798688624
2024-11-19T22:00:00Z,154.658,154.674,154.552,154.586,1273.0,154.562,154.611,154.41991892196808
2024-11-19T23:00:00Z,154.586,154.762,154.53,154.722,5015.0,154.714,154.73,154.460196399039
2024-11-20T00:00:00Z,154.722,154.942,154.589,154.923,14357.0,154.915,154.931,154.52190354583382
2024-11-20T01:00:00Z,154.924,154.995,154.696,154.776,11438.0,154.766,154.786,154.55578307305598
2024-11-20T02:00:00Z,154.776,154.911,154.728,154.869,9732.0,154.86,154.878,154.59754532998184
2024-11-20T03:00:00Z,154.866,154.987,154.822,154.956,7832.0,154.949,154.964,154.64533928598428
2024-11-20T04:00:00Z,154.954,155.142,154.944,155.055,7779.0,155.046,155.064,154.6999607145197
2024-11-20T05:00:00Z,155.054,155.191,154.99,155.19,8796.0,155.183,155.197,154.76529928591708
2024-11-20T06:00:00Z,155.19,155.462,155.16,155.36,11906.0,155.351,155.369,154.84459271446147
2024-11-20T07:00:00Z,155.36,155.682,155.326,155.658,15586.0,155.65,155.666,154.95304701919994
2024-11-20T08:00:00Z,155.658,155.748,155.58,155.634,13121.0,155.624,155.643,155.0438407499733
2024-11-20T09:00:00Z,155.634,155.852,155.6,155.756,13055.0,155.749,155.764,155.13879531664352
2024-11-20T10:00:00Z,155.758,155.85,155.668,155.752,10020.0,155.742,155.761,155.22055594109105
2024-11-20T11:00:00Z,155.751,155.868,155.714,155.84,10304.0,155.832,155.847,155.3031484822789
2024-11-20T12:00:00Z,155.839,155.89,155.684,155.69,11284.0,155.681,155.698,155.35472868464174
2024-11-20T13:00:00Z,155.693,155.79,155.63,155.732,13248.0,155.724,155.741,155.40503152668953
2024-11-20T14:00:00Z,155.734,155.842,155.39,155.602,19372.0,155.593,155.611,155.4312939897976
2024-11-20T15:00:00Z,155.6,155.61,155.058,155.532,24590.0,155.524,155.54,155.4447214578246
2024-11-20T16:00:00Z,155.532,155.614,155.234,155.384,16858.0,155.374,155.393,155.436625263448
2024-11-20T17:00:00Z,155.383,155.442,155.184,155.22,11725.0,155.211,155.229,155.40774189498828
2024-11-20T18:00:00Z,155.219,155.444,155.2,155.342,12833.0,155.333,155.351,155.39897630898986
2024-11-20T19:00:00Z,155.344,155.378,155.24,155.369,9687.0,155.361,155.377,155.39497946779122
2024-11-20T20:00:00Z,155.368,155.521,155.368,155.478,8344.0,155.469,155.486,155.40604887208573
2024-11-20T21:00:00Z,155.479,155.546,155.354,155.43,9765.0,155.414,155.446,155.40924235580763
2024-11-20T22:00:00Z,155.43,155.431,155.333,155.348,1516.0,155.319,155.376,155.40107670836662
2024-11-20T23:00:00Z,155.346,155.374,155.236,155.278,3586.0,155.267,155.289,155.3846664805844
2024-11-21T00:00:00Z,155.278,155.303,154.927,155.077,15582.0,155.07,155.084,155.34364428317315
2024-11-21T01:00:00Z,155.078,155.092,154.88,155.042,12662.0,155.034,155.05,155.30342504541673
2024-11-21T02:00:00Z,155.04,155.088,154.876,154.966,10763.0,154.958,154.974,155.25843503936116
2024-11-21T03:00:00Z,154.964,155.037,154.891,154.927,10425.0,154.919,154.935,155.21424370077966
2024-11-21T04:00:00Z,154.926,155.11,154.862,155.058,9234.0,155.049,155.067,155.19341120734236
2024-11-21T05:00:00Z,155.058,155.268,155.032,155.19,12030.0,155.182,155.198,155.1929563796967
2024-11-21T06:00:00Z,155.185,155.185,154.558,154.762,18685.0,154.753,154.77,155.13549552907048
2024-11-21T07:00:00Z,154.762,155.048,154.61,154.907,27604.0,154.898,154.916,155.10502945852775
2024-11-21T08:00:00Z,154.906,155.039,154.405,154.442,32484.0,154.433,154.451,155.01662553072407
2024-11-21T09:00:00Z,154.443,154.451,154.084,154.398,26901.0,154.389,154.407,154.93414212662753
2024-11-21T10:00:00Z,154.398,154.438,154.2,154.403,15394.0,154.394,154.412,154.86332317641055
2024-11-21T11:00:00Z,154.402,154.59,154.304,154.536,13713.0,154.527,154.545,154.8196800862225
2024-11-21T12:00:00Z,154.536,154.718,154.302,154.443,14178.0,154.436,154.45,154.76945607472615
2024-11-21T13:00:00Z,154.442,154.697,154.106,154.254,24433.0,154.244,154.265,154.700728598096
2024-11-21T14:00:00Z,154.255,154.546,153.962,154.1,27241.0,154.089,154.112,154.6206314516832
2024-11-21T15:00:00Z,154.101,154.354,153.908,154.322,24821.0,154.314,154.331,154.58081392479212
2024-11-21T16:00:00Z,154.324,154.67,154.308,154.656,23690.0,154.647,154.665,154.59083873481984
2024-11-21T17:00:00Z,154.656,154.696,154.406,154.443,17158.0,154.435,154.451,154.57112690351053
2024-11-21T18:00:00Z,154.444,154.702,154.434,154.552,11446.0,154.545,154.56,154.56857664970912
2024-11-21T19:00:00Z,154.551,154.65,154.482,154.508,11004.0,154.5,154.516,154.56049976308122
2024-11-21T20:00:00Z,154.508,154.594,154.454,154.506,9474.0,154.498,154.514,154.55323312800374
2024-11-21T21:00:00Z,154.506,154.571,154.452,154.544,6031.0,154.529,154.56,154.55200204426993
2024-11-21T22:00:00Z,154.523,154.553,154.476,154.514,675.0,154.464,154.564,154.54693510503395
2024-11-21T23:00:00Z,154.508,154.548,154.113,154.16,8015.0,154.149,154.17,154.4953437576961
2024-11-22T00:00:00Z,154.16,154.42,153.967,154.333,20161.0,154.323,154.343,154.47369792333663
2024-11-22T01:00:00Z,154.332,154.444,154.224,154.415,15157.0,154.406,154.424,154.4658715335584
2024-11-22T02:00:00Z,154.416,154.497,154.348,154.394,10149.0,154.386,154.403,154.4562886624173
2024-11-22T03:00:00Z,154.394,154.485,154.188,154.268,11459.0,154.259,154.277,154.43118350742833
2024-11-22T04:00:00Z,154.268,154.45,154.268,154.426,10721.0,154.417,154.434,154.43049237310456
2024-11-22T05:00:00Z,154.425,154.734,154.425,154.706,12529.0,154.697,154.716,154.46722672335727
2024-11-22T06:00:00Z,154.71,154.956,154.681,154.906,13402.0,154.898,154.915,154.52572982690964
2024-11-22T07:00:00Z,154.906,154.93,154.658,154.73,17463.0,154.722,154.739,154.55296584998837
2024-11-22T08:00:00Z,154.73,154.871,154.4,154.514,28279.0,154.506,154.522,154.54777040332326
2024-11-22T09:00:00Z,154.512,154.824,154.25,154.5,31886.0,154.493,154.508,154.54140101621348
2024-11-22T10:00:00Z,154.5,154.555,154.252,154.328,20136.0,154.318,154.338,154.512947547385
2024-11-22T11:00:00Z,154.328,154.47,154.278,154.316,14633.0,154.306,154.326,154.48668787440036
2024-11-22T12:00:00Z,154.316,154.55,154.294,154.498,14259.0,154.491,154.505,154.48819615781366
2024-11-22T13:00:00Z,154.498,154.569,154.192,154.276,21414.0,154.267,154.285,154.45990333677184
2024-11-22T14:00:00Z,154.278,155.028,154.272,154.88,26562.0,154.861,154.9,154.51591622520226
2024-11-22T15:00:00Z,154.885,154.916,154.6,154.898,31926.0,154.89,154.907,154.56686072850863
2024-11-22T16:00:00Z,154.899,154.922,154.714,154.734,20270.0,154.726,154.742,154.58914596470748
2024-11-22T17:00:00Z,154.734,154.828,154.674,154.756,10745.0,154.747,154.766,154.61139316941316
2024-11-22T18:00:00Z,154.758,154.808,154.708,154.745,8457.0,154.737,154.753,154.6292074134914
2024-11-22T19:00:00Z,154.744,154.818,154.662,154.804,8309.0,154.796,154.812,154.65251309169255
2024-11-22T20:00:00Z,154.805,154.89,154.744,154.84,7882.0,154.833,154.848,154.67751134613354
2024-11-22T21:00:00Z,154.842,154.859,154.75,154.762,3745.0,154.712,154.812,154.6887764999824
2024-11-24T22:00:00Z,154.249,154.4,154.2,154.256,2395.0,154.233,154.28,154.6310729666514
2024-11-24T23:00:00Z,154.256,154.396,154.054,154.152,12377.0,154.142,154.163,154.5671965710979
2024-11-25T00:00:00Z,154.152,154.216,153.818,154.216,20293.0,154.208,154.224,154.52037036161818
2024-11-25T01:00:00Z,154.218,154.237,153.648,153.771,17381.0,153.762,153.78,154.42045431340242
2024-11-25T02:00:00Z,153.77,153.806,153.549,153.764,12823.0,153.757,153.772,154.33292707161544
2024-11-25T03:00:00Z,153.764,153.962,153.63,153.946,12681.0,153.937,153.955,154.28133679540005
2024-11-25T04:00:00Z,153.948,154.17,153.94,154.095,10917.0,154.087,154.103,154.2564918893467
2024-11-25T05:00:00Z,154.096,154.402,154.094,154.267,12148.0,154.259,154.275,154.25789297076716
2024-11-25T06:00:00Z,154.266,154.482,154.184,154.297,15066.0,154.29,154.304,154.26310724133154
2024-11-25T07:00:00Z,154.298,154.56,154.155,154.54,20363.0,154.531,154.55,154.30002627582067
2024-11-25T08:00:00Z,154.541,154.726,154.483,154.698,20543.0,154.691,154.704,154.3530894390446
2024-11-25T09:00:00Z,154.698,154.703,154.356,154.425,18849.0,154.416,154.434,154.36267751383866
2024-11-25T10:00:00Z,154.426,154.485,154.346,154.425,14986.0,154.419,154.431,154.3709871786602
2024-11-25T11:00:00Z,154.427,154.512,154.318,154.508,9733.0,154.5,154.516,154.38925555483883
2024-11-25T12:00:00Z,154.508,154.566,154.132,154.201,14411.0,154.193,154.209,154.36415481419365
2024-11-25T13:00:00Z,154.202,154.202,153.755,153.928,24899.0,153.92,153.935,154.30600083896783
2024-11-25T14:00:00Z,153.926,154.026,153.626,153.75,32385.0,153.741,153.758,154.23186739377212
2024-11-25T15:00:00Z,153.749,154.393,153.643,154.37,25465.0,154.362,154.378,154.25028507460252
2024-11-25T16:00:00Z,154.37,154.522,154.282,154.294,20285.0,154.285,154.303,154.2561137313222
2024-11-25T17:00:00Z,154.295,154.389,154.227,154.321,12790.0,154.315,154.327,154.26476523381257
2024-11-25T18:00:00Z,154.322,154.342,154.1,154.11,13421.0,154.104,154.116,154.24412986930423
2024-11-25T19:00:00Z,154.112,154.202,153.995,154.138,11162.0,154.13,154.146,154.22997922006368
2024-11-25T20:00:00Z,154.138,154.179,154.08,154.141,8805.0,154.135,154.147,154.2181153240552
2024-11-25T21:00:00Z,154.14,154.268,154.14,154.175,4950.0,154.164,154.186,154.21236661418118
2024-11-25T22:00:00Z,154.253,154.26,154.063,154.114,833.0,154.098,154.13,154.19925106562368
2024-11-25T23:00:00Z,154.123,154.493,153.882,154.386,15892.0,154.376,154.395,154.22415092354052
2024-11-26T00:00:00Z,154.386,154.418,153.936,154.018,29459.0,154.007,154.028,154.1966641337351
2024-11-26T01:00:00Z,154.016,154.114,153.84,154.054,23263.0,154.045,154.063,154.1776422492371
2024-11-26T02:00:00Z,154.054,154.224,153.9,153.984,12021.0,153.975,153.993,154.15182328267215
2024-11-26T03:00:00Z,153.986,154.07,153.724,153.742,10879.0,153.733,153.75,154.09718017831588
2024-11-26T04:00:00Z,153.739,153.916,153.669,153.842,9745.0,153.835,153.85,154.06315615454045
2024-11-26T05:00:00Z,153.836,153.845,153.546,153.719,10322.0,153.712,153.726,154.01726866726838
2024-11-26T06:00:00Z,153.718,154.065,153.604,154.054,11684.0,154.046,154.063,154.02216617829927
2024-11-26T07:00:00Z,154.053,154.222,154.03,154.037,17464.0,154.028,154.046,154.0241440211927
2024-11-26T08:00:00Z,154.036,154.056,153.789,153.969,21109.0,153.962,153.976,154.01679148503368
2024-11-26T09:00:00Z,153.968,154.122,153.883,153.926,15679.0,153.917,153.934,154.00468595369586
2024-11-26T10:00:00Z,153.926,153.984,153.71,153.768,10179.0,153.76,153.776,153.97312782653643
2024-11-26T11:00:00Z,153.77,153.872,153.717,153.78,10167.0,153.771,153.789,153.9473774496649
2024-11-26T12:00:00Z,153.78,153.806,153.066,153.258,21474.0,153.248,153.268,153.85546045637625
2024-11-26T13:00:00Z,153.256,153.486,152.988,153.432,20274.0,153.423,153.441,153.79899906219276
2024-11-26T14:00:00Z,153.431,153.682,153.398,153.523,19314.0,153.512,153.534,153.76219918723373
2024-11-26T15:00:00Z,153.522,153.724,153.376,153.466,22663.0,153.458,153.475,153.72270596226923
2024-11-26T16:00:00Z,153.466,153.684,153.413,153.49,14723.0,153.482,153.499,153.69167850063334
2024-11-26T17:00:00Z,153.491,153.52,153.254,153.328,13595.0,153.321,153.334,153.64318803388224
2024-11-26T18:00:00Z,153.328,153.489,153.264,153.393,13215.0,153.369,153.417,153.6098296293646
2024-11-26T19:00:00Z,153.392,153.418,153.083,153.113,16322.0,153.104,153.122,153.54358567878268
2024-11-26T20:00:00Z,153.112,153.144,153.026,153.066,9653.0,153.057,153.075,153.47990758827834
2024-11-26T21:00:00Z,153.065,153.157,153.01,153.109,7471.0,153.1,153.118,153.43045324317455
2024-11-26T22:00:00Z,153.089,153.126,153.046,153.084,859.0,153.052,153.117,153.38425947741794
2024-11-26T23:00:00Z,153.082,153.238,152.936,152.938,5775.0,152.929,152.947,153.3247582137622
2024-11-27T00:00:00Z,152.932,153.018,152.762,152.914,15721.0,152.905,152.924,153.26999045192724
2024-11-27T01:00:00Z,152.914,153.035,152.507,152.552,16913.0,152.544,152.559,153.1742583916703
2024-11-27T02:00:00Z,152.552,152.755,152.527,152.637,11284.0,152.628,152.646,153.1026239394476
2024-11-27T03:00:00Z,152.634,152.657,152.382,152.452,10691.0,152.443,152.461,153.0158740808546
2024-11-27T04:00:00Z,152.452,152.47,152.252,152.314,10430.0,152.304,152.323,152.922290870074
2024-11-27T05:00:00Z,152.314,152.48,152.234,152.438,11146.0,152.429,152.447,152.85771875406414
2024-11-27T06:00:00Z,152.438,152.466,152.069,152.082,12952.0,152.075,152.088,152.75428958685558
2024-11-27T07:00:00Z,152.081,152.17,151.842,151.952,19154.0,151.943,151.96,152.6473176419415
2024-11-27T08:00:00Z,151.952,151.96,151.43,151.83,28911.0,151.822,151.837,152.5383419563493
2024-11-27T09:00:00Z,151.83,151.896,151.355,151.474,20097.0,151.466,151.483,152.39642969550275
2024-11-27T10:00:00Z,151.472,151.494,151.222,151.4,19530.0,151.392,151.408,152.26357240276906
2024-11-27T11:00:00Z,151.398,151.617,151.366,151.488,13405.0,151.478,151.497,152.16016274906653
2024-11-27T12:00:00Z,151.488,151.594,151.308,151.486,15811.0,151.477,151.494,152.07027438252433
2024-11-27T13:00:00Z,151.486,151.636,151.296,151.334,23983.0,151.324,151.343,151.97210446485443
2024-11-27T14:00:00Z,151.333,151.492,151.0,151.373,22821.0,151.355,151.391,151.89222386954052
2024-11-27T15:00:00Z,151.38,151.806,150.933,151.104,29112.0,151.096,151.112,151.7871273536018
2024-11-27T16:00:00Z,151.106,151.376,150.455,150.704,24390.0,150.696,150.713,151.64271037312156
2024-11-27T17:00:00Z,150.705,150.869,150.533,150.762,17570.0,150.752,150.773,151.525282323372
2024-11-27T18:00:00Z,150.762,150.886,150.677,150.859,9567.0,150.851,150.867,151.43644468025576
2024-11-27T19:00:00Z,150.858,151.061,150.856,151.024,9674.0,151.016,151.033,151.38145205622166
2024-11-27T20:00:00Z,151.022,151.19,151.022,151.094,9295.0,151.085,151.102,151.3431251153921
2024-11-27T21:00:00Z,151.094,151.198,151.091,151.117,4766.0,151.099,151.135,151.3129751000065
2024-11-27T22:00:00Z,151.108,151.156,150.926,150.961,1237.0,150.911,151.011,151.2660450866723
2024-11-27T23:00:00Z,150.954,151.382,150.928,151.342,5368.0,151.334,151.351,151.27617240844933
2024-11-28T00:00:00Z,151.344,151.714,151.284,151.688,14147.0,151.678,151.699,151.33108275398942
2024-11-28T01:00:00Z,151.688,151.75,151.41,151.431,15028.0,151.424,151.438,151.3444050534575
2024-11-28T02:00:00Z,151.43,151.62,151.342,151.446,10137.0,151.436,151.457,151.35795104632984
2024-11-28T03:00:00Z,151.444,151.719,151.416,151.628,8764.0,151.62,151.637,151.39395757348586
2024-11-28T04:00:00Z,151.628,151.656,151.534,151.627,8210.0,151.618,151.636,151.4250298970211
2024-11-28T05:00:00Z,151.628,151.666,151.482,151.543,8365.0,151.534,151.552,151.44075924408494
2024-11-28T06:00:00Z,151.542,151.652,151.362,151.548,12041.0,151.539,151.556,151.45505801154027
2024-11-28T07:00:00Z,151.547,151.778,151.538,151.757,13888.0,151.747,151.767,151.4953169433349
2024-11-28T08:00:00Z,151.757,151.92,151.692,151.836,18927.0,151.826,151.846,151.54074135089024
2024-11-28T09:00:00Z,151.836,151.95,151.792,151.892,14883.0,151.882,151.902,151.5875758374382
2024-11-28T10:00:00Z,151.892,151.954,151.843,151.854,9062.0,151.844,151.863,151.62309905911312
2024-11-28T11:00:00Z,151.854,151.9,151.762,151.832,7751.0,151.823,151.841,151.65095251789805
2024-11-28T12:00:00Z,151.832,151.847,151.641,151.764,9356.0,151.756,151.773,151.66602551551165
2024-11-28T13:00:00Z,151.766,151.774,151.558,151.57,9715.0,151.561,151.578,151.65322211344343
2024-11-28T14:00:00Z,151.57,151.607,151.48,151.525,8538.0,151.517,151.533,151.636125831651
2024-11-28T15:00:00Z,151.526,151.573,151.405,151.523,9367.0,151.514,151.532,151.62104238743086
2024-11-28T16:00:00Z,151.522,151.574,151.467,151.484,5188.0,151.476,151.493,151.60277006910675
2024-11-28T17:00:00Z,151.484,151.55,151.46,151.496,5315.0,151.487,151.504,151.5885340598925
2024-11-28T18:00:00Z,151.497,151.558,151.462,151.536,4480.0,151.524,151.548,151.58152951857352
2024-11-28T19:00:00Z,151.536,151.551,151.474,151.502,674.0,151.49,151.513,151.57092558276372
2024-11-28T20:00:00Z,151.501,151.526,151.451,151.451,986.0,151.44,151.462,151.5549355050619
2024-11-28T21:00:00Z,151.454,151.558,151.434,151.554,1521.0,151.538,151.569,151.55481077105367
2024-11-28T22:00:00Z,151.551,151.557,151.534,151.536,280.0,151.519,151.552,151.5523026682465
2024-11-28T23:00:00Z,151.539,151.539,150.982,151.186,8327.0,151.177,151.196,151.5034623124803
2024-11-29T00:00:00Z,151.187,151.21,150.524,150.582,22200.0,150.573,150.592,151.38060067081628
2024-11-29T01:00:00Z,150.58,150.62,149.85,149.943,33608.0,149.932,149.954,151.1889205813741
2024-11-29T02:00:00Z,149.942,150.398,149.942,150.163,21010.0,150.153,150.173,151.05213117052423
2024-11-29T03:00:00Z,150.164,150.377,150.054,150.1,12984.0,150.094,150.107,150.92518034778766
2024-11-29T04:00:00Z,150.1,150.136,149.76,150.013,15130.0,150.004,150.022,150.80355630141597
2024-11-29T05:00:00Z,150.014,150.276,149.932,150.104,14450.0,150.094,150.115,150.71028212789383
2024-11-29T06:00:00Z,150.106,150.206,149.967,150.002,12274.0,149.995,150.009,150.61584451084133
2024-11-29T07:00:00Z,150.004,150.015,149.532,149.998,18982.0,149.989,150.006,150.53346524272916
2024-11-29T08:00:00Z,149.997,150.274,149.991,150.188,19296.0,150.182,150.195,150.48740321036527
2024-11-29T09:00:00Z,150.188,150.308,149.928,150.162,16694.0,150.153,150.17,150.4440161156499
2024-11-29T10:00:00Z,150.16,150.368,149.94,149.962,14448.0,149.953,149.971,150.37974730022992
2024-11-29T11:00:00Z,149.96,150.076,149.83,150.042,10471.0,150.034,150.05,150.33471432686594
2024-11-29T12:00:00Z,150.043,150.262,150.0,150.156,10589.0,150.148,150.165,150.31088574995047
2024-11-29T13:00:00Z,150.156,150.236,149.94,149.969,13742.0,149.96,149.978,150.26530098329042
2024-11-29T14:00:00Z,149.968,150.16,149.876,149.94,15790.0,149.932,149.947,150.2219275188517
2024-11-29T15:00:00Z,149.942,150.351,149.916,150.18,18218.0,150.172,150.187,150.2163371830048
2024-11-29T16:00:00Z,150.179,150.532,150.152,150.418,16689.0,150.411,150.426,150.24322555860417
2024-11-29T17:00:00Z,150.42,150.45,149.584,149.602,16404.0,149.594,149.611,150.15772881745696
2024-11-29T18:00:00Z,149.601,149.689,149.466,149.648,17653.0,149.641,149.656,150.08976497512936
2024-11-29T19:00:00Z,149.649,149.699,149.48,149.606,29534.0,149.597,149.616,150.02526297844545
2024-11-29T20:00:00Z,149.608,149.672,149.542,149.649,34921.0,149.635,149.663,149.9750945813194
2024-11-29T21:00:00Z,149.65,149.77,149.612,149.73,13702.0,149.68,149.78,149.94241530381015
2024-12-01T22:00:00Z,149.696,149.735,149.502,149.615,4793.0,149.565,149.665,149.8987599299688
2024-12-01T23:00:00Z,149.611,150.07,149.544,149.868,14534.0,149.858,149.878,149.89465860597298
2024-12-02T00:00:00Z,149.87,150.294,149.806,150.206,19370.0,150.196,150.215,149.93617079184324
2024-12-02T01:00:00Z,150.205,150.556,150.148,150.535,19709.0,150.526,150.544,150.01601468626416
2024-12-02T02:00:00Z,150.534,150.69,150.476,150.596,14961.0,150.587,150.606,150.09334606142895
2024-12-02T03:00:00Z,150.597,150.746,150.502,150.529,11235.0,150.52,150.538,150.15143325323842
2024-12-02T04:00:00Z,150.528,150.684,150.436,150.579,13819.0,150.569,150.589,150.20844215280664
2024-12-02T05:00:00Z,150.578,150.754,150.516,150.724,14477.0,150.716,150.732,150.27718319909908
2024-12-02T06:00:00Z,150.724,150.729,150.254,150.332,16882.0,150.323,150.34,150.28449210588587
2024-12-02T07:00:00Z,150.331,150.449,149.99,150.252,23761.0,150.243,150.26,150.2801598251011
2024-12-02T08:00:00Z,150.252,150.379,150.075,150.218,21577.0,150.21,150.225,150.27187184842094
2024-12-02T09:00:00Z,150.217,150.442,150.049,150.348,15452.0,150.337,150.358,150.2820222686315
2024-12-02T10:00:00Z,150.349,150.39,150.162,150.174,14534.0,150.164,150.183,150.26761929948063
2024-12-02T11:00:00Z,150.172,150.242,150.077,150.151,12373.0,150.141,150.161,150.25207005954988
2024-12-02T12:00:00Z,150.15,150.172,149.92,150.136,13975.0,150.126,150.145,150.2365940516099
2024-12-02T13:00:00Z,150.134,150.356,150.044,150.08,18767.0,150.072,150.088,150.21571484472858
2024-12-02T14:00:00Z,150.08,150.096,149.831,149.995,23229.0,149.976,150.014,150.18628619876478
2024-12-02T15:00:00Z,150.002,150.243,149.722,149.872,36062.0,149.864,149.879,150.1443813722628
2024-12-02T16:00:00Z,149.872,149.949,149.079,149.267,29157.0,149.257,149.277,150.02739718929445
2024-12-02T17:00:00Z,149.268,149.63,149.216,149.598,13773.0,149.589,149.608,149.97014423072187
2024-12-02T18:00:00Z,149.599,149.792,149.544,149.654,11464.0,149.645,149.662,149.92799166662562
2024-12-02T19:00:00Z,149.652,149.688,149.492,149.527,10655.0,149.519,149.535,149.87452611107554
2024-12-02T20:00:00Z,149.526,149.652,149.227,149.542,17952.0,149.533,149.552,149.83018929626547
2024-12-02T21:00:00Z,149.54,149.616,149.506,149.59,8334.0,149.577,149.604,149.79816405676343
2024-12-02T22:00:00Z,149.592,149.61,149.532,149.546,638.0,149.509,149.584,149.76454218252832
2024-12-02T23:00:00Z,149.553,149.829,149.498,149.514,5755.0,149.502,149.525,149.73113655819122
2024-12-03T00:00:00Z,149.513,149.933,149.498,149.871,16414.0,149.861,149.881,149.74978501709907
2024-12-03T01:00:00Z,149.874,149.976,149.597,149.876,17185.0,149.867,149.885,149.76661368148586
2024-12-03T02:00:00Z,149.876,150.001,149.791,149.864,11398.0,149.855,149.873,149.77959852395443
2024-12-03T03:00:00Z,149.865,150.141,149.848,150.093,11192.0,150.086,150.1,149.82138538742717
2024-12-03T04:00:00Z,150.094,150.222,150.048,150.146,8784.0,150.137,150.156,149.8646673357702
2024-12-03T05:00:00Z,150.147,150.238,149.99,150.027,10504.0,150.018,150.036,149.88631169100086
2024-12-03T06:00:00Z,150.028,150.168,149.964,150.112,10648.0,150.104,150.121,149.91640346553407
2024-12-03T07:00:00Z,150.11,150.134,149.874,150.009,14007.0,150.0,150.018,149.92874967012952
2024-12-03T08:00:00Z,150.01,150.186,149.824,149.92,18277.0,149.911,149.929,149.92758304744558
2024-12-03T09:00:00Z,149.92,149.958,149.776,149.818,14061.0,149.809,149.826,149.91297197445283
2024-12-03T10:00:00Z,149.817,150.084,149.77,150.05,9458.0,150.044,150.057,149.93124237785912
2024-12-03T11:00:00Z,150.05,150.11,149.682,149.737,9660.0,149.727,149.747,149.90534339414458
2024-12-03T12:00:00Z,149.738,149.876,149.598,149.685,10591.0,149.676,149.694,149.8759642749253
2024-12-03T13:00:00Z,149.683,149.702,148.801,148.853,21308.0,148.844,148.862,149.7395690382686
2024-12-03T14:00:00Z,148.852,149.078,148.644,148.824,29947.0,148.81,148.839,149.61749316649946
2024-12-03T15:00:00Z,148.822,149.253,148.757,149.153,37059.0,149.146,149.16,149.55556074429953
2024-12-03T16:00:00Z,149.154,149.52,149.082,149.126,22616.0,149.117,149.135,149.49828597839291
2024-12-03T17:00:00Z,149.127,149.514,149.086,149.21,17335.0,149.202,149.218,149.45984784794052
2024-12-03T18:00:00Z,149.207,149.215,148.979,149.042,12878.0,149.032,149.051,149.40413480154845
2024-12-03T19:00:00Z,149.042,149.542,148.965,149.509,10307.0,149.502,149.516,149.41811682800866
2024-12-03T20:00:00Z,149.509,149.524,149.404,149.456,7432.0,149.447,149.466,149.42316791760751
2024-12-03T21:00:00Z,149.46,149.598,149.446,149.596,3994.0,149.583,149.609,149.44621219525985
2024-12-03T22:00:00Z,149.608,149.63,149.584,149.601,554.0,149.578,149.624,149.46685056922522
2024-12-03T23:00:00Z,149.608,149.7,149.576,149.614,4418.0,149.603,149.625,149.4864704933285
2024-12-04T00:00:00Z,149.614,149.92,149.522,149.874,15365.0,149.864,149.883,149.53814109421805
2024-12-04T01:00:00Z,149.873,150.082,149.683,149.928,15170.0,149.918,149.938,149.59012228165565
2024-12-04T02:00:00Z,149.928,149.957,149.69,149.778,13315.0,149.767,149.788,149.61517264410156
2024-12-04T03:00:00Z,149.778,149.944,149.625,149.938,13309.0,149.929,149.946,149.65821629155468
2024-12-04T04:00:00Z,149.938,150.172,149.88,149.971,14330.0,149.964,149.978,149.69992078601405
2024-12-04T05:00:00Z,149.972,150.109,149.884,150.1,13981.0,150.091,150.109,149.7532646812122
2024-12-04T06:00:00Z,150.098,150.17,149.862,150.008,13721.0,149.998,150.019,149.7872293903839
2024-12-04T07:00:00Z,150.006,150.44,149.98,150.384,16478.0,150.377,150.39,149.8667988049994
2024-12-04T08:00:00Z,150.383,150.546,150.298,150.44,18484.0,150.433,150.446,149.94322563099948
2024-12-04T09:00:00Z,150.439,150.78,150.432,150.626,17810.0,150.617,150.634,150.03426221353288
2024-12-04T10:00:00Z,150.624,150.894,150.616,150.867,14341.0,150.858,150.876,150.14529391839517
2024-12-04T11:00:00Z,150.866,151.05,150.778,150.892,14098.0,150.884,150.901,150.2448547292758
2024-12-04T12:00:00Z,150.893,151.228,150.86,151.174,13367.0,151.165,151.182,150.36874076537237
2024-12-04T13:00:00Z,151.172,151.232,150.8,151.075,24317.0,151.066,151.084,150.4629086633227
2024-12-04T14:00:00Z,151.074,151.134,150.809,150.864,19596.0,150.843,150.884,150.51638750821303
2024-12-04T15:00:00Z,150.862,150.862,150.284,150.396,30835.0,150.388,150.404,150.5003358404513
2024-12-04T16:00:00Z,150.396,150.447,150.053,150.188,16583.0,150.18,150.196,150.45869106172447
2024-12-04T17:00:00Z,150.188,150.245,149.994,150.17,11776.0,150.163,150.177,150.4201989201612
2024-12-04T18:00:00Z,150.17,150.434,150.042,150.428,8144.0,150.422,150.434,150.4212390641397
2024-12-04T19:00:00Z,150.43,150.598,150.222,150.444,16954.0,150.436,150.451,150.42427385558776
2024-12-04T20:00:00Z,150.443,150.673,150.44,150.52,10166.0,150.513,150.526,150.43703734150938
2024-12-04T21:00:00Z,150.519,150.662,150.487,150.626,6305.0,150.615,150.637,150.46223236264146
2024-12-04T22:00:00Z,150.577,150.601,150.466,150.537,686.0,150.516,150.558,150.47220138095594
2024-12-04T23:00:00Z,150.534,150.778,150.514,150.547,5504.0,150.536,150.558,150.4821745301618
2024-12-05T00:00:00Z,150.546,150.546,150.194,150.224,15698.0,150.215,150.233,150.44775125947356
2024-12-05T01:00:00Z,150.224,150.682,150.185,150.543,17331.0,150.533,150.553,150.46045109154377
2024-12-05T02:00:00Z,150.539,150.568,150.218,150.338,12432.0,150.331,150.346,150.44412427933796
2024-12-05T03:00:00Z,150.339,150.348,150.198,150.29,8506.0,150.282,150.297,150.42357437542623
2024-12-05T04:00:00Z,150.29,150.429,150.235,150.392,8479.0,150.383,150.401,150.41936445870274
2024-12-05T05:00:00Z,150.394,150.4,149.785,149.934,14258.0,149.925,149.942,150.3546491975424
2024-12-05T06:00:00Z,149.934,149.934,149.662,149.783,14702.0,149.773,149.793,150.27842930453673
2024-12-05T07:00:00Z,149.784,150.025,149.712,149.79,14013.0,149.781,149.798,150.21330539726517
2024-12-05T08:00:00Z,149.789,150.214,149.656,150.19,16462.0,150.181,150.199,150.21019801096315
2024-12-05T09:00:00Z,150.19,150.316,150.108,150.31,11774.0,150.301,150.318,150.22350494283475
2024-12-05T10:00:00Z,150.31,150.352,150.091,150.122,9878.0,150.113,150.132,150.20997095045678
2024-12-05T11:00:00Z,150.122,150.238,150.043,150.16,10417.0,150.151,150.169,150.20330815706254
2024-12-05T12:00:00Z,150.158,150.507,150.148,150.404,13889.0,150.395,150.412,150.2300670694542
2024-12-05T13:00:00Z,150.401,150.696,150.197,150.608,25426.0,150.599,150.616,150.2804581268603
2024-12-05T14:00:00Z,150.607,150.618,150.275,150.49,22142.0,150.481,150.499,150.30839704327894
2024-12-05T15:00:00Z,150.488,150.505,150.176,150.252,22035.0,150.243,150.261,150.30087743750843
2024-12-05T16:00:00Z,150.252,150.341,150.1,150.203,15026.0,150.195,150.211,150.2878271125073
2024-12-05T17:00:00Z,150.204,150.22,150.074,150.133,10379.0,150.124,150.142,150.26718349750632
2024-12-05T18:00:00Z,150.134,150.351,150.121,150.158,6861.0,150.148,150.167,150.25262569783882
2024-12-05T19:00:00Z,150.157,150.157,149.92,150.022,9015.0,150.015,150.03,150.22187560479364
2024-12-05T20:00:00Z,150.022,150.112,149.953,150.083,6223.0,150.074,150.092,150.2033588574878
2024-12-05T21:00:00Z,150.084,150.128,150.05,150.097,5175.0,150.06,150.134,150.18917767648944
2024-12-05T22:00:00Z,150.129,150.129,150.038,150.077,1440.0,150.041,150.113,150.1742206529575
2024-12-05T23:00:00Z,150.082,150.236,150.059,150.122,4186.0,150.113,150.132,150.16725789922984
2024-12-06T00:00:00Z,150.124,150.277,149.864,150.103,14713.0,150.094,150.112,150.15869017933252
2024-12-06T01:00:00Z,150.102,150.224,150.022,150.046,13412.0,150.037,150.054,150.1436648220882
2024-12-06T02:00:00Z,150.045,150.046,149.818,149.832,10934.0,149.822,149.841,150.10210951247643
2024-12-06T03:00:00Z,149.826,149.926,149.768,149.88,8257.0,149.87,149.89,150.0724949108129
2024-12-06T04:00:00Z,149.882,150.024,149.832,149.978,7623.0,149.97,149.987,150.0598955893712
2024-12-06T05:00:00Z,149.98,150.07,149.874,149.939,7943.0,149.929,149.949,150.04377617745504
2024-12-06T06:00:00Z,149.938,150.021,149.772,149.865,9692.0,149.857,149.873,150.01993935379437
2024-12-06T07:00:00Z,149.864,150.172,149.82,150.093,13199.0,150.084,150.102,150.02968077328845
2024-12-06T08:00:00Z,150.094,150.421,150.094,150.368,14205.0,150.36,150.377,150.07479000351665
2024-12-06T09:00:00Z,150.37,150.608,150.362,150.575,9618.0,150.567,150.583,150.14148466971443
2024-12-06T10:00:00Z,150.576,150.7,150.496,150.574,9820.0,150.564,150.583,150.19915338041918
2024-12-06T11:00:00Z,150.572,150.622,150.478,150.511,9464.0,150.504,150.518,150.24073292969663
2024-12-06T12:00:00Z,150.512,150.661,150.37,150.408,11478.0,150.4,150.416,150.26303520573708
2024-12-06T13:00:00Z,150.41,150.591,149.652,149.663,36415.0,149.656,149.67,150.1830305116388
2024-12-06T14:00:00Z,149.662,149.891,149.362,149.658,38440.0,149.644,149.672,150.1130264434203
2024-12-06T15:00:00Z,149.657,150.048,149.64,149.869,26087.0,149.861,149.877,150.0804895842976
2024-12-06T16:00:00Z,149.87,150.118,149.678,149.794,18905.0,149.786,149.803,150.04229097305793
2024-12-06T17:00:00Z,149.795,150.043,149.794,149.962,11837.0,149.952,149.972,150.03158550998353
2024-12-06T18:00:00Z,149.964,150.048,149.882,149.99,7677.0,149.982,149.997,150.02604077531907
2024-12-06T19:00:00Z,149.99,150.134,149.97,149.974,7330.0,149.964,149.983,150.01910200527652
2024-12-06T20:00:00Z,149.973,150.058,149.954,149.962,6771.0,149.953,149.971,150.011488404573
2024-12-06T21:00:00Z,149.96,150.094,149.948,150.042,4699.0,150.005,150.078,150.0155566172966
2024-12-08T22:00:00Z,149.979,150.1,149.968,150.002,1716.0,149.972,150.032,150.01374906832373
2024-12-08T23:00:00Z,150.004,150.048,149.856,149.896,4984.0,149.887,149.905,149.99804919254723
2024-12-09T00:00:00Z,149.896,149.974,149.69,149.846,13100.0,149.837,149.856,149.97777596687428
2024-12-09T01:00:00Z,149.846,150.053,149.752,149.913,11964.0,149.905,149.921,149.96913917129103
2024-12-09T02:00:00Z,149.912,149.997,149.861,149.91,9763.0,149.9,149.919,149.96125394845222
2024-12-09T03:00:00Z,149.911,150.038,149.88,149.982,7967.0,149.972,149.991,149.9640200886586
2024-12-09T04:00:00Z,149.982,150.0,149.842,149.896,8247.0,149.887,149.905,149.95495074350413
2024-12-09T05:00:00Z,149.896,149.991,149.86,149.966,8884.0,149.957,149.975,149.9564239777036
2024-12-09T06:00:00Z,149.966,150.192,149.944,150.142,9640.0,150.135,150.15,149.98116744734313
2024-12-09T07:00:00Z,150.142,150.352,150.112,150.346,11847.0,150.336,150.356,150.02981178769738
2024-12-09T08:00:00Z,150.346,150.525,150.314,150.422,15537.0,150.413,150.43,150.08210354933775
2024-12-09T09:00:00Z,150.421,150.492,150.349,150.42,13408.0,150.412,150.427,150.12715640942605
2024-12-09T10:00:00Z,150.419,150.485,150.354,150.458,9974.0,150.45,150.467,150.17126888816924
2024-12-09T11:00:00Z,150.46,150.505,150.388,150.491,7850.0,150.482,150.5,150.21389970308002
2024-12-09T12:00:00Z,150.49,150.847,150.438,150.766,9274.0,150.759,150.773,150.28751307600268
2024-12-09T13:00:00Z,150.765,150.952,150.742,150.877,13140.0,150.868,150.886,150.36611133253567
2024-12-09T14:00:00Z,150.876,150.949,150.7,150.932,13637.0,150.923,150.941,150.44156315486424
2024-12-09T15:00:00Z,150.932,151.245,150.926,151.025,15392.0,151.017,151.033,150.51935473421568
2024-12-09T16:00:00Z,151.027,151.25,150.97,151.24,10607.0,151.232,151.249,150.6154407696536
2024-12-09T17:00:00Z,151.241,151.348,151.202,151.329,6848.0,151.32,151.338,150.71058200036646
2024-12-09T18:00:00Z,151.33,151.338,151.234,151.272,4732.0,151.264,151.279,150.78543773365092
2024-12-09T19:00:00Z,151.271,151.316,151.185,151.24,5156.0,151.232,151.248,150.8460460358308
2024-12-09T20:00:00Z,151.24,151.299,151.166,151.222,5295.0,151.214,151.231,150.89617323105335
2024-12-09T21:00:00Z,151.222,151.254,151.135,151.216,5316.0,151.204,151.228,150.93881680024626
2024-12-09T22:00:00Z,151.219,151.296,151.179,151.25,1147.0,151.222,151.279,150.98030789354675
2024-12-09T23:00:00Z,151.244,151.434,151.199,151.391,4446.0,151.381,151.401,151.03506684107384
2024-12-10T00:00:00Z,151.391,151.494,151.228,151.445,14052.0,151.436,151.454,151.08972459559732
2024-12-10T01:00:00Z,151.446,151.551,151.283,151.315,10997.0,151.306,151.324,151.11976131618434
2024-12-10T02:00:00Z,151.314,151.314,151.038,151.202,12856.0,151.192,151.211,151.13072647402643
2024-12-10T03:00:00Z,151.202,151.276,151.034,151.072,10361.0,151.062,151.081,151.1228962774896
2024-12-10T04:00:00Z,151.071,151.148,150.954,151.132,10747.0,151.122,151.141,151.12411010715766
2024-12-10T05:00:00Z,151.131,151.299,150.898,150.936,10116.0,150.929,150.944,151.09902875953665
2024-12-10T06:00:00Z,150.938,151.276,150.902,151.224,12279.0,151.216,151.233,151.11569159159845
2024-12-10T07:00:00Z,151.226,151.584,151.182,151.556,12129.0,151.547,151.565,151.17439937938533
2024-12-10T08:00:00Z,151.554,151.786,151.504,151.636,16869.0,151.628,151.644,151.23594612880063
2024-12-10T09:00:00Z,151.636,151.67,151.414,151.598,14626.0,151.589,151.607,151.2842199782939
2024-12-10T10:00:00Z,151.598,151.612,151.471,151.593,9747.0,151.587,151.599,151.3253906478547
2024-12-10T11:00:00Z,151.594,151.736,151.579,151.706,9053.0,151.698,151.714,151.37613856147408
2024-12-10T12:00:00Z,151.706,151.801,151.552,151.785,9737.0,151.777,151.793,151.4306534199442
2024-12-10T13:00:00Z,151.786,151.841,151.53,151.682,13793.0,151.674,151.689,151.46416629728498
2024-12-10T14:00:00Z,151.68,151.827,151.586,151.827,15987.0,151.818,151.836,151.51254412431365
2024-12-10T15:00:00Z,151.826,152.173,151.751,152.127,16549.0,152.12,152.134,151.59447157440516
2024-12-10T16:00:00Z,152.128,152.184,151.974,152.053,12325.0,152.045,152.061,151.6556086978178
2024-12-10T17:00:00Z,152.052,152.153,151.989,152.113,7863.0,152.104,152.122,151.71659420477542
2024-12-10T18:00:00Z,152.11,152.124,151.88,151.92,7788.0,151.912,151.928,151.74371497747202
2024-12-10T19:00:00Z,151.92,151.955,151.844,151.93,5429.0,151.922,151.938,151.76855298047576
2024-12-10T20:00:00Z,151.93,151.948,151.832,151.932,6147.0,151.925,151.94,151.79034591641232
2024-12-10T21:00:00Z,151.934,151.985,151.897,151.97,4496.0,151.956,151.985,151.814299794224
2024-12-10T22:00:00Z,151.944,151.958,151.934,151.943,295.0,151.926,151.96,151.83145982166081
2024-12-10T23:00:00Z,151.944,151.953,151.787,151.844,3407.0,151.835,151.854,151.83313184543937
2024-12-11T00:00:00Z,151.843,151.873,151.706,151.731,10670.0,151.721,151.741,151.81951426604746
2024-12-11T01:00:00Z,151.73,151.828,151.696,151.706,10527.0,151.699,151.714,151.80437903057447
2024-12-11T02:00:00Z,151.707,151.724,151.444,151.446,8918.0,151.437,151.455,151.75659515983122
2024-12-11T03:00:00Z,151.444,151.642,151.416,151.548,6695.0,151.539,151.556,151.72878247185372
2024-12-11T04:00:00Z,151.546,151.616,151.465,151.547,6366.0,151.538,151.556,151.7045448089399
2024-12-11T05:00:00Z,151.547,151.766,151.534,151.754,6729.0,151.745,151.762,151.71113883441458
2024-12-11T06:00:00Z,151.754,151.793,151.625,151.763,7553.0,151.754,151.772,151.71805365649266
2024-12-11T07:00:00Z,151.764,151.794,151.422,151.654,20053.0,151.645,151.662,151.7095131689603
2024-12-11T08:00:00Z,151.658,151.719,151.468,151.626,16816.0,151.618,151.634,151.6983780797656
2024-12-11T09:00:00Z,151.626,152.728,151.004,152.679,32125.0,152.67,152.688,151.8291276691302
2024-12-11T10:00:00Z,152.68,152.8,152.489,152.598,16546.0,152.588,152.607,151.93164397991285
2024-12-11T11:00:00Z,152.597,152.711,152.514,152.555,11199.0,152.547,152.563,152.01475811592448
2024-12-11T12:00:00Z,152.554,152.706,152.53,152.656,12207.0,152.646,152.666,152.10025703380123
2024-12-11T13:00:00Z,152.656,152.866,152.054,152.299,30892.0,152.29,152.308,152.12675609596107
2024-12-11T14:00:00Z,152.3,152.333,151.92,152.135,26798.0,152.126,152.144,152.12785528316627
2024-12-11T15:00:00Z,152.136,152.524,152.082,152.463,25616.0,152.457,152.469,152.17254124541077
2024-12-11T16:00:00Z,152.461,152.559,152.244,152.344,14038.0,152.336,152.352,152.19540241268933
2024-12-11T17:00:00Z,152.344,152.545,152.318,152.497,7832.0,152.488,152.506,152.23561542433077
2024-12-11T18:00:00Z,152.498,152.697,152.318,152.68,11847.0,152.672,152.687,152.29486670108668
2024-12-11T19:00:00Z,152.682,152.722,152.532,152.645,9039.0,152.639,152.651,152.3415511409418
2024-12-11T20:00:00Z,152.648,152.65,152.524,152.594,5402.0,152.588,152.6,152.3752109888162
2024-12-11T21:00:00Z,152.593,152.598,152.458,152.466,3842.0,152.457,152.475,152.3873161903074
2024-12-11T22:00:00Z,152.428,152.452,152.373,152.423,856.0,152.395,152.451,152.39207403159975
2024-12-11T23:00:00Z,152.429,152.454,152.236,152.258,4028.0,152.249,152.268,152.3741974940531
2024-12-12T00:00:00Z,152.259,152.344,152.098,152.187,13023.0,152.178,152.196,152.34923782817935
2024-12-12T01:00:00Z,152.19,152.2,151.952,151.98,13183.0,151.971,151.99,152.30000611775546
2024-12-12T02:00:00Z,151.98,152.322,151.956,152.32,8160.0,152.314,152.327,152.3026719687214
2024-12-12T03:00:00Z,152.321,152.416,152.208,152.357,7399.0,152.348,152.366,152.3099157062252
2024-12-12T04:00:00Z,152.356,152.394,152.186,152.194,6683.0,152.184,152.203,152.2944602787285
2024-12-12T05:00:00Z,152.193,152.61,152.185,152.495,12302.0,152.485,152.505,152.32119890823137
2024-12-12T06:00:00Z,152.496,152.775,152.459,152.482,13311.0,152.473,152.49,152.34263905380053
2024-12-12T07:00:00Z,152.484,152.588,152.27,152.573,14994.0,152.564,152.582,152.37335384662714
2024-12-12T08:00:00Z,152.574,152.664,152.366,152.504,18008.0,152.496,152.513,152.3907733337435
2024-12-12T09:00:00Z,152.505,152.629,152.446,152.527,12900.0,152.518,152.536,152.4089368892444
2024-12-12T10:00:00Z,152.527,152.542,152.202,152.321,10422.0,152.315,152.327,152.39721197067848
2024-12-12T11:00:00Z,152.322,152.346,152.167,152.188,10683.0,152.18,152.197,152.3693170412547
2024-12-12T12:00:00Z,152.188,152.366,152.12,152.276,12046.0,152.268,152.284,152.35687476908743
2024-12-12T13:00:00Z,152.276,152.388,151.802,152.032,31397.0,152.025,152.04,152.3135581332091
2024-12-12T14:00:00Z,152.032,152.403,151.875,152.248,31233.0,152.239,152.256,152.30481704878125
2024-12-12T15:00:00Z,152.246,152.38,152.11,152.288,23845.0,152.279,152.297,152.30257477561042
2024-12-12T16:00:00Z,152.288,152.316,152.044,152.078,13964.0,152.07,152.086,152.2726314721957
2024-12-12T17:00:00Z,152.079,152.303,152.042,152.266,10531.0,152.257,152.275,152.27174727590295
2024-12-12T18:00:00Z,152.266,152.523,152.24,152.48,11255.0,152.472,152.489,152.29951430578257
2024-12-12T19:00:00Z,152.481,152.55,152.436,152.54,8154.0,152.532,152.547,152.33157906501157
2024-12-12T20:00:00Z,152.54,152.678,152.526,152.664,5506.0,152.656,152.671,152.37590185634335
2024-12-12T21:00:00Z,152.663,152.692,152.603,152.649,3658.0,152.64,152.658,152.41231494216424
2024-12-12T22:00:00Z,152.626,152.633,152.552,152.58,1004.0,152.552,152.608,152.43467294987568
2024-12-12T23:00:00Z,152.58,152.648,152.458,152.596,4724.0,152.587,152.605,152.4561832232256
2024-12-13T00:00:00Z,152.601,152.954,152.556,152.823,14568.0,152.815,152.831,152.50509212679552
2024-12-13T01:00:00Z,152.823,152.956,152.698,152.768,12082.0,152.76,152.777,152.54014650988944
2024-12-13T02:00:00Z,152.768,152.918,152.645,152.908,10118.0,152.898,152.917,152.5891936419042
2024-12-13T03:00:00Z,152.909,153.05,152.88,152.903,7930.0,152.894,152.912,152.6310344896503
2024-12-13T04:00:00Z,152.902,153.089,152.89,152.952,7308.0,152.943,152.961,152.67382989103027
2024-12-13T05:00:00Z,152.952,153.035,152.882,152.894,6359.0,152.885,152.903,152.70318590555956
2024-12-13T06:00:00Z,152.894,153.0,152.673,152.712,7815.0,152.702,152.721,152.70436111815164
2024-12-13T07:00:00Z,152.712,152.896,152.712,152.798,12982.0,152.79,152.805,152.7168463023981
2024-12-13T08:00:00Z,152.798,153.186,152.798,153.163,13438.0,153.155,153.171,152.77633346207836
2024-12-13T09:00:00Z,153.164,153.48,153.12,153.411,10897.0,153.402,153.42,152.8609556671346
2024-12-13T10:00:00Z,153.41,153.503,153.366,153.47,9503.0,153.463,153.476,152.94216157818332
2024-12-13T11:00:00Z,153.469,153.628,153.448,153.628,7333.0,153.62,153.635,153.0336067010922
2024-12-13T12:00:00Z,153.628,153.668,153.32,153.454,11128.0,153.447,153.461,153.08965914094657
2024-12-13T13:00:00Z,153.454,153.534,153.261,153.302,11847.0,153.293,153.311,153.11797125548702
2024-12-13T14:00:00Z,153.302,153.63,153.301,153.599,11795.0,153.592,153.606,153.1821084214221
2024-12-13T15:00:00Z,153.6,153.69,153.458,153.663,12216.0,153.655,153.671,153.24622729856583
2024-12-13T16:00:00Z,153.664,153.777,153.556,153.75,8367.0,153.742,153.758,153.3133969920904
2024-12-13T17:00:00Z,153.75,153.802,153.685,153.69,6142.0,153.683,153.698,153.36361072647836
2024-12-13T18:00:00Z,153.691,153.744,153.662,153.7,5611.0,153.691,153.709,153.40846262961458
2024-12-13T19:00:00Z,153.7,153.75,153.684,153.688,5361.0,153.682,153.695,153.4457342789993
2024-12-13T20:00:00Z,153.689,153.73,153.65,153.656,3822.0,153.649,153.662,153.47376970846608
2024-12-13T21:00:00Z,153.656,153.699,153.6,153.649,2079.0,153.599,153.699,153.49713374733727
2024-12-15T22:00:00Z,153.62,153.738,153.509,153.62,1933.0,153.582,153.659,153.51351591435898
2024-12-15T23:00:00Z,153.606,153.657,153.432,153.46,4916.0,153.451,153.468,153.5063804591111
2024-12-16T00:00:00Z,153.46,153.9,153.324,153.812,12160.0,153.803,153.822,153.54712973122963
2024-12-16T01:00:00Z,153.813,153.938,153.704,153.908,10696.0,153.899,153.918,153.59524576706568
2024-12-16T02:00:00Z,153.907,153.974,153.849,153.877,8272.0,153.867,153.887,153.6328129981236
2024-12-16T03:00:00Z,153.876,153.886,153.752,153.818,6950.0,153.807,153.828,153.6575045983738
2024-12-16T04:00:00Z,153.817,153.894,153.729,153.744,5707.0,153.736,153.752,153.66903731859063
2024-12-16T05:00:00Z,153.744,153.774,153.606,153.662,6597.0,153.655,153.668,153.66809900944523
2024-12-16T06:00:00Z,153.662,153.774,153.546,153.652,7551.0,153.642,153.661,153.66595247485253
2024-12-16T07:00:00Z,153.653,153.692,153.478,153.53,10280.0,153.522,153.537,153.64782547820553
2024-12-16T08:00:00Z,153.529,153.725,153.442,153.699,16804.0,153.691,153.707,153.65464874777814
2024-12-16T09:00:00Z,153.7,153.83,153.644,153.806,10532.0,153.798,153.813,153.67482891474106
2024-12-16T10:00:00Z,153.805,153.848,153.65,153.831,8142.0,153.822,153.84,153.6956517261089
2024-12-16T11:00:00Z,153.832,153.862,153.744,153.806,6444.0,153.796,153.816,153.7103648292944
2024-12-16T12:00:00Z,153.806,154.096,153.782,154.082,9237.0,154.073,154.092,153.75991618538848
2024-12-16T13:00:00Z,154.084,154.102,153.972,154.028,9635.0,154.021,154.035,153.79566069400335
2024-12-16T14:00:00Z,154.027,154.364,154.014,154.305,13399.0,154.296,154.314,153.86357260146957
2024-12-16T15:00:00Z,154.306,154.48,154.228,154.24,14381.0,154.232,154.247,153.91376292127364
2024-12-16T16:00:00Z,154.239,154.314,154.126,154.177,10783.0,154.169,154.185,153.94886119843716
2024-12-16T17:00:00Z,154.174,154.252,154.056,154.154,8444.0,154.146,154.161,153.97621303864554
2024-12-16T18:00:00Z,154.154,154.205,154.045,154.059,5547.0,154.052,154.066,153.98725130015947
2024-12-16T19:00:00Z,154.06,154.138,154.008,154.126,5554.0,154.118,154.134,154.00575112680488
2024-12-16T20:00:00Z,154.128,154.164,154.09,154.153,2939.0,154.145,154.161,154.02538430989756
2024-12-16T21:00:00Z,154.154,154.218,154.128,154.156,2352.0,154.146,154.165,154.04279973524456
2024-12-16T22:00:00Z,154.156,154.185,154.104,154.136,703.0,154.109,154.164,154.05522643721196
2024-12-16T23:00:00Z,154.139,154.264,154.068,154.095,2622.0,154.086,154.104,154.06052957891703
2024-12-17T00:00:00Z,154.092,154.348,154.011,154.152,12104.0,154.144,154.161,154.07272563506143
2024-12-17T01:00:00Z,154.153,154.238,153.972,154.096,10800.0,154.088,154.105,154.0758288837199
2024-12-17T02:00:00Z,154.097,154.113,153.802,154.006,9883.0,153.997,154.016,154.0665183658906
2024-12-17T03:00:00Z,154.008,154.086,153.872,154.047,6900.0,154.039,154.055,154.0639159171052
2024-12-17T04:00:00Z,154.052,154.206,154.002,154.066,7871.0,154.056,154.075,154.0641937948245
2024-12-17T05:00:00Z,154.066,154.26,154.03,154.135,9314.0,154.127,154.143,154.07363462218123
2024-12-17T06:00:00Z,154.136,154.174,154.032,154.142,9748.0,154.133,154.151,154.0827500058904
2024-12-17T07:00:00Z,154.144,154.168,153.926,154.071,10916.0,154.063,154.079,154.08118333843836
2024-12-17T08:00:00Z,154.072,154.165,153.812,153.863,14608.0,153.855,153.871,154.05209222664658
2024-12-17T09:00:00Z,153.855,153.914,153.71,153.796,12413.0,153.788,153.804,154.01794659642704
2024-12-17T10:00:00Z,153.796,153.886,153.712,153.842,9973.0,153.833,153.852,153.99448705023678
2024-12-17T11:00:00Z,153.843,153.933,153.687,153.914,9437.0,153.906,153.922,153.98375544353854
2024-12-17T12:00:00Z,153.916,153.938,153.814,153.822,8481.0,153.814,153.831,153.96218805106673
2024-12-17T13:00:00Z,153.823,154.001,153.66,153.776,19368.0,153.767,153.786,153.93736297759116
2024-12-17T14:00:00Z,153.776,153.779,153.553,153.56,19306.0,153.551,153.568,153.88704791391234
2024-12-17T15:00:00Z,153.562,153.578,153.416,153.512,18178.0,153.505,153.519,153.8370415253907
2024-12-17T16:00:00Z,153.511,153.646,153.4,153.42,12774.0,153.414,153.427,153.78143598867194
2024-12-17T17:00:00Z,153.422,153.425,153.244,153.274,10024.0,153.265,153.284,153.71377785684902
2024-12-17T18:00:00Z,153.275,153.396,153.16,153.277,9902.0,153.268,153.286,153.65554080926916
2024-12-17T19:00:00Z,153.276,153.348,153.228,153.342,6886.0,153.336,153.349,153.61373536803328
2024-12-17T20:00:00Z,153.343,153.568,153.33,153.522,5988.0,153.514,153.529,153.60150398562885
2024-12-17T21:00:00Z,153.519,153.599,153.454,153.49,3482.0,153.447,153.534,153.58663678754502
2024-12-17T22:00:00Z,153.451,153.522,153.428,153.45,617.0,153.412,153.487,153.5684185492057
2024-12-17T23:00:00Z,153.453,153.599,153.394,153.574,3212.0,153.565,153.584,153.56916274264495
2024-12-18T00:00:00Z,153.574,153.768,153.546,153.69,11378.0,153.682,153.698,153.58527437695895
2024-12-18T01:00:00Z,153.69,153.79,153.581,153.592,9257.0,153.583,153.602,153.58617112669776
2024-12-18T02:00:00Z,153.588,153.752,153.577,153.688,7997.0,153.679,153.696,153.59974830980474
2024-12-18T03:00:00Z,153.686,153.728,153.568,153.619,6109.0,153.611,153.627,153.60231520183078
2024-12-18T04:00:00Z,153.618,153.656,153.352,153.444,7475.0,153.436,153.452,153.58120650825333
2024-12-18T05:00:00Z,153.444,153.466,153.338,153.358,6864.0,153.35,153.367,153.55144564048624
2024-12-18T06:00:00Z,153.358,153.496,153.334,153.474,7951.0,153.468,153.481,153.54111955508807
2024-12-18T07:00:00Z,153.472,153.649,153.352,153.577,10796.0,153.569,153.585,153.54590361440967
2024-12-18T08:00:00Z,153.578,153.622,153.52,153.566,9520.0,153.557,153.575,153.54858313248837
2024-12-18T09:00:00Z,153.566,153.744,153.536,153.635,7562.0,153.627,153.643,153.56010538148993
2024-12-18T10:00:00Z,153.634,153.7,153.552,153.578,6550.0,153.569,153.586,153.56249133062462
2024-12-18T11:00:00Z,153.58,153.701,153.562,153.664,6098.0,153.656,153.671,153.57602581987467
2024-12-18T12:00:00Z,153.664,153.833,153.634,153.826,7593.0,153.818,153.835,153.60935571055805
2024-12-18T13:00:00Z,153.828,153.955,153.81,153.849,12740.0,153.843,153.855,153.64130828248364
2024-12-18T14:00:00Z,153.849,153.904,153.705,153.782,12767.0,153.775,153.789,153.66006717815247
2024-12-18T15:00:00Z,153.784,154.057,153.68,154.024,11876.0,154.017,154.032,153.70859155439882
2024-12-18T16:00:00Z,154.024,154.093,153.966,154.002,9768.0,153.994,154.011,153.747712680479
2024-12-18T17:00:00Z,154.002,154.022,153.742,153.826,7773.0,153.82,153.833,153.75815098974846
2024-12-18T18:00:00Z,153.826,153.84,153.72,153.771,8109.0,153.721,153.821,153.75986419111533
2024-12-18T19:00:00Z,153.766,154.664,153.761,154.648,42143.0,154.639,154.656,153.8782822989666
2024-12-18T20:00:00Z,154.652,154.778,154.332,154.686,30837.0,154.676,154.695,153.98597799243774
2024-12-18T21:00:00Z,154.68,154.874,154.502,154.836,12998.0,154.815,154.858,154.09931426011272
2024-12-18T22:00:00Z,154.778,154.826,154.74,154.748,1248.0,154.732,154.764,154.1858056920977
2024-12-18T23:00:00Z,154.75,154.772,154.435,154.666,8748.0,154.655,154.677,154.249831599818
2024-12-19T00:00:00Z,154.666,154.896,154.537,154.822,18039.0,154.815,154.828,154.32612071984227
2024-12-19T01:00:00Z,154.823,154.861,154.633,154.644,14761.0,154.636,154.653,154.3685046238633
2024-12-19T02:00:00Z,154.644,155.281,154.464,155.09,15109.0,155.081,155.099,154.4647040073482
2024-12-19T03:00:00Z,155.09,155.444,154.954,155.26,12912.0,155.25,155.271,154.5707434730351
2024-12-19T04:00:00Z,155.254,155.356,155.146,155.308,7968.0,155.297,155.319,154.6690443432971
2024-12-19T05:00:00Z,155.31,155.477,155.199,155.23,9797.0,155.217,155.244,154.7438384308575
2024-12-19T06:00:00Z,155.228,156.15,154.915,156.108,23057.0,156.1,156.117,154.9257266400765
2024-12-19T07:00:00Z,156.11,156.78,156.107,156.478,35196.0,156.467,156.489,155.13269642139966
2024-12-19T08:00:00Z,156.479,157.072,156.433,156.875,26115.0,156.866,156.884,155.36500356521304
2024-12-19T09:00:00Z,156.874,157.149,156.72,157.042,22440.0,157.033,157.05,155.58860308985132
2024-12-19T10:00:00Z,157.039,157.066,156.823,156.954,15513.0,156.943,156.965,155.77065601120447
2024-12-19T11:00:00Z,156.954,157.064,156.674,156.7,13961.0,156.694,156.706,155.89456854304387
2024-12-19T12:00:00Z,156.701,156.98,156.689,156.94,18410.0,156.931,156.948,156.03395940397135
2024-12-19T13:00:00Z,156.942,157.05,156.4,156.91,26346.0,156.901,156.92,156.15076481677517
2024-12-19T14:00:00Z,156.91,157.35,156.874,157.176,26260.0,157.167,157.185,156.28746284120515
2024-12-19T15:00:00Z,157.176,157.736,157.154,157.714,25418.0,157.707,157.721,156.47766779571114
2024-12-19T16:00:00Z,157.714,157.808,157.591,157.73,20577.0,157.72,157.74,156.64464542294965
2024-12-19T17:00:00Z,157.73,157.77,157.527,157.696,14961.0,157.689,157.703,156.78482603322303
2024-12-19T18:00:00Z,157.694,157.733,157.528,157.54,13060.0,157.531,157.55,156.88551589545997
2024-12-19T19:00:00Z,157.542,157.558,157.35,157.424,11085.0,157.415,157.433,156.95731377606532
2024-12-19T20:00:00Z,157.424,157.442,157.31,157.33,7808.0,157.323,157.338,157.00700527258994
2024-12-19T21:00:00Z,157.331,157.458,157.331,157.434,5114.0,157.416,157.451,157.06393790291128
2024-12-19T22:00:00Z,157.411,157.454,157.392,157.446,2097.0,157.42,157.472,157.11487951585644
2024-12-19T23:00:00Z,157.448,157.676,157.416,157.654,8783.0,157.641,157.666,157.1867622470756
2024-12-20T00:00:00Z,157.654,157.929,157.606,157.74,19458.0,157.732,157.749,157.26052728079884
2024-12-20T01:00:00Z,157.74,157.783,157.146,157.28,20345.0,157.269,157.29,157.263123643359
2024-12-20T02:00:00Z,157.278,157.38,156.882,156.974,16957.0,156.967,156.981,157.22457382424446
2024-12-20T03:00:00Z,156.974,157.156,156.836,157.07,16148.0,157.059,157.08,157.20396398101187
2024-12-20T04:00:00Z,157.068,157.312,157.057,157.297,10712.0,157.288,157.306,157.21636878354363
2024-12-20T05:00:00Z,157.298,157.32,156.967,157.034,11303.0,157.025,157.044,157.19205294573783
2024-12-20T06:00:00Z,157.038,157.138,156.868,156.984,15699.0,156.975,156.994,157.1643125529728
2024-12-20T07:00:00Z,156.988,157.058,156.767,156.829,15309.0,156.823,156.835,157.11960421257643
2024-12-20T08:00:00Z,156.83,156.964,156.736,156.889,20075.0,156.88,156.898,157.0888569842329
2024-12-20T09:00:00Z,156.89,156.917,156.623,156.724,17906.0,156.714,156.733,157.0402093863352
2024-12-20T10:00:00Z,156.722,156.774,156.638,156.742,11702.0,156.733,156.752,157.00044813482384
2024-12-20T11:00:00Z,156.743,156.844,156.676,156.776,8603.0,156.767,156.786,156.97052171684734
2024-12-20T12:00:00Z,156.777,156.822,156.594,156.736,12667.0,156.73,156.743,156.93925215460104
2024-12-20T13:00:00Z,156.737,156.799,156.35,156.521,26343.0,156.512,156.53,156.88348520065423
2024-12-20T14:00:00Z,156.52,156.664,156.32,156.592,26036.0,156.581,156.602,156.84462050723369
2024-12-20T15:00:00Z,156.592,156.781,156.402,156.504,28894.0,156.497,156.511,156.79920443960253
2024-12-20T16:00:00Z,156.506,156.587,156.102,156.109,19791.0,156.102,156.116,156.70717718098888
2024-12-20T17:00:00Z,156.11,156.164,155.954,156.074,15118.0,156.067,156.082,156.62275355685702
2024-12-20T18:00:00Z,156.074,156.216,156.027,156.088,10831.0,156.079,156.098,156.5514530826094
2024-12-20T19:00:00Z,156.088,156.113,155.979,156.006,9276.0,155.998,156.014,156.47872600492815
2024-12-20T20:00:00Z,156.007,156.358,155.998,156.358,8043.0,156.351,156.366,156.46262920427108
2024-12-20T21:00:00Z,156.36,156.474,156.295,156.418,8596.0,156.375,156.46,156.45667864370162
2024-12-22T22:00:00Z,156.4,156.552,156.385,156.542,449.0,156.502,156.583,156.4680548245414
2024-12-22T23:00:00Z,156.538,156.568,156.411,156.568,8354.0,156.559,156.577,156.4813808479359
2024-12-23T00:00:00Z,156.567,156.656,156.428,156.612,11583.0,156.602,156.621,156.49879673487777
2024-12-23T01:00:00Z,156.611,156.695,156.35,156.458,9251.0,156.448,156.469,156.4933571702274
2024-12-23T02:00:00Z,156.458,156.562,156.337,156.558,9639.0,156.55,156.566,156.50197621419707
2024-12-23T03:00:00Z,156.558,156.613,156.488,156.518,6328.0,156.509,156.528,156.5041127189708
2024-12-23T04:00:00Z,156.521,156.63,156.488,156.578,6768.0,156.571,156.585,156.51396435644136
2024-12-23T05:00:00Z,156.578,156.662,156.556,156.651,4520.0,156.642,156.66,156.5322357755825
2024-12-23T06:00:00Z,156.652,156.663,156.52,156.614,6318.0,156.605,156.622,156.5431376721715
2024-12-23T07:00:00Z,156.614,156.814,156.613,156.797,9381.0,156.788,156.806,156.57698598254865
2024-12-23T08:00:00Z,156.798,156.802,156.464,156.569,13208.0,156.559,156.579,156.5759211848755
2024-12-23T09:00:00Z,156.57,156.766,156.488,156.697,11595.0,156.687,156.707,156.5920650268921
2024-12-23T10:00:00Z,156.696,156.832,156.658,156.824,9958.0,156.813,156.835,156.62298968997317
2024-12-23T11:00:00Z,156.824,156.883,156.752,156.846,7641.0,156.837,156.855,156.65272439797675
2024-12-23T12:00:00Z,156.848,157.189,156.848,157.143,9416.0,157.136,157.15,156.7180944782465
2024-12-23T13:00:00Z,157.14,157.258,157.108,157.21,11979.0,157.202,157.217,156.78368188114698
2024-12-23T14:00:00Z,157.207,157.235,157.046,157.174,12732.0,157.16,157.189,156.83572429699404
2024-12-23T15:00:00Z,157.178,157.271,157.082,157.133,16275.0,157.125,157.141,156.87536105739485
2024-12-23T16:00:00Z,157.134,157.216,157.029,157.032,8572.0,157.025,157.038,156.8962462497422
2024-12-23T17:00:00Z,157.03,157.176,156.982,157.162,8075.0,157.155,157.169,156.9316800831099
2024-12-23T18:00:00Z,157.162,157.21,157.074,157.134,6832.0,157.126,157.143,156.9586560720286
2024-12-23T19:00:00Z,157.135,157.158,157.06,157.101,4948.0,157.092,157.11,156.97763526242477
2024-12-23T20:00:00Z,157.1,157.158,157.05,157.144,5414.0,157.135,157.152,156.99981722743482
2024-12-23T21:00:00Z,157.142,157.184,157.132,157.173,4423.0,157.157,157.189,157.02290826377686
2024-12-23T22:00:00Z,157.129,157.191,157.118,157.158,1209.0,157.131,157.186,157.04092049527327
2024-12-23T23:00:00Z,157.164,157.244,157.107,157.19,5343.0,157.179,157.2,157.06079776257016
2024-12-24T00:00:00Z,157.19,157.394,157.166,157.316,8523.0,157.307,157.324,157.09482472756082
2024-12-24T01:00:00Z,157.315,157.315,157.058,157.136,7797.0,157.126,157.145,157.10031476388605
2024-12-24T02:00:00Z,157.135,157.182,157.06,157.127,4957.0,157.117,157.137,157.10387279536792
2024-12-24T03:00:00Z,157.128,157.141,157.05,157.09,5838.0,157.081,157.098,157.10202308931886
2024-12-24T04:00:00Z,157.089,157.094,156.937,157.016,6972.0,157.006,157.026,157.09055334407634
2024-12-24T05:00:00Z,157.02,157.053,156.89,157.006,7688.0,156.999,157.014,157.07927956486617
2024-12-24T06:00:00Z,157.008,157.146,156.908,157.086,7820.0,157.077,157.095,157.080175622884
2024-12-24T07:00:00Z,157.09,157.146,157.013,157.142,5445.0,157.133,157.151,157.08841887316615
2024-12-24T08:00:00Z,157.142,157.182,156.986,157.058,6679.0,157.048,157.067,157.08436302341067
2024-12-24T09:00:00Z,157.059,157.102,157.006,157.092,5973.0,157.083,157.101,157.08538128695594
2024-12-24T10:00:00Z,157.09,157.098,157.023,157.09,4067.0,157.081,157.1,157.0859971153618
2024-12-24T11:00:00Z,157.092,157.172,157.066,157.142,4434.0,157.133,157.151,157.0934641666469
2024-12-24T12:00:00Z,157.142,157.155,157.074,157.136,6260.0,157.128,157.145,157.09913561109397
2024-12-24T13:00:00Z,157.138,157.198,157.101,157.192,5766.0,157.182,157.203,157.1115175296148
2024-12-24T14:00:00Z,157.193,157.298,157.188,157.28,7278.0,157.271,157.289,157.13398185899948
2024-12-24T15:00:00Z,157.282,157.348,157.181,157.334,7461.0,157.326,157.343,157.16065094446623
2024-12-24T16:00:00Z,157.336,157.38,157.276,157.3,6940.0,157.29,157.309,157.1792308185374
2024-12-24T17:00:00Z,157.3,157.352,157.265,157.308,3417.0,157.301,157.316,157.19640004273242
2024-12-24T18:00:00Z,157.309,157.358,157.239,157.341,6481.0,157.318,157.364,157.21568003703476
2024-12-24T19:00:00Z,157.341,157.386,157.302,157.309,4166.0,157.268,157.35,157.22812269876346
2024-12-24T20:00:00Z,157.31,157.324,157.153,157.191,896.0,157.141,157.241,157.223173005595
2024-12-24T21:00:00Z,157.2,157.274,157.153,157.21,194.0,157.16,157.26,157.221416604849
2024-12-25T22:00:00Z,157.257,157.292,157.217,157.25,181.0,157.208,157.293,157.22522772420245
2024-12-25T23:00:00Z,157.248,157.274,157.11,157.13,5730.0,157.121,157.138,157.2125306943088
2024-12-26T00:00:00Z,157.13,157.373,157.077,157.328,8489.0,157.317,157.34,157.2279266017343
2024-12-26T01:00:00Z,157.329,157.478,157.244,157.42,7328.0,157.409,157.431,157.25353638816975
2024-12-26T02:00:00Z,157.42,157.478,157.363,157.424,3863.0,157.415,157.432,157.2762648697471
2024-12-26T03:00:00Z,157.422,157.442,157.334,157.372,3091.0,157.362,157.383,157.28902955378084
2024-12-26T04:00:00Z,157.37,157.466,157.358,157.43,4106.0,157.42,157.44,157.30782561327672
2024-12-26T05:00:00Z,157.43,157.433,157.314,157.35,4896.0,157.341,157.358,157.31344886483984
2024-12-26T06:00:00Z,157.35,157.422,157.334,157.375,6119.0,157.369,157.381,157.3216556828612
2024-12-26T07:00:00Z,157.374,157.448,157.34,157.376,5904.0,157.366,157.386,157.32890159181306
2024-12-26T08:00:00Z,157.376,157.419,157.342,157.344,7896.0,157.338,157.35,157.33091471290467
2024-12-26T09:00:00Z,157.344,157.464,157.309,157.432,6791.0,157.423,157.442,157.34439275118405
2024-12-26T10:00:00Z,157.434,157.456,157.403,157.443,4840.0,157.433,157.453,157.3575403843595
2024-12-26T11:00:00Z,157.441,157.591,157.436,157.59,3441.0,157.581,157.599,157.38853499977824
2024-12-26T12:00:00Z,157.59,157.666,157.584,157.656,4603.0,157.648,157.663,157.4241969998078
2024-12-26T13:00:00Z,157.654,157.846,157.597,157.839,6750.0,157.829,157.849,157.4795040665001
2024-12-26T14:00:00Z,157.84,157.948,157.833,157.935,6939.0,157.927,157.943,157.54023685763343
2024-12-26T15:00:00Z,157.934,158.077,157.883,158.074,8457.0,158.067,158.082,157.61140527661564
2024-12-26T16:00:00Z,158.074,158.087,157.986,158.014,8719.0,158.005,158.023,157.6650845730669
2024-12-26T17:00:00Z,158.014,158.078,157.944,158.043,7463.0,158.036,158.05,157.715473296658
2024-12-26T18:00:00Z,158.042,158.073,157.87,157.932,8822.0,157.922,157.943,157.74434352377025
2024-12-26T19:00:00Z,157.934,158.026,157.919,157.985,6563.0,157.978,157.992,157.77643105393423
2024-12-26T20:00:00Z,157.984,157.986,157.89,157.972,6214.0,157.963,157.982,157.80250691340967
2024-12-26T21:00:00Z,157.971,158.046,157.95,158.023,4473.0,158.01,158.036,157.8319059916217
2024-12-26T22:00:00Z,157.91,157.918,157.876,157.892,872.0,157.859,157.925,157.83991852607215
2024-12-26T23:00:00Z,157.894,157.898,157.674,157.77,6293.0,157.759,157.782,157.8305960559292
2024-12-27T00:00:00Z,157.769,157.953,157.658,157.916,10769.0,157.907,157.925,157.84198324847196
2024-12-27T01:00:00Z,157.916,157.951,157.684,157.744,9209.0,157.734,157.754,157.82891881534238
2024-12-27T02:00:00Z,157.751,157.768,157.508,157.604,10134.0,157.597,157.612,157.7989296399634
2024-12-27T03:00:00Z,157.605,157.718,157.597,157.65,5267.0,157.642,157.657,157.77907235463496
2024-12-27T04:00:00Z,157.65,157.674,157.552,157.576,4698.0,157.569,157.584,157.75199604068365
2024-12-27T05:00:00Z,157.577,157.773,157.562,157.762,5830.0,157.755,157.768,157.75332990192584
2024-12-27T06:00:00Z,157.761,157.818,157.662,157.756,7174.0,157.747,157.766,157.7536859150024
2024-12-27T07:00:00Z,157.759,157.854,157.732,157.815,8293.0,157.806,157.824,157.76186112633542
2024-12-27T08:00:00Z,157.814,157.918,157.782,157.85,10415.0,157.841,157.859,157.77361297615738
2024-12-27T09:00:00Z,157.849,157.9,157.755,157.88,6377.0,157.872,157.889,157.78779791266973
2024-12-27T10:00:00Z,157.883,157.884,157.708,157.76,6130.0,157.753,157.768,157.78409152431377
2024-12-27T11:00:00Z,157.759,157.79,157.628,157.656,6088.0,157.648,157.663,157.76701265440528
2024-12-27T12:00:00Z,157.656,157.799,157.582,157.795,8108.0,157.786,157.804,157.77074430048458
2024-12-27T13:00:00Z,157.797,157.872,157.686,157.798,8795.0,157.791,157.804,157.7743783937533
2024-12-27T14:00:00Z,157.798,157.893,157.691,157.816,10632.0,157.807,157.825,157.77992794125285
2024-12-27T15:00:00Z,157.817,157.878,157.532,157.574,12886.0,157.566,157.583,157.75247088241915
2024-12-27T16:00:00Z,157.574,157.739,157.352,157.734,14256.0,157.723,157.744,157.7500080980966
2024-12-27T17:00:00Z,157.732,157.848,157.678,157.827,9427.0,157.817,157.837,157.76027368501707
2024-12-27T18:00:00Z,157.826,157.858,157.77,157.834,6626.0,157.823,157.844,157.77010386034814
2024-12-27T19:00:00Z,157.834,157.946,157.832,157.944,5043.0,157.936,157.952,157.79329001230172
2024-12-27T20:00:00Z,157.944,157.946,157.852,157.909,5256.0,157.897,157.921,157.8087180106615
2024-12-27T21:00:00Z,157.908,157.926,157.816,157.843,3543.0,157.793,157.893,157.8132889425733
2024-12-29T22:00:00Z,157.747,157.797,157.705,157.705,937.0,157.678,157.732,157.79885041689687
2024-12-29T23:00:00Z,157.706,157.906,157.704,157.904,3435.0,157.894,157.915,157.81287036131062
2024-12-30T00:00:00Z,157.905,157.992,157.698,157.944,8596.0,157.935,157.953,157.83035431313587
2024-12-30T01:00:00Z,157.944,157.96,157.732,157.798,4414.0,157.787,157.81,157.82604040471776
2024-12-30T02:00:00Z,157.8,157.832,157.701,157.806,3954.0,157.796,157.816,157.8233683507554
2024-12-30T03:00:00Z,157.806,157.852,157.8,157.818,2832.0,157.808,157.827,157.8226525706547
2024-12-30T04:00:00Z,157.816,157.826,157.76,157.795,3060.0,157.789,157.801,157.81896556123408
2024-12-30T05:00:00Z,157.797,157.962,157.772,157.857,6797.0,157.85,157.864,157.8240368197362
2024-12-30T06:00:00Z,157.862,158.074,157.822,157.874,8422.0,157.864,157.883,157.8306985771047
2024-12-30T07:00:00Z,157.876,157.898,157.81,157.894,8010.0,157.886,157.903,157.83913876682408
2024-12-30T08:00:00Z,157.892,157.935,157.814,157.9,9046.0,157.89,157.909,157.8472535979142
2024-12-30T09:00:00Z,157.9,157.986,157.852,157.876,7465.0,157.868,157.885,157.85108645152565
2024-12-30T10:00:00Z,157.877,157.882,157.76,157.784,6489.0,157.776,157.791,157.84214159132222
2024-12-30T11:00:00Z,157.783,157.783,157.56,157.638,7526.0,157.629,157.648,157.81492271247927
2024-12-30T12:00:00Z,157.638,157.653,157.488,157.559,10733.0,157.55,157.568,157.78079968414872
2024-12-30T13:00:00Z,157.558,157.648,157.453,157.461,14294.0,157.451,157.471,157.73815972626224
2024-12-30T14:00:00Z,157.462,157.552,157.065,157.089,20005.0,157.078,157.1,157.65160509609393
2024-12-30T15:00:00Z,157.09,157.28,156.668,157.177,31398.0,157.168,157.186,157.58832441661474
2024-12-30T16:00:00Z,157.175,157.297,157.008,157.262,15298.0,157.253,157.271,157.54481449439945
2024-12-30T17:00:00Z,157.262,157.356,157.117,157.15,8930.0,157.141,157.16,157.49217256181285
2024-12-30T18:00:00Z,157.151,157.153,156.946,156.974,7056.0,156.965,156.983,157.42308288690447
2024-12-30T19:00:00Z,156.974,157.102,156.922,157.09,5476.0,157.083,157.098,157.37867183531722
2024-12-30T20:00:00Z,157.09,157.116,156.802,156.826,5890.0,156.817,156.835,157.30498225727493
2024-12-30T21:00:00Z,156.826,156.882,156.761,156.86,4642.0,156.844,156.876,157.2456512896383
2024-12-30T22:00:00Z,156.887,156.926,156.866,156.887,767.0,156.863,156.911,157.19783111768652
2024-12-30T23:00:00Z,156.886,157.068,156.868,157.009,4108.0,156.998,157.02,157.17265363532832
2024-12-31T00:00:00Z,157.01,157.049,156.694,156.695,6623.0,156.685,156.705,157.1089664839512
2024-12-31T01:00:00Z,156.696,156.746,156.368,156.444,11957.0,156.433,156.455,157.02030428609106
2024-12-31T02:00:00Z,156.446,156.51,156.374,156.393,9545.0,156.382,156.404,156.93666371461225
2024-12-31T03:00:00Z,156.392,156.486,156.33,156.442,6666.0,156.434,156.45,156.87070855266396
2024-12-31T04:00:00Z,156.441,156.464,156.146,156.231,6159.0,156.222,156.24,156.78541407897544
2024-12-31T05:00:00Z,156.23,156.242,156.138,156.238,6088.0,156.227,156.249,156.71242553511206
2024-12-31T06:00:00Z,156.237,156.382,156.147,156.361,6091.0,156.351,156.371,156.66556879709714
2024-12-31T07:00:00Z,156.36,156.366,156.066,156.208,8562.0,156.199,156.216,156.60455962415085
2024-12-31T08:00:00Z,156.208,156.26,156.02,156.152,11101.0,156.141,156.163,156.54421834093074
2024-12-31T09:00:00Z,156.151,156.674,156.132,156.643,8691.0,156.632,156.654,156.55738922880664
2024-12-31T10:00:00Z,156.644,156.966,156.612,156.836,13296.0,156.828,156.844,156.59453733163244
2024-12-31T11:00:00Z,156.837,156.84,156.636,156.806,7571.0,156.798,156.814,156.62273235408145
2024-12-31T12:00:00Z,156.806,156.896,156.556,156.896,10449.0,156.887,156.904,156.65916804020392
2024-12-31T13:00:00Z,156.896,157.089,156.83,157.012,14484.0,157.003,157.022,156.70621230151008
2024-12-31T14:00:00Z,157.01,157.066,156.686,156.776,18399.0,156.766,156.787,156.71551732797542
2024-12-31T15:00:00Z,156.777,157.196,156.706,157.16,25712.0,157.152,157.169,156.77478168424537
2024-12-31T16:00:00Z,157.156,157.424,157.104,157.372,15574.0,157.364,157.38,156.85441079301265
2024-12-31T17:00:00Z,157.372,157.55,157.312,157.372,13986.0,157.362,157.382,156.92342268727762
2024-12-31T18:00:00Z,157.372,157.399,157.236,157.298,8180.0,157.289,157.308,156.97336632897395
2024-12-31T19:00:00Z,157.3,157.316,157.236,157.31,5566.0,157.302,157.319,157.0182508184441
2024-12-31T20:00:00Z,157.311,157.382,157.3,157.348,5184.0,157.339,157.357,157.0622173759849
2024-12-31T21:00:00Z,157.348,157.352,157.198,157.203,3361.0,157.18,157.226,157.08098839252023
2025-01-01T22:00:00Z,157.236,157.292,157.198,157.264,890.0,157.227,157.302,157.1053899401842
2025-01-01T23:00:00Z,157.262,157.782,157.248,157.7,7007.0,157.687,157.712,157.184671281493
2025-01-02T00:00:00Z,157.704,157.778,157.296,157.438,12088.0,157.428,157.448,157.2184484439606
2025-01-02T01:00:00Z,157.437,157.668,157.42,157.512,10351.0,157.501,157.522,157.2575886514325
2025-01-02T02:00:00Z,157.512,157.512,157.268,157.29,5373.0,157.281,157.299,157.26191016457486
2025-01-02T03:00:00Z,157.29,157.305,157.132,157.158,3877.0,157.148,157.168,157.2480554759649
2025-01-02T04:00:00Z,157.158,157.159,156.996,157.023,4699.0,157.013,157.033,157.21804807916956
2025-01-02T05:00:00Z,157.022,157.212,156.976,157.21,5409.0,157.202,157.219,157.21697500194696
2025-01-02T06:00:00Z,157.211,157.214,156.662,156.666,9978.0,156.655,156.677,157.14351166835405
2025-01-02T07:00:00Z,156.666,156.75,156.438,156.672,14686.0,156.662,156.683,157.08064344590684
2025-01-02T08:00:00Z,156.673,156.831,156.464,156.783,19029.0,156.771,156.795,157.04095765311928
2025-01-02T09:00:00Z,156.782,156.924,156.752,156.794,11633.0,156.783,156.804,157.0080299660367
2025-01-02T10:00:00Z,156.798,157.169,156.792,157.136,13089.0,157.125,157.146,157.0250926372318
2025-01-02T11:00:00Z,157.134,157.289,157.054,157.206,12041.0,157.195,157.218,157.04921361893423
2025-01-02T12:00:00Z,157.206,157.219,157.018,157.08,12080.0,157.07,157.091,157.053318469743
2025-01-02T13:00:00Z,157.08,157.242,156.719,156.83,22477.0,156.819,156.841,157.02354267377729
2025-01-02T14:00:00Z,156.826,157.12,156.634,157.031,23625.0,157.021,157.041,157.02453698394032
2025-01-02T15:00:00Z,157.032,157.188,156.784,157.152,27952.0,157.143,157.16,157.0415320527483
2025-01-02T16:00:00Z,157.151,157.753,157.134,157.66,22882.0,157.652,157.668,157.1239944457152
2025-01-02T17:00:00Z,157.66,157.851,157.49,157.568,14555.0,157.558,157.579,157.18319518628653
2025-01-02T18:00:00Z,157.568,157.636,157.464,157.502,10938.0,157.492,157.511,157.22570249478167
2025-01-02T19:00:00Z,157.502,157.679,157.474,157.622,8172.0,157.615,157.629,157.2785421621441
2025-01-02T20:00:00Z,157.622,157.657,157.564,157.631,4629.0,157.622,157.64,157.3255365405249
2025-01-02T21:00:00Z,157.63,157.637,157.502,157.54,5434.0,157.534,157.547,157.35413166845493
2025-01-02T22:00:00Z,157.505,157.517,157.456,157.469,6610.0,157.453,157.485,157.36944744599427
2025-01-02T23:00:00Z,157.466,157.566,157.354,157.359,3228.0,157.348,157.37,157.36805445319504
2025-01-03T00:00:00Z,157.363,157.403,157.176,157.214,9747.0,157.204,157.225,157.3475138594357
2025-01-03T01:00:00Z,157.214,157.41,157.187,157.282,7024.0,157.273,157.291,157.33877867817762
2025-01-03T02:00:00Z,157.282,157.361,157.25,157.314,7040.0,157.304,157.323,157.3354748544206
2025-01-03T03:00:00Z,157.313,157.463,157.185,157.312,7312.0,157.301,157.322,157.3323448738312
2025-01-03T04:00:00Z,157.313,157.39,157.252,157.286,5777.0,157.276,157.295,157.3261655573204
2025-01-03T05:00:00Z,157.287,157.358,157.242,157.302,6016.0,157.292,157.311,157.32294348301102
2025-01-03T06:00:00Z,157.301,157.301,157.132,157.174,4592.0,157.164,157.184,157.30308435194289
2025-01-03T07:00:00Z,157.171,157.269,157.04,157.14,12622.0,157.13,157.149,157.28133977168383
2025-01-03T08:00:00Z,157.138,157.428,157.13,157.334,12034.0,157.324,157.343,157.28836113545933
2025-01-03T09:00:00Z,157.331,157.338,157.09,157.256,11101.0,157.247,157.265,157.2840463173981
2025-01-03T10:00:00Z,157.256,157.383,157.169,157.374,8207.0,157.366,157.381,157.296040141745
2025-01-03T11:00:00Z,157.374,157.391,157.202,157.247,7353.0,157.239,157.255,157.289501456179
2025-01-03T12:00:00Z,157.246,157.258,157.062,157.168,8307.0,157.159,157.177,157.27330126202182
2025-01-03T13:00:00Z,157.168,157.242,157.026,157.185,11048.0,157.176,157.194,157.26152776041891
2025-01-03T14:00:00Z,157.186,157.314,157.119,157.136,11260.0,157.12,157.152,157.2447907256964
2025-01-03T15:00:00Z,157.162,157.498,157.162,157.4,19114.0,157.394,157.406,157.26548529560355
2025-01-03T16:00:00Z,157.4,157.404,157.202,157.206,8661.0,157.199,157.214,157.25755392285643
2025-01-03T17:00:00Z,157.206,157.214,156.875,157.17,9308.0,157.159,157.18,157.24588006647556
2025-01-03T18:00:00Z,157.169,157.243,157.107,157.168,5510.0,157.158,157.178,157.23549605761215
2025-01-03T19:00:00Z,157.167,157.232,157.11,157.206,4123.0,157.198,157.214,157.23156324993053
2025-01-03T20:00:00Z,157.206,157.356,157.141,157.342,4540.0,157.336,157.348,157.2462881499398
2025-01-03T21:00:00Z,157.341,157.382,157.278,157.292,2999.0,157.243,157.341,157.25238306328117
2025-01-05T22:00:00Z,157.249,157.394,157.198,157.348,1126.0,157.32,157.377,157.26513198817702
2025-01-05T23:00:00Z,157.351,157.529,157.346,157.511,5867.0,157.5,157.522,157.29791438975343
2025-01-06T00:00:00Z,157.51,157.83,157.502,157.594,13416.0,157.584,157.603,157.33739247111964
2025-01-06T01:00:00Z,157.593,157.674,157.488,157.62,9978.0,157.61,157.63,157.37507347497035
2025-01-06T02:00:00Z,157.62,157.78,157.57,157.718,8230.0,157.708,157.727,157.42079701164099
2025-01-06T03:00:00Z,157.716,157.786,157.656,157.719,7876.0,157.709,157.729,157.46055741008885
2025-01-06T04:00:00Z,157.719,157.756,157.662,157.72,5766.0,157.712,157.728,157.49514975541035
2025-01-06T05:00:00Z,157.72,157.808,157.676,157.78,6341.0,157.773,157.788,157.5331297880223
2025-01-06T06:00:00Z,157.781,157.794,157.63,157.652,6762.0,157.643,157.662,157.54897914961933
2025-01-06T07:00:00Z,157.65,157.698,157.535,157.665,7608.0,157.656,157.674,157.56444859633675
2025-01-06T08:00:00Z,157.664,157.767,157.62,157.668,12091.0,157.659,157.677,157.5782554501585
2025-01-06T09:00:00Z,157.668,157.768,157.59,157.74,11441.0,157.731,157.748,157.59982139013738
2025-01-06T10:00:00Z,157.738,157.918,157.686,157.904,8253.0,157.894,157.915,157.64037853811905
2025-01-06T11:00:00Z,157.905,157.966,157.168,157.203,29091.0,157.194,157.212,157.58206139970318
2025-01-06T12:00:00Z,157.202,157.215,156.62,156.788,23961.0,156.779,156.798,157.47618654640942
2025-01-06T13:00:00Z,156.789,156.816,156.237,156.613,23973.0,156.605,156.621,157.36109500688818
2025-01-06T14:00:00Z,156.614,157.423,156.468,157.293,34583.0,157.279,157.307,157.3520156726364
2025-01-06T15:00:00Z,157.292,157.659,157.196,157.535,20769.0,157.526,157.544,157.37641358295156
2025-01-06T16:00:00Z,157.532,157.614,157.348,157.546,14855.0,157.537,157.554,157.3990251052247
2025-01-06T17:00:00Z,157.545,157.604,157.468,157.512,8880.0,157.505,157.518,157.41408842452807
2025-01-06T18:00:00Z,157.51,157.673,157.434,157.538,8428.0,157.528,157.547,157.43060996792434
2025-01-06T19:00:00Z,157.538,157.594,157.474,157.548,8812.0,157.54,157.555,157.44626197220109
2025-01-06T20:00:00Z,157.548,157.642,157.492,157.628,6008.0,157.621,157.635,157.47049370924094
2025-01-06T21:00:00Z,157.628,157.666,157.591,157.65,3631.0,157.643,157.658,157.49442788134215
2025-01-06T22:00:00Z,157.557,157.648,157.545,157.628,705.0,157.599,157.658,157.5122374971632
2025-01-06T23:00:00Z,157.626,157.813,157.621,157.742,3888.0,157.732,157.751,157.54287249754145
2025-01-07T00:00:00Z,157.741,158.225,157.737,158.105,18281.0,158.096,158.114,157.6178228312026
2025-01-07T01:00:00Z,158.106,158.42,158.044,158.312,13721.0,158.303,158.322,157.71037978704226
2025-01-07T02:00:00Z,158.313,158.318,158.142,158.28,8342.0,158.272,158.289,157.78632914876997
2025-01-07T03:00:00Z,158.281,158.311,158.088,158.125,6545.0,158.116,158.134,157.8314852622673
2025-01-07T04:00:00Z,158.126,158.156,158.015,158.085,6314.0,158.076,158.094,157.86528722729832
2025-01-07T05:00:00Z,158.086,158.156,157.787,157.866,9497.0,157.857,157.874,157.86538226365855
2025-01-07T06:00:00Z,157.866,157.866,157.682,157.758,10831.0,157.749,157.768,157.85106462850408
2025-01-07T07:00:00Z,157.759,157.796,157.455,157.496,17090.0,157.487,157.504,157.80372267803688
2025-01-07T08:00:00Z,157.498,157.604,157.402,157.43,19475.0,157.42,157.44,157.75389298763196
2025-01-07T09:00:00Z,157.432,157.686,157.364,157.608,12937.0,157.598,157.617,157.73444058928104
2025-01-07T10:00:00Z,157.61,157.784,157.563,157.748,10939.0,157.74,157.756,157.73624851071023
2025-01-07T11:00:00Z,157.748,157.853,157.623,157.714,8293.0,157.704,157.724,157.73328204261554
2025-01-07T12:00:00Z,157.716,157.854,157.684,157.744,9651.0,157.735,157.754,157.73471110360015
2025-01-07T13:00:00Z,157.744,157.784,157.582,157.674,10632.0,157.665,157.684,157.7266162897868
2025-01-07T14:00:00Z,157.673,157.84,157.536,157.766,13220.0,157.743,157.788,157.73186745114856
2025-01-07T15:00:00Z,157.765,158.428,157.765,157.942,32268.0,157.934,157.95,157.75988512432875
2025-01-07T16:00:00Z,157.943,158.047,157.614,157.834,26166.0,157.825,157.843,157.7697671077516
2025-01-07T17:00:00Z,157.831,157.854,157.624,157.699,15908.0,157.691,157.707,157.7603314933847
2025-01-07T18:00:00Z,157.7,157.917,157.586,157.844,11737.0,157.836,157.853,157.77148729426676
2025-01-07T19:00:00Z,157.844,157.87,157.758,157.782,7090.0,157.773,157.79,157.77288898836454
2025-01-07T20:00:00Z,157.779,157.877,157.741,157.876,6878.0,157.868,157.885,157.78663712324928
2025-01-07T21:00:00Z,157.876,158.098,157.876,158.066,4042.0,158.053,158.079,157.82388550681605
2025-01-07T22:00:00Z,158.041,158.06,157.994,158.036,1172.0,158.007,158.065,157.8521674392406
2025-01-07T23:00:00Z,158.037,158.245,158.037,158.224,5706.0,158.214,158.235,157.90174511400852
2025-01-08T00:00:00Z,158.224,158.232,157.903,158.17,13738.0,158.16,158.179,157.93751243214072
2025-01-08T01:00:00Z,158.17,158.172,157.932,157.972,8793.0,157.962,157.982,157.94211077452195
2025-01-08T02:00:00Z,157.97,158.145,157.934,158.104,6095.0,158.096,158.113,157.9636960045857
2025-01-08T03:00:00Z,158.105,158.214,158.076,158.198,5607.0,158.191,158.206,157.9949365373076
2025-01-08T04:00:00Z,158.198,158.262,158.162,158.227,4170.0,158.219,158.235,158.02587833233326
2025-01-08T05:00:00Z,158.225,158.267,158.1,158.176,6027.0,158.167,158.184,158.04589455468883
2025-01-08T06:00:00Z,158.176,158.176,157.992,158.054,6942.0,158.044,158.063,158.04697528073032
2025-01-08T07:00:00Z,158.05,158.135,157.93,158.114,12747.0,158.106,158.122,158.05591190996628
2025-01-08T08:00:00Z,158.115,158.286,158.1,158.248,12780.0,158.241,158.255,158.08152365530412
2025-01-08T09:00:00Z,158.249,158.25,158.054,158.165,10080.0,158.158,158.172,158.09265383459692
2025-01-08T10:00:00Z,158.163,158.35,158.15,158.328,8222.0,158.319,158.336,158.12403332331732
2025-01-08T11:00:00Z,158.327,158.554,158.315,158.374,13833.0,158.365,158.382,158.1573622135417
2025-01-08T12:00:00Z,158.374,158.55,158.352,158.509,11961.0,158.498,158.52,158.20424725173612
2025-01-08T13:00:00Z,158.508,158.51,158.18,158.22,28651.0,158.212,158.229,158.20634761817132
2025-01-08T14:00:00Z,158.219,158.468,158.146,158.351,19331.0,158.344,158.358,158.22563460241514
2025-01-08T15:00:00Z,158.352,158.42,158.219,158.372,15099.0,158.364,158.381,158.2451499887598
2025-01-08T16:00:00Z,158.374,158.446,158.29,158.324,12106.0,158.316,158.331,158.25566332359185
2025-01-08T17:00:00Z,158.323,158.499,158.312,158.394,9777.0,158.386,158.401,158.2741082137796
2025-01-08T18:00:00Z,158.393,158.504,158.272,158.465,10803.0,158.444,158.486,158.29956045194234
2025-01-08T19:00:00Z,158.464,158.524,158.354,158.47,9617.0,158.462,158.478,158.3222857250167
2025-01-08T20:00:00Z,158.469,158.469,158.333,158.362,5594.0,158.352,158.372,158.32758096168115
2025-01-08T21:00:00Z,158.365,158.436,158.343,158.354,4117.0,158.344,158.365,158.33110350012367
2025-01-08T22:00:00Z,158.316,158.338,158.246,158.314,1198.0,158.296,158.331,158.32882303344053
2025-01-08T23:00:00Z,158.308,158.4,158.181,158.192,5258.0,158.179,158.206,158.31057996231513
2025-01-09T00:00:00Z,158.192,158.33,158.099,158.264,10595.0,158.258,158.27,158.30436930067313
2025-01-09T01:00:00Z,158.264,158.289,158.074,158.112,8083.0,158.104,158.121,158.2787200605834
2025-01-09T02:00:00Z,158.104,158.14,157.99,158.091,5361.0,158.082,158.1,158.25369071917228
2025-01-09T03:00:00Z,158.09,158.098,157.916,157.976,6434.0,157.966,157.986,158.2166652899493
2025-01-09T04:00:00Z,157.976,157.98,157.764,157.93,7641.0,157.921,157.939,158.1784432512894
2025-01-09T05:00:00Z,157.931,158.148,157.896,158.06,8993.0,158.052,158.068,158.16265081778414
2025-01-09T06:00:00Z,158.06,158.199,158.034,158.148,8583.0,158.141,158.156,158.16069737541292
2025-01-09T07:00:00Z,158.149,158.206,158.028,158.194,10979.0,158.188,158.2,158.16513772535788
2025-01-09T08:00:00Z,158.192,158.287,158.066,158.136,12967.0,158.128,158.143,158.16125269531017
2025-01-09T09:00:00Z,158.136,158.178,158.014,158.085,9318.0,158.076,158.094,158.1510856692688
2025-01-09T10:00:00Z,158.084,158.104,157.958,157.994,7715.0,157.987,158.001,158.1301409133663
2025-01-09T11:00:00Z,157.994,158.022,157.825,157.91,8884.0,157.901,157.918,158.1007887915841
2025-01-09T12:00:00Z,157.91,157.934,157.651,157.748,10399.0,157.739,157.757,158.05375028603956
2025-01-09T13:00:00Z,157.748,157.846,157.574,157.66,12391.0,157.65,157.669,158.00125024790094
2025-01-09T14:00:00Z,157.659,157.866,157.656,157.821,9951.0,157.814,157.828,157.97721688151415
2025-01-09T15:00:00Z,157.821,157.98,157.818,157.974,9496.0,157.966,157.981,157.97678796397892
2025-01-09T16:00:00Z,157.968,158.033,157.924,158.014,6927.0,158.005,158.023,157.98174956878174
2025-01-09T17:00:00Z,158.013,158.138,157.986,158.108,5732.0,158.098,158.117,157.99858295961084
2025-01-09T18:00:00Z,158.109,158.166,158.063,158.076,3234.0,158.067,158.084,158.00890523166274
2025-01-09T19:00:00Z,158.074,158.126,158.06,158.113,2581.0,158.104,158.122,158.0227845341077
2025-01-09T20:00:00Z,158.112,158.13,158.083,158.122,2460.0,158.116,158.128,158.03601326289333
2025-01-09T21:00:00Z,158.125,158.152,158.084,158.117,1693.0,158.096,158.138,158.04681149450755
2025-01-09T22:00:00Z,158.134,158.193,158.118,158.137,866.0,158.111,158.163,158.0588366285732
2025-01-09T23:00:00Z,158.146,158.162,158.012,158.047,3409.0,158.038,158.056,158.05725841143013
2025-01-10T00:00:00Z,158.039,158.234,157.954,158.008,12608.0,157.997,158.018,158.05069062323946
2025-01-10T01:00:00Z,158.008,158.173,157.936,158.132,10536.0,158.123,158.14,158.0615318734742
2025-01-10T02:00:00Z,158.132,158.284,158.106,158.264,6462.0,158.256,158.272,158.08852762367763
2025-01-10T03:00:00Z,158.264,158.276,158.184,158.232,3722.0,158.223,158.241,158.10765727385396
2025-01-10T04:00:00Z,158.232,158.411,158.229,158.386,5669.0,158.376,158.396,158.1447696373401
2025-01-10T05:00:00Z,158.386,158.425,158.354,158.413,6055.0,158.405,158.421,158.18053368569474
2025-01-10T06:00:00Z,158.412,158.426,158.305,158.327,7056.0,158.318,158.336,158.2000625276021
2025-01-10T07:00:00Z,158.331,158.447,158.264,158.39,8722.0,158.383,158.398,158.22538752392182
2025-01-10T08:00:00Z,158.391,158.428,157.75,157.827,18567.0,157.819,157.835,158.1722691873989
2025-01-10T09:00:00Z,157.826,157.951,157.622,157.933,15082.0,157.924,157.942,158.14036662907907
2025-01-10T10:00:00Z,157.934,158.132,157.864,158.079,9752.0,158.071,158.087,158.13218441186854
2025-01-10T11:00:00Z,158.08,158.174,157.992,157.994,7713.0,157.986,158.003,158.1137598236194
2025-01-10T12:00:00Z,157.995,158.029,157.894,157.994,8776.0,157.987,158.001,158.09779184713682
2025-01-10T13:00:00Z,157.992,158.88,157.902,158.551,36981.0,158.542,158.56,158.1582196008519
2025-01-10T14:00:00Z,158.552,158.658,157.765,157.969,42505.0,157.952,157.986,158.13299032073832
2025-01-10T15:00:00Z,157.991,158.165,157.228,157.557,40422.0,157.548,157.566,158.05619161130653
2025-01-10T16:00:00Z,157.559,157.876,157.542,157.69,21891.0,157.681,157.7,158.00736606313234
2025-01-10T17:00:00Z,157.69,157.804,157.58,157.671,13805.0,157.664,157.678,157.9625172547147
2025-01-10T18:00:00Z,157.672,157.96,157.665,157.897,8765.0,157.888,157.906,157.95378162075275
2025-01-10T19:00:00Z,157.898,157.986,157.808,157.875,7560.0,157.866,157.884,157.94327740465238
2025-01-10T20:00:00Z,157.876,157.939,157.811,157.818,5694.0,157.807,157.829,157.92657375069874
2025-01-10T21:00:00Z,157.816,157.818,157.686,157.742,6355.0,157.696,157.789,157.90196391727224
2025-01-12T22:00:00Z,157.79,157.842,157.68,157.727,2050.0,157.707,157.747,157.87863539496928
2025-01-12T23:00:00Z,157.726,157.932,157.702,157.913,5378.0,157.902,157.924,157.88321734230672
2025-01-13T00:00:00Z,157.909,157.966,157.788,157.794,8532.0,157.784,157.803,157.87132169666583
2025-01-13T01:00:00Z,157.793,157.87,157.269,157.448,12195.0,157.439,157.457,157.81487880377705
2025-01-13T02:00:00Z,157.449,157.654,157.4,157.517,8811.0,157.508,157.526,157.7751616299401
2025-01-13T03:00:00Z,157.51,157.644,157.411,157.417,9371.0,157.407,157.427,157.7274067459481
2025-01-13T04:00:00Z,157.417,157.586,157.408,157.544,6983.0,157.535,157.552,157.70295251315503
2025-01-13T05:00:00Z,157.545,157.548,157.284,157.407,7725.0,157.398,157.416,157.66349217806768
2025-01-13T06:00:00Z,157.408,157.599,157.248,157.532,9242.0,157.523,157.54,157.64595988765868
2025-01-13T07:00:00Z,157.531,157.551,157.298,157.465,15775.0,157.455,157.475,157.62183190263752
2025-01-13T08:00:00Z,157.464,157.67,157.386,157.606,18976.0,157.596,157.615,157.61972098228586
2025-01-13T09:00:00Z,157.606,157.617,157.037,157.113,19253.0,157.105,157.121,157.55215818464774
2025-01-13T10:00:00Z,157.112,157.435,157.012,157.431,12522.0,157.423,157.439,157.53600376002805
2025-01-13T11:00:00Z,157.432,157.475,157.222,157.315,8663.0,157.309,157.321,157.5065365920243
2025-01-13T12:00:00Z,157.316,157.463,156.924,157.034,13095.0,157.025,157.044,157.44353171308774
2025-01-13T13:00:00Z,157.034,157.206,156.912,157.2,18860.0,157.19,157.209,157.41106081800936
2025-01-13T14:00:00Z,157.2,157.429,157.104,157.356,20976.0,157.345,157.366,157.40371937560812
2025-01-13T15:00:00Z,157.355,157.586,157.311,157.521,19089.0,157.514,157.528,157.4193567921937
2025-01-13T16:00:00Z,157.523,157.792,157.466,157.514,13968.0,157.504,157.524,157.43197588656787
2025-01-13T17:00:00Z,157.513,157.572,157.308,157.334,9949.0,157.325,157.343,157.4189124350255
2025-01-13T18:00:00Z,157.332,157.528,157.296,157.482,5780.0,157.474,157.49,157.42732411035544
2025-01-13T19:00:00Z,157.482,157.822,157.482,157.815,7137.0,157.806,157.824,157.47901422897473
2025-01-13T20:00:00Z,157.815,157.816,157.612,157.655,6342.0,157.644,157.666,157.5024789984448
2025-01-13T21:00:00Z,157.654,157.7,157.468,157.477,6813.0,157.464,157.49,157.49908179865216
2025-01-13T22:00:00Z,157.491,157.499,157.205,157.348,1942.0,157.303,157.393,157.4789375588319
2025-01-13T23:00:00Z,157.338,157.458,157.12,157.309,7878.0,157.299,157.319,157.4562792176543
2025-01-14T00:00:00Z,157.31,157.582,157.146,157.54,14541.0,157.53,157.551,157.46744198863374
2025-01-14T01:00:00Z,157.54,158.036,157.172,157.44,21613.0,157.43,157.45,157.4637830568159
2025-01-14T02:00:00Z,157.44,157.736,157.439,157.694,9726.0,157.685,157.704,157.49447864924045
2025-01-14T03:00:00Z,157.694,157.756,157.524,157.559,6921.0,157.551,157.567,157.5030814960084
2025-01-14T04:00:00Z,157.558,157.588,157.466,157.488,5388.0,157.478,157.497,157.50107062987396
2025-01-14T05:00:00Z,157.487,157.723,157.354,157.583,10721.0,157.574,157.592,157.51199454589076
2025-01-14T06:00:00Z,157.582,157.701,157.46,157.484,8065.0,157.474,157.493,157.50826193977198
2025-01-14T07:00:00Z,157.484,157.556,157.298,157.527,15432.0,157.519,157.535,157.5107603478024
2025-01-14T08:00:00Z,157.526,157.733,157.39,157.696,15279.0,157.688,157.704,157.5354589680954
2025-01-14T09:00:00Z,157.698,158.03,157.682,157.941,15280.0,157.933,157.949,157.5895311056827
2025-01-14T10:00:00Z,157.942,157.984,157.83,157.832,8503.0,157.824,157.84,157.62186029159167
2025-01-14T11:00:00Z,157.833,157.957,157.832,157.94,6943.0,157.93,157.95,157.66427891937946
2025-01-14T12:00:00Z,157.942,158.136,157.843,157.863,11361.0,157.855,157.871,157.6907750634622
2025-01-14T13:00:00Z,157.862,157.928,157.394,157.78,28094.0,157.772,157.787,157.70267172166726
2025-01-14T14:00:00Z,157.779,157.919,157.625,157.812,22884.0,157.804,157.819,157.71724882544495
2025-01-14T15:00:00Z,157.812,158.154,157.746,157.966,21725.0,157.957,157.975,157.75041564871896
2025-01-14T16:00:00Z,157.966,158.082,157.833,157.953,19026.0,157.946,157.96,157.77742689555643
2025-01-14T17:00:00Z,157.954,158.198,157.904,158.134,9385.0,158.126,158.142,157.8249699761489
2025-01-14T18:00:00Z,158.133,158.142,157.978,158.009,5892.0,158.0,158.018,157.84950731266238
2025-01-14T19:00:00Z,158.008,158.079,157.911,157.941,4695.0,157.933,157.949,157.86170633764073
2025-01-14T20:00:00Z,157.94,157.99,157.872,157.985,4381.0,157.978,157.992,157.87814549262197
2025-01-14T21:00:00Z,157.984,158.024,157.927,157.977,5456.0,157.964,157.99,157.8913260936057
2025-01-14T22:00:00Z,158.035,158.064,157.944,157.958,941.0,157.933,157.982,157.90021594779162
2025-01-14T23:00:00Z,157.96,158.072,157.912,158.049,2674.0,158.038,158.06,157.9200538214194
2025-01-15T00:00:00Z,158.054,158.085,157.898,157.974,10529.0,157.965,157.983,157.92724664523016
2025-01-15T01:00:00Z,157.976,158.04,157.83,157.902,9421.0,157.892,157.911,157.92388042586614
2025-01-15T02:00:00Z,157.901,157.976,157.879,157.95,5937.0,157.942,157.958,157.92736303575066
2025-01-15T03:00:00Z,157.95,157.957,157.844,157.89,5203.0,157.881,157.9,157.9223812976506
2025-01-15T04:00:00Z,157.888,157.938,157.588,157.608,8799.0,157.602,157.615,157.8804637912972
2025-01-15T05:00:00Z,157.608,157.608,157.196,157.324,14964.0,157.315,157.333,157.80626861912424
2025-01-15T06:00:00Z,157.324,157.446,157.286,157.346,9782.0,157.337,157.355,157.74489946990766
2025-01-15T07:00:00Z,157.348,157.349,156.842,156.886,14444.0,156.878,156.893,157.63037954058666
2025-01-15T08:00:00Z,156.884,157.223,156.721,157.111,15722.0,157.102,157.12,157.5611289351751
2025-01-15T09:00:00Z,157.112,157.126,156.711,156.867,14332.0,156.858,156.876,157.4685784104851
2025-01-15T10:00:00Z,156.868,156.93,156.75,156.791,9049.0,156.781,156.801,157.37823462242042
2025-01-15T11:00:00Z,156.79,157.064,156.717,157.014,8378.0,157.006,157.023,157.3296700060977
2025-01-15T12:00:00Z,157.014,157.056,156.857,156.981,8700.0,156.973,156.989,157.28318067195136
2025-01-15T13:00:00Z,156.982,157.094,156.252,156.4,32064.0,156.391,156.409,157.1654232490245
2025-01-15T14:00:00Z,156.398,156.464,155.936,156.286,29284.0,156.278,156.294,157.04816681582125
2025-01-15T15:00:00Z,156.285,156.53,156.078,156.294,24049.0,156.286,156.301,156.94761124037842
2025-01-15T16:00:00Z,156.294,156.74,156.288,156.601,19651.0,156.593,156.609,156.90139640832797
2025-01-15T17:00:00Z,156.601,156.612,156.48,156.55,10033.0,156.542,156.557,156.85454355388424
2025-01-15T18:00:00Z,156.548,156.576,156.405,156.5,6969.0,156.489,156.51,156.80727108003302
2025-01-15T19:00:00Z,156.501,156.568,156.434,156.464,6274.0,156.457,156.472,156.7615016026953
2025-01-15T20:00:00Z,156.464,156.511,156.406,156.444,5078.0,156.436,156.452,156.71916805566926
2025-01-15T21:00:00Z,156.442,156.557,156.442,156.466,4652.0,156.454,156.478,156.68541231491335
2025-01-15T22:00:00Z,156.419,156.454,156.344,156.378,2203.0,156.341,156.415,156.64442400625825
2025-01-15T23:00:00Z,156.382,156.41,156.218,156.222,3535.0,156.212,156.231,156.5881008054238
2025-01-16T00:00:00Z,156.221,156.532,156.166,156.186,13261.0,156.176,156.196,156.53448736470062
2025-01-16T01:00:00Z,156.184,156.184,155.48,155.555,18558.0,155.545,155.565,156.4038890494072
2025-01-16T02:00:00Z,155.554,155.78,155.206,155.732,20478.0,155.723,155.742,156.31430384281958
2025-01-16T03:00:00Z,155.73,155.862,155.704,155.778,10739.0,155.768,155.788,156.24279666377697
2025-01-16T04:00:00Z,155.778,155.973,155.607,155.955,7875.0,155.945,155.965,156.20442377527337
2025-01-16T05:00:00Z,155.954,156.12,155.95,156.114,8835.0,156.105,156.124,156.1923672719036
2025-01-16T06:00:00Z,156.113,156.314,156.032,156.1,9584.0,156.091,156.11,156.1800516356498
2025-01-16T07:00:00Z,156.1,156.246,156.026,156.188,11270.0,156.178,156.197,156.18111141756316
2025-01-16T08:00:00Z,156.187,156.236,155.86,155.898,13687.0,155.89,155.905,156.14336322855473
2025-01-16T09:00:00Z,155.898,155.935,155.612,155.684,10448.0,155.675,155.694,156.08211479808077
2025-01-16T10:00:00Z,155.683,155.77,155.632,155.668,8321.0,155.658,155.677,156.02689949167
2025-01-16T11:00:00Z,155.664,155.88,155.646,155.783,7724.0,155.774,155.792,155.99437955944734
2025-01-16T12:00:00Z,155.784,156.203,155.782,156.11,10821.0,156.102,156.119,156.0097956181877
2025-01-16T13:00:00Z,156.108,156.368,155.846,155.91,24465.0,155.9,155.919,155.99648953576266
2025-01-16T14:00:00Z,155.912,156.178,155.898,156.125,20311.0,156.116,156.134,156.01362426432763
2025-01-16T15:00:00Z,156.125,156.198,155.391,155.428,30411.0,155.419,155.436,155.93554102908396
2025-01-16T16:00:00Z,155.428,155.558,155.102,155.442,23746.0,155.433,155.45,155.86973555853945
2025-01-16T17:00:00Z,155.442,155.515,155.172,155.27,14618.0,155.26,155.279,155.78977081740086
2025-01-16T18:00:00Z,155.27,155.387,155.152,155.354,7977.0,155.344,155.364,155.7316680417474
2025-01-16T19:00:00Z,155.353,155.38,155.172,155.294,8071.0,155.286,155.303,155.67331230284776
2025-01-16T20:00:00Z,155.295,155.316,155.171,155.208,5417.0,155.198,155.217,155.61127066246806
2025-01-16T21:00:00Z,155.206,155.24,155.102,155.122,3289.0,155.105,155.139,155.546034574139
2025-01-16T22:00:00Z,155.164,155.245,155.123,155.18,1429.0,155.156,155.203,155.4972299642538
2025-01-16T23:00:00Z,155.18,155.406,155.175,155.368,3181.0,155.357,155.38,155.4799993023533
2025-01-17T00:00:00Z,155.368,155.487,154.978,155.188,14568.0,155.177,155.199,155.4410660620395
2025-01-17T01:00:00Z,155.188,155.376,155.145,155.217,11261.0,155.208,155.226,155.41119058710092
2025-01-17T02:00:00Z,155.217,155.468,155.163,155.437,9137.0,155.427,155.447,155.41463184215414
2025-01-17T03:00:00Z,155.436,155.464,155.35,155.448,6725.0,155.44,155.456,155.41908092986694
2025-01-17T04:00:00Z,155.446,155.498,155.364,155.39,5344.0,155.38,155.399,155.41520347255135
2025-01-17T05:00:00Z,155.389,155.693,155.366,155.565,8065.0,155.557,155.573,155.43517634287784
2025-01-17T06:00:00Z,155.56,155.742,155.521,155.645,7826.0,155.638,155.652,155.46315283049412
2025-01-17T07:00:00Z,155.641,155.776,155.529,155.616,11374.0,155.607,155.625,155.4835324530949
2025-01-17T08:00:00Z,155.616,155.726,155.41,155.704,10984.0,155.694,155.714,155.5129281260156
2025-01-17T09:00:00Z,155.706,155.848,155.409,155.735,12684.0,155.725,155.745,155.54253770921352
2025-01-17T10:00:00Z,155.734,155.784,155.61,155.776,9059.0,155.769,155.784,155.57366601465174
2025-01-17T11:00:00Z,155.778,155.808,155.636,155.696,8455.0,155.688,155.705,155.5899772126982
2025-01-17T12:00:00Z,155.696,155.755,155.589,155.721,9531.0,155.713,155.729,155.60744691767175
2025-01-17T13:00:00Z,155.718,155.722,155.554,155.687,12312.0,155.677,155.697,155.61805399531553
2025-01-17T14:00:00Z,155.686,156.197,155.654,156.046,22762.0,156.039,156.054,155.6751134626068
2025-01-17T15:00:00Z,156.048,156.146,155.776,156.108,21293.0,156.102,156.114,155.73283166759256
2025-01-17T16:00:00Z,156.106,156.376,156.102,156.308,15179.0,156.299,156.316,155.80952077858024
2025-01-17T17:00:00Z,156.308,156.345,156.225,156.259,8297.0,156.251,156.267,155.86945134143622
2025-01-17T18:00:00Z,156.26,156.29,156.124,156.188,5446.0,156.181,156.194,155.9119244959114
2025-01-17T19:00:00Z,156.189,156.232,156.13,156.148,5341.0,156.14,156.155,155.94340122978988
2025-01-17T20:00:00Z,156.148,156.198,156.104,156.151,4683.0,156.141,156.161,155.9710810658179
2025-01-17T21:00:00Z,156.152,156.324,156.126,156.298,3517.0,156.248,156.348,156.01467025704218
2025-01-19T22:00:00Z,156.265,156.357,156.265,156.314,1114.0,156.284,156.345,156.05458088943655
2025-01-19T23:00:00Z,156.307,156.587,156.272,156.309,5453.0,156.299,156.319,156.0885034375117
2025-01-20T00:00:00Z,156.315,156.362,155.986,155.986,10178.0,155.977,155.996,156.07483631251014
2025-01-20T01:00:00Z,155.987,156.112,155.866,155.928,10960.0,155.92,155.936,156.0552581375088
2025-01-20T02:00:00Z,155.928,156.055,155.888,155.938,8138.0,155.928,155.948,156.03962371917427
2025-01-20T03:00:00Z,155.94,155.967,155.71,155.744,6341.0,155.734,155.753,156.00020722328438
2025-01-20T04:00:00Z,155.744,156.031,155.73,155.974,6247.0,155.965,155.983,155.99671292684647
2025-01-20T05:00:00Z,155.974,156.066,155.896,156.064,5977.0,156.056,156.071,156.00568453660028
2025-01-20T06:00:00Z,156.062,156.2,156.013,156.198,7804.0,156.188,156.208,156.03132659838693
2025-01-20T07:00:00Z,156.2,156.287,155.962,155.992,8675.0,155.984,156.001,156.02608305193533
2025-01-20T08:00:00Z,155.992,156.184,155.95,156.156,9981.0,156.147,156.166,156.0434053116773
2025-01-20T09:00:00Z,156.157,156.363,156.132,156.283,8932.0,156.275,156.291,156.07535127012034
2025-01-20T10:00:00Z,156.284,156.408,156.233,156.376,6923.0,156.365,156.386,156.11543776743764
2025-01-20T11:00:00Z,156.374,156.462,156.318,156.342,6021.0,156.333,156.352,156.14564606511263
2025-01-20T12:00:00Z,156.342,156.46,156.282,156.376,7388.0,156.368,156.383,156.1763599230976
2025-01-20T13:00:00Z,156.378,156.473,155.721,155.724,34018.0,155.714,155.733,156.1160452666846
2025-01-20T14:00:00Z,155.723,155.92,155.413,155.55,31265.0,155.54,155.559,156.04057256446
2025-01-20T15:00:00Z,155.551,155.935,155.528,155.693,22684.0,155.685,155.701,155.99422955586536
2025-01-20T16:00:00Z,155.692,155.728,155.6,155.684,11422.0,155.675,155.694,155.9528656150833
2025-01-20T17:00:00Z,155.685,156.067,155.632,155.827,19142.0,155.815,155.839,155.9360835330722
2025-01-20T18:00:00Z,155.83,155.903,155.694,155.698,6492.0,155.685,155.711,155.90433906199593
2025-01-20T19:00:00Z,155.698,155.778,155.596,155.643,7612.0,155.633,155.653,155.8694938537298
2025-01-20T20:00:00Z,155.644,155.65,155.49,155.61,7295.0,155.599,155.62,155.8348946732325
2025-01-20T21:00:00Z,155.612,155.728,155.512,155.644,18372.0,155.624,155.663,155.80944205013483
2025-01-20T22:00:00Z,155.583,155.663,155.567,155.65,1758.0,155.62,155.68,155.78818311011685
2025-01-20T23:00:00Z,155.644,155.658,155.166,155.28,9689.0,155.268,155.293,155.72042536210128
2025-01-21T00:00:00Z,155.28,156.244,154.9,156.024,29099.0,156.016,156.031,155.76090198048777
2025-01-21T01:00:00Z,156.023,156.194,155.468,155.547,31694.0,155.537,155.557,155.73238171642274
2025-01-21T02:00:00Z,155.548,155.584,154.953,155.142,20900.0,155.132,155.151,155.65366415423304
2025-01-21T03:00:00Z,155.141,155.247,154.775,155.191,16368.0,155.184,155.198,155.5919756003353
2025-01-21T04:00:00Z,155.192,155.194,154.954,155.066,10152.0,155.058,155.073,155.5218455202906
2025-01-21T05:00:00Z,155.065,155.331,155.006,155.312,10396.0,155.303,155.322,155.4938661175852
2025-01-21T06:00:00Z,155.318,155.553,155.318,155.52,10830.0,155.512,155.529,155.49735063524054
2025-01-21T07:00:00Z,155.52,155.751,155.498,155.678,13203.0,155.669,155.688,155.52143721720847
2025-01-21T08:00:00Z,155.678,155.776,155.614,155.746,13254.0,155.739,155.753,155.5513789215807
2025-01-21T09:00:00Z,155.748,155.958,155.706,155.9,14758.0,155.89,155.91,155.59786173203662
2025-01-21T10:00:00Z,155.9,156.003,155.809,155.983,11180.0,155.974,155.992,155.64921350109842
2025-01-21T11:00:00Z,155.984,156.056,155.872,155.912,10582.0,155.905,155.919,155.68425170095196
2025-01-21T12:00:00Z,155.911,155.955,155.716,155.821,11664.0,155.812,155.83,155.70248480749171
2025-01-21T13:00:00Z,155.82,155.84,155.46,155.492,14147.0,155.482,155.501,155.6744201664928
2025-01-21T14:00:00Z,155.492,155.678,155.332,155.584,21164.0,155.575,155.593,155.66236414429378
2025-01-21T15:00:00Z,155.584,155.736,155.253,155.333,23011.0,155.324,155.342,155.61844892505462
2025-01-21T16:00:00Z,155.334,155.578,155.306,155.496,14927.0,155.49,155.502,155.602122401714
2025-01-21T17:00:00Z,155.497,155.583,155.42,155.576,8694.0,155.567,155.584,155.59863941481882
2025-01-21T18:00:00Z,155.575,155.597,155.426,155.51,7660.0,155.501,155.519,155.5868208261763
2025-01-21T19:00:00Z,155.51,155.592,155.475,155.556,6346.0,155.549,155.563,155.58271138268614
2025-01-21T20:00:00Z,155.556,155.596,155.52,155.522,4730.0,155.513,155.53,155.57461653166132
2025-01-21T21:00:00Z,155.52,155.562,155.472,155.519,3031.0,155.469,155.569,155.56720099410649
2025-01-21T22:00:00Z,155.492,155.532,155.445,155.484,2574.0,155.457,155.511,155.55610752822562
2025-01-21T23:00:00Z,155.484,155.839,155.484,155.742,9243.0,155.732,155.753,155.58089319112887
2025-01-22T00:00:00Z,155.743,155.766,155.353,155.43,15451.0,155.419,155.44,155.56077409897836
2025-01-22T01:00:00Z,155.431,155.722,155.406,155.688,11719.0,155.68,155.695,155.5777375524479
2025-01-22T02:00:00Z,155.689,155.768,155.632,155.742,8542.0,155.734,155.75,155.59963921212153
2025-01-22T03:00:00Z,155.742,155.96,155.68,155.922,6425.0,155.913,155.931,155.64262065050534
2025-01-22T04:00:00Z,155.922,155.928,155.718,155.794,6050.0,155.786,155.801,155.6628045637713
2025-01-22T05:00:00Z,155.793,155.956,155.788,155.832,5999.0,155.825,155.84,155.68536395526846
2025-01-22T06:00:00Z,155.833,155.978,155.684,155.888,10176.0,155.878,155.897,155.712382094566
2025-01-22T07:00:00Z,155.887,156.075,155.802,156.048,11598.0,156.04,156.057,155.75713114862387
2025-01-22T08:00:00Z,156.048,156.118,155.548,155.722,16647.0,155.713,155.73,155.75244699547403
2025-01-22T09:00:00Z,155.721,155.826,155.652,155.672,10139.0,155.664,155.681,155.74172072941084
2025-01-22T10:00:00Z,155.674,155.787,155.632,155.766,8121.0,155.757,155.776,155.7449579654894
2025-01-22T11:00:00Z,155.767,155.898,155.716,155.873,6418.0,155.864,155.882,155.76203023675748
2025-01-22T12:00:00Z,155.874,156.054,155.804,155.814,7973.0,155.804,155.823,155.76895953852315
2025-01-22T13:00:00Z,155.815,155.97,155.744,155.89,11913.0,155.881,155.9,155.78509826672007
2025-01-22T14:00:00Z,155.892,156.191,155.812,156.156,17296.0,156.148,156.165,155.8345518311574
2025-01-22T15:00:00Z,156.157,156.426,156.051,156.402,17188.0,156.395,156.409,155.9102115870031
2025-01-22T16:00:00Z,156.401,156.648,156.378,156.622,12276.0,156.613,156.631,156.005116708736
2025-01-22T17:00:00Z,156.622,156.712,156.562,156.617,7690.0,156.611,156.623,156.0867011475712
2025-01-22T18:00:00Z,156.619,156.63,156.501,156.579,6943.0,156.571,156.587,156.1523409945617
2025-01-22T19:00:00Z,156.578,156.59,156.47,156.522,4808.0,156.513,156.53,156.20162886195348
2025-01-22T20:00:00Z,156.522,156.565,156.446,156.55,4780.0,156.542,156.557,156.24807834702636
2025-01-22T21:00:00Z,156.548,156.594,156.516,156.528,3558.0,156.515,156.541,156.28540123408953
2025-01-22T22:00:00Z,156.496,156.496,156.424,156.434,790.0,156.402,156.466,156.3052144028776
2025-01-22T23:00:00Z,156.432,156.52,156.404,156.438,3464.0,156.428,156.449,156.32291914916058
2025-01-23T00:00:00Z,156.44,156.463,156.312,156.39,10790.0,156.382,156.399,156.33186326260585
2025-01-23T01:00:00Z,156.392,156.564,156.285,156.554,9082.0,156.546,156.561,156.3614814942584
2025-01-23T02:00:00Z,156.554,156.614,156.451,156.494,7337.0,156.486,156.501,156.3791506283573
2025-01-23T03:00:00Z,156.494,156.561,156.48,156.502,5683.0,156.495,156.509,156.39553054457633
2025-01-23T04:00:00Z,156.502,156.616,156.478,156.589,4720.0,156.58,156.598,156.42132647196615
2025-01-23T05:00:00Z,156.59,156.755,156.59,156.702,7950.0,156.693,156.711,156.45874960903734
2025-01-23T06:00:00Z,156.704,156.724,156.484,156.61,8429.0,156.602,156.617,156.47891632783237
2025-01-23T07:00:00Z,156.614,156.692,156.526,156.61,11179.0,156.6,156.62,156.49639415078806
2025-01-23T08:00:00Z,156.61,156.636,156.45,156.49,11695.0,156.482,156.499,156.49554159734967
2025-01-23T09:00:00Z,156.49,156.552,156.352,156.381,12169.0,156.373,156.389,156.4802693843697
2025-01-23T10:00:00Z,156.381,156.408,156.204,156.406,8880.0,156.397,156.415,156.4703667997871
2025-01-23T11:00:00Z,156.406,156.557,156.367,156.548,6762.0,156.541,156.556,156.4807178931488
2025-01-23T12:00:00Z,156.548,156.598,156.37,156.401,8043.0,156.394,156.408,156.47008884072898
2025-01-23T13:00:00Z,156.402,156.424,156.104,156.208,16696.0,156.199,156.217,156.43514366196513
2025-01-23T14:00:00Z,156.206,156.405,156.137,156.25,14795.0,156.243,156.256,156.4104578403698
2025-01-23T15:00:00Z,156.25,156.477,156.151,156.17,17062.0,156.162,156.177,156.37839679498714
2025-01-23T16:00:00Z,156.169,156.396,155.862,156.004,31149.0,155.994,156.014,156.3284772223222
2025-01-23T17:00:00Z,156.002,156.133,155.88,155.918,9743.0,155.91,155.925,156.27374692601256
2025-01-23T18:00:00Z,155.917,156.004,155.877,156.0,6090.0,155.993,156.007,156.23724733587756
2025-01-23T19:00:00Z,156.002,156.038,155.744,155.804,5425.0,155.798,155.81,156.17948102442722
2025-01-23T20:00:00Z,155.804,155.976,155.754,155.974,5118.0,155.966,155.982,156.1520835545036
2025-01-23T21:00:00Z,155.974,156.076,155.956,156.073,3092.0,156.058,156.088,156.1415390805698
2025-01-23T22:00:00Z,156.064,156.064,156.014,156.032,726.0,156.015,156.05,156.12693386982716
2025-01-23T23:00:00Z,156.034,156.18,155.956,156.139,3610.0,156.128,156.15,156.12854268718354
2025-01-24T00:00:00Z,156.138,156.278,156.004,156.245,10763.0,156.237,156.253,156.1440703288924
2025-01-24T01:00:00Z,156.244,156.357,156.138,156.312,7894.0,156.302,156.321,156.16646095170677
2025-01-24T02:00:00Z,156.311,156.377,155.896,155.982,13903.0,155.972,155.993,156.14186615814586
2025-01-24T03:00:00Z,155.984,156.416,155.43,155.488,25817.0,155.478,155.497,156.0546840037264
2025-01-24T04:00:00Z,155.486,155.519,155.005,155.234,18452.0,155.225,155.243,155.94525946989623
2025-01-24T05:00:00Z,155.234,155.472,155.106,155.356,12964.0,155.345,155.366,155.86669154057674
2025-01-24T06:00:00Z,155.355,155.746,154.841,155.366,28067.0,155.356,155.376,155.79993266849985
2025-01-24T07:00:00Z,155.367,155.642,155.224,155.386,23876.0,155.377,155.394,155.74474164603322
2025-01-24T08:00:00Z,155.385,155.453,154.94,155.383,25057.0,155.373,155.393,155.69650942656213
2025-01-24T09:00:00Z,155.382,155.628,155.122,155.587,19952.0,155.579,155.595,155.68190816968718
2025-01-24T10:00:00Z,155.584,155.97,155.55,155.911,13926.0,155.901,155.921,155.71245374706223
2025-01-24T11:00:00Z,155.913,156.11,155.903,156.1,12340.0,156.092,156.108,155.76412658078726
2025-01-24T12:00:00Z,156.101,156.476,156.064,156.458,12648.0,156.45,156.467,155.8566430366823
2025-01-24T13:00:00Z,156.462,156.579,156.243,156.327,16728.0,156.318,156.336,155.919357298458
2025-01-24T14:00:00Z,156.324,156.49,156.134,156.32,22488.0,156.303,156.336,155.97277632533027
2025-01-24T15:00:00Z,156.317,156.395,155.63,155.731,24277.0,155.723,155.739,155.9405394819529
2025-01-24T16:00:00Z,155.73,155.817,155.578,155.586,15340.0,155.578,155.594,155.89326755102584
2025-01-24T17:00:00Z,155.586,155.759,155.516,155.742,8252.0,155.736,155.749,155.87309854422242
2025-01-24T18:00:00Z,155.746,156.028,155.726,155.936,6887.0,155.928,155.944,155.88148540499276
2025-01-24T19:00:00Z,155.936,155.964,155.778,155.817,5545.0,155.81,155.824,155.87288735099372
2025-01-24T20:00:00Z,155.818,155.984,155.818,155.91,3955.0,155.902,155.917,155.87783570419455
2025-01-24T21:00:00Z,155.91,156.024,155.872,155.991,3269.0,155.947,156.035,155.8929242769686
2025-01-26T22:00:00Z,155.741,155.824,155.705,155.8,1157.0,155.779,155.822,155.8805343733728
2025-01-26T23:00:00Z,155.798,155.84,155.574,155.724,7961.0,155.713,155.734,155.85966312358977
2025-01-27T00:00:00Z,155.724,155.85,155.392,155.533,14536.0,155.523,155.543,155.81610804044448
2025-01-27T01:00:00Z,155.534,155.606,155.29,155.486,15290.0,155.476,155.495,155.77209363505187
2025-01-27T02:00:00Z,155.486,155.668,155.416,155.638,8428.0,155.63,155.645,155.75421448371162
2025-01-27T03:00:00Z,155.637,155.879,155.619,155.798,9438.0,155.789,155.808,155.76005255255006
2025-01-27T04:00:00Z,155.799,156.06,155.788,156.016,6762.0,156.007,156.024,155.79417887887672
2025-01-27T05:00:00Z,156.016,156.098,155.938,156.064,8466.0,156.056,156.073,155.83015502835983
2025-01-27T06:00:00Z,156.065,156.25,155.976,155.992,10918.0,155.983,156.001,155.85173435791185
2025-01-27T07:00:00Z,155.994,155.998,155.684,155.884,16268.0,155.875,155.892,155.8560364435236
2025-01-27T08:00:00Z,155.884,155.914,155.05,155.136,20888.0,155.127,155.145,155.76003158438712
2025-01-27T09:00:00Z,155.136,155.194,154.468,154.604,25746.0,154.597,154.611,155.60589403980217
2025-01-27T10:00:00Z,154.602,154.602,153.739,153.974,27656.0,153.965,153.982,155.38830816782854
2025-01-27T11:00:00Z,153.973,154.09,153.714,153.966,23203.0,153.957,153.975,155.19866707878475
2025-01-27T12:00:00Z,153.964,154.234,153.866,154.046,22332.0,154.037,154.056,155.0449781349468
2025-01-27T13:00:00Z,154.047,154.462,153.899,154.21,24475.0,154.2,154.219,154.9336477169539
2025-01-27T14:00:00Z,154.212,154.394,153.954,154.366,25895.0,154.36,154.373,154.8579613546934
2025-01-27T15:00:00Z,154.367,154.685,154.232,154.346,25402.0,154.339,154.352,154.7896998407343
2025-01-27T16:00:00Z,154.345,154.424,154.104,154.228,18512.0,154.218,154.237,154.7148065286364
2025-01-27T17:00:00Z,154.228,154.435,154.174,154.294,15913.0,154.286,154.301,154.65869899148487
2025-01-27T18:00:00Z,154.294,154.59,154.222,154.434,14077.0,154.424,154.444,154.62873912595356
2025-01-27T19:00:00Z,154.435,154.726,154.435,154.546,10464.0,154.537,154.554,154.61770724249308
2025-01-27T20:00:00Z,154.545,154.7,154.533,154.585,8119.0,154.577,154.593,154.61334627682734
2025-01-27T21:00:00Z,154.584,154.663,154.46,154.516,4112.0,154.504,154.527,154.60036677325036
2025-01-27T22:00:00Z,154.509,154.566,154.494,154.546,1644.0,154.52,154.571,154.5931178701503
2025-01-27T23:00:00Z,154.556,154.984,154.523,154.916,15538.0,154.906,154.925,154.63616882079694
2025-01-28T00:00:00Z,154.915,155.159,154.8,155.144,20046.0,155.135,155.154,154.7038796446907
2025-01-28T01:00:00Z,155.145,155.646,155.12,155.492,16186.0,155.481,155.502,154.80896235873192
2025-01-28T02:00:00Z,155.489,155.676,155.4,155.552,15444.0,155.542,155.561,154.90803404423434
2025-01-28T03:00:00Z,155.549,155.746,155.488,155.736,10340.0,155.727,155.746,155.0184295050031
2025-01-28T04:00:00Z,155.736,155.949,155.724,155.792,8894.0,155.784,155.801,155.12157223766937
2025-01-28T05:00:00Z,155.79,155.835,155.65,155.703,6914.0,155.694,155.712,155.19909593931345
2025-01-28T06:00:00Z,155.701,155.846,155.519,155.774,10160.0,155.767,155.782,155.27574981407167
2025-01-28T07:00:00Z,155.773,155.98,155.674,155.866,13601.0,155.856,155.875,155.3544498388621
2025-01-28T08:00:00Z,155.866,155.934,155.551,155.734,19383.0,155.725,155.742,155.40505652701384
2025-01-28T09:00:00Z,155.732,155.82,155.25,155.447,17350.0,155.441,155.453,155.41064899007867
2025-01-28T10:00:00Z,155.446,155.502,155.206,155.474,10565.0,155.466,155.483,155.41909579140153
2025-01-28T11:00:00Z,155.475,155.5,155.248,155.437,7605.0,155.427,155.447,155.42148301921466
2025-01-28T12:00:00Z,155.438,155.486,155.254,155.278,11413.0,155.268,155.289,155.40235194998604
2025-01-28T13:00:00Z,155.277,155.566,155.219,155.49,18414.0,155.481,155.5,155.41403835665457
2025-01-28T14:00:00Z,155.49,155.565,155.05,155.297,19879.0,155.285,155.309,155.39843324243395
2025-01-28T15:00:00Z,155.296,155.746,155.217,155.716,20948.0,155.709,155.723,155.4407754767761
2025-01-28T16:00:00Z,155.716,155.76,155.578,155.658,15467.0,155.649,155.667,155.4697387465393
2025-01-28T17:00:00Z,155.658,155.698,155.553,155.607,8008.0,155.599,155.615,155.48804024700073
2025-01-28T18:00:00Z,155.606,155.682,155.52,155.682,8472.0,155.675,155.69,155.51390154740062
2025-01-28T19:00:00Z,155.683,155.73,155.51,155.536,6858.0,155.529,155.544,155.5168480077472
2025-01-28T20:00:00Z,155.536,155.604,155.492,155.522,5241.0,155.512,155.531,155.51753494004757
2025-01-28T21:00:00Z,155.522,155.562,155.492,155.534,4314.0,155.519,155.549,155.51973028137456
2025-01-28T22:00:00Z,155.529,155.554,155.526,155.544,266.0,155.52,155.568,155.52296624385795
2025-01-28T23:00:00Z,155.556,155.616,155.512,155.564,2442.0,155.556,155.573,155.52843741134356
2025-01-29T00:00:00Z,155.563,155.652,155.432,155.632,10751.0,155.624,155.639,155.54224575649775
2025-01-29T01:00:00Z,155.631,155.79,155.592,155.715,8371.0,155.707,155.723,155.5652796556314
2025-01-29T02:00:00Z,155.716,155.784,155.59,155.624,6511.0,155.615,155.634,155.57310903488056
2025-01-29T03:00:00Z,155.623,155.624,155.324,155.426,7879.0,155.418,155.435,155.5534944968965
2025-01-29T04:00:00Z,155.427,155.437,155.228,155.298,6126.0,155.289,155.306,155.51942856397696
2025-01-29T05:00:00Z,155.302,155.302,155.002,155.015,6974.0,155.006,155.024,155.45217142211337
2025-01-29T06:00:00Z,155.019,155.318,155.002,155.222,10520.0,155.213,155.231,155.42148189916492
2025-01-29T07:00:00Z,155.226,155.409,155.14,155.29,14807.0,155.28,155.3,155.40395097927626
2025-01-29T08:00:00Z,155.293,155.338,155.006,155.152,15980.0,155.143,155.162,155.37035751537277
2025-01-29T09:00:00Z,155.151,155.366,155.09,155.346,13535.0,155.336,155.355,155.3671098466564
2025-01-29T10:00:00Z,155.344,155.457,155.32,155.388,9840.0,155.381,155.394,155.36989520043556
2025-01-29T11:00:00Z,155.388,155.526,155.324,155.421,9033.0,155.412,155.43,155.37670917371082
2025-01-29T12:00:00Z,155.422,155.497,155.322,155.364,12631.0,155.356,155.373,155.37501461721604
2025-01-29T13:00:00Z,155.364,155.465,155.253,155.425,16124.0,155.416,155.434,155.38167933492056
2025-01-29T14:00:00Z,155.424,155.444,155.174,155.196,15118.0,155.187,155.205,155.3569220902645
2025-01-29T15:00:00Z,155.196,155.327,154.938,155.01,19234.0,155.003,155.018,155.3106658115626
2025-01-29T16:00:00Z,155.008,155.244,154.972,155.225,14381.0,155.218,155.232,155.29924370335425
2025-01-29T17:00:00Z,155.226,155.236,155.056,155.058,9017.0,155.05,155.066,155.26707787624036
2025-01-29T18:00:00Z,155.059,155.176,155.002,155.154,7864.0,155.129,155.18,155.25200082607498
2025-01-29T19:00:00Z,155.14,155.613,155.09,155.246,34699.0,155.238,155.253,155.25120071593165
2025-01-29T20:00:00Z,155.246,155.39,155.101,155.357,19326.0,155.35,155.364,155.26530728714076
2025-01-29T21:00:00Z,155.358,155.38,155.188,155.25,9536.0,155.238,155.261,155.263266315522
2025-01-29T22:00:00Z,155.182,155.238,155.15,155.191,888.0,155.169,155.213,155.25363080678574
2025-01-29T23:00:00Z,155.19,155.243,155.038,155.182,9615.0,155.169,155.194,155.24408003254763
2025-01-30T00:00:00Z,155.182,155.204,154.678,154.722,16330.0,154.712,154.732,155.17446936154127
2025-01-30T01:00:00Z,154.723,154.728,154.464,154.648,14834.0,154.639,154.656,155.1042734466691
2025-01-30T02:00:00Z,154.649,154.666,154.282,154.378,14395.0,154.368,154.389,155.00743698711324
2025-01-30T03:00:00Z,154.38,154.55,154.312,154.532,10234.0,154.521,154.543,154.94404538883148
2025-01-30T04:00:00Z,154.532,154.681,154.484,154.602,8198.0,154.592,154.612,154.89843933698728
2025-01-30T05:00:00Z,154.605,154.639,154.416,154.486,8118.0,154.475,154.496,154.84344742538897
2025-01-30T06:00:00Z,154.485,154.738,154.358,154.438,10001.0,154.43,154.446,154.78938776867045
2025-01-30T07:00:00Z,154.433,154.639,154.368,154.496,11385.0,154.486,154.505,154.7502693995144
2025-01-30T08:00:00Z,154.5,154.652,154.436,154.48,16728.0,154.471,154.49,154.71423347957915
2025-01-30T09:00:00Z,154.48,154.592,154.315,154.448,15879.0,154.441,154.456,154.67873568230195
2025-01-30T10:00:00Z,154.449,154.536,154.353,154.499,11882.0,154.49,154.508,154.6547709246617
2025-01-30T11:00:00Z,154.5,154.604,154.424,154.594,9627.0,154.585,154.603,154.6466681347068
2025-01-30T12:00:00Z,154.594,154.598,154.099,154.156,11407.0,154.149,154.164,154.5812457167459
2025-01-30T13:00:00Z,154.155,154.269,153.835,153.911,26813.0,153.903,153.919,154.4918796211798
2025-01-30T14:00:00Z,153.909,154.226,153.846,154.061,26682.0,154.051,154.071,154.4344290050225
2025-01-30T15:00:00Z,154.06,154.156,153.79,154.138,22226.0,154.13,154.145,154.39490513768618
2025-01-30T16:00:00Z,154.136,154.478,154.073,154.424,15439.0,154.416,154.432,154.39878445266135
2025-01-30T17:00:00Z,154.424,154.448,154.262,154.298,10862.0,154.289,154.306,154.38534652563985
2025-01-30T18:00:00Z,154.297,154.498,154.297,154.38,7993.0,154.372,154.389,154.38463365555455
2025-01-30T19:00:00Z,154.38,154.38,154.084,154.11,8029.0,154.103,154.118,154.34801583481396
2025-01-30T20:00:00Z,154.109,154.456,153.998,154.259,18966.0,154.252,154.266,154.33614705683877
2025-01-30T21:00:00Z,154.26,154.462,154.186,154.276,9555.0,154.269,154.284,154.32812744926028
2025-01-30T22:00:00Z,154.2,154.264,154.186,154.222,710.0,154.209,154.235,154.31397712269225
2025-01-30T23:00:00Z,154.22,154.505,154.063,154.088,7984.0,154.079,154.096,154.2838468396666
2025-01-31T00:00:00Z,154.091,154.366,154.019,154.311,13485.0,154.305,154.317,154.2874672610444
2025-01-31T01:00:00Z,154.312,154.322,153.916,154.094,17320.0,154.084,154.104,154.2616716262385
2025-01-31T02:00:00Z,154.096,154.22,153.932,154.177,10892.0,154.169,154.185,154.25038207607338
2025-01-31T03:00:00Z,154.179,154.428,154.155,154.358,8584.0,154.348,154.368,154.26473113259692
2025-01-31T04:00:00Z,154.358,154.446,154.312,154.441,7428.0,154.434,154.448,154.28823364825067
2025-01-31T05:00:00Z,154.442,154.884,154.436,154.718,12127.0,154.712,154.725,154.34553582848392
2025-01-31T06:00:00Z,154.715,154.936,154.643,154.692,11672.0,154.684,154.701,154.39173105135274
2025-01-31T07:00:00Z,154.692,154.766,154.581,154.652,14216.0,154.644,154.661,154.42643357783905
2025-01-31T08:00:00Z,154.654,154.812,154.556,154.595,16194.0,154.589,154.601,154.44890910079386
2025-01-31T09:00:00Z,154.595,154.718,154.483,154.718,16131.0,154.709,154.726,154.48478788735468
2025-01-31T10:00:00Z,154.718,154.785,154.674,154.675,9658.0,154.667,154.683,154.51014950237408
2025-01-31T11:00:00Z,154.676,154.856,154.604,154.844,8382.0,154.836,154.852,154.55466290205754
2025-01-31T12:00:00Z,154.846,154.894,154.759,154.831,8253.0,154.822,154.84,154.59150784844988
2025-01-31T13:00:00Z,154.829,155.026,154.74,154.801,19583.0,154.792,154.81,154.61944013532323
2025-01-31T14:00:00Z,154.802,154.98,154.559,154.623,18882.0,154.616,154.63,154.6199147839468
2025-01-31T15:00:00Z,154.624,154.876,154.526,154.822,24810.0,154.815,154.83,154.64685947942056
2025-01-31T16:00:00Z,154.82,155.008,154.806,154.918,15848.0,154.909,154.927,154.68301154883116
2025-01-31T17:00:00Z,154.918,154.975,154.665,154.768,22046.0,154.759,154.776,154.69434334232034
2025-01-31T18:00:00Z,154.766,155.223,154.758,155.142,20118.0,155.134,155.15,154.75403089667762
2025-01-31T19:00:00Z,155.142,155.204,154.992,155.144,9169.0,155.136,155.151,154.80602677712062
2025-01-31T20:00:00Z,155.142,155.209,155.09,155.096,10702.0,155.089,155.102,154.84468987350454
2025-01-31T21:00:00Z,155.095,155.222,155.023,155.205,13864.0,155.158,155.252,154.89273122370395
2025-02-02T22:00:00Z,154.879,155.166,154.848,155.034,3427.0,155.001,155.067,154.91156706054343
2025-02-02T23:00:00Z,155.033,155.442,154.928,155.35,23759.0,155.339,155.36,154.9700247858043
2025-02-03T00:00:00Z,155.35,155.806,155.35,155.704,31285.0,155.694,155.713,155.06788814769706
2025-02-03T01:00:00Z,155.698,155.886,155.647,155.708,20740.0,155.697,155.719,155.15323639467078
2025-02-03T02:00:00Z,155.708,155.877,155.468,155.543,17069.0,155.534,155.552,155.20520487538136
2025-02-03T03:00:00Z,155.544,155.762,155.492,155.652,11324.0,155.644,155.66,155.26477755866384
2025-02-03T04:00:00Z,155.652,155.75,155.572,155.712,14613.0,155.702,155.721,155.32440721750865
2025-02-03T05:00:00Z,155.71,155.713,155.462,155.576,9470.0,155.568,155.585,155.35795292184085
2025-02-03T06:00:00Z,155.576,155.613,155.284,155.382,13822.0,155.375,155.389,155.36115919892873
2025-02-03T07:00:00Z,155.382,155.667,155.382,155.624,20089.0,155.617,155.632,155.39620463907158
2025-02-03T08:00:00Z,155.624,155.718,155.351,155.456,21502.0,155.448,155.465,155.40417735386205
2025-02-03T09:00:00Z,155.46,155.474,155.002,155.002,15131.0,154.994,155.01,155.35055370668044
2025-02-03T10:00:00Z,155.004,155.132,154.834,154.942,12408.0,154.936,154.949,155.29607987912306
2025-02-03T11:00:00Z,154.942,154.966,154.594,154.609,12987.0,154.601,154.617,155.20446922857332
2025-02-03T12:00:00Z,154.61,154.625,154.29,154.572,16700.0,154.565,154.579,155.12013999809687
2025-02-03T13:00:00Z,154.572,154.838,154.407,154.65,21048.0,154.642,154.658,155.0574546650173
2025-02-03T14:00:00Z,154.652,154.749,154.376,154.528,26833.0,154.518,154.538,154.98686070968168
2025-02-03T15:00:00Z,154.537,154.866,154.01,154.728,49826.0,154.719,154.736,154.95234594839079
2025-02-03T16:00:00Z,154.726,154.871,154.544,154.692,28060.0,154.683,154.701,154.91763315527203
2025-02-03T17:00:00Z,154.692,154.728,154.52,154.654,19557.0,154.645,154.664,154.88248206790243
2025-02-03T18:00:00Z,154.655,155.014,154.574,154.96,12648.0,154.951,154.968,154.89281779218211
2025-02-03T19:00:00Z,154.958,155.002,154.828,154.899,9630.0,154.891,154.907,154.89364208655783
2025-02-03T20:00:00Z,154.897,154.902,154.652,154.714,8470.0,154.705,154.722,154.86968980835013
2025-02-03T21:00:00Z,154.716,154.927,154.546,154.77,12232.0,154.756,154.784,154.85639783390346
2025-02-03T22:00:00Z,154.734,154.895,154.717,154.828,2269.0,154.785,154.872,154.85261145604966
2025-02-03T23:00:00Z,154.826,155.299,154.785,155.272,9654.0,155.262,155.281,154.90852992857637
2025-02-04T00:00:00Z,155.272,155.408,155.186,155.313,12987.0,155.304,155.322,154.96245927143286
2025-02-04T01:00:00Z,155.314,155.399,155.047,155.11,13740.0,155.099,155.12,154.98213136857515
2025-02-04T02:00:00Z,155.114,155.256,155.042,155.154,9555.0,155.143,155.165,155.00504718609847
2025-02-04T03:00:00Z,155.155,155.304,155.068,155.21,7369.0,155.201,155.22,155.032374227952
2025-02-04T04:00:00Z,155.209,155.288,155.186,155.283,6511.0,155.275,155.291,155.0657909975584
2025-02-04T05:00:00Z,155.282,155.333,154.826,155.251,22973.0,155.242,155.26,155.09048553121727
2025-02-04T06:00:00Z,155.25,155.392,155.161,155.224,10853.0,155.218,155.23,155.1082874603883
2025-02-04T07:00:00Z,155.221,155.362,155.17,155.327,11636.0,155.318,155.336,155.13744913233654
2025-02-04T08:00:00Z,155.326,155.525,155.13,155.247,16774.0,155.24,155.254,155.1520559146917
2025-02-04T09:00:00Z,155.248,155.356,155.068,155.341,13789.0,155.332,155.35,155.17724845939946
2025-02-04T10:00:00Z,155.34,155.364,155.244,155.272,9104.0,155.263,155.28,155.1898819981462
2025-02-04T11:00:00Z,155.272,155.339,155.148,155.318,9174.0,155.309,155.326,155.20696439839338
2025-02-04T12:00:00Z,155.317,155.398,155.238,155.281,9985.0,155.272,155.29,155.21683581194094
2025-02-04T13:00:00Z,155.282,155.388,155.246,155.262,11127.0,155.255,155.268,155.22285770368214
2025-02-04T14:00:00Z,155.261,155.266,154.957,155.024,18004.0,155.004,155.044,155.1963433431912
2025-02-04T15:00:00Z,155.024,155.028,154.536,154.676,24736.0,154.669,154.684,155.1269642307657
2025-02-04T16:00:00Z,154.678,154.678,154.468,154.564,16348.0,154.556,154.573,155.05190233333028
2025-02-04T17:00:00Z,154.566,154.63,154.252,154.271,12898.0,154.263,154.279,154.94778202221957
2025-02-04T18:00:00Z,154.27,154.338,154.175,154.302,8850.0,154.293,154.31,154.8616777525903
2025-02-04T19:00:00Z,154.3,154.34,154.229,154.287,8354.0,154.279,154.295,154.78505405224493
2025-02-04T20:00:00Z,154.286,154.322,154.236,154.266,5801.0,154.258,154.275,154.71584684527895
2025-02-04T21:00:00Z,154.267,154.35,154.236,154.348,3217.0,154.334,154.362,154.66680059924175
2025-02-04T22:00:00Z,154.34,154.406,154.314,154.38,1066.0,154.352,154.409,154.62856051934287
2025-02-04T23:00:00Z,154.38,154.464,154.035,154.133,7500.0,154.125,154.141,154.5624857834305
2025-02-05T00:00:00Z,154.134,154.36,153.823,153.856,15917.0,153.848,153.864,154.4682876789731
2025-02-05T01:00:00Z,153.856,153.856,153.47,153.599,22425.0,153.593,153.605,154.35238265511003
2025-02-05T02:00:00Z,153.6,153.644,153.17,153.392,16858.0,153.384,153.401,154.2243316344287
2025-02-05T03:00:00Z,153.393,153.466,153.087,153.221,12820.0,153.213,153.229,154.09055408317153
2025-02-05T04:00:00Z,153.22,153.396,153.116,153.361,11994.0,153.351,153.371,153.99328020541532
2025-02-05T05:00:00Z,153.363,153.572,153.35,153.427,9793.0,153.421,153.433,153.9177761780266
2025-02-05T06:00:00Z,153.428,153.454,153.161,153.191,11863.0,153.182,153.2,153.82087268762305
2025-02-05T07:00:00Z,153.19,153.368,153.076,153.306,14133.0,153.298,153.314,153.75222299593997
2025-02-05T08:00:00Z,153.306,153.396,152.916,153.053,17027.0,153.044,153.062,153.65899326314798
2025-02-05T09:00:00Z,153.056,153.134,152.644,152.844,16962.0,152.837,152.851,153.55032749472824
2025-02-05T10:00:00Z,152.842,152.844,152.549,152.646,11329.0,152.637,152.655,153.42975049543114
2025-02-05T11:00:00Z,152.644,152.889,152.628,152.876,8777.0,152.866,152.885,153.35591709604032
2025-02-05T12:00:00Z,152.878,152.95,152.742,152.865,9471.0,152.859,152.871,153.29046148323494
2025-02-05T13:00:00Z,152.866,153.114,152.75,153.048,23992.0,153.04,153.055,153.25813328547028
2025-02-05T14:00:00Z,153.047,153.209,152.778,152.79,20420.0,152.774,152.807,153.19571551407424
2025-02-05T15:00:00Z,152.784,152.784,152.116,152.14,35180.0,152.132,152.148,153.054953445531
2025-02-05T16:00:00Z,152.14,152.391,152.115,152.338,17766.0,152.331,152.344,152.95935965279352
2025-02-05T17:00:00Z,152.335,152.446,152.254,152.29,10127.0,152.283,152.298,152.87011169908772
2025-02-05T18:00:00Z,152.292,152.411,152.247,152.32,9579.0,152.312,152.329,152.7967634725427
2025-02-05T19:00:00Z,152.32,152.546,152.314,152.526,8562.0,152.518,152.533,152.76066167620368
2025-02-05T20:00:00Z,152.525,152.768,152.525,152.695,8361.0,152.688,152.702,152.7519067860432
2025-02-05T21:00:00Z,152.694,152.714,152.586,152.588,4452.0,152.578,152.598,152.7300525479041
2025-02-05T22:00:00Z,152.572,152.619,152.519,152.576,1136.0,152.557,152.596,152.70951220818355
2025-02-05T23:00:00Z,152.576,152.754,152.472,152.652,4290.0,152.644,152.661,152.7018439137591
2025-02-06T00:00:00Z,152.65,152.69,152.328,152.357,15001.0,152.348,152.366,152.65586472525789
2025-02-06T01:00:00Z,152.358,152.386,151.81,152.025,17393.0,152.018,152.032,152.57174942855684
2025-02-06T02:00:00Z,152.026,152.3,151.934,152.258,12785.0,152.251,152.266,152.52991617141595
2025-02-06T03:00:00Z,152.26,152.292,152.056,152.238,7976.0,152.229,152.247,152.49099401522716
2025-02-06T04:00:00Z,152.242,152.358,152.132,152.352,7433.0,152.343,152.362,152.47246147986354
2025-02-06T05:00:00Z,152.356,152.519,152.167,152.421,12766.0,152.412,152.43,152.46559994921506
2025-02-06T06:00:00Z,152.42,152.59,152.404,152.562,8285.0,152.554,152.571,152.47845328931973
2025-02-06T07:00:00Z,152.562,152.674,152.488,152.584,12868.0,152.576,152.593,152.4925261840771
2025-02-06T08:00:00Z,152.583,152.702,152.452,152.643,16238.0,152.636,152.65,152.51258935953348
2025-02-06T09:00:00Z,152.642,152.898,152.54,152.662,14192.0,152.653,152.671,152.53251077826235
2025-02-06T10:00:00Z,152.662,152.685,152.506,152.534,11768.0,152.526,152.543,152.5327093411607
2025-02-06T11:00:00Z,152.538,152.548,152.363,152.434,10850.0,152.425,152.442,152.51954809567263
2025-02-06T12:00:00Z,152.433,152.472,152.266,152.378,19938.0,152.369,152.387,152.50067501624963
2025-02-06T13:00:00Z,152.378,152.531,152.057,152.083,21883.0,152.074,152.092,152.44498501408302
2025-02-06T14:00:00Z,152.081,152.216,151.86,152.114,20317.0,152.104,152.124,152.40085367887195
2025-02-06T15:00:00Z,152.114,152.16,151.66,151.694,22320.0,151.686,151.703,152.30660652168902
2025-02-06T16:00:00Z,151.696,152.052,151.668,152.044,16926.0,152.037,152.052,152.27159231879716
2025-02-06T17:00:00Z,152.045,152.063,151.85,151.874,10708.0,151.866,151.883,152.21858000962422
2025-02-06T18:00:00Z,151.876,151.885,151.316,151.329,12791.0,151.322,151.336,152.09996934167432
2025-02-06T19:00:00Z,151.328,151.435,151.24,151.388,12160.0,151.379,151.396,152.00504009611777
2025-02-06T20:00:00Z,151.388,151.542,151.356,151.532,5295.0,151.523,151.54,151.94196808330207
2025-02-06T21:00:00Z,151.531,151.54,151.426,151.466,2522.0,151.449,151.483,151.87850567219513
2025-02-06T22:00:00Z,151.434,151.496,151.418,151.456,1703.0,151.434,151.479,151.82217158256913
2025-02-06T23:00:00Z,151.46,151.461,151.156,151.173,6855.0,151.164,151.182,151.7356153715599
2025-02-07T00:00:00Z,151.174,151.269,150.956,151.221,16656.0,151.214,151.228,151.66699998868526
2025-02-07T01:00:00Z,151.22,151.662,151.21,151.578,16589.0,151.569,151.588,151.65513332352722
2025-02-07T02:00:00Z,151.579,151.744,151.546,151.608,12356.0,151.6,151.617,151.64884888039026
2025-02-07T03:00:00Z,151.606,151.738,151.448,151.585,8980.0,151.577,151.593,151.64033569633824
2025-02-07T04:00:00Z,151.584,151.715,151.546,151.678,7011.0,151.669,151.687,151.64535760349315
2025-02-07T05:00:00Z,151.684,151.793,151.62,151.721,9391.0,151.713,151.729,151.65544325636074
2025-02-07T06:00:00Z,151.722,151.842,151.592,151.84,8463.0,151.833,151.848,151.6800508221793
2025-02-07T07:00:00Z,151.838,151.89,151.668,151.824,12056.0,151.815,151.833,151.69924404588875
2025-02-07T08:00:00Z,151.824,151.894,151.67,151.744,13196.0,151.737,151.752,151.7052115064369
2025-02-07T09:00:00Z,151.744,151.834,151.697,151.825,12452.0,151.818,151.832,151.72118330557865
2025-02-07T10:00:00Z,151.824,152.165,151.801,152.14,11676.0,152.133,152.147,151.7770255315015
2025-02-07T11:00:00Z,152.14,152.186,152.07,152.158,7941.0,152.149,152.166,151.8278221273013
2025-02-07T12:00:00Z,152.157,152.248,151.98,152.014,9074.0,152.005,152.023,151.85264584366112
2025-02-07T13:00:00Z,152.012,152.43,151.325,151.954,36030.0,151.945,151.963,151.86615973117298
2025-02-07T14:00:00Z,151.954,152.005,151.484,151.536,28290.0,151.525,151.547,151.82213843368325
2025-02-07T15:00:00Z,151.534,151.764,151.276,151.389,37417.0,151.38,151.398,151.7643866425255
2025-02-07T16:00:00Z,151.39,151.563,150.929,151.305,32141.0,151.297,151.313,151.70313509018877
2025-02-07T17:00:00Z,151.304,151.862,151.266,151.666,29774.0,151.657,151.675,151.69818374483026
2025-02-07T18:00:00Z,151.666,151.74,151.351,151.386,12259.0,151.378,151.395,151.65655924551956
2025-02-07T19:00:00Z,151.388,151.528,151.198,151.382,13427.0,151.372,151.391,151.61995134611695
2025-02-07T20:00:00Z,151.378,151.428,151.256,151.302,9534.0,151.294,151.31,151.57755783330137
2025-02-07T21:00:00Z,151.297,151.458,151.274,151.42,5702.0,151.393,151.447,151.55655012219452
2025-02-09T22:00:00Z,151.358,151.591,151.237,151.564,2430.0,151.539,151.589,151.55754343923525
2025-02-09T23:00:00Z,151.563,151.886,151.463,151.877,8585.0,151.866,151.888,151.60013764733722
2025-02-10T00:00:00Z,151.878,151.922,151.624,151.874,15634.0,151.867,151.882,151.63665262769226
2025-02-10T01:00:00Z,151.874,152.14,151.87,152.009,15452.0,152.0,152.018,151.68629894399996
2025-02-10T02:00:00Z,152.008,152.214,151.912,152.147,11285.0,152.138,152.156,151.74772575146665
2025-02-10T03:00:00Z,152.148,152.15,151.883,151.922,9057.0,151.913,151.931,151.77096231793777
2025-02-10T04:00:00Z,151.923,151.971,151.826,151.906,8238.0,151.898,151.915,151.78896734221274
2025-02-10T05:00:00Z,151.905,152.052,151.903,151.953,8277.0,151.945,151.961,151.81083836325104
2025-02-10T06:00:00Z,151.953,151.971,151.772,151.894,10394.0,151.885,151.904,151.82192658148423
2025-02-10T07:00:00Z,151.892,152.19,151.87,152.17,13074.0,152.162,152.177,151.86833637061966
2025-02-10T08:00:00Z,152.168,152.541,152.128,152.39,15079.0,152.382,152.399,151.9378915212037
2025-02-10T09:00:00Z,152.386,152.41,152.167,152.198,11551.0,152.19,152.207,151.9725726517099
2025-02-10T10:00:00Z,152.197,152.308,152.072,152.09,8096.0,152.081,152.099,151.98822963148191
2025-02-10T11:00:00Z,152.089,152.196,152.012,152.124,9082.0,152.117,152.131,152.00633234728434
2025-02-10T12:00:00Z,152.123,152.246,152.033,152.068,10377.0,152.058,152.077,152.01455470097977
2025-02-10T13:00:00Z,152.067,152.088,151.804,151.864,14054.0,151.855,151.873,151.99448074084916
2025-02-10T14:00:00Z,151.864,151.866,151.584,151.64,15397.0,151.632,151.648,151.94721664206926
2025-02-10T15:00:00Z,151.639,151.699,151.573,151.61,12608.0,151.602,151.618,151.9022544231267
2025-02-10T16:00:00Z,151.61,151.794,151.574,151.725,10949.0,151.717,151.733,151.87862050004313
2025-02-10T17:00:00Z,151.726,151.923,151.708,151.868,8487.0,151.86,151.875,151.8772044333707
2025-02-10T18:00:00Z,151.867,152.075,151.86,152.037,7655.0,152.031,152.043,151.89851050892128
2025-02-10T19:00:00Z,152.038,152.064,151.952,151.978,9378.0,151.97,151.986,151.90910910773178
2025-02-10T20:00:00Z,151.98,152.033,151.95,151.952,5879.0,151.944,151.959,151.91482789336754
2025-02-10T21:00:00Z,151.95,152.013,151.918,151.994,4958.0,151.986,152.003,151.9253841742519
2025-02-10T22:00:00Z,152.022,152.022,151.889,151.89,1708.0,151.875,151.906,151.92066628435165
2025-02-10T23:00:00Z,151.888,151.964,151.754,151.791,3792.0,151.781,151.801,151.9033774464381
2025-02-11T00:00:00Z,151.788,151.89,151.684,151.806,8362.0,151.796,151.815,151.89039378691302
2025-02-11T01:00:00Z,151.806,152.064,151.796,152.019,11797.0,152.009,152.029,151.90754128199129
2025-02-11T02:00:00Z,152.018,152.04,151.923,151.972,8930.0,151.962,151.982,151.91613577772577
2025-02-11T03:00:00Z,151.972,152.051,151.917,151.982,6759.0,151.974,151.991,151.92491767402902
2025-02-11T04:00:00Z,151.982,152.041,151.98,151.99,4320.0,151.981,151.998,151.9335953174918
2025-02-11T05:00:00Z,151.99,152.005,151.942,151.954,4548.0,151.944,151.964,151.93631594182625
2025-02-11T06:00:00Z,151.956,151.988,151.832,151.918,6859.0,151.909,151.927,151.93387381624942
2025-02-11T07:00:00Z,151.916,152.049,151.872,151.953,11194.0,151.945,151.961,151.93642397408283
2025-02-11T08:00:00Z,151.955,152.1,151.649,151.874,17606.0,151.865,151.882,151.92810077753845
2025-02-11T09:00:00Z,151.873,152.0,151.83,151.946,11683.0,151.937,151.954,151.93048734053332
2025-02-11T10:00:00Z,151.945,152.15,151.942,152.133,11035.0,152.124,152.142,151.95748902846222
2025-02-11T11:00:00Z,152.132,152.378,152.12,152.347,9406.0,152.339,152.355,152.00942382466727
2025-02-11T12:00:00Z,152.348,152.416,152.223,152.38,12277.0,152.37,152.389,152.0588339813783
2025-02-11T13:00:00Z,152.379,152.512,152.302,152.307,12451.0,152.299,152.315,152.0919227838612
2025-02-11T14:00:00Z,152.306,152.466,152.233,152.296,16320.0,152.287,152.306,152.11913307934637
2025-02-11T15:00:00Z,152.297,152.596,152.237,152.494,22393.0,152.485,152.502,152.16911533543353
2025-02-11T16:00:00Z,152.494,152.536,152.249,152.372,14536.0,152.362,152.382,152.1961666240424
2025-02-11T17:00:00Z,152.371,152.41,152.292,152.371,9564.0,152.362,152.38,152.21947774083677
2025-02-11T18:00:00Z,152.372,152.48,152.291,152.434,7983.0,152.425,152.443,152.2480807087252
2025-02-11T19:00:00Z,152.434,152.559,152.294,152.492,10798.0,152.484,152.501,152.28060328089518
2025-02-11T20:00:00Z,152.492,152.61,152.451,152.558,9441.0,152.549,152.566,152.31758951010917
2025-02-11T21:00:00Z,152.558,152.562,152.423,152.501,3882.0,152.487,152.515,152.34204424209463
2025-02-11T22:00:00Z,152.456,152.49,152.396,152.457,1610.0,152.435,152.479,152.35737167648202
2025-02-11T23:00:00Z,152.458,152.773,152.454,152.772,5061.0,152.762,152.783,152.41265545295107
2025-02-12T00:00:00Z,152.77,153.23,152.73,153.188,13870.0,153.18,153.197,152.51603472589093
2025-02-12T01:00:00Z,153.189,153.492,153.073,153.474,13816.0,153.467,153.482,152.6437634291055
2025-02-12T02:00:00Z,153.476,153.53,153.362,153.46,11823.0,153.45,153.469,152.75259497189143
2025-02-12T03:00:00Z,153.46,153.686,153.455,153.634,10961.0,153.626,153.642,152.8701156423059
2025-02-12T04:00:00Z,153.634,153.737,153.578,153.69,11867.0,153.682,153.699,152.97943355666513
2025-02-12T05:00:00Z,153.69,153.708,153.53,153.542,10278.0,153.534,153.549,153.05444241577644
2025-02-12T06:00:00Z,153.542,153.708,153.506,153.592,9791.0,153.583,153.601,153.12611676033958
2025-02-12T07:00:00Z,153.591,153.686,153.416,153.68,13369.0,153.672,153.688,153.19996785896097
2025-02-12T08:00:00Z,153.681,153.888,153.502,153.554,15871.0,153.547,153.562,153.24717214443285
2025-02-12T09:00:00Z,153.556,153.596,153.414,153.518,11052.0,153.509,153.527,153.28328252517514
2025-02-12T10:00:00Z,153.518,153.698,153.492,153.582,10401.0,153.574,153.59,153.32311152181845
2025-02-12T11:00:00Z,153.582,153.637,153.464,153.556,8818.0,153.548,153.564,153.35416331890931
2025-02-12T12:00:00Z,153.556,153.644,153.378,153.561,9658.0,153.552,153.57,153.38174154305474
2025-02-12T13:00:00Z,153.56,154.457,153.308,154.416,32965.0,154.41,154.422,153.51964267064744
2025-02-12T14:00:00Z,154.417,154.483,154.142,154.43,24870.0,154.422,154.437,153.64102364789446
2025-02-12T15:00:00Z,154.429,154.62,154.316,154.442,24652.0,154.435,154.45,153.74782049484187
2025-02-12T16:00:00Z,154.44,154.804,154.398,154.628,15817.0,154.619,154.636,153.86517776219628
2025-02-12T17:00:00Z,154.627,154.632,154.316,154.352,17005.0,154.344,154.36,153.93008739390345
2025-02-12T18:00:00Z,154.351,154.498,154.284,154.369,11878.0,154.36,154.378,153.98860907471632
2025-02-12T19:00:00Z,154.37,154.484,154.316,154.431,7997.0,154.425,154.437,154.04759453142083
2025-02-12T20:00:00Z,154.428,154.465,154.332,154.438,7163.0,154.432,154.444,154.09964859389805
2025-02-12T21:00:00Z,154.436,154.486,154.378,154.42,6471.0,154.407,154.432,154.14236211471166
2025-02-12T22:00:00Z,154.356,154.392,154.32,154.375,991.0,154.34,154.41,154.17338049941677
2025-02-12T23:00:00Z,154.367,154.472,154.19,154.236,4926.0,154.23,154.243,154.1817297661612
2025-02-13T00:00:00Z,154.236,154.556,154.123,154.541,14491.0,154.532,154.55,154.2296324640064
2025-02-13T01:00:00Z,154.542,154.671,154.222,154.26,14695.0,154.252,154.269,154.23368146880554
2025-02-13T02:00:00Z,154.26,154.352,154.16,154.23,9957.0,154.222,154.239,154.23319060629814
2025-02-13T03:00:00Z,154.23,154.295,154.178,154.244,9066.0,154.236,154.253,154.23463185879172
2025-02-13T04:00:00Z,154.245,154.493,154.218,154.361,12680.0,154.352,154.37,154.25148094428616
2025-02-13T05:00:00Z,154.362,154.41,154.134,154.168,10428.0,154.161,154.176,154.24035015171467
2025-02-13T06:00:00Z,154.171,154.238,153.962,154.052,13083.0,154.043,154.061,154.21523679815272
2025-02-13T07:00:00Z,154.052,154.318,153.956,154.277,16540.0,154.269,154.285,154.22347189173234
2025-02-13T08:00:00Z,154.276,154.344,154.019,154.022,17711.0,154.013,154.03,154.1966089728347
2025-02-13T09:00:00Z,154.022,154.093,153.898,153.98,13851.0,153.97,153.989,154.16772777645673
2025-02-13T10:00:00Z,153.981,154.019,153.772,153.793,11658.0,153.785,153.801,154.11776407292916
2025-02-13T11:00:00Z,153.794,153.884,153.734,153.85,12361.0,153.841,153.858,154.0820621965386
2025-02-13T12:00:00Z,153.849,153.909,153.744,153.852,14036.0,153.844,153.861,154.0513872370001
2025-02-13T13:00:00Z,153.853,154.018,153.425,153.518,25358.0,153.509,153.527,153.98026893873345
2025-02-13T14:00:00Z,153.517,153.608,153.35,153.518,22457.0,153.51,153.525,153.91863308023565
2025-02-13T15:00:00Z,153.52,153.722,153.078,153.138,24680.0,153.13,153.145,153.81454866953757
2025-02-13T16:00:00Z,153.137,153.182,152.924,153.182,16348.0,153.174,153.191,153.73020884693256
2025-02-13T17:00:00Z,153.184,153.199,153.052,153.166,10584.0,153.158,153.175,153.6549810006749
2025-02-13T18:00:00Z,153.167,153.35,153.136,153.272,22166.0,153.266,153.278,153.60391686725157
2025-02-13T19:00:00Z,153.273,153.278,152.772,152.934,11981.0,152.924,152.943,153.5145946182847
2025-02-13T20:00:00Z,152.934,152.997,152.7,152.744,7832.0,152.737,152.752,153.41184866918007
2025-02-13T21:00:00Z,152.742,152.853,152.731,152.814,5477.0,152.803,152.826,153.33213551328942
2025-02-13T22:00:00Z,152.844,152.875,152.79,152.851,1295.0,152.828,152.874,153.2679841115175
2025-02-13T23:00:00Z,152.852,153.154,152.818,152.986,5860.0,152.979,152.994,153.23038622998183
2025-02-14T00:00:00Z,152.988,153.102,152.575,152.646,19206.0,152.636,152.656,153.15246806598427
2025-02-14T01:00:00Z,152.647,152.648,152.446,152.57,13938.0,152.563,152.577,153.07480565718637
2025-02-14T02:00:00Z,152.574,152.877,152.524,152.83,8987.0,152.822,152.839,153.04216490289485
2025-02-14T03:00:00Z,152.83,153.01,152.811,152.841,7112.0,152.833,152.849,153.0153429158422
2025-02-14T04:00:00Z,152.842,152.898,152.622,152.636,6736.0,152.626,152.646,152.9647638603966
2025-02-14T05:00:00Z,152.636,152.738,152.556,152.616,6150.0,152.609,152.624,152.91826201234372
2025-02-14T06:00:00Z,152.611,152.692,152.441,152.506,8118.0,152.496,152.515,152.86329374403124
2025-02-14T07:00:00Z,152.504,152.744,152.383,152.727,15235.0,152.719,152.735,152.84512124482708
2025-02-14T08:00:00Z,152.733,152.788,152.482,152.751,19164.0,152.741,152.761,152.83257174551682
2025-02-14T09:00:00Z,152.748,152.842,152.5,152.516,11621.0,152.508,152.523,152.7903621794479
2025-02-14T10:00:00Z,152.515,152.594,152.468,152.519,10069.0,152.51,152.528,152.75418055552151
2025-02-14T11:00:00Z,152.518,152.742,152.49,152.708,9875.0,152.7,152.715,152.74802314811865
2025-02-14T12:00:00Z,152.705,152.742,152.597,152.738,10872.0,152.728,152.747,152.7466867283695
2025-02-14T13:00:00Z,152.738,152.827,152.098,152.18,25922.0,152.172,152.188,152.67112849792022
2025-02-14T14:00:00Z,152.177,152.312,152.066,152.246,20470.0,152.237,152.254,152.61444469819753
2025-02-14T15:00:00Z,152.245,152.378,152.098,152.143,17518.0,152.137,152.149,152.55158540510453
2025-02-14T16:00:00Z,152.14,152.265,152.024,152.254,12351.0,152.246,152.262,152.5119073510906
2025-02-14T17:00:00Z,152.254,152.35,152.224,152.296,8718.0,152.288,152.303,152.48311970427852
2025-02-14T18:00:00Z,152.296,152.394,152.283,152.306,6012.0,152.298,152.315,152.45950374370807
2025-02-14T19:00:00Z,152.306,152.344,152.178,152.215,6613.0,152.207,152.223,152.426903244547
2025-02-14T20:00:00Z,152.216,152.354,152.216,152.33,5557.0,152.322,152.339,152.41398281194074
2025-02-14T21:00:00Z,152.326,152.356,152.248,152.312,2872.0,152.291,152.334,152.40038510368197
2025-02-16T22:00:00Z,152.236,152.298,152.234,152.284,333.0,152.269,152.3,152.38486708985772
2025-02-16T23:00:00Z,152.288,152.39,151.966,152.01,6937.0,151.998,152.021,152.33488481121003
2025-02-17T00:00:00Z,152.008,152.117,151.786,151.883,16727.0,151.874,151.892,152.2746335030487
2025-02-17T01:00:00Z,151.878,151.913,151.742,151.898,12024.0,151.89,151.907,152.2244157026422
2025-02-17T02:00:00Z,151.898,151.938,151.508,151.554,11801.0,151.545,151.562,152.13502694228993
2025-02-17T03:00:00Z,151.554,151.666,151.537,151.619,9673.0,151.611,151.627,152.0662233499846
2025-02-17T04:00:00Z,151.62,151.78,151.606,151.688,8900.0,151.678,151.697,152.01579356998664
2025-02-17T05:00:00Z,151.688,151.706,151.476,151.527,13566.0,151.518,151.536,151.95062109398842
2025-02-17T06:00:00Z,151.528,151.792,151.492,151.708,14246.0,151.7,151.717,151.91827161478997
2025-02-17T07:00:00Z,151.706,151.895,151.6,151.868,13311.0,151.86,151.877,151.91156873281798
2025-02-17T08:00:00Z,151.868,151.946,151.745,151.764,15282.0,151.755,151.774,151.8918929017756
2025-02-17T09:00:00Z,151.764,151.85,151.724,151.806,11173.0,151.799,151.813,151.8804405148722
2025-02-17T10:00:00Z,151.806,151.842,151.597,151.614,11773.0,151.606,151.623,151.84491511288923
2025-02-17T11:00:00Z,151.615,151.718,151.496,151.507,9254.0,151.499,151.515,151.799859764504
2025-02-17T12:00:00Z,151.508,151.54,151.4,151.51,12135.0,151.502,151.517,151.76121179590345
2025-02-17T13:00:00Z,151.51,151.532,151.442,151.476,6779.0,151.469,151.483,151.72318355644967
2025-02-17T14:00:00Z,151.476,151.501,151.422,151.474,9173.0,151.468,151.481,151.6899590822564
2025-02-17T15:00:00Z,151.473,151.482,151.339,151.366,10664.0,151.359,151.374,151.64676453795556
2025-02-17T16:00:00Z,151.366,151.446,151.344,151.441,4192.0,151.433,151.449,151.61932926622816
2025-02-17T17:00:00Z,151.44,151.452,151.371,151.386,3634.0,151.377,151.395,151.58821869739774
2025-02-17T18:00:00Z,151.386,151.424,151.37,151.38,2659.0,151.372,151.388,151.56045620441137
2025-02-17T19:00:00Z,151.38,151.404,151.366,151.403,7050.0,151.397,151.409,151.5394620438232
2025-02-17T20:00:00Z,151.404,151.43,151.378,151.407,5575.0,151.399,151.415,151.5218004379801
2025-02-17T21:00:00Z,151.406,151.533,151.401,151.506,8213.0,151.494,151.518,151.51969371291608
2025-02-17T22:00:00Z,151.484,151.524,151.474,151.522,484.0,151.503,151.54,151.5200012178606
2025-02-17T23:00:00Z,151.523,151.629,151.234,151.44,4657.0,151.43,151.451,151.50933438881253
2025-02-18T00:00:00Z,151.44,151.72,151.416,151.682,15706.0,151.673,151.692,151.5323564703042
2025-02-18T01:00:00Z,151.684,151.799,151.598,151.732,14865.0,151.724,151.741,151.55897560759698
2025-02-18T02:00:00Z,151.734,151.858,151.693,151.842,8462.0,151.834,151.851,151.5967121932507
2025-02-18T03:00:00Z,151.843,152.096,151.8,152.083,11616.0,152.074,152.092,151.66155056748394
2025-02-18T04:00:00Z,152.086,152.196,152.038,152.146,11137.0,152.138,152.153,151.72614382515275
2025-02-18T05:00:00Z,152.146,152.226,151.99,152.008,10388.0,151.999,152.017,151.7637246484657
2025-02-18T06:00:00Z,152.008,152.078,151.886,151.938,11778.0,151.929,151.947,151.7869613620036
2025-02-18T07:00:00Z,151.938,152.07,151.796,152.058,12374.0,152.051,152.064,151.8230998470698
2025-02-18T08:00:00Z,152.056,152.106,151.818,151.948,13559.0,151.939,151.956,151.83975320079384
2025-02-18T09:00:00Z,151.948,151.97,151.794,151.842,10124.0,151.832,151.852,151.84005277402133
2025-02-18T10:00:00Z,151.842,151.85,151.707,151.77,9486.0,151.761,151.778,151.83071240415183
2025-02-18T11:00:00Z,151.768,151.814,151.678,151.788,8192.0,151.779,151.796,151.8250174169316
2025-02-18T12:00:00Z,151.787,151.885,151.715,151.728,10845.0,151.72,151.737,151.81208176134072
2025-02-18T13:00:00Z,151.728,151.765,151.63,151.697,13667.0,151.689,151.705,151.7967375264953
2025-02-18T14:00:00Z,151.696,151.857,151.644,151.81,15149.0,151.801,151.819,151.79850585629592
2025-02-18T15:00:00Z,151.81,151.81,151.526,151.657,13663.0,151.65,151.664,151.7796384087898
2025-02-18T16:00:00Z,151.656,151.869,151.647,151.79,12492.0,151.782,151.797,151.7810199542845
2025-02-18T17:00:00Z,151.79,151.966,151.777,151.934,10505.0,151.926,151.942,151.80141729371323
2025-02-18T18:00:00Z,151.934,152.046,151.91,151.978,9935.0,151.971,151.986,151.82496165455146
2025-02-18T19:00:00Z,151.979,151.988,151.874,151.928,8189.0,151.919,151.937,151.83870010061128
2025-02-18T20:00:00Z,151.93,152.065,151.93,152.019,10253.0,152.01,152.028,151.86274008719644
2025-02-18T21:00:00Z,152.02,152.131,152.006,152.066,3567.0,152.051,152.081,151.88984140890358
2025-02-18T22:00:00Z,152.022,152.106,151.993,152.067,4320.0,152.049,152.085,151.9134625543831
2025-02-18T23:00:00Z,152.068,152.102,151.916,151.923,3214.0,151.913,151.933,151.91473421379868
2025-02-19T00:00:00Z,151.923,152.11,151.834,152.076,12702.0,152.066,152.085,151.93623631862553
2025-02-19T01:00:00Z,152.073,152.165,151.747,152.14,16130.0,152.131,152.148,151.96340480947546
2025-02-19T02:00:00Z,152.138,152.315,151.973,152.032,12486.0,152.024,152.04,151.97255083487875
2025-02-19T03:00:00Z,152.034,152.09,151.86,151.895,10601.0,151.888,151.902,151.96221072356158
2025-02-19T04:00:00Z,151.894,151.938,151.741,151.763,10031.0,151.755,151.771,151.9356492937534
2025-02-19T05:00:00Z,151.763,151.875,151.711,151.761,8696.0,151.753,151.769,151.91236272125295
2025-02-19T06:00:00Z,151.76,151.778,151.592,151.638,11580.0,151.628,151.647,151.8757810250859
2025-02-19T07:00:00Z,151.636,151.784,151.588,151.662,15033.0,151.654,151.671,151.84727688840778
2025-02-19T08:00:00Z,151.663,151.859,151.614,151.721,15642.0,151.714,151.728,151.8304399699534
2025-02-19T09:00:00Z,151.722,151.754,151.55,151.657,14366.0,151.649,151.665,151.8073146406263
2025-02-19T10:00:00Z,151.656,151.836,151.656,151.736,11097.0,151.728,151.744,151.7978060218761
2025-02-19T11:00:00Z,151.736,151.957,151.734,151.844,13049.0,151.836,151.853,151.8039652189593
2025-02-19T12:00:00Z,151.846,151.932,151.756,151.912,11746.0,151.903,151.921,151.8183698564314
2025-02-19T13:00:00Z,151.912,151.916,151.692,151.696,15844.0,151.689,151.704,151.80205387557388
2025-02-19T14:00:00Z,151.696,151.724,151.332,151.334,16759.0,151.327,151.341,151.73964669216403
2025-02-19T15:00:00Z,151.334,151.506,151.242,151.42,19535.0,151.411,151.428,151.69702713320882
2025-02-19T16:00:00Z,151.423,151.696,151.423,151.674,12372.0,151.667,151.68,151.69395684878097
2025-02-19T17:00:00Z,151.674,151.762,151.628,151.715,6369.0,151.709,151.721,151.69676260227683
2025-02-19T18:00:00Z,151.714,151.832,151.619,151.644,8951.0,151.634,151.654,151.68972758863993
2025-02-19T19:00:00Z,151.646,151.674,151.394,151.524,11515.0,151.517,151.532,151.66763057682127
2025-02-19T20:00:00Z,151.526,151.574,151.452,151.48,6765.0,151.47,151.489,151.64261316657843
2025-02-19T21:00:00Z,151.48,151.526,151.468,151.47,2378.0,151.457,151.484,151.6195980777013
2025-02-19T22:00:00Z,151.428,151.436,151.388,151.393,727.0,151.372,151.414,151.58938500067447
2025-02-19T23:00:00Z,151.396,151.432,151.122,151.225,7039.0,151.215,151.235,151.54080033391787
2025-02-20T00:00:00Z,151.224,151.238,150.838,150.99,21246.0,150.984,150.996,151.4673602893955
2025-02-20T01:00:00Z,150.991,150.998,150.572,150.638,23175.0,150.629,150.647,151.3567789174761
2025-02-20T02:00:00Z,150.636,150.762,150.454,150.708,16886.0,150.699,150.716,151.27027506181264
2025-02-20T03:00:00Z,150.707,150.75,150.386,150.433,12954.0,150.426,150.44,151.1586383869043
2025-02-20T04:00:00Z,150.434,150.486,150.244,150.256,13470.0,150.249,150.263,151.03828660198374
2025-02-20T05:00:00Z,150.255,150.411,150.184,150.406,9654.0,150.397,150.415,150.95398172171926
2025-02-20T06:00:00Z,150.406,150.415,149.984,150.053,13457.0,150.044,150.062,150.83385082549003
2025-02-20T07:00:00Z,150.052,150.224,149.949,150.174,15388.0,150.166,150.182,150.7458707154247
2025-02-20T08:00:00Z,150.175,150.392,150.162,150.342,13076.0,150.333,150.352,150.69202128670142
2025-02-20T09:00:00Z,150.342,150.438,150.2,150.308,12304.0,150.3,150.317,150.64081844847456
2025-02-20T10:00:00Z,150.308,150.317,150.062,150.08,9158.0,150.071,150.089,150.56604265534463
2025-02-20T11:00:00Z,150.076,150.255,149.983,150.223,9283.0,150.214,150.232,150.52030363463203
2025-02-20T12:00:00Z,150.222,150.232,149.921,150.094,15151.0,150.087,150.102,150.46346315001443
2025-02-20T13:00:00Z,150.093,150.145,149.706,150.084,20476.0,150.077,150.092,150.41286806334585
2025-02-20T14:00:00Z,150.084,150.223,149.797,149.817,23157.0,149.808,149.826,150.3334189882331
2025-02-20T15:00:00Z,149.816,149.858,149.47,149.513,24551.0,149.505,149.521,150.22402978980202
2025-02-20T16:00:00Z,149.514,149.742,149.497,149.634,17816.0,149.626,149.642,150.14535915116176
2025-02-20T17:00:00Z,149.633,149.704,149.398,149.472,13947.0,149.463,149.481,150.05557793100687
2025-02-20T18:00:00Z,149.474,149.638,149.46,149.628,10412.0,149.621,149.634,149.99856754020595
2025-02-20T19:00:00Z,149.626,149.816,149.624,149.778,9166.0,149.77,149.786,149.96915853484515
2025-02-20T20:00:00Z,149.78,149.829,149.652,149.656,8278.0,149.648,149.663,149.92740406353246
2025-02-20T21:00:00Z,149.656,149.68,149.602,149.616,5558.0,149.605,149.628,149.88588352172815
2025-02-20T22:00:00Z,149.602,149.696,149.544,149.553,1247.0,149.525,149.581,149.8414990521644
2025-02-20T23:00:00Z,149.552,149.64,149.287,149.484,12535.0,149.475,149.494,149.79383251187582
2025-02-21T00:00:00Z,149.486,149.912,149.472,149.834,20813.0,149.827,149.842,149.79918817695903
2025-02-21T01:00:00Z,149.834,150.45,149.79,150.346,19629.0,150.337,150.356,149.87209642003117
2025-02-21T02:00:00Z,150.346,150.736,150.162,150.478,14086.0,150.469,150.488,149.95288356402702
2025-02-21T03:00:00Z,150.479,150.533,150.227,150.314,10197.0,150.306,150.323,150.00103242215675
2025-02-21T04:00:00Z,150.314,150.34,150.12,150.333,10365.0,150.327,150.339,150.0452947658692
2025-02-21T05:00:00Z,150.334,150.491,150.315,150.364,7950.0,150.356,150.372,150.08778879708663
2025-02-21T06:00:00Z,150.362,150.548,150.295,150.519,8247.0,150.511,150.527,150.14528362414174
2025-02-21T07:00:00Z,150.516,150.658,150.356,150.548,17896.0,150.539,150.557,150.19897914092286
2025-02-21T08:00:00Z,150.549,150.618,150.341,150.429,25401.0,150.423,150.435,150.22964858879982
2025-02-21T09:00:00Z,150.435,150.5,150.26,150.474,14914.0,150.466,150.482,150.26222877695986
2025-02-21T10:00:00Z,150.472,150.536,150.349,150.375,7492.0,150.367,150.383,150.27726494003187
2025-02-21T11:00:00Z,150.374,150.429,150.19,150.276,7260.0,150.268,150.284,150.27709628136097
2025-02-21T12:00:00Z,150.276,150.49,150.251,150.478,8339.0,150.469,150.486,150.3038834438462
2025-02-21T13:00:00Z,150.478,150.515,150.327,150.433,16024.0,150.424,150.442,150.3210989846667
2025-02-21T14:00:00Z,150.434,150.444,149.744,149.793,21451.0,149.781,149.805,150.25068578671113
2025-02-21T15:00:00Z,149.794,149.84,149.508,149.553,27174.0,149.547,149.559,150.15766101514964
2025-02-21T16:00:00Z,149.549,149.622,149.394,149.496,15351.0,149.49,149.502,150.06943954646303
2025-02-21T17:00:00Z,149.497,149.534,149.2,149.216,16587.0,149.207,149.225,149.95564760693463
2025-02-21T18:00:00Z,149.218,149.226,148.968,149.126,21015.0,149.117,149.136,149.84502792601003
2025-02-21T19:00:00Z,149.127,149.142,148.926,149.076,17896.0,149.068,149.083,149.7424908692087
2025-02-21T20:00:00Z,149.077,149.169,149.002,149.136,13023.0,149.128,149.144,149.66162541998088
2025-02-21T21:00:00Z,149.134,149.35,149.121,149.297,10521.0,149.253,149.341,149.61300869731676
2025-02-23T22:00:00Z,149.244,149.274,149.196,149.218,1502.0,149.194,149.243,149.56034087100787
2025-02-23T23:00:00Z,149.222,149.406,149.092,149.402,8242.0,149.393,149.411,149.53922875487348
2025-02-24T00:00:00Z,149.402,149.402,148.846,148.927,20292.0,148.917,148.937,149.45759825422368
2025-02-24T01:00:00Z,148.928,149.263,148.92,149.24,21955.0,149.232,149.249,149.42858515366052
2025-02-24T02:00:00Z,149.246,149.5,149.228,149.229,16053.0,149.222,149.236,149.4019737998391
2025-02-24T03:00:00Z,149.229,149.35,149.115,149.163,10904.0,149.154,149.172,149.37011062652724
2025-02-24T04:00:00Z,149.162,149.316,149.13,149.208,9818.0,149.199,149.217,149.3484958763236
2025-02-24T05:00:00Z,149.21,149.47,149.185,149.404,13145.0,149.395,149.414,149.35589642614713
2025-02-24T06:00:00Z,149.409,149.549,149.344,149.468,15023.0,149.46,149.477,149.37084356932752
2025-02-24T07:00:00Z,149.468,149.54,149.323,149.456,18831.0,149.447,149.465,149.38219776008384
2025-02-24T08:00:00Z,149.456,149.574,149.232,149.423,20621.0,149.413,149.433,149.38763805873933
2025-02-24T09:00:00Z,149.424,149.6,149.378,149.565,16324.0,149.555,149.575,149.41128631757408
2025-02-24T10:00:00Z,149.566,149.673,149.552,149.628,11091.0,149.619,149.637,149.44018147523087
2025-02-24T11:00:00Z,149.628,149.796,149.604,149.734,11958.0,149.725,149.744,149.47935727853343
2025-02-24T12:00:00Z,149.732,149.832,149.62,149.766,11113.0,149.757,149.775,149.5175763080623
2025-02-24T13:00:00Z,149.766,149.875,149.607,149.766,16611.0,149.758,149.774,149.55069946698734
2025-02-24T14:00:00Z,149.766,149.826,149.295,149.324,25699.0,149.316,149.332,149.52047287138905
2025-02-24T15:00:00Z,149.324,149.432,149.188,149.3,33122.0,149.293,149.306,149.49107648853717
2025-02-24T16:00:00Z,149.3,149.763,149.298,149.57,21856.0,149.562,149.577,149.50159962339887
2025-02-24T17:00:00Z,149.57,149.714,149.512,149.58,18662.0,149.571,149.588,149.5120530069457
2025-02-24T18:00:00Z,149.579,149.615,149.386,149.594,12895.0,149.585,149.602,149.52297927268629
2025-02-24T19:00:00Z,149.594,149.8,149.588,149.677,13799.0,149.668,149.686,149.54351536966146
2025-02-24T20:00:00Z,149.679,149.794,149.615,149.724,14380.0,149.715,149.733,149.56757998703995
2025-02-24T21:00:00Z,149.724,149.797,149.7,149.718,5359.0,149.704,149.731,149.58763598876797
2025-02-24T22:00:00Z,149.685,149.766,149.662,149.736,1426.0,149.717,149.756,149.60741785693224
2025-02-24T23:00:00Z,149.737,149.916,149.715,149.914,6597.0,149.905,149.923,149.64829547600795
2025-02-25T00:00:00Z,149.914,150.19,149.913,150.147,16654.0,150.139,150.155,149.71478941254023
2025-02-25T01:00:00Z,150.148,150.303,150.051,150.055,15807.0,150.047,150.063,149.76015082420153
2025-02-25T02:00:00Z,150.053,150.094,149.81,149.829,12767.0,149.821,149.837,149.769330714308
2025-02-25T03:00:00Z,149.829,149.906,149.614,149.668,10539.0,149.659,149.677,149.7558199524003
2025-02-25T04:00:00Z,149.667,149.716,149.461,149.567,12903.0,149.558,149.576,149.73064395874692
2025-02-25T05:00:00Z,149.566,149.774,149.508,149.716,11303.0,149.708,149.724,149.728691430914
2025-02-25T06:00:00Z,149.714,149.872,149.62,149.767,14588.0,149.759,149.775,149.73379924012548
2025-02-25T07:00:00Z,149.767,149.788,149.198,149.284,22010.0,149.277,149.291,149.67382600810876
2025-02-25T08:00:00Z,149.285,149.612,149.222,149.458,23691.0,149.45,149.467,149.6450492070276
2025-02-25T09:00:00Z,149.457,149.761,149.442,149.598,20246.0,149.591,149.606,149.6387759794239
2025-02-25T10:00:00Z,149.598,149.834,149.594,149.767,15252.0,149.758,149.776,149.65587251550073
2025-02-25T11:00:00Z,149.766,149.96,149.663,149.81,15651.0,149.802,149.817,149.6764228467673
2025-02-25T12:00:00Z,149.81,149.81,149.484,149.688,17766.0,149.68,149.695,149.67796646719833
2025-02-25T13:00:00Z,149.688,149.82,149.34,149.434,17469.0,149.428,149.44,149.64543760490523
2025-02-25T14:00:00Z,149.434,149.543,149.113,149.183,24261.0,149.173,149.193,149.58377925758452
2025-02-25T15:00:00Z,149.18,149.182,148.562,149.066,37520.0,149.058,149.074,149.51474202323993
2025-02-25T16:00:00Z,149.067,149.139,148.779,149.096,27699.0,149.088,149.103,149.45890975347461
2025-02-25T17:00:00Z,149.094,149.26,149.011,149.075,16117.0,149.068,149.082,149.40772178634467
2025-02-25T18:00:00Z,149.076,149.248,149.052,149.168,18168.0,149.16,149.175,149.3757588814987
2025-02-25T19:00:00Z,149.166,149.176,149.002,149.08,18910.0,149.072,149.087,149.33632436396556
2025-02-25T20:00:00Z,149.079,149.099,148.908,148.951,15740.0,148.943,148.959,149.2849477821035
2025-02-25T21:00:00Z,148.951,149.041,148.937,149.026,9500.0,149.013,149.039,149.25042141115637
2025-02-25T22:00:00Z,149.007,149.138,149.007,149.137,2496.0,149.116,149.158,149.23529855633552
2025-02-25T23:00:00Z,149.138,149.187,148.85,149.053,5657.0,149.044,149.062,149.21099208215745
2025-02-26T00:00:00Z,149.052,149.085,148.622,148.906,15474.0,148.898,148.914,149.1703264712031
2025-02-26T01:00:00Z,148.906,149.237,148.716,149.226,17351.0,149.219,149.233,149.17774960837605
2025-02-26T02:00:00Z,149.23,149.476,149.174,149.464,15346.0,149.457,149.47,149.21591632725924
2025-02-26T03:00:00Z,149.465,149.52,149.312,149.394,11136.0,149.387,149.402,149.239660816958
2025-02-26T04:00:00Z,149.392,149.553,149.288,149.442,10352.0,149.436,149.449,149.26663937469695
2025-02-26T05:00:00Z,149.444,149.632,149.408,149.436,12414.0,149.427,149.446,149.28922079140403
2025-02-26T06:00:00Z,149.436,149.633,149.432,149.573,12048.0,149.565,149.581,149.32705801921682
2025-02-26T07:00:00Z,149.574,149.607,149.331,149.532,20286.0,149.526,149.539,149.3543836166546
2025-02-26T08:00:00Z,149.53,149.548,149.251,149.29,21196.0,149.282,149.299,149.34579913443397
2025-02-26T09:00:00Z,149.291,149.444,149.252,149.362,15011.0,149.354,149.371,149.34795924984277
2025-02-26T10:00:00Z,149.362,149.53,149.227,149.518,16270.0,149.509,149.527,149.37063134986374
2025-02-26T11:00:00Z,149.518,149.594,149.476,149.546,13220.0,149.538,149.555,149.39401383654857
2025-02-26T12:00:00Z,149.547,149.647,149.446,149.614,15466.0,149.607,149.622,149.42334532500877
2025-02-26T13:00:00Z,149.616,149.688,149.308,149.537,20011.0,149.529,149.545,149.43849928167427
2025-02-26T14:00:00Z,149.54,149.736,149.294,149.666,25781.0,149.656,149.676,149.46883271078437
2025-02-26T15:00:00Z,149.666,149.888,149.402,149.488,29503.0,149.482,149.495,149.47138834934646
2025-02-26T16:00:00Z,149.491,149.53,149.122,149.136,22125.0,149.127,149.145,149.42666990276692
2025-02-26T17:00:00Z,149.136,149.249,149.014,149.15,23865.0,149.143,149.156,149.389780582398
2025-02-26T18:00:00Z,149.149,149.159,148.83,148.931,18980.0,148.923,148.939,149.32860983807828
2025-02-26T19:00:00Z,148.93,148.97,148.811,148.837,20316.0,148.828,148.846,149.26306185966783
2025-02-26T20:00:00Z,148.839,149.056,148.831,149.031,14669.0,149.023,149.039,149.2321202783788
2025-02-26T21:00:00Z,149.03,149.236,148.992,149.094,7538.0,149.081,149.107,149.21370424126164
2025-02-26T22:00:00Z,149.078,149.078,148.98,148.994,765.0,148.966,149.021,149.18441034242676
2025-02-26T23:00:00Z,148.988,149.021,148.746,148.879,6843.0,148.87,148.888,149.14368896343652
2025-02-27T00:00:00Z,148.882,149.182,148.785,149.14,19382.0,149.131,149.148,149.14319710164497
2025-02-27T01:00:00Z,149.14,149.409,149.072,149.362,16355.0,149.353,149.371,149.17237082142566
2025-02-27T02:00:00Z,149.364,149.386,149.171,149.264,11741.0,149.254,149.273,149.18458804523559
2025-02-27T03:00:00Z,149.263,149.362,149.191,149.222,10909.0,149.213,149.23,149.18957630587084
2025-02-27T04:00:00Z,149.221,149.267,149.076,149.1,11374.0,149.091,149.109,149.1776327984214
2025-02-27T05:00:00Z,149.1,149.372,149.098,149.345,13029.0,149.335,149.355,149.19994842529854
2025-02-27T06:00:00Z,149.344,149.428,149.204,149.26,15046.0,149.253,149.268,149.2079553019254
2025-02-27T07:00:00Z,149.26,149.331,149.187,149.269,18670.0,149.261,149.277,149.21609459500203
2025-02-27T08:00:00Z,149.271,149.731,149.16,149.718,20467.0,149.709,149.726,149.28301531566842
2025-02-27T09:00:00Z,149.717,149.971,149.629,149.842,15974.0,149.832,149.851,149.35754660691265
2025-02-27T10:00:00Z,149.844,149.972,149.802,149.852,13811.0,149.844,149.86,149.42347372599096
2025-02-27T11:00:00Z,149.852,149.902,149.68,149.8,11287.0,149.792,149.807,149.47367722919216
2025-02-27T12:00:00Z,149.798,149.802,149.56,149.656,16506.0,149.649,149.664,149.49798693196655
2025-02-27T13:00:00Z,149.658,149.886,149.36,149.726,33145.0,149.717,149.735,149.528388674371
2025-02-27T14:00:00Z,149.726,150.144,149.642,149.736,36106.0,149.727,149.745,149.55607018445488
2025-02-27T15:00:00Z,149.736,150.104,149.544,149.944,48442.0,149.936,149.952,149.6077941598609
2025-02-27T16:00:00Z,149.942,150.164,149.768,149.811,30643.0,149.803,149.819,149.63488827187945
2025-02-27T17:00:00Z,149.812,150.016,149.782,149.969,20539.0,149.961,149.977,149.67943650229552
2025-02-27T18:00:00Z,149.968,150.156,149.917,150.116,15794.0,150.108,150.123,149.73764496865613
2025-02-27T19:00:00Z,150.116,150.126,149.786,149.864,19877.0,149.856,149.873,149.75449230616866
2025-02-27T20:00:00Z,149.865,149.866,149.631,149.699,18683.0,149.69,149.708,149.74709333201284
2025-02-27T21:00:00Z,149.7,149.828,149.678,149.797,8180.0,149.786,149.808,149.75374755441112
2025-02-27T22:00:00Z,149.772,149.814,149.749,149.775,1569.0,149.758,149.792,149.75658121382298
2025-02-27T23:00:00Z,149.778,150.112,149.54,150.092,8112.0,150.084,150.101,149.80130371864658
2025-02-28T00:00:00Z,150.093,150.145,149.356,149.378,20442.0,149.369,149.388,149.74486322282704
2025-02-28T01:00:00Z,149.38,149.532,149.271,149.299,20062.0,149.29,149.308,149.68541479311676
2025-02-28T02:00:00Z,149.3,149.567,149.1,149.529,15599.0,149.521,149.537,149.66455948736785
2025-02-28T03:00:00Z,149.53,149.629,149.461,149.604,11068.0,149.595,149.613,149.65648488905214
2025-02-28T04:00:00Z,149.604,149.702,149.518,149.611,9371.0,149.603,149.619,149.6504202371785
2025-02-28T05:00:00Z,149.61,149.884,149.582,149.832,11125.0,149.824,149.84,149.67463087222137
2025-02-28T06:00:00Z,149.834,150.12,149.788,150.044,11944.0,150.035,150.052,149.72388008925853
2025-02-28T07:00:00Z,150.044,150.572,149.935,150.434,21772.0,150.425,150.442,149.81856274402406
2025-02-28T08:00:00Z,150.436,150.688,150.313,150.565,18846.0,150.557,150.573,149.91808771148752
2025-02-28T09:00:00Z,150.566,150.636,150.188,150.252,18065.0,150.246,150.259,149.96260934995584
2025-02-28T10:00:00Z,150.253,150.397,150.244,150.377,9829.0,150.37,150.384,150.0178614366284
2025-02-28T11:00:00Z,150.378,150.488,150.289,150.39,9529.0,150.383,150.398,150.0674799117446
2025-02-28T12:00:00Z,150.392,150.718,150.382,150.661,13487.0,150.653,150.669,150.146615923512
2025-02-28T13:00:00Z,150.662,150.992,150.594,150.65,28431.0,150.643,150.658,150.21373380037707
2025-02-28T14:00:00Z,150.651,150.814,150.282,150.686,36650.0,150.678,150.695,150.27670262699345
2025-02-28T15:00:00Z,150.685,150.867,150.506,150.684,37680.0,150.677,150.692,150.33100894339432
2025-02-28T16:00:00Z,150.685,150.792,150.235,150.644,33438.0,150.635,150.653,150.37274108427508
2025-02-28T17:00:00Z,150.643,150.682,150.336,150.364,24037.0,150.357,150.372,150.37157560637175
2025-02-28T18:00:00Z,150.364,150.547,150.243,150.33,28781.0,150.322,150.337,150.36603219218887
2025-02-28T19:00:00Z,150.33,150.604,150.307,150.544,22537.0,150.535,150.553,150.38976123323036
2025-02-28T20:00:00Z,150.544,150.626,150.444,150.511,17876.0,150.502,150.52,150.405926402133
2025-02-28T21:00:00Z,150.51,150.63,150.484,150.62,5741.0,150.6,150.641,150.43446954851527
2025-03-02T22:00:00Z,150.706,150.74,150.675,150.706,944.0,150.692,150.72,150.47067360871324
2025-03-02T23:00:00Z,150.708,151.027,150.707,150.812,11748.0,150.802,150.822,150.51618379421814
2025-03-03T00:00:00Z,150.812,150.952,150.494,150.544,23820.0,150.536,150.551,150.5198926216557
2025-03-03T01:00:00Z,150.548,150.723,150.314,150.409,18985.0,150.401,150.417,150.50510693876828
2025-03-03T02:00:00Z,150.408,150.478,150.268,150.404,14680.0,150.395,150.412,150.4916260135992
2025-03-03T03:00:00Z,150.405,150.49,150.246,150.452,14989.0,150.443,150.46,150.4863425451193
2025-03-03T04:00:00Z,150.451,150.519,150.323,150.336,10139.0,150.328,150.343,150.46629687243674
2025-03-03T05:00:00Z,150.335,150.536,150.332,150.412,12753.0,150.404,150.42,150.45905728944518
2025-03-03T06:00:00Z,150.412,150.528,150.27,150.464,14406.0,150.455,150.473,150.45971631751917
2025-03-03T07:00:00Z,150.464,150.526,150.152,150.174,18301.0,150.165,150.183,150.42162080851662
2025-03-03T08:00:00Z,150.174,150.245,150.029,150.115,22013.0,150.108,150.122,150.38073803404774
2025-03-03T09:00:00Z,150.12,150.376,149.946,150.348,15503.0,150.34,150.355,150.37637296284137
2025-03-03T10:00:00Z,150.346,150.898,150.346,150.838,18360.0,150.83,150.846,150.43792323446252
2025-03-03T11:00:00Z,150.84,151.238,150.79,151.208,16820.0,151.202,151.215,150.54060013653418
2025-03-03T12:00:00Z,151.208,151.306,151.114,151.238,18652.0,151.231,151.246,150.63358678499628
2025-03-03T13:00:00Z,151.239,151.304,150.942,150.968,19640.0,150.961,150.976,150.67817521366345
2025-03-03T14:00:00Z,150.97,150.976,150.588,150.62,24258.0,150.607,150.632,150.67041851850834
2025-03-03T15:00:00Z,150.624,150.71,150.082,150.236,39490.0,150.227,150.245,150.6124960493739
2025-03-03T16:00:00Z,150.237,150.376,150.05,150.174,27969.0,150.166,150.183,150.5540299094574
2025-03-03T17:00:00Z,150.174,150.343,150.129,150.183,19179.0,150.175,150.191,150.5045592548631
2025-03-03T18:00:00Z,150.18,150.256,150.062,150.178,25678.0,150.17,150.186,150.46101802088134
2025-03-03T19:00:00Z,150.176,150.308,150.139,150.256,19890.0,150.249,150.263,150.43368228476382
2025-03-03T20:00:00Z,150.255,150.261,149.099,149.423,43202.0,149.416,149.43,150.2989246467953
2025-03-03T21:00:00Z,149.424,149.628,149.422,149.51,9651.0,149.496,149.525,150.19373469388927
2025-03-03T22:00:00Z,149.526,149.644,149.506,149.582,1358.0,149.555,149.61,150.11217006803736
2025-03-03T23:00:00Z,149.585,149.632,149.146,149.308,12507.0,149.301,149.316,150.00494739229904
2025-03-04T00:00:00Z,149.309,149.537,148.983,149.155,24166.0,149.145,149.165,149.89162107332584
2025-03-04T01:00:00Z,149.154,149.263,148.599,148.936,28516.0,148.926,148.945,149.76420493021573
2025-03-04T02:00:00Z,148.932,149.424,148.84,149.296,18855.0,149.288,149.304,149.70177760618697
2025-03-04T03:00:00Z,149.296,149.346,149.033,149.168,17484.0,149.159,149.177,149.63060725869536
2025-03-04T04:00:00Z,149.168,149.182,148.924,149.147,15831.0,149.139,149.155,149.5661262908693
2025-03-04T05:00:00Z,149.146,149.465,149.092,149.381,21098.0,149.372,149.39,149.54144278542006
2025-03-04T06:00:00Z,149.382,149.564,149.276,149.533,17865.0,149.525,149.541,149.54031708069738
2025-03-04T07:00:00Z,149.534,149.58,149.064,149.354,31546.0,149.346,149.361,149.51547480327108
2025-03-04T08:00:00Z,149.354,149.456,149.0,149.09,38271.0,149.083,149.098,149.4587448295016
2025-03-04T09:00:00Z,149.09,149.152,148.796,149.052,26870.0,149.043,149.061,149.40451218556805
2025-03-04T10:00:00Z,149.05,149.05,148.762,148.801,23556.0,148.792,148.81,149.324043894159
2025-03-04T11:00:00Z,148.8,148.837,148.29,148.368,22689.0,148.36,148.377,149.1965713749378
2025-03-04T12:00:00Z,148.368,148.368,148.094,148.23,25353.0,148.222,148.239,149.06769519161276
2025-03-04T13:00:00Z,148.23,148.563,148.185,148.211,25150.0,148.204,148.218,148.9534691660644
2025-03-04T14:00:00Z,148.21,148.712,148.2,148.434,47538.0,148.427,148.442,148.88420661058913
2025-03-04T15:00:00Z,148.434,148.615,148.192,148.354,53063.0,148.346,148.361,148.81351239584393
2025-03-04T16:00:00Z,148.354,148.862,148.302,148.812,40353.0,148.804,148.82,148.81331074306473
2025-03-04T17:00:00Z,148.812,148.919,148.69,148.746,30814.0,148.737,148.755,148.80433597732278
2025-03-04T18:00:00Z,148.747,149.134,148.704,149.096,32751.0,149.086,149.105,148.84322451367976
2025-03-04T19:00:00Z,149.094,149.372,149.05,149.319,24135.0,149.31,149.328,148.90666124518913
2025-03-04T20:00:00Z,149.317,149.52,149.011,149.104,30289.0,149.097,149.111,148.93297307916393
2025-03-04T21:00:00Z,149.102,149.882,149.048,149.807,21236.0,149.797,149.817,149.04951000194208
2025-03-04T22:00:00Z,149.749,149.796,149.682,149.754,2279.0,149.727,149.782,149.14344200168313
2025-03-04T23:00:00Z,149.746,149.976,149.642,149.831,7907.0,149.825,149.837,149.23511640145873
2025-03-05T00:00:00Z,149.829,149.926,149.578,149.924,22351.0,149.916,149.931,149.3269675479309
2025-03-05T01:00:00Z,149.926,150.186,149.785,149.974,27880.0,149.965,149.984,149.41323854154012
2025-03-05T02:00:00Z,149.975,150.008,149.75,149.83,19103.0,149.821,149.838,149.46880673600145
2025-03-05T03:00:00Z,149.829,150.099,149.713,149.972,18290.0,149.963,149.981,149.53589917120127
2025-03-05T04:00:00Z,149.973,149.974,149.708,149.83,11779.0,149.822,149.838,149.5751126150411
2025-03-05T05:00:00Z,149.83,149.896,149.696,149.717,12967.0,149.711,149.723,149.5940309330356
2025-03-05T06:00:00Z,149.715,149.752,149.57,149.69,14540.0,149.682,149.697,149.60682680863087
2025-03-05T07:00:00Z,149.691,149.817,149.417,149.452,25624.0,149.445,149.458,149.58618323414677
2025-03-05T08:00:00Z,149.456,149.642,149.202,149.226,27079.0,149.217,149.235,149.5381588029272
2025-03-05T09:00:00Z,149.227,149.452,149.095,149.374,19781.0,149.367,149.382,149.5162709625369
2025-03-05T10:00:00Z,149.378,149.568,149.316,149.346,17494.0,149.338,149.355,149.493568167532
2025-03-05T11:00:00Z,149.345,149.547,149.288,149.397,17860.0,149.388,149.406,149.48069241186107
2025-03-05T12:00:00Z,149.398,149.516,149.156,149.515,23350.0,149.507,149.523,149.48526675694626
2025-03-05T13:00:00Z,149.514,149.742,148.936,149.02,36838.0,149.013,149.028,149.42323118935343
2025-03-05T14:00:00Z,149.021,149.03,148.392,148.392,39258.0,148.376,148.408,149.28573369743964
2025-03-05T15:00:00Z,148.395,149.11,148.395,148.914,56348.0,148.906,148.923,149.2361692044477
2025-03-05T16:00:00Z,148.915,148.982,148.474,148.83,42309.0,148.821,148.838,149.18201331052134
2025-03-05T17:00:00Z,148.828,148.928,148.636,148.864,32987.0,148.857,148.872,149.13961153578518
2025-03-05T18:00:00Z,148.866,149.022,148.77,148.956,30923.0,148.95,148.963,149.1151299976805
2025-03-05T19:00:00Z,148.955,149.143,148.782,148.79,19570.0,148.783,148.797,149.0717793313231
2025-03-05T20:00:00Z,148.788,148.899,148.738,148.884,17406.0,148.875,148.892,149.0467420871467
2025-03-05T21:00:00Z,148.88,149.001,148.83,148.896,10438.0,148.88,148.913,149.02664314219382
2025-03-05T22:00:00Z,148.852,148.906,148.784,148.836,1712.0,148.817,148.856,149.001224056568
2025-03-05T23:00:00Z,148.828,148.947,148.726,148.885,4952.0,148.874,148.896,148.98572751569228
2025-03-06T00:00:00Z,148.884,149.315,148.86,149.155,16033.0,149.146,149.164,149.00829718026665
2025-03-06T01:00:00Z,149.154,149.335,148.965,148.998,15006.0,148.99,149.007,149.00692422289777
2025-03-06T02:00:00Z,148.996,149.223,148.948,149.2,13721.0,149.19,149.209,149.03266765984472
2025-03-06T03:00:00Z,149.199,149.288,149.115,149.238,11231.0,149.23,149.246,149.06004530519877
2025-03-06T04:00:00Z,149.238,149.31,149.16,149.192,10087.0,149.185,149.2,149.0776392645056
2025-03-06T05:00:00Z,149.193,149.224,148.931,148.938,13666.0,148.931,148.945,149.05902069590485
2025-03-06T06:00:00Z,148.936,148.968,148.75,148.782,16091.0,148.775,148.79,149.02208460311755
2025-03-06T07:00:00Z,148.784,148.786,148.266,148.37,32575.0,148.364,148.377,148.93513998936854
2025-03-06T08:00:00Z,148.37,148.418,148.068,148.158,32272.0,148.149,148.167,148.8315213241194
2025-03-06T09:00:00Z,148.158,148.158,147.782,147.888,32562.0,147.879,147.896,148.70571848090347
2025-03-06T10:00:00Z,147.884,148.076,147.701,147.868,21319.0,147.86,147.877,148.59402268344968
2025-03-06T11:00:00Z,147.868,147.989,147.763,147.832,19813.0,147.823,147.84,148.49241965898972
2025-03-06T12:00:00Z,147.83,147.878,147.563,147.612,21734.0,147.603,147.621,148.37503037112444
2025-03-06T13:00:00Z,147.61,147.683,147.352,147.422,38524.0,147.413,147.432,148.24795965497452
2025-03-06T14:00:00Z,147.422,147.851,147.31,147.568,48449.0,147.559,147.577,148.1572983676446
2025-03-06T15:00:00Z,147.566,148.318,147.492,148.238,51986.0,148.229,148.247,148.168058585292
2025-03-06T16:00:00Z,148.24,148.393,147.904,147.914,46109.0,147.906,147.922,148.13418410725305
2025-03-06T17:00:00Z,147.912,148.03,147.649,147.92,34430.0,147.913,147.927,148.10562622628598
2025-03-06T18:00:00Z,147.92,147.964,147.744,147.802,24739.0,147.794,147.809,148.06514272944784
2025-03-06T19:00:00Z,147.8,147.86,147.57,147.692,25584.0,147.685,147.699,148.01539036552148
2025-03-06T20:00:00Z,147.693,147.88,147.665,147.808,25308.0,147.798,147.818,147.98773831678528
2025-03-06T21:00:00Z,147.812,148.062,147.807,147.986,6859.0,147.975,147.997,147.98750654121392
2025-03-06T22:00:00Z,148.016,148.045,147.703,147.966,920.0,147.944,147.989,147.9846390023854
2025-03-06T23:00:00Z,147.964,148.152,147.884,148.15,6465.0,148.14,148.16,148.00668713540068
2025-03-07T00:00:00Z,148.15,148.165,147.658,147.962,17674.0,147.952,147.972,148.0007288506806
2025-03-07T01:00:00Z,147.962,148.125,147.816,147.902,18728.0,147.893,147.912,147.98756500392318
2025-03-07T02:00:00Z,147.901,148.037,147.554,147.597,13786.0,147.588,147.606,147.93548967006677
2025-03-07T03:00:00Z,147.598,147.659,147.444,147.609,14080.0,147.601,147.617,147.89195771405787
2025-03-07T04:00:00Z,147.608,147.708,147.474,147.676,13056.0,147.668,147.684,147.86316335218348
2025-03-07T05:00:00Z,147.676,147.757,147.452,147.454,12158.0,147.445,147.463,147.80860823855903
2025-03-07T06:00:00Z,147.454,147.648,147.39,147.495,14320.0,147.487,147.503,147.76679380675117
2025-03-07T07:00:00Z,147.496,147.752,147.49,147.654,22421.0,147.645,147.663,147.75175463251767
2025-03-07T08:00:00Z,147.656,147.756,147.203,147.336,31557.0,147.329,147.344,147.69632068151532
2025-03-07T09:00:00Z,147.338,147.586,147.29,147.444,23174.0,147.437,147.451,147.66267792397994
2025-03-07T10:00:00Z,147.444,147.564,147.381,147.56,16586.0,147.552,147.567,147.64898753411595
2025-03-07T11:00:00Z,147.563,147.746,147.498,147.696,15070.0,147.688,147.705,147.6552558629005
2025-03-07T12:00:00Z,147.696,147.854,147.632,147.747,20235.0,147.74,147.754,147.66748841451377
2025-03-07T13:00:00Z,147.744,147.974,147.118,147.232,47084.0,147.223,147.24,147.6094232925786
2025-03-07T14:00:00Z,147.23,147.68,146.942,147.518,45067.0,147.511,147.525,147.5972335202348
2025-03-07T15:00:00Z,147.518,147.734,147.194,147.524,49689.0,147.517,147.532,147.58746905087017
2025-03-07T16:00:00Z,147.524,147.6,147.028,147.136,40646.0,147.128,147.144,147.52727317742082
2025-03-07T17:00:00Z,147.136,147.71,146.962,147.488,34320.0,147.478,147.497,147.52203675376472
2025-03-07T18:00:00Z,147.49,148.032,147.482,147.978,31392.0,147.971,147.986,147.58283185326277
2025-03-07T19:00:00Z,147.978,148.204,147.862,148.034,23457.0,148.026,148.042,147.64298760616109
2025-03-07T20:00:00Z,148.034,148.12,147.89,147.96,16764.0,147.952,147.967,147.68525592533962
2025-03-07T21:00:00Z,147.961,148.052,147.842,148.036,6618.0,148.014,148.059,147.732021801961
2025-03-09T21:00:00Z,147.945,147.971,147.604,147.641,634.0,147.591,147.691,147.71988556169953
2025-03-09T22:00:00Z,147.643,147.857,147.483,147.485,8984.0,147.479,147.491,147.68856748680628
2025-03-09T23:00:00Z,147.484,147.649,147.388,147.589,11339.0,147.582,147.596,147.67529182189878
2025-03-10T00:00:00Z,147.588,147.647,147.23,147.296,20013.0,147.288,147.305,147.62471957897895
2025-03-10T01:00:00Z,147.292,147.448,147.09,147.417,18790.0,147.408,147.426,147.5970236351151
2025-03-10T02:00:00Z,147.415,147.632,147.331,147.604,11752.0,147.595,147.613,147.59795381709978
2025-03-10T03:00:00Z,147.604,147.758,147.55,147.642,10210.0,147.634,147.651,147.60382664148648
2025-03-10T04:00:00Z,147.643,147.672,147.538,147.638,9056.0,147.629,147.646,147.60838308928828
2025-03-10T05:00:00Z,147.638,147.795,147.522,147.528,10047.0,147.52,147.536,147.59766534404986
2025-03-10T06:00:00Z,147.526,147.759,147.504,147.702,13963.0,147.693,147.711,147.61157663150988
2025-03-10T07:00:00Z,147.698,147.792,147.499,147.572,20328.0,147.564,147.579,147.60629974730855
2025-03-10T08:00:00Z,147.573,147.642,147.14,147.188,24000.0,147.179,147.196,147.5505264476674
2025-03-10T09:00:00Z,147.187,147.36,147.152,147.234,22503.0,147.227,147.241,147.50832292131176
2025-03-10T10:00:00Z,147.232,147.284,146.915,146.917,21318.0,146.91,146.924,147.42947986513687
2025-03-10T11:00:00Z,146.918,147.14,146.861,147.127,25274.0,147.119,147.135,147.38914921645195
2025-03-10T12:00:00Z,147.126,147.152,146.724,147.02,23258.0,147.011,147.029,147.33992932092502
2025-03-10T13:00:00Z,147.021,147.18,146.77,147.069,34723.0,147.062,147.076,147.30380541146835
2025-03-10T14:00:00Z,147.072,147.072,146.633,146.768,44482.0,146.761,146.775,147.23236468993923
2025-03-10T15:00:00Z,146.767,147.308,146.753,147.153,32886.0,147.147,147.159,147.22178273128068
2025-03-10T16:00:00Z,147.152,147.306,147.051,147.258,24707.0,147.251,147.266,147.22661170044327
2025-03-10T17:00:00Z,147.259,147.32,147.038,147.19,23071.0,147.182,147.198,147.22173014038418
2025-03-10T18:00:00Z,147.192,147.39,147.175,147.238,20830.0,147.232,147.245,147.22389945499964
2025-03-10T19:00:00Z,147.235,147.468,147.085,147.294,26214.0,147.287,147.302,147.23324619433302
2025-03-10T20:00:00Z,147.294,147.368,147.23,147.27,7810.0,147.258,147.283,147.23814670175528
2025-03-10T21:00:00Z,147.274,147.291,147.141,147.163,443.0,147.153,147.173,147.22812714152124
2025-03-10T22:00:00Z,147.162,147.18,146.956,146.99,5077.0,146.982,146.997,147.19637685598508
2025-03-10T23:00:00Z,146.989,147.094,146.78,147.081,14917.0,147.074,147.088,147.18099327518706
2025-03-11T00:00:00Z,147.08,147.104,146.543,146.749,26054.0,146.739,146.759,147.12339417182878
2025-03-11T01:00:00Z,146.748,146.93,146.597,146.808,22620.0,146.8,146.816,147.08134161558493
2025-03-11T02:00:00Z,146.808,147.196,146.764,146.92,21494.0,146.911,146.929,147.0598294001736
2025-03-11T03:00:00Z,146.922,147.154,146.916,147.117,16246.0,147.108,147.126,147.06745214681712
2025-03-11T04:00:00Z,147.116,147.224,146.922,146.974,12368.0,146.966,146.983,147.05499186057483
2025-03-11T05:00:00Z,146.975,147.291,146.92,147.225,12790.0,147.216,147.234,147.0776596124982
2025-03-11T06:00:00Z,147.224,147.404,147.191,147.236,19117.0,147.226,147.245,147.0987716641651
2025-03-11T07:00:00Z,147.234,147.292,146.761,146.938,23842.0,146.931,146.945,147.07733544227642
2025-03-11T08:00:00Z,146.936,147.302,146.878,147.29,24789.0,147.283,147.297,147.10569071663957
2025-03-11T09:00:00Z,147.29,147.517,147.22,147.373,19560.0,147.366,147.38,147.14133195442096
2025-03-11T10:00:00Z,147.372,147.644,147.372,147.56,19527.0,147.554,147.567,147.19715436049816
2025-03-11T11:00:00Z,147.561,147.728,147.478,147.606,16475.0,147.597,147.615,147.25166711243173
2025-03-11T12:00:00Z,147.606,147.94,147.333,147.773,23876.0,147.763,147.783,147.3211781641075
2025-03-11T13:00:00Z,147.771,148.115,147.629,147.777,39170.0,147.762,147.792,147.38195440889317
2025-03-11T14:00:00Z,147.776,148.122,147.269,147.358,65846.0,147.35,147.367,147.3787604877074
2025-03-11T15:00:00Z,147.356,147.744,147.292,147.498,48011.0,147.491,147.505,147.39465908934642
2025-03-11T16:00:00Z,147.496,147.522,147.25,147.295,31348.0,147.287,147.303,147.3813712107669
2025-03-11T17:00:00Z,147.294,147.294,147.023,147.191,26664.0,147.182,147.2,147.35598838266466
2025-03-11T18:00:00Z,147.188,147.919,147.156,147.83,34846.0,147.822,147.839,147.4191899316427
2025-03-11T19:00:00Z,147.832,147.863,147.616,147.757,28492.0,147.749,147.765,147.46423127409034
2025-03-11T20:00:00Z,147.759,147.868,147.743,147.776,5713.0,147.764,147.787,147.50580043754496
2025-03-11T21:00:00Z,147.776,147.835,147.662,147.734,518.0,147.708,147.76,147.5362270458723
2025-03-11T22:00:00Z,147.731,147.94,147.731,147.896,3377.0,147.885,147.908,147.58419677308933
2025-03-11T23:00:00Z,147.902,148.07,147.811,148.05,8669.0,148.041,148.059,147.64630387001077
2025-03-12T00:00:00Z,148.05,148.158,147.944,148.134,17445.0,148.125,148.144,147.711330020676
2025-03-12T01:00:00Z,148.134,148.158,147.846,148.036,13488.0,148.03,148.042,147.75461935125253
2025-03-12T02:00:00Z,148.035,148.07,147.866,148.042,10459.0,148.032,148.051,147.79293677108552
2025-03-12T03:00:00Z,148.042,148.106,147.926,148.077,10129.0,148.068,148.086,147.8308118682741
2025-03-12T04:00:00Z,148.077,148.271,148.064,148.152,10659.0,148.144,148.16,147.87363695250423
2025-03-12T05:00:00Z,148.152,148.29,148.031,148.054,13164.0,148.045,148.064,147.897685358837
2025-03-12T06:00:00Z,148.053,148.414,147.962,148.362,14145.0,148.355,148.369,147.95959397765876
2025-03-12T07:00:00Z,148.361,148.604,148.278,148.593,18022.0,148.586,148.6,148.04404811397092
2025-03-12T08:00:00Z,148.594,148.654,148.26,148.342,20889.0,148.335,148.35,148.08377503210812
2025-03-12T09:00:00Z,148.344,148.678,148.308,148.604,12429.0,148.595,148.613,148.1531383611604
2025-03-12T10:00:00Z,148.604,148.777,148.526,148.682,12420.0,148.673,148.691,148.223653246339
2025-03-12T11:00:00Z,148.682,148.753,148.599,148.739,13818.0,148.732,148.746,148.29236614682713
2025-03-12T12:00:00Z,148.736,149.198,148.131,149.13,39778.0,149.121,149.138,148.40405066058352
2025-03-12T13:00:00Z,149.129,149.154,148.619,148.705,35628.0,148.696,148.714,148.4441772391724
2025-03-12T14:00:00Z,148.704,148.712,148.294,148.321,34516.0,148.314,148.328,148.42775360728277
2025-03-12T15:00:00Z,148.322,148.446,148.208,148.32,26216.0,148.312,148.327,148.41338645964507
2025-03-12T16:00:00Z,148.318,148.435,148.198,148.286,20446.0,148.279,148.292,148.39640159835906
2025-03-12T17:00:00Z,148.286,148.364,148.122,148.129,18711.0,148.12,148.138,148.3607480519112
2025-03-12T18:00:00Z,148.13,148.418,148.108,148.348,16153.0,148.34,148.356,148.35904831165638
2025-03-12T19:00:00Z,148.346,148.384,148.266,148.351,15380.0,148.342,148.36,148.35797520343553
2025-03-12T20:00:00Z,148.35,148.372,148.258,148.262,4082.0,148.25,148.274,148.34517850964414
2025-03-12T21:00:00Z,148.224,148.244,148.218,148.224,327.0,148.203,148.245,148.32902137502492
2025-03-12T22:00:00Z,148.22,148.295,148.1,148.226,2323.0,148.22,148.233,148.31528519168828
2025-03-12T23:00:00Z,148.228,148.307,148.091,148.294,5849.0,148.286,148.303,148.31244716612986
2025-03-13T00:00:00Z,148.296,148.374,148.105,148.11,11675.0,148.103,148.118,148.2854542106459
2025-03-13T01:00:00Z,148.11,148.33,148.072,148.118,12616.0,148.111,148.126,148.26312698255978
2025-03-13T02:00:00Z,148.119,148.238,148.098,148.176,8989.0,148.168,148.183,148.2515100515518
2025-03-13T03:00:00Z,148.174,148.253,148.018,148.042,8918.0,148.033,148.051,148.22357537801156
2025-03-13T04:00:00Z,148.042,148.119,147.822,147.85,11152.0,147.843,147.858,148.17376532761003
2025-03-13T05:00:00Z,147.851,147.934,147.694,147.725,14393.0,147.717,147.733,148.11392995059535
2025-03-13T06:00:00Z,147.724,147.81,147.576,147.792,15107.0,147.783,147.802,148.07100595718265
2025-03-13T07:00:00Z,147.793,147.942,147.706,147.788,19183.0,147.78,147.797,148.0332718295583
2025-03-13T08:00:00Z,147.788,147.922,147.684,147.922,25465.0,147.913,147.932,148.0184355856172
2025-03-13T09:00:00Z,147.921,148.203,147.82,148.155,15720.0,148.149,148.161,148.03664417420157
2025-03-13T10:00:00Z,148.154,148.234,148.082,148.154,12962.0,148.145,148.163,148.05229161764137
2025-03-13T11:00:00Z,148.156,148.188,147.907,147.994,16593.0,147.988,148.0,148.04451940195585
2025-03-13T12:00:00Z,147.992,148.26,147.757,148.209,29414.0,148.2,148.218,148.06645014836175
2025-03-13T13:00:00Z,148.208,148.357,148.03,148.109,31925.0,148.103,148.115,148.07212346191352
2025-03-13T14:00:00Z,148.11,148.178,147.843,147.881,31360.0,147.873,147.889,148.0466403336584
2025-03-13T15:00:00Z,147.882,147.983,147.642,147.708,31678.0,147.7,147.717,148.0014882891706
2025-03-13T16:00:00Z,147.708,147.835,147.531,147.587,25082.0,147.578,147.596,147.94622318394786
2025-03-13T17:00:00Z,147.586,147.71,147.414,147.63,20961.0,147.622,147.639,147.9040600927548
2025-03-13T18:00:00Z,147.629,147.79,147.571,147.746,18798.0,147.738,147.754,147.88298541372083
2025-03-13T19:00:00Z,147.744,147.781,147.633,147.701,14544.0,147.693,147.709,147.8587206918914
2025-03-13T20:00:00Z,147.7,147.826,147.698,147.807,3812.0,147.793,147.821,147.8518245996392
2025-03-13T21:00:00Z,147.8,147.803,147.752,147.761,634.0,147.711,147.811,147.83971465302065
2025-03-13T22:00:00Z,147.766,147.984,147.755,147.938,3068.0,147.927,147.949,147.938
2025-03-13T23:00:00Z,147.936,147.972,147.862,147.936,6855.0,147.928,147.945,147.93773333333334
2025-03-14T00:00:00Z,147.938,148.332,147.85,148.299,15513.0,148.289,148.309,147.98590222222222
2025-03-14T01:00:00Z,148.3,148.434,148.154,148.175,12704.0,148.166,148.184,148.01111525925927
2025-03-14T02:00:00Z,148.174,148.316,148.163,148.249,7658.0,148.24,148.258,148.04283322469138
2025-03-14T03:00:00Z,148.248,148.391,148.248,148.334,9912.0,148.325,148.343,148.0816554613992
2025-03-14T04:00:00Z,148.332,148.556,148.324,148.499,8531.0,148.491,148.507,148.1373013998793
2025-03-14T05:00:00Z,148.498,148.652,148.44,148.468,9007.0,148.461,148.475,148.18139454656207
2025-03-14T06:00:00Z,148.47,148.758,148.427,148.708,11543.0,148.699,148.718,148.25160860702047
2025-03-14T07:00:00Z,148.709,149.024,148.556,148.75,22118.0,148.741,148.76,148.31806079275108
2025-03-14T08:00:00Z,148.75,148.917,148.65,148.882,18844.0,148.874,148.889,148.39325268705093
2025-03-14T09:00:00Z,148.884,149.0,148.848,148.974,14254.0,148.966,148.983,148.4706856621108
2025-03-14T10:00:00Z,148.973,148.984,148.605,148.802,16621.0,148.795,148.809,148.5148609071627
2025-03-14T11:00:00Z,148.802,148.824,148.64,148.728,18928.0,148.719,148.738,148.54327945287434
2025-03-14T12:00:00Z,148.732,148.804,148.587,148.658,13605.0,148.651,148.665,148.55857552582444
2025-03-14T13:00:00Z,148.658,148.795,148.522,148.68,17301.0,148.662,148.697,148.57476545571453
2025-03-14T14:00:00Z,148.684,148.898,148.351,148.461,34791.0,148.453,148.469,148.55959672828592
2025-03-14T15:00:00Z,148.462,148.572,148.371,148.521,23179.0,148.512,148.53,148.5544504978478
2025-03-14T16:00:00Z,148.52,148.528,148.259,148.356,14755.0,148.348,148.364,148.52799043146808
2025-03-14T17:00:00Z,148.354,148.508,148.32,148.44,11264.0,148.431,148.449,148.516258373939
2025-03-14T18:00:00Z,148.439,148.588,148.438,148.54,9588.0,148.532,148.548,148.51942392408046
2025-03-14T19:00:00Z,148.542,148.662,148.504,148.646,6408.0,148.639,148.654,148.53630073420305
2025-03-14T20:00:00Z,148.642,148.676,148.564,148.637,3955.0,148.609,148.665,148.54972730297598
2025-03-16T21:00:00Z,148.75,148.865,148.738,148.774,520.0,148.744,148.805,148.57963032924584
2025-03-16T22:00:00Z,148.775,148.802,148.57,148.574,5017.0,148.564,148.584,148.57887961867974
2025-03-16T23:00:00Z,148.576,148.704,148.464,148.608,7809.0,148.599,148.616,148.58276233618912
2025-03-17T00:00:00Z,148.61,148.886,148.462,148.796,12954.0,148.789,148.804,148.61119402469726
2025-03-17T01:00:00Z,148.796,148.9,148.562,148.619,11676.0,148.609,148.629,148.6122348214043
2025-03-17T02:00:00Z,148.618,148.708,148.536,148.652,9417.0,148.644,148.659,148.61753684521705
2025-03-17T03:00:00Z,148.652,148.816,148.572,148.73,7333.0,148.721,148.738,148.63253193252143
2025-03-17T04:00:00Z,148.73,149.042,148.722,149.039,9416.0,149.031,149.047,148.6867276748519
2025-03-17T05:00:00Z,149.044,149.07,148.89,148.98,9640.0,148.971,148.988,148.72583065153833
2025-03-17T06:00:00Z,148.98,149.1,148.802,148.968,11924.0,148.961,148.975,148.75811989799988
2025-03-17T07:00:00Z,148.97,148.998,148.823,148.84,13229.0,148.832,148.847,148.76903724493323
2025-03-17T08:00:00Z,148.852,148.982,148.684,148.928,17545.0,148.921,148.935,148.79023227894214
2025-03-17T09:00:00Z,148.926,148.935,148.599,148.666,13854.0,148.658,148.675,148.77366797508319
2025-03-17T10:00:00Z,148.67,148.682,148.483,148.499,11502.0,148.492,148.506,148.73704557840543
2025-03-17T11:00:00Z,148.5,148.558,148.417,148.46,9308.0,148.453,148.468,148.7001061679514
2025-03-17T12:00:00Z,148.462,148.953,148.234,148.818,26745.0,148.809,148.827,148.71582534555787
2025-03-17T13:00:00Z,148.82,149.1,148.726,148.834,28622.0,148.825,148.842,148.73158196615017
2025-03-17T14:00:00Z,148.826,148.85,148.568,148.602,35030.0,148.593,148.61,148.71430437066348
2025-03-17T15:00:00Z,148.602,148.66,148.446,148.557,22113.0,148.549,148.565,148.69333045457503
2025-03-17T16:00:00Z,148.556,148.732,148.521,148.728,13787.0,148.721,148.735,148.6979530606317
2025-03-17T17:00:00Z,148.73,149.027,148.702,148.989,11071.0,148.982,148.996,148.73675931921414
2025-03-17T18:00:00Z,148.99,149.244,148.952,149.178,11645.0,149.171,149.185,148.7955914099856
2025-03-17T19:00:00Z,149.178,149.284,149.14,149.161,9958.0,149.153,149.169,148.84431255532087
2025-03-17T20:00:00Z,149.16,149.266,149.054,149.21,4913.0,149.199,149.22,148.89307088127808
2025-03-17T21:00:00Z,149.214,149.242,149.126,149.148,592.0,149.135,149.162,148.927061430441
2025-03-17T22:00:00Z,149.148,149.334,149.146,149.33,2398.0,149.322,149.338,148.98078657304887
2025-03-17T23:00:00Z,149.332,149.402,149.31,149.396,5218.0,149.388,149.405,149.03614836330902
2025-03-18T00:00:00Z,149.396,149.489,149.256,149.466,11715.0,149.456,149.475,149.09346191486782
2025-03-18T01:00:00Z,149.465,149.54,149.363,149.429,9430.0,149.423,149.435,149.13820032621877
2025-03-18T02:00:00Z,149.428,149.726,149.398,149.673,8515.0,149.666,149.68,149.2095069493896
2025-03-18T03:00:00Z,149.672,149.726,149.644,149.692,5791.0,149.684,149.701,149.27383935613767
2025-03-18T04:00:00Z,149.692,149.735,149.544,149.559,6074.0,149.551,149.567,149.31186077531933
2025-03-18T05:00:00Z,149.56,149.74,149.514,149.738,6204.0,149.732,149.745,149.3686793386101
2025-03-18T06:00:00Z,149.739,149.88,149.728,149.738,7967.0,149.732,149.744,149.4179220934621
2025-03-18T07:00:00Z,149.739,149.862,149.71,149.832,9343.0,149.824,149.841,149.47313248100048
2025-03-18T08:00:00Z,149.834,149.902,149.654,149.752,11170.0,149.744,149.76,149.5103148168671
2025-03-18T09:00:00Z,149.753,149.848,149.702,149.788,9130.0,149.781,149.794,149.54733950795148
2025-03-18T10:00:00Z,149.789,149.818,149.598,149.652,12052.0,149.645,149.659,149.5612942402246
2025-03-18T11:00:00Z,149.653,149.772,149.564,149.746,9359.0,149.739,149.754,149.58592167486134
2025-03-18T12:00:00Z,149.746,149.937,149.63,149.842,13009.0,149.834,149.85,149.6200654515465
2025-03-18T13:00:00Z,149.842,149.896,149.59,149.598,22920.0,149.591,149.605,149.6171233913403
2025-03-18T14:00:00Z,149.598,149.756,149.448,149.67,24605.0,149.662,149.677,149.62417360582828
2025-03-18T15:00:00Z,149.669,149.702,149.416,149.494,21101.0,149.488,149.5,149.60681712505118
2025-03-18T16:00:00Z,149.494,149.652,149.282,149.424,16143.0,149.415,149.432,149.58244150837768
2025-03-18T17:00:00Z,149.423,149.433,149.214,149.252,16402.0,149.244,149.26,149.538382640594
2025-03-18T18:00:00Z,149.254,149.254,149.1,149.237,12124.0,149.228,149.246,149.4981982885148
2025-03-18T19:00:00Z,149.236,149.293,149.146,149.279,10235.0,149.271,149.287,149.46897185004616
2025-03-18T20:00:00Z,149.28,149.393,149.271,149.282,3821.0,149.27,149.293,149.44404227004
2025-03-18T21:00:00Z,149.301,149.312,149.224,149.251,1327.0,149.226,149.276,149.41830330070133
2025-03-18T22:00:00Z,149.244,149.403,149.194,149.392,1981.0,149.383,149.402,149.41479619394116
2025-03-18T23:00:00Z,149.396,149.476,149.282,149.439,4957.0,149.431,149.447,149.41802336808234
2025-03-19T00:00:00Z,149.44,149.644,149.299,149.606,10661.0,149.6,149.612,149.4430869190047
2025-03-19T01:00:00Z,149.607,149.646,149.444,149.466,7732.0,149.457,149.476,149.44614199647077
2025-03-19T02:00:00Z,149.467,149.564,149.206,149.424,9381.0,149.416,149.432,149.44318973027467
2025-03-19T03:00:00Z,149.424,149.52,149.303,149.326,4195.0,149.32,149.333,149.42756443290472
2025-03-19T04:00:00Z,149.327,149.574,149.309,149.534,5828.0,149.527,149.542,149.44175584185075
2025-03-19T05:00:00Z,149.537,149.777,149.534,149.776,6031.0,149.768,149.783,149.486321729604
2025-03-19T06:00:00Z,149.775,150.026,149.578,149.664,14557.0,149.658,149.67,149.5100121656568
2025-03-19T07:00:00Z,149.665,149.685,149.142,149.278,24847.0,149.269,149.286,149.47907721023589
2025-03-19T08:00:00Z,149.279,149.688,149.279,149.631,15038.0,149.624,149.638,149.49933358220443
2025-03-19T09:00:00Z,149.63,149.794,149.571,149.761,8434.0,149.753,149.769,149.5342224379105
2025-03-19T10:00:00Z,149.762,149.814,149.675,149.778,7247.0,149.769,149.786,149.56672611285578
2025-03-19T11:00:00Z,149.777,149.888,149.751,149.832,8374.0,149.824,149.839,149.602095964475
2025-03-19T12:00:00Z,149.831,149.852,149.599,149.794,10650.0,149.787,149.802,149.62768316921168
2025-03-19T13:00:00Z,149.794,150.111,149.743,150.08,15366.0,150.073,150.086,149.68799207998347
2025-03-19T14:00:00Z,150.079,150.149,149.798,149.88,17906.0,149.872,149.889,149.7135931359857
2025-03-19T15:00:00Z,149.878,150.05,149.815,150.032,12317.0,150.024,150.04,149.75604738452094
2025-03-19T16:00:00Z,150.032,150.034,149.85,149.94,8513.0,149.931,149.948,149.78057439991815
2025-03-19T17:00:00Z,149.939,150.0,149.872,149.931,8348.0,149.911,149.951,149.80063114659575
2025-03-19T18:00:00Z,149.932,149.965,148.666,148.836,37514.0,148.828,148.844,149.672013660383
2025-03-19T19:00:00Z,148.836,149.147,148.77,148.848,26335.0,148.84,148.856,149.56214517233192
2025-03-19T20:00:00Z,148.853,148.904,148.609,148.7,6032.0,148.687,148.713,149.44719248268768
2025-03-19T21:00:00Z,148.724,148.82,148.711,148.81,612.0,148.793,148.826,149.362233484996
2025-03-19T22:00:00Z,148.814,148.874,148.549,148.598,4710.0,148.588,148.608,149.26033568699654
2025-03-19T23:00:00Z,148.598,148.714,148.452,148.46,6392.0,148.451,148.469,149.1536242620637
2025-03-20T00:00:00Z,148.46,148.524,148.28,148.304,11068.0,148.296,148.312,149.04034102712185
2025-03-20T01:00:00Z,148.304,148.421,148.201,148.306,8747.0,148.296,148.315,148.94242889017227
2025-03-20T02:00:00Z,148.306,148.434,148.182,148.432,8587.0,148.423,148.441,148.87437170481596
2025-03-20T03:00:00Z,148.434,148.451,148.334,148.369,6733.0,148.359,148.379,148.8069888108405
2025-03-20T04:00:00Z,148.367,148.419,148.304,148.398,4650.0,148.389,148.406,148.7524569693951
2025-03-20T05:00:00Z,148.397,148.466,148.344,148.373,5188.0,148.367,148.379,148.7018627068091
2025-03-20T06:00:00Z,148.369,148.37,148.174,148.282,8009.0,148.272,148.291,148.64588101256788
2025-03-20T07:00:00Z,148.28,148.646,148.256,148.588,11808.0,148.579,148.596,148.6381635442255
2025-03-20T08:00:00Z,148.588,148.688,148.396,148.546,13072.0,148.537,148.554,148.6258750716621
2025-03-20T09:00:00Z,148.546,148.784,148.54,148.746,11180.0,148.737,148.754,148.64189172877383
2025-03-20T10:00:00Z,148.746,148.747,148.442,148.598,17533.0,148.59,148.607,148.63603949827066
2025-03-20T11:00:00Z,148.598,148.636,148.402,148.459,10913.0,148.452,148.466,148.61243423183458
2025-03-20T12:00:00Z,148.458,148.698,148.404,148.56,15385.0,148.552,148.567,148.60544300092332
2025-03-20T13:00:00Z,148.561,148.83,148.452,148.79,16309.0,148.778,148.801,148.63005060080022
2025-03-20T14:00:00Z,148.793,148.926,148.694,148.704,21421.0,148.695,148.712,148.63991052069352
2025-03-20T15:00:00Z,148.702,148.963,148.685,148.853,15172.0,148.845,148.861,148.66832245126773
2025-03-20T16:00:00Z,148.852,148.964,148.724,148.756,15254.0,148.748,148.764,148.6800127910987
2025-03-20T17:00:00Z,148.756,148.927,148.749,148.771,11060.0,148.762,148.78,148.6921444189522
2025-03-20T18:00:00Z,148.77,148.884,148.714,148.806,10504.0,148.798,148.815,148.70732516309192
2025-03-20T19:00:00Z,148.805,148.862,148.746,148.79,8544.0,148.782,148.798,148.71834847467966
2025-03-20T20:00:00Z,148.788,148.824,148.752,148.788,2792.0,148.778,148.797,148.7276353447224
2025-03-20T21:00:00Z,148.805,148.806,148.689,148.783,349.0,148.76,148.806,148.7350172987594
2025-03-20T22:00:00Z,148.782,148.801,148.712,148.726,2159.0,148.715,148.736,148.73381499225815
2025-03-20T23:00:00Z,148.724,148.774,148.586,148.622,5903.0,148.613,148.63,148.71890632662374
2025-03-21T00:00:00Z,148.622,149.033,148.59,148.996,14551.0,148.988,149.004,148.75585214974058
2025-03-21T01:00:00Z,148.996,149.196,148.95,149.093,11089.0,149.084,149.102,148.80080519644184
2025-03-21T02:00:00Z,149.092,149.104,148.933,149.072,7919.0,149.065,149.08,148.83696450358295
2025-03-21T03:00:00Z,149.073,149.253,148.982,149.213,6277.0,149.207,149.219,148.88710256977188
2025-03-21T04:00:00Z,149.214,149.484,149.207,149.418,6289.0,149.409,149.426,148.9578888938023
2025-03-21T05:00:00Z,149.418,149.635,149.413,149.557,7831.0,149.55,149.564,149.03777037462868
2025-03-21T06:00:00Z,149.561,149.613,149.437,149.572,9112.0,149.566,149.578,149.10900099134486
2025-03-21T07:00:00Z,149.573,149.666,149.246,149.312,11000.0,149.304,149.32,149.1360675258322
2025-03-21T08:00:00Z,149.312,149.538,149.26,149.482,12883.0,149.476,149.488,149.18219185572124
2025-03-21T09:00:00Z,149.482,149.485,149.28,149.389,8922.0,149.381,149.397,149.2097662749584
2025-03-21T10:00:00Z,149.388,149.442,149.201,149.201,9174.0,149.194,149.208,149.2085974382973
2025-03-21T11:00:00Z,149.202,149.222,148.856,148.888,7818.0,148.88,148.896,149.165851113191
2025-03-21T12:00:00Z,148.888,148.938,148.636,148.674,13358.0,148.665,148.683,149.10027096476554
2025-03-21T13:00:00Z,148.674,148.908,148.606,148.872,21972.0,148.865,148.879,149.06983483613016
2025-03-21T14:00:00Z,148.872,148.998,148.772,148.87,22460.0,148.861,148.879,149.04319019131282
2025-03-21T15:00:00Z,148.872,148.99,148.706,148.985,18800.0,148.978,148.992,149.0354314991378
2025-03-21T16:00:00Z,148.984,149.259,148.936,149.238,16376.0,149.229,149.246,149.0624406325861
2025-03-21T17:00:00Z,149.238,149.315,149.157,149.228,11419.0,149.22,149.237,149.08451521490795
2025-03-21T18:00:00Z,149.229,149.32,149.176,149.219,8981.0,149.211,149.227,149.1024465195869
2025-03-21T19:00:00Z,149.218,149.345,149.163,149.337,6404.0,149.33,149.344,149.1337203169753
2025-03-21T20:00:00Z,149.338,149.369,149.294,149.3,2908.0,149.268,149.331,149.1558909413786
2025-03-23T21:00:00Z,149.366,149.408,149.361,149.392,198.0,149.361,149.422,149.1873721491948
2025-03-23T22:00:00Z,149.39,149.64,149.378,149.579,4358.0,149.569,149.589,149.23958919596885
2025-03-23T23:00:00Z,149.578,149.692,149.504,149.666,6671.0,149.657,149.674,149.29644396983966
2025-03-24T00:00:00Z,149.67,149.782,149.456,149.742,12069.0,149.734,149.75,149.35585144052772
2025-03-24T01:00:00Z,149.742,149.956,149.682,149.822,9542.0,149.816,149.829,149.41800458179068
2025-03-24T02:00:00Z,149.822,149.85,149.738,149.838,6422.0,149.828,149.847,149.47400397088526
2025-03-24T03:00:00Z,149.838,149.912,149.736,149.81,5549.0,149.801,149.818,149.5188034414339
2025-03-24T04:00:00Z,149.814,149.827,149.711,149.77,5228.0,149.763,149.778,149.5522963159094
2025-03-24T05:00:00Z,149.772,149.87,149.658,149.693,7001.0,149.686,149.7,149.57105680712147
2025-03-24T06:00:00Z,149.692,149.784,149.534,149.664,9134.0,149.656,149.672,149.5834492328386
2025-03-24T07:00:00Z,149.665,149.851,149.618,149.648,11916.0,149.641,149.656,149.59205600179345
2025-03-24T08:00:00Z,149.648,149.756,149.529,149.626,15989.0,149.617,149.634,149.596581868221
2025-03-24T09:00:00Z,149.624,149.716,149.518,149.568,12789.0,149.561,149.574,149.5927709524582
2025-03-24T10:00:00Z,149.566,149.622,149.495,149.605,8685.0,149.599,149.611,149.59440149213046
2025-03-24T11:00:00Z,149.606,149.8,149.604,149.752,8218.0,149.744,149.76,149.61541462651306
2025-03-24T12:00:00Z,149.754,149.868,149.706,149.828,10583.0,149.821,149.835,149.643759342978
2025-03-24T13:00:00Z,149.828,150.258,149.754,150.24,16233.0,150.233,150.248,149.7232580972476
2025-03-24T14:00:00Z,150.243,150.542,150.134,150.472,17531.0,150.465,150.48,149.82309035094792
2025-03-24T15:00:00Z,150.472,150.76,150.444,150.74,13885.0,150.732,150.747,149.94534497082154
2025-03-24T16:00:00Z,150.74,150.756,150.527,150.576,12192.0,150.57,150.583,150.02943230804533
2025-03-24T17:00:00Z,150.576,150.642,150.486,150.608,10549.0,150.601,150.615,150.10657466697262
2025-03-24T18:00:00Z,150.608,150.632,150.486,150.546,10572.0,150.54,150.553,150.16516471137626
2025-03-24T19:00:00Z,150.546,150.656,150.504,150.647,7210.0,150.639,150.655,150.2294094165261
2025-03-24T20:00:00Z,150.646,150.72,150.64,150.701,3705.0,150.69,150.712,150.29228816098927
2025-03-24T21:00:00Z,150.636,150.701,150.636,150.681,658.0,150.66,150.702,150.34411640619072
2025-03-24T22:00:00Z,150.678,150.766,150.67,150.729,2045.0,150.721,150.737,150.39543421869863
2025-03-24T23:00:00Z,150.73,150.866,150.663,150.782,6397.0,150.773,150.791,150.44697632287216
2025-03-25T00:00:00Z,150.785,150.946,150.775,150.937,10991.0,150.929,150.945,150.5123128131559
2025-03-25T01:00:00Z,150.936,150.94,150.601,150.668,9616.0,150.662,150.675,150.53307110473511
2025-03-25T02:00:00Z,150.67,150.794,150.584,150.77,6713.0,150.764,150.776,150.56466162410376
2025-03-25T03:00:00Z,150.769,150.795,150.602,150.622,6210.0,150.614,150.63,150.57230674088993
2025-03-25T04:00:00Z,150.623,150.662,150.512,150.56,6268.0,150.551,150.569,150.5706658421046
2025-03-25T05:00:00Z,150.56,150.568,150.426,150.432,5695.0,150.423,150.44,150.55217706315733
2025-03-25T06:00:00Z,150.433,150.578,150.416,150.549,7479.0,150.541,150.557,150.55175345473637
2025-03-25T07:00:00Z,150.552,150.744,150.54,150.723,9125.0,150.715,150.731,150.5745863274382
2025-03-25T08:00:00Z,150.724,150.768,150.548,150.624,11635.0,150.618,150.631,150.5811748171131
2025-03-25T09:00:00Z,150.625,150.672,150.406,150.493,9080.0,150.485,150.501,150.56941817483136
2025-03-25T10:00:00Z,150.494,150.504,150.178,150.208,10586.0,150.2,150.217,150.52122908485384
2025-03-25T11:00:00Z,150.209,150.264,150.06,150.178,9148.0,150.171,150.185,150.47546520687334
2025-03-25T12:00:00Z,150.177,150.179,149.86,149.972,10288.0,149.963,149.98,150.40833651262358
2025-03-25T13:00:00Z,149.972,149.981,149.72,149.786,14891.0,149.764,149.808,150.32535831094043
2025-03-25T14:00:00Z,149.789,149.873,149.668,149.728,19192.0,149.721,149.734,150.24571053614838
2025-03-25T15:00:00Z,149.727,149.81,149.55,149.766,15094.0,149.759,149.773,150.1817491313286
2025-03-25T16:00:00Z,149.766,149.831,149.706,149.776,10067.0,149.768,149.783,150.12764924715145
2025-03-25T17:00:00Z,149.776,149.86,149.73,149.75,7772.0,149.742,149.758,150.07729601419794
2025-03-25T18:00:00Z,149.747,149.864,149.714,149.852,5184.0,149.845,149.858,150.04725654563822
2025-03-25T19:00:00Z,149.851,149.942,149.846,149.86,6955.0,149.852,149.869,150.0222890062198
2025-03-25T20:00:00Z,149.86,149.942,149.854,149.914,2737.0,149.899,149.929,150.00785047205716
2025-03-25T21:00:00Z,149.914,149.926,149.888,149.896,574.0,149.865,149.928,149.99293707578286
2025-03-25T22:00:00Z,149.9,149.984,149.898,149.962,1462.0,149.95,149.973,149.98881213234515
2025-03-25T23:00:00Z,149.96,150.012,149.922,149.944,3556.0,149.935,149.952,149.9828371813658
2025-03-26T00:00:00Z,149.944,150.198,149.841,150.176,11834.0,150.17,150.182,150.00859222385037
2025-03-26T01:00:00Z,150.172,150.282,150.05,150.076,10760.0,150.067,150.086,150.01757992733698
2025-03-26T02:00:00Z,150.076,150.276,150.053,150.263,6110.0,150.255,150.271,150.05030260369205
2025-03-26T03:00:00Z,150.262,150.47,150.24,150.434,6030.0,150.426,150.443,150.1014622565331
2025-03-26T04:00:00Z,150.434,150.546,150.433,150.544,5681.0,150.536,150.551,150.16046728899536
2025-03-26T05:00:00Z,150.544,150.624,150.452,150.473,7235.0,150.465,150.481,150.2021383171293
2025-03-26T06:00:00Z,150.474,150.61,150.44,150.446,7489.0,150.438,150.454,150.23465320817874
2025-03-26T07:00:00Z,150.446,150.59,150.366,150.398,10858.0,150.389,150.406,150.2564327804216
2025-03-26T08:00:00Z,150.397,150.412,150.092,150.122,13453.0,150.115,150.129,150.2385084096987
2025-03-26T09:00:00Z,150.122,150.195,150.048,150.114,9498.0,150.105,150.122,150.22190728840556
2025-03-26T10:00:00Z,150.112,150.226,150.021,150.186,6247.0,150.179,150.193,150.21711964995148
2025-03-26T11:00:00Z,150.187,150.272,150.136,150.21,6149.0,150.202,150.219,150.2161703632913
2025-03-26T12:00:00Z,150.21,150.442,150.116,150.394,14184.0,150.387,150.402,150.23988098151912
2025-03-26T13:00:00Z,150.392,150.551,150.306,150.404,16935.0,150.398,150.41,150.26176351731658
2025-03-26T14:00:00Z,150.402,150.598,150.38,150.558,15937.0,150.549,150.566,150.3012617150077
2025-03-26T15:00:00Z,150.558,150.746,150.55,150.68,14986.0,150.673,150.688,150.3517601530067
2025-03-26T16:00:00Z,150.684,150.684,150.406,150.572,14519.0,150.566,150.579,150.38112546593914
2025-03-26T17:00:00Z,150.572,150.727,150.312,150.422,17349.0,150.414,150.43,150.3865754038139
2025-03-26T18:00:00Z,150.422,150.602,150.386,150.455,11504.0,150.448,150.462,150.3956986833054
2025-03-26T19:00:00Z,150.454,150.601,150.445,150.578,8323.0,150.569,150.587,150.42000552553134
2025-03-26T20:00:00Z,150.577,150.606,150.51,150.587,3415.0,150.575,150.599,150.44227145546049
2025-03-26T21:00:00Z,150.547,150.576,150.518,150.532,795.0,150.506,150.558,150.4542352613991
2025-03-26T22:00:00Z,150.528,150.605,150.31,150.311,8790.0,150.302,150.32,150.4351372265459
2025-03-26T23:00:00Z,150.312,150.492,150.288,150.476,7634.0,150.467,150.486,150.4405855963398
2025-03-27T00:00:00Z,150.477,150.624,150.398,150.485,10399.0,150.477,150.493,150.4465075168278
2025-03-27T01:00:00Z,150.484,150.485,150.084,150.124,10819.0,150.116,150.131,150.4035065145841
2025-03-27T02:00:00Z,150.124,150.284,150.12,150.178,7685.0,150.169,150.187,150.37343897930623
2025-03-27T03:00:00Z,150.178,150.262,150.109,150.152,6146.0,150.143,150.162,150.3439137820654
2025-03-27T04:00:00Z,150.152,150.218,150.061,150.197,6276.0,150.189,150.205,150.32432527779002
2025-03-27T05:00:00Z,150.196,150.296,150.14,150.242,6821.0,150.235,150.25,150.3133485740847
2025-03-27T06:00:00Z,150.242,150.452,150.156,150.394,9165.0,150.385,150.403,150.32410209754008
2025-03-27T07:00:00Z,150.396,150.546,150.282,150.534,14699.0,150.527,150.542,150.35208848453473
2025-03-27T08:00:00Z,150.535,150.632,150.491,150.63,16306.0,150.623,150.636,150.38914335326345
2025-03-27T09:00:00Z,150.63,150.931,150.598,150.928,9667.0,150.921,150.936,150.46099090616167
2025-03-27T10:00:00Z,150.929,150.982,150.88,150.929,7887.0,150.921,150.937,150.52339211867346
2025-03-27T11:00:00Z,150.93,151.028,150.819,151.024,8478.0,151.017,151.031,150.59013983618365
2025-03-27T12:00:00Z,151.024,151.092,150.672,150.732,13859.0,150.723,150.74,150.6090545246925
2025-03-27T13:00:00Z,150.732,150.899,150.583,150.875,19000.0,150.868,150.882,150.64451392140018
2025-03-27T14:00:00Z,150.873,151.062,150.766,151.014,19265.0,151.006,151.023,150.69377873188014
2025-03-27T15:00:00Z,151.015,151.036,150.658,150.97,18490.0,150.962,150.978,150.7306082342961
2025-03-27T16:00:00Z,150.97,151.158,150.914,151.012,13505.0,151.005,151.019,150.76812713638998
2025-03-27T17:00:00Z,151.011,151.147,150.964,151.078,13488.0,151.07,151.086,150.80944351820466
2025-03-27T18:00:00Z,151.078,151.148,151.038,151.113,9076.0,151.106,151.12,150.84991771577737
2025-03-27T19:00:00Z,151.112,151.15,151.02,151.041,8875.0,151.032,151.05,150.87539535367372
2025-03-27T20:00:00Z,151.04,151.065,151.032,151.043,2382.0,151.032,151.054,150.89774263985058
2025-03-27T21:00:00Z,151.053,151.056,151.014,151.056,590.0,151.037,151.074,150.91884362120385
2025-03-27T22:00:00Z,151.049,151.118,151.024,151.053,2277.0,151.045,151.061,150.93673113837667
2025-03-27T23:00:00Z,151.049,151.067,150.767,150.852,7929.0,150.843,150.86,150.9254336532598
2025-03-28T00:00:00Z,150.853,151.214,150.833,150.964,12483.0,150.957,150.972,150.93057583282516
2025-03-28T01:00:00Z,150.964,150.978,150.704,150.755,11735.0,150.747,150.763,150.9071657217818
2025-03-28T02:00:00Z,150.754,150.859,150.737,150.832,8219.0,150.823,150.84,150.89714362554423
2025-03-28T03:00:00Z,150.832,150.87,150.714,150.81,7027.0,150.801,150.82,150.88552447547167
2025-03-28T04:00:00Z,150.809,150.944,150.756,150.873,6650.0,150.865,150.881,150.88385454540878
2025-03-28T05:00:00Z,150.874,150.938,150.74,150.769,6518.0,150.761,150.777,150.86854060602096
2025-03-28T06:00:00Z,150.774,150.849,150.61,150.614,7680.0,150.608,150.621,150.8346018585515
2025-03-28T07:00:00Z,150.616,150.654,150.385,150.398,11790.0,150.39,150.405,150.77638827741131
2025-03-28T08:00:00Z,150.396,150.548,150.361,150.534,13695.0,150.527,150.542,150.74406984042315
2025-03-28T09:00:00Z,150.535,150.66,150.499,150.584,8113.0,150.578,150.59,150.7227271950334
2025-03-28T10:00:00Z,150.583,150.734,150.565,150.718,8064.0,150.71,150.726,150.7220969023623
2025-03-28T11:00:00Z,150.717,150.868,150.683,150.804,8283.0,150.798,150.81,150.73301731538066
2025-03-28T12:00:00Z,150.806,150.953,150.563,150.642,19403.0,150.634,150.65,150.7208816733299
2025-03-28T13:00:00Z,150.642,150.787,150.391,150.442,29628.0,150.432,150.452,150.68369745021926
2025-03-28T14:00:00Z,150.442,150.45,149.909,150.098,29170.0,150.09,150.105,150.6056044568567
2025-03-28T15:00:00Z,150.098,150.333,150.001,150.26,23234.0,150.251,150.268,150.55952386260915
2025-03-28T16:00:00Z,150.262,150.296,150.03,150.091,16612.0,150.083,150.099,150.49705401426127
2025-03-28T17:00:00Z,150.09,150.115,149.861,149.985,11565.0,149.979,149.991,150.4287801456931
2025-03-28T18:00:00Z,149.984,150.14,149.912,149.964,9860.0,149.956,149.973,150.3668094596007
2025-03-28T19:00:00Z,149.964,150.004,149.746,149.752,7328.0,149.744,149.759,150.28483486498726
2025-03-28T20:00:00Z,149.753,149.892,149.684,149.844,4480.0,149.807,149.881,150.22605688298896
2025-03-30T21:00:00Z,149.827,149.857,149.638,149.652,578.0,149.637,149.667,150.1495159652571
2025-03-30T22:00:00Z,149.652,149.746,149.399,149.484,6392.0,149.477,149.491,150.06078050322284
2025-03-30T23:00:00Z,149.485,149.628,149.302,149.621,11269.0,149.613,149.629,150.00214310279313
2025-03-31T00:00:00Z,149.618,149.638,149.067,149.3,20046.0,149.294,149.307,149.90852402242072
2025-03-31T01:00:00Z,149.301,149.38,149.026,149.157,16487.0,149.148,149.166,149.8083208194313
2025-03-31T02:00:00Z,149.158,149.198,148.724,148.892,12986.0,148.883,148.901,149.68614471017378
2025-03-31T03:00:00Z,148.89,148.949,148.731,148.924,9184.0,148.916,148.933,149.58452541548394
2025-03-31T04:00:00Z,148.922,149.148,148.836,149.081,9728.0,149.072,149.09,149.5173886934194
2025-03-31T05:00:00Z,149.082,149.248,148.952,149.042,10505.0,149.033,149.051,149.45400353429682
2025-03-31T06:00:00Z,149.04,149.098,148.808,149.0,17280.0,148.991,149.009,149.3934697297239
2025-03-31T07:00:00Z,148.998,149.17,148.702,149.144,26422.0,149.136,149.152,149.36020709909405
2025-03-31T08:00:00Z,149.144,149.296,148.962,149.057,20339.0,149.048,149.066,149.31977948588153
2025-03-31T09:00:00Z,149.054,149.246,148.968,149.199,15065.0,149.192,149.206,149.30367555443067
2025-03-31T10:00:00Z,149.198,149.435,149.166,149.326,11655.0,149.318,149.333,149.30665214717325
2025-03-31T11:00:00Z,149.325,149.412,149.154,149.375,14641.0,149.366,149.384,149.31576519421682
2025-03-31T12:00:00Z,149.375,149.643,149.348,149.601,15738.0,149.593,149.609,149.35379650165459
2025-03-31T13:00:00Z,149.6,149.802,149.406,149.667,25694.0,149.659,149.675,149.39555696810064
2025-03-31T14:00:00Z,149.668,149.89,149.514,149.516,35380.0,149.508,149.524,149.41161603902054
2025-03-31T15:00:00Z,149.517,149.96,149.46,149.911,24955.0,149.903,149.919,149.47820056715113
2025-03-31T16:00:00Z,149.912,149.985,149.802,149.896,13208.0,149.888,149.904,149.53390715819765
2025-03-31T17:00:00Z,149.896,150.1,149.872,150.025,12656.0,150.019,150.031,149.5993862037713
2025-03-31T18:00:00Z,150.026,150.268,150.012,150.123,13562.0,150.115,150.131,149.6692013766018
2025-03-31T19:00:00Z,150.122,150.156,149.876,149.963,14714.0,149.955,149.971,149.7083745263882
2025-03-31T20:00:00Z,149.962,150.012,149.896,149.97,5965.0,149.957,149.983,149.7432579228698
2025-03-31T21:00:00Z,149.964,149.966,149.897,149.926,1031.0,149.898,149.954,149.76762353315382
2025-03-31T22:00:00Z,149.928,149.988,149.834,149.898,3236.0,149.888,149.908,149.78500706206665
2025-03-31T23:00:00Z,149.891,150.141,149.886,149.946,8134.0,149.937,149.955,149.80647278712445
2025-04-01T00:00:00Z,149.946,149.988,149.678,149.738,18330.0,149.729,149.747,149.79734308217454
2025-04-01T01:00:00Z,149.737,149.914,149.634,149.826,13011.0,149.817,149.836,149.80116400455125
2025-04-01T02:00:00Z,149.826,149.854,149.69,149.847,7898.0,149.839,149.855,149.8072754706111
2025-04-01T03:00:00Z,149.847,149.919,149.66,149.662,6678.0,149.654,149.67,149.78790540786295
2025-04-01T04:00:00Z,149.656,149.667,149.534,149.562,7048.0,149.554,149.571,149.75778468681457
2025-04-01T05:00:00Z,149.562,149.919,149.55,149.834,8930.0,149.825,149.843,149.76794672857264
2025-04-01T06:00:00Z,149.832,149.992,149.754,149.946,12856.0,149.937,149.954,149.79168716476295
2025-04-01T07:00:00Z,149.945,149.95,149.586,149.62,18438.0,149.612,149.628,149.76879554279455
2025-04-01T08:00:00Z,149.621,149.694,149.503,149.669,11027.0,149.661,149.677,149.75548947042196
2025-04-01T09:00:00Z,149.668,149.724,149.534,149.62,9112.0,149.613,149.628,149.73742420769904
2025-04-01T10:00:00Z,149.62,149.661,149.358,149.406,18447.0,149.398,149.413,149.69323431333916
2025-04-01T11:00:00Z,149.406,149.435,149.121,149.2,15219.0,149.194,149.207,149.62746973822726
2025-04-01T12:00:00Z,149.2,149.398,149.126,149.39,13774.0,149.382,149.397,149.59580710646364
2025-04-01T13:00:00Z,149.392,149.546,149.387,149.504,22177.0,149.494,149.513,149.58356615893516
2025-04-01T14:00:00Z,149.506,149.51,148.977,149.286,38085.0,149.277,149.294,149.54389067107715
2025-04-01T15:00:00Z,149.289,149.514,149.194,149.408,26477.0,149.4,149.416,149.52577191493353
2025-04-01T16:00:00Z,149.407,149.743,149.382,149.516,19493.0,149.509,149.523,149.5244689929424
2025-04-01T17:00:00Z,149.515,149.562,149.388,149.46,13377.0,149.453,149.468,149.51587312721674
2025-04-01T18:00:00Z,149.461,149.472,149.239,149.4,13780.0,149.391,149.408,149.5004233769212
2025-04-01T19:00:00Z,149.399,149.65,149.388,149.622,12891.0,149.614,149.629,149.5166335933317
2025-04-01T20:00:00Z,149.62,149.638,149.531,149.616,4231.0,149.607,149.625,149.52988244755414
2025-04-01T21:00:00Z,149.603,149.659,149.552,149.648,541.0,149.637,149.66,149.54563145454694
2025-04-01T22:00:00Z,149.651,149.892,149.648,149.824,4590.0,149.815,149.833,149.58274726060736
2025-04-01T23:00:00Z,149.821,149.872,149.746,149.754,6298.0,149.746,149.761,149.60558095919305
2025-04-02T00:00:00Z,149.754,149.92,149.689,149.796,15878.0,149.788,149.803,149.630970164634
2025-04-02T01:00:00Z,149.795,149.954,149.78,149.864,10653.0,149.856,149.871,149.66204080934946
2025-04-02T02:00:00Z,149.863,149.893,149.764,149.793,6419.0,149.784,149.802,149.67950203476954
2025-04-02T03:00:00Z,149.792,149.796,149.713,149.751,4530.0,149.742,149.76,149.68903509680027
2025-04-02T04:00:00Z,149.749,149.916,149.728,149.902,4650.0,149.893,149.91,149.7174304172269
2025-04-02T05:00:00Z,149.902,149.95,149.83,149.894,5214.0,149.886,149.901,149.7409730282633
2025-04-02T06:00:00Z,149.89,150.003,149.726,149.762,9934.0,149.755,149.768,149.74377662449487
2025-04-02T07:00:00Z,149.761,149.824,149.63,149.673,14456.0,149.665,149.681,149.7343397412289
2025-04-02T08:00:00Z,149.675,149.681,149.522,149.657,11868.0,149.651,149.663,149.7240277757317
2025-04-02T09:00:00Z,149.658,149.719,149.426,149.448,11656.0,149.442,149.454,149.68722407230084
2025-04-02T10:00:00Z,149.448,149.484,149.314,149.408,14299.0,149.4,149.416,149.64999419599405
2025-04-02T11:00:00Z,149.408,149.434,149.193,149.222,9977.0,149.214,149.23,149.59292830319487
2025-04-02T12:00:00Z,149.221,149.412,149.102,149.179,16207.0,149.171,149.187,149.5377378627689
2025-04-02T13:00:00Z,149.178,149.568,149.156,149.506,23296.0,149.499,149.514,149.53350614773305
2025-04-02T14:00:00Z,149.506,149.79,149.493,149.696,26803.0,149.689,149.704,149.555171994702
2025-04-02T15:00:00Z,149.697,150.094,149.636,149.994,21899.0,149.986,150.001,149.6136823954084
2025-04-02T16:00:00Z,149.993,150.254,149.956,150.194,15496.0,150.185,150.202,149.69105807602062
2025-04-02T17:00:00Z,150.194,150.21,150.062,150.138,13300.0,150.131,150.145,149.7506503325512
2025-04-02T18:00:00Z,150.137,150.168,149.926,149.927,15298.0,149.921,149.933,149.77416362154437
2025-04-02T19:00:00Z,149.928,150.09,149.92,150.032,13951.0,150.022,150.041,149.80854180533845
2025-04-02T20:00:00Z,150.031,150.492,149.24,149.304,55373.0,149.263,149.344,149.74126956462666
2025-04-02T21:00:00Z,149.274,149.284,148.695,148.7,2485.0,148.65,148.75,149.60243362267644
2025-04-02T22:00:00Z,148.689,148.712,148.158,148.416,21374.0,148.405,148.427,149.44424247298625
2025-04-02T23:00:00Z,148.416,148.417,147.685,147.88,29103.0,147.873,147.887,149.23567680992142
2025-04-03T00:00:00Z,147.881,148.338,147.693,147.89,44189.0,147.881,147.899,149.05625323526522
2025-04-03T01:00:00Z,147.89,148.108,147.544,147.756,30386.0,147.748,147.765,148.88288613722986
2025-04-03T02:00:00Z,147.757,147.891,147.52,147.788,18341.0,147.78,147.796,148.73690131893255
2025-04-03T03:00:00Z,147.788,147.794,147.118,147.272,14491.0,147.263,147.281,148.5415811430749
2025-04-03T04:00:00Z,147.273,147.56,147.207,147.556,14236.0,147.548,147.564,148.41017032399824
2025-04-03T05:00:00Z,147.556,147.638,146.97,147.013,21062.0,147.004,147.022,148.22388094746515
2025-04-03T06:00:00Z,147.014,147.395,146.82,146.842,35607.0,146.833,146.851,148.0396301544698
2025-04-03T07:00:00Z,146.842,147.474,146.806,147.269,28260.0,147.259,147.279,147.93687946720715
2025-04-03T08:00:00Z,147.264,147.366,146.686,146.815,21153.0,146.807,146.823,147.7872955382462
2025-04-03T09:00:00Z,146.814,146.859,146.302,146.558,22939.0,146.549,146.568,147.62338946648006
2025-04-03T10:00:00Z,146.558,146.752,146.26,146.709,29441.0,146.702,146.716,147.5014708709494
2025-04-03T11:00:00Z,146.708,146.779,146.02,146.042,25235.0,146.036,146.049,147.30687475482281
2025-04-03T12:00:00Z,146.042,146.364,145.748,145.896,32521.0,145.887,145.905,147.11875812084645
2025-04-03T13:00:00Z,145.896,146.09,145.526,145.644,51801.0,145.62,145.669,146.9221237047336
2025-04-03T14:00:00Z,145.599,145.925,145.19,145.436,53942.0,145.427,145.444,146.72397387743578
2025-04-03T15:00:00Z,145.436,146.257,145.363,146.052,41006.0,146.042,146.061,146.63437736044435
2025-04-03T16:00:00Z,146.053,146.434,146.014,146.154,35682.0,146.147,146.16,146.57032704571844
2025-04-03T17:00:00Z,146.155,146.274,146.006,146.091,28191.0,146.083,146.099,146.506416772956
2025-04-03T18:00:00Z,146.09,146.482,145.968,146.422,23462.0,146.415,146.43,146.49516120322852
2025-04-03T19:00:00Z,146.421,146.518,146.216,146.254,24858.0,146.246,146.263,146.46300637613137
2025-04-03T20:00:00Z,146.256,146.31,146.046,146.071,9550.0,146.057,146.085,146.41073885931385
2025-04-03T21:00:00Z,146.061,146.061,145.91,145.944,1007.0,145.906,145.981,146.34850701140533
2025-04-03T22:00:00Z,145.934,146.014,145.542,145.634,9654.0,145.624,145.644,146.25323940988463
2025-04-03T23:00:00Z,145.63,146.272,145.622,146.256,16271.0,146.247,146.264,146.25360748856667
2025-04-04T00:00:00Z,146.254,146.41,145.81,145.964,27117.0,145.955,145.974,146.2149931567578
2025-04-04T01:00:00Z,145.964,146.406,145.888,146.069,24034.0,146.061,146.077,146.19552740252342
2025-04-04T02:00:00Z,146.07,146.294,145.995,146.126,17361.0,146.12,146.133,146.18625708218698
2025-04-04T03:00:00Z,146.124,146.18,145.623,145.666,16807.0,145.656,145.676,146.11688947122872
2025-04-04T04:00:00Z,145.666,145.8,145.36,145.426,17321.0,145.419,145.434,146.0247708750649
2025-04-04T05:00:00Z,145.427,145.9,145.302,145.858,18688.0,145.851,145.865,146.00253475838957
2025-04-04T06:00:00Z,145.857,146.158,145.773,146.039,29572.0,146.031,146.047,146.0073967906043
2025-04-04T07:00:00Z,146.038,146.302,145.796,146.277,41359.0,146.27,146.284,146.0433438851904
2025-04-04T08:00:00Z,146.278,146.489,146.146,146.412,34951.0,146.402,146.421,146.0924980338317
2025-04-04T09:00:00Z,146.412,146.553,146.276,146.326,29188.0,146.317,146.334,146.1236316293208
2025-04-04T10:00:00Z,146.326,146.372,145.034,145.114,67778.0,145.106,145.122,145.9890140787447
2025-04-04T11:00:00Z,145.112,145.47,144.552,145.398,67326.0,145.389,145.406,145.91021220157876
2025-04-04T12:00:00Z,145.393,145.646,145.024,145.603,76717.0,145.594,145.612,145.8692505747016
2025-04-04T13:00:00Z,145.602,145.794,145.177,145.716,75179.0,145.706,145.726,145.84881716474138
2025-04-04T14:00:00Z,145.715,145.879,145.048,145.512,62689.0,145.504,145.52,145.80390820944254
2025-04-04T15:00:00Z,145.51,146.232,145.497,145.926,79903.0,145.915,145.936,145.8201871148502
2025-04-04T16:00:00Z,145.926,146.788,145.857,146.716,55033.0,146.708,146.725,145.93962883287017
2025-04-04T17:00:00Z,146.718,147.365,146.528,147.25,47239.0,147.241,147.258,146.1143449884875
2025-04-04T18:00:00Z,147.256,147.436,146.648,146.899,43717.0,146.89,146.908,146.21896565668916
2025-04-04T19:00:00Z,146.9,147.294,146.676,146.828,49965.0,146.819,146.838,146.30017023579728
2025-04-04T20:00:00Z,146.829,147.032,146.77,147.014,21118.0,146.966,147.061,146.39534753769098
2025-04-06T21:00:00Z,145.494,145.641,145.41,145.622,1046.0,145.589,145.654,146.29223453266553
2025-04-06T22:00:00Z,145.624,145.692,145.0,145.17,31641.0,145.159,145.18,146.14260326164347
2025-04-06T23:00:00Z,145.169,145.44,144.82,145.437,44967.0,145.428,145.446,146.04852282675768
2025-04-07T00:00:00Z,145.438,145.85,145.189,145.816,59591.0,145.806,145.826,146.01751978318998
2025-04-07T01:00:00Z,145.817,146.342,145.782,146.19,47772.0,146.181,146.198,146.04051714543132
2025-04-07T02:00:00Z,146.188,146.85,146.094,146.624,36129.0,146.616,146.631,146.1183148593738
2025-04-07T03:00:00Z,146.625,146.629,146.2,146.288,25081.0,146.28,146.297,146.14093954479065
2025-04-07T04:00:00Z,146.289,146.47,145.812,145.882,27686.0,145.871,145.892,146.1064142721519
2025-04-07T05:00:00Z,145.881,146.254,145.692,145.743,35936.0,145.735,145.751,146.057959035865
2025-04-07T06:00:00Z,145.744,145.942,145.118,145.389,49483.0,145.381,145.397,145.96876449774967
2025-04-07T07:00:00Z,145.388,145.808,145.072,145.793,71122.0,145.783,145.803,145.94532923138306
2025-04-07T08:00:00Z,145.792,146.372,145.702,146.219,50094.0,146.213,146.225,145.98181866719864
2025-04-07T09:00:00Z,146.218,146.34,145.822,146.022,34980.0,146.012,146.031,145.98717617823883
2025-04-07T10:00:00Z,146.022,146.624,146.011,146.232,41633.0,146.224,146.239,146.01981935447364
2025-04-07T11:00:00Z,146.234,146.494,146.134,146.39,47297.0,146.381,146.399,146.06917677387716
2025-04-07T12:00:00Z,146.39,147.052,146.384,146.981,64258.0,146.971,146.991,146.19075320402686
2025-04-07T13:00:00Z,146.984,147.092,146.515,147.06,67507.0,147.053,147.068,146.30665277682328
2025-04-07T14:00:00Z,147.06,147.989,146.924,147.572,91059.0,147.564,147.581,146.4753657399135
2025-04-07T15:00:00Z,147.574,147.976,147.135,147.968,62802.0,147.958,147.978,146.67438364125837
2025-04-07T16:00:00Z,147.972,148.112,147.812,147.943,30064.0,147.933,147.953,146.8435324890906
2025-04-07T17:00:00Z,147.941,148.151,147.68,147.94,54746.0,147.933,147.948,146.98972815721186
2025-04-07T18:00:00Z,147.946,148.13,147.746,147.861,43460.0,147.852,147.87,147.10589773625028
2025-04-07T19:00:00Z,147.864,148.02,147.528,147.946,45616.0,147.937,147.956,147.2179113714169
2025-04-07T20:00:00Z,147.948,148.147,147.776,147.88,17817.0,147.83,147.93,147.30618985522798
2025-04-07T21:00:00Z,147.765,147.956,147.72,147.727,286.0,147.71,147.744,147.36229787453092
2025-04-07T22:00:00Z,147.728,148.124,147.726,147.892,8852.0,147.884,147.901,147.43292482459347
2025-04-07T23:00:00Z,147.892,148.124,147.732,147.794,17190.0,147.784,147.804,147.48106818131436
2025-04-08T00:00:00Z,147.794,147.97,147.504,147.608,40276.0,147.598,147.619,147.49799242380578
2025-04-08T01:00:00Z,147.61,147.706,147.402,147.546,37464.0,147.536,147.555,147.50439343396502
2025-04-08T02:00:00Z,147.542,147.552,147.251,147.324,16309.0,147.315,147.334,147.48034097610304
2025-04-08T03:00:00Z,147.324,147.631,147.267,147.596,14628.0,147.586,147.606,147.4957621792893
2025-04-08T04:00:00Z,147.598,147.77,147.452,147.762,15761.0,147.754,147.771,147.53126055538405
2025-04-08T05:00:00Z,147.762,147.803,147.578,147.602,16459.0,147.593,147.612,147.54069248133285
2025-04-08T06:00:00Z,147.602,147.61,147.232,147.244,25619.0,147.234,147.255,147.5011334838218
2025-04-08T07:00:00Z,147.244,147.415,146.968,147.395,37867.0,147.386,147.404,147.48698235264558
2025-04-08T08:00:00Z,147.396,147.49,147.023,147.426,26154.0,147.417,147.435,147.47885137229284
2025-04-08T09:00:00Z,147.426,147.521,147.11,147.187,22821.0,147.179,147.195,147.43993785598713
2025-04-08T10:00:00Z,147.188,147.274,146.859,146.874,19926.0,146.867,146.88,147.36447947518886
2025-04-08T11:00:00Z,146.877,147.188,146.772,146.908,34716.0,146.9,146.915,147.3036155451637
2025-04-08T12:00:00Z,146.907,146.97,146.673,146.826,37262.0,146.817,146.836,147.2399334724752
2025-04-08T13:00:00Z,146.826,147.408,146.666,147.356,51372.0,147.35,147.363,147.2554090094785
2025-04-08T14:00:00Z,147.357,147.668,147.222,147.342,43947.0,147.334,147.349,147.26695447488137
2025-04-08T15:00:00Z,147.342,147.388,146.798,147.027,40447.0,147.018,147.036,147.23496054489718
2025-04-08T16:00:00Z,147.026,147.104,146.499,146.53,46872.0,146.523,146.538,147.14096580557757
2025-04-08T17:00:00Z,146.541,146.673,146.247,146.654,60316.0,146.645,146.662,147.07603703150056
2025-04-08T18:00:00Z,146.653,146.742,146.26,146.39,56492.0,146.382,146.397,146.98456542730048
2025-04-08T19:00:00Z,146.39,146.45,145.966,146.28,46464.0,146.271,146.289,146.8906233703271
2025-04-08T20:00:00Z,146.282,146.481,146.258,146.28,19353.0,146.267,146.293,146.80920692095015
2025-04-08T21:00:00Z,146.18,146.356,146.118,146.335,5996.0,146.285,146.385,146.74597933149013
2025-04-08T22:00:00Z,146.351,146.36,145.904,145.986,12437.0,145.977,145.996,146.6446487539581
2025-04-08T23:00:00Z,145.986,146.01,145.6,145.85,24528.0,145.841,145.86,146.5386955867637
2025-04-09T00:00:00Z,145.851,145.908,145.13,145.408,43482.0,145.4,145.416,146.38793617519522
2025-04-09T01:00:00Z,145.408,145.719,145.299,145.576,41956.0,145.566,145.586,146.27967801850252
2025-04-09T02:00:00Z,145.578,145.946,145.423,145.642,27420.0,145.634,145.65,146.1946542827022
2025-04-09T03:00:00Z,145.644,145.776,145.259,145.331,28815.0,145.323,145.339,146.07950037834192
2025-04-09T04:00:00Z,145.332,145.42,144.578,144.946,47608.0,144.936,144.955,145.928366994563
2025-04-09T05:00:00Z,144.946,145.458,144.848,145.104,41883.0,145.098,145.11,145.81845139528792
2025-04-09T06:00:00Z,145.106,145.55,144.704,144.82,53296.0,144.812,144.828,145.68532454258286
2025-04-09T07:00:00Z,144.82,145.64,144.79,145.53,56661.0,145.522,145.537,145.6646146035718
2025-04-09T08:00:00Z,145.531,145.784,145.179,145.296,35516.0,145.288,145.305,145.61546598976224
2025-04-09T09:00:00Z,145.298,145.488,145.164,145.375,24806.0,145.369,145.381,145.58340385779394
2025-04-09T10:00:00Z,145.376,145.45,144.943,145.248,24558.0,145.237,145.259,145.5386833434214
2025-04-09T11:00:00Z,145.239,145.259,144.646,144.65,59663.0,144.641,144.66,145.42019223096523
2025-04-09T12:00:00Z,144.644,144.662,143.99,144.322,48808.0,144.313,144.331,145.27376660016986
2025-04-09T13:00:00Z,144.322,145.087,144.204,144.923,67202.0,144.914,144.932,145.2269977201472
2025-04-09T14:00:00Z,144.924,145.09,144.535,144.726,47617.0,144.718,144.734,145.1601980241276
2025-04-09T15:00:00Z,144.728,145.102,144.728,145.1,33522.0,145.092,145.109,145.1521716209106
2025-04-09T16:00:00Z,145.1,145.209,144.882,144.934,21569.0,144.927,144.942,145.12308207145585
2025-04-09T17:00:00Z,144.935,147.258,144.632,147.102,78481.0,147.081,147.123,145.38693779526176
2025-04-09T18:00:00Z,147.115,148.284,147.088,147.448,63100.0,147.441,147.455,145.66174608922685
2025-04-09T19:00:00Z,147.447,148.15,147.292,147.95,36660.0,147.941,147.959,145.96684661066328
2025-04-09T20:00:00Z,147.952,148.022,147.659,147.761,22356.0,147.711,147.811,146.20606706257485
2025-04-09T21:00:00Z,147.8,147.8,147.352,147.39,1999.0,147.353,147.426,146.36392478756486
2025-04-09T22:00:00Z,147.386,147.536,147.282,147.416,16723.0,147.409,147.423,146.5042014825562
2025-04-09T23:00:00Z,147.415,147.716,147.365,147.406,17806.0,147.397,147.415,146.62444128488204
2025-04-10T00:00:00Z,147.406,147.468,146.684,146.729,31966.0,146.719,146.739,146.63838244689777
2025-04-10T01:00:00Z,146.73,147.038,146.642,146.949,26014.0,146.939,146.959,146.67979812064473
2025-04-10T02:00:00Z,146.948,146.988,146.65,146.752,22129.0,146.743,146.76,146.6894250378921
2025-04-10T03:00:00Z,146.752,146.86,146.606,146.834,18829.0,146.826,146.842,146.7087016995065
2025-04-10T04:00:00Z,146.834,146.902,146.504,146.62,16307.0,146.611,146.629,146.69687480623895
2025-04-10T05:00:00Z,146.622,146.748,146.454,146.609,16465.0,146.6,146.618,146.6851581654071
2025-04-10T06:00:00Z,146.611,147.146,146.61,147.05,27599.0,147.04,147.06,146.73380374335284
2025-04-10T07:00:00Z,147.05,147.058,146.242,146.27,33547.0,146.259,146.28,146.67196324423912
2025-04-10T08:00:00Z,146.27,146.432,146.148,146.31,27600.0,146.302,146.318,146.62370147834056
2025-04-10T09:00:00Z,146.308,146.338,145.996,146.012,20456.0,146.003,146.02,146.54214128122848
2025-04-10T10:00:00Z,146.011,146.038,145.554,145.558,18944.0,145.551,145.566,146.41092244373135
2025-04-10T11:00:00Z,145.559,145.651,145.341,145.532,23590.0,145.522,145.542,146.29373278456717
2025-04-10T12:00:00Z,145.53,145.604,144.872,145.452,47713.0,145.442,145.461,146.1815017466249
2025-04-10T13:00:00Z,145.45,145.543,144.781,144.814,49729.0,144.806,144.823,145.99916818040825
2025-04-10T14:00:00Z,144.816,145.06,144.561,144.667,50864.0,144.661,144.673,145.82154575635383
2025-04-10T15:00:00Z,144.666,144.755,144.014,144.35,48435.0,144.342,144.357,145.62533965550665
2025-04-10T16:00:00Z,144.348,144.547,144.071,144.533,58221.0,144.527,144.539,145.47969436810575
2025-04-10T17:00:00Z,144.534,144.877,144.448,144.756,51380.0,144.747,144.764,145.38320178569165
2025-04-10T18:00:00Z,144.754,144.836,144.474,144.582,41852.0,144.573,144.59,145.27637488093276
2025-04-10T19:00:00Z,144.584,145.137,144.574,144.661,42838.0,144.654,144.668,145.1943248968084
2025-04-10T20:00:00Z,144.663,144.836,144.442,144.446,13522.0,144.437,144.456,145.09454824390062
2025-04-10T21:00:00Z,144.528,144.664,144.479,144.524,427.0,144.474,144.574,145.01847514471388
2025-04-10T22:00:00Z,144.542,144.542,143.984,144.086,17498.0,144.076,144.095,144.8941451254187
2025-04-10T23:00:00Z,144.086,144.241,143.712,143.752,33396.0,143.742,143.761,144.74185910869622
2025-04-11T00:00:00Z,143.754,143.772,142.879,143.359,59168.0,143.349,143.369,144.5574778942034
2025-04-11T01:00:00Z,143.36,143.788,143.234,143.536,42024.0,143.525,143.547,144.42128084164295
2025-04-11T02:00:00Z,143.534,143.745,143.276,143.582,26764.0,143.572,143.592,144.3093767294239
2025-04-11T03:00:00Z,143.585,143.61,143.13,143.192,21879.0,143.182,143.203,144.16039316550072
2025-04-11T04:00:00Z,143.193,143.329,142.874,142.926,18093.0,142.915,142.936,143.99580741010064
2025-04-11T05:00:00Z,142.926,143.787,142.922,143.604,25817.0,143.592,143.615,143.94356642208723
2025-04-11T06:00:00Z,143.604,144.148,143.552,143.893,38477.0,143.883,143.903,143.9368242324756
2025-04-11T07:00:00Z,143.892,143.949,142.802,142.836,45733.0,142.826,142.845,143.79004766814552
2025-04-11T08:00:00Z,142.835,143.088,142.066,142.418,59210.0,142.408,142.428,143.60710797905946
2025-04-11T09:00:00Z,142.419,142.72,142.054,142.525,42518.0,142.516,142.534,143.46282691518488
2025-04-11T10:00:00Z,142.526,143.226,142.521,142.997,37603.0,142.989,143.005,143.4007166598269
2025-04-11T11:00:00Z,142.998,143.047,142.506,142.605,31444.0,142.595,142.615,143.29462110518332
2025-04-11T12:00:00Z,142.606,142.964,142.406,142.526,42561.0,142.518,142.534,143.1921382911589
2025-04-11T13:00:00Z,142.526,143.582,142.22,143.124,63246.0,143.102,143.146,143.18305318567104
2025-04-11T14:00:00Z,143.12,143.612,142.838,143.531,54385.0,143.523,143.539,143.22944609424823
2025-04-11T15:00:00Z,143.53,143.724,143.304,143.583,33304.0,143.577,143.589,143.27658661501513
2025-04-11T16:00:00Z,143.583,143.988,143.571,143.781,27747.0,143.772,143.79,143.3438417330131
2025-04-11T17:00:00Z,143.78,144.206,143.688,144.134,30486.0,144.124,144.143,143.44919616861137
2025-04-11T18:00:00Z,144.133,144.174,143.729,143.809,24714.0,143.799,143.819,143.49717001279652
2025-04-11T19:00:00Z,143.81,143.852,143.511,143.598,18658.0,143.59,143.607,143.51061401109033
2025-04-11T20:00:00Z,143.595,143.656,143.466,143.472,7997.0,143.422,143.522,143.5054654762783
2025-04-13T21:00:00Z,143.985,144.04,143.661,143.773,2338.0,143.723,143.823,143.54113674610787
2025-04-13T22:00:00Z,143.793,144.066,143.51,143.662,16542.0,143.651,143.672,143.55725184662683
2025-04-13T23:00:00Z,143.66,143.902,143.579,143.693,19215.0,143.683,143.703,143.57535160040993
2025-04-14T00:00:00Z,143.694,143.748,142.896,142.909,28704.0,142.9,142.918,143.48650472035527
2025-04-14T01:00:00Z,142.91,142.979,142.252,142.678,33525.0,142.67,142.687,143.37870409097457
2025-04-14T02:00:00Z,142.68,143.0,142.575,142.964,18976.0,142.955,142.973,143.32341021217795
2025-04-14T03:00:00Z,142.966,143.196,142.712,143.024,15867.0,143.016,143.033,143.28348885055422
2025-04-14T04:00:00Z,143.023,143.205,142.656,143.038,13058.0,143.029,143.047,143.25075700381367
2025-04-14T05:00:00Z,143.04,143.278,142.665,142.77,17614.0,142.76,142.779,143.18665606997186
2025-04-14T06:00:00Z,142.767,142.915,142.346,142.428,31040.0,142.417,142.438,143.08550192730894
2025-04-14T07:00:00Z,142.425,143.093,142.23,143.078,28879.0,143.071,143.086,143.08450167033442
2025-04-14T08:00:00Z,143.078,143.17,142.82,142.914,20572.0,142.908,142.921,143.06176811428983
2025-04-14T09:00:00Z,142.915,143.098,142.763,143.074,18769.0,143.066,143.082,143.06339903238452
2025-04-14T10:00:00Z,143.074,143.3,143.05,143.097,18231.0,143.091,143.103,143.06787916139993
2025-04-14T11:00:00Z,143.098,143.36,143.006,143.242,18478.0,143.234,143.251,143.09109527321328
2025-04-14T12:00:00Z,143.24,143.702,143.153,143.669,25016.0,143.661,143.677,143.16814923678484
2025-04-14T13:00:00Z,143.668,144.083,143.516,143.642,44854.0,143.634,143.65,143.23132933854686
2025-04-14T14:00:00Z,143.642,143.829,143.266,143.29,36541.0,143.282,143.298,143.23915209340728
2025-04-14T15:00:00Z,143.288,143.346,142.89,142.974,31872.0,142.967,142.982,143.20379848095297
2025-04-14T16:00:00Z,142.974,143.236,142.78,143.219,27952.0,143.21,143.228,143.20582535015924
2025-04-14T17:00:00Z,143.22,143.354,142.878,143.072,23596.0,143.066,143.078,143.18798197013803
2025-04-14T18:00:00Z,143.072,143.176,142.87,142.896,14757.0,142.888,142.904,143.1490510407863
2025-04-14T19:00:00Z,142.898,143.078,142.86,143.028,15596.0,143.02,143.036,143.1329109020148
2025-04-14T20:00:00Z,143.029,143.185,143.024,143.024,8592.0,142.976,143.073,143.11838944841284
2025-04-14T21:00:00Z,143.052,143.064,142.99,142.995,324.0,142.964,143.026,143.1019375219578
2025-04-14T22:00:00Z,142.996,143.188,142.934,143.112,3626.0,143.102,143.121,143.10327918569678
2025-04-14T23:00:00Z,143.112,143.338,143.005,143.218,11889.0,143.208,143.227,143.11857529427056
2025-04-15T00:00:00Z,143.218,143.591,143.174,143.51,16029.0,143.5,143.519,143.1707652550345
2025-04-15T01:00:00Z,143.508,143.597,143.272,143.374,13343.0,143.365,143.382,143.1978632210299
2025-04-15T02:00:00Z,143.376,143.39,143.098,143.128,11225.0,143.121,143.135,143.18854812489258
2025-04-15T03:00:00Z,143.128,143.186,143.049,143.13,7936.0,143.118,143.141,143.18074170824025
2025-04-15T04:00:00Z,143.129,143.226,142.906,143.041,9914.0,143.032,143.05,143.1621094804749
2025-04-15T05:00:00Z,143.043,143.218,142.996,143.074,10666.0,143.066,143.083,143.15036154974493
2025-04-15T06:00:00Z,143.072,143.385,142.846,143.322,20150.0,143.315,143.328,143.17324667644561
2025-04-15T07:00:00Z,143.322,143.512,143.27,143.302,20488.0,143.293,143.311,143.19041378625286
2025-04-15T08:00:00Z,143.302,143.307,142.844,142.911,21148.0,142.902,142.92,143.15315861475247
2025-04-15T09:00:00Z,142.912,142.94,142.682,142.934,18180.0,142.926,142.941,143.1239374661188
2025-04-15T10:00:00Z,142.935,142.996,142.838,142.844,11574.0,142.837,142.851,143.0866124706363
2025-04-15T11:00:00Z,142.844,143.189,142.823,142.901,16894.0,142.894,142.908,143.06186414121814
2025-04-15T12:00:00Z,142.9,142.928,142.6,142.878,25103.0,142.872,142.884,143.03734892238904
2025-04-15T13:00:00Z,142.88,143.143,142.772,143.048,29889.0,143.039,143.056,143.0387690660705
2025-04-15T14:00:00Z,143.048,143.268,142.674,142.726,37887.0,142.717,142.734,142.99706652392777
2025-04-15T15:00:00Z,142.728,143.201,142.69,143.1,23676.0,143.091,143.108,143.01079098740408
2025-04-15T16:00:00Z,143.1,143.252,143.051,143.094,16666.0,143.087,143.101,143.02188552241688
2025-04-15T17:00:00Z,143.092,143.247,143.042,143.12,13842.0,143.114,143.127,143.0349674527613
2025-04-15T18:00:00Z,143.12,143.227,143.116,143.161,10649.0,143.153,143.169,143.0517717923931
2025-04-15T19:00:00Z,143.162,143.23,143.142,143.192,9093.0,143.184,143.199,143.0704688867407
2025-04-15T20:00:00Z,143.191,143.282,143.136,143.252,5630.0,143.246,143.259,143.09467303517528
2025-04-15T21:00:00Z,143.209,143.264,143.186,143.197,363.0,143.164,143.23,143.10831663048523
2025-04-15T22:00:00Z,143.198,143.198,142.917,143.06,5635.0,143.052,143.069,143.10187441308722
2025-04-15T23:00:00Z,143.06,143.282,143.052,143.166,13425.0,143.159,143.173,143.11042449134226
2025-04-16T00:00:00Z,143.166,143.178,142.766,142.892,18350.0,142.881,142.902,143.08130122582995
2025-04-16T01:00:00Z,142.891,142.996,142.706,142.816,13524.0,142.805,142.826,143.04592772905264
2025-04-16T02:00:00Z,142.815,142.822,142.654,142.724,9688.0,142.716,142.732,143.00300403184562
2025-04-16T03:00:00Z,142.724,142.736,142.498,142.526,11020.0,142.517,142.535,142.9394034942662
2025-04-16T04:00:00Z,142.525,142.676,142.47,142.632,9221.0,142.624,142.64,142.89841636169737
2025-04-16T05:00:00Z,142.632,142.676,142.102,142.148,18724.0,142.142,142.154,142.7983608468044
2025-04-16T06:00:00Z,142.15,142.514,142.103,142.415,20148.0,142.409,142.421,142.7472460672305
2025-04-16T07:00:00Z,142.414,142.463,142.036,142.098,22904.0,142.089,142.107,142.6606799249331
2025-04-16T08:00:00Z,142.098,142.959,142.068,142.624,41181.0,142.617,142.631,142.65578926827536
2025-04-16T09:00:00Z,142.624,142.88,142.49,142.834,22973.0,142.827,142.842,142.67955069917198
2025-04-16T10:00:00Z,142.833,142.918,142.61,142.799,16595.0,142.791,142.807,142.69547727261573
2025-04-16T11:00:00Z,142.8,142.818,142.625,142.659,15695.0,142.652,142.666,142.69061363626696
2025-04-16T12:00:00Z,142.66,142.791,142.436,142.646,26875.0,142.637,142.655,142.68466515143137
2025-04-16T13:00:00Z,142.646,142.695,142.404,142.433,35883.0,142.424,142.442,142.6511097979072
2025-04-16T14:00:00Z,142.434,142.712,142.316,142.51,27302.0,142.502,142.517,142.63229515818625
2025-04-16T15:00:00Z,142.509,142.862,142.494,142.577,20028.0,142.57,142.584,142.6249224704281
2025-04-16T16:00:00Z,142.578,142.645,142.492,142.554,13719.0,142.545,142.563,142.61546614103767
2025-04-16T17:00:00Z,142.554,142.701,142.306,142.358,25712.0,142.35,142.366,142.58113732223265
2025-04-16T18:00:00Z,142.358,142.45,142.066,142.104,26172.0,142.098,142.11,142.51751901260164
2025-04-16T19:00:00Z,142.106,142.132,141.64,142.115,22694.0,142.106,142.124,142.46384981092143
2025-04-16T20:00:00Z,142.116,142.201,141.799,141.864,9464.0,141.842,141.887,142.3838698361319
2025-04-16T21:00:00Z,141.842,141.865,141.714,141.755,636.0,141.732,141.778,142.30002052464766
2025-04-16T22:00:00Z,141.754,141.993,141.72,141.846,4731.0,141.837,141.855,142.23948445469463
2025-04-16T23:00:00Z,141.842,141.968,141.614,141.926,14378.0,141.916,141.937,142.19768652740203
2025-04-17T00:00:00Z,141.927,142.608,141.848,142.586,32507.0,142.575,142.596,142.24946165708175
2025-04-17T01:00:00Z,142.584,142.868,142.508,142.716,21170.0,142.707,142.725,142.31166676947086
2025-04-17T02:00:00Z,142.716,142.73,142.386,142.56,12380.0,142.553,142.568,142.34477786687475
2025-04-17T03:00:00Z,142.56,142.645,142.432,142.611,10396.0,142.601,142.621,142.38027415129145
2025-04-17T04:00:00Z,142.612,142.696,142.582,142.673,7161.0,142.665,142.681,142.4193042644526
2025-04-17T05:00:00Z,142.674,142.87,142.488,142.742,11936.0,142.736,142.748,142.4623303625256
2025-04-17T06:00:00Z,142.744,142.886,142.648,142.742,15786.0,142.734,142.749,142.4996196475222
2025-04-17T07:00:00Z,142.742,142.918,142.606,142.892,19572.0,142.885,142.899,142.55193702785257
2025-04-17T08:00:00Z,142.89,143.088,142.65,142.683,17810.0,142.676,142.69,142.56941209080557
2025-04-17T09:00:00Z,142.682,142.847,142.646,142.774,12850.0,142.766,142.782,142.59669047869818
2025-04-17T10:00:00Z,142.772,142.82,142.502,142.582,16437.0,142.575,142.59,142.5947317482051
2025-04-17T11:00:00Z,142.582,142.624,142.46,142.6,12606.0,142.59,142.609,142.59543418177776
2025-04-17T12:00:00Z,142.6,142.696,142.289,142.322,28384.0,142.312,142.332,142.55897629087406
2025-04-17T13:00:00Z,142.322,142.362,142.14,142.142,33307.0,142.134,142.151,142.50337945209085
2025-04-17T14:00:00Z,142.142,142.282,141.9,142.217,28219.0,142.209,142.225,142.46519552514542
2025-04-17T15:00:00Z,142.219,142.376,142.146,142.334,21885.0,142.326,142.342,142.44770278845937
2025-04-17T16:00:00Z,142.334,142.636,142.19,142.466,24773.0,142.457,142.475,142.4501424166648
2025-04-17T17:00:00Z,142.466,142.566,142.394,142.56,14024.0,142.553,142.567,142.46479009444283
2025-04-17T18:00:00Z,142.56,142.72,142.363,142.448,14037.0,142.44,142.456,142.46255141518378
2025-04-17T19:00:00Z,142.448,142.464,142.352,142.398,12197.0,142.389,142.406,142.45394455982594
2025-04-17T20:00:00Z,142.394,142.508,142.358,142.466,9076.0,142.448,142.483,142.45555195184915
2025-04-17T21:00:00Z,142.415,142.553,142.404,142.474,1226.0,142.424,142.524,142.4580116916026
2025-04-17T22:00:00Z,142.464,142.482,142.316,142.404,4389.0,142.354,142.454,142.45081013272224
2025-04-17T23:00:00Z,142.41,142.484,142.334,142.345,13402.0,142.329,142.361,142.43670211502595
2025-04-18T00:00:00Z,142.346,142.427,142.216,142.398,15686.0,142.389,142.408,142.4315418330225
2025-04-18T01:00:00Z,142.4,142.444,142.342,142.361,62506.0,142.355,142.367,142.42213625528618
2025-04-18T02:00:00Z,142.362,142.368,142.289,142.312,33058.0,142.301,142.322,142.40745142124803
2025-04-18T03:00:00Z,142.311,142.354,142.295,142.322,40153.0,142.316,142.328,142.39605789841497
2025-04-18T04:00:00Z,142.324,142.353,142.292,142.344,43257.0,142.333,142.354,142.38911684529296
2025-04-18T05:00:00Z,142.342,142.411,142.313,142.358,17658.0,142.347,142.368,142.38496793258724
2025-04-18T06:00:00Z,142.356,142.395,142.319,142.381,14932.0,142.373,142.389,142.38443887490894
2025-04-18T07:00:00Z,142.383,142.396,142.316,142.396,18130.0,142.388,142.403,142.38598035825441
2025-04-18T08:00:00Z,142.395,142.398,142.354,142.388,17098.0,142.379,142.397,142.3862496438205
2025-04-18T09:00:00Z,142.388,142.396,142.362,142.388,17405.0,142.38,142.397,142.38648302464443
2025-04-18T10:00:00Z,142.388,142.394,142.336,142.364,12521.0,142.358,142.37,142.38348528802518
2025-04-18T11:00:00Z,142.364,142.379,142.275,142.336,20702.0,142.325,142.346,142.3771539162885
2025-04-18T12:00:00Z,142.334,142.365,142.286,142.33,24753.0,142.321,142.338,142.37086672745005
2025-04-18T13:00:00Z,142.329,142.366,142.302,142.348,8855.0,142.338,142.357,142.36781783045672
2025-04-18T14:00:00Z,142.347,142.359,142.252,142.294,14799.0,142.281,142.307,142.3579754530625
2025-04-18T15:00:00Z,142.293,142.3,142.232,142.242,15955.0,142.233,142.251,142.34251205932082
2025-04-18T16:00:00Z,142.24,142.254,142.115,142.216,19861.0,142.202,142.229,142.32564378474473
2025-04-18T17:00:00Z,142.218,142.306,142.179,142.195,20165.0,142.189,142.201,142.30822461344545
2025-04-18T18:00:00Z,142.192,142.199,142.155,142.178,22167.0,142.164,142.193,142.29086133165274
2025-04-18T19:00:00Z,142.184,142.2,142.136,142.183,18654.0,142.168,142.198,142.2764798207657
2025-04-18T20:00:00Z,142.182,142.199,142.141,142.173,4202.0,142.123,142.223,142.26268251133027
2025-04-20T21:00:00Z,142.065,142.113,141.698,141.951,538.0,141.901,142.001,142.2211248431529
2025-04-20T22:00:00Z,141.961,142.162,141.684,141.738,7891.0,141.73,141.747,142.15670819739918
2025-04-20T23:00:00Z,141.736,141.772,141.499,141.592,17669.0,141.582,141.601,142.0814137710793
2025-04-21T00:00:00Z,141.59,141.592,141.142,141.188,24254.0,141.179,141.198,141.9622919349354
2025-04-21T01:00:00Z,141.19,141.206,140.968,140.98,12913.0,140.971,140.99,141.83131967694402
2025-04-21T02:00:00Z,140.98,141.086,140.616,140.79,17975.0,140.782,140.798,141.6924770533515
2025-04-21T03:00:00Z,140.792,140.84,140.658,140.762,11346.0,140.754,140.769,141.56841344623797
2025-04-21T04:00:00Z,140.762,140.981,140.762,140.77,9999.0,140.762,140.778,141.4619583200729
2025-04-21T05:00:00Z,140.768,140.788,140.621,140.646,10306.0,140.64,140.652,141.35316387739653
2025-04-21T06:00:00Z,140.646,140.91,140.621,140.762,11737.0,140.753,140.77,141.27434202707698
2025-04-21T07:00:00Z,140.763,140.824,140.546,140.555,14624.0,140.545,140.565,141.17842975680006
2025-04-21T08:00:00Z,140.556,140.73,140.548,140.576,12965.0,140.567,140.586,141.0981057892267
2025-04-21T09:00:00Z,140.576,140.695,140.471,140.658,12132.0,140.648,140.667,141.03942501732982
2025-04-21T10:00:00Z,140.657,140.996,140.642,140.988,10820.0,140.98,140.996,141.03256834835253
2025-04-21T11:00:00Z,140.988,141.078,140.752,140.796,14966.0,140.786,140.805,141.00102590190554
2025-04-21T12:00:00Z,140.796,141.024,140.641,140.782,15138.0,140.775,140.79,140.97182244831814
2025-04-21T13:00:00Z,140.783,141.046,140.706,140.743,21659.0,140.734,140.752,140.94131278854238
2025-04-21T14:00:00Z,140.744,140.92,140.568,140.904,22918.0,140.896,140.913,140.93633775007007
2025-04-21T15:00:00Z,140.904,141.016,140.795,140.817,15904.0,140.809,140.825,140.92042605006074
2025-04-21T16:00:00Z,140.818,140.976,140.77,140.834,11292.0,140.828,140.841,140.90890257671933
2025-04-21T17:00:00Z,140.834,140.926,140.637,140.648,11297.0,140.64,140.657,140.87411556649008
2025-04-21T18:00:00Z,140.649,140.694,140.568,140.582,9804.0,140.575,140.589,140.8351668242914
2025-04-21T19:00:00Z,140.583,140.893,140.558,140.862,8926.0,140.854,140.87,140.83874458105257
2025-04-21T20:00:00Z,140.862,140.98,140.794,140.856,5544.0,140.838,140.875,140.84104530357888
2025-04-21T21:00:00Z,140.856,140.931,140.812,140.828,656.0,140.786,140.869,140.83930592976836
2025-04-21T22:00:00Z,140.818,140.866,140.715,140.74,2991.0,140.732,140.749,140.8260651391326
2025-04-21T23:00:00Z,140.74,140.917,140.652,140.874,7938.0,140.867,140.881,140.83245645391492
2025-04-22T00:00:00Z,140.874,141.174,140.848,140.853,21170.0,140.845,140.861,140.83519559339294
2025-04-22T01:00:00Z,140.856,140.995,140.758,140.866,14307.0,140.858,140.875,140.83930284760723
2025-04-22T02:00:00Z,140.868,140.868,140.545,140.549,8006.0,140.542,140.556,140.8005958012596
2025-04-22T03:00:00Z,140.55,140.55,140.098,140.207,15391.0,140.199,140.215,140.721449694425
2025-04-22T04:00:00Z,140.209,140.214,140.096,140.196,9363.0,140.188,140.204,140.65138973516832
2025-04-22T05:00:00Z,140.196,140.35,139.89,139.926,16227.0,139.918,139.933,140.55467110381255
2025-04-22T06:00:00Z,139.924,140.51,139.889,140.398,20797.0,140.39,140.407,140.5337816233042
2025-04-22T07:00:00Z,140.397,140.512,140.209,140.284,19526.0,140.274,140.293,140.50047740686364
2025-04-22T08:00:00Z,140.28,140.634,140.191,140.516,17244.0,140.508,140.524,140.5025470859485
2025-04-22T09:00:00Z,140.516,140.58,140.328,140.458,14423.0,140.448,140.467,140.49660747448868
2025-04-22T10:00:00Z,140.457,140.478,140.21,140.332,11155.0,140.324,140.339,140.47465981122352
2025-04-22T11:00:00Z,140.333,140.393,140.174,140.256,12356.0,140.247,140.265,140.44550516972706
2025-04-22T12:00:00Z,140.254,140.568,140.212,140.532,16259.0,140.523,140.54,140.45703781376346
2025-04-22T13:00:00Z,140.53,140.8,140.511,140.77,21803.0,140.763,140.777,140.49876610526167
2025-04-22T14:00:00Z,140.77,140.924,140.636,140.72,17599.0,140.713,140.728,140.52826395789344
2025-04-22T15:00:00Z,140.72,140.924,140.668,140.876,14245.0,140.867,140.884,140.57462876350766
2025-04-22T16:00:00Z,140.876,141.366,140.788,141.306,24425.0,141.299,141.312,140.6721449283733
2025-04-22T17:00:00Z,141.295,141.394,141.042,141.114,27548.0,141.106,141.121,140.73105893792354
2025-04-22T18:00:00Z,141.112,141.515,141.107,141.496,13828.0,141.49,141.503,140.83305107953373
2025-04-22T19:00:00Z,141.498,141.637,141.44,141.611,11487.0,141.602,141.62,140.93677760226257
2025-04-22T20:00:00Z,141.61,141.67,141.505,141.602,4639.0,141.588,141.615,141.0254739219609
2025-04-22T21:00:00Z,141.535,142.644,141.487,142.632,2388.0,142.582,142.682,141.2396773990328
2025-04-22T22:00:00Z,142.639,143.223,142.567,143.014,21786.0,143.004,143.024,141.47625374582842
2025-04-22T23:00:00Z,143.014,143.108,142.554,142.702,24642.0,142.693,142.711,141.63968657971796
2025-04-23T00:00:00Z,142.705,142.718,142.064,142.088,25884.0,142.079,142.096,141.69946170242224
2025-04-23T01:00:00Z,142.087,142.259,141.668,141.764,22352.0,141.757,141.77,141.70806680876595
2025-04-23T02:00:00Z,141.764,142.006,141.749,141.892,15486.0,141.883,141.9,141.73259123426382
2025-04-23T03:00:00Z,141.891,142.2,141.805,142.194,13225.0,142.185,142.203,141.79411240302866
2025-04-23T04:00:00Z,142.194,142.249,141.916,141.962,9082.0,141.953,141.97,141.81649741595817
2025-04-23T05:00:00Z,141.961,142.15,141.744,142.076,12232.0,142.068,142.084,141.85109776049708
2025-04-23T06:00:00Z,142.077,142.148,141.608,141.712,21939.0,141.705,141.719,141.83255139243082
2025-04-23T07:00:00Z,141.714,141.946,141.53,141.872,23921.0,141.863,141.88,141.83781120677338
2025-04-23T08:00:00Z,141.871,141.952,141.706,141.74,18139.0,141.732,141.748,141.82476971253695
2025-04-23T09:00:00Z,141.74,141.944,141.576,141.884,14946.0,141.876,141.892,141.8326670841987
2025-04-23T10:00:00Z,141.884,142.032,141.804,141.997,12474.0,141.988,142.006,141.85457813963887
2025-04-23T11:00:00Z,141.994,142.193,141.646,141.654,14900.0,141.648,141.661,141.82783438768703
2025-04-23T12:00:00Z,141.656,141.888,141.576,141.846,14934.0,141.837,141.856,141.83025646932876
2025-04-23T13:00:00Z,141.846,142.698,141.754,142.694,39587.0,142.685,142.703,141.94542227341827
2025-04-23T14:00:00Z,142.696,142.798,142.246,142.635,46839.0,142.627,142.643,142.03736597029584
2025-04-23T15:00:00Z,142.634,142.734,142.178,142.646,41078.0,142.637,142.655,142.1185171742564
2025-04-23T16:00:00Z,142.646,143.078,142.568,143.022,27536.0,143.014,143.031,142.23898155102222
2025-04-23T17:00:00Z,143.023,143.294,142.931,143.239,16476.0,143.231,143.247,142.37231734421925
2025-04-23T18:00:00Z,143.24,143.497,143.238,143.439,13848.0,143.432,143.446,142.51454169832337
2025-04-23T19:00:00Z,143.44,143.49,143.245,143.396,11647.0,143.388,143.403,142.63206947188024
2025-04-23T20:00:00Z,143.398,143.58,143.388,143.457,6607.0,143.439,143.475,142.74206020896287
2025-04-23T21:00:00Z,143.411,143.429,143.042,143.152,1270.0,143.108,143.197,142.79671884776783
2025-04-23T22:00:00Z,143.144,143.192,142.884,143.12,6001.0,143.112,143.127,142.8398230013988
2025-04-23T23:00:00Z,143.117,143.281,143.052,143.198,12312.0,143.188,143.207,142.88757993454564
2025-04-24T00:00:00Z,143.196,143.343,142.86,142.95,18735.0,142.94,142.959,142.89590260993955
2025-04-24T01:00:00Z,142.953,143.084,142.71,142.766,17351.0,142.759,142.773,142.87858226194763
2025-04-24T02:00:00Z,142.765,142.816,142.602,142.784,10650.0,142.778,142.791,142.86597129368795
2025-04-24T03:00:00Z,142.785,142.901,142.742,142.868,8019.0,142.862,142.875,142.8662417878629
2025-04-24T04:00:00Z,142.868,142.918,142.725,142.756,8018.0,142.748,142.765,142.8515428828145
2025-04-24T05:00:00Z,142.76,142.96,142.73,142.783,10708.0,142.776,142.79,142.84240383177257
2025-04-24T06:00:00Z,142.784,142.887,142.666,142.694,13064.0,142.684,142.703,142.8226166542029
2025-04-24T07:00:00Z,142.693,142.748,142.55,142.58,16325.0,142.572,142.588,142.79026776697586
2025-04-24T08:00:00Z,142.58,142.74,142.5,142.638,17102.0,142.628,142.647,142.76996539804574
2025-04-24T09:00:00Z,142.636,142.7,142.423,142.454,9292.0,142.445,142.462,142.72783667830632
2025-04-24T10:00:00Z,142.454,142.517,142.306,142.494,10980.0,142.486,142.501,142.69665845453216
2025-04-24T11:00:00Z,142.492,142.638,142.351,142.596,11920.0,142.588,142.604,142.6832373272612
2025-04-24T12:00:00Z,142.594,142.64,142.288,142.405,16598.0,142.398,142.412,142.6461390169597
2025-04-24T13:00:00Z,142.404,142.588,142.322,142.5,19013.0,142.492,142.508,142.62665381469841
2025-04-24T14:00:00Z,142.497,142.61,142.278,142.475,23450.0,142.467,142.483,142.60643330607195
2025-04-24T15:00:00Z,142.476,142.78,142.448,142.656,19342.0,142.647,142.665,142.6130421985957
2025-04-24T16:00:00Z,142.656,142.796,142.569,142.647,12801.0,142.641,142.653,142.6175699054496
2025-04-24T17:00:00Z,142.648,142.834,142.618,142.788,9509.0,142.781,142.796,142.64029391805633
2025-04-24T18:00:00Z,142.789,142.836,142.72,142.731,7206.0,142.725,142.737,142.65238806231548
2025-04-24T19:00:00Z,142.73,142.732,142.49,142.698,6630.0,142.69,142.706,142.65846965400675
2025-04-24T20:00:00Z,142.698,142.743,142.526,142.628,4208.0,142.613,142.644,142.65440703347252
2025-04-24T21:00:00Z,142.636,142.726,142.582,142.714,488.0,142.664,142.764,142.66235276234286
2025-04-24T22:00:00Z,142.736,142.791,142.648,142.719,3680.0,142.709,142.729,142.6699057273638
2025-04-24T23:00:00Z,142.72,142.93,142.701,142.856,7282.0,142.847,142.865,142.69471829704864
2025-04-25T00:00:00Z,142.856,143.116,142.82,143.066,14022.0,143.056,143.075,142.74422252410884
2025-04-25T01:00:00Z,143.064,143.109,142.91,142.966,11732.0,142.958,142.973,142.77379285422765
2025-04-25T02:00:00Z,142.966,142.988,142.828,142.968,9069.0,142.96,142.977,142.79968714033063
2025-04-25T03:00:00Z,142.966,143.674,142.892,143.646,14592.0,143.637,143.655,142.91252885495322
2025-04-25T04:00:00Z,143.646,143.804,143.57,143.618,13000.0,143.609,143.626,143.0065916742928
2025-04-25T05:00:00Z,143.618,143.798,143.51,143.626,9719.0,143.618,143.633,143.08917945105375
2025-04-25T06:00:00Z,143.628,143.852,143.441,143.542,14364.0,143.534,143.551,143.14955552424658
2025-04-25T07:00:00Z,143.544,143.687,143.225,143.398,20201.0,143.389,143.407,143.18268145434703
2025-04-25T08:00:00Z,143.399,143.522,143.25,143.419,13314.0,143.41,143.428,143.21419059376743
2025-04-25T09:00:00Z,143.42,143.638,143.237,143.616,11408.0,143.607,143.625,143.2677651812651
2025-04-25T10:00:00Z,143.612,143.738,143.254,143.304,16550.0,143.295,143.313,143.27259649042975
2025-04-25T11:00:00Z,143.303,143.392,143.224,143.381,9678.0,143.374,143.388,143.28705029170578
2025-04-25T12:00:00Z,143.38,143.426,143.306,143.417,11964.0,143.409,143.425,143.30437691947836
2025-04-25T13:00:00Z,143.418,143.874,143.411,143.75,20510.0,143.742,143.759,143.36379333021458
2025-04-25T14:00:00Z,143.749,143.99,143.62,143.984,24847.0,143.976,143.991,143.44648755285263
2025-04-25T15:00:00Z,143.982,144.031,143.732,143.754,13006.0,143.747,143.76,143.48748921247227
2025-04-25T16:00:00Z,143.754,143.821,143.685,143.816,7952.0,143.81,143.823,143.5312906508093
2025-04-25T17:00:00Z,143.814,143.852,143.442,143.526,11119.0,143.519,143.532,143.5305852307014
2025-04-25T18:00:00Z,143.524,143.635,143.459,143.562,9425.0,143.554,143.569,143.53477386660788
2025-04-25T19:00:00Z,143.56,143.658,143.494,143.654,6473.0,143.648,143.66,143.5506706843935
2025-04-25T20:00:00Z,143.651,143.852,143.635,143.682,3192.0,143.65,143.714,143.56818125980772
2025-04-27T21:00:00Z,143.623,143.666,143.525,143.66,97.0,143.61,143.71,143.58042375850002
2025-04-27T22:00:00Z,143.654,143.881,143.603,143.78,5516.0,143.771,143.788,143.60703392403335
2025-04-27T23:00:00Z,143.777,143.882,143.717,143.852,7153.0,143.841,143.862,143.63969606749558
2025-04-28T00:00:00Z,143.852,143.856,143.481,143.49,17288.0,143.482,143.499,143.6197365918295
2025-04-28T01:00:00Z,143.492,143.718,143.344,143.716,12656.0,143.709,143.724,143.63257171291892
2025-04-28T02:00:00Z,143.717,143.862,143.654,143.694,9021.0,143.685,143.702,143.64076215119638
2025-04-28T03:00:00Z,143.696,143.704,143.512,143.588,5192.0,143.579,143.597,143.63372719770354
2025-04-28T04:00:00Z,143.59,143.643,143.316,143.324,7263.0,143.316,143.331,143.59243023800974
2025-04-28T05:00:00Z,143.325,143.541,143.288,143.494,8132.0,143.486,143.501,143.5793062062751
2025-04-28T06:00:00Z,143.494,143.854,143.494,143.832,13451.0,143.824,143.841,143.61299871210508
2025-04-28T07:00:00Z,143.832,143.898,143.624,143.634,14808.0,143.626,143.643,143.6157988838244
2025-04-28T08:00:00Z,143.635,143.711,143.534,143.544,12101.0,143.535,143.552,143.60622569931448
2025-04-28T09:00:00Z,143.542,143.582,143.33,143.455,11726.0,143.446,143.464,143.5860622727392
2025-04-28T10:00:00Z,143.452,143.504,143.386,143.462,9737.0,143.453,143.472,143.569520636374
2025-04-28T11:00:00Z,143.462,143.55,143.343,143.374,9695.0,143.366,143.381,143.5434512181908
2025-04-28T12:00:00Z,143.375,143.379,143.15,143.348,11919.0,143.34,143.356,143.51739105576536
2025-04-28T13:00:00Z,143.348,143.443,143.067,143.086,18206.0,143.077,143.095,143.45987224833
2025-04-28T14:00:00Z,143.086,143.132,142.599,142.85,23399.0,142.842,142.857,143.37855594855267
2025-04-28T15:00:00Z,142.849,142.886,142.642,142.706,15230.0,142.698,142.713,143.288881822079
2025-04-28T16:00:00Z,142.706,142.714,142.272,142.338,12379.0,142.331,142.345,143.16209757913512
2025-04-28T17:00:00Z,142.336,142.374,142.128,142.364,10886.0,142.357,142.371,143.05568456858379
2025-04-28T18:00:00Z,142.364,142.388,142.115,142.126,7301.0,142.119,142.134,142.93172662610596
2025-04-28T19:00:00Z,142.126,142.162,142.04,142.068,6428.0,142.06,142.076,142.8165630759585
2025-04-28T20:00:00Z,142.066,142.102,141.984,142.024,2840.0,142.01,142.039,142.71088799916404
2025-04-28T21:00:00Z,142.032,142.091,142.028,142.078,501.0,142.057,142.1,142.62650293260884
2025-04-28T22:00:00Z,142.084,142.227,142.016,142.22,3322.0,142.211,142.23,142.57230254159433
2025-04-28T23:00:00Z,142.219,142.318,142.079,142.182,6346.0,142.174,142.191,142.5202622027151
2025-04-29T00:00:00Z,142.183,142.282,142.067,142.246,10448.0,142.238,142.254,142.48369390901976
2025-04-29T01:00:00Z,142.248,142.438,142.141,142.416,9694.0,142.409,142.423,142.4746680544838
2025-04-29T02:00:00Z,142.416,142.427,142.124,142.382,10429.0,142.374,142.389,142.46231231388597
2025-04-29T03:00:00Z,142.382,142.493,142.316,142.432,7830.0,142.423,142.441,142.4582706720345
2025-04-29T04:00:00Z,142.432,142.582,142.41,142.526,6344.0,142.519,142.534,142.46730124909658
2025-04-29T05:00:00Z,142.528,142.552,142.387,142.45,6987.0,142.442,142.458,142.4649944158837
2025-04-29T06:00:00Z,142.45,142.559,142.3,142.474,12192.0,142.465,142.483,142.46619516043253
2025-04-29T07:00:00Z,142.474,142.533,142.347,142.388,15617.0,142.379,142.398,142.45576913904154
2025-04-29T08:00:00Z,142.388,142.614,142.325,142.594,11478.0,142.587,142.602,142.47419992050266
2025-04-29T09:00:00Z,142.594,142.758,142.533,142.745,8814.0,142.736,142.754,142.51030659776896
2025-04-29T10:00:00Z,142.746,142.758,142.652,142.66,7696.0,142.652,142.667,142.53026571806643
2025-04-29T11:00:00Z,142.658,142.76,142.59,142.74,8056.0,142.733,142.748,142.5582302889909
2025-04-29T12:00:00Z,142.738,142.758,142.252,142.31,13840.0,142.303,142.316,142.52513291712546
2025-04-29T13:00:00Z,142.309,142.368,142.05,142.218,21092.0,142.202,142.235,142.48418186150874
2025-04-29T14:00:00Z,142.215,142.396,142.009,142.368,26930.0,142.36,142.376,142.46869094664092
2025-04-29T15:00:00Z,142.368,142.375,142.128,142.299,16031.0,142.291,142.307,142.44606548708882
2025-04-29T16:00:00Z,142.3,142.308,141.965,142.047,13915.0,142.04,142.054,142.39285675547697
2025-04-29T17:00:00Z,142.046,142.306,142.01,142.293,8981.0,142.285,142.301,142.37954252141338
2025-04-29T18:00:00Z,142.294,142.383,142.252,142.285,8288.0,142.278,142.292,142.3669368518916
2025-04-29T19:00:00Z,142.286,142.384,142.2,142.32,7550.0,142.312,142.328,142.36067860497272
2025-04-29T20:00:00Z,142.322,142.452,142.258,142.37,4200.0,142.355,142.386,142.36192145764304
2025-04-29T21:00:00Z,142.282,142.329,142.189,142.311,362.0,142.261,142.361,142.3551319299573
2025-04-29T22:00:00Z,142.317,142.372,142.203,142.267,3672.0,142.258,142.276,142.343381005963
2025-04-29T23:00:00Z,142.266,142.33,142.165,142.262,5104.0,142.253,142.27,142.33253020516796
2025-04-30T00:00:00Z,142.259,142.511,142.172,142.431,12445.0,142.423,142.439,142.34565951114556
2025-04-30T01:00:00Z,142.43,142.464,142.23,142.448,9714.0,142.439,142.456,142.3593049096595
2025-04-30T02:00:00Z,142.445,142.55,142.364,142.464,7733.0,142.457,142.47,142.37326425503824
2025-04-30T03:00:00Z,142.463,142.532,142.33,142.516,6076.0,142.508,142.524,142.3922956876998
2025-04-30T04:00:00Z,142.516,142.56,142.418,142.518,5225.0,142.51,142.526,142.40905626267318
2025-04-30T05:00:00Z,142.518,142.548,142.453,142.501,4559.0,142.495,142.507,142.4213154276501
2025-04-30T06:00:00Z,142.502,142.721,142.494,142.581,9319.0,142.574,142.588,142.4426067039634
2025-04-30T07:00:00Z,142.582,142.891,142.58,142.804,10472.0,142.797,142.81,142.4907924767683
2025-04-30T08:00:00Z,142.806,142.95,142.722,142.91,9287.0,142.902,142.918,142.5466868131992
2025-04-30T09:00:00Z,142.91,143.157,142.874,143.107,7387.0,143.1,143.114,142.62139523810598
2025-04-30T10:00:00Z,143.108,143.113,143.006,143.071,7165.0,143.063,143.079,142.68134253969185
2025-04-30T11:00:00Z,143.07,143.14,142.903,143.015,8358.0,143.009,143.021,142.7258302010663
2025-04-30T12:00:00Z,143.013,143.052,142.688,142.823,25610.0,142.815,142.831,142.73878617425746
2025-04-30T13:00:00Z,142.823,142.914,142.64,142.674,23658.0,142.66,142.688,142.7301480176898
2025-04-30T14:00:00Z,142.673,143.044,142.597,142.639,28888.0,142.632,142.646,142.7179949486645
2025-04-30T15:00:00Z,142.638,142.939,142.508,142.633,24363.0,142.625,142.641,142.70666228884258
2025-04-30T16:00:00Z,142.63,142.763,142.595,142.678,13092.0,142.672,142.685,142.70284065033024
2025-04-30T17:00:00Z,142.678,142.851,142.602,142.839,9603.0,142.831,142.847,142.7209952302862
2025-04-30T18:00:00Z,142.84,143.013,142.767,142.778,13051.0,142.77,142.785,142.72859586624804
2025-04-30T19:00:00Z,142.778,142.982,142.716,142.913,7744.0,142.906,142.92,142.75318308408166
2025-04-30T20:00:00Z,142.918,143.192,142.902,143.066,10162.0,143.052,143.079,142.7948920062041
2025-04-30T21:00:00Z,143.0,143.052,142.935,142.962,861.0,142.912,143.011,142.81717307204354
2025-04-30T22:00:00Z,142.96,143.08,142.96,143.019,4512.0,143.01,143.028,142.84408332910442
2025-04-30T23:00:00Z,143.018,143.085,142.963,143.02,5308.0,143.011,143.03,142.86753888522384
2025-05-01T00:00:00Z,143.02,143.04,142.881,143.008,9955.0,143.0,143.016,142.88626703386066
2025-05-01T01:00:00Z,143.008,143.245,142.995,143.204,6617.0,143.196,143.213,142.9286314293459
2025-05-01T02:00:00Z,143.205,143.217,143.066,143.09,4319.0,143.08,143.1,142.95014723876645
2025-05-01T03:00:00Z,143.08,143.754,142.963,143.689,13082.0,143.681,143.697,143.04866094026426
2025-05-01T04:00:00Z,143.69,143.902,143.69,143.88,7248.0,143.871,143.89,143.159506148229
2025-05-01T05:00:00Z,143.878,144.252,143.873,144.05,11141.0,144.043,144.058,143.2782386617985
2025-05-01T06:00:00Z,144.052,144.597,144.007,144.589,15741.0,144.58,144.598,143.45300684022536
2025-05-01T07:00:00Z,144.588,144.744,144.304,144.366,15174.0,144.358,144.375,143.57473926152866
2025-05-01T08:00:00Z,144.368,144.396,144.154,144.22,10491.0,144.213,144.226,143.66077402665817
2025-05-01T09:00:00Z,144.22,144.435,144.127,144.392,7787.0,144.383,144.4,143.75827082310374
2025-05-01T10:00:00Z,144.391,144.425,144.248,144.277,6720.0,144.268,144.286,143.82743471335658
2025-05-01T11:00:00Z,144.276,144.557,144.156,144.482,10627.0,144.475,144.49,143.91471008490905
2025-05-01T12:00:00Z,144.482,144.77,144.15,144.712,21109.0,144.703,144.72,144.02101540692118
2025-05-01T13:00:00Z,144.712,144.802,144.542,144.554,20637.0,144.532,144.575,144.0920800193317
2025-05-01T14:00:00Z,144.554,145.503,144.554,145.352,28675.0,145.343,145.36,144.26006935008746
2025-05-01T15:00:00Z,145.348,145.657,145.229,145.478,16578.0,145.47,145.485,144.42246010340915
2025-05-01T16:00:00Z,145.477,145.54,145.352,145.396,12470.0,145.388,145.404,144.5522654229546
2025-05-01T17:00:00Z,145.396,145.578,145.362,145.534,8334.0,145.525,145.544,144.68316336656065
2025-05-01T18:00:00Z,145.534,145.737,145.522,145.684,10719.0,145.676,145.691,144.81660825101923
2025-05-01T19:00:00Z,145.683,145.707,145.504,145.54,8041.0,145.53,145.549,144.91306048421666
2025-05-01T20:00:00Z,145.538,145.564,145.332,145.398,6289.0,145.391,145.405,144.97771908632112
2025-05-01T21:00:00Z,145.45,145.479,145.284,145.32,1176.0,145.27,145.37,145.0233565414783
2025-05-01T22:00:00Z,145.332,145.4,145.262,145.336,2932.0,145.327,145.345,145.06504233594788
2025-05-01T23:00:00Z,145.336,145.614,145.335,145.409,5520.0,145.4,145.418,145.11090335782148
2025-05-02T00:00:00Z,145.41,145.926,145.324,145.873,17811.0,145.867,145.879,145.2125162434453
2025-05-02T01:00:00Z,145.871,145.876,145.433,145.438,12896.0,145.429,145.446,145.24258074431927
2025-05-02T02:00:00Z,145.437,145.509,145.3,145.465,8536.0,145.457,145.473,145.2722366450767
2025-05-02T03:00:00Z,145.464,145.477,145.146,145.224,7511.0,145.216,145.232,145.2658050923998
2025-05-02T04:00:00Z,145.222,145.426,145.217,145.391,9642.0,145.383,145.399,145.2824977467465
2025-05-02T05:00:00Z,145.39,145.418,145.184,145.254,9433.0,145.247,145.261,145.27869804718028
2025-05-02T06:00:00Z,145.256,145.302,145.043,145.203,13951.0,145.196,145.21,145.2686049742229
2025-05-02T07:00:00Z,145.202,145.271,145.044,145.128,13830.0,145.12,145.136,145.2498576443265
2025-05-02T08:00:00Z,145.128,145.21,144.822,144.832,12274.0,144.825,144.838,145.19414329174964
2025-05-02T09:00:00Z,144.832,144.905,144.44,144.575,14457.0,144.566,144.584,145.1115908528497
2025-05-02T10:00:00Z,144.574,144.818,144.546,144.669,10693.0,144.661,144.677,145.0525787391364
2025-05-02T11:00:00Z,144.67,144.716,144.364,144.558,12320.0,144.551,144.566,144.98663490725156
2025-05-02T12:00:00Z,144.56,144.964,144.336,144.646,33831.0,144.637,144.654,144.94121691961803
2025-05-02T13:00:00Z,144.646,144.646,143.732,143.874,37424.0,143.867,143.881,144.79892133033562
2025-05-02T14:00:00Z,143.874,144.158,143.73,144.013,29368.0,144.006,144.02,144.6941318196242
2025-05-02T15:00:00Z,144.012,144.635,144.01,144.53,21337.0,144.52,144.539,144.67224757700765
2025-05-02T16:00:00Z,144.528,144.797,144.491,144.674,21579.0,144.666,144.681,144.67248123340664
2025-05-02T17:00:00Z,144.675,144.78,144.58,144.728,13690.0,144.72,144.736,144.6798837356191
2025-05-02T18:00:00Z,144.728,145.084,144.678,145.028,11138.0,145.021,145.036,144.72629923753655
2025-05-02T19:00:00Z,145.026,145.076,144.887,144.985,9442.0,144.976,144.994,144.7607926725317
2025-05-02T20:00:00Z,144.99,145.062,144.854,144.957,4746.0,144.922,144.992,144.78695364952748
2025-05-04T21:00:00Z,144.732,144.896,144.706,144.895,291.0,144.845,144.945,144.8013598295905
2025-05-04T22:00:00Z,144.879,144.996,144.66,144.762,6349.0,144.754,144.77,144.79611185231178
2025-05-04T23:00:00Z,144.76,144.862,144.511,144.654,7319.0,144.645,144.663,144.77716360533688
2025-05-05T00:00:00Z,144.654,144.8,144.613,144.64,9047.0,144.631,144.648,144.7588751246253
2025-05-05T01:00:00Z,144.64,144.64,144.103,144.233,13097.0,144.224,144.242,144.68875844134192
2025-05-05T02:00:00Z,144.234,144.319,144.066,144.173,8673.0,144.166,144.18,144.61999064916301
2025-05-05T03:00:00Z,144.174,144.35,144.154,144.296,5637.0,144.286,144.305,144.57679189594128
2025-05-05T04:00:00Z,144.295,144.296,144.098,144.152,6224.0,144.143,144.161,144.52015297648245
2025-05-05T05:00:00Z,144.15,144.234,143.968,144.18,9093.0,144.173,144.188,144.4747992462848
2025-05-05T06:00:00Z,144.18,144.424,144.174,144.32,11959.0,144.314,144.327,144.45415934678016
2025-05-05T07:00:00Z,144.322,144.427,144.198,144.364,10745.0,144.357,144.37,144.44213810054282
2025-05-05T08:00:00Z,144.365,144.37,143.894,144.05,12021.0,144.041,144.059,144.38985302047044
2025-05-05T09:00:00Z,144.05,144.073,143.818,143.866,10440.0,143.859,143.872,144.3200059510744
2025-05-05T10:00:00Z,143.864,144.005,143.806,143.962,9159.0,143.954,143.969,144.27227182426446
2025-05-05T11:00:00Z,143.961,143.977,143.748,143.852,9189.0,143.843,143.86,144.2162355810292
2025-05-05T12:00:00Z,143.853,143.896,143.575,143.638,13765.0,143.629,143.647,144.13913750355863
2025-05-05T13:00:00Z,143.638,143.74,143.542,143.67,14919.0,143.641,143.698,144.07658583641748
2025-05-05T14:00:00Z,143.668,144.027,143.635,143.775,24549.0,143.769,143.781,144.03637439156182
2025-05-05T15:00:00Z,143.773,144.009,143.591,143.98,14019.0,143.972,143.989,144.02885780602026
2025-05-05T16:00:00Z,143.981,144.238,143.952,144.171,8922.0,144.163,144.179,144.04781009855088
2025-05-05T17:00:00Z,144.17,144.174,144.034,144.097,6584.0,144.089,144.105,144.05436875207744
2025-05-05T18:00:00Z,144.098,144.137,143.895,143.922,6155.0,143.914,143.93,144.0367195851338
2025-05-05T19:00:00Z,143.922,143.928,143.701,143.768,7250.0,143.759,143.778,144.00089030711595
2025-05-05T20:00:00Z,143.766,143.796,143.658,143.7,4067.0,143.685,143.715,143.9607715995005
2025-05-05T21:00:00Z,143.752,143.776,143.714,143.717,3638.0,143.678,143.756,143.92826871956711
2025-05-05T22:00:00Z,143.718,143.757,143.634,143.747,2001.0,143.738,143.756,143.90409955695816
2025-05-05T23:00:00Z,143.748,143.806,143.56,143.708,4470.0,143.7,143.717,143.87795294936373
2025-05-06T00:00:00Z,143.707,144.022,143.693,144.002,9964.0,143.993,144.011,143.89449255611524
2025-05-06T01:00:00Z,144.002,144.276,143.947,144.049,11549.0,144.04,144.058,143.91509354863322
2025-05-06T02:00:00Z,144.048,144.062,143.65,143.819,9709.0,143.81,143.828,143.90228107548214
2025-05-06T03:00:00Z,143.818,143.864,143.732,143.79,6388.0,143.782,143.799,143.88731026541785
2025-05-06T04:00:00Z,143.792,143.804,143.625,143.713,6845.0,143.704,143.722,143.86406889669547
2025-05-06T05:00:00Z,143.711,143.834,143.699,143.8,6012.0,143.791,143.808,143.85552637713607
2025-05-06T06:00:00Z,143.798,143.928,143.644,143.695,10146.0,143.686,143.704,143.8341228601846
2025-05-06T07:00:00Z,143.694,143.732,143.204,143.332,17593.0,143.324,143.34,143.76717314549333
2025-05-06T08:00:00Z,143.332,143.358,142.906,143.134,16606.0,143.126,143.143,143.68275005942755
2025-05-06T09:00:00Z,143.134,143.354,143.07,143.304,10604.0,143.295,143.312,143.6322500515039
2025-05-06T10:00:00Z,143.303,143.326,143.044,143.058,9679.0,143.05,143.067,143.55568337797004
2025-05-06T11:00:00Z,143.06,143.128,142.747,142.782,11238.0,142.774,142.789,143.4525255942407
2025-05-06T12:00:00Z,142.778,142.968,142.49,142.52,12831.0,142.513,142.526,143.32818884834197
2025-05-06T13:00:00Z,142.519,142.754,142.354,142.47,15824.0,142.461,142.478,143.21376366856305
2025-05-06T14:00:00Z,142.472,142.894,142.41,142.856,18508.0,142.849,142.864,143.16606184608798
2025-05-06T15:00:00Z,142.855,142.946,142.748,142.77,12941.0,142.762,142.778,143.11325359994294
2025-05-06T16:00:00Z,142.77,143.038,142.662,142.732,13855.0,142.723,142.741,143.06241978661723
2025-05-06T17:00:00Z,142.73,142.737,142.514,142.514,8888.0,142.506,142.522,142.9892971484016
2025-05-06T18:00:00Z,142.516,142.654,142.433,142.446,7605.0,142.439,142.453,142.9168575286147
2025-05-06T19:00:00Z,142.446,142.478,142.358,142.399,6898.0,142.391,142.407,142.84780985813276
2025-05-06T20:00:00Z,142.402,142.503,142.388,142.404,4805.0,142.397,142.41,142.78863521038173
2025-05-06T21:00:00Z,142.504,142.546,142.423,142.434,450.0,142.419,142.449,142.74135051566418
2025-05-06T22:00:00Z,142.436,143.296,142.429,143.245,16330.0,143.235,143.255,142.8085037802423
2025-05-06T23:00:00Z,143.245,143.315,143.0,143.092,11354.0,143.085,143.1,142.84630327621
2025-05-07T00:00:00Z,143.094,143.307,142.843,142.95,21938.0,142.941,142.96,142.86012950604865
2025-05-07T01:00:00Z,142.947,143.18,142.746,142.958,17498.0,142.952,142.964,142.87317890524216
2025-05-07T02:00:00Z,142.957,143.198,142.956,143.126,12934.0,143.118,143.134,142.9068883845432
2025-05-07T03:00:00Z,143.126,143.218,143.06,143.108,8037.0,143.1,143.117,142.9337032666041
2025-05-07T04:00:00Z,143.106,143.328,143.046,143.28,6707.0,143.273,143.288,142.97987616439025
2025-05-07T05:00:00Z,143.282,143.306,143.006,143.06,7647.0,143.054,143.066,142.99055934247156
2025-05-07T06:00:00Z,143.059,143.098,142.829,142.866,10273.0,142.857,142.876,142.97395143014202
2025-05-07T07:00:00Z,142.867,143.274,142.867,143.176,12379.0,143.168,143.183,143.00089123945642
2025-05-07T08:00:00Z,143.176,143.444,143.173,143.32,11071.0,143.313,143.328,143.04343907419556
2025-05-07T09:00:00Z,143.32,143.458,143.261,143.318,9361.0,143.31,143.325,143.08004719763616
2025-05-07T10:00:00Z,143.316,143.327,143.158,143.252,7597.0,143.243,143.26,143.10297423795134
2025-05-07T11:00:00Z,143.252,143.419,143.196,143.392,7194.0,143.383,143.402,143.1415110062245
2025-05-07T12:00:00Z,143.392,143.453,143.275,143.354,12153.0,143.348,143.361,143.16984287206125
2025-05-07T13:00:00Z,143.352,143.362,143.12,143.212,15795.0,143.206,143.219,143.17546382245308
2025-05-07T14:00:00Z,143.213,143.394,143.141,143.306,14108.0,143.299,143.314,143.19286864612602
2025-05-07T15:00:00Z,143.307,143.48,143.212,143.476,13105.0,143.47,143.482,143.2306194933092
2025-05-07T16:00:00Z,143.475,143.588,143.404,143.416,9079.0,143.41,143.423,143.25533689420132
2025-05-07T17:00:00Z,143.416,143.548,143.263,143.385,8157.0,143.346,143.424,143.27262530830782
2025-05-07T18:00:00Z,143.372,143.785,142.906,143.522,32640.0,143.514,143.529,143.30587526720012
2025-05-07T19:00:00Z,143.52,143.979,143.471,143.816,32389.0,143.807,143.824,143.37389189824012
2025-05-07T20:00:00Z,143.814,144.002,143.772,143.826,6854.0,143.815,143.838,143.43417297847478
2025-05-07T21:00:00Z,143.746,143.794,143.712,143.78,674.0,143.757,143.804,143.4802832480115
2025-05-07T22:00:00Z,143.782,143.915,143.762,143.882,3104.0,143.875,143.89,143.53384548160997
2025-05-07T23:00:00Z,143.883,143.888,143.732,143.865,4981.0,143.855,143.875,143.57799941739532
2025-05-08T00:00:00Z,143.864,143.955,143.57,143.854,13911.0,143.844,143.864,143.61479949507594
2025-05-08T01:00:00Z,143.854,143.899,143.445,143.51,18519.0,143.499,143.52,143.60082622906583
2025-05-08T02:00:00Z,143.509,143.68,143.47,143.672,10963.0,143.663,143.681,143.6103160651904
2025-05-08T03:00:00Z,143.672,143.678,143.529,143.602,7241.0,143.593,143.61,143.60920725649837
2025-05-08T04:00:00Z,143.601,143.788,143.55,143.776,6196.0,143.768,143.785,143.63144628896526
2025-05-08T05:00:00Z,143.777,144.072,143.776,143.93,12381.0,143.922,143.939,143.67125345043658
2025-05-08T06:00:00Z,143.928,144.434,143.849,144.411,16375.0,144.405,144.417,143.76988632371172
2025-05-08T07:00:00Z,144.407,144.52,144.314,144.324,14162.0,144.315,144.332,143.84376814721682
2025-05-08T08:00:00Z,144.323,144.849,144.259,144.809,13611.0,144.801,144.817,143.97246572758792
2025-05-08T09:00:00Z,144.81,144.956,144.742,144.802,11495.0,144.793,144.81,144.08307029724287
2025-05-08T10:00:00Z,144.804,145.01,144.66,144.783,9213.0,144.774,144.792,144.1763942576105
2025-05-08T11:00:00Z,144.784,144.814,144.601,144.644,12616.0,144.636,144.653,144.2387416899291
2025-05-08T12:00:00Z,144.644,144.866,144.51,144.688,20258.0,144.68,144.696,144.29864279793856
2025-05-08T13:00:00Z,144.688,144.688,144.436,144.543,19898.0,144.533,144.553,144.3312237582134
2025-05-08T14:00:00Z,144.544,145.12,144.44,145.014,23976.0,145.008,145.02,144.42226059045163
2025-05-08T15:00:00Z,145.011,145.595,144.904,145.471,32277.0,145.465,145.477,144.56209251172476
2025-05-08T16:00:00Z,145.47,145.788,145.455,145.726,17313.0,145.719,145.733,144.71728017682813
2025-05-08T17:00:00Z,145.722,145.95,145.617,145.714,11338.0,145.707,145.722,144.85017615325106
2025-05-08T18:00:00Z,145.714,145.929,145.68,145.885,8281.0,145.879,145.891,144.9881526661509
2025-05-08T19:00:00Z,145.884,146.178,145.819,145.92,11558.0,145.912,145.929,145.1123989773308
2025-05-08T20:00:00Z,145.922,145.968,145.806,145.909,5299.0,145.896,145.922,145.21861244702004
2025-05-08T21:00:00Z,145.834,145.946,145.828,145.924,8083.0,145.906,145.941,145.3126641207507
2025-05-08T22:00:00Z,145.929,145.942,145.771,145.83,3531.0,145.819,145.84,145.38164223798395
2025-05-08T23:00:00Z,145.833,146.07,145.806,145.952,5469.0,145.942,145.961,145.4576899395861
2025-05-09T00:00:00Z,145.951,146.19,145.674,145.698,16033.0,145.689,145.707,145.4897312809746
2025-05-09T01:00:00Z,145.698,145.836,145.622,145.754,12627.0,145.745,145.763,145.524967110178
2025-05-09T02:00:00Z,145.754,145.974,145.65,145.67,10896.0,145.662,145.679,145.54430482882094
2025-05-09T03:00:00Z,145.671,145.714,145.461,145.66,9532.0,145.652,145.668,145.55973085164482
2025-05-09T04:00:00Z,145.659,145.661,145.45,145.503,7150.0,145.494,145.512,145.55216673809218
2025-05-09T05:00:00Z,145.502,145.632,145.412,145.429,8106.0,145.423,145.435,145.53574450634656
2025-05-09T06:00:00Z,145.428,145.466,145.237,145.294,10173.0,145.285,145.303,145.50351190550035
2025-05-09T07:00:00Z,145.294,145.416,145.136,145.172,14163.0,145.163,145.181,145.4593103181003
2025-05-09T08:00:00Z,145.174,145.334,145.076,145.188,8774.0,145.18,145.195,145.42313560902028
2025-05-09T09:00:00Z,145.188,145.329,145.098,145.316,6397.0,145.307,145.324,145.4088508611509
2025-05-09T10:00:00Z,145.317,145.408,145.222,145.292,6441.0,145.285,145.3,145.39327074633078
2025-05-09T11:00:00Z,145.292,145.33,144.932,145.13,14755.0,145.121,145.138,145.35816798015335
2025-05-09T12:00:00Z,145.129,145.357,145.102,145.251,9108.0,145.244,145.258,145.34387891613292
2025-05-09T13:00:00Z,145.25,145.3,145.022,145.156,13552.0,145.147,145.164,145.31882839398187
2025-05-09T14:00:00Z,145.156,145.27,144.825,145.004,16740.0,144.997,145.012,145.2768512747843
2025-05-09T15:00:00Z,145.006,145.204,145.0,145.152,14322.0,145.145,145.159,145.2602044381464
2025-05-09T16:00:00Z,145.152,145.296,145.058,145.28,9396.0,145.272,145.287,145.26284384639354
2025-05-09T17:00:00Z,145.28,145.356,145.202,145.238,6014.0,145.23,145.245,145.25953133354108
2025-05-09T18:00:00Z,145.238,145.315,145.15,145.266,5328.0,145.258,145.274,145.26039382240228
2025-05-09T19:00:00Z,145.268,145.374,145.252,145.303,3898.0,145.295,145.311,145.266074646082
2025-05-09T20:00:00Z,145.302,145.382,145.293,145.373,2826.0,145.354,145.392,145.28033135993772
2025-05-11T21:00:00Z,146.176,146.242,146.097,146.158,1057.0,146.134,146.183,145.39735384527935
2025-05-11T22:00:00Z,146.156,146.212,145.77,145.84,9743.0,145.831,145.85,145.45637333257545
2025-05-11T23:00:00Z,145.841,145.924,145.702,145.843,9449.0,145.831,145.855,145.50792355489872
2025-05-12T00:00:00Z,145.842,146.086,145.734,145.908,17086.0,145.899,145.917,145.56126708091224
2025-05-12T01:00:00Z,145.908,146.286,145.848,146.097,16857.0,146.091,146.103,145.63269813679062
2025-05-12T02:00:00Z,146.094,146.108,145.72,145.852,11175.0,145.845,145.86,145.66193838521855
2025-05-12T03:00:00Z,145.852,145.918,145.729,145.731,8116.0,145.723,145.739,145.67114660052275
2025-05-12T04:00:00Z,145.73,145.94,145.716,145.926,6045.0,145.916,145.935,145.70512705378638
2025-05-12T05:00:00Z,145.927,146.13,145.891,146.014,8032.0,146.004,146.023,145.74631011328154
2025-05-12T06:00:00Z,146.014,146.17,145.872,146.121,13289.0,146.114,146.128,145.796268764844
2025-05-12T07:00:00Z,146.122,147.996,146.101,147.913,51687.0,147.904,147.922,146.07849959619813
2025-05-12T08:00:00Z,147.914,148.228,147.626,147.757,32322.0,147.749,147.765,146.30229965003838
2025-05-12T09:00:00Z,147.758,148.152,147.665,148.074,19353.0,148.068,148.08,146.5385263633666
2025-05-12T10:00:00Z,148.076,148.596,148.046,148.404,21451.0,148.396,148.413,146.78725618158438
2025-05-12T11:00:00Z,148.41,148.416,147.87,147.878,23211.0,147.871,147.886,146.93268869070647
2025-05-12T12:00:00Z,147.882,148.246,147.878,148.054,18370.0,148.045,148.063,147.08219686527895
2025-05-12T13:00:00Z,148.052,148.146,147.814,148.088,27071.0,148.081,148.096,147.21630394990842
2025-05-12T14:00:00Z,148.088,148.332,147.972,148.198,30336.0,148.19,148.206,147.3471967565873
2025-05-12T15:00:00Z,148.198,148.222,148.03,148.099,19043.0,148.093,148.105,147.44743718904232
2025-05-12T16:00:00Z,148.099,148.557,148.048,148.516,10909.0,148.507,148.524,147.58991223050333
2025-05-12T17:00:00Z,148.514,148.636,148.479,148.498,10474.0,148.492,148.504,147.71099059976956
2025-05-12T18:00:00Z,148.499,148.654,148.281,148.337,9088.0,148.329,148.345,147.7944585198003
2025-05-12T19:00:00Z,148.338,148.439,148.27,148.383,7816.0,148.375,148.391,147.87293071716024
2025-05-12T20:00:00Z,148.384,148.481,148.362,148.476,3563.0,148.457,148.496,147.9533399548722
2025-05-12T21:00:00Z,148.448,148.468,148.332,148.384,876.0,148.334,148.434,148.0107612942226
2025-05-12T22:00:00Z,148.38,148.448,148.336,148.372,3190.0,148.364,148.38,148.05892645499293
2025-05-12T23:00:00Z,148.371,148.46,148.192,148.26,6944.0,148.25,148.27,148.08573626099388
2025-05-13T00:00:00Z,148.255,148.258,147.793,147.812,16613.0,147.806,147.819,148.04923809286137
2025-05-13T01:00:00Z,147.811,148.034,147.759,147.839,14509.0,147.83,147.848,148.02120634714652
2025-05-13T02:00:00Z,147.838,147.994,147.764,147.959,8837.0,147.952,147.966,148.012912167527
2025-05-13T03:00:00Z,147.958,147.994,147.728,147.756,6690.0,147.749,147.762,147.97865721185673
2025-05-13T04:00:00Z,147.755,147.92,147.698,147.7,7257.0,147.692,147.708,147.9415029169425
2025-05-13T05:00:00Z,147.7,147.911,147.646,147.821,8936.0,147.812,147.83,147.9254358613502
2025-05-13T06:00:00Z,147.82,147.991,147.788,147.944,12628.0,147.936,147.951,147.92791107983683
2025-05-13T07:00:00Z,147.944,148.06,147.767,147.854,19002.0,147.847,147.86,147.91805626919194
2025-05-13T08:00:00Z,147.854,148.064,147.73,147.922,14340.0,147.912,147.931,147.91858209996636
2025-05-13T09:00:00Z,147.92,148.026,147.865,147.983,10092.0,147.977,147.989,147.9271711533042
2025-05-13T10:00:00Z,147.982,148.138,147.947,148.058,9786.0,148.05,148.067,147.9446149995303
2025-05-13T11:00:00Z,148.058,148.14,148.024,148.117,7110.0,148.108,148.126,147.9675996662596
2025-05-13T12:00:00Z,148.116,148.282,147.848,147.994,22100.0,147.985,148.002,147.9711197107583
2025-05-13T13:00:00Z,147.992,148.018,147.654,147.882,24633.0,147.874,147.891,147.9592370826572
2025-05-13T14:00:00Z,147.883,148.064,147.813,147.842,25229.0,147.835,147.848,147.94360547163626
2025-05-13T15:00:00Z,147.842,147.914,147.702,147.756,17598.0,147.75,147.763,147.91859140875144
2025-05-13T16:00:00Z,147.756,147.804,147.456,147.611,12278.0,147.604,147.618,147.8775792209179
2025-05-13T17:00:00Z,147.612,147.776,147.566,147.613,8375.0,147.605,147.621,147.8423019914622
2025-05-13T18:00:00Z,147.614,147.662,147.462,147.503,8158.0,147.496,147.51,147.7970617259339
2025-05-13T19:00:00Z,147.502,147.565,147.378,147.43,6644.0,147.422,147.438,147.74812016247606
2025-05-13T20:00:00Z,147.43,147.491,147.382,147.477,2729.0,147.461,147.493,147.71197080747925
2025-05-13T21:00:00Z,147.49,147.5,147.458,147.483,4262.0,147.433,147.533,147.681441366482
2025-05-13T22:00:00Z,147.488,147.495,147.304,147.353,2578.0,147.341,147.365,147.6376491842844
2025-05-13T23:00:00Z,147.348,147.55,147.346,147.528,5752.0,147.518,147.538,147.6230292930465
2025-05-14T00:00:00Z,147.528,147.67,147.28,147.37,12970.0,147.361,147.378,147.58929205397365
2025-05-14T01:00:00Z,147.368,147.416,147.004,147.207,14490.0,147.199,147.215,147.5383197801105
2025-05-14T02:00:00Z,147.206,147.304,147.116,147.195,10102.0,147.186,147.204,147.4925438094291
2025-05-14T03:00:00Z,147.193,147.24,147.048,147.088,7647.0,147.08,147.095,147.43860463483855
2025-05-14T04:00:00Z,147.086,147.162,146.881,146.946,8133.0,146.937,146.954,147.37292401686008
2025-05-14T05:00:00Z,146.945,147.074,146.842,147.069,8130.0,147.06,147.078,147.33240081461207
2025-05-14T06:00:00Z,147.07,147.218,146.962,147.156,12435.0,147.148,147.165,147.30888070599713
2025-05-14T07:00:00Z,147.157,147.216,146.924,146.978,17013.0,146.969,146.986,147.26476327853084
2025-05-14T08:00:00Z,146.978,146.986,146.13,146.252,29883.0,146.242,146.261,147.12972817472672
2025-05-14T09:00:00Z,146.252,146.354,145.605,145.884,25327.0,145.878,145.891,146.96363108476316
2025-05-14T10:00:00Z,145.884,146.077,145.788,145.924,13677.0,145.917,145.931,146.82501360679476
2025-05-14T11:00:00Z,145.924,146.207,145.923,146.18,13165.0,146.171,146.189,146.73901179255546
2025-05-14T12:00:00Z,146.18,146.4,146.007,146.194,18249.0,146.185,146.202,146.66634355354807
2025-05-14T13:00:00Z,146.194,146.394,145.764,146.0,24921.0,145.993,146.007,146.57749774640834
2025-05-14T14:00:00Z,146.0,146.353,145.994,146.314,24894.0,146.306,146.322,146.5423647135539
2025-05-14T15:00:00Z,146.314,146.654,146.258,146.553,19785.0,146.545,146.561,146.5437827517467
2025-05-14T16:00:00Z,146.554,147.126,146.464,146.696,20057.0,146.688,146.705,146.56407838484714
2025-05-14T17:00:00Z,146.697,146.734,146.441,146.581,12427.0,146.572,146.59,146.56633460020086
2025-05-14T18:00:00Z,146.58,146.803,146.551,146.726,9945.0,146.72,146.732,146.5876233201741
2025-05-14T19:00:00Z,146.724,146.9,146.72,146.822,9331.0,146.813,146.832,146.6188735441509
2025-05-14T20:00:00Z,146.82,146.892,146.734,146.744,4085.0,146.732,146.757,146.63555707159745
2025-05-14T21:00:00Z,146.719,146.719,146.626,146.634,1012.0,146.602,146.665,146.63534946205112
2025-05-14T22:00:00Z,146.623,146.695,146.569,146.617,3199.0,146.605,146.629,146.63290286711097
2025-05-14T23:00:00Z,146.616,146.664,146.426,146.642,7082.0,146.635,146.648,146.63411581816285
2025-05-15T00:00:00Z,146.642,146.756,146.166,146.217,13937.0,146.209,146.225,146.57850037574116
2025-05-15T01:00:00Z,146.216,146.334,146.076,146.286,14406.0,146.28,146.293,146.53950032564234
2025-05-15T02:00:00Z,146.286,146.382,146.194,146.227,9247.0,146.219,146.235,146.4978336155567
2025-05-15T03:00:00Z,146.226,146.286,145.95,146.094,9178.0,146.087,146.101,146.44398913348246
2025-05-15T04:00:00Z,146.093,146.173,145.981,146.092,7874.0,146.083,146.1,146.39705724901813
2025-05-15T05:00:00Z,146.092,146.144,145.937,145.984,10635.0,145.977,145.99,146.34198294914904
2025-05-15T06:00:00Z,145.982,146.094,145.482,145.54,16059.0,145.53,145.55,146.2350518892625
2025-05-15T07:00:00Z,145.54,145.944,145.528,145.886,17513.0,145.877,145.895,146.18851163736085
2025-05-15T08:00:00Z,145.886,145.994,145.642,145.749,13488.0,145.742,145.756,146.12991008571274
2025-05-15T09:00:00Z,145.748,145.952,145.73,145.936,11833.0,145.93,145.942,146.10405540761772
2025-05-15T10:00:00Z,145.936,145.982,145.83,145.973,9950.0,145.965,145.981,146.0865813532687
2025-05-15T11:00:00Z,145.972,146.103,145.907,146.085,12222.0,146.076,146.094,146.08637050616622
2025-05-15T12:00:00Z,146.084,146.258,145.634,145.8,23990.0,145.791,145.81,146.04818777201072
2025-05-15T13:00:00Z,145.799,145.93,145.577,145.8,27771.0,145.791,145.808,146.01509606907595
2025-05-15T14:00:00Z,145.8,146.043,145.414,145.862,24931.0,145.856,145.869,145.99468325986584
2025-05-15T15:00:00Z,145.862,145.92,145.612,145.62,17604.0,145.612,145.629,145.94472549188373
2025-05-15T16:00:00Z,145.62,145.721,145.534,145.624,10699.0,145.615,145.632,145.9019620929659
2025-05-15T17:00:00Z,145.624,145.771,145.561,145.755,7473.0,145.747,145.763,145.88236714723712
2025-05-15T18:00:00Z,145.756,145.758,145.614,145.688,5954.0,145.679,145.697,145.85645152760551
2025-05-15T19:00:00Z,145.688,145.728,145.544,145.624,6461.0,145.617,145.631,145.82545799059145
2025-05-15T20:00:00Z,145.624,145.699,145.574,145.696,2533.0,145.678,145.713,145.80819692517926
2025-05-15T21:00:00Z,145.691,145.744,145.589,145.606,1192.0,145.557,145.655,145.78123733515537
2025-05-15T22:00:00Z,145.605,145.675,145.444,145.472,3609.0,145.462,145.481,145.740005690468
2025-05-15T23:00:00Z,145.468,145.683,145.428,145.575,6188.0,145.565,145.585,145.71800493173893
2025-05-16T00:00:00Z,145.576,145.625,145.002,145.092,17218.0,145.083,145.102,145.63453760750707
2025-05-16T01:00:00Z,145.093,145.259,144.967,145.184,12014.0,145.176,145.192,145.57446592650612
2025-05-16T02:00:00Z,145.184,145.426,145.124,145.416,9125.0,145.406,145.425,145.55333713630532
2025-05-16T03:00:00Z,145.416,145.466,145.232,145.266,7268.0,145.258,145.273,145.51502551813127
2025-05-16T04:00:00Z,145.265,145.386,145.194,145.307,6499.0,145.298,145.316,145.48728878238043
2025-05-16T05:00:00Z,145.308,145.373,145.168,145.226,6521.0,145.217,145.235,145.45245027806305
2025-05-16T06:00:00Z,145.224,145.366,144.99,145.06,10506.0,145.051,145.069,145.40012357432133
2025-05-16T07:00:00Z,145.06,145.264,144.92,145.238,15635.0,145.229,145.246,145.37850709774514
2025-05-16T08:00:00Z,145.242,145.424,145.228,145.302,11268.0,145.293,145.31,145.36830615137913
2025-05-16T09:00:00Z,145.302,145.595,145.264,145.563,11538.0,145.554,145.572,145.39426533119524
2025-05-16T10:00:00Z,145.564,145.602,145.441,145.54,9828.0,145.534,145.546,145.41369662036922
2025-05-16T11:00:00Z,145.538,145.68,145.437,145.647,9917.0,145.638,145.656,145.44480373765333
2025-05-16T12:00:00Z,145.648,145.694,145.484,145.515,12985.0,145.507,145.523,145.45416323929956
2025-05-16T13:00:00Z,145.513,145.602,145.425,145.514,13499.0,145.5,145.527,145.46214147405962
2025-05-16T14:00:00Z,145.52,146.076,145.402,145.954,22533.0,145.948,145.961,145.52772261085167
2025-05-16T15:00:00Z,145.957,146.052,145.918,146.024,10706.0,146.017,146.031,145.59389292940477
2025-05-16T16:00:00Z,146.024,146.102,145.864,145.942,9497.0,145.933,145.951,145.64030720548413
2025-05-16T17:00:00Z,145.942,146.035,145.897,145.919,5729.0,145.911,145.927,145.67746624475294
2025-05-16T18:00:00Z,145.918,145.936,145.832,145.901,5165.0,145.893,145.909,145.70727074545255
2025-05-16T19:00:00Z,145.902,145.986,145.83,145.962,3805.0,145.953,145.97,145.74123464605887
2025-05-16T20:00:00Z,145.964,145.965,145.55,145.639,9987.0,145.633,145.645,145.7276033599177
2025-05-18T21:00:00Z,145.328,145.478,145.324,145.478,609.0,145.447,145.509,145.69432291192868
2025-05-18T22:00:00Z,145.477,145.478,145.01,145.168,8253.0,145.156,145.179,145.62414652367153
2025-05-18T23:00:00Z,145.162,145.452,145.128,145.236,8862.0,145.229,145.244,145.57239365384865
2025-05-19T00:00:00Z,145.238,145.34,144.842,144.908,20858.0,144.901,144.915,145.4838078333355
2025-05-19T01:00:00Z,144.908,145.184,144.806,145.139,16111.0,145.13,145.148,145.43783345555744
2025-05-19T02:00:00Z,145.138,145.304,145.052,145.228,12320.0,145.22,145.236,145.4098556614831
2025-05-19T03:00:00Z,145.228,145.294,145.119,145.243,8286.0,145.234,145.252,145.38760823995202
2025-05-19T04:00:00Z,145.244,145.346,145.222,145.316,7357.0,145.307,145.324,145.37806047462507
2025-05-19T05:00:00Z,145.315,145.318,145.152,145.172,8162.0,145.165,145.18,145.35058574467507
2025-05-19T06:00:00Z,145.172,145.216,144.986,144.992,14139.0,144.984,145.0,145.30277431205172
2025-05-19T07:00:00Z,144.992,145.1,144.662,144.852,20215.0,144.844,144.86,145.24267107044483
2025-05-19T08:00:00Z,144.852,145.031,144.828,144.882,14845.0,144.874,144.891,145.1945815943855
2025-05-19T09:00:00Z,144.88,144.974,144.754,144.828,14086.0,144.819,144.837,145.14570404846745
2025-05-19T10:00:00Z,144.824,144.884,144.704,144.804,11705.0,144.794,144.813,145.1001435086718
2025-05-19T11:00:00Z,144.802,145.044,144.78,144.9,11437.0,144.894,144.906,145.07345770751556
2025-05-19T12:00:00Z,144.898,145.025,144.861,145.022,14566.0,145.013,145.03,145.0665966798468
2025-05-19T13:00:00Z,145.022,145.131,144.861,144.988,23003.0,144.979,144.997,145.05611712253392
2025-05-19T14:00:00Z,144.988,145.22,144.832,144.9,21399.0,144.892,144.907,145.03530150619608
2025-05-19T15:00:00Z,144.9,145.018,144.786,144.99,13705.0,144.983,144.997,145.02926130536994
2025-05-19T16:00:00Z,144.991,145.092,144.957,144.984,9170.0,144.976,144.992,145.02322646465396
2025-05-19T17:00:00Z,144.982,145.112,144.928,145.042,7401.0,145.034,145.051,145.0257296027001
2025-05-19T18:00:00Z,145.04,145.092,144.954,144.973,6293.0,144.965,144.981,145.01869898900677
2025-05-19T19:00:00Z,144.976,144.988,144.8,144.852,4718.0,144.844,144.859,144.9964724571392
2025-05-19T20:00:00Z,144.852,144.894,144.776,144.854,3142.0,144.836,144.873,144.97747612952065
2025-05-19T21:00:00Z,144.866,144.904,144.83,144.882,788.0,144.844,144.919,144.9647459789179
2025-05-19T22:00:00Z,144.883,144.978,144.84,144.947,1787.0,144.938,144.956,144.96237984839553
2025-05-19T23:00:00Z,144.949,145.016,144.846,144.978,4665.0,144.97,144.987,144.96446253527614
2025-05-20T00:00:00Z,144.98,145.514,144.977,145.273,14926.0,145.265,145.281,145.00560086390598
2025-05-20T01:00:00Z,145.274,145.275,144.728,144.898,18859.0,144.889,144.907,144.99125408205185
2025-05-20T02:00:00Z,144.896,145.3,144.749,145.118,10212.0,145.109,145.127,145.00815353777827
2025-05-20T03:00:00Z,145.118,145.185,144.773,144.813,8676.0,144.804,144.822,144.9821330660745
2025-05-20T04:00:00Z,144.814,144.854,144.71,144.767,9682.0,144.759,144.775,144.95344865726457
2025-05-20T05:00:00Z,144.768,144.77,144.324,144.38,15615.0,144.372,144.389,144.87698883629596
2025-05-20T06:00:00Z,144.382,144.532,144.302,144.496,15921.0,144.488,144.505,144.82619032478985
2025-05-20T07:00:00Z,144.498,144.513,144.092,144.128,19745.0,144.119,144.136,144.73309828148453
2025-05-20T08:00:00Z,144.129,144.488,144.126,144.486,11956.0,144.478,144.495,144.70015184395325
2025-05-20T09:00:00Z,144.488,144.62,144.371,144.482,10529.0,144.473,144.491,144.67106493142614
2025-05-20T10:00:00Z,144.484,144.626,144.456,144.596,9410.0,144.59,144.602,144.66105627390266
2025-05-20T11:00:00Z,144.596,144.672,144.46,144.592,9830.0,144.583,144.601,144.65184877071565
2025-05-20T12:00:00Z,144.593,144.839,144.557,144.812,13380.0,144.803,144.821,144.67320226795357
2025-05-20T13:00:00Z,144.811,144.977,144.804,144.852,18586.0,144.843,144.86,144.69704196555978
2025-05-20T14:00:00Z,144.85,144.864,144.514,144.564,24250.0,144.557,144.572,144.67930303681848
2025-05-20T15:00:00Z,144.562,144.773,144.551,144.72,12544.0,144.712,144.728,144.68472929857603
2025-05-20T16:00:00Z,144.722,144.886,144.622,144.81,7963.0,144.803,144.817,144.7014320587659
2025-05-20T17:00:00Z,144.808,144.888,144.63,144.642,6899.0,144.634,144.65,144.69350778426377
2025-05-20T18:00:00Z,144.64,144.697,144.506,144.549,6807.0,144.541,144.557,144.67424007969527
2025-05-20T19:00:00Z,144.55,144.552,144.432,144.547,4923.0,144.539,144.555,144.6572747357359
2025-05-20T20:00:00Z,144.546,144.572,144.456,144.508,3875.0,144.494,144.521,144.6373714376378
2025-05-20T21:00:00Z,144.529,144.611,144.435,144.492,763.0,144.476,144.507,144.6179885792861
2025-05-20T22:00:00Z,144.491,144.494,144.166,144.429,7228.0,144.418,144.44,144.59279010204796
2025-05-20T23:00:00Z,144.423,144.444,144.299,144.322,5513.0,144.315,144.329,144.55668475510822
2025-05-21T00:00:00Z,144.322,144.35,144.128,144.176,15558.0,144.166,144.185,144.50592678776047
2025-05-21T01:00:00Z,144.174,144.355,144.047,144.212,13060.0,144.203,144.22,144.4667365493924
2025-05-21T02:00:00Z,144.211,144.24,143.849,143.866,12896.0,143.858,143.874,144.38663834280675
2025-05-21T03:00:00Z,143.863,143.978,143.726,143.792,8302.0,143.785,143.798,144.3073532304325
2025-05-21T04:00:00Z,143.792,143.878,143.642,143.748,7315.0,143.74,143.756,144.2327727997082
2025-05-21T05:00:00Z,143.75,143.779,143.532,143.574,8450.0,143.564,143.583,144.14493642641378
2025-05-21T06:00:00Z,143.575,143.798,143.46,143.71,19185.0,143.702,143.717,144.08694490289196
2025-05-21T07:00:00Z,143.711,143.967,143.681,143.904,18682.0,143.896,143.913,144.06255224917302
2025-05-21T08:00:00Z,143.903,144.196,143.834,144.12,13979.0,144.111,144.128,144.0702119492833
2025-05-21T09:00:00Z,144.116,144.184,143.977,143.984,12024.0,143.976,143.992,144.0587170227122
2025-05-21T10:00:00Z,143.982,144.022,143.468,143.667,17159.0,143.658,143.676,144.00648808635057
2025-05-21T11:00:00Z,143.666,143.854,143.554,143.75,14150.0,143.742,143.758,143.97228967483716
2025-05-21T12:00:00Z,143.747,143.863,143.624,143.69,18742.0,143.682,143.699,143.93465105152555
2025-05-21T13:00:00Z,143.689,143.892,143.595,143.716,21027.0,143.708,143.724,143.90549757798883
2025-05-21T14:00:00Z,143.716,143.896,143.558,143.671,22233.0,143.663,143.679,143.874231234257
2025-05-21T15:00:00Z,143.67,143.782,143.602,143.685,16689.0,143.678,143.692,143.84900040302273
2025-05-21T16:00:00Z,143.684,143.77,143.624,143.65,8028.0,143.642,143.659,143.82246701595304
2025-05-21T17:00:00Z,143.652,143.689,143.282,143.49,22675.0,143.482,143.499,143.77813808049262
2025-05-21T18:00:00Z,143.49,143.672,143.451,143.638,15048.0,143.631,143.644,143.7594530030936
2025-05-21T19:00:00Z,143.638,143.699,143.556,143.687,11518.0,143.679,143.695,143.7497926026811
2025-05-21T20:00:00Z,143.688,143.768,143.634,143.66,4876.0,143.649,143.67,143.73782025565697
2025-05-21T21:00:00Z,143.631,143.706,143.57,143.684,2031.0,143.659,143.709,143.73064422156938
2025-05-21T22:00:00Z,143.678,144.416,143.666,144.105,10868.0,144.096,144.114,143.78055832536012
2025-05-21T23:00:00Z,144.104,144.155,143.653,143.694,9392.0,143.685,143.704,143.76901721531212
2025-05-22T00:00:00Z,143.697,143.73,143.283,143.47,24741.0,143.461,143.48,143.7291482532705
2025-05-22T01:00:00Z,143.474,143.648,143.197,143.352,16085.0,143.342,143.362,143.6788618195011
2025-05-22T02:00:00Z,143.353,143.468,143.142,143.192,11520.0,143.183,143.202,143.6139469102343
2025-05-22T03:00:00Z,143.19,143.364,143.179,143.318,7885.0,143.311,143.325,143.57448732220305
2025-05-22T04:00:00Z,143.318,143.394,143.256,143.3,7517.0,143.291,143.31,143.537889012576
2025-05-22T05:00:00Z,143.3,143.44,143.242,143.368,8243.0,143.359,143.378,143.51523714423251
2025-05-22T06:00:00Z,143.366,143.395,143.104,143.33,16313.0,143.323,143.338,143.49053885833484
2025-05-22T07:00:00Z,143.33,143.396,143.003,143.054,20544.0,143.048,143.061,143.43233367722354
2025-05-22T08:00:00Z,143.056,143.39,142.802,143.278,19133.0,143.271,143.284,143.41175585359375
2025-05-22T09:00:00Z,143.278,143.558,143.254,143.48,12985.0,143.471,143.488,143.42085507311458
2025-05-22T10:00:00Z,143.48,143.697,143.408,143.656,11457.0,143.647,143.665,143.45220773003265
2025-05-22T11:00:00Z,143.655,143.784,143.335,143.364,15605.0,143.358,143.371,143.44044669936164
2025-05-22T12:00:00Z,143.362,143.698,143.274,143.554,23027.0,143.546,143.563,143.45558713944675
2025-05-22T13:00:00Z,143.553,143.904,143.433,143.886,26381.0,143.873,143.898,143.51297552085384
2025-05-22T14:00:00Z,143.886,143.968,143.682,143.762,26962.0,143.755,143.768,143.54617878474
2025-05-22T15:00:00Z,143.76,144.052,143.758,143.896,20306.0,143.889,143.903,143.59282161344132
2025-05-22T16:00:00Z,143.896,144.118,143.865,144.02,13158.0,144.011,144.029,143.64977873164915
2025-05-22T17:00:00Z,144.019,144.331,144.002,144.222,10480.0,144.214,144.231,143.7260749007626
2025-05-22T18:00:00Z,144.222,144.276,144.091,144.152,7429.0,144.144,144.16,143.78286491399425
2025-05-22T19:00:00Z,144.154,144.155,143.926,144.002,6197.0,143.994,144.009,143.81208292546168
2025-05-22T20:00:00Z,144.0,144.026,143.904,144.011,3706.0,143.996,144.026,143.8386052020668
2025-05-22T21:00:00Z,144.058,144.104,144.034,144.073,706.0,144.023,144.123,143.86985784179123
2025-05-22T22:00:00Z,144.102,144.106,143.812,143.816,3937.0,143.806,143.827,143.86267679621906
2025-05-22T23:00:00Z,143.816,143.922,143.762,143.86,5364.0,143.853,143.868,143.86231989005654
2025-05-23T00:00:00Z,143.862,144.018,143.75,143.864,16432.0,143.855,143.873,143.86254390471566
2025-05-23T01:00:00Z,143.861,143.97,143.583,143.6,15204.0,143.591,143.608,143.8275380507536
2025-05-23T02:00:00Z,143.6,143.658,143.542,143.55,6692.0,143.543,143.558,143.79053297731977
2025-05-23T03:00:00Z,143.55,143.552,143.417,143.438,5659.0,143.429,143.446,143.7435285803438
2025-05-23T04:00:00Z,143.44,143.49,143.361,143.472,5360.0,143.465,143.479,143.7073247696313
2025-05-23T05:00:00Z,143.47,143.587,143.41,143.431,6389.0,143.425,143.437,143.6704814670138
2025-05-23T06:00:00Z,143.43,143.567,143.336,143.432,11533.0,143.425,143.44,143.63868393807863
2025-05-23T07:00:00Z,143.433,143.471,143.232,143.31,12969.0,143.301,143.318,143.59485941300147
2025-05-23T08:00:00Z,143.31,143.422,143.282,143.315,10718.0,143.307,143.323,143.55754482460128
2025-05-23T09:00:00Z,143.316,143.34,143.144,143.31,10989.0,143.303,143.318,143.52453884798777
2025-05-23T10:00:00Z,143.31,143.396,143.274,143.372,9762.0,143.366,143.379,143.50420033492273
2025-05-23T11:00:00Z,143.372,143.434,142.508,142.63,39293.0,142.623,142.637,143.38764029026638
2025-05-23T12:00:00Z,142.631,142.826,142.454,142.61,39938.0,142.602,142.619,143.28395491823088
2025-05-23T13:00:00Z,142.61,142.898,142.526,142.807,27258.0,142.798,142.816,143.22036092913342
2025-05-23T14:00:00Z,142.808,142.888,142.523,142.664,24097.0,142.656,142.672,143.14617947191564
2025-05-23T15:00:00Z,142.666,142.836,142.546,142.617,19018.0,142.609,142.625,143.07562220899356
2025-05-23T16:00:00Z,142.618,142.788,142.615,142.644,12151.0,142.638,142.65,143.01807258112777
2025-05-23T17:00:00Z,142.642,142.736,142.526,142.598,8027.0,142.59,142.605,142.96206290364407
2025-05-23T18:00:00Z,142.596,142.624,142.422,142.523,9220.0,142.514,142.532,142.9035211831582
2025-05-23T19:00:00Z,142.522,142.557,142.461,142.5,5161.0,142.491,142.51,142.8497183587371
2025-05-23T20:00:00Z,142.504,142.59,142.487,142.558,3737.0,142.536,142.581,142.81082257757217
2025-05-25T21:00:00Z,142.51,142.58,142.461,142.512,735.0,142.462,142.562,142.7709795672292
2025-05-25T22:00:00Z,142.523,143.086,142.502,142.79,10370.0,142.78,142.799,142.77351562493197
2025-05-25T23:00:00Z,142.784,142.937,142.753,142.828,7503.0,142.82,142.837,142.7807802082744
2025-05-26T00:00:00Z,142.822,142.883,142.536,142.566,14803.0,142.559,142.573,142.75214284717114
2025-05-26T01:00:00Z,142.566,142.686,142.296,142.369,14031.0,142.362,142.376,142.701057134215
2025-05-26T02:00:00Z,142.37,142.397,142.226,142.344,10146.0,142.336,142.351,142.65344951631968
2025-05-26T03:00:00Z,142.343,142.57,142.339,142.456,7542.0,142.448,142.465,142.6271229141437
2025-05-26T04:00:00Z,142.457,142.67,142.457,142.566,7104.0,142.56,142.572,142.6189731922579
2025-05-26T05:00:00Z,142.565,142.756,142.474,142.521,9208.0,142.511,142.531,142.60591009995684
2025-05-26T06:00:00Z,142.52,142.809,142.504,142.756,12370.0,142.747,142.764,142.62592208662926
2025-05-26T07:00:00Z,142.759,142.918,142.704,142.9,13651.0,142.891,142.908,142.66246580841204
2025-05-26T08:00:00Z,142.896,142.924,142.756,142.894,7496.0,142.887,142.902,142.6933370339571
2025-05-26T09:00:00Z,142.893,142.991,142.862,142.874,7008.0,142.865,142.884,142.71742542942948
2025-05-26T10:00:00Z,142.875,142.958,142.83,142.862,5634.0,142.853,142.871,142.7367020388389
2025-05-26T11:00:00Z,142.86,142.974,142.821,142.932,5370.0,142.924,142.94,142.7627417669937
2025-05-26T12:00:00Z,142.932,143.034,142.87,142.978,6666.0,142.97,142.985,142.79144286472788
2025-05-26T13:00:00Z,142.978,142.992,142.827,142.838,5146.0,142.829,142.846,142.79765048276417
2025-05-26T14:00:00Z,142.837,142.862,142.75,142.782,6407.0,142.776,142.789,142.79556375172896
2025-05-26T15:00:00Z,142.781,142.862,142.764,142.85,3576.0,142.843,142.857,142.8028219181651
2025-05-26T16:00:00Z,142.85,142.877,142.726,142.728,2774.0,142.719,142.736,142.79284566240977
2025-05-26T17:00:00Z,142.728,142.792,142.711,142.772,1106.0,142.763,142.78,142.79006624075515
2025-05-26T18:00:00Z,142.772,142.776,142.754,142.76,643.0,142.754,142.767,142.78605740865447
2025-05-26T19:00:00Z,142.761,142.783,142.742,142.775,747.0,142.769,142.781,142.78458308750055
2025-05-26T20:00:00Z,142.774,142.842,142.763,142.842,1069.0,142.829,142.854,142.7922386758338
2025-05-26T21:00:00Z,142.851,142.987,142.746,142.758,670.0,142.732,142.785,142.78767351905597
2025-05-26T22:00:00Z,142.758,142.777,142.639,142.686,2534.0,142.676,142.696,142.7741170498485
2025-05-26T23:00:00Z,142.686,142.75,142.616,142.632,4306.0,142.623,142.64,142.75516810986872
2025-05-27T00:00:00Z,142.628,142.628,142.247,142.28,12600.0,142.272,142.288,142.69181236188624
2025-05-27T01:00:00Z,142.278,142.388,142.111,142.285,11251.0,142.276,142.294,142.63757071363474
2025-05-27T02:00:00Z,142.286,142.411,142.162,142.389,7363.0,142.383,142.395,142.60442795181677
2025-05-27T03:00:00Z,142.388,142.462,142.355,142.448,6357.0,142.44,142.457,142.58357089157454
2025-05-27T04:00:00Z,142.449,142.864,142.384,142.856,9368.0,142.849,142.864,142.61989477269793
2025-05-27T05:00:00Z,142.857,143.44,142.857,143.26,16997.0,143.252,143.268,142.7052421363382
2025-05-27T06:00:00Z,143.261,143.49,142.978,143.466,18101.0,143.46,143.472,142.80667651815978
2025-05-27T07:00:00Z,143.467,143.87,143.331,143.742,19452.0,143.734,143.75,142.93138631573848
2025-05-27T08:00:00Z,143.742,143.889,143.62,143.87,14672.0,143.863,143.877,143.05653480697336
2025-05-27T09:00:00Z,143.871,144.048,143.804,143.914,14294.0,143.908,143.921,143.1708634993769
2025-05-27T10:00:00Z,143.914,144.182,143.898,144.146,12561.0,144.14,144.152,143.30088169945998
2025-05-27T11:00:00Z,144.144,144.151,144.01,144.096,11866.0,144.089,144.104,143.40689747286532
2025-05-27T12:00:00Z,144.096,144.192,144.01,144.024,15334.0,144.017,144.032,143.48917780981662
2025-05-27T13:00:00Z,144.025,144.186,143.876,144.172,19001.0,144.161,144.183,143.58022076850776
2025-05-27T14:00:00Z,144.173,144.465,144.172,144.392,23168.0,144.385,144.4,143.68845799937338
2025-05-27T15:00:00Z,144.394,144.418,144.225,144.382,13486.0,144.375,144.389,143.7809302661236
2025-05-27T16:00:00Z,144.383,144.44,144.292,144.378,8559.0,144.369,144.386,143.8605395639738
2025-05-27T17:00:00Z,144.375,144.375,144.28,144.317,5917.0,144.311,144.323,143.92140095544394
2025-05-27T18:00:00Z,144.318,144.34,144.246,144.26,5003.0,144.253,144.267,143.9665474947181
2025-05-27T19:00:00Z,144.26,144.338,144.24,144.328,4532.0,144.32,144.337,144.01474116208902
2025-05-27T20:00:00Z,144.328,144.413,144.308,144.351,3215.0,144.34,144.362,144.05957567381049
2025-05-27T21:00:00Z,144.332,144.38,144.27,144.272,673.0,144.249,144.294,144.08789891730243
2025-05-27T22:00:00Z,144.275,144.301,144.172,144.181,2531.0,144.172,144.19,144.10031239499543
2025-05-27T23:00:00Z,144.182,144.314,144.132,144.138,4786.0,144.129,144.147,144.10533740899604
2025-05-28T00:00:00Z,144.136,144.14,143.851,144.128,12711.0,144.119,144.138,144.10835908779657
2025-05-28T01:00:00Z,144.13,144.772,144.088,144.345,20925.0,144.336,144.354,144.1399112094237
2025-05-28T02:00:00Z,144.344,144.642,144.211,144.594,16668.0,144.586,144.603,144.20045638150054
2025-05-28T03:00:00Z,144.592,144.769,144.299,144.362,13862.0,144.352,144.371,144.22199553063382
2025-05-28T04:00:00Z,144.364,144.508,144.276,144.428,10715.0,144.42,144.436,144.24946279321597
2025-05-28T05:00:00Z,144.428,144.775,144.254,144.28,13312.0,144.273,144.288,144.2535344207872
2025-05-28T06:00:00Z,144.282,144.53,144.224,144.53,17365.0,144.522,144.537,144.29039649801558
2025-05-28T07:00:00Z,144.528,144.544,144.072,144.152,17982.0,144.143,144.16,144.2719436316135
2025-05-28T08:00:00Z,144.148,144.206,143.992,144.042,12366.0,144.034,144.05,144.2412844807317
2025-05-28T09:00:00Z,144.042,144.258,144.0,144.226,11571.0,144.219,144.233,144.23924654996748
2025-05-28T10:00:00Z,144.227,144.311,144.08,144.277,8879.0,144.269,144.285,144.24428034330515
2025-05-28T11:00:00Z,144.278,144.433,144.196,144.424,9601.0,144.416,144.432,144.2682429641978
2025-05-28T12:00:00Z,144.425,144.539,144.31,144.514,12882.0,144.507,144.522,144.30101056897144
2025-05-28T13:00:00Z,144.514,144.974,144.514,144.893,20462.0,144.887,144.899,144.3799424931086
2025-05-28T14:00:00Z,144.894,144.92,144.515,144.85,21283.0,144.843,144.856,144.44261682736078
2025-05-28T15:00:00Z,144.85,145.08,144.824,145.049,13465.0,145.041,145.057,144.52346791704602
2025-05-28T16:00:00Z,145.048,145.053,144.912,144.918,7765.0,144.91,144.926,144.57607219477322
2025-05-28T17:00:00Z,144.916,144.944,144.826,144.89,7591.0,144.878,144.903,144.61792923547011
2025-05-28T18:00:00Z,144.887,145.014,144.756,144.836,9130.0,144.829,144.844,144.64700533740745
2025-05-28T19:00:00Z,144.838,144.926,144.809,144.906,7186.0,144.897,144.914,144.68153795908646
2025-05-28T20:00:00Z,144.907,144.91,144.818,144.87,6045.0,144.854,144.887,144.70666623120826
2025-05-28T21:00:00Z,144.81,144.816,144.752,144.805,746.0,144.772,144.838,144.7197774003805
2025-05-28T22:00:00Z,144.803,144.939,144.78,144.904,4762.0,144.893,144.914,144.7443404136631
2025-05-28T23:00:00Z,144.899,146.028,144.894,145.72,29658.0,145.713,145.728,144.87442835850803
2025-05-29T00:00:00Z,145.721,146.104,145.604,146.1,32403.0,146.091,146.11,145.03783791070697
2025-05-29T01:00:00Z,146.1,146.29,145.738,145.78,20973.0,145.77,145.789,145.13679285594606
2025-05-29T02:00:00Z,145.779,145.908,145.601,145.792,13013.0,145.783,145.801,145.2241538084866
2025-05-29T03:00:00Z,145.79,145.818,145.622,145.742,9762.0,145.734,145.751,145.29319996735504
2025-05-29T04:00:00Z,145.742,145.85,145.666,145.75,7572.0,145.743,145.756,145.35410663837436
2025-05-29T05:00:00Z,145.749,146.096,145.7,145.941,10966.0,145.933,145.949,145.4323590865911
2025-05-29T06:00:00Z,145.94,146.02,145.478,145.582,18926.0,145.574,145.589,145.45231120837897
2025-05-29T07:00:00Z,145.581,145.611,145.202,145.261,18003.0,145.253,145.269,145.42680304726179
2025-05-29T08:00:00Z,145.264,145.364,145.14,145.271,14217.0,145.262,145.28,145.40602930762688
2025-05-29T09:00:00Z,145.272,145.292,145.028,145.222,11409.0,145.214,145.231,145.38149206660998
2025-05-29T10:00:00Z,145.223,145.234,144.93,145.018,11479.0,145.009,145.026,145.33302645772866
2025-05-29T11:00:00Z,145.02,145.116,144.88,145.084,13465.0,145.077,145.091,145.29982293003152
2025-05-29T12:00:00Z,145.086,145.086,144.41,144.435,28931.0,144.429,144.441,145.18451320602733
2025-05-29T13:00:00Z,144.434,144.545,144.268,144.364,23802.0,144.357,144.372,145.07511144522368
2025-05-29T14:00:00Z,144.362,144.467,144.152,144.404,24391.0,144.398,144.41,144.98562991919385
2025-05-29T15:00:00Z,144.403,144.417,144.056,144.098,17456.0,144.091,144.106,144.86727926330136
2025-05-29T16:00:00Z,144.098,144.176,144.047,144.148,10944.0,144.139,144.156,144.77137536152784
2025-05-29T17:00:00Z,144.146,144.258,143.982,144.05,10134.0,144.042,144.059,144.6751919799908
2025-05-29T18:00:00Z,144.048,144.074,143.962,144.003,8022.0,143.995,144.011,144.5855663826587
2025-05-29T19:00:00Z,144.004,144.148,143.981,144.136,7967.0,144.127,144.146,144.5256241983042
2025-05-29T20:00:00Z,144.136,144.248,144.106,144.186,4071.0,144.168,144.205,144.48034097186365
2025-05-29T21:00:00Z,144.194,144.229,144.117,144.136,965.0,144.106,144.167,144.43442884228185
2025-05-29T22:00:00Z,144.15,144.165,143.87,144.018,3972.0,144.008,144.028,144.37890499664428
2025-05-29T23:00:00Z,144.017,144.094,143.746,143.756,8314.0,143.747,143.764,144.29585099709172
2025-05-30T00:00:00Z,143.755,144.039,143.588,143.774,18332.0,143.765,143.783,144.22627086414616
2025-05-30T01:00:00Z,143.774,143.946,143.441,143.908,18678.0,143.9,143.917,144.18383474892667
2025-05-30T02:00:00Z,143.91,143.996,143.826,143.928,12442.0,143.92,143.937,144.1497234490698
2025-05-30T03:00:00Z,143.924,143.989,143.833,143.859,8977.0,143.851,143.867,144.11096032252715
2025-05-30T04:00:00Z,143.858,143.864,143.696,143.778,9179.0,143.77,143.787,144.06656561285686
2025-05-30T05:00:00Z,143.778,143.968,143.714,143.828,10585.0,143.819,143.836,144.03475686447595
2025-05-30T06:00:00Z,143.829,144.142,143.764,143.856,15479.0,143.847,143.865,144.01092261587917
2025-05-30T07:00:00Z,143.854,144.162,143.834,144.029,18106.0,144.021,144.037,144.01333293376194
2025-05-30T08:00:00Z,144.032,144.124,143.902,144.056,16641.0,144.049,144.062,144.01902187592702
2025-05-30T09:00:00Z,144.055,144.228,144.004,144.044,13245.0,144.037,144.051,144.0223522924701
2025-05-30T10:00:00Z,144.045,144.059,143.788,143.932,11772.0,143.925,143.939,144.01030532014073
2025-05-30T11:00:00Z,143.934,144.036,143.817,143.852,11286.0,143.844,143.86,143.98919794412197
2025-05-30T12:00:00Z,143.852,143.866,143.472,143.727,31345.0,143.719,143.735,143.95423821823906
2025-05-30T13:00:00Z,143.726,144.142,143.713,144.009,22446.0,143.996,144.022,143.96153978914052
2025-05-30T14:00:00Z,144.008,144.447,143.809,144.268,29556.0,144.261,144.275,144.00240115058844
2025-05-30T15:00:00Z,144.268,144.336,144.078,144.185,20970.0,144.177,144.193,144.0267476638433
2025-05-30T16:00:00Z,144.184,144.19,143.888,143.899,13274.0,143.892,143.906,144.00971464199753
2025-05-30T17:00:00Z,143.9,143.954,143.794,143.876,10096.0,143.869,143.884,143.99188602306452
2025-05-30T18:00:00Z,143.877,143.944,143.835,143.89,8321.0,143.881,143.898,143.97830121998925
2025-05-30T19:00:00Z,143.888,144.008,143.872,143.879,6306.0,143.871,143.887,143.96506105732402
2025-05-30T20:00:00Z,143.876,144.096,143.866,144.06,4274.0,144.01,144.109,143.97771958301416
2025-06-01T21:00:00Z,143.862,143.945,143.808,143.834,371.0,143.784,143.884,143.95855697194563
2025-06-01T22:00:00Z,143.84,143.989,143.799,143.844,4355.0,143.837,143.852,143.94328270901954
2025-06-01T23:00:00Z,143.844,143.869,143.73,143.796,7218.0,143.785,143.806,143.9236450144836
2025-06-02T00:00:00Z,143.796,143.804,143.526,143.539,14462.0,143.53,143.548,143.87235901255247
2025-06-02T01:00:00Z,143.54,143.597,143.328,143.464,14654.0,143.458,143.47,143.81791114421213
2025-06-02T02:00:00Z,143.465,143.601,143.416,143.528,9682.0,143.52,143.537,143.77925632498386
2025-06-02T03:00:00Z,143.528,143.644,143.51,143.521,7982.0,143.514,143.528,143.74482214831934
2025-06-02T04:00:00Z,143.52,143.616,143.51,143.542,8733.0,143.534,143.549,143.7177791952101
2025-06-02T05:00:00Z,143.541,143.564,143.306,143.35,10206.0,143.343,143.358,143.6687419691821
2025-06-02T06:00:00Z,143.35,143.381,143.136,143.228,12730.0,143.22,143.236,143.60997637329115
2025-06-02T07:00:00Z,143.226,143.284,142.826,142.906,16733.0,142.9,142.913,143.51611285685232
2025-06-02T08:00:00Z,142.906,142.955,142.794,142.931,15630.0,142.925,142.937,143.43809780927202
2025-06-02T09:00:00Z,142.93,142.94,142.78,142.939,13996.0,142.932,142.946,143.3715514347024
2025-06-02T10:00:00Z,142.938,142.978,142.754,142.81,12184.0,142.804,142.817,143.29667791007543
2025-06-02T11:00:00Z,142.81,142.858,142.622,142.76,11995.0,142.753,142.767,143.2251208553987
2025-06-02T12:00:00Z,142.761,142.899,142.686,142.831,12354.0,142.822,142.84,143.1725714080122
2025-06-02T13:00:00Z,142.832,143.076,142.826,142.903,19875.0,142.89,142.916,143.1366285536106
2025-06-02T14:00:00Z,142.866,142.866,142.539,142.672,29165.0,142.666,142.679,143.07467807979586
2025-06-02T15:00:00Z,142.674,142.848,142.63,142.776,19635.0,142.768,142.784,143.03485433582307
2025-06-02T16:00:00Z,142.776,142.996,142.76,142.936,11311.0,142.928,142.945,143.02167375771333
2025-06-02T17:00:00Z,142.934,143.0,142.874,142.96,9093.0,142.953,142.968,143.01345059001824
2025-06-02T18:00:00Z,142.962,143.004,142.81,142.815,10360.0,142.808,142.822,142.98699051134915
2025-06-02T19:00:00Z,142.816,142.858,142.668,142.708,6769.0,142.702,142.715,142.9497917765026
2025-06-02T20:00:00Z,142.708,142.746,142.68,142.698,4166.0,142.687,142.71,142.9162195396356
2025-06-02T21:00:00Z,142.736,142.741,142.662,142.678,4042.0,142.662,142.694,142.88445693435085
2025-06-02T22:00:00Z,142.668,142.708,142.525,142.534,2338.0,142.525,142.544,142.8377293431041
2025-06-02T23:00:00Z,142.533,142.589,142.379,142.428,6186.0,142.421,142.436,142.78309876402355
2025-06-03T00:00:00Z,142.429,142.792,142.423,142.706,12119.0,142.698,142.715,142.7728189288204
2025-06-03T01:00:00Z,142.706,143.232,142.705,143.129,14507.0,143.121,143.137,142.82030973831104
2025-06-03T02:00:00Z,143.13,143.256,143.01,143.102,9455.0,143.094,143.109,142.85786843986958
2025-06-03T03:00:00Z,143.102,143.272,143.023,143.162,8931.0,143.152,143.171,142.89841931455365
2025-06-03T04:00:00Z,143.162,143.218,142.905,142.946,7778.0,142.939,142.954,142.9047634059465
2025-06-03T05:00:00Z,142.946,143.129,142.872,142.954,9430.0,142.947,142.962,142.91132828515364
2025-06-03T06:00:00Z,142.952,143.098,142.852,142.89,11842.0,142.882,142.897,142.90848451379983
2025-06-03T07:00:00Z,142.889,142.979,142.61,142.832,16243.0,142.823,142.84,142.89828657862654
2025-06-03T08:00:00Z,142.831,142.906,142.676,142.801,12782.0,142.793,142.809,142.88531503480968
2025-06-03T09:00:00Z,142.8,142.936,142.77,142.859,10576.0,142.852,142.866,142.88180636350174
2025-06-03T10:00:00Z,142.858,143.083,142.838,143.059,9222.0,143.052,143.066,142.9054321817015
2025-06-03T11:00:00Z,143.06,143.164,143.048,143.084,10658.0,143.075,143.093,142.92924122414132
2025-06-03T12:00:00Z,143.082,143.448,143.052,143.422,12351.0,143.414,143.429,142.99494239425582
2025-06-03T13:00:00Z,143.42,143.618,143.328,143.548,17196.0,143.532,143.564,143.06868340835504
2025-06-03T14:00:00Z,143.548,143.942,143.548,143.772,26435.0,143.765,143.78,143.1624589539077
2025-06-03T15:00:00Z,143.774,143.994,143.72,143.943,15534.0,143.935,143.951,143.26653109338667
2025-06-03T16:00:00Z,143.942,144.115,143.878,143.981,8542.0,143.974,143.988,143.36179361426846
2025-06-03T17:00:00Z,143.983,144.033,143.841,143.85,6691.0,143.841,143.858,143.42688779903267
2025-06-03T18:00:00Z,143.848,143.944,143.842,143.911,6712.0,143.905,143.917,143.49143609249498
2025-06-03T19:00:00Z,143.91,144.109,143.9,144.074,5235.0,144.068,144.08,143.56911128016233
2025-06-03T20:00:00Z,144.074,144.081,143.952,143.994,3029.0,143.956,144.032,143.62576310947404
2025-06-03T21:00:00Z,143.992,144.064,143.833,143.963,653.0,143.927,143.999,143.67072802821085
2025-06-03T22:00:00Z,143.96,144.046,143.909,143.966,2229.0,143.956,143.975,143.71009762444942
2025-06-03T23:00:00Z,143.963,144.038,143.804,143.821,5880.0,143.814,143.828,143.72488460785615
2025-06-04T00:00:00Z,143.82,144.031,143.774,143.994,15371.0,143.985,144.004,143.760766660142
2025-06-04T01:00:00Z,143.994,144.3,143.672,143.759,16586.0,143.751,143.767,143.7605311054564
2025-06-04T02:00:00Z,143.76,143.98,143.706,143.926,8807.0,143.918,143.935,143.7825936247289
2025-06-04T03:00:00Z,143.928,144.108,143.834,144.062,7788.0,144.054,144.071,143.8198478080984
2025-06-04T04:00:00Z,144.061,144.284,143.984,144.257,8716.0,144.249,144.265,143.8781347670186
2025-06-04T05:00:00Z,144.256,144.396,144.134,144.214,10038.0,144.205,144.223,143.92291679808278
2025-06-04T06:00:00Z,144.212,144.317,143.888,143.975,14867.0,143.968,143.982,143.92986122500508
2025-06-04T07:00:00Z,143.976,144.097,143.795,144.086,12645.0,144.077,144.095,143.95067972833775
2025-06-04T08:00:00Z,144.088,144.184,143.848,143.892,10687.0,143.885,143.898,143.9428557645594
2025-06-04T09:00:00Z,143.894,144.109,143.851,144.096,10149.0,144.088,144.105,143.96327499595148
2025-06-04T10:00:00Z,144.096,144.314,144.052,144.249,11567.0,144.242,144.256,144.00137166315795
2025-06-04T11:00:00Z,144.25,144.316,144.143,144.274,8516.0,144.266,144.281,144.03772210807023
2025-06-04T12:00:00Z,144.274,144.276,143.506,143.556,24573.0,143.548,143.565,143.97349249366087
2025-06-04T13:00:00Z,143.556,143.836,143.514,143.697,18386.0,143.679,143.715,143.93662682783943
2025-06-04T14:00:00Z,143.675,143.675,142.992,143.136,29202.0,143.129,143.142,143.8298765841275
2025-06-04T15:00:00Z,143.138,143.234,142.916,142.921,16667.0,142.914,142.928,143.70869303957718
2025-06-04T16:00:00Z,142.918,142.921,142.604,142.641,11212.0,142.634,142.648,143.56633396763357
2025-06-04T17:00:00Z,142.64,142.788,142.631,142.776,6907.0,142.77,142.782,143.46095610528243
2025-06-04T18:00:00Z,142.776,142.837,142.714,142.809,6622.0,142.802,142.816,143.3740286245781
2025-06-04T19:00:00Z,142.81,142.929,142.788,142.884,4601.0,142.877,142.892,143.30869147463434
2025-06-04T20:00:00Z,142.886,142.9,142.71,142.766,3647.0,142.749,142.782,143.23633261134978
2025-06-04T21:00:00Z,142.726,142.83,142.712,142.773,706.0,142.74,142.806,143.1745549298365
2025-06-04T22:00:00Z,142.771,142.834,142.732,142.774,2416.0,142.764,142.785,143.12114760585828
2025-06-04T23:00:00Z,142.772,142.835,142.533,142.727,6694.0,142.718,142.736,143.06859459174385
2025-06-05T00:00:00Z,142.728,142.854,142.612,142.666,17545.0,142.658,142.675,143.01491531284466
2025-06-05T01:00:00Z,142.666,142.976,142.571,142.922,14345.0,142.913,142.931,143.00252660446537
2025-06-05T02:00:00Z,142.924,142.978,142.816,142.894,9790.0,142.886,142.902,142.98805639053666
2025-06-05T03:00:00Z,142.894,143.03,142.706,142.994,11630.0,142.986,143.003,142.98884887179844
2025-06-05T04:00:00Z,142.999,143.078,142.901,143.033,10728.0,143.023,143.043,142.99473568889198
2025-06-05T05:00:00Z,143.034,143.178,143.006,143.156,8894.0,143.148,143.164,143.01623759703972
2025-06-05T06:00:00Z,143.156,143.242,143.028,143.232,11918.0,143.225,143.239,143.04500591743442
2025-06-05T07:00:00Z,143.232,143.396,143.074,143.348,12983.0,143.34,143.355,143.08540512844317
2025-06-05T08:00:00Z,143.347,143.404,143.254,143.281,11268.0,143.272,143.29,143.11148444465076
2025-06-05T09:00:00Z,143.282,143.303,143.113,143.22,11408.0,143.211,143.229,143.12595318536398
2025-06-05T10:00:00Z,143.222,143.227,143.028,143.134,10237.0,143.126,143.143,143.12702609398212
2025-06-05T11:00:00Z,143.134,143.325,143.064,143.272,11522.0,143.264,143.281,143.14635594811784
2025-06-05T12:00:00Z,143.27,143.694,142.777,143.37,33478.0,143.362,143.377,143.17617515503548
2025-06-05T13:00:00Z,143.368,143.532,142.896,143.028,38807.0,143.02,143.036,143.15641846769742
2025-06-05T14:00:00Z,143.028,143.544,143.026,143.46,31941.0,143.453,143.467,143.19689600533778
2025-06-05T15:00:00Z,143.46,143.975,143.452,143.864,20508.0,143.856,143.872,143.28584320462608
2025-06-05T16:00:00Z,143.864,143.98,143.522,143.53,16974.0,143.521,143.538,143.31839744400926
2025-06-05T17:00:00Z,143.528,143.856,143.516,143.684,8736.0,143.676,143.692,143.3671444514747
2025-06-05T18:00:00Z,143.68,143.761,143.571,143.634,10090.0,143.626,143.641,143.40272519127808
2025-06-05T19:00:00Z,143.633,143.768,143.472,143.688,15812.0,143.681,143.696,143.440761832441
2025-06-05T20:00:00Z,143.688,143.782,143.519,143.582,8133.0,143.573,143.592,143.45959358811555
2025-06-05T21:00:00Z,143.547,143.789,143.485,143.539,775.0,143.491,143.587,143.47018110970015
2025-06-05T22:00:00Z,143.552,143.56,143.45,143.524,2564.0,143.514,143.535,143.47735696174013
2025-06-05T23:00:00Z,143.523,143.598,143.46,143.556,5104.0,143.547,143.565,143.48784270017478
2025-06-06T00:00:00Z,143.556,143.751,143.532,143.726,11891.0,143.717,143.735,143.51959700681815
2025-06-06T01:00:00Z,143.726,143.794,143.624,143.668,10122.0,143.66,143.677,143.53938407257573
2025-06-06T02:00:00Z,143.668,143.902,143.646,143.838,8414.0,143.83,143.847,143.57919952956564
2025-06-06T03:00:00Z,143.839,143.848,143.715,143.758,6321.0,143.749,143.766,143.60303959229023
2025-06-06T04:00:00Z,143.758,143.882,143.734,143.838,6777.0,143.828,143.847,143.63436764665153
2025-06-06T05:00:00Z,143.838,143.982,143.815,143.871,7421.0,143.863,143.879,143.665918627098
2025-06-06T06:00:00Z,143.87,144.136,143.812,144.028,10809.0,144.021,144.035,143.71419614348494
2025-06-06T07:00:00Z,144.027,144.139,143.803,143.909,12118.0,143.9,143.918,143.74016999102028
2025-06-06T08:00:00Z,143.911,144.072,143.881,144.055,10632.0,144.047,144.063,143.7821473255509
2025-06-06T09:00:00Z,144.055,144.193,144.002,144.162,9703.0,144.154,144.17,143.8327943488108
2025-06-06T10:00:00Z,144.16,144.16,144.024,144.084,8114.0,144.076,144.093,143.86628843563605
2025-06-06T11:00:00Z,144.085,144.189,144.054,144.156,10498.0,144.147,144.165,143.9049166442179
2025-06-06T12:00:00Z,144.158,144.746,144.078,144.625,34921.0,144.617,144.633,144.00092775832218
2025-06-06T13:00:00Z,144.626,144.974,144.553,144.906,31255.0,144.898,144.914,144.12160405721255
2025-06-06T14:00:00Z,144.906,145.024,144.616,144.9,27034.0,144.891,144.908,144.22539018291755
2025-06-06T15:00:00Z,144.9,145.093,144.761,144.882,19740.0,144.876,144.888,144.31293815852854
2025-06-06T16:00:00Z,144.883,144.985,144.818,144.97,12068.0,144.961,144.978,144.40054640405808
2025-06-06T17:00:00Z,144.972,144.972,144.83,144.87,9169.0,144.863,144.878,144.46314021685035
2025-06-06T18:00:00Z,144.869,144.909,144.812,144.848,9088.0,144.84,144.855,144.51445485460363
2025-06-06T19:00:00Z,144.847,144.848,144.77,144.79,5149.0,144.78,144.799,144.55119420732314
2025-06-06T20:00:00Z,144.788,144.893,144.782,144.859,3103.0,144.837,144.881,144.59223497968006
2025-06-08T21:00:00Z,144.885,144.885,144.769,144.776,410.0,144.764,144.787,144.6167369823894
2025-06-08T22:00:00Z,144.776,144.784,144.65,144.695,3018.0,144.685,144.705,144.62717205140416
2025-06-08T23:00:00Z,144.694,144.748,144.603,144.692,4230.0,144.683,144.701,144.6358157778836
2025-06-09T00:00:00Z,144.692,144.954,144.58,144.94,10029.0,144.933,144.947,144.6763736741658
2025-06-09T01:00:00Z,144.94,144.942,144.475,144.546,9584.0,144.539,144.552,144.65899051761036
2025-06-09T02:00:00Z,144.546,144.572,144.347,144.502,8732.0,144.493,144.51,144.63805844859564
2025-06-09T03:00:00Z,144.5,144.512,144.354,144.496,5843.0,144.488,144.503,144.61911732211624
2025-06-09T04:00:00Z,144.498,144.5,144.352,144.384,5502.0,144.375,144.394,144.58776834583406
2025-06-09T05:00:00Z,144.384,144.499,144.35,144.414,6507.0,144.405,144.422,144.56459923305619
2025-06-09T06:00:00Z,144.414,144.468,144.2,144.211,8386.0,144.202,144.22,144.5174526686487
2025-06-09T07:00:00Z,144.212,144.318,144.104,144.148,10834.0,144.14,144.155,144.46819231282888
2025-06-09T08:00:00Z,144.142,144.178,144.04,144.156,11694.0,144.149,144.164,144.42656667111837
2025-06-09T09:00:00Z,144.159,144.17,143.974,144.108,8797.0,144.099,144.116,144.38409111496927
2025-06-09T10:00:00Z,144.107,144.191,144.033,144.176,7131.0,144.169,144.183,144.35634563297336
2025-06-09T11:00:00Z,144.176,144.53,144.159,144.49,10954.0,144.484,144.496,144.37416621524358
2025-06-09T12:00:00Z,144.493,144.694,144.434,144.634,10956.0,144.626,144.642,144.40881071987778
2025-06-09T13:00:00Z,144.634,144.774,144.594,144.664,14946.0,144.657,144.672,144.4428359572274
2025-06-09T14:00:00Z,144.667,144.751,144.533,144.615,14408.0,144.608,144.622,144.46579116293043
2025-06-09T15:00:00Z,144.616,144.624,144.347,144.374,11141.0,144.365,144.383,144.45355234120638
2025-06-09T16:00:00Z,144.374,144.462,144.364,144.401,6782.0,144.393,144.409,144.44654536237886
2025-06-09T17:00:00Z,144.4,144.476,144.396,144.462,5798.0,144.455,144.47,144.44860598072833
2025-06-09T18:00:00Z,144.466,144.568,144.391,144.555,5493.0,144.549,144.561,144.46279184996456
2025-06-09T19:00:00Z,144.556,144.601,144.505,144.566,4671.0,144.558,144.573,144.47655293663595
2025-06-09T20:00:00Z,144.567,144.64,144.555,144.606,2942.0,144.589,144.622,144.4938125450845
2025-06-09T21:00:00Z,144.551,144.576,144.54,144.558,2457.0,144.514,144.602,144.50237087240657
2025-06-09T22:00:00Z,144.558,144.653,144.558,144.602,2041.0,144.593,144.61,144.5156547560857
2025-06-09T23:00:00Z,144.6,144.654,144.5,144.565,3555.0,144.556,144.574,144.52223412194093
2025-06-10T00:00:00Z,144.564,144.66,144.402,144.522,11344.0,144.514,144.531,144.52220290568215
2025-06-10T01:00:00Z,144.52,145.06,144.428,145.011,14522.0,145.003,145.019,144.5873758515912
2025-06-10T02:00:00Z,145.012,145.294,144.897,144.934,13339.0,144.927,144.94,144.63359240471237
2025-06-10T03:00:00Z,144.933,144.988,144.784,144.83,8001.0,144.82,144.839,144.65978008408408
2025-06-10T04:00:00Z,144.829,144.952,144.814,144.937,7898.0,144.928,144.946,144.69674273953953
2025-06-10T05:00:00Z,144.938,144.946,144.447,144.56,17946.0,144.552,144.567,144.6785103742676
2025-06-10T06:00:00Z,144.56,144.66,144.427,144.592,16779.0,144.584,144.6,144.6669756576986
2025-06-10T07:00:00Z,144.592,144.834,144.543,144.743,17045.0,144.735,144.751,144.67711223667212
2025-06-10T08:00:00Z,144.744,144.744,144.566,144.649,11696.0,144.641,144.657,144.67336393844917
2025-06-10T09:00:00Z,144.65,144.772,144.624,144.682,8857.0,144.673,144.69,144.6745154133226
2025-06-10T10:00:00Z,144.68,144.74,144.59,144.606,8166.0,144.598,144.614,144.6653800248796
2025-06-10T11:00:00Z,144.604,144.622,144.481,144.588,8760.0,144.579,144.596,144.65506268822898
2025-06-10T12:00:00Z,144.587,144.646,144.458,144.638,9672.0,144.632,144.644,144.6527876631318
2025-06-10T13:00:00Z,144.638,144.68,144.442,144.53,15061.0,144.523,144.538,144.63641597471423
2025-06-10T14:00:00Z,144.532,144.836,144.517,144.802,12544.0,144.796,144.808,144.65849384475234
2025-06-10T15:00:00Z,144.803,144.95,144.792,144.914,12668.0,144.906,144.922,144.6925613321187
2025-06-10T16:00:00Z,144.914,145.048,144.874,144.97,7319.0,144.962,144.979,144.72955315450287
2025-06-10T17:00:00Z,144.969,145.026,144.917,144.938,5763.0,144.93,144.946,144.75734606723583
2025-06-10T18:00:00Z,144.938,145.021,144.898,144.96,5585.0,144.952,144.968,144.7843665916044
2025-06-10T19:00:00Z,144.96,145.035,144.783,144.906,5691.0,144.898,144.913,144.80058437939047
2025-06-10T20:00:00Z,144.907,144.933,144.856,144.897,3910.0,144.888,144.906,144.81343979547174
2025-06-10T21:00:00Z,144.869,144.9,144.849,144.891,1725.0,144.841,144.941,144.8237811560755
2025-06-10T22:00:00Z,144.887,144.967,144.832,144.966,2708.0,144.959,144.974,144.84274366859879
2025-06-10T23:00:00Z,144.965,145.164,144.798,144.848,11825.0,144.841,144.856,144.84344451278562
2025-06-11T00:00:00Z,144.848,144.966,144.652,144.926,19010.0,144.916,144.936,144.85445191108087
2025-06-11T01:00:00Z,144.928,145.036,144.843,145.006,11818.0,144.996,145.015,144.87465832293677
2025-06-11T02:00:00Z,145.006,145.15,144.852,144.951,8764.0,144.942,144.96,144.88483721321188
2025-06-11T03:00:00Z,144.952,145.063,144.924,145.01,6148.0,145.001,145.018,144.90152558478363
2025-06-11T04:00:00Z,145.01,145.075,144.89,145.035,7006.0,145.027,145.043,144.91932217347915
2025-06-11T05:00:00Z,145.036,145.144,144.976,144.984,8664.0,144.975,144.994,144.92794588368193
2025-06-11T06:00:00Z,144.987,145.246,144.968,145.128,10223.0,145.12,145.136,144.95461976585767
2025-06-11T07:00:00Z,145.13,145.243,145.084,145.122,10067.0,145.114,145.13,144.97693713041
2025-06-11T08:00:00Z,145.122,145.148,145.004,145.068,8972.0,145.061,145.076,144.98907884635534
2025-06-11T09:00:00Z,145.068,145.099,144.922,145.082,9707.0,145.075,145.09,145.00146833350797
2025-06-11T10:00:00Z,145.081,145.166,145.046,145.141,8008.0,145.132,145.15,145.02007255570692
2025-06-11T11:00:00Z,145.14,145.337,145.113,145.282,8920.0,145.274,145.291,145.054996214946
2025-06-11T12:00:00Z,145.28,145.47,144.326,144.732,31869.0,144.724,144.741,145.0119300529532
2025-06-11T13:00:00Z,144.73,145.186,144.612,145.05,21959.0,145.042,145.059,145.01700604589277
2025-06-11T14:00:00Z,145.051,145.088,144.736,144.805,18120.0,144.798,144.812,144.98873857310707
2025-06-11T15:00:00Z,144.806,144.848,144.464,144.49,13264.0,144.484,144.496,144.9222400966928
2025-06-11T16:00:00Z,144.492,144.629,144.44,144.622,7884.0,144.613,144.631,144.88220808380044
2025-06-11T17:00:00Z,144.62,144.654,144.516,144.524,7143.0,144.516,144.531,144.83444700596039
2025-06-11T18:00:00Z,144.522,144.544,144.328,144.51,12581.0,144.502,144.519,144.79118740516566
2025-06-11T19:00:00Z,144.511,144.649,144.498,144.632,7601.0,144.625,144.64,144.76996241781023
2025-06-11T20:00:00Z,144.632,144.698,144.552,144.6,5071.0,144.591,144.61,144.7473007621022
2025-06-11T21:00:00Z,144.527,144.57,144.504,144.539,684.0,144.521,144.557,144.71952732715525
2025-06-11T22:00:00Z,144.54,144.54,144.2,144.26,4007.0,144.249,144.271,144.65825701686788
2025-06-11T23:00:00Z,144.258,144.32,144.117,144.184,8992.0,144.175,144.193,144.59502274795216
2025-06-12T00:00:00Z,144.186,144.352,143.958,144.044,18163.0,144.035,144.052,144.5215530482252
2025-06-12T01:00:00Z,144.044,144.104,143.724,143.986,16561.0,143.977,143.994,144.45014597512852
2025-06-12T02:00:00Z,143.988,144.119,143.909,143.957,10006.0,143.948,143.966,144.38439317844472
2025-06-12T03:00:00Z,143.958,144.057,143.838,143.894,8046.0,143.885,143.902,144.31900742131876
2025-06-12T04:00:00Z,143.894,144.05,143.889,143.948,6961.0,143.941,143.955,144.26953976514292
2025-06-12T05:00:00Z,143.947,143.986,143.676,143.73,8908.0,143.721,143.738,144.19760112979054
2025-06-12T06:00:00Z,143.729,143.926,143.633,143.736,14347.0,143.728,143.744,144.13605431248513
2025-06-12T07:00:00Z,143.736,144.142,143.736,143.88,16624.0,143.872,143.889,144.1019137374871
2025-06-12T08:00:00Z,143.878,143.945,143.752,143.798,16680.0,143.789,143.807,144.06139190582218
2025-06-12T09:00:00Z,143.8,143.876,143.564,143.7,13185.0,143.692,143.709,144.01320631837922
2025-06-12T10:00:00Z,143.698,143.757,143.45,143.549,15794.0,143.54,143.558,143.95131214259533
2025-06-12T11:00:00Z,143.546,143.784,143.402,143.619,12096.0,143.612,143.626,143.90700385691596
2025-06-12T12:00:00Z,143.62,143.744,143.186,143.292,23920.0,143.284,143.3,143.8250033426605
2025-06-12T13:00:00Z,143.292,143.522,143.199,143.462,21734.0,143.455,143.469,143.77660289697243
2025-06-12T14:00:00Z,143.462,143.758,143.426,143.735,19734.0,143.727,143.743,143.7710558440428
2025-06-12T15:00:00Z,143.737,143.905,143.59,143.65,20274.0,143.643,143.658,143.7549150648371
2025-06-12T16:00:00Z,143.651,143.74,143.551,143.613,13745.0,143.605,143.621,143.73599305619214
2025-06-12T17:00:00Z,143.614,143.736,143.527,143.546,9884.0,143.538,143.554,143.71066064869987
2025-06-12T18:00:00Z,143.546,143.597,143.476,143.525,7380.0,143.517,143.533,143.6859058955399
2025-06-12T19:00:00Z,143.533,143.6,143.491,143.578,5186.0,143.57,143.587,143.67151844280124
2025-06-12T20:00:00Z,143.577,143.597,143.496,143.501,3579.0,143.491,143.511,143.64878265042776
2025-06-12T21:00:00Z,143.5,143.645,143.464,143.558,952.0,143.508,143.608,143.6366782970374
2025-06-12T22:00:00Z,143.552,143.552,143.391,143.458,3380.0,143.448,143.468,143.61285452409908
2025-06-12T23:00:00Z,143.456,143.47,143.076,143.096,7418.0,143.087,143.106,143.54394058755253
2025-06-13T00:00:00Z,143.096,143.196,142.792,143.04,46932.0,143.03,143.049,143.4767485092122
2025-06-13T01:00:00Z,143.041,143.294,142.917,143.175,26751.0,143.168,143.182,143.43651537465058
2025-06-13T02:00:00Z,143.174,143.241,142.952,143.077,18553.0,143.068,143.086,143.38857999136386
2025-06-13T03:00:00Z,143.078,143.748,143.076,143.495,19470.0,143.487,143.503,143.40276932584868
2025-06-13T04:00:00Z,143.498,143.766,143.433,143.654,12323.0,143.646,143.663,143.43626674906886
2025-06-13T05:00:00Z,143.655,143.875,143.512,143.541,13680.0,143.533,143.549,143.45023118252635
2025-06-13T06:00:00Z,143.541,143.743,143.382,143.65,21943.0,143.641,143.658,143.47686702485618
2025-06-13T07:00:00Z,143.65,143.8,143.534,143.8,21986.0,143.793,143.807,143.51995142154203
2025-06-13T08:00:00Z,143.802,143.896,143.668,143.796,14488.0,143.788,143.803,143.55675789866976
2025-06-13T09:00:00Z,143.796,144.167,143.75,144.111,17459.0,144.102,144.12,143.63065684551378
2025-06-13T10:00:00Z,144.112,144.402,143.971,144.358,16861.0,144.35,144.365,143.7276359327786
2025-06-13T11:00:00Z,144.357,144.446,144.105,144.129,15474.0,144.121,144.137,143.78115114174147
2025-06-13T12:00:00Z,144.126,144.319,144.088,144.298,14209.0,144.29,144.306,143.85006432284263
2025-06-13T13:00:00Z,144.298,144.483,144.054,144.112,18745.0,144.096,144.127,143.88498907979695
2025-06-13T14:00:00Z,144.11,144.21,144.024,144.12,20962.0,144.113,144.128,143.91632386915737
2025-06-13T15:00:00Z,144.121,144.19,143.956,144.05,16323.0,144.041,144.058,143.93414735326974
2025-06-13T16:00:00Z,144.048,144.072,143.968,144.031,8637.0,144.023,144.039,143.94706103950045
2025-06-13T17:00:00Z,144.032,144.2,144.014,144.092,11092.0,144.083,144.1,143.96638623423374
2025-06-13T18:00:00Z,144.092,144.1,143.854,143.958,12884.0,143.952,143.965,143.96526806966924
2025-06-13T19:00:00Z,143.958,143.997,143.858,143.937,8122.0,143.929,143.945,143.96149899371335
2025-06-13T20:00:00Z,143.938,144.152,143.928,144.114,8969.0,144.064,144.164,143.98183246121823
2025-06-15T21:00:00Z,144.021,144.451,143.952,144.394,2104.0,144.344,144.444,144.0367881330558
2025-06-15T22:00:00Z,144.381,144.682,144.31,144.485,8973.0,144.473,144.497,144.09654971531504
2025-06-15T23:00:00Z,144.48,144.753,144.466,144.57,13573.0,144.563,144.578,144.1596764199397
2025-06-16T00:00:00Z,144.57,144.608,144.352,144.375,19455.0,144.367,144.383,144.1883862306144
2025-06-16T01:00:00Z,144.376,144.387,144.162,144.35,14456.0,144.341,144.358,144.20993473319916
2025-06-16T02:00:00Z,144.346,144.466,144.292,144.41,10051.0,144.402,144.418,144.23661010210594
2025-06-16T03:00:00Z,144.412,144.49,144.335,144.481,8963.0,144.474,144.488,144.26919542182515
2025-06-16T04:00:00Z,144.482,144.485,144.292,144.303,6990.0,144.295,144.311,144.27370269891514
2025-06-16T05:00:00Z,144.302,144.316,143.974,144.069,11488.0,144.061,144.077,144.24640900572646
2025-06-16T06:00:00Z,144.068,144.245,143.997,144.234,15790.0,144.224,144.243,144.24475447162962
2025-06-16T07:00:00Z,144.234,144.392,144.138,144.184,15666.0,144.176,144.192,144.23665387541234
2025-06-16T08:00:00Z,144.182,144.354,144.097,144.258,11982.0,144.251,144.266,144.23950002535736
2025-06-16T09:00:00Z,144.267,144.342,144.102,144.117,10043.0,144.108,144.126,144.22316668864303
2025-06-16T10:00:00Z,144.116,144.18,144.014,144.049,8862.0,144.04,144.058,144.19994446349062
2025-06-16T11:00:00Z,144.05,144.162,143.976,144.116,9235.0,144.108,144.125,144.18875186835854
2025-06-16T12:00:00Z,144.116,144.283,144.078,144.1,13349.0,144.091,144.109,144.17691828591074
2025-06-16T13:00:00Z,144.1,144.114,143.774,143.81,22906.0,143.802,143.818,144.12799584778932
2025-06-16T14:00:00Z,143.81,144.119,143.65,144.051,21943.0,144.043,144.059,144.11772973475075
2025-06-16T15:00:00Z,144.052,144.21,143.992,144.136,12807.0,144.128,144.144,144.12016577011732
2025-06-16T16:00:00Z,144.136,144.227,144.089,144.173,8603.0,144.167,144.179,144.12721033410168
2025-06-16T17:00:00Z,144.172,144.416,144.157,144.372,7264.0,144.364,144.381,144.15984895622145
2025-06-16T18:00:00Z,144.374,144.604,144.367,144.603,6479.0,144.597,144.609,144.2189357620586
2025-06-16T19:00:00Z,144.602,144.878,144.593,144.859,6825.0,144.851,144.867,144.3042776604508
2025-06-16T20:00:00Z,144.86,144.868,144.724,144.784,3563.0,144.773,144.795,144.36824063905735
2025-06-16T21:00:00Z,144.727,144.749,144.7,144.726,916.0,144.689,144.762,144.41594188718304
2025-06-16T22:00:00Z,144.728,144.832,144.577,144.62,4928.0,144.61,144.63,144.44314963555863
2025-06-16T23:00:00Z,144.618,144.802,144.606,144.688,10003.0,144.677,144.698,144.4757963508175
2025-06-17T00:00:00Z,144.687,145.114,144.672,145.061,15939.0,145.051,145.071,144.55382350404184
2025-06-17T01:00:00Z,145.06,145.06,144.786,144.87,10938.0,144.862,144.879,144.5959803701696
2025-06-17T02:00:00Z,144.871,145.0,144.818,144.948,9496.0,144.942,144.955,144.64291632081367
2025-06-17T03:00:00Z,144.948,144.968,144.62,144.664,10591.0,144.653,144.675,144.6457274780385
2025-06-17T04:00:00Z,144.666,144.677,144.402,144.593,9964.0,144.584,144.602,144.63869714763337
2025-06-17T05:00:00Z,144.594,144.732,144.5,144.666,10499.0,144.659,144.674,144.6423375279489
2025-06-17T06:00:00Z,144.668,144.896,144.556,144.891,14886.0,144.882,144.9,144.6754925242224
2025-06-17T07:00:00Z,144.892,145.028,144.404,144.532,19427.0,144.524,144.539,144.6563601876594
2025-06-17T08:00:00Z,144.531,144.908,144.469,144.908,15140.0,144.899,144.918,144.68991216263814
2025-06-17T09:00:00Z,144.909,144.944,144.778,144.82,14134.0,144.81,144.829,144.70725720761973
2025-06-17T10:00:00Z,144.82,144.834,144.662,144.69,9578.0,144.681,144.698,144.70495624660376
2025-06-17T11:00:00Z,144.689,144.706,144.486,144.617,10969.0,144.608,144.626,144.6932287470566
2025-06-17T12:00:00Z,144.618,144.916,144.386,144.858,19618.0,144.85,144.867,144.71519824744905
2025-06-17T13:00:00Z,144.856,144.944,144.692,144.888,20748.0,144.881,144.896,144.73823848112252
2025-06-17T14:00:00Z,144.889,145.292,144.852,145.186,19317.0,145.179,145.192,144.79794001697286
2025-06-17T15:00:00Z,145.185,145.208,145.012,145.04,12891.0,145.032,145.047,144.83021468137648
2025-06-17T16:00:00Z,145.039,145.258,144.908,145.224,11603.0,145.218,145.23,144.8827193905263
2025-06-17T17:00:00Z,145.223,145.303,145.13,145.248,15904.0,145.24,145.255,144.93142347178946
2025-06-17T18:00:00Z,145.246,145.378,145.191,145.368,12665.0,145.36,145.375,144.98963367555086
2025-06-17T19:00:00Z,145.369,145.381,145.207,145.218,8938.0,145.209,145.226,145.02008251881074
2025-06-17T20:00:00Z,145.216,145.329,145.2,145.288,7738.0,145.279,145.298,145.055804849636
2025-06-17T21:00:00Z,145.287,145.314,145.224,145.227,1427.0,145.177,145.277,145.07863086968453
2025-06-17T22:00:00Z,145.247,145.394,145.224,145.388,2949.0,145.378,145.397,145.11988008705993
2025-06-17T23:00:00Z,145.386,145.432,145.322,145.388,5548.0,145.379,145.397,145.15562940878527
2025-06-18T00:00:00Z,145.39,145.443,145.187,145.318,18368.0,145.31,145.326,145.17727882094724
2025-06-18T01:00:00Z,145.32,145.342,145.153,145.167,11208.0,145.16,145.174,145.1759083114876
2025-06-18T02:00:00Z,145.168,145.222,145.107,145.125,7900.0,145.117,145.133,145.1691205366226
2025-06-18T03:00:00Z,145.124,145.134,145.04,145.072,6324.0,145.065,145.079,145.15617113173957
2025-06-18T04:00:00Z,145.07,145.114,144.926,145.02,6282.0,145.012,145.029,145.13801498084098
2025-06-18T05:00:00Z,145.02,145.061,144.9,145.012,8384.0,145.004,145.021,145.1212129833955
2025-06-18T06:00:00Z,145.014,145.082,144.866,144.9,15400.0,144.892,144.909,145.09171791894278
2025-06-18T07:00:00Z,144.9,145.05,144.856,144.96,12815.0,144.951,144.968,145.0741555297504
2025-06-18T08:00:00Z,144.96,145.131,144.933,144.97,11041.0,144.963,144.977,145.0602681257837
2025-06-18T09:00:00Z,144.97,145.03,144.898,144.933,10068.0,144.925,144.941,145.04329904234586
2025-06-18T10:00:00Z,144.933,144.96,144.802,144.824,9774.0,144.816,144.833,145.01405917003308
2025-06-18T11:00:00Z,144.825,144.93,144.812,144.85,9316.0,144.843,144.856,144.99218461402867
2025-06-18T12:00:00Z,144.848,144.968,144.74,144.889,12680.0,144.883,144.895,144.97842666549153
2025-06-18T13:00:00Z,144.891,144.922,144.715,144.868,14808.0,144.86,144.875,144.96370311009267
2025-06-18T14:00:00Z,144.867,144.968,144.678,144.804,22866.0,144.797,144.812,144.94240936208033
2025-06-18T15:00:00Z,144.802,144.816,144.554,144.583,12669.0,144.576,144.59,144.89448811380296
2025-06-18T16:00:00Z,144.583,144.692,144.53,144.682,8827.0,144.674,144.69,144.8661563652959
2025-06-18T17:00:00Z,144.682,144.827,144.648,144.763,6926.0,144.753,144.773,144.85240218325646
2025-06-18T18:00:00Z,144.76,145.089,144.328,145.04,38003.0,145.032,145.049,144.87741522548893
2025-06-18T19:00:00Z,145.038,145.229,144.996,145.122,25881.0,145.113,145.132,144.91002652875707
2025-06-18T20:00:00Z,145.122,145.194,145.078,145.133,6590.0,145.117,145.149,144.9397563249228
2025-06-18T21:00:00Z,145.111,145.123,145.034,145.091,1248.0,145.041,145.141,144.95992214826643
2025-06-18T22:00:00Z,145.09,145.152,144.893,144.997,3725.0,144.985,145.009,144.9648658618309
2025-06-18T23:00:00Z,144.996,145.081,144.928,144.957,7415.0,144.949,144.965,144.96381708025345
2025-06-19T00:00:00Z,144.956,144.984,144.84,144.884,12587.0,144.877,144.892,144.95317480288634
2025-06-19T01:00:00Z,144.885,145.161,144.738,145.148,17620.0,145.139,145.158,144.97915149583483
2025-06-19T02:00:00Z,145.15,145.218,145.062,145.18,9188.0,145.171,145.189,145.0059312963902
2025-06-19T03:00:00Z,145.18,145.222,145.034,145.074,8461.0,145.065,145.084,145.01500712353817
2025-06-19T04:00:00Z,145.074,145.11,145.023,145.042,7040.0,145.033,145.051,145.01860617373308
2025-06-19T05:00:00Z,145.042,145.266,145.034,145.115,9152.0,145.107,145.123,145.031458683902
2025-06-19T06:00:00Z,145.116,145.359,145.115,145.263,14733.0,145.255,145.271,145.06233085938175
2025-06-19T07:00:00Z,145.264,145.405,145.242,145.386,14659.0,145.379,145.392,145.1054867447975
2025-06-19T08:00:00Z,145.386,145.411,145.251,145.286,13074.0,145.277,145.294,145.12955517882452
2025-06-19T09:00:00Z,145.286,145.475,145.252,145.439,9266.0,145.431,145.447,145.1708144883146
2025-06-19T10:00:00Z,145.44,145.759,145.412,145.707,11477.0,145.7,145.714,145.24230588987265
2025-06-19T11:00:00Z,145.706,145.772,145.588,145.67,10390.0,145.662,145.678,145.29933177122297
2025-06-19T12:00:00Z,145.672,145.712,145.505,145.544,10941.0,145.534,145.553,145.33195420172657
2025-06-19T13:00:00Z,145.544,145.579,145.351,145.426,11419.0,145.417,145.434,145.34449364149637
2025-06-19T14:00:00Z,145.424,145.716,145.403,145.708,11431.0,145.7,145.715,145.39296115596352
2025-06-19T15:00:00Z,145.708,145.76,145.608,145.635,8688.0,145.627,145.643,145.42523300183507
2025-06-19T16:00:00Z,145.636,145.734,145.626,145.717,4851.0,145.708,145.726,145.46413526825705
2025-06-19T17:00:00Z,145.718,145.732,145.476,145.507,5005.0,145.497,145.517,145.46985056582278
2025-06-19T18:00:00Z,145.506,145.536,145.416,145.492,3340.0,145.486,145.498,145.4728038237131
2025-06-19T19:00:00Z,145.491,145.491,145.346,145.438,3779.0,145.431,145.446,145.46816331388467
2025-06-19T20:00:00Z,145.441,145.486,145.413,145.466,4282.0,145.454,145.479,145.46787487203338
2025-06-19T21:00:00Z,145.468,145.519,145.385,145.479,1521.0,145.429,145.529,145.46935822242892
2025-06-19T22:00:00Z,145.495,145.568,145.439,145.49,4832.0,145.479,145.502,145.4721104594384
2025-06-19T23:00:00Z,145.486,145.51,145.198,145.232,8892.0,145.222,145.242,145.44009573151328
2025-06-20T00:00:00Z,145.23,145.32,145.124,145.255,13827.0,145.246,145.264,145.41541630064484
2025-06-20T01:00:00Z,145.253,145.36,145.218,145.339,13104.0,145.332,145.346,145.40522746055885
2025-06-20T02:00:00Z,145.336,145.365,145.23,145.248,7693.0,145.239,145.256,145.384263799151
2025-06-20T03:00:00Z,145.246,145.318,145.194,145.28,8442.0,145.272,145.288,145.37036195926422
2025-06-20T04:00:00Z,145.28,145.398,145.244,145.352,7404.0,145.343,145.361,145.36791369802899
2025-06-20T05:00:00Z,145.352,145.488,145.308,145.442,9437.0,145.434,145.45,145.37779187162513
2025-06-20T06:00:00Z,145.442,145.479,145.282,145.385,11639.0,145.376,145.394,145.37875295540846
2025-06-20T07:00:00Z,145.386,145.438,145.292,145.411,10051.0,145.402,145.42,145.383052561354
2025-06-20T08:00:00Z,145.412,145.415,145.266,145.328,9384.0,145.321,145.336,145.37571221984012
2025-06-20T09:00:00Z,145.328,145.357,145.253,145.338,7431.0,145.33,145.347,145.37068392386144
2025-06-20T10:00:00Z,145.338,145.446,145.294,145.438,6226.0,145.429,145.447,145.3796594006799
2025-06-20T11:00:00Z,145.438,145.616,145.414,145.592,10949.0,145.586,145.598,145.40797148058925
2025-06-20T12:00:00Z,145.594,145.718,145.45,145.592,17894.0,145.585,145.599,145.4325086165107
2025-06-20T13:00:00Z,145.592,145.823,145.56,145.744,16507.0,145.736,145.753,145.47404080097593
2025-06-20T14:00:00Z,145.745,145.946,145.736,145.916,19524.0,145.909,145.924,145.53296869417915
2025-06-20T15:00:00Z,145.916,145.956,145.787,145.928,14260.0,145.919,145.936,145.58563953495528
2025-06-20T16:00:00Z,145.928,145.95,145.79,145.842,7972.0,145.834,145.85,145.6198209302946
2025-06-20T17:00:00Z,145.842,145.912,145.78,145.902,7066.0,145.893,145.91,145.6574448062553
2025-06-20T18:00:00Z,145.902,145.996,145.858,145.974,5878.0,145.966,145.982,145.69965216542127
2025-06-20T19:00:00Z,145.974,146.196,145.97,146.181,7297.0,146.174,146.188,145.76383187669845
2025-06-20T20:00:00Z,146.18,146.218,146.064,146.092,5465.0,146.061,146.123,145.80758762647199
2025-06-22T21:00:00Z,146.704,146.731,146.503,146.557,1468.0,146.507,146.607,145.90750927627573
2025-06-22T22:00:00Z,146.596,146.6,146.318,146.366,8872.0,146.36,146.372,145.9686413727723
2025-06-22T23:00:00Z,146.37,146.428,146.207,146.212,9114.0,146.203,146.222,146.001089189736
2025-06-23T00:00:00Z,146.211,146.524,146.146,146.454,17751.0,146.445,146.462,146.0614772977712
2025-06-23T01:00:00Z,146.453,146.768,146.428,146.674,14970.0,146.663,146.684,146.14314699140172
2025-06-23T02:00:00Z,146.673,146.702,146.368,146.565,10520.0,146.558,146.572,146.19939405921482
2025-06-23T03:00:00Z,146.563,146.735,146.518,146.699,10514.0,146.69,146.708,146.26600818465286
2025-06-23T04:00:00Z,146.698,147.032,146.697,146.989,10755.0,146.981,146.997,146.36240709336582
2025-06-23T05:00:00Z,146.99,147.298,146.948,147.107,13393.0,147.098,147.116,146.46168614758372
2025-06-23T06:00:00Z,147.11,147.397,147.068,147.158,15516.0,147.151,147.164,146.55452799457257
2025-06-23T07:00:00Z,147.158,147.359,147.04,147.336,19986.0,147.328,147.345,146.6587242619629
2025-06-23T08:00:00Z,147.337,147.63,147.328,147.608,14666.0,147.599,147.616,146.78529436036786
2025-06-23T09:00:00Z,147.61,147.956,147.606,147.871,16528.0,147.863,147.879,146.93005511231883
2025-06-23T10:00:00Z,147.87,147.99,147.77,147.983,12621.0,147.974,147.992,147.07044776400966
2025-06-23T11:00:00Z,147.984,148.032,147.508,147.59,15268.0,147.582,147.597,147.13972139547505
2025-06-23T12:00:00Z,147.591,147.636,147.352,147.418,17411.0,147.409,147.427,147.1768252094117
2025-06-23T13:00:00Z,147.418,147.506,147.14,147.312,22168.0,147.302,147.321,147.1948485148235
2025-06-23T14:00:00Z,147.312,147.336,146.496,146.566,34875.0,146.558,146.573,147.11100204618037
2025-06-23T15:00:00Z,146.566,146.623,146.334,146.47,19041.0,146.462,146.479,147.02553510668966
2025-06-23T16:00:00Z,146.47,146.544,146.234,146.364,19919.0,146.356,146.372,146.9373304257977
2025-06-23T17:00:00Z,146.365,146.526,146.154,146.209,19517.0,146.201,146.217,146.840219702358
2025-06-23T18:00:00Z,146.21,146.246,146.01,146.162,14303.0,146.153,146.17,146.74979040871028
2025-06-23T19:00:00Z,146.16,146.204,146.082,146.147,8905.0,146.14,146.154,146.6694183542156
2025-06-23T20:00:00Z,146.144,146.172,146.032,146.151,6696.0,146.14,146.162,146.60029590698684
2025-06-23T21:00:00Z,146.165,146.192,146.086,146.154,360.0,146.104,146.204,146.54078978605526
2025-06-23T22:00:00Z,146.171,146.182,145.754,145.934,7183.0,145.927,145.942,146.45988448124788
2025-06-23T23:00:00Z,145.933,146.046,145.699,145.92,13815.0,145.912,145.928,146.38789988374816
2025-06-24T00:00:00Z,145.92,145.937,145.566,145.604,23027.0,145.595,145.612,146.28337989924842
2025-06-24T01:00:00Z,145.603,145.736,145.474,145.68,14686.0,145.672,145.689,146.2029292460153
2025-06-24T02:00:00Z,145.681,145.71,145.418,145.508,11873.0,145.499,145.518,146.11027201321326
2025-06-24T03:00:00Z,145.508,145.514,145.29,145.417,8897.0,145.407,145.427,146.01783574478483
2025-06-24T04:00:00Z,145.416,145.516,145.335,145.419,9137.0,145.41,145.428,145.93799097881353
2025-06-24T05:00:00Z,145.42,145.516,145.286,145.308,9350.0,145.301,145.316,145.8539921816384
2025-06-24T06:00:00Z,145.308,145.312,145.044,145.195,18628.0,145.187,145.203,145.76612655741997
2025-06-24T07:00:00Z,145.196,145.408,144.996,145.322,22496.0,145.313,145.33,145.7069096830973
2025-06-24T08:00:00Z,145.322,145.332,144.946,145.095,17822.0,145.087,145.103,145.625321725351
2025-06-24T09:00:00Z,145.096,145.154,144.851,144.968,15664.0,144.962,144.974,145.53767882863752
2025-06-24T10:00:00Z,144.968,145.128,144.915,145.1,9046.0,145.092,145.109,145.47932165148586
2025-06-24T11:00:00Z,145.099,145.15,144.902,144.968,11434.0,144.959,144.976,145.41114543128776
2025-06-24T12:00:00Z,144.967,145.185,144.926,144.993,19160.0,144.984,145.002,145.35539270711607
2025-06-24T13:00:00Z,144.993,145.198,144.855,145.046,18515.0,145.031,145.06,145.31414034616725
2025-06-24T14:00:00Z,145.047,145.048,144.516,144.741,26029.0,144.733,144.749,145.23772163334496
2025-06-24T15:00:00Z,144.742,144.905,144.572,144.902,15982.0,144.894,144.909,145.19295874889897
2025-06-24T16:00:00Z,144.9,144.964,144.664,144.702,10454.0,144.694,144.71,145.1274975823791
2025-06-24T17:00:00Z,144.706,144.756,144.562,144.73,8960.0,144.722,144.739,145.07449790472856
2025-06-24T18:00:00Z,144.73,144.771,144.654,144.684,6469.0,144.678,144.691,145.02243151743141
2025-06-24T19:00:00Z,144.685,144.79,144.657,144.774,6144.0,144.764,144.784,144.98930731510723
2025-06-24T20:00:00Z,144.774,144.921,144.772,144.916,5895.0,144.904,144.929,144.97953300642627
2025-06-24T21:00:00Z,144.945,144.945,144.811,144.843,381.0,144.793,144.893,144.96132860556943
2025-06-24T22:00:00Z,144.863,144.969,144.836,144.934,2271.0,144.925,144.944,144.9576847914935
2025-06-24T23:00:00Z,144.934,144.978,144.792,144.934,6253.0,144.927,144.941,144.9545268192944
2025-06-25T00:00:00Z,144.937,145.048,144.772,144.886,16261.0,144.877,144.894,144.94538991005513
2025-06-25T01:00:00Z,144.884,144.902,144.625,144.66,15043.0,144.651,144.67,144.9073379220478
2025-06-25T02:00:00Z,144.661,144.84,144.609,144.806,9715.0,144.797,144.815,144.89382619910808
2025-06-25T03:00:00Z,144.806,144.983,144.784,144.974,7379.0,144.967,144.982,144.904516039227
2025-06-25T04:00:00Z,144.974,144.99,144.866,144.94,5619.0,144.933,144.947,144.90924723399672
2025-06-25T05:00:00Z,144.94,145.168,144.94,145.036,9067.0,145.028,145.045,144.92614760279716
2025-06-25T06:00:00Z,145.035,145.337,145.007,145.302,13376.0,145.294,145.31,144.97626125575755
2025-06-25T07:00:00Z,145.303,145.374,145.236,145.314,12877.0,145.306,145.322,145.0212930883232
2025-06-25T08:00:00Z,145.314,145.498,145.242,145.476,11020.0,145.468,145.485,145.0819206765468
2025-06-25T09:00:00Z,145.478,145.682,145.457,145.628,10337.0,145.62,145.637,145.1547312530072
2025-06-25T10:00:00Z,145.63,145.752,145.546,145.734,7555.0,145.726,145.742,145.2319670859396
2025-06-25T11:00:00Z,145.734,145.8,145.669,145.751,9281.0,145.743,145.759,145.30117147448098
2025-06-25T12:00:00Z,145.752,145.926,145.7,145.862,11202.0,145.853,145.87,145.37594861121684
2025-06-25T13:00:00Z,145.862,145.952,145.758,145.864,14360.0,145.851,145.878,145.44102212972126
2025-06-25T14:00:00Z,145.866,145.876,145.574,145.7,20251.0,145.693,145.708,145.4755525124251
2025-06-25T15:00:00Z,145.702,145.737,145.526,145.597,14899.0,145.589,145.605,145.49174551076842
2025-06-25T16:00:00Z,145.598,145.606,145.392,145.452,8969.0,145.443,145.46,145.48644610933263
2025-06-25T17:00:00Z,145.454,145.508,145.366,145.395,9537.0,145.386,145.404,145.47425329475496
2025-06-25T18:00:00Z,145.394,145.406,145.148,145.152,8214.0,145.144,145.16,145.43128618878762
2025-06-25T19:00:00Z,145.152,145.249,145.104,145.243,7588.0,145.236,145.25,145.40618136361596
2025-06-25T20:00:00Z,145.242,145.336,145.195,145.257,5248.0,145.247,145.267,145.38629051513382
2025-06-25T21:00:00Z,145.202,145.254,145.175,145.21,965.0,145.16,145.26,145.362785113116
2025-06-25T22:00:00Z,145.204,145.267,145.184,145.232,2014.0,145.222,145.242,145.34534709803387
2025-06-25T23:00:00Z,145.233,145.233,144.876,144.914,9277.0,144.906,144.923,145.28783415162937
2025-06-26T00:00:00Z,144.914,144.946,144.682,144.692,12873.0,144.683,144.7,145.20838959807878
2025-06-26T01:00:00Z,144.69,144.932,144.672,144.723,11118.0,144.716,144.73,145.14367098500162
2025-06-26T02:00:00Z,144.722,144.843,144.662,144.694,9783.0,144.685,144.703,145.08371485366808
2025-06-26T03:00:00Z,144.694,144.821,144.568,144.788,10662.0,144.779,144.796,145.04428620651234
2025-06-26T04:00:00Z,144.787,144.966,144.733,144.784,7816.0,144.776,144.791,145.00958137897737
2025-06-26T05:00:00Z,144.784,144.92,144.584,144.644,9821.0,144.635,144.654,144.96083719511373
2025-06-26T06:00:00Z,144.648,144.705,144.283,144.31,18895.0,144.302,144.319,144.8740589024319
2025-06-26T07:00:00Z,144.308,144.31,143.928,144.066,17084.0,144.059,144.074,144.76631771544098
2025-06-26T08:00:00Z,144.066,144.104,143.752,143.929,19368.0,143.921,143.937,144.65467535338217
2025-06-26T09:00:00Z,143.928,144.128,143.9,144.073,14063.0,144.065,144.081,144.5771186395979
2025-06-26T10:00:00Z,144.072,144.22,144.007,144.204,10134.0,144.196,144.212,144.52736948765153
2025-06-26T11:00:00Z,144.204,144.445,144.199,144.39,12502.0,144.384,144.396,144.50905355596467
2025-06-26T12:00:00Z,144.39,144.498,144.134,144.308,22398.0,144.298,144.318,144.48224641516939
2025-06-26T13:00:00Z,144.308,144.497,144.168,144.236,22880.0,144.227,144.245,144.44941355981348
2025-06-26T14:00:00Z,144.237,144.472,144.157,144.41,25184.0,144.402,144.418,144.44415841850503
2025-06-26T15:00:00Z,144.408,144.54,144.313,144.339,17432.0,144.33,144.348,144.43013729603769
2025-06-26T16:00:00Z,144.341,144.418,144.058,144.25,12376.0,144.241,144.259,144.40611898989934
2025-06-26T17:00:00Z,144.248,144.278,144.132,144.191,10224.0,144.183,144.199,144.37743645791278
2025-06-26T18:00:00Z,144.192,144.264,144.152,144.204,8186.0,144.196,144.211,144.35431159685774
2025-06-26T19:00:00Z,144.204,144.406,144.2,144.374,8201.0,144.365,144.382,144.3569367172767
2025-06-26T20:00:00Z,144.374,144.472,144.331,144.391,5995.0,144.381,144.401,144.3614784883065
2025-06-26T21:00:00Z,144.442,144.447,144.288,144.393,660.0,144.343,144.443,144.3656813565323
2025-06-26T22:00:00Z,144.387,144.664,144.387,144.574,3080.0,144.565,144.583,144.39345717566133
2025-06-26T23:00:00Z,144.574,144.746,144.39,144.674,8057.0,144.665,144.682,144.43086288557316
2025-06-27T00:00:00Z,144.67,144.811,144.52,144.652,15956.0,144.641,144.662,144.4603478341634
2025-06-27T01:00:00Z,144.652,144.746,144.276,144.287,14024.0,144.279,144.295,144.43723478960828
2025-06-27T02:00:00Z,144.288,144.395,144.196,144.324,11241.0,144.316,144.332,144.42213681766052
2025-06-27T03:00:00Z,144.324,144.506,144.255,144.458,9374.0,144.449,144.468,144.4269185753058
2025-06-27T04:00:00Z,144.457,144.59,144.414,144.546,9020.0,144.536,144.555,144.44279609859836
2025-06-27T05:00:00Z,144.547,144.593,144.361,144.427,9586.0,144.418,144.436,144.4406899521186
2025-06-27T06:00:00Z,144.428,144.505,144.208,144.242,15551.0,144.234,144.249,144.41419795850277
2025-06-27T07:00:00Z,144.241,144.554,144.178,144.482,15197.0,144.474,144.491,144.4232382307024
2025-06-27T08:00:00Z,144.482,144.518,144.262,144.422,12018.0,144.414,144.43,144.4230731332754
2025-06-27T09:00:00Z,144.422,144.493,144.35,144.488,9532.0,144.48,144.497,144.4317300488387
2025-06-27T10:00:00Z,144.487,144.684,144.462,144.538,9779.0,144.53,144.545,144.4458993756602
2025-06-27T11:00:00Z,144.536,144.634,144.488,144.494,9500.0,144.487,144.501,144.45231279223884
2025-06-27T12:00:00Z,144.496,144.624,144.364,144.448,23333.0,144.439,144.456,144.45173775327368
2025-06-27T13:00:00Z,144.448,144.806,144.382,144.726,22805.0,144.718,144.735,144.4883060528372
2025-06-27T14:00:00Z,144.727,144.949,144.57,144.882,21479.0,144.874,144.891,144.54079857912558
2025-06-27T15:00:00Z,144.883,144.913,144.61,144.74,13954.0,144.732,144.749,144.5673587685755
2025-06-27T16:00:00Z,144.741,144.756,144.542,144.647,9109.0,144.638,144.656,144.5779775994321
2025-06-27T17:00:00Z,144.647,144.906,144.585,144.74,14725.0,144.732,144.747,144.59958058617448
2025-06-27T18:00:00Z,144.739,144.852,144.644,144.702,14312.0,144.694,144.71,144.61323650801788
2025-06-27T19:00:00Z,144.699,144.795,144.656,144.754,8240.0,144.744,144.764,144.6320049736155
2025-06-27T20:00:00Z,144.754,144.765,144.636,144.663,8672.0,144.644,144.682,144.6361376438001
2025-06-29T21:00:00Z,144.376,144.543,144.376,144.487,681.0,144.437,144.537,144.61625262462675
2025-06-29T22:00:00Z,144.475,144.671,144.459,144.48,6863.0,144.472,144.489,144.59808560800985
2025-06-29T23:00:00Z,144.477,144.544,144.388,144.504,6414.0,144.494,144.514,144.58554086027522
2025-06-30T00:00:00Z,144.504,144.766,144.476,144.623,13539.0,144.614,144.632,144.59053541223852
2025-06-30T01:00:00Z,144.621,144.656,144.246,144.332,12685.0,144.324,144.34,144.55606402394005
2025-06-30T02:00:00Z,144.332,144.332,144.088,144.29,11125.0,144.283,144.297,144.52058882074806
2025-06-30T03:00:00Z,144.29,144.315,144.16,144.222,7355.0,144.214,144.231,144.48077697798166
2025-06-30T04:00:00Z,144.223,144.238,143.916,143.949,8326.0,143.942,143.956,144.40987338091745
2025-06-30T05:00:00Z,143.949,143.952,143.798,143.912,10298.0,143.903,143.921,144.3434902634618
2025-06-30T06:00:00Z,143.912,144.02,143.852,143.885,14582.0,143.876,143.894,144.28235822833358
2025-06-30T07:00:00Z,143.886,144.171,143.782,144.128,17604.0,144.12,144.136,144.26177713122243
2025-06-30T08:00:00Z,144.13,144.218,144.016,144.114,15205.0,144.106,144.123,144.2420735137261
2025-06-30T09:00:00Z,144.115,144.268,144.054,144.266,12925.0,144.257,144.276,144.24526371189594
2025-06-30T10:00:00Z,144.27,144.29,144.177,144.184,8983.0,144.176,144.193,144.23709521697648
2025-06-30T11:00:00Z,144.183,144.348,144.156,144.333,11523.0,144.324,144.342,144.24988252137962
2025-06-30T12:00:00Z,144.333,144.496,144.286,144.462,11103.0,144.454,144.469,144.27816485186233
2025-06-30T13:00:00Z,144.461,144.512,144.315,144.365,19388.0,144.356,144.374,144.28974287161404
2025-06-30T14:00:00Z,144.366,144.504,144.214,144.45,27076.0,144.442,144.458,144.31111048873217
2025-06-30T15:00:00Z,144.45,144.5,144.158,144.166,21628.0,144.159,144.174,144.2917624235679
2025-06-30T16:00:00Z,144.167,144.388,144.14,144.224,13237.0,144.217,144.232,144.28272743375885
2025-06-30T17:00:00Z,144.226,144.327,144.153,144.254,11331.0,144.245,144.262,144.27889710925768
2025-06-30T18:00:00Z,144.253,144.298,144.132,144.206,11422.0,144.198,144.214,144.26917749468998
2025-06-30T19:00:00Z,144.206,144.248,143.99,144.038,10432.0,144.029,144.047,144.23835382873133
2025-06-30T20:00:00Z,144.038,144.056,143.956,144.024,6965.0,144.011,144.037,144.20977331823383
2025-06-30T21:00:00Z,144.041,144.078,144.021,144.039,566.0,143.989,144.089,144.1870035424693
2025-06-30T22:00:00Z,144.043,144.044,143.856,143.918,2647.0,143.908,143.928,144.1511364034734
2025-06-30T23:00:00Z,143.917,143.936,143.774,143.809,4614.0,143.8,143.818,144.10551821634363
2025-07-01T00:00:00Z,143.808,143.814,143.555,143.569,14749.0,143.56,143.578,144.0339824541645
2025-07-01T01:00:00Z,143.568,143.81,143.436,143.798,12390.0,143.79,143.805,144.00251812694256
2025-07-01T02:00:00Z,143.798,143.836,143.644,143.728,7679.0,143.719,143.738,143.9659157100169
2025-07-01T03:00:00Z,143.729,143.894,143.632,143.881,8688.0,143.872,143.89,143.954593615348
2025-07-01T04:00:00Z,143.883,143.938,143.751,143.753,8010.0,143.744,143.762,143.9277144666349
2025-07-01T05:00:00Z,143.752,143.752,143.572,143.584,8815.0,143.576,143.591,143.8818858710836
2025-07-01T06:00:00Z,143.583,143.765,143.554,143.672,12414.0,143.664,143.681,143.85390108827247
2025-07-01T07:00:00Z,143.671,143.742,143.068,143.07,16679.0,143.061,143.078,143.74938094316948
2025-07-01T08:00:00Z,143.072,143.14,142.89,143.04,18713.0,143.033,143.047,143.65479681741357
2025-07-01T09:00:00Z,143.039,143.172,142.824,142.945,16497.0,142.938,142.952,143.56015724175842
2025-07-01T10:00:00Z,142.944,142.996,142.824,142.982,12453.0,142.973,142.99,143.48306960952397
2025-07-01T11:00:00Z,142.982,142.993,142.706,142.738,13757.0,142.73,142.747,143.38372699492078
2025-07-01T12:00:00Z,142.738,143.096,142.682,143.072,17329.0,143.063,143.08,143.34216339559802
2025-07-01T13:00:00Z,143.072,143.29,142.934,143.097,22868.0,143.054,143.14,143.3094749428516
2025-07-01T14:00:00Z,143.096,143.481,143.084,143.442,31970.0,143.435,143.448,143.3271449504714
2025-07-01T15:00:00Z,143.442,143.669,143.44,143.58,20212.0,143.574,143.586,143.3608589570752
2025-07-01T16:00:00Z,143.58,143.782,143.576,143.694,14498.0,143.686,143.703,143.4052777627985
2025-07-01T17:00:00Z,143.694,143.754,143.602,143.629,10989.0,143.62,143.638,143.4351073944254
2025-07-01T18:00:00Z,143.63,143.794,143.622,143.724,8879.0,143.717,143.731,143.473626408502
2025-07-01T19:00:00Z,143.725,143.805,143.584,143.771,10384.0,143.764,143.778,143.51327622070175
2025-07-01T20:00:00Z,143.77,143.772,143.394,143.406,6181.0,143.397,143.415,143.4989727246082
2025-07-01T21:00:00Z,143.403,143.488,143.393,143.394,581.0,143.377,143.412,143.4849763613271
2025-07-01T22:00:00Z,143.401,143.448,143.36,143.414,2040.0,143.404,143.424,143.4755128464835
2025-07-01T23:00:00Z,143.414,143.474,143.344,143.375,4367.0,143.367,143.383,143.46211113361903
2025-07-02T00:00:00Z,143.374,143.662,143.32,143.475,15492.0,143.467,143.483,143.4638296491365
2025-07-02T01:00:00Z,143.474,143.69,143.443,143.656,11603.0,143.646,143.665,143.48945236258498
2025-07-02T02:00:00Z,143.655,143.748,143.51,143.54,9183.0,143.531,143.548,143.49619204757366
2025-07-02T03:00:00Z,143.539,143.591,143.483,143.528,7492.0,143.519,143.536,143.50043310789718
2025-07-02T04:00:00Z,143.527,143.612,143.462,143.554,7669.0,143.546,143.563,143.50757536017755
2025-07-02T05:00:00Z,143.554,143.854,143.542,143.757,9424.0,143.749,143.765,143.54083197882056
2025-07-02T06:00:00Z,143.758,143.888,143.674,143.808,14089.0,143.8,143.815,143.57645438164448
2025-07-02T07:00:00Z,143.806,144.053,143.806,143.9,14840.0,143.892,143.909,143.6195937974252
2025-07-02T08:00:00Z,143.901,143.974,143.78,143.973,11005.0,143.965,143.981,143.6667146244352
2025-07-02T09:00:00Z,143.972,144.248,143.93,144.151,12337.0,144.143,144.159,143.73128600784383
2025-07-02T10:00:00Z,144.15,144.16,143.864,143.928,8861.0,143.92,143.936,143.75751454013133
2025-07-02T11:00:00Z,143.926,144.2,143.894,144.182,11540.0,144.174,144.189,143.81411260144716
2025-07-02T12:00:00Z,144.182,144.213,143.487,143.872,32753.0,143.864,143.881,143.82183092125422
2025-07-02T13:00:00Z,143.872,144.132,143.636,144.002,25808.0,143.995,144.009,143.845853465087
2025-07-02T14:00:00Z,144.002,144.154,143.904,144.028,23159.0,144.02,144.035,143.87013966974206
2025-07-02T15:00:00Z,144.028,144.038,143.735,143.762,16859.0,143.754,143.771,143.8557210471098
2025-07-02T16:00:00Z,143.762,143.81,143.656,143.739,11973.0,143.73,143.748,143.8401582408285
2025-07-02T17:00:00Z,143.74,143.75,143.618,143.696,8582.0,143.688,143.704,143.82093714205135
2025-07-02T18:00:00Z,143.696,143.736,143.58,143.622,7524.0,143.614,143.629,143.79441218977783
2025-07-02T19:00:00Z,143.623,143.67,143.572,143.62,7065.0,143.613,143.627,143.7711572311408
2025-07-02T20:00:00Z,143.62,143.694,143.61,143.66,4238.0,143.645,143.674,143.75633626698868
2025-07-02T21:00:00Z,143.709,143.818,143.636,143.646,389.0,143.598,143.695,143.74162476472353
2025-07-02T22:00:00Z,143.645,143.662,143.563,143.615,1845.0,143.604,143.626,143.7247414627604
2025-07-02T23:00:00Z,143.614,143.616,143.482,143.52,4442.0,143.512,143.529,143.697442601059
2025-07-03T00:00:00Z,143.52,143.616,143.446,143.588,13483.0,143.58,143.597,143.68285025425115
2025-07-03T01:00:00Z,143.59,143.692,143.488,143.554,9821.0,143.546,143.562,143.665670220351
2025-07-03T02:00:00Z,143.555,143.762,143.548,143.683,6854.0,143.673,143.693,143.66798085763753
2025-07-03T03:00:00Z,143.684,143.881,143.674,143.85,5653.0,143.842,143.859,143.6922500766192
2025-07-03T04:00:00Z,143.852,143.856,143.762,143.841,5340.0,143.834,143.848,143.71208339973663
2025-07-03T05:00:00Z,143.842,143.929,143.768,143.862,6752.0,143.853,143.87,143.73207227977176
2025-07-03T06:00:00Z,143.86,143.931,143.756,143.774,11106.0,143.765,143.782,143.73766264246885
2025-07-03T07:00:00Z,143.774,143.916,143.674,143.862,10798.0,143.855,143.87,143.75424095680634
2025-07-03T08:00:00Z,143.87,143.897,143.773,143.876,11141.0,143.868,143.885,143.77047549589884
2025-07-03T09:00:00Z,143.877,143.896,143.826,143.857,8956.0,143.849,143.865,143.78201209644567
2025-07-03T10:00:00Z,143.858,143.865,143.738,143.848,7859.0,143.84,143.857,143.79081048358626
2025-07-03T11:00:00Z,143.848,143.896,143.818,143.865,7381.0,143.857,143.873,143.8007024191081
2025-07-03T12:00:00Z,143.864,145.236,143.775,145.007,37405.0,145.0,145.014,143.96154209656035
2025-07-03T13:00:00Z,145.008,145.073,144.61,144.772,30563.0,144.741,144.804,144.0696031503523
2025-07-03T14:00:00Z,144.774,145.135,144.644,145.097,25945.0,145.09,145.104,144.206589396972
2025-07-03T15:00:00Z,145.098,145.166,144.818,144.97,17201.0,144.964,144.977,144.30837747737573
2025-07-03T16:00:00Z,144.97,145.215,144.95,145.054,10944.0,145.046,145.062,144.40779381372565
2025-07-03T17:00:00Z,145.058,145.093,144.997,145.076,4240.0,145.069,145.084,144.49688797189557
2025-07-03T18:00:00Z,145.076,145.117,145.014,145.106,4576.0,145.1,145.112,144.57810290897618
2025-07-03T19:00:00Z,145.106,145.117,144.985,145.04,3498.0,145.032,145.047,144.63968918777937
2025-07-03T20:00:00Z,145.041,145.088,144.91,144.922,4377.0,144.914,144.93,144.6773306294088
2025-07-03T21:00:00Z,144.928,144.974,144.919,144.94,616.0,144.919,144.962,144.71235321215428
2025-07-03T22:00:00Z,144.952,144.968,144.874,144.874,2200.0,144.865,144.884,144.73390611720038
2025-07-03T23:00:00Z,144.874,144.929,144.684,144.71,4608.0,144.702,144.719,144.730718634907
2025-07-04T00:00:00Z,144.71,144.784,144.573,144.605,10502.0,144.597,144.613,144.71395615025273
2025-07-04T01:00:00Z,144.604,144.785,144.582,144.761,8739.0,144.753,144.769,144.72022866355238
2025-07-04T02:00:00Z,144.762,144.794,144.599,144.648,6439.0,144.641,144.656,144.71059817507873
2025-07-04T03:00:00Z,144.65,144.669,144.462,144.524,6536.0,144.516,144.532,144.68571841840156
2025-07-04T04:00:00Z,144.526,144.528,144.326,144.378,7589.0,144.369,144.388,144.644689295948
2025-07-04T05:00:00Z,144.377,144.402,144.306,144.334,6784.0,144.326,144.342,144.60326405648829
2025-07-04T06:00:00Z,144.332,144.432,144.183,144.246,9977.0,144.239,144.254,144.55562884895653
2025-07-04T07:00:00Z,144.246,144.43,144.238,144.41,13977.0,144.402,144.418,144.53621166909565
2025-07-04T08:00:00Z,144.409,144.418,144.286,144.343,9679.0,144.335,144.351,144.51045011321622
2025-07-04T09:00:00Z,144.343,144.374,144.276,144.317,9193.0,144.309,144.325,144.4846567647874
2025-07-04T10:00:00Z,144.317,144.388,144.284,144.346,7529.0,144.34,144.353,144.46616919614908
2025-07-04T11:00:00Z,144.347,144.402,144.308,144.394,6868.0,144.386,144.402,144.45654663666255
2025-07-04T12:00:00Z,144.392,144.45,144.358,144.425,6264.0,144.416,144.434,144.45234041844088
2025-07-04T13:00:00Z,144.424,144.51,144.384,144.462,7521.0,144.455,144.468,144.45362836264877
2025-07-04T14:00:00Z,144.464,144.568,144.41,144.522,9689.0,144.515,144.53,144.46274458096227
2025-07-04T15:00:00Z,144.523,144.554,144.506,144.533,7393.0,144.525,144.541,144.4721119701673
2025-07-04T16:00:00Z,144.534,144.549,144.48,144.501,7479.0,144.492,144.51,144.47596370747834
2025-07-04T17:00:00Z,144.5,144.521,144.467,144.47,13374.0,144.463,144.478,144.47516854648123
2025-07-04T18:00:00Z,144.47,144.518,144.468,144.478,9535.0,144.471,144.484,144.47554607361707
2025-07-04T19:00:00Z,144.478,144.588,144.443,144.572,14769.0,144.562,144.581,144.4884065971348
2025-07-04T20:00:00Z,144.57,144.584,144.463,144.491,14847.0,144.441,144.541,144.4887523841835
2025-07-06T21:00:00Z,144.45,144.543,144.416,144.495,231.0,144.445,144.545,144.4895853996257
2025-07-06T22:00:00Z,144.478,144.639,144.441,144.488,2644.0,144.478,144.497,144.48937401300893
2025-07-06T23:00:00Z,144.486,144.584,144.464,144.49,4803.0,144.481,144.5,144.48945747794107
2025-07-07T00:00:00Z,144.494,144.508,144.297,144.355,13486.0,144.346,144.364,144.4715298142156
2025-07-07T01:00:00Z,144.353,144.581,144.224,144.536,11989.0,144.528,144.543,144.48012583898685
2025-07-07T02:00:00Z,144.536,144.84,144.496,144.818,9750.0,144.808,144.827,144.52517572712193
2025-07-07T03:00:00Z,144.82,144.85,144.71,144.832,6781.0,144.824,144.84,144.56608563017235
2025-07-07T04:00:00Z,144.832,145.002,144.785,144.985,7662.0,144.975,144.995,144.6219408794827
2025-07-07T05:00:00Z,144.984,145.079,144.942,144.986,8653.0,144.979,144.992,144.67048209555168
2025-07-07T06:00:00Z,144.986,145.16,144.95,145.024,12810.0,145.017,145.032,144.71761781614478
2025-07-07T07:00:00Z,145.024,145.204,144.978,145.198,13720.0,145.19,145.207,144.78166877399215
2025-07-07T08:00:00Z,145.199,145.346,145.112,145.337,13562.0,145.328,145.346,144.85571293745986
2025-07-07T09:00:00Z,145.335,145.488,145.276,145.436,10152.0,145.429,145.442,144.93308454579855
2025-07-07T10:00:00Z,145.435,145.532,145.396,145.434,8642.0,145.427,145.44,144.9998732730254
2025-07-07T11:00:00Z,145.433,145.514,145.376,145.493,8819.0,145.484,145.502,145.0656235032887
2025-07-07T12:00:00Z,145.492,145.647,145.48,145.592,10569.0,145.583,145.6,145.13580703618354
2025-07-07T13:00:00Z,145.593,145.785,145.572,145.736,13478.0,145.727,145.744,145.2158327646924
2025-07-07T14:00:00Z,145.737,145.816,145.668,145.801,12499.0,145.793,145.809,145.29385506273343
2025-07-07T15:00:00Z,145.8,145.896,145.78,145.868,9840.0,145.861,145.876,145.37040772103563
2025-07-07T16:00:00Z,145.866,146.146,145.734,146.12,20210.0,146.114,146.126,145.47035335823088
2025-07-07T17:00:00Z,146.12,146.236,146.016,146.064,14466.0,146.057,146.07,145.5495062438001
2025-07-07T18:00:00Z,146.064,146.242,146.06,146.176,10026.0,146.167,146.184,145.63303874462676
2025-07-07T19:00:00Z,146.175,146.186,146.014,146.058,8025.0,146.051,146.066,145.6897002453432
2025-07-07T20:00:00Z,146.058,146.158,146.04,146.07,5175.0,146.061,146.078,145.74040687929744
2025-07-07T21:00:00Z,146.054,146.09,146.012,146.016,221.0,145.992,146.04,145.77715262872445
2025-07-07T22:00:00Z,146.015,146.037,145.842,145.868,4237.0,145.859,145.876,145.7892656115612
2025-07-07T23:00:00Z,145.867,146.072,145.854,145.878,7135.0,145.87,145.887,145.80109686335305
2025-07-08T00:00:00Z,145.881,146.212,145.831,146.158,17447.0,146.15,146.166,145.8486839482393
2025-07-08T01:00:00Z,146.161,146.445,146.046,146.248,15117.0,146.239,146.258,145.90192608847408
2025-07-08T02:00:00Z,146.25,146.288,146.044,146.096,9474.0,146.087,146.105,145.92780261001087
2025-07-08T03:00:00Z,146.094,146.172,146.05,146.072,7759.0,146.064,146.081,145.9470289286761
2025-07-08T04:00:00Z,146.073,146.104,145.882,145.998,11795.0,145.99,146.007,145.9538250715193
2025-07-08T05:00:00Z,145.998,146.108,145.946,146.098,9212.0,146.089,146.106,145.97304839531674
2025-07-08T06:00:00Z,146.098,146.251,146.065,146.25,13081.0,146.242,146.257,146.00997527594117
2025-07-08T07:00:00Z,146.248,146.288,145.996,146.038,14977.0,146.029,146.046,146.01371190581568
2025-07-08T08:00:00Z,146.038,146.247,146.034,146.194,12280.0,146.186,146.202,146.03775031837358
2025-07-08T09:00:00Z,146.198,146.268,146.058,146.232,11233.0,146.224,146.241,146.06365027592378
2025-07-08T10:00:00Z,146.232,146.41,146.224,146.404,8573.0,146.396,146.412,146.10903023913394
2025-07-08T11:00:00Z,146.404,146.652,146.359,146.588,9828.0,146.58,146.597,146.17289287391608
2025-07-08T12:00:00Z,146.59,146.69,146.459,146.65,12583.0,146.642,146.659,146.23650715739396
2025-07-08T13:00:00Z,146.651,146.9,146.632,146.771,15966.0,146.763,146.779,146.30777286974143
2025-07-08T14:00:00Z,146.772,146.962,146.754,146.917,17725.0,146.91,146.924,146.38900315377592
2025-07-08T15:00:00Z,146.916,146.978,146.772,146.814,14558.0,146.805,146.822,146.44566939993913
2025-07-08T16:00:00Z,146.814,146.866,146.708,146.749,13526.0,146.74,146.758,146.48611347994725
2025-07-08T17:00:00Z,146.749,146.81,146.658,146.718,14175.0,146.709,146.726,146.51703168262094
2025-07-08T18:00:00Z,146.718,146.764,146.654,146.664,10883.0,146.657,146.671,146.53662745827148
2025-07-08T19:00:00Z,146.664,146.694,146.617,146.626,9198.0,146.618,146.635,146.54854379716863
2025-07-08T20:00:00Z,146.626,146.646,146.523,146.562,9840.0,146.554,146.569,146.55033795754616
2025-07-08T21:00:00Z,146.638,146.638,146.534,146.562,1051.0,146.519,146.606,146.55189289654
2025-07-08T22:00:00Z,146.562,146.618,146.542,146.588,1652.0,146.58,146.596,146.55670717700136
2025-07-08T23:00:00Z,146.587,146.878,146.586,146.868,5399.0,146.858,146.877,146.5982128867345
2025-07-09T00:00:00Z,146.868,146.913,146.732,146.791,12534.0,146.782,146.8,146.62391783516992
2025-07-09T01:00:00Z,146.792,147.03,146.738,146.864,12292.0,146.856,146.873,146.6559287904806
2025-07-09T02:00:00Z,146.865,147.094,146.794,147.058,10234.0,147.05,147.066,146.7095382850832
2025-07-09T03:00:00Z,147.057,147.186,147.056,147.102,7835.0,147.093,147.112,146.76186651373877
2025-07-09T04:00:00Z,147.104,147.148,147.03,147.04,7023.0,147.033,147.047,146.7989509785736
2025-07-09T05:00:00Z,147.04,147.07,146.902,146.986,7443.0,146.978,146.994,146.82389084809714
2025-07-09T06:00:00Z,146.986,147.036,146.799,146.804,10638.0,146.797,146.812,146.82123873501752
2025-07-09T07:00:00Z,146.804,146.879,146.683,146.844,12404.0,146.835,146.852,146.8242735703485
2025-07-09T08:00:00Z,146.844,146.872,146.594,146.676,11110.0,146.669,146.683,146.80450376096871
2025-07-09T09:00:00Z,146.677,146.696,146.541,146.63,9229.0,146.623,146.637,146.78123659283955
2025-07-09T10:00:00Z,146.63,146.692,146.539,146.66,9371.0,146.651,146.668,146.76507171379427
2025-07-09T11:00:00Z,146.662,146.782,146.608,146.768,8882.0,146.759,146.776,146.76546215195503
2025-07-09T12:00:00Z,146.767,146.768,146.468,146.488,14735.0,146.479,146.497,146.72846719836105
2025-07-09T13:00:00Z,146.487,146.548,146.362,146.458,18040.0,146.449,146.467,146.69240490524624
2025-07-09T14:00:00Z,146.458,146.504,146.271,146.468,16527.0,146.461,146.475,146.6624842512134
2025-07-09T15:00:00Z,146.468,146.566,146.448,146.533,12365.0,146.524,146.542,146.64521968438495
2025-07-09T16:00:00Z,146.532,146.534,146.332,146.415,8166.0,146.407,146.423,146.61452372646696
2025-07-09T17:00:00Z,146.417,146.438,146.281,146.344,8577.0,146.328,146.359,146.57845389627136
2025-07-09T18:00:00Z,146.343,146.394,146.25,146.334,9434.0,146.327,146.342,146.54586004343517
2025-07-09T19:00:00Z,146.333,146.373,146.262,146.317,8372.0,146.309,146.325,146.51534537097714
2025-07-09T20:00:00Z,146.316,146.49,146.306,146.308,8413.0,146.299,146.318,146.48769932151353
2025-07-09T21:00:00Z,146.359,146.363,146.252,146.314,1060.0,146.302,146.325,146.4645394119784
2025-07-09T22:00:00Z,146.313,146.316,146.216,146.246,1565.0,146.235,146.256,146.43540082371462
2025-07-09T23:00:00Z,146.244,146.304,146.07,146.104,4949.0,146.096,146.113,146.39121404721934
2025-07-10T00:00:00Z,146.104,146.117,145.756,145.818,15889.0,145.81,145.826,146.3147855075901
2025-07-10T01:00:00Z,145.818,145.956,145.765,145.892,10868.0,145.885,145.9,146.2584141065781
2025-07-10T02:00:00Z,145.893,146.096,145.855,146.086,8487.0,146.079,146.093,146.23542555903435
2025-07-10T03:00:00Z,146.084,146.26,146.078,146.256,6392.0,146.247,146.265,146.23816881782977
2025-07-10T04:00:00Z,146.256,146.414,146.208,146.22,5537.0,146.212,146.228,146.23574630878582
2025-07-10T05:00:00Z,146.218,146.346,146.174,146.256,5978.0,146.247,146.265,146.2384468009477
2025-07-10T06:00:00Z,146.256,146.364,146.127,146.154,11493.0,146.145,146.162,146.22718722748803
2025-07-10T07:00:00Z,146.153,146.466,146.066,146.282,11693.0,146.273,146.29,146.2344955971563
2025-07-10T08:00:00Z,146.281,146.412,146.266,146.356,8537.0,146.348,146.364,146.25069618420213
2025-07-10T09:00:00Z,146.356,146.375,146.174,146.18,6350.0,146.173,146.188,146.2412700263085
2025-07-10T10:00:00Z,146.178,146.255,146.085,146.124,5993.0,146.115,146.133,146.2256340228007
2025-07-10T11:00:00Z,146.124,146.394,146.088,146.252,6603.0,146.245,146.259,146.22914948642727
2025-07-10T12:00:00Z,146.254,146.546,146.208,146.439,13076.0,146.43,146.448,146.25712955490363
2025-07-10T13:00:00Z,146.438,146.614,146.35,146.579,15344.0,146.571,146.587,146.30004561424983
2025-07-10T14:00:00Z,146.58,146.789,146.48,146.512,17187.0,146.504,146.52,146.3283061990165
2025-07-10T15:00:00Z,146.512,146.568,146.384,146.468,11296.0,146.46,146.476,146.34693203914765
2025-07-10T16:00:00Z,146.466,146.512,146.39,146.466,8124.0,146.457,146.474,146.3628077672613
2025-07-10T17:00:00Z,146.464,146.482,146.309,146.326,6939.0,146.318,146.334,146.3579000649598
2025-07-10T18:00:00Z,146.326,146.336,146.204,146.242,7713.0,146.234,146.251,146.34244672296518
2025-07-10T19:00:00Z,146.242,146.287,146.169,146.242,7115.0,146.233,146.25,146.32905382656983
2025-07-10T20:00:00Z,146.241,146.258,146.184,146.248,6626.0,146.24,146.256,146.31824664969386
2025-07-10T21:00:00Z,146.26,146.27,146.196,146.256,555.0,146.22,146.291,146.30994709640134
2025-07-10T22:00:00Z,146.256,146.274,146.17,146.214,1826.0,146.207,146.221,146.2971541502145
2025-07-10T23:00:00Z,146.213,146.302,146.134,146.278,3072.0,146.27,146.287,146.29460026351924
2025-07-11T00:00:00Z,146.278,146.642,146.246,146.554,16879.0,146.546,146.563,146.32918689505001
2025-07-11T01:00:00Z,146.556,146.838,146.52,146.768,12640.0,146.759,146.777,146.38769530904335
2025-07-11T02:00:00Z,146.768,147.043,146.744,147.019,8292.0,147.01,147.028,146.47186926783758
2025-07-11T03:00:00Z,147.02,147.035,146.862,146.952,5871.0,146.943,146.96,146.53588669879258
2025-07-11T04:00:00Z,146.951,147.185,146.917,147.08,8213.0,147.072,147.087,146.60843513895358
2025-07-11T05:00:00Z,147.08,147.11,146.827,146.87,7947.0,146.862,146.878,146.64331045375977
2025-07-11T06:00:00Z,146.868,146.946,146.734,146.924,10449.0,146.915,146.932,146.6807357265918
2025-07-11T07:00:00Z,146.919,146.924,146.723,146.853,11158.0,146.846,146.86,146.70370429637956
2025-07-11T08:00:00Z,146.854,147.002,146.754,146.985,9819.0,146.977,146.993,146.74121039019562
2025-07-11T09:00:00Z,146.985,147.086,146.922,147.01,8543.0,147.002,147.019,146.77704900483621
2025-07-11T10:00:00Z,147.01,147.024,146.774,146.818,8178.0,146.811,146.825,146.78250913752473
2025-07-11T11:00:00Z,146.818,147.033,146.767,147.024,8889.0,147.018,147.031,146.8147079191881
2025-07-11T12:00:00Z,147.023,147.093,146.791,146.972,13050.0,146.965,146.978,146.83568019662968
2025-07-11T13:00:00Z,146.97,147.288,146.902,147.288,17105.0,147.28,147.297,146.89598950374574
2025-07-11T14:00:00Z,147.289,147.523,147.273,147.338,16380.0,147.332,147.345,146.95492423657964
2025-07-11T15:00:00Z,147.34,147.436,147.26,147.292,11320.0,147.285,147.298,146.99986767170236
2025-07-11T16:00:00Z,147.291,147.409,147.255,147.368,8699.0,147.36,147.376,147.04895198214206
2025-07-11T17:00:00Z,147.368,147.416,147.318,147.391,5332.0,147.382,147.4,147.0945583845231
2025-07-11T18:00:00Z,147.39,147.449,147.348,147.445,8125.0,147.438,147.452,147.14128393325336
2025-07-11T19:00:00Z,147.444,147.48,147.37,147.375,7130.0,147.367,147.383,147.17244607548625
2025-07-11T20:00:00Z,147.374,147.47,147.345,147.423,6307.0,147.407,147.439,147.2058532654214
2025-07-13T21:00:00Z,147.206,147.24,147.185,147.197,821.0,147.147,147.247,147.20467283003188
2025-07-13T22:00:00Z,147.207,147.517,147.149,147.503,5332.0,147.495,147.511,147.24444978602764
2025-07-13T23:00:00Z,147.502,147.576,147.234,147.297,7385.0,147.288,147.306,147.25145648122395
2025-07-14T00:00:00Z,147.3,147.311,146.92,146.953,12526.0,146.944,146.962,147.21166228372743
2025-07-14T01:00:00Z,146.953,147.154,146.85,147.133,11207.0,147.124,147.142,147.20117397923045
2025-07-14T02:00:00Z,147.134,147.31,147.092,147.277,6561.0,147.271,147.283,147.21128411533306
2025-07-14T03:00:00Z,147.276,147.388,147.111,147.302,7925.0,147.294,147.31,147.223379566622
2025-07-14T04:00:00Z,147.305,147.444,147.204,147.374,6552.0,147.365,147.382,147.24346229107238
2025-07-14T05:00:00Z,147.374,147.485,147.281,147.366,7117.0,147.36,147.373,147.25980065226273
2025-07-14T06:00:00Z,147.368,147.425,147.226,147.262,10047.0,147.255,147.268,147.2600938986277
2025-07-14T07:00:00Z,147.261,147.373,147.236,147.373,10983.0,147.365,147.381,147.27514804547735
2025-07-14T08:00:00Z,147.372,147.383,147.174,147.319,9030.0,147.312,147.326,147.28099497274704
2025-07-14T09:00:00Z,147.32,147.347,147.156,147.284,7310.0,147.275,147.292,147.28139564304743
2025-07-14T10:00:00Z,147.284,147.287,147.156,147.203,6375.0,147.196,147.21,147.27094289064112
2025-07-14T11:00:00Z,147.204,147.468,147.204,147.412,8258.0,147.404,147.42,147.28975050522232
2025-07-14T12:00:00Z,147.414,147.445,147.218,147.389,9834.0,147.38,147.398,147.3029837711927
2025-07-14T13:00:00Z,147.391,147.49,147.312,147.354,12483.0,147.346,147.361,147.30978593503366
2025-07-14T14:00:00Z,147.354,147.522,147.323,147.464,11865.0,147.456,147.473,147.3303478103625
2025-07-14T15:00:00Z,147.462,147.705,147.438,147.694,11784.0,147.686,147.702,147.37883476898082
2025-07-14T16:00:00Z,147.694,147.76,147.662,147.716,8476.0,147.708,147.724,147.4237901331167
2025-07-14T17:00:00Z,147.718,147.762,147.672,147.714,4675.0,147.706,147.723,147.4624847820345
2025-07-14T18:00:00Z,147.712,147.766,147.71,147.763,5700.0,147.756,147.77,147.50255347776323
2025-07-14T19:00:00Z,147.762,147.768,147.706,147.725,3690.0,147.717,147.733,147.53221301406145
2025-07-14T20:00:00Z,147.726,147.78,147.714,147.732,2716.0,147.722,147.743,147.55885127885327
2025-07-14T21:00:00Z,147.728,147.759,147.719,147.72,171.0,147.687,147.753,147.58033777500617
2025-07-14T22:00:00Z,147.72,147.794,147.682,147.768,1610.0,147.759,147.778,147.60535940500534
2025-07-14T23:00:00Z,147.768,147.892,147.764,147.784,3884.0,147.776,147.792,147.62917815100462
2025-07-15T00:00:00Z,147.786,147.798,147.564,147.586,9096.0,147.578,147.593,147.62342106420402
2025-07-15T01:00:00Z,147.588,147.8,147.584,147.778,7264.0,147.769,147.787,147.64403158897682
2025-07-15T02:00:00Z,147.777,147.824,147.6,147.608,7063.0,147.601,147.614,147.63922737711326
2025-07-15T03:00:00Z,147.607,147.688,147.554,147.672,4323.0,147.664,147.681,147.64359706016484
2025-07-15T04:00:00Z,147.673,147.712,147.615,147.666,3821.0,147.659,147.674,147.64658411880953
2025-07-15T05:00:00Z,147.667,147.671,147.552,147.572,4895.0,147.564,147.579,147.63663956963492
2025-07-15T06:00:00Z,147.572,147.748,147.572,147.698,7164.0,147.69,147.705,147.64482096035027
2025-07-15T07:00:00Z,147.696,147.79,147.641,147.734,9676.0,147.726,147.743,147.65671149897025
2025-07-15T08:00:00Z,147.734,147.769,147.65,147.677,7372.0,147.669,147.685,147.6594166324409
2025-07-15T09:00:00Z,147.676,147.746,147.612,147.706,6400.0,147.699,147.713,147.66562774811544
2025-07-15T10:00:00Z,147.706,147.776,147.658,147.735,5448.0,147.727,147.743,147.67487738170004
2025-07-15T11:00:00Z,147.734,147.95,147.719,147.913,8108.0,147.905,147.921,147.70662706414004
2025-07-15T12:00:00Z,147.912,148.15,147.65,147.893,21065.0,147.886,147.9,147.73147678892136
2025-07-15T13:00:00Z,147.894,148.659,147.889,148.581,21148.0,148.574,148.588,147.8447465503985
2025-07-15T14:00:00Z,148.582,148.897,148.57,148.817,20272.0,148.809,148.825,147.9743803436787
2025-07-15T15:00:00Z,148.816,149.022,148.757,148.758,12185.0,148.749,148.766,148.07886296452153
2025-07-15T16:00:00Z,148.757,148.983,148.713,148.894,8897.0,148.887,148.902,148.18754790258532
2025-07-15T17:00:00Z,148.894,148.996,148.873,148.942,7496.0,148.934,148.95,148.28814151557395
2025-07-15T18:00:00Z,148.944,148.962,148.824,148.852,6342.0,148.844,148.859,148.36332264683077
2025-07-15T19:00:00Z,148.851,148.923,148.81,148.848,4706.0,148.841,148.855,148.42794629392
2025-07-15T20:00:00Z,148.848,148.89,148.834,148.849,4153.0,148.837,148.861,148.48408678806402
2025-07-15T21:00:00Z,148.903,148.92,148.844,148.86,477.0,148.844,148.876,148.5342085496555
2025-07-15T22:00:00Z,148.86,148.93,148.838,148.883,1741.0,148.874,148.892,148.58071407636808
2025-07-15T23:00:00Z,148.882,148.941,148.723,148.778,4614.0,148.77,148.787,148.60701886618568
2025-07-16T00:00:00Z,148.78,149.04,148.712,148.978,9799.0,148.97,148.987,148.65648301736093
2025-07-16T01:00:00Z,148.979,149.04,148.738,148.826,8840.0,148.817,148.835,148.67908528171282
2025-07-16T02:00:00Z,148.826,148.976,148.826,148.91,6000.0,148.902,148.917,148.70987391081778
2025-07-16T03:00:00Z,148.908,149.09,148.868,149.039,5329.0,149.03,149.048,148.7537573893754
2025-07-16T04:00:00Z,149.038,149.189,148.914,148.93,6981.0,148.921,148.938,148.77725640412535
2025-07-16T05:00:00Z,148.933,148.951,148.788,148.817,9021.0,148.809,148.825,148.78255555024197
2025-07-16T06:00:00Z,148.821,148.876,148.62,148.65,10641.0,148.642,148.657,148.76488147687638
2025-07-16T07:00:00Z,148.649,148.93,148.62,148.889,10652.0,148.883,148.895,148.78143061329286
2025-07-16T08:00:00Z,148.89,148.902,148.725,148.838,8743.0,148.829,148.846,148.78897319818714
2025-07-16T09:00:00Z,148.838,148.889,148.654,148.719,7545.0,148.712,148.726,148.77964343842885
2025-07-16T10:00:00Z,148.718,148.74,148.65,148.716,5971.0,148.708,148.725,148.77115764663833
2025-07-16T11:00:00Z,148.718,148.786,148.626,148.766,7291.0,148.758,148.775,148.7704699604199
2025-07-16T12:00:00Z,148.765,148.834,148.474,148.705,20811.0,148.696,148.714,148.7617406323639
2025-07-16T13:00:00Z,148.705,148.932,148.603,148.808,21344.0,148.8,148.816,148.76790854804872
2025-07-16T14:00:00Z,148.808,148.852,148.302,148.47,25161.0,148.462,148.478,148.72818740830888
2025-07-16T15:00:00Z,148.472,148.514,146.91,148.111,81489.0,148.1,148.122,148.6458957538677
2025-07-16T16:00:00Z,148.11,148.378,147.816,148.044,37733.0,148.036,148.053,148.56564298668536
2025-07-16T17:00:00Z,148.045,148.061,147.489,147.682,19719.0,147.673,147.69,148.44782392179397
2025-07-16T18:00:00Z,147.68,147.954,147.638,147.944,11732.0,147.936,147.953,148.3806473988881
2025-07-16T19:00:00Z,147.944,148.024,147.822,147.849,8457.0,147.842,147.856,148.30976107903635
2025-07-16T20:00:00Z,147.85,147.916,147.816,147.88,8739.0,147.83,147.93,148.2524596018315
2025-07-16T21:00:00Z,147.832,147.87,147.794,147.842,702.0,147.792,147.892,148.19773165492063
2025-07-16T22:00:00Z,147.846,147.935,147.73,147.882,2776.0,147.874,147.891,148.15563410093122
2025-07-16T23:00:00Z,147.881,148.076,147.77,147.996,4896.0,147.99,148.002,148.13434955414039
2025-07-17T00:00:00Z,147.996,148.424,147.985,148.382,11118.0,148.375,148.389,148.16736961358833
2025-07-17T01:00:00Z,148.382,148.494,148.28,148.344,11431.0,148.336,148.351,148.19092033177657
2025-07-17T02:00:00Z,148.344,148.5,148.344,148.456,7547.0,148.447,148.466,148.2262642875397
2025-07-17T03:00:00Z,148.456,148.663,148.44,148.55,6909.0,148.541,148.558,148.26942904920108
2025-07-17T04:00:00Z,148.548,148.612,148.408,148.422,5701.0,148.414,148.43,148.28977184264093
2025-07-17T05:00:00Z,148.422,148.498,148.368,148.484,6757.0,148.476,148.491,148.3156689302888
2025-07-17T06:00:00Z,148.484,148.807,148.452,148.628,16615.0,148.621,148.635,148.35731307291698
2025-07-17T07:00:00Z,148.628,148.768,148.59,148.72,13497.0,148.713,148.728,148.40567132986138
2025-07-17T08:00:00Z,148.72,148.784,148.582,148.586,11225.0,148.58,148.593,148.42971515254652
2025-07-17T09:00:00Z,148.586,148.776,148.521,148.752,9368.0,148.744,148.761,148.47268646554033
2025-07-17T10:00:00Z,148.752,148.838,148.616,148.643,8416.0,148.635,148.651,148.49539493680163
2025-07-17T11:00:00Z,148.642,148.802,148.604,148.766,8757.0,148.759,148.774,148.53147561189476
2025-07-17T12:00:00Z,148.765,149.09,148.599,148.721,23734.0,148.712,148.73,148.5567455303088
2025-07-17T13:00:00Z,148.72,148.753,148.454,148.58,23247.0,148.571,148.59,148.55984612626764
2025-07-17T14:00:00Z,148.581,148.66,148.38,148.482,18498.0,148.475,148.49,148.54946664276528
2025-07-17T15:00:00Z,148.482,148.612,148.451,148.552,12554.0,148.545,148.56,148.5498044237299
2025-07-17T16:00:00Z,148.552,148.704,148.472,148.625,8136.0,148.617,148.633,148.55983050056594
2025-07-17T17:00:00Z,148.623,148.673,148.564,148.659,6283.0,148.651,148.667,148.57305310049048
2025-07-17T18:00:00Z,148.658,148.754,148.644,148.726,6072.0,148.718,148.734,148.5934460204251
2025-07-17T19:00:00Z,148.726,148.753,148.552,148.589,7065.0,148.579,148.599,148.59285321770176
2025-07-17T20:00:00Z,148.59,148.622,148.556,148.608,3944.0,148.597,148.62,148.59487278867485
2025-07-17T21:00:00Z,148.587,148.616,148.555,148.56,538.0,148.51,148.61,148.5902230835182
2025-07-17T22:00:00Z,148.555,148.572,148.298,148.319,2689.0,148.31,148.328,148.55406000571577
2025-07-17T23:00:00Z,148.32,148.456,148.29,148.445,4038.0,148.437,148.453,148.53951867162033
2025-07-18T00:00:00Z,148.444,148.625,148.332,148.584,11240.0,148.575,148.593,148.5454495154043
2025-07-18T01:00:00Z,148.586,148.624,148.382,148.486,9080.0,148.477,148.494,148.5375229133504
2025-07-18T02:00:00Z,148.486,148.578,148.415,148.522,6533.0,148.514,148.529,148.53545319157033
2025-07-18T03:00:00Z,148.521,148.67,148.477,148.668,6703.0,148.661,148.676,148.55312609936095
2025-07-18T04:00:00Z,148.668,148.725,148.618,148.67,5304.0,148.663,148.677,148.56870928611283
2025-07-18T05:00:00Z,148.676,148.809,148.668,148.761,7616.0,148.753,148.769,148.59434804796444
2025-07-18T06:00:00Z,148.759,148.839,148.692,148.742,9155.0,148.734,148.749,148.61403497490252
2025-07-18T07:00:00Z,148.741,148.886,148.65,148.783,10169.0,148.775,148.791,148.63656364491553
2025-07-18T08:00:00Z,148.782,148.782,148.502,148.589,9183.0,148.583,148.595,148.63022182559345
2025-07-18T09:00:00Z,148.589,148.725,148.514,148.71,7206.0,148.701,148.718,148.64085891551431
2025-07-18T10:00:00Z,148.71,148.72,148.496,148.521,7924.0,148.513,148.529,148.62487772677906
2025-07-18T11:00:00Z,148.522,148.582,148.452,148.504,8681.0,148.496,148.511,148.60876069654185
2025-07-18T12:00:00Z,148.503,148.528,148.323,148.36,11407.0,148.353,148.368,148.5755926036696
2025-07-18T13:00:00Z,148.358,148.469,148.194,148.263,14728.0,148.255,148.271,148.533913589847
2025-07-18T14:00:00Z,148.263,148.518,148.184,148.481,17571.0,148.473,148.489,148.52685844453407
2025-07-18T15:00:00Z,148.48,148.564,148.364,148.556,12330.0,148.55,148.563,148.53074398526286
2025-07-18T16:00:00Z,148.556,148.733,148.512,148.69,11443.0,148.683,148.697,148.55197812056116
2025-07-18T17:00:00Z,148.69,148.794,148.656,148.714,7547.0,148.707,148.722,148.57358103781968
2025-07-18T18:00:00Z,148.714,148.788,148.702,148.77,6351.0,148.763,148.777,148.59977023277708
2025-07-18T19:00:00Z,148.768,148.812,148.734,148.744,3678.0,148.735,148.752,148.6190008684068
2025-07-18T20:00:00Z,148.744,148.854,148.696,148.844,4358.0,148.816,148.871,148.64900075261923
2025-07-20T21:00:00Z,147.975,148.254,147.971,148.218,1620.0,148.18,148.256,148.59153398560335
2025-07-20T22:00:00Z,148.214,148.666,148.214,148.59,5807.0,148.583,148.597,148.59132945418958
2025-07-20T23:00:00Z,148.59,148.664,148.373,148.456,7424.0,148.446,148.466,148.5732855269643
2025-07-21T00:00:00Z,148.456,148.49,148.243,148.389,11289.0,148.38,148.398,148.54871412336905
2025-07-21T01:00:00Z,148.392,148.542,148.334,148.514,9783.0,148.506,148.522,148.54408557358653
2025-07-21T02:00:00Z,148.514,148.561,148.438,148.503,5936.0,148.496,148.51,148.53860749710833
2025-07-21T03:00:00Z,148.502,148.544,148.392,148.461,5111.0,148.452,148.47,148.52825983082724
2025-07-21T04:00:00Z,148.46,148.526,148.422,148.446,3814.0,148.437,148.455,148.5172918533836
2025-07-21T05:00:00Z,148.446,148.452,148.262,148.3,7694.0,148.293,148.307,148.48831960626578
2025-07-21T06:00:00Z,148.3,148.31,147.776,147.938,14690.0,147.929,147.946,148.41494365876366
2025-07-21T07:00:00Z,147.936,148.247,147.917,148.103,14270.0,148.094,148.112,148.37335117092852
2025-07-21T08:00:00Z,148.099,148.135,147.692,147.896,12417.0,147.888,147.904,148.30970434813804
2025-07-21T09:00:00Z,147.896,147.974,147.849,147.918,8186.0,147.909,147.926,148.25747710171964
2025-07-21T10:00:00Z,147.919,147.98,147.756,147.757,7447.0,147.748,147.766,148.19074682149036
2025-07-21T11:00:00Z,147.756,147.769,147.508,147.55,12697.0,147.543,147.557,148.10531391195832
2025-07-21T12:00:00Z,147.55,147.556,147.336,147.494,12258.0,147.487,147.502,148.0238053903639
2025-07-21T13:00:00Z,147.496,147.724,147.495,147.53,13039.0,147.522,147.537,147.9579646716487
2025-07-21T14:00:00Z,147.53,147.548,147.286,147.428,17566.0,147.42,147.435,147.8873027154289
2025-07-21T15:00:00Z,147.428,147.428,147.256,147.269,13215.0,147.261,147.277,147.8048623533717
2025-07-21T16:00:00Z,147.268,147.334,147.082,147.162,9057.0,147.154,147.171,147.71914737292215
2025-07-21T17:00:00Z,147.161,147.31,147.112,147.254,6920.0,147.248,147.261,147.6571277231992
2025-07-21T18:00:00Z,147.252,147.382,147.216,147.328,5609.0,147.32,147.335,147.61324402677266
2025-07-21T19:00:00Z,147.327,147.375,147.271,147.36,5782.0,147.351,147.368,147.5794781565363
2025-07-21T20:00:00Z,147.358,147.44,147.339,147.346,3705.0,147.337,147.354,147.5483477356648
2025-07-21T21:00:00Z,147.375,147.407,147.248,147.33,373.0,147.309,147.35,147.51923470424285
2025-07-21T22:00:00Z,147.329,147.416,147.308,147.402,1634.0,147.392,147.412,147.5036034103438
2025-07-21T23:00:00Z,147.402,147.497,147.391,147.402,3936.0,147.392,147.411,147.49005628896464
2025-07-22T00:00:00Z,147.402,147.714,147.394,147.486,12395.0,147.479,147.494,147.48951545043602
2025-07-22T01:00:00Z,147.486,147.643,147.452,147.584,7786.0,147.575,147.592,147.50211339037787
2025-07-22T02:00:00Z,147.584,147.587,147.412,147.466,5621.0,147.458,147.474,147.49729827166084
2025-07-22T03:00:00Z,147.464,147.615,147.418,147.578,4820.0,147.568,147.587,147.50805850210605
2025-07-22T04:00:00Z,147.575,147.673,147.54,147.638,5356.0,147.629,147.646,147.5253840351586
2025-07-22T05:00:00Z,147.635,147.81,147.604,147.771,5395.0,147.764,147.778,147.55813283047078
2025-07-22T06:00:00Z,147.772,147.932,147.722,147.824,8289.0,147.817,147.832,147.593581786408
2025-07-22T07:00:00Z,147.822,147.95,147.705,147.71,9692.0,147.702,147.719,147.60910421488694
2025-07-22T08:00:00Z,147.71,147.766,147.608,147.616,9108.0,147.608,147.623,147.61002365290202
2025-07-22T09:00:00Z,147.614,147.614,147.422,147.437,8369.0,147.429,147.445,147.5869538325151
2025-07-22T10:00:00Z,147.438,147.558,147.362,147.534,6559.0,147.527,147.541,147.57989332151308
2025-07-22T11:00:00Z,147.534,147.57,147.156,147.199,9910.0,147.19,147.208,147.52910754531135
2025-07-22T12:00:00Z,147.2,147.258,146.742,146.804,15148.0,146.795,146.812,147.43242653926984
2025-07-22T13:00:00Z,146.802,146.894,146.507,146.576,19742.0,146.568,146.584,147.31823633403386
2025-07-22T14:00:00Z,146.576,146.675,146.325,146.453,21654.0,146.446,146.46,147.202871489496
2025-07-22T15:00:00Z,146.454,146.532,146.345,146.37,17365.0,146.364,146.377,147.0918219575632
2025-07-22T16:00:00Z,146.372,146.477,146.306,146.428,10122.0,146.421,146.436,147.00331236322145
2025-07-22T17:00:00Z,146.428,146.588,146.428,146.556,8808.0,146.547,146.564,146.94367071479192
2025-07-22T18:00:00Z,146.556,146.594,146.525,146.564,6996.0,146.557,146.571,146.89304795281967
2025-07-22T19:00:00Z,146.565,146.604,146.49,146.559,6417.0,146.551,146.567,146.84850822577704
2025-07-22T20:00:00Z,146.56,146.686,146.551,146.646,4836.0,146.635,146.656,146.82150712900676
2025-07-22T21:00:00Z,146.626,146.651,146.594,146.613,258.0,146.573,146.653,146.79370617847252
2025-07-22T22:00:00Z,146.612,146.778,146.602,146.694,2414.0,146.686,146.703,146.78041202134284
2025-07-22T23:00:00Z,146.693,146.944,146.25,146.759,16929.0,146.749,146.769,146.7775570851638
2025-07-23T00:00:00Z,146.763,146.812,146.198,146.44,24280.0,146.431,146.449,146.73254947380863
2025-07-23T01:00:00Z,146.439,146.729,146.39,146.607,18235.0,146.599,146.615,146.71580954396748
2025-07-23T02:00:00Z,146.609,147.206,146.422,146.938,21453.0,146.929,146.948,146.74543493810515
2025-07-23T03:00:00Z,146.939,147.022,146.744,146.928,9344.0,146.92,146.935,146.7697769463578
2025-07-23T04:00:00Z,146.926,147.075,146.912,146.944,9289.0,146.935,146.953,146.79300668684343
2025-07-23T05:00:00Z,146.944,147.208,146.857,147.162,10831.0,147.153,147.171,146.8422057952643
2025-07-23T06:00:00Z,147.164,147.214,146.656,146.86,18001.0,146.852,146.867,146.84457835589575
2025-07-23T07:00:00Z,146.86,146.887,146.598,146.754,16240.0,146.745,146.762,146.83250124177633
2025-07-23T08:00:00Z,146.745,146.906,146.643,146.794,13076.0,146.785,146.802,146.82736774287284
2025-07-23T09:00:00Z,146.795,146.8,146.467,146.504,10409.0,146.497,146.512,146.78425204382313
2025-07-23T10:00:00Z,146.504,146.552,146.281,146.412,8694.0,146.403,146.421,146.73461843798006
2025-07-23T11:00:00Z,146.411,146.42,146.11,146.209,10493.0,146.2,146.218,146.66453597958272
2025-07-23T12:00:00Z,146.206,146.497,146.157,146.416,12332.0,146.408,146.423,146.6313978489717
2025-07-23T13:00:00Z,146.415,146.732,146.372,146.542,18279.0,146.533,146.552,146.61947813577547
2025-07-23T14:00:00Z,146.543,146.592,146.29,146.418,15364.0,146.411,146.426,146.59261438433873
2025-07-23T15:00:00Z,146.419,146.572,146.238,146.554,17705.0,146.546,146.562,146.58746579976022
2025-07-23T16:00:00Z,146.556,146.618,146.414,146.58,19586.0,146.571,146.589,146.5864703597922
2025-07-23T17:00:00Z,146.58,146.624,146.476,146.534,13326.0,146.526,146.543,146.57947431181992
2025-07-23T18:00:00Z,146.534,146.544,146.371,146.468,8393.0,146.46,146.477,146.56461107024393
2025-07-23T19:00:00Z,146.468,146.582,146.426,146.529,7424.0,146.521,146.537,146.55986292754474
2025-07-23T20:00:00Z,146.53,146.534,146.453,146.51,5971.0,146.484,146.535,146.55321453720543
2025-07-23T21:00:00Z,146.478,146.552,146.392,146.479,1320.0,146.429,146.529,146.54331926557805
2025-07-23T22:00:00Z,146.493,146.53,146.409,146.452,2512.0,146.443,146.462,146.53114336350097
2025-07-23T23:00:00Z,146.45,146.451,146.24,146.346,6094.0,146.338,146.354,146.50645758170086
2025-07-24T00:00:00Z,146.349,146.492,146.268,146.432,14063.0,146.423,146.44,146.49652990414074
2025-07-24T01:00:00Z,146.431,146.439,145.854,145.938,16977.0,145.929,145.946,146.4220592502553
2025-07-24T02:00:00Z,145.938,146.153,145.938,146.043,10411.0,146.035,146.051,146.37151801688793
2025-07-24T03:00:00Z,146.04,146.109,145.898,146.01,8941.0,146.001,146.018,146.32331561463621
2025-07-24T04:00:00Z,146.01,146.082,145.93,146.02,7822.0,146.013,146.027,146.28287353268473
2025-07-24T05:00:00Z,146.019,146.113,145.956,146.016,10530.0,146.006,146.025,146.24729039499343
2025-07-24T06:00:00Z,146.013,146.306,145.992,146.274,14758.0,146.267,146.282,146.25085167566098
2025-07-24T07:00:00Z,146.276,146.46,146.142,146.414,15343.0,146.406,146.422,146.27260478557287
2025-07-24T08:00:00Z,146.413,146.566,146.311,146.544,14404.0,146.537,146.551,146.30879081416316
2025-07-24T09:00:00Z,146.546,146.649,146.522,146.554,11766.0,146.545,146.562,146.34148537227475
2025-07-24T10:00:00Z,146.552,146.66,146.526,146.572,9798.0,146.566,146.579,146.37222065597146
2025-07-24T11:00:00Z,146.573,146.626,146.467,146.484,10827.0,146.476,146.492,146.3871245685086
2025-07-24T12:00:00Z,146.482,146.832,146.448,146.794,19234.0,146.786,146.803,146.44137462604078
2025-07-24T13:00:00Z,146.794,146.875,146.48,146.551,28323.0,146.542,146.56,146.45599134256867
2025-07-24T14:00:00Z,146.552,146.817,146.356,146.784,25855.0,146.777,146.792,146.49972583022617
2025-07-24T15:00:00Z,146.784,146.948,146.738,146.928,17976.0,146.921,146.936,146.5568290528627
2025-07-24T16:00:00Z,146.927,146.952,146.786,146.901,11872.0,146.894,146.908,146.602718512481
2025-07-24T17:00:00Z,146.902,146.902,146.752,146.814,9881.0,146.805,146.822,146.63088937748353
2025-07-24T18:00:00Z,146.815,146.931,146.796,146.919,8757.0,146.911,146.927,146.6693041271524
2025-07-24T19:00:00Z,146.918,146.967,146.851,146.939,7546.0,146.932,146.946,146.7052635768654
2025-07-24T20:00:00Z,146.938,147.028,146.885,147.002,9476.0,146.994,147.01,146.74482843328335
2025-07-24T21:00:00Z,146.989,147.122,146.983,147.102,499.0,147.082,147.121,146.79245130884559
2025-07-24T22:00:00Z,147.102,147.237,147.029,147.056,2851.0,147.046,147.066,146.82759113433283
2025-07-24T23:00:00Z,147.058,147.118,146.964,147.01,5303.0,147.002,147.019,146.8519123164218
2025-07-25T00:00:00Z,147.011,147.342,146.988,147.212,15580.0,147.204,147.22,146.89992400756555
2025-07-25T01:00:00Z,147.213,147.464,147.162,147.362,13105.0,147.353,147.37,146.96153413989015
2025-07-25T02:00:00Z,147.362,147.494,147.349,147.418,9302.0,147.412,147.424,147.02239625457148
2025-07-25T03:00:00Z,147.419,147.44,147.192,147.216,7165.0,147.207,147.224,147.04821008729527
2025-07-25T04:00:00Z,147.216,147.274,147.101,147.14,8022.0,147.132,147.148,147.06044874232256
2025-07-25T05:00:00Z,147.14,147.163,146.814,146.938,11406.0,146.928,146.947,147.04412224334624
2025-07-25T06:00:00Z,146.937,147.095,146.85,147.059,14447.0,147.051,147.067,147.0461059442334
2025-07-25T07:00:00Z,147.056,147.414,147.04,147.382,16077.0,147.373,147.39,147.09089181833562
2025-07-25T08:00:00Z,147.38,147.832,147.36,147.754,16921.0,147.745,147.763,147.17930624255754
2025-07-25T09:00:00Z,147.754,147.897,147.726,147.872,9469.0,147.864,147.88,147.27166541021654
2025-07-25T10:00:00Z,147.874,147.902,147.752,147.776,8969.0,147.768,147.783,147.33891002218766
2025-07-25T11:00:00Z,147.777,147.943,147.646,147.676,10636.0,147.67,147.683,147.38385535256265
2025-07-25T12:00:00Z,147.678,147.938,147.605,147.855,13228.0,147.847,147.863,147.44667463888763
2025-07-25T13:00:00Z,147.853,147.926,147.601,147.67,34995.0,147.661,147.678,147.4764513537026
2025-07-25T14:00:00Z,147.671,147.766,147.528,147.732,22294.0,147.725,147.739,147.51052450654225
2025-07-25T15:00:00Z,147.733,147.808,147.662,147.783,13074.0,147.775,147.791,147.54685457233663
2025-07-25T16:00:00Z,147.782,147.836,147.73,147.759,10756.0,147.751,147.767,147.5751406293584
2025-07-25T17:00:00Z,147.76,147.782,147.658,147.676,8114.0,147.668,147.683,147.58858854544394
2025-07-25T18:00:00Z,147.675,147.684,147.548,147.564,8233.0,147.556,147.572,147.58531007271807
2025-07-25T19:00:00Z,147.564,147.62,147.531,147.62,6374.0,147.61,147.629,147.58993539635566
2025-07-25T20:00:00Z,147.619,147.69,147.616,147.668,6000.0,147.655,147.682,147.60034401017492
2025-07-27T21:00:00Z,147.764,147.765,147.679,147.684,710.0,147.654,147.714,147.6114981421516
2025-07-27T22:00:00Z,147.686,147.834,147.623,147.817,3886.0,147.806,147.828,147.63889838986472
2025-07-27T23:00:00Z,147.816,147.878,147.746,147.786,5693.0,147.779,147.794,147.65851193788276
2025-07-28T00:00:00Z,147.786,147.814,147.602,147.618,17782.0,147.608,147.628,147.65311034616505
2025-07-28T01:00:00Z,147.617,147.88,147.516,147.864,13967.0,147.856,147.873,147.68122896667637
2025-07-28T02:00:00Z,147.867,148.024,147.823,147.836,10900.0,147.827,147.844,147.70186510445285
2025-07-28T03:00:00Z,147.834,147.87,147.688,147.716,7317.0,147.709,147.724,147.70374975719247
2025-07-28T04:00:00Z,147.715,147.797,147.626,147.746,8701.0,147.74,147.752,147.70938312290014
2025-07-28T05:00:00Z,147.75,147.878,147.732,147.856,8679.0,147.847,147.865,147.7289320398468
2025-07-28T06:00:00Z,147.857,148.21,147.836,148.02,16267.0,148.012,148.029,147.76774110120056
2025-07-28T07:00:00Z,148.019,148.339,147.794,148.291,20001.0,148.283,148.299,147.83750895437382
2025-07-28T08:00:00Z,148.292,148.374,148.156,148.274,17656.0,148.267,148.282,147.8957077604573
2025-07-28T09:00:00Z,148.275,148.414,148.228,148.388,13638.0,148.38,148.397,147.96134672572967
2025-07-28T10:00:00Z,148.39,148.434,148.294,148.41,12834.0,148.403,148.418,148.02116716229907
2025-07-28T11:00:00Z,148.409,148.445,148.078,148.145,15885.0,148.136,148.154,148.03767820732585
2025-07-28T12:00:00Z,148.144,148.186,148.028,148.052,19845.0,148.045,148.059,148.03958777968242
2025-07-28T13:00:00Z,148.051,148.332,147.938,148.296,21957.0,148.288,148.303,148.07377607572477
2025-07-28T14:00:00Z,148.294,148.322,148.098,148.278,17990.0,148.27,148.285,148.1010059322948
2025-07-28T15:00:00Z,148.277,148.497,148.26,148.462,14371.0,148.453,148.47,148.1491384746555
2025-07-28T16:00:00Z,148.461,148.524,148.444,148.489,9632.0,148.481,148.497,148.19445334470143
2025-07-28T17:00:00Z,148.49,148.548,148.393,148.528,9986.0,148.521,148.535,148.2389262320746
2025-07-28T18:00:00Z,148.528,148.578,148.48,148.556,7074.0,148.547,148.564,148.28120273446464
2025-07-28T19:00:00Z,148.555,148.561,148.523,148.55,5421.0,148.543,148.558,148.31704236986937
2025-07-28T20:00:00Z,148.549,148.58,148.497,148.545,3739.0,148.532,148.558,148.34743672055345
2025-07-28T21:00:00Z,148.495,148.577,148.49,148.564,474.0,148.546,148.582,148.37631182447967
2025-07-28T22:00:00Z,148.565,148.586,148.494,148.505,1698.0,148.495,148.515,148.3934702478824
2025-07-28T23:00:00Z,148.502,148.638,148.452,148.458,3577.0,148.449,148.466,148.4020742148314
2025-07-29T00:00:00Z,148.458,148.714,148.43,148.686,11542.0,148.678,148.695,148.43993098618722
2025-07-29T01:00:00Z,148.688,148.71,148.47,148.59,10772.0,148.583,148.598,148.45994018802892
2025-07-29T02:00:00Z,148.592,148.592,148.29,148.346,8505.0,148.336,148.355,148.4447481629584
2025-07-29T03:00:00Z,148.348,148.454,148.308,148.359,6680.0,148.351,148.367,148.43331507456395
2025-07-29T04:00:00Z,148.36,148.5,148.332,148.35,7889.0,148.341,148.359,148.42220639795542
2025-07-29T05:00:00Z,148.351,148.41,148.17,148.242,8132.0,148.233,148.25,148.39817887822804
2025-07-29T06:00:00Z,148.242,148.544,148.158,148.522,16031.0,148.514,148.529,148.41468836113097
2025-07-29T07:00:00Z,148.521,148.752,148.487,148.579,17868.0,148.571,148.587,148.43659657964685
2025-07-29T08:00:00Z,148.58,148.61,148.356,148.554,12831.0,148.546,148.562,148.45225036902727
2025-07-29T09:00:00Z,148.554,148.576,148.45,148.552,11426.0,148.545,148.559,148.46555031982365
2025-07-29T10:00:00Z,148.552,148.612,148.386,148.544,9742.0,148.535,148.553,148.4760102771805
2025-07-29T11:00:00Z,148.544,148.757,148.516,148.717,10828.0,148.71,148.724,148.50814224022312
2025-07-29T12:00:00Z,148.718,148.774,148.604,148.706,13910.0,148.698,148.715,148.53452327486005
2025-07-29T13:00:00Z,148.706,148.81,148.529,148.582,15429.0,148.557,148.606,148.54085350487873
2025-07-29T14:00:00Z,148.578,148.75,148.433,148.474,24223.0,148.468,148.481,148.53193970422822
2025-07-29T15:00:00Z,148.474,148.624,148.352,148.576,17639.0,148.569,148.583,148.53781441033112
2025-07-29T16:00:00Z,148.576,148.604,148.452,148.562,12628.0,148.554,148.571,148.54103915562033
2025-07-29T17:00:00Z,148.562,148.586,148.338,148.489,11482.0,148.481,148.497,148.53410060153763
2025-07-29T18:00:00Z,148.488,148.558,148.432,148.432,8339.0,148.424,148.439,148.5204871879993
2025-07-29T19:00:00Z,148.43,148.509,148.346,148.506,7197.0,148.498,148.513,148.51855556293273
2025-07-29T20:00:00Z,148.505,148.517,148.447,148.476,3944.0,148.466,148.487,148.51288148787503
2025-07-29T21:00:00Z,148.491,148.512,148.452,148.466,153.0,148.416,148.516,148.50663062282504
2025-07-29T22:00:00Z,148.466,148.498,148.438,148.474,1655.0,148.465,148.484,148.50227987311504
2025-07-29T23:00:00Z,148.474,148.526,148.418,148.425,2346.0,148.416,148.434,148.49197589003305
2025-07-30T00:00:00Z,148.426,148.451,148.036,148.058,14943.0,148.05,148.065,148.43411243802865
2025-07-30T01:00:00Z,148.055,148.166,147.941,148.143,13226.0,148.135,148.151,148.3952974462915
2025-07-30T02:00:00Z,148.142,148.157,148.03,148.044,8009.0,148.037,148.051,148.34845778678596
2025-07-30T03:00:00Z,148.043,148.044,147.845,147.974,8501.0,147.966,147.983,148.29853008188115
2025-07-30T04:00:00Z,147.975,148.174,147.968,148.158,7543.0,148.15,148.165,148.27979273763034
2025-07-30T05:00:00Z,148.158,148.173,147.858,148.031,11530.0,148.022,148.04,148.24662037261297
2025-07-30T06:00:00Z,148.032,148.136,147.862,147.9,14789.0,147.891,147.908,148.20040432293123
2025-07-30T07:00:00Z,147.9,148.084,147.804,148.082,15207.0,148.074,148.091,148.18461707987373
2025-07-30T08:00:00Z,148.085,148.12,147.924,147.962,12345.0,147.953,147.97,148.15493480255725
2025-07-30T09:00:00Z,147.96,148.072,147.855,148.039,11099.0,148.031,148.047,148.13947682888295
2025-07-30T10:00:00Z,148.038,148.294,147.984,148.173,11127.0,148.167,148.179,148.1439465850319
2025-07-30T11:00:00Z,148.172,148.36,148.114,148.312,11401.0,148.306,148.319,148.16635370702764
2025-07-30T12:00:00Z,148.311,148.888,148.264,148.852,27543.0,148.843,148.86,148.2577732127573
2025-07-30T13:00:00Z,148.852,149.102,148.83,149.054,22991.0,149.046,149.062,148.36393678438967
2025-07-30T14:00:00Z,149.056,149.058,148.872,148.928,18164.0,148.922,148.935,148.43914521313772
2025-07-30T15:00:00Z,148.928,149.116,148.845,149.077,14420.0,149.07,149.084,148.5241925180527
2025-07-30T16:00:00Z,149.076,149.134,148.928,148.935,8766.0,148.927,148.943,148.578966848979
2025-07-30T17:00:00Z,148.935,148.936,148.787,148.789,8527.0,148.753,148.825,148.60697126911515
2025-07-30T18:00:00Z,148.788,149.352,148.522,149.348,41947.0,149.341,149.356,148.7057750998998
2025-07-30T19:00:00Z,149.348,149.439,149.222,149.416,18866.0,149.409,149.422,148.80047175324648
2025-07-30T20:00:00Z,149.414,149.538,149.362,149.526,6843.0,149.513,149.54,148.89720885281363
2025-07-30T21:00:00Z,149.482,149.484,149.449,149.461,822.0,149.451,149.471,148.9723810057718
2025-07-30T22:00:00Z,149.46,149.469,149.296,149.312,2764.0,149.305,149.319,149.01766353833557
2025-07-30T23:00:00Z,149.313,149.399,149.21,149.224,4822.0,149.216,149.231,149.0451750665575
2025-07-31T00:00:00Z,149.224,149.394,149.182,149.308,10407.0,149.3,149.317,149.0802183910165
2025-07-31T01:00:00Z,149.308,149.342,148.963,148.98,10118.0,148.971,148.989,149.06685593888096
2025-07-31T02:00:00Z,148.98,149.004,148.64,148.839,8986.0,148.831,148.847,149.03647514703016
2025-07-31T03:00:00Z,148.837,148.922,148.59,148.748,10343.0,148.739,148.757,148.9980117940928
2025-07-31T04:00:00Z,148.748,148.96,148.731,148.887,9393.0,148.879,148.895,148.9832102215471
2025-07-31T05:00:00Z,148.888,148.926,148.744,148.788,8738.0,148.78,148.797,148.95718219200748
2025-07-31T06:00:00Z,148.788,149.099,148.684,148.88,19804.0,148.872,148.888,148.94689123307316
2025-07-31T07:00:00Z,148.88,149.724,148.854,149.399,20953.0,149.391,149.407,149.00717240199674
2025-07-31T08:00:00Z,149.398,149.701,149.3,149.632,16072.0,149.621,149.642,149.0904827483972
2025-07-31T09:00:00Z,149.632,149.959,149.621,149.954,11437.0,149.947,149.96,149.20561838194425
2025-07-31T10:00:00Z,149.954,150.048,149.874,149.945,10456.0,149.938,149.952,149.30420259768502
2025-07-31T11:00:00Z,149.944,150.104,149.812,149.876,13582.0,149.867,149.884,149.38044225132703
2025-07-31T12:00:00Z,149.876,150.258,149.812,150.188,20564.0,150.181,150.196,149.48811661781676
2025-07-31T13:00:00Z,150.19,150.586,150.178,150.566,18806.0,150.558,150.574,149.63183440210787
2025-07-31T14:00:00Z,150.566,150.635,150.378,150.48,23780.0,150.472,150.487,149.74492314849348
2025-07-31T15:00:00Z,150.479,150.605,150.347,150.605,19767.0,150.598,150.612,149.85960006202768
2025-07-31T16:00:00Z,150.606,150.792,150.59,150.688,11354.0,150.679,150.696,149.97005338709067
2025-07-31T17:00:00Z,150.686,150.724,150.558,150.662,10513.0,150.654,150.671,150.0623129354786
2025-07-31T18:00:00Z,150.662,150.79,150.662,150.758,9440.0,150.751,150.764,150.1550712107481
2025-07-31T19:00:00Z,150.758,150.804,150.692,150.801,7544.0,150.793,150.809,150.24119504931502
2025-07-31T20:00:00Z,150.8,150.844,150.739,150.766,7892.0,150.747,150.785,150.3111690427397
2025-07-31T21:00:00Z,150.718,150.758,150.68,150.708,545.0,150.685,150.73,150.36407983704106
2025-07-31T22:00:00Z,150.708,150.798,150.688,150.745,3714.0,150.733,150.757,150.41486919210226
2025-07-31T23:00:00Z,150.744,150.884,150.644,150.81,8062.0,150.799,150.82,150.46755329982196
2025-08-01T00:00:00Z,150.812,150.898,150.594,150.736,15497.0,150.726,150.746,150.50334619317903
2025-08-01T01:00:00Z,150.738,150.918,150.632,150.906,15792.0,150.897,150.914,150.55703336742184
2025-08-01T02:00:00Z,150.904,150.914,150.704,150.766,10562.0,150.757,150.774,150.58489558509893
2025-08-01T03:00:00Z,150.766,150.78,150.552,150.588,7369.0,150.579,150.596,150.58530950708575
2025-08-01T04:00:00Z,150.587,150.658,150.552,150.608,6055.0,150.6,150.617,150.588334906141
2025-08-01T05:00:00Z,150.609,150.659,150.413,150.474,7858.0,150.467,150.48,150.57309025198887
2025-08-01T06:00:00Z,150.476,150.65,150.448,150.606,12464.0,150.599,150.613,150.57747821839035
2025-08-01T07:00:00Z,150.604,150.626,150.455,150.536,14630.0,150.526,150.545,150.57194778927163
2025-08-01T08:00:00Z,150.534,150.63,150.509,150.61,10177.0,150.602,150.617,150.57702141736874
2025-08-01T09:00:00Z,150.608,150.63,150.418,150.504,10450.0,150.496,150.512,150.56728522838625
2025-08-01T10:00:00Z,150.504,150.516,150.322,150.358,11040.0,150.351,150.366,150.53938053126808
2025-08-01T11:00:00Z,150.362,150.529,150.282,150.518,10728.0,150.51,150.527,150.53652979376568
2025-08-01T12:00:00Z,150.519,150.599,148.566,148.638,52107.0,148.63,148.645,150.28339248793026
2025-08-01T13:00:00Z,148.632,148.665,147.986,148.145,59491.0,148.132,148.158,149.99827348953957
2025-08-01T14:00:00Z,148.144,148.226,147.486,148.09,64001.0,148.084,148.097,149.74383702426763
2025-08-01T15:00:00Z,148.096,148.187,147.929,148.058,31656.0,148.049,148.066,149.5190587543653
2025-08-01T16:00:00Z,148.058,148.108,147.78,147.828,16986.0,147.821,147.836,149.29358425378325
2025-08-01T17:00:00Z,147.827,147.952,147.728,147.88,16483.0,147.871,147.89,149.1051063532788
2025-08-01T18:00:00Z,147.881,147.902,147.68,147.853,12704.0,147.845,147.861,148.9381588395083
2025-08-01T19:00:00Z,147.848,147.862,147.322,147.444,17171.0,147.434,147.453,148.7389376609072
2025-08-01T20:00:00Z,147.442,147.462,147.293,147.42,9979.0,147.37,147.47,148.56307930611956
2025-08-03T21:00:00Z,147.262,147.274,147.2,147.218,534.0,147.19,147.245,148.38373539863696
2025-08-03T22:00:00Z,147.217,147.295,147.056,147.247,5722.0,147.24,147.254,148.2321706788187
2025-08-03T23:00:00Z,147.248,147.384,147.118,147.349,8210.0,147.34,147.358,148.11441458830956
2025-08-04T00:00:00Z,147.35,147.692,147.27,147.653,18457.0,147.644,147.662,148.05289264320163
2025-08-04T01:00:00Z,147.654,147.91,147.622,147.766,14736.0,147.758,147.773,148.01464029077474
2025-08-04T02:00:00Z,147.765,147.865,147.628,147.796,9038.0,147.788,147.803,147.98548825200479
2025-08-04T03:00:00Z,147.795,147.795,147.588,147.694,7538.0,147.685,147.702,147.94662315173747
2025-08-04T04:00:00Z,147.693,147.713,147.552,147.688,6386.0,147.68,147.697,147.91214006483915
2025-08-04T05:00:00Z,147.688,147.872,147.655,147.786,8446.0,147.778,147.793,147.89532138952725
2025-08-04T06:00:00Z,147.782,147.851,147.536,147.644,14899.0,147.637,147.652,147.86181187092362
2025-08-04T07:00:00Z,147.647,148.048,147.596,147.884,17660.0,147.875,147.892,147.8647702881338
2025-08-04T08:00:00Z,147.882,148.09,147.862,147.895,15630.0,147.887,147.903,147.86880091638264
2025-08-04T09:00:00Z,147.896,147.948,147.678,147.816,12000.0,147.807,147.824,147.8617607941983
2025-08-04T10:00:00Z,147.814,147.854,147.566,147.578,10639.0,147.57,147.587,147.82392602163853
2025-08-04T11:00:00Z,147.577,147.601,147.344,147.345,15116.0,147.337,147.353,147.7600692187534
2025-08-04T12:00:00Z,147.345,147.442,147.006,147.193,16030.0,147.186,147.2,147.6844599895863
2025-08-04T13:00:00Z,147.196,147.32,146.956,147.09,21320.0,147.079,147.102,147.60519865764147
2025-08-04T14:00:00Z,147.09,147.264,146.866,147.231,25953.0,147.223,147.239,147.55530550328928
2025-08-04T15:00:00Z,147.232,147.354,147.044,147.098,16628.0,147.09,147.107,147.49433143618404
2025-08-04T16:00:00Z,147.099,147.217,147.002,147.038,9922.0,147.031,147.046,147.43348724469286
2025-08-04T17:00:00Z,147.039,147.098,146.961,146.968,8609.0,146.96,146.975,147.3714222787338
2025-08-04T18:00:00Z,146.967,147.01,146.908,146.948,8270.0,146.939,146.956,147.31496597490263
2025-08-04T19:00:00Z,146.948,147.062,146.914,147.032,5923.0,147.024,147.04,147.27723717824895
2025-08-04T20:00:00Z,147.032,147.118,146.954,147.092,5706.0,147.078,147.107,147.25253888781577
2025-08-04T21:00:00Z,147.144,147.21,147.076,147.118,451.0,147.068,147.168,147.23460036944033
2025-08-04T22:00:00Z,147.142,147.144,146.88,146.912,2549.0,146.903,146.921,147.19158698684828
2025-08-04T23:00:00Z,146.912,146.934,146.696,146.794,6187.0,146.786,146.803,147.13857538860185
2025-08-05T00:00:00Z,146.792,147.037,146.62,146.926,13760.0,146.918,146.935,147.11023200345494
2025-08-05T01:00:00Z,146.927,147.115,146.884,147.056,11959.0,147.047,147.065,147.10300106966096
2025-08-05T02:00:00Z,147.056,147.232,147.039,147.19,8095.0,147.181,147.199,147.1146009270395
2025-08-05T03:00:00Z,147.191,147.262,147.136,147.216,5516.0,147.207,147.225,147.12812080343426
2025-08-05T04:00:00Z,147.222,147.266,147.005,147.086,5809.0,147.078,147.093,147.1225046963097
2025-08-05T05:00:00Z,147.086,147.244,147.06,147.176,8387.0,147.167,147.185,147.12963740346842
2025-08-05T06:00:00Z,147.175,147.345,147.032,147.329,10843.0,147.322,147.336,147.15621908300596
2025-08-05T07:00:00Z,147.328,147.49,147.157,147.388,14111.0,147.381,147.394,147.18712320527183
2025-08-05T08:00:00Z,147.388,147.638,147.336,147.586,13921.0,147.579,147.592,147.24030677790225
2025-08-05T09:00:00Z,147.585,147.64,147.451,147.626,8819.0,147.617,147.634,147.2917325408486
2025-08-05T10:00:00Z,147.628,147.779,147.584,147.622,7684.0,147.613,147.63,147.3357682020688
2025-08-05T11:00:00Z,147.623,147.697,147.548,147.632,7702.0,147.625,147.64,147.3752657751263
2025-08-05T12:00:00Z,147.632,147.756,147.542,147.666,19000.0,147.659,147.673,147.4140303384428
2025-08-05T13:00:00Z,147.666,147.836,147.506,147.732,16278.0,147.701,147.764,147.45642629331712
2025-08-05T14:00:00Z,147.734,147.735,147.354,147.451,34482.0,147.443,147.459,147.4557027875415
2025-08-05T15:00:00Z,147.45,147.57,147.3,147.495,18531.0,147.486,147.504,147.4609424158693
2025-08-05T16:00:00Z,147.497,147.594,147.429,147.549,10024.0,147.54,147.558,147.47268342708674
2025-08-05T17:00:00Z,147.55,147.653,147.485,147.622,7822.0,147.613,147.63,147.49259230347516
2025-08-05T18:00:00Z,147.622,147.682,147.592,147.608,7331.0,147.6,147.617,147.50797999634514
2025-08-05T19:00:00Z,147.608,147.708,147.582,147.61,5388.0,147.602,147.617,147.52158266349912
2025-08-05T20:00:00Z,147.609,147.621,147.5,147.556,3789.0,147.546,147.566,147.52617164169925
2025-08-05T21:00:00Z,147.591,147.623,147.562,147.582,1555.0,147.55,147.615,147.533615422806
2025-08-05T22:00:00Z,147.581,147.64,147.545,147.564,2327.0,147.557,147.572,147.53766669976523
2025-08-05T23:00:00Z,147.568,147.647,147.518,147.53,3388.0,147.521,147.538,147.53664447312985
2025-08-06T00:00:00Z,147.528,147.622,147.448,147.585,9310.0,147.576,147.594,147.54309187671254
2025-08-06T01:00:00Z,147.587,147.73,147.586,147.696,8127.0,147.688,147.704,147.5634796264842
2025-08-06T02:00:00Z,147.696,147.752,147.525,147.554,7564.0,147.546,147.561,147.5622156762863
2025-08-06T03:00:00Z,147.553,147.559,147.336,147.402,6280.0,147.392,147.411,147.54085358611482
2025-08-06T04:00:00Z,147.402,147.448,147.306,147.348,6567.0,147.338,147.357,147.51513977463284
2025-08-06T05:00:00Z,147.346,147.546,147.338,147.454,7286.0,147.446,147.461,147.5069878046818
2025-08-06T06:00:00Z,147.454,147.552,147.366,147.551,10073.0,147.544,147.558,147.5128560973909
2025-08-06T07:00:00Z,147.552,147.695,147.532,147.562,10900.0,147.555,147.57,147.5194086177388
2025-08-06T08:00:00Z,147.56,147.847,147.558,147.808,11801.0,147.8,147.815,147.55788746870698
2025-08-06T09:00:00Z,147.808,147.886,147.714,147.824,8890.0,147.816,147.833,147.59336913954604
2025-08-06T10:00:00Z,147.825,147.842,147.56,147.586,12299.0,147.578,147.594,147.59238658760657
2025-08-06T11:00:00Z,147.586,147.655,147.44,147.54,8363.0,147.534,147.546,147.58540170925903
2025-08-06T12:00:00Z,147.54,147.597,147.407,147.441,14560.0,147.434,147.448,147.5661481480245
2025-08-06T13:00:00Z,147.442,147.456,147.242,147.247,14509.0,147.238,147.256,147.52359506162122
2025-08-06T14:00:00Z,147.249,147.439,147.245,147.39,18244.0,147.382,147.398,147.5057823867384
2025-08-06T15:00:00Z,147.39,147.661,147.21,147.258,18713.0,147.252,147.264,147.47274473517328
2025-08-06T16:00:00Z,147.258,147.42,147.216,147.348,13048.0,147.339,147.356,147.45611210381685
2025-08-06T17:00:00Z,147.348,147.408,147.22,147.24,9384.0,147.231,147.25,147.4272971566413
2025-08-06T18:00:00Z,147.24,147.276,146.976,147.069,7630.0,147.06,147.078,147.37952420242246
2025-08-06T19:00:00Z,147.07,147.19,147.068,147.185,5797.0,147.177,147.193,147.35358764209946
2025-08-06T20:00:00Z,147.184,147.643,147.166,147.358,7173.0,147.349,147.368,147.3541759564862
2025-08-06T21:00:00Z,147.37,147.459,147.332,147.357,686.0,147.33,147.384,147.35455249562136
2025-08-06T22:00:00Z,147.35,147.36,147.207,147.217,2684.0,147.207,147.227,147.33621216287185
2025-08-06T23:00:00Z,147.222,147.255,147.154,147.199,3908.0,147.19,147.208,147.31791720782226
2025-08-07T00:00:00Z,147.198,147.601,147.173,147.584,11482.0,147.575,147.592,147.35339491344595
2025-08-07T01:00:00Z,147.584,147.69,147.482,147.494,10672.0,147.486,147.503,147.37214225831983
2025-08-07T02:00:00Z,147.495,147.577,147.445,147.566,6818.0,147.557,147.574,147.3979899572105
2025-08-07T03:00:00Z,147.566,147.712,147.48,147.514,6917.0,147.507,147.522,147.41345796291577
2025-08-07T04:00:00Z,147.514,147.536,147.268,147.306,8145.0,147.297,147.314,147.399130234527
2025-08-07T05:00:00Z,147.306,147.348,147.214,147.277,7961.0,147.271,147.283,147.38284620325675
2025-08-07T06:00:00Z,147.274,147.305,146.798,146.858,12486.0,146.85,146.865,147.31286670948919
2025-08-07T07:00:00Z,146.857,146.962,146.69,146.804,16105.0,146.798,146.811,147.24501781489064
2025-08-07T08:00:00Z,146.807,147.187,146.78,147.132,18961.0,147.124,147.14,147.22994877290523
2025-08-07T09:00:00Z,147.132,147.354,147.113,147.348,9951.0,147.341,147.354,147.24568893651787
2025-08-07T10:00:00Z,147.348,147.404,147.284,147.33,11127.0,147.324,147.337,147.25693041164882
2025-08-07T11:00:00Z,147.33,147.496,147.256,147.312,16915.0,147.304,147.32,147.26427302342898
2025-08-07T12:00:00Z,147.312,147.394,147.021,147.287,20062.0,147.278,147.296,147.26730328697178
2025-08-07T13:00:00Z,147.288,147.321,147.113,147.276,22070.0,147.268,147.285,147.26846284870888
2025-08-07T14:00:00Z,147.276,147.543,147.196,147.49,25950.0,147.483,147.498,147.2980011355477
2025-08-07T15:00:00Z,147.491,147.588,147.324,147.366,16682.0,147.358,147.373,147.30706765080802
2025-08-07T16:00:00Z,147.364,147.437,147.306,147.366,8483.0,147.358,147.374,147.31492529736695
2025-08-07T17:00:00Z,147.366,147.47,147.36,147.42,10782.0,147.413,147.428,147.32893525771803
2025-08-07T18:00:00Z,147.42,147.568,147.39,147.567,6991.0,147.56,147.574,147.36067722335562
2025-08-07T19:00:00Z,147.566,147.568,146.942,147.086,14859.0,147.078,147.094,147.3240535935749
2025-08-07T20:00:00Z,147.084,147.159,146.959,147.152,6303.0,147.141,147.162,147.3011131144316
2025-08-07T21:00:00Z,147.129,147.133,147.041,147.058,295.0,147.008,147.108,147.2686980325074
2025-08-07T22:00:00Z,147.042,147.07,146.815,146.951,3918.0,146.942,146.96,147.22633829483973
2025-08-07T23:00:00Z,146.95,146.961,146.762,146.795,6053.0,146.788,146.802,147.16882652219445
2025-08-08T00:00:00Z,146.796,147.194,146.72,147.148,14132.0,147.139,147.156,147.16604965256852
2025-08-08T01:00:00Z,147.147,147.374,147.132,147.286,8568.0,147.278,147.295,147.18204303222606
2025-08-08T02:00:00Z,147.288,147.315,147.158,147.202,6167.0,147.193,147.21,147.18470396126258
2025-08-08T03:00:00Z,147.203,147.308,147.169,147.192,5612.0,147.184,147.2,147.18567676642758
2025-08-08T04:00:00Z,147.192,147.212,147.116,147.164,5988.0,147.156,147.171,147.1827865309039
2025-08-08T05:00:00Z,147.162,147.421,147.15,147.412,8858.0,147.404,147.421,147.2133483267834
2025-08-08T06:00:00Z,147.411,147.454,147.248,147.329,10742.0,147.32,147.338,147.22876854987896
2025-08-08T07:00:00Z,147.328,147.398,147.136,147.325,13352.0,147.317,147.333,147.24159940989512
2025-08-08T08:00:00Z,147.324,147.696,147.16,147.648,14402.0,147.639,147.656,147.29578615524244
2025-08-08T09:00:00Z,147.646,147.727,147.544,147.711,13035.0,147.702,147.72,147.3511480012101
2025-08-08T10:00:00Z,147.712,147.838,147.644,147.798,10200.0,147.791,147.806,147.41072826771543
2025-08-08T11:00:00Z,147.8,147.852,147.71,147.814,10002.0,147.807,147.822,147.46449783202004
2025-08-08T12:00:00Z,147.815,147.894,147.64,147.845,15317.0,147.837,147.853,147.51523145441737
2025-08-08T13:00:00Z,147.844,147.904,147.646,147.882,14132.0,147.875,147.89,147.56413392716172
2025-08-08T14:00:00Z,147.883,147.904,147.692,147.816,15667.0,147.809,147.824,147.59771607020681
2025-08-08T15:00:00Z,147.819,147.833,147.634,147.708,11665.0,147.699,147.716,147.61242059417924
2025-08-08T16:00:00Z,147.708,147.838,147.678,147.74,9489.0,147.733,147.747,147.629431181622
2025-08-08T17:00:00Z,147.738,147.755,147.659,147.74,7397.0,147.731,147.748,147.64417369073908
2025-08-08T18:00:00Z,147.739,147.778,147.63,147.666,10786.0,147.656,147.676,147.6470838653072
2025-08-08T19:00:00Z,147.666,147.82,147.65,147.757,4752.0,147.748,147.766,147.6617393499329
2025-08-08T20:00:00Z,147.758,147.806,147.711,147.752,6544.0,147.718,147.787,147.67377410327518
2025-08-10T21:00:00Z,147.572,147.751,147.572,147.637,701.0,147.587,147.687,147.66887088950517
2025-08-10T22:00:00Z,147.627,147.79,147.597,147.732,2358.0,147.723,147.741,147.67728810423782
2025-08-10T23:00:00Z,147.726,147.774,147.626,147.658,3103.0,147.649,147.666,147.6747163570061
2025-08-11T00:00:00Z,147.656,147.746,147.572,147.663,5918.0,147.654,147.672,147.67315417607196
2025-08-11T01:00:00Z,147.666,147.716,147.59,147.616,6519.0,147.609,147.623,147.66553361926236
2025-08-11T02:00:00Z,147.616,147.619,147.522,147.558,4471.0,147.549,147.567,147.6511958033607
2025-08-11T03:00:00Z,147.558,147.606,147.43,147.48,4654.0,147.471,147.489,147.62836969624595
2025-08-11T04:00:00Z,147.48,147.496,147.426,147.482,5624.0,147.475,147.49,147.6088537367465
2025-08-11T05:00:00Z,147.482,147.534,147.474,147.522,5272.0,147.514,147.53,147.59727323851365
2025-08-11T06:00:00Z,147.521,147.61,147.474,147.594,8727.0,147.586,147.603,147.59683680671182
2025-08-11T07:00:00Z,147.594,147.666,147.357,147.39,9244.0,147.383,147.397,147.5692585658169
2025-08-11T08:00:00Z,147.388,147.55,147.352,147.508,10757.0,147.498,147.517,147.5610907570413
2025-08-11T09:00:00Z,147.507,147.707,147.486,147.685,8584.0,147.677,147.693,147.5776119894358
2025-08-11T10:00:00Z,147.683,147.746,147.666,147.738,7011.0,147.731,147.746,147.59899705751104
2025-08-11T11:00:00Z,147.738,147.948,147.722,147.866,9615.0,147.858,147.874,147.63459744984291
2025-08-11T12:00:00Z,147.866,147.95,147.81,147.811,10603.0,147.803,147.819,147.65811778986387
2025-08-11T13:00:00Z,147.81,147.945,147.786,147.888,12291.0,147.879,147.896,147.68876875121535
2025-08-11T14:00:00Z,147.886,148.074,147.876,148.048,12601.0,148.039,148.057,147.7366662510533
2025-08-11T15:00:00Z,148.048,148.114,147.943,147.998,9221.0,147.991,148.006,147.77151075091285
2025-08-11T16:00:00Z,148.0,148.029,147.914,147.991,5852.0,147.982,148.0,147.80077598412447
2025-08-11T17:00:00Z,147.99,148.069,147.971,147.996,7561.0,147.988,148.003,147.82680585290788
2025-08-11T18:00:00Z,147.996,148.167,147.982,148.136,6668.0,148.128,148.143,147.86803173918685
2025-08-11T19:00:00Z,148.135,148.238,148.12,148.229,5303.0,148.222,148.236,147.9161608406286
2025-08-11T20:00:00Z,148.23,148.252,148.095,148.146,3223.0,148.136,148.155,147.94680606187814
2025-08-11T21:00:00Z,148.128,148.151,148.052,148.116,742.0,148.097,148.136,147.96936525362773
2025-08-11T22:00:00Z,148.109,148.238,148.108,148.194,2067.0,148.185,148.203,147.99931655314404
2025-08-11T23:00:00Z,148.199,148.223,148.119,148.152,2607.0,148.143,148.16,148.01967434605817
2025-08-12T00:00:00Z,148.152,148.434,148.131,148.407,9556.0,148.399,148.415,148.07131776658375
2025-08-12T01:00:00Z,148.406,148.406,148.21,148.306,7548.0,148.298,148.313,148.10260873103925
2025-08-12T02:00:00Z,148.307,148.343,148.259,148.296,5048.0,148.288,148.303,148.12839423356735
2025-08-12T03:00:00Z,148.296,148.447,148.268,148.416,4624.0,148.409,148.424,148.1667416690917
2025-08-12T04:00:00Z,148.418,148.447,148.346,148.354,6153.0,148.346,148.363,148.19170944654613
2025-08-12T05:00:00Z,148.356,148.404,148.236,148.34,10911.0,148.331,148.35,148.21148152034
2025-08-12T06:00:00Z,148.342,148.405,148.149,148.27,11328.0,148.262,148.279,148.21928398429466
2025-08-12T07:00:00Z,148.27,148.371,148.206,148.264,10835.0,148.256,148.273,148.22524611972204
2025-08-12T08:00:00Z,148.265,148.468,148.262,148.424,9105.0,148.415,148.434,148.25174663709245
2025-08-12T09:00:00Z,148.422,148.486,148.352,148.474,8470.0,148.467,148.482,148.28138041881346
2025-08-12T10:00:00Z,148.475,148.482,148.369,148.468,6317.0,148.46,148.476,148.30626302963833
2025-08-12T11:00:00Z,148.468,148.496,148.442,148.442,6868.0,148.435,148.449,148.32436129235322
2025-08-12T12:00:00Z,148.441,148.52,147.858,148.036,34924.0,148.026,148.045,148.28591312003945
2025-08-12T13:00:00Z,148.035,148.447,147.898,148.204,40053.0,148.196,148.212,148.27499137070086
2025-08-12T14:00:00Z,148.206,148.402,148.073,148.163,26719.0,148.155,148.171,148.26005918794075
2025-08-12T15:00:00Z,148.164,148.178,147.579,147.807,22561.0,147.801,147.813,148.19965129621534
2025-08-12T16:00:00Z,147.808,147.863,147.658,147.714,13722.0,147.706,147.722,148.1348977900533
2025-08-12T17:00:00Z,147.712,147.797,147.689,147.766,10752.0,147.758,147.775,148.08571141804617
2025-08-12T18:00:00Z,147.766,147.808,147.694,147.736,7458.0,147.728,147.743,148.03908322897334
2025-08-12T19:00:00Z,147.736,147.784,147.698,147.762,5485.0,147.754,147.769,148.00213879844355
2025-08-12T20:00:00Z,147.761,147.874,147.749,147.856,3506.0,147.848,147.863,147.98265362531774
2025-08-12T21:00:00Z,147.786,147.871,147.781,147.848,616.0,147.834,147.863,147.9646998086087
2025-08-12T22:00:00Z,147.848,147.854,147.768,147.794,1782.0,147.786,147.803,147.94193983412757
2025-08-12T23:00:00Z,147.794,147.822,147.737,147.777,3130.0,147.768,147.786,147.91994785624388
2025-08-13T00:00:00Z,147.774,147.894,147.702,147.799,9950.0,147.79,147.808,147.90382147541138
2025-08-13T01:00:00Z,147.8,148.088,147.73,148.056,8560.0,148.048,148.064,147.92411194535654
2025-08-13T02:00:00Z,148.056,148.17,148.028,148.052,7008.0,148.043,148.06,147.94116368597568
2025-08-13T03:00:00Z,148.052,148.109,147.961,148.002,6604.0,147.994,148.011,147.94927519451227
2025-08-13T04:00:00Z,148.004,148.102,147.931,147.931,6709.0,147.924,147.938,147.94683850191063
2025-08-13T05:00:00Z,147.932,148.01,147.896,147.931,5764.0,147.922,147.94,147.9447267016559
2025-08-13T06:00:00Z,147.935,147.948,147.72,147.786,10088.0,147.778,147.794,147.92356314143512
2025-08-13T07:00:00Z,147.788,147.795,147.403,147.532,12156.0,147.524,147.539,147.8713547225771
2025-08-13T08:00:00Z,147.532,147.537,147.198,147.27,12349.0,147.264,147.277,147.79117409290018
2025-08-13T09:00:00Z,147.269,147.272,147.181,147.216,8895.0,147.208,147.224,147.71448421384682
2025-08-13T10:00:00Z,147.216,147.42,147.193,147.41,8982.0,147.403,147.416,147.67388631866726
2025-08-13T11:00:00Z,147.41,147.566,147.274,147.284,10871.0,147.276,147.292,147.6219014761783
2025-08-13T12:00:00Z,147.284,147.495,147.156,147.409,14035.0,147.402,147.416,147.59351461268787
2025-08-13T13:00:00Z,147.41,147.436,147.19,147.208,14576.0,147.201,147.216,147.5421126643295
2025-08-13T14:00:00Z,147.209,147.252,147.1,147.146,17307.0,147.138,147.154,147.4892976424189
2025-08-13T15:00:00Z,147.146,147.314,147.087,147.25,12793.0,147.242,147.259,147.45739129009638
2025-08-13T16:00:00Z,147.249,147.352,147.216,147.345,6781.0,147.336,147.354,147.4424057847502
2025-08-13T17:00:00Z,147.348,147.427,147.318,147.391,6089.0,147.384,147.398,147.43555168011684
2025-08-13T18:00:00Z,147.39,147.514,147.388,147.436,5896.0,147.428,147.443,147.43561145610127
2025-08-13T19:00:00Z,147.435,147.478,147.387,147.446,5132.0,147.438,147.455,147.43699659528778
2025-08-13T20:00:00Z,147.446,147.458,147.324,147.383,3608.0,147.373,147.393,147.42979704924943
2025-08-13T21:00:00Z,147.392,147.396,147.266,147.286,683.0,147.256,147.316,147.4106241093495
2025-08-13T22:00:00Z,147.285,147.363,147.252,147.26,2019.0,147.25,147.269,147.39054089476957
2025-08-13T23:00:00Z,147.258,147.261,147.116,147.121,3097.0,147.114,147.128,147.3546021088003
2025-08-14T00:00:00Z,147.122,147.123,146.62,146.692,13440.0,146.683,146.701,147.26625516096027
2025-08-14T01:00:00Z,146.694,146.694,146.374,146.498,15671.0,146.49,146.506,147.1638211394989
2025-08-14T02:00:00Z,146.498,146.736,146.498,146.702,10354.0,146.694,146.711,147.1022449875657
2025-08-14T03:00:00Z,146.703,146.752,146.542,146.55,8071.0,146.542,146.558,147.02861232255697
2025-08-14T04:00:00Z,146.548,146.568,146.34,146.388,7436.0,146.378,146.397,146.94319734621604
2025-08-14T05:00:00Z,146.387,146.573,146.387,146.47,9164.0,146.462,146.477,146.88010436672056
2025-08-14T06:00:00Z,146.469,146.53,146.214,146.483,15484.0,146.475,146.491,146.8271571178245
2025-08-14T07:00:00Z,146.482,146.586,146.313,146.552,18565.0,146.544,146.561,146.79046950211458
2025-08-14T08:00:00Z,146.554,146.634,146.424,146.554,12872.0,146.546,146.562,146.75894023516597
2025-08-14T09:00:00Z,146.554,146.653,146.436,146.633,11188.0,146.626,146.64,146.7421482038105
2025-08-14T10:00:00Z,146.634,146.671,146.436,146.527,10731.0,146.518,146.536,146.71346177663577
2025-08-14T11:00:00Z,146.528,146.632,146.436,146.496,10827.0,146.487,146.504,146.68446687308435
2025-08-14T12:00:00Z,146.495,147.106,146.425,146.952,30036.0,146.944,146.96,146.7201379566731
2025-08-14T13:00:00Z,146.948,147.422,146.946,147.418,28233.0,147.411,147.424,146.8131862291167
2025-08-14T14:00:00Z,147.416,147.561,147.364,147.484,21739.0,147.477,147.492,146.90262806523447
2025-08-14T15:00:00Z,147.484,147.804,147.476,147.691,18209.0,147.682,147.7,147.0077443232032
2025-08-14T16:00:00Z,147.69,147.893,147.689,147.85,11422.0,147.842,147.857,147.12004508010946
2025-08-14T17:00:00Z,147.85,147.909,147.752,147.872,6797.0,147.864,147.879,147.22030573609487
2025-08-14T18:00:00Z,147.87,147.967,147.854,147.877,6911.0,147.869,147.885,147.3078649712822
2025-08-14T19:00:00Z,147.876,147.882,147.768,147.78,5594.0,147.772,147.788,147.3708163084446
2025-08-14T20:00:00Z,147.78,147.784,147.725,147.752,3963.0,147.738,147.767,147.421640800652
2025-08-14T21:00:00Z,147.757,147.875,147.723,147.77,795.0,147.758,147.783,147.4680886938984
2025-08-14T22:00:00Z,147.775,147.807,147.743,147.777,1463.0,147.768,147.786,147.50927686804528
2025-08-14T23:00:00Z,147.776,147.869,147.662,147.685,3666.0,147.676,147.694,147.53270661897258
2025-08-15T00:00:00Z,147.686,147.728,147.466,147.482,8846.0,147.474,147.489,147.5259457364429
2025-08-15T01:00:00Z,147.476,147.516,147.202,147.286,8585.0,147.277,147.296,147.49395297158387
2025-08-15T02:00:00Z,147.286,147.396,147.254,147.287,6576.0,147.279,147.295,147.46635924203935
2025-08-15T03:00:00Z,147.285,147.3,147.178,147.228,5599.0,147.221,147.235,147.43457800976745
2025-08-15T04:00:00Z,147.228,147.235,147.114,147.14,4193.0,147.131,147.15,147.39530094179847
2025-08-15T05:00:00Z,147.145,147.174,147.048,147.152,5735.0,147.145,147.159,147.36286081622535
2025-08-15T06:00:00Z,147.152,147.224,147.051,147.099,10248.0,147.091,147.107,147.32767937406197
2025-08-15T07:00:00Z,147.1,147.224,146.979,147.008,10995.0,147.0,147.016,147.28505545752037
2025-08-15T08:00:00Z,147.008,147.015,146.852,146.859,10398.0,146.852,146.866,147.22824806318434
2025-08-15T09:00:00Z,146.858,146.913,146.757,146.894,8149.0,146.885,146.902,147.18368165475977
2025-08-15T10:00:00Z,146.894,146.97,146.804,146.954,6514.0,146.948,146.96,147.15305743412515
2025-08-15T11:00:00Z,146.954,147.054,146.912,146.987,6699.0,146.979,146.995,147.13091644290847
2025-08-15T12:00:00Z,146.986,147.279,146.739,146.891,18355.0,146.884,146.898,147.09892758385402
2025-08-15T13:00:00Z,146.889,147.1,146.77,146.972,22455.0,146.959,146.986,147.08200390600683
2025-08-15T14:00:00Z,146.973,147.048,146.802,146.852,19331.0,146.844,146.861,147.05133671853926
2025-08-15T15:00:00Z,146.854,147.044,146.814,147.006,12847.0,146.998,147.015,147.04529182273404
2025-08-15T16:00:00Z,147.008,147.266,147.003,147.2,8051.0,147.192,147.208,147.06591957970284
2025-08-15T17:00:00Z,147.2,147.333,147.198,147.24,5940.0,147.232,147.247,147.08913030240913
2025-08-15T18:00:00Z,147.239,147.31,147.204,147.213,6827.0,147.205,147.221,147.10564626208793
2025-08-15T19:00:00Z,147.212,147.254,147.194,147.24,3926.0,147.23,147.249,147.12356009380954
2025-08-15T20:00:00Z,147.24,147.258,147.151,147.154,4859.0,147.134,147.174,147.12761874796828
2025-08-17T21:00:00Z,147.202,147.22,147.177,147.2,486.0,147.159,147.24,147.13726958157253
2025-08-17T22:00:00Z,147.2,147.212,147.084,147.176,1845.0,147.168,147.185,147.14243363736287
2025-08-17T23:00:00Z,147.174,147.388,147.172,147.233,3931.0,147.223,147.243,147.15450915238117
2025-08-18T00:00:00Z,147.232,147.461,147.228,147.429,10721.0,147.42,147.438,147.1911079320637
2025-08-18T01:00:00Z,147.429,147.585,147.334,147.336,8600.0,147.328,147.345,147.2104268744552
2025-08-18T02:00:00Z,147.335,147.527,147.301,147.468,5728.0,147.461,147.476,147.2447699578612
2025-08-18T03:00:00Z,147.468,147.486,147.337,147.386,5142.0,147.378,147.395,147.26360063014636
2025-08-18T04:00:00Z,147.388,147.509,147.355,147.38,6498.0,147.371,147.389,147.27912054612685
2025-08-18T05:00:00Z,147.378,147.456,147.336,147.384,6370.0,147.376,147.392,147.29310447330994
2025-08-18T06:00:00Z,147.384,147.499,147.322,147.38,10588.0,147.372,147.389,147.3046905435353
2025-08-18T07:00:00Z,147.379,147.47,147.12,147.456,13261.0,147.448,147.463,147.3248651377306
2025-08-18T08:00:00Z,147.456,147.522,147.25,147.344,12979.0,147.335,147.352,147.32741645269985
2025-08-18T09:00:00Z,147.343,147.476,147.28,147.414,9364.0,147.406,147.421,147.3389609256732
2025-08-18T10:00:00Z,147.414,147.47,147.366,147.426,7122.0,147.418,147.435,147.35056613558345
2025-08-18T11:00:00Z,147.426,147.575,147.37,147.552,7733.0,147.545,147.56,147.37742398417234
2025-08-18T12:00:00Z,147.552,147.794,147.516,147.728,11264.0,147.719,147.736,147.42416745294938
2025-08-18T13:00:00Z,147.727,147.924,147.716,147.822,12082.0,147.815,147.829,147.47721179255612
2025-08-18T14:00:00Z,147.822,147.983,147.692,147.943,13392.0,147.937,147.949,147.53931688688198
2025-08-18T15:00:00Z,147.944,147.988,147.736,147.759,10166.0,147.751,147.767,147.56860796863106
2025-08-18T16:00:00Z,147.76,147.809,147.68,147.792,7092.0,147.785,147.799,147.5983935728136
2025-08-18T17:00:00Z,147.793,147.828,147.66,147.802,5702.0,147.793,147.81,147.62554109643844
2025-08-18T18:00:00Z,147.804,147.868,147.742,147.863,4753.0,147.856,147.87,147.65720228357998
2025-08-18T19:00:00Z,147.862,147.89,147.824,147.824,3377.0,147.817,147.831,147.67944197910265
2025-08-18T20:00:00Z,147.825,147.924,147.808,147.855,2616.0,147.841,147.869,147.7028497152223
2025-08-18T21:00:00Z,147.77,147.847,147.763,147.828,567.0,147.804,147.851,147.71953641985934
2025-08-18T22:00:00Z,147.818,147.888,147.764,147.881,2246.0,147.873,147.889,147.74106489721143
2025-08-18T23:00:00Z,147.88,147.982,147.876,147.922,3413.0,147.913,147.93,147.76518957758324
2025-08-19T00:00:00Z,147.922,147.984,147.775,147.778,9098.0,147.769,147.786,147.76689763390547
2025-08-19T01:00:00Z,147.777,148.115,147.622,147.75,13499.0,147.742,147.759,147.7646446160514
2025-08-19T02:00:00Z,147.751,147.83,147.666,147.81,7958.0,147.803,147.818,147.7706920005779
2025-08-19T03:00:00Z,147.81,147.88,147.725,147.832,6672.0,147.822,147.841,147.77886640050085
2025-08-19T04:00:00Z,147.832,147.876,147.742,147.762,7614.0,147.754,147.771,147.77661754710073
2025-08-19T05:00:00Z,147.761,147.778,147.616,147.644,6812.0,147.636,147.651,147.7589352074873
2025-08-19T06:00:00Z,147.644,147.711,147.574,147.602,10393.0,147.594,147.611,147.73801051315567
2025-08-19T07:00:00Z,147.603,147.712,147.533,147.707,11422.0,147.699,147.715,147.73387577806824
2025-08-19T08:00:00Z,147.708,147.755,147.622,147.664,10288.0,147.657,147.671,147.72455900765914
2025-08-19T09:00:00Z,147.664,147.814,147.623,147.766,7453.0,147.758,147.774,147.7300844733046
2025-08-19T10:00:00Z,147.768,147.772,147.6,147.716,7207.0,147.708,147.724,147.72820654353066
2025-08-19T11:00:00Z,147.716,147.822,147.649,147.713,8262.0,147.705,147.721,147.72617900439323
2025-08-19T12:00:00Z,147.712,147.852,147.698,147.784,11740.0,147.775,147.792,147.73388847047414
2025-08-19T13:00:00Z,147.784,147.904,147.639,147.653,12970.0,147.646,147.66,147.7231033410776
2025-08-19T14:00:00Z,147.654,147.808,147.552,147.73,13146.0,147.724,147.737,147.7240228956006
2025-08-19T15:00:00Z,147.729,147.794,147.628,147.726,12308.0,147.718,147.733,147.7242865095205
2025-08-19T16:00:00Z,147.726,147.726,147.553,147.626,7508.0,147.619,147.634,147.71118164158446
2025-08-19T17:00:00Z,147.626,147.648,147.443,147.475,7461.0,147.468,147.482,147.67969075603986
2025-08-19T18:00:00Z,147.476,147.578,147.452,147.513,7594.0,147.506,147.52,147.6574653219012
2025-08-19T19:00:00Z,147.514,147.59,147.461,147.587,4789.0,147.579,147.595,147.64806994564773
2025-08-19T20:00:00Z,147.588,147.694,147.588,147.67,3403.0,147.663,147.678,147.6509939528947
2025-08-19T21:00:00Z,147.643,147.67,147.599,147.599,1312.0,147.56,147.638,147.6440614258421
2025-08-19T22:00:00Z,147.595,147.652,147.579,147.609,1365.0,147.599,147.619,147.63938656906316
2025-08-19T23:00:00Z,147.605,147.756,147.605,147.742,3488.0,147.733,147.75,147.65306835985476
2025-08-20T00:00:00Z,147.742,147.818,147.505,147.572,9086.0,147.565,147.58,147.64225924520747
2025-08-20T01:00:00Z,147.572,147.666,147.424,147.5,11652.0,147.491,147.509,147.62329134584647
2025-08-20T02:00:00Z,147.502,147.623,147.474,147.581,9062.0,147.574,147.588,147.6176524997336
2025-08-20T03:00:00Z,147.582,147.594,147.454,147.532,6741.0,147.523,147.54,147.60623216643577
2025-08-20T04:00:00Z,147.532,147.614,147.457,147.582,4520.0,147.573,147.59,147.603001210911
2025-08-20T05:00:00Z,147.581,147.581,147.404,147.464,5964.0,147.456,147.473,147.58446771612287
2025-08-20T06:00:00Z,147.464,147.477,147.144,147.381,12598.0,147.373,147.389,147.5573386873065
2025-08-20T07:00:00Z,147.382,147.696,147.328,147.626,12972.0,147.62,147.633,147.56649352899896
2025-08-20T08:00:00Z,147.627,147.647,147.526,147.588,9356.0,147.58,147.596,147.56936105846577
2025-08-20T09:00:00Z,147.588,147.592,147.424,147.48,5781.0,147.472,147.488,147.55744625067035
2025-08-20T10:00:00Z,147.48,147.495,147.368,147.452,5100.0,147.445,147.459,147.54338675058096
2025-08-20T11:00:00Z,147.451,147.55,147.416,147.54,5203.0,147.533,147.548,147.54293518383685
2025-08-20T12:00:00Z,147.539,147.54,147.242,147.276,13578.0,147.267,147.285,147.50734382599194
2025-08-20T13:00:00Z,147.276,147.44,147.084,147.156,14774.0,147.15,147.163,147.46049798252636
2025-08-20T14:00:00Z,147.158,147.254,146.872,146.998,20411.0,146.99,147.006,147.3988315848562
2025-08-20T15:00:00Z,146.998,147.212,146.95,147.196,11770.0,147.188,147.205,147.37178737354205
2025-08-20T16:00:00Z,147.196,147.233,147.098,147.117,7091.0,147.111,147.123,147.33781572373644
2025-08-20T17:00:00Z,147.115,147.142,147.01,147.026,6310.0,147.011,147.04,147.29624029390493
2025-08-20T18:00:00Z,147.02,147.287,147.012,147.272,6649.0,147.263,147.28,147.29300825471762
2025-08-20T19:00:00Z,147.272,147.36,147.24,147.344,4807.0,147.336,147.351,147.2998071540886
2025-08-20T20:00:00Z,147.345,147.494,147.298,147.312,3049.0,147.303,147.322,147.30143286687678
2025-08-20T21:00:00Z,147.349,147.354,147.302,147.315,767.0,147.285,147.345,147.30324181795987
2025-08-20T22:00:00Z,147.318,147.372,147.256,147.345,1989.0,147.339,147.351,147.30880957556522
2025-08-20T23:00:00Z,147.343,147.413,147.298,147.304,4289.0,147.296,147.312,147.3081682988232
2025-08-21T00:00:00Z,147.306,147.464,147.256,147.389,12472.0,147.38,147.398,147.31894585898013
2025-08-21T01:00:00Z,147.388,147.51,147.314,147.43,10020.0,147.42,147.439,147.33375307778277
2025-08-21T02:00:00Z,147.426,147.457,147.256,147.346,6596.0,147.337,147.354,147.33538600074507
2025-08-21T03:00:00Z,147.346,147.448,147.291,147.42,4964.0,147.413,147.427,147.3466678673124
2025-08-21T04:00:00Z,147.42,147.428,147.346,147.386,3640.0,147.378,147.393,147.35191215167075
2025-08-21T05:00:00Z,147.385,147.502,147.37,147.428,5899.0,147.421,147.434,147.36205719811466
2025-08-21T06:00:00Z,147.427,147.581,147.344,147.566,10595.0,147.558,147.574,147.38924957169937
2025-08-21T07:00:00Z,147.566,147.642,147.512,147.598,11539.0,147.59,147.605,147.41708296213946
2025-08-21T08:00:00Z,147.598,147.628,147.556,147.588,9266.0,147.582,147.594,147.43987190052087
2025-08-21T09:00:00Z,147.588,147.698,147.48,147.67,7845.0,147.661,147.678,147.4705556471181
2025-08-21T10:00:00Z,147.67,147.894,147.659,147.85,7339.0,147.842,147.857,147.52114822750235
2025-08-21T11:00:00Z,147.846,147.936,147.82,147.926,8428.0,147.918,147.934,147.57512846383537
2025-08-21T12:00:00Z,147.926,147.932,147.582,147.754,14856.0,147.747,147.761,147.59897800199064
2025-08-21T13:00:00Z,147.756,147.94,147.584,147.804,20737.0,147.796,147.813,147.6263142683919
2025-08-21T14:00:00Z,147.806,148.17,147.8,148.158,20353.0,148.151,148.166,147.69720569927298
2025-08-21T15:00:00Z,148.159,148.404,148.078,148.358,18699.0,148.35,148.366,147.7853116060366
2025-08-21T16:00:00Z,148.358,148.396,148.279,148.288,8661.0,148.28,148.296,147.85233672523174
2025-08-21T17:00:00Z,148.288,148.306,148.17,148.273,6121.0,148.266,148.28,147.9084251618675
2025-08-21T18:00:00Z,148.274,148.35,148.23,148.348,5648.0,148.341,148.356,147.9670351402852
2025-08-21T19:00:00Z,148.349,148.408,148.345,148.38,3686.0,148.373,148.387,148.02209712158052
2025-08-21T20:00:00Z,148.38,148.39,148.32,148.389,2310.0,148.377,148.401,148.07101750536978
2025-08-21T21:00:00Z,148.337,148.389,148.295,148.364,543.0,148.347,148.38,148.11008183798714
2025-08-21T22:00:00Z,148.366,148.382,148.318,148.338,1482.0,148.329,148.347,148.14047092625552
2025-08-21T23:00:00Z,148.338,148.456,148.294,148.386,4382.0,148.378,148.395,148.1732081360881
2025-08-22T00:00:00Z,148.387,148.504,148.283,148.476,11449.0,148.468,148.485,148.21358038460968
2025-08-22T01:00:00Z,148.477,148.685,148.412,148.552,9733.0,148.544,148.56,148.25870299999505
2025-08-22T02:00:00Z,148.553,148.561,148.457,148.488,5907.0,148.48,148.497,148.28927593332904
2025-08-22T03:00:00Z,148.488,148.72,148.484,148.677,6396.0,148.669,148.685,148.34097247555184
2025-08-22T04:00:00Z,148.676,148.766,148.644,148.746,5881.0,148.737,148.755,148.39497614547827
2025-08-22T05:00:00Z,148.746,148.778,148.6,148.674,7657.0,148.664,148.685,148.43217932608118
2025-08-22T06:00:00Z,148.676,148.71,148.424,148.519,8951.0,148.51,148.528,148.44375541593703
2025-08-22T07:00:00Z,148.518,148.626,148.412,148.606,9038.0,148.598,148.614,148.46538802714542
2025-08-22T08:00:00Z,148.608,148.676,148.546,148.639,8434.0,148.631,148.647,148.4885362901927
2025-08-22T09:00:00Z,148.64,148.714,148.602,148.708,7366.0,148.701,148.716,148.51779811816704
2025-08-22T10:00:00Z,148.709,148.736,148.622,148.634,5457.0,148.626,148.642,148.53329170241145
2025-08-22T11:00:00Z,148.634,148.74,148.598,148.709,8785.0,148.701,148.717,148.55671947542325
2025-08-22T12:00:00Z,148.708,148.724,148.604,148.706,12114.0,148.697,148.714,148.57662354536683
2025-08-22T13:00:00Z,148.704,148.721,148.495,148.61,13451.0,148.597,148.623,148.58107373931793
2025-08-22T14:00:00Z,148.608,148.608,146.802,146.854,56236.0,146.846,146.862,148.35079724074222
2025-08-22T15:00:00Z,146.854,146.896,146.572,146.829,22576.0,146.823,146.835,148.1478909419766
2025-08-22T16:00:00Z,146.83,146.852,146.652,146.708,13237.0,146.7,146.716,147.9559054830464
2025-08-22T17:00:00Z,146.708,146.739,146.576,146.646,10471.0,146.638,146.653,147.7812514186402
2025-08-22T18:00:00Z,146.646,146.876,146.605,146.866,7988.0,146.859,146.872,147.65921789615484
2025-08-22T19:00:00Z,146.867,147.002,146.846,146.964,5138.0,146.956,146.971,147.56652217666755
2025-08-22T20:00:00Z,146.962,146.989,146.885,146.926,4054.0,146.899,146.953,147.48111921977855
2025-08-24T21:00:00Z,146.887,146.935,146.802,146.906,648.0,146.856,146.956,147.40443665714142
2025-08-24T22:00:00Z,146.887,147.068,146.832,147.065,3102.0,147.058,147.072,147.35917843618924
2025-08-24T23:00:00Z,147.064,147.305,147.047,147.27,4920.0,147.26,147.279,147.3472879780307
2025-08-25T00:00:00Z,147.268,147.526,147.25,147.389,12097.0,147.382,147.396,147.35284958095994
2025-08-25T01:00:00Z,147.39,147.464,147.254,147.399,9227.0,147.391,147.407,147.35900297016528
2025-08-25T02:00:00Z,147.398,147.518,147.394,147.44,5910.0,147.431,147.448,147.36980257414325
2025-08-25T03:00:00Z,147.438,147.438,147.304,147.342,4656.0,147.335,147.348,147.36609556425748
2025-08-25T04:00:00Z,147.342,147.358,147.208,147.234,4202.0,147.227,147.242,147.3484828223565
2025-08-25T05:00:00Z,147.235,147.376,147.233,147.3,4755.0,147.294,147.307,147.3420184460423
2025-08-25T06:00:00Z,147.298,147.32,147.096,147.168,8850.0,147.159,147.177,147.31881598656997
2025-08-25T07:00:00Z,147.166,147.37,147.139,147.34,7638.0,147.331,147.348,147.32164052169398
2025-08-25T08:00:00Z,147.34,147.37,147.256,147.287,6391.0,147.28,147.294,147.3170217854681
2025-08-25T09:00:00Z,147.289,147.385,147.222,147.349,5166.0,147.342,147.356,147.3212855474057
2025-08-25T10:00:00Z,147.348,147.45,147.324,147.44,5940.0,147.432,147.449,147.33711414108492
2025-08-25T11:00:00Z,147.442,147.448,147.288,147.322,6377.0,147.314,147.329,147.3350989222736
2025-08-25T12:00:00Z,147.32,147.452,147.313,147.382,7709.0,147.374,147.391,147.3413523993038
2025-08-25T13:00:00Z,147.382,147.547,147.311,147.314,11376.0,147.303,147.324,147.33770541272995
2025-08-25T14:00:00Z,147.314,147.498,147.292,147.49,12046.0,147.481,147.498,147.3580113576993
2025-08-25T15:00:00Z,147.488,147.674,147.4,147.612,12612.0,147.605,147.62,147.39187651000606
2025-08-25T16:00:00Z,147.613,147.632,147.517,147.538,9865.0,147.531,147.545,147.41135964200527
2025-08-25T17:00:00Z,147.538,147.598,147.502,147.564,8597.0,147.558,147.571,147.4317116897379
2025-08-25T18:00:00Z,147.564,147.826,147.536,147.808,9346.0,147.801,147.814,147.48188346443953
2025-08-25T19:00:00Z,147.808,147.942,147.79,147.824,9334.0,147.815,147.832,147.52749900251428
2025-08-25T20:00:00Z,147.823,147.826,147.664,147.753,4741.0,147.741,147.765,147.55756580217903
2025-08-25T21:00:00Z,147.752,147.834,147.71,147.714,1433.0,147.664,147.764,147.57842369522183
2025-08-25T22:00:00Z,147.71,147.796,147.692,147.734,1895.0,147.724,147.744,147.5991672025256
2025-08-25T23:00:00Z,147.732,147.856,147.696,147.817,3261.0,147.808,147.826,147.6282115755222
2025-08-26T00:00:00Z,147.815,147.88,146.988,147.112,37399.0,147.103,147.121,147.55938336545256
2025-08-26T01:00:00Z,147.112,147.379,147.11,147.319,11971.0,147.311,147.327,147.5273322500589
2025-08-26T02:00:00Z,147.318,147.608,147.256,147.523,10697.0,147.516,147.53,147.5267546167177
2025-08-26T03:00:00Z,147.522,147.808,147.52,147.797,9211.0,147.788,147.806,147.5627873344887
2025-08-26T04:00:00Z,147.796,147.814,147.722,147.769,7162.0,147.761,147.777,147.59028235655688
2025-08-26T05:00:00Z,147.77,147.89,147.67,147.714,8595.0,147.706,147.722,147.6067780423493
2025-08-26T06:00:00Z,147.716,147.831,147.637,147.777,13385.0,147.769,147.785,147.6294743033694
2025-08-26T07:00:00Z,147.776,147.91,147.639,147.696,18046.0,147.688,147.703,147.63834439625347
2025-08-26T08:00:00Z,147.696,147.701,147.494,147.574,13268.0,147.566,147.582,147.6297651434197
2025-08-26T09:00:00Z,147.574,147.624,147.49,147.55,10402.0,147.543,147.557,147.61912979096374
2025-08-26T10:00:00Z,147.55,147.67,147.473,147.588,9332.0,147.579,147.596,147.6149791521686
2025-08-26T11:00:00Z,147.588,147.624,147.399,147.466,10366.0,147.458,147.474,147.59511526521277
2025-08-26T12:00:00Z,147.466,147.55,147.328,147.544,13196.0,147.534,147.554,147.58829989651773
2025-08-26T13:00:00Z,147.544,147.686,147.536,147.552,14991.0,147.539,147.564,147.58345991031536
2025-08-26T14:00:00Z,147.552,147.722,147.488,147.502,17312.0,147.494,147.511,147.57259858893997
2025-08-26T15:00:00Z,147.502,147.503,147.295,147.319,13099.0,147.311,147.327,147.53878544374797
2025-08-26T16:00:00Z,147.317,147.317,147.1,147.306,9729.0,147.299,147.314,147.5077473845816
2025-08-26T17:00:00Z,147.306,147.392,147.274,147.392,8104.0,147.384,147.399,147.49231439997072
2025-08-26T18:00:00Z,147.392,147.545,147.336,147.381,8935.0,147.374,147.388,147.47747247997464
2025-08-26T19:00:00Z,147.38,147.444,147.305,147.434,7391.0,147.426,147.443,147.47167614931135
2025-08-26T20:00:00Z,147.435,147.49,147.402,147.43,5034.0,147.421,147.44,147.46611932940317
2025-08-26T21:00:00Z,147.387,147.41,147.31,147.406,586.0,147.356,147.456,147.45810341881608
2025-08-26T22:00:00Z,147.402,147.484,147.363,147.436,1814.0,147.426,147.447,147.45515629630728
2025-08-26T23:00:00Z,147.438,147.509,147.361,147.474,3588.0,147.466,147.483,147.45766879013297
2025-08-27T00:00:00Z,147.478,147.584,147.406,147.584,9907.0,147.577,147.592,147.4745129514486
2025-08-27T01:00:00Z,147.584,147.652,147.514,147.604,9805.0,147.594,147.613,147.49177789125545
2025-08-27T02:00:00Z,147.603,147.738,147.602,147.722,6648.0,147.715,147.73,147.5224741724214
2025-08-27T03:00:00Z,147.722,147.852,147.714,147.834,5769.0,147.825,147.842,147.5640109494319
2025-08-27T04:00:00Z,147.832,147.96,147.83,147.944,6289.0,147.938,147.95,147.6146761561743
2025-08-27T05:00:00Z,147.944,147.972,147.806,147.816,7637.0,147.809,147.824,147.64151933535106
2025-08-27T06:00:00Z,147.816,147.842,147.656,147.715,8105.0,147.707,147.723,147.65131675730427
2025-08-27T07:00:00Z,147.714,147.898,147.714,147.758,10614.0,147.751,147.764,147.6655411896637
2025-08-27T08:00:00Z,147.758,148.006,147.744,147.916,10564.0,147.91,147.923,147.69893569770855
2025-08-27T09:00:00Z,147.917,148.036,147.864,148.036,7963.0,148.029,148.043,147.74387760468073
2025-08-27T10:00:00Z,148.036,148.146,147.965,148.12,8261.0,148.114,148.126,147.79402725738998
2025-08-27T11:00:00Z,148.121,148.184,148.032,148.142,8762.0,148.134,148.15,147.84042362307133
2025-08-27T12:00:00Z,148.142,148.148,147.984,148.07,12449.0,148.063,148.078,147.8710338066618
2025-08-27T13:00:00Z,148.069,148.128,147.918,148.084,15375.0,148.078,148.091,147.8994292991069
2025-08-27T14:00:00Z,148.086,148.094,147.82,147.865,14821.0,147.857,147.873,147.89483872589267
2025-08-27T15:00:00Z,147.866,147.866,147.692,147.748,13265.0,147.741,147.755,147.87526022910697
2025-08-27T16:00:00Z,147.748,147.755,147.342,147.362,11341.0,147.354,147.37,147.8068255318927
2025-08-27T17:00:00Z,147.36,147.43,147.293,147.358,9663.0,147.35,147.365,147.74698212764036
2025-08-27T18:00:00Z,147.358,147.491,147.357,147.41,7165.0,147.403,147.418,147.70205117728833
2025-08-27T19:00:00Z,147.411,147.518,147.411,147.478,6730.0,147.47,147.485,147.67217768698322
2025-08-27T20:00:00Z,147.477,147.52,147.401,147.416,7062.0,147.396,147.436,147.63802066205213
2025-08-27T21:00:00Z,147.414,147.474,147.285,147.407,1023.0,147.378,147.436,147.60721790711185
2025-08-27T22:00:00Z,147.405,147.42,147.206,147.29,3128.0,147.281,147.3,147.5649221861636
2025-08-27T23:00:00Z,147.288,147.344,147.225,147.34,5004.0,147.332,147.348,147.5349325613418
2025-08-28T00:00:00Z,147.34,147.49,147.28,147.296,10246.0,147.288,147.304,147.50307488649622
2025-08-28T01:00:00Z,147.297,147.449,147.194,147.344,10257.0,147.337,147.35,147.48186490163008
2025-08-28T02:00:00Z,147.342,147.369,147.234,147.244,7993.0,147.234,147.254,147.45014958141275
2025-08-28T03:00:00Z,147.242,147.292,147.08,147.098,6080.0,147.089,147.106,147.40319630389106
2025-08-28T04:00:00Z,147.097,147.209,147.084,147.162,5921.0,147.154,147.169,147.3710367967056
2025-08-28T05:00:00Z,147.167,147.208,147.078,147.124,6365.0,147.117,147.132,147.33809855714486
2025-08-28T06:00:00Z,147.126,147.35,147.0,147.306,11884.0,147.298,147.314,147.33381874952556
2025-08-28T07:00:00Z,147.306,147.406,147.155,147.168,13548.0,147.16,147.176,147.31170958292216
2025-08-28T08:00:00Z,147.17,147.371,147.13,147.189,11574.0,147.182,147.196,147.2953483051992
2025-08-28T09:00:00Z,147.188,147.188,147.067,147.14,9061.0,147.133,147.147,147.27463519783933
2025-08-28T10:00:00Z,147.142,147.169,146.908,146.932,10596.0,146.924,146.941,147.22895050479408
2025-08-28T11:00:00Z,146.934,146.969,146.808,146.93,10036.0,146.922,146.938,147.1890904374882
2025-08-28T12:00:00Z,146.928,147.172,146.857,147.104,20357.0,147.095,147.112,147.17774504582312
2025-08-28T13:00:00Z,147.102,147.234,147.024,147.092,20268.0,147.083,147.102,147.1663123730467
2025-08-28T14:00:00Z,147.093,147.119,146.876,146.977,16793.0,146.969,146.985,147.14107072330714
2025-08-28T15:00:00Z,146.976,147.071,146.95,146.993,12144.0,146.986,147.0,147.12132796019952
2025-08-28T16:00:00Z,146.994,146.998,146.832,146.848,8428.0,146.84,146.856,147.08488423217293
2025-08-28T17:00:00Z,146.848,146.854,146.66,146.81,8761.0,146.802,146.817,147.04823300121654
2025-08-28T18:00:00Z,146.81,146.89,146.802,146.822,5465.0,146.814,146.829,147.01806860105435
2025-08-28T19:00:00Z,146.822,146.936,146.808,146.921,5323.0,146.913,146.929,147.0051261209138
2025-08-28T20:00:00Z,146.922,146.998,146.92,146.944,3221.0,146.932,146.956,146.99697597145862
2025-08-28T21:00:00Z,146.9,146.973,146.862,146.956,693.0,146.917,146.995,146.99151250859748
2025-08-28T22:00:00Z,146.962,147.084,146.926,147.034,3755.0,147.025,147.044,146.99717750745114
2025-08-28T23:00:00Z,147.034,147.034,146.797,146.832,4942.0,146.824,146.841,146.975153839791
2025-08-29T00:00:00Z,146.832,146.979,146.764,146.826,12492.0,146.82,146.833,146.9552666611522
2025-08-29T01:00:00Z,146.826,147.112,146.786,147.004,12559.0,146.997,147.012,146.96176443966525
2025-08-29T02:00:00Z,147.004,147.004,146.826,146.892,7762.0,146.883,146.901,146.95246251437655
2025-08-29T03:00:00Z,146.892,146.995,146.892,146.989,6906.0,146.982,146.996,146.95733417912635
2025-08-29T04:00:00Z,146.99,147.04,146.902,146.906,7153.0,146.899,146.914,146.9504896219095
2025-08-29T05:00:00Z,146.905,147.027,146.904,147.016,6285.0,147.008,147.024,146.95922433898824
2025-08-29T06:00:00Z,147.016,147.174,146.961,147.159,8855.0,147.151,147.167,146.9858610937898
2025-08-29T07:00:00Z,147.16,147.2,146.959,147.006,10366.0,146.997,147.015,146.9885462812845
2025-08-29T08:00:00Z,147.01,147.032,146.868,146.954,9832.0,146.946,146.961,146.98394011044658
2025-08-29T09:00:00Z,146.954,147.116,146.941,147.094,9304.0,147.088,147.101,146.99861476238704
2025-08-29T10:00:00Z,147.094,147.25,147.075,147.2,8222.0,147.193,147.208,147.0254661274021
2025-08-29T11:00:00Z,147.2,147.264,147.174,147.25,8012.0,147.243,147.258,147.05540397708182
2025-08-29T12:00:00Z,147.251,147.41,147.133,147.321,14314.0,147.313,147.329,147.09081678013757
2025-08-29T13:00:00Z,147.322,147.392,147.082,147.108,16362.0,147.1,147.116,147.09310787611923
2025-08-29T14:00:00Z,147.104,147.104,146.808,146.826,21364.0,146.819,146.834,147.05749349263667
2025-08-29T15:00:00Z,146.827,146.974,146.769,146.906,15658.0,146.898,146.913,147.0372943602851
2025-08-29T16:00:00Z,146.906,146.964,146.853,146.915,9848.0,146.908,146.922,147.02098844558043
2025-08-29T17:00:00Z,146.914,147.007,146.882,146.982,6482.0,146.974,146.989,147.01578998616972
2025-08-29T18:00:00Z,146.982,147.028,146.959,147.017,5658.0,147.009,147.025,147.0159513213471
2025-08-29T19:00:00Z,147.016,147.047,146.922,146.962,5156.0,146.955,146.969,147.00875781183416
2025-08-29T20:00:00Z,146.962,147.118,146.924,147.066,4410.0,147.027,147.106,147.0163901035896
2025-08-31T21:00:00Z,147.017,147.053,146.995,147.02,265.0,146.988,147.053,147.01687142311098
2025-08-31T22:00:00Z,147.028,147.158,147.022,147.134,2199.0,147.124,147.143,147.0324885666962
2025-08-31T23:00:00Z,147.128,147.189,147.083,147.122,3804.0,147.114,147.13,147.04442342447004
2025-09-01T00:00:00Z,147.123,147.262,147.12,147.234,8449.0,147.227,147.241,147.06970030120738
2025-09-01T01:00:00Z,147.235,147.38,147.184,147.289,8660.0,147.281,147.297,147.0989402610464
2025-09-01T02:00:00Z,147.29,147.294,146.854,146.896,8899.0,146.888,146.904,147.07188155957357
2025-09-01T03:00:00Z,146.896,147.005,146.842,146.897,7636.0,146.889,146.905,147.0485640182971
2025-09-01T04:00:00Z,146.896,147.063,146.884,147.046,6270.0,147.039,147.053,147.04822214919082
2025-09-01T05:00:00Z,147.044,147.064,146.897,146.916,5761.0,146.907,146.924,147.0305925292987
2025-09-01T06:00:00Z,146.916,146.946,146.788,146.937,10043.0,146.93,146.944,147.0181135253922
2025-09-01T07:00:00Z,146.938,147.204,146.9,147.072,11718.0,147.065,147.08,147.02529838867326
2025-09-01T08:00:00Z,147.076,147.202,146.962,146.99,10752.0,146.982,146.998,147.02059193685017
2025-09-01T09:00:00Z,146.99,147.12,146.94,147.104,8991.0,147.097,147.111,147.0317130119368
2025-09-01T10:00:00Z,147.104,147.146,147.05,147.132,6548.0,147.123,147.14,147.04508461034524
2025-09-01T11:00:00Z,147.132,147.17,147.062,147.159,7559.0,147.151,147.167,147.06027332896588
2025-09-01T12:00:00Z,147.16,147.234,147.151,147.2,7815.0,147.194,147.207,147.07890355177042
2025-09-01T13:00:00Z,147.196,147.276,147.168,147.254,8992.0,147.246,147.261,147.1022497448677
2025-09-01T14:00:00Z,147.254,147.298,147.224,147.293,8794.0,147.285,147.301,147.12768311221868
2025-09-01T15:00:00Z,147.292,147.309,147.256,147.273,6149.0,147.266,147.28,147.1470586972562
2025-09-01T16:00:00Z,147.272,147.287,147.202,147.238,3931.0,147.229,147.247,147.15918420428872
2025-09-01T17:00:00Z,147.24,147.244,147.212,147.221,2911.0,147.213,147.229,147.16742631038358
2025-09-01T18:00:00Z,147.222,147.234,147.212,147.222,2074.0,147.214,147.23,147.17470280233243
2025-09-01T19:00:00Z,147.224,147.224,147.158,147.186,2427.0,147.178,147.195,147.17620909535478
2025-09-01T20:00:00Z,147.188,147.193,147.146,147.18,2271.0,147.168,147.191,147.1767145493075
2025-09-01T21:00:00Z,147.206,147.284,147.177,147.192,1181.0,147.163,147.221,147.17875260939982
2025-09-01T22:00:00Z,147.194,147.204,147.124,147.172,1951.0,147.162,147.181,147.17785226147984
2025-09-01T23:00:00Z,147.171,147.176,147.048,147.094,3700.0,147.086,147.103,147.1666719599492
2025-09-02T00:00:00Z,147.093,147.36,147.09,147.306,11944.0,147.297,147.314,147.185249031956
2025-09-02T01:00:00Z,147.305,147.587,147.194,147.544,13846.0,147.537,147.552,147.23308249436187
2025-09-02T02:00:00Z,147.544,147.72,147.53,147.666,10379.0,147.658,147.673,147.29080482844697
2025-09-02T03:00:00Z,147.666,147.754,147.573,147.704,6732.0,147.697,147.711,147.34589751798737
2025-09-02T04:00:00Z,147.704,147.864,147.686,147.726,7470.0,147.718,147.733,147.3965778489224
2025-09-02T05:00:00Z,147.726,147.926,147.7,147.919,9598.0,147.911,147.927,147.46623413573275
2025-09-02T06:00:00Z,147.917,148.053,147.908,147.964,11198.0,147.957,147.972,147.53260291763505
2025-09-02T07:00:00Z,147.964,148.742,147.952,148.651,26309.0,148.645,148.657,147.68172252861706
2025-09-02T08:00:00Z,148.649,148.796,148.221,148.44,22184.0,148.43,148.449,147.78282619146813
2025-09-02T09:00:00Z,148.439,148.647,148.372,148.564,16832.0,148.557,148.57,147.88698269927238
2025-09-02T10:00:00Z,148.564,148.709,148.536,148.603,14775.0,148.596,148.61,147.98245167270272
2025-09-02T11:00:00Z,148.604,148.744,148.513,148.622,14808.0,148.614,148.629,148.06772478300903
2025-09-02T12:00:00Z,148.62,148.945,148.534,148.824,22652.0,148.814,148.833,148.16856147860784
2025-09-02T13:00:00Z,148.824,148.848,148.35,148.418,22425.0,148.403,148.432,148.2018199481268
2025-09-02T14:00:00Z,148.398,148.4,147.94,148.084,28522.0,148.076,148.092,148.1861106217099
2025-09-02T15:00:00Z,148.084,148.338,148.074,148.234,18316.0,148.225,148.242,148.19249587214858
2025-09-02T16:00:00Z,148.234,148.336,148.202,148.298,10202.0,148.291,148.306,148.20656308919544
2025-09-02T17:00:00Z,148.298,148.422,148.247,148.381,8276.0,148.373,148.389,148.22982134396938
2025-09-02T18:00:00Z,148.382,148.535,148.368,148.476,8996.0,148.468,148.484,148.26264516477346
2025-09-02T19:00:00Z,148.476,148.485,148.321,148.36,6490.0,148.351,148.368,148.27562580947034
2025-09-02T20:00:00Z,148.358,148.413,148.318,148.338,4702.0,148.328,148.348,148.28394236820762
2025-09-02T21:00:00Z,148.336,148.37,148.329,148.358,466.0,148.339,148.376,148.29381671911327
2025-09-02T22:00:00Z,148.356,148.562,148.316,148.504,2424.0,148.496,148.511,148.32184115656483
2025-09-02T23:00:00Z,148.502,148.592,148.45,148.584,3931.0,148.575,148.594,148.35679566902286
2025-09-03T00:00:00Z,148.583,148.768,148.511,148.758,9844.0,148.749,148.767,148.41028957981982
2025-09-03T01:00:00Z,148.758,148.902,148.724,148.868,8009.0,148.86,148.875,148.47131763584383
2025-09-03T02:00:00Z,148.867,148.905,148.711,148.844,7322.0,148.837,148.852,148.52100861773133
2025-09-03T03:00:00Z,148.845,148.92,148.811,148.914,4472.0,148.906,148.921,148.57340746870048
2025-09-03T04:00:00Z,148.914,148.926,148.554,148.59,7580.0,148.582,148.599,148.5756198062071
2025-09-03T05:00:00Z,148.591,148.66,148.49,148.606,6815.0,148.598,148.614,148.57967049871283
2025-09-03T06:00:00Z,148.606,148.682,148.512,148.616,11437.0,148.609,148.623,148.5845144322178
2025-09-03T07:00:00Z,148.616,149.138,148.614,148.737,17420.0,148.728,148.746,148.6048458412554
2025-09-03T08:00:00Z,148.738,148.774,148.565,148.588,14785.0,148.581,148.595,148.602599729088
2025-09-03T09:00:00Z,148.588,148.711,148.434,148.558,11896.0,148.55,148.566,148.59665309854296
2025-09-03T10:00:00Z,148.558,148.737,148.479,148.695,8670.0,148.687,148.703,148.60976601873725
2025-09-03T11:00:00Z,148.694,148.726,148.596,148.616,12278.0,148.609,148.624,148.61059721623894
2025-09-03T12:00:00Z,148.617,148.8,148.548,148.73,15045.0,148.722,148.737,148.62651758740708
2025-09-03T13:00:00Z,148.729,148.796,148.576,148.642,20701.0,148.624,148.659,148.62858190908614
2025-09-03T14:00:00Z,148.642,148.658,148.076,148.172,27999.0,148.165,148.179,148.567704321208
2025-09-03T15:00:00Z,148.172,148.202,147.932,147.968,15099.0,147.96,147.975,148.48774374504694
2025-09-03T16:00:00Z,147.969,148.033,147.908,147.942,9588.0,147.934,147.95,148.414977912374
2025-09-03T17:00:00Z,147.939,148.058,147.882,148.04,8282.0,148.032,148.048,148.3649808573908
2025-09-03T18:00:00Z,148.04,148.072,147.92,147.971,8832.0,147.964,147.978,148.31245007640536
2025-09-03T19:00:00Z,147.972,148.136,147.964,148.136,5748.0,148.127,148.145,148.28892339955132
2025-09-03T20:00:00Z,148.137,148.162,148.084,148.109,4165.0,148.102,148.116,148.26493361294447
2025-09-03T21:00:00Z,148.07,148.11,148.062,148.066,476.0,148.047,148.085,148.23840913121856
2025-09-03T22:00:00Z,148.064,148.15,148.036,148.058,1810.0,148.049,148.068,148.21435458038943
2025-09-03T23:00:00Z,148.06,148.066,147.951,147.978,3876.0,147.969,147.986,148.18284063633752
2025-09-04T00:00:00Z,147.975,148.17,147.906,148.031,14570.0,148.023,148.039,148.1625952181592
2025-09-04T01:00:00Z,148.03,148.112,147.792,148.014,12985.0,148.005,148.022,148.14278252240464
2025-09-04T02:00:00Z,148.013,148.192,148.013,148.136,10075.0,148.128,148.144,148.14187818608403
2025-09-04T03:00:00Z,148.136,148.266,148.119,148.244,7711.0,148.236,148.253,148.1554944279395
2025-09-04T04:00:00Z,148.245,148.286,148.13,148.243,6631.0,148.235,148.251,148.16716183754755
2025-09-04T05:00:00Z,148.242,148.284,148.162,148.228,7450.0,148.219,148.237,148.17527359254123
2025-09-04T06:00:00Z,148.229,148.249,148.133,148.198,10686.0,148.191,148.205,148.1783037802024
2025-09-04T07:00:00Z,148.196,148.416,148.112,148.366,13706.0,148.359,148.374,148.2033299428421
2025-09-04T08:00:00Z,148.368,148.408,148.138,148.217,10527.0,148.209,148.225,148.2051526171298
2025-09-04T09:00:00Z,148.216,148.376,148.17,148.322,8634.0,148.315,148.329,148.22073226817918
2025-09-04T10:00:00Z,148.322,148.339,148.204,148.264,8515.0,148.256,148.272,148.22650129908862
2025-09-04T11:00:00Z,148.264,148.394,148.253,148.345,9100.0,148.336,148.354,148.24230112587682
2025-09-04T12:00:00Z,148.346,148.532,148.022,148.429,21693.0,148.421,148.437,148.26719430909324
2025-09-04T13:00:00Z,148.431,148.53,148.353,148.426,16960.0,148.41,148.442,148.28836840121414
2025-09-04T14:00:00Z,148.452,148.752,148.386,148.741,21879.0,148.733,148.749,148.34871928105227
2025-09-04T15:00:00Z,148.74,148.779,148.628,148.632,11515.0,148.625,148.639,148.38649004357865
2025-09-04T16:00:00Z,148.632,148.744,148.598,148.623,8636.0,148.616,148.63,148.41802470443483
2025-09-04T17:00:00Z,148.622,148.674,148.608,148.646,6122.0,148.639,148.652,148.44842141051018
2025-09-04T18:00:00Z,148.646,148.652,148.54,148.566,6011.0,148.559,148.573,148.4640985557755
2025-09-04T19:00:00Z,148.566,148.568,148.455,148.487,4935.0,148.478,148.496,148.4671520816721
2025-09-04T20:00:00Z,148.488,148.555,148.442,148.464,4390.0,148.452,148.475,148.46673180411582
2025-09-04T21:00:00Z,148.512,148.536,148.384,148.425,752.0,148.406,148.444,148.46116756356705
2025-09-04T22:00:00Z,148.424,148.517,148.416,148.482,1888.0,148.472,148.491,148.4639452217581
2025-09-04T23:00:00Z,148.48,148.509,148.33,148.424,5004.0,148.416,148.433,148.45861919219035
2025-09-05T00:00:00Z,148.423,148.44,148.13,148.174,11800.0,148.165,148.183,148.420669966565
2025-09-05T01:00:00Z,148.174,148.268,148.091,148.146,9767.0,148.138,148.153,148.38404730435633
2025-09-05T02:00:00Z,148.143,148.182,148.081,148.181,5732.0,148.173,148.189,148.35697433044217
2025-09-05T03:00:00Z,148.18,148.207,148.114,148.176,4652.0,148.169,148.184,148.33284441971654
2025-09-05T04:00:00Z,148.176,148.24,148.168,148.219,4292.0,148.211,148.227,148.31766516375433
2025-09-05T05:00:00Z,148.22,148.22,148.172,148.173,4610.0,148.164,148.182,148.29837647525375
2025-09-05T06:00:00Z,148.173,148.276,148.148,148.238,9260.0,148.23,148.246,148.29032627855324
2025-09-05T07:00:00Z,148.238,148.259,148.192,148.214,8838.0,148.207,148.222,148.28014944141282
2025-09-05T08:00:00Z,148.215,148.226,148.116,148.162,6808.0,148.154,148.17,148.2643961825578
2025-09-05T09:00:00Z,148.161,148.19,148.086,148.174,6771.0,148.166,148.182,148.25234335821676
2025-09-05T10:00:00Z,148.174,148.186,148.08,148.148,6348.0,148.14,148.155,148.23843091045453
2025-09-05T11:00:00Z,148.148,148.253,148.134,148.198,8364.0,148.19,148.206,148.23304012239393
2025-09-05T12:00:00Z,148.197,148.2,147.186,147.3,44181.0,147.293,147.308,148.10863477274142
2025-09-05T13:00:00Z,147.299,147.466,147.042,147.058,36402.0,147.051,147.066,147.9685501363759
2025-09-05T14:00:00Z,147.057,147.211,146.99,147.08,29560.0,147.072,147.088,147.85007678485914
2025-09-05T15:00:00Z,147.08,147.086,146.818,146.844,18389.0,146.838,146.85,147.7159332135446
2025-09-05T16:00:00Z,146.843,147.154,146.824,147.139,13426.0,147.132,147.146,147.63900878507198
2025-09-05T17:00:00Z,147.138,147.306,147.132,147.276,11460.0,147.268,147.283,147.59060761372905
2025-09-05T18:00:00Z,147.275,147.486,147.265,147.466,9280.0,147.458,147.473,147.57399326523185
2025-09-05T19:00:00Z,147.467,147.5,147.374,147.464,7183.0,147.456,147.472,147.55932749653428
2025-09-05T20:00:00Z,147.464,147.507,147.336,147.418,6650.0,147.382,147.454,147.54048383032972
2025-09-07T21:00:00Z,148.187,148.236,147.942,147.992,1689.0,147.942,148.042,147.60068598628575
2025-09-07T22:00:00Z,147.988,148.475,147.938,148.437,7985.0,148.429,148.445,147.71219452144766
2025-09-07T23:00:00Z,148.434,148.453,148.21,148.317,11898.0,148.309,148.325,147.7928352519213
2025-09-08T00:00:00Z,148.315,148.58,148.297,148.339,18782.0,148.331,148.347,147.8656572183318
2025-09-08T01:00:00Z,148.338,148.39,148.126,148.142,14613.0,148.134,148.149,147.90250292255422
2025-09-08T02:00:00Z,148.14,148.154,148.004,148.082,10373.0,148.075,148.089,147.92643586621367
2025-09-08T03:00:00Z,148.082,148.223,148.02,148.204,8268.0,148.195,148.212,147.96344441738518
2025-09-08T04:00:00Z,148.203,148.256,148.114,148.16,7361.0,148.154,148.167,147.9896518284005
2025-09-08T05:00:00Z,148.162,148.18,148.006,148.138,7143.0,148.129,148.146,148.00943158461376
2025-09-08T06:00:00Z,148.138,148.164,147.802,147.83,15180.0,147.821,147.839,147.98550737333193
2025-09-08T07:00:00Z,147.832,147.836,147.515,147.534,14769.0,147.527,147.54,147.925306390221
2025-09-08T08:00:00Z,147.532,147.74,147.466,147.688,11341.0,147.681,147.694,147.89366553819156
2025-09-08T09:00:00Z,147.686,147.774,147.666,147.754,9015.0,147.746,147.761,147.8750434664327
2025-09-08T10:00:00Z,147.753,147.88,147.748,147.805,9008.0,147.796,147.814,147.865704337575
2025-09-08T11:00:00Z,147.806,147.821,147.677,147.778,8700.0,147.771,147.786,147.85401042589834
2025-09-08T12:00:00Z,147.78,147.882,147.652,147.698,12597.0,147.691,147.705,147.83320903577857
2025-09-08T13:00:00Z,147.7,147.746,147.538,147.676,16211.0,147.669,147.683,147.81224783100808
2025-09-08T14:00:00Z,147.676,147.876,147.624,147.749,15521.0,147.742,147.756,147.80381478687366
2025-09-08T15:00:00Z,147.75,147.768,147.547,147.592,11340.0,147.584,147.6,147.7755728152905
2025-09-08T16:00:00Z,147.592,147.779,147.554,147.69,8895.0,147.683,147.696,147.7641631065851
2025-09-08T17:00:00Z,147.69,147.768,147.673,147.73,7577.0,147.722,147.737,147.75960802570708
2025-09-08T18:00:00Z,147.731,147.731,147.446,147.462,6832.0,147.453,147.47,147.7199269556128
2025-09-08T19:00:00Z,147.461,147.476,147.342,147.421,5914.0,147.412,147.43,147.68007002819778
2025-09-08T20:00:00Z,147.422,147.543,147.381,147.53,4197.0,147.518,147.542,147.66006069110475
2025-09-08T21:00:00Z,147.503,147.573,147.492,147.53,1040.0,147.506,147.554,147.64271926562412
2025-09-08T22:00:00Z,147.532,147.532,147.391,147.416,2258.0,147.408,147.423,147.61249003020757
2025-09-08T23:00:00Z,147.411,147.426,147.214,147.376,5391.0,147.368,147.385,147.5809580261799
2025-09-09T00:00:00Z,147.377,147.434,147.154,147.346,12109.0,147.338,147.355,147.54963028935592
2025-09-09T01:00:00Z,147.347,147.401,147.2,147.239,9952.0,147.23,147.248,147.5082129174418
2025-09-09T02:00:00Z,147.24,147.343,147.212,147.334,6855.0,147.327,147.34,147.48498452844956
2025-09-09T03:00:00Z,147.334,147.404,147.323,147.366,5142.0,147.359,147.374,147.4691199246563
2025-09-09T04:00:00Z,147.366,147.378,147.094,147.128,6699.0,147.121,147.136,147.42363726803546
2025-09-09T05:00:00Z,147.129,147.134,146.848,146.858,7973.0,146.852,146.865,147.34821896563074
2025-09-09T06:00:00Z,146.855,147.135,146.817,147.052,11176.0,147.044,147.059,147.30872310354664
2025-09-09T07:00:00Z,147.05,147.316,146.998,147.206,9781.0,147.199,147.214,147.2950266897404
2025-09-09T08:00:00Z,147.206,147.337,146.559,146.626,21868.0,146.618,146.634,147.20582313110836
2025-09-09T09:00:00Z,146.625,146.625,146.307,146.348,12395.0,146.34,146.356,147.09144671362725
2025-09-09T10:00:00Z,146.346,146.52,146.327,146.472,7107.0,146.464,146.479,147.00885381847695
2025-09-09T11:00:00Z,146.471,146.767,146.465,146.73,8545.0,146.723,146.737,146.9716733093467
2025-09-09T12:00:00Z,146.728,147.005,146.726,146.923,15037.0,146.914,146.932,146.96518353476714
2025-09-09T13:00:00Z,146.92,146.968,146.778,146.872,17143.0,146.865,146.88,146.95275906346487
2025-09-09T14:00:00Z,146.871,147.136,146.525,147.098,33693.0,147.09,147.105,146.97212452166957
2025-09-09T15:00:00Z,147.097,147.351,147.097,147.237,17319.0,147.23,147.244,147.00744125211364
2025-09-09T16:00:00Z,147.238,147.338,147.182,147.274,9246.0,147.265,147.282,147.0429824184985
2025-09-09T17:00:00Z,147.273,147.365,147.24,147.356,8487.0,147.349,147.364,147.08471809603205
2025-09-09T18:00:00Z,147.356,147.434,147.316,147.402,7850.0,147.395,147.409,147.12702234989445
2025-09-09T19:00:00Z,147.402,147.464,147.392,147.446,5554.0,147.437,147.454,147.16955270324186
2025-09-09T20:00:00Z,147.446,147.473,147.4,147.403,3748.0,147.393,147.413,147.2006790094763
2025-09-09T21:00:00Z,147.364,147.414,147.299,147.382,1388.0,147.366,147.398,147.22485514154613
2025-09-09T22:00:00Z,147.384,147.417,147.343,147.356,1569.0,147.347,147.365,147.2423411226733
2025-09-09T23:00:00Z,147.352,147.454,147.336,147.396,3351.0,147.389,147.402,147.26282897298353
2025-09-10T00:00:00Z,147.396,147.478,147.372,147.429,8896.0,147.421,147.437,147.28498510991906
2025-09-10T01:00:00Z,147.429,147.578,147.334,147.398,9602.0,147.39,147.405,147.30005376192986
2025-09-10T02:00:00Z,147.394,147.417,147.297,147.301,6953.0,147.293,147.309,147.30017992700587
2025-09-10T03:00:00Z,147.302,147.402,147.271,147.396,4191.0,147.388,147.404,147.31295593673843
2025-09-10T04:00:00Z,147.396,147.462,147.325,147.327,5321.0,147.319,147.335,147.31482847850666
2025-09-10T05:00:00Z,147.328,147.489,147.282,147.427,5226.0,147.419,147.435,147.32978468137244
2025-09-10T06:00:00Z,147.428,147.588,147.337,147.57,11632.0,147.562,147.577,147.3618133905228
2025-09-10T07:00:00Z,147.569,147.574,147.393,147.498,12089.0,147.491,147.505,147.37997160511975
2025-09-10T08:00:00Z,147.498,147.558,147.397,147.518,9835.0,147.511,147.526,147.3983753911038
2025-09-10T09:00:00Z,147.52,147.544,147.396,147.427,9048.0,147.419,147.435,147.4021920056233
2025-09-10T10:00:00Z,147.428,147.487,147.398,147.478,6842.0,147.47,147.487,147.41229973820688
2025-09-10T11:00:00Z,147.478,147.547,147.446,147.518,7393.0,147.51,147.526,147.42639310644597
2025-09-10T12:00:00Z,147.518,147.647,147.105,147.53,24429.0,147.522,147.539,147.44020735891985
2025-09-10T13:00:00Z,147.533,147.608,147.275,147.342,21257.0,147.335,147.348,147.4271130443972
2025-09-10T14:00:00Z,147.341,147.428,147.264,147.404,14900.0,147.396,147.411,147.42403130514424
2025-09-10T15:00:00Z,147.404,147.446,147.317,147.373,9110.0,147.366,147.38,147.417227131125
2025-09-10T16:00:00Z,147.372,147.414,147.282,147.378,6975.0,147.37,147.386,147.411996846975
2025-09-10T17:00:00Z,147.377,147.394,147.248,147.334,6813.0,147.326,147.341,147.40159726737835
2025-09-10T18:00:00Z,147.334,147.354,147.247,147.326,4628.0,147.318,147.334,147.3915176317279
2025-09-10T19:00:00Z,147.326,147.468,147.314,147.415,5230.0,147.406,147.424,147.3946486141642
2025-09-10T20:00:00Z,147.416,147.47,147.383,147.465,2454.0,147.455,147.475,147.4040287989423
2025-09-10T21:00:00Z,147.396,147.436,147.378,147.408,2372.0,147.381,147.435,147.40455829241668
2025-09-10T22:00:00Z,147.392,147.426,147.344,147.349,1253.0,147.34,147.358,147.39715052009447
2025-09-10T23:00:00Z,147.348,147.38,147.282,147.352,2973.0,147.344,147.361,147.39113045074853
2025-09-11T00:00:00Z,147.354,147.47,147.346,147.46,8191.0,147.452,147.468,147.4003130573154
2025-09-11T01:00:00Z,147.461,147.48,147.321,147.392,5703.0,147.385,147.399,147.39920464967335
2025-09-11T02:00:00Z,147.392,147.481,147.378,147.467,4198.0,147.46,147.474,147.4082440297169
2025-09-11T03:00:00Z,147.468,147.479,147.436,147.446,4366.0,147.439,147.453,147.413278159088
2025-09-11T04:00:00Z,147.446,147.457,147.416,147.436,4280.0,147.427,147.444,147.41630773787628
2025-09-11T05:00:00Z,147.436,147.589,147.427,147.582,4478.0,147.574,147.589,147.4384000394928
2025-09-11T06:00:00Z,147.581,147.791,147.561,147.724,10554.0,147.717,147.731,147.47648003422708
2025-09-11T07:00:00Z,147.726,147.831,147.656,147.78,9376.0,147.771,147.788,147.5169493629968
2025-09-11T08:00:00Z,147.778,147.863,147.77,147.85,7882.0,147.842,147.857,147.56135611459723
2025-09-11T09:00:00Z,147.849,147.993,147.841,147.961,7865.0,147.954,147.968,147.61464196598428
2025-09-11T10:00:00Z,147.96,147.991,147.898,147.968,6022.0,147.961,147.976,147.6617563705197
2025-09-11T11:00:00Z,147.97,147.988,147.902,147.968,7055.0,147.96,147.976,147.7025888544504
2025-09-11T12:00:00Z,147.966,148.192,147.362,147.528,36185.0,147.52,147.537,147.67931034052367
2025-09-11T13:00:00Z,147.528,147.621,147.332,147.36,31014.0,147.352,147.367,147.63673562845386
2025-09-11T14:00:00Z,147.36,147.38,146.994,147.189,21086.0,147.182,147.196,147.57703754466002
2025-09-11T15:00:00Z,147.189,147.312,147.056,147.17,13244.0,147.163,147.178,147.5227658720387
2025-09-11T16:00:00Z,147.17,147.171,146.988,147.058,10210.0,147.05,147.066,147.4607970891002
2025-09-11T17:00:00Z,147.058,147.308,147.052,147.29,9505.0,147.283,147.297,147.43802414388685
2025-09-11T18:00:00Z,147.289,147.309,147.148,147.176,7597.0,147.168,147.184,147.4030875913686
2025-09-11T19:00:00Z,147.177,147.192,147.089,147.165,8480.0,147.157,147.173,147.37134257918612
2025-09-11T20:00:00Z,147.165,147.247,147.124,147.236,6135.0,147.224,147.247,147.3532969019613
2025-09-11T21:00:00Z,147.221,147.243,147.18,147.198,172.0,147.181,147.215,147.33259064836648
2025-09-11T22:00:00Z,147.192,147.231,147.122,147.188,2039.0,147.179,147.196,147.31331189525096
2025-09-11T23:00:00Z,147.186,147.238,147.152,147.229,2622.0,147.22,147.238,147.3020703092175
2025-09-12T00:00:00Z,147.229,147.337,147.167,147.23,7520.0,147.22,147.239,147.29246093465517
2025-09-12T01:00:00Z,147.229,147.448,147.213,147.417,5272.0,147.409,147.425,147.30906614336783
2025-09-12T02:00:00Z,147.417,147.48,147.398,147.424,4549.0,147.415,147.432,147.32439065758547
2025-09-12T03:00:00Z,147.424,147.481,147.422,147.448,3807.0,147.442,147.455,147.34087190324075
2025-09-12T04:00:00Z,147.45,147.547,147.449,147.502,3679.0,147.495,147.51,147.36235564947532
2025-09-12T05:00:00Z,147.504,147.556,147.332,147.348,4948.0,147.341,147.355,147.3604415628786
2025-09-12T06:00:00Z,147.347,147.506,147.326,147.409,9744.0,147.402,147.416,147.36691602116147
2025-09-12T07:00:00Z,147.407,147.488,147.244,147.458,12976.0,147.45,147.465,147.3790605516733
2025-09-12T08:00:00Z,147.458,147.928,147.454,147.894,16394.0,147.886,147.903,147.44771914478352
2025-09-12T09:00:00Z,147.895,147.985,147.858,147.929,9939.0,147.922,147.936,147.51188992547907
2025-09-12T10:00:00Z,147.93,147.941,147.744,147.754,7702.0,147.746,147.761,147.54417126874853
2025-09-12T11:00:00Z,147.754,147.858,147.685,147.84,8308.0,147.832,147.848,147.58361509958206
2025-09-12T12:00:00Z,147.84,148.074,147.809,147.848,13911.0,147.841,147.855,147.61886641963778
2025-09-12T13:00:00Z,147.848,147.889,147.7,147.74,14975.0,147.734,147.747,147.6350175636861
2025-09-12T14:00:00Z,147.748,147.77,147.59,147.668,15286.0,147.661,147.674,147.6394152218613
2025-09-12T15:00:00Z,147.668,147.866,147.65,147.858,10317.0,147.85,147.867,147.66855985894645
2025-09-12T16:00:00Z,147.859,147.876,147.631,147.684,6378.0,147.676,147.692,147.67061854442025
2025-09-12T17:00:00Z,147.682,147.682,147.516,147.56,6459.0,147.552,147.568,147.65586940516422
2025-09-12T18:00:00Z,147.56,147.562,147.474,147.488,4966.0,147.481,147.495,147.633486817809
2025-09-12T19:00:00Z,147.488,147.612,147.464,147.586,3868.0,147.577,147.594,147.62715524210114
2025-09-12T20:00:00Z,147.584,147.724,147.578,147.673,4087.0,147.648,147.698,147.63326787648765
2025-09-14T21:00:00Z,147.63,147.69,147.606,147.647,139.0,147.597,147.697,147.6350988262893
2025-09-14T22:00:00Z,147.638,147.791,147.616,147.712,1790.0,147.704,147.721,147.6453523161174
2025-09-14T23:00:00Z,147.712,147.73,147.63,147.678,3027.0,147.669,147.686,147.64970534063508
2025-09-15T00:00:00Z,147.679,147.692,147.55,147.55,5340.0,147.542,147.558,147.63641129521707
2025-09-15T01:00:00Z,147.55,147.588,147.541,147.578,6088.0,147.57,147.586,147.62862312252147
2025-09-15T02:00:00Z,147.578,147.614,147.51,147.518,5069.0,147.509,147.527,147.61387337285194
2025-09-15T03:00:00Z,147.516,147.52,147.404,147.43,4770.0,147.421,147.438,147.58935692313835
2025-09-15T04:00:00Z,147.428,147.454,147.34,147.404,4312.0,147.396,147.413,147.56464266671992
2025-09-15T05:00:00Z,147.404,147.522,147.394,147.511,4910.0,147.504,147.518,147.55749031115727
2025-09-15T06:00:00Z,147.512,147.61,147.499,147.532,8707.0,147.524,147.539,147.55409160300297
2025-09-15T07:00:00Z,147.532,147.597,147.374,147.469,11468.0,147.46,147.478,147.5427460559359
2025-09-15T08:00:00Z,147.47,147.483,147.376,147.412,9629.0,147.405,147.42,147.5253132484778
2025-09-15T09:00:00Z,147.414,147.43,147.311,147.37,7675.0,147.362,147.378,147.50460481534742
2025-09-15T10:00:00Z,147.37,147.408,147.248,147.396,7718.0,147.388,147.404,147.4901241733011
2025-09-15T11:00:00Z,147.396,147.478,147.324,147.416,8035.0,147.408,147.424,147.4802409501943
2025-09-15T12:00:00Z,147.414,147.418,147.251,147.27,11909.0,147.261,147.279,147.45220882350173
2025-09-15T13:00:00Z,147.27,147.355,147.232,147.35,12716.0,147.343,147.358,147.4385809803682
2025-09-15T14:00:00Z,147.351,147.472,147.35,147.42,12836.0,147.412,147.428,147.4361035163191
2025-09-15T15:00:00Z,147.42,147.436,147.27,147.274,9729.0,147.266,147.282,147.41448971414323
2025-09-15T16:00:00Z,147.274,147.417,147.242,147.339,9857.0,147.332,147.346,147.40442441892412
2025-09-15T17:00:00Z,147.34,147.374,147.246,147.256,7261.0,147.25,147.263,147.3846344964009
2025-09-15T18:00:00Z,147.256,147.328,147.242,147.326,7008.0,147.319,147.332,147.37681656354746
2025-09-15T19:00:00Z,147.324,147.415,147.314,147.392,5670.0,147.383,147.4,147.37884102174115
2025-09-15T20:00:00Z,147.393,147.43,147.37,147.417,4293.0,147.407,147.427,147.383928885509
2025-09-15T21:00:00Z,147.343,147.379,147.314,147.354,1565.0,147.321,147.388,147.37993836744113
2025-09-15T22:00:00Z,147.343,147.405,147.342,147.397,1354.0,147.387,147.407,147.3822132517823
2025-09-15T23:00:00Z,147.396,147.428,147.336,147.401,3211.0,147.393,147.409,147.38471815154466
2025-09-16T00:00:00Z,147.402,147.504,147.349,147.446,8963.0,147.439,147.453,147.39288906467203
2025-09-16T01:00:00Z,147.446,147.541,147.264,147.353,9661.0,147.345,147.361,147.38757052271578
2025-09-16T02:00:00Z,147.354,147.355,147.116,147.154,8591.0,147.145,147.163,147.3564277863537
2025-09-16T03:00:00Z,147.154,147.2,147.018,147.102,8157.0,147.094,147.109,147.32250408150654
2025-09-16T04:00:00Z,147.1,147.13,146.972,147.016,7159.0,147.008,147.024,147.281636870639
2025-09-16T05:00:00Z,147.017,147.072,146.918,146.994,7849.0,146.987,147.001,147.24328528788715
2025-09-16T06:00:00Z,146.995,147.029,146.78,146.898,13856.0,146.891,146.905,147.1972472495022
2025-09-16T07:00:00Z,146.896,146.9,146.692,146.89,14104.0,146.881,146.898,147.15628094956858
2025-09-16T08:00:00Z,146.891,147.094,146.877,146.998,12529.0,146.99,147.006,147.13517682295944
2025-09-16T09:00:00Z,146.998,147.008,146.868,146.962,12528.0,146.955,146.969,147.11208657989818
2025-09-16T10:00:00Z,146.96,147.092,146.946,147.058,9678.0,147.05,147.065,147.10487503591176
2025-09-16T11:00:00Z,147.057,147.116,146.878,146.958,11277.0,146.95,146.965,147.0852916977902
2025-09-16T12:00:00Z,146.958,147.262,146.908,147.098,20589.0,147.089,147.107,147.08698613808485
2025-09-16T13:00:00Z,147.097,147.139,146.736,146.761,20749.0,146.753,146.769,147.04352131967354
2025-09-16T14:00:00Z,146.76,146.806,146.522,146.527,21166.0,146.521,146.533,146.97465181038373
2025-09-16T15:00:00Z,146.528,146.683,146.502,146.558,12848.0,146.551,146.566,146.9190982356659
2025-09-16T16:00:00Z,146.559,146.563,146.352,146.357,10305.0,146.35,146.364,146.84415180424378
2025-09-16T17:00:00Z,146.356,146.403,146.278,146.376,10140.0,146.369,146.384,146.78173156367794
2025-09-16T18:00:00Z,146.377,146.398,146.326,146.344,9678.0,146.337,146.352,146.72336735518755
2025-09-16T19:00:00Z,146.345,146.502,146.345,146.497,9462.0,146.49,146.504,146.69318504116254
2025-09-16T20:00:00Z,146.498,146.507,146.446,146.456,6343.0,146.447,146.464,146.66156036900753
2025-09-16T21:00:00Z,146.478,146.541,146.434,146.484,1195.0,146.451,146.517,146.63788565313988
2025-09-16T22:00:00Z,146.486,146.52,146.436,146.495,1576.0,146.488,146.502,146.61883423272124
2025-09-16T23:00:00Z,146.494,146.494,146.312,146.413,3927.0,146.405,146.421,146.5913896683584
2025-09-17T00:00:00Z,146.412,146.57,146.214,146.535,13680.0,146.527,146.543,146.58387104591063
2025-09-17T01:00:00Z,146.536,146.606,146.432,146.498,10809.0,146.489,146.506,146.57242157312254
2025-09-17T02:00:00Z,146.497,146.592,146.496,146.54,5671.0,146.532,146.548,146.56809869670622
2025-09-17T03:00:00Z,146.54,146.567,146.478,146.534,3899.0,146.525,146.542,146.56355220381207
2025-09-17T04:00:00Z,146.532,146.546,146.434,146.457,3461.0,146.448,146.466,146.5493452433038
2025-09-17T05:00:00Z,146.456,146.556,146.372,146.518,6099.0,146.51,146.525,146.54516587752997
2025-09-17T06:00:00Z,146.516,146.547,146.465,146.499,9394.0,146.492,146.506,146.53901042719264
2025-09-17T07:00:00Z,146.5,146.681,146.48,146.667,10295.0,146.659,146.675,146.55607570356696
2025-09-17T08:00:00Z,146.668,146.682,146.377,146.456,8608.0,146.448,146.463,146.54273227642472
2025-09-17T09:00:00Z,146.455,146.456,146.278,146.319,8675.0,146.311,146.327,146.51290130623477
2025-09-17T10:00:00Z,146.32,146.39,146.204,146.274,9283.0,146.266,146.283,146.4810477987368
2025-09-17T11:00:00Z,146.275,146.346,146.226,146.34,8353.0,146.331,146.349,146.4622414255719
2025-09-17T12:00:00Z,146.34,146.479,146.322,146.38,10439.0,146.371,146.389,146.4512759021623
2025-09-17T13:00:00Z,146.38,146.401,146.245,146.339,11706.0,146.333,146.345,146.436305781874
2025-09-17T14:00:00Z,146.34,146.394,146.21,146.342,11938.0,146.335,146.35,146.42373167762415
2025-09-17T15:00:00Z,146.343,146.386,146.305,146.362,8358.0,146.354,146.371,146.41550078727425
2025-09-17T16:00:00Z,146.364,146.376,146.254,146.29,8888.0,146.282,146.297,146.39876734897103
2025-09-17T17:00:00Z,146.29,146.37,146.247,146.247,9430.0,146.202,146.292,146.37853170244156
2025-09-17T18:00:00Z,146.247,146.858,145.483,146.714,72623.0,146.706,146.723,146.4232608087827
2025-09-17T19:00:00Z,146.713,146.848,146.442,146.778,31868.0,146.77,146.787,146.47055936761166
2025-09-17T20:00:00Z,146.778,147.051,146.756,146.999,7323.0,146.98,147.018,146.54101811859678
2025-09-17T21:00:00Z,146.965,146.994,146.882,146.945,1819.0,146.923,146.967,146.59488236945054
2025-09-17T22:00:00Z,146.944,146.982,146.796,146.841,3762.0,146.831,146.851,146.6276980535238
2025-09-17T23:00:00Z,146.838,146.912,146.768,146.884,7018.0,146.876,146.892,146.6618716463873
2025-09-18T00:00:00Z,146.884,147.033,146.855,146.914,13598.0,146.907,146.922,146.69548876020235
2025-09-18T01:00:00Z,146.914,147.148,146.846,147.024,14364.0,147.017,147.032,146.73929025884203
2025-09-18T02:00:00Z,147.024,147.072,146.898,146.908,7216.0,146.901,146.916,146.76178489099644
2025-09-18T03:00:00Z,146.907,147.054,146.854,147.053,5761.0,147.046,147.06,146.8006135721969
2025-09-18T04:00:00Z,147.052,147.222,147.042,147.206,7412.0,147.199,147.213,146.85466509590398
2025-09-18T05:00:00Z,147.206,147.406,147.174,147.354,8714.0,147.345,147.362,146.9212430831168
2025-09-18T06:00:00Z,147.349,147.532,147.332,147.408,15590.0,147.401,147.416,146.9861440053679
2025-09-18T07:00:00Z,147.41,147.428,147.029,147.116,16244.0,147.108,147.125,147.00345813798552
2025-09-18T08:00:00Z,147.116,147.49,147.1,147.435,17030.0,147.427,147.443,147.06099705292078
2025-09-18T09:00:00Z,147.434,147.457,147.162,147.276,12874.0,147.268,147.284,147.08966411253135
2025-09-18T10:00:00Z,147.275,147.372,147.226,147.262,9194.0,147.254,147.271,147.1126422308605
2025-09-18T11:00:00Z,147.262,147.427,147.216,147.386,15328.0,147.379,147.394,147.14908993341243
2025-09-18T12:00:00Z,147.386,147.804,147.368,147.792,20265.0,147.785,147.799,147.2348112756241
2025-09-18T13:00:00Z,147.793,148.268,147.793,148.06,26529.0,148.052,148.068,147.34483643887424
2025-09-18T14:00:00Z,148.062,148.129,147.902,148.014,24847.0,148.006,148.021,147.43405824702435
2025-09-18T15:00:00Z,148.013,148.084,147.905,148.026,16427.0,148.018,148.033,147.5129838140878
2025-09-18T16:00:00Z,148.026,148.044,147.858,147.866,11128.0,147.859,147.874,147.5600526388761
2025-09-18T17:00:00Z,147.867,147.894,147.804,147.876,7828.0,147.869,147.884,147.60217895369263
2025-09-18T18:00:00Z,147.876,147.931,147.83,147.884,6348.0,147.876,147.891,147.63975509320028
2025-09-18T19:00:00Z,147.884,147.964,147.844,147.954,5719.0,147.947,147.962,147.6816544141069
2025-09-18T20:00:00Z,147.955,148.022,147.951,147.996,3711.0,147.985,148.008,147.72356715889265
2025-09-18T21:00:00Z,147.944,148.002,147.909,147.962,1589.0,147.933,147.99,147.75535820437364
2025-09-18T22:00:00Z,147.958,147.986,147.913,147.946,3535.0,147.939,147.953,147.78077711045717
2025-09-18T23:00:00Z,147.946,148.01,147.939,147.966,2781.0,147.958,147.974,147.80547349572956
2025-09-19T00:00:00Z,147.965,148.114,147.898,148.012,9706.0,148.002,148.021,147.8330103629656
2025-09-19T01:00:00Z,148.01,148.094,147.932,148.063,9833.0,148.055,148.071,147.86367564790353
2025-09-19T02:00:00Z,148.062,148.108,147.952,147.993,6361.0,147.983,148.003,147.88091889484974
2025-09-19T03:00:00Z,147.992,147.994,147.372,147.626,19872.0,147.618,147.633,147.8469297088698
2025-09-19T04:00:00Z,147.625,147.632,147.196,147.525,26350.0,147.517,147.533,147.80400574768717
2025-09-19T05:00:00Z,147.526,147.586,147.418,147.512,15641.0,147.504,147.52,147.76507164799554
2025-09-19T06:00:00Z,147.512,147.99,147.468,147.855,26416.0,147.847,147.863,147.77706209492948
2025-09-19T07:00:00Z,147.854,147.958,147.666,147.934,19219.0,147.926,147.941,147.7979871489389
2025-09-19T08:00:00Z,147.933,148.038,147.812,147.858,13980.0,147.849,147.866,147.8059888624137
2025-09-19T09:00:00Z,147.856,147.984,147.753,147.96,10655.0,147.952,147.967,147.82652368075856
2025-09-19T10:00:00Z,147.961,147.976,147.858,147.942,8188.0,147.933,147.951,147.8419205233241
2025-09-19T11:00:00Z,147.942,148.2,147.932,148.167,10603.0,148.159,148.175,147.88526445354756
2025-09-19T12:00:00Z,148.166,148.288,148.016,148.158,18419.0,148.15,148.167,147.92162919307455
2025-09-19T13:00:00Z,148.158,148.158,147.806,147.838,20586.0,147.83,147.846,147.91047863399794
2025-09-19T14:00:00Z,147.84,147.926,147.793,147.888,18556.0,147.88,147.896,147.9074814827982
2025-09-19T15:00:00Z,147.891,147.952,147.828,147.836,15475.0,147.828,147.845,147.8979506184251
2025-09-19T16:00:00Z,147.838,147.928,147.797,147.85,8849.0,147.842,147.859,147.8915572026351
2025-09-19T17:00:00Z,147.852,147.954,147.845,147.944,6640.0,147.936,147.953,147.8985495756171
2025-09-19T18:00:00Z,147.944,147.976,147.919,147.966,5166.0,147.96,147.972,147.90754296553482
2025-09-19T19:00:00Z,147.968,147.995,147.921,147.942,4318.0,147.935,147.949,147.91213723679684
2025-09-19T20:00:00Z,147.941,147.994,147.936,147.956,6746.0,147.931,147.981,147.91798560522392
2025-09-21T21:00:00Z,147.919,147.932,147.904,147.928,336.0,147.884,147.973,147.91932085786073
2025-09-21T22:00:00Z,147.922,148.02,147.877,147.994,1876.0,147.986,148.001,147.92927807681264
2025-09-21T23:00:00Z,147.992,148.112,147.979,148.104,3749.0,148.095,148.112,147.95257433323764
2025-09-22T00:00:00Z,148.106,148.258,148.106,148.16,8906.0,148.153,148.168,147.98023108880597
2025-09-22T01:00:00Z,148.158,148.217,148.088,148.194,9419.0,148.187,148.202,148.00873361029852
2025-09-22T02:00:00Z,148.194,148.354,148.183,148.35,7830.0,148.343,148.356,148.05423579559206
2025-09-22T03:00:00Z,148.35,148.378,148.304,148.338,5166.0,148.331,148.345,148.09207102284645
2025-09-22T04:00:00Z,148.338,148.37,148.274,148.287,4309.0,148.279,148.295,148.1180615531336
2025-09-22T05:00:00Z,148.286,148.306,148.224,148.254,5232.0,148.248,148.261,148.13618667938246
2025-09-22T06:00:00Z,148.255,148.262,147.997,148.076,9893.0,148.069,148.084,148.12816178879814
2025-09-22T07:00:00Z,148.076,148.134,147.892,148.116,14896.0,148.11,148.123,148.1265402169584
2025-09-22T08:00:00Z,148.118,148.13,147.818,147.856,13084.0,147.849,147.863,148.09046818803063
2025-09-22T09:00:00Z,147.854,147.948,147.799,147.878,8713.0,147.871,147.886,148.0621390962932
2025-09-22T10:00:00Z,147.878,147.934,147.822,147.858,9323.0,147.85,147.865,148.03492055012077
2025-09-22T11:00:00Z,147.859,147.909,147.742,147.844,9191.0,147.837,147.85,148.00946447677134
2025-09-22T12:00:00Z,147.842,147.934,147.764,147.844,14017.0,147.836,147.853,147.98740254653518
2025-09-22T13:00:00Z,147.844,147.971,147.732,147.822,15462.0,147.815,147.829,147.96534887366383
2025-09-22T14:00:00Z,147.822,147.986,147.819,147.877,12551.0,147.869,147.885,147.953569023842
2025-09-22T15:00:00Z,147.878,147.903,147.82,147.838,10302.0,147.832,147.845,147.93815982066306
2025-09-22T16:00:00Z,147.838,147.89,147.738,147.742,8061.0,147.735,147.749,147.912005177908
2025-09-22T17:00:00Z,147.742,147.782,147.659,147.686,5891.0,147.679,147.693,147.88187115418694
2025-09-22T18:00:00Z,147.686,147.774,147.66,147.73,8341.0,147.722,147.737,147.861621666962
2025-09-22T19:00:00Z,147.729,147.743,147.69,147.738,5398.0,147.731,147.746,147.84513877803374
2025-09-22T20:00:00Z,147.738,147.782,147.712,147.736,3564.0,147.724,147.749,147.83058694096258
2025-09-22T21:00:00Z,147.775,147.822,147.714,147.736,724.0,147.696,147.776,147.81797534883424
2025-09-22T22:00:00Z,147.754,147.76,147.666,147.704,1380.0,147.696,147.713,147.80277863565635
2025-09-22T23:00:00Z,147.704,147.768,147.68,147.733,2995.0,147.725,147.741,147.79347481756884
2025-09-23T00:00:00Z,147.732,147.768,147.653,147.668,5737.0,147.66,147.677,147.776744841893
2025-09-23T01:00:00Z,147.666,147.706,147.6,147.621,6530.0,147.613,147.629,147.75597886297393
2025-09-23T02:00:00Z,147.62,147.816,147.608,147.798,6844.0,147.791,147.806,147.76158168124408
2025-09-23T03:00:00Z,147.799,147.865,147.749,147.762,6290.0,147.755,147.769,147.7616374570782
2025-09-23T04:00:00Z,147.762,147.814,147.733,147.798,4469.0,147.79,147.806,147.76648579613445
2025-09-23T05:00:00Z,147.802,147.842,147.74,147.801,5534.0,147.793,147.809,147.77108768998318
2025-09-23T06:00:00Z,147.802,147.834,147.638,147.721,8439.0,147.713,147.729,147.76440933131875
2025-09-23T07:00:00Z,147.72,147.826,147.648,147.73,14002.0,147.722,147.739,147.75982142047624
2025-09-23T08:00:00Z,147.73,147.778,147.538,147.566,12066.0,147.559,147.573,147.73397856441275
2025-09-23T09:00:00Z,147.566,147.627,147.508,147.612,9486.0,147.603,147.62,147.71771475582437
2025-09-23T10:00:00Z,147.612,147.773,147.583,147.718,7125.0,147.71,147.726,147.71775278838112
2025-09-23T11:00:00Z,147.718,147.796,147.69,147.766,8850.0,147.758,147.773,147.7241857499303
2025-09-23T12:00:00Z,147.766,147.886,147.756,147.774,12760.0,147.766,147.782,147.7308276499396
2025-09-23T13:00:00Z,147.774,147.888,147.669,147.678,17644.0,147.67,147.687,147.723783963281
2025-09-23T14:00:00Z,147.679,147.802,147.618,147.763,17600.0,147.756,147.77,147.72901276817686
2025-09-23T15:00:00Z,147.764,147.928,147.752,147.842,12968.0,147.834,147.85,147.74407773241995
2025-09-23T16:00:00Z,147.842,147.93,147.688,147.774,14151.0,147.766,147.781,147.7480673680973
2025-09-23T17:00:00Z,147.772,147.776,147.494,147.582,13170.0,147.574,147.59,147.72592505235102
2025-09-23T18:00:00Z,147.585,147.625,147.463,147.584,10443.0,147.576,147.593,147.70700171203754
2025-09-23T19:00:00Z,147.586,147.636,147.554,147.634,8927.0,147.627,147.642,147.69726815043254
2025-09-23T20:00:00Z,147.636,147.677,147.586,147.658,5566.0,147.644,147.673,147.69203239704154
2025-09-23T21:00:00Z,147.618,147.671,147.591,147.591,1576.0,147.542,147.64,147.67856141076933
2025-09-23T22:00:00Z,147.592,147.632,147.561,147.618,2153.0,147.608,147.627,147.6704865560001
2025-09-23T23:00:00Z,147.615,147.666,147.578,147.603,3748.0,147.595,147.611,147.66148834853342
2025-09-24T00:00:00Z,147.602,147.829,147.516,147.778,11596.0,147.769,147.786,147.67702323539564
2025-09-24T01:00:00Z,147.777,147.814,147.715,147.758,10035.0,147.75,147.767,147.6878201373429
2025-09-24T02:00:00Z,147.758,147.792,147.724,147.771,6864.0,147.762,147.78,147.69891078569717
2025-09-24T03:00:00Z,147.77,147.878,147.76,147.873,4733.0,147.866,147.88,147.72212268093756
2025-09-24T04:00:00Z,147.874,147.964,147.874,147.904,4808.0,147.896,147.913,147.7463729901459
2025-09-24T05:00:00Z,147.906,147.941,147.818,147.877,6471.0,147.867,147.887,147.76378992479312
2025-09-24T06:00:00Z,147.878,148.109,147.871,148.058,10361.0,148.05,148.067,147.8030179348207
2025-09-24T07:00:00Z,148.056,148.102,148.008,148.043,10957.0,148.035,148.051,147.83501554351128
2025-09-24T08:00:00Z,148.044,148.292,148.018,148.266,10984.0,148.258,148.273,147.89248013770978
2025-09-24T09:00:00Z,148.265,148.348,148.212,148.282,9946.0,148.275,148.289,147.9444161193485
2025-09-24T10:00:00Z,148.283,148.426,148.282,148.398,7272.0,148.39,148.405,148.00489397010202
2025-09-24T11:00:00Z,148.398,148.521,148.382,148.503,8893.0,148.494,148.512,148.07130810742174
2025-09-24T12:00:00Z,148.504,148.719,148.43,148.67,13243.0,148.664,148.676,148.15113369309884
2025-09-24T13:00:00Z,148.67,148.778,148.616,148.71,14835.0,148.7,148.72,148.22564920068567
2025-09-24T14:00:00Z,148.71,148.782,148.594,148.714,16634.0,148.706,148.721,148.29076264059424
2025-09-24T15:00:00Z,148.712,148.776,148.697,148.712,11973.0,148.705,148.719,148.34692762184835
2025-09-24T16:00:00Z,148.712,148.796,148.687,148.766,7515.0,148.758,148.774,148.40280393893525
2025-09-24T17:00:00Z,148.766,148.771,148.704,148.741,5140.0,148.733,148.749,148.4478967470772
2025-09-24T18:00:00Z,148.742,148.873,148.739,148.844,6423.0,148.836,148.853,148.50071051413357
2025-09-24T19:00:00Z,148.844,148.89,148.836,148.862,4884.0,148.856,148.869,148.54888244558242
2025-09-24T20:00:00Z,148.862,148.918,148.856,148.909,3067.0,148.9,148.918,148.59689811950477
2025-09-24T21:00:00Z,148.864,148.873,148.78,148.798,482.0,148.78,148.817,148.62371170357082
2025-09-24T22:00:00Z,148.79,148.856,148.779,148.804,1683.0,148.796,148.812,148.64775014309473
2025-09-24T23:00:00Z,148.804,148.836,148.724,148.785,4580.0,148.778,148.792,148.66605012401544
2025-09-25T00:00:00Z,148.784,148.796,148.561,148.574,11352.0,148.567,148.581,148.65377677414673
2025-09-25T01:00:00Z,148.574,148.861,148.56,148.756,7893.0,148.749,148.763,148.66740653759385
2025-09-25T02:00:00Z,148.756,148.762,148.615,148.754,6774.0,148.746,148.761,148.67895233258133
2025-09-25T03:00:00Z,148.754,148.776,148.662,148.674,4288.0,148.666,148.681,148.67829202157048
2025-09-25T04:00:00Z,148.673,148.702,148.602,148.607,4202.0,148.599,148.615,148.66878641869442
2025-09-25T05:00:00Z,148.606,148.816,148.6,148.812,5894.0,148.803,148.82,148.6878815628685
2025-09-25T06:00:00Z,148.812,148.864,148.732,148.784,10789.0,148.776,148.792,148.70069735448604
2025-09-25T07:00:00Z,148.782,148.83,148.634,148.822,12791.0,148.815,148.828,148.71687104055457
2025-09-25T08:00:00Z,148.822,148.826,148.665,148.744,10788.0,148.736,148.751,148.7204882351473
2025-09-25T09:00:00Z,148.742,148.814,148.684,148.794,7772.0,148.787,148.802,148.7302898037943
2025-09-25T10:00:00Z,148.794,148.802,148.726,148.8,6946.0,148.792,148.808,148.73958449662175
2025-09-25T11:00:00Z,148.8,148.895,148.796,148.84,9420.0,148.831,148.848,148.75297323040553
2025-09-25T12:00:00Z,148.841,149.357,148.804,149.245,25377.0,149.237,149.253,148.8185767996848
2025-09-25T13:00:00Z,149.247,149.478,149.148,149.43,25592.0,149.423,149.437,148.90009989306014
2025-09-25T14:00:00Z,149.429,149.637,149.342,149.636,21126.0,149.628,149.644,148.9982199073188
2025-09-25T15:00:00Z,149.637,149.846,149.624,149.788,14430.0,149.78,149.795,149.1035239196763
2025-09-25T16:00:00Z,149.788,149.868,149.708,149.818,12034.0,149.812,149.824,149.1987873970528
2025-09-25T17:00:00Z,149.818,149.923,149.762,149.806,10237.0,149.799,149.814,149.27974907744576
2025-09-25T18:00:00Z,149.805,149.93,149.731,149.89,10060.0,149.882,149.898,149.36111586711965
2025-09-25T19:00:00Z,149.89,149.898,149.729,149.772,6683.0,149.765,149.78,149.41590041817037
2025-09-25T20:00:00Z,149.774,149.814,149.746,149.799,3353.0,149.788,149.81,149.46698036241432
2025-09-25T21:00:00Z,149.841,149.841,149.763,149.782,1911.0,149.761,149.803,149.50898298075907
2025-09-25T22:00:00Z,149.782,149.81,149.732,149.741,1870.0,149.735,149.747,149.53991858332452
2025-09-25T23:00:00Z,149.742,149.96,149.737,149.875,7839.0,149.867,149.883,149.58459610554792
2025-09-26T00:00:00Z,149.874,149.945,149.64,149.686,13725.0,149.677,149.695,149.5981166248082
2025-09-26T01:00:00Z,149.686,149.85,149.634,149.829,8894.0,149.822,149.836,149.62890107483378
2025-09-26T02:00:00Z,149.828,149.834,149.694,149.722,5872.0,149.714,149.731,149.64131426485594
2025-09-26T03:00:00Z,149.722,149.746,149.671,149.706,4349.0,149.699,149.713,149.64993902954183
2025-09-26T04:00:00Z,149.706,149.731,149.643,149.646,4705.0,149.639,149.652,149.64941382560292
2025-09-26T05:00:00Z,149.646,149.725,149.616,149.714,4897.0,149.707,149.721,149.65802531552254
2025-09-26T06:00:00Z,149.715,149.798,149.696,149.726,10124.0,149.717,149.734,149.6670886067862
2025-09-26T07:00:00Z,149.726,149.886,149.726,149.848,11333.0,149.84,149.856,149.69121012588138
2025-09-26T08:00:00Z,149.848,149.849,149.652,149.753,9357.0,149.747,149.759,149.69944877576387
2025-09-26T09:00:00Z,149.754,149.798,149.712,149.79,8412.0,149.782,149.798,149.7115222723287
2025-09-26T10:00:00Z,149.79,149.954,149.784,149.892,7371.0,149.884,149.899,149.73558596935155
2025-09-26T11:00:00Z,149.89,149.899,149.756,149.788,8921.0,149.78,149.796,149.74257450677135
2025-09-26T12:00:00Z,149.788,149.842,149.588,149.625,20029.0,149.616,149.634,149.7268979058685
2025-09-26T13:00:00Z,149.628,149.784,149.514,149.74,21121.0,149.731,149.75,149.7286448517527
2025-09-26T14:00:00Z,149.738,149.739,149.466,149.503,19431.0,149.497,149.509,149.69855887151903
2025-09-26T15:00:00Z,149.504,149.576,149.426,149.522,12527.0,149.515,149.53,149.67501768864983
2025-09-26T16:00:00Z,149.523,149.597,149.495,149.554,8288.0,149.546,149.561,149.65888199682985
2025-09-26T17:00:00Z,149.552,149.563,149.479,149.52,6850.0,149.513,149.528,149.64036439725254
2025-09-26T18:00:00Z,149.521,149.556,149.406,149.44,6446.0,149.432,149.447,149.61364914428555
2025-09-26T19:00:00Z,149.439,149.561,149.437,149.508,4613.0,149.5,149.517,149.59956259171415
2025-09-26T20:00:00Z,149.509,149.552,149.478,149.519,3305.0,149.5,149.538,149.58882091281893
2025-09-28T21:00:00Z,149.5,149.536,149.438,149.492,385.0,149.454,149.531,149.5759114577764
2025-09-28T22:00:00Z,149.479,149.518,149.404,149.472,1955.0,149.463,149.481,149.56205659673955
2025-09-28T23:00:00Z,149.471,149.478,149.34,149.413,4610.0,149.404,149.422,149.54218238384095
2025-09-29T00:00:00Z,149.414,149.424,149.117,149.18,10370.0,149.172,149.187,149.49389139932885
2025-09-29T01:00:00Z,149.179,149.282,149.019,149.09,10843.0,149.083,149.098,149.44003921275169
2025-09-29T02:00:00Z,149.1,149.11,148.903,148.94,8950.0,148.933,148.948,149.37336731771813
2025-09-29T03:00:00Z,148.941,148.96,148.884,148.936,6173.0,148.929,148.944,149.31505167535573
2025-09-29T04:00:00Z,148.936,148.982,148.89,148.951,6375.0,148.945,148.957,149.26651145197496
2025-09-29T05:00:00Z,148.952,148.982,148.744,148.78,11337.0,148.773,148.788,149.2016432583783
2025-09-29T06:00:00Z,148.782,148.856,148.714,148.827,11467.0,148.819,148.835,149.15169082392788
2025-09-29T07:00:00Z,148.828,148.84,148.522,148.577,13142.0,148.569,148.585,149.0750653807375
2025-09-29T08:00:00Z,148.576,148.622,148.472,148.53,12309.0,148.523,148.537,149.00238999663918
2025-09-29T09:00:00Z,148.531,148.638,148.472,148.602,10686.0,148.594,148.609,148.94900466375395
2025-09-29T10:00:00Z,148.602,148.686,148.574,148.666,8360.0,148.66,148.672,148.91127070858676
2025-09-29T11:00:00Z,148.667,148.8,148.621,148.628,9087.0,148.621,148.636,148.8735012807752
2025-09-29T12:00:00Z,148.632,148.816,148.576,148.608,16832.0,148.6,148.616,148.83810111000517
2025-09-29T13:00:00Z,148.608,148.74,148.48,148.582,17706.0,148.574,148.59,148.8039542953378
2025-09-29T14:00:00Z,148.584,148.653,148.53,148.65,14760.0,148.643,148.658,148.78342705595944
2025-09-29T15:00:00Z,148.65,148.654,148.498,148.57,13149.0,148.562,148.577,148.75497011516484
2025-09-29T16:00:00Z,148.57,148.616,148.56,148.584,6505.0,148.576,148.591,148.73217409980953
2025-09-29T17:00:00Z,148.584,148.649,148.552,148.586,6559.0,148.579,148.593,148.71268421983493
2025-09-29T18:00:00Z,148.585,148.643,148.548,148.635,6092.0,148.628,148.642,148.70232632385694
2025-09-29T19:00:00Z,148.636,148.676,148.556,148.628,5865.0,148.62,148.637,148.69241614734267
2025-09-29T20:00:00Z,148.629,148.694,148.591,148.598,3782.0,148.59,148.605,148.67982732769698
2025-09-29T21:00:00Z,148.611,148.692,148.577,148.606,836.0,148.579,148.634,148.66998368400405
2025-09-29T22:00:00Z,148.606,148.651,148.592,148.6,1393.0,148.591,148.61,148.66065252613686
2025-09-29T23:00:00Z,148.6,148.633,148.504,148.62,4344.0,148.612,148.627,148.6552321893186
2025-09-30T00:00:00Z,148.619,148.847,148.552,148.796,14103.0,148.787,148.804,148.6740012307428
2025-09-30T01:00:00Z,148.794,148.794,148.6,148.752,11366.0,148.745,148.759,148.68440106664374
2025-09-30T02:00:00Z,148.752,148.806,148.626,148.718,6578.0,148.709,148.726,148.68888092442458
2025-09-30T03:00:00Z,148.717,148.722,148.512,148.518,5634.0,148.51,148.525,148.66609680116798
2025-09-30T04:00:00Z,148.516,148.592,148.388,148.404,8407.0,148.398,148.411,148.63115056101225
2025-09-30T05:00:00Z,148.404,148.445,148.227,148.288,9967.0,148.28,148.297,148.58539715287728
2025-09-30T06:00:00Z,148.288,148.353,148.052,148.074,12641.0,148.068,148.081,148.51721086582697
2025-09-30T07:00:00Z,148.076,148.181,147.944,148.051,16543.0,148.042,148.06,148.45504941705005
2025-09-30T08:00:00Z,148.058,148.094,147.838,147.856,14855.0,147.847,147.864,148.3751761614434
2025-09-30T09:00:00Z,147.854,147.99,147.833,147.973,11637.0,147.965,147.981,148.32155267325095
2025-09-30T10:00:00Z,147.97,148.037,147.902,148.026,7888.0,148.02,148.033,148.28214565015082
2025-09-30T11:00:00Z,148.028,148.104,147.966,147.973,7443.0,147.966,147.98,148.24092623013073
2025-09-30T12:00:00Z,147.971,148.028,147.9,147.959,12964.0,147.949,147.969,148.2033360661133
2025-09-30T13:00:00Z,147.958,148.066,147.81,147.908,16025.0,147.884,147.933,148.16395792396486
2025-09-30T14:00:00Z,147.904,148.005,147.654,147.686,26915.0,147.678,147.694,148.10023020076954
2025-09-30T15:00:00Z,147.686,148.02,147.661,147.97,19177.0,147.963,147.977,148.0828661740003
2025-09-30T16:00:00Z,147.969,147.969,147.705,147.745,10548.0,147.738,147.752,148.03781735080025
2025-09-30T17:00:00Z,147.744,147.848,147.652,147.786,10080.0,147.779,147.792,148.0042417040269
2025-09-30T18:00:00Z,147.786,147.886,147.771,147.876,8385.0,147.867,147.884,147.98714281015666
2025-09-30T19:00:00Z,147.874,147.927,147.828,147.865,9099.0,147.857,147.873,147.97085710213577
2025-09-30T20:00:00Z,147.864,147.985,147.863,147.94,4943.0,147.928,147.952,147.966742821851
2025-09-30T21:00:00Z,147.85,147.904,147.839,147.872,845.0,147.839,147.906,147.95411044560421
2025-09-30T22:00:00Z,147.872,147.926,147.822,147.914,1799.0,147.907,147.922,147.9487623861903
2025-09-30T23:00:00Z,147.914,148.031,147.816,148.026,4636.0,148.019,148.033,147.95906073469828
2025-10-01T00:00:00Z,148.026,148.227,148.026,148.109,11882.0,148.101,148.117,147.97905263673852
2025-10-01T01:00:00Z,148.108,148.168,147.942,147.954,7719.0,147.946,147.962,147.9757122851734
2025-10-01T02:00:00Z,147.949,148.012,147.888,147.916,7206.0,147.908,147.924,147.96775064715027
2025-10-01T03:00:00Z,147.917,147.999,147.869,147.93,6108.0,147.922,147.937,147.96271722753025
2025-10-01T04:00:00Z,147.928,147.958,147.552,147.554,8817.0,147.545,147.563,147.9082215971929
2025-10-01T05:00:00Z,147.552,147.646,147.463,147.528,12066.0,147.52,147.536,147.85752538423384
2025-10-01T06:00:00Z,147.528,147.528,147.168,147.232,14825.0,147.226,147.239,147.77412199966932
2025-10-01T07:00:00Z,147.234,147.324,147.022,147.124,19487.0,147.117,147.132,147.68743906638008
2025-10-01T08:00:00Z,147.126,147.155,146.899,147.152,16229.0,147.144,147.16,147.61604719086273
2025-10-01T09:00:00Z,147.152,147.228,147.072,147.208,15190.0,147.2,147.215,147.5616408987477
2025-10-01T10:00:00Z,147.208,147.266,147.06,147.08,13636.0,147.072,147.087,147.49742211224802
2025-10-01T11:00:00Z,147.08,147.11,146.995,147.004,12277.0,146.996,147.012,147.4316324972816
2025-10-01T12:00:00Z,147.001,147.118,146.586,146.798,39080.0,146.791,146.805,147.34714816431074
2025-10-01T13:00:00Z,146.798,146.874,146.62,146.725,24895.0,146.709,146.741,147.26419507573598
2025-10-01T14:00:00Z,146.723,147.05,146.708,146.862,35314.0,146.854,146.871,147.21056906563786
2025-10-01T15:00:00Z,146.864,147.214,146.844,147.151,21722.0,147.143,147.159,147.20262652355282
2025-10-01T16:00:00Z,147.152,147.255,147.094,147.163,12744.0,147.156,147.17,147.1973429870791
2025-10-01T17:00:00Z,147.162,147.194,147.114,147.17,8670.0,147.162,147.178,147.19369725546858
2025-10-01T18:00:00Z,147.17,147.232,147.023,147.09,9231.0,147.082,147.098,147.17987095473944
2025-10-01T19:00:00Z,147.09,147.159,147.054,147.098,6726.0,147.09,147.106,147.16895482744084
2025-10-01T20:00:00Z,147.098,147.168,147.07,147.071,4296.0,147.057,147.085,147.15589418378207
2025-10-01T21:00:00Z,147.068,147.074,147.041,147.056,526.0,147.039,147.074,147.1425749592778
2025-10-01T22:00:00Z,147.056,147.07,147.0,147.01,1340.0,147.001,147.018,147.12489829804076
2025-10-01T23:00:00Z,147.008,147.115,146.999,147.11,3283.0,147.102,147.119,147.122911858302
2025-10-02T00:00:00Z,147.111,147.326,147.108,147.196,11619.0,147.189,147.202,147.13265694386172
2025-10-02T01:00:00Z,147.195,147.23,146.959,146.988,9281.0,146.98,146.995,147.11336935134682
2025-10-02T02:00:00Z,146.987,147.188,146.942,147.164,6231.0,147.156,147.173,147.1201201045006
2025-10-02T03:00:00Z,147.164,147.196,147.05,147.086,5375.0,147.079,147.093,147.11557075723385
2025-10-02T04:00:00Z,147.088,147.202,147.074,147.176,4977.0,147.167,147.184,147.12362798960268
2025-10-02T05:00:00Z,147.176,147.27,147.12,147.167,6885.0,147.159,147.175,147.12941092432234
2025-10-02T06:00:00Z,147.164,147.382,146.894,147.156,15244.0,147.147,147.165,147.1329561344127
2025-10-02T07:00:00Z,147.157,147.218,147.011,147.083,16196.0,147.075,147.091,147.126295316491
2025-10-02T08:00:00Z,147.082,147.083,146.726,146.8,14106.0,146.792,146.809,147.0827892742922
2025-10-02T09:00:00Z,146.8,146.811,146.6,146.622,11539.0,146.613,146.63,147.02135070438658
2025-10-02T10:00:00Z,146.622,146.77,146.62,146.644,9074.0,146.636,146.652,146.97103727713503
2025-10-02T11:00:00Z,146.64,146.863,146.626,146.796,9353.0,146.788,146.804,146.94769897351702
2025-10-02T12:00:00Z,146.796,147.202,146.745,147.162,14204.0,147.153,147.17,146.97627244371475
2025-10-02T13:00:00Z,147.16,147.272,147.058,147.228,18877.0,147.217,147.238,147.00983611788612
2025-10-02T14:00:00Z,147.228,147.346,147.151,147.332,18939.0,147.323,147.34,147.05279130216798
2025-10-02T15:00:00Z,147.333,147.516,147.331,147.351,14242.0,147.343,147.359,147.0925524618789
2025-10-02T16:00:00Z,147.353,147.368,147.162,147.166,8780.0,147.159,147.173,147.10234546696174
2025-10-02T17:00:00Z,147.168,147.239,147.142,147.185,5681.0,147.177,147.193,147.11336607136684
2025-10-02T18:00:00Z,147.186,147.22,147.164,147.214,4619.0,147.206,147.221,147.12678392851794
2025-10-02T19:00:00Z,147.212,147.254,147.13,147.24,3866.0,147.232,147.248,147.14187940471555
2025-10-02T20:00:00Z,147.242,147.298,147.19,147.264,2496.0,147.253,147.274,147.1581621507535
2025-10-02T21:00:00Z,147.264,147.268,147.222,147.224,809.0,147.198,147.251,147.16694053065302
2025-10-02T22:00:00Z,147.225,147.234,147.166,147.198,1356.0,147.189,147.207,147.17108179323262
2025-10-02T23:00:00Z,147.197,147.207,147.094,147.156,3821.0,147.149,147.163,147.16907088746828
2025-10-03T00:00:00Z,147.156,147.385,147.156,147.352,8755.0,147.345,147.359,147.19346143580586
2025-10-03T01:00:00Z,147.354,147.685,147.183,147.51,14992.0,147.502,147.519,147.23566657769842
2025-10-03T02:00:00Z,147.51,147.688,147.501,147.652,7196.0,147.643,147.66,147.29117770067197
2025-10-03T03:00:00Z,147.654,147.772,147.615,147.63,5866.0,147.623,147.637,147.33635400724904
2025-10-03T04:00:00Z,147.63,147.744,147.594,147.726,3609.0,147.718,147.733,147.38830680628251
2025-10-03T05:00:00Z,147.726,147.819,147.574,147.788,10275.0,147.781,147.795,147.4415992321115
2025-10-03T06:00:00Z,147.788,147.804,147.502,147.605,11690.0,147.598,147.612,147.46338600116331
2025-10-03T07:00:00Z,147.604,147.686,147.41,147.416,11817.0,147.407,147.424,147.45706786767488
2025-10-03T08:00:00Z,147.414,147.442,147.275,147.331,10899.0,147.323,147.339,147.44025881865156
2025-10-03T09:00:00Z,147.332,147.435,147.312,147.371,8133.0,147.364,147.378,147.431024309498
2025-10-03T10:00:00Z,147.372,147.394,147.312,147.324,5879.0,147.317,147.331,147.41675440156496
2025-10-03T11:00:00Z,147.324,147.423,147.219,147.278,8219.0,147.27,147.287,147.39825381468964
2025-10-03T12:00:00Z,147.277,147.414,147.232,147.268,12644.0,147.26,147.276,147.3808866393977
2025-10-03T13:00:00Z,147.267,147.386,147.217,147.36,14984.0,147.349,147.371,147.37810175414467
2025-10-03T14:00:00Z,147.359,147.522,147.06,147.448,28031.0,147.441,147.456,147.38742152025873
2025-10-03T15:00:00Z,147.448,147.494,147.308,147.338,14445.0,147.33,147.345,147.38083198422424
2025-10-03T16:00:00Z,147.337,147.537,147.33,147.506,8615.0,147.498,147.514,147.39752105299434
2025-10-03T17:00:00Z,147.506,147.516,147.408,147.506,7886.0,147.498,147.515,147.4119849125951
2025-10-03T18:00:00Z,147.507,147.547,147.468,147.5,7427.0,147.491,147.509,147.42372025758243
2025-10-03T19:00:00Z,147.5,147.526,147.456,147.458,4920.0,147.451,147.466,147.4282908899048
2025-10-03T20:00:00Z,147.46,147.52,147.384,147.49,4856.0,147.478,147.502,147.43651877125083
2025-10-05T21:00:00Z,149.42,149.444,149.128,149.136,2419.0,149.102,149.17,147.66311626841738
2025-10-05T22:00:00Z,149.134,149.396,149.046,149.332,13092.0,149.325,149.34,147.88563409929506
2025-10-05T23:00:00Z,149.331,149.662,149.24,149.583,17094.0,149.575,149.591,148.1119495527224
2025-10-06T00:00:00Z,149.578,149.867,149.45,149.708,25285.0,149.698,149.717,148.32475627902608
2025-10-06T01:00:00Z,149.709,149.832,149.585,149.774,18944.0,149.766,149.782,148.51798877515594
2025-10-06T02:00:00Z,149.774,149.922,149.716,149.874,9471.0,149.866,149.883,148.6987902718018
2025-10-06T03:00:00Z,149.876,150.107,149.821,150.064,9805.0,150.056,150.073,148.88081823556158
2025-10-06T04:00:00Z,150.065,150.346,149.849,150.316,14793.0,150.308,150.324,149.07217580415337
2025-10-06T05:00:00Z,150.316,150.442,150.226,150.26,11490.0,150.254,150.267,149.2305523635996
2025-10-06T06:00:00Z,150.259,150.353,150.01,150.035,20224.0,150.027,150.043,149.337812048453
2025-10-06T07:00:00Z,150.036,150.22,149.952,150.031,26925.0,150.023,150.039,149.43023710865927
2025-10-06T08:00:00Z,150.03,150.401,149.998,150.367,18948.0,150.36,150.374,149.5551388275047
2025-10-06T09:00:00Z,150.37,150.477,150.301,150.376,12554.0,150.369,150.384,149.6645869838374
2025-10-06T10:00:00Z,150.377,150.435,150.278,150.284,11459.0,150.277,150.291,149.74717538599242
2025-10-06T11:00:00Z,150.284,150.407,150.22,150.372,13780.0,150.364,150.379,149.83048533452677
2025-10-06T12:00:00Z,150.372,150.39,149.753,149.784,32300.0,149.777,149.792,149.8242872899232
2025-10-06T13:00:00Z,149.784,150.088,149.756,149.934,20040.0,149.926,149.943,149.83891565126677
2025-10-06T14:00:00Z,149.935,150.116,149.803,149.963,20258.0,149.957,149.969,149.85546023109788
2025-10-06T15:00:00Z,149.964,150.114,149.924,150.028,14953.0,150.022,150.035,149.87846553361817
2025-10-06T16:00:00Z,150.028,150.174,149.958,150.163,8169.0,150.156,150.17,149.91640346246908
2025-10-06T17:00:00Z,150.162,150.241,150.081,150.208,5784.0,150.201,150.216,149.95528300080653
2025-10-06T18:00:00Z,150.208,150.322,150.162,150.3,6103.0,150.293,150.307,150.00124526736568
2025-10-06T19:00:00Z,150.3,150.337,150.227,150.324,5847.0,150.317,150.33,150.04427923171693
2025-10-06T20:00:00Z,150.324,150.4,150.287,150.351,2663.0,150.34,150.362,150.08517533415468
2025-10-06T21:00:00Z,150.314,150.35,150.25,150.271,707.0,150.234,150.308,150.1099519562674
2025-10-06T22:00:00Z,150.268,150.39,150.267,150.321,4579.0,150.312,150.33,150.13809169543174
2025-10-06T23:00:00Z,150.316,150.397,150.266,150.364,6269.0,150.355,150.374,150.1682128027075
2025-10-07T00:00:00Z,150.365,150.62,150.36,150.49,13503.0,150.483,150.498,150.2111177623465
2025-10-07T01:00:00Z,150.492,150.616,150.368,150.508,9064.0,150.499,150.517,150.25070206070032
2025-10-07T02:00:00Z,150.508,150.536,150.34,150.532,6938.0,150.522,150.541,150.28820845260694
2025-10-07T03:00:00Z,150.532,150.534,150.362,150.364,6135.0,150.358,150.371,150.29831399225935
2025-10-07T04:00:00Z,150.364,150.446,150.25,150.415,6775.0,150.407,150.423,150.31387212662477
2025-10-07T05:00:00Z,150.414,150.545,150.402,150.498,8622.0,150.49,150.506,150.33842250974146
2025-10-07T06:00:00Z,150.5,150.701,150.498,150.624,14747.0,150.616,150.632,150.3764995084426
2025-10-07T07:00:00Z,150.626,150.713,150.539,150.625,14480.0,150.616,150.634,150.40963290731693
2025-10-07T08:00:00Z,150.626,150.833,150.526,150.794,10075.0,150.786,150.801,150.460881853008
2025-10-07T09:00:00Z,150.793,150.832,150.728,150.756,8732.0,150.748,150.764,150.50023093927362
2025-10-07T10:00:00Z,150.756,150.798,150.708,150.773,7746.0,150.765,150.781,150.53660014737048
2025-10-07T11:00:00Z,150.774,150.952,150.764,150.897,7065.0,150.889,150.905,150.58465346105442
2025-10-07T12:00:00Z,150.898,151.034,150.804,150.834,13477.0,150.827,150.841,150.61789966624715
2025-10-07T13:00:00Z,150.834,150.942,150.735,150.937,15230.0,150.929,150.945,150.66044637741422
2025-10-07T14:00:00Z,150.938,151.206,150.911,151.178,15443.0,151.17,151.186,150.72945352709232
2025-10-07T15:00:00Z,151.176,151.206,150.983,151.176,16477.0,151.169,151.184,150.78899305681335
2025-10-07T16:00:00Z,151.176,151.41,151.1,151.33,11737.0,151.322,151.337,150.86112731590492
2025-10-07T17:00:00Z,151.328,151.535,151.252,151.52,10561.0,151.513,151.527,150.9489770071176
2025-10-07T18:00:00Z,151.518,151.938,151.495,151.824,10202.0,151.817,151.832,151.06564673950194
2025-10-07T19:00:00Z,151.825,151.956,151.742,151.905,7188.0,151.897,151.913,151.17756050756836
2025-10-07T20:00:00Z,151.908,152.046,151.887,151.9,3458.0,151.892,151.909,151.2738857732259
2025-10-07T21:00:00Z,151.932,151.946,151.849,151.884,871.0,151.846,151.922,151.3552343367958
2025-10-07T22:00:00Z,151.886,151.899,151.74,151.82,2244.0,151.812,151.827,151.4172030918897
2025-10-07T23:00:00Z,151.822,152.097,151.796,152.059,8768.0,152.052,152.066,151.50277601297108
2025-10-08T00:00:00Z,152.061,152.378,152.058,152.306,16005.0,152.298,152.315,151.60987254457496
2025-10-08T01:00:00Z,152.308,152.605,152.275,152.604,17071.0,152.596,152.612,151.74242287196498
2025-10-08T02:00:00Z,152.603,152.648,152.302,152.488,11253.0,152.48,152.496,151.84183315570297
2025-10-08T03:00:00Z,152.488,152.566,152.403,152.412,4663.0,152.405,152.42,151.91785540160924
2025-10-08T04:00:00Z,152.415,152.494,152.31,152.365,5365.0,152.358,152.372,151.97747468139468
2025-10-08T05:00:00Z,152.365,152.44,152.288,152.406,6423.0,152.398,152.413,152.03461139054207
2025-10-08T06:00:00Z,152.404,152.523,152.253,152.345,19679.0,152.336,152.354,152.0759965384698
2025-10-08T07:00:00Z,152.344,152.555,152.332,152.546,19567.0,152.538,152.554,152.13866366667384
2025-10-08T08:00:00Z,152.546,152.788,152.374,152.745,15751.0,152.737,152.753,152.21950851111734
2025-10-08T09:00:00Z,152.744,153.003,152.718,152.972,13571.0,152.966,152.979,152.31984070963503
2025-10-08T10:00:00Z,152.974,153.001,152.652,152.73,8718.0,152.722,152.739,152.37452861501703
2025-10-08T11:00:00Z,152.73,152.85,152.644,152.694,9262.0,152.685,152.702,152.41712479968143
2025-10-08T12:00:00Z,152.694,152.748,152.438,152.509,16463.0,152.501,152.517,152.42937482639059
2025-10-08T13:00:00Z,152.508,152.664,152.374,152.594,18594.0,152.587,152.601,152.4513248495385
2025-10-08T14:00:00Z,152.592,152.674,152.434,152.517,16463.0,152.509,152.525,152.4600815362667
2025-10-08T15:00:00Z,152.518,152.792,152.514,152.724,11030.0,152.715,152.732,152.4952706647645
2025-10-08T16:00:00Z,152.72,152.8,152.692,152.758,8296.0,152.751,152.765,152.5303012427959
2025-10-08T17:00:00Z,152.758,152.888,152.746,152.877,5024.0,152.866,152.888,152.57652774375646
2025-10-08T18:00:00Z,152.878,152.948,152.647,152.722,11260.0,152.714,152.729,152.59592404458894
2025-10-08T19:00:00Z,152.718,152.755,152.642,152.71,6319.0,152.702,152.719,152.61113417197708
2025-10-08T20:00:00Z,152.71,152.738,152.654,152.697,3152.0,152.69,152.704,152.6225829490468
2025-10-08T21:00:00Z,152.72,152.72,152.591,152.664,396.0,152.644,152.685,152.62810522250723
2025-10-08T22:00:00Z,152.664,152.675,152.494,152.532,2183.0,152.523,152.542,152.6152911928396
2025-10-08T23:00:00Z,152.53,152.72,152.464,152.712,8132.0,152.703,152.721,152.628185700461
2025-10-09T00:00:00Z,152.712,152.742,152.456,152.706,15734.0,152.697,152.714,152.63856094039951
2025-10-09T01:00:00Z,152.706,152.769,152.408,152.522,18538.0,152.514,152.529,152.6230194816796
2025-10-09T02:00:00Z,152.52,152.608,152.41,152.464,8233.0,152.457,152.472,152.60181688412231
2025-10-09T03:00:00Z,152.465,152.582,152.456,152.512,6186.0,152.503,152.52,152.58984129957267
2025-10-09T04:00:00Z,152.513,152.601,152.452,152.468,4939.0,152.461,152.475,152.57359579296298
2025-10-09T05:00:00Z,152.47,152.658,152.468,152.636,6379.0,152.627,152.645,152.58191635390125
2025-10-09T06:00:00Z,152.636,153.139,152.636,152.978,20254.0,152.971,152.986,152.63472750671443
2025-10-09T07:00:00Z,152.975,153.222,152.852,153.067,18359.0,153.059,153.075,152.6923638391525
2025-10-09T08:00:00Z,153.066,153.138,152.76,152.8,14040.0,152.793,152.807,152.7067153272655
2025-10-09T09:00:00Z,152.8,152.858,152.472,152.556,20684.0,152.548,152.563,152.68661995029677
2025-10-09T10:00:00Z,152.554,152.75,152.498,152.662,8512.0,152.654,152.671,152.6833372902572
2025-10-09T11:00:00Z,152.662,152.84,152.656,152.796,9749.0,152.787,152.805,152.69835898488958
2025-10-09T12:00:00Z,152.796,152.847,152.652,152.748,15650.0,152.74,152.755,152.7049777869043
2025-10-09T13:00:00Z,152.747,152.955,152.116,152.866,35746.0,152.859,152.874,152.72644741531707
2025-10-09T14:00:00Z,152.866,153.184,152.865,153.043,17767.0,153.035,153.051,152.76865442660812
2025-10-09T15:00:00Z,153.045,153.236,152.948,153.052,17341.0,153.045,153.059,152.80643383639372
2025-10-09T16:00:00Z,153.052,153.15,152.992,153.004,15373.0,152.995,153.012,152.83277599154124
2025-10-09T17:00:00Z,153.004,153.102,152.91,153.052,14919.0,153.045,153.059,152.86200585933574
2025-10-09T18:00:00Z,153.053,153.212,153.002,153.18,8795.0,153.172,153.189,152.90440507809097
2025-10-09T19:00:00Z,153.178,153.18,153.05,153.068,7417.0,153.059,153.076,152.92621773434553
2025-10-09T20:00:00Z,153.07,153.105,153.006,153.084,3414.0,153.073,153.094,152.94725536976614
2025-10-09T21:00:00Z,152.957,153.1,152.948,153.068,489.0,153.052,153.083,152.96335465379732
2025-10-09T22:00:00Z,153.069,153.088,152.994,153.034,1994.0,153.025,153.042,152.97277403329102
2025-10-09T23:00:00Z,153.033,153.278,152.966,153.03,8944.0,153.021,153.038,152.98040416218555
2025-10-10T00:00:00Z,153.03,153.166,152.946,152.958,13948.0,152.949,152.967,152.97741694056083
2025-10-10T01:00:00Z,152.956,153.052,152.839,153.022,10725.0,153.014,153.031,152.98336134848606
2025-10-10T02:00:00Z,153.022,153.036,152.868,152.916,7049.0,152.908,152.924,152.9743798353546
2025-10-10T03:00:00Z,152.917,152.937,152.647,152.667,8325.0,152.659,152.675,152.93339585730732
2025-10-10T04:00:00Z,152.668,152.833,152.639,152.755,7336.0,152.747,152.763,152.9096097429997
2025-10-10T05:00:00Z,152.754,152.852,152.688,152.834,8569.0,152.826,152.841,152.89952844393306
2025-10-10T06:00:00Z,152.834,152.919,152.38,152.535,22333.0,152.525,152.545,152.85092465140866
2025-10-10T07:00:00Z,152.534,152.952,152.49,152.851,24906.0,152.843,152.859,152.8509346978875
2025-10-10T08:00:00Z,152.85,152.937,152.592,152.646,16924.0,152.639,152.654,152.82361007150251
2025-10-10T09:00:00Z,152.645,152.85,152.614,152.794,11400.0,152.787,152.8,152.81966206196884
2025-10-10T10:00:00Z,152.79,152.814,152.634,152.722,10087.0,152.714,152.73,152.80664045370634
2025-10-10T11:00:00Z,152.722,152.758,152.544,152.635,12006.0,152.627,152.643,152.78375505987884
2025-10-10T12:00:00Z,152.634,152.654,152.518,152.556,12202.0,152.55,152.563,152.75338771856167
2025-10-10T13:00:00Z,152.558,152.694,152.532,152.665,15242.0,152.651,152.679,152.74160268942012
2025-10-10T14:00:00Z,152.666,152.717,152.42,152.46,17451.0,152.452,152.468,152.70405566416412
2025-10-10T15:00:00Z,152.456,152.457,151.506,151.946,53898.0,151.937,151.954,152.6029815756089
2025-10-10T16:00:00Z,151.945,152.188,151.844,151.89,25732.0,151.881,151.899,152.50791736552773
2025-10-10T17:00:00Z,151.888,151.949,151.72,151.87,15659.0,151.861,151.879,152.4228617167907
2025-10-10T18:00:00Z,151.87,151.902,151.634,151.718,10870.0,151.71,151.726,152.32888015455194
2025-10-10T19:00:00Z,151.718,151.808,151.533,151.591,9048.0,151.582,151.6,152.23049613394502
2025-10-10T20:00:00Z,151.59,151.73,151.168,151.174,9510.0,151.155,151.192,152.08962998275237
2025-10-12T21:00:00Z,151.882,151.924,151.806,151.81,901.0,151.787,151.832,152.05234598505206
2025-10-12T22:00:00Z,151.812,152.28,151.81,151.937,10641.0,151.928,151.946,152.03696652037846
2025-10-12T23:00:00Z,151.934,152.086,151.739,152.068,16834.0,152.061,152.074,152.04110431766134
2025-10-13T00:00:00Z,152.067,152.076,151.804,151.846,18122.0,151.837,151.856,152.01509040863982
2025-10-13T01:00:00Z,151.846,151.984,151.811,151.958,17317.0,151.95,151.965,152.0074783541545
2025-10-13T02:00:00Z,151.958,151.987,151.852,151.938,8999.0,151.931,151.945,151.99821457360056
2025-10-13T03:00:00Z,151.936,152.017,151.902,151.934,7452.0,151.927,151.94,151.98965263045383
2025-10-13T04:00:00Z,151.934,151.97,151.812,151.912,7436.0,151.903,151.92,151.97929894639333
2025-10-13T05:00:00Z,151.908,151.915,151.767,151.878,9679.0,151.868,151.887,151.96579242020755
2025-10-13T06:00:00Z,151.877,152.029,151.724,151.944,18384.0,151.936,151.953,151.96288676417987
2025-10-13T07:00:00Z,151.944,152.376,151.913,152.3,21657.0,152.293,152.308,152.00783519562256
2025-10-13T08:00:00Z,152.304,152.452,152.254,152.344,15594.0,152.336,152.351,152.05265716953954
2025-10-13T09:00:00Z,152.343,152.372,152.162,152.172,10899.0,152.165,152.18,152.06856954693427
2025-10-13T10:00:00Z,152.172,152.234,152.128,152.174,8611.0,152.165,152.182,152.08262694067636
2025-10-13T11:00:00Z,152.175,152.176,151.978,152.108,17095.0,152.1,152.116,152.08601001525287
2025-10-13T12:00:00Z,152.108,152.268,152.052,152.214,15298.0,152.206,152.222,152.1030753465525
2025-10-13T13:00:00Z,152.213,152.263,152.106,152.19,15850.0,152.181,152.198,152.11466530034548
2025-10-13T14:00:00Z,152.192,152.45,152.183,152.375,17942.0,152.367,152.383,152.14937659363275
2025-10-13T15:00:00Z,152.376,152.393,152.244,152.26,12214.0,152.251,152.268,152.16412638114838
2025-10-13T16:00:00Z,152.26,152.304,152.198,152.282,6775.0,152.273,152.29,152.17984286366195
2025-10-13T17:00:00Z,152.28,152.351,152.234,152.264,6237.0,152.255,152.272,152.1910638151737
2025-10-13T18:00:00Z,152.265,152.336,152.219,152.287,5386.0,152.279,152.295,152.20385530648386
2025-10-13T19:00:00Z,152.288,152.33,152.254,152.328,5240.0,152.32,152.337,152.220407932286
2025-10-13T20:00:00Z,152.328,152.352,152.296,152.3,3217.0,152.289,152.31,152.2310202079812
2025-10-13T21:00:00Z,152.221,152.271,152.202,152.248,1069.0,152.206,152.291,152.2332841802504
2025-10-13T22:00:00Z,152.248,152.349,152.192,152.346,1907.0,152.339,152.353,152.248312956217
2025-10-13T23:00:00Z,152.345,152.465,152.281,152.46,5647.0,152.453,152.467,152.2765378953881
2025-10-14T00:00:00Z,152.46,152.614,152.429,152.466,14639.0,152.458,152.475,152.30179950933635
2025-10-14T01:00:00Z,152.467,152.5,152.355,152.46,12259.0,152.452,152.467,152.32289290809152
2025-10-14T02:00:00Z,152.46,152.485,152.362,152.381,6900.0,152.373,152.389,152.33064052034598
2025-10-14T03:00:00Z,152.382,152.396,152.049,152.149,9668.0,152.141,152.157,152.30642178429986
2025-10-14T04:00:00Z,152.148,152.15,151.782,151.86,18716.0,151.853,151.867,152.24689887972656
2025-10-14T05:00:00Z,151.86,151.946,151.67,151.716,16651.0,151.71,151.723,152.17611236242968
2025-10-14T06:00:00Z,151.712,151.978,151.618,151.896,22398.0,151.887,151.905,152.13876404743905
2025-10-14T07:00:00Z,151.896,152.076,151.673,151.962,25886.0,151.955,151.968,152.11519550778053
2025-10-14T08:00:00Z,151.961,152.128,151.934,151.976,15824.0,151.969,151.984,152.09663610674312
2025-10-14T09:00:00Z,151.977,152.155,151.975,152.112,10817.0,152.104,152.121,152.09868462584404
2025-10-14T10:00:00Z,152.112,152.124,151.916,151.949,10971.0,151.941,151.957,152.0787266757315
2025-10-14T11:00:00Z,151.95,152.13,151.941,152.096,10547.0,152.087,152.104,152.08102978563397
2025-10-14T12:00:00Z,152.096,152.13,151.863,152.047,18179.0,152.038,152.056,152.0764924808828
2025-10-14T13:00:00Z,152.048,152.164,151.822,152.0,27648.0,151.991,152.01,152.06629348343176
2025-10-14T14:00:00Z,152.001,152.106,151.832,151.832,21636.0,151.825,151.84,152.03505435230753
2025-10-14T15:00:00Z,151.831,151.94,151.742,151.782,21566.0,151.774,151.789,152.00131377199986
2025-10-14T16:00:00Z,151.782,151.92,151.669,151.74,18162.0,151.732,151.747,151.9664719357332
2025-10-14T17:00:00Z,151.742,151.87,151.677,151.73,11261.0,151.722,151.739,151.93494234430213
2025-10-14T18:00:00Z,151.73,151.804,151.699,151.764,8846.0,151.755,151.772,151.91215003172852
2025-10-14T19:00:00Z,151.763,151.777,151.604,151.689,12112.0,151.681,151.697,151.88239669416473
2025-10-14T20:00:00Z,151.688,151.826,151.688,151.81,3741.0,151.804,151.817,151.87274380160943
2025-10-14T21:00:00Z,151.802,151.811,151.733,151.751,606.0,151.71,151.792,151.8565112947282
2025-10-14T22:00:00Z,151.752,151.878,151.748,151.81,2625.0,151.801,151.82,151.85030978876443
2025-10-14T23:00:00Z,151.81,151.854,151.694,151.706,6109.0,151.697,151.714,151.83106848359586
2025-10-15T00:00:00Z,151.707,151.833,151.499,151.557,17508.0,151.549,151.565,151.7945260191164
2025-10-15T01:00:00Z,151.556,151.604,151.299,151.304,14838.0,151.297,151.311,151.7291225499009
2025-10-15T02:00:00Z,151.302,151.318,151.036,151.059,12255.0,151.052,151.066,151.63977287658076
2025-10-15T03:00:00Z,151.058,151.17,151.004,151.14,7850.0,151.132,151.147,151.57313649303666
2025-10-15T04:00:00Z,151.139,151.25,151.091,151.25,6352.0,151.244,151.256,151.53005162729843
2025-10-15T05:00:00Z,151.255,151.273,151.111,151.206,8673.0,151.2,151.213,151.48684474365865
2025-10-15T06:00:00Z,151.207,151.207,150.9,151.04,15086.0,151.033,151.047,151.42726544450417
2025-10-15T07:00:00Z,151.04,151.3,150.985,151.248,16479.0,151.24,151.257,151.40336338523696
2025-10-15T08:00:00Z,151.248,151.396,151.126,151.22,14800.0,151.211,151.228,151.37891493387204
2025-10-15T09:00:00Z,151.221,151.434,151.22,151.346,11868.0,151.339,151.352,151.37452627602244
2025-10-15T10:00:00Z,151.345,151.495,151.337,151.368,9943.0,151.36,151.375,151.3736561058861
2025-10-15T11:00:00Z,151.366,151.512,151.32,151.501,9675.0,151.494,151.508,151.39063529176798
2025-10-15T12:00:00Z,151.5,151.69,151.456,151.639,21635.0,151.631,151.647,151.4237505861989
2025-10-15T13:00:00Z,151.638,151.738,151.398,151.404,21547.0,151.396,151.411,151.42111717470573
2025-10-15T14:00:00Z,151.402,151.514,151.318,151.402,15175.0,151.395,151.41,151.4185682180783
2025-10-15T15:00:00Z,151.402,151.462,151.038,151.222,18127.0,151.215,151.228,151.39235912233454
2025-10-15T16:00:00Z,151.222,151.322,151.176,151.196,12087.0,151.188,151.204,151.36617790602327
2025-10-15T17:00:00Z,151.196,151.344,151.067,151.332,15251.0,151.325,151.339,151.36162085188684
2025-10-15T18:00:00Z,151.333,151.392,151.214,151.335,9717.0,151.327,151.343,151.3580714049686
2025-10-15T19:00:00Z,151.335,151.346,151.234,151.256,6246.0,151.249,151.263,151.34446188430613
2025-10-15T20:00:00Z,151.256,151.276,151.058,151.071,5741.0,151.065,151.077,151.308000299732
2025-10-15T21:00:00Z,151.084,151.211,151.022,151.075,684.0,151.025,151.125,151.27693359310106
2025-10-15T22:00:00Z,151.088,151.093,150.754,150.917,3854.0,150.909,150.925,151.22894244735426
2025-10-15T23:00:00Z,150.916,151.04,150.884,150.99,6560.0,150.982,150.999,151.19708345437368
2025-10-16T00:00:00Z,150.992,151.094,150.514,150.71,20859.0,150.701,150.718,151.13213899379053
2025-10-16T01:00:00Z,150.709,150.774,150.51,150.598,16272.0,150.59,150.607,151.06092046128512
2025-10-16T02:00:00Z,150.597,150.782,150.57,150.777,9224.0,150.768,150.786,151.02306439978045
2025-10-16T03:00:00Z,150.778,150.888,150.73,150.872,7147.0,150.864,150.88,151.00292247980974
2025-10-16T04:00:00Z,150.872,151.114,150.866,151.04,6724.0,151.033,151.048,151.00786614916845
2025-10-16T05:00:00Z,151.041,151.194,151.018,151.059,11760.0,151.05,151.068,151.014683995946
2025-10-16T06:00:00Z,151.061,151.272,150.96,151.202,17095.0,151.194,151.211,151.0396594631532
2025-10-16T07:00:00Z,151.198,151.386,150.941,151.246,18057.0,151.239,151.252,151.06717153473278
2025-10-16T08:00:00Z,151.245,151.289,151.06,151.244,14472.0,151.235,151.252,151.09074866343508
2025-10-16T09:00:00Z,151.246,151.399,151.244,151.292,10857.0,151.283,151.3,151.11758217497706
2025-10-16T10:00:00Z,151.292,151.302,151.163,151.18,8529.0,151.172,151.187,151.12590455164678
2025-10-16T11:00:00Z,151.179,151.376,151.162,151.244,10449.0,151.235,151.252,151.14165061142722
2025-10-16T12:00:00Z,151.241,151.286,151.034,151.102,16267.0,151.094,151.11,151.13636386323694
2025-10-16T13:00:00Z,151.1,151.29,151.022,151.102,25513.0,151.093,151.11,151.13178201480534
2025-10-16T14:00:00Z,151.102,151.123,150.754,150.776,22211.0,150.768,150.785,151.0843444128313
2025-10-16T15:00:00Z,150.776,150.87,150.722,150.756,18620.0,150.747,150.765,151.04056515778714
2025-10-16T16:00:00Z,150.756,150.796,150.234,150.4,29848.0,150.393,150.408,150.9551564700822
2025-10-16T17:00:00Z,150.4,150.474,150.254,150.334,26185.0,150.327,150.341,150.87233560740458
2025-10-16T18:00:00Z,150.334,150.423,150.222,150.337,17733.0,150.328,150.346,150.8009575264173
2025-10-16T19:00:00Z,150.335,150.431,150.212,150.399,13069.0,150.392,150.406,150.74736318956167
2025-10-16T20:00:00Z,150.398,150.458,150.346,150.434,4890.0,150.423,150.446,150.70558143095346
2025-10-16T21:00:00Z,150.415,150.45,150.356,150.42,539.0,150.384,150.457,150.66750390682634
2025-10-16T22:00:00Z,150.415,150.452,150.25,150.266,4431.0,150.256,150.275,150.61397005258283
2025-10-16T23:00:00Z,150.264,150.296,150.053,150.148,8916.0,150.14,150.157,150.55184071223846
2025-10-17T00:00:00Z,150.148,150.232,150.047,150.23,16986.0,150.222,150.239,150.50892861727334
2025-10-17T01:00:00Z,150.231,150.363,150.174,150.316,15199.0,150.308,150.323,150.4832048016369
2025-10-17T02:00:00Z,150.316,150.392,150.061,150.182,11401.0,150.173,150.191,150.44304416141864
2025-10-17T03:00:00Z,150.181,150.181,149.896,150.014,10265.0,150.006,150.023,150.3858382732295
2025-10-17T04:00:00Z,150.015,150.142,149.94,149.964,9068.0,149.957,149.971,150.32959317013223
2025-10-17T05:00:00Z,149.964,149.975,149.738,149.75,12093.0,149.741,149.759,150.25231408078128
2025-10-17T06:00:00Z,149.75,149.979,149.625,149.632,23312.0,149.624,149.639,150.16960553667712
2025-10-17T07:00:00Z,149.631,149.785,149.376,149.704,34978.0,149.694,149.713,150.1075247984535
2025-10-17T08:00:00Z,149.703,149.922,149.584,149.781,22937.0,149.773,149.789,150.06398815865973
2025-10-17T09:00:00Z,149.78,149.904,149.604,149.674,15617.0,149.668,149.68,150.0119897375051
2025-10-17T10:00:00Z,149.675,149.964,149.67,149.93,18674.0,149.922,149.939,150.00105777250442
2025-10-17T11:00:00Z,149.93,150.333,149.874,150.236,28635.0,150.228,150.245,150.03238340283718
2025-10-17T12:00:00Z,150.236,150.544,150.231,150.385,24672.0,150.376,150.394,150.07939894912556
2025-10-17T13:00:00Z,150.386,150.45,150.161,150.36,28286.0,150.352,150.369,150.1168124225755
2025-10-17T14:00:00Z,150.36,150.594,150.35,150.426,28840.0,150.419,150.433,150.15803743289877
2025-10-17T15:00:00Z,150.427,150.455,150.208,150.34,17864.0,150.332,150.348,150.18229910851227
2025-10-17T16:00:00Z,150.34,150.502,150.34,150.409,12711.0,150.401,150.417,150.21252589404398
2025-10-17T17:00:00Z,150.408,150.493,150.366,150.488,10799.0,150.479,150.497,150.2492557748381
2025-10-17T18:00:00Z,150.486,150.535,150.41,150.5,9941.0,150.493,150.508,150.28268833819303
2025-10-17T19:00:00Z,150.5,150.524,150.456,150.484,4693.0,150.476,150.492,150.30952989310063
2025-10-17T20:00:00Z,150.484,150.65,150.474,150.65,4933.0,150.623,150.676,150.35492590735387
2025-10-19T21:00:00Z,150.469,150.493,150.382,150.459,2135.0,150.409,150.509,150.36880245304002
2025-10-19T22:00:00Z,150.464,150.909,150.464,150.84,5555.0,150.833,150.847,150.43162879263468
2025-10-19T23:00:00Z,150.84,150.969,150.816,150.92,8154.0,150.912,150.929,150.49674495361674
2025-10-20T00:00:00Z,150.92,150.983,150.766,150.91,17986.0,150.901,150.918,150.55184562646784
2025-10-20T01:00:00Z,150.908,151.204,150.866,150.97,11848.0,150.961,150.978,150.6075995429388
2025-10-20T02:00:00Z,150.968,150.999,150.812,150.865,7788.0,150.857,150.873,150.6419196038803
2025-10-20T03:00:00Z,150.866,150.888,150.655,150.728,6990.0,150.72,150.735,150.6533969900296
2025-10-20T04:00:00Z,150.727,150.772,150.516,150.6,8424.0,150.59,150.609,150.64627739135898
2025-10-20T05:00:00Z,150.601,150.692,150.498,150.65,8720.0,150.64,150.659,150.64677373917777
2025-10-20T06:00:00Z,150.65,150.746,150.549,150.688,15029.0,150.679,150.696,150.65227057395407
2025-10-20T07:00:00Z,150.688,150.833,150.655,150.746,16010.0,150.737,150.754,150.6647678307602
2025-10-20T08:00:00Z,150.746,150.798,150.574,150.586,14531.0,150.577,150.594,150.65426545332554
2025-10-20T09:00:00Z,150.584,150.772,150.274,150.732,15662.0,150.724,150.74,150.6646300595488
2025-10-20T10:00:00Z,150.734,150.838,150.674,150.714,12111.0,150.706,150.722,150.67121271827565
2025-10-20T11:00:00Z,150.714,150.86,150.674,150.704,9560.0,150.695,150.712,150.6755843558389
2025-10-20T12:00:00Z,150.706,150.778,150.61,150.676,15722.0,150.668,150.685,150.67563977506038
2025-10-20T13:00:00Z,150.677,150.853,150.616,150.768,17059.0,150.761,150.776,150.687954471719
2025-10-20T14:00:00Z,150.769,150.812,150.412,150.593,15719.0,150.585,150.601,150.6752938754898
2025-10-20T15:00:00Z,150.593,150.624,150.486,150.59,12498.0,150.582,150.598,150.66392135875785
2025-10-20T16:00:00Z,150.592,150.694,150.53,150.682,8171.0,150.674,150.691,150.6663318442568
2025-10-20T17:00:00Z,150.682,150.798,150.668,150.78,5007.0,150.771,150.788,150.6814875983559
2025-10-20T18:00:00Z,150.78,150.828,150.664,150.692,6116.0,150.684,150.701,150.68288925190845
2025-10-20T19:00:00Z,150.692,150.734,150.628,150.699,4637.0,150.691,150.707,150.685037351654
2025-10-20T20:00:00Z,150.698,150.766,150.684,150.766,2820.0,150.75,150.782,150.69583237143345
2025-10-20T21:00:00Z,150.707,150.723,150.676,150.686,432.0,150.661,150.711,150.69452138857568
2025-10-20T22:00:00Z,150.69,150.766,150.67,150.733,1991.0,150.724,150.742,150.69965187009893
2025-10-20T23:00:00Z,150.732,150.825,150.72,150.825,4529.0,150.816,150.834,150.71636495408575
2025-10-21T00:00:00Z,150.826,150.854,150.472,150.656,16055.0,150.647,150.666,150.70831629354097
2025-10-21T01:00:00Z,150.658,150.997,150.527,150.984,12747.0,150.975,150.992,150.74507412106885
2025-10-21T02:00:00Z,150.984,151.148,150.964,151.124,10456.0,151.116,151.132,150.79559757159302
2025-10-21T03:00:00Z,151.125,151.152,151.004,151.047,7511.0,151.037,151.057,150.82911789538062
2025-10-21T04:00:00Z,151.048,151.244,150.887,151.077,14263.0,151.067,151.087,150.8621688426632
2025-10-21T05:00:00Z,151.078,151.523,150.866,151.518,23562.0,151.508,151.528,150.9496129969748
2025-10-21T06:00:00Z,151.519,151.608,151.224,151.262,16641.0,151.255,151.269,150.99126459737815
2025-10-21T07:00:00Z,151.262,151.264,151.066,151.153,18786.0,151.145,151.161,151.01282931772772
2025-10-21T08:00:00Z,151.154,151.678,151.062,151.612,21220.0,151.604,151.619,151.09271874203068
2025-10-21T09:00:00Z,151.612,151.805,151.596,151.798,13881.0,151.789,151.806,151.18675624309327
2025-10-21T10:00:00Z,151.798,152.052,151.74,151.927,14018.0,151.92,151.934,151.28545541068084
2025-10-21T11:00:00Z,151.928,152.01,151.808,151.95,14796.0,151.943,151.957,151.3740613559234
2025-10-21T12:00:00Z,151.95,152.176,151.894,152.028,19918.0,152.02,152.036,151.4612531751336
2025-10-21T13:00:00Z,152.031,152.091,151.596,151.6,30658.0,151.593,151.608,151.47975275178246
2025-10-21T14:00:00Z,151.598,151.884,151.458,151.869,23499.0,151.862,151.876,151.53165238487813
2025-10-21T15:00:00Z,151.87,151.878,151.68,151.728,13974.0,151.72,151.736,151.55783206689438
2025-10-21T16:00:00Z,151.726,151.952,151.656,151.858,12969.0,151.85,151.865,151.59785445797513
2025-10-21T17:00:00Z,151.857,151.974,151.819,151.926,9386.0,151.917,151.934,151.6416071969118
2025-10-21T18:00:00Z,151.924,151.929,151.877,151.914,5929.0,151.907,151.921,151.67792623732356
2025-10-21T19:00:00Z,151.914,151.973,151.894,151.917,5040.0,151.911,151.923,151.70980273901375
2025-10-21T20:00:00Z,151.918,151.948,151.869,151.926,2532.0,151.912,151.94,151.7386290404786
2025-10-21T21:00:00Z,151.898,151.912,151.886,151.886,334.0,151.868,151.904,151.75827850174812
2025-10-21T22:00:00Z,151.888,151.948,151.868,151.937,1630.0,151.927,151.947,151.7821080348484
2025-10-21T23:00:00Z,151.932,151.962,151.864,151.88,3855.0,151.874,151.887,151.7951602968686
2025-10-22T00:00:00Z,151.882,151.882,151.605,151.63,15471.0,151.623,151.637,151.77313892395279
2025-10-22T01:00:00Z,151.624,151.754,151.488,151.747,12135.0,151.738,151.756,151.76965373409243
2025-10-22T02:00:00Z,151.748,151.762,151.594,151.634,7075.0,151.626,151.642,151.75156656954678
2025-10-22T03:00:00Z,151.634,151.822,151.631,151.798,5542.0,151.789,151.807,151.7577576936072
2025-10-22T04:00:00Z,151.796,151.874,151.756,151.76,6629.0,151.752,151.768,151.7580566677929
2025-10-22T05:00:00Z,151.76,151.874,151.728,151.862,6526.0,151.853,151.871,151.77191577875385
2025-10-22T06:00:00Z,151.864,151.952,151.696,151.739,16108.0,151.731,151.747,151.76752700825335
2025-10-22T07:00:00Z,151.738,151.859,151.621,151.828,16986.0,151.82,151.836,151.7755900738196
2025-10-22T08:00:00Z,151.83,151.913,151.631,151.69,17105.0,151.682,151.697,151.76417806397697
2025-10-22T09:00:00Z,151.69,151.828,151.653,151.82,12618.0,151.813,151.828,151.77162098878006
2025-10-22T10:00:00Z,151.821,151.838,151.72,151.822,11550.0,151.814,151.83,151.77833819027606
2025-10-22T11:00:00Z,151.824,151.896,151.725,151.789,16441.0,151.78,151.798,151.77975976490592
2025-10-22T12:00:00Z,151.79,151.97,151.756,151.93,19313.0,151.921,151.938,151.7997917962518
2025-10-22T13:00:00Z,151.931,152.048,151.87,151.97,21640.0,151.961,151.979,151.82248622341825
2025-10-22T14:00:00Z,151.97,152.01,151.862,151.886,20099.0,151.879,151.894,151.8309547269625
2025-10-22T15:00:00Z,151.886,151.913,151.752,151.792,15084.0,151.784,151.801,151.8257607633675
2025-10-22T16:00:00Z,151.793,151.847,151.506,151.766,19938.0,151.758,151.773,151.81779266158517
2025-10-22T17:00:00Z,151.766,151.812,151.604,151.646,13975.0,151.638,151.654,151.79488697337382
2025-10-22T18:00:00Z,151.646,151.892,151.646,151.88,10034.0,151.873,151.887,151.80623537692398
2025-10-22T19:00:00Z,151.881,152.01,151.854,151.984,8609.0,151.975,151.992,151.82993732666745
2025-10-22T20:00:00Z,151.982,152.013,151.916,151.964,2614.0,151.951,151.977,151.84781234977845
2025-10-22T21:00:00Z,151.944,151.951,151.899,151.902,508.0,151.882,151.923,151.855037369808
2025-10-22T22:00:00Z,151.902,151.931,151.824,151.906,2420.0,151.897,151.915,151.86183238716694
2025-10-22T23:00:00Z,151.906,151.998,151.902,151.987,5627.0,151.979,151.995,151.87852140221136
2025-10-23T00:00:00Z,151.988,152.264,151.973,152.153,12910.0,152.145,152.161,151.9151185485832
2025-10-23T01:00:00Z,152.152,152.458,152.116,152.418,9048.0,152.41,152.426,151.9821694087721
2025-10-23T02:00:00Z,152.418,152.505,152.384,152.462,5832.0,152.454,152.47,152.04614682093583
2025-10-23T03:00:00Z,152.462,152.486,152.396,152.472,4137.0,152.464,152.481,152.10292724481107
2025-10-23T04:00:00Z,152.473,152.578,152.404,152.415,5365.0,152.407,152.423,152.14453694550292
2025-10-23T05:00:00Z,152.416,152.428,152.321,152.376,5506.0,152.367,152.384,152.17539868610254
2025-10-23T06:00:00Z,152.376,152.65,152.331,152.643,10662.0,152.635,152.651,152.23774552795552
2025-10-23T07:00:00Z,152.642,152.648,152.379,152.498,14692.0,152.489,152.507,152.2724461242281
2025-10-23T08:00:00Z,152.498,152.65,152.456,152.609,9744.0,152.602,152.616,152.31731997433104
2025-10-23T09:00:00Z,152.61,152.667,152.512,152.572,8678.0,152.565,152.58,152.3512773110869
2025-10-23T10:00:00Z,152.573,152.778,152.571,152.772,8493.0,152.764,152.779,152.40737366960866
2025-10-23T11:00:00Z,152.772,152.794,152.664,152.672,7884.0,152.664,152.68,152.4426571803275
2025-10-23T12:00:00Z,152.67,152.72,152.458,152.536,12743.0,152.528,152.543,152.45510288961717
2025-10-23T13:00:00Z,152.538,152.733,152.478,152.688,17374.0,152.68,152.696,152.4861558376682
2025-10-23T14:00:00Z,152.69,152.71,152.58,152.616,17212.0,152.608,152.624,152.50346839264577
2025-10-23T15:00:00Z,152.616,152.764,152.582,152.724,11653.0,152.716,152.731,152.53287260695967
2025-10-23T16:00:00Z,152.725,152.799,152.674,152.72,8059.0,152.712,152.727,152.55782292603172
2025-10-23T17:00:00Z,152.72,152.77,152.614,152.616,7415.0,152.609,152.624,152.5655798692275
2025-10-23T18:00:00Z,152.616,152.651,152.522,152.535,6464.0,152.527,152.543,152.56150255333048
2025-10-23T19:00:00Z,152.536,152.568,152.495,152.564,4449.0,152.558,152.571,152.56183554621975
2025-10-23T20:00:00Z,152.562,152.612,152.558,152.596,3100.0,152.584,152.608,152.5663908067238
2025-10-23T21:00:00Z,152.587,152.626,152.558,152.572,822.0,152.538,152.606,152.56713869916064
2025-10-23T22:00:00Z,152.57,152.596,152.51,152.585,1944.0,152.578,152.592,152.56952020593923
2025-10-23T23:00:00Z,152.584,152.676,152.566,152.612,3436.0,152.604,152.62,152.57518417848067
2025-10-24T00:00:00Z,152.615,152.664,152.474,152.648,9491.0,152.64,152.657,152.58489295468326
2025-10-24T01:00:00Z,152.649,152.904,152.638,152.898,9276.0,152.89,152.906,152.6266405607255
2025-10-24T02:00:00Z,152.9,152.916,152.77,152.89,7714.0,152.882,152.897,152.66175515262876
2025-10-24T03:00:00Z,152.892,152.916,152.713,152.774,5942.0,152.764,152.783,152.67672113227826
2025-10-24T04:00:00Z,152.774,152.914,152.772,152.892,6125.0,152.883,152.9,152.70542498130783
2025-10-24T05:00:00Z,152.892,153.038,152.87,152.958,7901.0,152.952,152.965,152.73910165046678
2025-10-24T06:00:00Z,152.959,153.064,152.918,152.919,10912.0,152.911,152.927,152.7630880970712
2025-10-24T07:00:00Z,152.92,152.954,152.754,152.834,11646.0,152.826,152.841,152.77254301746171
2025-10-24T08:00:00Z,152.833,153.022,152.812,152.95,10355.0,152.943,152.957,152.79620394846683
2025-10-24T09:00:00Z,152.95,152.997,152.902,152.96,8762.0,152.952,152.969,152.8180434220046
2025-10-24T10:00:00Z,152.961,152.985,152.908,152.98,5325.0,152.973,152.987,152.839637632404
2025-10-24T11:00:00Z,152.981,152.994,152.908,152.938,7226.0,152.928,152.947,152.85275261475013
2025-10-24T12:00:00Z,152.934,152.963,152.235,152.675,28794.0,152.667,152.683,152.82905226611678
2025-10-24T13:00:00Z,152.674,153.021,152.596,152.827,25919.0,152.82,152.834,152.82877863063453
2025-10-24T14:00:00Z,152.825,152.903,152.698,152.77,20244.0,152.761,152.778,152.82094147988326
2025-10-24T15:00:00Z,152.77,152.882,152.707,152.823,11651.0,152.815,152.831,152.82121594923217
2025-10-24T16:00:00Z,152.822,152.877,152.788,152.842,5637.0,152.835,152.85,152.8239871560012
2025-10-24T17:00:00Z,152.842,152.842,152.75,152.81,5095.0,152.803,152.818,152.82212220186773
2025-10-24T18:00:00Z,152.81,152.894,152.799,152.866,4000.0,152.858,152.874,152.82797257495204
2025-10-24T19:00:00Z,152.866,152.896,152.804,152.828,3594.0,152.82,152.837,152.82797623162512
2025-10-24T20:00:00Z,152.829,152.9,152.758,152.882,5663.0,152.86,152.905,152.83517940074177
2025-10-26T21:00:00Z,152.858,153.068,152.841,153.04,1375.0,153.013,153.066,152.8624888139762
2025-10-26T22:00:00Z,153.047,153.148,152.948,153.076,6219.0,153.067,153.084,152.89095697211272
2025-10-26T23:00:00Z,153.074,153.178,153.018,153.074,6019.0,153.066,153.083,152.91536270916436
2025-10-27T00:00:00Z,153.075,153.156,152.833,152.892,13074.0,152.885,152.898,152.91224768127577
2025-10-27T01:00:00Z,152.891,152.993,152.654,152.836,10829.0,152.829,152.844,152.90208132377234
2025-10-27T02:00:00Z,152.837,153.017,152.825,152.982,7043.0,152.974,152.99,152.91273714726935
2025-10-27T03:00:00Z,152.983,153.053,152.954,153.046,5540.0,153.038,153.055,152.93050552763344
2025-10-27T04:00:00Z,153.047,153.166,153.035,153.14,7835.0,153.131,153.148,152.95843812394898
2025-10-27T05:00:00Z,153.141,153.258,153.112,153.127,8063.0,153.118,153.136,152.98091304075578
2025-10-27T06:00:00Z,153.128,153.138,152.832,152.978,11122.0,152.972,152.985,152.98052463532167
2025-10-27T07:00:00Z,152.98,153.032,152.863,153.018,11798.0,153.01,153.025,152.98552135061212
2025-10-27T08:00:00Z,153.019,153.078,152.744,152.822,17612.0,152.813,152.83,152.96371850386384
2025-10-27T09:00:00Z,152.822,152.824,152.702,152.754,12037.0,152.746,152.762,152.935756036682
2025-10-27T10:00:00Z,152.754,152.85,152.724,152.772,9220.0,152.764,152.779,152.91392189845774
2025-10-27T11:00:00Z,152.771,152.808,152.594,152.64,11880.0,152.632,152.648,152.8773989786634
2025-10-27T12:00:00Z,152.64,152.897,152.566,152.842,14563.0,152.835,152.85,152.87267911484162
2025-10-27T13:00:00Z,152.843,153.196,152.808,153.11,16759.0,153.102,153.118,152.9043218995294
2025-10-27T14:00:00Z,153.11,153.192,153.001,153.005,14469.0,152.998,153.012,152.91774564625882
2025-10-27T15:00:00Z,153.004,153.122,152.986,153.088,11645.0,153.081,153.096,152.94044622675764
2025-10-27T16:00:00Z,153.088,153.093,152.978,152.995,7347.0,152.988,153.002,152.94772006318996
2025-10-27T17:00:00Z,152.996,153.096,152.94,153.061,6677.0,153.054,153.068,152.96282405476464
2025-10-27T18:00:00Z,153.06,153.074,152.762,152.822,6799.0,152.814,152.83,152.94404751412935
2025-10-27T19:00:00Z,152.822,152.954,152.817,152.908,6500.0,152.901,152.916,152.9392411789121
2025-10-27T20:00:00Z,152.908,152.917,152.852,152.88,2379.0,152.871,152.888,152.93134235505718
2025-10-27T21:00:00Z,152.862,152.885,152.819,152.858,651.0,152.808,152.908,152.92156337438288
2025-10-27T22:00:00Z,152.885,152.885,152.738,152.746,2013.0,152.737,152.756,152.89815492446516
2025-10-27T23:00:00Z,152.747,152.781,152.634,152.7,3565.0,152.691,152.709,152.8717342678698
2025-10-28T00:00:00Z,152.701,152.737,152.396,152.498,11336.0,152.489,152.506,152.82190303215384
2025-10-28T01:00:00Z,152.497,152.514,152.268,152.402,11697.0,152.395,152.408,152.7659159612
2025-10-28T02:00:00Z,152.402,152.473,152.297,152.459,7397.0,152.451,152.467,152.72499383304
2025-10-28T03:00:00Z,152.46,152.478,152.164,152.279,8119.0,152.27,152.288,152.66552798863466
2025-10-28T04:00:00Z,152.278,152.31,151.852,151.876,12342.0,151.867,151.886,152.56025759015006
2025-10-28T05:00:00Z,151.878,151.973,151.76,151.914,13209.0,151.907,151.922,152.47408991146338
2025-10-28T06:00:00Z,151.914,152.062,151.81,152.022,12303.0,152.014,152.031,152.4138112566016
2025-10-28T07:00:00Z,152.025,152.357,152.025,152.144,16596.0,152.135,152.152,152.37783642238807
2025-10-28T08:00:00Z,152.142,152.162,151.844,151.952,19344.0,151.944,151.961,152.32105823273633
2025-10-28T09:00:00Z,151.952,152.082,151.874,151.916,12313.0,151.909,151.924,152.2670504683715
2025-10-28T10:00:00Z,151.918,151.989,151.824,151.864,10936.0,151.855,151.872,152.213310405922
2025-10-28T11:00:00Z,151.863,152.085,151.859,152.038,9885.0,152.03,152.047,152.18993568513238
2025-10-28T12:00:00Z,152.036,152.221,152.019,152.133,15347.0,152.124,152.142,152.18234426044808
2025-10-28T13:00:00Z,152.133,152.374,152.13,152.198,18374.0,152.188,152.207,152.18443169238833
2025-10-28T14:00:00Z,152.198,152.266,151.974,151.99,16098.0,151.983,151.997,152.15850746673655
2025-10-28T15:00:00Z,151.988,152.18,151.854,152.143,15728.0,152.136,152.15,152.15643980450503
2025-10-28T16:00:00Z,152.144,152.309,152.112,152.114,14834.0,152.105,152.122,152.15078116390436
2025-10-28T17:00:00Z,152.112,152.196,152.095,152.176,7665.0,152.167,152.185,152.15414367538378
2025-10-28T18:00:00Z,152.176,152.246,152.088,152.104,6340.0,152.097,152.11,152.1474578519993
2025-10-28T19:00:00Z,152.104,152.105,151.948,152.06,5852.0,152.052,152.069,152.13579680506606
2025-10-28T20:00:00Z,152.06,152.132,152.05,152.116,3665.0,152.103,152.128,152.13315723105725
2025-10-28T21:00:00Z,152.119,152.134,152.05,152.091,2734.0,152.041,152.141,152.12753626691628
2025-10-28T22:00:00Z,152.084,152.183,152.078,152.17,2353.0,152.16,152.179,152.13319809799412
2025-10-28T23:00:00Z,152.169,152.198,151.72,151.736,5045.0,151.727,151.745,152.08023835159491
2025-10-29T00:00:00Z,151.736,151.892,151.538,151.635,20230.0,151.626,151.644,152.02087323804892
2025-10-29T01:00:00Z,151.636,151.92,151.554,151.895,16178.0,151.886,151.904,152.00409013964241
2025-10-29T02:00:00Z,151.895,152.145,151.89,151.982,8577.0,151.974,151.989,152.0011447876901
2025-10-29T03:00:00Z,151.98,152.058,151.916,152.056,6523.0,152.049,152.064,152.0084588159981
2025-10-29T04:00:00Z,152.057,152.116,151.96,152.078,7088.0,152.07,152.086,152.017730973865
2025-10-29T05:00:00Z,152.078,152.546,152.064,152.366,10699.0,152.358,152.375,152.06416684401634
2025-10-29T06:00:00Z,152.365,152.454,152.131,152.148,10298.0,152.14,152.157,152.0753445981475
2025-10-29T07:00:00Z,152.15,152.184,152.002,152.064,12340.0,152.055,152.072,152.07383198506116
2025-10-29T08:00:00Z,152.065,152.336,152.048,152.336,11826.0,152.328,152.344,152.10878772038635
2025-10-29T09:00:00Z,152.336,152.47,152.2,152.234,10963.0,152.227,152.241,152.1254826910015
2025-10-29T10:00:00Z,152.234,152.344,152.208,152.242,7540.0,152.235,152.249,152.1410183322013
2025-10-29T11:00:00Z,152.242,152.41,152.14,152.242,9156.0,152.236,152.248,152.15448255457446
2025-10-29T12:00:00Z,152.243,152.298,152.16,152.242,9744.0,152.233,152.251,152.16615154729786
2025-10-29T13:00:00Z,152.242,152.244,151.865,152.002,15081.0,151.994,152.011,152.1442646743248
2025-10-29T14:00:00Z,152.003,152.17,151.985,152.038,13870.0,152.031,152.044,152.1300960510815
2025-10-29T15:00:00Z,152.037,152.064,151.906,151.914,11907.0,151.906,151.921,152.10128324427063
2025-10-29T16:00:00Z,151.914,152.179,151.898,152.152,11251.0,152.143,152.16,152.10804547836787
2025-10-29T17:00:00Z,152.152,152.319,152.091,152.256,7451.0,152.213,152.299,152.1277727479188
2025-10-29T18:00:00Z,152.256,153.054,152.186,152.826,46542.0,152.817,152.836,152.22086971486297
2025-10-29T19:00:00Z,152.828,153.064,152.755,152.82,23189.0,152.811,152.828,152.30075375288123
2025-10-29T20:00:00Z,152.819,152.88,152.588,152.74,9123.0,152.729,152.75,152.35931991916374
2025-10-29T21:00:00Z,152.694,152.73,152.646,152.67,417.0,152.639,152.702,152.4007439299419
2025-10-29T22:00:00Z,152.666,152.738,152.658,152.699,2535.0,152.69,152.708,152.44051140594965
2025-10-29T23:00:00Z,152.696,152.76,152.588,152.725,4511.0,152.718,152.732,152.4784432184897
2025-10-30T00:00:00Z,152.727,152.948,152.506,152.636,14995.0,152.627,152.644,152.49945078935775
2025-10-30T01:00:00Z,152.637,152.682,152.451,152.544,13954.0,152.536,152.551,152.50539068411007
2025-10-30T02:00:00Z,152.544,152.562,152.316,152.34,7769.0,152.331,152.349,152.4833385928954
2025-10-30T03:00:00Z,152.338,153.137,152.163,152.96,21070.0,152.949,152.97,152.54689344717602
2025-10-30T04:00:00Z,152.958,153.023,152.562,152.769,28957.0,152.76,152.778,152.57650765421923
2025-10-30T05:00:00Z,152.771,153.042,152.678,153.039,14109.0,153.031,153.047,152.63817330032333
2025-10-30T06:00:00Z,153.04,153.525,152.935,153.338,20750.0,153.33,153.346,152.7314835269469
2025-10-30T07:00:00Z,153.34,153.551,153.28,153.406,21597.0,153.398,153.414,152.82141905668732
2025-10-30T08:00:00Z,153.406,153.89,153.404,153.748,14983.0,153.74,153.757,152.94496318246235
2025-10-30T09:00:00Z,153.75,153.803,153.622,153.782,13187.0,153.773,153.79,153.05656809146737
2025-10-30T10:00:00Z,153.782,153.962,153.775,153.958,10246.0,153.95,153.967,153.17675901260506
2025-10-30T11:00:00Z,153.961,154.176,153.864,154.119,13229.0,154.11,154.128,153.3023911442577
2025-10-30T12:00:00Z,154.117,154.294,154.078,154.294,15924.0,154.285,154.303,153.4346056583567
2025-10-30T13:00:00Z,154.296,154.449,154.144,154.199,21572.0,154.191,154.207,153.53652490390914
2025-10-30T14:00:00Z,154.198,154.322,154.055,154.288,21523.0,154.28,154.297,153.63672158338792
2025-10-30T15:00:00Z,154.286,154.341,154.046,154.172,15448.0,154.164,154.181,153.7080920389362
2025-10-30T16:00:00Z,154.174,154.23,154.068,154.1,9521.0,154.091,154.109,153.7603464337447
2025-10-30T17:00:00Z,154.1,154.172,154.05,154.102,6709.0,154.093,154.111,153.80590024257876
2025-10-30T18:00:00Z,154.1,154.151,154.052,154.083,7368.0,154.076,154.09,153.8428468769016
2025-10-30T19:00:00Z,154.084,154.093,154.022,154.078,6050.0,154.07,154.085,153.87420062664805
2025-10-30T20:00:00Z,154.077,154.166,154.039,154.149,3543.0,154.134,154.164,153.910840543095
2025-10-30T21:00:00Z,154.136,154.142,154.067,154.07,856.0,154.042,154.099,153.93206180401566
2025-10-30T22:00:00Z,154.066,154.142,154.038,154.11,2385.0,154.103,154.117,153.95578689681358
2025-10-30T23:00:00Z,154.11,154.168,153.841,153.908,5783.0,153.901,153.916,153.94941531057177
2025-10-31T00:00:00Z,153.906,154.038,153.824,153.897,10958.0,153.888,153.906,153.94242660249554
2025-10-31T01:00:00Z,153.896,153.922,153.653,153.834,13074.0,153.825,153.843,153.9279697221628
2025-10-31T02:00:00Z,153.834,153.888,153.742,153.887,7011.0,153.881,153.893,153.9225070925411
2025-10-31T03:00:00Z,153.888,154.07,153.852,154.04,5180.0,154.033,154.048,153.93817281353563
2025-10-31T04:00:00Z,154.038,154.058,153.908,153.938,6398.0,153.931,153.946,153.93814977173088
2025-10-31T05:00:00Z,153.938,154.056,153.832,153.912,8137.0,153.902,153.921,153.9346631355001
2025-10-31T06:00:00Z,153.911,154.238,153.885,154.226,9902.0,154.218,154.233,153.97350805076675
2025-10-31T07:00:00Z,154.227,154.398,154.174,154.31,13996.0,154.304,154.317,154.01837364399785
2025-10-31T08:00:00Z,154.313,154.416,154.232,154.248,13355.0,154.24,154.255,154.0489904914648
2025-10-31T09:00:00Z,154.247,154.294,154.114,154.142,8420.0,154.135,154.148,154.0613917592695
2025-10-31T10:00:00Z,154.14,154.187,154.094,154.134,7197.0,154.125,154.143,154.07107285803357
2025-10-31T11:00:00Z,154.134,154.187,154.054,154.104,8185.0,154.095,154.112,154.0754631436291
2025-10-31T12:00:00Z,154.102,154.256,153.894,154.137,14143.0,154.128,154.146,154.08366805781188
2025-10-31T13:00:00Z,154.138,154.232,154.05,154.078,16502.0,154.071,154.086,154.0829123167703
2025-10-31T14:00:00Z,154.079,154.096,153.894,153.946,16370.0,153.938,153.954,154.06465734120093
2025-10-31T15:00:00Z,153.948,154.096,153.916,154.042,16991.0,154.036,154.049,154.06163636237414
2025-10-31T16:00:00Z,154.044,154.174,153.968,154.116,13926.0,154.11,154.122,154.06888484739093
2025-10-31T17:00:00Z,154.116,154.176,154.082,154.096,9112.0,154.088,154.104,154.07250020107216
2025-10-31T18:00:00Z,154.096,154.136,154.036,154.09,6637.0,154.081,154.098,154.07483350759588
2025-10-31T19:00:00Z,154.088,154.138,154.064,154.11,4488.0,154.101,154.12,154.07952237324977
2025-10-31T20:00:00Z,154.108,154.122,153.97,154.017,4328.0,153.969,154.065,154.0711860568165
2025-11-02T22:00:00Z,154.043,154.098,154.037,154.081,871.0,154.054,154.108,154.07249458257428
2025-11-02T23:00:00Z,154.077,154.253,154.022,154.202,7634.0,154.193,154.212,154.08976197156437
2025-11-03T00:00:00Z,154.204,154.218,154.121,154.175,6405.0,154.168,154.182,154.10112704202245
2025-11-03T01:00:00Z,154.174,154.188,154.078,154.117,4870.0,154.108,154.126,154.10324343641946
2025-11-03T02:00:00Z,154.118,154.127,154.038,154.086,4104.0,154.078,154.095,154.10094431156355
2025-11-03T03:00:00Z,154.086,154.097,154.044,154.066,3461.0,154.059,154.074,154.09628507002174
2025-11-03T04:00:00Z,154.066,154.088,153.989,154.074,3627.0,154.066,154.081,154.09331372735218
2025-11-03T05:00:00Z,154.074,154.135,154.06,154.123,4808.0,154.115,154.131,154.09727189703855
2025-11-03T06:00:00Z,154.124,154.245,154.106,154.188,5312.0,154.179,154.196,154.1093689774334
2025-11-03T07:00:00Z,154.188,154.286,154.106,154.11,8350.0,154.102,154.117,154.10945311377563
2025-11-03T08:00:00Z,154.11,154.208,154.053,154.11,10438.0,154.101,154.119,154.10952603193888
2025-11-03T09:00:00Z,154.11,154.17,154.084,154.168,7167.0,154.161,154.175,154.1173225610137
2025-11-03T10:00:00Z,154.168,154.191,154.132,154.171,6351.0,154.163,154.179,154.12447955287854
2025-11-03T11:00:00Z,154.17,154.186,154.098,154.151,5191.0,154.143,154.159,154.12801561249475
2025-11-03T12:00:00Z,154.154,154.192,154.143,154.182,5026.0,154.173,154.191,154.1352135308288
2025-11-03T13:00:00Z,154.183,154.3,154.178,154.252,7287.0,154.243,154.26,154.15078506005162
2025-11-03T14:00:00Z,154.251,154.274,154.076,154.116,9444.0,154.097,154.134,154.14614705204474
2025-11-03T15:00:00Z,154.115,154.162,153.926,154.098,20307.0,154.092,154.105,154.13972744510545
2025-11-03T16:00:00Z,154.1,154.166,154.07,154.132,9650.0,154.124,154.141,154.1386971190914
2025-11-03T17:00:00Z,154.13,154.178,154.063,154.154,6309.0,154.145,154.162,154.14073750321256
2025-11-03T18:00:00Z,154.154,154.24,154.116,154.169,3916.0,154.161,154.177,154.14450583611756
2025-11-03T19:00:00Z,154.168,154.254,154.132,154.194,6571.0,154.185,154.202,154.15110505796855
2025-11-03T20:00:00Z,154.193,154.22,154.175,154.195,5191.0,154.187,154.203,154.15695771690608
2025-11-03T21:00:00Z,154.194,154.222,154.184,154.212,2149.0,154.202,154.221,154.16429668798526
2025-11-03T22:00:00Z,154.25,154.263,154.208,154.221,878.0,154.205,154.237,154.17185712958724
2025-11-03T23:00:00Z,154.223,154.226,154.176,154.214,2270.0,154.206,154.223,154.1774761789756
2025-11-04T00:00:00Z,154.216,154.402,154.2,154.341,10840.0,154.333,154.349,154.1992793551122
2025-11-04T01:00:00Z,154.34,154.486,154.3,154.33,9960.0,154.321,154.338,154.21670877443057
2025-11-04T02:00:00Z,154.33,154.36,154.104,154.108,8784.0,154.101,154.116,154.20221427117318
2025-11-04T03:00:00Z,154.108,154.16,154.056,154.086,7095.0,154.078,154.094,154.18671903501675
2025-11-04T04:00:00Z,154.086,154.101,153.807,154.064,9135.0,154.057,154.07,154.17035649701452
2025-11-04T05:00:00Z,154.064,154.083,153.689,153.735,13326.0,153.728,153.742,154.11230896407926
2025-11-04T06:00:00Z,153.734,153.794,153.495,153.628,16589.0,153.619,153.636,154.04773443553538
2025-11-04T07:00:00Z,153.626,153.636,153.331,153.59,13727.0,153.581,153.599,153.986703177464
2025-11-04T08:00:00Z,153.59,153.7,153.387,153.65,17432.0,153.642,153.657,153.94180942046881
2025-11-04T09:00:00Z,153.65,153.758,153.407,153.487,14310.0,153.479,153.495,153.88116816440632
2025-11-04T10:00:00Z,153.486,153.603,153.318,153.579,11085.0,153.572,153.586,153.8408790758188
2025-11-04T11:00:00Z,153.575,153.593,153.374,153.572,7866.0,153.564,153.581,153.8050285323763
2025-11-04T12:00:00Z,153.57,153.628,153.506,153.53,12442.0,153.522,153.537,153.7683580613928
2025-11-04T13:00:00Z,153.529,153.544,153.32,153.39,12958.0,153.382,153.397,153.71791031987377
2025-11-04T14:00:00Z,153.39,153.548,153.368,153.48,16238.0,153.471,153.489,153.6861889438906
2025-11-04T15:00:00Z,153.48,153.598,153.34,153.386,15629.0,153.379,153.393,153.64616375137186
2025-11-04T16:00:00Z,153.386,153.554,153.34,153.551,14253.0,153.542,153.56,153.63347525118894
2025-11-04T17:00:00Z,153.55,153.644,153.524,153.592,8512.0,153.584,153.599,153.6279452176971
2025-11-04T18:00:00Z,153.591,153.664,153.546,153.566,8742.0,153.559,153.572,153.61968585533748
2025-11-04T19:00:00Z,153.566,153.641,153.564,153.633,7789.0,153.625,153.641,153.6214610746258
2025-11-04T20:00:00Z,153.634,153.693,153.623,153.628,6893.0,153.621,153.636,153.62233293134238
2025-11-04T21:00:00Z,153.63,153.687,153.602,153.666,4649.0,153.654,153.678,153.6281552071634
2025-11-04T22:00:00Z,153.668,153.674,153.641,153.662,554.0,153.638,153.685,153.63266784620828
2025-11-04T23:00:00Z,153.662,153.698,153.511,153.55,3127.0,153.543,153.558,153.62164546671386
2025-11-05T00:00:00Z,153.551,153.752,153.23,153.239,15127.0,153.233,153.245,153.57062607115202
2025-11-05T01:00:00Z,153.24,153.298,152.958,153.166,20004.0,153.157,153.175,153.51667592833175
2025-11-05T02:00:00Z,153.166,153.326,153.068,153.318,12060.0,153.311,153.324,153.4901858045542
2025-11-05T03:00:00Z,153.317,153.568,153.301,153.513,12160.0,153.505,153.521,153.4932276972803
2025-11-05T04:00:00Z,153.512,153.53,153.392,153.486,9233.0,153.477,153.494,153.4922640043096
2025-11-05T05:00:00Z,153.484,153.567,153.409,153.522,7813.0,153.514,153.53,153.496228803735
2025-11-05T06:00:00Z,153.522,153.744,153.454,153.668,9375.0,153.661,153.676,153.51913162990365
2025-11-05T07:00:00Z,153.672,153.692,153.45,153.561,12724.0,153.553,153.569,153.52471407924983
2025-11-05T08:00:00Z,153.56,153.666,153.42,153.5,13821.0,153.492,153.509,153.52141886868318
2025-11-05T09:00:00Z,153.498,153.708,153.488,153.692,9129.0,153.683,153.7,153.54416301952543
2025-11-05T10:00:00Z,153.691,153.847,153.621,153.628,9474.0,153.619,153.636,153.55534128358872
2025-11-05T11:00:00Z,153.627,153.711,153.576,153.618,8004.0,153.61,153.626,153.56369577911022
2025-11-05T12:00:00Z,153.618,153.752,153.565,153.712,9588.0,153.704,153.719,153.58346967522886
2025-11-05T13:00:00Z,153.711,153.992,153.692,153.982,14303.0,153.973,153.991,153.636607051865
2025-11-05T14:00:00Z,153.984,154.037,153.897,153.95,12475.0,153.933,153.967,153.678392778283
2025-11-05T15:00:00Z,153.954,154.314,153.954,154.306,24034.0,154.298,154.314,153.76207374117863
2025-11-05T16:00:00Z,154.306,154.357,154.107,154.122,11830.0,154.113,154.13,153.8100639090215
2025-11-05T17:00:00Z,154.122,154.14,154.058,154.078,6673.0,154.07,154.085,153.84578872115196
2025-11-05T18:00:00Z,154.077,154.146,154.008,154.126,5223.0,154.119,154.134,153.88315022499836
2025-11-05T19:00:00Z,154.127,154.131,154.061,154.112,5010.0,154.105,154.118,153.9136635283319
2025-11-05T20:00:00Z,154.112,154.138,154.084,154.126,4293.0,154.118,154.135,153.94197505788767
2025-11-05T21:00:00Z,154.126,154.146,154.091,154.114,2636.0,154.105,154.122,153.96491171683599
2025-11-05T22:00:00Z,154.106,154.119,154.047,154.079,1269.0,154.059,154.099,153.98012348792452
2025-11-05T23:00:00Z,154.08,154.093,153.984,154.09,2388.0,154.081,154.098,153.99477368953458
2025-11-06T00:00:00Z,154.09,154.142,153.85,153.888,10031.0,153.882,153.895,153.98053719759665
2025-11-06T01:00:00Z,153.888,153.943,153.803,153.872,8400.0,153.864,153.879,153.96606557125043
2025-11-06T02:00:00Z,153.872,154.003,153.794,153.95,6039.0,153.942,153.957,153.9639234950837
2025-11-06T03:00:00Z,153.948,153.995,153.834,153.872,4390.0,153.863,153.881,153.95166702907252
2025-11-06T04:00:00Z,153.872,154.029,153.862,153.956,3978.0,153.948,153.963,153.95224475852953
2025-11-06T05:00:00Z,153.958,154.008,153.832,153.884,6903.0,153.876,153.893,153.94314545739226
2025-11-06T06:00:00Z,153.885,154.008,153.81,153.985,6365.0,153.979,153.991,153.9487260630733
2025-11-06T07:00:00Z,153.987,153.996,153.774,153.868,7825.0,153.862,153.875,153.93796258799688
2025-11-06T08:00:00Z,153.87,153.872,153.531,153.56,12490.0,153.552,153.567,153.88756757626396
2025-11-06T09:00:00Z,153.56,153.774,153.559,153.722,8015.0,153.713,153.73,153.86549189942878
2025-11-06T10:00:00Z,153.722,153.777,153.704,153.746,5373.0,153.738,153.755,153.8495596461716
2025-11-06T11:00:00Z,153.746,153.764,153.589,153.648,5218.0,153.64,153.656,153.82268502668205
2025-11-06T12:00:00Z,153.648,153.743,153.59,153.608,10654.0,153.6,153.616,153.79406035645778
2025-11-06T13:00:00Z,153.609,153.638,153.401,153.506,10921.0,153.497,153.514,153.75565230893008
2025-11-06T14:00:00Z,153.504,153.588,153.384,153.412,13257.0,153.405,153.42,153.70983200107275
2025-11-06T15:00:00Z,153.413,153.413,153.044,153.045,19279.0,153.038,153.052,153.62118773426306
2025-11-06T16:00:00Z,153.046,153.171,152.973,152.982,14957.0,152.974,152.991,153.535962703028
2025-11-06T17:00:00Z,152.981,153.068,152.832,153.015,12192.0,153.006,153.024,153.46650100929094
2025-11-06T18:00:00Z,153.013,153.094,152.923,153.055,9036.0,153.048,153.062,153.41163420805216
2025-11-06T19:00:00Z,153.054,153.158,153.03,153.144,6956.0,153.136,153.153,153.37594964697854
2025-11-06T20:00:00Z,153.145,153.147,152.999,153.032,5209.0,153.024,153.041,153.33008969404807
2025-11-06T21:00:00Z,153.035,153.105,153.001,153.072,2987.0,153.057,153.086,153.29567773484166
2025-11-06T22:00:00Z,153.041,153.102,153.035,153.074,2038.0,153.052,153.096,153.26612070352945
2025-11-06T23:00:00Z,153.073,153.078,152.82,152.956,3626.0,152.946,152.965,153.2247712763922
2025-11-07T00:00:00Z,152.954,153.25,152.86,153.184,13721.0,153.178,153.19,153.2193351062066
2025-11-07T01:00:00Z,153.185,153.308,153.05,153.131,12920.0,153.123,153.139,153.2075570920457
2025-11-07T02:00:00Z,153.13,153.178,152.966,153.148,8189.0,153.141,153.155,153.1996161464396
2025-11-07T03:00:00Z,153.145,153.19,153.018,153.061,5862.0,153.052,153.07,153.181133993581
2025-11-07T04:00:00Z,153.062,153.184,153.016,153.116,7520.0,153.108,153.125,153.17244946110353
2025-11-07T05:00:00Z,153.117,153.368,153.116,153.352,6417.0,153.344,153.361,153.1963895329564
2025-11-07T06:00:00Z,153.354,153.527,153.352,153.511,7465.0,153.503,153.519,153.2383375952289
2025-11-07T07:00:00Z,153.51,153.542,153.384,153.389,9202.0,153.381,153.397,153.25842591586505
2025-11-07T08:00:00Z,153.39,153.516,153.351,153.51,10415.0,153.503,153.517,153.29196912708304
2025-11-07T09:00:00Z,153.512,153.524,153.441,153.494,7231.0,153.486,153.503,153.3189065768053
2025-11-07T10:00:00Z,153.493,153.498,153.322,153.352,6807.0,153.343,153.36,153.32331903323126
2025-11-07T11:00:00Z,153.353,153.362,153.011,153.132,10446.0,153.125,153.14,153.29780982880044
2025-11-07T12:00:00Z,153.132,153.177,153.04,153.099,8569.0,153.092,153.106,153.27130185162704
2025-11-07T13:00:00Z,153.098,153.378,153.01,153.36,13957.0,153.352,153.368,153.2831282714101
2025-11-07T14:00:00Z,153.361,153.478,153.139,153.35,21020.0,153.337,153.364,153.29204450188877
2025-11-07T15:00:00Z,153.351,153.351,153.024,153.138,22936.0,153.131,153.144,153.27150523497028
2025-11-07T16:00:00Z,153.138,153.178,153.015,153.064,15045.0,153.056,153.072,153.24383787030757
2025-11-07T17:00:00Z,153.064,153.225,153.041,153.096,9669.0,153.088,153.103,153.22412615426657
2025-11-07T18:00:00Z,153.095,153.27,153.036,153.26,7953.0,153.252,153.268,153.2289093336977
2025-11-07T19:00:00Z,153.26,153.585,153.223,153.559,11417.0,153.551,153.567,153.272921422538
2025-11-07T20:00:00Z,153.56,153.596,153.362,153.432,9850.0,153.424,153.441,153.29413189953294
2025-11-07T21:00:00Z,153.432,153.484,153.405,153.41,3613.0,153.384,153.436,153.3095809795952
2025-11-09T22:00:00Z,153.75,153.752,153.578,153.713,1680.0,153.69,153.736,153.36337018231586
2025-11-09T23:00:00Z,153.7,153.87,153.7,153.828,8583.0,153.82,153.836,153.42532082467375
2025-11-10T00:00:00Z,153.828,153.917,153.404,153.857,15844.0,153.849,153.865,153.4828780480506
2025-11-10T01:00:00Z,153.856,153.956,153.777,153.836,11121.0,153.826,153.845,153.5299609749772
2025-11-10T02:00:00Z,153.835,153.904,153.802,153.894,6670.0,153.885,153.904,153.57849951164692
2025-11-10T03:00:00Z,153.895,154.029,153.89,153.938,7009.0,153.931,153.946,153.626432910094
2025-11-10T04:00:00Z,153.938,153.956,153.786,153.88,7091.0,153.872,153.888,153.6602418554148
2025-11-10T05:00:00Z,153.882,154.074,153.868,153.942,8214.0,153.936,153.948,153.69780960802615
2025-11-10T06:00:00Z,153.941,154.084,153.902,154.029,8738.0,154.02,154.038,153.741968326956
2025-11-10T07:00:00Z,154.03,154.158,153.952,154.048,10546.0,154.039,154.057,153.78277255002854
2025-11-10T08:00:00Z,154.048,154.182,153.952,154.174,14479.0,154.165,154.182,153.83493621002475
2025-11-10T09:00:00Z,154.174,154.232,154.147,154.16,9373.0,154.152,154.168,153.87827804868812
2025-11-10T10:00:00Z,154.16,154.182,154.064,154.164,6506.0,154.155,154.172,153.91637430886303
2025-11-10T11:00:00Z,154.164,154.25,154.117,154.134,6659.0,154.125,154.142,153.9453910676813
2025-11-10T12:00:00Z,154.133,154.17,154.04,154.12,6987.0,154.112,154.129,153.96867225865714
2025-11-10T13:00:00Z,154.12,154.14,153.985,154.062,9105.0,154.053,154.07,153.98111595750285
2025-11-10T14:00:00Z,154.062,154.166,154.004,154.084,12577.0,154.075,154.093,153.9948338298358
2025-11-10T15:00:00Z,154.082,154.144,154.014,154.028,13524.0,154.02,154.037,153.9992559858577
2025-11-10T16:00:00Z,154.027,154.068,153.892,153.997,12941.0,153.99,154.004,153.99895518774335
2025-11-10T17:00:00Z,153.998,154.046,153.924,153.956,9406.0,153.949,153.963,153.99322782937756
2025-11-10T18:00:00Z,153.956,154.021,153.923,153.993,5995.0,153.985,154.001,153.99319745212722
2025-11-10T19:00:00Z,153.992,154.075,153.955,154.052,5795.0,154.046,154.059,154.0010377918436
2025-11-10T20:00:00Z,154.052,154.084,153.999,154.036,6582.0,154.028,154.043,154.0056994195978
2025-11-10T21:00:00Z,154.035,154.172,154.025,154.132,2854.0,154.122,154.143,154.02253949698476
2025-11-10T22:00:00Z,154.062,154.105,154.062,154.072,3863.0,154.052,154.092,154.02913423072013
2025-11-10T23:00:00Z,154.072,154.157,154.053,154.15,2453.0,154.143,154.158,154.04524966662413
2025-11-11T00:00:00Z,154.148,154.316,154.103,154.316,9810.0,154.309,154.322,154.08134971107424
2025-11-11T01:00:00Z,154.315,154.496,154.314,154.325,9693.0,154.316,154.334,154.11383641626435
2025-11-11T02:00:00Z,154.324,154.393,154.258,154.368,5774.0,154.359,154.377,154.14772489409577
2025-11-11T03:00:00Z,154.368,154.368,154.222,154.265,5987.0,154.258,154.272,154.163361574883
2025-11-11T04:00:00Z,154.264,154.354,154.226,154.302,6014.0,154.296,154.309,154.18184669823194
2025-11-11T05:00:00Z,154.304,154.314,154.086,154.13,9298.0,154.122,154.137,154.17493380513434
2025-11-11T06:00:00Z,154.128,154.268,154.09,154.2,7520.0,154.192,154.207,154.17827596444977
2025-11-11T07:00:00Z,154.2,154.254,154.154,154.194,9529.0,154.186,154.201,154.18037250252314
2025-11-11T08:00:00Z,154.192,154.39,154.169,154.381,9187.0,154.373,154.389,154.20712283552007
2025-11-11T09:00:00Z,154.381,154.443,154.286,154.331,6385.0,154.322,154.34,154.22363979078406
2025-11-11T10:00:00Z,154.334,154.363,154.212,154.246,6633.0,154.239,154.254,154.22662115201285
2025-11-11T11:00:00Z,154.244,154.269,154.218,154.256,6520.0,154.247,154.264,154.23053833174447
2025-11-11T12:00:00Z,154.255,154.271,154.172,154.196,7078.0,154.187,154.204,154.2259332208452
2025-11-11T13:00:00Z,154.197,154.199,153.666,153.778,20129.0,153.769,153.786,154.16620879139919
2025-11-11T14:00:00Z,153.776,154.008,153.702,154.001,13223.0,153.993,154.009,154.14418095254595
2025-11-11T15:00:00Z,154.0,154.134,153.922,153.972,15686.0,153.965,153.979,154.1212234922065
2025-11-11T16:00:00Z,153.971,154.026,153.946,154.006,9973.0,153.998,154.013,154.1058603599123
2025-11-11T17:00:00Z,154.004,154.122,154.0,154.076,6479.0,154.068,154.085,154.10187897859066
2025-11-11T18:00:00Z,154.077,154.147,154.052,154.109,4792.0,154.101,154.117,154.10282844811192
2025-11-11T19:00:00Z,154.11,154.148,154.065,154.122,4765.0,154.113,154.131,154.10538465503035
2025-11-11T20:00:00Z,154.124,154.145,154.084,154.122,5249.0,154.114,154.129,154.10760003435965
2025-11-11T21:00:00Z,154.12,154.178,154.116,154.156,2499.0,154.146,154.165,154.1140533631117
2025-11-11T22:00:00Z,154.13,154.142,154.06,154.07,4879.0,154.048,154.093,154.1081795813635
2025-11-11T23:00:00Z,154.071,154.159,154.069,154.086,2489.0,154.08,154.093,154.10522230384836
2025-11-12T00:00:00Z,154.088,154.304,154.05,154.298,10050.0,154.292,154.305,154.1309259966686
2025-11-12T01:00:00Z,154.299,154.352,154.261,154.323,8368.0,154.314,154.332,154.15653586377945
2025-11-12T02:00:00Z,154.33,154.414,154.314,154.35,5444.0,154.343,154.358,154.1823310819422
2025-11-12T03:00:00Z,154.35,154.381,154.238,154.346,4297.0,154.339,154.353,154.20415360434993
2025-11-12T04:00:00Z,154.347,154.745,154.342,154.738,9105.0,154.729,154.748,154.27533312376994
2025-11-12T05:00:00Z,154.74,154.794,154.566,154.644,10653.0,154.636,154.653,154.32448870726728
2025-11-12T06:00:00Z,154.645,154.758,154.584,154.614,6303.0,154.605,154.623,154.36309021296498
2025-11-12T07:00:00Z,154.612,154.669,154.492,154.622,7976.0,154.615,154.63,154.397611517903
2025-11-12T08:00:00Z,154.622,154.776,154.618,154.76,12123.0,154.751,154.768,154.4459299821826
2025-11-12T09:00:00Z,154.759,154.91,154.704,154.846,10102.0,154.839,154.852,154.49927265122494
2025-11-12T10:00:00Z,154.846,154.9,154.758,154.866,7007.0,154.859,154.874,154.54816963106163
2025-11-12T11:00:00Z,154.866,154.89,154.806,154.806,6319.0,154.798,154.814,154.58254701358675
2025-11-12T12:00:00Z,154.808,154.836,154.706,154.808,8458.0,154.802,154.814,154.61260741177517
2025-11-12T13:00:00Z,154.807,154.994,154.764,154.944,11292.0,154.935,154.952,154.65679309020516
2025-11-12T14:00:00Z,154.943,155.047,154.86,154.87,15121.0,154.861,154.879,154.6852206781778
2025-11-12T15:00:00Z,154.872,154.926,154.732,154.74,13735.0,154.734,154.747,154.69252458775412
2025-11-12T16:00:00Z,154.742,154.775,154.646,154.648,10039.0,154.641,154.656,154.68658797605357
2025-11-12T17:00:00Z,154.649,154.65,154.498,154.598,8123.0,154.591,154.605,154.6747762459131
2025-11-12T18:00:00Z,154.598,154.689,154.584,154.688,6341.0,154.681,154.694,154.6765394131247
2025-11-12T19:00:00Z,154.688,154.731,154.61,154.718,6805.0,154.71,154.727,154.68206749137474
2025-11-12T20:00:00Z,154.719,154.77,154.694,154.761,4385.0,154.753,154.769,154.6925918258581
2025-11-12T21:00:00Z,154.762,154.87,154.762,154.815,3983.0,154.802,154.828,154.7089129157437
2025-11-12T22:00:00Z,154.773,154.809,154.717,154.72,1666.0,154.7,154.74,154.71039119364454
2025-11-12T23:00:00Z,154.719,154.757,154.693,154.71,3047.0,154.704,154.717,154.71033903449194
2025-11-13T00:00:00Z,154.706,154.96,154.696,154.944,11017.0,154.935,154.953,154.74149382989302
2025-11-13T01:00:00Z,154.944,155.02,154.706,154.736,10308.0,154.727,154.744,154.74076131924062
2025-11-13T02:00:00Z,154.731,154.794,154.626,154.662,8630.0,154.655,154.67,154.73025981000853
2025-11-13T03:00:00Z,154.66,154.764,154.626,154.738,5565.0,154.731,154.746,154.73129183534073
2025-11-13T04:00:00Z,154.739,154.857,154.644,154.822,6540.0,154.815,154.829,154.7433862572953
2025-11-13T05:00:00Z,154.822,155.001,154.813,154.954,6707.0,154.947,154.961,154.77146808965594
2025-11-13T06:00:00Z,154.954,155.009,154.864,154.892,7425.0,154.884,154.9,154.78753901103516
2025-11-13T07:00:00Z,154.894,154.952,154.702,154.718,10921.0,154.71,154.726,154.77826714289714
2025-11-13T08:00:00Z,154.718,154.776,154.514,154.522,13066.0,154.514,154.529,154.74409819051087
2025-11-13T09:00:00Z,154.521,154.588,154.323,154.53,15014.0,154.521,154.538,154.7155517651094
2025-11-13T10:00:00Z,154.53,154.678,154.484,154.657,9356.0,154.648,154.666,154.70774486309483
2025-11-13T11:00:00Z,154.657,154.766,154.641,154.74,9380.0,154.734,154.747,154.71204554801554
2025-11-13T12:00:00Z,154.74,154.754,154.592,154.609,10336.0,154.601,154.617,154.69830614161347
2025-11-13T13:00:00Z,154.61,154.74,154.54,154.65,11653.0,154.642,154.658,154.69186532273167
2025-11-13T14:00:00Z,154.65,154.678,154.388,154.398,17105.0,154.391,154.404,154.6526832797008
2025-11-13T15:00:00Z,154.398,154.541,154.128,154.202,20403.0,154.194,154.21,154.5925921757407
2025-11-13T16:00:00Z,154.202,154.436,154.161,154.399,21004.0,154.391,154.407,154.56677988564195
2025-11-13T17:00:00Z,154.398,154.476,154.239,154.318,14905.0,154.311,154.326,154.53360923422304
2025-11-13T18:00:00Z,154.318,154.442,154.272,154.424,11483.0,154.415,154.433,154.51899466965997
2025-11-13T19:00:00Z,154.424,154.486,154.353,154.472,10219.0,154.464,154.481,154.51272871370531
2025-11-13T20:00:00Z,154.473,154.542,154.46,154.542,11151.0,154.533,154.55,154.51663155187794
2025-11-13T21:00:00Z,154.543,154.588,154.482,154.536,3583.0,154.521,154.552,154.51921401162755
2025-11-13T22:00:00Z,154.499,154.578,154.481,154.537,2475.0,154.519,154.555,154.5215854767439
2025-11-13T23:00:00Z,154.538,154.688,154.527,154.635,3590.0,154.629,154.641,154.53670741317805
2025-11-14T00:00:00Z,154.636,154.744,154.566,154.606,11092.0,154.598,154.615,154.5459464247543
2025-11-14T01:00:00Z,154.607,154.688,154.441,154.508,10695.0,154.5,154.517,154.54088690145375
2025-11-14T02:00:00Z,154.508,154.578,154.44,154.448,6948.0,154.44,154.456,154.52850198125992
2025-11-14T03:00:00Z,154.448,154.575,154.31,154.54,7955.0,154.534,154.547,154.53003505042525
2025-11-14T04:00:00Z,154.54,154.576,154.421,154.422,6288.0,154.413,154.431,154.51563037703522
2025-11-14T05:00:00Z,154.424,154.505,154.368,154.484,8294.0,154.477,154.492,154.51141299343053
2025-11-14T06:00:00Z,154.484,154.662,154.436,154.601,9061.0,154.595,154.607,154.5233579276398
2025-11-14T07:00:00Z,154.602,154.684,154.456,154.68,11979.0,154.672,154.687,154.54424353728783
2025-11-14T08:00:00Z,154.68,154.736,154.456,154.558,17471.0,154.551,154.565,154.54607773231612
2025-11-14T09:00:00Z,154.558,154.704,154.558,154.696,9777.0,154.687,154.704,154.5660673680073
2025-11-14T10:00:00Z,154.696,154.764,154.665,154.748,7690.0,154.739,154.757,154.59032505227302
2025-11-14T11:00:00Z,154.746,154.75,154.631,154.656,9753.0,154.648,154.665,154.59908171196994
2025-11-14T12:00:00Z,154.657,154.662,153.806,153.81,21342.0,153.802,153.818,154.49387081704063
2025-11-14T13:00:00Z,153.81,154.144,153.617,154.089,23350.0,154.081,154.097,154.4398880414352
2025-11-14T14:00:00Z,154.088,154.348,153.982,154.346,26252.0,154.338,154.353,154.4273696359105
2025-11-14T15:00:00Z,154.346,154.497,154.236,154.429,22480.0,154.423,154.435,154.4275870177891
2025-11-14T16:00:00Z,154.428,154.667,154.353,154.642,14819.0,154.634,154.65,154.45617541541722
2025-11-14T17:00:00Z,154.644,154.744,154.616,154.643,11809.0,154.636,154.65,154.48108536002826
2025-11-14T18:00:00Z,154.642,154.664,154.558,154.583,10778.0,154.576,154.59,154.49467397869117
2025-11-14T19:00:00Z,154.582,154.586,154.526,154.559,7251.0,154.551,154.567,154.50325078153236
2025-11-14T20:00:00Z,154.56,154.572,154.502,154.534,3603.0,154.526,154.542,154.50735067732805
2025-11-14T21:00:00Z,154.534,154.602,154.506,154.524,3082.0,154.499,154.548,154.50957058701763
2025-11-16T22:00:00Z,154.575,154.603,154.514,154.534,1724.0,154.51,154.558,154.51282784208195
2025-11-16T23:00:00Z,154.538,154.639,154.448,154.595,5046.0,154.586,154.604,154.52378412980437
2025-11-17T00:00:00Z,154.595,154.66,154.419,154.637,12533.0,154.63,154.644,154.5388795791638
2025-11-17T01:00:00Z,154.638,154.656,154.512,154.578,9509.0,154.569,154.586,154.54409563527528
2025-11-17T02:00:00Z,154.577,154.712,154.574,154.694,6911.0,154.686,154.702,154.56408288390526
2025-11-17T03:00:00Z,154.694,154.788,154.69,154.716,6209.0,154.707,154.725,154.58433849938456
2025-11-17T04:00:00Z,154.718,154.732,154.61,154.631,4106.0,154.623,154.639,154.59056003279994
2025-11-17T05:00:00Z,154.63,154.719,154.592,154.69,6089.0,154.683,154.698,154.60381869509328
2025-11-17T06:00:00Z,154.69,154.814,154.64,154.68,7440.0,154.672,154.688,154.6139762024142
2025-11-17T07:00:00Z,154.682,154.795,154.646,154.694,8203.0,154.687,154.701,154.6246460420923
2025-11-17T08:00:00Z,154.694,154.832,154.628,154.715,12187.0,154.707,154.723,154.63669323648
2025-11-17T09:00:00Z,154.714,154.789,154.656,154.754,8629.0,154.746,154.763,154.65233413828267
2025-11-17T10:00:00Z,154.755,154.846,154.697,154.844,7000.0,154.838,154.85,154.67788958651164
2025-11-17T11:00:00Z,154.843,154.872,154.77,154.795,6015.0,154.788,154.802,154.69350430831008
2025-11-17T12:00:00Z,154.794,154.874,154.738,154.846,6528.0,154.839,154.854,154.71383706720206
2025-11-17T13:00:00Z,154.847,154.917,154.837,154.89,9093.0,154.882,154.898,154.7373254582418
2025-11-17T14:00:00Z,154.89,155.037,154.866,155.036,11688.0,155.027,155.045,154.77714873047623
2025-11-17T15:00:00Z,155.036,155.31,155.007,155.198,17087.0,155.19,155.205,154.8332622330794
2025-11-17T16:00:00Z,155.197,155.206,155.06,155.203,9920.0,155.196,155.21,154.88256060200217
2025-11-17T17:00:00Z,155.204,155.231,155.14,155.16,7520.0,155.152,155.169,154.91955252173523
2025-11-17T18:00:00Z,155.16,155.21,155.128,155.144,6739.0,155.135,155.152,154.94947885217053
2025-11-17T19:00:00Z,155.144,155.253,155.072,155.246,8506.0,155.239,155.254,154.98901500521447
2025-11-17T20:00:00Z,155.247,155.26,155.166,155.226,7935.0,155.218,155.234,155.02061300451922
2025-11-17T21:00:00Z,155.23,155.271,155.218,155.264,3163.0,155.251,155.278,155.05306460391665
2025-11-17T22:00:00Z,155.239,155.254,155.19,155.2,2067.0,155.183,155.218,155.0726559900611
2025-11-17T23:00:00Z,155.202,155.288,155.18,155.283,3703.0,155.275,155.291,155.10070185805296
2025-11-18T00:00:00Z,155.284,155.382,155.18,155.262,11184.0,155.254,155.27,155.12220827697922
2025-11-18T01:00:00Z,155.263,155.364,155.146,155.202,11515.0,155.193,155.21,155.132847173382
2025-11-18T02:00:00Z,155.203,155.287,155.174,155.189,8923.0,155.181,155.197,155.14033421693108
2025-11-18T03:00:00Z,155.188,155.203,155.113,155.178,9611.0,155.171,155.185,155.14535632134027
2025-11-18T04:00:00Z,155.178,155.194,154.816,155.054,16856.0,155.046,155.062,155.1331754784949
2025-11-18T05:00:00Z,155.056,155.104,154.996,155.084,10568.0,155.076,155.092,155.12661874802893
2025-11-18T06:00:00Z,155.086,155.217,154.87,155.18,14862.0,155.172,155.187,155.13373624829174
2025-11-18T07:00:00Z,155.18,155.219,154.872,154.998,21797.0,154.991,155.006,155.11563808185284
2025-11-18T08:00:00Z,154.995,155.22,154.91,155.129,18861.0,155.12,155.138,155.11741967093914
2025-11-18T09:00:00Z,155.13,155.266,155.084,155.232,12326.0,155.224,155.24,155.13269704814726
2025-11-18T10:00:00Z,155.232,155.426,155.205,155.426,9035.0,155.418,155.434,155.1718041083943
2025-11-18T11:00:00Z,155.426,155.442,155.361,155.428,8228.0,155.422,155.435,155.20596356060838
2025-11-18T12:00:00Z,155.428,155.442,155.176,155.184,14811.0,155.175,155.192,155.2030350858606
2025-11-18T13:00:00Z,155.183,155.266,155.062,155.173,19449.0,155.165,155.181,155.19903040774585
2025-11-18T14:00:00Z,155.172,155.382,155.142,155.234,20727.0,155.224,155.244,155.20369302004642
2025-11-18T15:00:00Z,155.234,155.284,155.053,155.275,26851.0,155.267,155.283,155.21320061737356
2025-11-18T16:00:00Z,155.276,155.506,155.258,155.444,20715.0,155.436,155.452,155.2439738683904
2025-11-18T17:00:00Z,155.444,155.696,155.43,155.692,13583.0,155.684,155.7,155.30371068593837
2025-11-18T18:00:00Z,155.692,155.735,155.562,155.597,13639.0,155.589,155.605,155.34281592781326
2025-11-18T19:00:00Z,155.598,155.638,155.502,155.524,10857.0,155.517,155.531,155.36697380410484
2025-11-18T20:00:00Z,155.525,155.564,155.48,155.53,9593.0,155.522,155.538,155.3887106302242
2025-11-18T21:00:00Z,155.53,155.554,155.497,155.522,4577.0,155.509,155.534,155.40648254619433
2025-11-18T22:00:00Z,155.5,155.555,155.432,155.533,2692.0,155.515,155.551,155.42335154003507
2025-11-18T23:00:00Z,155.542,155.592,155.512,155.534,2716.0,155.526,155.542,155.4381046680304
2025-11-19T00:00:00Z,155.53,155.582,155.374,155.477,12566.0,155.467,155.487,155.44329071229302
2025-11-19T01:00:00Z,155.476,155.538,155.434,155.498,12449.0,155.488,155.508,155.4505852839873
2025-11-19T02:00:00Z,155.498,155.555,155.326,155.356,9793.0,155.347,155.364,155.437973912789
2025-11-19T03:00:00Z,155.354,155.387,155.215,155.294,11269.0,155.286,155.303,155.4187773910838
2025-11-19T04:00:00Z,155.295,155.47,155.295,155.324,10191.0,155.316,155.333,155.40614040560598
2025-11-19T05:00:00Z,155.325,155.382,155.264,155.372,11400.0,155.363,155.38,155.4015883515252
2025-11-19T06:00:00Z,155.37,155.462,155.326,155.452,8999.0,155.443,155.46,155.40830990465517
2025-11-19T07:00:00Z,155.453,155.532,155.406,155.52,11308.0,155.511,155.529,155.4232019173678
2025-11-19T08:00:00Z,155.52,155.679,155.481,155.638,12445.0,155.629,155.646,155.45184166171876
2025-11-19T09:00:00Z,155.638,155.966,155.557,155.956,14832.0,155.947,155.965,155.5190627734896
2025-11-19T10:00:00Z,155.956,156.253,155.936,156.245,13030.0,156.238,156.252,155.61585440369097
2025-11-19T11:00:00Z,156.246,156.296,156.082,156.108,10798.0,156.1,156.116,155.6814738165322
2025-11-19T12:00:00Z,156.105,156.266,156.066,156.251,9755.0,156.242,156.26,155.75741064099458
2025-11-19T13:00:00Z,156.25,156.294,156.043,156.284,11826.0,156.276,156.292,155.82762255552865
2025-11-19T14:00:00Z,156.284,156.629,156.266,156.624,21043.0,156.616,156.632,155.9338062147915
2025-11-19T15:00:00Z,156.624,156.721,156.498,156.508,20587.0,156.501,156.516,156.01036538615264
2025-11-19T16:00:00Z,156.508,156.707,156.463,156.64,17326.0,156.633,156.647,156.09431666799895
2025-11-19T17:00:00Z,156.64,156.868,156.622,156.756,15884.0,156.748,156.764,156.18254111226577
2025-11-19T18:00:00Z,156.758,156.85,156.691,156.808,11612.0,156.798,156.818,156.26593563063034
2025-11-19T19:00:00Z,156.804,157.04,156.778,157.032,14336.0,157.024,157.041,156.3680775465463
2025-11-19T20:00:00Z,157.033,157.052,156.942,156.964,9738.0,156.955,156.972,156.44753387367345
2025-11-19T21:00:00Z,156.963,157.186,156.963,157.169,8937.0,157.154,157.184,156.54372935718365
2025-11-19T22:00:00Z,157.144,157.145,157.048,157.084,2016.0,157.073,157.094,156.6157654428925
2025-11-19T23:00:00Z,157.083,157.156,156.985,156.998,5338.0,156.99,157.007,156.66673005050683
2025-11-20T00:00:00Z,156.999,157.212,156.88,157.078,16338.0,157.072,157.084,156.72156604377258
2025-11-20T01:00:00Z,157.077,157.437,157.037,157.424,14183.0,157.416,157.433,156.8152239046029
2025-11-20T02:00:00Z,157.425,157.477,157.289,157.316,11629.0,157.309,157.324,156.88199405065586
2025-11-20T03:00:00Z,157.321,157.433,157.28,157.416,9682.0,157.409,157.424,156.95319484390174
2025-11-20T04:00:00Z,157.417,157.424,157.262,157.4,8208.0,157.392,157.408,157.01276886471484
2025-11-20T05:00:00Z,157.4,157.576,157.397,157.56,9282.0,157.551,157.569,157.0857330160862
2025-11-20T06:00:00Z,157.56,157.738,157.488,157.736,11244.0,157.728,157.745,157.17243528060806
2025-11-20T07:00:00Z,157.737,157.782,157.378,157.46,14285.0,157.451,157.468,157.21077724319366
2025-11-20T08:00:00Z,157.461,157.5,157.11,157.154,16191.0,157.147,157.161,157.20320694410117
2025-11-20T09:00:00Z,157.155,157.276,157.126,157.182,11952.0,157.174,157.189,157.20037935155435
2025-11-20T10:00:00Z,157.181,157.414,157.154,157.383,8289.0,157.374,157.392,157.22472877134712
2025-11-20T11:00:00Z,157.384,157.541,157.356,157.51,8599.0,157.503,157.517,157.2627649351675
2025-11-20T12:00:00Z,157.51,157.742,157.508,157.7,10703.0,157.692,157.708,157.32106294381182
2025-11-20T13:00:00Z,157.7,157.884,157.216,157.571,34766.0,157.562,157.58,157.3543878846369
2025-11-20T14:00:00Z,157.571,157.832,157.493,157.618,28344.0,157.612,157.624,157.38953616668533
2025-11-20T15:00:00Z,157.62,157.895,157.62,157.682,20148.0,157.675,157.69,157.42853134446062
2025-11-20T16:00:00Z,157.682,157.686,157.286,157.423,30234.0,157.414,157.432,157.42779383186587
2025-11-20T17:00:00Z,157.422,157.54,157.264,157.518,32341.0,157.51,157.527,157.43982132095041
2025-11-20T18:00:00Z,157.519,157.696,157.43,157.464,19209.0,157.458,157.471,157.44304514482369
2025-11-20T19:00:00Z,157.463,157.566,157.454,157.542,14515.0,157.535,157.55,157.45623912551386
2025-11-20T20:00:00Z,157.542,157.65,157.518,157.576,10407.0,157.569,157.583,157.472207242112
2025-11-20T21:00:00Z,157.576,157.593,157.45,157.466,6413.0,157.452,157.48,157.47137960983042
2025-11-20T22:00:00Z,157.506,157.534,157.43,157.469,1857.0,157.453,157.485,157.4710623285197
2025-11-20T23:00:00Z,157.464,157.476,157.192,157.392,9548.0,157.383,157.401,157.4605206847171
2025-11-21T00:00:00Z,157.392,157.543,157.222,157.318,15446.0,157.309,157.326,157.4415179267548
2025-11-21T01:00:00Z,157.319,157.497,157.206,157.488,12181.0,157.481,157.495,157.44771553652083
2025-11-21T02:00:00Z,157.489,157.492,157.3,157.35,10505.0,157.341,157.36,157.43468679831807
2025-11-21T03:00:00Z,157.351,157.431,157.298,157.302,6930.0,157.293,157.311,157.416995225209
2025-11-21T04:00:00Z,157.302,157.303,157.086,157.272,13943.0,157.263,157.28,157.39766252851447
2025-11-21T05:00:00Z,157.271,157.306,157.168,157.228,10014.0,157.218,157.237,157.37504085804588
2025-11-21T06:00:00Z,157.227,157.26,157.051,157.167,10576.0,157.16,157.174,157.3473020769731
2025-11-21T07:00:00Z,157.168,157.194,156.612,156.736,15476.0,156.728,156.743,157.26579513337668
2025-11-21T08:00:00Z,156.736,156.956,156.566,156.912,21596.0,156.904,156.921,157.21862244892645
2025-11-21T09:00:00Z,156.914,156.954,156.674,156.762,15965.0,156.753,156.77,157.15773945573628
2025-11-21T10:00:00Z,156.762,156.822,156.554,156.786,22311.0,156.778,156.793,157.10817419497144
2025-11-21T11:00:00Z,156.786,156.897,156.75,156.855,13364.0,156.847,156.863,157.0744176356419
2025-11-21T12:00:00Z,156.854,156.896,156.608,156.75,25279.0,156.744,156.756,157.03116195088967
2025-11-21T13:00:00Z,156.752,156.867,156.682,156.816,18261.0,156.807,156.825,157.00247369077104
2025-11-21T14:00:00Z,156.818,156.966,156.656,156.706,25092.0,156.692,156.721,156.9629438653349
2025-11-21T15:00:00Z,156.717,156.72,156.202,156.536,42470.0,156.528,156.544,156.9060180166236
2025-11-21T16:00:00Z,156.536,156.758,156.462,156.573,27004.0,156.566,156.58,156.86161561440713
2025-11-21T17:00:00Z,156.574,156.732,156.5,156.544,15511.0,156.537,156.551,156.81926686581951
2025-11-21T18:00:00Z,156.544,156.645,156.462,156.576,12943.0,156.568,156.584,156.78683128371026
2025-11-21T19:00:00Z,156.576,156.584,156.264,156.329,9686.0,156.323,156.335,156.7257871125489
2025-11-21T20:00:00Z,156.33,156.454,156.322,156.394,8142.0,156.385,156.402,156.6815488308757
2025-11-21T21:00:00Z,156.394,156.506,156.338,156.409,5939.0,156.359,156.459,156.64520898675895
2025-11-23T22:00:00Z,156.443,156.653,156.407,156.5,1496.0,156.474,156.525,156.62584778852442
2025-11-23T23:00:00Z,156.502,156.714,156.5,156.69,5398.0,156.68,156.7,156.63440141672118
2025-11-24T00:00:00Z,156.69,156.803,156.661,156.736,8792.0,156.728,156.745,156.6479478944917
2025-11-24T01:00:00Z,156.737,156.754,156.642,156.726,11097.0,156.719,156.734,156.65835484189282
2025-11-24T02:00:00Z,156.722,156.74,156.609,156.69,6740.0,156.683,156.698,156.6625741963071
2025-11-24T03:00:00Z,156.69,156.693,156.591,156.645,4744.0,156.636,156.654,156.66023097013283
2025-11-24T04:00:00Z,156.646,156.664,156.512,156.555,5029.0,156.546,156.564,156.64620017411514
2025-11-24T05:00:00Z,156.554,156.592,156.498,156.58,7698.0,156.573,156.588,156.63737348423314
2025-11-24T06:00:00Z,156.582,156.74,156.544,156.727,7315.0,156.718,156.736,156.64932368633538
2025-11-24T07:00:00Z,156.726,156.89,156.678,156.844,10452.0,156.837,156.851,156.67528052815734
2025-11-24T08:00:00Z,156.84,156.936,156.65,156.902,14232.0,156.894,156.91,156.7055097910697
2025-11-24T09:00:00Z,156.902,156.938,156.683,156.75,15757.0,156.741,156.759,156.71144181892706
2025-11-24T10:00:00Z,156.751,156.784,156.7,156.716,13134.0,156.709,156.723,156.71204957640344
2025-11-24T11:00:00Z,156.716,156.868,156.702,156.837,10621.0,156.828,156.846,156.72870963288298
2025-11-24T12:00:00Z,156.838,156.872,156.748,156.856,13674.0,156.847,156.864,156.7456816818319
2025-11-24T13:00:00Z,156.855,156.989,156.852,156.919,12850.0,156.911,156.927,156.768790790921
2025-11-24T14:00:00Z,156.918,157.164,156.89,157.052,19009.0,157.044,157.06,156.80655201879821
2025-11-24T15:00:00Z,157.052,157.188,156.742,156.798,20790.0,156.791,156.806,156.80541174962514
2025-11-24T16:00:00Z,156.8,156.947,156.77,156.942,10313.0,156.933,156.95,156.8236235163418
2025-11-24T17:00:00Z,156.942,156.984,156.858,156.886,10895.0,156.878,156.895,156.83194038082956
2025-11-24T18:00:00Z,156.884,156.896,156.789,156.791,7020.0,156.784,156.798,156.82648166338564
2025-11-24T19:00:00Z,156.792,156.882,156.714,156.742,7034.0,156.733,156.75,156.81521744160088
2025-11-24T20:00:00Z,156.742,156.847,156.733,156.836,6615.0,156.829,156.842,156.81798844938743
2025-11-24T21:00:00Z,156.836,156.926,156.825,156.922,3261.0,156.911,156.934,156.83185665613578
2025-11-24T22:00:00Z,156.861,156.906,156.814,156.866,1497.0,156.856,156.876,156.83640910198434
2025-11-24T23:00:00Z,156.864,156.958,156.855,156.908,2843.0,156.901,156.916,156.8459545550531
2025-11-25T00:00:00Z,156.906,156.984,156.676,156.688,10467.0,156.681,156.696,156.8248939477127
2025-11-25T01:00:00Z,156.688,156.749,156.555,156.65,11847.0,156.643,156.658,156.80157475468434
2025-11-25T02:00:00Z,156.651,156.731,156.608,156.676,7980.0,156.668,156.685,156.78483145405977
2025-11-25T03:00:00Z,156.676,156.784,156.612,156.777,6407.0,156.768,156.786,156.78378726018514
2025-11-25T04:00:00Z,156.778,156.851,156.758,156.803,5410.0,156.795,156.811,156.78634895882712
2025-11-25T05:00:00Z,156.804,156.844,156.694,156.736,4512.0,156.727,156.745,156.77963576431685
2025-11-25T06:00:00Z,156.736,156.8,156.671,156.682,6889.0,156.672,156.692,156.76661766240795
2025-11-25T07:00:00Z,156.683,156.7,156.526,156.624,10073.0,156.616,156.631,156.7476019740869
2025-11-25T08:00:00Z,156.623,156.702,156.44,156.497,13216.0,156.489,156.505,156.714188377542
2025-11-25T09:00:00Z,156.496,156.497,156.144,156.302,12214.0,156.293,156.31,156.65922992720306
2025-11-25T10:00:00Z,156.306,156.4,156.201,156.349,9764.0,156.34,156.358,156.6178659369093
2025-11-25T11:00:00Z,156.349,156.522,156.349,156.443,8238.0,156.434,156.452,156.59455047865475
2025-11-25T12:00:00Z,156.445,156.516,156.298,156.301,12044.0,156.292,156.31,156.5554104148341
2025-11-25T13:00:00Z,156.3,156.346,156.031,156.147,19936.0,156.138,156.156,156.50095569285622
2025-11-25T14:00:00Z,156.148,156.278,155.89,156.06,21820.0,156.051,156.069,156.4421616004754
2025-11-25T15:00:00Z,156.056,156.174,155.895,156.146,25422.0,156.139,156.154,156.4026733870787
2025-11-25T16:00:00Z,156.146,156.314,156.062,156.307,14022.0,156.3,156.314,156.3899169354682
2025-11-25T17:00:00Z,156.308,156.337,155.804,155.9,19236.0,155.892,155.909,156.32459467740577
2025-11-25T18:00:00Z,155.9,155.976,155.837,155.914,10695.0,155.906,155.923,156.26984872041834
2025-11-25T19:00:00Z,155.915,155.959,155.809,155.828,6175.0,155.821,155.836,156.2109355576959
2025-11-25T20:00:00Z,155.83,156.188,155.82,156.1,9124.0,156.092,156.108,156.1961441500031
2025-11-25T21:00:00Z,156.096,156.114,156.044,156.073,3280.0,156.059,156.087,156.1797249300027
2025-11-25T22:00:00Z,156.0,156.126,155.977,156.04,1855.0,156.021,156.059,156.16109493933567
2025-11-25T23:00:00Z,156.04,156.232,156.019,156.2,2543.0,156.191,156.208,156.16628228075757
2025-11-26T00:00:00Z,156.199,156.349,156.095,156.255,11096.0,156.248,156.262,156.1781113099899
2025-11-26T01:00:00Z,156.254,156.373,155.814,155.948,16429.0,155.94,155.957,156.14742980199125
2025-11-26T02:00:00Z,155.947,156.023,155.652,155.85,14754.0,155.844,155.856,156.1077724950591
2025-11-26T03:00:00Z,155.851,155.91,155.748,155.882,9498.0,155.875,155.889,156.07766949571788
2025-11-26T04:00:00Z,155.883,156.129,155.878,156.04,8653.0,156.031,156.048,156.07264689628883
2025-11-26T05:00:00Z,156.039,156.185,156.032,156.116,9661.0,156.107,156.125,156.078427310117
2025-11-26T06:00:00Z,156.117,156.288,156.048,156.21,11536.0,156.201,156.218,156.09597033543474
2025-11-26T07:00:00Z,156.21,156.464,156.15,156.387,12528.0,156.38,156.394,156.1347742907101
2025-11-26T08:00:00Z,156.386,156.495,156.32,156.446,15458.0,156.438,156.453,156.17627105194876
2025-11-26T09:00:00Z,156.446,156.504,156.336,156.456,11582.0,156.45,156.463,156.21356824502226
2025-11-26T10:00:00Z,156.455,156.514,156.326,156.478,9363.0,156.47,156.486,156.24882581235264
2025-11-26T11:00:00Z,156.478,156.577,156.376,156.476,12484.0,156.469,156.483,156.27911570403896
2025-11-26T12:00:00Z,156.476,156.59,156.444,156.48,15994.0,156.471,156.49,156.30590027683377
2025-11-26T13:00:00Z,156.48,156.688,156.331,156.664,22691.0,156.655,156.673,156.35364690658926
2025-11-26T14:00:00Z,156.664,156.738,156.501,156.611,17453.0,156.602,156.62,156.38796065237736
2025-11-26T15:00:00Z,156.612,156.642,156.415,156.416,16561.0,156.407,156.424,156.39169923206038
2025-11-26T16:00:00Z,156.416,156.468,156.288,156.385,11847.0,156.377,156.393,156.390806001119
2025-11-26T17:00:00Z,156.384,156.466,156.341,156.407,7634.0,156.398,156.416,156.3929652009698
2025-11-26T18:00:00Z,156.408,156.51,156.347,156.467,7004.0,156.458,156.476,156.40283650750717
2025-11-26T19:00:00Z,156.465,156.507,156.434,156.462,5117.0,156.455,156.47,156.41072497317288
2025-11-26T20:00:00Z,156.462,156.494,156.409,156.454,5635.0,156.445,156.462,156.41649497674982
2025-11-26T21:00:00Z,156.452,156.49,156.409,156.47,3042.0,156.456,156.483,156.42362897984984
2025-11-26T22:00:00Z,156.481,156.49,156.403,156.424,3193.0,156.401,156.447,156.4236784492032
2025-11-26T23:00:00Z,156.418,156.424,156.22,156.22,3122.0,156.213,156.228,156.3965213226428
2025-11-27T00:00:00Z,156.221,156.236,155.858,156.04,9221.0,156.031,156.05,156.34898514629043
2025-11-27T01:00:00Z,156.04,156.18,155.72,156.054,13936.0,156.046,156.061,156.3096537934517
2025-11-27T02:00:00Z,156.051,156.186,155.931,156.122,8317.0,156.114,156.13,156.28463328765815
2025-11-27T03:00:00Z,156.122,156.156,156.034,156.081,4952.0,156.073,156.089,156.25748218263706
2025-11-27T04:00:00Z,156.081,156.104,155.942,156.006,5278.0,155.999,156.014,156.22395122495212
2025-11-27T05:00:00Z,156.006,156.013,155.814,155.994,8816.0,155.985,156.003,156.19329106162516
2025-11-27T06:00:00Z,155.994,156.209,155.916,156.138,7606.0,156.131,156.145,156.18591892007515
2025-11-27T07:00:00Z,156.138,156.302,156.108,156.11,6280.0,156.102,156.119,156.17579639739847
2025-11-27T08:00:00Z,156.11,156.364,156.08,156.322,8651.0,156.314,156.33,156.19529021107869
2025-11-27T09:00:00Z,156.322,156.404,156.312,156.358,8007.0,156.349,156.367,156.21698484960154
2025-11-27T10:00:00Z,156.358,156.361,156.256,156.284,5603.0,156.276,156.293,156.22592020298802
2025-11-27T11:00:00Z,156.285,156.353,156.251,156.312,5273.0,156.306,156.319,156.23739750925628
2025-11-27T12:00:00Z,156.314,156.391,156.268,156.377,5271.0,156.369,156.385,156.25601117468878
2025-11-27T13:00:00Z,156.378,156.384,156.247,156.268,5734.0,156.26,156.277,156.25760968473028
2025-11-27T14:00:00Z,156.27,156.363,156.234,156.329,5394.0,156.32,156.338,156.26712839343293
2025-11-27T15:00:00Z,156.331,156.344,156.254,156.308,5103.0,156.301,156.316,156.2725779409752
2025-11-27T16:00:00Z,156.309,156.36,156.26,156.28,3159.0,156.273,156.288,156.27356754884516
2025-11-27T17:00:00Z,156.28,156.37,156.274,156.332,1585.0,156.323,156.34,156.28135854233247
2025-11-27T18:00:00Z,156.331,156.369,156.326,156.363,624.0,156.357,156.369,156.29224407002147
2025-11-27T19:00:00Z,156.364,156.365,156.326,156.338,965.0,156.329,156.347,156.29834486068526
2025-11-27T20:00:00Z,156.34,156.342,156.266,156.315,1537.0,156.305,156.325,156.30056554592724
2025-11-27T21:00:00Z,156.316,156.316,156.264,156.303,1137.0,156.29,156.316,156.3008901398036
2025-11-27T22:00:00Z,156.29,156.328,156.278,156.281,974.0,156.259,156.303,156.29823812116314
2025-11-27T23:00:00Z,156.282,156.315,156.199,156.289,2701.0,156.28,156.298,156.2970063716747
2025-11-28T00:00:00Z,156.29,156.583,156.174,156.446,12588.0,156.438,156.454,156.31687218878474
2025-11-28T01:00:00Z,156.446,156.46,156.324,156.377,9404.0,156.369,156.385,156.32488923028012
2025-11-28T02:00:00Z,156.376,156.382,156.1,156.28,20863.0,156.263,156.298,156.31890399957612
2025-11-28T03:00:00Z,156.28,156.314,156.148,156.271,38305.0,156.262,156.28,156.31251679963265
2025-11-28T04:00:00Z,156.272,156.292,156.194,156.228,32413.0,156.218,156.238,156.30124789301496
2025-11-28T05:00:00Z,156.227,156.414,156.222,156.35,43159.0,156.34,156.36,156.3077481739463
2025-11-28T06:00:00Z,156.35,156.44,156.34,156.38,35447.0,156.365,156.396,156.31738175075347
2025-11-28T07:00:00Z,156.38,156.407,156.291,156.302,28470.0,156.293,156.312,156.315330850653
2025-11-28T08:00:00Z,156.302,156.386,156.288,156.358,34807.0,156.347,156.368,156.32102007056594
2025-11-28T09:00:00Z,156.358,156.388,156.224,156.325,35928.0,156.314,156.336,156.32155072782382
2025-11-28T10:00:00Z,156.323,156.388,156.266,156.272,23978.0,156.262,156.283,156.31494396411398
2025-11-28T11:00:00Z,156.273,156.31,156.142,156.21,15928.0,156.198,156.222,156.30095143556545
2025-11-28T12:00:00Z,156.208,156.262,156.09,156.116,21127.0,156.107,156.126,156.27629124415674
2025-11-28T13:00:00Z,156.117,156.158,156.004,156.02,18742.0,156.012,156.027,156.24211907826918
2025-11-28T14:00:00Z,156.018,156.394,155.984,156.248,17155.0,156.241,156.255,156.24290320116663
2025-11-28T15:00:00Z,156.247,156.344,156.001,156.034,21185.0,156.026,156.043,156.21504944101108
2025-11-28T16:00:00Z,156.034,156.203,155.997,156.176,14387.0,156.168,156.185,156.20984284887626
2025-11-28T17:00:00Z,156.178,156.27,156.133,156.211,8351.0,156.204,156.218,156.20999713569276
2025-11-28T18:00:00Z,156.214,156.245,156.084,156.138,8008.0,156.131,156.145,156.2003975176004
2025-11-28T19:00:00Z,156.138,156.172,156.072,156.121,6071.0,156.114,156.128,156.18981118192036
2025-11-28T20:00:00Z,156.12,156.156,156.068,156.152,6030.0,156.143,156.161,156.18476969099765
2025-11-28T21:00:00Z,156.152,156.202,156.115,156.191,5572.0,156.159,156.223,156.18560039886464
2025-11-30T22:00:00Z,156.12,156.146,156.074,156.121,2331.0,156.097,156.145,156.17698701234934
2025-11-30T23:00:00Z,156.112,156.153,155.906,155.907,7195.0,155.901,155.913,156.1409887440361
2025-12-01T00:00:00Z,155.908,155.912,155.674,155.81,15493.0,155.8,155.82,156.09685691149795
2025-12-01T01:00:00Z,155.81,155.998,155.488,155.644,24115.0,155.636,155.652,156.03647598996488
2025-12-01T02:00:00Z,155.644,155.656,155.43,155.502,11070.0,155.493,155.511,155.96521252463623
2025-12-01T03:00:00Z,155.502,155.6,155.414,155.462,6367.0,155.455,155.47,155.8981175213514
2025-12-01T04:00:00Z,155.463,155.608,155.396,155.553,6954.0,155.545,155.561,155.8521018518379
2025-12-01T05:00:00Z,155.552,155.626,155.411,155.598,9608.0,155.59,155.605,155.81822160492618
2025-12-01T06:00:00Z,155.599,155.695,155.56,155.566,9345.0,155.557,155.574,155.7845920576027
2025-12-01T07:00:00Z,155.566,155.63,155.307,155.364,13221.0,155.355,155.372,155.72851311658903
2025-12-01T08:00:00Z,155.364,155.564,155.26,155.488,17326.0,155.479,155.497,155.69644470104382
2025-12-01T09:00:00Z,155.488,155.532,155.262,155.288,13951.0,155.28,155.297,155.64198540757133
2025-12-01T10:00:00Z,155.286,155.309,155.162,155.257,11462.0,155.249,155.265,155.59065401989517
2025-12-01T11:00:00Z,155.258,155.344,155.104,155.109,11652.0,155.101,155.117,155.52643348390916
2025-12-01T12:00:00Z,155.108,155.153,154.764,154.79,14476.0,154.783,154.797,155.42824235272127
2025-12-01T13:00:00Z,154.79,154.9,154.663,154.844,18858.0,154.835,154.853,155.35034337235845
2025-12-01T14:00:00Z,154.844,155.068,154.838,154.998,19332.0,154.986,155.011,155.303364256044
2025-12-01T15:00:00Z,154.995,155.199,154.872,155.098,20517.0,155.089,155.106,155.27598235523814
2025-12-01T16:00:00Z,155.099,155.317,155.098,155.29,15102.0,155.281,155.298,155.27785137453972
2025-12-01T17:00:00Z,155.289,155.386,155.262,155.352,8680.0,155.345,155.359,155.28773785793442
2025-12-01T18:00:00Z,155.35,155.502,155.342,155.496,6724.0,155.488,155.504,155.31550614354316
2025-12-01T19:00:00Z,155.496,155.524,155.452,155.482,7046.0,155.473,155.49,155.33770532440408
2025-12-01T20:00:00Z,155.484,155.52,155.437,155.448,4630.0,155.44,155.455,155.3524112811502
2025-12-01T21:00:00Z,155.446,155.514,155.44,155.484,2764.0,155.471,155.496,155.3699564436635
2025-12-01T22:00:00Z,155.474,155.484,155.429,155.448,1175.0,155.436,155.459,155.38036225117506
2025-12-01T23:00:00Z,155.449,155.575,155.436,155.564,2159.0,155.555,155.572,155.40484728435172
2025-12-02T00:00:00Z,155.563,155.681,155.46,155.639,10070.0,155.631,155.647,155.43606764643818
2025-12-02T01:00:00Z,155.638,155.776,155.592,155.632,9618.0,155.624,155.641,155.46219196024643
2025-12-02T02:00:00Z,155.633,155.709,155.59,155.664,5113.0,155.657,155.672,155.48909969888024
2025-12-02T03:00:00Z,155.663,155.724,155.559,155.63,6470.0,155.622,155.639,155.5078864056962
2025-12-02T04:00:00Z,155.632,155.666,155.552,155.642,5439.0,155.634,155.65,155.52576821827006
2025-12-02T05:00:00Z,155.644,155.734,155.632,155.654,8041.0,155.647,155.662,155.5428657891674
2025-12-02T06:00:00Z,155.655,155.82,155.638,155.762,8715.0,155.754,155.77,155.57208368394507
2025-12-02T07:00:00Z,155.762,155.838,155.716,155.768,9153.0,155.76,155.776,155.59820585941907
2025-12-02T08:00:00Z,155.768,156.008,155.766,155.997,11269.0,155.988,156.006,155.65137841149652
2025-12-02T09:00:00Z,155.998,156.086,155.932,155.962,10981.0,155.953,155.972,155.692794623297
2025-12-02T10:00:00Z,155.964,156.071,155.93,156.036,8456.0,156.028,156.045,155.73855534019074
2025-12-02T11:00:00Z,156.037,156.052,155.894,155.928,7771.0,155.921,155.936,155.7638146281653
2025-12-02T12:00:00Z,155.926,156.032,155.91,156.011,9326.0,156.004,156.018,155.79677267774326
2025-12-02T13:00:00Z,156.01,156.078,155.968,155.975,10366.0,155.968,155.982,155.82053632071083
2025-12-02T14:00:00Z,155.976,156.088,155.932,155.952,14664.0,155.945,155.958,155.83806481128272
2025-12-02T15:00:00Z,155.952,156.181,155.82,155.873,19272.0,155.866,155.88,155.84272283644503
2025-12-02T16:00:00Z,155.872,155.988,155.753,155.922,16268.0,155.915,155.929,155.85329312491905
2025-12-02T17:00:00Z,155.922,156.087,155.918,155.946,11304.0,155.939,155.954,155.8656540415965
2025-12-02T18:00:00Z,155.947,156.02,155.912,155.995,9986.0,155.987,156.003,155.88290016938365
2025-12-02T19:00:00Z,155.994,155.998,155.846,155.896,9018.0,155.888,155.904,155.88464681346582
2025-12-02T20:00:00Z,155.896,155.9,155.808,155.834,9439.0,155.827,155.842,155.87789390500373
2025-12-02T21:00:00Z,155.834,155.908,155.83,155.884,4314.0,155.863,155.904,155.87870805100323
2025-12-02T22:00:00Z,155.875,155.9,155.833,155.879,1104.0,155.845,155.913,155.87874697753614
2025-12-02T23:00:00Z,155.874,155.906,155.764,155.766,2529.0,155.758,155.773,155.863714047198
2025-12-03T00:00:00Z,155.765,155.815,155.661,155.781,8581.0,155.775,155.787,155.8526855075716
2025-12-03T01:00:00Z,155.782,155.794,155.606,155.658,7612.0,155.649,155.668,155.8267274398954
2025-12-03T02:00:00Z,155.658,155.808,155.652,155.713,4567.0,155.705,155.721,155.81156378124268
2025-12-03T03:00:00Z,155.712,155.732,155.63,155.658,4644.0,155.648,155.667,155.79108861041033
2025-12-03T04:00:00Z,155.657,155.75,155.656,155.664,5331.0,155.655,155.672,155.77414346235562
2025-12-03T05:00:00Z,155.664,155.706,155.63,155.694,5678.0,155.688,155.7,155.76345766737487
2025-12-03T06:00:00Z,155.694,155.694,155.512,155.612,8343.0,155.606,155.619,155.7432633117249
2025-12-03T07:00:00Z,155.61,155.711,155.515,155.688,9480.0,155.68,155.695,155.73589487016156
2025-12-03T08:00:00Z,155.688,155.757,155.664,155.678,11068.0,155.671,155.686,155.72817555414002
2025-12-03T09:00:00Z,155.678,155.683,155.53,155.622,9935.0,155.613,155.631,155.714018813588
2025-12-03T10:00:00Z,155.62,155.644,155.504,155.528,9569.0,155.52,155.536,155.68921630510962
2025-12-03T11:00:00Z,155.528,155.529,155.414,155.418,7375.0,155.411,155.425,155.65305413109502
2025-12-03T12:00:00Z,155.418,155.434,155.362,155.416,8686.0,155.409,155.423,155.6214469136157
2025-12-03T13:00:00Z,155.417,155.528,155.22,155.49,17396.0,155.481,155.499,155.60392065846693
2025-12-03T14:00:00Z,155.492,155.524,155.28,155.368,22837.0,155.349,155.387,155.57246457067134
2025-12-03T15:00:00Z,155.37,155.611,155.212,155.22,28335.0,155.211,155.228,155.52546929458182
2025-12-03T16:00:00Z,155.219,155.251,155.01,155.17,15729.0,155.162,155.178,155.4780733886376
2025-12-03T17:00:00Z,155.17,155.217,155.09,155.128,10488.0,155.122,155.135,155.43139693681925
2025-12-03T18:00:00Z,155.128,155.178,155.073,155.126,8925.0,155.118,155.133,155.39067734524335
2025-12-03T19:00:00Z,155.124,155.169,155.081,155.151,6483.0,155.143,155.159,155.3587203658776
2025-12-03T20:00:00Z,155.152,155.252,155.126,155.24,4904.0,155.231,155.248,155.34289098376058
2025-12-03T21:00:00Z,155.24,155.32,155.21,155.229,3623.0,155.217,155.241,155.32770551925918
2025-12-03T22:00:00Z,155.268,155.268,155.16,155.228,1765.0,155.178,155.278,155.31441145002464
2025-12-03T23:00:00Z,155.207,155.241,155.088,155.115,2479.0,155.106,155.124,155.28782325668803
2025-12-04T00:00:00Z,155.116,155.251,155.022,155.12,10791.0,155.111,155.13,155.26544682246296
2025-12-04T01:00:00Z,155.12,155.416,155.098,155.262,11386.0,155.254,155.27,155.26498724613458
2025-12-04T02:00:00Z,155.262,155.432,155.254,155.414,8556.0,155.405,155.423,155.28485561331664
2025-12-04T03:00:00Z,155.414,155.542,155.384,155.392,7186.0,155.382,155.401,155.2991415315411
2025-12-04T04:00:00Z,155.392,155.47,155.324,155.464,6160.0,155.455,155.473,155.32112266066895
2025-12-04T05:00:00Z,155.466,155.506,155.186,155.224,13157.0,155.215,155.232,155.30817297257977
2025-12-04T06:00:00Z,155.224,155.452,155.213,155.298,10012.0,155.289,155.306,155.3068165762358
2025-12-04T07:00:00Z,155.296,155.354,155.208,155.244,11449.0,155.235,155.252,155.2984410327377
2025-12-04T08:00:00Z,155.245,155.252,154.775,154.99,19192.0,154.982,154.998,155.25731556170604
2025-12-04T09:00:00Z,154.99,155.058,154.798,154.815,12542.0,154.809,154.821,155.19834015347857
2025-12-04T10:00:00Z,154.814,154.895,154.74,154.752,10789.0,154.743,154.76,155.13882813301475
2025-12-04T11:00:00Z,154.752,154.794,154.524,154.53,12494.0,154.522,154.539,155.0576510486128
2025-12-04T12:00:00Z,154.53,154.782,154.509,154.672,13455.0,154.664,154.68,155.00623090879776
2025-12-04T13:00:00Z,154.67,155.062,154.663,154.804,20444.0,154.796,154.813,154.97926678762474
2025-12-04T14:00:00Z,154.804,154.856,154.56,154.763,22952.0,154.756,154.77,154.95043121594145
2025-12-04T15:00:00Z,154.766,154.898,154.556,154.634,17542.0,154.625,154.642,154.90824038714925
2025-12-04T16:00:00Z,154.633,154.919,154.632,154.908,14494.0,154.902,154.914,154.90820833552937
2025-12-04T17:00:00Z,154.908,154.968,154.888,154.938,10091.0,154.93,154.947,154.91218055745878
2025-12-04T18:00:00Z,154.94,154.995,154.897,154.987,9912.0,154.979,154.995,154.92215648313095
2025-12-04T19:00:00Z,154.988,155.042,154.956,155.018,9909.0,155.011,155.024,154.9349356187135
2025-12-04T20:00:00Z,155.017,155.134,154.996,155.105,13164.0,155.096,155.114,154.9576108695517
2025-12-04T21:00:00Z,155.106,155.146,155.078,155.12,4441.0,155.11,155.13,154.97926275361147
2025-12-04T22:00:00Z,155.079,155.09,155.024,155.062,1362.0,155.042,155.081,154.9902943864633
2025-12-04T23:00:00Z,155.063,155.166,155.058,155.134,3077.0,155.125,155.144,155.00945513493485
2025-12-05T00:00:00Z,155.134,155.231,154.952,154.971,9823.0,154.964,154.978,155.00432778361022
2025-12-05T01:00:00Z,154.972,155.1,154.916,155.018,9061.0,155.009,155.027,155.00615074579554
2025-12-05T02:00:00Z,155.016,155.104,155.005,155.054,5695.0,155.044,155.063,155.01253064635614
2025-12-05T03:00:00Z,155.054,155.159,155.04,155.122,4988.0,155.115,155.13,155.02712656017533
2025-12-05T04:00:00Z,155.122,155.127,154.802,154.92,10676.0,154.912,154.929,155.01284301881861
2025-12-05T05:00:00Z,154.922,154.922,154.545,154.601,10972.0,154.593,154.609,154.95793061630948
2025-12-05T06:00:00Z,154.598,154.701,154.46,154.573,12040.0,154.567,154.579,154.90660653413488
2025-12-05T07:00:00Z,154.572,154.652,154.343,154.63,16340.0,154.622,154.638,154.8697256629169
2025-12-05T08:00:00Z,154.63,154.896,154.607,154.86,15403.0,154.853,154.868,154.8684289078613
2025-12-05T09:00:00Z,154.859,154.966,154.834,154.916,8585.0,154.906,154.925,154.87477172014647
2025-12-05T10:00:00Z,154.917,155.176,154.891,155.138,9776.0,155.128,155.147,154.90986882412696
2025-12-05T11:00:00Z,155.137,155.226,155.117,155.148,7566.0,155.139,155.157,154.94161964757672
2025-12-05T12:00:00Z,155.148,155.265,155.084,155.172,10878.0,155.163,155.18,154.9723370278998
2025-12-05T13:00:00Z,155.173,155.262,155.106,155.198,13206.0,155.19,155.207,155.00242542417985
2025-12-05T14:00:00Z,155.198,155.285,155.115,155.226,13504.0,155.213,155.238,155.03223536762255
2025-12-05T15:00:00Z,155.225,155.358,155.117,155.254,18335.0,155.247,155.261,155.0618039852729
2025-12-05T16:00:00Z,155.253,155.494,155.209,155.3,15460.0,155.292,155.307,155.0935634539032
2025-12-05T17:00:00Z,155.3,155.346,155.258,155.286,7760.0,155.279,155.294,155.11922166004942
2025-12-05T18:00:00Z,155.287,155.322,155.242,155.284,5602.0,155.276,155.292,155.14119210537618
2025-12-05T19:00:00Z,155.282,155.324,155.262,155.291,5270.0,155.284,155.298,155.16116649132601
2025-12-05T20:00:00Z,155.292,155.326,155.272,155.303,3766.0,155.295,155.311,155.18007762581587
2025-12-05T21:00:00Z,155.304,155.381,155.292,155.34,2887.0,155.29,155.389,155.20140060904043
2025-12-07T22:00:00Z,155.219,155.256,155.179,155.239,798.0,155.219,155.259,155.2064138611684
2025-12-07T23:00:00Z,155.236,155.386,155.226,155.313,6032.0,155.305,155.321,155.22062534634594
2025-12-08T00:00:00Z,155.312,155.328,155.062,155.072,11434.0,155.062,155.082,155.20080863349983
2025-12-08T01:00:00Z,155.074,155.153,154.914,154.921,11333.0,154.913,154.929,155.16350081569985
2025-12-08T02:00:00Z,154.916,155.071,154.9,155.007,8842.0,155.0,155.014,155.1426340402732
2025-12-08T03:00:00Z,155.004,155.116,154.976,155.106,6383.0,155.098,155.113,155.1377495015701
2025-12-08T04:00:00Z,155.106,155.124,155.058,155.077,7132.0,155.069,155.085,155.12964956802745
2025-12-08T05:00:00Z,155.075,155.268,155.071,155.202,8372.0,155.193,155.21,155.13929629229045
2025-12-08T06:00:00Z,155.203,155.291,155.104,155.23,9985.0,155.222,155.237,155.15139011998505
2025-12-08T07:00:00Z,155.229,155.357,155.168,155.356,9073.0,155.348,155.364,155.1786714373204
2025-12-08T08:00:00Z,155.356,155.464,155.262,155.394,11294.0,155.386,155.402,155.20738191234435
2025-12-08T09:00:00Z,155.396,155.546,155.396,155.477,9748.0,155.468,155.486,155.24333099069844
2025-12-08T10:00:00Z,155.476,155.534,155.411,155.513,7904.0,155.504,155.522,155.27928685860533
2025-12-08T11:00:00Z,155.514,155.59,155.476,155.587,7704.0,155.578,155.596,155.32031527745795
2025-12-08T12:00:00Z,155.586,155.66,155.544,155.56,8729.0,155.552,155.568,155.35227324046357
2025-12-08T13:00:00Z,155.56,155.662,155.476,155.628,13776.0,155.619,155.638,155.38903680840176
2025-12-08T14:00:00Z,155.627,155.88,155.391,155.826,20623.0,155.82,155.833,155.44729856728154
2025-12-08T15:00:00Z,155.828,155.986,155.756,155.858,16359.0,155.852,155.864,155.50205875831068
2025-12-08T16:00:00Z,155.856,155.959,155.828,155.9,12104.0,155.891,155.908,155.55511759053593
2025-12-08T17:00:00Z,155.898,155.926,155.727,155.752,8958.0,155.742,155.761,155.58136857846446
2025-12-08T18:00:00Z,155.75,155.786,155.706,155.752,5830.0,155.744,155.761,155.6041194346692
2025-12-08T19:00:00Z,155.753,155.917,155.738,155.912,7952.0,155.904,155.919,155.64517017671332
2025-12-08T20:00:00Z,155.911,155.937,155.851,155.932,6044.0,155.925,155.94,155.68341415315155
2025-12-08T21:00:00Z,155.934,155.962,155.91,155.928,3672.0,155.914,155.941,155.71602559939802
2025-12-08T22:00:00Z,155.875,155.942,155.863,155.917,971.0,155.899,155.935,155.74282218614496
2025-12-08T23:00:00Z,155.918,155.98,155.839,155.845,2635.0,155.836,155.854,155.75644589465898
2025-12-09T00:00:00Z,155.846,156.024,155.769,156.012,8722.0,156.005,156.02,155.7905197753711
2025-12-09T01:00:00Z,156.014,156.039,155.769,155.8,9895.0,155.792,155.807,155.79178380532164
2025-12-09T02:00:00Z,155.8,155.908,155.744,155.87,6445.0,155.862,155.877,155.80221263127876
2025-12-09T03:00:00Z,155.868,155.893,155.802,155.826,4846.0,155.817,155.834,155.8053842804416
2025-12-09T04:00:00Z,155.826,155.988,155.812,155.936,5856.0,155.928,155.945,155.82279970971604
2025-12-09T05:00:00Z,155.936,156.116,155.861,156.012,10160.0,156.003,156.02,155.84802641508725
2025-12-09T06:00:00Z,156.012,156.128,155.96,156.008,9798.0,156.001,156.016,155.86935622640894
2025-12-09T07:00:00Z,156.01,156.2,155.984,156.194,10163.0,156.187,156.202,155.91264206288776
2025-12-09T08:00:00Z,156.195,156.434,156.184,156.335,12759.0,156.327,156.343,155.96895645450272
2025-12-09T09:00:00Z,156.336,156.341,155.978,156.086,15259.0,156.078,156.095,155.98456226056902
2025-12-09T10:00:00Z,156.088,156.204,156.045,156.076,12749.0,156.068,156.084,155.99675395915983
2025-12-09T11:00:00Z,156.075,156.198,156.07,156.189,10274.0,156.181,156.197,156.0223867646052
2025-12-09T12:00:00Z,156.189,156.357,156.187,156.356,10827.0,156.347,156.365,156.0668685293245
2025-12-09T13:00:00Z,156.356,156.516,156.285,156.342,14624.0,156.333,156.352,156.10355272541457
2025-12-09T14:00:00Z,156.342,156.535,156.312,156.416,17290.0,156.403,156.428,156.14521236202597
2025-12-09T15:00:00Z,156.415,156.916,156.413,156.868,22339.0,156.861,156.874,156.2415840470892
2025-12-09T16:00:00Z,156.868,156.92,156.81,156.86,11657.0,156.852,156.868,156.3240395074773
2025-12-09T17:00:00Z,156.859,156.926,156.832,156.918,9670.0,156.91,156.927,156.40323423981366
2025-12-09T18:00:00Z,156.919,156.928,156.88,156.897,5795.0,156.891,156.903,156.46906967450516
2025-12-09T19:00:00Z,156.896,156.956,156.812,156.836,7444.0,156.828,156.843,156.5179937179045
2025-12-09T20:00:00Z,156.836,156.924,156.822,156.904,5290.0,156.896,156.913,156.5694612221839
2025-12-09T21:00:00Z,156.906,156.942,156.887,156.894,3401.0,156.879,156.908,156.61273305922603
2025-12-09T22:00:00Z,156.838,156.932,156.822,156.842,1746.0,156.826,156.859,156.64330198466257
2025-12-09T23:00:00Z,156.845,156.914,156.802,156.806,2501.0,156.796,156.815,156.66499505337424
2025-12-10T00:00:00Z,156.804,156.94,156.704,156.715,9651.0,156.706,156.724,156.67166237959103
2025-12-10T01:00:00Z,156.716,156.772,156.67,156.71,9002.0,156.704,156.717,156.67677406231223
2025-12-10T02:00:00Z,156.712,156.728,156.633,156.656,5281.0,156.647,156.666,156.6740041873373
2025-12-10T03:00:00Z,156.657,156.684,156.56,156.592,5364.0,156.583,156.6,156.66307029569234
2025-12-10T04:00:00Z,156.591,156.663,156.582,156.628,3697.0,156.619,156.637,156.6583942562667
2025-12-10T05:00:00Z,156.632,156.722,156.597,156.708,5531.0,156.7,156.715,156.66500835543113
2025-12-10T06:00:00Z,156.707,156.766,156.661,156.674,5844.0,156.665,156.682,156.66620724137366
2025-12-10T07:00:00Z,156.674,156.755,156.638,156.652,8434.0,156.644,156.661,156.66431294252385
2025-12-10T08:00:00Z,156.653,156.71,156.581,156.676,11097.0,156.668,156.685,156.66587121685401
2025-12-10T09:00:00Z,156.678,156.89,156.677,156.819,8908.0,156.811,156.827,156.68628838794015
2025-12-10T10:00:00Z,156.82,156.86,156.738,156.77,8746.0,156.762,156.777,156.6974499362148
2025-12-10T11:00:00Z,156.769,156.777,156.688,156.711,7433.0,156.702,156.72,156.69925661138618
2025-12-10T12:00:00Z,156.71,156.76,156.673,156.717,6423.0,156.709,156.725,156.7016223965347
2025-12-10T13:00:00Z,156.716,156.718,156.55,156.551,10997.0,156.545,156.557,156.6815394103301
2025-12-10T14:00:00Z,156.55,156.63,156.44,156.5,12902.0,156.492,156.508,156.65733415561942
2025-12-10T15:00:00Z,156.498,156.535,156.353,156.48,12910.0,156.472,156.488,156.63368960153684
2025-12-10T16:00:00Z,156.482,156.492,156.326,156.339,9937.0,156.331,156.347,156.59439765466527
2025-12-10T17:00:00Z,156.337,156.398,156.248,156.308,7504.0,156.301,156.314,156.55621130070992
2025-12-10T18:00:00Z,156.309,156.478,156.298,156.424,6820.0,156.403,156.444,156.53858312728192
2025-12-10T19:00:00Z,156.424,156.684,156.104,156.263,42850.0,156.254,156.272,156.501838710311
2025-12-10T20:00:00Z,156.262,156.312,155.795,155.935,21818.0,155.926,155.944,156.42626021560287
2025-12-10T21:00:00Z,155.933,156.102,155.93,156.023,5765.0,155.996,156.05,156.37249218685582
2025-12-10T22:00:00Z,155.959,156.038,155.94,156.027,3749.0,156.007,156.047,156.32642656194173
2025-12-10T23:00:00Z,156.026,156.032,155.632,155.752,4532.0,155.743,155.761,156.24983635368284
2025-12-11T00:00:00Z,155.752,155.888,155.57,155.806,12250.0,155.798,155.815,156.1906581731918
2025-12-11T01:00:00Z,155.805,155.825,155.57,155.719,10752.0,155.711,155.727,156.12777041676623
2025-12-11T02:00:00Z,155.718,155.778,155.487,155.776,10580.0,155.767,155.784,156.08086769453072
2025-12-11T03:00:00Z,155.776,155.79,155.636,155.698,9630.0,155.69,155.706,156.0298186685933
2025-12-11T04:00:00Z,155.701,155.86,155.618,155.847,6811.0,155.838,155.856,156.0054428461142
2025-12-11T05:00:00Z,155.846,156.073,155.838,156.066,7613.0,156.057,156.076,156.01351713329896
2025-12-11T06:00:00Z,156.067,156.164,155.943,155.966,9112.0,155.957,155.974,156.00718151552576
2025-12-11T07:00:00Z,155.966,156.056,155.869,156.032,10347.0,156.024,156.04,156.010490646789
2025-12-11T08:00:00Z,156.034,156.07,155.784,155.886,14040.0,155.877,155.895,155.9938918938838
2025-12-11T09:00:00Z,155.885,156.034,155.848,155.866,12023.0,155.858,155.875,155.97683964136598
2025-12-11T10:00:00Z,155.866,155.951,155.802,155.868,10506.0,155.859,155.876,155.96232768918387
2025-12-11T11:00:00Z,155.868,155.884,155.758,155.764,9963.0,155.756,155.773,155.93588399729268
2025-12-11T12:00:00Z,155.763,155.819,155.52,155.588,11430.0,155.579,155.597,155.88949946432032
2025-12-11T13:00:00Z,155.588,155.626,155.23,155.286,20634.0,155.279,155.294,155.8090328690776
2025-12-11T14:00:00Z,155.287,155.298,154.945,154.982,17264.0,154.974,154.991,155.69876181986726
2025-12-11T15:00:00Z,154.982,155.179,154.955,155.17,18827.0,155.162,155.179,155.62826024388497
2025-12-11T16:00:00Z,155.17,155.291,155.111,155.154,15178.0,155.147,155.16,155.56502554470032
2025-12-11T17:00:00Z,155.154,155.294,155.073,155.242,11919.0,155.234,155.249,155.5219554720736
2025-12-11T18:00:00Z,155.242,155.415,155.214,155.362,8996.0,155.355,155.369,155.50062807579712
2025-12-11T19:00:00Z,155.362,155.602,155.362,155.596,9084.0,155.587,155.604,155.51334433235752
2025-12-11T20:00:00Z,155.595,155.674,155.507,155.594,11500.0,155.586,155.602,155.52409842137652
2025-12-11T21:00:00Z,155.595,155.626,155.552,155.572,5224.0,155.563,155.582,155.53048529852632
2025-12-11T22:00:00Z,155.582,155.587,155.524,155.54,1733.0,155.523,155.556,155.53175392538947
2025-12-11T23:00:00Z,155.536,155.621,155.448,155.506,4505.0,155.497,155.514,155.52832006867087
2025-12-12T00:00:00Z,155.507,155.73,155.46,155.695,14127.0,155.688,155.702,155.55054405951475
2025-12-12T01:00:00Z,155.695,155.771,155.548,155.668,10327.0,155.66,155.675,155.56620485157944
2025-12-12T02:00:00Z,155.668,155.748,155.654,155.678,6934.0,155.668,155.687,155.58111087136885
2025-12-12T03:00:00Z,155.677,155.728,155.632,155.713,5103.0,155.705,155.721,155.59869608851966
2025-12-12T04:00:00Z,155.712,155.766,155.688,155.746,6090.0,155.738,155.754,155.6183366100504
2025-12-12T05:00:00Z,155.746,155.773,155.674,155.743,5145.0,155.734,155.752,155.634958395377
2025-12-12T06:00:00Z,155.744,155.827,155.651,155.653,7834.0,155.644,155.662,155.63736394266007
2025-12-12T07:00:00Z,155.654,155.729,155.542,155.651,9161.0,155.642,155.66,155.63918208363873
2025-12-12T08:00:00Z,155.652,155.845,155.62,155.838,11944.0,155.83,155.847,155.66569113915358
2025-12-12T09:00:00Z,155.84,155.911,155.756,155.888,9852.0,155.879,155.897,155.69533232059976
2025-12-12T10:00:00Z,155.888,155.966,155.85,155.917,6057.0,155.908,155.926,155.72488801118647
2025-12-12T11:00:00Z,155.918,155.996,155.91,155.913,4810.0,155.905,155.921,155.74996960969494
2025-12-12T12:00:00Z,155.914,156.13,155.774,156.036,9471.0,156.028,156.044,155.78810699506894
2025-12-12T13:00:00Z,156.036,156.064,155.902,156.046,10333.0,156.04,156.053,155.82249272905975
2025-12-12T14:00:00Z,156.047,156.102,155.844,155.908,14621.0,155.901,155.914,155.83389369851844
2025-12-12T15:00:00Z,155.908,156.063,155.81,155.885,18351.0,155.878,155.892,155.8407078720493
2025-12-12T16:00:00Z,155.886,155.886,155.676,155.815,15504.0,155.808,155.822,155.83728015577606
2025-12-12T17:00:00Z,155.814,155.906,155.754,155.782,7766.0,155.775,155.789,155.82990946833925
2025-12-12T18:00:00Z,155.782,155.818,155.719,155.784,7631.0,155.776,155.793,155.82378820589403
2025-12-12T19:00:00Z,155.784,155.939,155.784,155.902,6392.0,155.893,155.91,155.83421644510815
2025-12-12T20:00:00Z,155.902,155.912,155.774,155.88,6457.0,155.872,155.888,155.84032091909373
2025-12-12T21:00:00Z,155.881,155.893,155.798,155.838,4745.0,155.819,155.856,155.84001146321458
2025-12-14T22:00:00Z,155.877,155.925,155.764,155.812,1996.0,155.798,155.826,155.83627660145265
2025-12-14T23:00:00Z,155.812,155.898,155.764,155.869,2506.0,155.86,155.878,155.84063972125898
2025-12-15T00:00:00Z,155.87,155.986,155.866,155.897,6863.0,155.891,155.903,155.8481544250911
2025-12-15T01:00:00Z,155.898,155.898,155.605,155.614,7509.0,155.605,155.622,155.81693383507897
2025-12-15T02:00:00Z,155.617,155.651,155.36,155.434,9716.0,155.425,155.442,155.76587599040178
2025-12-15T03:00:00Z,155.435,155.478,155.304,155.421,7467.0,155.412,155.43,155.71989252501487
2025-12-15T04:00:00Z,155.42,155.422,155.184,155.256,6564.0,155.25,155.263,155.65804018834623
2025-12-15T05:00:00Z,155.256,155.256,155.031,155.034,6935.0,155.026,155.043,155.57483482990008
2025-12-15T06:00:00Z,155.035,155.16,154.95,155.094,8769.0,155.085,155.102,155.51072351924674
2025-12-15T07:00:00Z,155.094,155.295,155.074,155.263,10775.0,155.255,155.271,155.4776937166805
2025-12-15T08:00:00Z,155.264,155.287,155.104,155.188,9889.0,155.179,155.196,155.43906788778978
2025-12-15T09:00:00Z,155.188,155.202,154.938,154.966,10502.0,154.958,154.974,155.3759921694178
2025-12-15T10:00:00Z,154.968,155.154,154.962,155.084,6413.0,155.076,155.091,155.3370598801621
2025-12-15T11:00:00Z,155.086,155.103,154.854,154.925,6300.0,154.918,154.932,155.28211856280714
2025-12-15T12:00:00Z,154.926,155.096,154.889,155.079,9406.0,155.072,155.086,155.2550360877662
2025-12-15T13:00:00Z,155.081,155.161,154.969,155.161,8989.0,155.153,155.169,155.24249794273072
2025-12-15T14:00:00Z,155.163,155.226,154.852,154.914,15424.0,154.907,154.92,155.1986982170333
2025-12-15T15:00:00Z,154.912,155.158,154.837,155.156,18873.0,155.148,155.165,155.19300512142885
2025-12-15T16:00:00Z,155.156,155.33,155.148,155.292,12428.0,155.285,155.298,155.2062044385717
2025-12-15T17:00:00Z,155.291,155.368,155.256,155.31,5265.0,155.302,155.318,155.22004384676214
2025-12-15T18:00:00Z,155.309,155.388,155.28,155.358,4653.0,155.349,155.366,155.2384380005272
2025-12-15T19:00:00Z,155.357,155.4,155.22,155.244,4451.0,155.236,155.251,155.2391796004569
2025-12-15T20:00:00Z,155.244,155.27,155.22,155.253,4158.0,155.246,155.26,155.24102232039598
2025-12-15T21:00:00Z,155.254,155.262,155.193,155.206,2358.0,155.193,155.22,155.23635267767654
2025-12-15T22:00:00Z,155.217,155.25,155.195,155.226,2547.0,155.207,155.244,155.23497232065301
2025-12-15T23:00:00Z,155.229,155.242,154.981,155.036,3182.0,155.027,155.044,155.20844267789928
2025-12-16T00:00:00Z,155.037,155.104,154.736,155.006,15611.0,154.996,155.016,155.18145032084604
2025-12-16T01:00:00Z,155.008,155.122,154.85,154.864,13983.0,154.856,154.873,155.1391236113999
2025-12-16T02:00:00Z,154.862,154.925,154.765,154.783,10853.0,154.776,154.79,155.09164046321325
2025-12-16T03:00:00Z,154.784,154.912,154.704,154.893,8884.0,154.885,154.901,155.06515506811814
2025-12-16T04:00:00Z,154.892,154.918,154.772,154.819,5843.0,154.811,154.827,155.03233439236905
2025-12-16T05:00:00Z,154.818,154.858,154.684,154.844,9557.0,154.835,154.852,155.00722314005318
2025-12-16T06:00:00Z,154.845,154.948,154.82,154.856,8632.0,154.846,154.865,154.98706005471277
2025-12-16T07:00:00Z,154.856,154.979,154.838,154.886,8154.0,154.879,154.893,154.97358538075108
2025-12-16T08:00:00Z,154.884,154.942,154.798,154.866,12194.0,154.859,154.874,154.95924066331762
2025-12-16T09:00:00Z,154.865,154.899,154.772,154.838,11519.0,154.829,154.847,154.94307524154195
2025-12-16T10:00:00Z,154.838,154.905,154.776,154.872,8402.0,154.864,154.88,154.9335985426697
2025-12-16T11:00:00Z,154.872,154.904,154.791,154.818,6135.0,154.811,154.824,154.91818540364707
2025-12-16T12:00:00Z,154.817,154.858,154.602,154.611,8256.0,154.603,154.619,154.87722734982748
2025-12-16T13:00:00Z,154.609,154.873,154.396,154.718,32971.0,154.71,154.726,154.85599703651715
2025-12-16T14:00:00Z,154.716,154.998,154.599,154.603,24980.0,154.594,154.612,154.82226409831486
2025-12-16T15:00:00Z,154.602,154.782,154.465,154.778,26030.0,154.771,154.786,154.81636221853955
2025-12-16T16:00:00Z,154.779,154.908,154.752,154.81,18482.0,154.801,154.818,154.81551392273428
2025-12-16T17:00:00Z,154.808,154.841,154.57,154.681,12445.0,154.672,154.69,154.79757873303637
2025-12-16T18:00:00Z,154.682,154.806,154.674,154.748,8760.0,154.739,154.758,154.79096823529818
2025-12-16T19:00:00Z,154.75,154.926,154.606,154.67,11831.0,154.661,154.678,154.77483913725843
2025-12-16T20:00:00Z,154.669,154.804,154.57,154.804,8046.0,154.796,154.811,154.77872725229065
2025-12-16T21:00:00Z,154.803,154.838,154.706,154.721,4485.0,154.707,154.735,154.77103028531857
2025-12-16T22:00:00Z,154.711,154.805,154.708,154.74,2490.0,154.714,154.765,154.76689291394277
2025-12-16T23:00:00Z,154.744,154.814,154.71,154.774,2138.0,154.765,154.782,154.76784052541706
2025-12-17T00:00:00Z,154.772,154.874,154.567,154.584,12943.0,154.576,154.592,154.74332845536145
2025-12-17T01:00:00Z,154.584,154.708,154.513,154.677,12241.0,154.668,154.686,154.73448466131327
2025-12-17T02:00:00Z,154.676,155.028,154.676,155.012,11553.0,155.003,155.021,154.7714867064715
2025-12-17T03:00:00Z,155.011,155.03,154.865,154.889,5594.0,154.881,154.897,154.78715514560864
2025-12-17T04:00:00Z,154.89,155.152,154.876,155.136,7593.0,155.128,155.143,154.8336677928608
2025-12-17T05:00:00Z,155.136,155.175,155.071,155.152,8588.0,155.144,155.159,154.87611208714603
2025-12-17T06:00:00Z,155.152,155.447,155.128,155.37,9885.0,155.363,155.378,154.9419638088599
2025-12-17T07:00:00Z,155.369,155.57,155.358,155.502,13138.0,155.495,155.51,155.01663530101192
2025-12-17T08:00:00Z,155.504,155.599,155.429,155.518,10622.0,155.509,155.527,155.08348392754365
2025-12-17T09:00:00Z,155.518,155.56,155.459,155.532,8967.0,155.524,155.54,155.14328607053784
2025-12-17T10:00:00Z,155.532,155.551,155.442,155.464,6746.0,155.457,155.472,155.18604792779945
2025-12-17T11:00:00Z,155.466,155.599,155.456,155.545,7181.0,155.538,155.552,155.23390820409287
2025-12-17T12:00:00Z,155.545,155.576,155.454,155.489,8690.0,155.481,155.497,155.26792044354715
2025-12-17T13:00:00Z,155.488,155.64,155.385,155.438,15553.0,155.429,155.446,155.29059771774087
2025-12-17T14:00:00Z,155.437,155.634,155.35,155.488,13801.0,155.48,155.496,155.3169180220421
2025-12-17T15:00:00Z,155.488,155.546,155.353,155.404,17062.0,155.398,155.41,155.3285289524365
2025-12-17T16:00:00Z,155.403,155.601,155.385,155.598,14481.0,155.59,155.607,155.36445842544498
2025-12-17T17:00:00Z,155.599,155.611,155.53,155.534,6854.0,155.526,155.541,155.387063968719
2025-12-17T18:00:00Z,155.535,155.676,155.496,155.644,6628.0,155.635,155.652,155.42132210622313
2025-12-17T19:00:00Z,155.642,155.692,155.594,155.646,5976.0,155.639,155.654,155.45127915872672
2025-12-17T20:00:00Z,155.646,155.752,155.622,155.703,5278.0,155.695,155.711,155.48484193756317
2025-12-17T21:00:00Z,155.706,155.748,155.668,155.693,3051.0,155.683,155.703,155.51259634588808
2025-12-17T22:00:00Z,155.648,155.661,155.586,155.618,2708.0,155.596,155.639,155.52665016643635
2025-12-17T23:00:00Z,155.612,155.648,155.474,155.489,2429.0,155.479,155.499,155.52163014424485
2025-12-18T00:00:00Z,155.488,155.586,155.426,155.482,10512.0,155.472,155.491,155.5163461250122
2025-12-18T01:00:00Z,155.482,155.774,155.46,155.772,9673.0,155.763,155.78,155.5504333083439
2025-12-18T02:00:00Z,155.771,155.808,155.663,155.782,8178.0,155.775,155.79,155.5813088672314
2025-12-18T03:00:00Z,155.783,155.796,155.709,155.764,5716.0,155.755,155.772,155.60566768493388
2025-12-18T04:00:00Z,155.766,155.784,155.702,155.736,5163.0,155.727,155.745,155.6230453269427
2025-12-18T05:00:00Z,155.736,155.888,155.708,155.81,7321.0,155.801,155.818,155.6479726166837
2025-12-18T06:00:00Z,155.806,155.91,155.77,155.909,7436.0,155.9,155.918,155.68277626779255
2025-12-18T07:00:00Z,155.908,155.956,155.814,155.926,9393.0,155.917,155.935,155.71520609875355
2025-12-18T08:00:00Z,155.926,155.946,155.801,155.854,9480.0,155.847,155.862,155.7337119522531
2025-12-18T09:00:00Z,155.855,155.953,155.804,155.93,9305.0,155.921,155.939,155.7598836919527
2025-12-18T10:00:00Z,155.93,155.978,155.852,155.86,6234.0,155.852,155.868,155.77323253302566
2025-12-18T11:00:00Z,155.86,155.873,155.722,155.792,5592.0,155.783,155.8,155.77573486195558
2025-12-18T12:00:00Z,155.791,155.864,155.741,155.822,10421.0,155.813,155.831,155.78190354702818
2025-12-18T13:00:00Z,155.824,155.836,155.38,155.594,27612.0,155.587,155.601,155.75684974075776
2025-12-18T14:00:00Z,155.592,155.605,155.284,155.492,23516.0,155.485,155.498,155.72153644199005
2025-12-18T15:00:00Z,155.493,155.695,155.444,155.524,16208.0,155.516,155.533,155.6951982497247
2025-12-18T16:00:00Z,155.524,155.58,155.364,155.532,11640.0,155.526,155.538,155.67343848309474
2025-12-18T17:00:00Z,155.532,155.69,155.529,155.642,10107.0,155.634,155.649,155.66924668534878
2025-12-18T18:00:00Z,155.638,155.71,155.58,155.636,6293.0,155.628,155.644,155.66481379396896
2025-12-18T19:00:00Z,155.636,155.667,155.494,155.516,6349.0,155.51,155.522,155.6449719547731
2025-12-18T20:00:00Z,155.516,155.633,155.503,155.616,5685.0,155.609,155.622,155.64110902747004
2025-12-18T21:00:00Z,155.615,155.636,155.552,155.562,2653.0,155.55,155.574,155.6305611571407
2025-12-18T22:00:00Z,155.531,155.568,155.502,155.558,849.0,155.535,155.582,155.62088633618862
2025-12-18T23:00:00Z,155.558,155.646,155.52,155.582,3430.0,155.573,155.59,155.61570149136347
2025-12-19T00:00:00Z,155.582,155.786,155.56,155.754,9841.0,155.746,155.761,155.634141292515
2025-12-19T01:00:00Z,155.753,155.795,155.692,155.741,6770.0,155.733,155.749,155.64838912017967
2025-12-19T02:00:00Z,155.742,155.855,155.684,155.832,5502.0,155.822,155.843,155.6728705708224
2025-12-19T03:00:00Z,155.832,156.18,155.589,155.876,16076.0,155.867,155.886,155.69995449471276
2025-12-19T04:00:00Z,155.875,156.09,155.732,156.068,11881.0,156.059,156.076,155.74902722875106
2025-12-19T05:00:00Z,156.068,156.072,155.887,155.995,11298.0,155.989,156.001,155.78182359825092
2025-12-19T06:00:00Z,155.996,156.446,155.85,156.014,18684.0,156.004,156.023,155.81278045181747
2025-12-19T07:00:00Z,156.014,156.744,155.964,156.734,20862.0,156.726,156.743,155.9356097249085
2025-12-19T08:00:00Z,156.734,156.94,156.722,156.934,14095.0,156.927,156.942,156.06872842825402
2025-12-19T09:00:00Z,156.934,157.214,156.853,157.202,10882.0,157.195,157.21,156.21983130448683
2025-12-19T10:00:00Z,157.203,157.402,157.133,157.32,9294.0,157.311,157.329,156.36652046388858
2025-12-19T11:00:00Z,157.32,157.38,157.235,157.319,7282.0,157.311,157.327,156.4935177353701
2025-12-19T12:00:00Z,157.32,157.352,157.186,157.244,7582.0,157.236,157.253,156.59358203732074
2025-12-19T13:00:00Z,157.242,157.382,157.209,157.326,11684.0,157.319,157.334,156.69123776567798
2025-12-19T14:00:00Z,157.325,157.426,156.932,157.421,18750.0,157.408,157.434,156.78853939692092
2025-12-19T15:00:00Z,157.422,157.492,157.356,157.475,13298.0,157.467,157.483,156.88006747733147
2025-12-19T16:00:00Z,157.475,157.49,157.406,157.43,8396.0,157.421,157.438,156.95339181368726
2025-12-19T17:00:00Z,157.431,157.67,157.414,157.438,8424.0,157.429,157.447,157.01800623852895
2025-12-19T18:00:00Z,157.438,157.531,157.402,157.522,7360.0,157.514,157.529,157.0852054067251
2025-12-19T19:00:00Z,157.523,157.59,157.502,157.53,6422.0,157.522,157.538,157.1445113524951
2025-12-19T20:00:00Z,157.532,157.702,157.477,157.692,5353.0,157.685,157.699,157.2175098388291
2025-12-19T21:00:00Z,157.692,157.786,157.638,157.723,5375.0,157.703,157.743,157.28490852698522
2025-12-21T22:00:00Z,157.547,157.674,157.442,157.492,9842.0,157.472,157.512,157.3125207233872
2025-12-21T23:00:00Z,157.493,157.714,157.49,157.628,7852.0,157.618,157.638,157.35458462693558
2025-12-22T00:00:00Z,157.63,157.663,157.514,157.56,14478.0,157.554,157.566,157.38197334334416
2025-12-22T01:00:00Z,157.557,157.572,157.255,157.294,9214.0,157.286,157.301,157.3702435642316
2025-12-22T02:00:00Z,157.293,157.426,157.23,157.424,5512.0,157.415,157.433,157.37741108900073
2025-12-22T03:00:00Z,157.424,157.472,157.277,157.332,6482.0,157.325,157.34,157.37135627713397
2025-12-22T04:00:00Z,157.333,157.365,157.264,157.313,5912.0,157.305,157.321,157.36357544018279
2025-12-22T05:00:00Z,157.312,157.392,157.265,157.364,6371.0,157.356,157.372,157.36363204815842
2025-12-22T06:00:00Z,157.365,157.436,157.27,157.345,6805.0,157.337,157.353,157.36114777507063
2025-12-22T07:00:00Z,157.346,157.566,157.312,157.494,6932.0,157.485,157.503,157.37886140506123
2025-12-22T08:00:00Z,157.495,157.552,157.374,157.546,10090.0,157.539,157.553,157.40114655105307
2025-12-22T09:00:00Z,157.548,157.571,157.418,157.462,7212.0,157.455,157.469,157.409260344246
2025-12-22T10:00:00Z,157.462,157.466,157.354,157.396,7199.0,157.387,157.404,157.40749229834654
2025-12-22T11:00:00Z,157.396,157.428,157.338,157.414,6553.0,157.406,157.423,157.40835999190034
2025-12-22T12:00:00Z,157.415,157.434,157.358,157.398,8660.0,157.391,157.405,157.40697865964697
2025-12-22T13:00:00Z,157.398,157.398,156.872,157.188,17246.0,157.18,157.197,157.37778150502737
2025-12-22T14:00:00Z,157.188,157.224,156.908,157.018,14160.0,157.01,157.027,157.3298106376904
2025-12-22T15:00:00Z,157.019,157.122,156.914,156.976,13610.0,156.967,156.985,157.28263588599836
2025-12-22T16:00:00Z,156.977,157.046,156.86,156.938,10459.0,156.931,156.946,157.23668443453192
2025-12-22T17:00:00Z,156.942,156.944,156.705,156.848,6376.0,156.841,156.856,157.184859843261
2025-12-22T18:00:00Z,156.848,157.024,156.848,156.949,6167.0,156.942,156.956,157.15341186415952
2025-12-22T19:00:00Z,156.95,157.034,156.888,156.902,7770.0,156.895,156.909,157.1198902822716
2025-12-22T20:00:00Z,156.903,157.007,156.902,156.992,4740.0,156.984,157.0,157.1028382446354
2025-12-22T21:00:00Z,156.991,157.048,156.976,157.036,2721.0,157.026,157.045,157.093926478684
2025-12-22T22:00:00Z,157.018,157.051,156.974,157.03,2403.0,157.011,157.048,157.0854029481928
2025-12-22T23:00:00Z,157.022,157.026,156.822,156.92,4250.0,156.91,156.931,157.0633492217671
2025-12-23T00:00:00Z,156.918,156.928,156.604,156.616,9102.0,156.608,156.625,157.00370265886482
2025-12-23T01:00:00Z,156.616,156.656,156.422,156.462,8789.0,156.454,156.47,156.93147563768287
2025-12-23T02:00:00Z,156.462,156.484,156.276,156.352,7858.0,156.344,156.361,156.85421221932515
2025-12-23T03:00:00Z,156.353,156.353,156.19,156.191,7330.0,156.185,156.197,156.76578392341514
2025-12-23T04:00:00Z,156.19,156.19,155.961,155.994,10919.0,155.988,156.001,156.66287940029312
2025-12-23T05:00:00Z,155.994,156.078,155.914,156.012,10170.0,156.004,156.02,156.57609548025405
2025-12-23T06:00:00Z,156.012,156.189,155.996,156.116,8963.0,156.107,156.125,156.51474941622018
2025-12-23T07:00:00Z,156.116,156.174,155.95,156.076,12041.0,156.068,156.084,156.4562494940575
2025-12-23T08:00:00Z,156.074,156.116,155.953,155.957,11924.0,155.949,155.965,156.3896828948498
2025-12-23T09:00:00Z,155.957,156.022,155.65,155.97,15949.0,155.962,155.979,156.3337251755365
2025-12-23T10:00:00Z,155.969,156.046,155.866,155.923,11610.0,155.914,155.932,156.2789618187983
2025-12-23T11:00:00Z,155.924,156.035,155.875,155.974,6737.0,155.965,155.982,156.23830024295853
2025-12-23T12:00:00Z,155.973,156.034,155.874,156.024,7266.0,156.016,156.033,156.20972687723074
2025-12-23T13:00:00Z,156.025,156.366,155.952,156.341,17154.0,156.332,156.35,156.22722996026664
2025-12-23T14:00:00Z,156.34,156.545,156.336,156.408,18711.0,156.392,156.424,156.25133263223108
2025-12-23T15:00:00Z,156.408,156.45,156.208,156.39,17791.0,156.383,156.397,156.26982161460026
2025-12-23T16:00:00Z,156.39,156.436,156.303,156.338,10673.0,156.329,156.346,156.2789120659869
2025-12-23T17:00:00Z,156.336,156.351,156.253,156.298,6350.0,156.288,156.307,156.28145712385532
2025-12-23T18:00:00Z,156.296,156.344,156.228,156.234,5655.0,156.225,156.242,156.2751295073413
2025-12-23T19:00:00Z,156.231,156.253,156.181,156.195,5176.0,156.186,156.204,156.26444557302912
2025-12-23T20:00:00Z,156.196,156.314,156.18,156.304,4973.0,156.295,156.313,156.26971949662524
2025-12-23T21:00:00Z,156.304,156.32,156.196,156.236,3718.0,156.214,156.257,156.26522356374187
2025-12-23T22:00:00Z,156.258,156.264,156.178,156.191,3071.0,156.178,156.204,156.25532708857628
2025-12-23T23:00:00Z,156.192,156.283,156.096,156.174,5518.0,156.164,156.184,156.2444834767661
2025-12-24T00:00:00Z,156.174,156.282,155.978,155.99,14539.0,155.982,155.999,156.21055234653062
2025-12-24T01:00:00Z,155.991,156.154,155.601,155.656,13979.0,155.647,155.664,156.13661203365987
2025-12-24T02:00:00Z,155.655,155.745,155.555,155.743,9521.0,155.734,155.752,156.0841304291719
2025-12-24T03:00:00Z,155.74,155.994,155.74,155.982,8392.0,155.976,155.988,156.07051303861564
2025-12-24T04:00:00Z,155.983,156.068,155.802,155.838,8658.0,155.83,155.845,156.03951130013357
2025-12-24T05:00:00Z,155.838,155.845,155.746,155.798,6394.0,155.791,155.806,156.00730979344908
2025-12-24T06:00:00Z,155.798,155.8,155.662,155.736,8868.0,155.727,155.744,155.97113515432255
2025-12-24T07:00:00Z,155.735,155.872,155.707,155.83,11947.0,155.821,155.839,155.95231713374622
2025-12-24T08:00:00Z,155.83,155.972,155.751,155.756,13914.0,155.749,155.764,155.9261415159134
2025-12-24T09:00:00Z,155.754,155.882,155.688,155.835,10530.0,155.827,155.843,155.91398931379163
2025-12-24T10:00:00Z,155.836,155.972,155.82,155.937,9435.0,155.928,155.946,155.9170574052861
2025-12-24T11:00:00Z,155.936,155.974,155.868,155.928,8738.0,155.922,155.935,155.91851641791462
2025-12-24T12:00:00Z,155.929,156.046,155.878,156.045,9699.0,156.039,156.051,155.935380895526
2025-12-24T13:00:00Z,156.044,156.072,155.972,156.012,12065.0,156.004,156.021,155.94559677612256
2025-12-24T14:00:00Z,156.012,156.036,155.68,155.75,13815.0,155.743,155.758,155.91951720597288
2025-12-24T15:00:00Z,155.75,155.903,155.726,155.818,13207.0,155.809,155.827,155.90598157850982
2025-12-24T16:00:00Z,155.818,155.923,155.754,155.836,9493.0,155.827,155.845,155.8966507013752
2025-12-24T17:00:00Z,155.836,156.026,155.826,155.972,6999.0,155.963,155.981,155.9066972745252
2025-12-24T18:00:00Z,155.972,156.02,155.945,155.968,7719.0,155.96,155.975,155.91487097125517
2025-12-24T19:00:00Z,155.967,155.984,155.836,155.886,5456.0,155.863,155.91,155.91102150842116
2025-12-24T20:00:00Z,155.887,155.952,155.872,155.952,1991.0,155.937,155.968,155.91648530729833
2025-12-24T21:00:00Z,155.952,155.968,155.868,155.952,1520.0,155.908,155.996,155.92122059965857
2025-12-25T22:00:00Z,155.94,155.948,155.846,155.896,274.0,155.883,155.91,155.91785785303742
2025-12-25T23:00:00Z,155.896,156.132,155.752,156.108,10992.0,156.099,156.117,155.9432101392991
2025-12-26T00:00:00Z,156.108,156.492,156.106,156.411,14441.0,156.402,156.42,156.0055821207259
2025-12-26T01:00:00Z,156.412,156.444,156.168,156.284,9422.0,156.275,156.294,156.0427045046291
2025-12-26T02:00:00Z,156.284,156.31,156.171,156.226,7687.0,156.215,156.236,156.0671439040119
2025-12-26T03:00:00Z,156.226,156.257,156.046,156.056,6494.0,156.047,156.065,156.06565805014367
2025-12-26T04:00:00Z,156.056,156.191,155.988,156.167,7608.0,156.157,156.177,156.0791703101245
2025-12-26T05:00:00Z,156.166,156.284,156.092,156.206,7009.0,156.198,156.214,156.09608093544125
2025-12-26T06:00:00Z,156.206,156.32,156.092,156.284,7512.0,156.275,156.292,156.12113681071577
2025-12-26T07:00:00Z,156.284,156.446,156.218,156.374,8386.0,156.364,156.383,156.15485190262035
2025-12-26T08:00:00Z,156.374,156.45,156.3,156.336,8944.0,156.326,156.345,156.17900498227098
2025-12-26T09:00:00Z,156.337,156.474,156.317,156.462,6526.0,156.454,156.469,156.21673765130151
2025-12-26T10:00:00Z,156.464,156.47,156.362,156.402,6130.0,156.392,156.412,156.24143929779464
2025-12-26T11:00:00Z,156.402,156.424,156.324,156.404,6865.0,156.395,156.412,156.2631140580887
2025-12-26T12:00:00Z,156.403,156.49,156.396,156.42,6606.0,156.411,156.428,156.28403218367686
2025-12-26T13:00:00Z,156.417,156.444,156.228,156.324,11798.0,156.315,156.333,156.28936122585327
2025-12-26T14:00:00Z,156.324,156.486,156.276,156.454,10897.0,156.444,156.464,156.31131306240619
2025-12-26T15:00:00Z,156.454,156.536,156.312,156.426,11226.0,156.418,156.434,156.32660465408537
2025-12-26T16:00:00Z,156.426,156.656,156.37,156.636,12500.0,156.625,156.646,156.367857366874
2025-12-26T17:00:00Z,156.636,156.73,156.555,156.571,11299.0,156.559,156.583,156.3949430512908
2025-12-26T18:00:00Z,156.57,156.589,156.439,156.546,9910.0,156.536,156.555,156.41508397778537
2025-12-26T19:00:00Z,156.545,156.596,156.504,156.505,9154.0,156.496,156.514,156.42707278074732
2025-12-26T20:00:00Z,156.504,156.534,156.445,156.496,5710.0,156.487,156.506,156.4362630766477
2025-12-26T21:00:00Z,156.497,156.61,156.492,156.569,5542.0,156.519,156.619,156.45396133309467
2025-12-28T22:00:00Z,156.526,156.577,156.488,156.5,7589.0,156.45,156.55,156.4600998220154
2025-12-28T23:00:00Z,156.505,156.542,156.406,156.485,3390.0,156.476,156.494,156.46341984574667
2025-12-29T00:00:00Z,156.483,156.483,156.056,156.28,16544.0,156.272,156.287,156.4389638663138
2025-12-29T01:00:00Z,156.28,156.376,156.192,156.314,10488.0,156.305,156.322,156.42230201747196
2025-12-29T02:00:00Z,156.32,156.512,156.302,156.433,7261.0,156.424,156.442,156.42372841514236
2025-12-29T03:00:00Z,156.432,156.446,156.322,156.38,6739.0,156.371,156.389,156.41789795979005
2025-12-29T04:00:00Z,156.38,156.473,156.248,156.374,5949.0,156.366,156.383,156.4120448984847
2025-12-29T05:00:00Z,156.376,156.4,156.244,156.309,6891.0,156.301,156.317,156.39830557868675
2025-12-29T06:00:00Z,156.312,156.324,156.172,156.188,7430.0,156.179,156.196,156.37026483486184
2025-12-29T07:00:00Z,156.188,156.243,156.052,156.081,10078.0,156.073,156.089,156.3316961902136
2025-12-29T08:00:00Z,156.082,156.312,156.078,156.278,8928.0,156.27,156.287,156.3245366981851
2025-12-29T09:00:00Z,156.28,156.4,156.11,156.326,8721.0,156.316,156.335,156.32473180509376
2025-12-29T10:00:00Z,156.328,156.347,156.208,156.331,6884.0,156.323,156.339,156.3255675644146
2025-12-29T11:00:00Z,156.332,156.414,156.288,156.4,6075.0,156.393,156.408,156.33549188915933
2025-12-29T12:00:00Z,156.401,156.424,156.31,156.334,7536.0,156.325,156.342,156.33529297060477
2025-12-29T13:00:00Z,156.333,156.368,156.194,156.233,10924.0,156.224,156.242,156.32165390785747
2025-12-29T14:00:00Z,156.232,156.242,156.012,156.147,12576.0,156.139,156.155,156.29836672014315
2025-12-29T15:00:00Z,156.146,156.292,155.916,155.936,16839.0,155.93,155.942,156.2500511574574
2025-12-29T16:00:00Z,155.934,156.118,155.931,156.106,11980.0,156.097,156.115,156.23084433646306
2025-12-29T17:00:00Z,156.107,156.218,156.067,156.185,5631.0,156.177,156.193,156.224731758268
2025-12-29T18:00:00Z,156.186,156.226,156.122,156.222,5715.0,156.214,156.231,156.22436752383229
2025-12-29T19:00:00Z,156.223,156.249,156.008,156.036,3737.0,156.027,156.044,156.199251853988
2025-12-29T20:00:00Z,156.037,156.084,155.987,156.07,4485.0,156.062,156.079,156.18201827345626
2025-12-29T21:00:00Z,156.067,156.09,156.003,156.042,2529.0,156.032,156.052,156.16334917032876
2025-12-29T22:00:00Z,156.069,156.094,155.999,156.044,2258.0,156.02,156.069,156.14743594761825
2025-12-29T23:00:00Z,156.042,156.136,155.956,155.992,3606.0,155.983,156.001,156.12671115460248
2025-12-30T00:00:00Z,155.994,156.329,155.926,156.26,13124.0,156.252,156.269,156.14448300065547
2025-12-30T01:00:00Z,156.261,156.328,156.215,156.226,7968.0,156.219,156.232,156.15535193390141
2025-12-30T02:00:00Z,156.224,156.34,156.157,156.306,8945.0,156.298,156.314,156.17543834271456
2025-12-30T03:00:00Z,156.306,156.334,156.216,156.27,5555.0,156.261,156.28,156.18804656368596
2025-12-30T04:00:00Z,156.272,156.286,156.052,156.082,6819.0,156.075,156.089,156.17390702186117
2025-12-30T05:00:00Z,156.082,156.104,156.012,156.043,9266.0,156.035,156.051,156.15645275227968
2025-12-30T06:00:00Z,156.042,156.099,155.94,156.04,9788.0,156.031,156.049,156.1409257186424
2025-12-30T07:00:00Z,156.04,156.105,155.92,155.982,7314.0,155.974,155.991,156.1197356228234
2025-12-30T08:00:00Z,155.978,156.029,155.856,155.983,9649.0,155.975,155.991,156.10150420644698
2025-12-30T09:00:00Z,155.983,156.01,155.869,155.923,10389.0,155.914,155.932,156.07770364558738
2025-12-30T10:00:00Z,155.926,155.93,155.744,155.853,8780.0,155.845,155.861,156.04774315950905
2025-12-30T11:00:00Z,155.854,155.948,155.827,155.894,9283.0,155.886,155.902,156.02724407157453
2025-12-30T12:00:00Z,155.892,156.012,155.886,155.952,9643.0,155.944,155.959,156.0172115286979
2025-12-30T13:00:00Z,155.952,156.214,155.948,156.196,11029.0,156.189,156.204,156.0410499915382
2025-12-30T14:00:00Z,156.197,156.32,156.124,156.271,10456.0,156.263,156.279,156.07170999266643
2025-12-30T15:00:00Z,156.272,156.568,156.272,156.329,12092.0,156.32,156.338,156.10601532697757
2025-12-30T16:00:00Z,156.328,156.376,156.224,156.263,9697.0,156.254,156.272,156.1269466167139
2025-12-30T17:00:00Z,156.262,156.408,156.249,156.337,5780.0,156.331,156.343,156.1549537344854
2025-12-30T18:00:00Z,156.337,156.432,156.311,156.404,7206.0,156.39,156.419,156.18815990322068
2025-12-30T19:00:00Z,156.404,156.525,156.378,156.498,5900.0,156.49,156.506,156.2294719161246
2025-12-30T20:00:00Z,156.493,156.5,156.429,156.466,5578.0,156.458,156.474,156.26100899397466
2025-12-30T21:00:00Z,156.466,156.467,156.403,156.421,3701.0,156.41,156.432,156.28234112811137
2025-12-30T22:00:00Z,156.367,156.403,156.361,156.4,1652.0,156.357,156.444,156.29802897769653
2025-12-30T23:00:00Z,156.39,156.467,156.334,156.402,1424.0,156.395,156.409,156.31189178067032
2025-12-31T00:00:00Z,156.4,156.468,156.332,156.394,5608.0,156.385,156.404,156.32283954324762
2025-12-31T01:00:00Z,156.395,156.452,156.356,156.434,6648.0,156.425,156.443,156.33766093748127
2025-12-31T02:00:00Z,156.435,156.492,156.424,156.486,5221.0,156.477,156.495,156.35743947915043
2025-12-31T03:00:00Z,156.486,156.498,156.45,156.496,4194.0,156.486,156.505,156.37591421526372
2025-12-31T04:00:00Z,156.496,156.64,156.495,156.614,4360.0,156.606,156.621,156.4076589865619
2025-12-31T05:00:00Z,156.613,156.634,156.55,156.593,4553.0,156.584,156.602,156.43237112168697
2025-12-31T06:00:00Z,156.594,156.654,156.582,156.614,5430.0,156.605,156.622,156.45658830546205
2025-12-31T07:00:00Z,156.612,156.646,156.57,156.571,7152.0,156.562,156.58,156.47184319806712
2025-12-31T08:00:00Z,156.57,156.61,156.509,156.598,8750.0,156.589,156.607,156.4886641049915
2025-12-31T09:00:00Z,156.597,156.651,156.558,156.633,9368.0,156.625,156.641,156.50790889099264
2025-12-31T10:00:00Z,156.632,156.676,156.596,156.658,7186.0,156.648,156.667,156.52792103886028
2025-12-31T11:00:00Z,156.66,156.676,156.605,156.61,8299.0,156.602,156.619,156.53886490034557
2025-12-31T12:00:00Z,156.611,156.644,156.552,156.602,9992.0,156.593,156.61,156.54728291363284
2025-12-31T13:00:00Z,156.601,156.836,156.588,156.812,12381.0,156.803,156.822,156.58257852514848
2025-12-31T14:00:00Z,156.813,156.95,156.796,156.928,14873.0,156.918,156.937,156.62863472179535
2025-12-31T15:00:00Z,156.926,156.996,156.718,156.743,18497.0,156.736,156.75,156.64388342555597
2025-12-31T16:00:00Z,156.742,156.851,156.644,156.814,15619.0,156.806,156.821,156.66656563548185
2025-12-31T17:00:00Z,156.814,156.858,156.766,156.826,10849.0,156.816,156.837,156.68782355075095
2025-12-31T18:00:00Z,156.826,156.923,156.802,156.891,8600.0,156.885,156.897,156.71491374398417
2025-12-31T19:00:00Z,156.892,156.892,156.678,156.752,5706.0,156.743,156.761,156.7198585781196
2025-12-31T20:00:00Z,156.752,156.754,156.631,156.632,6326.0,156.625,156.64,156.708144101037
2025-12-31T21:00:00Z,156.632,156.732,156.616,156.684,3259.0,156.663,156.706,156.7049248875654
2026-01-01T22:00:00Z,156.725,156.766,156.718,156.766,220.0,156.716,156.816,156.71306823589
2026-01-01T23:00:00Z,156.772,156.887,156.705,156.723,2589.0,156.713,156.733,156.71439247110467
2026-01-02T00:00:00Z,156.724,156.766,156.544,156.569,4265.0,156.56,156.578,156.6950068082907
2026-01-02T01:00:00Z,156.568,156.658,156.522,156.635,4810.0,156.626,156.644,156.6870059005186
2026-01-02T02:00:00Z,156.636,156.687,156.594,156.684,3017.0,156.677,156.692,156.6866051137828
2026-01-02T03:00:00Z,156.685,156.726,156.65,156.718,2481.0,156.71,156.727,156.69079109861175
2026-01-02T04:00:00Z,156.719,156.862,156.718,156.824,3474.0,156.815,156.834,156.70855228546353
2026-01-02T05:00:00Z,156.825,156.946,156.82,156.912,2970.0,156.903,156.921,156.73567864740173
