time,open,high,low,close,volume,bid_close,ask_close,close_ema_14
2025-09-08T19:00:00Z,1.17612,1.17658,1.17594,1.17626,3316.0,1.17618,1.17634,1.17626
2025-09-08T20:00:00Z,1.17624,1.17638,1.17594,1.17633,2131.0,1.17622,1.17644,1.1762693333333334
2025-09-08T21:00:00Z,1.17619,1.17628,1.17586,1.17612,912.0,1.17599,1.17626,1.1762494222222224
2025-09-08T22:00:00Z,1.17616,1.17652,1.17612,1.17622,1206.0,1.17614,1.17631,1.1762454992592595
2025-09-08T23:00:00Z,1.17623,1.17728,1.17623,1.17686,2130.0,1.17678,1.17694,1.1763274326913582
2025-09-09T00:00:00Z,1.17686,1.17745,1.17656,1.17715,3306.0,1.17707,1.17723,1.1764371083325105
2025-09-09T01:00:00Z,1.17714,1.1778,1.1766,1.17752,3506.0,1.17744,1.17759,1.1765814938881758
2025-09-09T02:00:00Z,1.17751,1.17769,1.1768,1.1769,3000.0,1.17683,1.17697,1.1766239613697524
2025-09-09T03:00:00Z,1.1769,1.177,1.17634,1.1764,2158.0,1.17631,1.17648,1.1765940998537854
2025-09-09T04:00:00Z,1.1764,1.1776,1.17638,1.17728,2540.0,1.17721,1.17736,1.176685553206614
2025-09-09T05:00:00Z,1.17728,1.17801,1.17713,1.17788,3676.0,1.1778,1.17796,1.1768448127790656
2025-09-09T06:00:00Z,1.17788,1.17799,1.17563,1.1765,7293.0,1.17641,1.17658,1.176798837741857
2025-09-09T07:00:00Z,1.17649,1.17686,1.17478,1.17526,8574.0,1.17519,1.17534,1.176593659376276
2025-09-09T08:00:00Z,1.17526,1.17624,1.17442,1.17595,11915.0,1.17587,1.17603,1.1765078381261058
2025-09-09T09:00:00Z,1.17596,1.17724,1.17594,1.17676,7592.0,1.17669,1.17683,1.1765414597092918
2025-09-09T10:00:00Z,1.17674,1.17712,1.17526,1.17542,6176.0,1.17533,1.1755,1.176391931748053
2025-09-09T11:00:00Z,1.17541,1.17546,1.17412,1.17421,5120.0,1.17413,1.17429,1.1761010075149791
2025-09-09T12:00:00Z,1.1742,1.1745,1.17277,1.17376,7930.0,1.17368,1.17383,1.1757888731796486
2025-09-09T13:00:00Z,1.17374,1.17488,1.1734,1.1742,9659.0,1.17411,1.1743,1.1755770234223621
2025-09-09T14:00:00Z,1.17421,1.17628,1.17226,1.17308,22999.0,1.17299,1.17316,1.1752440869660472
2025-09-09T15:00:00Z,1.17308,1.17318,1.17156,1.17222,9687.0,1.17213,1.1723,1.1748408753705744
2025-09-09T16:00:00Z,1.17222,1.17298,1.17188,1.17189,5884.0,1.17181,1.17197,1.1744474253211645
2025-09-09T17:00:00Z,1.1719,1.17236,1.17084,1.17094,6022.0,1.17087,1.17102,1.173979768611676
2025-09-09T18:00:00Z,1.17097,1.17146,1.17043,1.17064,4898.0,1.17057,1.17072,1.1735344661301192
2025-09-09T19:00:00Z,1.17064,1.17091,1.17039,1.17066,3161.0,1.17059,1.17074,1.1731512039794367
2025-09-09T20:00:00Z,1.17067,1.17116,1.17044,1.1711,2139.0,1.17101,1.1712,1.172877710115512
2025-09-09T21:00:00Z,1.17096,1.17122,1.17068,1.17121,1569.0,1.17104,1.17138,1.172655348766777
2025-09-09T22:00:00Z,1.1712,1.1714,1.17088,1.1712,875.0,1.17113,1.17127,1.17246130226454
2025-09-09T23:00:00Z,1.17118,1.17122,1.16974,1.17024,2480.0,1.17015,1.17032,1.172165128629268
2025-09-10T00:00:00Z,1.17023,1.17024,1.16962,1.1697,4496.0,1.16963,1.16978,1.1718364448120324
2025-09-10T01:00:00Z,1.16971,1.17028,1.16892,1.16996,6747.0,1.16988,1.17005,1.171586252170428
2025-09-10T02:00:00Z,1.16996,1.17084,1.16994,1.17072,4741.0,1.17064,1.17081,1.1714707518810377
2025-09-10T03:00:00Z,1.17073,1.17102,1.17068,1.17082,3027.0,1.17074,1.1709,1.171383984963566
2025-09-10T04:00:00Z,1.17084,1.17157,1.17076,1.17151,2657.0,1.17143,1.17159,1.171400786968424
2025-09-10T05:00:00Z,1.1715,1.1716,1.17052,1.17086,3932.0,1.17077,1.17094,1.1713286820393007
2025-09-10T06:00:00Z,1.17085,1.17186,1.16916,1.16981,7761.0,1.16972,1.1699,1.1711261911007274
2025-09-10T07:00:00Z,1.16979,1.17079,1.16825,1.17028,10114.0,1.17019,1.17037,1.1710133656206303
2025-09-10T08:00:00Z,1.17028,1.17038,1.16911,1.17,7245.0,1.16993,1.17007,1.1708782502045463
2025-09-10T09:00:00Z,1.16999,1.17172,1.16984,1.17134,5946.0,1.17125,1.17142,1.1709398168439402
2025-09-10T10:00:00Z,1.17131,1.17146,1.16963,1.17004,5077.0,1.16997,1.17012,1.1708198412647481
2025-09-10T11:00:00Z,1.17002,1.1707,1.16954,1.17046,5590.0,1.17039,1.17054,1.1707718624294485
2025-09-10T12:00:00Z,1.17047,1.17276,1.16912,1.17005,18933.0,1.16997,1.17013,1.1706756141055221
2025-09-10T13:00:00Z,1.17006,1.17246,1.1696,1.17201,14464.0,1.17193,1.17209,1.170853532224786
2025-09-10T14:00:00Z,1.172,1.1731,1.1715,1.17278,12239.0,1.1727,1.17286,1.1711103945948145
2025-09-10T15:00:00Z,1.17278,1.17301,1.17132,1.17146,6998.0,1.17138,1.17155,1.1711570086488392
2025-09-10T16:00:00Z,1.17144,1.17162,1.17028,1.17056,5005.0,1.17048,1.17064,1.1710774074956607
2025-09-10T17:00:00Z,1.17056,1.17112,1.17018,1.1706,4276.0,1.17052,1.17067,1.171013753162906
2025-09-10T18:00:00Z,1.17058,1.17122,1.17026,1.17046,4007.0,1.17039,1.17054,1.1709399194078518
2025-09-10T19:00:00Z,1.17047,1.17047,1.16935,1.17002,3044.0,1.16994,1.17011,1.170817263486805
2025-09-10T20:00:00Z,1.17002,1.17014,1.16939,1.16939,1948.0,1.1693,1.16948,1.1706269616885643
2025-09-10T21:00:00Z,1.16954,1.17006,1.16951,1.16996,1411.0,1.1698,1.17012,1.1705380334634223
2025-09-10T22:00:00Z,1.16998,1.17034,1.16986,1.17032,1116.0,1.17023,1.17041,1.170508962334966
2025-09-10T23:00:00Z,1.17032,1.17068,1.17012,1.17026,1151.0,1.17017,1.17034,1.1704757673569706
2025-09-11T00:00:00Z,1.17026,1.17027,1.16936,1.1694,2998.0,1.16932,1.16948,1.1703323317093746
2025-09-11T01:00:00Z,1.16938,1.17028,1.1693,1.16974,3156.0,1.16966,1.16982,1.1702533541481246
2025-09-11T02:00:00Z,1.16972,1.16989,1.16936,1.16967,2361.0,1.16959,1.16975,1.1701755735950414
2025-09-11T03:00:00Z,1.16964,1.17004,1.16948,1.16959,2043.0,1.16951,1.16967,1.1700974971157025
2025-09-11T04:00:00Z,1.16958,1.16995,1.16942,1.16994,1601.0,1.16987,1.17002,1.1700764975002755
2025-09-11T05:00:00Z,1.16996,1.16996,1.16892,1.169,3189.0,1.16892,1.16908,1.1699329645002388
2025-09-11T06:00:00Z,1.169,1.16968,1.16838,1.16908,7614.0,1.16899,1.16916,1.1698192359002069
2025-09-11T07:00:00Z,1.16907,1.16964,1.16868,1.16926,8613.0,1.16918,1.16935,1.1697446711135127
2025-09-11T08:00:00Z,1.16926,1.16954,1.16886,1.16921,6011.0,1.16913,1.16929,1.169673381631711
2025-09-11T09:00:00Z,1.1692,1.16932,1.16774,1.16859,6395.0,1.16851,1.16867,1.169528930747483
2025-09-11T10:00:00Z,1.16858,1.16885,1.16801,1.16832,5787.0,1.16825,1.1684,1.169367739981152
2025-09-11T11:00:00Z,1.16832,1.16912,1.16781,1.16838,6670.0,1.1683,1.16845,1.1692360413169984
2025-09-11T12:00:00Z,1.16839,1.1721,1.16606,1.17152,28391.0,1.17145,1.1716,1.1695405691413987
2025-09-11T13:00:00Z,1.17152,1.1741,1.1714,1.17392,22796.0,1.17385,1.174,1.170124493255879
2025-09-11T14:00:00Z,1.17392,1.17444,1.17256,1.1728,13457.0,1.17272,1.17287,1.1704812274884284
2025-09-11T15:00:00Z,1.17279,1.17461,1.17262,1.17314,8612.0,1.17306,1.17323,1.1708357304899712
2025-09-11T16:00:00Z,1.17315,1.17399,1.17306,1.17365,5795.0,1.17357,1.17373,1.1712109664246417
2025-09-11T17:00:00Z,1.17366,1.17392,1.17278,1.17317,5597.0,1.17309,1.17325,1.1714721709013562
2025-09-11T18:00:00Z,1.17316,1.17384,1.17306,1.17356,3560.0,1.17348,1.17364,1.1717505481145087
2025-09-11T19:00:00Z,1.17356,1.1739,1.17337,1.17368,3030.0,1.17361,1.17376,1.1720078083659076
2025-09-11T20:00:00Z,1.17368,1.17398,1.17354,1.17355,2703.0,1.17346,1.17364,1.17221343391712
2025-09-11T21:00:00Z,1.17333,1.17361,1.17333,1.1735,1165.0,1.17338,1.17363,1.172384976061504
2025-09-11T22:00:00Z,1.17352,1.17406,1.17352,1.1739,1144.0,1.17382,1.17398,1.1725869792533035
2025-09-11T23:00:00Z,1.17392,1.17402,1.1733,1.17332,1946.0,1.17325,1.1734,1.172684715352863
2025-09-12T00:00:00Z,1.17332,1.17344,1.17273,1.1733,4669.0,1.17321,1.17338,1.1727667533058146
2025-09-12T01:00:00Z,1.17331,1.17345,1.17254,1.17256,3776.0,1.17248,1.17264,1.1727391861983727
2025-09-12T02:00:00Z,1.17258,1.17292,1.17238,1.17268,2913.0,1.1726,1.17277,1.1727312947052564
2025-09-12T03:00:00Z,1.17268,1.17273,1.17229,1.17252,2669.0,1.17244,1.17259,1.172703122077889
2025-09-12T04:00:00Z,1.17252,1.17272,1.1721,1.17257,2704.0,1.17249,1.17265,1.1726853724675037
2025-09-12T05:00:00Z,1.17258,1.17336,1.17242,1.17307,2674.0,1.17299,1.17315,1.1727366561385033
2025-09-12T06:00:00Z,1.17308,1.17404,1.17221,1.17396,6270.0,1.17388,1.17405,1.1728997686533695
2025-09-12T07:00:00Z,1.17397,1.17478,1.17371,1.17408,7488.0,1.17401,1.17416,1.1730571328329202
2025-09-12T08:00:00Z,1.17406,1.17412,1.17158,1.17174,8222.0,1.17167,1.17182,1.1728815151218643
2025-09-12T09:00:00Z,1.17174,1.17254,1.17126,1.17222,6718.0,1.17214,1.17231,1.1727933131056159
2025-09-12T10:00:00Z,1.17222,1.17349,1.1722,1.17341,5118.0,1.17333,1.17349,1.1728755380248672
2025-09-12T11:00:00Z,1.17339,1.17359,1.17208,1.17213,6013.0,1.17205,1.17221,1.172776132954885
2025-09-12T12:00:00Z,1.17214,1.1723,1.1701,1.17123,10914.0,1.17115,1.17131,1.1725699818942337
2025-09-12T13:00:00Z,1.17124,1.17166,1.17034,1.1713,9406.0,1.17119,1.17141,1.1724006509750025
2025-09-12T14:00:00Z,1.17129,1.17283,1.17124,1.1725,11696.0,1.17243,1.17258,1.172413897511669
2025-09-12T15:00:00Z,1.17251,1.17278,1.17134,1.1714,6812.0,1.17132,1.17149,1.1722787111767798
2025-09-12T16:00:00Z,1.1714,1.17318,1.171,1.1727,4589.0,1.17262,1.17278,1.1723348830198759
2025-09-12T17:00:00Z,1.1727,1.17379,1.17269,1.17322,4166.0,1.17315,1.17329,1.1724528986172258
2025-09-12T18:00:00Z,1.17323,1.17417,1.17322,1.17412,3573.0,1.17404,1.1742,1.1726751788015957
2025-09-12T19:00:00Z,1.17412,1.17416,1.1734,1.17362,2866.0,1.17354,1.17371,1.172801154961383
2025-09-12T20:00:00Z,1.17364,1.17369,1.17288,1.17368,2780.0,1.17355,1.1738,1.1729183342998653
2025-09-14T21:00:00Z,1.17331,1.17356,1.17298,1.17307,316.0,1.17284,1.1733,1.1729385563932166
2025-09-14T22:00:00Z,1.17312,1.17348,1.17278,1.17285,1280.0,1.17277,1.17293,1.172926748874121
2025-09-14T23:00:00Z,1.17284,1.17314,1.1725,1.17256,1407.0,1.17248,1.17263,1.1728778490242382
2025-09-15T00:00:00Z,1.17256,1.17278,1.17219,1.17268,2653.0,1.1726,1.17277,1.1728514691543397
2025-09-15T01:00:00Z,1.17268,1.17297,1.17229,1.17276,3979.0,1.17268,1.17285,1.1728392732670945
2025-09-15T02:00:00Z,1.17277,1.17294,1.17246,1.17276,2109.0,1.17267,1.17284,1.1728287034981486
2025-09-15T03:00:00Z,1.17277,1.17343,1.17274,1.17313,1940.0,1.17305,1.17321,1.172868876365062
2025-09-15T04:00:00Z,1.17314,1.17355,1.17309,1.17342,1734.0,1.17333,1.1735,1.1729423595163873
2025-09-15T05:00:00Z,1.17342,1.17345,1.17277,1.17283,1784.0,1.17275,1.17291,1.1729273782475356
2025-09-15T06:00:00Z,1.17284,1.173,1.17162,1.1725,6119.0,1.17243,1.17258,1.1728703944811976
2025-09-15T07:00:00Z,1.17248,1.17444,1.17241,1.17336,7597.0,1.17328,1.17345,1.172935675217038
2025-09-15T08:00:00Z,1.17336,1.17438,1.173,1.17372,6445.0,1.17364,1.17381,1.1730402518547662
2025-09-15T09:00:00Z,1.17373,1.17518,1.17364,1.17463,6108.0,1.17455,1.17471,1.1732522182741307
2025-09-15T10:00:00Z,1.17464,1.17628,1.17463,1.17528,5992.0,1.1752,1.17537,1.1735225891709133
2025-09-15T11:00:00Z,1.17528,1.17633,1.17528,1.17611,5275.0,1.17603,1.17619,1.1738675772814582
2025-09-15T12:00:00Z,1.17612,1.1771,1.17612,1.17696,7395.0,1.17689,1.17704,1.174279900310597
2025-09-15T13:00:00Z,1.17696,1.17734,1.17576,1.1759,8326.0,1.17582,1.17597,1.1744959136025175
2025-09-15T14:00:00Z,1.17588,1.17606,1.17509,1.17578,8923.0,1.1757,1.17586,1.1746671251221819
2025-09-15T15:00:00Z,1.17579,1.17724,1.17564,1.17714,5798.0,1.17706,1.17723,1.1749968417725576
2025-09-15T16:00:00Z,1.17714,1.17746,1.17562,1.17583,5221.0,1.17576,1.1759,1.1751079295362166
2025-09-15T17:00:00Z,1.17582,1.17729,1.17581,1.17711,3660.0,1.17703,1.17719,1.175374872264721
2025-09-15T18:00:00Z,1.17712,1.17724,1.17663,1.17695,3671.0,1.17687,1.17703,1.1755848892960916
2025-09-15T19:00:00Z,1.17696,1.17722,1.17644,1.17656,2952.0,1.17649,1.17663,1.1757149040566128
2025-09-15T20:00:00Z,1.17656,1.17687,1.17602,1.17609,1746.0,1.17601,1.17617,1.1757649168490645
2025-09-15T21:00:00Z,1.17634,1.17666,1.17634,1.17658,640.0,1.17647,1.1767,1.1758735946025225
2025-09-15T22:00:00Z,1.17659,1.1766,1.17619,1.17631,1032.0,1.17623,1.17639,1.1759317819888528
2025-09-15T23:00:00Z,1.17634,1.17662,1.1763,1.17631,1564.0,1.17623,1.17639,1.1759822110570057
2025-09-16T00:00:00Z,1.1763,1.17663,1.17574,1.1762,4082.0,1.17612,1.17628,1.1760112495827384
2025-09-16T01:00:00Z,1.17621,1.17694,1.17582,1.17677,4769.0,1.17669,1.17685,1.17611241630504
2025-09-16T02:00:00Z,1.17678,1.17775,1.17674,1.17766,4153.0,1.17758,1.17774,1.1763187607977015
2025-09-16T03:00:00Z,1.17768,1.1787,1.17742,1.17802,3989.0,1.17795,1.1781,1.1765455926913413
2025-09-16T04:00:00Z,1.17803,1.17804,1.1774,1.1777,3380.0,1.17762,1.17777,1.1766995136658291
2025-09-16T05:00:00Z,1.17771,1.17803,1.17736,1.17781,3638.0,1.17773,1.17789,1.1768475785103854
2025-09-16T06:00:00Z,1.17783,1.17914,1.17777,1.17874,7663.0,1.17866,1.17882,1.1770999013756673
2025-09-16T07:00:00Z,1.17874,1.1802,1.17864,1.17944,8239.0,1.17936,1.17952,1.1774119145255784
2025-09-16T08:00:00Z,1.17942,1.18038,1.17902,1.1795,7218.0,1.17943,1.17958,1.177690325922168
2025-09-16T09:00:00Z,1.17952,1.18182,1.17951,1.18141,8589.0,1.18134,1.18148,1.178186282465879
2025-09-16T10:00:00Z,1.18142,1.18157,1.18042,1.18082,6971.0,1.18073,1.1809,1.178537444803762
2025-09-16T11:00:00Z,1.18084,1.18214,1.18013,1.18141,8067.0,1.18134,1.18148,1.1789204521632604
2025-09-16T12:00:00Z,1.18142,1.18155,1.179,1.18049,13762.0,1.1804,1.18058,1.179129725208159
2025-09-16T13:00:00Z,1.18048,1.18272,1.18042,1.18239,12684.0,1.18231,1.18247,1.1795644285137379
2025-09-16T14:00:00Z,1.1824,1.18532,1.18212,1.18518,16108.0,1.18511,1.18526,1.1803131713785728
2025-09-16T15:00:00Z,1.18518,1.18534,1.18351,1.18472,10008.0,1.18464,1.1848,1.1809007485280965
2025-09-16T16:00:00Z,1.18472,1.18719,1.18464,1.18645,8056.0,1.18636,1.18654,1.1816406487243503
2025-09-16T17:00:00Z,1.18644,1.18784,1.18636,1.1866,7375.0,1.18653,1.18668,1.1823018955611035
2025-09-16T18:00:00Z,1.1866,1.18711,1.18614,1.18668,5351.0,1.1866,1.18676,1.182885642819623
2025-09-16T19:00:00Z,1.18666,1.1869,1.18579,1.18602,4350.0,1.18595,1.1861,1.18330355711034
2025-09-16T20:00:00Z,1.186,1.18688,1.18583,1.18668,3293.0,1.18658,1.18678,1.183753749495628
2025-09-16T21:00:00Z,1.18606,1.18644,1.18602,1.1864,796.0,1.1863,1.18651,1.184106582896211
2025-09-16T22:00:00Z,1.18635,1.18684,1.18633,1.1866,1042.0,1.18653,1.18668,1.1844390385100496
2025-09-16T23:00:00Z,1.18662,1.1873,1.1866,1.1871,1384.0,1.18703,1.18718,1.1847938333753765
2025-09-17T00:00:00Z,1.18711,1.18729,1.18578,1.18582,4517.0,1.18574,1.18589,1.184930655591993
2025-09-17T01:00:00Z,1.18581,1.18594,1.18522,1.18561,4368.0,1.18552,1.1857,1.185021234846394
2025-09-17T02:00:00Z,1.1856,1.1858,1.18513,1.18556,3308.0,1.18548,1.18563,1.1850930702002083
2025-09-17T03:00:00Z,1.18554,1.18577,1.18514,1.18521,2145.0,1.18513,1.18529,1.1851086608401806
2025-09-17T04:00:00Z,1.1852,1.18553,1.18514,1.1854,1971.0,1.18532,1.18547,1.18514750606149
2025-09-17T05:00:00Z,1.1854,1.18597,1.1854,1.1858,2655.0,1.18573,1.18588,1.1852345052532913
2025-09-17T06:00:00Z,1.18582,1.186,1.18514,1.1856,6114.0,1.18552,1.18569,1.185283237886186
2025-09-17T07:00:00Z,1.18559,1.18561,1.1838,1.18405,7272.0,1.18398,1.18412,1.1851188061680278
2025-09-17T08:00:00Z,1.18404,1.18513,1.18396,1.18482,5495.0,1.18472,1.18493,1.1850789653456242
2025-09-17T09:00:00Z,1.18484,1.18498,1.18412,1.18457,5558.0,1.18449,1.18465,1.185011103299541
2025-09-17T10:00:00Z,1.18456,1.18469,1.18328,1.18362,5709.0,1.18354,1.18371,1.1848256228596021
2025-09-17T11:00:00Z,1.18362,1.18462,1.18348,1.18392,6274.0,1.18383,1.184,1.1847048731449885
2025-09-17T12:00:00Z,1.18392,1.1845,1.18342,1.18436,6013.0,1.18428,1.18444,1.18465889005899
2025-09-17T13:00:00Z,1.18436,1.1853,1.18424,1.185,7318.0,1.18492,1.18508,1.184704371384458
2025-09-17T14:00:00Z,1.185,1.18593,1.1846,1.18496,8096.0,1.18488,1.18505,1.1847384551998636
2025-09-17T15:00:00Z,1.18496,1.18527,1.18436,1.18446,5421.0,1.18438,1.18454,1.184701327839882
2025-09-17T16:00:00Z,1.18446,1.18563,1.18423,1.18532,5429.0,1.18525,1.1854,1.184783817461231
2025-09-17T17:00:00Z,1.18531,1.18552,1.18469,1.18542,4784.0,1.18514,1.18571,1.1848686417997336
2025-09-17T18:00:00Z,1.18542,1.19188,1.18191,1.18343,58129.0,1.18335,1.18351,1.1846768228931024
2025-09-17T19:00:00Z,1.18344,1.1857,1.18206,1.18246,26219.0,1.18236,1.18255,1.1843812465073555
2025-09-17T20:00:00Z,1.18246,1.18276,1.18078,1.18127,5848.0,1.18116,1.18138,1.1839664136397081
2025-09-17T21:00:00Z,1.18127,1.18168,1.18124,1.18162,581.0,1.18147,1.18176,1.183653558487747
2025-09-17T22:00:00Z,1.1816,1.18224,1.18124,1.18192,2232.0,1.18184,1.182,1.1834224173560475
2025-09-17T23:00:00Z,1.18192,1.1829,1.1818,1.18253,3044.0,1.18245,1.18261,1.1833034283752413
2025-09-18T00:00:00Z,1.18254,1.18284,1.18152,1.18254,7545.0,1.18245,1.18262,1.183201637925209
2025-09-18T01:00:00Z,1.18253,1.18288,1.18076,1.18139,8742.0,1.18131,1.18147,1.182960086201848
2025-09-18T02:00:00Z,1.1814,1.18226,1.18126,1.18195,4153.0,1.18187,1.18203,1.1828254080416016
2025-09-18T03:00:00Z,1.18196,1.18229,1.18116,1.18123,3270.0,1.18115,1.18131,1.182612686969388
2025-09-18T04:00:00Z,1.18124,1.18137,1.17938,1.1795,3934.0,1.17943,1.17958,1.1821976620401364
2025-09-18T05:00:00Z,1.17951,1.18004,1.17856,1.17909,5360.0,1.17901,1.17917,1.1817833071014516
2025-09-18T06:00:00Z,1.1791,1.17996,1.17804,1.17945,9018.0,1.17937,1.17953,1.1814721994879247
2025-09-18T07:00:00Z,1.17944,1.18386,1.17938,1.18316,11901.0,1.18308,1.18325,1.1816972395562015
2025-09-18T08:00:00Z,1.18316,1.18342,1.1821,1.18277,9887.0,1.18269,1.18285,1.1818402742820413
2025-09-18T09:00:00Z,1.18278,1.18484,1.18272,1.1838,8499.0,1.18373,1.18388,1.1821015710444358
2025-09-18T10:00:00Z,1.1838,1.18403,1.1831,1.18368,6171.0,1.1836,1.18376,1.1823120282385111
2025-09-18T11:00:00Z,1.18369,1.18372,1.18199,1.18254,9613.0,1.18247,1.18262,1.1823424244733762
2025-09-18T12:00:00Z,1.18253,1.18262,1.17954,1.17956,14210.0,1.17948,1.17965,1.1819714345435928
2025-09-18T13:00:00Z,1.17956,1.17964,1.17501,1.17672,19662.0,1.17663,1.17681,1.1812712432711139
2025-09-18T14:00:00Z,1.17672,1.1782,1.1763,1.17755,16796.0,1.17747,1.17763,1.1807750775016321
2025-09-18T15:00:00Z,1.17757,1.17877,1.17695,1.17796,11240.0,1.17787,1.17804,1.1803997338347478
2025-09-18T16:00:00Z,1.17795,1.1788,1.17722,1.17871,7751.0,1.17863,1.17879,1.1801744359901147
2025-09-18T17:00:00Z,1.1787,1.1794,1.17856,1.17878,5900.0,1.1787,1.17886,1.1799885111914328
2025-09-18T18:00:00Z,1.17876,1.17896,1.1782,1.17878,4818.0,1.1787,1.17886,1.1798273763659084
2025-09-18T19:00:00Z,1.17878,1.17912,1.17826,1.17849,4120.0,1.17841,1.17857,1.1796490595171207
2025-09-18T20:00:00Z,1.1785,1.17862,1.17815,1.1786,2675.0,1.17853,1.17868,1.179509184914838
2025-09-18T21:00:00Z,1.17889,1.179,1.17853,1.17876,1266.0,1.1786,1.17893,1.1794092935928597
2025-09-18T22:00:00Z,1.17876,1.17896,1.17844,1.17872,3418.0,1.17865,1.1788,1.1793173877804786
2025-09-18T23:00:00Z,1.17872,1.17907,1.17868,1.1789,1328.0,1.17881,1.17898,1.1792617360764148
2025-09-19T00:00:00Z,1.1789,1.17907,1.17754,1.17867,4703.0,1.17859,1.17875,1.1791828379328928
2025-09-19T01:00:00Z,1.17866,1.1787,1.17746,1.17754,5269.0,1.17746,1.17763,1.1789637928751737
2025-09-19T02:00:00Z,1.17754,1.1781,1.17721,1.17796,3981.0,1.17788,1.17805,1.1788299538251505
2025-09-19T03:00:00Z,1.17797,1.17928,1.17797,1.17816,7684.0,1.17808,1.17825,1.178740626648464
2025-09-19T04:00:00Z,1.17818,1.17898,1.17704,1.1774,6933.0,1.17733,1.17748,1.1785618764286687
2025-09-19T05:00:00Z,1.1774,1.1778,1.17709,1.17731,4894.0,1.17723,1.17739,1.1783949595715129
2025-09-19T06:00:00Z,1.17732,1.17776,1.17633,1.17665,12637.0,1.17657,1.17673,1.1781622982953113
2025-09-19T07:00:00Z,1.17667,1.17784,1.17574,1.177,12578.0,1.17693,1.17708,1.1780073251892698
2025-09-19T08:00:00Z,1.17701,1.1771,1.17508,1.1761,9222.0,1.17601,1.17619,1.1777530151640339
2025-09-19T09:00:00Z,1.1761,1.17688,1.17564,1.17598,7376.0,1.1759,1.17605,1.1775166131421628
2025-09-19T10:00:00Z,1.17598,1.17653,1.17584,1.17613,5926.0,1.17605,1.17621,1.1773317313898746
2025-09-19T11:00:00Z,1.17612,1.17624,1.17352,1.17369,8313.0,1.17361,1.17377,1.176846167204558
2025-09-19T12:00:00Z,1.1737,1.17434,1.17288,1.17362,10986.0,1.17354,1.17369,1.1764160115772837
2025-09-19T13:00:00Z,1.17361,1.17638,1.17355,1.17582,11939.0,1.17575,1.1759,1.1763365433669792
2025-09-19T14:00:00Z,1.17583,1.1768,1.17558,1.17572,11833.0,1.17564,1.1758,1.1762543375847154
2025-09-19T15:00:00Z,1.17572,1.17592,1.17374,1.17524,9819.0,1.17517,1.17532,1.1761190925734202
2025-09-19T16:00:00Z,1.17524,1.17553,1.17411,1.17532,5262.0,1.17525,1.1754,1.1760125468969642
2025-09-19T17:00:00Z,1.17531,1.17553,1.17487,1.17508,4293.0,1.17501,1.17515,1.1758882073107024
2025-09-19T18:00:00Z,1.17508,1.17514,1.17468,1.17482,3335.0,1.17474,1.17491,1.1757457796692754
2025-09-19T19:00:00Z,1.17482,1.17508,1.17452,1.17476,2711.0,1.17469,1.17484,1.1756143423800387
2025-09-19T20:00:00Z,1.17476,1.17485,1.17408,1.17472,2383.0,1.1744,1.17505,1.175495096729367
2025-09-21T21:00:00Z,1.17385,1.1747,1.17385,1.17466,585.0,1.17446,1.17487,1.1753837504987847
2025-09-21T22:00:00Z,1.17466,1.17492,1.1739,1.17408,1468.0,1.174,1.17417,1.1752099170989467
2025-09-21T23:00:00Z,1.17408,1.17416,1.17357,1.17366,2059.0,1.17357,1.17374,1.175003261485754
2025-09-22T00:00:00Z,1.17364,1.1738,1.17262,1.17346,4667.0,1.17337,1.17355,1.1747974932876535
2025-09-22T01:00:00Z,1.17346,1.1741,1.17316,1.17324,5710.0,1.17317,1.17332,1.1745898275159663
2025-09-22T02:00:00Z,1.17325,1.17338,1.17272,1.17281,4598.0,1.17274,1.17288,1.1743525171805043
2025-09-22T03:00:00Z,1.1728,1.17351,1.17278,1.17326,3501.0,1.17317,1.17335,1.1742068482231038
2025-09-22T04:00:00Z,1.17326,1.17326,1.17266,1.17308,2659.0,1.17299,1.17317,1.1740566017933567
2025-09-22T05:00:00Z,1.17308,1.17386,1.173,1.17386,3026.0,1.17378,1.17394,1.174030388220909
2025-09-22T06:00:00Z,1.17386,1.17487,1.1736,1.17436,6532.0,1.17427,1.17444,1.1740743364581212
2025-09-22T07:00:00Z,1.17436,1.17546,1.17392,1.17485,8584.0,1.17478,1.17492,1.174177758263705
2025-09-22T08:00:00Z,1.17482,1.17692,1.1747,1.17624,7302.0,1.17616,1.17632,1.1744527238285443
2025-09-22T09:00:00Z,1.17624,1.17762,1.17618,1.17759,5768.0,1.17752,1.17766,1.1748710273180718
2025-09-22T10:00:00Z,1.17757,1.17858,1.17738,1.1774,5437.0,1.17733,1.17748,1.1752082236756622
2025-09-22T11:00:00Z,1.1774,1.17824,1.17694,1.17782,4650.0,1.17774,1.17789,1.1755564605189073
2025-09-22T12:00:00Z,1.17784,1.17874,1.17732,1.17832,8266.0,1.17823,1.17841,1.1759249324497196
2025-09-22T13:00:00Z,1.17834,1.1788,1.17686,1.17768,10370.0,1.17761,1.17776,1.1761589414564237
2025-09-22T14:00:00Z,1.17767,1.17772,1.17629,1.17698,8145.0,1.1769,1.17706,1.1762684159289005
2025-09-22T15:00:00Z,1.17698,1.17756,1.17642,1.17726,6511.0,1.17718,1.17734,1.1764006271383805
2025-09-22T16:00:00Z,1.17725,1.17904,1.17716,1.17882,5306.0,1.17873,1.1789,1.1767232101865963
2025-09-22T17:00:00Z,1.17884,1.17971,1.17856,1.17966,3152.0,1.17958,1.17973,1.1771147821617167
2025-09-22T18:00:00Z,1.17963,1.17993,1.17924,1.17964,2987.0,1.17957,1.17972,1.177451477873488
2025-09-22T19:00:00Z,1.17965,1.18022,1.17954,1.18,2200.0,1.17992,1.18007,1.1777912808236894
2025-09-22T20:00:00Z,1.18,1.18032,1.17978,1.18025,1750.0,1.18015,1.18035,1.1781191100471975
2025-09-22T21:00:00Z,1.1798,1.18007,1.17952,1.17992,2794.0,1.17971,1.18014,1.1783592287075713
2025-09-22T22:00:00Z,1.17996,1.18043,1.1799,1.18012,985.0,1.18004,1.18019,1.1785939982132285
2025-09-22T23:00:00Z,1.18012,1.18029,1.17997,1.18007,1064.0,1.17999,1.18015,1.1787907984514647
2025-09-23T00:00:00Z,1.18006,1.18074,1.1797,1.18063,3037.0,1.18056,1.1807,1.1790360253246028
2025-09-23T01:00:00Z,1.18062,1.182,1.18042,1.1815,4738.0,1.18141,1.18158,1.1793645552813226
2025-09-23T02:00:00Z,1.1815,1.18168,1.18016,1.18044,4222.0,1.18036,1.18053,1.1795079479104795
2025-09-23T03:00:00Z,1.18044,1.18064,1.17968,1.18058,3347.0,1.18051,1.18066,1.1796508881890824
2025-09-23T04:00:00Z,1.18058,1.1808,1.17975,1.17977,2684.0,1.17969,1.17985,1.1796667697638714
2025-09-23T05:00:00Z,1.17976,1.1805,1.1795,1.17986,3761.0,1.17977,1.17995,1.1796925337953552
2025-09-23T06:00:00Z,1.17985,1.18046,1.17901,1.17948,6947.0,1.1794,1.17957,1.1796641959559746
2025-09-23T07:00:00Z,1.17948,1.18002,1.1779,1.17907,13061.0,1.17899,1.17915,1.1795849698285115
2025-09-23T08:00:00Z,1.17906,1.18054,1.1784,1.18028,9832.0,1.1802,1.18037,1.1796776405180434
2025-09-23T09:00:00Z,1.1803,1.18125,1.18005,1.18022,6663.0,1.18015,1.1803,1.1797499551156376
2025-09-23T10:00:00Z,1.18023,1.18067,1.17906,1.1796,5855.0,1.17953,1.17968,1.1797299611002192
2025-09-23T11:00:00Z,1.17962,1.18002,1.17915,1.17918,5255.0,1.1791,1.17926,1.1796566329535234
2025-09-23T12:00:00Z,1.17919,1.17986,1.17844,1.1797,6842.0,1.17962,1.17978,1.179662415226387
2025-09-23T13:00:00Z,1.17968,1.18046,1.17841,1.17995,12053.0,1.17986,1.18004,1.1797007598628688
2025-09-23T14:00:00Z,1.17996,1.18053,1.17925,1.17954,13082.0,1.17947,1.17962,1.1796793252144864
2025-09-23T15:00:00Z,1.17954,1.17992,1.1788,1.17984,7196.0,1.17977,1.17992,1.1797007485192215
2025-09-23T16:00:00Z,1.17986,1.18092,1.17918,1.1805,8501.0,1.18041,1.18058,1.1798073153833253
2025-09-23T17:00:00Z,1.18049,1.18178,1.1803,1.18119,7303.0,1.18111,1.18127,1.1799916733322153
2025-09-23T18:00:00Z,1.18118,1.18168,1.18084,1.18112,4475.0,1.18104,1.1812,1.18014211688792
2025-09-23T19:00:00Z,1.18112,1.18182,1.18072,1.18164,4145.0,1.18156,1.18171,1.1803418346361974
2025-09-23T20:00:00Z,1.18164,1.18183,1.18116,1.18148,1935.0,1.1814,1.18155,1.1804935900180378
2025-09-23T21:00:00Z,1.18139,1.18151,1.1811,1.18145,902.0,1.18128,1.18162,1.1806211113489662
2025-09-23T22:00:00Z,1.18145,1.18194,1.18142,1.18148,2376.0,1.18139,1.18157,1.1807356298357707
2025-09-23T23:00:00Z,1.1815,1.18174,1.18127,1.18154,1733.0,1.18145,1.18162,1.1808428791910013
2025-09-24T00:00:00Z,1.18154,1.18166,1.18032,1.18039,5432.0,1.18031,1.18047,1.180782495298868
2025-09-24T01:00:00Z,1.1804,1.18052,1.17978,1.18002,6941.0,1.17994,1.1801,1.180680829259019
2025-09-24T02:00:00Z,1.18002,1.1804,1.17961,1.17968,4653.0,1.1796,1.17977,1.1805473853578166
2025-09-24T03:00:00Z,1.17969,1.18,1.1795,1.17974,3327.0,1.17966,1.17983,1.1804397339767745
2025-09-24T04:00:00Z,1.17975,1.18046,1.17956,1.1803,3353.0,1.18022,1.18038,1.1804211027798712
2025-09-24T05:00:00Z,1.1803,1.18052,1.17922,1.1798,3629.0,1.17972,1.17988,1.1803382890758884
2025-09-24T06:00:00Z,1.1798,1.1803,1.17862,1.17875,7066.0,1.17867,1.17883,1.1801265171991033
2025-09-24T07:00:00Z,1.17874,1.17947,1.17844,1.17888,8981.0,1.1788,1.17895,1.1799603149058895
2025-09-24T08:00:00Z,1.17886,1.17886,1.17664,1.1772,8225.0,1.17712,1.17729,1.1795922729184376
2025-09-24T09:00:00Z,1.17721,1.1775,1.17624,1.17678,6679.0,1.1767,1.17685,1.1792173031959792
2025-09-24T10:00:00Z,1.17677,1.17701,1.17509,1.17519,5949.0,1.17511,1.17527,1.1786803294365154
2025-09-24T11:00:00Z,1.17518,1.17555,1.17464,1.17492,6427.0,1.17484,1.175,1.1781789521783133
2025-09-24T12:00:00Z,1.17492,1.1758,1.17394,1.17426,10012.0,1.17418,1.17434,1.177656425221205
2025-09-24T13:00:00Z,1.17426,1.17436,1.17304,1.17386,12119.0,1.17376,1.17395,1.177150235191711
2025-09-24T14:00:00Z,1.17388,1.17464,1.17282,1.1743,14017.0,1.17422,1.17438,1.176770203832816
2025-09-24T15:00:00Z,1.17431,1.1746,1.1737,1.17418,9852.0,1.17409,1.17426,1.1764248433217739
2025-09-24T16:00:00Z,1.17418,1.17438,1.17302,1.17326,7241.0,1.17318,1.17335,1.176002864212204
2025-09-24T17:00:00Z,1.17327,1.17407,1.17317,1.17378,4975.0,1.17369,1.17386,1.1757064823172436
2025-09-24T18:00:00Z,1.17378,1.17386,1.17326,1.17368,5180.0,1.1736,1.17375,1.1754362846749444
2025-09-24T19:00:00Z,1.17368,1.17393,1.1732,1.17379,3915.0,1.17372,1.17386,1.1752167800516184
2025-09-24T20:00:00Z,1.1738,1.17395,1.17352,1.1738,2276.0,1.17372,1.17389,1.175027876044736
2025-09-24T21:00:00Z,1.17395,1.17402,1.17384,1.17394,538.0,1.17381,1.17408,1.1748828259054378
2025-09-24T22:00:00Z,1.17395,1.17454,1.17394,1.17448,1000.0,1.17439,1.17457,1.1748291157847128
2025-09-24T23:00:00Z,1.17448,1.17463,1.17422,1.17422,1795.0,1.17414,1.17431,1.1747479003467511
2025-09-25T00:00:00Z,1.17421,1.17484,1.17407,1.17474,4854.0,1.17466,1.17483,1.1747468469671845
2025-09-25T01:00:00Z,1.17475,1.17495,1.17406,1.17445,4974.0,1.17437,1.17453,1.17470726737156
2025-09-25T02:00:00Z,1.17446,1.17519,1.17434,1.17498,3598.0,1.1749,1.17505,1.1747436317220186
2025-09-25T03:00:00Z,1.17497,1.17538,1.17478,1.17526,2751.0,1.17517,1.17534,1.1748124808257494
2025-09-25T04:00:00Z,1.17525,1.17536,1.1749,1.17521,1917.0,1.17513,1.17529,1.1748654833823162
2025-09-25T05:00:00Z,1.1752,1.17524,1.17406,1.17422,3303.0,1.17414,1.17429,1.1747794189313407
2025-09-25T06:00:00Z,1.17423,1.17524,1.17381,1.1746,7044.0,1.17452,1.17467,1.174755496407162
2025-09-25T07:00:00Z,1.17459,1.17481,1.17312,1.17334,9785.0,1.17326,1.17342,1.1745667635528738
2025-09-25T08:00:00Z,1.17336,1.17446,1.17306,1.17428,8353.0,1.1742,1.17436,1.1745285284124907
2025-09-25T09:00:00Z,1.1743,1.17519,1.1739,1.1745,6228.0,1.17442,1.17457,1.1745247246241586
2025-09-25T10:00:00Z,1.17449,1.1754,1.17444,1.1747,5637.0,1.17462,1.17477,1.1745480946742708
2025-09-25T11:00:00Z,1.17469,1.17472,1.17346,1.17402,7036.0,1.17393,1.1741,1.1744776820510348
2025-09-25T12:00:00Z,1.17402,1.17456,1.16876,1.16981,18969.0,1.16973,1.16989,1.1738553244442302
2025-09-25T13:00:00Z,1.16981,1.17104,1.16831,1.1686,16885.0,1.16852,1.16869,1.173154614518333
2025-09-25T14:00:00Z,1.16858,1.16948,1.16737,1.16762,16336.0,1.16754,1.16769,1.1724166659158886
2025-09-25T15:00:00Z,1.16762,1.16808,1.16667,1.16723,10172.0,1.16716,1.1673,1.1717251104604367
2025-09-25T16:00:00Z,1.16724,1.16834,1.16688,1.1671,8418.0,1.16702,1.16717,1.1711084290657119
2025-09-25T17:00:00Z,1.16708,1.16723,1.16522,1.16576,7035.0,1.16568,1.16584,1.1703953051902836
2025-09-25T18:00:00Z,1.16578,1.166,1.16456,1.16524,6998.0,1.16515,1.16532,1.1697079311649123
2025-09-25T19:00:00Z,1.16524,1.1663,1.16518,1.16606,4500.0,1.16598,1.16614,1.169221540342924
2025-09-25T20:00:00Z,1.16606,1.16691,1.16594,1.1666,3161.0,1.16652,1.16668,1.1688720016305343
2025-09-25T21:00:00Z,1.16615,1.16668,1.16599,1.16618,10697.0,1.16575,1.16662,1.1685130680797964
2025-09-25T22:00:00Z,1.1661,1.16689,1.16608,1.16684,1045.0,1.16676,1.16692,1.1682899923358236
2025-09-25T23:00:00Z,1.16684,1.16684,1.16599,1.16618,2330.0,1.16611,1.16625,1.1680086600243804
2025-09-26T00:00:00Z,1.16617,1.16716,1.16582,1.16714,5132.0,1.16706,1.16722,1.1678928386877965
2025-09-26T01:00:00Z,1.16716,1.16737,1.16655,1.16678,4861.0,1.1667,1.16687,1.1677444601960902
2025-09-26T02:00:00Z,1.1668,1.16795,1.16676,1.16772,3303.0,1.16764,1.16779,1.1677411988366115
2025-09-26T03:00:00Z,1.16772,1.1679,1.1675,1.16783,2540.0,1.16775,1.16791,1.16775303899173
2025-09-26T04:00:00Z,1.16782,1.1682,1.16744,1.168,2786.0,1.16792,1.16808,1.1677859671261661
2025-09-26T05:00:00Z,1.168,1.1682,1.16764,1.16772,3427.0,1.16764,1.1678,1.167777171509344
2025-09-26T06:00:00Z,1.16772,1.1684,1.16718,1.16798,7600.0,1.16791,1.16806,1.167804215308098
2025-09-26T07:00:00Z,1.16798,1.16832,1.16685,1.1673,8305.0,1.16723,1.16738,1.1677369866003517
2025-09-26T08:00:00Z,1.16732,1.1688,1.16708,1.16806,7316.0,1.16798,1.16813,1.1677800550536381
2025-09-26T09:00:00Z,1.16806,1.16844,1.16759,1.16786,6419.0,1.16778,1.16794,1.1677907143798196
2025-09-26T10:00:00Z,1.16786,1.16812,1.16616,1.16631,5615.0,1.16623,1.16639,1.1675932857958438
2025-09-26T11:00:00Z,1.16634,1.1676,1.16627,1.16678,6365.0,1.1667,1.16686,1.1674848476897313
2025-09-26T12:00:00Z,1.16678,1.16863,1.16668,1.16832,14149.0,1.16823,1.1684,1.1675962013311005
2025-09-26T13:00:00Z,1.1683,1.16946,1.16782,1.16844,14435.0,1.16835,1.16852,1.1677087078202872
2025-09-26T14:00:00Z,1.16842,1.17048,1.16838,1.16912,15531.0,1.16905,1.1692,1.1678968801109157
2025-09-26T15:00:00Z,1.16912,1.17,1.1687,1.16912,9562.0,1.16904,1.1692,1.1680599627627937
2025-09-26T16:00:00Z,1.16912,1.1697,1.16866,1.16928,6155.0,1.1692,1.16937,1.1682226343944213
2025-09-26T17:00:00Z,1.16928,1.17018,1.16908,1.16998,4901.0,1.16991,1.17005,1.1684569498084985
2025-09-26T18:00:00Z,1.16999,1.17058,1.1696,1.17039,4865.0,1.17031,1.17047,1.168714689834032
2025-09-26T19:00:00Z,1.17038,1.17058,1.16984,1.17057,2847.0,1.17049,1.17065,1.1689620645228278
2025-09-26T20:00:00Z,1.17056,1.17074,1.1699,1.17002,3015.0,1.16993,1.17012,1.1691031225864508
2025-09-28T21:00:00Z,1.1703,1.1705,1.1702,1.17038,2213.0,1.17021,1.17054,1.1692733729082574
2025-09-28T22:00:00Z,1.17039,1.17063,1.17026,1.17044,1367.0,1.17037,1.17052,1.1694289231871564
2025-09-28T23:00:00Z,1.17046,1.17099,1.1704,1.1705,1968.0,1.17043,1.17057,1.1695717334288689
2025-09-29T00:00:00Z,1.17049,1.17234,1.17046,1.17216,4622.0,1.17208,1.17225,1.1699168356383531
2025-09-29T01:00:00Z,1.17216,1.17254,1.17144,1.17232,4623.0,1.17225,1.17239,1.1702372575532394
2025-09-29T02:00:00Z,1.17231,1.17286,1.17226,1.17262,3907.0,1.17253,1.1727,1.1705549565461408
2025-09-29T03:00:00Z,1.17261,1.17294,1.17251,1.17252,2978.0,1.17244,1.17259,1.1708169623399887
2025-09-29T04:00:00Z,1.1725,1.17332,1.17229,1.17271,2638.0,1.17263,1.17279,1.1710693673613235
2025-09-29T05:00:00Z,1.17272,1.17334,1.1724,1.17285,5208.0,1.17277,1.17293,1.1713067850464804
2025-09-29T06:00:00Z,1.17283,1.17287,1.1718,1.17197,7306.0,1.17189,1.17205,1.1713952137069497
2025-09-29T07:00:00Z,1.17196,1.17331,1.17175,1.1727,8198.0,1.17262,1.17278,1.1715691852126897
2025-09-29T08:00:00Z,1.17271,1.17288,1.1708,1.17238,7278.0,1.1723,1.17246,1.1716772938509978
2025-09-29T09:00:00Z,1.17238,1.17263,1.17168,1.17177,6197.0,1.17169,1.17185,1.1716896546708648
2025-09-29T10:00:00Z,1.17176,1.17218,1.17156,1.17199,5116.0,1.17191,1.17207,1.1717297007147496
2025-09-29T11:00:00Z,1.172,1.1731,1.17092,1.1729,6860.0,1.17283,1.17298,1.1718857406194496
2025-09-29T12:00:00Z,1.17289,1.17512,1.17185,1.175,12961.0,1.17493,1.17507,1.172300975203523
2025-09-29T13:00:00Z,1.17499,1.17546,1.17372,1.17409,12711.0,1.17401,1.17417,1.1725395118430533
2025-09-29T14:00:00Z,1.1741,1.17448,1.17294,1.17302,10385.0,1.17295,1.1731,1.1726035769306462
2025-09-29T15:00:00Z,1.17303,1.17342,1.17228,1.17291,8728.0,1.17283,1.17299,1.1726444333398933
2025-09-29T16:00:00Z,1.1729,1.17332,1.17254,1.17294,4177.0,1.17286,1.17301,1.1726838422279076
2025-09-29T17:00:00Z,1.17294,1.17316,1.17214,1.17216,4171.0,1.17208,1.17224,1.17261399659752
2025-09-29T18:00:00Z,1.17218,1.1733,1.17202,1.17313,3385.0,1.17305,1.17321,1.172682797051184
2025-09-29T19:00:00Z,1.17313,1.17316,1.1726,1.17277,2937.0,1.17269,1.17285,1.1726944241110262
2025-09-29T20:00:00Z,1.17275,1.17278,1.17234,1.17267,1757.0,1.1726,1.17274,1.1726911675628895
2025-09-29T21:00:00Z,1.1727,1.17288,1.17252,1.17264,1665.0,1.1725,1.17279,1.1726843452211708
2025-09-29T22:00:00Z,1.17267,1.1728,1.17245,1.17276,624.0,1.17269,1.17284,1.1726944325250148
2025-09-29T23:00:00Z,1.17278,1.17325,1.17273,1.17308,1357.0,1.173,1.17316,1.1727458415216796
2025-09-30T00:00:00Z,1.17308,1.17315,1.17127,1.17208,5517.0,1.172,1.17216,1.1726570626521224
2025-09-30T01:00:00Z,1.1721,1.17258,1.17135,1.17142,5905.0,1.17133,1.1715,1.1724921209651729
2025-09-30T02:00:00Z,1.17141,1.17238,1.17122,1.17224,3595.0,1.17216,1.17233,1.1724585048364833
2025-09-30T03:00:00Z,1.17224,1.17264,1.17204,1.17238,3406.0,1.17229,1.17246,1.1724480375249522
2025-09-30T04:00:00Z,1.17239,1.17288,1.17186,1.17287,3723.0,1.17278,1.17296,1.172504299188292
2025-09-30T05:00:00Z,1.17286,1.17372,1.17282,1.17334,4292.0,1.17324,1.17343,1.1726157259631864
2025-09-30T06:00:00Z,1.17334,1.17438,1.1731,1.17374,7661.0,1.17366,1.17382,1.172765629168095
2025-09-30T07:00:00Z,1.17374,1.17485,1.17364,1.17418,9060.0,1.17411,1.17426,1.1729542119456824
2025-09-30T08:00:00Z,1.1742,1.17618,1.1742,1.17556,9584.0,1.17547,1.17565,1.1733016503529248
2025-09-30T09:00:00Z,1.17556,1.17586,1.17451,1.17484,6197.0,1.17476,1.17491,1.1735067636392016
2025-09-30T10:00:00Z,1.17484,1.17515,1.17404,1.17456,5404.0,1.17448,1.17464,1.1736471951539746
2025-09-30T11:00:00Z,1.17458,1.17487,1.17366,1.17424,5868.0,1.17416,1.17433,1.1737262358001115
2025-09-30T12:00:00Z,1.17424,1.17476,1.17332,1.17373,8102.0,1.17365,1.17381,1.17372673769343
2025-09-30T13:00:00Z,1.17372,1.17394,1.17165,1.17304,11317.0,1.17292,1.17317,1.1736351726676393
2025-09-30T14:00:00Z,1.17306,1.17525,1.17239,1.17499,16442.0,1.17491,1.17507,1.173815816311954
2025-09-30T15:00:00Z,1.17498,1.17504,1.17256,1.17344,12215.0,1.17335,1.17352,1.1737657074703602
2025-09-30T16:00:00Z,1.17342,1.17591,1.1734,1.17565,6971.0,1.17557,1.17573,1.1740169464743122
2025-09-30T17:00:00Z,1.17566,1.17614,1.17468,1.17494,5374.0,1.17486,1.17502,1.1741400202777372
2025-09-30T18:00:00Z,1.17492,1.17494,1.17358,1.17408,4750.0,1.17401,1.17416,1.1741320175740388
2025-09-30T19:00:00Z,1.17408,1.17412,1.17363,1.174,3908.0,1.17392,1.17407,1.1741144152308336
2025-09-30T20:00:00Z,1.17398,1.17405,1.17331,1.17336,2021.0,1.17329,1.17344,1.1740138265333893
2025-09-30T21:00:00Z,1.17356,1.1738,1.17343,1.1736,3939.0,1.1733,1.1739,1.1739586496622707
2025-09-30T22:00:00Z,1.17361,1.17423,1.17334,1.17342,1610.0,1.17335,1.1735,1.1738868297073013
2025-09-30T23:00:00Z,1.17346,1.17428,1.17338,1.17345,2217.0,1.17337,1.17353,1.1738285857463278
2025-10-01T00:00:00Z,1.17344,1.17384,1.17297,1.1736,4198.0,1.17352,1.17369,1.1737981076468174
2025-10-01T01:00:00Z,1.17362,1.17408,1.17304,1.17392,2674.0,1.17383,1.174,1.173814359960575
2025-10-01T02:00:00Z,1.17392,1.17396,1.17324,1.17378,2909.0,1.1737,1.17385,1.1738097786324984
2025-10-01T03:00:00Z,1.17378,1.1739,1.1734,1.17378,2561.0,1.17371,1.17386,1.1738058081481653
2025-10-01T04:00:00Z,1.1738,1.17588,1.17379,1.17583,3088.0,1.17575,1.17591,1.1740757003950766
2025-10-01T05:00:00Z,1.17587,1.17671,1.17522,1.17524,5485.0,1.17516,1.17531,1.1742309403423998
2025-10-01T06:00:00Z,1.17522,1.1775,1.17507,1.17678,10044.0,1.1767,1.17687,1.1745708149634133
2025-10-01T07:00:00Z,1.17676,1.17787,1.1742,1.17498,16329.0,1.1749,1.17507,1.1746253729682916
2025-10-01T08:00:00Z,1.17501,1.1766,1.17494,1.17495,11639.0,1.17487,1.17503,1.1746686565725195
2025-10-01T09:00:00Z,1.17496,1.17542,1.17308,1.1733,8768.0,1.17323,1.17338,1.174486169029517
2025-10-01T10:00:00Z,1.1733,1.17336,1.1716,1.17254,9713.0,1.17247,1.17262,1.1742266798255814
2025-10-01T11:00:00Z,1.17255,1.17402,1.17252,1.17344,7219.0,1.17336,1.17351,1.1741217891821705
2025-10-01T12:00:00Z,1.17344,1.1769,1.17226,1.17492,26891.0,1.17483,1.175,1.1742282172912144
2025-10-01T13:00:00Z,1.17492,1.17616,1.17462,1.17547,15790.0,1.17529,1.17565,1.1743937883190525
2025-10-01T14:00:00Z,1.17548,1.17635,1.17309,1.17465,22989.0,1.17457,1.17473,1.1744279498765122
2025-10-01T15:00:00Z,1.17463,1.17493,1.17215,1.1723,15162.0,1.17221,1.17238,1.1741442232263106
2025-10-01T16:00:00Z,1.17229,1.17268,1.17155,1.17228,8552.0,1.17219,1.17236,1.1738956601294692
2025-10-01T17:00:00Z,1.17229,1.17327,1.17229,1.17238,5343.0,1.17231,1.17246,1.1736935721122066
2025-10-01T18:00:00Z,1.1724,1.17419,1.17216,1.17348,6251.0,1.17339,1.17356,1.1736650958305792
2025-10-01T19:00:00Z,1.17349,1.17372,1.17298,1.17306,4128.0,1.17297,1.17314,1.173584416386502
2025-10-01T20:00:00Z,1.17305,1.17313,1.17262,1.17312,2500.0,1.17302,1.17322,1.1735224942016351
2025-10-01T21:00:00Z,1.17308,1.17343,1.1729,1.17326,5039.0,1.17293,1.1736,1.1734874949747505
2025-10-01T22:00:00Z,1.17324,1.17375,1.17319,1.1734,1301.0,1.17332,1.17349,1.173475828978117
2025-10-01T23:00:00Z,1.1734,1.17372,1.17328,1.1733,1186.0,1.17322,1.17337,1.1734523851143681
2025-10-02T00:00:00Z,1.17328,1.17353,1.17246,1.17298,4559.0,1.17291,1.17305,1.1733894004324523
2025-10-02T01:00:00Z,1.17298,1.17392,1.17238,1.17388,4501.0,1.17379,1.17398,1.1734548137081253
2025-10-02T02:00:00Z,1.17389,1.1742,1.17368,1.17371,2446.0,1.17363,1.17379,1.173488838547042
2025-10-02T03:00:00Z,1.17372,1.17389,1.17326,1.17348,1923.0,1.17339,1.17356,1.173487660074103
2025-10-02T04:00:00Z,1.17349,1.17358,1.17301,1.17344,2183.0,1.17336,1.17353,1.1734813053975561
2025-10-02T05:00:00Z,1.17343,1.17371,1.17296,1.17356,3438.0,1.17348,1.17365,1.1734917980112154
2025-10-02T06:00:00Z,1.17358,1.17452,1.1734,1.17429,8360.0,1.17421,1.17437,1.1735982249430534
2025-10-02T07:00:00Z,1.1743,1.17568,1.17409,1.175,8277.0,1.17492,1.17509,1.1737851282839797
2025-10-02T08:00:00Z,1.17501,1.17568,1.1745,1.17538,7030.0,1.1753,1.17547,1.173997777846116
2025-10-02T09:00:00Z,1.17539,1.17584,1.17506,1.17549,6315.0,1.17541,1.17557,1.1741967407999672
2025-10-02T10:00:00Z,1.17548,1.17548,1.17462,1.17521,5804.0,1.17514,1.17528,1.1743318420266382
2025-10-02T11:00:00Z,1.17521,1.17566,1.17471,1.17504,6001.0,1.17495,1.17512,1.174426263089753
2025-10-02T12:00:00Z,1.17502,1.17584,1.17344,1.17376,8427.0,1.17368,1.17383,1.1743374280111194
2025-10-02T13:00:00Z,1.17376,1.1744,1.17134,1.17225,13459.0,1.17217,1.17233,1.1740591042763036
2025-10-02T14:00:00Z,1.17225,1.17225,1.1705,1.17134,14559.0,1.17126,1.17142,1.173696557039463
2025-10-02T15:00:00Z,1.17132,1.17133,1.16832,1.16966,12545.0,1.16959,1.16974,1.1731583494342013
2025-10-02T16:00:00Z,1.16965,1.17151,1.16951,1.1715,7164.0,1.17141,1.17158,1.1729372361763077
2025-10-02T17:00:00Z,1.17149,1.17204,1.17124,1.17136,4748.0,1.17129,1.17144,1.1727269380194667
2025-10-02T18:00:00Z,1.17135,1.17224,1.17125,1.17211,3822.0,1.17203,1.17219,1.1726446796168712
2025-10-02T19:00:00Z,1.1721,1.17269,1.17174,1.17189,2825.0,1.17181,1.17197,1.1725440556679552
2025-10-02T20:00:00Z,1.1719,1.17242,1.17145,1.17165,2114.0,1.17156,1.17174,1.1724248482455613
2025-10-02T21:00:00Z,1.17146,1.172,1.17146,1.17186,1259.0,1.17164,1.17207,1.172349535146153
2025-10-02T22:00:00Z,1.17179,1.17211,1.17173,1.17192,695.0,1.17183,1.17201,1.1722922637933326
2025-10-02T23:00:00Z,1.17194,1.1726,1.17187,1.17247,1202.0,1.17239,1.17255,1.1723159619542216
2025-10-03T00:00:00Z,1.17246,1.17247,1.1719,1.17242,3364.0,1.17234,1.17251,1.1723298336936587
2025-10-03T01:00:00Z,1.17243,1.17293,1.17162,1.17269,5829.0,1.17261,1.17277,1.1723778558678377
2025-10-03T02:00:00Z,1.17268,1.17277,1.17206,1.17244,2748.0,1.17236,1.17253,1.172386141752126
2025-10-03T03:00:00Z,1.17244,1.1727,1.17198,1.17264,2586.0,1.17257,1.17271,1.1724199895185092
2025-10-03T04:00:00Z,1.17262,1.17281,1.17179,1.1718,2428.0,1.17172,1.17188,1.1723373242493746
2025-10-03T05:00:00Z,1.1718,1.17216,1.17149,1.17171,4342.0,1.17162,1.1718,1.1722536810161248
2025-10-03T06:00:00Z,1.17171,1.1729,1.17162,1.17204,5967.0,1.17196,1.17212,1.1722251902139749
2025-10-03T07:00:00Z,1.17204,1.17344,1.17204,1.17325,6462.0,1.17317,1.17333,1.1723618315187783
2025-10-03T08:00:00Z,1.17324,1.17446,1.17312,1.17402,7583.0,1.17395,1.1741,1.172582920649608
2025-10-03T09:00:00Z,1.17402,1.17407,1.17312,1.17372,5522.0,1.17364,1.1738,1.1727345312296602
2025-10-03T10:00:00Z,1.17372,1.174,1.17338,1.17364,4055.0,1.17357,1.17372,1.172855260399039
2025-10-03T11:00:00Z,1.17364,1.17429,1.17311,1.17338,6660.0,1.17331,1.17346,1.1729252256791671
2025-10-03T12:00:00Z,1.1734,1.17408,1.1727,1.17395,8988.0,1.17387,1.17403,1.1730618622552782
2025-10-03T13:00:00Z,1.17396,1.17445,1.17327,1.1738,11678.0,1.17369,1.17391,1.1731602806212411
2025-10-03T14:00:00Z,1.17393,1.17594,1.17341,1.17408,18952.0,1.174,1.17416,1.1732829098717423
2025-10-03T15:00:00Z,1.1741,1.17488,1.17366,1.17462,7723.0,1.17455,1.1747,1.17346118855551
2025-10-03T16:00:00Z,1.17464,1.17485,1.17378,1.17398,4723.0,1.17391,1.17406,1.1735303634147753
2025-10-03T17:00:00Z,1.17398,1.17418,1.1732,1.1734,4522.0,1.17331,1.17348,1.1735129816261387
2025-10-03T18:00:00Z,1.17339,1.17403,1.17268,1.17398,4598.0,1.17389,1.17406,1.1735752507426536
2025-10-03T19:00:00Z,1.17395,1.17425,1.17372,1.1741,2356.0,1.17401,1.17418,1.1736452173102998
2025-10-03T20:00:00Z,1.1741,1.17445,1.17386,1.17429,2554.0,1.17417,1.17441,1.1737311883355932
2025-10-05T21:00:00Z,1.17266,1.17284,1.1722,1.1727,781.0,1.17234,1.17307,1.1735936965575142
2025-10-05T22:00:00Z,1.17266,1.17282,1.17157,1.17163,4777.0,1.17154,1.17172,1.1733318703498457
2025-10-05T23:00:00Z,1.17162,1.17165,1.17064,1.1712,9072.0,1.17112,1.17128,1.1730476209698664
2025-10-06T00:00:00Z,1.1712,1.17192,1.17102,1.17162,7535.0,1.17154,1.17169,1.1728572715072176
2025-10-06T01:00:00Z,1.17162,1.1725,1.17101,1.17242,6336.0,1.17235,1.1725,1.1727989686395885
2025-10-06T02:00:00Z,1.17242,1.17309,1.17238,1.17271,4069.0,1.17262,1.1728,1.17278710615431
2025-10-06T03:00:00Z,1.1727,1.17302,1.17234,1.17246,3479.0,1.17238,1.17254,1.172743492000402
2025-10-06T04:00:00Z,1.17246,1.17274,1.17196,1.17202,4400.0,1.17195,1.1721,1.1726470264003486
2025-10-06T05:00:00Z,1.17202,1.17254,1.1714,1.17172,4183.0,1.17163,1.1718,1.172523422880302
2025-10-06T06:00:00Z,1.1717,1.17196,1.16902,1.16936,10201.0,1.16929,1.16944,1.1721016331629286
2025-10-06T07:00:00Z,1.16935,1.17122,1.16624,1.16628,20964.0,1.16619,1.16637,1.1713254154078714
2025-10-06T08:00:00Z,1.16627,1.16798,1.16518,1.16677,14783.0,1.16669,1.16685,1.170718026686822
2025-10-06T09:00:00Z,1.16676,1.16698,1.16572,1.16664,8842.0,1.16656,1.16671,1.1701742897952458
2025-10-06T10:00:00Z,1.16664,1.16671,1.16526,1.16634,8345.0,1.16626,1.16641,1.1696630511558797
2025-10-06T11:00:00Z,1.16632,1.1679,1.16574,1.16752,7565.0,1.16745,1.1676,1.1693773110017625
2025-10-06T12:00:00Z,1.16752,1.16898,1.1673,1.16891,14192.0,1.16883,1.16899,1.1693150028681942
2025-10-06T13:00:00Z,1.16892,1.17031,1.16838,1.16996,11181.0,1.16988,1.17003,1.1694010024857684
2025-10-06T14:00:00Z,1.16995,1.17178,1.16952,1.17165,11432.0,1.17157,1.17173,1.1697008688209993
2025-10-06T15:00:00Z,1.17166,1.1721,1.17029,1.17064,8764.0,1.17056,1.17072,1.1698260863115328
2025-10-06T16:00:00Z,1.17064,1.17122,1.17032,1.17122,4848.0,1.17114,1.1713,1.1700119414699952
2025-10-06T17:00:00Z,1.17122,1.1716,1.17096,1.17103,3956.0,1.17096,1.1711,1.1701476826073292
2025-10-06T18:00:00Z,1.17102,1.17156,1.17095,1.17126,3754.0,1.17118,1.17135,1.1702959915930187
2025-10-06T19:00:00Z,1.17126,1.1717,1.17101,1.17107,3165.0,1.171,1.17114,1.1703991927139497
2025-10-06T20:00:00Z,1.17106,1.1714,1.17085,1.17136,2076.0,1.17126,1.17146,1.1705273003520897
2025-10-06T21:00:00Z,1.17102,1.17155,1.17084,1.17102,1445.0,1.17085,1.1712,1.1705929936384778
2025-10-06T22:00:00Z,1.17094,1.17145,1.17086,1.17098,3495.0,1.17091,1.17106,1.1706445944866808
2025-10-06T23:00:00Z,1.17099,1.17144,1.17082,1.17094,2292.0,1.17086,1.17102,1.1706839818884567
2025-10-07T00:00:00Z,1.17094,1.17112,1.17044,1.1709,4666.0,1.17082,1.17097,1.1707127843033291
2025-10-07T01:00:00Z,1.1709,1.1709,1.16964,1.16968,3259.0,1.16959,1.16976,1.170575079729552
2025-10-07T02:00:00Z,1.16968,1.1706,1.16968,1.17017,2552.0,1.17009,1.17025,1.1705210690989452
2025-10-07T03:00:00Z,1.17017,1.17072,1.16998,1.17033,2270.0,1.17025,1.17041,1.170495593219086
2025-10-07T04:00:00Z,1.17032,1.17074,1.16944,1.16983,2431.0,1.16975,1.16991,1.1704068474565412
2025-10-07T05:00:00Z,1.16982,1.16998,1.16874,1.1692,3827.0,1.16912,1.16928,1.1702459344623357
2025-10-07T06:00:00Z,1.16918,1.16919,1.1683,1.16868,8199.0,1.1686,1.16875,1.170037143200691
2025-10-07T07:00:00Z,1.16867,1.1688,1.16702,1.16764,8661.0,1.16756,1.16773,1.1697175241072657
2025-10-07T08:00:00Z,1.16764,1.16827,1.16652,1.16658,6427.0,1.16651,1.16666,1.1692991875596304
2025-10-07T09:00:00Z,1.16659,1.16711,1.16606,1.16666,6422.0,1.16659,1.16673,1.1689472958850131
2025-10-07T10:00:00Z,1.16666,1.1676,1.16631,1.16742,6179.0,1.16734,1.16749,1.168743656433678
2025-10-07T11:00:00Z,1.16742,1.16743,1.16539,1.16626,7050.0,1.16618,1.16633,1.168412502242521
2025-10-07T12:00:00Z,1.16625,1.16672,1.16538,1.1667,9999.0,1.16661,1.16678,1.1681841686101848
2025-10-07T13:00:00Z,1.1667,1.16702,1.16594,1.16603,11602.0,1.16595,1.16611,1.1678969461288269
2025-10-07T14:00:00Z,1.16602,1.16662,1.16548,1.16631,11109.0,1.16623,1.16639,1.16768535331165
2025-10-07T15:00:00Z,1.16632,1.168,1.16615,1.1673,9679.0,1.16723,1.16738,1.1676339728700966
2025-10-07T16:00:00Z,1.1673,1.16812,1.16699,1.16702,7629.0,1.16694,1.16709,1.1675521098207504
2025-10-07T17:00:00Z,1.16702,1.16794,1.16666,1.16672,5714.0,1.16664,1.1668,1.1674411618446503
2025-10-07T18:00:00Z,1.16672,1.1668,1.16568,1.16578,6086.0,1.1657,1.16586,1.167219673598697
2025-10-07T19:00:00Z,1.16577,1.16582,1.16477,1.16504,4292.0,1.16495,1.16512,1.166929050452204
2025-10-07T20:00:00Z,1.16502,1.16587,1.1649,1.16585,1891.0,1.16575,1.16595,1.1667851770585769
2025-10-07T21:00:00Z,1.16568,1.1659,1.16568,1.16582,4359.0,1.16561,1.16604,1.1666564867841
2025-10-07T22:00:00Z,1.16578,1.16614,1.16577,1.16594,763.0,1.16586,1.16601,1.1665609552128868
2025-10-07T23:00:00Z,1.16594,1.16595,1.16527,1.16528,2407.0,1.1652,1.16535,1.166390161184502
2025-10-08T00:00:00Z,1.1653,1.16531,1.16456,1.16474,4616.0,1.16467,1.16481,1.1661701396932351
2025-10-08T01:00:00Z,1.16473,1.16473,1.16257,1.16266,9132.0,1.16258,1.16273,1.1657021210674705
2025-10-08T02:00:00Z,1.16268,1.16276,1.1617,1.16239,5428.0,1.16232,1.16246,1.1652605049251412
2025-10-08T03:00:00Z,1.16238,1.16247,1.16177,1.1624,3466.0,1.16232,1.16249,1.1648791042684559
2025-10-08T04:00:00Z,1.1624,1.16254,1.16161,1.16192,3240.0,1.16185,1.16199,1.1644845570326618
2025-10-08T05:00:00Z,1.1619,1.16195,1.16118,1.16173,4199.0,1.16165,1.16181,1.1641172827616404
2025-10-08T06:00:00Z,1.16174,1.16204,1.1607,1.16166,8890.0,1.16158,1.16174,1.1637896450600884
2025-10-08T07:00:00Z,1.16168,1.16343,1.16118,1.1631,11656.0,1.16302,1.16319,1.16369769238541
2025-10-08T08:00:00Z,1.16311,1.16356,1.16106,1.16146,8716.0,1.16138,1.16154,1.1633993334006887
2025-10-08T09:00:00Z,1.16148,1.16204,1.1606,1.16114,9124.0,1.16106,1.16122,1.1630980889472635
2025-10-08T10:00:00Z,1.16112,1.16364,1.16091,1.16337,7385.0,1.1633,1.16344,1.1631343437542951
2025-10-08T11:00:00Z,1.16338,1.16348,1.16252,1.1626,7332.0,1.16253,1.16268,1.163063097920389
2025-10-08T12:00:00Z,1.16262,1.1638,1.16246,1.16324,7457.0,1.16316,1.16332,1.1630866848643373
2025-10-08T13:00:00Z,1.16324,1.16448,1.16272,1.16318,10461.0,1.1631,1.16327,1.1630991268824258
2025-10-08T14:00:00Z,1.16318,1.16364,1.16204,1.16216,10898.0,1.16209,1.16224,1.1629739099647691
2025-10-08T15:00:00Z,1.16216,1.1622,1.1603,1.1606,9754.0,1.16052,1.16068,1.1626573886361333
2025-10-08T16:00:00Z,1.1606,1.16071,1.15984,1.16054,6195.0,1.16046,1.16061,1.1623750701513156
2025-10-08T17:00:00Z,1.16056,1.16094,1.16024,1.16076,4767.0,1.16066,1.16085,1.1621597274644735
2025-10-08T18:00:00Z,1.16075,1.16222,1.15995,1.162,10931.0,1.16192,1.16207,1.1621384304692104
2025-10-08T19:00:00Z,1.162,1.16284,1.162,1.1628,4622.0,1.16272,1.16289,1.1622266397399823
2025-10-08T20:00:00Z,1.1628,1.16324,1.16265,1.1628,2426.0,1.16264,1.16297,1.1623030877746514
2025-10-08T21:00:00Z,1.1627,1.16298,1.16238,1.16292,5653.0,1.16276,1.16307,1.1623853427380313
2025-10-08T22:00:00Z,1.16292,1.1635,1.1628,1.16336,1102.0,1.16329,1.16344,1.162515297039627
2025-10-08T23:00:00Z,1.1634,1.1634,1.16282,1.16292,2364.0,1.16285,1.163,1.1625692574343436
2025-10-09T00:00:00Z,1.16292,1.16412,1.1628,1.16372,4491.0,1.16363,1.1638,1.1627226897764311
2025-10-09T01:00:00Z,1.16372,1.16457,1.16366,1.164,6950.0,1.16393,1.16408,1.1628929978062403
2025-10-09T02:00:00Z,1.16401,1.16478,1.1639,1.16439,3253.0,1.16431,1.16447,1.1630925980987417
2025-10-09T03:00:00Z,1.1644,1.16466,1.16404,1.1645,2593.0,1.16442,1.16458,1.163280251685576
2025-10-09T04:00:00Z,1.1645,1.1647,1.1642,1.16456,2137.0,1.16448,1.16464,1.163450884794166
2025-10-09T05:00:00Z,1.16456,1.16483,1.16384,1.16384,3422.0,1.16377,1.16392,1.1635027668216107
2025-10-09T06:00:00Z,1.16385,1.16386,1.16115,1.16158,11144.0,1.1615,1.16166,1.1632463979120626
2025-10-09T07:00:00Z,1.16158,1.16234,1.16064,1.16112,10995.0,1.16104,1.1612,1.1629628781904544
2025-10-09T08:00:00Z,1.16112,1.16146,1.1603,1.16126,8761.0,1.16118,1.16133,1.1627358277650606
2025-10-09T09:00:00Z,1.16125,1.16273,1.1611,1.16258,11147.0,1.16249,1.16266,1.1627150507297193
2025-10-09T10:00:00Z,1.16259,1.16275,1.16131,1.16186,6399.0,1.16178,1.16194,1.1626010439657568
2025-10-09T11:00:00Z,1.16186,1.16222,1.16094,1.16122,7462.0,1.16113,1.16131,1.1624169047703226
2025-10-09T12:00:00Z,1.16122,1.16164,1.1605,1.16151,10114.0,1.16143,1.16159,1.1622959841342795
2025-10-09T13:00:00Z,1.16152,1.16232,1.15914,1.16028,19549.0,1.1602,1.16036,1.162027186249709
2025-10-09T14:00:00Z,1.16028,1.1603,1.15765,1.1581,18573.0,1.15802,1.15817,1.1615035614164144
2025-10-09T15:00:00Z,1.15809,1.15818,1.15472,1.1559,16062.0,1.15582,1.15599,1.160756419894226
2025-10-09T16:00:00Z,1.15592,1.15634,1.15526,1.1558,9493.0,1.15573,1.15588,1.1600955639083292
2025-10-09T17:00:00Z,1.15579,1.15664,1.15541,1.156,8430.0,1.15591,1.15608,1.159549488720552
2025-10-09T18:00:00Z,1.15599,1.15606,1.1542,1.15463,6173.0,1.15456,1.1547,1.1588935568911451
2025-10-09T19:00:00Z,1.15464,1.15618,1.15464,1.15596,4790.0,1.15588,1.15605,1.1585024159723258
2025-10-09T20:00:00Z,1.15595,1.1567,1.15588,1.15648,2762.0,1.15639,1.15657,1.158232760509349
2025-10-09T21:00:00Z,1.1561,1.15667,1.15596,1.15651,969.0,1.15626,1.15676,1.1580030591081025
2025-10-09T22:00:00Z,1.15657,1.15672,1.15619,1.15649,1153.0,1.15641,1.15657,1.157801317893689
2025-10-09T23:00:00Z,1.15648,1.15664,1.1557,1.15656,4850.0,1.15647,1.15664,1.157635808841197
2025-10-10T00:00:00Z,1.15654,1.15708,1.15608,1.15677,4217.0,1.1567,1.15684,1.1575203676623709
2025-10-10T01:00:00Z,1.15678,1.15713,1.15626,1.15628,3720.0,1.1562,1.15637,1.1573549853073881
2025-10-10T02:00:00Z,1.1563,1.1573,1.15626,1.15697,3184.0,1.15689,1.15705,1.1573036539330697
2025-10-10T03:00:00Z,1.15696,1.15743,1.15674,1.15729,2673.0,1.1572,1.15738,1.1573018334086604
2025-10-10T04:00:00Z,1.15728,1.15738,1.15676,1.15738,2496.0,1.1573,1.15745,1.157312255620839
2025-10-10T05:00:00Z,1.15737,1.1578,1.15696,1.157,3730.0,1.15693,1.15708,1.1572706215380606
2025-10-10T06:00:00Z,1.157,1.15749,1.1561,1.15704,10147.0,1.15696,1.15712,1.1572398719996526
2025-10-10T07:00:00Z,1.15703,1.158,1.15639,1.15781,9899.0,1.15774,1.15788,1.1573158890663657
2025-10-10T08:00:00Z,1.1578,1.15896,1.15754,1.15788,7955.0,1.1578,1.15796,1.157391103857517
2025-10-10T09:00:00Z,1.15788,1.158,1.15688,1.15746,6008.0,1.15739,1.15753,1.1574002900098481
2025-10-10T10:00:00Z,1.15746,1.15836,1.15704,1.15716,5832.0,1.15709,1.15724,1.1573682513418684
2025-10-10T11:00:00Z,1.15717,1.15751,1.15602,1.1561,7896.0,1.15603,1.15617,1.1571991511629527
2025-10-10T12:00:00Z,1.15609,1.15762,1.15592,1.15719,8898.0,1.15711,1.15727,1.1571979310078924
2025-10-10T13:00:00Z,1.15718,1.15736,1.15619,1.15693,9083.0,1.15683,1.15703,1.1571622068735068
2025-10-10T14:00:00Z,1.15694,1.15824,1.15648,1.15784,12631.0,1.15777,1.15792,1.1572525792903725
2025-10-10T15:00:00Z,1.15785,1.16308,1.1578,1.16127,33940.0,1.16119,1.16135,1.1577882353849895
2025-10-10T16:00:00Z,1.16126,1.16258,1.1604,1.16058,14777.0,1.1605,1.16067,1.158160470666991
2025-10-10T17:00:00Z,1.16058,1.16094,1.15971,1.16012,7318.0,1.16004,1.1602,1.1584217412447255
2025-10-10T18:00:00Z,1.16014,1.16132,1.16002,1.16085,5243.0,1.16077,1.16093,1.1587455090787622
2025-10-10T19:00:00Z,1.16084,1.16154,1.16038,1.16126,4143.0,1.16119,1.16134,1.1590807745349272
2025-10-10T20:00:00Z,1.16128,1.16291,1.16039,1.16224,7766.0,1.16183,1.16264,1.1595020045969369
2025-10-12T21:00:00Z,1.16114,1.16166,1.16095,1.1615,1132.0,1.16121,1.16179,1.159768403984012
2025-10-12T22:00:00Z,1.16152,1.16152,1.15922,1.16032,4911.0,1.16024,1.16039,1.159841950119477
2025-10-12T23:00:00Z,1.16034,1.16102,1.16004,1.16016,5163.0,1.16007,1.16025,1.1598843567702135
2025-10-13T00:00:00Z,1.16014,1.1616,1.16002,1.16159,7117.0,1.16151,1.16167,1.1601117758675183
2025-10-13T01:00:00Z,1.1616,1.16212,1.16097,1.16198,7182.0,1.16191,1.16206,1.160360872418516
2025-10-13T02:00:00Z,1.162,1.16276,1.16168,1.16196,4244.0,1.16188,1.16203,1.1605740894293806
2025-10-13T03:00:00Z,1.16197,1.16218,1.16162,1.16208,3185.0,1.16199,1.16216,1.1607748775054632
2025-10-13T04:00:00Z,1.16207,1.16255,1.1618,1.16204,2148.0,1.16196,1.16211,1.1609435605047347
2025-10-13T05:00:00Z,1.16205,1.16238,1.1613,1.1615,4417.0,1.16142,1.16157,1.1610177524374368
2025-10-13T06:00:00Z,1.16149,1.16299,1.16106,1.1614,9659.0,1.16132,1.16148,1.161068718779112
2025-10-13T07:00:00Z,1.1614,1.16158,1.15976,1.15999,12614.0,1.15991,1.16007,1.1609248896085638
2025-10-13T08:00:00Z,1.16,1.16049,1.15816,1.15856,10057.0,1.15848,1.15864,1.1606095709940887
2025-10-13T09:00:00Z,1.15854,1.15982,1.15845,1.15942,6024.0,1.15934,1.1595,1.1604509615282101
2025-10-13T10:00:00Z,1.15942,1.15958,1.15815,1.15837,6293.0,1.15829,1.15845,1.1601734999911155
2025-10-13T11:00:00Z,1.15836,1.15944,1.15656,1.15684,10118.0,1.15677,1.15692,1.1597290333256336
2025-10-13T12:00:00Z,1.15686,1.15766,1.15616,1.15688,9338.0,1.15679,1.15696,1.1593491622155492
2025-10-13T13:00:00Z,1.15686,1.15776,1.15648,1.15752,10875.0,1.15744,1.1576,1.1591052739201426
2025-10-13T14:00:00Z,1.15752,1.15753,1.15575,1.15612,10404.0,1.15604,1.15621,1.158707237397457
2025-10-13T15:00:00Z,1.15613,1.15756,1.15602,1.1574,6439.0,1.15732,1.15749,1.158532939077796
2025-10-13T16:00:00Z,1.15741,1.15794,1.15697,1.15754,5523.0,1.15745,1.15763,1.1584005472007566
2025-10-13T17:00:00Z,1.15754,1.15772,1.157,1.15733,3990.0,1.15725,1.15741,1.158257807573989
2025-10-13T18:00:00Z,1.15732,1.15777,1.1566,1.15685,3833.0,1.15677,1.15693,1.1580700998974571
2025-10-13T19:00:00Z,1.15686,1.1574,1.1566,1.15662,2887.0,1.15654,1.1567,1.157876753244463
2025-10-13T20:00:00Z,1.15662,1.15708,1.15652,1.15707,1933.0,1.15697,1.15717,1.1577691861452013
2025-10-13T21:00:00Z,1.15704,1.15733,1.15702,1.15719,669.0,1.15705,1.15733,1.1576919613258412
2025-10-13T22:00:00Z,1.1572,1.15741,1.15677,1.15678,1121.0,1.15669,1.15686,1.1575703664823958
2025-10-13T23:00:00Z,1.15678,1.15698,1.15636,1.15656,2592.0,1.15648,1.15665,1.1574356509514097
2025-10-14T00:00:00Z,1.15656,1.15672,1.15552,1.15613,6302.0,1.15605,1.15621,1.1572615641578885
2025-10-14T01:00:00Z,1.15614,1.15735,1.15608,1.15708,5708.0,1.15701,1.15716,1.1572373556035034
2025-10-14T02:00:00Z,1.15709,1.15763,1.15704,1.15738,3688.0,1.1573,1.15746,1.1572563748563696
2025-10-14T03:00:00Z,1.15737,1.1582,1.15716,1.15788,3543.0,1.1578,1.15796,1.1573395248755203
2025-10-14T04:00:00Z,1.15788,1.15928,1.15785,1.1592,6738.0,1.15912,1.15929,1.157587588225451
2025-10-14T05:00:00Z,1.1592,1.15936,1.15826,1.15846,7180.0,1.15838,1.15853,1.157703909795391
2025-10-14T06:00:00Z,1.15845,1.15897,1.1563,1.15702,14358.0,1.15694,1.1571,1.1576127218226722
2025-10-14T07:00:00Z,1.15702,1.15746,1.15424,1.15495,14795.0,1.15487,1.15503,1.1572576922463158
2025-10-14T08:00:00Z,1.15494,1.15608,1.15456,1.15594,10219.0,1.15584,1.15604,1.1570819999468072
2025-10-14T09:00:00Z,1.15594,1.15635,1.15517,1.15552,8373.0,1.15544,1.1556,1.156873733287233
2025-10-14T10:00:00Z,1.15552,1.15596,1.15513,1.15536,7737.0,1.15527,1.15544,1.1566719021822687
2025-10-14T11:00:00Z,1.15534,1.15584,1.15464,1.15522,8382.0,1.15513,1.1553,1.156478315224633
2025-10-14T12:00:00Z,1.15522,1.15653,1.1548,1.15556,11869.0,1.15548,1.15564,1.156355873194682
2025-10-14T13:00:00Z,1.15556,1.15832,1.15544,1.15742,18095.0,1.15734,1.15749,1.1564977567687245
2025-10-14T14:00:00Z,1.15741,1.15974,1.1569,1.15941,16296.0,1.15934,1.15948,1.156886055866228
2025-10-14T15:00:00Z,1.15941,1.16084,1.15866,1.16073,14222.0,1.16065,1.16081,1.1573985817507308
2025-10-14T16:00:00Z,1.16074,1.16152,1.16012,1.16095,12663.0,1.16087,1.16103,1.1578721041839668
2025-10-14T17:00:00Z,1.16093,1.16123,1.16018,1.16095,7594.0,1.16088,1.16102,1.1582824902927713
2025-10-14T18:00:00Z,1.16095,1.16119,1.16036,1.16051,5908.0,1.16043,1.16059,1.1585794915870684
2025-10-14T19:00:00Z,1.1605,1.16114,1.16044,1.16056,7691.0,1.16049,1.16064,1.1588435593754594
2025-10-14T20:00:00Z,1.16057,1.16084,1.15999,1.16079,2309.0,1.1607,1.16088,1.1591030847920647
2025-10-14T21:00:00Z,1.16078,1.16084,1.16073,1.16079,272.0,1.16066,1.16092,1.1593280068197895
2025-10-14T22:00:00Z,1.16082,1.16096,1.16036,1.16036,1256.0,1.16029,1.16044,1.1594656059104842
2025-10-14T23:00:00Z,1.16035,1.16058,1.1602,1.16034,1962.0,1.16025,1.16042,1.1595821917890863
2025-10-15T00:00:00Z,1.16033,1.16142,1.16019,1.16105,6018.0,1.16098,1.16112,1.1597778995505414
2025-10-15T01:00:00Z,1.16106,1.1623,1.16071,1.16192,7062.0,1.16184,1.16199,1.1600635129438026
2025-10-15T02:00:00Z,1.16193,1.16259,1.1618,1.1623,5027.0,1.16222,1.16237,1.1603617112179623
2025-10-15T03:00:00Z,1.16229,1.16242,1.16186,1.16224,4036.0,1.16216,1.16231,1.160612149722234
2025-10-15T04:00:00Z,1.16224,1.16244,1.1617,1.16184,3108.0,1.16177,1.16192,1.1607758630926028
2025-10-15T05:00:00Z,1.16186,1.16266,1.16185,1.16196,4349.0,1.16189,1.16204,1.160933748013589
2025-10-15T06:00:00Z,1.16196,1.16386,1.16176,1.16342,9829.0,1.16334,1.16349,1.1612652482784438
2025-10-15T07:00:00Z,1.16341,1.16446,1.16294,1.16358,10340.0,1.1635,1.16366,1.161573881841318
2025-10-15T08:00:00Z,1.16358,1.16456,1.16316,1.16328,9329.0,1.16319,1.16336,1.1618013642624756
2025-10-15T09:00:00Z,1.16325,1.16394,1.1628,1.16348,8485.0,1.1634,1.16356,1.1620251823608123
2025-10-15T10:00:00Z,1.16347,1.1635,1.16206,1.16243,5244.0,1.16235,1.16251,1.1620791580460375
2025-10-15T11:00:00Z,1.16244,1.16324,1.16197,1.16201,6444.0,1.16193,1.16209,1.1620699369732326
2025-10-15T12:00:00Z,1.162,1.16278,1.16139,1.16176,11362.0,1.16169,1.16184,1.1620286120434682
2025-10-15T13:00:00Z,1.16177,1.16321,1.16104,1.16274,15284.0,1.16266,1.16282,1.1621234637710058
2025-10-15T14:00:00Z,1.16274,1.16303,1.16196,1.16246,10891.0,1.16239,1.16254,1.162168335268205
2025-10-15T15:00:00Z,1.16246,1.16474,1.16185,1.16371,12493.0,1.16364,1.16378,1.1623738905657777
2025-10-15T16:00:00Z,1.16372,1.1641,1.16286,1.164,9462.0,1.16392,1.16409,1.1625907051570072
2025-10-15T17:00:00Z,1.16399,1.16402,1.1627,1.16294,9886.0,1.16286,1.16303,1.1626372778027396
2025-10-15T18:00:00Z,1.16294,1.16376,1.16279,1.16333,5191.0,1.16325,1.16341,1.1627296407623744
2025-10-15T19:00:00Z,1.16332,1.16449,1.1633,1.16445,4031.0,1.16437,1.16453,1.1629590219940578
2025-10-15T20:00:00Z,1.16444,1.16478,1.16428,1.16466,2761.0,1.16458,1.16475,1.1631858190615167
2025-10-15T21:00:00Z,1.16458,1.16462,1.16433,1.16442,850.0,1.1643,1.16454,1.1633503765199813
2025-10-15T22:00:00Z,1.16439,1.1652,1.16436,1.16466,1619.0,1.16459,1.16474,1.163524992983984
2025-10-15T23:00:00Z,1.16467,1.16474,1.16448,1.1646,2106.0,1.16451,1.16468,1.1636683272527861
2025-10-16T00:00:00Z,1.16458,1.16671,1.1643,1.16632,7913.0,1.16624,1.1664,1.1640218836190814
2025-10-16T01:00:00Z,1.16634,1.16754,1.16612,1.16702,8115.0,1.16694,1.16709,1.1644216324698706
2025-10-16T02:00:00Z,1.16701,1.16748,1.16643,1.16662,5171.0,1.16653,1.1667,1.1647147481405546
2025-10-16T03:00:00Z,1.16661,1.16672,1.16616,1.16622,3912.0,1.16613,1.16631,1.1649154483884807
2025-10-16T04:00:00Z,1.16622,1.16624,1.16558,1.16562,2352.0,1.16553,1.16571,1.16500938860335
2025-10-16T05:00:00Z,1.16561,1.16616,1.16538,1.16602,4732.0,1.16593,1.16611,1.16514413678957
2025-10-16T06:00:00Z,1.16602,1.16681,1.16521,1.16539,9841.0,1.16531,1.16547,1.1651769185509608
2025-10-16T07:00:00Z,1.1654,1.16568,1.16432,1.1652,12159.0,1.16512,1.16527,1.1651799960774993
2025-10-16T08:00:00Z,1.16518,1.16598,1.16486,1.1659,8858.0,1.16582,1.16599,1.1652759966004995
2025-10-16T09:00:00Z,1.1659,1.1664,1.16524,1.16583,6881.0,1.16575,1.16591,1.165349863720433
2025-10-16T10:00:00Z,1.16585,1.16631,1.1653,1.16555,6999.0,1.16547,1.16563,1.1653765485577086
2025-10-16T11:00:00Z,1.16554,1.16565,1.16464,1.1654,8206.0,1.16533,1.16548,1.1653796754166807
2025-10-16T12:00:00Z,1.1654,1.16617,1.1649,1.16606,9984.0,1.16598,1.16614,1.1654703853611235
2025-10-16T13:00:00Z,1.16608,1.16644,1.16501,1.16576,12836.0,1.16567,1.16584,1.1655090006463071
2025-10-16T14:00:00Z,1.16575,1.16781,1.16536,1.16771,12323.0,1.16763,1.16779,1.1658024672267995
2025-10-16T15:00:00Z,1.1677,1.16782,1.16612,1.16646,10466.0,1.16638,1.16653,1.1658901382632263
2025-10-16T16:00:00Z,1.16644,1.16791,1.16643,1.16771,14190.0,1.16763,1.16779,1.1661327864947961
2025-10-16T17:00:00Z,1.16772,1.16938,1.16768,1.16882,11886.0,1.16875,1.1689,1.1664910816288234
2025-10-16T18:00:00Z,1.16884,1.16934,1.16804,1.16894,9222.0,1.16886,1.16901,1.1668176040783136
2025-10-16T19:00:00Z,1.16895,1.16942,1.16872,1.1689,6314.0,1.16881,1.16898,1.1670952568678719
2025-10-16T20:00:00Z,1.16888,1.16914,1.16848,1.16877,2475.0,1.16867,1.16887,1.1673185559521557
2025-10-16T21:00:00Z,1.16857,1.16912,1.16857,1.16888,742.0,1.16866,1.16909,1.1675267484918683
2025-10-16T22:00:00Z,1.1689,1.1696,1.16875,1.16946,2256.0,1.16938,1.16954,1.1677845153596191
2025-10-16T23:00:00Z,1.16946,1.16998,1.16934,1.16992,2642.0,1.16983,1.17001,1.1680692466450033
2025-10-17T00:00:00Z,1.16992,1.17114,1.16952,1.17068,5077.0,1.17061,1.17075,1.1684173470923362
2025-10-17T01:00:00Z,1.17067,1.17098,1.16999,1.17009,7743.0,1.17001,1.17017,1.1686403674800248
2025-10-17T02:00:00Z,1.1701,1.17114,1.16953,1.17052,5301.0,1.17044,1.17061,1.1688909851493547
2025-10-17T03:00:00Z,1.17053,1.17123,1.17047,1.17093,4022.0,1.17085,1.17101,1.1691628537961074
2025-10-17T04:00:00Z,1.17095,1.17122,1.17062,1.17099,3482.0,1.1709,1.17108,1.1694064732899598
2025-10-17T05:00:00Z,1.171,1.17285,1.17098,1.17232,4949.0,1.17224,1.17239,1.1697949435179653
2025-10-17T06:00:00Z,1.17232,1.17266,1.17084,1.17107,13185.0,1.17099,1.17115,1.1699649510489034
2025-10-17T07:00:00Z,1.17108,1.1715,1.16935,1.17118,19214.0,1.1711,1.17126,1.1701269575757163
2025-10-17T08:00:00Z,1.17118,1.17162,1.16916,1.16972,13069.0,1.16965,1.1698,1.1700726965656207
2025-10-17T09:00:00Z,1.16974,1.17076,1.16964,1.17012,6503.0,1.17003,1.1702,1.1700790036902047
2025-10-17T10:00:00Z,1.1701,1.17027,1.16874,1.16897,6956.0,1.16889,1.16905,1.1699311365315108
2025-10-17T11:00:00Z,1.16898,1.1697,1.16803,1.1685,11875.0,1.16843,1.16858,1.1697403183273094
2025-10-17T12:00:00Z,1.16853,1.16864,1.16671,1.16766,12366.0,1.16757,1.16774,1.169462942550335
2025-10-17T13:00:00Z,1.16765,1.16814,1.1669,1.16706,14763.0,1.16698,1.16715,1.1691425502102903
2025-10-17T14:00:00Z,1.16706,1.16732,1.16567,1.16669,16120.0,1.16661,1.16677,1.168815543515585
2025-10-17T15:00:00Z,1.16668,1.16735,1.16607,1.16734,10749.0,1.16725,1.16742,1.1686188043801737
2025-10-17T16:00:00Z,1.16735,1.16794,1.16698,1.16709,6819.0,1.16701,1.16717,1.1684149637961505
2025-10-17T17:00:00Z,1.16708,1.16759,1.1667,1.16678,6826.0,1.1667,1.16687,1.1681969686233304
2025-10-17T18:00:00Z,1.16678,1.16743,1.16639,1.1668,6276.0,1.16672,1.16688,1.1680107061402198
2025-10-17T19:00:00Z,1.1668,1.16715,1.1666,1.16706,4348.0,1.16699,1.16714,1.167883945321524
2025-10-17T20:00:00Z,1.16701,1.16702,1.16502,1.16511,3925.0,1.16502,1.1652,1.1675140859453208
2025-10-19T21:00:00Z,1.1667,1.16672,1.16576,1.16578,579.0,1.16546,1.16611,1.1672828744859447
2025-10-19T22:00:00Z,1.16574,1.16588,1.16519,1.16558,1746.0,1.1655,1.16567,1.1670558245544855
2025-10-19T23:00:00Z,1.1656,1.16617,1.16543,1.16582,2799.0,1.16573,1.1659,1.1668910479472208
2025-10-20T00:00:00Z,1.16579,1.16666,1.16578,1.16666,5877.0,1.16658,1.16674,1.166860241554258
2025-10-20T01:00:00Z,1.16666,1.16676,1.16566,1.166,4571.0,1.16591,1.16609,1.1667455426803568
2025-10-20T02:00:00Z,1.16602,1.16707,1.16602,1.16658,3723.0,1.1665,1.16667,1.1667234703229759
2025-10-20T03:00:00Z,1.16658,1.16688,1.16648,1.16682,2924.0,1.16675,1.1669,1.1667363409465792
2025-10-20T04:00:00Z,1.16682,1.1674,1.16655,1.16716,3236.0,1.16708,1.16723,1.1667928288203686
2025-10-20T05:00:00Z,1.16714,1.16756,1.16701,1.16738,3424.0,1.1673,1.16745,1.166871118310986
2025-10-20T06:00:00Z,1.16737,1.16737,1.16567,1.16585,8449.0,1.16577,1.16593,1.1667349692028546
2025-10-20T07:00:00Z,1.16586,1.16682,1.16536,1.16626,9198.0,1.16618,1.16633,1.1666716399758073
2025-10-20T08:00:00Z,1.16625,1.16666,1.16578,1.16635,8567.0,1.16627,1.16643,1.1666287546456997
2025-10-20T09:00:00Z,1.16637,1.16678,1.16592,1.1662,9591.0,1.16612,1.16629,1.1665715873596065
2025-10-20T10:00:00Z,1.1662,1.16632,1.16512,1.16534,6781.0,1.16525,1.16542,1.166407375711659
2025-10-20T11:00:00Z,1.16534,1.16564,1.16444,1.16564,7070.0,1.16557,1.16572,1.1663050589501045
2025-10-20T12:00:00Z,1.16566,1.16604,1.16502,1.16535,9968.0,1.16527,1.16543,1.1661777177567574
2025-10-20T13:00:00Z,1.16536,1.16544,1.16464,1.16493,9844.0,1.16486,1.165,1.1660113553891898
2025-10-20T14:00:00Z,1.16494,1.16643,1.16475,1.16538,8509.0,1.1653,1.16545,1.1659271746706312
2025-10-20T15:00:00Z,1.16538,1.16646,1.16526,1.1655,8774.0,1.16542,1.16559,1.1658702180478804
2025-10-20T16:00:00Z,1.16551,1.16582,1.16494,1.16496,6126.0,1.16488,1.16504,1.1657488556414963
2025-10-20T17:00:00Z,1.16493,1.1653,1.16414,1.16432,4378.0,1.16424,1.16441,1.1655583415559636
2025-10-20T18:00:00Z,1.16433,1.16485,1.16382,1.16464,4849.0,1.16456,1.16471,1.1654358960151685
2025-10-20T19:00:00Z,1.16464,1.16493,1.164,1.16408,3661.0,1.164,1.16416,1.1652551098798127
2025-10-20T20:00:00Z,1.1641,1.16445,1.16402,1.16413,2066.0,1.16403,1.16423,1.165105095229171
2025-10-20T21:00:00Z,1.16426,1.16454,1.16416,1.16446,413.0,1.16432,1.16459,1.1650190825319482
2025-10-20T22:00:00Z,1.16445,1.16455,1.16426,1.16434,951.0,1.16426,1.16441,1.164928538194355
2025-10-20T23:00:00Z,1.16434,1.16452,1.16424,1.16442,1713.0,1.16434,1.16451,1.1648607331017744
2025-10-21T00:00:00Z,1.1644,1.16553,1.16433,1.16532,4757.0,1.16524,1.16539,1.1649219686882044
2025-10-21T01:00:00Z,1.16531,1.16531,1.16421,1.16448,4938.0,1.1644,1.16456,1.1648630395297772
2025-10-21T02:00:00Z,1.16451,1.16452,1.16328,1.16341,5009.0,1.16334,1.16348,1.164669300925807
2025-10-21T03:00:00Z,1.16341,1.16359,1.1633,1.16348,3051.0,1.1634,1.16356,1.1645107274690327
2025-10-21T04:00:00Z,1.16347,1.16369,1.16319,1.1636,4047.0,1.16352,1.16369,1.1643892971398284
2025-10-21T05:00:00Z,1.16362,1.16378,1.16244,1.16253,6475.0,1.16246,1.1626,1.164141390854518
2025-10-21T06:00:00Z,1.16252,1.1634,1.16187,1.1632,7709.0,1.16311,1.16329,1.1640158720739155
2025-10-21T07:00:00Z,1.16319,1.16356,1.16218,1.16254,10692.0,1.16246,1.16262,1.1638190891307267
2025-10-21T08:00:00Z,1.16252,1.16277,1.16127,1.16212,10660.0,1.16204,1.16219,1.1635925439132966
2025-10-21T09:00:00Z,1.16213,1.16273,1.1616,1.16206,8106.0,1.16198,1.16214,1.1633882047248572
2025-10-21T10:00:00Z,1.16206,1.16234,1.16066,1.1618,8922.0,1.16173,1.16187,1.1631764440948762
2025-10-21T11:00:00Z,1.16181,1.1626,1.16091,1.16129,8857.0,1.16121,1.16137,1.1629249182155594
2025-10-21T12:00:00Z,1.16128,1.1617,1.16019,1.16112,13358.0,1.16103,1.1612,1.1626842624534848
2025-10-21T13:00:00Z,1.16111,1.1617,1.16026,1.16126,15883.0,1.16118,1.16134,1.16249436079302
2025-10-21T14:00:00Z,1.16126,1.16182,1.15977,1.16044,14630.0,1.16036,1.16053,1.1622204460206174
2025-10-21T15:00:00Z,1.16044,1.16166,1.16041,1.16152,9874.0,1.16144,1.1616,1.1621270532178685
2025-10-21T16:00:00Z,1.16152,1.16248,1.1608,1.1609,11005.0,1.16081,1.16098,1.1619634461221526
2025-10-21T17:00:00Z,1.1609,1.16102,1.16014,1.16038,6775.0,1.1603,1.16046,1.1617523199725324
2025-10-21T18:00:00Z,1.1604,1.16086,1.16035,1.16051,4685.0,1.16043,1.16059,1.161586677309528
2025-10-21T19:00:00Z,1.1605,1.16077,1.16,1.16008,3697.0,1.16,1.16015,1.161385787001591
2025-10-21T20:00:00Z,1.16008,1.1603,1.15991,1.16,1677.0,1.15991,1.16008,1.1612010154013788
2025-10-21T21:00:00Z,1.15998,1.16057,1.15997,1.16056,739.0,1.16037,1.16076,1.1611155466811949
2025-10-21T22:00:00Z,1.16058,1.16058,1.15998,1.16004,1088.0,1.15996,1.16011,1.1609721404570357
2025-10-21T23:00:00Z,1.16003,1.1602,1.1599,1.15996,1704.0,1.15989,1.16004,1.1608371883960977
2025-10-22T00:00:00Z,1.15996,1.1608,1.15996,1.16047,5798.0,1.16039,1.16055,1.1607882299432848
2025-10-22T01:00:00Z,1.16048,1.16093,1.16014,1.16049,4267.0,1.16041,1.16057,1.160748465950847
2025-10-22T02:00:00Z,1.1605,1.1611,1.1605,1.16086,3024.0,1.16077,1.16094,1.1607633371574007
2025-10-22T03:00:00Z,1.16085,1.16092,1.16046,1.16072,2679.0,1.16064,1.16079,1.1607575588697472
2025-10-22T04:00:00Z,1.16072,1.16096,1.1605,1.16092,2456.0,1.16084,1.16101,1.1607792176871143
2025-10-22T05:00:00Z,1.16092,1.16158,1.1609,1.16136,2967.0,1.16129,1.16144,1.1608566553288324
2025-10-22T06:00:00Z,1.16136,1.1615,1.16042,1.16096,10440.0,1.16088,1.16103,1.1608704346183214
2025-10-22T07:00:00Z,1.16096,1.16129,1.15996,1.16008,9234.0,1.16,1.16017,1.1607650433358785
2025-10-22T08:00:00Z,1.16007,1.16008,1.15898,1.15976,10715.0,1.15968,1.15985,1.1606310375577613
2025-10-22T09:00:00Z,1.15976,1.16021,1.15924,1.15946,6000.0,1.15938,1.15954,1.1604748992167264
2025-10-22T10:00:00Z,1.15946,1.1597,1.15828,1.15858,5391.0,1.1585,1.15867,1.1602222459878295
2025-10-22T11:00:00Z,1.15858,1.15892,1.15824,1.15825,7801.0,1.15817,1.15833,1.159959279856119
2025-10-22T12:00:00Z,1.15824,1.15917,1.1577,1.1583,10064.0,1.15823,1.15838,1.1597380425419699
2025-10-22T13:00:00Z,1.15831,1.15977,1.1582,1.1595,11165.0,1.15942,1.15957,1.159706303536374
2025-10-22T14:00:00Z,1.15949,1.16116,1.15924,1.16112,11052.0,1.16104,1.16119,1.1598947963981907
2025-10-22T15:00:00Z,1.16112,1.16169,1.16088,1.16113,10660.0,1.16106,1.1612,1.1600594902117654
2025-10-22T16:00:00Z,1.16112,1.16226,1.16103,1.16195,9789.0,1.16187,1.16203,1.16031155818353
2025-10-22T17:00:00Z,1.16196,1.16207,1.16126,1.16146,7697.0,1.16138,1.16155,1.1604646837590593
2025-10-22T18:00:00Z,1.16144,1.16156,1.16076,1.16091,4971.0,1.16083,1.16099,1.1605240592578514
2025-10-22T19:00:00Z,1.16092,1.16112,1.16048,1.1606,4048.0,1.16052,1.16067,1.160534184690138
2025-10-22T20:00:00Z,1.16059,1.1611,1.16058,1.161,1576.0,1.16091,1.16109,1.1605962933981198
2025-10-22T21:00:00Z,1.16124,1.16134,1.16106,1.1613,573.0,1.16111,1.1615,1.160690120945037
2025-10-22T22:00:00Z,1.1613,1.16146,1.16112,1.16123,839.0,1.16114,1.16132,1.1607621048190322
2025-10-22T23:00:00Z,1.16125,1.16127,1.16067,1.16072,2142.0,1.16063,1.16081,1.1607564908431613
2025-10-23T00:00:00Z,1.1607,1.16075,1.15976,1.16042,4141.0,1.16033,1.1605,1.1607116253974066
2025-10-23T01:00:00Z,1.16042,1.16056,1.15977,1.15979,4197.0,1.15972,1.15986,1.1605887420110856
2025-10-23T02:00:00Z,1.1598,1.15995,1.15952,1.15967,3216.0,1.15959,1.15975,1.1604662430762742
2025-10-23T03:00:00Z,1.15967,1.15986,1.1592,1.15929,2215.0,1.15922,1.15936,1.1603094106661043
2025-10-23T04:00:00Z,1.15928,1.15992,1.15906,1.15988,2387.0,1.1598,1.15997,1.1602521559106238
2025-10-23T05:00:00Z,1.15987,1.16043,1.15969,1.16016,2417.0,1.16007,1.16024,1.1602398684558741
2025-10-23T06:00:00Z,1.16014,1.16039,1.15907,1.15944,6554.0,1.15937,1.15952,1.1601332193284244
2025-10-23T07:00:00Z,1.15944,1.16016,1.1591,1.16002,7515.0,1.15994,1.1601,1.1601181234179678
2025-10-23T08:00:00Z,1.16002,1.16062,1.15928,1.15963,6109.0,1.15955,1.15971,1.1600530402955722
2025-10-23T09:00:00Z,1.15964,1.16004,1.15932,1.15937,4922.0,1.15929,1.15945,1.1599619682561626
2025-10-23T10:00:00Z,1.15936,1.15948,1.15854,1.15879,4614.0,1.15872,1.15886,1.1598057058220077
2025-10-23T11:00:00Z,1.1588,1.1593,1.15854,1.15872,5519.0,1.15865,1.1588,1.15966094504574
2025-10-23T12:00:00Z,1.15874,1.1606,1.15867,1.16006,7701.0,1.15999,1.16014,1.1597141523729748
2025-10-23T13:00:00Z,1.16008,1.16107,1.15982,1.16069,10608.0,1.1606,1.16078,1.1598442653899115
2025-10-23T14:00:00Z,1.16068,1.162,1.16055,1.16132,10162.0,1.16124,1.1614,1.16004103000459
2025-10-23T15:00:00Z,1.16132,1.16158,1.16064,1.16118,7047.0,1.16109,1.16126,1.1601928926706448
2025-10-23T16:00:00Z,1.16118,1.16162,1.16064,1.1607,5795.0,1.16061,1.16078,1.1602605069812255
2025-10-23T17:00:00Z,1.16068,1.16124,1.16043,1.16117,4909.0,1.16109,1.16125,1.1603817727170622
2025-10-23T18:00:00Z,1.16118,1.1618,1.16098,1.16176,3147.0,1.16168,1.16185,1.1605655363547873
2025-10-23T19:00:00Z,1.16176,1.16202,1.16153,1.16166,3028.0,1.16159,1.16174,1.1607114648408157
2025-10-23T20:00:00Z,1.16166,1.16194,1.16137,1.16181,1643.0,1.16172,1.1619,1.1608579361953737
2025-10-23T21:00:00Z,1.16168,1.16182,1.16152,1.1618,894.0,1.16166,1.16194,1.1609835447026573
2025-10-23T22:00:00Z,1.16181,1.16216,1.16176,1.16182,982.0,1.16173,1.16191,1.1610950720756363
2025-10-23T23:00:00Z,1.16182,1.1619,1.1615,1.16172,1352.0,1.16164,1.16179,1.1611783957988848
2025-10-24T00:00:00Z,1.16171,1.16217,1.16168,1.1618,3540.0,1.16171,1.16189,1.1612612763590335
2025-10-24T01:00:00Z,1.1618,1.16188,1.16088,1.16095,2967.0,1.16087,1.16103,1.1612197728444957
2025-10-24T02:00:00Z,1.16096,1.16126,1.16077,1.1608,2747.0,1.16072,1.16089,1.1611638031318963
2025-10-24T03:00:00Z,1.1608,1.16116,1.16071,1.16091,1688.0,1.16082,1.161,1.1611299627143101
2025-10-24T04:00:00Z,1.1609,1.16092,1.16056,1.16076,1938.0,1.16068,1.16085,1.161080634352402
2025-10-24T05:00:00Z,1.16075,1.1608,1.16018,1.16055,2417.0,1.16046,1.16064,1.1610098831054152
2025-10-24T06:00:00Z,1.16054,1.16142,1.16009,1.16138,6007.0,1.16129,1.16146,1.1610592320246933
2025-10-24T07:00:00Z,1.16136,1.16281,1.16019,1.16184,10266.0,1.16175,1.16193,1.161163334421401
2025-10-24T08:00:00Z,1.16185,1.1624,1.16064,1.16104,8822.0,1.16096,1.16112,1.1611468898318809
2025-10-24T09:00:00Z,1.16104,1.16129,1.16052,1.16119,5373.0,1.16111,1.16127,1.1611526378542967
2025-10-24T10:00:00Z,1.1612,1.16167,1.16111,1.1613,4154.0,1.16122,1.16137,1.1611722861403906
2025-10-24T11:00:00Z,1.16128,1.16158,1.16069,1.1615,6069.0,1.16142,1.16157,1.1612159813216718
2025-10-24T12:00:00Z,1.16151,1.16503,1.16086,1.16343,20880.0,1.16335,1.16351,1.1615111838121155
2025-10-24T13:00:00Z,1.16344,1.16434,1.16204,1.16272,15518.0,1.1626,1.16284,1.1616723593038334
2025-10-24T14:00:00Z,1.16271,1.16359,1.16182,1.1626,12529.0,1.16253,1.16267,1.1617960447299889
2025-10-24T15:00:00Z,1.1626,1.16356,1.16214,1.16254,9875.0,1.16246,1.16263,1.1618952387659904
2025-10-24T16:00:00Z,1.16253,1.16278,1.16211,1.16257,5343.0,1.16249,1.16265,1.161985206930525
2025-10-24T17:00:00Z,1.16255,1.16319,1.16245,1.16274,4046.0,1.16266,1.16283,1.162085846006455
2025-10-24T18:00:00Z,1.16275,1.1628,1.16248,1.16262,3319.0,1.16254,1.16269,1.1621570665389276
2025-10-24T19:00:00Z,1.16262,1.16334,1.1626,1.16316,3029.0,1.16308,1.16325,1.1622907910004039
2025-10-24T20:00:00Z,1.16319,1.1636,1.16208,1.16254,6858.0,1.16238,1.16271,1.1623240188670168
2025-10-26T21:00:00Z,1.16358,1.16371,1.16274,1.16312,1452.0,1.1628,1.16345,1.1624301496847478
2025-10-26T22:00:00Z,1.16318,1.16354,1.16258,1.16286,2917.0,1.16277,1.16295,1.1624874630601147
2025-10-26T23:00:00Z,1.16283,1.1633,1.16258,1.16312,2843.0,1.16304,1.1632,1.162571801318766
2025-10-27T00:00:00Z,1.1631,1.16376,1.1628,1.1635,3991.0,1.16342,1.16359,1.1626955611429306
2025-10-27T01:00:00Z,1.1635,1.16479,1.16334,1.1639,4798.0,1.16382,1.16398,1.16285615299054
2025-10-27T02:00:00Z,1.1639,1.16396,1.16302,1.16309,2577.0,1.16301,1.16317,1.1628873325918012
2025-10-27T03:00:00Z,1.16308,1.16324,1.1627,1.16278,2213.0,1.1627,1.16286,1.162873021579561
2025-10-27T04:00:00Z,1.16278,1.16279,1.16209,1.16246,2076.0,1.16237,1.16254,1.1628179520356197
2025-10-27T05:00:00Z,1.16246,1.16272,1.16209,1.16262,2684.0,1.16254,1.16271,1.1627915584308703
2025-10-27T06:00:00Z,1.16263,1.16325,1.16248,1.16263,4981.0,1.16256,1.1627,1.1627700173067543
2025-10-27T07:00:00Z,1.16264,1.16279,1.16199,1.162,6246.0,1.16192,1.16208,1.1626673483325205
2025-10-27T08:00:00Z,1.162,1.16334,1.16178,1.16281,8131.0,1.16273,1.16289,1.1626863685548512
2025-10-27T09:00:00Z,1.16281,1.164,1.16261,1.1638,7465.0,1.16372,1.16387,1.1628348527475378
2025-10-27T10:00:00Z,1.16379,1.16446,1.16354,1.16416,5125.0,1.16408,1.16424,1.1630115390478661
2025-10-27T11:00:00Z,1.16416,1.16474,1.16362,1.1646,5957.0,1.16452,1.16468,1.1632233338414841
2025-10-27T12:00:00Z,1.1646,1.16517,1.16378,1.16414,7376.0,1.16406,1.16422,1.163345555995953
2025-10-27T13:00:00Z,1.16414,1.1643,1.16316,1.1636,7821.0,1.16351,1.16368,1.1633794818631593
2025-10-27T14:00:00Z,1.16359,1.16425,1.16324,1.16409,7712.0,1.16401,1.16417,1.1634742176147381
2025-10-27T15:00:00Z,1.1641,1.1642,1.16329,1.16353,7859.0,1.16345,1.16361,1.1634816552661065
2025-10-27T16:00:00Z,1.16352,1.16411,1.16324,1.16387,5083.0,1.16378,1.16396,1.163533434563959
2025-10-27T17:00:00Z,1.16388,1.16416,1.16356,1.1638,3912.0,1.16372,1.16388,1.1635689766220978
2025-10-27T18:00:00Z,1.1638,1.1652,1.16351,1.16504,4491.0,1.16497,1.16511,1.1637651130724849
2025-10-27T19:00:00Z,1.16504,1.16505,1.1644,1.16476,4076.0,1.16468,1.16485,1.1638977646628204
2025-10-27T20:00:00Z,1.16475,1.16489,1.16434,1.1645,2223.0,1.1644,1.16459,1.1639780627077776
2025-10-27T21:00:00Z,1.16456,1.16472,1.16448,1.16462,966.0,1.16446,1.16477,1.1640636543467406
2025-10-27T22:00:00Z,1.16464,1.16508,1.16456,1.16499,2052.0,1.16491,1.16507,1.1641871671005086
2025-10-27T23:00:00Z,1.16499,1.16548,1.16495,1.16512,1979.0,1.16504,1.16521,1.1643115448204409
2025-10-28T00:00:00Z,1.16512,1.16588,1.16465,1.16558,3922.0,1.1655,1.16565,1.1644806721777154
2025-10-28T01:00:00Z,1.16557,1.16639,1.16552,1.16575,4336.0,1.16567,1.16583,1.1646499158873533
2025-10-28T02:00:00Z,1.16576,1.16632,1.16539,1.16545,3183.0,1.16537,1.16553,1.1647565937690396
2025-10-28T03:00:00Z,1.16544,1.1663,1.16542,1.166,3020.0,1.16592,1.16608,1.164922381266501
2025-10-28T04:00:00Z,1.16602,1.16676,1.1659,1.16664,3086.0,1.16656,1.16671,1.1651513970976344
2025-10-28T05:00:00Z,1.16663,1.16681,1.16628,1.16638,3209.0,1.16629,1.16646,1.1653152108179499
2025-10-28T06:00:00Z,1.16638,1.16672,1.16549,1.16558,4230.0,1.1655,1.16566,1.1653505160422233
2025-10-28T07:00:00Z,1.16556,1.16614,1.16509,1.16552,6760.0,1.16544,1.1656,1.1653731139032601
2025-10-28T08:00:00Z,1.16552,1.16628,1.16487,1.16521,9127.0,1.16513,1.16529,1.1653513653828256
2025-10-28T09:00:00Z,1.1652,1.1659,1.16448,1.1657,6010.0,1.16562,1.16578,1.1653978499984488
2025-10-28T10:00:00Z,1.1657,1.1665,1.1655,1.16642,5797.0,1.16635,1.1665,1.1655341366653222
2025-10-28T11:00:00Z,1.16642,1.16644,1.16548,1.16592,4969.0,1.16584,1.16601,1.165585585109946
2025-10-28T12:00:00Z,1.16593,1.166,1.16349,1.16402,8976.0,1.16395,1.1641,1.1653768404286198
2025-10-28T13:00:00Z,1.16402,1.16406,1.16256,1.16396,10283.0,1.16387,1.16405,1.1651879283714706
2025-10-28T14:00:00Z,1.16396,1.16636,1.16373,1.16606,10633.0,1.16599,1.16614,1.165304204588608
2025-10-28T15:00:00Z,1.16607,1.16672,1.1655,1.16588,8393.0,1.16581,1.16596,1.165380977310127
2025-10-28T16:00:00Z,1.16588,1.1668,1.16529,1.16678,8397.0,1.1667,1.16687,1.1655675136687766
2025-10-28T17:00:00Z,1.16678,1.16688,1.16592,1.1663,6418.0,1.16623,1.16638,1.1656651785129397
2025-10-28T18:00:00Z,1.16632,1.16638,1.1656,1.16622,4320.0,1.16613,1.1663,1.1657391547112144
2025-10-28T19:00:00Z,1.16622,1.16652,1.16518,1.16524,3889.0,1.16516,1.16531,1.1656726007497191
2025-10-28T20:00:00Z,1.16523,1.16574,1.16511,1.16522,2152.0,1.16512,1.16531,1.16561225398309
2025-10-28T21:00:00Z,1.1651,1.1653,1.16508,1.16524,874.0,1.16517,1.16531,1.165562620118678
2025-10-28T22:00:00Z,1.16536,1.16542,1.165,1.16506,1535.0,1.16499,1.16513,1.1654956041028544
2025-10-28T23:00:00Z,1.16507,1.16573,1.16486,1.16573,2040.0,1.16565,1.16581,1.1655268568891404
2025-10-29T00:00:00Z,1.16572,1.1661,1.16533,1.16546,7782.0,1.16538,1.16553,1.165517942637255
2025-10-29T01:00:00Z,1.16545,1.16561,1.16464,1.16472,5418.0,1.16464,1.16481,1.165411550285621
2025-10-29T02:00:00Z,1.16473,1.16478,1.16416,1.16465,3019.0,1.16457,1.16473,1.1653100102475382
2025-10-29T03:00:00Z,1.16466,1.16468,1.16368,1.16371,2592.0,1.16364,1.16378,1.1650966755478664
2025-10-29T04:00:00Z,1.1637,1.16375,1.16315,1.16341,2733.0,1.16333,1.16349,1.1648717854748176
2025-10-29T05:00:00Z,1.16342,1.16356,1.16272,1.16312,4339.0,1.16304,1.16321,1.1646382140781752
2025-10-29T06:00:00Z,1.16314,1.16326,1.16249,1.163,4437.0,1.16291,1.16308,1.1644197855344185
2025-10-29T07:00:00Z,1.16298,1.1638,1.16284,1.16326,8092.0,1.16319,1.16333,1.1642651474631627
2025-10-29T08:00:00Z,1.16326,1.16342,1.16232,1.16233,6575.0,1.16225,1.16241,1.1640071278014077
2025-10-29T09:00:00Z,1.16232,1.16472,1.16188,1.16412,7360.0,1.16403,1.16421,1.1640221774278867
2025-10-29T10:00:00Z,1.16412,1.16488,1.16371,1.16474,5432.0,1.16465,1.16482,1.1641178871041684
2025-10-29T11:00:00Z,1.16473,1.16486,1.1633,1.16398,5901.0,1.16391,1.16405,1.164099502156946
2025-10-29T12:00:00Z,1.16398,1.1645,1.16274,1.1634,7801.0,1.16332,1.16348,1.1640062352026865
2025-10-29T13:00:00Z,1.1634,1.16458,1.16337,1.16366,9496.0,1.16358,1.16374,1.163960070508995
2025-10-29T14:00:00Z,1.16366,1.16515,1.16316,1.16505,7751.0,1.16497,1.16513,1.164105394441129
2025-10-29T15:00:00Z,1.16506,1.16648,1.1645,1.16637,9197.0,1.16629,1.16645,1.1644073418489784
2025-10-29T16:00:00Z,1.16636,1.16659,1.16554,1.16572,6631.0,1.16564,1.1658,1.1645823629357814
2025-10-29T17:00:00Z,1.16571,1.1659,1.16458,1.16489,5753.0,1.16466,1.16512,1.1646233812110105
2025-10-29T18:00:00Z,1.16492,1.16514,1.15838,1.15946,36665.0,1.15939,1.15953,1.1639349303828759
2025-10-29T19:00:00Z,1.15943,1.16,1.15776,1.15994,22987.0,1.15986,1.16001,1.1634022729984925
2025-10-29T20:00:00Z,1.15994,1.16074,1.15908,1.16006,4652.0,1.15997,1.16015,1.1629566365986936
2025-10-29T21:00:00Z,1.1601,1.1605,1.1601,1.16028,484.0,1.16018,1.16039,1.1625997517188678
2025-10-29T22:00:00Z,1.16032,1.16055,1.16014,1.1604,873.0,1.16032,1.16048,1.1623064514896855
2025-10-29T23:00:00Z,1.1604,1.16054,1.16015,1.1603,2020.0,1.16022,1.16038,1.162038924624394
2025-10-30T00:00:00Z,1.1603,1.16156,1.1597,1.1612,5163.0,1.16112,1.16128,1.1619270680078082
2025-10-30T01:00:00Z,1.16122,1.16154,1.16087,1.16138,5282.0,1.1613,1.16147,1.1618541256067672
2025-10-30T02:00:00Z,1.16138,1.16198,1.16124,1.16173,3591.0,1.16164,1.16182,1.161837575525865
2025-10-30T03:00:00Z,1.16174,1.162,1.1607,1.16155,6300.0,1.16147,1.16163,1.1617992321224164
2025-10-30T04:00:00Z,1.16156,1.16374,1.16136,1.1632,9764.0,1.16312,1.16329,1.161986001172761
2025-10-30T05:00:00Z,1.16321,1.16342,1.16236,1.1624,4664.0,1.16232,1.16248,1.162041201016393
2025-10-30T06:00:00Z,1.1624,1.16297,1.16182,1.16196,6868.0,1.16188,1.16204,1.1620303742142073
2025-10-30T07:00:00Z,1.16196,1.16228,1.16096,1.16186,9006.0,1.16178,1.16193,1.162007657652313
2025-10-30T08:00:00Z,1.16188,1.16204,1.16065,1.16172,9211.0,1.16165,1.16179,1.1619693032986713
2025-10-30T09:00:00Z,1.16172,1.16284,1.16142,1.16167,7835.0,1.16157,1.16177,1.161929396192182
2025-10-30T10:00:00Z,1.16168,1.162,1.1606,1.16068,6469.0,1.16059,1.16076,1.1617628100332245
2025-10-30T11:00:00Z,1.16067,1.16112,1.15962,1.15979,7208.0,1.15971,1.15987,1.1614997686954613
2025-10-30T12:00:00Z,1.1598,1.15992,1.15532,1.15551,11795.0,1.15544,1.15558,1.1607011328694
2025-10-30T13:00:00Z,1.15552,1.15797,1.1547,1.15796,15748.0,1.15787,1.15804,1.1603356484868133
2025-10-30T14:00:00Z,1.15797,1.15864,1.15678,1.15732,15613.0,1.15723,1.1574,1.159933562021905
2025-10-30T15:00:00Z,1.15732,1.15774,1.15607,1.15636,7481.0,1.15629,1.15644,1.1594570870856509
2025-10-30T16:00:00Z,1.15639,1.15714,1.15595,1.15694,6055.0,1.15685,1.15702,1.1591214754742307
2025-10-30T17:00:00Z,1.15692,1.15698,1.15604,1.15664,4806.0,1.15656,1.15671,1.1587906120776665
2025-10-30T18:00:00Z,1.15664,1.15704,1.15644,1.1568,5017.0,1.15672,1.15688,1.1585251971339776
2025-10-30T19:00:00Z,1.1568,1.15716,1.15618,1.15642,3767.0,1.15634,1.15651,1.1582445041827807
2025-10-30T20:00:00Z,1.15643,1.15724,1.15636,1.15653,2022.0,1.15644,1.15662,1.1580159036250766
2025-10-30T21:00:00Z,1.15673,1.15704,1.15647,1.15696,1148.0,1.15684,1.15707,1.1578751164750665
2025-10-30T22:00:00Z,1.15694,1.15699,1.15662,1.1568,1088.0,1.15671,1.15689,1.1577317676117242
2025-10-30T23:00:00Z,1.1568,1.15734,1.15658,1.15718,1727.0,1.1571,1.15726,1.1576581985968277
2025-10-31T00:00:00Z,1.15718,1.15772,1.15702,1.15738,3924.0,1.1573,1.15746,1.157621105450584
2025-10-31T01:00:00Z,1.15738,1.15776,1.15666,1.15676,3716.0,1.15667,1.15684,1.1575062913905063
2025-10-31T02:00:00Z,1.15676,1.15746,1.1565,1.1568,3461.0,1.15673,1.15688,1.1574121192051054
2025-10-31T03:00:00Z,1.1568,1.1571,1.1566,1.15674,2510.0,1.15665,1.15682,1.1573225033110914
2025-10-31T04:00:00Z,1.15673,1.15733,1.15664,1.15721,2127.0,1.15714,1.15728,1.1573075028696127
2025-10-31T05:00:00Z,1.15722,1.15722,1.15662,1.15681,2764.0,1.15672,1.1569,1.1572411691536644
2025-10-31T06:00:00Z,1.15682,1.15734,1.15608,1.15614,4119.0,1.15606,1.15622,1.1570943465998424
2025-10-31T07:00:00Z,1.15614,1.1566,1.1555,1.15648,6949.0,1.15641,1.15656,1.1570124337198635
2025-10-31T08:00:00Z,1.15648,1.15714,1.15598,1.15708,5909.0,1.15699,1.15717,1.1570214425572152
2025-10-31T09:00:00Z,1.15708,1.15769,1.15655,1.15761,5685.0,1.15751,1.15771,1.15709991688292
2025-10-31T10:00:00Z,1.1576,1.15762,1.15674,1.1571,4803.0,1.15702,1.15718,1.1570999279651972
2025-10-31T11:00:00Z,1.1571,1.15743,1.1558,1.15669,4882.0,1.15661,1.15677,1.1570452709031709
2025-10-31T12:00:00Z,1.15668,1.15668,1.15534,1.1556,8494.0,1.15553,1.15567,1.1568525681160815
2025-10-31T13:00:00Z,1.15558,1.15564,1.15302,1.15388,11198.0,1.15381,1.15396,1.156456225700604
2025-10-31T14:00:00Z,1.15388,1.15427,1.15219,1.1534,11314.0,1.15332,1.15349,1.1560487289405235
2025-10-31T15:00:00Z,1.15341,1.15432,1.15237,1.15409,12048.0,1.15401,1.15417,1.155787565081787
2025-10-31T16:00:00Z,1.15408,1.15436,1.15281,1.15302,9139.0,1.15295,1.15309,1.1554185564042154
2025-10-31T17:00:00Z,1.15303,1.15312,1.1522,1.15242,4660.0,1.15234,1.15249,1.1550187488836534
2025-10-31T18:00:00Z,1.15238,1.15272,1.15216,1.1525,3675.0,1.15243,1.15258,1.1546829156991663
2025-10-31T19:00:00Z,1.15251,1.15317,1.1523,1.15256,3325.0,1.15248,1.15265,1.1543998602726109
2025-10-31T20:00:00Z,1.15257,1.15397,1.15254,1.15363,3860.0,1.15355,1.15371,1.1542972122362627
2025-11-02T22:00:00Z,1.15317,1.15344,1.15302,1.15328,2076.0,1.15302,1.15353,1.1541615839380943
2025-11-02T23:00:00Z,1.15329,1.15388,1.15253,1.15273,5502.0,1.15263,1.15283,1.1539707060796818
2025-11-03T00:00:00Z,1.15272,1.15309,1.15242,1.15258,4388.0,1.15251,1.15266,1.153785278602391
2025-11-03T01:00:00Z,1.15259,1.1529,1.15216,1.15271,3999.0,1.15263,1.15279,1.1536419081220721
2025-11-03T02:00:00Z,1.15273,1.15342,1.15265,1.15316,3726.0,1.15309,1.15324,1.1535776537057958
2025-11-03T03:00:00Z,1.15316,1.15345,1.15302,1.15338,3223.0,1.1533,1.15345,1.1535512998783564
2025-11-03T04:00:00Z,1.15338,1.15372,1.1532,1.15342,2533.0,1.15333,1.1535,1.1535337932279088
2025-11-03T05:00:00Z,1.15341,1.15377,1.15324,1.1535,2733.0,1.15343,1.15358,1.1535292874641876
2025-11-03T06:00:00Z,1.1535,1.15414,1.15344,1.15379,3500.0,1.15371,1.15387,1.1535640491356294
2025-11-03T07:00:00Z,1.15378,1.15412,1.15334,1.15398,6128.0,1.1539,1.15407,1.1536195092508787
2025-11-03T08:00:00Z,1.15397,1.15402,1.15096,1.15134,7138.0,1.15125,1.15143,1.153315574684095
2025-11-03T09:00:00Z,1.15135,1.15208,1.15111,1.15145,5877.0,1.15137,1.15153,1.1530668313928825
2025-11-03T10:00:00Z,1.15144,1.152,1.1508,1.15155,6986.0,1.15147,1.15163,1.1528645872071648
2025-11-03T11:00:00Z,1.15154,1.152,1.15126,1.15155,5219.0,1.15147,1.15163,1.1526893089128762
2025-11-03T12:00:00Z,1.15155,1.15224,1.15142,1.15173,5398.0,1.15165,1.15181,1.152561401057826
2025-11-03T13:00:00Z,1.15172,1.15177,1.15059,1.15111,7143.0,1.15103,1.15119,1.1523678809167825
2025-11-03T14:00:00Z,1.1511,1.15129,1.15052,1.15103,8627.0,1.15095,1.15111,1.152189496794545
2025-11-03T15:00:00Z,1.15108,1.15252,1.15059,1.15252,13098.0,1.15244,1.1526,1.1522335638886056
2025-11-03T16:00:00Z,1.1525,1.1532,1.15216,1.15308,7019.0,1.15301,1.15315,1.1523464220367916
2025-11-03T17:00:00Z,1.15309,1.15379,1.15266,1.15272,5166.0,1.15264,1.15281,1.1523962324318862
2025-11-03T18:00:00Z,1.15274,1.15311,1.15206,1.15232,4290.0,1.15225,1.15239,1.1523860681076348
2025-11-03T19:00:00Z,1.15232,1.15252,1.15166,1.15196,4603.0,1.15188,1.15203,1.1523292590266168
2025-11-03T20:00:00Z,1.15198,1.15232,1.1518,1.15195,3121.0,1.15187,1.15203,1.1522786911564011
2025-11-03T21:00:00Z,1.15194,1.15204,1.15162,1.1519,1127.0,1.15182,1.15198,1.1522281990022143
2025-11-03T22:00:00Z,1.152,1.15211,1.15191,1.15207,561.0,1.15198,1.15216,1.152207105801919
2025-11-03T23:00:00Z,1.15206,1.15209,1.15184,1.15184,1609.0,1.15177,1.15192,1.1521581583616631
2025-11-04T00:00:00Z,1.15184,1.15185,1.15056,1.15085,3732.0,1.15077,1.15093,1.1519837372467747
2025-11-04T01:00:00Z,1.15084,1.15103,1.14982,1.15102,4624.0,1.15094,1.15109,1.1518552389472048
2025-11-04T02:00:00Z,1.15101,1.15112,1.15051,1.15112,2913.0,1.15103,1.1512,1.1517572070875775
2025-11-04T03:00:00Z,1.15112,1.15178,1.15104,1.15136,3031.0,1.15127,1.15144,1.151704246142567
2025-11-04T04:00:00Z,1.15135,1.15176,1.15094,1.15096,2218.0,1.15088,1.15103,1.1516050133235582
2025-11-04T05:00:00Z,1.15094,1.15142,1.15076,1.15126,3512.0,1.15118,1.15134,1.1515590115470837
2025-11-04T06:00:00Z,1.15128,1.15266,1.15116,1.15234,4808.0,1.15226,1.15243,1.151663143340806
2025-11-04T07:00:00Z,1.15234,1.15337,1.15226,1.15271,6844.0,1.15263,1.15279,1.1518027242286986
2025-11-04T08:00:00Z,1.15272,1.15288,1.15134,1.1514,8368.0,1.15131,1.15148,1.151749027664872
2025-11-04T09:00:00Z,1.15139,1.15172,1.15,1.15011,7080.0,1.15003,1.15019,1.1515304906428891
2025-11-04T10:00:00Z,1.1501,1.151,1.14988,1.15039,5813.0,1.15032,1.15046,1.1513784252238373
2025-11-04T11:00:00Z,1.15038,1.15058,1.1489,1.149,5270.0,1.14893,1.14908,1.151061301860659
2025-11-04T12:00:00Z,1.14902,1.14932,1.14768,1.14894,7653.0,1.14887,1.14902,1.1507784616125711
2025-11-04T13:00:00Z,1.14894,1.14969,1.14883,1.14922,6875.0,1.14915,1.1493,1.150570666730895
2025-11-04T14:00:00Z,1.14921,1.14948,1.14732,1.14812,9133.0,1.14804,1.1482,1.1502439111667757
2025-11-04T15:00:00Z,1.1481,1.14929,1.14746,1.14917,8944.0,1.14909,1.14925,1.1501007230112057
2025-11-04T16:00:00Z,1.14916,1.14966,1.14874,1.14896,7474.0,1.14889,1.14904,1.1499486266097116
2025-11-04T17:00:00Z,1.149,1.14903,1.14836,1.1484,4276.0,1.14832,1.14848,1.14974214306175
2025-11-04T18:00:00Z,1.14838,1.14867,1.14811,1.14841,4379.0,1.14833,1.14849,1.1495645239868502
2025-11-04T19:00:00Z,1.1484,1.14872,1.14788,1.14792,3844.0,1.14784,1.148,1.1493452541219369
2025-11-04T20:00:00Z,1.14792,1.14834,1.14752,1.14798,3229.0,1.14791,1.14806,1.149163220239012
2025-11-04T21:00:00Z,1.148,1.1483,1.14792,1.14826,1930.0,1.14818,1.14835,1.1490427908738106
2025-11-04T22:00:00Z,1.14834,1.14855,1.1481,1.14839,1051.0,1.14827,1.14851,1.148955752090636
2025-11-04T23:00:00Z,1.1484,1.14858,1.14826,1.14852,936.0,1.14845,1.1486,1.1488976518118845
2025-11-05T00:00:00Z,1.14851,1.14855,1.14808,1.1484,3865.0,1.14832,1.14849,1.1488312982369666
2025-11-05T01:00:00Z,1.1484,1.14981,1.14797,1.14894,6562.0,1.14886,1.14902,1.1488457918053712
2025-11-05T02:00:00Z,1.14895,1.14923,1.1485,1.14886,3527.0,1.14878,1.14893,1.1488476862313217
2025-11-05T03:00:00Z,1.14886,1.14926,1.14858,1.14888,3598.0,1.1488,1.14896,1.1488519947338123
2025-11-05T04:00:00Z,1.14888,1.14919,1.14876,1.1491,1790.0,1.14902,1.14917,1.1488850621026374
2025-11-05T05:00:00Z,1.14908,1.14944,1.14894,1.14918,2356.0,1.1491,1.14927,1.1489243871556192
2025-11-05T06:00:00Z,1.1492,1.14942,1.1487,1.14882,2938.0,1.14874,1.1489,1.1489104688682032
2025-11-05T07:00:00Z,1.14882,1.14909,1.14833,1.1487,4814.0,1.14862,1.14877,1.1488824063524428
2025-11-05T08:00:00Z,1.14871,1.14954,1.14856,1.1489,6403.0,1.14881,1.14898,1.148884752172117
2025-11-05T09:00:00Z,1.1489,1.14927,1.14814,1.14846,5268.0,1.14838,1.14854,1.1488281185491682
2025-11-05T10:00:00Z,1.14846,1.14852,1.1476,1.14834,4912.0,1.14826,1.14842,1.1487630360759458
2025-11-05T11:00:00Z,1.14834,1.14893,1.1479,1.14882,3719.0,1.14874,1.1489,1.1487706312658197
2025-11-05T12:00:00Z,1.14883,1.14926,1.14871,1.1491,5387.0,1.14903,1.14918,1.1488145470970437
2025-11-05T13:00:00Z,1.14909,1.14936,1.14729,1.14736,8500.0,1.14728,1.14744,1.1486206074841045
2025-11-05T14:00:00Z,1.14736,1.14932,1.14686,1.14874,8852.0,1.14863,1.14886,1.148636526486224
2025-11-05T15:00:00Z,1.14857,1.14874,1.14699,1.14792,16170.0,1.14784,1.148,1.148540989621394
2025-11-05T16:00:00Z,1.14794,1.1486,1.14701,1.14839,8592.0,1.1483,1.14848,1.1485208576718748
2025-11-05T17:00:00Z,1.14839,1.1486,1.14764,1.14805,5213.0,1.14797,1.14813,1.1484580766489583
2025-11-05T18:00:00Z,1.14804,1.14838,1.14788,1.14817,3584.0,1.1481,1.14824,1.148419666429097
2025-11-05T19:00:00Z,1.14818,1.14876,1.14806,1.1486,2685.0,1.14853,1.14867,1.1484437109052175
2025-11-05T20:00:00Z,1.14862,1.14918,1.14862,1.14884,2861.0,1.14876,1.14891,1.1484965494511885
2025-11-05T21:00:00Z,1.14886,1.14942,1.14875,1.14925,1970.0,1.14915,1.14935,1.1485970095243634
2025-11-05T22:00:00Z,1.14913,1.14933,1.14907,1.14924,974.0,1.14909,1.14939,1.1486827415877816
2025-11-05T23:00:00Z,1.14922,1.14972,1.14912,1.14958,1236.0,1.1495,1.14965,1.1488023760427442
2025-11-06T00:00:00Z,1.14958,1.1502,1.14932,1.15008,2993.0,1.14999,1.15016,1.1489727259037117
2025-11-06T01:00:00Z,1.1501,1.1509,1.15008,1.15075,3760.0,1.15068,1.15082,1.1492096957832167
2025-11-06T02:00:00Z,1.15074,1.1509,1.15032,1.15054,2521.0,1.15047,1.15062,1.1493870696787878
2025-11-06T03:00:00Z,1.15055,1.1508,1.15034,1.1507,2002.0,1.15062,1.15079,1.1495621270549494
2025-11-06T04:00:00Z,1.15071,1.15084,1.1504,1.1507,1626.0,1.15062,1.15078,1.1497138434476228
2025-11-06T05:00:00Z,1.15068,1.1511,1.15038,1.15102,2313.0,1.15094,1.1511,1.1498879976546066
2025-11-06T06:00:00Z,1.151,1.15138,1.15054,1.15072,3281.0,1.15065,1.1508,1.149998931300659
2025-11-06T07:00:00Z,1.15073,1.15135,1.15068,1.15084,5018.0,1.15075,1.15094,1.1501110737939046
2025-11-06T08:00:00Z,1.15084,1.15235,1.1506,1.15212,7251.0,1.15205,1.1522,1.150378930621384
2025-11-06T09:00:00Z,1.15212,1.1524,1.15112,1.15136,5344.0,1.15129,1.15144,1.1505097398718662
2025-11-06T10:00:00Z,1.15136,1.15174,1.15102,1.15105,3680.0,1.15096,1.15114,1.1505817745556175
2025-11-06T11:00:00Z,1.15104,1.1521,1.15102,1.15204,3824.0,1.15196,1.15212,1.1507762046148686
2025-11-06T12:00:00Z,1.15204,1.15327,1.15143,1.15308,7826.0,1.153,1.15315,1.1510833773328861
2025-11-06T13:00:00Z,1.15309,1.15441,1.15291,1.15356,9011.0,1.15348,1.15364,1.1514135936885013
2025-11-06T14:00:00Z,1.15356,1.15376,1.152,1.15204,9629.0,1.15196,1.15213,1.1514971145300346
2025-11-06T15:00:00Z,1.15204,1.15428,1.1519,1.15395,12245.0,1.15387,1.15403,1.15182416592603
2025-11-06T16:00:00Z,1.15396,1.15418,1.15315,1.15378,9178.0,1.15371,1.15386,1.1520849438025593
2025-11-06T17:00:00Z,1.1538,1.15429,1.15299,1.15408,7376.0,1.15401,1.15415,1.1523509512955514
2025-11-06T18:00:00Z,1.15408,1.15502,1.15392,1.15473,5103.0,1.15465,1.15481,1.152668157789478
2025-11-06T19:00:00Z,1.15471,1.15523,1.1542,1.15446,4665.0,1.15437,1.15454,1.1529070700842143
2025-11-06T20:00:00Z,1.15446,1.15491,1.1543,1.15476,3009.0,1.15467,1.15484,1.153154127406319
2025-11-06T21:00:00Z,1.15477,1.15492,1.15448,1.15471,2236.0,1.1546,1.15482,1.1533615770854766
2025-11-06T22:00:00Z,1.1545,1.15493,1.15432,1.15456,6679.0,1.15422,1.15489,1.1535213668074131
2025-11-06T23:00:00Z,1.15452,1.15515,1.15452,1.15486,1370.0,1.15477,1.15494,1.1536998512330914
2025-11-07T00:00:00Z,1.15488,1.1549,1.15378,1.15396,3398.0,1.15387,1.15404,1.1537345377353458
2025-11-07T01:00:00Z,1.15395,1.15414,1.15362,1.1538,4677.0,1.15372,1.15388,1.1537432660372997
2025-11-07T02:00:00Z,1.1538,1.1543,1.1538,1.154,2870.0,1.15392,1.15408,1.1537774972323265
2025-11-07T03:00:00Z,1.15402,1.15412,1.1535,1.1538,2852.0,1.15373,1.15388,1.1537804976013497
2025-11-07T04:00:00Z,1.15381,1.15382,1.15324,1.15366,2362.0,1.15358,1.15374,1.153764431254503
2025-11-07T05:00:00Z,1.15366,1.15386,1.15326,1.15341,2290.0,1.15333,1.15349,1.1537171737539027
2025-11-07T06:00:00Z,1.15344,1.15358,1.15296,1.15309,3171.0,1.15301,1.15317,1.1536335505867157
2025-11-07T07:00:00Z,1.15308,1.15362,1.15308,1.15327,3892.0,1.15319,1.15335,1.1535850771751537
2025-11-07T08:00:00Z,1.15327,1.15404,1.15296,1.15349,5973.0,1.15342,1.15356,1.1535724002184666
2025-11-07T09:00:00Z,1.1535,1.15424,1.15345,1.15382,4718.0,1.15374,1.15391,1.1536054135226712
2025-11-07T10:00:00Z,1.15382,1.1552,1.15375,1.155,4552.0,1.15492,1.15509,1.153791358386315
2025-11-07T11:00:00Z,1.15501,1.15611,1.15494,1.15582,5547.0,1.15574,1.15589,1.1540618439348065
2025-11-07T12:00:00Z,1.15581,1.15654,1.1554,1.15559,5955.0,1.15551,1.15567,1.1542655980768324
2025-11-07T13:00:00Z,1.1556,1.15698,1.15558,1.15676,8809.0,1.15669,1.15683,1.1545981849999214
2025-11-07T14:00:00Z,1.15676,1.15788,1.15656,1.15734,8755.0,1.15726,1.15743,1.1549637603332652
2025-11-07T15:00:00Z,1.15732,1.15911,1.15714,1.15717,10864.0,1.15709,1.15725,1.1552579256221631
2025-11-07T16:00:00Z,1.1572,1.15822,1.15714,1.15776,5873.0,1.15769,1.15784,1.1555915355392081
2025-11-07T17:00:00Z,1.15777,1.15821,1.15714,1.15804,4390.0,1.15797,1.15812,1.1559179974673137
2025-11-07T18:00:00Z,1.15805,1.15836,1.15676,1.15683,3302.0,1.15675,1.15691,1.1560395978050053
2025-11-07T19:00:00Z,1.15682,1.15728,1.15554,1.15596,4650.0,1.15588,1.15603,1.156028984764338
2025-11-07T20:00:00Z,1.15593,1.15668,1.15576,1.15644,3690.0,1.15637,1.15652,1.1560837867957596
2025-11-07T21:00:00Z,1.15644,1.1567,1.1559,1.15664,1901.0,1.15652,1.15677,1.156157948556325
2025-11-09T22:00:00Z,1.15578,1.15594,1.15556,1.15574,545.0,1.15546,1.15601,1.1561022220821482
2025-11-09T23:00:00Z,1.15578,1.15596,1.15416,1.15432,4357.0,1.15425,1.1544,1.1558645924711952
2025-11-10T00:00:00Z,1.15435,1.156,1.15431,1.15544,6587.0,1.15537,1.15552,1.1558079801417025
2025-11-10T01:00:00Z,1.15547,1.15605,1.15466,1.15582,5131.0,1.15575,1.1559,1.1558095827894757
2025-11-10T02:00:00Z,1.15582,1.15608,1.15548,1.1558,2909.0,1.15572,1.15588,1.1558083050842123
2025-11-10T03:00:00Z,1.15578,1.15586,1.15512,1.15546,2869.0,1.15537,1.15555,1.1557618644063175
2025-11-10T04:00:00Z,1.15548,1.15626,1.15548,1.1561,2648.0,1.15601,1.15619,1.1558069491521419
2025-11-10T05:00:00Z,1.1561,1.15666,1.15579,1.1562,3017.0,1.15612,1.15628,1.1558593559318564
2025-11-10T06:00:00Z,1.1562,1.15649,1.15515,1.15538,3782.0,1.1553,1.15547,1.1557954418076088
2025-11-10T07:00:00Z,1.15539,1.15721,1.15535,1.15678,5767.0,1.15669,1.15686,1.155926716233261
2025-11-10T08:00:00Z,1.15677,1.15831,1.15652,1.15724,6837.0,1.15716,1.15731,1.156101820735493
2025-11-10T09:00:00Z,1.15723,1.15739,1.15641,1.15683,5989.0,1.15675,1.15691,1.156198911304094
2025-11-10T10:00:00Z,1.15682,1.15716,1.15612,1.15626,5296.0,1.15618,1.15635,1.1562070564635483
2025-11-10T11:00:00Z,1.15626,1.15641,1.15541,1.15634,4184.0,1.15626,1.15641,1.1562247822684084
2025-11-10T12:00:00Z,1.15633,1.15756,1.15628,1.1568,4743.0,1.15672,1.15689,1.156301477965954
2025-11-10T13:00:00Z,1.15682,1.15781,1.1567,1.1568,6885.0,1.15671,1.15688,1.1563679475704935
2025-11-10T14:00:00Z,1.1568,1.15685,1.15594,1.15646,7576.0,1.15638,1.15653,1.1563802212277612
2025-11-10T15:00:00Z,1.15645,1.1567,1.15452,1.15454,8374.0,1.15446,1.15462,1.156134858397393
2025-11-10T16:00:00Z,1.15454,1.15548,1.1543,1.15449,6373.0,1.15441,1.15457,1.1559155439444073
2025-11-10T17:00:00Z,1.1545,1.15613,1.15412,1.15606,5983.0,1.15598,1.15613,1.1559348047518196
2025-11-10T18:00:00Z,1.15607,1.15649,1.1558,1.15584,3044.0,1.15577,1.15592,1.1559221641182438
2025-11-10T19:00:00Z,1.15584,1.15632,1.1558,1.15609,3235.0,1.15601,1.15617,1.1559445422358112
2025-11-10T20:00:00Z,1.15609,1.15646,1.15606,1.15639,2351.0,1.15632,1.15646,1.1560039366043697
2025-11-10T21:00:00Z,1.1564,1.1564,1.15552,1.15571,1631.0,1.15561,1.15581,1.1559647450571204
2025-11-10T22:00:00Z,1.15564,1.15595,1.15559,1.15578,1983.0,1.15557,1.15598,1.1559401123828377
2025-11-10T23:00:00Z,1.15576,1.15605,1.15565,1.15569,1182.0,1.15561,1.15577,1.155906764065126
2025-11-11T00:00:00Z,1.15568,1.15597,1.1552,1.15523,2949.0,1.15516,1.1553,1.1558165288564426
2025-11-11T01:00:00Z,1.15524,1.1555,1.15472,1.15548,3844.0,1.1554,1.15556,1.1557716583422504
2025-11-11T02:00:00Z,1.15548,1.15571,1.15519,1.15534,2666.0,1.15526,1.15543,1.155714103896617
2025-11-11T03:00:00Z,1.15535,1.15582,1.15534,1.15564,2157.0,1.15556,1.15572,1.155704223377068
2025-11-11T04:00:00Z,1.15564,1.15594,1.15555,1.1558,2035.0,1.15571,1.15588,1.155716993593459
2025-11-11T05:00:00Z,1.1558,1.15652,1.15577,1.15616,3253.0,1.15608,1.15625,1.1557760611143313
2025-11-11T06:00:00Z,1.15616,1.15631,1.15505,1.15522,3453.0,1.15513,1.1553,1.1557019196324205
2025-11-11T07:00:00Z,1.15524,1.15608,1.15496,1.156,7316.0,1.15592,1.15608,1.155741663681431
2025-11-11T08:00:00Z,1.15602,1.15684,1.15546,1.15547,6088.0,1.15539,1.15555,1.1557054418572403
2025-11-11T09:00:00Z,1.15544,1.15684,1.15535,1.15649,5179.0,1.15641,1.15657,1.1558100496096084
2025-11-11T10:00:00Z,1.15648,1.15747,1.15627,1.15731,4791.0,1.15723,1.15739,1.156010042994994
2025-11-11T11:00:00Z,1.15732,1.15778,1.15701,1.15719,4547.0,1.15711,1.15727,1.1561673705956614
2025-11-11T12:00:00Z,1.15721,1.15772,1.15686,1.15704,4386.0,1.15696,1.15712,1.1562837211829067
2025-11-11T13:00:00Z,1.15706,1.16059,1.15705,1.1601,12388.0,1.16002,1.16019,1.1567925583585192
2025-11-11T14:00:00Z,1.16012,1.16054,1.15934,1.16007,7808.0,1.15999,1.16015,1.1572295505773833
2025-11-11T15:00:00Z,1.16006,1.16032,1.15915,1.15949,8192.0,1.15941,1.15957,1.1575309438337322
2025-11-11T16:00:00Z,1.1595,1.15999,1.15906,1.15934,6308.0,1.15926,1.15941,1.157772151322568
2025-11-11T17:00:00Z,1.15933,1.15992,1.15908,1.1595,3399.0,1.15941,1.15958,1.1580025311462256
2025-11-11T18:00:00Z,1.15949,1.15956,1.15912,1.15926,3179.0,1.15918,1.15935,1.1581701936600624
2025-11-11T19:00:00Z,1.15926,1.15929,1.15833,1.15844,3511.0,1.15835,1.15852,1.1582061678387208
2025-11-11T20:00:00Z,1.15844,1.1589,1.15834,1.15834,3247.0,1.15826,1.15842,1.1582240121268914
2025-11-11T21:00:00Z,1.15834,1.15856,1.15812,1.15825,1686.0,1.15817,1.15833,1.1582274771766392
2025-11-11T22:00:00Z,1.1587,1.15872,1.15828,1.15856,1392.0,1.15844,1.15869,1.1582718135530874
2025-11-11T23:00:00Z,1.15857,1.15872,1.15822,1.15868,1147.0,1.15859,1.15877,1.1583262384126758
2025-11-12T00:00:00Z,1.15868,1.15869,1.1579,1.15793,3194.0,1.15785,1.15801,1.158273406624319
2025-11-12T01:00:00Z,1.15794,1.15822,1.15746,1.15756,3263.0,1.15748,1.15763,1.1581782857410765
2025-11-12T02:00:00Z,1.15755,1.15799,1.15753,1.1579,2039.0,1.15782,1.15798,1.1581411809755997
2025-11-12T03:00:00Z,1.15792,1.15816,1.15756,1.15776,1972.0,1.15768,1.15785,1.1580903568455199
2025-11-12T04:00:00Z,1.15777,1.15786,1.15701,1.15722,2375.0,1.15714,1.15729,1.1579743092661172
2025-11-12T05:00:00Z,1.15722,1.15787,1.15712,1.15762,3539.0,1.15754,1.15771,1.157927068030635
2025-11-12T06:00:00Z,1.15763,1.15825,1.15752,1.15824,2693.0,1.15816,1.15831,1.1579687922932171
2025-11-12T07:00:00Z,1.15824,1.15885,1.15814,1.15837,5352.0,1.15829,1.15845,1.1580222866541217
2025-11-12T08:00:00Z,1.15838,1.15878,1.1577,1.15774,5746.0,1.15766,1.15781,1.157984648433572
2025-11-12T09:00:00Z,1.15774,1.15804,1.15684,1.15702,6241.0,1.15694,1.15711,1.157856028642429
2025-11-12T10:00:00Z,1.15702,1.15755,1.15651,1.15702,5313.0,1.15693,1.1571,1.1577445581567718
2025-11-12T11:00:00Z,1.15702,1.1578,1.15655,1.1578,4657.0,1.15772,1.15787,1.1577519504025355
2025-11-12T12:00:00Z,1.15779,1.15803,1.15718,1.15768,5789.0,1.15761,1.15775,1.1577423570155307
2025-11-12T13:00:00Z,1.15768,1.15799,1.15659,1.15721,7328.0,1.15713,1.15729,1.1576713760801267
2025-11-12T14:00:00Z,1.15722,1.15758,1.1563,1.15754,8219.0,1.15747,1.15762,1.1576538592694432
2025-11-12T15:00:00Z,1.15754,1.15959,1.15728,1.15941,9321.0,1.15934,1.15948,1.1578880113668508
2025-11-12T16:00:00Z,1.1594,1.15977,1.15881,1.15912,6500.0,1.15904,1.1592,1.1580522765179373
2025-11-12T17:00:00Z,1.15912,1.15971,1.15911,1.15931,4158.0,1.15924,1.15938,1.1582199729822125
2025-11-12T18:00:00Z,1.15932,1.15944,1.15889,1.15896,3101.0,1.15889,1.15903,1.158318643251251
2025-11-12T19:00:00Z,1.15894,1.15904,1.1584,1.15867,3358.0,1.15859,1.15875,1.1583654908177508
2025-11-12T20:00:00Z,1.15866,1.15907,1.15854,1.15897,2307.0,1.15889,1.15905,1.1584460920420507
2025-11-12T21:00:00Z,1.15896,1.15934,1.1585,1.15932,1801.0,1.15922,1.15942,1.1585626131031106
2025-11-12T22:00:00Z,1.1593,1.15932,1.15902,1.1591,2489.0,1.15896,1.15925,1.1586342646893626
2025-11-12T23:00:00Z,1.1591,1.15942,1.15898,1.15916,1213.0,1.15908,1.15924,1.158704362730781
2025-11-13T00:00:00Z,1.15918,1.1592,1.15804,1.15806,4545.0,1.15797,1.15814,1.15861844770001
2025-11-13T01:00:00Z,1.15804,1.15896,1.1579,1.15894,4256.0,1.15886,1.15902,1.1586613213400088
2025-11-13T02:00:00Z,1.15894,1.1593,1.15852,1.15893,2733.0,1.15885,1.15901,1.158697145161341
2025-11-13T03:00:00Z,1.15896,1.15916,1.15868,1.15898,1802.0,1.1589,1.15906,1.158734859139829
2025-11-13T04:00:00Z,1.15898,1.15918,1.15874,1.15902,1904.0,1.15893,1.1591,1.1587728779211852
2025-11-13T05:00:00Z,1.15902,1.15909,1.15804,1.15818,1974.0,1.1581,1.15827,1.1586938275316938
2025-11-13T06:00:00Z,1.15818,1.15859,1.15812,1.15857,3093.0,1.15849,1.15865,1.1586773171941347
2025-11-13T07:00:00Z,1.15855,1.16123,1.15831,1.16115,6565.0,1.16106,1.16124,1.1590070082349166
2025-11-13T08:00:00Z,1.16114,1.16294,1.16103,1.16282,7736.0,1.16275,1.1629,1.1595154071369278
2025-11-13T09:00:00Z,1.16283,1.16349,1.16109,1.16166,8755.0,1.16158,1.16174,1.1598013528520041
2025-11-13T10:00:00Z,1.16166,1.16235,1.16114,1.16159,5569.0,1.1615,1.16168,1.1600398391384037
2025-11-13T11:00:00Z,1.1616,1.16204,1.16047,1.16064,6216.0,1.16055,1.16072,1.1601198605866165
2025-11-13T12:00:00Z,1.16064,1.16231,1.16058,1.16228,6569.0,1.16221,1.16236,1.1604078791750676
2025-11-13T13:00:00Z,1.1623,1.1625,1.16118,1.16206,7353.0,1.16198,1.16214,1.1606281619517254
2025-11-13T14:00:00Z,1.16206,1.16312,1.1617,1.16281,9949.0,1.16273,1.16289,1.1609190736914954
2025-11-13T15:00:00Z,1.16279,1.16431,1.16231,1.16392,9704.0,1.16384,1.164,1.161319197199296
2025-11-13T16:00:00Z,1.16392,1.16488,1.16366,1.16488,8837.0,1.1648,1.16497,1.1617939709060565
2025-11-13T17:00:00Z,1.16488,1.16562,1.1646,1.16512,7233.0,1.16505,1.1652,1.1622374414519157
2025-11-13T18:00:00Z,1.16513,1.16519,1.16368,1.16382,6821.0,1.16375,1.16389,1.162448449258327
2025-11-13T19:00:00Z,1.16382,1.16414,1.16352,1.16358,4269.0,1.1635,1.16366,1.16259932269055
2025-11-13T20:00:00Z,1.16356,1.16393,1.16326,1.1633,3172.0,1.16323,1.16338,1.16269274633181
2025-11-13T21:00:00Z,1.1633,1.1638,1.16308,1.16345,1831.0,1.16335,1.16355,1.1627937134875688
2025-11-13T22:00:00Z,1.16372,1.16389,1.16344,1.16361,1062.0,1.16343,1.16379,1.1629025516892264
2025-11-13T23:00:00Z,1.16374,1.16376,1.16234,1.16302,2263.0,1.16295,1.1631,1.1629182114639962
2025-11-14T00:00:00Z,1.16303,1.16337,1.1627,1.16329,4796.0,1.16321,1.16337,1.1629677832687968
2025-11-14T01:00:00Z,1.1633,1.16393,1.16302,1.16334,5347.0,1.16326,1.16342,1.1630174121662906
2025-11-14T02:00:00Z,1.16332,1.16374,1.16298,1.16357,4221.0,1.16349,1.16365,1.1630910905441185
2025-11-14T03:00:00Z,1.16358,1.16448,1.16354,1.16383,2920.0,1.16375,1.16391,1.1631896118049028
2025-11-14T04:00:00Z,1.16384,1.1643,1.16378,1.1642,2937.0,1.16411,1.16428,1.1633243302309157
2025-11-14T05:00:00Z,1.1642,1.16483,1.16394,1.16478,3207.0,1.1647,1.16487,1.1635184195334602
2025-11-14T06:00:00Z,1.16478,1.16486,1.16334,1.16378,4599.0,1.1637,1.16386,1.163553296928999
2025-11-14T07:00:00Z,1.16378,1.16464,1.16318,1.1633,7574.0,1.16321,1.16338,1.1635195240051326
2025-11-14T08:00:00Z,1.16329,1.1637,1.16204,1.16295,12910.0,1.16287,1.16303,1.1634435874711149
2025-11-14T09:00:00Z,1.16294,1.16312,1.16204,1.16216,6916.0,1.16207,1.16226,1.1632724424749663
2025-11-14T10:00:00Z,1.16216,1.16218,1.16124,1.16136,6067.0,1.16128,1.16145,1.1630174501449708
2025-11-14T11:00:00Z,1.16136,1.162,1.16089,1.16195,6001.0,1.16187,1.16203,1.1628751234589747
2025-11-14T12:00:00Z,1.16196,1.16528,1.16168,1.16526,9950.0,1.16518,1.16534,1.1631931069977781
2025-11-14T13:00:00Z,1.16528,1.16538,1.16338,1.16378,12287.0,1.16369,1.16386,1.1632713593980744
2025-11-14T14:00:00Z,1.16376,1.16384,1.16211,1.16234,12383.0,1.16226,1.16241,1.1631471781449978
2025-11-14T15:00:00Z,1.16232,1.16256,1.1606,1.16132,10735.0,1.16124,1.1614,1.1629035543923314
2025-11-14T16:00:00Z,1.16132,1.16227,1.161,1.16168,7569.0,1.16161,1.16176,1.1627404138066872
2025-11-14T17:00:00Z,1.16169,1.16181,1.16079,1.16141,5535.0,1.16132,1.1615,1.162563025299129
2025-11-14T18:00:00Z,1.16142,1.1618,1.16098,1.16164,4516.0,1.16156,1.16172,1.1624399552592453
2025-11-14T19:00:00Z,1.16164,1.16202,1.16159,1.16179,4189.0,1.16171,1.16187,1.1623532945580126
2025-11-14T20:00:00Z,1.1618,1.16231,1.16168,1.16206,2778.0,1.16198,1.16214,1.1623141886169444
2025-11-14T21:00:00Z,1.16206,1.16236,1.16172,1.1622,2425.0,1.16207,1.16233,1.1622989634680185
2025-11-16T22:00:00Z,1.16199,1.16243,1.16194,1.1623,1115.0,1.16203,1.16258,1.1622991016722828
2025-11-16T23:00:00Z,1.16229,1.16246,1.16116,1.16148,2014.0,1.1614,1.16156,1.1621898881159785
2025-11-17T00:00:00Z,1.16146,1.16148,1.16051,1.16065,4287.0,1.16057,1.16073,1.1619845697005147
2025-11-17T01:00:00Z,1.16064,1.161,1.16054,1.16066,3789.0,1.16058,1.16074,1.1618079604071128
2025-11-17T02:00:00Z,1.16064,1.16066,1.16016,1.16022,2796.0,1.16014,1.16029,1.161596232352831
2025-11-17T03:00:00Z,1.1602,1.16021,1.15964,1.15987,2382.0,1.1598,1.15994,1.1613660680391202
2025-11-17T04:00:00Z,1.15987,1.16034,1.15974,1.16028,1574.0,1.1602,1.16036,1.1612212589672375
2025-11-17T05:00:00Z,1.16028,1.16052,1.15992,1.16004,2354.0,1.15996,1.16011,1.1610637577716059
2025-11-17T06:00:00Z,1.16004,1.16087,1.15952,1.16076,3719.0,1.16068,1.16084,1.1610232567353918
2025-11-17T07:00:00Z,1.16076,1.1615,1.16066,1.16133,4806.0,1.16125,1.16141,1.1610641558373396
2025-11-17T08:00:00Z,1.16134,1.1615,1.1599,1.16032,5938.0,1.16024,1.16041,1.1609649350590276
2025-11-17T09:00:00Z,1.16032,1.16048,1.1597,1.16014,5616.0,1.16007,1.16022,1.160854943717824
2025-11-17T10:00:00Z,1.16015,1.16083,1.15961,1.15966,4959.0,1.15958,1.15974,1.1606956178887808
2025-11-17T11:00:00Z,1.15966,1.1603,1.1595,1.16012,4513.0,1.16004,1.1602,1.1606188688369434
2025-11-17T12:00:00Z,1.16012,1.16046,1.15958,1.15988,4509.0,1.15981,1.15996,1.1605203529920176
2025-11-17T13:00:00Z,1.1599,1.15996,1.15886,1.15912,7099.0,1.15905,1.1592,1.1603336392597485
2025-11-17T14:00:00Z,1.15913,1.15958,1.15832,1.15857,7809.0,1.15849,1.15865,1.1600984873584488
2025-11-17T15:00:00Z,1.15858,1.15982,1.1582,1.15976,8423.0,1.15969,1.15983,1.1600533557106556
2025-11-17T16:00:00Z,1.15977,1.1602,1.15938,1.15973,5352.0,1.15965,1.15981,1.1600102416159015
2025-11-17T17:00:00Z,1.15974,1.15993,1.15913,1.15938,3568.0,1.1593,1.15946,1.159926209400448
2025-11-17T18:00:00Z,1.15939,1.15946,1.1588,1.1591,3934.0,1.15902,1.15918,1.159816048147055
2025-11-17T19:00:00Z,1.1591,1.15955,1.1583,1.1584,4407.0,1.15832,1.15848,1.1596272417274476
2025-11-17T20:00:00Z,1.15841,1.15908,1.15826,1.15884,3555.0,1.15877,1.15892,1.159522276163788
2025-11-17T21:00:00Z,1.1588,1.15926,1.15871,1.15923,1508.0,1.15915,1.15931,1.1594833060086163
2025-11-17T22:00:00Z,1.15923,1.15931,1.15898,1.15913,858.0,1.15892,1.15934,1.1594361985408008
2025-11-17T23:00:00Z,1.15914,1.15942,1.15889,1.15901,1353.0,1.15892,1.1591,1.159379372068694
2025-11-18T00:00:00Z,1.159,1.15902,1.1585,1.15869,3016.0,1.15861,1.15877,1.159287455792868
2025-11-18T01:00:00Z,1.1587,1.15932,1.15846,1.15909,4022.0,1.15901,1.15917,1.159261128353819
2025-11-18T02:00:00Z,1.1591,1.1594,1.15882,1.1593,2141.0,1.15922,1.15938,1.1592663112399766
2025-11-18T03:00:00Z,1.15932,1.1596,1.15912,1.15925,2644.0,1.15917,1.15933,1.1592641364079797
2025-11-18T04:00:00Z,1.15924,1.16038,1.1589,1.15995,4997.0,1.15987,1.16003,1.1593555848869157
2025-11-18T05:00:00Z,1.15994,1.16004,1.15952,1.15978,2419.0,1.1597,1.15986,1.1594121735686602
2025-11-18T06:00:00Z,1.15978,1.16011,1.15932,1.15944,3321.0,1.15937,1.15952,1.1594158837595057
2025-11-18T07:00:00Z,1.15944,1.15998,1.1591,1.15912,6713.0,1.15903,1.1592,1.1593764325915716
2025-11-18T08:00:00Z,1.15911,1.16064,1.15897,1.1592,8040.0,1.15912,1.15928,1.1593529082460288
2025-11-18T09:00:00Z,1.1592,1.15958,1.15872,1.15894,5660.0,1.15886,1.15901,1.159297853813225
2025-11-18T10:00:00Z,1.15893,1.1591,1.15796,1.1582,4839.0,1.15812,1.15827,1.159151473304795
2025-11-18T11:00:00Z,1.15819,1.15886,1.15802,1.15848,3924.0,1.15839,1.15856,1.1590619435308223
2025-11-18T12:00:00Z,1.15848,1.15928,1.15832,1.1592,5768.0,1.15912,1.15928,1.159080351060046
2025-11-18T13:00:00Z,1.1592,1.16022,1.15882,1.15968,9837.0,1.1596,1.15977,1.15916030425204
2025-11-18T14:00:00Z,1.15968,1.16024,1.1593,1.16002,8222.0,1.15993,1.16012,1.159274930351768
2025-11-18T15:00:00Z,1.16002,1.16078,1.15817,1.1582,10229.0,1.15812,1.15828,1.1591316063048656
2025-11-18T16:00:00Z,1.15821,1.15841,1.15726,1.1579,9734.0,1.15782,1.15798,1.1589673921308834
2025-11-18T17:00:00Z,1.1579,1.15807,1.15715,1.15756,5782.0,1.15748,1.15764,1.1587797398467656
2025-11-18T18:00:00Z,1.15758,1.15858,1.15752,1.15822,4553.0,1.15814,1.15829,1.1587051078671968
2025-11-18T19:00:00Z,1.15821,1.15872,1.15802,1.15855,4211.0,1.15847,1.15863,1.1586844268182372
2025-11-18T20:00:00Z,1.15855,1.1587,1.15788,1.15807,3598.0,1.15799,1.15815,1.1586025032424723
2025-11-18T21:00:00Z,1.15808,1.15837,1.1578,1.15807,1767.0,1.15797,1.15817,1.1585315028101426
2025-11-18T22:00:00Z,1.15818,1.15839,1.15776,1.15786,2694.0,1.15771,1.15802,1.1584419691021237
2025-11-18T23:00:00Z,1.15786,1.15818,1.15776,1.15802,1210.0,1.15794,1.15809,1.158385706555174
2025-11-19T00:00:00Z,1.15802,1.15842,1.15786,1.15824,3267.0,1.15815,1.15832,1.1583662790144842
2025-11-19T01:00:00Z,1.15824,1.15852,1.1576,1.15769,3691.0,1.15761,1.15777,1.1582761084792197
2025-11-19T02:00:00Z,1.15768,1.1582,1.15725,1.15788,3170.0,1.1578,1.15796,1.1582232940153239
2025-11-19T03:00:00Z,1.15788,1.1584,1.1577,1.15838,2803.0,1.1583,1.15847,1.1582441881466141
2025-11-19T04:00:00Z,1.15838,1.15844,1.15774,1.15842,2375.0,1.15834,1.15851,1.1582676297270655
2025-11-19T05:00:00Z,1.15843,1.15908,1.15833,1.1589,3381.0,1.15883,1.15898,1.1583519457634568
2025-11-19T06:00:00Z,1.15891,1.15916,1.15867,1.15869,3336.0,1.15861,1.15877,1.1583970196616626
2025-11-19T07:00:00Z,1.1587,1.15975,1.15774,1.15814,7260.0,1.15806,1.15823,1.158362750373441
2025-11-19T08:00:00Z,1.15814,1.1589,1.15712,1.15736,7158.0,1.15728,1.15744,1.158229050323649
2025-11-19T09:00:00Z,1.15735,1.15806,1.15656,1.15734,6982.0,1.15727,1.15741,1.1581105102804958
2025-11-19T10:00:00Z,1.15734,1.15776,1.15676,1.15692,6967.0,1.15684,1.157,1.1579517755764297
2025-11-19T11:00:00Z,1.15692,1.15875,1.15684,1.15864,6350.0,1.15856,1.15872,1.1580435388329058
2025-11-19T12:00:00Z,1.15864,1.15894,1.1576,1.15782,5756.0,1.15774,1.1579,1.158013733655185
2025-11-19T13:00:00Z,1.15782,1.1591,1.1571,1.15729,6530.0,1.15721,1.15737,1.1579172358344938
2025-11-19T14:00:00Z,1.15727,1.15738,1.15549,1.15555,9299.0,1.15547,1.15563,1.1576016043898947
2025-11-19T15:00:00Z,1.15554,1.15564,1.15404,1.15468,9835.0,1.15461,1.15475,1.1572120571379088
2025-11-19T16:00:00Z,1.15466,1.15476,1.15349,1.15398,7584.0,1.15389,1.15406,1.1567811161861876
2025-11-19T17:00:00Z,1.15396,1.15425,1.1526,1.15332,7215.0,1.15323,1.1534,1.1563196340280293
2025-11-19T18:00:00Z,1.15332,1.15376,1.15292,1.15299,4708.0,1.15289,1.15309,1.155875682824292
2025-11-19T19:00:00Z,1.153,1.15311,1.15178,1.1521,8437.0,1.15202,1.15219,1.1553722584477197
2025-11-19T20:00:00Z,1.15211,1.15286,1.15202,1.15263,4537.0,1.15256,1.1527,1.155006623988024
2025-11-19T21:00:00Z,1.15263,1.15389,1.1523,1.15384,3216.0,1.15372,1.15396,1.154851074122954
2025-11-19T22:00:00Z,1.1539,1.15394,1.1538,1.15386,405.0,1.15378,1.15395,1.1547189309065602
2025-11-19T23:00:00Z,1.15386,1.15423,1.15364,1.15394,1896.0,1.15387,1.15401,1.1546150734523521
2025-11-20T00:00:00Z,1.15394,1.15394,1.15288,1.15344,4578.0,1.15336,1.15352,1.1544583969920386
2025-11-20T01:00:00Z,1.15344,1.15354,1.15224,1.15229,4513.0,1.15222,1.15236,1.1541692773931
2025-11-20T02:00:00Z,1.15228,1.15237,1.1515,1.15202,3979.0,1.15194,1.1521,1.15388270707402
2025-11-20T03:00:00Z,1.15202,1.15225,1.15101,1.15142,4141.0,1.15133,1.1515,1.1535543461308175
2025-11-20T04:00:00Z,1.15141,1.15205,1.15132,1.15195,2348.0,1.15188,1.15202,1.1533404333133752
2025-11-20T05:00:00Z,1.15194,1.15196,1.1514,1.15158,2940.0,1.1515,1.15166,1.153105708871592
2025-11-20T06:00:00Z,1.15156,1.15233,1.15136,1.15199,4588.0,1.15191,1.15207,1.152956947688713
2025-11-20T07:00:00Z,1.15198,1.1523,1.15151,1.15198,6720.0,1.15191,1.15205,1.1528266879968845
2025-11-20T08:00:00Z,1.15199,1.15234,1.15114,1.15212,7123.0,1.15205,1.1522,1.1527324629306333
2025-11-20T09:00:00Z,1.1521,1.15278,1.15172,1.15275,6233.0,1.15267,1.15283,1.1527348012065488
2025-11-20T10:00:00Z,1.15276,1.15296,1.15244,1.15274,5279.0,1.15266,1.15282,1.152735494379009
2025-11-20T11:00:00Z,1.15274,1.15274,1.1513,1.15144,5271.0,1.15136,1.15151,1.152562761795141
2025-11-20T12:00:00Z,1.15142,1.15168,1.15072,1.1511,5318.0,1.15102,1.15118,1.1523677268891224
2025-11-20T13:00:00Z,1.1511,1.15389,1.15024,1.15278,18759.0,1.15269,1.15286,1.1524226966372395
2025-11-20T14:00:00Z,1.15277,1.155,1.1523,1.15348,16041.0,1.15339,1.15356,1.152563670418941
2025-11-20T15:00:00Z,1.15348,1.1537,1.15201,1.15274,11060.0,1.15266,1.15283,1.152587181029749
2025-11-20T16:00:00Z,1.15276,1.15412,1.15276,1.15338,10516.0,1.15329,1.15346,1.1526928902257825
2025-11-20T17:00:00Z,1.15338,1.15381,1.1525,1.15288,9890.0,1.1528,1.15295,1.1527178381956782
2025-11-20T18:00:00Z,1.15287,1.15368,1.15269,1.15366,5952.0,1.15358,1.15374,1.1528434597695878
2025-11-20T19:00:00Z,1.15364,1.15407,1.15355,1.1538,4573.0,1.15372,1.15389,1.152970998466976
2025-11-20T20:00:00Z,1.1538,1.15386,1.1526,1.15261,4495.0,1.15253,1.15269,1.1529228653380459
2025-11-20T21:00:00Z,1.15262,1.15288,1.15239,1.15285,1970.0,1.15277,1.15293,1.15291314995964
2025-11-20T22:00:00Z,1.15275,1.15314,1.1526,1.15291,1970.0,1.1527,1.15312,1.1529127299650213
2025-11-20T23:00:00Z,1.15292,1.15348,1.15236,1.15338,2160.0,1.15329,1.15346,1.1529750326363517
2025-11-21T00:00:00Z,1.15338,1.1536,1.15282,1.15352,3868.0,1.15344,1.15361,1.153047694951505
2025-11-21T01:00:00Z,1.15352,1.15384,1.15324,1.15325,5022.0,1.15317,1.15333,1.153074668957971
2025-11-21T02:00:00Z,1.15326,1.15391,1.15324,1.15358,3759.0,1.1535,1.15366,1.1531420464302415
2025-11-21T03:00:00Z,1.15358,1.15378,1.15336,1.15364,2832.0,1.15357,1.15372,1.1532084402395426
2025-11-21T04:00:00Z,1.15364,1.15422,1.1536,1.15388,2879.0,1.1538,1.15397,1.153297981540937
2025-11-21T05:00:00Z,1.15389,1.15419,1.15346,1.15352,2812.0,1.15343,1.15361,1.1533275840021455
2025-11-21T06:00:00Z,1.15352,1.15466,1.15351,1.15414,4799.0,1.15406,1.15422,1.1534359061351929
2025-11-21T07:00:00Z,1.15413,1.15479,1.1539,1.15414,7242.0,1.15406,1.15422,1.153529785317167
2025-11-21T08:00:00Z,1.15414,1.15525,1.15341,1.1541,10423.0,1.15401,1.15418,1.1536058139415448
2025-11-21T09:00:00Z,1.15412,1.15428,1.1525,1.15252,7835.0,1.15244,1.15261,1.153461038749339
2025-11-21T10:00:00Z,1.15251,1.1527,1.15125,1.152,8531.0,1.15191,1.15208,1.1532662335827604
2025-11-21T11:00:00Z,1.152,1.15229,1.15046,1.1506,6441.0,1.15052,1.15068,1.1529107357717256
2025-11-21T12:00:00Z,1.1506,1.1526,1.14966,1.15247,14066.0,1.15239,1.15255,1.1528519710021623
2025-11-21T13:00:00Z,1.15246,1.1527,1.15156,1.15208,8345.0,1.152,1.15216,1.1527490415352073
2025-11-21T14:00:00Z,1.15211,1.15236,1.15055,1.1514,11575.0,1.15131,1.15148,1.1525691693305131
2025-11-21T15:00:00Z,1.1514,1.15234,1.1499,1.1503,12851.0,1.15022,1.15037,1.152266613419778
2025-11-21T16:00:00Z,1.15028,1.15055,1.14912,1.1505,9124.0,1.15042,1.15058,1.1520310649638077
2025-11-21T17:00:00Z,1.1505,1.15129,1.15006,1.15072,7129.0,1.15064,1.1508,1.1518562563019668
2025-11-21T18:00:00Z,1.15074,1.15084,1.1502,1.15042,5572.0,1.15034,1.15051,1.1516647554617045
2025-11-21T19:00:00Z,1.15043,1.15178,1.15042,1.15133,4662.0,1.15126,1.1514,1.151620121400144
2025-11-21T20:00:00Z,1.15133,1.1518,1.15092,1.15176,3676.0,1.15167,1.15184,1.1516387718801249
2025-11-21T21:00:00Z,1.15174,1.1521,1.15126,1.1513,2229.0,1.15119,1.1514,1.1515936022961082
2025-11-23T22:00:00Z,1.15193,1.15193,1.15102,1.15139,722.0,1.15116,1.15162,1.1515664553232938
2025-11-23T23:00:00Z,1.15138,1.15156,1.15062,1.15074,2067.0,1.15067,1.15081,1.151456261280188
2025-11-24T00:00:00Z,1.15074,1.15084,1.15019,1.1507,2347.0,1.15061,1.15078,1.1513554264428296
2025-11-24T01:00:00Z,1.1507,1.15132,1.1505,1.15106,3102.0,1.15097,1.15114,1.1513160362504524
2025-11-24T02:00:00Z,1.15105,1.15184,1.15104,1.1516,3030.0,1.15152,1.15168,1.1513538980837255
2025-11-24T03:00:00Z,1.15162,1.15191,1.15134,1.15162,2543.0,1.15154,1.15169,1.1513893783392288
2025-11-24T04:00:00Z,1.15161,1.15218,1.15158,1.15208,1912.0,1.152,1.15216,1.1514814612273316
2025-11-24T05:00:00Z,1.15208,1.15284,1.15208,1.15226,3399.0,1.15218,1.15234,1.1515852663970207
2025-11-24T06:00:00Z,1.15226,1.1527,1.15201,1.15208,3054.0,1.15199,1.15217,1.151651230877418
2025-11-24T07:00:00Z,1.15208,1.15226,1.15112,1.15119,5278.0,1.15111,1.15127,1.1515897334270957
2025-11-24T08:00:00Z,1.15122,1.15344,1.15097,1.15278,7852.0,1.15268,1.15289,1.1517484356368164
2025-11-24T09:00:00Z,1.1528,1.15344,1.15245,1.15298,6459.0,1.1529,1.15307,1.1519126442185743
2025-11-24T10:00:00Z,1.15298,1.15422,1.15298,1.1541,5908.0,1.15401,1.15418,1.1522042916560977
2025-11-24T11:00:00Z,1.1541,1.1547,1.15362,1.15454,4406.0,1.15446,1.15461,1.1525157194352846
2025-11-24T12:00:00Z,1.15453,1.15506,1.15362,1.15476,6098.0,1.15467,1.15484,1.1528149568439134
2025-11-24T13:00:00Z,1.15476,1.155,1.15374,1.15385,6629.0,1.15377,1.15393,1.1529529625980584
2025-11-24T14:00:00Z,1.15386,1.15413,1.15262,1.15269,9033.0,1.15261,1.15277,1.1529179009183173
2025-11-24T15:00:00Z,1.1527,1.15302,1.15168,1.1529,8554.0,1.15282,1.15297,1.1529155141292082
2025-11-24T16:00:00Z,1.1529,1.15308,1.15173,1.15179,4797.0,1.15171,1.15187,1.1527654455786471
2025-11-24T17:00:00Z,1.15178,1.15198,1.15116,1.1518,4619.0,1.15172,1.15189,1.1526367195014942
2025-11-24T18:00:00Z,1.1518,1.15283,1.15172,1.15278,2851.0,1.15271,1.15286,1.1526558235679616
2025-11-24T19:00:00Z,1.15279,1.15292,1.15232,1.15277,3486.0,1.15268,1.15286,1.1526710470922334
2025-11-24T20:00:00Z,1.15278,1.15284,1.15219,1.15224,3065.0,1.15216,1.15232,1.1526135741466024
2025-11-24T21:00:00Z,1.15226,1.15234,1.15194,1.15216,1492.0,1.15206,1.15227,1.1525530975937222
2025-11-24T22:00:00Z,1.15218,1.1526,1.15216,1.1525,788.0,1.15234,1.15265,1.1525460179145592
2025-11-24T23:00:00Z,1.15253,1.15257,1.15188,1.15203,1392.0,1.15195,1.15211,1.1524772155259515
2025-11-25T00:00:00Z,1.15204,1.15236,1.15188,1.15234,3197.0,1.15226,1.15242,1.1524589201224913
2025-11-25T01:00:00Z,1.15232,1.15301,1.1522,1.15258,4307.0,1.1525,1.15266,1.1524750641061592
2025-11-25T02:00:00Z,1.1526,1.15285,1.15223,1.15284,2893.0,1.15277,1.15292,1.152523722225338
2025-11-25T03:00:00Z,1.15285,1.15303,1.15172,1.1518,3221.0,1.15172,1.15188,1.1524272259286261
2025-11-25T04:00:00Z,1.1518,1.1518,1.15144,1.1515,2502.0,1.15143,1.15158,1.1523035958048093
2025-11-25T05:00:00Z,1.1515,1.15184,1.15116,1.15168,2981.0,1.15161,1.15176,1.1522204496975015
2025-11-25T06:00:00Z,1.15169,1.15217,1.15148,1.15186,3383.0,1.15177,1.15195,1.1521723897378346
2025-11-25T07:00:00Z,1.15186,1.15306,1.15178,1.15228,6604.0,1.15221,1.15235,1.1521867377727901
2025-11-25T08:00:00Z,1.15228,1.15336,1.15207,1.15288,7262.0,1.15279,1.15296,1.1522791727364181
2025-11-25T09:00:00Z,1.15286,1.15368,1.15272,1.15341,6118.0,1.15333,1.15349,1.1524299497048958
2025-11-25T10:00:00Z,1.15339,1.15411,1.15323,1.1539,5476.0,1.15382,1.15399,1.1526259564109096
2025-11-25T11:00:00Z,1.1539,1.1539,1.15247,1.15268,4067.0,1.1526,1.15277,1.1526331622227883
2025-11-25T12:00:00Z,1.15268,1.15571,1.15254,1.15447,10015.0,1.15439,1.15455,1.1528780739264166
2025-11-25T13:00:00Z,1.15448,1.15624,1.15426,1.15582,13931.0,1.15574,1.15591,1.1532703307362278
2025-11-25T14:00:00Z,1.15582,1.1572,1.15522,1.15666,11619.0,1.15657,1.15676,1.153722286638064
2025-11-25T15:00:00Z,1.15672,1.15841,1.15618,1.15625,10810.0,1.15617,1.15633,1.1540593150863223
2025-11-25T16:00:00Z,1.15626,1.15719,1.155,1.15528,6691.0,1.15521,1.15535,1.1542220730748127
2025-11-25T17:00:00Z,1.15527,1.1584,1.15522,1.15824,12292.0,1.15817,1.15832,1.1547577966648377
2025-11-25T18:00:00Z,1.15826,1.15861,1.15768,1.15795,7019.0,1.15787,1.15803,1.1551834237761927
2025-11-25T19:00:00Z,1.15796,1.15856,1.1574,1.15838,4350.0,1.1583,1.15846,1.1556096339393669
2025-11-25T20:00:00Z,1.15838,1.15844,1.1558,1.1565,5190.0,1.15642,1.15658,1.155728349414118
2025-11-25T21:00:00Z,1.1565,1.15724,1.15645,1.15697,2017.0,1.15689,1.15705,1.1558939028255688
2025-11-25T22:00:00Z,1.15706,1.15717,1.15676,1.15694,493.0,1.15679,1.1571,1.1560333824488263
2025-11-25T23:00:00Z,1.15696,1.15732,1.15643,1.15648,1294.0,1.1564,1.15657,1.1560929314556494
2025-11-26T00:00:00Z,1.1565,1.15726,1.15633,1.15682,5264.0,1.15674,1.15691,1.1561898739282295
2025-11-26T01:00:00Z,1.15682,1.15832,1.15654,1.15772,7729.0,1.15765,1.1578,1.1563938907377989
2025-11-26T02:00:00Z,1.15772,1.15868,1.15748,1.15818,5651.0,1.15811,1.15826,1.1566320386394258
2025-11-26T03:00:00Z,1.15818,1.15916,1.1581,1.15907,4686.0,1.15899,1.15915,1.156957100154169
2025-11-26T04:00:00Z,1.15906,1.15916,1.15824,1.15837,3416.0,1.15829,1.15845,1.1571454868002797
2025-11-26T05:00:00Z,1.15838,1.15914,1.15826,1.15909,3373.0,1.15902,1.15916,1.157404755226909
2025-11-26T06:00:00Z,1.1591,1.1596,1.15838,1.15863,4472.0,1.15856,1.1587,1.1575681211966546
2025-11-26T07:00:00Z,1.15864,1.15922,1.15752,1.15793,6991.0,1.15786,1.158,1.1576163717037673
2025-11-26T08:00:00Z,1.15794,1.1581,1.15656,1.1572,7662.0,1.15712,1.15729,1.1575608554765984
2025-11-26T09:00:00Z,1.15722,1.15799,1.15683,1.1572,6575.0,1.15713,1.15727,1.157512741413052
2025-11-26T10:00:00Z,1.1572,1.1578,1.15683,1.15734,4909.0,1.15726,1.15743,1.157489709224645
2025-11-26T11:00:00Z,1.15735,1.1581,1.15681,1.15742,7737.0,1.15734,1.1575,1.157480414661359
2025-11-26T12:00:00Z,1.15742,1.15802,1.15692,1.15722,12056.0,1.15714,1.1573,1.1574456927065113
2025-11-26T13:00:00Z,1.15724,1.15842,1.15484,1.15525,17448.0,1.15517,1.15533,1.1571529336789765
2025-11-26T14:00:00Z,1.15524,1.1582,1.15471,1.15789,10824.0,1.15781,1.15797,1.1572512091884464
2025-11-26T15:00:00Z,1.15786,1.15948,1.1578,1.15894,10987.0,1.15887,1.15902,1.1574763812966535
2025-11-26T16:00:00Z,1.15895,1.16009,1.15888,1.15904,8313.0,1.15896,1.15912,1.1576848637904331
2025-11-26T17:00:00Z,1.15904,1.1594,1.15851,1.1593,5944.0,1.15923,1.15938,1.1579002152850422
2025-11-26T18:00:00Z,1.15931,1.15966,1.15894,1.15934,4315.0,1.15926,1.15942,1.15809218658037
2025-11-26T19:00:00Z,1.15935,1.15965,1.15906,1.15938,4032.0,1.1593,1.15946,1.1582638950363207
2025-11-26T20:00:00Z,1.15938,1.15974,1.15922,1.15943,3271.0,1.15935,1.15951,1.1584193756981447
2025-11-26T21:00:00Z,1.15942,1.15974,1.15938,1.15963,1880.0,1.15953,1.15973,1.1585807922717255
2025-11-26T22:00:00Z,1.15935,1.15974,1.15924,1.1596,1038.0,1.15948,1.15972,1.1587166866354954
2025-11-26T23:00:00Z,1.15959,1.16022,1.1595,1.16019,1415.0,1.16011,1.16027,1.1589131284174294
2025-11-27T00:00:00Z,1.1602,1.16052,1.16,1.16022,2559.0,1.16014,1.16031,1.1590873779617723
2025-11-27T01:00:00Z,1.16022,1.16126,1.16008,1.16092,5339.0,1.16083,1.16101,1.1593317275668693
2025-11-27T02:00:00Z,1.16092,1.16136,1.16006,1.16038,4065.0,1.1603,1.16047,1.15947149722462
2025-11-27T03:00:00Z,1.16038,1.16067,1.16,1.16022,3268.0,1.16014,1.16029,1.1595712975946708
2025-11-27T04:00:00Z,1.16022,1.16052,1.16002,1.16008,2504.0,1.16,1.16016,1.159639124582048
2025-11-27T05:00:00Z,1.1601,1.16064,1.16008,1.16022,3875.0,1.16015,1.1603,1.159716574637775
2025-11-27T06:00:00Z,1.16023,1.16054,1.15913,1.15926,4775.0,1.15919,1.15934,1.159655698019405
2025-11-27T07:00:00Z,1.15925,1.15938,1.15858,1.15917,3949.0,1.1591,1.15924,1.1595909382834844
2025-11-27T08:00:00Z,1.15918,1.15956,1.15868,1.15928,5719.0,1.15921,1.15936,1.1595494798456865
2025-11-27T09:00:00Z,1.15928,1.15938,1.15766,1.15776,5583.0,1.15767,1.15784,1.1593108825329284
2025-11-27T10:00:00Z,1.15776,1.15852,1.15772,1.1584,4134.0,1.15831,1.15848,1.159189431528538
2025-11-27T11:00:00Z,1.15838,1.15878,1.15787,1.15861,4586.0,1.15853,1.15869,1.1591121739913997
2025-11-27T12:00:00Z,1.15862,1.15905,1.1582,1.15832,3952.0,1.15825,1.15839,1.1590065507925464
2025-11-27T13:00:00Z,1.15832,1.1597,1.15832,1.1595,5146.0,1.15942,1.15957,1.1590723440202069
2025-11-27T14:00:00Z,1.1595,1.1598,1.15904,1.15951,4306.0,1.15944,1.15958,1.159130698150846
2025-11-27T15:00:00Z,1.1595,1.15996,1.15922,1.15942,4259.0,1.15934,1.15949,1.1591692717307331
2025-11-27T16:00:00Z,1.15943,1.16004,1.15924,1.15994,2448.0,1.15987,1.16002,1.1592720354999688
2025-11-27T17:00:00Z,1.15996,1.16016,1.15918,1.15951,1787.0,1.15942,1.1596,1.159303764099973
2025-11-27T18:00:00Z,1.15952,1.15956,1.15913,1.1592,1090.0,1.15913,1.15927,1.1592899288866434
2025-11-27T19:00:00Z,1.1592,1.15962,1.1592,1.15954,953.0,1.15947,1.15961,1.1593232717017576
2025-11-27T20:00:00Z,1.15953,1.15966,1.15943,1.1595,1394.0,1.15943,1.15958,1.1593468354748566
2025-11-27T21:00:00Z,1.15951,1.15972,1.15951,1.1596,751.0,1.1595,1.15969,1.1593805907448758
2025-11-27T22:00:00Z,1.15962,1.15973,1.15951,1.15959,756.0,1.15946,1.15972,1.1594085119788924
2025-11-27T23:00:00Z,1.1596,1.16016,1.1596,1.15996,1023.0,1.15988,1.16005,1.1594820437150402
2025-11-28T00:00:00Z,1.15996,1.1602,1.15921,1.15942,4332.0,1.15933,1.1595,1.1594737712197014
2025-11-28T01:00:00Z,1.15942,1.15987,1.15817,1.15833,4464.0,1.15825,1.15841,1.159321268390408
2025-11-28T02:00:00Z,1.15834,1.1588,1.15816,1.15841,8056.0,1.15831,1.15851,1.1591997659383535
2025-11-28T03:00:00Z,1.15842,1.1591,1.15826,1.15872,8686.0,1.15862,1.15883,1.159135797146573
2025-11-28T04:00:00Z,1.15872,1.15918,1.1586,1.15895,4685.0,1.15885,1.15905,1.1591110241936966
2025-11-28T05:00:00Z,1.15893,1.15938,1.15823,1.15895,12121.0,1.15879,1.15911,1.1590895543012036
2025-11-28T06:00:00Z,1.15894,1.15903,1.15815,1.15844,13573.0,1.1583,1.15859,1.1590029470610432
2025-11-28T07:00:00Z,1.15845,1.15907,1.15773,1.15796,13509.0,1.15787,1.15804,1.1588638874529043
2025-11-28T08:00:00Z,1.15795,1.15824,1.15666,1.15704,13000.0,1.1569,1.15719,1.1586207024591837
2025-11-28T09:00:00Z,1.15706,1.158,1.15666,1.15688,19634.0,1.15672,1.15705,1.1583886087979591
2025-11-28T10:00:00Z,1.15688,1.1571,1.15553,1.15592,8782.0,1.15581,1.15603,1.1580594609582313
2025-11-28T11:00:00Z,1.1559,1.1569,1.15557,1.15679,9032.0,1.15667,1.15691,1.1578901994971338
2025-11-28T12:00:00Z,1.1568,1.15728,1.15616,1.15664,10449.0,1.15655,1.15673,1.1577235062308493
2025-11-28T13:00:00Z,1.15666,1.15787,1.15628,1.15748,18683.0,1.1574,1.15756,1.1576910387334027
2025-11-28T14:00:00Z,1.15748,1.15852,1.15712,1.15846,8537.0,1.15837,1.15854,1.1577935669022823
2025-11-28T15:00:00Z,1.15844,1.16076,1.15795,1.16074,12622.0,1.16067,1.16082,1.1581864246486446
2025-11-28T16:00:00Z,1.16075,1.16075,1.15927,1.15992,10136.0,1.15983,1.16,1.1584175680288253
2025-11-28T17:00:00Z,1.1599,1.16045,1.15934,1.16028,4981.0,1.1602,1.16036,1.1586658922916486
2025-11-28T18:00:00Z,1.16028,1.16046,1.15959,1.16016,4116.0,1.16007,1.16025,1.1588651066527622
2025-11-28T19:00:00Z,1.16016,1.16039,1.16006,1.16023,3207.0,1.16015,1.16031,1.159047092432394
2025-11-28T20:00:00Z,1.16025,1.16044,1.16006,1.16008,2852.0,1.16,1.16017,1.159184813441408
2025-11-28T21:00:00Z,1.16007,1.16029,1.15957,1.15985,1853.0,1.15942,1.16028,1.1592735049825535
2025-11-30T22:00:00Z,1.15938,1.16002,1.15927,1.15991,1963.0,1.15971,1.16011,1.1593583709848798
2025-11-30T23:00:00Z,1.15989,1.16078,1.1596,1.16012,2645.0,1.16004,1.16019,1.1594599215202293
2025-12-01T00:00:00Z,1.16012,1.16072,1.15978,1.16032,5638.0,1.16024,1.1604,1.1595745986508654
2025-12-01T01:00:00Z,1.1603,1.1616,1.16004,1.16052,9125.0,1.16044,1.16061,1.1597006521640834
2025-12-01T02:00:00Z,1.16052,1.16058,1.15928,1.1595,5125.0,1.15943,1.15958,1.1596738985422057
2025-12-01T03:00:00Z,1.1595,1.15976,1.15894,1.15968,3107.0,1.15961,1.15976,1.1596747120699116
2025-12-01T04:00:00Z,1.1597,1.16026,1.15946,1.15986,3044.0,1.15978,1.15995,1.1596994171272568
2025-12-01T05:00:00Z,1.15986,1.16014,1.15948,1.1598,3905.0,1.15971,1.15989,1.159712828176956
2025-12-01T06:00:00Z,1.15978,1.15991,1.15904,1.15963,5295.0,1.15955,1.15971,1.1597017844200286
2025-12-01T07:00:00Z,1.15964,1.1613,1.15956,1.1607,6538.0,1.16062,1.16079,1.1598348798306914
2025-12-01T08:00:00Z,1.1607,1.1622,1.1604,1.16136,9352.0,1.16127,1.16144,1.1600382291865994
2025-12-01T09:00:00Z,1.16135,1.16236,1.16134,1.16222,7587.0,1.16215,1.1623,1.1603291319617195
2025-12-01T10:00:00Z,1.16224,1.16284,1.1619,1.16276,6140.0,1.16268,1.16284,1.160653247700157
2025-12-01T11:00:00Z,1.16274,1.16323,1.16242,1.16278,5200.0,1.1627,1.16286,1.1609368146734693
2025-12-01T12:00:00Z,1.1628,1.1649,1.16266,1.16488,7136.0,1.1648,1.16495,1.1614625727170067
2025-12-01T13:00:00Z,1.16488,1.16526,1.16395,1.16449,9179.0,1.16441,1.16457,1.1618662296880724
2025-12-01T14:00:00Z,1.16448,1.16452,1.16302,1.16322,11011.0,1.1631,1.16335,1.1620467323963295
2025-12-01T15:00:00Z,1.1634,1.16406,1.16226,1.1629,11877.0,1.16282,1.16298,1.1621605014101524
2025-12-01T16:00:00Z,1.16292,1.16344,1.1621,1.16228,7362.0,1.16221,1.16235,1.1621764345554655
2025-12-01T17:00:00Z,1.16228,1.16289,1.16178,1.16207,4958.0,1.16199,1.16215,1.1621622432814034
2025-12-01T18:00:00Z,1.16208,1.16236,1.16118,1.1612,5439.0,1.16112,1.16128,1.1620339441772163
2025-12-01T19:00:00Z,1.16118,1.16124,1.16072,1.16085,4122.0,1.16077,1.16093,1.1618760849535874
2025-12-01T20:00:00Z,1.16084,1.16101,1.16066,1.16096,2699.0,1.16088,1.16103,1.1617539402931092
2025-12-01T21:00:00Z,1.16096,1.1611,1.1608,1.16092,1314.0,1.16083,1.16102,1.161642748254028
2025-12-01T22:00:00Z,1.16104,1.16105,1.1608,1.16089,148.0,1.16079,1.16099,1.1615423818201576
2025-12-01T23:00:00Z,1.16089,1.16102,1.16068,1.16068,645.0,1.16059,1.16076,1.1614273975774698
2025-12-02T00:00:00Z,1.16069,1.16096,1.1604,1.16058,2424.0,1.1605,1.16066,1.1613144112338072
2025-12-02T01:00:00Z,1.16058,1.16112,1.16038,1.16092,3547.0,1.16083,1.16101,1.1612618230692997
2025-12-02T02:00:00Z,1.16092,1.16119,1.16088,1.16119,1970.0,1.16111,1.16127,1.1612522466600597
2025-12-02T03:00:00Z,1.1612,1.16128,1.16088,1.16122,2249.0,1.16113,1.1613,1.1612479471053851
2025-12-02T04:00:00Z,1.16121,1.16142,1.16089,1.16089,1841.0,1.16081,1.16097,1.1612002208246672
2025-12-02T05:00:00Z,1.16088,1.16112,1.16072,1.161,1813.0,1.16092,1.16108,1.1611735247147117
2025-12-02T06:00:00Z,1.161,1.16112,1.16049,1.16098,2618.0,1.16089,1.16106,1.1611477214194168
2025-12-02T07:00:00Z,1.16097,1.16164,1.16088,1.16127,5014.0,1.16119,1.16135,1.1611640252301612
2025-12-02T08:00:00Z,1.16128,1.16163,1.1609,1.16107,5787.0,1.16099,1.16115,1.1611514885328063
2025-12-02T09:00:00Z,1.16106,1.16142,1.16024,1.16102,5506.0,1.16093,1.16111,1.161133956728432
2025-12-02T10:00:00Z,1.16103,1.16124,1.15984,1.16066,6307.0,1.16059,1.16074,1.1610707624979744
2025-12-02T11:00:00Z,1.16068,1.1613,1.16036,1.16119,4487.0,1.16111,1.16127,1.1610866608315777
2025-12-02T12:00:00Z,1.16118,1.16195,1.16074,1.16177,5167.0,1.16169,1.16185,1.1611777727207007
2025-12-02T13:00:00Z,1.16178,1.16196,1.16112,1.16176,6257.0,1.16169,1.16184,1.1612554030246072
2025-12-02T14:00:00Z,1.16176,1.16233,1.16132,1.16176,9353.0,1.16169,1.16184,1.1613226826213263
2025-12-02T15:00:00Z,1.16177,1.16186,1.15934,1.16062,11512.0,1.16055,1.16069,1.1612289916051495
2025-12-02T16:00:00Z,1.16062,1.16098,1.15912,1.15954,8542.0,1.15946,1.15962,1.161003792724463
2025-12-02T17:00:00Z,1.15954,1.16078,1.1593,1.16072,5852.0,1.16065,1.1608,1.1609659536945347
2025-12-02T18:00:00Z,1.16072,1.16134,1.16056,1.16087,4197.0,1.16078,1.16096,1.1609531598685967
2025-12-02T19:00:00Z,1.16088,1.1625,1.16087,1.16208,4338.0,1.162,1.16216,1.1611034052194504
2025-12-02T20:00:00Z,1.16206,1.1626,1.16198,1.16246,3669.0,1.16237,1.16254,1.1612842845235238
2025-12-02T21:00:00Z,1.16246,1.1626,1.16211,1.16254,1635.0,1.16246,1.16263,1.1614517132537208
2025-12-02T22:00:00Z,1.16242,1.16252,1.16211,1.1624,524.0,1.16225,1.16255,1.161578151486558
2025-12-02T23:00:00Z,1.16246,1.16291,1.16246,1.16282,1019.0,1.16274,1.1629,1.1617437312883503
2025-12-03T00:00:00Z,1.16284,1.16333,1.1628,1.16308,3285.0,1.16301,1.16316,1.1619219004499035
2025-12-03T01:00:00Z,1.16309,1.16376,1.16306,1.16368,3527.0,1.1636,1.16377,1.1621563137232498
2025-12-03T02:00:00Z,1.16369,1.16388,1.16354,1.16382,2783.0,1.16373,1.1639,1.16237813856015
2025-12-03T03:00:00Z,1.1638,1.1639,1.1637,1.16378,2341.0,1.1637,1.16386,1.1625650534187966
2025-12-03T04:00:00Z,1.16378,1.16422,1.16362,1.16412,2000.0,1.16404,1.16421,1.1627723796296237
2025-12-03T05:00:00Z,1.16413,1.16438,1.1641,1.16427,2735.0,1.16419,1.16435,1.1629720623456739
2025-12-03T06:00:00Z,1.16428,1.16479,1.16416,1.1643,3414.0,1.16421,1.16438,1.163149120699584
2025-12-03T07:00:00Z,1.1643,1.16528,1.16395,1.16414,6297.0,1.16406,1.16422,1.1632812379396396
2025-12-03T08:00:00Z,1.16416,1.16458,1.16358,1.16441,6612.0,1.16433,1.16449,1.1634317395476876
2025-12-03T09:00:00Z,1.16442,1.1648,1.164,1.16456,6710.0,1.16448,1.16464,1.1635821742746626
2025-12-03T10:00:00Z,1.16458,1.16638,1.1645,1.16606,6441.0,1.16597,1.16614,1.163912551038041
2025-12-03T11:00:00Z,1.16606,1.1666,1.1655,1.16656,4816.0,1.16648,1.16664,1.164265544232969
2025-12-03T12:00:00Z,1.16656,1.16694,1.16623,1.1663,5281.0,1.16622,1.16638,1.1645368050019065
2025-12-03T13:00:00Z,1.1663,1.16755,1.16618,1.16664,9519.0,1.16656,1.16672,1.1648172310016522
2025-12-03T14:00:00Z,1.16664,1.1667,1.16557,1.16624,10040.0,1.1661,1.16638,1.1650069335347653
2025-12-03T15:00:00Z,1.16611,1.16682,1.16546,1.16597,13927.0,1.1659,1.16604,1.1651353423967965
2025-12-03T16:00:00Z,1.16596,1.16664,1.16584,1.16594,8223.0,1.16586,1.16602,1.1652426300772236
2025-12-03T17:00:00Z,1.16596,1.16709,1.16576,1.16686,5248.0,1.16678,1.16695,1.1654582794002606
2025-12-03T18:00:00Z,1.16687,1.16756,1.16684,1.16718,4972.0,1.1671,1.16727,1.1656878421468926
2025-12-03T19:00:00Z,1.16719,1.16778,1.16712,1.16728,2970.0,1.1672,1.16736,1.1659001298606404
2025-12-03T20:00:00Z,1.16726,1.1673,1.16652,1.16656,2851.0,1.16648,1.16664,1.1659881125458884
2025-12-03T21:00:00Z,1.16656,1.16718,1.16643,1.16714,1694.0,1.16705,1.16722,1.16614169753977
2025-12-03T22:00:00Z,1.16716,1.16754,1.16712,1.16714,654.0,1.16701,1.16726,1.1662748045344675
2025-12-03T23:00:00Z,1.16713,1.16724,1.16636,1.16664,1153.0,1.16656,1.16672,1.1663234972632053
2025-12-04T00:00:00Z,1.16664,1.16675,1.16595,1.1663,3260.0,1.16622,1.16638,1.166320364294778
2025-12-04T01:00:00Z,1.16629,1.16648,1.16589,1.16633,3720.0,1.16624,1.16642,1.1663216490554742
2025-12-04T02:00:00Z,1.16634,1.1664,1.1659,1.16602,3003.0,1.16594,1.16611,1.166281429181411
2025-12-04T03:00:00Z,1.16602,1.16603,1.16534,1.16559,3350.0,1.16551,1.16567,1.1661892386238895
2025-12-04T04:00:00Z,1.16558,1.16585,1.16554,1.16574,2622.0,1.16566,1.16582,1.1661293401407042
2025-12-04T05:00:00Z,1.16574,1.16624,1.16564,1.16598,3837.0,1.1659,1.16606,1.1661094281219437
2025-12-04T06:00:00Z,1.166,1.166,1.16531,1.1658,3715.0,1.16573,1.16588,1.166068171039018
2025-12-04T07:00:00Z,1.1658,1.16656,1.16552,1.16656,4855.0,1.16648,1.16663,1.1661337482338157
2025-12-04T08:00:00Z,1.16655,1.1682,1.16635,1.16768,8677.0,1.1676,1.16776,1.1663399151359737
2025-12-04T09:00:00Z,1.16768,1.16804,1.16735,1.16777,7087.0,1.16769,1.16785,1.1665305931178438
2025-12-04T10:00:00Z,1.16778,1.16798,1.16636,1.16666,5711.0,1.16657,1.16675,1.166547847368798
2025-12-04T11:00:00Z,1.16665,1.16808,1.16652,1.16802,5920.0,1.16794,1.1681,1.1667441343862917
2025-12-04T12:00:00Z,1.16802,1.1681,1.16654,1.16702,6195.0,1.16694,1.16711,1.1667809164681195
2025-12-04T13:00:00Z,1.16702,1.16714,1.1652,1.16648,10629.0,1.1664,1.16656,1.1667407942723702
2025-12-04T14:00:00Z,1.1665,1.16771,1.16643,1.16699,10295.0,1.16692,1.16706,1.166774021702721
2025-12-04T15:00:00Z,1.16697,1.16748,1.16582,1.16734,9001.0,1.16726,1.16742,1.1668494854756915
2025-12-04T16:00:00Z,1.16734,1.16736,1.16535,1.16588,6704.0,1.1658,1.16595,1.1667202207455993
2025-12-04T17:00:00Z,1.16589,1.16598,1.16531,1.16562,4079.0,1.16554,1.1657,1.1665735246461861
2025-12-04T18:00:00Z,1.16562,1.16599,1.16538,1.16544,3876.0,1.16536,1.16552,1.1664223880266946
2025-12-04T19:00:00Z,1.16542,1.16556,1.16503,1.16526,4745.0,1.16519,1.16534,1.1662674029564688
2025-12-04T20:00:00Z,1.16525,1.16525,1.1641,1.16442,4173.0,1.16435,1.1645,1.166021082562273
2025-12-04T21:00:00Z,1.16442,1.1646,1.1641,1.16449,1564.0,1.1644,1.16458,1.1658169382206367
2025-12-04T22:00:00Z,1.16464,1.16464,1.16444,1.16446,423.0,1.16436,1.16456,1.1656360131245518
2025-12-04T23:00:00Z,1.16446,1.16446,1.16412,1.16434,1082.0,1.16425,1.16442,1.1654632113746115
2025-12-05T00:00:00Z,1.16434,1.16504,1.16434,1.165,2883.0,1.16492,1.16507,1.1654014498579968
2025-12-05T01:00:00Z,1.16499,1.16538,1.16498,1.16536,3101.0,1.16529,1.16544,1.165395923210264
2025-12-05T02:00:00Z,1.16537,1.16545,1.16512,1.16518,2284.0,1.1651,1.16527,1.1653671334488955
2025-12-05T03:00:00Z,1.1652,1.1652,1.16466,1.1649,1691.0,1.16481,1.16498,1.1653048489890427
2025-12-05T04:00:00Z,1.1649,1.16543,1.16488,1.16536,2394.0,1.16527,1.16544,1.1653122024571705
2025-12-05T05:00:00Z,1.16535,1.16592,1.16533,1.16592,3286.0,1.16584,1.16601,1.1653932421295479
2025-12-05T06:00:00Z,1.16592,1.16616,1.16554,1.16594,2917.0,1.16586,1.16602,1.1654661431789415
2025-12-05T07:00:00Z,1.16594,1.16718,1.16586,1.1663,6091.0,1.16623,1.16637,1.165577324088416
2025-12-05T08:00:00Z,1.1663,1.16642,1.16524,1.16538,7504.0,1.16531,1.16546,1.1655510142099605
2025-12-05T09:00:00Z,1.16538,1.16554,1.16483,1.16545,5503.0,1.16537,1.16553,1.1655375456486325
2025-12-05T10:00:00Z,1.16546,1.1657,1.16478,1.16511,4744.0,1.16503,1.16519,1.1654805395621481
2025-12-05T11:00:00Z,1.1651,1.16524,1.16416,1.16464,4847.0,1.16456,1.16472,1.1653684676205285
2025-12-05T12:00:00Z,1.16464,1.16534,1.16437,1.16518,5691.0,1.1651,1.16525,1.165343338604458
2025-12-05T13:00:00Z,1.16517,1.1654,1.16436,1.16518,7213.0,1.1651,1.16525,1.1653215601238638
2025-12-05T14:00:00Z,1.16518,1.16602,1.16456,1.165,9743.0,1.1649,1.16509,1.165278685440682
2025-12-05T15:00:00Z,1.16498,1.1659,1.16438,1.16482,11427.0,1.16474,1.16489,1.1652175273819245
2025-12-05T16:00:00Z,1.16482,1.16491,1.1628,1.16343,9915.0,1.16335,1.16351,1.1649791903976678
2025-12-05T17:00:00Z,1.16342,1.16442,1.16325,1.16442,5583.0,1.16433,1.1645,1.1649046316779788
2025-12-05T18:00:00Z,1.16443,1.16486,1.1642,1.16428,4530.0,1.16421,1.16435,1.1648213474542484
2025-12-05T19:00:00Z,1.16429,1.16441,1.164,1.16432,3368.0,1.16424,1.16439,1.1647545011270153
2025-12-05T20:00:00Z,1.16428,1.16446,1.16399,1.16441,2356.0,1.16433,1.16449,1.1647085676434132
2025-12-05T21:00:00Z,1.16442,1.16472,1.16404,1.16438,1575.0,1.16427,1.16449,1.1646647586242915
2025-12-07T22:00:00Z,1.16401,1.16463,1.16396,1.16457,668.0,1.16436,1.16478,1.1646521241410528
2025-12-07T23:00:00Z,1.1647,1.16471,1.16395,1.16406,2740.0,1.16396,1.16415,1.1645731742555792
2025-12-08T00:00:00Z,1.16408,1.16516,1.16396,1.16512,4322.0,1.16503,1.1652,1.1646460843548352
2025-12-08T01:00:00Z,1.16511,1.16532,1.16456,1.16518,5410.0,1.1651,1.16526,1.164717273107524
2025-12-08T02:00:00Z,1.16518,1.16543,1.16488,1.16538,3958.0,1.1653,1.16546,1.1648056366931874
2025-12-08T03:00:00Z,1.16538,1.16555,1.16498,1.16502,2822.0,1.16493,1.1651,1.1648342184674292
2025-12-08T04:00:00Z,1.16502,1.16556,1.16497,1.16545,2428.0,1.16537,1.16553,1.164916322671772
2025-12-08T05:00:00Z,1.16546,1.16564,1.16526,1.16562,2800.0,1.16554,1.1657,1.1650101463155358
2025-12-08T06:00:00Z,1.16562,1.16722,1.16562,1.16608,5992.0,1.166,1.16617,1.1651527934734645
2025-12-08T07:00:00Z,1.1661,1.1668,1.1655,1.16582,5762.0,1.16573,1.16591,1.1652417543436693
2025-12-08T08:00:00Z,1.16582,1.16625,1.16482,1.16561,6604.0,1.16553,1.16569,1.1652908537645135
2025-12-08T09:00:00Z,1.1656,1.16576,1.16479,1.16488,6285.0,1.1648,1.16496,1.1652360732625784
2025-12-08T10:00:00Z,1.16486,1.16557,1.16478,1.16509,5466.0,1.16501,1.16517,1.165216596827568
2025-12-08T11:00:00Z,1.16508,1.16536,1.16468,1.16502,5657.0,1.16494,1.16511,1.1651903839172257
2025-12-08T12:00:00Z,1.16502,1.16539,1.16476,1.16533,5996.0,1.16525,1.16541,1.165208999394929
2025-12-08T13:00:00Z,1.16534,1.16576,1.16456,1.16484,7217.0,1.16476,1.16492,1.1651597994756053
2025-12-08T14:00:00Z,1.16484,1.16548,1.16378,1.16402,10181.0,1.16394,1.16411,1.1650078262121912
2025-12-08T15:00:00Z,1.16402,1.16402,1.16172,1.16251,10366.0,1.16244,1.16258,1.1646747827172323
2025-12-08T16:00:00Z,1.16251,1.16288,1.16165,1.16248,7562.0,1.1624,1.16257,1.1643821450216014
2025-12-08T17:00:00Z,1.16251,1.16392,1.162,1.16392,6232.0,1.16383,1.164,1.164320525685388
2025-12-08T18:00:00Z,1.16392,1.16422,1.16344,1.16373,4661.0,1.16365,1.16381,1.1642417889273362
2025-12-08T19:00:00Z,1.16372,1.16418,1.16364,1.16394,4014.0,1.16386,1.16402,1.1642015504036913
2025-12-08T20:00:00Z,1.16394,1.1642,1.16374,1.16381,2682.0,1.16373,1.16389,1.1641493436831991
2025-12-08T21:00:00Z,1.16382,1.16388,1.16352,1.1637,1706.0,1.1636,1.16379,1.164089431192106
2025-12-08T22:00:00Z,1.16352,1.16381,1.16352,1.16362,1813.0,1.16346,1.16378,1.164026840366492
2025-12-08T23:00:00Z,1.16362,1.1641,1.16358,1.1641,1066.0,1.16401,1.16418,1.164036594984293
2025-12-09T00:00:00Z,1.16408,1.1643,1.16369,1.16386,2595.0,1.16379,1.16394,1.1640130489863874
2025-12-09T01:00:00Z,1.16386,1.16476,1.1636,1.16472,3678.0,1.16464,1.16481,1.1641073091215357
2025-12-09T02:00:00Z,1.16471,1.16484,1.16438,1.16458,2517.0,1.16449,1.16466,1.1641703345719976
2025-12-09T03:00:00Z,1.16459,1.16488,1.16438,1.16456,2686.0,1.16449,1.16464,1.164222289962398
2025-12-09T04:00:00Z,1.16456,1.16472,1.16438,1.16468,2486.0,1.1646,1.16476,1.1642833179674117
2025-12-09T05:00:00Z,1.1647,1.16506,1.16441,1.1649,2525.0,1.16481,1.16498,1.1643655422384236
2025-12-09T06:00:00Z,1.16486,1.16491,1.1642,1.16438,3731.0,1.16431,1.16446,1.164367469939967
2025-12-09T07:00:00Z,1.1644,1.16462,1.16382,1.16398,4893.0,1.1639,1.16407,1.164315807281305
2025-12-09T08:00:00Z,1.16399,1.16498,1.16337,1.1645,6326.0,1.16441,1.16458,1.1643403663104643
2025-12-09T09:00:00Z,1.16448,1.16573,1.16436,1.16524,6116.0,1.16516,1.16532,1.164460317469069
2025-12-09T10:00:00Z,1.16524,1.16543,1.16404,1.16447,5009.0,1.1644,1.16454,1.1644616084731931
2025-12-09T11:00:00Z,1.16448,1.16478,1.16381,1.16436,5583.0,1.16427,1.16444,1.1644480606767673
2025-12-09T12:00:00Z,1.16436,1.16444,1.16343,1.16377,5222.0,1.16369,1.16385,1.1643576525865318
2025-12-09T13:00:00Z,1.16378,1.164,1.1629,1.16346,7837.0,1.16338,1.16353,1.1642379655749941
2025-12-09T14:00:00Z,1.16346,1.16388,1.16282,1.16376,10328.0,1.16365,1.16387,1.1641742368316617
2025-12-09T15:00:00Z,1.16376,1.16379,1.16151,1.16287,13522.0,1.1628,1.16294,1.1640003385874402
2025-12-09T16:00:00Z,1.16289,1.16412,1.16288,1.16382,5878.0,1.16374,1.1639,1.1639762934424482
2025-12-09T17:00:00Z,1.16382,1.16397,1.1622,1.16242,4864.0,1.16234,1.16249,1.163768787650122
2025-12-09T18:00:00Z,1.1624,1.16249,1.16169,1.16243,3924.0,1.16236,1.1625,1.1635902826301057
2025-12-09T19:00:00Z,1.16244,1.163,1.1622,1.16287,3233.0,1.1628,1.16294,1.1634942449460917
2025-12-09T20:00:00Z,1.16288,1.16322,1.16265,1.16268,2608.0,1.16261,1.16276,1.1633856789532795
2025-12-09T21:00:00Z,1.16268,1.16294,1.16236,1.16266,1545.0,1.16258,1.16275,1.163288921759509
2025-12-09T22:00:00Z,1.16275,1.16296,1.1626,1.16268,969.0,1.16251,1.16285,1.1632077321915746
2025-12-09T23:00:00Z,1.16266,1.16288,1.16246,1.16279,938.0,1.1627,1.16288,1.1631520345660313
2025-12-10T00:00:00Z,1.1628,1.16289,1.16244,1.16262,2921.0,1.16253,1.1627,1.1630810966238938
2025-12-10T01:00:00Z,1.16263,1.16288,1.16224,1.16238,2993.0,1.1623,1.16247,1.1629876170740414
2025-12-10T02:00:00Z,1.16237,1.16285,1.16232,1.16238,2525.0,1.1623,1.16247,1.1629066014641691
2025-12-10T03:00:00Z,1.16238,1.16274,1.16216,1.16266,2429.0,1.16258,1.16274,1.1628737212689466
2025-12-10T04:00:00Z,1.16266,1.16291,1.16251,1.16274,2017.0,1.16266,1.16283,1.1628558917664205
2025-12-10T05:00:00Z,1.16273,1.1631,1.16265,1.163,2072.0,1.16291,1.16308,1.1628751061975644
2025-12-10T06:00:00Z,1.16298,1.16356,1.16286,1.16354,2956.0,1.16347,1.16362,1.1629637587045558
2025-12-10T07:00:00Z,1.16354,1.16494,1.16344,1.16483,5791.0,1.16475,1.16491,1.1632125908772817
2025-12-10T08:00:00Z,1.16482,1.16578,1.16436,1.16526,6981.0,1.16518,1.16533,1.163485578760311
2025-12-10T09:00:00Z,1.16528,1.1653,1.16356,1.16365,5673.0,1.16357,1.16373,1.1635075015922696
2025-12-10T10:00:00Z,1.16364,1.16395,1.16276,1.16343,5553.0,1.16335,1.16351,1.1634971680466337
2025-12-10T11:00:00Z,1.16346,1.16384,1.163,1.16352,4853.0,1.16343,1.1636,1.1635002123070826
2025-12-10T12:00:00Z,1.16352,1.16424,1.16329,1.16394,4270.0,1.16385,1.16402,1.1635588506661383
2025-12-10T13:00:00Z,1.16395,1.16418,1.16276,1.16402,6351.0,1.16394,1.1641,1.1636203372439866
2025-12-10T14:00:00Z,1.16402,1.16452,1.16338,1.16434,8018.0,1.16425,1.16442,1.1637162922781217
2025-12-10T15:00:00Z,1.16432,1.16514,1.16347,1.16421,7843.0,1.16414,1.16428,1.163782119974372
2025-12-10T16:00:00Z,1.1642,1.165,1.16374,1.165,5417.0,1.16493,1.16508,1.1639445039777891
2025-12-10T17:00:00Z,1.165,1.16604,1.16458,1.16588,4599.0,1.1658,1.16595,1.164202570114084
2025-12-10T18:00:00Z,1.16587,1.1661,1.16536,1.16561,3743.0,1.16547,1.16575,1.164390227432206
2025-12-10T19:00:00Z,1.16563,1.16812,1.1647,1.16782,34556.0,1.16773,1.16791,1.1648475304412453
2025-12-10T20:00:00Z,1.16782,1.16998,1.16738,1.16941,14634.0,1.16933,1.16949,1.165455859715746
2025-12-10T21:00:00Z,1.16942,1.1696,1.16896,1.16958,2924.0,1.16949,1.16967,1.1660057450869799
2025-12-10T22:00:00Z,1.16928,1.16966,1.16898,1.16953,2596.0,1.16944,1.16962,1.1664756457420493
2025-12-10T23:00:00Z,1.16955,1.17028,1.1695,1.17016,1453.0,1.17008,1.17024,1.1669668929764427
2025-12-11T00:00:00Z,1.17016,1.1705,1.16972,1.17022,4232.0,1.17014,1.1703,1.1674006405795838
2025-12-11T01:00:00Z,1.17022,1.17074,1.17004,1.17017,4600.0,1.17009,1.17025,1.167769888502306
2025-12-11T02:00:00Z,1.17018,1.17062,1.16933,1.16939,3984.0,1.16931,1.16947,1.1679859033686653
2025-12-11T03:00:00Z,1.16938,1.16976,1.16902,1.1691,3291.0,1.16901,1.16918,1.1681344495861765
2025-12-11T04:00:00Z,1.16908,1.16917,1.16855,1.16903,2537.0,1.16896,1.1691,1.1682538563080196
2025-12-11T05:00:00Z,1.16902,1.16922,1.16846,1.16854,2435.0,1.16846,1.16862,1.1682920088002837
2025-12-11T06:00:00Z,1.16854,1.16898,1.16823,1.1689,3025.0,1.16883,1.16897,1.1683730742935792
2025-12-11T07:00:00Z,1.16892,1.1701,1.16874,1.16936,5150.0,1.16929,1.16943,1.1685046643877686
2025-12-11T08:00:00Z,1.16938,1.17066,1.16936,1.16972,7039.0,1.16965,1.1698,1.168666709136066
2025-12-11T09:00:00Z,1.16972,1.17034,1.16873,1.17022,6748.0,1.17014,1.1703,1.1688738145845907
2025-12-11T10:00:00Z,1.17022,1.17078,1.16989,1.17072,4860.0,1.17064,1.17079,1.1691199726399786
2025-12-11T11:00:00Z,1.17072,1.17178,1.17062,1.17132,4748.0,1.17124,1.17139,1.1694133096213148
2025-12-11T12:00:00Z,1.1713,1.17193,1.17098,1.1717,5468.0,1.17162,1.17178,1.1697182016718062
2025-12-11T13:00:00Z,1.1717,1.17364,1.17133,1.17311,10177.0,1.17303,1.17319,1.1701704414488987
2025-12-11T14:00:00Z,1.1731,1.17485,1.17303,1.17376,9714.0,1.17368,1.17385,1.1706490492557122
2025-12-11T15:00:00Z,1.17378,1.17571,1.17316,1.17564,9257.0,1.17557,1.17571,1.1713145093549506
2025-12-11T16:00:00Z,1.17564,1.17595,1.17462,1.17554,7619.0,1.17546,1.17561,1.1718779081076238
2025-12-11T17:00:00Z,1.17552,1.17628,1.17498,1.17552,5828.0,1.17544,1.17561,1.1723635203599407
2025-12-11T18:00:00Z,1.17552,1.17594,1.17511,1.17536,4129.0,1.17529,1.17544,1.1727630509786153
2025-12-11T19:00:00Z,1.17537,1.17538,1.17405,1.17412,3986.0,1.17403,1.1742,1.1729439775148
2025-12-11T20:00:00Z,1.1741,1.17458,1.17365,1.1741,3952.0,1.17403,1.17417,1.17309811384616
2025-12-11T21:00:00Z,1.17408,1.17434,1.17372,1.17384,2140.0,1.17375,1.17393,1.1731970320000054
2025-12-11T22:00:00Z,1.17388,1.17402,1.17385,1.17389,1225.0,1.17378,1.174,1.173289427733338
2025-12-11T23:00:00Z,1.17388,1.17418,1.17372,1.17409,1109.0,1.17401,1.17417,1.1733961707022265
2025-12-12T00:00:00Z,1.1741,1.17446,1.17392,1.17405,4090.0,1.17397,1.17413,1.1734833479419295
2025-12-12T01:00:00Z,1.17406,1.17462,1.17325,1.17349,3913.0,1.17341,1.17357,1.1734842348830057
2025-12-12T02:00:00Z,1.17348,1.17378,1.17312,1.17362,2914.0,1.17353,1.1737,1.173502336898605
2025-12-12T03:00:00Z,1.17362,1.17376,1.17332,1.17344,2416.0,1.17336,1.17352,1.1734940253121244
2025-12-12T04:00:00Z,1.17344,1.17356,1.17312,1.17318,2335.0,1.1731,1.17326,1.173452155270508
2025-12-12T05:00:00Z,1.17317,1.17394,1.17316,1.17386,2176.0,1.17378,1.17393,1.1735065345677735
2025-12-12T06:00:00Z,1.17386,1.1742,1.1734,1.17391,3448.0,1.17382,1.174,1.1735603299587372
2025-12-12T07:00:00Z,1.17389,1.17434,1.17358,1.1738,5315.0,1.17371,1.17388,1.173592285964239
2025-12-12T08:00:00Z,1.17379,1.17422,1.17282,1.17282,6906.0,1.17274,1.17291,1.1734893145023404
2025-12-12T09:00:00Z,1.17281,1.17348,1.1727,1.17328,5293.0,1.1732,1.17337,1.1734614059020283
2025-12-12T10:00:00Z,1.17328,1.17334,1.17245,1.17274,4965.0,1.17265,1.17282,1.1733652184484245
2025-12-12T11:00:00Z,1.17274,1.17292,1.17223,1.17268,3305.0,1.1726,1.17276,1.1732738559886347
2025-12-12T12:00:00Z,1.17266,1.1728,1.17196,1.1725,3939.0,1.17242,1.17258,1.17317067519015
2025-12-12T13:00:00Z,1.1725,1.17352,1.1724,1.17272,5804.0,1.17265,1.1728,1.1731105851647967
2025-12-12T14:00:00Z,1.17272,1.17436,1.17232,1.17422,7971.0,1.17415,1.17429,1.1732585071428239
2025-12-12T15:00:00Z,1.1742,1.17451,1.17296,1.17382,8255.0,1.17375,1.17389,1.173333372857114
2025-12-12T16:00:00Z,1.17381,1.17434,1.17262,1.17312,7144.0,1.17304,1.1732,1.1733049231428323
2025-12-12T17:00:00Z,1.17312,1.17482,1.17302,1.17478,4828.0,1.1747,1.17486,1.1735016000571215
2025-12-12T18:00:00Z,1.17478,1.17498,1.17405,1.17416,4290.0,1.17409,1.17423,1.173589386716172
2025-12-12T19:00:00Z,1.17415,1.17415,1.17354,1.17405,3794.0,1.17397,1.17413,1.1736508018206824
2025-12-12T20:00:00Z,1.17402,1.17466,1.1737,1.17392,3785.0,1.17384,1.174,1.173686694911258
2025-12-12T21:00:00Z,1.17392,1.17453,1.17384,1.17401,2021.0,1.17388,1.17414,1.1737298022564238
2025-12-14T22:00:00Z,1.1733,1.17391,1.1733,1.17376,1150.0,1.17353,1.174,1.1737338286222339
2025-12-14T23:00:00Z,1.17376,1.17409,1.17356,1.17372,1246.0,1.17364,1.17379,1.173731984805936
2025-12-15T00:00:00Z,1.17372,1.17374,1.17286,1.17334,2950.0,1.17326,1.17341,1.1736797201651445
2025-12-15T01:00:00Z,1.17333,1.17425,1.17296,1.17414,4060.0,1.17407,1.17422,1.173741090809792
2025-12-15T02:00:00Z,1.17414,1.17448,1.1737,1.17414,4231.0,1.17407,1.17422,1.1737942787018198
2025-12-15T03:00:00Z,1.17415,1.17448,1.17318,1.17342,3240.0,1.17334,1.1735,1.1737443748749106
2025-12-15T04:00:00Z,1.17342,1.17356,1.1732,1.17324,2341.0,1.17315,1.17332,1.1736771248915892
2025-12-15T05:00:00Z,1.17326,1.17359,1.17321,1.17344,2714.0,1.17336,1.17353,1.1736455082393773
2025-12-15T06:00:00Z,1.17343,1.17364,1.17288,1.17354,4080.0,1.17345,1.17362,1.173631440474127
2025-12-15T07:00:00Z,1.17353,1.17382,1.1728,1.17286,5184.0,1.17277,1.17294,1.1735285817442436
2025-12-15T08:00:00Z,1.17285,1.17388,1.17265,1.17312,5959.0,1.17304,1.1732,1.1734741041783445
2025-12-15T09:00:00Z,1.17312,1.17436,1.17306,1.17434,5111.0,1.17426,1.17442,1.1735895569545653
2025-12-15T10:00:00Z,1.17434,1.17467,1.17392,1.17428,3639.0,1.17419,1.17436,1.17368161602729
2025-12-15T11:00:00Z,1.17427,1.17502,1.17413,1.17488,3000.0,1.17481,1.17496,1.1738414005569848
2025-12-15T12:00:00Z,1.17489,1.17593,1.17485,1.17528,3860.0,1.17521,1.17536,1.1740332138160536
2025-12-15T13:00:00Z,1.17529,1.17598,1.17472,1.17474,5525.0,1.17466,1.17483,1.174127451973913
2025-12-15T14:00:00Z,1.17474,1.17642,1.17441,1.17636,7313.0,1.17628,1.17644,1.174425125044058
2025-12-15T15:00:00Z,1.17636,1.1769,1.17548,1.17628,11025.0,1.17621,1.17636,1.1746724417048504
2025-12-15T16:00:00Z,1.17628,1.17649,1.17522,1.17556,6980.0,1.17548,1.17563,1.1747907828108703
2025-12-15T17:00:00Z,1.17554,1.17558,1.1745,1.17459,4382.0,1.17451,1.17467,1.174764011769421
2025-12-15T18:00:00Z,1.17458,1.17484,1.17392,1.17432,3773.0,1.17425,1.1744,1.174704810200165
2025-12-15T19:00:00Z,1.17432,1.175,1.17384,1.1749,2866.0,1.17481,1.17498,1.1747308355068096
2025-12-15T20:00:00Z,1.17488,1.17519,1.17476,1.17512,2501.0,1.17504,1.17519,1.1747827241059017
2025-12-15T21:00:00Z,1.1751,1.17541,1.17492,1.17539,1589.0,1.1753,1.17548,1.1748636942251147
2025-12-15T22:00:00Z,1.17521,1.17542,1.1749,1.17514,2368.0,1.17504,1.17525,1.1749005349950994
2025-12-15T23:00:00Z,1.17514,1.1756,1.17512,1.17536,793.0,1.17528,1.17545,1.1749617969957529
2025-12-16T00:00:00Z,1.17538,1.1758,1.17484,1.17498,3331.0,1.1749,1.17507,1.1749642240629858
2025-12-16T01:00:00Z,1.17498,1.17554,1.17466,1.17519,4411.0,1.17511,1.17527,1.1749943275212544
2025-12-16T02:00:00Z,1.1752,1.17566,1.17503,1.17557,2644.0,1.17549,1.17565,1.175071083851754
2025-12-16T03:00:00Z,1.17556,1.17592,1.175,1.17518,2534.0,1.1751,1.17526,1.1750856060048533
2025-12-16T04:00:00Z,1.17518,1.17539,1.175,1.17511,1575.0,1.17503,1.17519,1.1750888585375396
2025-12-16T05:00:00Z,1.1751,1.17542,1.17494,1.17505,2350.0,1.17497,1.17513,1.175083677399201
2025-12-16T06:00:00Z,1.17504,1.17538,1.17466,1.17527,2727.0,1.1752,1.17534,1.175108520412641
2025-12-16T07:00:00Z,1.17526,1.17543,1.17444,1.17524,3929.0,1.17517,1.17532,1.175126051024289
2025-12-16T08:00:00Z,1.17525,1.17642,1.17466,1.17545,6159.0,1.17538,1.17552,1.1751692442210504
2025-12-16T09:00:00Z,1.17544,1.1762,1.17501,1.17561,5728.0,1.17552,1.1757,1.1752280116582436
2025-12-16T10:00:00Z,1.17562,1.17618,1.17539,1.17574,4812.0,1.17567,1.17582,1.1752962767704778
2025-12-16T11:00:00Z,1.17574,1.17632,1.17517,1.17632,3442.0,1.17624,1.1764,1.1754327732010807
2025-12-16T12:00:00Z,1.17632,1.17785,1.17608,1.17778,5029.0,1.17771,1.17786,1.17574573677427
2025-12-16T13:00:00Z,1.17779,1.17948,1.17569,1.17758,19782.0,1.17749,1.17766,1.1759903052043674
2025-12-16T14:00:00Z,1.17758,1.18002,1.1769,1.17998,12387.0,1.1799,1.18005,1.1765222645104518
2025-12-16T15:00:00Z,1.17996,1.18042,1.17674,1.17702,11365.0,1.17693,1.1771,1.1765886292423917
2025-12-16T16:00:00Z,1.17701,1.1776,1.17612,1.17692,7524.0,1.17684,1.177,1.1766328120100729
2025-12-16T17:00:00Z,1.17692,1.1778,1.17624,1.17639,5271.0,1.17631,1.17647,1.1766004370753964
2025-12-16T18:00:00Z,1.17639,1.17639,1.17452,1.17531,5777.0,1.17523,1.17539,1.176428378798677
2025-12-16T19:00:00Z,1.17532,1.17623,1.17346,1.17578,6841.0,1.17569,1.17586,1.1763419282921868
2025-12-16T20:00:00Z,1.17576,1.17631,1.17464,1.17478,4568.0,1.17471,1.17486,1.176133671186562
2025-12-16T21:00:00Z,1.17477,1.17514,1.17458,1.1748,1836.0,1.17469,1.1749,1.175955848361687
2025-12-16T22:00:00Z,1.17476,1.175,1.1747,1.1748,1360.0,1.17468,1.17492,1.1758017352467953
2025-12-16T23:00:00Z,1.17482,1.17513,1.17482,1.17494,856.0,1.17486,1.17501,1.1756868372138893
2025-12-17T00:00:00Z,1.17494,1.17518,1.17454,1.17504,2602.0,1.17496,1.17511,1.1756005922520374
2025-12-17T01:00:00Z,1.17504,1.17524,1.17452,1.17474,3910.0,1.17465,1.17482,1.1754858466184324
2025-12-17T02:00:00Z,1.17473,1.1748,1.17373,1.174,3734.0,1.17392,1.17407,1.1752877337359748
2025-12-17T03:00:00Z,1.174,1.17408,1.17369,1.17392,2490.0,1.17385,1.174,1.1751053692378448
2025-12-17T04:00:00Z,1.17392,1.17398,1.17277,1.17296,3040.0,1.17289,1.17304,1.174819320006132
2025-12-17T05:00:00Z,1.17296,1.17308,1.1725,1.17292,3587.0,1.17285,1.17299,1.174566077338648
2025-12-17T06:00:00Z,1.17291,1.17306,1.17066,1.171,4870.0,1.17092,1.17107,1.1740906003601617
2025-12-17T07:00:00Z,1.171,1.17136,1.17031,1.1713,9627.0,1.17122,1.17139,1.17371852031214
2025-12-17T08:00:00Z,1.1713,1.17211,1.1706,1.17186,6357.0,1.17179,1.17194,1.1734707176038548
2025-12-17T09:00:00Z,1.17187,1.17208,1.17116,1.17162,6108.0,1.17153,1.1717,1.1732239552566741
2025-12-17T10:00:00Z,1.1716,1.17254,1.17129,1.17252,5506.0,1.17244,1.17261,1.1731300945557843
2025-12-17T11:00:00Z,1.17254,1.17274,1.17078,1.17092,5007.0,1.17085,1.171,1.1728354152816798
2025-12-17T12:00:00Z,1.17093,1.17276,1.17084,1.17266,5114.0,1.17258,1.17275,1.1728120265774558
2025-12-17T13:00:00Z,1.17267,1.17332,1.17199,1.17318,8981.0,1.1731,1.17326,1.1728610897004617
2025-12-17T14:00:00Z,1.17318,1.17444,1.17283,1.17411,8328.0,1.17403,1.17419,1.1730276110737334
2025-12-17T15:00:00Z,1.17411,1.17582,1.17404,1.17529,10183.0,1.17521,1.17537,1.173329262930569
2025-12-17T16:00:00Z,1.17528,1.17563,1.17456,1.17472,7445.0,1.17464,1.17479,1.1735146945398265
2025-12-17T17:00:00Z,1.17472,1.17548,1.17456,1.17494,4719.0,1.17486,1.17502,1.1737047352678496
2025-12-17T18:00:00Z,1.17494,1.17556,1.17426,1.17442,4159.0,1.17434,1.17451,1.173800103898803
2025-12-17T19:00:00Z,1.17441,1.17474,1.17415,1.1745,3214.0,1.17442,1.17457,1.1738934233789626
2025-12-17T20:00:00Z,1.1745,1.17462,1.17384,1.17396,2938.0,1.17388,1.17404,1.1739023002617677
2025-12-17T21:00:00Z,1.17396,1.17416,1.17387,1.17401,1697.0,1.1739,1.17412,1.1739166602268654
2025-12-17T22:00:00Z,1.17408,1.1744,1.17398,1.17403,838.0,1.17394,1.17412,1.1739317721966167
2025-12-17T23:00:00Z,1.17401,1.17434,1.17398,1.17418,921.0,1.1741,1.17425,1.1739648692370679
2025-12-18T00:00:00Z,1.17418,1.17458,1.17404,1.1744,2624.0,1.17432,1.17448,1.1740228866721256
2025-12-18T01:00:00Z,1.1744,1.17456,1.17352,1.17386,3751.0,1.17378,1.17395,1.1740011684491756
2025-12-18T02:00:00Z,1.17386,1.17427,1.17368,1.1741,3103.0,1.17402,1.17417,1.1740143459892856
2025-12-18T03:00:00Z,1.17409,1.1742,1.17375,1.17394,1941.0,1.17385,1.17402,1.1740044331907142
2025-12-18T04:00:00Z,1.17393,1.1743,1.17384,1.17428,1463.0,1.1742,1.17436,1.1740411754319524
2025-12-18T05:00:00Z,1.1743,1.17469,1.17412,1.17459,2371.0,1.17451,1.17467,1.1741143520410255
2025-12-18T06:00:00Z,1.17458,1.17474,1.17389,1.17443,2871.0,1.17435,1.17451,1.1741564384355556
2025-12-18T07:00:00Z,1.17442,1.17497,1.17336,1.17338,4778.0,1.1733,1.17347,1.1740529133108148
2025-12-18T08:00:00Z,1.17338,1.17373,1.17281,1.17324,5312.0,1.17316,1.17331,1.173944524869373
2025-12-18T09:00:00Z,1.17323,1.17328,1.17173,1.1722,5937.0,1.17212,1.17227,1.1737119215534566
2025-12-18T10:00:00Z,1.17218,1.17269,1.17178,1.17248,4063.0,1.1724,1.17256,1.173547665346329
2025-12-18T11:00:00Z,1.17248,1.17276,1.17204,1.17206,3897.0,1.17199,1.17214,1.1733493099668186
2025-12-18T12:00:00Z,1.17206,1.17234,1.17124,1.17139,6780.0,1.17131,1.17147,1.1730880686379095
2025-12-18T13:00:00Z,1.1714,1.17628,1.17132,1.17468,18799.0,1.17459,1.17477,1.173300326152855
2025-12-18T14:00:00Z,1.17468,1.17558,1.17327,1.17348,16500.0,1.1734,1.17355,1.1733242826658077
2025-12-18T15:00:00Z,1.17347,1.17403,1.1716,1.17272,11862.0,1.17265,1.1728,1.1732437116437
2025-12-18T16:00:00Z,1.17271,1.17461,1.17256,1.1728,8271.0,1.17273,1.17287,1.1731845500912068
2025-12-18T17:00:00Z,1.17282,1.17289,1.17153,1.17188,6303.0,1.1718,1.17197,1.173010610079046
2025-12-18T18:00:00Z,1.17189,1.1725,1.17154,1.17196,3499.0,1.17188,1.17205,1.1728705287351733
2025-12-18T19:00:00Z,1.17196,1.17278,1.17179,1.17252,4279.0,1.17244,1.17261,1.1728237915704836
2025-12-18T20:00:00Z,1.17253,1.17278,1.17203,1.17222,3022.0,1.17213,1.1723,1.1727432860277525
2025-12-18T21:00:00Z,1.17222,1.17253,1.17218,1.17236,1385.0,1.17227,1.17244,1.1726921812240523
2025-12-18T22:00:00Z,1.17203,1.1726,1.17203,1.17246,2812.0,1.17228,1.17263,1.172661223727512
2025-12-18T23:00:00Z,1.17246,1.17278,1.17238,1.17248,851.0,1.1724,1.17256,1.1726370605638439
2025-12-19T00:00:00Z,1.17248,1.17268,1.17218,1.17265,2780.0,1.17256,1.17274,1.172638785821998
2025-12-19T01:00:00Z,1.17265,1.17288,1.17205,1.17244,2892.0,1.17235,1.17252,1.1726122810457316
2025-12-19T02:00:00Z,1.17243,1.17287,1.17212,1.17227,2403.0,1.17219,1.17235,1.1725666435729674
2025-12-19T03:00:00Z,1.17228,1.17259,1.17184,1.17213,3841.0,1.17205,1.17221,1.172508424429905
2025-12-19T04:00:00Z,1.17214,1.17228,1.17156,1.1718,1917.0,1.17172,1.17188,1.1724139678392511
2025-12-19T05:00:00Z,1.1718,1.17208,1.1718,1.172,1908.0,1.17192,1.17208,1.172358772127351
2025-12-19T06:00:00Z,1.172,1.17216,1.17118,1.17199,4666.0,1.17191,1.17207,1.172309602510371
2025-12-19T07:00:00Z,1.17198,1.17206,1.17033,1.17077,5953.0,1.1707,1.17084,1.1721043221756549
2025-12-19T08:00:00Z,1.17077,1.17164,1.17062,1.17126,6772.0,1.17118,1.17135,1.1719917458855675
2025-12-19T09:00:00Z,1.17126,1.17179,1.17088,1.17122,6472.0,1.17114,1.1713,1.1718888464341586
2025-12-19T10:00:00Z,1.17124,1.17178,1.1709,1.17166,4890.0,1.17157,1.17174,1.171858333576271
2025-12-19T11:00:00Z,1.17165,1.17178,1.17077,1.17113,4562.0,1.17106,1.1712,1.171761222432768
2025-12-19T12:00:00Z,1.17112,1.17153,1.17077,1.17102,4419.0,1.17093,1.1711,1.1716623927750656
2025-12-19T13:00:00Z,1.17102,1.17194,1.17024,1.17194,7365.0,1.17185,1.17202,1.1716994070717235
2025-12-19T14:00:00Z,1.17194,1.17378,1.1719,1.17264,9314.0,1.17255,1.17274,1.1718248194621603
2025-12-19T15:00:00Z,1.17266,1.17282,1.17094,1.17097,8053.0,1.17089,1.17105,1.1717108435338723
2025-12-19T16:00:00Z,1.17096,1.1721,1.17084,1.1721,6249.0,1.17203,1.17217,1.1717627310626895
2025-12-19T17:00:00Z,1.1721,1.1721,1.17135,1.17192,3960.0,1.17184,1.17201,1.171783700254331
2025-12-19T18:00:00Z,1.17193,1.17273,1.17182,1.172,3711.0,1.17192,1.17208,1.1718125402204203
2025-12-19T19:00:00Z,1.172,1.17252,1.17164,1.17236,3432.0,1.17229,1.17244,1.1718855348576975
2025-12-19T20:00:00Z,1.17234,1.17257,1.17064,1.17098,2674.0,1.1709,1.17107,1.1717647968766711
2025-12-19T21:00:00Z,1.17098,1.17138,1.17062,1.17096,1913.0,1.17081,1.17112,1.1716574906264483
2025-12-21T22:00:00Z,1.17196,1.17196,1.17124,1.17144,2797.0,1.1711,1.17178,1.1716284918762552
2025-12-21T23:00:00Z,1.17148,1.17164,1.17064,1.17103,2660.0,1.17095,1.17111,1.1715486929594212
2025-12-22T00:00:00Z,1.17101,1.17162,1.17095,1.1716,5220.0,1.17152,1.17168,1.1715555338981651
2025-12-22T01:00:00Z,1.17162,1.17194,1.17136,1.17172,3154.0,1.17165,1.1718,1.1715774627117432
2025-12-22T02:00:00Z,1.17172,1.17194,1.17152,1.17164,1828.0,1.17156,1.17172,1.1715858010168443
2025-12-22T03:00:00Z,1.17162,1.17184,1.17136,1.17176,1895.0,1.17169,1.17184,1.1716090275479318
2025-12-22T04:00:00Z,1.17176,1.17218,1.17163,1.17202,1417.0,1.17195,1.1721,1.1716638238748742
2025-12-22T05:00:00Z,1.17202,1.17221,1.17156,1.17174,1840.0,1.17165,1.17183,1.1716739806915577
2025-12-22T06:00:00Z,1.17172,1.17193,1.1713,1.17159,2569.0,1.17151,1.17167,1.1716627832660167
2025-12-22T07:00:00Z,1.17158,1.17312,1.1715,1.1729,4071.0,1.17281,1.17298,1.1718277454972146
2025-12-22T08:00:00Z,1.1729,1.17384,1.17232,1.17359,4875.0,1.17352,1.17366,1.1720627127642527
2025-12-22T09:00:00Z,1.17359,1.17366,1.17274,1.173,4910.0,1.17293,1.17308,1.1721876843956858
2025-12-22T10:00:00Z,1.17301,1.1738,1.17291,1.17332,4344.0,1.17324,1.17341,1.1723386598095944
2025-12-22T11:00:00Z,1.17332,1.17366,1.17286,1.17334,3043.0,1.17327,1.17342,1.1724721718349818
2025-12-22T12:00:00Z,1.17335,1.17434,1.17334,1.17418,5615.0,1.1741,1.17425,1.1726998822569843
2025-12-22T13:00:00Z,1.17418,1.17546,1.17418,1.17506,7258.0,1.17498,1.17515,1.1730145646227197
2025-12-22T14:00:00Z,1.17507,1.17664,1.17451,1.17602,6757.0,1.17593,1.1761,1.1734152893396905
2025-12-22T15:00:00Z,1.176,1.17694,1.17577,1.1764,6370.0,1.17631,1.17648,1.1738132507610652
2025-12-22T16:00:00Z,1.1764,1.17642,1.17482,1.17496,4724.0,1.17488,1.17505,1.17396615065959
2025-12-22T17:00:00Z,1.17496,1.17648,1.17491,1.17582,3643.0,1.17574,1.17591,1.1742133305716447
2025-12-22T18:00:00Z,1.17582,1.17583,1.17494,1.17529,3119.0,1.17522,1.17536,1.1743568864954255
2025-12-22T19:00:00Z,1.1753,1.1756,1.17489,1.17554,2535.0,1.17546,1.17562,1.174514634962702
2025-12-22T20:00:00Z,1.17555,1.1759,1.17522,1.17552,2467.0,1.17544,1.1756,1.1746486836343417
2025-12-22T21:00:00Z,1.17552,1.17623,1.17546,1.17619,1115.0,1.1761,1.17628,1.1748541924830962
2025-12-22T22:00:00Z,1.1758,1.1763,1.17571,1.17592,4845.0,1.17574,1.17609,1.1749963001520167
2025-12-22T23:00:00Z,1.17593,1.17658,1.17591,1.17638,1489.0,1.17629,1.17647,1.175180793465081
2025-12-23T00:00:00Z,1.17637,1.17704,1.1763,1.1769,2449.0,1.17683,1.17698,1.1754100210030702
2025-12-23T01:00:00Z,1.1769,1.17761,1.1766,1.1773,3176.0,1.17723,1.17738,1.175662018202661
2025-12-23T02:00:00Z,1.17733,1.17806,1.17726,1.17777,2838.0,1.17769,1.17785,1.1759430824423063
2025-12-23T03:00:00Z,1.17778,1.17794,1.17732,1.17765,2158.0,1.17757,1.17773,1.1761706714499989
2025-12-23T04:00:00Z,1.17766,1.17793,1.17736,1.17754,2513.0,1.17746,1.17762,1.176353248589999
2025-12-23T05:00:00Z,1.17752,1.17798,1.17744,1.17751,2688.0,1.17743,1.17759,1.1765074821113326
2025-12-23T06:00:00Z,1.17753,1.17764,1.17686,1.17713,2406.0,1.17706,1.1772,1.1765904844964883
2025-12-23T07:00:00Z,1.17712,1.17814,1.17692,1.17787,5098.0,1.17779,1.17795,1.176761086563623
2025-12-23T08:00:00Z,1.17786,1.17846,1.17754,1.17844,6217.0,1.17837,1.17852,1.1769849416884735
2025-12-23T09:00:00Z,1.17845,1.1793,1.17818,1.17928,6704.0,1.17919,1.17936,1.1772909494633437
2025-12-23T10:00:00Z,1.17928,1.18004,1.17918,1.1799,4613.0,1.17983,1.17998,1.1776388228682313
2025-12-23T11:00:00Z,1.17989,1.18,1.17924,1.17959,3786.0,1.17951,1.17967,1.1778989798191337
2025-12-23T12:00:00Z,1.1796,1.18022,1.1789,1.17897,4491.0,1.17889,1.17905,1.1780417825099159
2025-12-23T13:00:00Z,1.17896,1.17939,1.17743,1.17748,8615.0,1.1774,1.17755,1.1779668781752606
2025-12-23T14:00:00Z,1.17748,1.17795,1.17686,1.17694,8552.0,1.17685,1.17702,1.1778299610852259
2025-12-23T15:00:00Z,1.17693,1.17792,1.1764,1.17743,8868.0,1.17735,1.17751,1.177776632940529
2025-12-23T16:00:00Z,1.17742,1.17804,1.17732,1.17757,5306.0,1.17749,1.17765,1.177749081881792
2025-12-23T17:00:00Z,1.17756,1.17789,1.1769,1.1771,3928.0,1.17701,1.17718,1.1776625376308865
2025-12-23T18:00:00Z,1.17708,1.17832,1.17696,1.17828,3472.0,1.1782,1.17837,1.1777448659467682
2025-12-23T19:00:00Z,1.17831,1.17914,1.17822,1.17901,3023.0,1.17893,1.17909,1.1779135504871991
2025-12-23T20:00:00Z,1.17902,1.17936,1.1787,1.17896,2983.0,1.17887,1.17904,1.178053077088906
2025-12-23T21:00:00Z,1.17894,1.1797,1.17883,1.17934,1500.0,1.17924,1.17945,1.1782246668103853
2025-12-23T22:00:00Z,1.17927,1.17954,1.17919,1.17946,1171.0,1.17932,1.1796,1.178389377902334
2025-12-23T23:00:00Z,1.17946,1.17972,1.17935,1.1795,1165.0,1.17941,1.17959,1.1785374608486896
2025-12-24T00:00:00Z,1.1795,1.1799,1.17904,1.17988,3382.0,1.17981,1.17996,1.1787164660688643
2025-12-24T01:00:00Z,1.17988,1.18064,1.17968,1.18053,3785.0,1.18045,1.18061,1.1789582705930157
2025-12-24T02:00:00Z,1.18054,1.1808,1.17982,1.17982,2659.0,1.17974,1.1799,1.1790731678472803
2025-12-24T03:00:00Z,1.17984,1.17985,1.1787,1.17876,3042.0,1.17869,1.17884,1.1790314121343097
2025-12-24T04:00:00Z,1.17876,1.17934,1.17858,1.17914,2271.0,1.17905,1.17922,1.1790458905164019
2025-12-24T05:00:00Z,1.17912,1.18022,1.17907,1.17992,2365.0,1.17984,1.18,1.1791624384475483
2025-12-24T06:00:00Z,1.1799,1.1804,1.17978,1.17999,3617.0,1.17992,1.18006,1.1792727799878753
2025-12-24T07:00:00Z,1.18001,1.18018,1.17864,1.1789,5678.0,1.17882,1.17898,1.179223075989492
2025-12-24T08:00:00Z,1.1789,1.17995,1.17798,1.17994,6414.0,1.17986,1.18002,1.1793186658575596
2025-12-24T09:00:00Z,1.17997,1.1801,1.17945,1.17998,4385.0,1.17989,1.18006,1.1794068437432184
2025-12-24T10:00:00Z,1.17997,1.18001,1.17908,1.17964,4987.0,1.17955,1.17973,1.1794379312441226
2025-12-24T11:00:00Z,1.17966,1.17986,1.1791,1.17928,4411.0,1.1792,1.17936,1.1794168737449062
2025-12-24T12:00:00Z,1.17929,1.17932,1.17839,1.17842,4825.0,1.17834,1.1785,1.1792839572455853
2025-12-24T13:00:00Z,1.17844,1.1791,1.17836,1.17853,6288.0,1.17845,1.17861,1.1791834296128407
2025-12-24T14:00:00Z,1.17852,1.1787,1.17774,1.17806,6695.0,1.17798,1.17815,1.1790336389977953
2025-12-24T15:00:00Z,1.17806,1.17826,1.17754,1.17782,6197.0,1.17774,1.17789,1.178871820464756
2025-12-24T16:00:00Z,1.17781,1.1781,1.17731,1.17792,5353.0,1.17784,1.17801,1.1787449110694552
2025-12-24T17:00:00Z,1.17792,1.17832,1.17726,1.17768,4129.0,1.1776,1.17775,1.1786029229268613
2025-12-24T18:00:00Z,1.17767,1.17798,1.17744,1.1779,2125.0,1.17783,1.17797,1.1785091998699464
2025-12-24T19:00:00Z,1.17788,1.17822,1.17788,1.17816,876.0,1.17809,1.17824,1.1784626398872868
2025-12-24T20:00:00Z,1.17817,1.1782,1.17793,1.17797,1706.0,1.17786,1.17808,1.1783969545689819
2025-12-24T21:00:00Z,1.17798,1.17801,1.17768,1.1777,1642.0,1.17748,1.17792,1.1783040272931176
2025-12-25T22:00:00Z,1.17805,1.17862,1.17784,1.17818,894.0,1.17784,1.17853,1.178287490320702
2025-12-25T23:00:00Z,1.17818,1.17862,1.1778,1.17845,9507.0,1.1783,1.1786,1.1783091582779417
2025-12-26T00:00:00Z,1.17844,1.1792,1.17767,1.17859,6422.0,1.1785,1.17868,1.1783466038408827
2025-12-26T01:00:00Z,1.1786,1.17917,1.17829,1.17872,4398.0,1.17864,1.17881,1.1783963899954317
2025-12-26T02:00:00Z,1.17873,1.17936,1.17836,1.17921,2508.0,1.17913,1.17929,1.1785048713293742
2025-12-26T03:00:00Z,1.17922,1.17926,1.17834,1.17844,2639.0,1.17834,1.17853,1.1784962218187909
2025-12-26T04:00:00Z,1.17843,1.17872,1.178,1.17832,2247.0,1.17823,1.17841,1.1784727255762855
2025-12-26T05:00:00Z,1.17832,1.17872,1.17801,1.17862,2297.0,1.17853,1.1787,1.178492362166114
2025-12-26T06:00:00Z,1.17863,1.1788,1.17718,1.17766,4321.0,1.17758,1.17773,1.1783813805439656
2025-12-26T07:00:00Z,1.17767,1.17778,1.17704,1.1773,5851.0,1.1772,1.17739,1.1782371964714369
2025-12-26T08:00:00Z,1.1773,1.17778,1.17666,1.17769,5687.0,1.17761,1.17777,1.178164236941912
2025-12-26T09:00:00Z,1.17768,1.17778,1.17686,1.17703,4636.0,1.17695,1.17711,1.1780130053496571
2025-12-26T10:00:00Z,1.17701,1.17798,1.1769,1.17732,4308.0,1.17724,1.17739,1.1779206046363695
2025-12-26T11:00:00Z,1.17731,1.17825,1.17731,1.17774,3888.0,1.17765,1.17783,1.177896524018187
2025-12-26T12:00:00Z,1.17776,1.17825,1.17728,1.17816,3924.0,1.17808,1.17824,1.1779316541490954
2025-12-26T13:00:00Z,1.17816,1.17968,1.17816,1.17914,6733.0,1.17906,1.17923,1.178092766929216
2025-12-26T14:00:00Z,1.17916,1.17946,1.17812,1.17838,6286.0,1.1783,1.17847,1.1781310646719874
2025-12-26T15:00:00Z,1.17838,1.17926,1.17716,1.17772,6745.0,1.17764,1.1778,1.1780762560490559
2025-12-26T16:00:00Z,1.17772,1.17796,1.17623,1.17652,9230.0,1.17643,1.17661,1.177868755242515
2025-12-26T17:00:00Z,1.17652,1.17705,1.17616,1.17702,8751.0,1.17693,1.17711,1.1777555878768464
2025-12-26T18:00:00Z,1.17704,1.17738,1.1769,1.1772,9370.0,1.17712,1.17729,1.1776815094932669
2025-12-26T19:00:00Z,1.17719,1.17768,1.17692,1.17768,4108.0,1.1776,1.17776,1.177681308227498
2025-12-26T20:00:00Z,1.17768,1.17818,1.17724,1.17751,3007.0,1.17742,1.1776,1.1776584671304982
2025-12-26T21:00:00Z,1.17751,1.17767,1.17658,1.1771,2478.0,1.17694,1.17725,1.1775840048464319
2025-12-28T22:00:00Z,1.1768,1.17734,1.17654,1.17706,345.0,1.17658,1.17754,1.1775141375335743
2025-12-28T23:00:00Z,1.1771,1.17782,1.1771,1.17726,2920.0,1.17719,1.17734,1.1774802525290977
2025-12-29T00:00:00Z,1.17728,1.1784,1.17718,1.17797,4004.0,1.17789,1.17805,1.1775455521918847
2025-12-29T01:00:00Z,1.17796,1.17864,1.17788,1.17842,3542.0,1.17834,1.17849,1.1776621452329668
2025-12-29T02:00:00Z,1.1784,1.17853,1.17756,1.17758,3101.0,1.17749,1.17766,1.177651192535238
2025-12-29T03:00:00Z,1.17758,1.17761,1.17712,1.17734,2178.0,1.17726,1.17743,1.1776097001972063
2025-12-29T04:00:00Z,1.17734,1.17734,1.1764,1.17644,2172.0,1.17636,1.17652,1.1774537401709122
2025-12-29T05:00:00Z,1.17644,1.17644,1.17537,1.1756,3086.0,1.17553,1.17568,1.1772065748147906
2025-12-29T06:00:00Z,1.17562,1.17697,1.17542,1.17696,3377.0,1.17688,1.17705,1.1771736981728187
2025-12-29T07:00:00Z,1.17698,1.17792,1.17653,1.17771,5871.0,1.17763,1.17779,1.1772452050831095
2025-12-29T08:00:00Z,1.1777,1.17888,1.1771,1.1784,6074.0,1.17832,1.17849,1.177399177738695
2025-12-29T09:00:00Z,1.1784,1.17891,1.17716,1.17764,6761.0,1.17757,1.17772,1.1774312873735358
2025-12-29T10:00:00Z,1.17764,1.17802,1.17653,1.17658,5193.0,1.1765,1.17667,1.1773177823903977
2025-12-29T11:00:00Z,1.17658,1.17712,1.17578,1.17659,5392.0,1.17651,1.17667,1.1772207447383447
2025-12-29T12:00:00Z,1.17656,1.17692,1.17555,1.17619,6173.0,1.17611,1.17627,1.1770833121065654
2025-12-29T13:00:00Z,1.17618,1.17737,1.17604,1.17698,7153.0,1.1769,1.17707,1.1770695371590234
2025-12-29T14:00:00Z,1.17698,1.17888,1.17672,1.1783,8294.0,1.17821,1.17839,1.1772335988711535
2025-12-29T15:00:00Z,1.17833,1.17864,1.17664,1.17678,10640.0,1.17671,1.17686,1.1771731190216663
2025-12-29T16:00:00Z,1.17676,1.17681,1.17524,1.17561,7999.0,1.17553,1.17569,1.1769647031521109
2025-12-29T17:00:00Z,1.1756,1.1757,1.17494,1.17521,5177.0,1.17513,1.17529,1.1767307427318294
2025-12-29T18:00:00Z,1.17519,1.1759,1.17508,1.17574,3827.0,1.17566,1.17582,1.1765986437009188
2025-12-29T19:00:00Z,1.17575,1.17682,1.1757,1.17674,2547.0,1.17666,1.17681,1.176617491207463
2025-12-29T20:00:00Z,1.17673,1.17706,1.17644,1.17706,3064.0,1.17697,1.17714,1.1766764923798012
2025-12-29T21:00:00Z,1.17705,1.17748,1.17702,1.17726,1423.0,1.17717,1.17735,1.1767542933958277
2025-12-29T22:00:00Z,1.1771,1.17722,1.17663,1.17682,4005.0,1.1766,1.17704,1.176763054276384
2025-12-29T23:00:00Z,1.1768,1.17746,1.1768,1.17725,1398.0,1.17717,1.17733,1.1768279803728663
2025-12-30T00:00:00Z,1.17724,1.17754,1.17716,1.17729,2419.0,1.17721,1.17737,1.1768895829898174
2025-12-30T01:00:00Z,1.17728,1.17751,1.17697,1.17751,3073.0,1.17742,1.1776,1.1769723052578418
2025-12-30T02:00:00Z,1.1775,1.17766,1.17716,1.17733,2151.0,1.17725,1.17741,1.1770199978901297
2025-12-30T03:00:00Z,1.17734,1.1776,1.17706,1.17726,1753.0,1.17717,1.17734,1.1770519981714458
2025-12-30T04:00:00Z,1.17727,1.17778,1.17718,1.17771,1464.0,1.17763,1.17779,1.1771397317485863
2025-12-30T05:00:00Z,1.17772,1.17791,1.1773,1.17752,1872.0,1.17744,1.17761,1.1771904341821082
2025-12-30T06:00:00Z,1.17752,1.17798,1.17739,1.17786,2654.0,1.17778,1.17794,1.1772797096244938
2025-12-30T07:00:00Z,1.17786,1.17786,1.17662,1.17703,3578.0,1.17695,1.17711,1.1772464150078947
2025-12-30T08:00:00Z,1.17704,1.17754,1.1766,1.17672,5356.0,1.17664,1.17679,1.1771762263401755
2025-12-30T09:00:00Z,1.17673,1.17779,1.17644,1.1769,4892.0,1.17681,1.17698,1.1771393961614856
2025-12-30T10:00:00Z,1.17688,1.17776,1.17688,1.17738,3955.0,1.17731,1.17746,1.1771714766732875
2025-12-30T11:00:00Z,1.17739,1.17768,1.17661,1.17667,3559.0,1.17659,1.17675,1.1771046131168492
2025-12-30T12:00:00Z,1.17668,1.17679,1.17607,1.17618,4053.0,1.1761,1.17625,1.176981331367936
2025-12-30T13:00:00Z,1.17616,1.17679,1.17554,1.17633,7773.0,1.17625,1.17641,1.1768944871855447
2025-12-30T14:00:00Z,1.17634,1.17643,1.17564,1.17634,6531.0,1.17626,1.17641,1.1768205555608053
2025-12-30T15:00:00Z,1.17634,1.17663,1.17453,1.17598,7209.0,1.17591,1.17606,1.1767084814860314
2025-12-30T16:00:00Z,1.17598,1.17667,1.17544,1.17648,6186.0,1.1764,1.17656,1.176678017287894
2025-12-30T17:00:00Z,1.1765,1.17668,1.17552,1.1756,3676.0,1.17552,1.17569,1.1765342816495081
2025-12-30T18:00:00Z,1.17561,1.17594,1.17482,1.17501,3725.0,1.1749,1.17512,1.1763310440962405
2025-12-30T19:00:00Z,1.17502,1.17529,1.17452,1.17468,2945.0,1.1746,1.17476,1.1761109048834084
2025-12-30T20:00:00Z,1.17468,1.17503,1.17434,1.1744,2989.0,1.17431,1.17448,1.1758827842322874
2025-12-30T21:00:00Z,1.17439,1.17488,1.17439,1.1748,1030.0,1.17471,1.17489,1.1757384130013158
2025-12-30T22:00:00Z,1.17466,1.1749,1.17458,1.17466,445.0,1.17454,1.17479,1.1755946246011404
2025-12-30T23:00:00Z,1.17464,1.17492,1.17452,1.17456,793.0,1.17448,1.17465,1.1754566746543218
2025-12-31T00:00:00Z,1.17457,1.17478,1.17444,1.17473,1509.0,1.17465,1.17481,1.1753597847004122
2025-12-31T01:00:00Z,1.17474,1.17491,1.17419,1.17426,2962.0,1.17417,1.17434,1.1752131467403573
2025-12-31T02:00:00Z,1.17424,1.17427,1.17388,1.17402,3059.0,1.17394,1.1741,1.1750540605083097
2025-12-31T03:00:00Z,1.174,1.17436,1.17396,1.17426,2006.0,1.17418,1.17434,1.1749481857738684
2025-12-31T04:00:00Z,1.17426,1.17428,1.1733,1.17345,1705.0,1.17336,1.17354,1.1747484276706859
2025-12-31T05:00:00Z,1.17345,1.17393,1.17344,1.17385,1996.0,1.17377,1.17393,1.1746286373145944
2025-12-31T06:00:00Z,1.17386,1.17398,1.17332,1.17374,2564.0,1.17366,1.17383,1.1745101523393153
2025-12-31T07:00:00Z,1.17373,1.17388,1.17298,1.17371,4414.0,1.17363,1.17379,1.17440346536074
2025-12-31T08:00:00Z,1.17372,1.17398,1.172,1.17231,5263.0,1.17223,1.17239,1.1741243366459748
2025-12-31T09:00:00Z,1.17231,1.17389,1.172,1.17351,5131.0,1.17343,1.17359,1.1740424250931782
2025-12-31T10:00:00Z,1.1735,1.17438,1.17286,1.17392,4830.0,1.17383,1.17402,1.1740261017474212
2025-12-31T11:00:00Z,1.17394,1.17478,1.17364,1.17472,5107.0,1.17464,1.1748,1.1741186215144317
2025-12-31T12:00:00Z,1.17472,1.17594,1.17472,1.17554,5135.0,1.17546,1.17561,1.174308138645841
2025-12-31T13:00:00Z,1.17553,1.17595,1.17416,1.1742,6958.0,1.17412,1.17428,1.1742937201597288
2025-12-31T14:00:00Z,1.1742,1.17426,1.17274,1.17302,7960.0,1.17294,1.1731,1.1741238908050984
2025-12-31T15:00:00Z,1.17302,1.17462,1.17202,1.17441,11017.0,1.17434,1.17448,1.174162038697752
2025-12-31T16:00:00Z,1.17442,1.17488,1.17288,1.1735,8270.0,1.17341,1.17358,1.1740737668713852
2025-12-31T17:00:00Z,1.17349,1.1739,1.17315,1.1736,5816.0,1.17351,1.1737,1.1740105979552005
2025-12-31T18:00:00Z,1.1736,1.17388,1.17304,1.1736,4871.0,1.17351,1.17369,1.1739558515611739
2025-12-31T19:00:00Z,1.17362,1.17432,1.17362,1.17408,2793.0,1.17399,1.17416,1.1739724046863507
2025-12-31T20:00:00Z,1.17407,1.1753,1.17402,1.1752,2293.0,1.17512,1.17529,1.1741360840615038
2025-12-31T21:00:00Z,1.17522,1.1753,1.1745,1.17459,1317.0,1.17449,1.17469,1.1741966061866367
2026-01-01T22:00:00Z,1.17498,1.17505,1.17474,1.17488,494.0,1.17458,1.17519,1.1742877253617519
2026-01-01T23:00:00Z,1.17487,1.1751,1.17458,1.1751,1188.0,1.17501,1.17518,1.1743960286468516
2026-01-02T00:00:00Z,1.1751,1.17564,1.17501,1.17564,1574.0,1.17555,1.17572,1.174561891493938
2026-01-02T01:00:00Z,1.17564,1.17628,1.17564,1.1761,2791.0,1.17602,1.17619,1.1747669726280796
2026-01-02T02:00:00Z,1.1761,1.17638,1.17583,1.17594,1720.0,1.17586,1.17601,1.174923376277669
2026-01-02T03:00:00Z,1.17594,1.1765,1.17592,1.17644,1527.0,1.17636,1.17653,1.1751255927739799
2026-01-02T04:00:00Z,1.17644,1.17648,1.17551,1.17556,1525.0,1.17548,1.17565,1.1751835137374493
2026-01-02T05:00:00Z,1.17556,1.17579,1.17508,1.17513,1468.0,1.17504,1.17522,1.175176378572456
2026-01-02T06:00:00Z,1.17512,1.17516,1.17416,1.17438,2357.0,1.1743,1.17447,1.1750701947627953
2026-01-02T07:00:00Z,1.17437,1.17472,1.17322,1.17348,4815.0,1.1734,1.17356,1.1748581687944226
2026-01-02T08:00:00Z,1.17347,1.17384,1.17238,1.17286,7223.0,1.17278,1.17293,1.1745917462884996
2026-01-02T09:00:00Z,1.17286,1.17375,1.17206,1.17214,5940.0,1.17206,1.17222,1.1742648467833663
2026-01-02T10:00:00Z,1.17214,1.17236,1.17132,1.17211,4836.0,1.17203,1.17219,1.1739775338789176
2026-01-02T11:00:00Z,1.17211,1.17226,1.17152,1.1722,3949.0,1.17212,1.17227,1.1737405293617287
2026-01-02T12:00:00Z,1.17219,1.17272,1.17207,1.17237,3715.0,1.1723,1.17244,1.1735577921134983
2026-01-02T13:00:00Z,1.17238,1.1729,1.17182,1.17215,6541.0,1.17207,1.17223,1.1733700864983652
2026-01-02T14:00:00Z,1.17217,1.17308,1.17158,1.17286,6467.0,1.17278,1.17294,1.1733020749652499
2026-01-02T15:00:00Z,1.17284,1.17522,1.17283,1.17507,9129.0,1.17498,1.17516,1.1735377983032165
2026-01-02T16:00:00Z,1.17508,1.17545,1.17341,1.17375,6982.0,1.17367,1.17383,1.1735660918627877
2026-01-02T17:00:00Z,1.17374,1.17376,1.17286,1.17308,4792.0,1.173,1.17316,1.173501279614416
2026-01-02T18:00:00Z,1.17308,1.17314,1.17154,1.17192,4792.0,1.17184,1.17199,1.173290442332494
2026-01-02T19:00:00Z,1.17191,1.17244,1.17144,1.17232,4435.0,1.17224,1.17241,1.1731610500214948
2026-01-02T20:00:00Z,1.17233,1.17238,1.17153,1.17178,3253.0,1.17169,1.17186,1.172976910018629
2026-01-02T21:00:00Z,1.17176,1.17234,1.17174,1.17199,1824.0,1.17187,1.17211,1.172845322016145
2026-01-04T22:00:00Z,1.17239,1.17239,1.17104,1.17116,1155.0,1.17101,1.1713,1.1726206124139924
2026-01-04T23:00:00Z,1.17118,1.1713,1.17004,1.17052,3174.0,1.17043,1.17061,1.1723405307587935
2026-01-05T00:00:00Z,1.17053,1.17111,1.17036,1.17051,5784.0,1.17042,1.1706,1.1720964599909545
2026-01-05T01:00:00Z,1.1705,1.17074,1.16996,1.17004,5353.0,1.16996,1.17011,1.171822265325494
2026-01-05T02:00:00Z,1.17004,1.17016,1.1684,1.16888,4746.0,1.1688,1.16895,1.1714299632820948
2026-01-05T03:00:00Z,1.16888,1.16909,1.16722,1.16754,4058.0,1.16746,1.16761,1.170911301511149
2026-01-05T04:00:00Z,1.16752,1.16831,1.16734,1.1682,3443.0,1.16811,1.16828,1.1705497946429957
2026-01-05T05:00:00Z,1.16819,1.1686,1.16805,1.16855,2501.0,1.16848,1.16862,1.170283155357263
2026-01-05T06:00:00Z,1.16856,1.1692,1.16784,1.16912,3634.0,1.16905,1.16919,1.1701280679762947
2026-01-05T07:00:00Z,1.16913,1.16922,1.16836,1.16862,6073.0,1.16854,1.1687,1.1699269922461222
2026-01-05T08:00:00Z,1.1686,1.1695,1.1681,1.16834,7029.0,1.16826,1.16843,1.1697153932799726
2026-01-05T09:00:00Z,1.16834,1.16875,1.16739,1.16825,6254.0,1.16817,1.16833,1.1695200075093097
2026-01-05T10:00:00Z,1.16823,1.16902,1.16798,1.169,5865.0,1.16892,1.16908,1.1694506731747352
2026-01-05T11:00:00Z,1.169,1.1691,1.16803,1.16814,5443.0,1.16806,1.16823,1.1692759167514373
2026-01-05T12:00:00Z,1.16814,1.16852,1.16699,1.16708,5534.0,1.16699,1.16716,1.1689831278512457
2026-01-05T13:00:00Z,1.16709,1.16752,1.16592,1.16746,8858.0,1.16738,1.16754,1.1687800441377463
2026-01-05T14:00:00Z,1.16746,1.16874,1.16733,1.16852,9029.0,1.16841,1.16863,1.1687453715860467
2026-01-05T15:00:00Z,1.16852,1.17047,1.16852,1.17046,10322.0,1.17039,1.17054,1.1689739887079071
2026-01-05T16:00:00Z,1.17046,1.17187,1.1704,1.17149,7976.0,1.17141,1.17157,1.1693094568801863
2026-01-05T17:00:00Z,1.17148,1.17198,1.17101,1.17144,6496.0,1.17136,1.17153,1.1695935292961614
2026-01-05T18:00:00Z,1.17145,1.17254,1.17134,1.17251,3974.0,1.17243,1.17259,1.1699823920566732
2026-01-05T19:00:00Z,1.17252,1.17288,1.17222,1.17272,4138.0,1.17264,1.1728,1.1703474064491168
2026-01-05T20:00:00Z,1.17268,1.17288,1.17238,1.17248,2577.0,1.1724,1.17257,1.1706317522559013
2026-01-05T21:00:00Z,1.17248,1.17265,1.17196,1.17216,1631.0,1.17208,1.17224,1.1708355186217811
2026-01-05T22:00:00Z,1.17206,1.17232,1.17188,1.1719,440.0,1.17177,1.17204,1.1709774494722103
2026-01-05T23:00:00Z,1.17191,1.17218,1.17128,1.17146,1137.0,1.17137,1.17155,1.1710417895425822
2026-01-06T00:00:00Z,1.17146,1.1717,1.17106,1.17168,3183.0,1.1716,1.17176,1.171126884270238
2026-01-06T01:00:00Z,1.17168,1.17254,1.17122,1.17254,4662.0,1.17246,1.17263,1.171315299700873
2026-01-06T02:00:00Z,1.17256,1.1738,1.17222,1.17374,3119.0,1.17367,1.17382,1.1716385930740898
