time,open,high,low,close,volume,bid_close,ask_close,close_ema_14
2025-12-23T21:25:00Z,156.314,156.314,156.286,156.297,153.0,156.289,156.305,156.297
2025-12-23T21:30:00Z,156.296,156.298,156.228,156.268,367.0,156.258,156.279,156.29313333333334
2025-12-23T21:35:00Z,156.27,156.272,156.252,156.252,211.0,156.242,156.263,156.2876488888889
2025-12-23T21:40:00Z,156.252,156.253,156.228,156.23,180.0,156.221,156.238,156.27996237037038
2025-12-23T21:45:00Z,156.23,156.23,156.207,156.221,559.0,156.213,156.229,156.27210072098768
2025-12-23T21:50:00Z,156.22,156.222,156.196,156.204,581.0,156.193,156.214,156.26302062485598
2025-12-23T21:55:00Z,156.206,156.268,156.198,156.236,601.0,156.214,156.257,156.2594178748752
2025-12-23T22:00:00Z,156.258,156.258,156.258,156.258,1.0,156.208,156.308,156.25922882489184
2025-12-23T22:05:00Z,156.263,156.264,156.23,156.254,37.0,156.204,156.304,156.2585316482396
2025-12-23T22:10:00Z,156.244,156.254,156.203,156.216,2514.0,156.201,156.231,156.25286076180765
2025-12-23T22:15:00Z,156.211,156.23,156.196,156.206,69.0,156.198,156.213,156.2466126602333
2025-12-23T22:20:00Z,156.196,156.201,156.196,156.2,37.0,156.189,156.21,156.24039763886887
2025-12-23T22:25:00Z,156.199,156.226,156.194,156.198,26.0,156.183,156.212,156.234744620353
2025-12-23T22:30:00Z,156.196,156.197,156.196,156.196,13.0,156.182,156.211,156.22957867097261
2025-12-23T22:35:00Z,156.196,156.2,156.196,156.198,33.0,156.183,156.214,156.2253681815096
2025-12-23T22:40:00Z,156.199,156.199,156.194,156.196,31.0,156.179,156.214,156.221452423975
2025-12-23T22:45:00Z,156.196,156.198,156.196,156.196,25.0,156.179,156.214,156.218058767445
2025-12-23T22:50:00Z,156.196,156.198,156.188,156.194,51.0,156.176,156.211,156.21485093178566
2025-12-23T22:55:00Z,156.192,156.206,156.178,156.191,234.0,156.178,156.204,156.2116708075476
2025-12-23T23:00:00Z,156.192,156.202,156.144,156.16,423.0,156.148,156.171,156.20478136654125
2025-12-23T23:05:00Z,156.16,156.168,156.146,156.148,209.0,156.138,156.157,156.19721051766908
2025-12-23T23:10:00Z,156.147,156.147,156.096,156.134,295.0,156.123,156.145,156.18878244864655
2025-12-23T23:15:00Z,156.138,156.148,156.122,156.134,205.0,156.124,156.145,156.18147812216034
2025-12-23T23:20:00Z,156.134,156.166,156.133,156.142,280.0,156.133,156.151,156.17621437253896
2025-12-23T23:25:00Z,156.142,156.154,156.138,156.146,204.0,156.136,156.157,156.17218578953378
2025-12-23T23:30:00Z,156.148,156.21,156.135,156.207,1094.0,156.197,156.217,156.1768276842626
2025-12-23T23:35:00Z,156.208,156.227,156.192,156.213,159.0,156.203,156.223,156.18165065969427
2025-12-23T23:40:00Z,156.214,156.283,156.21,156.269,345.0,156.26,156.278,156.1932972384017
2025-12-23T23:45:00Z,156.268,156.268,156.209,156.24,1177.0,156.23,156.249,156.19952427328147
2025-12-23T23:50:00Z,156.24,156.246,156.208,156.234,502.0,156.226,156.243,156.20412103684396
2025-12-23T23:55:00Z,156.236,156.236,156.156,156.174,625.0,156.164,156.184,156.2001048985981
2025-12-24T00:00:00Z,156.174,156.174,156.018,156.032,1594.0,156.023,156.04,156.17769091211838
2025-12-24T00:05:00Z,156.031,156.05,155.978,156.012,981.0,156.003,156.021,156.1555987905026
2025-12-24T00:10:00Z,156.012,156.17,156.009,156.148,801.0,156.14,156.157,156.1545856184356
2025-12-24T00:15:00Z,156.148,156.207,156.11,156.156,1551.0,156.147,156.166,156.15477420264418
2025-12-24T00:20:00Z,156.156,156.258,156.156,156.256,1348.0,156.247,156.264,156.16827097562495
2025-12-24T00:25:00Z,156.258,156.282,156.223,156.235,1008.0,156.226,156.244,156.17716817887495
2025-12-24T00:30:00Z,156.236,156.239,156.199,156.212,952.0,156.204,156.22,156.18181242169163
2025-12-24T00:35:00Z,156.21,156.264,156.193,156.204,942.0,156.195,156.214,156.18477076546608
2025-12-24T00:40:00Z,156.205,156.205,156.096,156.102,1571.0,156.093,156.11,156.17373466340393
2025-12-24T00:45:00Z,156.101,156.142,156.087,156.107,624.0,156.098,156.116,156.16483670828342
2025-12-24T00:50:00Z,156.108,156.192,156.108,156.162,1729.0,156.154,156.171,156.1644584805123
2025-12-24T00:55:00Z,156.163,156.182,155.982,155.99,1438.0,155.982,155.999,156.14119734977734
2025-12-24T01:00:00Z,155.991,156.056,155.974,156.033,1412.0,156.024,156.042,156.1267710364737
2025-12-24T01:05:00Z,156.034,156.06,156.004,156.024,757.0,156.016,156.031,156.11306823161055
2025-12-24T01:10:00Z,156.024,156.154,156.024,156.132,711.0,156.125,156.139,156.11559246739583
2025-12-24T01:15:00Z,156.13,156.132,155.982,155.983,1096.0,155.977,155.989,156.09791347174306
2025-12-24T01:20:00Z,155.984,155.994,155.919,155.921,1170.0,155.912,155.93,156.074325008844
2025-12-24T01:25:00Z,155.92,155.922,155.824,155.836,1317.0,155.827,155.845,156.04254834099814
2025-12-24T01:30:00Z,155.836,155.837,155.752,155.762,1712.0,155.753,155.771,156.00514189553172
2025-12-24T01:35:00Z,155.76,155.811,155.736,155.756,1501.0,155.746,155.765,155.9719229761275
2025-12-24T01:40:00Z,155.758,155.769,155.641,155.682,1280.0,155.673,155.692,155.9332665793105
2025-12-24T01:45:00Z,155.684,155.757,155.666,155.692,1164.0,155.681,155.702,155.9010977020691
2025-12-24T01:50:00Z,155.692,155.7,155.601,155.616,1083.0,155.607,155.626,155.86308467512657
2025-12-24T01:55:00Z,155.618,155.679,155.616,155.656,776.0,155.647,155.664,155.8354733851097
2025-12-24T02:00:00Z,155.655,155.657,155.578,155.618,1146.0,155.608,155.627,155.80647693376176
2025-12-24T02:05:00Z,155.616,155.661,155.606,155.608,615.0,155.599,155.617,155.78001334259352
2025-12-24T02:10:00Z,155.606,155.662,155.555,155.648,841.0,155.638,155.658,155.76241156358105
2025-12-24T02:15:00Z,155.648,155.697,155.632,155.67,741.0,155.662,155.677,155.75009002177026
2025-12-24T02:20:00Z,155.67,155.676,155.606,155.61,793.0,155.6,155.619,155.7314113522009
2025-12-24T02:25:00Z,155.608,155.668,155.608,155.668,700.0,155.659,155.678,155.72295650524077
2025-12-24T02:30:00Z,155.667,155.71,155.64,155.71,796.0,155.704,155.716,155.7212289712087
2025-12-24T02:35:00Z,155.71,155.71,155.636,155.692,978.0,155.684,155.701,155.71733177504754
2025-12-24T02:40:00Z,155.693,155.722,155.681,155.698,680.0,155.689,155.706,155.7147542050412
2025-12-24T02:45:00Z,155.698,155.725,155.68,155.701,624.0,155.692,155.71,155.7129203110357
2025-12-24T02:50:00Z,155.7,155.714,155.667,155.702,543.0,155.696,155.708,155.7114642695643
2025-12-24T02:55:00Z,155.701,155.745,155.689,155.743,1064.0,155.734,155.752,155.7156690336224
2025-12-24T03:00:00Z,155.74,155.801,155.74,155.786,1196.0,155.779,155.794,155.72504649580608
2025-12-24T03:05:00Z,155.785,155.835,155.783,155.822,964.0,155.814,155.829,155.73797362969862
2025-12-24T03:10:00Z,155.821,155.834,155.803,155.804,594.0,155.795,155.812,155.7467771457388
2025-12-24T03:15:00Z,155.802,155.808,155.785,155.808,719.0,155.799,155.816,155.75494019297363
2025-12-24T03:20:00Z,155.808,155.837,155.797,155.831,653.0,155.823,155.839,155.76508150057717
2025-12-24T03:25:00Z,155.832,155.876,155.83,155.868,588.0,155.86,155.876,155.77880396716688
2025-12-24T03:30:00Z,155.863,155.89,155.841,155.863,837.0,155.854,155.872,155.79003010487796
2025-12-24T03:35:00Z,155.862,155.92,155.86,155.919,520.0,155.909,155.929,155.80722609089423
2025-12-24T03:40:00Z,155.92,155.971,155.904,155.954,672.0,155.947,155.962,155.82679594544166
2025-12-24T03:45:00Z,155.954,155.986,155.948,155.976,619.0,155.967,155.985,155.8466898193828
2025-12-24T03:50:00Z,155.976,155.988,155.95,155.954,551.0,155.948,155.961,155.8609978434651
2025-12-24T03:55:00Z,155.955,155.994,155.955,155.982,479.0,155.976,155.988,155.87713146433643
2025-12-24T04:00:00Z,155.983,155.998,155.956,155.956,591.0,155.95,155.963,155.8876472690916
2025-12-24T04:05:00Z,155.957,155.985,155.948,155.983,534.0,155.977,155.989,155.90036096654606
2025-12-24T04:10:00Z,155.982,156.065,155.976,156.062,1142.0,156.054,156.069,155.92191283767326
2025-12-24T04:15:00Z,156.064,156.068,155.986,155.987,833.0,155.981,155.993,155.9305911259835
2025-12-24T04:20:00Z,155.988,156.012,155.978,155.988,489.0,155.98,155.995,155.93824564251904
2025-12-24T04:25:00Z,155.986,155.988,155.954,155.98,713.0,155.972,155.987,155.94381289018315
2025-12-24T04:30:00Z,155.98,155.99,155.922,155.923,771.0,155.917,155.929,155.94103783815873
2025-12-24T04:35:00Z,155.92,155.926,155.848,155.853,950.0,155.845,155.861,155.92929945973756
2025-12-24T04:40:00Z,155.855,155.867,155.836,155.849,665.0,155.842,155.856,155.9185928651059
2025-12-24T04:45:00Z,155.85,155.862,155.802,155.818,803.0,155.809,155.827,155.90518048309178
2025-12-24T04:50:00Z,155.818,155.852,155.812,155.828,580.0,155.819,155.837,155.8948897520129
2025-12-24T04:55:00Z,155.824,155.853,155.816,155.838,587.0,155.83,155.845,155.8873044517445
2025-12-24T05:00:00Z,155.838,155.845,155.764,155.768,723.0,155.759,155.776,155.8713971915119
2025-12-24T05:05:00Z,155.768,155.824,155.746,155.806,643.0,155.798,155.813,155.86267756597698
2025-12-24T05:10:00Z,155.805,155.818,155.787,155.804,498.0,155.797,155.811,155.8548538905134
2025-12-24T05:15:00Z,155.805,155.816,155.777,155.796,556.0,155.788,155.804,155.84700670511162
2025-12-24T05:20:00Z,155.796,155.844,155.796,155.824,324.0,155.814,155.833,155.84393914443007
2025-12-24T05:25:00Z,155.824,155.824,155.798,155.808,431.0,155.799,155.816,155.83914725850607
2025-12-24T05:30:00Z,155.807,155.81,155.782,155.808,466.0,155.799,155.817,155.83499429070528
2025-12-24T05:35:00Z,155.807,155.832,155.805,155.812,410.0,155.802,155.821,155.8319283852779
2025-12-24T05:40:00Z,155.812,155.822,155.786,155.811,510.0,155.804,155.818,155.82913793390753
2025-12-24T05:45:00Z,155.814,155.836,155.78,155.811,559.0,155.804,155.818,155.82671954271987
2025-12-24T05:50:00Z,155.812,155.828,155.807,155.809,552.0,155.801,155.817,155.8243569370239
2025-12-24T05:55:00Z,155.809,155.813,155.78,155.798,722.0,155.791,155.806,155.82084267875405
2025-12-24T06:00:00Z,155.798,155.798,155.694,155.714,1144.0,155.705,155.724,155.80659698825352
2025-12-24T06:05:00Z,155.713,155.718,155.666,155.706,981.0,155.698,155.714,155.79318405648638
2025-12-24T06:10:00Z,155.707,155.722,155.662,155.673,972.0,155.665,155.681,155.77715951562155
2025-12-24T06:15:00Z,155.674,155.7,155.663,155.684,438.0,155.676,155.693,155.764738246872
2025-12-24T06:20:00Z,155.683,155.707,155.68,155.696,680.0,155.687,155.705,155.75557314728908
2025-12-24T06:25:00Z,155.696,155.77,155.694,155.733,916.0,155.726,155.74,155.7525633943172
2025-12-24T06:30:00Z,155.734,155.746,155.712,155.732,503.0,155.723,155.741,155.74982160840824
2025-12-24T06:35:00Z,155.731,155.756,155.719,155.722,304.0,155.714,155.731,155.74611206062048
2025-12-24T06:40:00Z,155.722,155.766,155.716,155.766,551.0,155.758,155.773,155.7487637858711
2025-12-24T06:45:00Z,155.767,155.8,155.718,155.738,789.0,155.73,155.746,155.7473286144216
2025-12-24T06:50:00Z,155.738,155.739,155.673,155.698,751.0,155.689,155.707,155.74075146583206
2025-12-24T06:55:00Z,155.697,155.754,155.694,155.736,839.0,155.727,155.744,155.74011793705446
2025-12-24T07:00:00Z,155.735,155.82,155.707,155.803,1031.0,155.794,155.812,155.74850221211386
2025-12-24T07:05:00Z,155.802,155.818,155.752,155.771,1116.0,155.763,155.779,155.75150191716534
2025-12-24T07:10:00Z,155.77,155.797,155.756,155.78,848.0,155.771,155.789,155.7553016615433
2025-12-24T07:15:00Z,155.778,155.797,155.768,155.796,645.0,155.786,155.805,155.76072810667088
2025-12-24T07:20:00Z,155.794,155.858,155.758,155.816,1153.0,155.807,155.824,155.7680976924481
2025-12-24T07:25:00Z,155.815,155.818,155.734,155.772,1042.0,155.764,155.78,155.76861800012168
2025-12-24T07:30:00Z,155.772,155.82,155.758,155.806,1121.0,155.797,155.814,155.77360226677212
2025-12-24T07:35:00Z,155.806,155.847,155.79,155.829,1100.0,155.82,155.838,155.78098863120252
2025-12-24T07:40:00Z,155.83,155.833,155.796,155.805,774.0,155.797,155.813,155.78419014704218
2025-12-24T07:45:00Z,155.806,155.847,155.782,155.817,846.0,155.808,155.826,155.78856479410322
2025-12-24T07:50:00Z,155.818,155.836,155.792,155.808,905.0,155.8,155.816,155.79115615488948
2025-12-24T07:55:00Z,155.809,155.872,155.808,155.83,1366.0,155.821,155.839,155.79633533423754
2025-12-24T08:00:00Z,155.83,155.899,155.751,155.896,2060.0,155.888,155.903,155.8096239563392
2025-12-24T08:05:00Z,155.896,155.956,155.888,155.914,1513.0,155.907,155.922,155.82354076216066
2025-12-24T08:10:00Z,155.914,155.972,155.901,155.94,1357.0,155.934,155.947,155.83906866053925
2025-12-24T08:15:00Z,155.941,155.952,155.911,155.95,1048.0,155.942,155.957,155.8538595058007
2025-12-24T08:20:00Z,155.949,155.969,155.906,155.913,1019.0,155.906,155.92,155.86174490502728
2025-12-24T08:25:00Z,155.912,155.92,155.87,155.916,1018.0,155.907,155.925,155.8689789176903
2025-12-24T08:30:00Z,155.914,155.916,155.821,155.834,947.0,155.826,155.843,155.86431506199827
2025-12-24T08:35:00Z,155.836,155.929,155.834,155.928,1445.0,155.92,155.937,155.87280638706517
2025-12-24T08:40:00Z,155.93,155.93,155.832,155.834,933.0,155.825,155.843,155.86763220212316
2025-12-24T08:45:00Z,155.83,155.832,155.782,155.797,961.0,155.789,155.805,155.8582145751734
2025-12-24T08:50:00Z,155.797,155.812,155.782,155.806,704.0,155.798,155.815,155.85125263181695
2025-12-24T08:55:00Z,155.808,155.809,155.752,155.756,909.0,155.749,155.764,155.83855228090803
2025-12-24T09:00:00Z,155.754,155.766,155.704,155.716,1108.0,155.708,155.723,155.82221197678697
2025-12-24T09:05:00Z,155.715,155.775,155.688,155.758,990.0,155.75,155.765,155.81365037988206
2025-12-24T09:10:00Z,155.756,155.774,155.741,155.75,818.0,155.741,155.758,155.80516366256447
2025-12-24T09:15:00Z,155.751,155.798,155.71,155.794,1143.0,155.785,155.803,155.80367517422255
2025-12-24T09:20:00Z,155.794,155.846,155.771,155.834,816.0,155.826,155.841,155.80771848432622
2025-12-24T09:25:00Z,155.833,155.867,155.808,155.858,715.0,155.85,155.867,155.81442268641607
2025-12-24T09:30:00Z,155.859,155.882,155.834,155.842,659.0,155.835,155.85,155.8180996615606
2025-12-24T09:35:00Z,155.842,155.855,155.821,155.826,495.0,155.82,155.832,155.8191530400192
2025-12-24T09:40:00Z,155.826,155.834,155.78,155.833,534.0,155.827,155.839,155.82099930134996
2025-12-24T09:45:00Z,155.832,155.836,155.803,155.81,768.0,155.803,155.817,155.81953272783664
2025-12-24T09:50:00Z,155.81,155.814,155.783,155.809,1030.0,155.803,155.815,155.8181283641251
2025-12-24T09:55:00Z,155.806,155.84,155.796,155.835,1454.0,155.827,155.843,155.8203779155751
2025-12-24T10:00:00Z,155.836,155.859,155.82,155.835,856.0,155.827,155.843,155.82232752683177
2025-12-24T10:05:00Z,155.834,155.882,155.829,155.866,1031.0,155.858,155.875,155.8281505232542
2025-12-24T10:10:00Z,155.866,155.899,155.852,155.872,676.0,155.865,155.879,155.83399712015367
2025-12-24T10:15:00Z,155.874,155.908,155.874,155.902,479.0,155.896,155.908,155.84306417079983
2025-12-24T10:20:00Z,155.9,155.936,155.887,155.904,563.0,155.897,155.911,155.85118894802653
2025-12-24T10:25:00Z,155.902,155.903,155.851,155.856,726.0,155.85,155.863,155.851830421623
2025-12-24T10:30:00Z,155.855,155.904,155.852,155.893,746.0,155.884,155.902,155.85731969873993
2025-12-24T10:35:00Z,155.89,155.93,155.866,155.915,734.0,155.905,155.925,155.8650104055746
2025-12-24T10:40:00Z,155.916,155.928,155.896,155.916,695.0,155.906,155.925,155.87180901816464
2025-12-24T10:45:00Z,155.914,155.972,155.914,155.938,1066.0,155.93,155.947,155.88063448240936
2025-12-24T10:50:00Z,155.938,155.951,155.922,155.927,693.0,155.918,155.936,155.88681655142145
2025-12-24T10:55:00Z,155.928,155.948,155.91,155.937,1170.0,155.928,155.946,155.89350767789858
2025-12-24T11:00:00Z,155.936,155.963,155.89,155.894,1059.0,155.885,155.903,155.89357332084543
2025-12-24T11:05:00Z,155.894,155.916,155.882,155.888,850.0,155.88,155.896,155.89283021139937
2025-12-24T11:10:00Z,155.888,155.916,155.868,155.906,646.0,155.898,155.915,155.8945861832128
2025-12-24T11:15:00Z,155.907,155.922,155.899,155.908,464.0,155.9,155.915,155.89637469211775
2025-12-24T11:20:00Z,155.908,155.923,155.884,155.906,531.0,155.896,155.916,155.89765806650206
2025-12-24T11:25:00Z,155.906,155.922,155.887,155.892,737.0,155.883,155.902,155.89690365763514
2025-12-24T11:30:00Z,155.896,155.974,155.894,155.966,778.0,155.96,155.972,155.90611650328378
2025-12-24T11:35:00Z,155.965,155.968,155.922,155.945,776.0,155.936,155.954,155.9113009695126
2025-12-24T11:40:00Z,155.944,155.962,155.93,155.934,659.0,155.927,155.942,155.91432750691092
2025-12-24T11:45:00Z,155.935,155.95,155.918,155.919,657.0,155.911,155.927,155.91495050598948
2025-12-24T11:50:00Z,155.921,155.932,155.914,155.922,642.0,155.913,155.93,155.91589043852423
2025-12-24T11:55:00Z,155.924,155.93,155.906,155.928,939.0,155.922,155.935,155.917505046721
2025-12-24T12:00:00Z,155.929,155.931,155.9,155.915,739.0,155.908,155.922,155.91717104049155
2025-12-24T12:05:00Z,155.916,155.918,155.878,155.916,882.0,155.909,155.923,155.91701490175936
2025-12-24T12:10:00Z,155.917,155.944,155.899,155.902,619.0,155.892,155.911,155.91501291485812
2025-12-24T12:15:00Z,155.902,155.938,155.894,155.915,1021.0,155.906,155.924,155.91501119287705
2025-12-24T12:20:00Z,155.914,155.948,155.914,155.938,926.0,155.929,155.946,155.9180763671601
2025-12-24T12:25:00Z,155.934,155.942,155.917,155.941,622.0,155.933,155.949,155.92113285153874
2025-12-24T12:30:00Z,155.94,155.947,155.912,155.927,759.0,155.919,155.935,155.92191513800026
2025-12-24T12:35:00Z,155.926,155.948,155.91,155.938,953.0,155.93,155.947,155.9240597862669
2025-12-24T12:40:00Z,155.939,155.964,155.93,155.944,698.0,155.935,155.952,155.92671848143132
2025-12-24T12:45:00Z,155.944,155.978,155.936,155.974,588.0,155.967,155.982,155.93302268390715
2025-12-24T12:50:00Z,155.974,155.991,155.952,155.972,940.0,155.964,155.979,155.9382196593862
2025-12-24T12:55:00Z,155.971,156.046,155.968,156.045,952.0,156.039,156.051,155.9524570381347
2025-12-24T13:00:00Z,156.044,156.072,156.011,156.012,1066.0,156.004,156.019,155.96039609971675
2025-12-24T13:05:00Z,156.012,156.024,155.972,156.017,1003.0,156.008,156.026,155.9679432864212
2025-12-24T13:10:00Z,156.016,156.03,155.989,156.01,762.0,156.002,156.018,155.9735508482317
2025-12-24T13:15:00Z,156.01,156.06,156.006,156.043,995.0,156.034,156.052,155.98281073513414
2025-12-24T13:20:00Z,156.042,156.042,155.996,156.012,667.0,156.003,156.021,155.98670263711625
2025-12-24T13:25:00Z,156.014,156.024,155.998,156.019,853.0,156.006,156.032,155.99100895216742
2025-12-24T13:30:00Z,156.016,156.069,155.994,156.022,1318.0,156.016,156.029,155.99514109187842
2025-12-24T13:35:00Z,156.023,156.057,156.007,156.008,1565.0,156.0,156.015,155.9968556129613
2025-12-24T13:40:00Z,156.009,156.023,155.984,156.006,1080.0,155.998,156.015,155.99807486456646
2025-12-24T13:45:00Z,156.008,156.034,155.987,156.022,862.0,156.013,156.031,156.00126488262427
2025-12-24T13:50:00Z,156.02,156.034,156.0,156.012,945.0,156.003,156.022,156.0026962316077
2025-12-24T13:55:00Z,156.014,156.023,155.995,156.012,949.0,156.004,156.021,156.00393673406
2025-12-24T14:00:00Z,156.012,156.036,156.012,156.023,618.0,156.015,156.031,156.00647850285202
2025-12-24T14:05:00Z,156.023,156.035,156.012,156.026,581.0,156.017,156.035,156.0090813691384
2025-12-24T14:10:00Z,156.028,156.034,156.0,156.006,581.0,155.998,156.013,156.00867051991997
2025-12-24T14:15:00Z,156.004,156.025,156.003,156.016,652.0,156.007,156.025,156.00964778393063
2025-12-24T14:20:00Z,156.016,156.026,155.974,155.983,744.0,155.976,155.99,156.00609474607322
2025-12-24T14:25:00Z,155.982,155.99,155.93,155.953,1544.0,155.944,155.962,155.9990154465968
2025-12-24T14:30:00Z,155.952,155.97,155.908,155.919,1477.0,155.91,155.928,155.98834672038387
2025-12-24T14:35:00Z,155.92,155.954,155.881,155.898,1625.0,155.888,155.908,155.97630049099936
2025-12-24T14:40:00Z,155.898,155.912,155.806,155.812,1236.0,155.804,155.819,155.95439375886613
2025-12-24T14:45:00Z,155.812,155.852,155.777,155.793,1243.0,155.784,155.802,155.9328745910173
2025-12-24T14:50:00Z,155.794,155.816,155.721,155.726,1391.0,155.717,155.736,155.905291312215
2025-12-24T14:55:00Z,155.725,155.758,155.68,155.75,2123.0,155.743,155.758,155.8845858039197
2025-12-24T15:00:00Z,155.75,155.778,155.726,155.741,1773.0,155.732,155.75,155.86544103006375
2025-12-24T15:05:00Z,155.742,155.778,155.726,155.75,1230.0,155.741,155.758,155.85004889272193
2025-12-24T15:10:00Z,155.75,155.776,155.728,155.739,912.0,155.73,155.748,155.83524237369235
2025-12-24T15:15:00Z,155.738,155.767,155.728,155.764,777.0,155.755,155.773,155.82574339053338
2025-12-24T15:20:00Z,155.764,155.814,155.763,155.789,837.0,155.781,155.797,155.8208442717956
2025-12-24T15:25:00Z,155.788,155.832,155.778,155.822,885.0,155.813,155.831,155.82099836888952
2025-12-24T15:30:00Z,155.822,155.825,155.758,155.801,852.0,155.793,155.809,155.81833191970426
2025-12-24T15:35:00Z,155.801,155.864,155.801,155.845,1033.0,155.837,155.853,155.8218876637437
2025-12-24T15:40:00Z,155.846,155.871,155.819,155.82,822.0,155.811,155.83,155.82163597524453
2025-12-24T15:45:00Z,155.82,155.873,155.814,155.866,1182.0,155.858,155.875,155.82755117854526
2025-12-24T15:50:00Z,155.866,155.903,155.862,155.874,1094.0,155.867,155.881,155.83374435473922
2025-12-24T15:55:00Z,155.872,155.898,155.789,155.818,1810.0,155.809,155.827,155.83164510744066
2025-12-24T16:00:00Z,155.818,155.828,155.754,155.76,1224.0,155.751,155.769,155.8220924264486
2025-12-24T16:05:00Z,155.76,155.842,155.76,155.838,907.0,155.83,155.846,155.82421343625546
2025-12-24T16:10:00Z,155.839,155.878,155.827,155.876,964.0,155.869,155.884,155.8311183114214
2025-12-24T16:15:00Z,155.876,155.887,155.83,155.866,492.0,155.857,155.875,155.83576920323188
2025-12-24T16:20:00Z,155.866,155.891,155.85,155.885,679.0,155.877,155.893,155.84233330946762
2025-12-24T16:25:00Z,155.884,155.909,155.876,155.896,474.0,155.887,155.905,155.84948886820527
2025-12-24T16:30:00Z,155.896,155.923,155.882,155.886,765.0,155.878,155.893,155.85435701911123
2025-12-24T16:35:00Z,155.885,155.886,155.804,155.808,973.0,155.798,155.817,155.84817608322973
2025-12-24T16:40:00Z,155.808,155.862,155.792,155.857,865.0,155.848,155.866,155.84935260546578
2025-12-24T16:45:00Z,155.858,155.878,155.842,155.851,1058.0,155.844,155.858,155.84957225807034
2025-12-24T16:50:00Z,155.85,155.877,155.838,155.865,424.0,155.857,155.873,155.85162929032762
2025-12-24T16:55:00Z,155.864,155.876,155.817,155.836,668.0,155.827,155.845,155.8495453849506
2025-12-24T17:00:00Z,155.836,155.882,155.826,155.876,692.0,155.867,155.885,155.8530726669572
2025-12-24T17:05:00Z,155.876,155.888,155.852,155.882,623.0,155.872,155.893,155.85692964469624
2025-12-24T17:10:00Z,155.883,155.926,155.876,155.919,602.0,155.91,155.928,155.86520569207008
2025-12-24T17:15:00Z,155.92,155.929,155.91,155.918,283.0,155.909,155.928,155.8722449331274
2025-12-24T17:20:00Z,155.919,155.94,155.904,155.93,370.0,155.92,155.939,155.87994560871041
2025-12-24T17:25:00Z,155.929,155.938,155.907,155.911,361.0,155.901,155.921,155.8840861942157
2025-12-24T17:30:00Z,155.91,155.933,155.906,155.933,392.0,155.924,155.942,155.89060803498694
2025-12-24T17:35:00Z,155.932,155.944,155.922,155.937,582.0,155.928,155.946,155.896793630322
2025-12-24T17:40:00Z,155.938,155.984,155.935,155.967,684.0,155.958,155.976,155.9061544796124
2025-12-24T17:45:00Z,155.966,156.01,155.966,155.992,510.0,155.984,156.0,155.91760054899743
2025-12-24T17:50:00Z,155.992,155.996,155.974,155.98,574.0,155.972,155.989,155.92592047579777
2025-12-24T17:55:00Z,155.98,156.026,155.95,155.972,1326.0,155.963,155.981,155.93206441235807
2025-12-24T18:00:00Z,155.972,156.02,155.968,155.995,381.0,155.985,156.005,155.94045582404368
2025-12-24T18:05:00Z,155.994,156.006,155.964,155.98,891.0,155.971,155.988,155.94572838083786
2025-12-24T18:10:00Z,155.979,155.993,155.957,155.984,1799.0,155.974,155.995,155.9508312633928
2025-12-24T18:15:00Z,155.983,155.987,155.945,155.978,1687.0,155.967,155.988,155.9544537616071
2025-12-24T18:20:00Z,155.978,155.988,155.969,155.978,1047.0,155.968,155.988,155.9575932600595
2025-12-24T18:25:00Z,155.978,155.988,155.976,155.986,428.0,155.977,155.996,155.9613808253849
2025-12-24T18:30:00Z,155.986,155.988,155.978,155.978,238.0,155.97,155.986,155.96359671533358
2025-12-24T18:35:00Z,155.978,155.978,155.969,155.97,63.0,155.962,155.978,155.96445048662244
2025-12-24T18:40:00Z,155.97,155.976,155.964,155.964,332.0,155.956,155.971,155.96439042173947
2025-12-24T18:45:00Z,155.964,155.969,155.964,155.968,271.0,155.96,155.977,155.96487169884088
2025-12-24T18:50:00Z,155.968,155.969,155.964,155.968,387.0,155.96,155.975,155.9652888056621
2025-12-24T18:55:00Z,155.968,155.968,155.965,155.968,195.0,155.96,155.975,155.9656502982405
2025-12-24T19:00:00Z,155.967,155.97,155.964,155.965,93.0,155.956,155.974,155.96556359180843
2025-12-24T19:05:00Z,155.966,155.967,155.963,155.965,170.0,155.956,155.974,155.965488446234
2025-12-24T19:10:00Z,155.964,155.984,155.945,155.976,1334.0,155.964,155.988,155.96688998673613
2025-12-24T19:15:00Z,155.977,155.978,155.952,155.96,939.0,155.949,155.971,155.965971321838
2025-12-24T19:20:00Z,155.961,155.972,155.94,155.956,1131.0,155.942,155.97,155.9646418122596
2025-12-24T19:25:00Z,155.956,155.962,155.942,155.951,440.0,155.937,155.965,155.9628229039583
2025-12-24T19:30:00Z,155.95,155.962,155.942,155.959,203.0,155.946,155.972,155.96231318343055
2025-12-24T19:35:00Z,155.96,155.962,155.836,155.894,803.0,155.874,155.915,155.95320475897316
2025-12-24T19:40:00Z,155.894,155.905,155.877,155.898,185.0,155.873,155.923,155.9458441244434
2025-12-24T19:45:00Z,155.896,155.9,155.884,155.898,59.0,155.873,155.922,155.93946490785095
2025-12-24T19:50:00Z,155.897,155.898,155.882,155.897,61.0,155.873,155.921,155.93380292013748
2025-12-24T19:55:00Z,155.896,155.898,155.876,155.886,38.0,155.863,155.91,155.92742919745248
2025-12-24T20:00:00Z,155.887,155.893,155.876,155.892,47.0,155.871,155.914,155.92270530445882
2025-12-24T20:05:00Z,155.894,155.896,155.877,155.879,74.0,155.838,155.92,155.91687793053097
2025-12-24T20:10:00Z,155.88,155.882,155.876,155.88,47.0,155.838,155.922,155.91196087312684
2025-12-24T20:15:00Z,155.881,155.904,155.881,155.902,180.0,155.87,155.934,155.91063275670993
2025-12-24T20:20:00Z,155.898,155.918,155.872,155.903,639.0,155.863,155.943,155.90961505581527
2025-12-24T20:25:00Z,155.904,155.938,155.892,155.926,630.0,155.905,155.947,155.9117997150399
2025-12-24T20:30:00Z,155.926,155.928,155.923,155.924,26.0,155.9,155.948,155.91342641970127
2025-12-24T20:35:00Z,155.924,155.926,155.922,155.925,30.0,155.905,155.945,155.9149695637411
2025-12-24T20:40:00Z,155.924,155.934,155.922,155.934,21.0,155.917,155.951,155.9175069552423
2025-12-24T20:45:00Z,155.929,155.932,155.922,155.925,26.0,155.905,155.945,155.91850602787665
2025-12-24T20:50:00Z,155.926,155.934,155.925,155.932,70.0,155.918,155.946,155.92030522415976
2025-12-24T20:55:00Z,155.934,155.952,155.928,155.952,201.0,155.937,155.968,155.9245311942718
2025-12-24T21:00:00Z,155.952,155.966,155.928,155.95,361.0,155.928,155.972,155.92792703503557
2025-12-24T21:05:00Z,155.95,155.956,155.947,155.956,40.0,155.935,155.976,155.93167009703083
2025-12-24T21:10:00Z,155.956,155.957,155.948,155.957,43.0,155.935,155.979,155.93504741742672
2025-12-24T21:15:00Z,155.956,155.958,155.948,155.957,17.0,155.935,155.979,155.9379744284365
2025-12-24T21:20:00Z,155.951,155.958,155.948,155.958,26.0,155.937,155.978,155.94064450464495
2025-12-24T21:25:00Z,155.956,155.959,155.948,155.95,45.0,155.922,155.979,155.94189190402562
2025-12-24T21:30:00Z,155.954,155.96,155.898,155.901,385.0,155.86,155.942,155.93643965015553
2025-12-24T21:35:00Z,155.9,155.941,155.89,155.91,214.0,155.862,155.959,155.93291436346814
2025-12-24T21:40:00Z,155.911,155.923,155.868,155.896,56.0,155.846,155.946,155.92799244833907
2025-12-24T21:45:00Z,155.904,155.922,155.888,155.92,103.0,155.87,155.97,155.92692678856054
2025-12-24T21:50:00Z,155.968,155.968,155.919,155.926,112.0,155.876,155.976,155.92680321675246
2025-12-24T21:55:00Z,155.919,155.958,155.917,155.952,118.0,155.908,155.996,155.93016278785214
2025-12-25T22:00:00Z,155.94,155.94,155.94,155.94,1.0,155.89,155.99,155.9314744161385
2025-12-25T22:05:00Z,155.947,155.948,155.86,155.861,53.0,155.844,155.878,155.92207782732004
2025-12-25T22:10:00Z,155.846,155.922,155.846,155.903,11.0,155.853,155.953,155.9195341170107
2025-12-25T22:15:00Z,155.891,155.916,155.891,155.912,7.0,155.862,155.962,155.91852956807594
2025-12-25T22:20:00Z,155.916,155.916,155.916,155.916,1.0,155.866,155.966,155.9181922923325
2025-12-25T22:25:00Z,155.923,155.923,155.923,155.923,1.0,155.873,155.973,155.9188333200215
2025-12-25T22:30:00Z,155.919,155.919,155.919,155.919,1.0,155.869,155.969,155.91885554401864
2025-12-25T22:35:00Z,155.924,155.926,155.91,155.916,24.0,155.866,155.966,155.91847480481616
2025-12-25T22:40:00Z,155.911,155.922,155.906,155.92,33.0,155.87,155.97,155.918678164174
2025-12-25T22:45:00Z,155.914,155.918,155.858,155.873,50.0,155.852,155.894,155.91258774228413
2025-12-25T22:50:00Z,155.874,155.88,155.874,155.876,28.0,155.86,155.891,155.90770937664624
2025-12-25T22:55:00Z,155.878,155.902,155.873,155.896,64.0,155.883,155.91,155.90614812642676
2025-12-25T23:00:00Z,155.896,155.897,155.816,155.816,125.0,155.804,155.828,155.89412837623652
2025-12-25T23:05:00Z,155.82,155.853,155.818,155.828,170.0,155.817,155.838,155.885311259405
2025-12-25T23:10:00Z,155.826,155.846,155.825,155.83,384.0,155.819,155.84,155.87793642481768
2025-12-25T23:15:00Z,155.83,155.856,155.816,155.832,755.0,155.819,155.844,155.87181156817533
2025-12-25T23:20:00Z,155.833,155.846,155.804,155.806,799.0,155.793,155.818,155.86303669241863
2025-12-25T23:25:00Z,155.806,155.81,155.753,155.755,511.0,155.747,155.763,155.84863180009614
2025-12-25T23:30:00Z,155.754,155.927,155.752,155.92,1945.0,155.908,155.933,155.85814756008332
2025-12-25T23:35:00Z,155.919,155.945,155.889,155.938,1148.0,155.929,155.948,155.86879455207222
2025-12-25T23:40:00Z,155.939,155.958,155.911,155.92,1851.0,155.909,155.93,155.87562194512927
2025-12-25T23:45:00Z,155.92,155.995,155.92,155.99,1376.0,155.98,156.0,155.89087235244537
2025-12-25T23:50:00Z,155.991,156.08,155.982,156.066,972.0,156.055,156.076,155.91422270545266
2025-12-25T23:55:00Z,156.066,156.132,156.059,156.108,956.0,156.099,156.117,155.940059678059
2025-12-26T00:00:00Z,156.108,156.236,156.106,156.193,1921.0,156.183,156.203,155.9737850543178
2025-12-26T00:05:00Z,156.194,156.274,156.191,156.242,1266.0,156.233,156.252,156.00954704707544
2025-12-26T00:10:00Z,156.244,156.249,156.178,156.198,775.0,156.188,156.208,156.03467410746538
2025-12-26T00:15:00Z,156.202,156.234,156.179,156.216,735.0,156.205,156.227,156.05885089313668
2025-12-26T00:20:00Z,156.216,156.244,156.184,156.186,948.0,156.175,156.196,156.07580410738512
2025-12-26T00:25:00Z,156.187,156.19,156.132,156.169,916.0,156.159,156.179,156.08823022640044
2025-12-26T00:30:00Z,156.168,156.224,156.168,156.212,892.0,156.203,156.22,156.10473286288038
2025-12-26T00:35:00Z,156.212,156.246,156.211,156.234,714.0,156.227,156.242,156.121968481163
2025-12-26T00:40:00Z,156.235,156.256,156.214,156.225,602.0,156.216,156.234,156.13570601700795
2025-12-26T00:45:00Z,156.227,156.31,156.226,156.293,924.0,156.285,156.301,156.15667854807356
2025-12-26T00:50:00Z,156.292,156.436,156.292,156.431,2377.0,156.421,156.441,156.19325474166376
2025-12-26T00:55:00Z,156.428,156.492,156.376,156.411,2371.0,156.402,156.42,156.22228744277527
2025-12-26T01:00:00Z,156.412,156.444,156.388,156.392,1081.0,156.381,156.402,156.24491578373858
2025-12-26T01:05:00Z,156.392,156.392,156.304,156.332,1140.0,156.323,156.34,156.25652701257343
2025-12-26T01:10:00Z,156.334,156.399,156.332,156.376,766.0,156.368,156.384,156.2724567442303
2025-12-26T01:15:00Z,156.376,156.378,156.289,156.294,1145.0,156.285,156.304,156.27532917833295
2025-12-26T01:20:00Z,156.294,156.296,156.232,156.258,920.0,156.249,156.268,156.2730186212219
2025-12-26T01:25:00Z,156.258,156.262,156.208,156.238,702.0,156.228,156.248,156.26834947172566
2025-12-26T01:30:00Z,156.24,156.24,156.168,156.225,787.0,156.218,156.232,156.26256954216223
2025-12-26T01:35:00Z,156.224,156.261,156.2,156.26,709.0,156.25,156.269,156.2622269365406
2025-12-26T01:40:00Z,156.259,156.296,156.247,156.293,829.0,156.285,156.301,156.26633001166851
2025-12-26T01:45:00Z,156.292,156.33,156.273,156.328,539.0,156.319,156.337,156.2745526767794
2025-12-26T01:50:00Z,156.328,156.336,156.282,156.288,440.0,156.279,156.298,156.2763456532088
2025-12-26T01:55:00Z,156.289,156.303,156.277,156.284,364.0,156.275,156.294,156.27736623278096
2025-12-26T02:00:00Z,156.284,156.304,156.251,156.252,1052.0,156.243,156.262,156.2739840684102
2025-12-26T02:05:00Z,156.251,156.256,156.224,156.241,709.0,156.231,156.251,156.26958619262217
2025-12-26T02:10:00Z,156.244,156.246,156.171,156.199,700.0,156.189,156.209,156.26017470027256
2025-12-26T02:15:00Z,156.2,156.23,156.192,156.224,289.0,156.214,156.235,156.2553514069029
2025-12-26T02:20:00Z,156.225,156.288,156.224,156.284,498.0,156.274,156.294,156.25917121931585
2025-12-26T02:25:00Z,156.285,156.31,156.252,156.272,575.0,156.262,156.282,156.26088172340707
2025-12-26T02:30:00Z,156.274,156.278,156.244,156.244,400.0,156.235,156.254,156.2586308269528
2025-12-26T02:35:00Z,156.242,156.258,156.171,156.256,924.0,156.249,156.264,156.25828005002577
2025-12-26T02:40:00Z,156.256,156.278,156.224,156.272,753.0,156.263,156.28,156.260109376689
2025-12-26T02:45:00Z,156.27,156.272,156.232,156.254,630.0,156.245,156.264,156.25929479313046
2025-12-26T02:50:00Z,156.251,156.259,156.23,156.245,477.0,156.235,156.255,156.2573888207131
2025-12-26T02:55:00Z,156.244,156.266,156.202,156.226,680.0,156.215,156.236,156.25320364461803
2025-12-26T03:00:00Z,156.226,156.236,156.208,156.23,378.0,156.22,156.241,156.2501098253356
2025-12-26T03:05:00Z,156.228,156.233,156.205,156.222,396.0,156.214,156.231,156.2463618486242
2025-12-26T03:10:00Z,156.223,156.232,156.182,156.225,449.0,156.217,156.233,156.24351360214098
2025-12-26T03:15:00Z,156.224,156.257,156.218,156.228,607.0,156.22,156.237,156.24144512185552
2025-12-26T03:20:00Z,156.229,156.244,156.209,156.227,445.0,156.219,156.235,156.2395191056081
2025-12-26T03:25:00Z,156.227,156.244,156.217,156.226,506.0,156.217,156.235,156.2377165581937
2025-12-26T03:30:00Z,156.224,156.237,156.184,156.229,613.0,156.218,156.24,156.23655435043455
2025-12-26T03:35:00Z,156.228,156.238,156.218,156.226,392.0,156.217,156.235,156.23514710370995
2025-12-26T03:40:00Z,156.226,156.234,156.188,156.201,421.0,156.192,156.21,156.23059415654862
2025-12-26T03:45:00Z,156.2,156.214,156.167,156.174,475.0,156.167,156.182,156.2230482690088
2025-12-26T03:50:00Z,156.176,156.176,156.111,156.141,695.0,156.132,156.15,156.21210849980764
2025-12-26T03:55:00Z,156.144,156.15,156.046,156.056,1117.0,156.047,156.065,156.19129403316663
2025-12-26T04:00:00Z,156.056,156.068,155.988,156.042,1184.0,156.033,156.052,156.17138816207773
2025-12-26T04:05:00Z,156.042,156.076,156.02,156.062,627.0,156.053,156.071,156.15680307380072
2025-12-26T04:10:00Z,156.062,156.092,156.05,156.056,647.0,156.048,156.064,156.14336266396063
2025-12-26T04:15:00Z,156.056,156.141,156.054,156.138,683.0,156.128,156.148,156.1426476420992
2025-12-26T04:20:00Z,156.14,156.15,156.121,156.121,450.0,156.112,156.13,156.13976128981932
2025-12-26T04:25:00Z,156.12,156.154,156.102,156.154,369.0,156.145,156.163,156.14165978451007
2025-12-26T04:30:00Z,156.155,156.191,156.112,156.112,757.0,156.102,156.122,156.1377051465754
2025-12-26T04:35:00Z,156.111,156.111,156.047,156.067,559.0,156.058,156.076,156.1282777936987
2025-12-26T04:40:00Z,156.068,156.126,156.063,156.122,732.0,156.112,156.133,156.12744075453887
2025-12-26T04:45:00Z,156.122,156.164,156.115,156.136,680.0,156.128,156.145,156.128581987267
2025-12-26T04:50:00Z,156.137,156.158,156.128,156.15,521.0,156.14,156.159,156.13143772229807
2025-12-26T04:55:00Z,156.148,156.169,156.148,156.167,399.0,156.157,156.177,156.136179359325
2025-12-26T05:00:00Z,156.166,156.177,156.154,156.156,406.0,156.147,156.166,156.138822111415
2025-12-26T05:05:00Z,156.156,156.162,156.116,156.127,479.0,156.119,156.135,156.137245829893
2025-12-26T05:10:00Z,156.127,156.156,156.092,156.147,556.0,156.138,156.156,156.13854638590726
2025-12-26T05:15:00Z,156.146,156.232,156.135,156.218,705.0,156.208,156.228,156.14914020111962
2025-12-26T05:20:00Z,156.216,156.282,156.216,156.267,960.0,156.259,156.275,156.16485484097035
2025-12-26T05:25:00Z,156.268,156.27,156.226,156.242,429.0,156.233,156.252,156.17514086217432
2025-12-26T05:30:00Z,156.244,156.284,156.236,156.246,673.0,156.239,156.254,156.18458874721776
2025-12-26T05:35:00Z,156.247,156.264,156.229,156.243,453.0,156.234,156.252,156.1923769142554
2025-12-26T05:40:00Z,156.242,156.272,156.234,156.268,581.0,156.259,156.278,156.20245999235468
2025-12-26T05:45:00Z,156.269,156.284,156.227,156.227,559.0,156.218,156.236,156.20573199337406
2025-12-26T05:50:00Z,156.228,156.245,156.196,156.2,593.0,156.19,156.21,156.20496772759086
2025-12-26T05:55:00Z,156.199,156.212,156.176,156.206,615.0,156.198,156.214,156.20510536391208
2025-12-26T06:00:00Z,156.206,156.207,156.15,156.181,798.0,156.172,156.19,156.20189131539047
2025-12-26T06:05:00Z,156.182,156.182,156.092,156.136,684.0,156.127,156.146,156.19310580667175
2025-12-26T06:10:00Z,156.136,156.186,156.124,156.154,469.0,156.143,156.164,156.1878916991155
2025-12-26T06:15:00Z,156.153,156.235,156.142,156.233,429.0,156.223,156.243,156.19390613923346
2025-12-26T06:20:00Z,156.232,156.236,156.205,156.218,317.0,156.208,156.228,156.19711865400234
2025-12-26T06:25:00Z,156.218,156.234,156.207,156.231,446.0,156.221,156.241,156.20163616680202
2025-12-26T06:30:00Z,156.232,156.254,156.219,156.254,622.0,156.244,156.263,156.20861801122842
2025-12-26T06:35:00Z,156.254,156.284,156.218,156.238,847.0,156.228,156.249,156.2125356097313
2025-12-26T06:40:00Z,156.239,156.272,156.238,156.264,741.0,156.256,156.272,156.2193975284338
2025-12-26T06:45:00Z,156.261,156.29,156.244,156.256,760.0,156.247,156.264,156.22427785797598
2025-12-26T06:50:00Z,156.258,156.312,156.255,156.31,596.0,156.303,156.318,156.23570747691252
2025-12-26T06:55:00Z,156.314,156.32,156.271,156.284,803.0,156.275,156.292,156.24214647999085
2025-12-26T07:00:00Z,156.284,156.317,156.274,156.276,711.0,156.269,156.284,156.24666028265875
2025-12-26T07:05:00Z,156.277,156.292,156.262,156.266,425.0,156.259,156.273,156.24923891163758
2025-12-26T07:10:00Z,156.266,156.271,156.242,156.25,313.0,156.244,156.257,156.2493403900859
2025-12-26T07:15:00Z,156.248,156.28,156.247,156.278,496.0,156.271,156.286,156.25316167140778
2025-12-26T07:20:00Z,156.277,156.278,156.229,156.243,511.0,156.237,156.249,156.25180678188676
2025-12-26T07:25:00Z,156.242,156.266,156.218,156.23,667.0,156.221,156.239,156.24889921096852
2025-12-26T07:30:00Z,156.23,156.309,156.225,156.302,796.0,156.292,156.312,156.25597931617273
2025-12-26T07:35:00Z,156.306,156.376,156.292,156.365,723.0,156.355,156.375,156.2705154073497
2025-12-26T07:40:00Z,156.364,156.384,156.337,156.38,884.0,156.37,156.389,156.28511335303642
2025-12-26T07:45:00Z,156.379,156.398,156.365,156.37,723.0,156.36,156.38,156.29643157263158
2025-12-26T07:50:00Z,156.372,156.436,156.342,156.414,913.0,156.404,156.424,156.31210736294736
2025-12-26T07:55:00Z,156.414,156.446,156.37,156.374,1224.0,156.364,156.383,156.32035971455437
2025-12-26T08:00:00Z,156.374,156.45,156.344,156.406,1195.0,156.397,156.415,156.33177841928045
2025-12-26T08:05:00Z,156.405,156.431,156.39,156.414,888.0,156.405,156.422,156.34274129670973
2025-12-26T08:10:00Z,156.416,156.439,156.406,156.423,777.0,156.414,156.432,156.35344245714845
2025-12-26T08:15:00Z,156.421,156.432,156.346,156.366,750.0,156.357,156.376,156.35511679619532
2025-12-26T08:20:00Z,156.368,156.374,156.3,156.319,652.0,156.308,156.33,156.35030122336929
2025-12-26T08:25:00Z,156.32,156.372,156.318,156.368,691.0,156.358,156.379,156.35266106025338
2025-12-26T08:30:00Z,156.369,156.373,156.314,156.333,754.0,156.324,156.342,156.35003958555293
2025-12-26T08:35:00Z,156.334,156.348,156.324,156.33,412.0,156.32,156.339,156.34736764081254
2025-12-26T08:40:00Z,156.33,156.397,156.329,156.392,643.0,156.383,156.402,156.35331862203753
2025-12-26T08:45:00Z,156.388,156.388,156.314,156.326,691.0,156.316,156.337,156.3496761390992
2025-12-26T08:50:00Z,156.326,156.349,156.32,156.334,618.0,156.325,156.344,156.3475859872193
2025-12-26T08:55:00Z,156.335,156.372,156.322,156.336,873.0,156.326,156.345,156.3460411889234
2025-12-26T09:00:00Z,156.337,156.362,156.317,156.352,747.0,156.342,156.363,156.34683569706695
2025-12-26T09:05:00Z,156.354,156.437,156.348,156.434,611.0,156.423,156.444,156.35845760412468
2025-12-26T09:10:00Z,156.422,156.44,156.408,156.415,687.0,156.407,156.423,156.3659965902414
2025-12-26T09:15:00Z,156.416,156.438,156.406,156.43,453.0,156.421,156.44,156.37453037820922
2025-12-26T09:20:00Z,156.43,156.468,156.417,156.452,559.0,156.44,156.464,156.38485966111466
2025-12-26T09:25:00Z,156.452,156.453,156.415,156.416,434.0,156.406,156.426,156.38901170629939
2025-12-26T09:30:00Z,156.417,156.445,156.414,156.43,580.0,156.418,156.442,156.39447681212613
2025-12-26T09:35:00Z,156.43,156.452,156.424,156.427,474.0,156.417,156.437,156.39881323717597
2025-12-26T09:40:00Z,156.43,156.46,156.43,156.448,483.0,156.44,156.455,156.40537147221917
2025-12-26T09:45:00Z,156.448,156.452,156.421,156.44,394.0,156.429,156.45,156.40998860925663
2025-12-26T09:50:00Z,156.44,156.448,156.418,156.446,507.0,156.438,156.455,156.41479012802242
2025-12-26T09:55:00Z,156.447,156.474,156.436,156.462,597.0,156.454,156.469,156.42108477761943
2025-12-26T10:00:00Z,156.464,156.47,156.44,156.444,480.0,156.435,156.454,156.4241401406035
2025-12-26T10:05:00Z,156.443,156.444,156.412,156.426,479.0,156.419,156.434,156.42438812185637
2025-12-26T10:10:00Z,156.424,156.427,156.399,156.402,460.0,156.391,156.412,156.42140303894217
2025-12-26T10:15:00Z,156.402,156.404,156.362,156.37,558.0,156.362,156.377,156.41454930041655
2025-12-26T10:20:00Z,156.368,156.42,156.368,156.392,618.0,156.384,156.399,156.4115427270277
2025-12-26T10:25:00Z,156.391,156.422,156.367,156.42,569.0,156.411,156.43,156.412670363424
2025-12-26T10:30:00Z,156.42,156.421,156.386,156.407,428.0,156.396,156.418,156.41191431496748
2025-12-26T10:35:00Z,156.41,156.422,156.395,156.406,592.0,156.396,156.416,156.4111257396385
2025-12-26T10:40:00Z,156.406,156.414,156.398,156.41,422.0,156.399,156.422,156.41097564102003
2025-12-26T10:45:00Z,156.411,156.411,156.39,156.392,743.0,156.383,156.401,156.40844555555068
2025-12-26T10:50:00Z,156.392,156.407,156.376,156.378,394.0,156.37,156.386,156.40438614814394
2025-12-26T10:55:00Z,156.38,156.402,156.375,156.402,387.0,156.392,156.412,156.40406799505809
2025-12-26T11:00:00Z,156.402,156.402,156.378,156.389,406.0,156.378,156.4,156.40205892905036
2025-12-26T11:05:00Z,156.39,156.413,156.388,156.402,489.0,156.392,156.412,156.40205107184363
2025-12-26T11:10:00Z,156.402,156.424,156.39,156.396,496.0,156.387,156.405,156.40124426226447
2025-12-26T11:15:00Z,156.396,156.404,156.387,156.4,761.0,156.392,156.409,156.4010783606292
2025-12-26T11:20:00Z,156.401,156.402,156.337,156.339,610.0,156.329,156.349,156.39280124587864
2025-12-26T11:25:00Z,156.338,156.376,156.324,156.376,644.0,156.368,156.384,156.39056107976148
2025-12-26T11:30:00Z,156.376,156.376,156.331,156.352,748.0,156.343,156.36,156.38541960245996
2025-12-26T11:35:00Z,156.35,156.379,156.34,156.364,574.0,156.353,156.375,156.3825636554653
2025-12-26T11:40:00Z,156.364,156.365,156.344,156.359,471.0,156.348,156.37,156.3794218347366
2025-12-26T11:45:00Z,156.356,156.391,156.338,156.39,604.0,156.38,156.4,156.38083225677173
2025-12-26T11:50:00Z,156.39,156.404,156.37,156.374,581.0,156.363,156.384,156.37992128920217
2025-12-26T11:55:00Z,156.376,156.406,156.37,156.404,481.0,156.395,156.412,156.38313178397522
2025-12-26T12:00:00Z,156.403,156.452,156.396,156.448,644.0,156.441,156.454,156.3917808794452
2025-12-26T12:05:00Z,156.446,156.453,156.426,156.44,761.0,156.431,156.45,156.39821009551918
2025-12-26T12:10:00Z,156.439,156.463,156.436,156.456,536.0,156.45,156.463,156.4059154161166
2025-12-26T12:15:00Z,156.456,156.464,156.438,156.46,583.0,156.451,156.47,156.41312669396774
2025-12-26T12:20:00Z,156.461,156.49,156.46,156.464,619.0,156.455,156.473,156.4199098014387
2025-12-26T12:25:00Z,156.466,156.477,156.448,156.462,421.0,156.453,156.472,156.42552182791354
2025-12-26T12:30:00Z,156.462,156.464,156.434,156.442,380.0,156.433,156.45,156.42771891752508
2025-12-26T12:35:00Z,156.443,156.444,156.414,156.416,294.0,156.407,156.424,156.4261563951884
2025-12-26T12:40:00Z,156.417,156.434,156.4,156.409,530.0,156.398,156.42,156.42386887582995
2025-12-26T12:45:00Z,156.412,156.447,156.398,156.434,595.0,156.425,156.442,156.42521969238595
2025-12-26T12:50:00Z,156.434,156.455,156.428,156.445,650.0,156.436,156.454,156.4278570667345
2025-12-26T12:55:00Z,156.444,156.45,156.406,156.42,593.0,156.411,156.428,156.42680945783658
2025-12-26T13:00:00Z,156.417,156.444,156.387,156.422,1033.0,156.414,156.431,156.4261681967917
2025-12-26T13:05:00Z,156.423,156.425,156.282,156.33,1744.0,156.321,156.339,156.4133457705528
2025-12-26T13:10:00Z,156.33,156.376,156.33,156.363,947.0,156.355,156.371,156.40663300114576
2025-12-26T13:15:00Z,156.362,156.362,156.319,156.342,622.0,156.332,156.352,156.39801526765967
2025-12-26T13:20:00Z,156.342,156.371,156.33,156.332,885.0,156.322,156.343,156.38921323197172
2025-12-26T13:25:00Z,156.332,156.336,156.29,156.29,727.0,156.279,156.3,156.37598480104216
2025-12-26T13:30:00Z,156.289,156.304,156.262,156.302,929.0,156.293,156.311,156.36612016090322
2025-12-26T13:35:00Z,156.302,156.302,156.262,156.288,967.0,156.278,156.297,156.35570413944947
2025-12-26T13:40:00Z,156.287,156.298,156.244,156.276,847.0,156.267,156.285,156.3450769208562
2025-12-26T13:45:00Z,156.274,156.295,156.228,156.288,999.0,156.279,156.298,156.33746666474204
2025-12-26T13:50:00Z,156.285,156.338,156.284,156.316,1183.0,156.31,156.323,156.33460444277642
2025-12-26T13:55:00Z,156.317,156.347,156.312,156.324,915.0,156.315,156.333,156.33319051707292
2025-12-26T14:00:00Z,156.324,156.324,156.276,156.289,823.0,156.281,156.297,156.32729844812988
2025-12-26T14:05:00Z,156.29,156.339,156.29,156.319,791.0,156.311,156.327,156.32619198837924
2025-12-26T14:10:00Z,156.32,156.334,156.29,156.298,876.0,156.288,156.308,156.32243305659534
2025-12-26T14:15:00Z,156.3,156.33,156.298,156.322,563.0,156.312,156.332,156.32237531571596
2025-12-26T14:20:00Z,156.322,156.365,156.314,156.353,610.0,156.345,156.361,156.32645860695385
2025-12-26T14:25:00Z,156.352,156.363,156.32,156.354,587.0,156.343,156.364,156.33013079269335
2025-12-26T14:30:00Z,156.355,156.382,156.348,156.36,1124.0,156.351,156.37,156.3341133536676
2025-12-26T14:35:00Z,156.36,156.372,156.332,156.37,770.0,156.363,156.377,156.33889823984524
2025-12-26T14:40:00Z,156.368,156.426,156.352,156.424,870.0,156.414,156.433,156.35024514119922
2025-12-26T14:45:00Z,156.422,156.482,156.406,156.468,1172.0,156.462,156.475,156.36594578903933
2025-12-26T14:50:00Z,156.469,156.48,156.452,156.474,1362.0,156.466,156.483,156.38035301716744
2025-12-26T14:55:00Z,156.476,156.486,156.438,156.454,1349.0,156.444,156.464,156.39017261487845
2025-12-26T15:00:00Z,156.454,156.456,156.347,156.361,1242.0,156.351,156.371,156.38628293289466
2025-12-26T15:05:00Z,156.36,156.374,156.312,156.348,969.0,156.338,156.357,156.38117854184205
2025-12-26T15:10:00Z,156.348,156.37,156.343,156.364,524.0,156.355,156.373,156.37888806959646
2025-12-26T15:15:00Z,156.366,156.374,156.35,156.362,636.0,156.355,156.37,156.3766363269836
2025-12-26T15:20:00Z,156.362,156.385,156.334,156.375,701.0,156.366,156.384,156.37641815005247
2025-12-26T15:25:00Z,156.378,156.394,156.354,156.375,870.0,156.364,156.386,156.37622906337882
2025-12-26T15:30:00Z,156.374,156.412,156.368,156.406,852.0,156.397,156.414,156.380198521595
2025-12-26T15:35:00Z,156.405,156.426,156.389,156.408,645.0,156.401,156.416,156.38390538538232
2025-12-26T15:40:00Z,156.408,156.45,156.408,156.436,615.0,156.427,156.445,156.39085133399803
2025-12-26T15:45:00Z,156.436,156.446,156.43,156.436,661.0,156.426,156.446,156.39687115613162
2025-12-26T15:50:00Z,156.436,156.484,156.408,156.48,1117.0,156.472,156.487,156.40795500198075
2025-12-26T15:55:00Z,156.48,156.536,156.406,156.426,2394.0,156.418,156.434,156.41036100171667
2025-12-26T16:00:00Z,156.426,156.438,156.37,156.426,1762.0,156.417,156.435,156.41244620148777
2025-12-26T16:05:00Z,156.428,156.515,156.416,156.513,1605.0,156.504,156.522,156.42585337462273
2025-12-26T16:10:00Z,156.514,156.544,156.484,156.54,1432.0,156.53,156.549,156.44107292467305
2025-12-26T16:15:00Z,156.54,156.588,156.537,156.541,1709.0,156.531,156.551,156.45439653471664
2025-12-26T16:20:00Z,156.542,156.635,156.523,156.612,1141.0,156.603,156.622,156.47541033008775
2025-12-26T16:25:00Z,156.613,156.643,156.61,156.638,597.0,156.63,156.647,156.49708895274273
2025-12-26T16:30:00Z,156.64,156.656,156.606,156.622,1236.0,156.612,156.633,156.5137437590437
2025-12-26T16:35:00Z,156.622,156.643,156.61,156.624,519.0,156.614,156.634,156.52844459117122
2025-12-26T16:40:00Z,156.624,156.636,156.618,156.622,590.0,156.612,156.633,156.54091864568173
2025-12-26T16:45:00Z,156.622,156.626,156.608,156.622,424.0,156.612,156.632,156.55172949292418
2025-12-26T16:50:00Z,156.622,156.656,156.621,156.638,757.0,156.629,156.648,156.56323222720096
2025-12-26T16:55:00Z,156.638,156.647,156.628,156.636,728.0,156.625,156.646,156.5729345969075
2025-12-26T17:00:00Z,156.636,156.648,156.612,156.636,897.0,156.628,156.645,156.58134331731983
2025-12-26T17:05:00Z,156.636,156.636,156.61,156.621,918.0,156.61,156.632,156.58663087501054
2025-12-26T17:10:00Z,156.622,156.64,156.616,156.633,704.0,156.626,156.64,156.59281342500913
2025-12-26T17:15:00Z,156.634,156.648,156.622,156.634,1048.0,156.625,156.643,156.59830496834124
2025-12-26T17:20:00Z,156.633,156.658,156.608,156.615,766.0,156.607,156.623,156.6005309725624
2025-12-26T17:25:00Z,156.614,156.653,156.61,156.649,770.0,156.639,156.659,156.6069935095541
2025-12-26T17:30:00Z,156.65,156.73,156.638,156.714,1047.0,156.706,156.723,156.62126104161354
2025-12-26T17:35:00Z,156.714,156.726,156.63,156.638,1028.0,156.628,156.648,156.62349290273173
2025-12-26T17:40:00Z,156.638,156.649,156.588,156.59,1016.0,156.581,156.6,156.6190271823675
2025-12-26T17:45:00Z,156.592,156.607,156.578,156.602,840.0,156.59,156.614,156.61675689138517
2025-12-26T17:50:00Z,156.6,156.618,156.59,156.606,1171.0,156.595,156.617,156.61532263920049
2025-12-26T17:55:00Z,156.606,156.611,156.555,156.571,1094.0,156.559,156.583,156.60941295397376
2025-12-26T18:00:00Z,156.57,156.571,156.522,156.533,846.0,156.521,156.545,156.5992245601106
2025-12-26T18:05:00Z,156.534,156.565,156.514,156.563,893.0,156.554,156.572,156.59439461876252
2025-12-26T18:10:00Z,156.564,156.588,156.562,156.586,564.0,156.577,156.596,156.59327533626086
2025-12-26T18:15:00Z,156.585,156.589,156.56,156.586,619.0,156.576,156.596,156.59230529142607
2025-12-26T18:20:00Z,156.586,156.587,156.562,156.564,875.0,156.555,156.574,156.58853125256925
2025-12-26T18:25:00Z,156.57,156.574,156.538,156.556,485.0,156.546,156.565,156.5841937522267
2025-12-26T18:30:00Z,156.556,156.558,156.511,156.513,1193.0,156.505,156.521,156.5747012519298
2025-12-26T18:35:00Z,156.512,156.52,156.478,156.488,993.0,156.478,156.499,156.56314108500584
2025-12-26T18:40:00Z,156.487,156.496,156.439,156.466,661.0,156.456,156.477,156.5501889403384
2025-12-26T18:45:00Z,156.466,156.496,156.462,156.494,556.0,156.484,156.504,156.5426970816266
2025-12-26T18:50:00Z,156.494,156.53,156.493,156.5,661.0,156.493,156.508,156.53700413740972
2025-12-26T18:55:00Z,156.502,156.547,156.502,156.546,1564.0,156.536,156.555,156.5382035857551
2025-12-26T19:00:00Z,156.545,156.584,156.541,156.55,1728.0,156.542,156.559,156.53977644098777
2025-12-26T19:05:00Z,156.551,156.58,156.536,156.574,1333.0,156.565,156.583,156.5443395821894
2025-12-26T19:10:00Z,156.575,156.596,156.573,156.576,739.0,156.567,156.584,156.5485609712308
2025-12-26T19:15:00Z,156.576,156.592,156.538,156.551,507.0,156.541,156.561,156.5488861750667
2025-12-26T19:20:00Z,156.55,156.572,156.538,156.565,594.0,156.556,156.574,156.55103468505783
2025-12-26T19:25:00Z,156.564,156.576,156.557,156.565,661.0,156.555,156.575,156.55289672705013
2025-12-26T19:30:00Z,156.566,156.58,156.56,156.566,465.0,156.557,156.575,156.5546438301101
2025-12-26T19:35:00Z,156.564,156.58,156.564,156.57,519.0,156.562,156.578,156.55669131942875
2025-12-26T19:40:00Z,156.57,156.576,156.535,156.542,575.0,156.533,156.552,156.55473247683827
2025-12-26T19:45:00Z,156.541,156.552,156.522,156.542,510.0,156.533,156.552,156.55303481325984
2025-12-26T19:50:00Z,156.543,156.555,156.528,156.552,721.0,156.543,156.56,156.55289683815855
2025-12-26T19:55:00Z,156.55,156.55,156.504,156.505,802.0,156.496,156.514,156.54651059307074
2025-12-26T20:00:00Z,156.504,156.504,156.445,156.477,1089.0,156.467,156.487,156.53724251399464
2025-12-26T20:05:00Z,156.476,156.492,156.466,156.486,465.0,156.476,156.496,156.53041017879536
2025-12-26T20:10:00Z,156.486,156.502,156.48,156.493,410.0,156.482,156.504,156.52542215495598
2025-12-26T20:15:00Z,156.494,156.514,156.483,156.508,349.0,156.498,156.518,156.52309920096184
2025-12-26T20:20:00Z,156.506,156.528,156.505,156.52,290.0,156.51,156.531,156.52268597416693
2025-12-26T20:25:00Z,156.52,156.528,156.505,156.518,315.0,156.507,156.529,156.52206117761133
2025-12-26T20:30:00Z,156.518,156.524,156.517,156.522,221.0,156.514,156.53,156.5220530205965
2025-12-26T20:35:00Z,156.522,156.522,156.494,156.498,310.0,156.487,156.508,156.51884595118364
2025-12-26T20:40:00Z,156.498,156.504,156.478,156.49,444.0,156.48,156.499,156.51499982435917
2025-12-26T20:45:00Z,156.491,156.534,156.491,156.508,328.0,156.498,156.519,156.5140665144446
2025-12-26T20:50:00Z,156.508,156.518,156.48,156.51,582.0,156.5,156.52,156.51352431251865
2025-12-26T20:55:00Z,156.51,156.522,156.488,156.496,907.0,156.487,156.506,156.51118773751617
2025-12-26T21:00:00Z,156.497,156.53,156.492,156.517,318.0,156.506,156.528,156.51196270584734
2025-12-26T21:05:00Z,156.516,156.542,156.516,156.54,154.0,156.533,156.546,156.51570101173436
2025-12-26T21:10:00Z,156.54,156.544,156.525,156.532,199.0,156.521,156.543,156.5178742101698
2025-12-26T21:15:00Z,156.529,156.539,156.525,156.538,102.0,156.527,156.549,156.52055764881382
2025-12-26T21:20:00Z,156.536,156.553,156.534,156.544,174.0,156.534,156.555,156.52368329563865
2025-12-26T21:25:00Z,156.545,156.556,156.532,156.556,343.0,156.547,156.566,156.5279921895535
2025-12-26T21:30:00Z,156.557,156.582,156.552,156.556,276.0,156.542,156.571,156.5317265642797
2025-12-26T21:35:00Z,156.557,156.583,156.556,156.564,303.0,156.552,156.576,156.5360296890424
2025-12-26T21:40:00Z,156.564,156.6,156.558,156.565,429.0,156.559,156.571,156.5398923971701
2025-12-26T21:45:00Z,156.566,156.591,156.536,156.579,839.0,156.565,156.593,156.54510674421408
2025-12-26T21:50:00Z,156.584,156.61,156.584,156.6,1782.0,156.587,156.614,156.55242584498555
2025-12-26T21:55:00Z,156.601,156.601,156.552,156.569,623.0,156.519,156.619,156.5546357323208
2025-12-28T22:00:00Z,156.526,156.526,156.503,156.503,2.0,156.453,156.553,156.54775096801137
2025-12-28T22:05:00Z,156.515,156.577,156.498,156.54,51.0,156.49,156.59,156.54671750560985
2025-12-28T22:10:00Z,156.557,156.56,156.501,156.529,476.0,156.479,156.579,156.54435517152854
2025-12-28T22:15:00Z,156.536,156.553,156.523,156.535,22.0,156.485,156.585,156.54310781532473
2025-12-28T22:20:00Z,156.54,156.565,156.533,156.548,42.0,156.498,156.598,156.54376010661477
2025-12-28T22:25:00Z,156.552,156.569,156.537,156.563,13.0,156.513,156.613,156.54632542573282
2025-12-28T22:30:00Z,156.551,156.57,156.52,156.529,924.0,156.497,156.561,156.54401536896845
2025-12-28T22:35:00Z,156.523,156.534,156.5,156.504,472.0,156.471,156.536,156.53867998643932
2025-12-28T22:40:00Z,156.504,156.522,156.496,156.509,2086.0,156.475,156.543,156.53472265491408
2025-12-28T22:45:00Z,156.509,156.548,156.488,156.534,1301.0,156.489,156.579,156.53462630092554
2025-12-28T22:50:00Z,156.542,156.556,156.517,156.544,1825.0,156.504,156.585,156.5358761274688
2025-12-28T22:55:00Z,156.544,156.548,156.495,156.5,375.0,156.45,156.55,156.53109264380632
2025-12-28T23:00:00Z,156.505,156.542,156.495,156.514,276.0,156.467,156.561,156.52881362463214
2025-12-28T23:05:00Z,156.514,156.537,156.47,156.484,279.0,156.47,156.499,156.52283847468118
2025-12-28T23:10:00Z,156.484,156.484,156.452,156.456,222.0,156.447,156.465,156.51392667805703
2025-12-28T23:15:00Z,156.456,156.466,156.422,156.434,329.0,156.426,156.441,156.50326978764943
2025-12-28T23:20:00Z,156.433,156.438,156.41,156.416,226.0,156.408,156.424,156.49163381596284
2025-12-28T23:25:00Z,156.416,156.42,156.41,156.419,153.0,156.412,156.426,156.4819493071678
2025-12-28T23:30:00Z,156.418,156.496,156.417,156.496,236.0,156.488,156.503,156.48382273287876
2025-12-28T23:35:00Z,156.5,156.52,156.482,156.52,197.0,156.511,156.528,156.48864636849493
2025-12-28T23:40:00Z,156.521,156.527,156.494,156.495,186.0,156.486,156.504,156.48949351936227
2025-12-28T23:45:00Z,156.496,156.496,156.434,156.452,390.0,156.444,156.461,156.4844943834473
2025-12-28T23:50:00Z,156.452,156.474,156.406,156.449,393.0,156.44,156.458,156.47976179898765
2025-12-28T23:55:00Z,156.45,156.488,156.446,156.485,503.0,156.476,156.494,156.4804602257893
2025-12-29T00:00:00Z,156.483,156.483,156.21,156.212,2075.0,156.204,156.22,156.44466552901739
2025-12-29T00:05:00Z,156.212,156.215,156.062,156.087,1729.0,156.079,156.095,156.39697679181506
2025-12-29T00:10:00Z,156.088,156.14,156.056,156.12,1275.0,156.111,156.13,156.3600465529064
2025-12-29T00:15:00Z,156.12,156.204,156.098,156.176,898.0,156.167,156.186,156.3355070125189
2025-12-29T00:20:00Z,156.176,156.251,156.176,156.206,1098.0,156.198,156.215,156.3182394108497
2025-12-29T00:25:00Z,156.207,156.208,156.1,156.152,1305.0,156.144,156.161,156.29607415606975
2025-12-29T00:30:00Z,156.151,156.165,156.08,156.129,1000.0,156.12,156.138,156.27379760192713
2025-12-29T00:35:00Z,156.13,156.159,156.094,156.139,1074.0,156.13,156.148,156.25582458833685
2025-12-29T00:40:00Z,156.138,156.167,156.1,156.134,1057.0,156.125,156.144,156.23958130989195
2025-12-29T00:45:00Z,156.136,156.22,156.114,156.214,1010.0,156.204,156.223,156.23617046857302
2025-12-29T00:50:00Z,156.213,156.327,156.203,156.304,2360.0,156.294,156.314,156.24521440609664
2025-12-29T00:55:00Z,156.304,156.333,156.249,156.28,1663.0,156.272,156.287,156.24985248528375
2025-12-29T01:00:00Z,156.28,156.376,156.269,156.373,1729.0,156.367,156.379,156.26627215391258
2025-12-29T01:05:00Z,156.374,156.374,156.255,156.262,1174.0,156.253,156.27,156.2657025333909
2025-12-29T01:10:00Z,156.264,156.312,156.246,156.255,970.0,156.247,156.263,156.26427552893878
2025-12-29T01:15:00Z,156.255,156.277,156.224,156.224,823.0,156.217,156.232,156.2589054584136
2025-12-29T01:20:00Z,156.224,156.255,156.192,156.192,704.0,156.185,156.2,156.24998473062513
2025-12-29T01:25:00Z,156.193,156.234,156.192,156.234,608.0,156.227,156.241,156.24785343320846
2025-12-29T01:30:00Z,156.235,156.27,156.192,156.262,657.0,156.254,156.271,156.249739642114
2025-12-29T01:35:00Z,156.26,156.302,156.238,156.3,771.0,156.29,156.309,156.25644102316548
2025-12-29T01:40:00Z,156.3,156.328,156.286,156.288,763.0,156.28,156.296,156.2606488867434
2025-12-29T01:45:00Z,156.288,156.311,156.262,156.276,720.0,156.267,156.285,156.2626957018443
2025-12-29T01:50:00Z,156.274,156.338,156.262,156.312,814.0,156.303,156.321,156.26926960826506
2025-12-29T01:55:00Z,156.312,156.328,156.266,156.314,755.0,156.305,156.322,156.27523366049638
2025-12-29T02:00:00Z,156.32,156.374,156.302,156.369,874.0,156.361,156.377,156.28773583909688
2025-12-29T02:05:00Z,156.37,156.398,156.35,156.389,632.0,156.381,156.397,156.3012377272173
2025-12-29T02:10:00Z,156.39,156.461,156.382,156.451,811.0,156.443,156.459,156.321206030255
2025-12-29T02:15:00Z,156.452,156.512,156.444,156.486,624.0,156.478,156.494,156.34317855955436
2025-12-29T02:20:00Z,156.486,156.51,156.444,156.446,711.0,156.438,156.453,156.35688808494712
2025-12-29T02:25:00Z,156.446,156.488,156.43,156.46,523.0,156.452,156.467,156.37063634028752
2025-12-29T02:30:00Z,156.458,156.495,156.441,156.458,552.0,156.449,156.468,156.3822848282492
2025-12-29T02:35:00Z,156.46,156.474,156.428,156.436,366.0,156.428,156.443,156.3894468511493
2025-12-29T02:40:00Z,156.435,156.458,156.408,156.415,561.0,156.408,156.422,156.39285393766272
2025-12-29T02:45:00Z,156.414,156.422,156.384,156.414,580.0,156.406,156.422,156.39567341264103
2025-12-29T02:50:00Z,156.414,156.423,156.38,156.383,530.0,156.374,156.392,156.3939836242889
2025-12-29T02:55:00Z,156.382,156.443,156.376,156.433,497.0,156.424,156.442,156.39918580771703
2025-12-29T03:00:00Z,156.432,156.446,156.402,156.408,599.0,156.398,156.417,156.40036103335476
2025-12-29T03:05:00Z,156.407,156.441,156.393,156.418,522.0,156.411,156.425,156.40271289557413
2025-12-29T03:10:00Z,156.418,156.42,156.368,156.388,314.0,156.379,156.398,156.40075117616425
2025-12-29T03:15:00Z,156.389,156.408,156.38,156.397,494.0,156.389,156.405,156.40025101934236
2025-12-29T03:20:00Z,156.394,156.412,156.357,156.372,854.0,156.364,156.379,156.39648421676338
2025-12-29T03:25:00Z,156.37,156.397,156.344,156.396,681.0,156.387,156.406,156.39641965452827
2025-12-29T03:30:00Z,156.398,156.414,156.354,156.36,1243.0,156.351,156.368,156.39156370059118
2025-12-29T03:35:00Z,156.362,156.38,156.344,156.353,584.0,156.344,156.362,156.3864218738457
2025-12-29T03:40:00Z,156.354,156.396,156.352,156.396,340.0,156.387,156.406,156.38769895733296
2025-12-29T03:45:00Z,156.398,156.402,156.322,156.344,386.0,156.334,156.353,156.38187242968857
2025-12-29T03:50:00Z,156.344,156.376,156.336,156.36,348.0,156.352,156.367,156.3789561057301
2025-12-29T03:55:00Z,156.361,156.389,156.35,156.38,374.0,156.371,156.389,156.37909529163278
2025-12-29T04:00:00Z,156.38,156.45,156.377,156.448,564.0,156.439,156.458,156.38828258608174
2025-12-29T04:05:00Z,156.449,156.473,156.418,156.436,582.0,156.426,156.445,156.3946449079375
2025-12-29T04:10:00Z,156.434,156.437,156.406,156.41,219.0,156.4,156.42,156.39669225354584
2025-12-29T04:15:00Z,156.408,156.422,156.384,156.42,269.0,156.411,156.43,156.39979995307306
2025-12-29T04:20:00Z,156.421,156.452,156.358,156.358,484.0,156.348,156.368,156.39422662599665
2025-12-29T04:25:00Z,156.358,156.36,156.294,156.297,394.0,156.288,156.306,156.38126307586376
2025-12-29T04:30:00Z,156.296,156.31,156.248,156.28,675.0,156.27,156.289,156.36776133241526
2025-12-29T04:35:00Z,156.278,156.328,156.264,156.313,597.0,156.306,156.32,156.36045982142656
2025-12-29T04:40:00Z,156.314,156.32,156.29,156.304,492.0,156.296,156.312,156.35293184523636
2025-12-29T04:45:00Z,156.304,156.34,156.298,156.328,514.0,156.32,156.336,156.34960759920486
2025-12-29T04:50:00Z,156.328,156.341,156.314,156.34,448.0,156.331,156.35,156.34832658597756
2025-12-29T04:55:00Z,156.341,156.376,156.333,156.374,711.0,156.366,156.383,156.35174970784723
2025-12-29T05:00:00Z,156.376,156.384,156.34,156.352,672.0,156.343,156.36,156.35178308013428
2025-12-29T05:05:00Z,156.35,156.378,156.348,156.352,616.0,156.344,156.359,156.35181200278305
2025-12-29T05:10:00Z,156.351,156.352,156.322,156.336,538.0,156.329,156.344,156.34970373574532
2025-12-29T05:15:00Z,156.338,156.373,156.314,156.322,553.0,156.314,156.331,156.3460099043126
2025-12-29T05:20:00Z,156.322,156.35,156.31,156.348,549.0,156.338,156.357,156.34627525040426
2025-12-29T05:25:00Z,156.348,156.4,156.348,156.372,538.0,156.364,156.381,156.34970521701703
2025-12-29T05:30:00Z,156.372,156.382,156.336,156.336,581.0,156.327,156.344,156.3478778547481
2025-12-29T05:35:00Z,156.336,156.34,156.323,156.338,528.0,156.329,156.347,156.34656080744836
2025-12-29T05:40:00Z,156.337,156.348,156.28,156.28,578.0,156.272,156.287,156.3376860331219
2025-12-29T05:45:00Z,156.277,156.292,156.258,156.287,456.0,156.278,156.296,156.33092789537233
2025-12-29T05:50:00Z,156.285,156.288,156.259,156.263,370.0,156.255,156.271,156.321870842656
2025-12-29T05:55:00Z,156.262,156.316,156.244,156.309,912.0,156.301,156.317,156.32015473030188
2025-12-29T06:00:00Z,156.312,156.316,156.242,156.247,915.0,156.238,156.256,156.31040076626164
2025-12-29T06:05:00Z,156.249,156.298,156.242,156.294,595.0,156.286,156.302,156.30821399742675
2025-12-29T06:10:00Z,156.294,156.318,156.282,156.312,463.0,156.305,156.32,156.30871879776984
2025-12-29T06:15:00Z,156.314,156.324,156.259,156.259,439.0,156.25,156.268,156.30208962473387
2025-12-29T06:20:00Z,156.262,156.268,156.24,156.256,450.0,156.25,156.263,156.295944341436
2025-12-29T06:25:00Z,156.258,156.258,156.172,156.204,780.0,156.197,156.211,156.2836850959112
2025-12-29T06:30:00Z,156.206,156.272,156.204,156.264,634.0,156.256,156.273,156.2810604164564
2025-12-29T06:35:00Z,156.264,156.288,156.25,156.278,398.0,156.269,156.286,156.28065236092888
2025-12-29T06:40:00Z,156.277,156.292,156.261,156.274,611.0,156.266,156.283,156.2797653794717
2025-12-29T06:45:00Z,156.276,156.301,156.25,156.252,606.0,156.244,156.259,156.2760633288755
2025-12-29T06:50:00Z,156.254,156.292,156.254,156.261,566.0,156.253,156.269,156.27405488502544
2025-12-29T06:55:00Z,156.263,156.265,156.172,156.188,973.0,156.179,156.196,156.26258090035537
2025-12-29T07:00:00Z,156.188,156.202,156.15,156.188,1670.0,156.178,156.197,156.252636780308
2025-12-29T07:05:00Z,156.188,156.206,156.15,156.176,884.0,156.167,156.184,156.2424185429336
2025-12-29T07:10:00Z,156.176,156.206,156.163,156.204,710.0,156.198,156.21,156.23729607054244
2025-12-29T07:15:00Z,156.204,156.243,156.194,156.197,937.0,156.188,156.206,156.23192326113679
2025-12-29T07:20:00Z,156.198,156.208,156.126,156.162,930.0,156.154,156.17,156.22260015965188
2025-12-29T07:25:00Z,156.162,156.188,156.14,156.174,979.0,156.165,156.183,156.21612013836497
2025-12-29T07:30:00Z,156.174,156.184,156.111,156.112,669.0,156.104,156.121,156.20223745324964
2025-12-29T07:35:00Z,156.114,156.174,156.105,156.173,525.0,156.164,156.182,156.19833912614968
2025-12-29T07:40:00Z,156.17,156.175,156.121,156.122,508.0,156.114,156.129,156.1881605759964
2025-12-29T07:45:00Z,156.122,156.165,156.12,156.122,698.0,156.114,156.13,156.17933916586355
2025-12-29T07:50:00Z,156.122,156.13,156.078,156.082,616.0,156.074,156.089,156.16636061041507
2025-12-29T07:55:00Z,156.082,156.092,156.052,156.081,952.0,156.073,156.089,156.15497919569307
2025-12-29T08:00:00Z,156.082,156.166,156.078,156.121,1252.0,156.112,156.13,156.15044863626733
2025-12-29T08:05:00Z,156.122,156.204,156.12,156.195,833.0,156.188,156.202,156.15638881809835
2025-12-29T08:10:00Z,156.197,156.207,156.182,156.204,697.0,156.197,156.212,156.16273697568525
2025-12-29T08:15:00Z,156.205,156.262,156.205,156.26,767.0,156.251,156.268,156.1757053789272
2025-12-29T08:20:00Z,156.259,156.259,156.204,156.231,649.0,156.223,156.239,156.18307799507025
2025-12-29T08:25:00Z,156.232,156.262,156.228,156.258,515.0,156.25,156.265,156.19306759572757
2025-12-29T08:30:00Z,156.258,156.304,156.25,156.254,639.0,156.247,156.262,156.20119191629723
2025-12-29T08:35:00Z,156.257,156.272,156.22,156.244,562.0,156.236,156.252,156.20689966079095
2025-12-29T08:40:00Z,156.244,156.312,156.238,156.258,788.0,156.25,156.266,156.21371303935217
2025-12-29T08:45:00Z,156.258,156.268,156.23,156.24,567.0,156.233,156.248,156.21721796743856
2025-12-29T08:50:00Z,156.242,156.27,156.195,156.219,948.0,156.211,156.227,156.21745557178008
2025-12-29T08:55:00Z,156.218,156.278,156.218,156.278,711.0,156.27,156.287,156.2255281622094
2025-12-29T09:00:00Z,156.28,156.376,156.265,156.374,838.0,156.367,156.382,156.24532440724815
2025-12-29T09:05:00Z,156.374,156.4,156.342,156.342,1026.0,156.334,156.349,156.25821448628173
2025-12-29T09:10:00Z,156.342,156.364,156.304,156.304,878.0,156.298,156.311,156.26431922144417
2025-12-29T09:15:00Z,156.304,156.318,156.272,156.294,530.0,156.285,156.303,156.26827665858497
2025-12-29T09:20:00Z,156.291,156.296,156.264,156.266,494.0,156.258,156.275,156.26797310410697
2025-12-29T09:25:00Z,156.268,156.272,156.238,156.241,504.0,156.233,156.249,156.26437669022604
2025-12-29T09:30:00Z,156.24,156.246,156.184,156.212,795.0,156.203,156.22,156.25739313152923
2025-12-29T09:35:00Z,156.212,156.212,156.146,156.148,694.0,156.14,156.156,156.24280738065866
2025-12-29T09:40:00Z,156.146,156.198,156.11,156.194,888.0,156.185,156.203,156.23629972990418
2025-12-29T09:45:00Z,156.196,156.272,156.192,156.26,812.0,156.251,156.269,156.23945976591696
2025-12-29T09:50:00Z,156.261,156.297,156.256,156.282,666.0,156.273,156.29,156.24513179712804
2025-12-29T09:55:00Z,156.281,156.33,156.281,156.326,596.0,156.316,156.335,156.25591422417764
2025-12-29T10:00:00Z,156.328,156.347,156.299,156.329,758.0,156.321,156.337,156.2656589942873
2025-12-29T10:05:00Z,156.328,156.331,156.296,156.304,907.0,156.294,156.313,156.27077112838234
2025-12-29T10:10:00Z,156.306,156.326,156.288,156.295,566.0,156.286,156.304,156.27400164459803
2025-12-29T10:15:00Z,156.294,156.294,156.262,156.266,455.0,156.256,156.275,156.27293475865162
2025-12-29T10:20:00Z,156.265,156.303,156.264,156.291,473.0,156.282,156.3,156.27534345749808
2025-12-29T10:25:00Z,156.29,156.3,156.241,156.277,625.0,156.268,156.286,156.27556432983167
2025-12-29T10:30:00Z,156.278,156.283,156.217,156.221,432.0,156.213,156.229,156.26828908585412
2025-12-29T10:35:00Z,156.222,156.234,156.208,156.23,325.0,156.221,156.239,156.2631838744069
2025-12-29T10:40:00Z,156.227,156.268,156.221,156.256,551.0,156.247,156.265,156.26222602448598
2025-12-29T10:45:00Z,156.256,156.273,156.24,156.243,497.0,156.236,156.25,156.25966255455452
2025-12-29T10:50:00Z,156.244,156.272,156.226,156.272,404.0,156.262,156.281,156.26130754728058
2025-12-29T10:55:00Z,156.272,156.334,156.264,156.331,891.0,156.323,156.339,156.27059987430985
2025-12-29T11:00:00Z,156.332,156.345,156.302,156.328,669.0,156.319,156.336,156.27825322440188
2025-12-29T11:05:00Z,156.328,156.33,156.302,156.328,416.0,156.319,156.337,156.28488612781496
2025-12-29T11:10:00Z,156.33,156.356,156.326,156.35,495.0,156.341,156.359,156.29356797743964
2025-12-29T11:15:00Z,156.348,156.353,156.318,156.327,403.0,156.32,156.334,156.2980255804477
2025-12-29T11:20:00Z,156.326,156.332,156.293,156.3,348.0,156.293,156.308,156.29828883638802
2025-12-29T11:25:00Z,156.3,156.324,156.298,156.312,336.0,156.303,156.321,156.3001169915363
2025-12-29T11:30:00Z,156.31,156.314,156.292,156.299,325.0,156.291,156.307,156.29996805933146
2025-12-29T11:35:00Z,156.298,156.309,156.288,156.292,535.0,156.285,156.3,156.2989056514206
2025-12-29T11:40:00Z,156.291,156.314,156.288,156.3,466.0,156.291,156.309,156.29905156456454
2025-12-29T11:45:00Z,156.302,156.365,156.301,156.351,677.0,156.343,156.359,156.3059780226226
2025-12-29T11:50:00Z,156.352,156.412,156.35,156.411,713.0,156.402,156.42,156.3199809529396
2025-12-29T11:55:00Z,156.412,156.414,156.374,156.4,692.0,156.393,156.408,156.33065015921431
2025-12-29T12:00:00Z,156.401,156.424,156.394,156.396,693.0,156.389,156.404,156.33936347131907
2025-12-29T12:05:00Z,156.396,156.402,156.342,156.351,741.0,156.342,156.36,156.34091500847654
2025-12-29T12:10:00Z,156.353,156.355,156.321,156.349,466.0,156.341,156.357,156.34199300734633
2025-12-29T12:15:00Z,156.35,156.367,156.334,156.338,561.0,156.329,156.347,156.34146060636684
2025-12-29T12:20:00Z,156.338,156.384,156.333,156.376,352.0,156.368,156.384,156.34606585885126
2025-12-29T12:25:00Z,156.375,156.375,156.312,156.312,554.0,156.304,156.321,156.34152374433776
2025-12-29T12:30:00Z,156.312,156.364,156.31,156.337,596.0,156.328,156.346,156.34092057842605
2025-12-29T12:35:00Z,156.339,156.379,156.334,156.35,458.0,156.342,156.357,156.34213116796926
2025-12-29T12:40:00Z,156.35,156.388,156.337,156.388,601.0,156.38,156.395,156.34824701224002
2025-12-29T12:45:00Z,156.388,156.408,156.358,156.362,997.0,156.353,156.37,156.35008074394136
2025-12-29T12:50:00Z,156.362,156.375,156.312,156.33,693.0,156.322,156.337,156.34740331141586
2025-12-29T12:55:00Z,156.328,156.34,156.312,156.334,824.0,156.325,156.342,156.34561620322708
2025-12-29T13:00:00Z,156.333,156.334,156.255,156.262,1036.0,156.256,156.269,156.33446737613014
2025-12-29T13:05:00Z,156.263,156.311,156.252,156.308,848.0,156.299,156.316,156.33093839264612
2025-12-29T13:10:00Z,156.307,156.308,156.264,156.27,648.0,156.262,156.278,156.32281327362665
2025-12-29T13:15:00Z,156.27,156.334,156.263,156.316,547.0,156.307,156.325,156.3219048371431
2025-12-29T13:20:00Z,156.314,156.362,156.278,156.332,1068.0,156.323,156.341,156.32325085885736
2025-12-29T13:25:00Z,156.332,156.368,156.324,156.346,778.0,156.337,156.355,156.32628407767638
2025-12-29T13:30:00Z,156.346,156.362,156.254,156.287,1062.0,156.279,156.295,156.32104620065286
2025-12-29T13:35:00Z,156.285,156.289,156.26,156.266,754.0,156.259,156.274,156.31370670723248
2025-12-29T13:40:00Z,156.265,156.304,156.263,156.276,1175.0,156.268,156.285,156.30867914626816
2025-12-29T13:45:00Z,156.276,156.302,156.24,156.24,913.0,156.231,156.249,156.29952192676575
2025-12-29T13:50:00Z,156.24,156.244,156.194,156.23,1237.0,156.222,156.237,156.29025233653033
2025-12-29T13:55:00Z,156.229,156.234,156.209,156.233,858.0,156.224,156.242,156.28261869165962
2025-12-29T14:00:00Z,156.232,156.242,156.157,156.162,1040.0,156.155,156.17,156.26653619943835
2025-12-29T14:05:00Z,156.162,156.164,156.132,156.134,1087.0,156.125,156.142,156.24886470617992
2025-12-29T14:10:00Z,156.134,156.213,156.118,156.196,845.0,156.187,156.204,156.24181607868925
2025-12-29T14:15:00Z,156.196,156.21,156.17,156.194,1132.0,156.187,156.202,156.23544060153068
2025-12-29T14:20:00Z,156.194,156.195,156.136,156.158,814.0,156.151,156.166,156.22511518799325
2025-12-29T14:25:00Z,156.163,156.174,156.134,156.144,772.0,156.136,156.152,156.21429982959415
2025-12-29T14:30:00Z,156.142,156.158,156.103,156.11,1412.0,156.103,156.118,156.20039318564827
2025-12-29T14:35:00Z,156.114,156.124,156.046,156.058,1172.0,156.049,156.067,156.18140742756182
2025-12-29T14:40:00Z,156.06,156.11,156.012,156.1,1198.0,156.091,156.108,156.1705531038869
2025-12-29T14:45:00Z,156.1,156.1,156.012,156.047,1000.0,156.039,156.055,156.154079356702
2025-12-29T14:50:00Z,156.048,156.16,156.034,156.144,1094.0,156.136,156.153,156.15273544247506
2025-12-29T14:55:00Z,156.145,156.148,156.092,156.147,1010.0,156.139,156.155,156.15197071681172
2025-12-29T15:00:00Z,156.146,156.246,156.116,156.17,1579.0,156.161,156.178,156.15437462123683
2025-12-29T15:05:00Z,156.17,156.197,156.108,156.12,1407.0,156.111,156.128,156.14979133840527
2025-12-29T15:10:00Z,156.12,156.148,156.086,156.12,1194.0,156.112,156.127,156.14581915995123
2025-12-29T15:15:00Z,156.122,156.18,156.107,156.132,1194.0,156.125,156.14,156.14397660529107
2025-12-29T15:20:00Z,156.131,156.216,156.128,156.164,1239.0,156.156,156.173,156.14664639125226
2025-12-29T15:25:00Z,156.165,156.17,156.142,156.166,967.0,156.157,156.175,156.14922687241864
2025-12-29T15:30:00Z,156.168,156.292,156.159,156.278,1195.0,156.269,156.287,156.16639662276282
2025-12-29T15:35:00Z,156.278,156.287,156.206,156.219,1252.0,156.212,156.226,156.17341040639445
2025-12-29T15:40:00Z,156.218,156.232,156.114,156.129,1051.0,156.121,156.137,156.1674890188752
2025-12-29T15:45:00Z,156.13,156.13,156.006,156.06,1638.0,156.052,156.068,156.15315714969182
2025-12-29T15:50:00Z,156.062,156.101,155.982,156.041,1709.0,156.033,156.049,156.13820286306625
2025-12-29T15:55:00Z,156.04,156.082,155.916,155.936,2414.0,155.93,155.942,156.1112424813241
2025-12-29T16:00:00Z,155.934,155.986,155.931,155.98,1865.0,155.972,155.987,156.09374348381422
2025-12-29T16:05:00Z,155.978,156.041,155.974,156.017,1457.0,156.009,156.025,156.08351101930566
2025-12-29T16:10:00Z,156.018,156.036,155.932,155.97,1090.0,155.963,155.978,156.06837621673156
2025-12-29T16:15:00Z,155.97,156.026,155.96,156.022,873.0,156.013,156.031,156.06219272116735
2025-12-29T16:20:00Z,156.022,156.056,156.008,156.051,814.0,156.045,156.057,156.06070035834503
2025-12-29T16:25:00Z,156.052,156.093,156.049,156.086,655.0,156.078,156.095,156.06407364389904
2025-12-29T16:30:00Z,156.085,156.101,156.024,156.04,1013.0,156.031,156.048,156.0608638247125
2025-12-29T16:35:00Z,156.039,156.076,156.036,156.046,729.0,156.04,156.052,156.0588819814175
2025-12-29T16:40:00Z,156.046,156.049,156.012,156.024,1104.0,156.017,156.031,156.05423105056184
2025-12-29T16:45:00Z,156.024,156.076,156.014,156.07,930.0,156.064,156.077,156.0563335771536
2025-12-29T16:50:00Z,156.071,156.088,156.059,156.084,928.0,156.076,156.093,156.0600224335331
2025-12-29T16:55:00Z,156.086,156.118,156.08,156.106,522.0,156.097,156.115,156.06615277572868
2025-12-29T17:00:00Z,156.107,156.13,156.084,156.084,827.0,156.075,156.093,156.06853240563152
2025-12-29T17:05:00Z,156.082,156.125,156.067,156.123,517.0,156.114,156.132,156.0757947515473
2025-12-29T17:10:00Z,156.122,156.134,156.082,156.084,459.0,156.077,156.092,156.07688878467434
2025-12-29T17:15:00Z,156.086,156.122,156.086,156.106,872.0,156.099,156.113,156.0807702800511
2025-12-29T17:20:00Z,156.106,156.13,156.092,156.13,502.0,156.121,156.138,156.08733424271097
2025-12-29T17:25:00Z,156.13,156.156,156.118,156.118,412.0,156.11,156.127,156.0914230103495
2025-12-29T17:30:00Z,156.12,156.124,156.096,156.12,340.0,156.113,156.127,156.09523327563625
2025-12-29T17:35:00Z,156.12,156.148,156.117,156.143,311.0,156.135,156.151,156.1016021722181
2025-12-29T17:40:00Z,156.144,156.158,156.132,156.134,308.0,156.124,156.143,156.10592188258903
2025-12-29T17:45:00Z,156.133,156.16,156.13,156.156,217.0,156.146,156.165,156.1125989649105
2025-12-29T17:50:00Z,156.154,156.206,156.154,156.206,381.0,156.199,156.214,156.12505243625577
2025-12-29T17:55:00Z,156.206,156.218,156.18,156.185,485.0,156.177,156.193,156.133045444755
2025-12-29T18:00:00Z,156.186,156.213,156.164,156.167,502.0,156.159,156.175,156.13757271878768
2025-12-29T18:05:00Z,156.168,156.178,156.152,156.178,447.0,156.17,156.185,156.14296302294932
2025-12-29T18:10:00Z,156.176,156.19,156.163,156.166,465.0,156.158,156.173,156.1460346198894
2025-12-29T18:15:00Z,156.166,156.166,156.134,156.16,456.0,156.153,156.168,156.14789667057082
2025-12-29T18:20:00Z,156.161,156.164,156.13,156.141,598.0,156.135,156.147,156.14697711449472
2025-12-29T18:25:00Z,156.139,156.172,156.122,156.162,527.0,156.155,156.17,156.14898016589544
2025-12-29T18:30:00Z,156.163,156.196,156.158,156.194,547.0,156.186,156.201,156.1549828104427
2025-12-29T18:35:00Z,156.194,156.224,156.192,156.199,457.0,156.192,156.206,156.16085176905034
2025-12-29T18:40:00Z,156.2,156.218,156.192,156.215,351.0,156.208,156.222,156.16807153317697
2025-12-29T18:45:00Z,156.216,156.218,156.187,156.199,526.0,156.192,156.206,156.1721953287534
2025-12-29T18:50:00Z,156.198,156.202,156.174,156.186,485.0,156.18,156.193,156.17403595158626
2025-12-29T18:55:00Z,156.188,156.226,156.186,156.222,354.0,156.214,156.231,156.18043115804144
2025-12-29T19:00:00Z,156.223,156.243,156.218,156.236,333.0,156.229,156.244,156.18784033696926
2025-12-29T19:05:00Z,156.237,156.248,156.236,156.241,236.0,156.232,156.25,156.19492829204003
2025-12-29T19:10:00Z,156.242,156.249,156.226,156.227,361.0,156.219,156.235,156.19920451976805
2025-12-29T19:15:00Z,156.228,156.236,156.192,156.198,393.0,156.189,156.207,156.19904391713231
2025-12-29T19:20:00Z,156.198,156.201,156.173,156.184,245.0,156.176,156.193,156.1970380615147
2025-12-29T19:25:00Z,156.184,156.199,156.174,156.198,221.0,156.19,156.207,156.1971663199794
2025-12-29T19:30:00Z,156.199,156.2,156.174,156.176,253.0,156.166,156.185,156.19434414398216
2025-12-29T19:35:00Z,156.175,156.177,156.138,156.138,238.0,156.129,156.147,156.1868315914512
2025-12-29T19:40:00Z,156.138,156.139,156.104,156.114,273.0,156.107,156.122,156.17712071259106
2025-12-29T19:45:00Z,156.116,156.127,156.092,156.094,316.0,156.085,156.102,156.16603795091225
2025-12-29T19:50:00Z,156.094,156.116,156.068,156.068,176.0,156.059,156.077,156.15296622412396
2025-12-29T19:55:00Z,156.068,156.068,156.008,156.036,692.0,156.027,156.044,156.1373707275741
2025-12-29T20:00:00Z,156.037,156.038,155.994,156.005,432.0,155.996,156.014,156.1197212972309
2025-12-29T20:05:00Z,156.006,156.05,155.996,156.048,496.0,156.042,156.054,156.11015845760014
2025-12-29T20:10:00Z,156.049,156.049,155.988,155.99,581.0,155.982,155.997,156.09413732992013
2025-12-29T20:15:00Z,155.988,156.013,155.987,156.002,495.0,155.995,156.01,156.08185235259745
2025-12-29T20:20:00Z,156.002,156.034,156.002,156.028,264.0,156.021,156.036,156.07467203891778
2025-12-29T20:25:00Z,156.029,156.05,156.029,156.046,247.0,156.039,156.053,156.0708491003954
2025-12-29T20:30:00Z,156.046,156.061,156.036,156.058,293.0,156.05,156.066,156.06913588700937
2025-12-29T20:35:00Z,156.058,156.074,156.055,156.071,194.0,156.062,156.08,156.06938443540813
2025-12-29T20:40:00Z,156.072,156.084,156.058,156.072,248.0,156.064,156.08,156.06973317735373
2025-12-29T20:45:00Z,156.072,156.08,156.06,156.061,301.0,156.052,156.07,156.06856875370656
2025-12-29T20:50:00Z,156.062,156.068,156.05,156.064,360.0,156.056,156.071,156.0679595865457
2025-12-29T20:55:00Z,156.063,156.082,156.06,156.07,574.0,156.062,156.079,156.06823164167295
2025-12-29T21:00:00Z,156.067,156.09,156.062,156.072,319.0,156.065,156.079,156.0687340894499
2025-12-29T21:05:00Z,156.072,156.072,156.036,156.067,203.0,156.06,156.074,156.06850287752326
2025-12-29T21:10:00Z,156.068,156.071,156.06,156.06,179.0,156.052,156.069,156.06736916052017
2025-12-29T21:15:00Z,156.061,156.064,156.035,156.037,162.0,156.031,156.043,156.0633199391175
2025-12-29T21:20:00Z,156.036,156.05,156.003,156.048,102.0,156.039,156.056,156.0612772805685
2025-12-29T21:25:00Z,156.048,156.05,156.003,156.035,173.0,156.028,156.042,156.05777364315938
2025-12-29T21:30:00Z,156.034,156.047,156.016,156.024,121.0,156.014,156.033,156.05327049073813
2025-12-29T21:35:00Z,156.024,156.05,156.024,156.05,117.0,156.041,156.059,156.05283442530637
2025-12-29T21:40:00Z,156.05,156.064,156.036,156.062,146.0,156.052,156.072,156.0540565019322
2025-12-29T21:45:00Z,156.062,156.066,156.047,156.051,243.0,156.04,156.062,156.05364896834124
2025-12-29T21:50:00Z,156.052,156.058,156.048,156.049,307.0,156.038,156.06,156.05302910589575
2025-12-29T21:55:00Z,156.05,156.05,156.018,156.042,457.0,156.032,156.052,156.051558558443
2025-12-29T22:00:00Z,156.069,156.069,156.069,156.069,1.0,156.019,156.119,156.05388408398392
2025-12-29T22:05:00Z,156.074,156.094,156.054,156.066,15.0,156.016,156.116,156.05549953945274
2025-12-29T22:10:00Z,156.077,156.091,156.04,156.066,124.0,156.036,156.096,156.05689960085905
2025-12-29T22:15:00Z,156.066,156.081,156.056,156.074,141.0,156.054,156.095,156.05917965407787
2025-12-29T22:20:00Z,156.074,156.084,156.017,156.031,362.0,155.981,156.081,156.05542236686748
2025-12-29T22:25:00Z,156.017,156.029,156.005,156.009,25.0,155.959,156.059,156.0492327179518
2025-12-29T22:30:00Z,156.003,156.055,155.999,156.055,195.0,156.02,156.09,156.05000168889157
2025-12-29T22:35:00Z,156.054,156.071,156.052,156.07,108.0,156.049,156.091,156.0526681303727
2025-12-29T22:40:00Z,156.072,156.074,156.022,156.052,218.0,156.033,156.072,156.05257904632302
2025-12-29T22:45:00Z,156.052,156.061,156.036,156.037,41.0,156.017,156.057,156.0505018401466
2025-12-29T22:50:00Z,156.04,156.052,156.038,156.05,234.0,156.031,156.07,156.05043492812706
2025-12-29T22:55:00Z,156.051,156.058,156.036,156.044,794.0,156.02,156.069,156.04957693771013
2025-12-29T23:00:00Z,156.042,156.053,155.973,156.034,393.0,156.02,156.049,156.04750001268212
2025-12-29T23:05:00Z,156.034,156.052,155.956,155.999,300.0,155.988,156.01,156.04103334432452
2025-12-29T23:10:00Z,156.0,156.014,155.988,156.004,207.0,155.996,156.012,156.03609556508124
2025-12-29T23:15:00Z,156.004,156.06,156.004,156.035,286.0,156.025,156.045,156.03594948973708
2025-12-29T23:20:00Z,156.036,156.082,156.034,156.07,332.0,156.061,156.08,156.04048955777213
2025-12-29T23:25:00Z,156.072,156.136,156.07,156.134,201.0,156.125,156.144,156.05295761673585
2025-12-29T23:30:00Z,156.13,156.13,156.072,156.076,280.0,156.067,156.085,156.0560299345044
2025-12-29T23:35:00Z,156.076,156.082,156.054,156.079,232.0,156.072,156.086,156.05909260990381
2025-12-29T23:40:00Z,156.078,156.095,156.054,156.073,291.0,156.064,156.082,156.06094692858332
2025-12-29T23:45:00Z,156.074,156.08,156.02,156.035,382.0,156.029,156.041,156.05748733810555
2025-12-29T23:50:00Z,156.034,156.084,156.03,156.047,230.0,156.038,156.056,156.05608902635814
2025-12-29T23:55:00Z,156.046,156.047,155.99,155.992,472.0,155.983,156.001,156.04754382284372
2025-12-30T00:00:00Z,155.994,156.107,155.926,156.1,1550.0,156.09,156.109,156.05453797979789
2025-12-30T00:05:00Z,156.098,156.118,156.0,156.012,1127.0,156.002,156.021,156.04886624915818
2025-12-30T00:10:00Z,156.014,156.088,156.009,156.082,628.0,156.074,156.091,156.05328408260377
2025-12-30T00:15:00Z,156.082,156.104,156.029,156.046,583.0,156.037,156.056,156.05231287158995
2025-12-30T00:20:00Z,156.047,156.058,155.99,156.038,857.0,156.029,156.048,156.0504044887113
2025-12-30T00:25:00Z,156.038,156.072,156.034,156.058,737.0,156.049,156.067,156.0514172235498
2025-12-30T00:30:00Z,156.056,156.108,156.031,156.105,686.0,156.095,156.115,156.05856159374318
2025-12-30T00:35:00Z,156.104,156.12,156.064,156.084,496.0,156.074,156.093,156.06195338124408
2025-12-30T00:40:00Z,156.084,156.17,156.082,156.141,904.0,156.131,156.151,156.07249293041153
2025-12-30T00:45:00Z,156.138,156.224,156.125,156.204,1209.0,156.195,156.213,156.09002720635667
2025-12-30T00:50:00Z,156.204,156.329,156.202,156.306,2650.0,156.297,156.316,156.11882357884244
2025-12-30T00:55:00Z,156.304,156.316,156.244,156.26,1697.0,156.252,156.269,156.13764710166345
2025-12-30T01:00:00Z,156.261,156.302,156.252,156.3,645.0,156.292,156.308,156.15929415477498
2025-12-30T01:05:00Z,156.306,156.328,156.254,156.288,726.0,156.279,156.298,156.17645493413832
2025-12-30T01:10:00Z,156.288,156.305,156.248,156.25,503.0,156.24,156.26,156.1862609429199
2025-12-30T01:15:00Z,156.249,156.265,156.236,156.263,557.0,156.255,156.271,156.19649281719725
2025-12-30T01:20:00Z,156.264,156.301,156.261,156.262,609.0,156.254,156.271,156.20522710823764
2025-12-30T01:25:00Z,156.262,156.312,156.262,156.292,698.0,156.285,156.299,156.2167968271393
2025-12-30T01:30:00Z,156.292,156.307,156.254,156.291,671.0,156.285,156.297,156.22669058352074
2025-12-30T01:35:00Z,156.292,156.3,156.266,156.292,689.0,156.284,156.3,156.23539850571797
2025-12-30T01:40:00Z,156.292,156.295,156.255,156.259,674.0,156.252,156.266,156.23854537162225
2025-12-30T01:45:00Z,156.26,156.282,156.256,156.258,837.0,156.251,156.265,156.24113932207263
2025-12-30T01:50:00Z,156.258,156.28,156.215,156.22,586.0,156.212,156.227,156.23832074579627
2025-12-30T01:55:00Z,156.218,156.242,156.216,156.226,773.0,156.219,156.232,156.2366779796901
2025-12-30T02:00:00Z,156.224,156.224,156.178,156.18,958.0,156.173,156.187,156.22912091573144
2025-12-30T02:05:00Z,156.18,156.244,156.157,156.238,847.0,156.23,156.245,156.23030479363393
2025-12-30T02:10:00Z,156.238,156.302,156.214,156.292,815.0,156.283,156.301,156.23853082114942
2025-12-30T02:15:00Z,156.292,156.304,156.27,156.297,863.0,156.289,156.305,156.24632671166285
2025-12-30T02:20:00Z,156.297,156.302,156.248,156.293,808.0,156.285,156.301,156.25254981677446
2025-12-30T02:25:00Z,156.292,156.34,156.29,156.324,673.0,156.316,156.333,156.2620765078712
2025-12-30T02:30:00Z,156.325,156.328,156.274,156.274,579.0,156.265,156.282,156.2636663068217
2025-12-30T02:35:00Z,156.275,156.316,156.264,156.274,748.0,156.266,156.281,156.26504413257882
2025-12-30T02:40:00Z,156.274,156.312,156.268,156.303,697.0,156.295,156.311,156.27010491490165
2025-12-30T02:45:00Z,156.302,156.31,156.284,156.304,599.0,156.297,156.312,156.27462425958143
2025-12-30T02:50:00Z,156.305,156.328,156.292,156.322,632.0,156.312,156.331,156.2809410249706
2025-12-30T02:55:00Z,156.321,156.322,156.276,156.306,726.0,156.298,156.314,156.28428222164118
2025-12-30T03:00:00Z,156.306,156.315,156.284,156.309,603.0,156.302,156.316,156.28757792542237
2025-12-30T03:05:00Z,156.308,156.334,156.308,156.324,517.0,156.316,156.331,156.29243420203272
2025-12-30T03:10:00Z,156.323,156.334,156.314,156.324,432.0,156.317,156.332,156.29664297509504
2025-12-30T03:15:00Z,156.324,156.326,156.306,156.308,350.0,156.299,156.317,156.29815724508236
2025-12-30T03:20:00Z,156.308,156.32,156.302,156.31,447.0,156.3,156.32,156.2997362790714
2025-12-30T03:25:00Z,156.31,156.31,156.284,156.284,316.0,156.275,156.294,156.29763810852856
2025-12-30T03:30:00Z,156.284,156.286,156.259,156.262,477.0,156.254,156.271,156.29288636072476
2025-12-30T03:35:00Z,156.263,156.266,156.24,156.262,338.0,156.254,156.27,156.2887681792948
2025-12-30T03:40:00Z,156.26,156.278,156.252,156.275,391.0,156.267,156.283,156.28693242205551
2025-12-30T03:45:00Z,156.274,156.274,156.25,156.254,466.0,156.245,156.262,156.2825414324481
2025-12-30T03:50:00Z,156.256,156.26,156.216,156.238,590.0,156.23,156.246,156.27660257478837
2025-12-30T03:55:00Z,156.238,156.271,156.235,156.27,628.0,156.261,156.28,156.27572223148326
2025-12-30T04:00:00Z,156.272,156.286,156.263,156.274,715.0,156.266,156.283,156.27549260061883
2025-12-30T04:05:00Z,156.274,156.284,156.262,156.271,438.0,156.262,156.28,156.274893587203
2025-12-30T04:10:00Z,156.272,156.284,156.25,156.272,665.0,156.264,156.28,156.27450777557593
2025-12-30T04:15:00Z,156.272,156.275,156.244,156.248,332.0,156.24,156.257,156.27097340549915
2025-12-30T04:20:00Z,156.249,156.25,156.219,156.235,361.0,156.226,156.244,156.2661769514326
2025-12-30T04:25:00Z,156.236,156.236,156.213,156.218,435.0,156.21,156.227,156.25975335790827
2025-12-30T04:30:00Z,156.22,156.222,156.2,156.202,504.0,156.194,156.211,156.25205291018716
2025-12-30T04:35:00Z,156.202,156.21,156.166,156.171,707.0,156.162,156.18,156.24124585549555
2025-12-30T04:40:00Z,156.17,156.178,156.13,156.132,772.0,156.123,156.141,156.22667974142948
2025-12-30T04:45:00Z,156.132,156.132,156.108,156.11,517.0,156.102,156.117,156.21112244257222
2025-12-30T04:50:00Z,156.11,156.124,156.064,156.068,600.0,156.059,156.076,156.19203945022926
2025-12-30T04:55:00Z,156.067,156.085,156.052,156.082,773.0,156.075,156.089,156.17736752353204
2025-12-30T05:00:00Z,156.082,156.082,156.012,156.046,1037.0,156.039,156.052,156.15985185372776
2025-12-30T05:05:00Z,156.044,156.063,156.034,156.048,588.0,156.041,156.055,156.14493827323074
2025-12-30T05:10:00Z,156.048,156.078,156.044,156.072,573.0,156.065,156.078,156.1352131701333
2025-12-30T05:15:00Z,156.07,156.099,156.065,156.081,529.0,156.073,156.089,156.12798474744886
2025-12-30T05:20:00Z,156.082,156.099,156.064,156.088,468.0,156.079,156.097,156.12265344778902
2025-12-30T05:25:00Z,156.088,156.102,156.053,156.054,756.0,156.047,156.061,156.11349965475048
2025-12-30T05:30:00Z,156.054,156.1,156.042,156.072,974.0,156.063,156.081,156.10796636745042
2025-12-30T05:35:00Z,156.073,156.076,156.023,156.037,787.0,156.029,156.045,156.0985041851237
2025-12-30T05:40:00Z,156.036,156.076,156.033,156.06,735.0,156.053,156.068,156.09337029377386
2025-12-30T05:45:00Z,156.06,156.074,156.032,156.036,913.0,156.028,156.045,156.08572092127068
2025-12-30T05:50:00Z,156.036,156.089,156.03,156.086,1032.0,156.079,156.094,156.08575813176793
2025-12-30T05:55:00Z,156.087,156.104,156.025,156.043,874.0,156.035,156.051,156.08005704753222
2025-12-30T06:00:00Z,156.042,156.067,156.01,156.02,1021.0,156.013,156.028,156.0720494411946
2025-12-30T06:05:00Z,156.021,156.05,156.012,156.039,811.0,156.031,156.047,156.0676428490353
2025-12-30T06:10:00Z,156.036,156.045,155.996,156.01,714.0,156.002,156.017,156.05995713583062
2025-12-30T06:15:00Z,156.012,156.027,155.94,155.971,1015.0,155.962,155.98,156.04809618438654
2025-12-30T06:20:00Z,155.97,156.006,155.954,156.0,787.0,155.992,156.009,156.04168335980168
2025-12-30T06:25:00Z,155.999,156.036,155.976,156.032,698.0,156.024,156.039,156.04039224516146
2025-12-30T06:30:00Z,156.032,156.096,156.03,156.074,937.0,156.064,156.084,156.04487327913992
2025-12-30T06:35:00Z,156.072,156.099,156.018,156.038,1096.0,156.029,156.047,156.04395684192127
2025-12-30T06:40:00Z,156.038,156.046,155.996,155.998,805.0,155.99,156.006,156.03782926299843
2025-12-30T06:45:00Z,155.998,156.049,155.97,156.036,895.0,156.028,156.043,156.03758536126531
2025-12-30T06:50:00Z,156.036,156.06,156.033,156.048,328.0,156.042,156.055,156.03897397976328
2025-12-30T06:55:00Z,156.05,156.072,156.032,156.04,681.0,156.031,156.049,156.0391107824615
2025-12-30T07:00:00Z,156.04,156.054,155.996,156.023,925.0,156.014,156.032,156.0369626781333
2025-12-30T07:05:00Z,156.022,156.053,156.021,156.034,552.0,156.026,156.041,156.0365676543822
2025-12-30T07:10:00Z,156.035,156.043,155.997,156.0,528.0,155.992,156.009,156.03169196713125
2025-12-30T07:15:00Z,156.0,156.016,155.986,156.015,631.0,156.006,156.024,156.02946637151376
2025-12-30T07:20:00Z,156.014,156.095,156.014,156.094,646.0,156.085,156.104,156.03807085531193
2025-12-30T07:25:00Z,156.095,156.105,156.058,156.061,590.0,156.052,156.07,156.04112807460368
2025-12-30T07:30:00Z,156.06,156.068,155.996,156.014,499.0,156.006,156.021,156.03751099798987
2025-12-30T07:35:00Z,156.016,156.021,155.976,155.982,540.0,155.973,155.991,156.03010953159122
2025-12-30T07:40:00Z,155.979,156.014,155.978,156.0,591.0,155.991,156.008,156.02609492737906
2025-12-30T07:45:00Z,155.998,155.999,155.92,155.941,632.0,155.933,155.949,156.01474893706185
2025-12-30T07:50:00Z,155.942,155.996,155.938,155.98,669.0,155.973,155.988,156.01011574545362
2025-12-30T07:55:00Z,155.98,156.015,155.98,155.982,511.0,155.974,155.991,156.00636697939314
2025-12-30T08:00:00Z,155.978,155.998,155.882,155.932,1229.0,155.924,155.941,155.99645138214072
2025-12-30T08:05:00Z,155.93,156.029,155.888,156.003,946.0,155.995,156.011,155.9973245311886
2025-12-30T08:10:00Z,156.002,156.014,155.934,155.974,904.0,155.967,155.981,155.9942145936968
2025-12-30T08:15:00Z,155.972,155.972,155.914,155.939,816.0,155.932,155.946,155.98685264787056
2025-12-30T08:20:00Z,155.938,155.964,155.885,155.893,671.0,155.884,155.902,155.97433896148783
2025-12-30T08:25:00Z,155.894,155.919,155.863,155.89,762.0,155.88,155.899,155.9630937666228
2025-12-30T08:30:00Z,155.888,155.906,155.856,155.901,1037.0,155.893,155.909,155.95481459773976
2025-12-30T08:35:00Z,155.902,155.934,155.894,155.926,737.0,155.918,155.935,155.95097265137446
2025-12-30T08:40:00Z,155.927,155.943,155.888,155.939,690.0,155.932,155.946,155.94937629785787
2025-12-30T08:45:00Z,155.938,155.954,155.926,155.952,728.0,155.943,155.96,155.94972612481016
2025-12-30T08:50:00Z,155.953,155.954,155.921,155.938,431.0,155.931,155.946,155.94816264150214
2025-12-30T08:55:00Z,155.94,155.983,155.936,155.983,698.0,155.975,155.991,155.9528076226352
2025-12-30T09:00:00Z,155.983,156.01,155.973,155.985,840.0,155.977,155.993,155.95709993961717
2025-12-30T09:05:00Z,155.984,156.008,155.937,155.938,684.0,155.929,155.946,155.95455328100155
2025-12-30T09:10:00Z,155.938,155.946,155.896,155.902,753.0,155.893,155.91,155.947546176868
2025-12-30T09:15:00Z,155.899,155.924,155.869,155.918,820.0,155.91,155.926,155.94360668661895
2025-12-30T09:20:00Z,155.918,155.921,155.887,155.913,703.0,155.904,155.922,155.93952579506976
2025-12-30T09:25:00Z,155.912,155.94,155.898,155.92,1178.0,155.911,155.929,155.93692235572712
2025-12-30T09:30:00Z,155.922,155.956,155.91,155.949,924.0,155.941,155.957,155.93853270829683
2025-12-30T09:35:00Z,155.95,155.976,155.942,155.964,870.0,155.957,155.971,155.94192834719058
2025-12-30T09:40:00Z,155.964,155.976,155.938,155.948,787.0,155.942,155.955,155.94273790089852
2025-12-30T09:45:00Z,155.949,155.95,155.907,155.928,705.0,155.92,155.936,155.9407728474454
2025-12-30T09:50:00Z,155.928,155.93,155.89,155.908,992.0,155.9,155.916,155.9364031344527
2025-12-30T09:55:00Z,155.908,155.933,155.89,155.923,1133.0,155.914,155.932,155.93461604985902
2025-12-30T10:00:00Z,155.926,155.93,155.851,155.856,1162.0,155.847,155.865,155.9241339098778
2025-12-30T10:05:00Z,155.856,155.87,155.828,155.853,769.0,155.845,155.861,155.91464938856078
2025-12-30T10:10:00Z,155.852,155.874,155.836,155.87,676.0,155.862,155.879,155.90869613675267
2025-12-30T10:15:00Z,155.869,155.869,155.846,155.856,530.0,155.847,155.865,155.90166998518563
2025-12-30T10:20:00Z,155.856,155.856,155.833,155.845,494.0,155.836,155.854,155.8941139871609
2025-12-30T10:25:00Z,155.844,155.868,155.835,155.86,741.0,155.853,155.868,155.88956545553944
2025-12-30T10:30:00Z,155.862,155.868,155.791,155.822,872.0,155.813,155.831,155.8805567281342
2025-12-30T10:35:00Z,155.822,155.824,155.768,155.774,698.0,155.765,155.782,155.86634916438297
2025-12-30T10:40:00Z,155.775,155.792,155.744,155.79,856.0,155.783,155.797,155.85616927579858
2025-12-30T10:45:00Z,155.791,155.833,155.782,155.808,699.0,155.799,155.818,155.8497467056921
2025-12-30T10:50:00Z,155.808,155.824,155.783,155.784,584.0,155.776,155.792,155.8409804782665
2025-12-30T10:55:00Z,155.784,155.856,155.776,155.853,699.0,155.845,155.861,155.8425830811643
2025-12-30T11:00:00Z,155.854,155.867,155.83,155.856,736.0,155.848,155.864,155.84437200367572
2025-12-30T11:05:00Z,155.856,155.872,155.827,155.846,753.0,155.839,155.853,155.8445890698523
2025-12-30T11:10:00Z,155.845,155.858,155.83,155.85,625.0,155.843,155.858,155.84531052720533
2025-12-30T11:15:00Z,155.849,155.858,155.846,155.848,415.0,155.841,155.856,155.84566912357795
2025-12-30T11:20:00Z,155.848,155.868,155.84,155.85,617.0,155.841,155.859,155.84624657376756
2025-12-30T11:25:00Z,155.852,155.871,155.836,155.869,678.0,155.861,155.877,155.84928036393188
2025-12-30T11:30:00Z,155.868,155.869,155.838,155.843,761.0,155.835,155.851,155.8484429820743
2025-12-30T11:35:00Z,155.844,155.892,155.842,155.882,977.0,155.873,155.89,155.85291725113106
2025-12-30T11:40:00Z,155.882,155.904,155.877,155.893,813.0,155.886,155.9,155.85826161764692
2025-12-30T11:45:00Z,155.892,155.948,155.887,155.936,1086.0,155.929,155.944,155.86862673529401
2025-12-30T11:50:00Z,155.937,155.938,155.898,155.912,769.0,155.904,155.921,155.87440983725483
2025-12-30T11:55:00Z,155.912,155.916,155.872,155.894,1053.0,155.886,155.902,155.87702185895418
2025-12-30T12:00:00Z,155.892,155.914,155.886,155.914,909.0,155.905,155.923,155.8819522777603
2025-12-30T12:05:00Z,155.914,155.954,155.906,155.936,978.0,155.926,155.946,155.88915864072558
2025-12-30T12:10:00Z,155.936,155.936,155.908,155.926,799.0,155.918,155.935,155.89407082196217
2025-12-30T12:15:00Z,155.926,155.963,155.924,155.955,792.0,155.947,155.963,155.90219471236722
2025-12-30T12:20:00Z,155.956,156.012,155.954,156.0,937.0,155.991,156.009,155.91523541738493
2025-12-30T12:25:00Z,156.002,156.006,155.971,155.974,628.0,155.964,155.984,155.92307069506694
2025-12-30T12:30:00Z,155.974,155.974,155.951,155.962,619.0,155.954,155.971,155.92826126905803
2025-12-30T12:35:00Z,155.963,155.989,155.959,155.962,873.0,155.954,155.971,155.93275976651697
2025-12-30T12:40:00Z,155.962,155.985,155.958,155.984,763.0,155.975,155.993,155.93959179764803
2025-12-30T12:45:00Z,155.984,155.998,155.971,155.984,951.0,155.976,155.993,155.94551289129498
2025-12-30T12:50:00Z,155.983,155.984,155.958,155.958,524.0,155.95,155.966,155.94717783912233
2025-12-30T12:55:00Z,155.959,155.972,155.946,155.952,870.0,155.944,155.959,155.94782079390603
2025-12-30T13:00:00Z,155.952,155.988,155.948,155.964,1164.0,155.956,155.972,155.94997802138522
2025-12-30T13:05:00Z,155.965,156.037,155.959,156.036,931.0,156.026,156.046,155.96144761853387
2025-12-30T13:10:00Z,156.036,156.104,156.036,156.08,1065.0,156.072,156.087,155.97725460272935
2025-12-30T13:15:00Z,156.078,156.146,156.065,156.113,918.0,156.104,156.122,155.9953539890321
2025-12-30T13:20:00Z,156.112,156.141,156.111,156.116,945.0,156.108,156.124,156.01144012382784
2025-12-30T13:25:00Z,156.118,156.137,156.09,156.136,796.0,156.128,156.145,156.02804810731746
2025-12-30T13:30:00Z,156.138,156.15,156.094,156.103,992.0,156.095,156.111,156.03804169300847
2025-12-30T13:35:00Z,156.104,156.109,156.084,156.105,789.0,156.097,156.113,156.046969467274
2025-12-30T13:40:00Z,156.104,156.126,156.101,156.114,734.0,156.105,156.122,156.0559068716375
2025-12-30T13:45:00Z,156.112,156.136,156.1,156.127,806.0,156.12,156.134,156.06538595541917
2025-12-30T13:50:00Z,156.128,156.142,156.113,156.126,669.0,156.118,156.133,156.07346782802995
2025-12-30T13:55:00Z,156.124,156.214,156.115,156.196,1220.0,156.189,156.204,156.0898054509593
2025-12-30T14:00:00Z,156.197,156.222,156.156,156.177,862.0,156.169,156.185,156.10143139083138
2025-12-30T14:05:00Z,156.179,156.179,156.126,156.128,700.0,156.119,156.136,156.10497387205388
2025-12-30T14:10:00Z,156.128,156.202,156.124,156.198,809.0,156.19,156.207,156.11737735578004
2025-12-30T14:15:00Z,156.196,156.202,156.177,156.182,723.0,156.174,156.19,156.1259937083427
2025-12-30T14:20:00Z,156.182,156.202,156.175,156.189,721.0,156.182,156.196,156.13439454723033
2025-12-30T14:25:00Z,156.188,156.262,156.176,156.238,794.0,156.231,156.245,156.14820860759963
2025-12-30T14:30:00Z,156.238,156.311,156.238,156.291,1166.0,156.283,156.299,156.16724745991968
2025-12-30T14:35:00Z,156.29,156.306,156.261,156.269,1045.0,156.261,156.277,156.18081446526372
2025-12-30T14:40:00Z,156.272,156.294,156.252,156.276,533.0,156.266,156.285,156.19350586989523
2025-12-30T14:45:00Z,156.276,156.305,156.246,156.302,924.0,156.293,156.311,156.2079717539092
2025-12-30T14:50:00Z,156.302,156.305,156.234,156.262,980.0,156.255,156.27,156.21517552005463
2025-12-30T14:55:00Z,156.262,156.32,156.26,156.271,1199.0,156.263,156.279,156.22261878404734
2025-12-30T15:00:00Z,156.272,156.322,156.272,156.308,1072.0,156.3,156.317,156.23400294617437
2025-12-30T15:05:00Z,156.308,156.37,156.307,156.336,916.0,156.329,156.343,156.24760255335113
2025-12-30T15:10:00Z,156.334,156.358,156.294,156.347,680.0,156.338,156.356,156.26085554623765
2025-12-30T15:15:00Z,156.346,156.438,156.346,156.418,1162.0,156.41,156.427,156.28180814007263
2025-12-30T15:20:00Z,156.418,156.456,156.416,156.455,709.0,156.447,156.463,156.30490038806295
2025-12-30T15:25:00Z,156.454,156.494,156.454,156.49,783.0,156.482,156.499,156.32958033632121
2025-12-30T15:30:00Z,156.491,156.502,156.444,156.466,984.0,156.459,156.472,156.34776962481172
2025-12-30T15:35:00Z,156.466,156.504,156.434,156.474,837.0,156.465,156.482,156.3646003415035
2025-12-30T15:40:00Z,156.474,156.568,156.466,156.548,921.0,156.54,156.555,156.38905362930302
2025-12-30T15:45:00Z,156.548,156.563,156.534,156.542,772.0,156.534,156.551,156.40944647872928
2025-12-30T15:50:00Z,156.543,156.546,156.374,156.408,1351.0,156.399,156.417,156.40925361489872
2025-12-30T15:55:00Z,156.408,156.409,156.323,156.329,1905.0,156.32,156.338,156.3985531329122
2025-12-30T16:00:00Z,156.328,156.376,156.306,156.358,1306.0,156.35,156.366,156.39314604852393
2025-12-30T16:05:00Z,156.358,156.371,156.32,156.367,1047.0,156.359,156.375,156.38965990872074
2025-12-30T16:10:00Z,156.366,156.372,156.322,156.325,921.0,156.317,156.333,156.38103858755798
2025-12-30T16:15:00Z,156.324,156.328,156.242,156.27,895.0,156.261,156.28,156.36623344255025
2025-12-30T16:20:00Z,156.27,156.27,156.224,156.24,784.0,156.231,156.248,156.3494023168769
2025-12-30T16:25:00Z,156.24,156.289,156.237,156.276,811.0,156.268,156.283,156.33961534129332
2025-12-30T16:30:00Z,156.277,156.282,156.234,156.275,949.0,156.266,156.284,156.33099996245423
2025-12-30T16:35:00Z,156.276,156.282,156.251,156.27,622.0,156.262,156.277,156.322866634127
2025-12-30T16:40:00Z,156.268,156.284,156.242,156.263,685.0,156.255,156.271,156.3148844162434
2025-12-30T16:45:00Z,156.262,156.268,156.242,156.252,581.0,156.246,156.259,156.30649982741093
2025-12-30T16:50:00Z,156.254,156.276,156.245,156.262,607.0,156.253,156.271,156.30056651708946
2025-12-30T16:55:00Z,156.264,156.278,156.248,156.263,489.0,156.254,156.272,156.2955576481442
2025-12-30T17:00:00Z,156.262,156.284,156.249,156.28,608.0,156.271,156.288,156.2934832950583
2025-12-30T17:05:00Z,156.278,156.338,156.255,156.33,417.0,156.322,156.339,156.29835218905055
2025-12-30T17:10:00Z,156.33,156.352,156.328,156.352,392.0,156.343,156.36,156.30550523051048
2025-12-30T17:15:00Z,156.353,156.402,156.352,156.4,487.0,156.391,156.408,156.31810453310908
2025-12-30T17:20:00Z,156.4,156.408,156.387,156.388,458.0,156.38,156.395,156.32742392869454
2025-12-30T17:25:00Z,156.387,156.39,156.361,156.376,386.0,156.369,156.384,156.33390073820195
2025-12-30T17:30:00Z,156.376,156.4,156.362,156.368,302.0,156.36,156.377,156.33844730644168
2025-12-30T17:35:00Z,156.37,156.386,156.352,156.366,530.0,156.356,156.375,156.34212099891613
2025-12-30T17:40:00Z,156.366,156.375,156.35,156.354,715.0,156.345,156.362,156.34370486572732
2025-12-30T17:45:00Z,156.353,156.373,156.35,156.369,431.0,156.363,156.375,156.347077550297
2025-12-30T17:50:00Z,156.368,156.375,156.356,156.36,504.0,156.351,156.369,156.34880054359076
2025-12-30T17:55:00Z,156.36,156.362,156.328,156.337,550.0,156.331,156.343,156.34722713777865
2025-12-30T18:00:00Z,156.337,156.352,156.322,156.328,887.0,156.32,156.337,156.34466351940816
2025-12-30T18:05:00Z,156.328,156.336,156.311,156.335,858.0,156.329,156.341,156.34337505015375
2025-12-30T18:10:00Z,156.334,156.345,156.324,156.334,722.0,156.327,156.342,156.34212504346658
2025-12-30T18:15:00Z,156.335,156.344,156.322,156.338,591.0,156.332,156.345,156.34157503767105
2025-12-30T18:20:00Z,156.338,156.37,156.338,156.358,546.0,156.351,156.365,156.34376503264824
2025-12-30T18:25:00Z,156.358,156.358,156.34,156.346,685.0,156.34,156.352,156.34406302829515
2025-12-30T18:30:00Z,156.347,156.368,156.345,156.354,561.0,156.347,156.362,156.3453879578558
2025-12-30T18:35:00Z,156.355,156.392,156.354,156.388,466.0,156.38,156.395,156.35106956347502
2025-12-30T18:40:00Z,156.387,156.408,156.374,156.396,379.0,156.387,156.404,156.35706028834502
2025-12-30T18:45:00Z,156.396,156.422,156.395,156.408,633.0,156.4,156.415,156.36385224989903
2025-12-30T18:50:00Z,156.407,156.426,156.383,156.421,373.0,156.412,156.43,156.3714719499125
2025-12-30T18:55:00Z,156.422,156.432,156.402,156.404,505.0,156.39,156.419,156.3758090232575
2025-12-30T19:00:00Z,156.404,156.467,156.402,156.456,463.0,156.449,156.464,156.38650115348983
2025-12-30T19:05:00Z,156.457,156.476,156.426,156.43,411.0,156.421,156.438,156.3923009996912
2025-12-30T19:10:00Z,156.429,156.437,156.393,156.406,261.0,156.397,156.415,156.3941275330657
2025-12-30T19:15:00Z,156.406,156.416,156.392,156.398,374.0,156.39,156.405,156.3946438619903
2025-12-30T19:20:00Z,156.398,156.406,156.38,156.392,513.0,156.385,156.399,156.39429134705824
2025-12-30T19:25:00Z,156.394,156.405,156.379,156.382,504.0,156.374,156.391,156.3926525007838
2025-12-30T19:30:00Z,156.384,156.432,156.378,156.43,567.0,156.421,156.438,156.39763216734596
2025-12-30T19:35:00Z,156.429,156.439,156.416,156.426,428.0,156.418,156.434,156.40141454503316
2025-12-30T19:40:00Z,156.426,156.446,156.426,156.437,291.0,156.428,156.446,156.4061592723621
2025-12-30T19:45:00Z,156.436,156.488,156.4,156.48,615.0,156.471,156.488,156.41600470271382
2025-12-30T19:50:00Z,156.478,156.518,156.459,156.515,655.0,156.508,156.522,156.4292040756853
2025-12-30T19:55:00Z,156.514,156.525,156.49,156.498,818.0,156.49,156.506,156.43837686559394
2025-12-30T20:00:00Z,156.493,156.493,156.466,156.475,641.0,156.467,156.483,156.4432599501814
2025-12-30T20:05:00Z,156.474,156.475,156.451,156.463,317.0,156.454,156.472,156.44589195682389
2025-12-30T20:10:00Z,156.462,156.462,156.436,156.45,524.0,156.442,156.457,156.44643969591405
2025-12-30T20:15:00Z,156.449,156.454,156.438,156.452,440.0,156.443,156.461,156.44718106979218
2025-12-30T20:20:00Z,156.453,156.46,156.429,156.438,319.0,156.43,156.446,156.44595692715322
2025-12-30T20:25:00Z,156.44,156.456,156.436,156.454,603.0,156.446,156.462,156.44702933686614
2025-12-30T20:30:00Z,156.455,156.46,156.441,156.452,470.0,156.444,156.459,156.44769209195067
2025-12-30T20:35:00Z,156.454,156.465,156.45,156.452,447.0,156.443,156.461,156.44826647969057
2025-12-30T20:40:00Z,156.452,156.46,156.448,156.449,315.0,156.44,156.458,156.4483642823985
2025-12-30T20:45:00Z,156.45,156.466,156.44,156.442,637.0,156.433,156.45,156.44751571141205
2025-12-30T20:50:00Z,156.442,156.486,156.436,156.478,430.0,156.47,156.487,156.4515802832238
2025-12-30T20:55:00Z,156.477,156.5,156.463,156.466,435.0,156.458,156.474,156.45350291212728
2025-12-30T21:00:00Z,156.466,156.467,156.403,156.421,651.0,156.412,156.43,156.4491691905103
2025-12-30T21:05:00Z,156.42,156.44,156.42,156.425,413.0,156.415,156.435,156.4459466317756
2025-12-30T21:10:00Z,156.424,156.432,156.413,156.426,234.0,156.416,156.435,156.44328708087218
2025-12-30T21:15:00Z,156.427,156.434,156.412,156.43,221.0,156.422,156.438,156.44151547008923
2025-12-30T21:20:00Z,156.428,156.444,156.428,156.44,288.0,156.432,156.449,156.44131340741066
2025-12-30T21:25:00Z,156.441,156.446,156.414,156.418,313.0,156.409,156.426,156.43820495308924
2025-12-30T21:30:00Z,156.416,156.445,156.414,156.435,176.0,156.427,156.443,156.43777762601067
2025-12-30T21:35:00Z,156.436,156.439,156.433,156.438,43.0,156.429,156.447,156.4378072758759
2025-12-30T21:40:00Z,156.439,156.44,156.414,156.424,288.0,156.415,156.434,156.43596630575914
2025-12-30T21:45:00Z,156.426,156.426,156.409,156.414,422.0,156.406,156.423,156.43303746499126
2025-12-30T21:50:00Z,156.415,156.43,156.409,156.428,209.0,156.419,156.438,156.43236580299242
2025-12-30T21:55:00Z,156.429,156.436,156.418,156.421,443.0,156.41,156.432,156.43085036259345
2025-12-30T22:00:00Z,156.367,156.367,156.367,156.367,1.0,156.317,156.417,156.4223369809143
2025-12-30T22:05:00Z,156.373,156.377,156.373,156.377,2.0,156.327,156.427,156.41629205012575
2025-12-30T22:10:00Z,156.373,156.373,156.366,156.368,11.0,156.319,156.416,156.409853110109
2025-12-30T22:15:00Z,156.367,156.376,156.361,156.376,69.0,156.326,156.426,156.40533936209448
2025-12-30T22:20:00Z,156.38,156.384,156.38,156.384,2.0,156.334,156.434,156.4024941138152
2025-12-30T22:25:00Z,156.392,156.392,156.387,156.387,4.0,156.337,156.437,156.4004282319732
2025-12-30T22:30:00Z,156.391,156.391,156.372,156.375,73.0,156.346,156.404,156.39703780104344
2025-12-30T22:35:00Z,156.374,156.386,156.373,156.384,285.0,156.348,156.42,156.395299427571
2025-12-30T22:40:00Z,156.388,156.392,156.378,156.388,464.0,156.362,156.414,156.39432617056153
2025-12-30T22:45:00Z,156.386,156.393,156.381,156.392,325.0,156.372,156.412,156.39401601448665
2025-12-30T22:50:00Z,156.39,156.395,156.382,156.386,169.0,156.359,156.414,156.3929472125551
2025-12-30T22:55:00Z,156.388,156.403,156.384,156.4,247.0,156.357,156.444,156.39388758421444
2025-12-30T23:00:00Z,156.39,156.404,156.334,156.336,144.0,156.326,156.346,156.38616923965253
2025-12-30T23:05:00Z,156.342,156.372,156.342,156.371,44.0,156.361,156.381,156.38414667436552
2025-12-30T23:10:00Z,156.37,156.378,156.357,156.362,72.0,156.351,156.374,156.38119378445012
2025-12-30T23:15:00Z,156.363,156.381,156.362,156.378,312.0,156.369,156.387,156.38076794652343
2025-12-30T23:20:00Z,156.38,156.382,156.378,156.382,56.0,156.37,156.393,156.38093222032032
2025-12-30T23:25:00Z,156.382,156.41,156.38,156.402,207.0,156.392,156.413,156.38374125761095
2025-12-30T23:30:00Z,156.404,156.426,156.392,156.422,65.0,156.412,156.431,156.38884242326282
2025-12-30T23:35:00Z,156.424,156.437,156.423,156.426,96.0,156.417,156.436,156.3937967668278
2025-12-30T23:40:00Z,156.426,156.428,156.425,156.428,45.0,156.419,156.437,156.39835719791742
2025-12-30T23:45:00Z,156.43,156.467,156.43,156.453,185.0,156.445,156.461,156.40564290486176
2025-12-30T23:50:00Z,156.453,156.454,156.415,156.415,123.0,156.406,156.424,156.40689051754686
2025-12-30T23:55:00Z,156.416,156.423,156.402,156.402,75.0,156.395,156.409,156.40623844854062
2025-12-31T00:00:00Z,156.4,156.406,156.352,156.352,502.0,156.344,156.361,156.39900665540188
2025-12-31T00:05:00Z,156.353,156.374,156.332,156.368,319.0,156.358,156.377,156.39487243468162
2025-12-31T00:10:00Z,156.369,156.398,156.356,156.394,230.0,156.384,156.403,156.39475611005741
2025-12-31T00:15:00Z,156.393,156.434,156.382,156.418,401.0,156.41,156.427,156.3978552953831
2025-12-31T00:20:00Z,156.419,156.452,156.41,156.417,468.0,156.408,156.426,156.40040792266535
2025-12-31T00:25:00Z,156.416,156.428,156.4,156.402,298.0,156.392,156.411,156.4006201996433
2025-12-31T00:30:00Z,156.402,156.456,156.402,156.434,404.0,156.424,156.443,156.40507083969086
2025-12-31T00:35:00Z,156.433,156.462,156.424,156.454,569.0,156.445,156.463,156.41159472773208
2025-12-31T00:40:00Z,156.454,156.468,156.436,156.449,509.0,156.441,156.457,156.4165820973678
2025-12-31T00:45:00Z,156.449,156.458,156.423,156.442,640.0,156.432,156.451,156.4199711510521
2025-12-31T00:50:00Z,156.444,156.454,156.372,156.38,669.0,156.371,156.388,156.41464166424515
2025-12-31T00:55:00Z,156.38,156.394,156.35,156.394,599.0,156.385,156.404,156.4118894423458
2025-12-31T01:00:00Z,156.395,156.432,156.36,156.43,816.0,156.42,156.439,156.41430418336637
2025-12-31T01:05:00Z,156.43,156.452,156.376,156.395,572.0,156.387,156.403,156.41173029225087
2025-12-31T01:10:00Z,156.394,156.416,156.386,156.406,424.0,156.399,156.414,156.4109662532841
2025-12-31T01:15:00Z,156.404,156.409,156.38,156.392,495.0,156.385,156.399,156.4084374195129
