time,open,high,low,close,volume,bid_close,ask_close,close_ema_14
2025-12-04T11:40:00Z,154.576,154.618,154.555,154.617,750.0,154.609,154.625,154.617
2025-12-04T11:45:00Z,154.618,154.632,154.606,154.627,669.0,154.619,154.635,154.61833333333334
2025-12-04T11:50:00Z,154.626,154.642,154.6,154.605,691.0,154.597,154.613,154.61655555555555
2025-12-04T11:55:00Z,154.604,154.606,154.524,154.53,1315.0,154.522,154.539,154.6050148148148
2025-12-04T12:00:00Z,154.53,154.589,154.509,154.58,1287.0,154.571,154.588,154.60167950617284
2025-12-04T12:05:00Z,154.578,154.618,154.541,154.554,1114.0,154.546,154.563,154.59532223868314
2025-12-04T12:10:00Z,154.554,154.566,154.526,154.542,880.0,154.535,154.549,154.58821260685872
2025-12-04T12:15:00Z,154.542,154.568,154.53,154.554,1015.0,154.546,154.562,154.58365092594423
2025-12-04T12:20:00Z,154.554,154.596,154.534,154.583,804.0,154.574,154.592,154.58356413581834
2025-12-04T12:25:00Z,154.582,154.618,154.568,154.578,918.0,154.57,154.587,154.58282225104256
2025-12-04T12:30:00Z,154.579,154.67,154.578,154.641,1402.0,154.634,154.648,154.5905792842369
2025-12-04T12:35:00Z,154.64,154.656,154.606,154.654,890.0,154.647,154.66,154.599035379672
2025-12-04T12:40:00Z,154.653,154.693,154.627,154.693,1013.0,154.685,154.701,154.61156399571573
2025-12-04T12:45:00Z,154.692,154.782,154.685,154.729,1731.0,154.721,154.737,154.6272221296203
2025-12-04T12:50:00Z,154.728,154.752,154.7,154.718,1148.0,154.709,154.726,154.63932584567092
2025-12-04T12:55:00Z,154.717,154.717,154.654,154.672,1253.0,154.664,154.68,154.64368239958148
2025-12-04T13:00:00Z,154.67,154.767,154.663,154.762,1380.0,154.754,154.77,154.6594580796373
2025-12-04T13:05:00Z,154.76,154.806,154.747,154.756,1269.0,154.748,154.764,154.67233033568564
2025-12-04T13:10:00Z,154.757,154.802,154.757,154.796,1091.0,154.789,154.804,154.6888196242609
2025-12-04T13:15:00Z,154.796,154.831,154.793,154.818,1119.0,154.809,154.826,154.70604367435945
2025-12-04T13:20:00Z,154.817,154.86,154.81,154.83,1028.0,154.823,154.838,154.72257118444486
2025-12-04T13:25:00Z,154.831,154.847,154.794,154.824,947.0,154.81,154.837,154.73609502651888
2025-12-04T13:30:00Z,154.826,155.062,154.826,154.9,3503.0,154.892,154.909,154.75794902298304
2025-12-04T13:35:00Z,154.898,154.924,154.828,154.874,2379.0,154.866,154.883,154.7734224865853
2025-12-04T13:40:00Z,154.876,154.905,154.796,154.853,1934.0,154.844,154.862,154.78403282170726
2025-12-04T13:45:00Z,154.852,154.852,154.776,154.78,1845.0,154.773,154.788,154.78349511214628
2025-12-04T13:50:00Z,154.78,154.872,154.78,154.846,1732.0,154.838,154.854,154.79182909719344
2025-12-04T13:55:00Z,154.848,154.854,154.792,154.804,2217.0,154.796,154.813,154.79345188423432
2025-12-04T14:00:00Z,154.804,154.804,154.728,154.757,2008.0,154.749,154.765,154.78859163300308
2025-12-04T14:05:00Z,154.758,154.789,154.742,154.751,1533.0,154.743,154.759,154.78357941526934
2025-12-04T14:10:00Z,154.752,154.78,154.71,154.72,1393.0,154.711,154.729,154.77510215990011
2025-12-04T14:15:00Z,154.721,154.747,154.616,154.622,1530.0,154.615,154.629,154.7546885385801
2025-12-04T14:20:00Z,154.621,154.647,154.56,154.612,1682.0,154.604,154.619,154.73566340010277
2025-12-04T14:25:00Z,154.611,154.648,154.596,154.602,1425.0,154.595,154.61,154.7178416134224
2025-12-04T14:30:00Z,154.602,154.64,154.574,154.62,2427.0,154.613,154.627,154.70479606496608
2025-12-04T14:35:00Z,154.618,154.696,154.614,154.66,2546.0,154.653,154.668,154.69882325630394
2025-12-04T14:40:00Z,154.662,154.778,154.658,154.758,2234.0,154.749,154.767,154.70671348879674
2025-12-04T14:45:00Z,154.758,154.83,154.756,154.818,2197.0,154.81,154.825,154.7215516902905
2025-12-04T14:50:00Z,154.818,154.856,154.799,154.815,2364.0,154.807,154.823,154.73401146491844
2025-12-04T14:55:00Z,154.816,154.826,154.739,154.763,1613.0,154.756,154.77,154.7378766029293
2025-12-04T15:00:00Z,154.766,154.82,154.724,154.812,1301.0,154.805,154.818,154.74775972253875
2025-12-04T15:05:00Z,154.813,154.898,154.794,154.872,1965.0,154.863,154.88,154.76432509286693
2025-12-04T15:10:00Z,154.872,154.898,154.8,154.804,1688.0,154.795,154.813,154.76961508048467
2025-12-04T15:15:00Z,154.804,154.806,154.755,154.774,1087.0,154.766,154.781,154.77019973642004
2025-12-04T15:20:00Z,154.774,154.793,154.702,154.704,1184.0,154.696,154.711,154.7613731048974
2025-12-04T15:25:00Z,154.704,154.712,154.658,154.674,1613.0,154.665,154.682,154.74972335757775
2025-12-04T15:30:00Z,154.672,154.696,154.646,154.651,1660.0,154.643,154.659,154.73656024323407
2025-12-04T15:35:00Z,154.652,154.67,154.602,154.644,1537.0,154.637,154.652,154.72421887746953
2025-12-04T15:40:00Z,154.645,154.653,154.562,154.562,1253.0,154.554,154.571,154.70258969380694
2025-12-04T15:45:00Z,154.564,154.637,154.556,154.603,1341.0,154.596,154.61,154.68931106796603
2025-12-04T15:50:00Z,154.602,154.67,154.602,154.615,1342.0,154.607,154.623,154.67940292557057
2025-12-04T15:55:00Z,154.616,154.647,154.607,154.634,1571.0,154.625,154.642,154.67334920216118
2025-12-04T16:00:00Z,154.633,154.708,154.632,154.706,1379.0,154.698,154.713,154.67770264187303
2025-12-04T16:05:00Z,154.706,154.76,154.706,154.736,1488.0,154.727,154.744,154.68547562295663
2025-12-04T16:10:00Z,154.735,154.758,154.717,154.744,1313.0,154.738,154.75,154.69327887322908
2025-12-04T16:15:00Z,154.746,154.749,154.686,154.695,1249.0,154.687,154.703,154.69350835679853
2025-12-04T16:20:00Z,154.696,154.737,154.687,154.735,1001.0,154.727,154.743,154.69904057589207
2025-12-04T16:25:00Z,154.734,154.764,154.716,154.758,1202.0,154.751,154.765,154.7069018324398
2025-12-04T16:30:00Z,154.758,154.822,154.758,154.805,1233.0,154.797,154.813,154.7199815881145
2025-12-04T16:35:00Z,154.805,154.871,154.805,154.866,1409.0,154.858,154.873,154.73945070969924
2025-12-04T16:40:00Z,154.866,154.899,154.855,154.888,1106.0,154.882,154.894,154.75925728173934
2025-12-04T16:45:00Z,154.889,154.914,154.859,154.914,1226.0,154.906,154.921,154.7798896441741
2025-12-04T16:50:00Z,154.914,154.919,154.864,154.901,1084.0,154.893,154.909,154.79603769161756
2025-12-04T16:55:00Z,154.902,154.916,154.89,154.908,804.0,154.902,154.914,154.81096599940187
2025-12-04T17:00:00Z,154.908,154.948,154.896,154.946,1030.0,154.938,154.953,154.82897053281496
2025-12-04T17:05:00Z,154.946,154.968,154.906,154.956,1047.0,154.947,154.964,154.8459077951063
2025-12-04T17:10:00Z,154.958,154.96,154.932,154.942,846.0,154.935,154.95,154.85872008909215
2025-12-04T17:15:00Z,154.942,154.964,154.93,154.932,1010.0,154.925,154.94,154.86849074387987
2025-12-04T17:20:00Z,154.933,154.936,154.914,154.92,711.0,154.912,154.927,154.8753586446959
2025-12-04T17:25:00Z,154.918,154.92,154.888,154.896,1099.0,154.889,154.903,154.8781108254031
2025-12-04T17:30:00Z,154.896,154.95,154.896,154.946,849.0,154.938,154.953,154.88716271534935
2025-12-04T17:35:00Z,154.946,154.958,154.928,154.936,756.0,154.928,154.944,154.89367435330277
2025-12-04T17:40:00Z,154.936,154.956,154.894,154.95,618.0,154.942,154.957,154.90118443952906
2025-12-04T17:45:00Z,154.95,154.964,154.923,154.934,681.0,154.926,154.941,154.90555984759186
2025-12-04T17:50:00Z,154.935,154.95,154.922,154.922,744.0,154.916,154.929,154.90775186791296
2025-12-04T17:55:00Z,154.924,154.952,154.923,154.938,700.0,154.93,154.947,154.91178495219123
2025-12-04T18:00:00Z,154.94,154.966,154.937,154.946,862.0,154.937,154.955,154.91634695856573
2025-12-04T18:05:00Z,154.948,154.981,154.936,154.975,866.0,154.967,154.983,154.9241673640903
2025-12-04T18:10:00Z,154.975,154.989,154.961,154.964,988.0,154.955,154.972,154.92947838221158
2025-12-04T18:15:00Z,154.963,154.964,154.93,154.934,738.0,154.927,154.942,154.93008126458338
2025-12-04T18:20:00Z,154.935,154.936,154.91,154.91,866.0,154.903,154.917,154.92740376263893
2025-12-04T18:25:00Z,154.91,154.931,154.897,154.922,782.0,154.915,154.928,154.92668326095375
2025-12-04T18:30:00Z,154.922,154.95,154.913,154.948,1168.0,154.94,154.957,154.9295254928266
2025-12-04T18:35:00Z,154.949,154.961,154.923,154.926,675.0,154.917,154.936,154.9290554271164
2025-12-04T18:40:00Z,154.926,154.936,154.908,154.912,858.0,154.902,154.921,154.92678137016753
2025-12-04T18:45:00Z,154.911,154.954,154.908,154.948,623.0,154.941,154.956,154.92961052081188
2025-12-04T18:50:00Z,154.949,154.976,154.948,154.968,653.0,154.96,154.977,154.93472911803696
2025-12-04T18:55:00Z,154.969,154.995,154.96,154.987,833.0,154.979,154.995,154.94169856896536
2025-12-04T19:00:00Z,154.988,154.994,154.97,154.972,862.0,154.963,154.98,154.94573875977
2025-12-04T19:05:00Z,154.976,155.01,154.968,155.006,668.0,154.997,155.015,154.95377359180065
2025-12-04T19:10:00Z,155.006,155.022,154.992,154.996,686.0,154.987,155.004,154.95940377956057
2025-12-04T19:15:00Z,154.994,154.999,154.967,154.992,448.0,154.985,154.999,154.96374994228583
2025-12-04T19:20:00Z,154.992,154.994,154.956,154.963,1086.0,154.956,154.97,154.96364994998106
2025-12-04T19:25:00Z,154.964,155.004,154.962,154.989,904.0,154.983,154.995,154.96702995665026
2025-12-04T19:30:00Z,154.989,155.002,154.98,154.995,555.0,154.987,155.003,154.97075929576357
2025-12-04T19:35:00Z,154.996,154.996,154.981,154.994,1126.0,154.985,155.003,154.97385805632842
2025-12-04T19:40:00Z,154.996,155.002,154.986,154.991,1046.0,154.982,155.0,154.97614364881798
2025-12-04T19:45:00Z,154.99,154.999,154.983,154.996,1017.0,154.988,155.005,154.9787911623089
2025-12-04T19:50:00Z,154.996,155.005,154.986,155.004,843.0,154.996,155.011,154.9821523406677
2025-12-04T19:55:00Z,155.003,155.042,155.0,155.018,668.0,155.011,155.024,154.98693202857868
2025-12-04T20:00:00Z,155.017,155.055,155.017,155.033,753.0,155.026,155.04,154.9930744247682
2025-12-04T20:05:00Z,155.034,155.038,155.002,155.006,1322.0,154.998,155.013,154.9947978347991
2025-12-04T20:10:00Z,155.006,155.028,155.005,155.016,761.0,155.008,155.024,154.99762479015922
2025-12-04T20:15:00Z,155.016,155.026,154.996,155.02,1263.0,155.011,155.029,155.00060815147134
2025-12-04T20:20:00Z,155.02,155.024,155.006,155.021,1273.0,155.014,155.028,155.0033270646085
2025-12-04T20:25:00Z,155.02,155.038,155.018,155.036,405.0,155.027,155.044,155.00768345599403
2025-12-04T20:30:00Z,155.036,155.048,155.024,155.044,1182.0,155.036,155.051,155.0125256618615
2025-12-04T20:35:00Z,155.044,155.078,155.041,155.074,1817.0,155.066,155.083,155.02072224027998
2025-12-04T20:40:00Z,155.074,155.084,155.058,155.074,1639.0,155.065,155.083,155.027825941576
2025-12-04T20:45:00Z,155.074,155.091,155.07,155.09,910.0,155.084,155.096,155.03611581603255
2025-12-04T20:50:00Z,155.09,155.134,155.082,155.098,847.0,155.09,155.107,155.04436704056155
2025-12-04T20:55:00Z,155.1,155.122,155.094,155.105,992.0,155.096,155.114,155.05245143515336
2025-12-04T21:00:00Z,155.106,155.108,155.093,155.095,402.0,155.087,155.103,155.0581245771329
2025-12-04T21:05:00Z,155.096,155.096,155.078,155.084,473.0,155.076,155.092,155.0615746335152
2025-12-04T21:10:00Z,155.086,155.112,155.086,155.105,528.0,155.097,155.113,155.06736468237983
2025-12-04T21:15:00Z,155.104,155.119,155.102,155.116,543.0,155.108,155.125,155.07384939139587
2025-12-04T21:20:00Z,155.115,155.138,155.114,155.134,357.0,155.126,155.142,155.08186947254308
2025-12-04T21:25:00Z,155.134,155.138,155.122,155.122,398.0,155.115,155.129,155.08722020953735
2025-12-04T21:30:00Z,155.122,155.126,155.12,155.122,77.0,155.114,155.129,155.09185751493237
2025-12-04T21:35:00Z,155.123,155.129,155.12,155.127,136.0,155.121,155.133,155.09654317960806
2025-12-04T21:40:00Z,155.126,155.128,155.121,155.126,92.0,155.118,155.134,155.10047075566033
2025-12-04T21:45:00Z,155.123,155.146,155.122,155.13,376.0,155.121,155.139,155.10440798823896
2025-12-04T21:50:00Z,155.13,155.131,155.123,155.123,525.0,155.115,155.131,155.10688692314042
2025-12-04T21:55:00Z,155.124,155.134,155.11,155.12,534.0,155.11,155.13,155.10863533338838
2025-12-04T22:00:00Z,155.079,155.079,155.079,155.079,1.0,155.03,155.128,155.10468395560326
2025-12-04T22:05:00Z,155.076,155.082,155.073,155.077,30.0,155.049,155.105,155.10099276152283
2025-12-04T22:10:00Z,155.078,155.078,155.078,155.078,7.0,155.049,155.106,155.09792705998646
2025-12-04T22:15:00Z,155.078,155.088,155.066,155.088,76.0,155.072,155.103,155.09660345198827
2025-12-04T22:20:00Z,155.088,155.09,155.048,155.051,78.0,155.01,155.092,155.09052299172316
2025-12-04T22:25:00Z,155.05,155.081,155.024,155.026,172.0,155.006,155.045,155.08191992616008
2025-12-04T22:30:00Z,155.03,155.075,155.026,155.064,453.0,155.054,155.074,155.07953060267207
2025-12-04T22:35:00Z,155.063,155.066,155.059,155.06,133.0,155.047,155.073,155.0769265223158
2025-12-04T22:40:00Z,155.059,155.06,155.05,155.056,70.0,155.046,155.066,155.07413631934037
2025-12-04T22:45:00Z,155.056,155.056,155.053,155.054,125.0,155.042,155.065,155.07145147676167
2025-12-04T22:50:00Z,155.054,155.057,155.052,155.056,64.0,155.042,155.071,155.06939127986013
2025-12-04T22:55:00Z,155.057,155.062,155.052,155.062,153.0,155.042,155.081,155.06840577587877
2025-12-04T23:00:00Z,155.063,155.109,155.058,155.092,508.0,155.082,155.101,155.07155167242828
2025-12-04T23:05:00Z,155.093,155.122,155.093,155.118,152.0,155.108,155.129,155.0777447827712
2025-12-04T23:10:00Z,155.121,155.156,155.12,155.156,246.0,155.146,155.165,155.08817881173505
2025-12-04T23:15:00Z,155.155,155.162,155.151,155.155,118.0,155.145,155.165,155.0970883035037
2025-12-04T23:20:00Z,155.154,155.162,155.146,155.148,206.0,155.141,155.156,155.10387652970323
2025-12-04T23:25:00Z,155.147,155.148,155.129,155.133,285.0,155.126,155.14,155.10775965907612
2025-12-04T23:30:00Z,155.132,155.157,155.131,155.137,271.0,155.128,155.146,155.1116583711993
2025-12-04T23:35:00Z,155.138,155.138,155.098,155.1,207.0,155.092,155.109,155.11010392170607
2025-12-04T23:40:00Z,155.1,155.112,155.098,155.1,142.0,155.092,155.109,155.10875673214525
2025-12-04T23:45:00Z,155.1,155.133,155.1,155.112,364.0,155.106,155.119,155.10918916785923
2025-12-04T23:50:00Z,155.114,155.166,155.114,155.16,327.0,155.152,155.167,155.115963945478
2025-12-04T23:55:00Z,155.159,155.165,155.134,155.134,251.0,155.125,155.144,155.1183687527476
2025-12-05T00:00:00Z,155.134,155.186,155.102,155.164,967.0,155.155,155.172,155.12445291904794
2025-12-05T00:05:00Z,155.163,155.231,155.156,155.194,941.0,155.188,155.2,155.13372586317487
2025-12-05T00:10:00Z,155.192,155.208,155.159,155.172,538.0,155.165,155.18,155.13882908141824
2025-12-05T00:15:00Z,155.174,155.206,155.163,155.2,654.0,155.193,155.208,155.1469852038958
2025-12-05T00:20:00Z,155.2,155.202,155.164,155.166,496.0,155.158,155.174,155.14952051004303
2025-12-05T00:25:00Z,155.17,155.17,155.108,155.113,675.0,155.105,155.121,155.14465110870395
2025-12-05T00:30:00Z,155.112,155.188,155.102,155.183,819.0,155.175,155.191,155.1497642942101
2025-12-05T00:35:00Z,155.182,155.185,155.123,155.138,516.0,155.128,155.148,155.14819572164876
2025-12-05T00:40:00Z,155.138,155.144,155.086,155.134,818.0,155.126,155.142,155.14630295876225
2025-12-05T00:45:00Z,155.134,155.164,155.124,155.148,937.0,155.139,155.158,155.14652923092729
2025-12-05T00:50:00Z,155.148,155.149,155.05,155.053,1274.0,155.045,155.061,155.13405866680364
2025-12-05T00:55:00Z,155.053,155.074,154.952,154.971,1188.0,154.964,154.978,155.11231751122983
2025-12-05T01:00:00Z,154.972,155.005,154.941,154.994,1469.0,154.985,155.002,155.09654184306586
2025-12-05T01:05:00Z,154.994,154.994,154.92,154.92,930.0,154.91,154.929,155.07300293065708
2025-12-05T01:10:00Z,154.918,154.968,154.916,154.962,672.0,154.953,154.972,155.05820253990282
2025-12-05T01:15:00Z,154.962,154.998,154.944,154.959,567.0,154.951,154.967,155.04497553458245
2025-12-05T01:20:00Z,154.964,154.995,154.964,154.982,504.0,154.973,154.991,155.03657879663814
2025-12-05T01:25:00Z,154.98,155.086,154.972,155.077,866.0,155.068,155.086,155.04196829041973
2025-12-05T01:30:00Z,155.078,155.1,155.011,155.02,854.0,155.011,155.028,155.03903918503045
2025-12-05T01:35:00Z,155.02,155.077,155.016,155.074,484.0,155.065,155.083,155.0437006270264
2025-12-05T01:40:00Z,155.074,155.078,155.007,155.014,463.0,155.006,155.023,155.03974054342288
2025-12-05T01:45:00Z,155.014,155.017,154.966,154.994,605.0,154.984,155.003,155.03364180429983
2025-12-05T01:50:00Z,154.994,155.018,154.972,154.994,754.0,154.986,155.002,155.0283562303932
2025-12-05T01:55:00Z,154.995,155.048,154.992,155.018,893.0,155.009,155.027,155.02697539967411
2025-12-05T02:00:00Z,155.016,155.044,155.005,155.028,772.0,155.02,155.037,155.0271120130509
2025-12-05T02:05:00Z,155.028,155.064,155.02,155.039,600.0,155.029,155.049,155.02869707797745
2025-12-05T02:10:00Z,155.038,155.058,155.026,155.054,368.0,155.045,155.063,155.0320708009138
2025-12-05T02:15:00Z,155.054,155.077,155.04,155.076,400.0,155.07,155.083,155.03792802745863
2025-12-05T02:20:00Z,155.076,155.088,155.067,155.079,305.0,155.073,155.085,155.04340429046414
2025-12-05T02:25:00Z,155.08,155.104,155.066,155.093,556.0,155.087,155.099,155.05001705173558
2025-12-05T02:30:00Z,155.092,155.092,155.069,155.077,475.0,155.069,155.085,155.05361477817084
2025-12-05T02:35:00Z,155.078,155.088,155.041,155.042,389.0,155.034,155.049,155.0520661410814
2025-12-05T02:40:00Z,155.04,155.077,155.022,155.068,493.0,155.061,155.075,155.0541906556039
2025-12-05T02:45:00Z,155.068,155.074,155.052,155.073,431.0,155.065,155.081,155.05669856819003
2025-12-05T02:50:00Z,155.074,155.076,155.041,155.042,431.0,155.034,155.051,155.05473875909803
2025-12-05T02:55:00Z,155.041,155.054,155.028,155.054,475.0,155.044,155.063,155.05464025788496
2025-12-05T03:00:00Z,155.054,155.066,155.04,155.05,421.0,155.043,155.058,155.05402155683365
2025-12-05T03:05:00Z,155.051,155.066,155.05,155.064,462.0,155.056,155.071,155.0553520159225
2025-12-05T03:10:00Z,155.058,155.066,155.044,155.057,339.0,155.048,155.066,155.05557174713283
2025-12-05T03:15:00Z,155.058,155.086,155.056,155.077,442.0,155.068,155.086,155.05842884751513
2025-12-05T03:20:00Z,155.076,155.08,155.062,155.076,393.0,155.067,155.086,155.06077166784644
2025-12-05T03:25:00Z,155.077,155.14,155.074,155.136,451.0,155.127,155.146,155.07080211213358
2025-12-05T03:30:00Z,155.138,155.159,155.122,155.135,539.0,155.127,155.143,155.07936183051578
2025-12-05T03:35:00Z,155.134,155.135,155.108,155.112,430.0,155.104,155.121,155.083713586447
2025-12-05T03:40:00Z,155.113,155.128,155.106,155.124,411.0,155.115,155.133,155.08908510825407
2025-12-05T03:45:00Z,155.124,155.132,155.11,155.127,338.0,155.118,155.136,155.09414042715352
2025-12-05T03:50:00Z,155.126,155.144,155.116,155.137,348.0,155.129,155.145,155.0998550368664
2025-12-05T03:55:00Z,155.136,155.139,155.112,155.122,414.0,155.115,155.13,155.10280769861754
2025-12-05T04:00:00Z,155.122,155.127,155.084,155.104,806.0,155.098,155.111,155.1029666721352
2025-12-05T04:05:00Z,155.105,155.113,155.063,155.068,521.0,155.058,155.078,155.09830444918384
2025-12-05T04:10:00Z,155.066,155.076,155.056,155.064,443.0,155.056,155.072,155.093730522626
2025-12-05T04:15:00Z,155.064,155.068,155.038,155.052,365.0,155.043,155.061,155.08816645294254
2025-12-05T04:20:00Z,155.052,155.052,155.027,155.052,368.0,155.043,155.061,155.0833442592169
2025-12-05T04:25:00Z,155.052,155.052,154.802,154.91,2445.0,154.901,154.918,155.06023169132132
2025-12-05T04:30:00Z,154.911,154.982,154.89,154.958,1524.0,154.951,154.966,155.04660079914515
2025-12-05T04:35:00Z,154.959,155.032,154.954,154.994,1180.0,154.984,155.003,155.03958735925914
2025-12-05T04:40:00Z,154.993,154.995,154.95,154.962,855.0,154.953,154.971,155.0292423780246
2025-12-05T04:45:00Z,154.962,154.967,154.91,154.934,797.0,154.927,154.941,155.016543394288
2025-12-05T04:50:00Z,154.934,154.944,154.882,154.91,712.0,154.902,154.918,155.00233760838293
2025-12-05T04:55:00Z,154.914,154.938,154.911,154.92,660.0,154.912,154.929,154.99135926059856
2025-12-05T05:00:00Z,154.922,154.922,154.84,154.872,1009.0,154.865,154.878,154.97544469251875
2025-12-05T05:05:00Z,154.872,154.909,154.86,154.902,842.0,154.893,154.912,154.96565206684957
2025-12-05T05:10:00Z,154.902,154.904,154.853,154.882,701.0,154.873,154.891,154.9544984579363
2025-12-05T05:15:00Z,154.884,154.897,154.824,154.832,853.0,154.823,154.84,154.93816533021146
2025-12-05T05:20:00Z,154.83,154.832,154.782,154.786,841.0,154.777,154.796,154.9178766195166
2025-12-05T05:25:00Z,154.787,154.788,154.714,154.734,708.0,154.727,154.742,154.8933597369144
2025-12-05T05:30:00Z,154.734,154.734,154.643,154.646,1032.0,154.639,154.653,154.86037843865915
2025-12-05T05:35:00Z,154.644,154.65,154.56,154.562,1048.0,154.553,154.571,154.82059464683795
2025-12-05T05:40:00Z,154.562,154.647,154.555,154.647,1098.0,154.638,154.656,154.7974486939262
2025-12-05T05:45:00Z,154.646,154.647,154.572,154.612,761.0,154.603,154.62,154.77272220140273
2025-12-05T05:50:00Z,154.611,154.617,154.574,154.575,949.0,154.567,154.583,154.7463592412157
2025-12-05T05:55:00Z,154.574,154.652,154.545,154.601,1130.0,154.593,154.609,154.72697800905362
2025-12-05T06:00:00Z,154.598,154.63,154.584,154.624,879.0,154.616,154.633,154.71324760784648
2025-12-05T06:05:00Z,154.624,154.648,154.608,154.614,868.0,154.606,154.621,154.70001459346696
2025-12-05T06:10:00Z,154.614,154.68,154.614,154.674,634.0,154.667,154.682,154.6965459810047
2025-12-05T06:15:00Z,154.672,154.701,154.625,154.625,703.0,154.617,154.633,154.68700651687075
2025-12-05T06:20:00Z,154.625,154.651,154.608,154.616,835.0,154.609,154.624,154.677538981288
2025-12-05T06:25:00Z,154.613,154.678,154.588,154.594,982.0,154.587,154.6,154.6664004504496
2025-12-05T06:30:00Z,154.594,154.636,154.588,154.589,967.0,154.581,154.597,154.65608039038966
2025-12-05T06:35:00Z,154.588,154.594,154.46,154.478,1740.0,154.47,154.485,154.63233633833772
2025-12-05T06:40:00Z,154.477,154.541,154.461,154.528,1302.0,154.52,154.537,154.61842482655936
2025-12-05T06:45:00Z,154.528,154.604,154.528,154.586,836.0,154.578,154.594,154.61410151635147
2025-12-05T06:50:00Z,154.586,154.608,154.548,154.562,1173.0,154.553,154.57,154.60715464750461
2025-12-05T06:55:00Z,154.562,154.574,154.526,154.573,1121.0,154.567,154.579,154.60260069450402
2025-12-05T07:00:00Z,154.572,154.632,154.512,154.631,1102.0,154.622,154.64,154.60638726857016
2025-12-05T07:05:00Z,154.632,154.652,154.53,154.542,1366.0,154.534,154.551,154.59780229942749
2025-12-05T07:10:00Z,154.542,154.556,154.49,154.517,1188.0,154.51,154.524,154.58702865950383
2025-12-05T07:15:00Z,154.52,154.614,154.513,154.586,1182.0,154.577,154.595,154.58689150490332
2025-12-05T07:20:00Z,154.586,154.588,154.503,154.514,1162.0,154.506,154.523,154.5771726375829
2025-12-05T07:25:00Z,154.514,154.516,154.392,154.419,1758.0,154.411,154.427,154.55608295257184
2025-12-05T07:30:00Z,154.418,154.456,154.343,154.417,1567.0,154.409,154.425,154.5375385588956
2025-12-05T07:35:00Z,154.416,154.482,154.402,154.417,1344.0,154.41,154.424,154.52146675104285
2025-12-05T07:40:00Z,154.416,154.527,154.394,154.52,1550.0,154.512,154.528,154.52127118423715
2025-12-05T07:45:00Z,154.518,154.578,154.515,154.563,1347.0,154.554,154.572,154.52683502633886
2025-12-05T07:50:00Z,154.562,154.576,154.522,154.572,1300.0,154.563,154.582,154.53285702282702
2025-12-05T07:55:00Z,154.573,154.652,154.573,154.63,1474.0,154.622,154.638,154.5458094197834
2025-12-05T08:00:00Z,154.63,154.698,154.607,154.696,1945.0,154.69,154.703,154.56583483047896
2025-12-05T08:05:00Z,154.697,154.778,154.692,154.774,1438.0,154.765,154.783,154.5935901864151
2025-12-05T08:10:00Z,154.771,154.837,154.762,154.8,1698.0,154.792,154.807,154.62111149489309
2025-12-05T08:15:00Z,154.8,154.806,154.739,154.75,1112.0,154.742,154.758,154.63829662890734
2025-12-05T08:20:00Z,154.75,154.768,154.716,154.73,1226.0,154.722,154.737,154.65052374505302
2025-12-05T08:25:00Z,154.728,154.807,154.728,154.775,1488.0,154.767,154.783,154.66712057904596
2025-12-05T08:30:00Z,154.774,154.839,154.769,154.808,1323.0,154.8,154.817,154.68590450183984
2025-12-05T08:35:00Z,154.808,154.833,154.758,154.778,1092.0,154.769,154.786,154.69818390159455
2025-12-05T08:40:00Z,154.78,154.786,154.76,154.772,857.0,154.764,154.78,154.70802604804862
2025-12-05T08:45:00Z,154.773,154.885,154.773,154.838,1189.0,154.831,154.844,154.7253559083088
2025-12-05T08:50:00Z,154.838,154.893,154.834,154.888,901.0,154.881,154.894,154.74704178720097
2025-12-05T08:55:00Z,154.889,154.896,154.846,154.86,1134.0,154.853,154.868,154.76210288224084
2025-12-05T09:00:00Z,154.859,154.907,154.834,154.907,1109.0,154.899,154.915,154.78142249794206
2025-12-05T09:05:00Z,154.909,154.934,154.887,154.932,1051.0,154.924,154.94,154.80149949821646
2025-12-05T09:10:00Z,154.932,154.949,154.918,154.92,683.0,154.911,154.929,154.81729956512095
2025-12-05T09:15:00Z,154.918,154.935,154.896,154.897,815.0,154.889,154.905,154.82792628977148
2025-12-05T09:20:00Z,154.898,154.919,154.866,154.918,829.0,154.909,154.927,154.83993611780195
2025-12-05T09:25:00Z,154.918,154.955,154.918,154.952,675.0,154.944,154.961,154.85487796876168
2025-12-05T09:30:00Z,154.952,154.956,154.914,154.924,718.0,154.915,154.932,154.86409423959347
2025-12-05T09:35:00Z,154.923,154.95,154.915,154.942,552.0,154.934,154.951,154.87448167431435
2025-12-05T09:40:00Z,154.943,154.95,154.921,154.944,600.0,154.937,154.952,154.88375078440578
2025-12-05T09:45:00Z,154.944,154.966,154.938,154.94,510.0,154.932,154.947,154.89125067981834
2025-12-05T09:50:00Z,154.938,154.938,154.903,154.915,473.0,154.907,154.923,154.89441725584257
2025-12-05T09:55:00Z,154.916,154.936,154.902,154.916,570.0,154.906,154.925,154.89729495506356
2025-12-05T10:00:00Z,154.917,154.918,154.891,154.896,612.0,154.888,154.904,154.89712229438842
2025-12-05T10:05:00Z,154.896,154.994,154.894,154.99,906.0,154.982,154.999,154.90950598846996
2025-12-05T10:10:00Z,154.991,155.068,154.99,155.067,1046.0,155.061,155.073,154.9305051900073
2025-12-05T10:15:00Z,155.068,155.096,155.042,155.096,814.0,155.088,155.104,154.952571164673
2025-12-05T10:20:00Z,155.098,155.099,155.079,155.086,462.0,155.078,155.095,154.97036167604995
2025-12-05T10:25:00Z,155.087,155.097,155.064,155.097,672.0,155.091,155.103,154.98724678590995
2025-12-05T10:30:00Z,155.096,155.142,155.085,155.096,880.0,155.09,155.102,155.0017472144553
2025-12-05T10:35:00Z,155.094,155.096,155.06,155.091,624.0,155.082,155.1,155.01364758586126
2025-12-05T10:40:00Z,155.092,155.094,155.052,155.079,788.0,155.072,155.086,155.02236124107978
2025-12-05T10:45:00Z,155.08,155.138,155.072,155.094,979.0,155.087,155.102,155.0319130756025
2025-12-05T10:50:00Z,155.096,155.127,155.088,155.118,1033.0,155.109,155.128,155.04339133218883
2025-12-05T10:55:00Z,155.117,155.176,155.109,155.138,960.0,155.128,155.147,155.05600582123031
2025-12-05T11:00:00Z,155.137,155.18,155.122,155.156,808.0,155.148,155.165,155.0693383783996
2025-12-05T11:05:00Z,155.156,155.156,155.127,155.138,622.0,155.129,155.146,155.07849326127968
2025-12-05T11:10:00Z,155.136,155.165,155.135,155.151,602.0,155.142,155.16,155.0881608264424
2025-12-05T11:15:00Z,155.152,155.17,155.134,155.144,588.0,155.135,155.152,155.0956060495834
2025-12-05T11:20:00Z,155.144,155.146,155.117,155.134,669.0,155.127,155.142,155.1007252429723
2025-12-05T11:25:00Z,155.135,155.174,155.132,155.171,534.0,155.162,155.18,155.110095210576
2025-12-05T11:30:00Z,155.172,155.224,155.168,155.211,829.0,155.203,155.219,155.1235491824992
2025-12-05T11:35:00Z,155.212,155.226,155.184,155.206,563.0,155.197,155.215,155.13454262483265
2025-12-05T11:40:00Z,155.204,155.21,155.17,155.17,498.0,155.161,155.18,155.13927027485497
2025-12-05T11:45:00Z,155.168,155.183,155.154,155.158,575.0,155.149,155.166,155.14176757154098
2025-12-05T11:50:00Z,155.16,155.179,155.14,155.146,477.0,155.137,155.154,155.14233189533553
2025-12-05T11:55:00Z,155.145,155.163,155.129,155.148,801.0,155.139,155.157,155.14308764262412
2025-12-05T12:00:00Z,155.148,155.152,155.084,155.103,1075.0,155.095,155.111,155.13774262360758
2025-12-05T12:05:00Z,155.102,155.126,155.084,155.112,668.0,155.105,155.12,155.13431027379323
2025-12-05T12:10:00Z,155.114,155.133,155.09,155.098,750.0,155.09,155.107,155.12946890395415
2025-12-05T12:15:00Z,155.099,155.176,155.085,155.174,693.0,155.166,155.182,155.13540638342693
2025-12-05T12:20:00Z,155.174,155.265,155.174,155.216,1429.0,155.206,155.226,155.14615219897001
2025-12-05T12:25:00Z,155.217,155.22,155.188,155.195,1153.0,155.186,155.204,155.15266523910734
2025-12-05T12:30:00Z,155.194,155.22,155.168,155.185,682.0,155.176,155.194,155.1569765405597
2025-12-05T12:35:00Z,155.184,155.208,155.152,155.152,715.0,155.143,155.162,155.1563130018184
2025-12-05T12:40:00Z,155.153,155.193,155.134,155.185,862.0,155.176,155.194,155.1601379349093
2025-12-05T12:45:00Z,155.184,155.203,155.15,155.184,876.0,155.175,155.194,155.16331954358807
2025-12-05T12:50:00Z,155.182,155.22,155.181,155.208,767.0,155.199,155.216,155.16927693777635
2025-12-05T12:55:00Z,155.206,155.206,155.164,155.172,1208.0,155.163,155.18,155.1696400127395
2025-12-05T13:00:00Z,155.173,155.203,155.146,155.2,1097.0,155.192,155.207,155.1736880110409
2025-12-05T13:05:00Z,155.199,155.23,155.198,155.22,910.0,155.212,155.228,155.1798629429021
2025-12-05T13:10:00Z,155.221,155.244,155.204,155.218,936.0,155.209,155.227,155.1849478838485
2025-12-05T13:15:00Z,155.218,155.242,155.214,155.231,783.0,155.223,155.239,155.19108816600203
2025-12-05T13:20:00Z,155.23,155.262,155.216,155.217,758.0,155.208,155.226,155.19454307720176
2025-12-05T13:25:00Z,155.216,155.219,155.135,155.164,797.0,155.154,155.174,155.1904706669082
2025-12-05T13:30:00Z,155.166,155.202,155.152,155.174,1371.0,155.165,155.184,155.1882745779871
2025-12-05T13:35:00Z,155.174,155.252,155.174,155.184,1484.0,155.175,155.193,155.18770463425548
2025-12-05T13:40:00Z,155.185,155.188,155.106,155.18,1845.0,155.172,155.187,155.1866773496881
2025-12-05T13:45:00Z,155.179,155.197,155.127,155.149,1456.0,155.14,155.158,155.18165370306303
2025-12-05T13:50:00Z,155.147,155.182,155.126,155.176,1110.0,155.168,155.185,155.18089987598796
2025-12-05T13:55:00Z,155.176,155.2,155.17,155.198,659.0,155.19,155.207,155.1831798925229
2025-12-05T14:00:00Z,155.198,155.199,155.149,155.149,1142.0,155.14,155.158,155.17862257351985
2025-12-05T14:05:00Z,155.15,155.164,155.116,155.149,754.0,155.14,155.158,155.17467289705053
2025-12-05T14:10:00Z,155.15,155.175,155.122,155.144,883.0,155.136,155.153,155.1705831774438
2025-12-05T14:15:00Z,155.144,155.172,155.14,155.142,896.0,155.135,155.15,155.16677208711798
2025-12-05T14:20:00Z,155.14,155.148,155.115,155.122,703.0,155.113,155.13,155.16080247550227
2025-12-05T14:25:00Z,155.122,155.198,155.121,155.197,844.0,155.189,155.205,155.16562881210197
2025-12-05T14:30:00Z,155.196,155.285,155.194,155.255,1816.0,155.247,155.263,155.17754497048838
2025-12-05T14:35:00Z,155.256,155.264,155.197,155.206,1376.0,155.198,155.215,155.18133897442328
2025-12-05T14:40:00Z,155.206,155.219,155.149,155.19,1599.0,155.182,155.198,155.1824937778335
2025-12-05T14:45:00Z,155.19,155.206,155.13,155.172,1678.0,155.163,155.18,155.18109460745572
2025-12-05T14:50:00Z,155.173,155.188,155.148,155.16,1137.0,155.153,155.167,155.17828199312828
2025-12-05T14:55:00Z,155.159,155.234,155.159,155.226,676.0,155.213,155.238,155.1846443940445
2025-12-05T15:00:00Z,155.225,155.302,155.163,155.29,1423.0,155.281,155.298,155.1986918081719
2025-12-05T15:05:00Z,155.289,155.358,155.288,155.302,1932.0,155.294,155.309,155.21246623374898
2025-12-05T15:10:00Z,155.302,155.303,155.158,155.187,2105.0,155.179,155.195,155.2090707359158
2025-12-05T15:15:00Z,155.189,155.228,155.186,155.193,1728.0,155.184,155.202,155.20692797112702
2025-12-05T15:20:00Z,155.192,155.204,155.117,155.19,1375.0,155.182,155.198,155.20467090831008
2025-12-05T15:25:00Z,155.189,155.222,155.159,155.161,1409.0,155.153,155.169,155.19884812053542
2025-12-05T15:30:00Z,155.16,155.21,155.142,155.184,1464.0,155.176,155.191,155.1968683711307
2025-12-05T15:35:00Z,155.184,155.198,155.118,155.132,1171.0,155.124,155.14,155.18821925497994
2025-12-05T15:40:00Z,155.133,155.182,155.122,155.171,1097.0,155.162,155.18,155.18592335431595
2025-12-05T15:45:00Z,155.172,155.249,155.151,155.23,1619.0,155.221,155.238,155.19180024040716
2025-12-05T15:50:00Z,155.229,155.296,155.204,155.274,1558.0,155.266,155.282,155.20276020835288
2025-12-05T15:55:00Z,155.275,155.32,155.25,155.254,1454.0,155.247,155.261,155.2095921805725
2025-12-05T16:00:00Z,155.253,155.27,155.209,155.23,1219.0,155.221,155.239,155.21231322316285
2025-12-05T16:05:00Z,155.233,155.348,155.23,155.341,1443.0,155.332,155.35,155.22947146007448
2025-12-05T16:10:00Z,155.342,155.448,155.332,155.442,2054.0,155.434,155.45,155.25780859873123
2025-12-05T16:15:00Z,155.441,155.474,155.398,155.466,1782.0,155.458,155.475,155.28556745223375
2025-12-05T16:20:00Z,155.466,155.494,155.398,155.43,1520.0,155.421,155.439,155.30482512526925
2025-12-05T16:25:00Z,155.43,155.433,155.398,155.418,978.0,155.41,155.426,155.31991510856668
2025-12-05T16:30:00Z,155.418,155.442,155.376,155.376,1396.0,155.369,155.384,155.32739309409112
2025-12-05T16:35:00Z,155.377,155.383,155.342,155.362,1043.0,155.353,155.372,155.3320073482123
2025-12-05T16:40:00Z,155.363,155.37,155.293,155.302,1080.0,155.295,155.31,155.32800636845067
2025-12-05T16:45:00Z,155.304,155.33,155.266,155.268,1092.0,155.259,155.277,155.32000551932393
2025-12-05T16:50:00Z,155.267,155.302,155.256,155.295,852.0,155.286,155.304,155.31667145008075
2025-12-05T16:55:00Z,155.3,155.316,155.282,155.3,1001.0,155.292,155.307,155.31444859007
2025-12-05T17:00:00Z,155.3,155.32,155.285,155.29,813.0,155.283,155.297,155.31118877806065
2025-12-05T17:05:00Z,155.29,155.296,155.268,155.296,572.0,155.286,155.305,155.30916360765258
2025-12-05T17:10:00Z,155.294,155.296,155.267,155.276,580.0,155.268,155.285,155.30474179329892
2025-12-05T17:15:00Z,155.278,155.302,155.258,155.28,629.0,155.271,155.29,155.30144288752572
2025-12-05T17:20:00Z,155.281,155.31,155.268,155.306,425.0,155.298,155.315,155.3020505025223
2025-12-05T17:25:00Z,155.307,155.34,155.307,155.318,596.0,155.31,155.325,155.304177102186
2025-12-05T17:30:00Z,155.318,155.34,155.304,155.326,710.0,155.318,155.333,155.30708682189453
2025-12-05T17:35:00Z,155.325,155.34,155.312,155.338,715.0,155.33,155.347,155.31120857897525
2025-12-05T17:40:00Z,155.337,155.346,155.275,155.278,622.0,155.269,155.287,155.30678076844524
2025-12-05T17:45:00Z,155.278,155.306,155.267,155.306,620.0,155.297,155.314,155.3066766659859
2025-12-05T17:50:00Z,155.307,155.31,155.29,155.3,621.0,155.292,155.309,155.30578644385443
2025-12-05T17:55:00Z,155.3,155.314,155.272,155.286,857.0,155.279,155.294,155.3031482513405
2025-12-05T18:00:00Z,155.287,155.304,155.256,155.257,883.0,155.25,155.264,155.29699515116178
2025-12-05T18:05:00Z,155.258,155.259,155.242,155.255,478.0,155.247,155.263,155.29139579767354
2025-12-05T18:10:00Z,155.256,155.286,155.256,155.267,439.0,155.258,155.276,155.28814302465042
2025-12-05T18:15:00Z,155.268,155.296,155.261,155.27,426.0,155.262,155.278,155.28572395469703
2025-12-05T18:20:00Z,155.27,155.319,155.27,155.306,416.0,155.297,155.314,155.28842742740412
2025-12-05T18:25:00Z,155.306,155.322,155.3,155.306,439.0,155.299,155.313,155.29077043708358
2025-12-05T18:30:00Z,155.306,155.307,155.279,155.283,545.0,155.275,155.291,155.28973437880578
2025-12-05T18:35:00Z,155.286,155.296,155.271,155.28,389.0,155.271,155.289,155.28843646163168
2025-12-05T18:40:00Z,155.28,155.302,155.266,155.3,416.0,155.292,155.307,155.28997826674745
2025-12-05T18:45:00Z,155.299,155.301,155.27,155.272,323.0,155.264,155.28,155.28758116451445
2025-12-05T18:50:00Z,155.274,155.306,155.274,155.286,435.0,155.278,155.293,155.28737034257918
2025-12-05T18:55:00Z,155.285,155.302,155.283,155.284,413.0,155.276,155.292,155.28692096356863
2025-12-05T19:00:00Z,155.282,155.324,155.268,155.284,828.0,155.277,155.291,155.28653150175947
2025-12-05T19:05:00Z,155.284,155.298,155.27,155.295,503.0,155.287,155.303,155.2876606348582
2025-12-05T19:10:00Z,155.294,155.296,155.281,155.295,326.0,155.287,155.303,155.28863921687713
2025-12-05T19:15:00Z,155.294,155.312,155.292,155.309,483.0,155.301,155.317,155.29135398796018
2025-12-05T19:20:00Z,155.308,155.316,155.288,155.314,540.0,155.306,155.323,155.29437345623217
2025-12-05T19:25:00Z,155.315,155.316,155.267,155.27,527.0,155.261,155.278,155.2911236620679
2025-12-05T19:30:00Z,155.27,155.294,155.262,155.284,255.0,155.276,155.292,155.29017384045883
2025-12-05T19:35:00Z,155.284,155.288,155.266,155.283,211.0,155.275,155.291,155.28921732839765
2025-12-05T19:40:00Z,155.284,155.298,155.271,155.28,310.0,155.273,155.288,155.28798835127796
2025-12-05T19:45:00Z,155.28,155.298,155.278,155.294,403.0,155.287,155.3,155.2887899044409
2025-12-05T19:50:00Z,155.294,155.316,155.29,155.305,447.0,155.299,155.311,155.29095125051546
2025-12-05T19:55:00Z,155.304,155.324,155.288,155.291,437.0,155.284,155.298,155.29095775044675
2025-12-05T20:00:00Z,155.292,155.316,155.29,155.302,365.0,155.293,155.31,155.2924300503872
2025-12-05T20:05:00Z,155.302,155.318,155.284,155.3,246.0,155.292,155.309,155.29343937700224
2025-12-05T20:10:00Z,155.301,155.306,155.278,155.28,296.0,155.274,155.287,155.29164746006862
2025-12-05T20:15:00Z,155.281,155.292,155.272,155.292,317.0,155.284,155.3,155.2916944653928
2025-12-05T20:20:00Z,155.292,155.313,155.288,155.298,215.0,155.289,155.307,155.29253520334044
2025-12-05T20:25:00Z,155.298,155.304,155.288,155.302,178.0,155.294,155.311,155.29379717622837
2025-12-05T20:30:00Z,155.301,155.308,155.292,155.302,228.0,155.294,155.311,155.2948908860646
2025-12-05T20:35:00Z,155.303,155.326,155.302,155.314,363.0,155.305,155.322,155.29743876792264
2025-12-05T20:40:00Z,155.315,155.316,155.291,155.302,443.0,155.294,155.31,155.29804693219964
2025-12-05T20:45:00Z,155.302,155.308,155.301,155.302,262.0,155.292,155.311,155.29857400790635
2025-12-05T20:50:00Z,155.3,155.315,155.298,155.31,331.0,155.303,155.318,155.30009747351883
2025-12-05T20:55:00Z,155.311,155.326,155.296,155.303,522.0,155.295,155.311,155.30048447704965
2025-12-05T21:00:00Z,155.304,155.306,155.293,155.298,283.0,155.289,155.306,155.30015321344302
2025-12-05T21:05:00Z,155.296,155.316,155.292,155.308,225.0,155.299,155.316,155.30119945165063
2025-12-05T21:10:00Z,155.306,155.314,155.302,155.314,116.0,155.306,155.323,155.30290619143054
2025-12-05T21:15:00Z,155.314,155.318,155.306,155.318,115.0,155.308,155.328,155.3049186992398
2025-12-05T21:20:00Z,155.319,155.32,155.303,155.306,101.0,155.296,155.316,155.3050628726745
2025-12-05T21:25:00Z,155.308,155.331,155.297,155.316,372.0,155.307,155.326,155.30652115631793
2025-12-05T21:30:00Z,155.319,155.342,155.318,155.334,207.0,155.324,155.345,155.31018500214222
2025-12-05T21:35:00Z,155.332,155.348,155.328,155.34,114.0,155.332,155.349,155.31416033518994
2025-12-05T21:40:00Z,155.342,155.354,155.332,155.353,161.0,155.342,155.364,155.31933895716463
2025-12-05T21:45:00Z,155.352,155.354,155.321,155.34,211.0,155.327,155.353,155.32209376287602
2025-12-05T21:50:00Z,155.34,155.371,155.336,155.368,382.0,155.357,155.38,155.32821459449255
2025-12-05T21:55:00Z,155.36,155.381,155.339,155.34,600.0,155.29,155.389,155.32978598189354
2025-12-07T22:00:00Z,155.219,155.219,155.219,155.219,1.0,155.169,155.269,155.31501451764106
2025-12-07T22:05:00Z,155.224,155.247,155.181,155.198,94.0,155.164,155.233,155.29941258195558
2025-12-07T22:10:00Z,155.224,155.256,155.179,155.238,70.0,155.216,155.261,155.29122423769485
2025-12-07T22:15:00Z,155.238,155.242,155.228,155.238,199.0,155.218,155.259,155.28412767266886
2025-12-07T22:20:00Z,155.239,155.241,155.238,155.238,27.0,155.219,155.258,155.277977316313
2025-12-07T22:25:00Z,155.239,155.24,155.238,155.24,26.0,155.22,155.259,155.27291367413795
2025-12-07T22:30:00Z,155.24,155.241,155.238,155.241,30.0,155.222,155.26,155.26865851758623
2025-12-07T22:35:00Z,155.242,155.242,155.236,155.239,51.0,155.221,155.257,155.26470404857474
2025-12-07T22:40:00Z,155.239,155.24,155.234,155.234,49.0,155.214,155.253,155.26061017543145
2025-12-07T22:45:00Z,155.234,155.235,155.226,155.232,62.0,155.211,155.252,155.25679548537394
2025-12-07T22:50:00Z,155.233,155.245,155.226,155.234,86.0,155.22,155.249,155.2537560873241
2025-12-07T22:55:00Z,155.234,155.241,155.232,155.239,103.0,155.219,155.259,155.25178860901423
2025-12-07T23:00:00Z,155.236,155.305,155.226,155.256,1264.0,155.237,155.275,155.25235012781235
2025-12-07T23:05:00Z,155.256,155.27,155.247,155.261,197.0,155.243,155.279,155.25350344410404
2025-12-07T23:10:00Z,155.26,155.264,155.243,155.264,232.0,155.243,155.284,155.25490298489018
2025-12-07T23:15:00Z,155.264,155.284,155.248,155.276,480.0,155.26,155.291,155.25771592023816
2025-12-07T23:20:00Z,155.277,155.284,155.265,155.27,624.0,155.257,155.282,155.25935379753975
2025-12-07T23:25:00Z,155.262,155.288,155.254,155.282,603.0,155.268,155.296,155.26237329120113
2025-12-07T23:30:00Z,155.282,155.291,155.241,155.276,880.0,155.268,155.285,155.26419018570766
2025-12-07T23:35:00Z,155.276,155.294,155.262,155.289,589.0,155.28,155.298,155.26749816094664
2025-12-07T23:40:00Z,155.29,155.319,155.288,155.308,260.0,155.299,155.318,155.27289840615376
2025-12-07T23:45:00Z,155.309,155.333,155.304,155.322,256.0,155.311,155.334,155.27944528533325
2025-12-07T23:50:00Z,155.324,155.386,155.32,155.346,319.0,155.337,155.354,155.28831924728883
2025-12-07T23:55:00Z,155.344,155.362,155.311,155.313,328.0,155.305,155.321,155.29161001431697
2025-12-08T00:00:00Z,155.312,155.328,155.204,155.208,1298.0,155.198,155.218,155.28046201240804
2025-12-08T00:05:00Z,155.206,155.22,155.144,155.218,1468.0,155.21,155.226,155.27213374408697
2025-12-08T00:10:00Z,155.218,155.238,155.17,155.235,1123.0,155.228,155.242,155.26718257820872
2025-12-08T00:15:00Z,155.234,155.266,155.202,155.256,937.0,155.248,155.265,155.2656915677809
2025-12-08T00:20:00Z,155.257,155.262,155.201,155.206,659.0,155.197,155.214,155.2577326920768
2025-12-08T00:25:00Z,155.204,155.22,155.155,155.186,708.0,155.177,155.195,155.2481683331332
2025-12-08T00:30:00Z,155.186,155.186,155.128,155.142,730.0,155.134,155.149,155.23401255538212
2025-12-08T00:35:00Z,155.142,155.148,155.098,155.119,629.0,155.109,155.129,155.21867754799786
2025-12-08T00:40:00Z,155.12,155.126,155.097,155.118,711.0,155.11,155.126,155.2052538749315
2025-12-08T00:45:00Z,155.116,155.19,155.11,155.16,864.0,155.15,155.169,155.19922002494062
2025-12-08T00:50:00Z,155.159,155.194,155.142,155.178,1125.0,155.168,155.187,155.19639068828187
2025-12-08T00:55:00Z,155.174,155.18,155.062,155.072,1182.0,155.062,155.082,155.17980526317763
2025-12-08T01:00:00Z,155.074,155.153,155.054,155.084,1241.0,155.076,155.092,155.16703122808727
2025-12-08T01:05:00Z,155.086,155.097,155.049,155.088,816.0,155.079,155.098,155.15649373100896
2025-12-08T01:10:00Z,155.088,155.088,155.022,155.033,879.0,155.024,155.042,155.14002790020777
2025-12-08T01:15:00Z,155.034,155.038,154.994,155.036,1046.0,155.027,155.045,155.12615751351342
2025-12-08T01:20:00Z,155.038,155.052,154.974,154.996,825.0,154.987,155.004,155.1088031783783
2025-12-08T01:25:00Z,154.996,155.054,154.994,155.039,1034.0,155.03,155.048,155.09949608792786
2025-12-08T01:30:00Z,155.038,155.042,154.962,154.978,1032.0,154.969,154.988,155.08329660953748
2025-12-08T01:35:00Z,154.979,154.998,154.942,154.962,1178.0,154.953,154.971,155.0671237282658
2025-12-08T01:40:00Z,154.962,154.99,154.93,154.936,889.0,154.928,154.944,155.04964056449705
2025-12-08T01:45:00Z,154.936,154.994,154.926,154.963,897.0,154.955,154.971,155.03808848923077
2025-12-08T01:50:00Z,154.962,154.968,154.919,154.927,810.0,154.918,154.936,155.02327669066668
2025-12-08T01:55:00Z,154.926,154.95,154.914,154.921,686.0,154.913,154.929,155.00963979857778
2025-12-08T02:00:00Z,154.916,154.931,154.904,154.921,684.0,154.913,154.929,154.9978211587674
2025-12-08T02:05:00Z,154.922,154.928,154.9,154.924,679.0,154.916,154.931,154.98797833759843
2025-12-08T02:10:00Z,154.923,155.004,154.922,154.978,595.0,154.969,154.988,154.98664789258532
2025-12-08T02:15:00Z,154.978,155.042,154.974,155.018,865.0,155.01,155.027,154.99082817357396
2025-12-08T02:20:00Z,155.019,155.026,154.962,154.979,734.0,154.97,154.988,154.98925108376412
2025-12-08T02:25:00Z,154.981,155.038,154.962,155.031,712.0,155.023,155.039,154.99481760592892
2025-12-08T02:30:00Z,155.032,155.071,155.032,155.056,880.0,155.046,155.065,155.00297525847174
2025-12-08T02:35:00Z,155.058,155.066,155.03,155.048,809.0,155.04,155.056,155.00897855734218
2025-12-08T02:40:00Z,155.049,155.05,155.006,155.012,693.0,155.004,155.02,155.00938141636323
2025-12-08T02:45:00Z,155.014,155.016,154.98,155.004,677.0,154.996,155.013,155.00866389418147
2025-12-08T02:50:00Z,155.005,155.02,154.987,155.002,715.0,154.995,155.008,155.00777537495728
2025-12-08T02:55:00Z,155.001,155.02,154.992,155.007,799.0,155.0,155.014,155.00767199162965
2025-12-08T03:00:00Z,155.004,155.016,154.992,154.994,502.0,154.986,155.001,155.00584905941236
2025-12-08T03:05:00Z,154.994,155.014,154.976,154.988,586.0,154.981,154.994,155.00346918482404
2025-12-08T03:10:00Z,154.987,155.043,154.984,155.028,470.0,155.02,155.037,155.00673996018085
2025-12-08T03:15:00Z,155.026,155.027,155.0,155.014,512.0,155.004,155.023,155.00770796549008
2025-12-08T03:20:00Z,155.014,155.034,155.0,155.033,406.0,155.027,155.039,155.01108023675806
2025-12-08T03:25:00Z,155.034,155.046,155.022,155.032,697.0,155.023,155.04,155.01386953852366
2025-12-08T03:30:00Z,155.031,155.056,155.023,155.046,713.0,155.038,155.053,155.01815360005384
2025-12-08T03:35:00Z,155.046,155.062,155.044,155.052,477.0,155.044,155.061,155.02266645338
2025-12-08T03:40:00Z,155.052,155.088,155.052,155.086,413.0,155.08,155.092,155.03111092626267
2025-12-08T03:45:00Z,155.085,155.089,155.062,155.078,565.0,155.071,155.086,155.03736280276098
2025-12-08T03:50:00Z,155.08,155.109,155.075,155.077,538.0,155.069,155.085,155.04264776239285
2025-12-08T03:55:00Z,155.078,155.116,155.078,155.106,504.0,155.098,155.113,155.05109472740713
2025-12-08T04:00:00Z,155.106,155.124,155.074,155.077,553.0,155.07,155.084,155.05454876375285
2025-12-08T04:05:00Z,155.076,155.09,155.058,155.084,665.0,155.076,155.091,155.05847559525247
2025-12-08T04:10:00Z,155.082,155.11,155.082,155.108,501.0,155.101,155.115,155.06507884921882
2025-12-08T04:15:00Z,155.108,155.109,155.08,155.085,568.0,155.078,155.092,155.06773500265632
2025-12-08T04:20:00Z,155.084,155.086,155.059,155.077,689.0,155.069,155.085,155.06897033563547
2025-12-08T04:25:00Z,155.078,155.099,155.076,155.097,738.0,155.089,155.105,155.0727076242174
2025-12-08T04:30:00Z,155.098,155.102,155.073,155.078,626.0,155.069,155.087,155.07341327432175
2025-12-08T04:35:00Z,155.078,155.092,155.06,155.09,570.0,155.081,155.099,155.07562483774552
2025-12-08T04:40:00Z,155.092,155.108,155.064,155.074,739.0,155.068,155.081,155.07540819271279
2025-12-08T04:45:00Z,155.076,155.098,155.071,155.078,626.0,155.07,155.087,155.07575376701774
2025-12-08T04:50:00Z,155.078,155.086,155.06,155.085,378.0,155.078,155.092,155.07698659808204
2025-12-08T04:55:00Z,155.086,155.1,155.074,155.077,479.0,155.069,155.085,155.07698838500446
2025-12-08T05:00:00Z,155.075,155.122,155.071,155.107,527.0,155.1,155.114,155.08098993367054
2025-12-08T05:05:00Z,155.109,155.122,155.098,155.114,465.0,155.107,155.121,155.0853912758478
2025-12-08T05:10:00Z,155.114,155.146,155.114,155.144,402.0,155.135,155.152,155.09320577240143
2025-12-08T05:15:00Z,155.144,155.173,155.134,155.172,585.0,155.163,155.18,155.10371166941457
2025-12-08T05:20:00Z,155.172,155.198,155.157,155.181,687.0,155.172,155.19,155.1140167801593
2025-12-08T05:25:00Z,155.18,155.225,155.178,155.208,819.0,155.201,155.216,155.12654787613806
2025-12-08T05:30:00Z,155.21,155.222,155.189,155.191,662.0,155.183,155.199,155.135141492653
2025-12-08T05:35:00Z,155.192,155.219,155.184,155.194,720.0,155.187,155.202,155.14298929363258
2025-12-08T05:40:00Z,155.197,155.217,155.182,155.186,487.0,155.177,155.194,155.14872405448156
2025-12-08T05:45:00Z,155.189,155.222,155.184,155.208,741.0,155.2,155.216,155.15662751388402
2025-12-08T05:50:00Z,155.21,155.268,155.21,155.24,1090.0,155.232,155.248,155.16774384536615
2025-12-08T05:55:00Z,155.241,155.246,155.193,155.202,1187.0,155.193,155.21,155.17231133265068
2025-12-08T06:00:00Z,155.203,155.204,155.13,155.154,1659.0,155.147,155.162,155.16986982163058
2025-12-08T06:05:00Z,155.154,155.187,155.14,155.16,786.0,155.151,155.17,155.1685538454132
2025-12-08T06:10:00Z,155.159,155.181,155.104,155.123,1035.0,155.114,155.132,155.16247999935808
2025-12-08T06:15:00Z,155.124,155.206,155.12,155.204,1029.0,155.196,155.213,155.16801599944367
2025-12-08T06:20:00Z,155.205,155.268,155.204,155.262,776.0,155.255,155.27,155.18054719951786
2025-12-08T06:25:00Z,155.262,155.291,155.258,155.264,689.0,155.255,155.274,155.19167423958214
2025-12-08T06:30:00Z,155.266,155.278,155.23,155.24,715.0,155.232,155.248,155.19811767430454
2025-12-08T06:35:00Z,155.24,155.242,155.18,155.191,669.0,155.185,155.197,155.19716865106395
2025-12-08T06:40:00Z,155.192,155.228,155.181,155.214,525.0,155.207,155.222,155.19941283092209
2025-12-08T06:45:00Z,155.215,155.268,155.212,155.245,666.0,155.235,155.255,155.20549112013248
2025-12-08T06:50:00Z,155.244,155.273,155.244,155.252,616.0,155.243,155.261,155.21169230411482
2025-12-08T06:55:00Z,155.25,155.253,155.21,155.23,820.0,155.222,155.237,155.21413333023284
2025-12-08T07:00:00Z,155.229,155.254,155.214,155.232,744.0,155.222,155.241,155.21651555286846
2025-12-08T07:05:00Z,155.234,155.276,155.217,155.219,795.0,155.211,155.227,155.216846812486
2025-12-08T07:10:00Z,155.22,155.221,155.168,155.191,795.0,155.182,155.2,155.21340057082122
2025-12-08T07:15:00Z,155.193,155.23,155.191,155.23,554.0,155.222,155.239,155.21561382804506
2025-12-08T07:20:00Z,155.231,155.251,155.222,155.238,748.0,155.231,155.245,155.21859865097238
2025-12-08T07:25:00Z,155.236,155.315,155.225,155.304,738.0,155.295,155.313,155.2299854975094
2025-12-08T07:30:00Z,155.304,155.306,155.276,155.279,805.0,155.271,155.287,155.23652076450816
2025-12-08T07:35:00Z,155.278,155.289,155.222,155.234,748.0,155.226,155.242,155.23618466257375
2025-12-08T07:40:00Z,155.234,155.264,155.218,155.26,700.0,155.251,155.268,155.23936004089725
2025-12-08T07:45:00Z,155.259,155.336,155.258,155.336,945.0,155.328,155.343,155.25224536877764
2025-12-08T07:50:00Z,155.334,155.354,155.312,155.314,796.0,155.305,155.322,155.2604793196073
2025-12-08T07:55:00Z,155.313,155.357,155.31,155.356,705.0,155.348,155.364,155.27321541032634
2025-12-08T08:00:00Z,155.356,155.39,155.278,155.287,1313.0,155.279,155.295,155.27505335561617
2025-12-08T08:05:00Z,155.286,155.318,155.28,155.294,1247.0,155.286,155.303,155.27757957486736
2025-12-08T08:10:00Z,155.294,155.344,155.262,155.344,1146.0,155.336,155.351,155.2864356315517
2025-12-08T08:15:00Z,155.343,155.365,155.326,155.364,1165.0,155.357,155.372,155.29677754734482
2025-12-08T08:20:00Z,155.364,155.402,155.34,155.383,1148.0,155.374,155.392,155.3082738743655
2025-12-08T08:25:00Z,155.382,155.458,155.382,155.446,1399.0,155.437,155.455,155.32663735778345
2025-12-08T08:30:00Z,155.448,155.464,155.426,155.43,827.0,155.421,155.438,155.34041904341234
2025-12-08T08:35:00Z,155.429,155.453,155.425,155.453,676.0,155.446,155.46,155.35542983762403
2025-12-08T08:40:00Z,155.454,155.459,155.426,155.438,554.0,155.43,155.445,155.3664391926075
2025-12-08T08:45:00Z,155.438,155.448,155.392,155.394,504.0,155.384,155.404,155.37011396692648
2025-12-08T08:50:00Z,155.394,155.413,155.382,155.395,516.0,155.387,155.403,155.37343210466963
2025-12-08T08:55:00Z,155.394,155.424,155.373,155.394,799.0,155.386,155.402,155.37617449071368
2025-12-08T09:00:00Z,155.396,155.47,155.396,155.446,946.0,155.439,155.454,155.38548455861851
2025-12-08T09:05:00Z,155.447,155.463,155.418,155.46,539.0,155.452,155.469,155.39541995080273
2025-12-08T09:10:00Z,155.461,155.524,155.459,155.48,1071.0,155.471,155.49,155.40669729069572
2025-12-08T09:15:00Z,155.481,155.537,155.478,155.535,949.0,155.526,155.544,155.42380431860295
2025-12-08T09:20:00Z,155.535,155.546,155.468,155.47,1093.0,155.462,155.478,155.42996374278923
2025-12-08T09:25:00Z,155.469,155.522,155.44,155.44,793.0,155.432,155.449,155.43130191041735
2025-12-08T09:30:00Z,155.439,155.46,155.428,155.43,681.0,155.421,155.439,155.4311283223617
2025-12-08T09:35:00Z,155.43,155.454,155.422,155.436,636.0,155.426,155.445,155.43177787938015
2025-12-08T09:40:00Z,155.437,155.454,155.41,155.424,790.0,155.416,155.431,155.43074082879613
2025-12-08T09:45:00Z,155.424,155.468,155.42,155.466,766.0,155.457,155.474,155.4354420516233
2025-12-08T09:50:00Z,155.464,155.479,155.442,155.444,739.0,155.435,155.453,155.43658311140686
2025-12-08T09:55:00Z,155.444,155.494,155.443,155.477,745.0,155.468,155.486,155.44197202988596
2025-12-08T10:00:00Z,155.476,155.524,155.475,155.494,824.0,155.485,155.503,155.44890909256785
2025-12-08T10:05:00Z,155.494,155.494,155.435,155.439,683.0,155.43,155.448,155.44758788022546
2025-12-08T10:10:00Z,155.44,155.46,155.424,155.442,632.0,155.434,155.45,155.44684282952872
2025-12-08T10:15:00Z,155.443,155.452,155.412,155.436,750.0,155.427,155.445,155.4453971189249
2025-12-08T10:20:00Z,155.436,155.458,155.43,155.457,471.0,155.449,155.465,155.4469441697349
2025-12-08T10:25:00Z,155.456,155.468,155.439,155.444,743.0,155.436,155.453,155.44655161377025
2025-12-08T10:30:00Z,155.444,155.448,155.411,155.411,605.0,155.402,155.42,155.4418113986009
2025-12-08T10:35:00Z,155.412,155.445,155.411,155.436,544.0,155.427,155.444,155.44103654545412
2025-12-08T10:40:00Z,155.436,155.456,155.42,155.456,495.0,155.447,155.466,155.4430316727269
2025-12-08T10:45:00Z,155.456,155.483,155.45,155.476,499.0,155.467,155.484,155.44742744969665
2025-12-08T10:50:00Z,155.478,155.514,155.47,155.509,700.0,155.501,155.517,155.45563712307043
2025-12-08T10:55:00Z,155.51,155.534,155.496,155.513,958.0,155.504,155.522,155.46328550666104
2025-12-08T11:00:00Z,155.514,155.558,155.499,155.544,766.0,155.536,155.552,155.47404743910624
2025-12-08T11:05:00Z,155.544,155.577,155.536,155.539,753.0,155.531,155.547,155.48270778055874
2025-12-08T11:10:00Z,155.536,155.536,155.476,155.48,600.0,155.472,155.488,155.4823467431509
2025-12-08T11:15:00Z,155.48,155.526,155.479,155.52,430.0,155.512,155.529,155.48736717739746
2025-12-08T11:20:00Z,155.52,155.546,155.518,155.526,542.0,155.518,155.535,155.49251822041114
2025-12-08T11:25:00Z,155.527,155.544,155.516,155.528,687.0,155.519,155.537,155.49724912435633
2025-12-08T11:30:00Z,155.528,155.53,155.51,155.52,621.0,155.512,155.529,155.50028257444217
2025-12-08T11:35:00Z,155.521,155.522,155.496,155.504,567.0,155.496,155.512,155.5007782311832
2025-12-08T11:40:00Z,155.504,155.534,155.5,155.531,588.0,155.522,155.54,155.50480780035878
2025-12-08T11:45:00Z,155.532,155.546,155.512,155.544,516.0,155.535,155.552,155.5100334269776
2025-12-08T11:50:00Z,155.544,155.576,155.539,155.57,710.0,155.562,155.578,155.51802897004725
2025-12-08T11:55:00Z,155.57,155.59,155.557,155.587,924.0,155.578,155.596,155.52722510737428
2025-12-08T12:00:00Z,155.586,155.59,155.546,155.578,1046.0,155.57,155.585,155.5339950930577
2025-12-08T12:05:00Z,155.578,155.656,155.57,155.624,1129.0,155.616,155.632,155.54599574731668
2025-12-08T12:10:00Z,155.625,155.635,155.6,155.6,779.0,155.592,155.609,155.55319631434114
2025-12-08T12:15:00Z,155.602,155.64,155.59,155.64,598.0,155.63,155.649,155.56477013909566
2025-12-08T12:20:00Z,155.64,155.645,155.626,155.63,436.0,155.622,155.638,155.5734674538829
2025-12-08T12:25:00Z,155.63,155.632,155.606,155.616,589.0,155.607,155.625,155.57913846003186
2025-12-08T12:30:00Z,155.616,155.659,155.613,155.656,606.0,155.65,155.663,155.58938666536096
2025-12-08T12:35:00Z,155.656,155.66,155.617,155.627,592.0,155.618,155.636,155.59440177664618
2025-12-08T12:40:00Z,155.626,155.654,155.6,155.619,752.0,155.611,155.627,155.59768153976003
2025-12-08T12:45:00Z,155.62,155.64,155.604,155.608,578.0,155.6,155.615,155.5990573344587
2025-12-08T12:50:00Z,155.606,155.616,155.549,155.552,750.0,155.544,155.561,155.59278302319754
2025-12-08T12:55:00Z,155.554,155.573,155.544,155.56,874.0,155.552,155.568,155.58841195343788
2025-12-08T13:00:00Z,155.56,155.593,155.531,155.592,1136.0,155.583,155.601,155.58889035964617
2025-12-08T13:05:00Z,155.594,155.595,155.538,155.542,720.0,155.534,155.551,155.58263831169336
2025-12-08T13:10:00Z,155.542,155.546,155.502,155.506,953.0,155.498,155.515,155.57241987013424
2025-12-08T13:15:00Z,155.505,155.516,155.476,155.491,1618.0,155.482,155.5,155.5615638874497
2025-12-08T13:20:00Z,155.49,155.545,155.49,155.544,1319.0,155.535,155.553,155.55922203578973
2025-12-08T13:25:00Z,155.544,155.548,155.505,155.516,1475.0,155.508,155.523,155.55345909768442
2025-12-08T13:30:00Z,155.512,155.595,155.507,155.578,1636.0,155.569,155.586,155.55673121799316
2025-12-08T13:35:00Z,155.577,155.624,155.566,155.617,1032.0,155.608,155.626,155.56476705559407
2025-12-08T13:40:00Z,155.616,155.642,155.599,155.617,1235.0,155.609,155.625,155.57173144818154
2025-12-08T13:45:00Z,155.616,155.619,155.574,155.594,850.0,155.588,155.601,155.574700588424
2025-12-08T13:50:00Z,155.594,155.65,155.594,155.643,819.0,155.634,155.652,155.58380717663414
2025-12-08T13:55:00Z,155.642,155.662,155.618,155.628,983.0,155.619,155.638,155.58969955308294
2025-12-08T14:00:00Z,155.627,155.644,155.606,155.618,1260.0,155.609,155.626,155.59347294600522
2025-12-08T14:05:00Z,155.616,155.618,155.57,155.61,925.0,155.602,155.619,155.59567655320453
2025-12-08T14:10:00Z,155.611,155.611,155.544,155.55,832.0,155.541,155.558,155.5895863461106
2025-12-08T14:15:00Z,155.548,155.578,155.52,155.534,1134.0,155.527,155.54,155.58217483329585
2025-12-08T14:20:00Z,155.534,155.559,155.445,155.456,1679.0,155.447,155.465,155.56535152218973
2025-12-08T14:25:00Z,155.457,155.497,155.391,155.492,1890.0,155.486,155.498,155.5555713192311
2025-12-08T14:30:00Z,155.492,155.584,155.482,155.568,2229.0,155.559,155.576,155.55722847666695
2025-12-08T14:35:00Z,155.567,155.742,155.56,155.706,1987.0,155.698,155.714,155.57706467977803
2025-12-08T14:40:00Z,155.706,155.739,155.68,155.7,2291.0,155.692,155.708,155.59345605580762
2025-12-08T14:45:00Z,155.7,155.76,155.697,155.746,1831.0,155.738,155.754,155.6137952483666
2025-12-08T14:50:00Z,155.746,155.88,155.711,155.833,2304.0,155.826,155.84,155.6430225485844
2025-12-08T14:55:00Z,155.834,155.848,155.775,155.826,2261.0,155.82,155.833,155.6674195421065
2025-12-08T15:00:00Z,155.828,155.892,155.822,155.85,1615.0,155.842,155.859,155.69176360315896
2025-12-08T15:05:00Z,155.852,155.896,155.824,155.867,1584.0,155.858,155.876,155.7151284560711
2025-12-08T15:10:00Z,155.868,155.892,155.827,155.89,1045.0,155.883,155.897,155.7384446619283
2025-12-08T15:15:00Z,155.89,155.92,155.862,155.874,1897.0,155.865,155.882,155.75651870700452
2025-12-08T15:20:00Z,155.874,155.88,155.792,155.793,1351.0,155.784,155.802,155.76138287940393
2025-12-08T15:25:00Z,155.792,155.849,155.756,155.816,1309.0,155.808,155.825,155.76866516215009
2025-12-08T15:30:00Z,155.816,155.902,155.798,155.897,1053.0,155.888,155.906,155.78577647386342
2025-12-08T15:35:00Z,155.895,155.958,155.874,155.953,1188.0,155.945,155.961,155.80807294401498
2025-12-08T15:40:00Z,155.953,155.981,155.937,155.977,1364.0,155.968,155.986,155.83059655147966
2025-12-08T15:45:00Z,155.978,155.986,155.936,155.938,1067.0,155.93,155.946,155.84491701128238
2025-12-08T15:50:00Z,155.938,155.951,155.879,155.888,1374.0,155.88,155.896,155.85066140977807
2025-12-08T15:55:00Z,155.888,155.9,155.853,155.858,1512.0,155.852,155.864,155.85163988847432
2025-12-08T16:00:00Z,155.856,155.874,155.829,155.861,1620.0,155.853,155.869,155.85288790334442
2025-12-08T16:05:00Z,155.86,155.89,155.828,155.89,988.0,155.882,155.898,155.8578361828985
2025-12-08T16:10:00Z,155.89,155.89,155.85,155.854,864.0,155.845,155.862,155.85732469184538
2025-12-08T16:15:00Z,155.855,155.868,155.834,155.844,764.0,155.837,155.852,155.855548066266
2025-12-08T16:20:00Z,155.846,155.942,155.844,155.94,1188.0,155.932,155.947,155.8668083240972
2025-12-08T16:25:00Z,155.938,155.954,155.918,155.947,800.0,155.938,155.956,155.8775005475509
2025-12-08T16:30:00Z,155.946,155.959,155.866,155.896,1279.0,155.888,155.903,155.87996714121078
2025-12-08T16:35:00Z,155.896,155.934,155.889,155.926,1045.0,155.917,155.935,155.886104855716
2025-12-08T16:40:00Z,155.926,155.927,155.882,155.905,996.0,155.897,155.913,155.8886242082872
2025-12-08T16:45:00Z,155.904,155.909,155.866,155.872,872.0,155.863,155.881,155.88640764718227
2025-12-08T16:50:00Z,155.871,155.922,155.864,155.906,735.0,155.898,155.913,155.8890199608913
2025-12-08T16:55:00Z,155.905,155.911,155.88,155.9,953.0,155.891,155.908,155.8904839661058
2025-12-08T17:00:00Z,155.898,155.926,155.886,155.896,952.0,155.888,155.905,155.89121943729168
2025-12-08T17:05:00Z,155.899,155.924,155.89,155.896,600.0,155.887,155.904,155.8918568456528
2025-12-08T17:10:00Z,155.895,155.908,155.893,155.902,622.0,155.894,155.911,155.89320926623242
2025-12-08T17:15:00Z,155.903,155.903,155.832,155.834,618.0,155.826,155.843,155.88531469740144
2025-12-08T17:20:00Z,155.834,155.846,155.813,155.826,569.0,155.816,155.835,155.87740607108125
2025-12-08T17:25:00Z,155.826,155.836,155.801,155.822,844.0,155.814,155.831,155.87001859493708
2025-12-08T17:30:00Z,155.825,155.832,155.787,155.82,748.0,155.812,155.827,155.86334944894548
2025-12-08T17:35:00Z,155.82,155.854,155.816,155.818,689.0,155.81,155.826,155.85730285575275
2025-12-08T17:40:00Z,155.818,155.828,155.8,155.801,725.0,155.793,155.809,155.84979580831904
2025-12-08T17:45:00Z,155.802,155.802,155.756,155.756,872.0,155.747,155.765,155.83728970054318
2025-12-08T17:50:00Z,155.752,155.763,155.733,155.733,754.0,155.726,155.74,155.82338440713744
2025-12-08T17:55:00Z,155.732,155.786,155.727,155.752,965.0,155.742,155.761,155.8138664861858
2025-12-08T18:00:00Z,155.75,155.762,155.73,155.736,690.0,155.726,155.745,155.80348428802768
2025-12-08T18:05:00Z,155.738,155.76,155.724,155.746,493.0,155.736,155.755,155.79581971629065
2025-12-08T18:10:00Z,155.746,155.768,155.736,155.762,429.0,155.754,155.771,155.79131042078524
2025-12-08T18:15:00Z,155.762,155.778,155.748,155.75,256.0,155.74,155.759,155.78580236468053
2025-12-08T18:20:00Z,155.75,155.764,155.733,155.762,215.0,155.754,155.771,155.78262871605648
2025-12-08T18:25:00Z,155.763,155.78,155.748,155.778,674.0,155.77,155.786,155.78201155391562
2025-12-08T18:30:00Z,155.778,155.786,155.75,155.76,711.0,155.751,155.768,155.7790766800602
2025-12-08T18:35:00Z,155.759,155.764,155.738,155.748,476.0,155.739,155.756,155.77493312271883
2025-12-08T18:40:00Z,155.747,155.761,155.726,155.732,547.0,155.724,155.741,155.76920870635632
2025-12-08T18:45:00Z,155.73,155.734,155.706,155.727,461.0,155.718,155.736,155.76358087884216
2025-12-08T18:50:00Z,155.728,155.746,155.726,155.745,258.0,155.736,155.754,155.76110342832987
2025-12-08T18:55:00Z,155.744,155.762,155.728,155.752,620.0,155.744,155.761,155.7598896378859
2025-12-08T19:00:00Z,155.753,155.781,155.748,155.763,604.0,155.754,155.772,155.76030435283445
2025-12-08T19:05:00Z,155.762,155.764,155.738,155.748,468.0,155.739,155.757,155.75866377245652
2025-12-08T19:10:00Z,155.748,155.774,155.747,155.768,546.0,155.759,155.776,155.75990860279566
2025-12-08T19:15:00Z,155.766,155.768,155.742,155.744,527.0,155.735,155.753,155.75778745575624
2025-12-08T19:20:00Z,155.744,155.767,155.738,155.766,744.0,155.757,155.775,155.75888246165542
2025-12-08T19:25:00Z,155.766,155.79,155.766,155.785,448.0,155.776,155.794,155.76236480010135
2025-12-08T19:30:00Z,155.784,155.827,155.784,155.824,613.0,155.815,155.832,155.77058282675452
2025-12-08T19:35:00Z,155.823,155.848,155.81,155.812,679.0,155.804,155.819,155.7761051165206
2025-12-08T19:40:00Z,155.812,155.823,155.794,155.821,672.0,155.812,155.83,155.78209110098453
2025-12-08T19:45:00Z,155.82,155.871,155.819,155.867,610.0,155.861,155.873,155.79341228751994
2025-12-08T19:50:00Z,155.868,155.882,155.844,155.876,722.0,155.868,155.884,155.80442398251728
2025-12-08T19:55:00Z,155.878,155.917,155.874,155.912,1319.0,155.904,155.919,155.818767451515
2025-12-08T20:00:00Z,155.911,155.912,155.851,155.904,915.0,155.896,155.911,155.830131791313
2025-12-08T20:05:00Z,155.904,155.916,155.892,155.914,550.0,155.907,155.922,155.84131421913793
2025-12-08T20:10:00Z,155.914,155.937,155.906,155.926,486.0,155.916,155.935,155.8526056565862
2025-12-08T20:15:00Z,155.926,155.936,155.922,155.925,336.0,155.918,155.932,155.86225823570805
2025-12-08T20:20:00Z,155.926,155.932,155.91,155.914,340.0,155.906,155.923,155.86915713761366
2025-12-08T20:25:00Z,155.914,155.914,155.886,155.891,337.0,155.883,155.899,155.87206951926518
2025-12-08T20:30:00Z,155.892,155.894,155.874,155.876,455.0,155.869,155.884,155.87259358336317
2025-12-08T20:35:00Z,155.876,155.902,155.876,155.888,401.0,155.88,155.895,155.8746477722481
2025-12-08T20:40:00Z,155.886,155.89,155.875,155.879,399.0,155.872,155.886,155.8752280692817
2025-12-08T20:45:00Z,155.884,155.904,155.884,155.89,679.0,155.883,155.897,155.87719766004415
2025-12-08T20:50:00Z,155.89,155.914,155.89,155.896,523.0,155.889,155.904,155.87970463870494
2025-12-08T20:55:00Z,155.896,155.936,155.896,155.932,623.0,155.925,155.94,155.8866773535443
2025-12-08T21:00:00Z,155.934,155.944,155.928,155.938,411.0,155.931,155.946,155.8935203730717
2025-12-08T21:05:00Z,155.939,155.945,155.932,155.941,166.0,155.933,155.949,155.89985098999549
2025-12-08T21:10:00Z,155.94,155.948,155.936,155.94,186.0,155.934,155.947,155.90520419132943
2025-12-08T21:15:00Z,155.941,155.95,155.935,155.936,295.0,155.926,155.945,155.90931029915217
2025-12-08T21:20:00Z,155.936,155.938,155.925,155.936,338.0,155.928,155.945,155.9128689259319
2025-12-08T21:25:00Z,155.937,155.96,155.926,155.954,401.0,155.945,155.962,155.91835306914098
2025-12-08T21:30:00Z,155.953,155.962,155.935,155.935,414.0,155.926,155.944,155.9205726599222
2025-12-08T21:35:00Z,155.936,155.948,155.935,155.941,291.0,155.932,155.95,155.9232963052659
2025-12-08T21:40:00Z,155.942,155.948,155.935,155.942,175.0,155.933,155.95,155.92579013123046
2025-12-08T21:45:00Z,155.94,155.95,155.934,155.935,310.0,155.926,155.944,155.92701811373306
2025-12-08T21:50:00Z,155.936,155.938,155.91,155.914,572.0,155.904,155.924,155.92528236523532
2025-12-08T21:55:00Z,155.914,155.928,155.91,155.928,113.0,155.914,155.941,155.92564471653728
2025-12-08T22:00:00Z,155.875,155.875,155.875,155.875,1.0,155.825,155.925,155.91889208766565
2025-12-08T22:05:00Z,155.879,155.902,155.864,155.87,90.0,155.82,155.92,155.91237314264356
2025-12-08T22:10:00Z,155.866,155.895,155.863,155.89,71.0,155.859,155.922,155.90939005695776
2025-12-08T22:15:00Z,155.891,155.894,155.888,155.888,36.0,155.86,155.917,155.9065380493634
2025-12-08T22:20:00Z,155.89,155.89,155.878,155.88,81.0,155.857,155.903,155.90299964278162
2025-12-08T22:25:00Z,155.878,155.901,155.876,155.886,88.0,155.856,155.917,155.90073302374407
2025-12-08T22:30:00Z,155.885,155.887,155.877,155.886,155.0,155.859,155.912,155.8987686205782
2025-12-08T22:35:00Z,155.882,155.89,155.881,155.885,121.0,155.864,155.906,155.89693280450112
2025-12-08T22:40:00Z,155.886,155.91,155.885,155.906,88.0,155.886,155.925,155.89814176390098
2025-12-08T22:45:00Z,155.906,155.92,155.904,155.916,43.0,155.903,155.928,155.90052286204752
2025-12-08T22:50:00Z,155.922,155.942,155.9,155.941,106.0,155.921,155.961,155.90591981377452
2025-12-08T22:55:00Z,155.94,155.94,155.905,155.917,91.0,155.899,155.935,155.90739717193793
2025-12-08T23:00:00Z,155.918,155.958,155.894,155.938,293.0,155.928,155.948,155.9114775490129
2025-12-08T23:05:00Z,155.938,155.95,155.92,155.948,196.0,155.939,155.956,155.9163472091445
2025-12-08T23:10:00Z,155.948,155.962,155.944,155.958,165.0,155.949,155.968,155.9219009145919
2025-12-08T23:15:00Z,155.958,155.98,155.946,155.96,169.0,155.951,155.969,155.92698079264633
2025-12-08T23:20:00Z,155.956,155.974,155.946,155.951,168.0,155.941,155.961,155.93018335362683
2025-12-08T23:25:00Z,155.95,155.95,155.893,155.899,329.0,155.889,155.909,155.92602557314325
2025-12-08T23:30:00Z,155.898,155.912,155.898,155.912,140.0,155.902,155.921,155.92415549672415
2025-12-08T23:35:00Z,155.912,155.926,155.898,155.91,172.0,155.9,155.92,155.92226809716095
2025-12-08T23:40:00Z,155.912,155.938,155.908,155.938,114.0,155.928,155.947,155.92436568420615
2025-12-08T23:45:00Z,155.939,155.941,155.904,155.908,262.0,155.9,155.917,155.92218359297866
2025-12-08T23:50:00Z,155.908,155.927,155.891,155.891,330.0,155.881,155.901,155.9180257805815
2025-12-08T23:55:00Z,155.89,155.89,155.839,155.845,297.0,155.836,155.854,155.90828900983732
2025-12-09T00:00:00Z,155.846,155.864,155.775,155.84,1049.0,155.83,155.849,155.8991838085257
2025-12-09T00:05:00Z,155.84,155.868,155.826,155.843,631.0,155.834,155.852,155.8916926340556
2025-12-09T00:10:00Z,155.844,155.844,155.769,155.778,595.0,155.771,155.786,155.87653361618152
2025-12-09T00:15:00Z,155.779,155.854,155.778,155.85,626.0,155.841,155.859,155.87299580069066
2025-12-09T00:20:00Z,155.85,155.881,155.844,155.876,508.0,155.868,155.885,155.87339636059858
2025-12-09T00:25:00Z,155.876,155.89,155.852,155.864,402.0,155.856,155.873,155.87214351251876
2025-12-09T00:30:00Z,155.863,155.876,155.834,155.861,551.0,155.852,155.87,155.8706577108496
2025-12-09T00:35:00Z,155.86,155.904,155.86,155.898,551.0,155.889,155.907,155.874303349403
2025-12-09T00:40:00Z,155.896,155.913,155.895,155.902,583.0,155.893,155.911,155.87799623614927
2025-12-09T00:45:00Z,155.902,155.912,155.869,155.884,573.0,155.877,155.892,155.87879673799603
2025-12-09T00:50:00Z,155.885,155.975,155.861,155.972,1249.0,155.962,155.981,155.89122383959656
2025-12-09T00:55:00Z,155.972,156.024,155.964,156.012,1404.0,156.005,156.02,155.90732732765036
2025-12-09T01:00:00Z,156.014,156.039,155.972,156.014,1128.0,156.005,156.023,155.92155035063033
2025-12-09T01:05:00Z,156.018,156.034,155.941,155.948,1287.0,155.939,155.958,155.9250769705463
2025-12-09T01:10:00Z,155.944,155.956,155.902,155.936,965.0,155.928,155.944,155.92653337447345
2025-12-09T01:15:00Z,155.936,155.952,155.902,155.917,673.0,155.91,155.924,155.925262257877
2025-12-09T01:20:00Z,155.916,155.921,155.888,155.908,694.0,155.899,155.918,155.9229606234934
2025-12-09T01:25:00Z,155.908,155.91,155.875,155.881,766.0,155.874,155.888,155.91736587369428
2025-12-09T01:30:00Z,155.88,155.881,155.83,155.844,872.0,155.835,155.852,155.9075837572017
2025-12-09T01:35:00Z,155.844,155.884,155.842,155.88,829.0,155.873,155.888,155.90390592290814
2025-12-09T01:40:00Z,155.881,155.902,155.845,155.855,808.0,155.846,155.864,155.89738513318704
2025-12-09T01:45:00Z,155.853,155.868,155.83,155.84,735.0,155.832,155.847,155.88973378209545
2025-12-09T01:50:00Z,155.841,155.846,155.797,155.809,625.0,155.803,155.815,155.87896927781605
2025-12-09T01:55:00Z,155.81,155.81,155.769,155.8,513.0,155.792,155.807,155.86844004077392
2025-12-09T02:00:00Z,155.8,155.826,155.744,155.758,698.0,155.749,155.767,155.85371470200408
2025-12-09T02:05:00Z,155.76,155.794,155.759,155.785,518.0,155.777,155.793,155.84455274173686
2025-12-09T02:10:00Z,155.783,155.834,155.774,155.831,626.0,155.823,155.839,155.8427457095053
2025-12-09T02:15:00Z,155.83,155.896,155.829,155.895,593.0,155.888,155.902,155.84971294823794
2025-12-09T02:20:00Z,155.896,155.896,155.854,155.86,417.0,155.852,155.867,155.85108455513955
2025-12-09T02:25:00Z,155.858,155.864,155.843,155.844,471.0,155.835,155.852,155.85013994778762
2025-12-09T02:30:00Z,155.844,155.854,155.825,155.844,565.0,155.835,155.853,155.84932128808262
2025-12-09T02:35:00Z,155.845,155.894,155.842,155.873,640.0,155.866,155.88,155.85247844967162
2025-12-09T02:40:00Z,155.874,155.898,155.864,155.896,459.0,155.888,155.905,155.85828132304874
2025-12-09T02:45:00Z,155.897,155.908,155.88,155.892,491.0,155.885,155.9,155.86277714664226
2025-12-09T02:50:00Z,155.892,155.904,155.879,155.894,490.0,155.885,155.902,155.86694019375662
2025-12-09T02:55:00Z,155.896,155.902,155.856,155.87,477.0,155.862,155.877,155.86734816792242
2025-12-09T03:00:00Z,155.868,155.877,155.855,155.869,517.0,155.863,155.875,155.86756841219943
2025-12-09T03:05:00Z,155.868,155.893,155.868,155.886,264.0,155.88,155.892,155.8700259572395
2025-12-09T03:10:00Z,155.884,155.892,155.863,155.876,229.0,155.869,155.883,155.87082249627423
2025-12-09T03:15:00Z,155.876,155.885,155.86,155.878,407.0,155.869,155.887,155.871779496771
2025-12-09T03:20:00Z,155.878,155.88,155.864,155.876,330.0,155.868,155.885,155.87234223053488
2025-12-09T03:25:00Z,155.877,155.877,155.85,155.875,415.0,155.866,155.884,155.8726965997969
2025-12-09T03:30:00Z,155.87,155.874,155.832,155.85,715.0,155.842,155.857,155.86967038649067
2025-12-09T03:35:00Z,155.852,155.871,155.81,155.82,412.0,155.812,155.828,155.86304766829193
2025-12-09T03:40:00Z,155.822,155.86,155.822,155.842,423.0,155.833,155.851,155.86024131251966
2025-12-09T03:45:00Z,155.842,155.854,155.825,155.852,319.0,155.843,155.861,155.85914247085037
2025-12-09T03:50:00Z,155.851,155.854,155.83,155.84,433.0,155.83,155.849,155.85659014140367
2025-12-09T03:55:00Z,155.837,155.837,155.802,155.826,382.0,155.817,155.834,155.8525114558832
2025-12-09T04:00:00Z,155.826,155.833,155.812,155.816,514.0,155.809,155.824,155.84764326176543
2025-12-09T04:05:00Z,155.816,155.863,155.814,155.858,478.0,155.85,155.867,155.8490241601967
2025-12-09T04:10:00Z,155.857,155.872,155.85,155.868,387.0,155.86,155.877,155.8515542721705
2025-12-09T04:15:00Z,155.868,155.892,155.868,155.887,440.0,155.879,155.895,155.85628036921443
2025-12-09T04:20:00Z,155.89,155.892,155.862,155.89,501.0,155.881,155.898,155.86077631998583
2025-12-09T04:25:00Z,155.889,155.9,155.877,155.9,430.0,155.892,155.907,155.86600614398773
2025-12-09T04:30:00Z,155.899,155.942,155.899,155.937,542.0,155.928,155.946,155.87547199145604
2025-12-09T04:35:00Z,155.938,155.942,155.914,155.924,675.0,155.916,155.933,155.88194239259525
2025-12-09T04:40:00Z,155.925,155.974,155.922,155.968,613.0,155.959,155.976,155.89341674024922
2025-12-09T04:45:00Z,155.967,155.988,155.95,155.982,493.0,155.975,155.989,155.90522784154933
2025-12-09T04:50:00Z,155.982,155.982,155.964,155.97,439.0,155.962,155.977,155.91386412934276
2025-12-09T04:55:00Z,155.97,155.97,155.936,155.936,344.0,155.928,155.945,155.91681557876373
2025-12-09T05:00:00Z,155.936,155.972,155.936,155.963,368.0,155.955,155.971,155.92297350159524
2025-12-09T05:05:00Z,155.964,156.116,155.961,156.068,1217.0,156.06,156.075,155.94231036804922
2025-12-09T05:10:00Z,156.066,156.067,156.016,156.032,772.0,156.023,156.042,155.95426898564267
2025-12-09T05:15:00Z,156.032,156.049,155.972,155.994,784.0,155.987,156.002,155.95956645422365
2025-12-09T05:20:00Z,155.997,155.998,155.946,155.952,491.0,155.944,155.961,155.9585575936605
2025-12-09T05:25:00Z,155.951,155.952,155.872,155.874,592.0,155.866,155.883,155.9472832478391
2025-12-09T05:30:00Z,155.876,155.893,155.861,155.879,543.0,155.87,155.888,155.93817881479387
2025-12-09T05:35:00Z,155.88,155.908,155.865,155.907,574.0,155.899,155.915,155.93402163948804
2025-12-09T05:40:00Z,155.908,155.957,155.894,155.944,703.0,155.934,155.953,155.9353520875563
2025-12-09T05:45:00Z,155.943,155.97,155.878,155.918,1620.0,155.908,155.927,155.93303847588214
2025-12-09T05:50:00Z,155.916,155.998,155.916,155.982,1235.0,155.973,155.991,155.93956667909785
2025-12-09T05:55:00Z,155.983,156.017,155.959,156.012,1261.0,156.003,156.02,155.94922445521814
2025-12-09T06:00:00Z,156.012,156.06,155.986,156.06,767.0,156.052,156.068,155.96399452785573
2025-12-09T06:05:00Z,156.06,156.085,156.034,156.042,1015.0,156.034,156.05,155.97439525747498
2025-12-09T06:10:00Z,156.044,156.106,156.04,156.08,1101.0,156.072,156.089,155.98847588981167
2025-12-09T06:15:00Z,156.08,156.128,156.074,156.094,858.0,156.086,156.101,156.0025457711701
2025-12-09T06:20:00Z,156.094,156.106,156.068,156.096,843.0,156.086,156.105,156.0150063350141
2025-12-09T06:25:00Z,156.096,156.097,156.056,156.089,750.0,156.079,156.099,156.02487215701223
2025-12-09T06:30:00Z,156.09,156.119,156.018,156.018,796.0,156.01,156.027,156.0239558694106
2025-12-09T06:35:00Z,156.019,156.06,156.012,156.058,717.0,156.05,156.067,156.02849508682252
2025-12-09T06:40:00Z,156.059,156.062,156.028,156.037,760.0,156.028,156.046,156.0296290752462
2025-12-09T06:45:00Z,156.037,156.046,156.001,156.011,788.0,156.003,156.019,156.0271451985467
2025-12-09T06:50:00Z,156.01,156.021,155.96,156.018,786.0,156.01,156.026,156.02592583874048
2025-12-09T06:55:00Z,156.018,156.03,155.988,156.008,617.0,156.001,156.016,156.02353572690842
2025-12-09T07:00:00Z,156.01,156.074,155.984,156.058,854.0,156.051,156.065,156.02813096332062
2025-12-09T07:05:00Z,156.058,156.115,156.047,156.114,816.0,156.105,156.123,156.03958016821122
2025-12-09T07:10:00Z,156.112,156.116,156.088,156.096,967.0,156.087,156.104,156.04710281244974
2025-12-09T07:15:00Z,156.094,156.166,156.092,156.138,901.0,156.131,156.146,156.05922243745644
2025-12-09T07:20:00Z,156.14,156.148,156.092,156.095,660.0,156.086,156.104,156.0639927791289
2025-12-09T07:25:00Z,156.096,156.115,156.083,156.109,790.0,156.101,156.117,156.06999374191173
2025-12-09T07:30:00Z,156.109,156.148,156.096,156.123,735.0,156.115,156.131,156.07706124299017
2025-12-09T07:35:00Z,156.122,156.124,156.036,156.06,827.0,156.052,156.068,156.07478641059149
2025-12-09T07:40:00Z,156.058,156.132,156.058,156.13,999.0,156.123,156.138,156.08214822251261
2025-12-09T07:45:00Z,156.131,156.16,156.119,156.158,782.0,156.15,156.165,156.09226179284425
2025-12-09T07:50:00Z,156.158,156.194,156.143,156.19,689.0,156.182,156.198,156.10529355379836
2025-12-09T07:55:00Z,156.19,156.2,156.172,156.194,1143.0,156.187,156.202,156.1171210799586
2025-12-09T08:00:00Z,156.195,156.282,156.184,156.274,1484.0,156.266,156.283,156.13803826929745
2025-12-09T08:05:00Z,156.275,156.276,156.23,156.256,1387.0,156.248,156.264,156.1537665000578
2025-12-09T08:10:00Z,156.258,156.286,156.246,156.256,1266.0,156.247,156.265,156.16739763338344
2025-12-09T08:15:00Z,156.256,156.316,156.246,156.312,840.0,156.303,156.321,156.18667794893233
2025-12-09T08:20:00Z,156.312,156.332,156.283,156.329,982.0,156.32,156.338,156.20565422240801
2025-12-09T08:25:00Z,156.33,156.379,156.324,156.367,1424.0,156.359,156.375,156.2271669927536
2025-12-09T08:30:00Z,156.368,156.369,156.312,156.358,1574.0,156.35,156.365,156.2446113937198
2025-12-09T08:35:00Z,156.357,156.431,156.356,156.427,952.0,156.419,156.435,156.26892987455716
2025-12-09T08:40:00Z,156.426,156.434,156.362,156.376,839.0,156.368,156.384,156.28320589128288
2025-12-09T08:45:00Z,156.378,156.396,156.354,156.374,647.0,156.365,156.383,156.29531177244516
2025-12-09T08:50:00Z,156.374,156.376,156.327,156.328,680.0,156.32,156.337,156.29967020278582
2025-12-09T08:55:00Z,156.329,156.34,156.308,156.335,684.0,156.327,156.343,156.3043808424144
2025-12-09T09:00:00Z,156.336,156.341,156.256,156.282,1188.0,156.274,156.29,156.30139673009248
2025-12-09T09:05:00Z,156.282,156.282,156.198,156.262,1230.0,156.253,156.271,156.29614383274682
2025-12-09T09:10:00Z,156.264,156.272,156.158,156.16,1146.0,156.151,156.168,156.27799132171393
2025-12-09T09:15:00Z,156.159,156.163,156.066,156.066,1624.0,156.057,156.075,156.24972581215206
2025-12-09T09:20:00Z,156.066,156.068,155.978,156.058,2272.0,156.049,156.066,156.2241623705318
2025-12-09T09:25:00Z,156.056,156.058,156.018,156.042,1560.0,156.034,156.05,156.19987405446088
2025-12-09T09:30:00Z,156.042,156.108,156.04,156.054,1263.0,156.046,156.062,156.18042418053275
2025-12-09T09:35:00Z,156.054,156.088,156.032,156.068,1059.0,156.06,156.076,156.16543428979506
2025-12-09T09:40:00Z,156.068,156.122,156.042,156.104,1038.0,156.097,156.112,156.15724305115572
2025-12-09T09:45:00Z,156.104,156.111,156.031,156.054,994.0,156.046,156.061,156.14347731100162
2025-12-09T09:50:00Z,156.053,156.082,156.048,156.068,758.0,156.06,156.076,156.13341366953475
2025-12-09T09:55:00Z,156.066,156.088,156.029,156.086,1127.0,156.078,156.095,156.1270918469301
2025-12-09T10:00:00Z,156.088,156.128,156.086,156.124,994.0,156.118,156.131,156.12667960067276
2025-12-09T10:05:00Z,156.126,156.174,156.104,156.139,940.0,156.131,156.147,156.12832232058307
2025-12-09T10:10:00Z,156.139,156.201,156.134,156.186,923.0,156.178,156.195,156.13601267783866
2025-12-09T10:15:00Z,156.187,156.204,156.166,156.178,707.0,156.169,156.186,156.14161098746018
2025-12-09T10:20:00Z,156.177,156.178,156.146,156.163,648.0,156.156,156.17,156.14446285579882
2025-12-09T10:25:00Z,156.164,156.204,156.163,156.173,836.0,156.165,156.181,156.14826780835898
2025-12-09T10:30:00Z,156.172,156.179,156.147,156.17,1176.0,156.163,156.178,156.1511654339111
2025-12-09T10:35:00Z,156.171,156.174,156.085,156.085,1606.0,156.077,156.093,156.1423433760563
2025-12-09T10:40:00Z,156.082,156.108,156.045,156.076,1900.0,156.068,156.083,156.13349759258213
2025-12-09T10:45:00Z,156.075,156.105,156.06,156.098,935.0,156.09,156.105,156.12876458023786
2025-12-09T10:50:00Z,156.098,156.136,156.095,156.106,989.0,156.097,156.115,156.1257293028728
2025-12-09T10:55:00Z,156.106,156.134,156.075,156.076,1095.0,156.068,156.084,156.11909872915643
2025-12-09T11:00:00Z,156.075,156.139,156.07,156.122,907.0,156.114,156.131,156.11948556526892
2025-12-09T11:05:00Z,156.122,156.122,156.103,156.122,753.0,156.113,156.13,156.11982082323306
2025-12-09T11:10:00Z,156.122,156.136,156.106,156.121,771.0,156.112,156.13,156.11997804680198
2025-12-09T11:15:00Z,156.121,156.137,156.097,156.122,881.0,156.113,156.131,156.12024764056173
2025-12-09T11:20:00Z,156.122,156.152,156.092,156.094,908.0,156.087,156.102,156.1167479551535
2025-12-09T11:25:00Z,156.094,156.148,156.094,156.122,760.0,156.115,156.129,156.1174482277997
2025-12-09T11:30:00Z,156.122,156.14,156.074,156.083,1112.0,156.076,156.09,156.11285513075975
2025-12-09T11:35:00Z,156.084,156.138,156.082,156.102,995.0,156.093,156.111,156.1114077799918
2025-12-09T11:40:00Z,156.102,156.132,156.102,156.11,710.0,156.102,156.119,156.1112200759929
2025-12-09T11:45:00Z,156.11,156.134,156.106,156.126,700.0,156.119,156.134,156.1131907325272
2025-12-09T11:50:00Z,156.127,156.147,156.106,156.133,840.0,156.125,156.141,156.11583196819024
2025-12-09T11:55:00Z,156.134,156.198,156.134,156.189,937.0,156.181,156.197,156.12558770576487
2025-12-09T12:00:00Z,156.189,156.236,156.187,156.226,1096.0,156.218,156.233,156.1389760116629
2025-12-09T12:05:00Z,156.226,156.26,156.222,156.235,1244.0,156.226,156.244,156.15177921010783
2025-12-09T12:10:00Z,156.234,156.29,156.234,156.282,1022.0,156.274,156.29,156.16914198209346
2025-12-09T12:15:00Z,156.282,156.293,156.264,156.279,766.0,156.271,156.287,156.18378971781434
2025-12-09T12:20:00Z,156.28,156.292,156.254,156.27,737.0,156.261,156.278,156.19528442210577
2025-12-09T12:25:00Z,156.269,156.282,156.254,156.282,494.0,156.274,156.291,156.20684649915833
2025-12-09T12:30:00Z,156.282,156.29,156.253,156.27,609.0,156.261,156.278,156.21526696593722
2025-12-09T12:35:00Z,156.269,156.29,156.256,156.28,713.0,156.272,156.287,156.2238980371456
2025-12-09T12:40:00Z,156.28,156.326,156.278,156.318,710.0,156.309,156.326,156.2364449655262
2025-12-09T12:45:00Z,156.317,156.32,156.277,156.28,775.0,156.271,156.288,156.24225230345604
2025-12-09T12:50:00Z,156.281,156.312,156.256,156.31,1165.0,156.301,156.32,156.2512853296619
2025-12-09T12:55:00Z,156.312,156.357,156.312,156.356,1496.0,156.347,156.365,156.26524728570698
2025-12-09T13:00:00Z,156.356,156.369,156.31,156.342,1242.0,156.334,156.351,156.27548098094604
2025-12-09T13:05:00Z,156.344,156.37,156.334,156.368,921.0,156.36,156.377,156.28781685015323
2025-12-09T13:10:00Z,156.37,156.406,156.366,156.378,772.0,156.371,156.386,156.29984127013282
2025-12-09T13:15:00Z,156.378,156.407,156.353,156.354,1216.0,156.347,156.362,156.30706243411512
2025-12-09T13:20:00Z,156.352,156.452,156.35,156.451,1492.0,156.444,156.458,156.32625410956643
2025-12-09T13:25:00Z,156.452,156.487,156.45,156.481,1118.0,156.472,156.49,156.34688689495758
2025-12-09T13:30:00Z,156.48,156.516,156.462,156.488,1239.0,156.479,156.496,156.36570197562992
2025-12-09T13:35:00Z,156.487,156.489,156.391,156.394,1161.0,156.386,156.403,156.36947504554593
2025-12-09T13:40:00Z,156.394,156.438,156.37,156.374,1414.0,156.365,156.383,156.37007837280646
2025-12-09T13:45:00Z,156.372,156.402,156.342,156.386,1251.0,156.378,156.394,156.37220125643228
2025-12-09T13:50:00Z,156.384,156.391,156.285,156.322,1515.0,156.314,156.33,156.36550775557464
2025-12-09T13:55:00Z,156.322,156.346,156.296,156.342,1283.0,156.333,156.352,156.36237338816468
2025-12-09T14:00:00Z,156.342,156.374,156.312,156.352,1230.0,156.343,156.361,156.36099026974273
2025-12-09T14:05:00Z,156.352,156.366,156.316,156.326,825.0,156.317,156.335,156.3563249004437
2025-12-09T14:10:00Z,156.326,156.436,156.326,156.414,900.0,156.406,156.422,156.36401491371788
2025-12-09T14:15:00Z,156.416,156.444,156.409,156.444,995.0,156.435,156.453,156.37467959188882
2025-12-09T14:20:00Z,156.446,156.514,156.446,156.476,1232.0,156.467,156.485,156.388188979637
2025-12-09T14:25:00Z,156.478,156.534,156.461,156.468,1278.0,156.459,156.477,156.39883044901873
2025-12-09T14:30:00Z,156.466,156.535,156.376,156.426,3181.0,156.417,156.434,156.40245305581624
2025-12-09T14:35:00Z,156.426,156.488,156.404,156.45,2042.0,156.442,156.459,156.4087926483741
2025-12-09T14:40:00Z,156.452,156.468,156.424,156.46,1782.0,156.452,156.468,156.41562029525755
2025-12-09T14:45:00Z,156.46,156.511,156.438,156.468,1332.0,156.46,156.476,156.4226042558899
2025-12-09T14:50:00Z,156.468,156.468,156.414,156.419,1417.0,156.412,156.426,156.42212368843792
2025-12-09T14:55:00Z,156.42,156.437,156.4,156.416,1076.0,156.403,156.428,156.4213071966462
2025-12-09T15:00:00Z,156.415,156.715,156.413,156.671,3663.0,156.664,156.678,156.45459957042672
2025-12-09T15:05:00Z,156.672,156.828,156.668,156.826,2522.0,156.818,156.834,156.50411962770318
2025-12-09T15:10:00Z,156.83,156.86,156.736,156.804,2228.0,156.796,156.813,156.54410367734275
2025-12-09T15:15:00Z,156.805,156.82,156.729,156.742,1697.0,156.734,156.75,156.57048985369704
2025-12-09T15:20:00Z,156.743,156.766,156.648,156.648,1685.0,156.64,156.657,156.58082453987078
2025-12-09T15:25:00Z,156.652,156.7,156.616,156.622,1633.0,156.614,156.631,156.58631460122135
2025-12-09T15:30:00Z,156.623,156.642,156.572,156.628,1662.0,156.621,156.636,156.59187265439184
2025-12-09T15:35:00Z,156.627,156.768,156.609,156.76,1473.0,156.752,156.768,156.61428963380627
2025-12-09T15:40:00Z,156.759,156.856,156.746,156.825,1452.0,156.817,156.833,156.64238434929877
2025-12-09T15:45:00Z,156.826,156.85,156.794,156.843,1697.0,156.835,156.851,156.6691331027256
2025-12-09T15:50:00Z,156.844,156.896,156.816,156.89,1167.0,156.883,156.898,156.6985820223622
2025-12-09T15:55:00Z,156.892,156.916,156.86,156.868,1460.0,156.861,156.874,156.72117108604724
2025-12-09T16:00:00Z,156.868,156.87,156.81,156.862,1261.0,156.855,156.869,156.7399482745743
2025-12-09T16:05:00Z,156.862,156.92,156.852,156.878,1013.0,156.87,156.886,156.75835517129772
2025-12-09T16:10:00Z,156.876,156.896,156.843,156.881,840.0,156.873,156.889,156.77470781512469
2025-12-09T16:15:00Z,156.88,156.894,156.853,156.854,938.0,156.846,156.861,156.7852801064414
2025-12-09T16:20:00Z,156.853,156.916,156.824,156.89,991.0,156.881,156.9,156.79924275891588
2025-12-09T16:25:00Z,156.89,156.916,156.888,156.91,789.0,156.901,156.918,156.81401039106044
2025-12-09T16:30:00Z,156.91,156.918,156.895,156.908,1129.0,156.901,156.916,156.82654233891904
2025-12-09T16:35:00Z,156.911,156.919,156.884,156.914,834.0,156.906,156.921,156.8382033603965
2025-12-09T16:40:00Z,156.914,156.914,156.882,156.884,1137.0,156.876,156.893,156.84430957901031
2025-12-09T16:45:00Z,156.883,156.888,156.851,156.864,841.0,156.856,156.872,156.8469349684756
2025-12-09T16:50:00Z,156.864,156.89,156.847,156.872,944.0,156.863,156.881,156.85027697267887
2025-12-09T16:55:00Z,156.872,156.878,156.845,156.86,940.0,156.852,156.868,156.85157337632168
2025-12-09T17:00:00Z,156.859,156.869,156.832,156.864,1253.0,156.855,156.872,156.8532302594788
2025-12-09T17:05:00Z,156.863,156.902,156.847,156.901,698.0,156.893,156.909,156.85959955821497
2025-12-09T17:10:00Z,156.902,156.918,156.888,156.91,812.0,156.902,156.919,156.86631961711964
2025-12-09T17:15:00Z,156.91,156.914,156.894,156.901,896.0,156.892,156.91,156.87094366817036
2025-12-09T17:20:00Z,156.904,156.906,156.851,156.856,1082.0,156.847,156.864,156.86895117908097
2025-12-09T17:25:00Z,156.855,156.904,156.854,156.904,645.0,156.895,156.912,156.8736243552035
2025-12-09T17:30:00Z,156.906,156.909,156.886,156.908,663.0,156.9,156.917,156.87820777450972
2025-12-09T17:35:00Z,156.907,156.924,156.882,156.886,864.0,156.878,156.895,156.87924673790843
2025-12-09T17:40:00Z,156.886,156.896,156.881,156.882,835.0,156.874,156.89,156.87961383952066
2025-12-09T17:45:00Z,156.882,156.892,156.876,156.887,658.0,156.878,156.896,156.8805986609179
2025-12-09T17:50:00Z,156.889,156.91,156.88,156.906,582.0,156.897,156.915,156.88398550612885
2025-12-09T17:55:00Z,156.906,156.926,156.904,156.918,682.0,156.91,156.927,156.88852077197834
2025-12-09T18:00:00Z,156.919,156.924,156.88,156.886,636.0,156.878,156.893,156.8881846690479
2025-12-09T18:05:00Z,156.886,156.905,156.88,156.892,566.0,156.885,156.9,156.8886933798415
2025-12-09T18:10:00Z,156.893,156.915,156.887,156.908,527.0,156.9,156.917,156.89126759586264
2025-12-09T18:15:00Z,156.909,156.926,156.903,156.908,398.0,156.9,156.915,156.89349858308097
2025-12-09T18:20:00Z,156.907,156.917,156.893,156.894,322.0,156.886,156.902,156.89356543867018
2025-12-09T18:25:00Z,156.894,156.896,156.88,156.891,402.0,156.883,156.899,156.8932233801808
2025-12-09T18:30:00Z,156.888,156.905,156.887,156.904,424.0,156.896,156.912,156.89466026282338
2025-12-09T18:35:00Z,156.906,156.928,156.905,156.918,470.0,156.91,156.927,156.89777222778028
2025-12-09T18:40:00Z,156.918,156.928,156.913,156.918,606.0,156.911,156.925,156.90046926407624
2025-12-09T18:45:00Z,156.918,156.92,156.912,156.915,262.0,156.908,156.922,156.90240669553273
2025-12-09T18:50:00Z,156.914,156.919,156.908,156.918,642.0,156.91,156.925,156.90448580279505
2025-12-09T18:55:00Z,156.92,156.924,156.894,156.897,540.0,156.891,156.903,156.90348769575573
2025-12-09T19:00:00Z,156.896,156.926,156.888,156.924,619.0,156.917,156.932,156.90622266965497
2025-12-09T19:05:00Z,156.924,156.95,156.922,156.944,418.0,156.937,156.952,156.9112596470343
2025-12-09T19:10:00Z,156.944,156.956,156.938,156.942,518.0,156.934,156.95,156.91535836076307
2025-12-09T19:15:00Z,156.942,156.945,156.908,156.918,857.0,156.909,156.927,156.915710579328
2025-12-09T19:20:00Z,156.918,156.923,156.904,156.92,591.0,156.914,156.927,156.91628250208427
2025-12-09T19:25:00Z,156.922,156.928,156.884,156.885,890.0,156.876,156.894,156.91211150180638
2025-12-09T19:30:00Z,156.884,156.894,156.86,156.875,531.0,156.868,156.882,156.90716330156553
2025-12-09T19:35:00Z,156.876,156.878,156.848,156.851,596.0,156.843,156.859,156.8996748613568
2025-12-09T19:40:00Z,156.85,156.865,156.843,156.864,429.0,156.857,156.872,156.89491821317588
2025-12-09T19:45:00Z,156.864,156.88,156.862,156.863,551.0,156.854,156.872,156.8906624514191
2025-12-09T19:50:00Z,156.865,156.865,156.826,156.835,604.0,156.827,156.843,156.8832407912299
2025-12-09T19:55:00Z,156.834,156.848,156.812,156.836,840.0,156.828,156.843,156.87694201906592
2025-12-09T20:00:00Z,156.836,156.85,156.829,156.847,496.0,156.839,156.855,156.87294974985713
2025-12-09T20:05:00Z,156.846,156.847,156.836,156.843,449.0,156.836,156.85,156.86895644987618
2025-12-09T20:10:00Z,156.84,156.84,156.822,156.836,286.0,156.827,156.845,156.86456225655937
2025-12-09T20:15:00Z,156.836,156.863,156.834,156.861,497.0,156.852,156.87,156.86408728901813
2025-12-09T20:20:00Z,156.862,156.876,156.862,156.872,488.0,156.865,156.879,156.86514231714906
2025-12-09T20:25:00Z,156.872,156.89,156.872,156.877,511.0,156.869,156.885,156.8667233415292
2025-12-09T20:30:00Z,156.878,156.898,156.878,156.896,578.0,156.89,156.903,156.87062689599196
2025-12-09T20:35:00Z,156.896,156.914,156.892,156.905,327.0,156.897,156.913,156.87520997652638
2025-12-09T20:40:00Z,156.905,156.922,156.898,156.92,299.0,156.912,156.928,156.8811819796562
2025-12-09T20:45:00Z,156.92,156.924,156.896,156.908,304.0,156.901,156.916,156.88475771570202
2025-12-09T20:50:00Z,156.909,156.914,156.874,156.874,424.0,156.866,156.882,156.88332335360843
2025-12-09T20:55:00Z,156.874,156.904,156.87,156.904,631.0,156.896,156.913,156.88608023979398
2025-12-09T21:00:00Z,156.906,156.94,156.905,156.911,347.0,156.904,156.918,156.88940287448813
2025-12-09T21:05:00Z,156.91,156.924,156.899,156.908,240.0,156.899,156.916,156.89188249122304
2025-12-09T21:10:00Z,156.907,156.912,156.902,156.909,155.0,156.902,156.916,156.89416482572665
2025-12-09T21:15:00Z,156.905,156.92,156.904,156.92,212.0,156.911,156.928,156.89760951562977
2025-12-09T21:20:00Z,156.919,156.928,156.908,156.924,208.0,156.917,156.931,156.90112824687913
2025-12-09T21:25:00Z,156.924,156.94,156.924,156.934,237.0,156.925,156.942,156.90551114729524
2025-12-09T21:30:00Z,156.933,156.939,156.916,156.936,220.0,156.93,156.942,156.90957632765588
2025-12-09T21:35:00Z,156.936,156.942,156.922,156.93,233.0,156.921,156.938,156.91229948396844
2025-12-09T21:40:00Z,156.928,156.93,156.924,156.93,260.0,156.921,156.938,156.91465955277266
2025-12-09T21:45:00Z,156.928,156.93,156.915,156.923,263.0,156.914,156.932,156.91577161240298
2025-12-09T21:50:00Z,156.924,156.924,156.9,156.908,252.0,156.897,156.918,156.9147353974159
2025-12-09T21:55:00Z,156.909,156.925,156.887,156.894,774.0,156.879,156.908,156.91197067776045
2025-12-09T22:00:00Z,156.838,156.838,156.838,156.838,1.0,156.788,156.888,156.9021079207257
2025-12-09T22:05:00Z,156.831,156.863,156.822,156.861,56.0,156.822,156.9,156.89662686462896
2025-12-09T22:10:00Z,156.858,156.87,156.847,156.855,45.0,156.815,156.895,156.89107661601176
2025-12-09T22:15:00Z,156.854,156.86,156.836,156.853,402.0,156.803,156.903,156.88599973387687
2025-12-09T22:20:00Z,156.853,156.899,156.847,156.87,252.0,156.838,156.903,156.88386643602664
2025-12-09T22:25:00Z,156.871,156.886,156.863,156.883,155.0,156.86,156.906,156.8837509112231
2025-12-09T22:30:00Z,156.884,156.932,156.883,156.924,131.0,156.902,156.946,156.88911745639336
2025-12-09T22:35:00Z,156.924,156.925,156.892,156.893,52.0,156.872,156.914,156.88963512887426
2025-12-09T22:40:00Z,156.893,156.894,156.88,156.883,136.0,156.864,156.902,156.88875044502436
2025-12-09T22:45:00Z,156.883,156.89,156.88,156.89,163.0,156.87,156.909,156.88891705235446
2025-12-09T22:50:00Z,156.889,156.89,156.824,156.842,122.0,156.823,156.86,156.88266144537386
2025-12-09T22:55:00Z,156.841,156.845,156.834,156.842,231.0,156.826,156.859,156.877239919324
2025-12-09T23:00:00Z,156.845,156.914,156.832,156.878,340.0,156.868,156.888,156.87734126341414
2025-12-09T23:05:00Z,156.878,156.878,156.826,156.828,178.0,156.819,156.838,156.87076242829227
2025-12-09T23:10:00Z,156.828,156.858,156.802,156.858,194.0,156.848,156.867,156.86906077118664
2025-12-09T23:15:00Z,156.858,156.866,156.85,156.854,225.0,156.846,156.863,156.86705266836177
2025-12-09T23:20:00Z,156.855,156.858,156.854,156.854,183.0,156.845,156.862,156.86531231258022
2025-12-09T23:25:00Z,156.854,156.868,156.844,156.854,300.0,156.845,156.864,156.8638040042362
2025-12-09T23:30:00Z,156.855,156.864,156.846,156.85,161.0,156.842,156.858,156.86196347033803
2025-12-09T23:35:00Z,156.848,156.854,156.841,156.854,144.0,156.848,156.86,156.86090167429296
2025-12-09T23:40:00Z,156.856,156.876,156.846,156.847,176.0,156.838,156.856,156.85904811772056
2025-12-09T23:45:00Z,156.846,156.868,156.816,156.844,309.0,156.835,156.853,156.8570417020245
2025-12-09T23:50:00Z,156.842,156.843,156.825,156.834,131.0,156.824,156.844,156.85396947508792
2025-12-09T23:55:00Z,156.834,156.846,156.804,156.806,160.0,156.796,156.815,156.84757354507622
2025-12-10T00:00:00Z,156.804,156.846,156.778,156.832,960.0,156.823,156.841,156.84549707239938
2025-12-10T00:05:00Z,156.832,156.872,156.82,156.844,590.0,156.835,156.852,156.84529746274615
2025-12-10T00:10:00Z,156.842,156.844,156.783,156.82,639.0,156.811,156.83,156.84192446771334
2025-12-10T00:15:00Z,156.82,156.904,156.798,156.856,690.0,156.847,156.864,156.84380120535155
2025-12-10T00:20:00Z,156.855,156.896,156.855,156.881,501.0,156.873,156.889,156.84876104463802
2025-12-10T00:25:00Z,156.883,156.94,156.88,156.938,506.0,156.928,156.947,156.8606595720196
2025-12-10T00:30:00Z,156.937,156.938,156.858,156.872,636.0,156.865,156.88,156.86217162908366
2025-12-10T00:35:00Z,156.876,156.892,156.854,156.854,692.0,156.845,156.864,156.86108207853917
2025-12-10T00:40:00Z,156.854,156.854,156.822,156.842,548.0,156.835,156.85,156.85853780140062
2025-12-10T00:45:00Z,156.842,156.842,156.804,156.821,429.0,156.815,156.827,156.85353276121387
2025-12-10T00:50:00Z,156.82,156.896,156.756,156.824,1940.0,156.815,156.832,156.8495950597187
2025-12-10T00:55:00Z,156.825,156.834,156.704,156.715,1520.0,156.706,156.724,156.83164905175622
2025-12-10T01:00:00Z,156.716,156.748,156.673,156.674,909.0,156.666,156.683,156.81062917818872
2025-12-10T01:05:00Z,156.675,156.716,156.67,156.688,812.0,156.679,156.697,156.79427862109688
2025-12-10T01:10:00Z,156.688,156.747,156.685,156.743,917.0,156.735,156.751,156.7874414716173
2025-12-10T01:15:00Z,156.741,156.743,156.672,156.694,731.0,156.685,156.703,156.774982608735
2025-12-10T01:20:00Z,156.694,156.74,156.694,156.738,581.0,156.73,156.746,156.770051594237
2025-12-10T01:25:00Z,156.738,156.75,156.718,156.734,528.0,156.725,156.742,156.76524471500542
2025-12-10T01:30:00Z,156.734,156.768,156.726,156.757,753.0,156.748,156.766,156.76414541967137
2025-12-10T01:35:00Z,156.758,156.772,156.711,156.739,799.0,156.73,156.748,156.76079269704852
2025-12-10T01:40:00Z,156.744,156.76,156.723,156.741,748.0,156.733,156.749,156.75815367077539
2025-12-10T01:45:00Z,156.74,156.758,156.705,156.711,887.0,156.703,156.719,156.751866514672
2025-12-10T01:50:00Z,156.71,156.738,156.682,156.682,570.0,156.673,156.69,156.7425509793824
2025-12-10T01:55:00Z,156.684,156.71,156.675,156.71,767.0,156.704,156.717,156.73821084879808
2025-12-10T02:00:00Z,156.712,156.712,156.671,156.674,625.0,156.665,156.683,156.72964940229167
2025-12-10T02:05:00Z,156.674,156.674,156.636,156.666,590.0,156.659,156.672,156.72116281531945
2025-12-10T02:10:00Z,156.665,156.666,156.638,156.644,487.0,156.636,156.652,156.71087443994352
2025-12-10T02:15:00Z,156.644,156.672,156.644,156.657,523.0,156.649,156.665,156.7036911812844
2025-12-10T02:20:00Z,156.658,156.661,156.633,156.659,395.0,156.65,156.668,156.69773235711315
2025-12-10T02:25:00Z,156.66,156.688,156.66,156.683,398.0,156.675,156.691,156.69576804283142
2025-12-10T02:30:00Z,156.682,156.684,156.655,156.657,411.0,156.648,156.666,156.6905989704539
2025-12-10T02:35:00Z,156.656,156.672,156.644,156.662,325.0,156.654,156.67,156.68678577439337
2025-12-10T02:40:00Z,156.662,156.67,156.656,156.663,375.0,156.655,156.671,156.6836143378076
2025-12-10T02:45:00Z,156.664,156.688,156.663,156.688,154.0,156.68,156.696,156.6841990927666
2025-12-10T02:50:00Z,156.688,156.728,156.686,156.694,490.0,156.687,156.702,156.68550588039773
2025-12-10T02:55:00Z,156.694,156.698,156.65,156.656,508.0,156.647,156.666,156.68157176301136
2025-12-10T03:00:00Z,156.657,156.67,156.646,156.66,369.0,156.653,156.668,156.67869552794318
2025-12-10T03:05:00Z,156.66,156.684,156.652,156.658,453.0,156.65,156.666,156.67593612421743
2025-12-10T03:10:00Z,156.656,156.666,156.646,156.656,352.0,156.647,156.665,156.6732779743218
2025-12-10T03:15:00Z,156.656,156.663,156.605,156.608,513.0,156.6,156.616,156.66457424441222
2025-12-10T03:20:00Z,156.608,156.624,156.595,156.624,538.0,156.616,156.632,156.65916434515725
2025-12-10T03:25:00Z,156.624,156.632,156.617,156.619,472.0,156.612,156.626,156.65380909913628
2025-12-10T03:30:00Z,156.619,156.63,156.583,156.594,418.0,156.587,156.602,156.64583455258477
2025-12-10T03:35:00Z,156.595,156.596,156.568,156.584,463.0,156.576,156.591,156.63758994557347
2025-12-10T03:40:00Z,156.584,156.585,156.56,156.582,428.0,156.573,156.59,156.63017795283034
2025-12-10T03:45:00Z,156.583,156.6,156.573,156.574,434.0,156.566,156.582,156.62268755911964
2025-12-10T03:50:00Z,156.574,156.6,156.572,156.582,355.0,156.573,156.591,156.61726255123702
2025-12-10T03:55:00Z,156.58,156.596,156.562,156.592,569.0,156.583,156.6,156.61389421107208
2025-12-10T04:00:00Z,156.591,156.624,156.588,156.622,492.0,156.615,156.63,156.61497498292914
2025-12-10T04:05:00Z,156.623,156.624,156.61,156.622,419.0,156.613,156.631,156.61591165187193
2025-12-10T04:10:00Z,156.622,156.626,156.606,156.608,290.0,156.601,156.616,156.61485676495568
2025-12-10T04:15:00Z,156.608,156.622,156.596,156.621,304.0,156.613,156.629,156.61567586296158
2025-12-10T04:20:00Z,156.62,156.662,156.617,156.652,353.0,156.643,156.66,156.62051908123337
2025-12-10T04:25:00Z,156.652,156.653,156.642,156.642,176.0,156.636,156.649,156.62338320373559
2025-12-10T04:30:00Z,156.643,156.663,156.639,156.646,179.0,156.64,156.652,156.62639877657085
2025-12-10T04:35:00Z,156.647,156.66,156.618,156.619,307.0,156.612,156.626,156.62541227302808
2025-12-10T04:40:00Z,156.62,156.632,156.618,156.619,213.0,156.612,156.626,156.624557303291
2025-12-10T04:45:00Z,156.62,156.62,156.582,156.598,364.0,156.59,156.606,156.62101632951888
2025-12-10T04:50:00Z,156.598,156.614,156.596,156.606,328.0,156.597,156.615,156.6190141522497
2025-12-10T04:55:00Z,156.606,156.63,156.606,156.628,272.0,156.619,156.637,156.62021226528307
2025-12-10T05:00:00Z,156.632,156.632,156.612,156.622,334.0,156.614,156.629,156.620450629912
2025-12-10T05:05:00Z,156.622,156.624,156.604,156.618,429.0,156.61,156.627,156.62012387925708
2025-12-10T05:10:00Z,156.618,156.628,156.606,156.612,452.0,156.605,156.62,156.61904069535615
2025-12-10T05:15:00Z,156.611,156.612,156.597,156.6,304.0,156.592,156.608,156.61650193597532
2025-12-10T05:20:00Z,156.6,156.656,156.599,156.638,385.0,156.629,156.647,156.61936834451194
2025-12-10T05:25:00Z,156.638,156.67,156.638,156.661,529.0,156.653,156.669,156.62491923191035
2025-12-10T05:30:00Z,156.66,156.667,156.634,156.636,451.0,156.629,156.644,156.62639666765565
2025-12-10T05:35:00Z,156.636,156.666,156.622,156.65,490.0,156.641,156.658,156.6295437786349
2025-12-10T05:40:00Z,156.651,156.671,156.643,156.647,491.0,156.64,156.654,156.63187127481692
2025-12-10T05:45:00Z,156.648,156.672,156.648,156.666,380.0,156.658,156.675,156.636421771508
2025-12-10T05:50:00Z,156.666,156.686,156.652,156.67,479.0,156.662,156.678,156.64089886864028
2025-12-10T05:55:00Z,156.67,156.722,156.67,156.708,807.0,156.7,156.715,156.64984568615492
2025-12-10T06:00:00Z,156.707,156.741,156.704,156.712,601.0,156.704,156.719,156.65813292800092
2025-12-10T06:05:00Z,156.712,156.724,156.69,156.724,531.0,156.716,156.732,156.66691520426747
2025-12-10T06:10:00Z,156.724,156.724,156.696,156.702,440.0,156.694,156.709,156.6715931770318
2025-12-10T06:15:00Z,156.702,156.726,156.696,156.722,479.0,156.714,156.731,156.6783140867609
2025-12-10T06:20:00Z,156.723,156.756,156.721,156.75,379.0,156.743,156.757,156.68787220852613
2025-12-10T06:25:00Z,156.75,156.754,156.711,156.734,542.0,156.726,156.741,156.69402258072265
2025-12-10T06:30:00Z,156.735,156.736,156.696,156.73,443.0,156.723,156.738,156.69881956995962
2025-12-10T06:35:00Z,156.732,156.759,156.73,156.758,413.0,156.749,156.766,156.70671029396502
2025-12-10T06:40:00Z,156.758,156.766,156.716,156.734,534.0,156.726,156.742,156.71034892143635
2025-12-10T06:45:00Z,156.734,156.75,156.71,156.71,486.0,156.703,156.718,156.71030239857816
2025-12-10T06:50:00Z,156.71,156.72,156.698,156.71,490.0,156.703,156.716,156.71026207876776
2025-12-10T06:55:00Z,156.71,156.713,156.661,156.674,506.0,156.665,156.682,156.70542713493205
2025-12-10T07:00:00Z,156.674,156.701,156.647,156.696,794.0,156.687,156.704,156.70417018360777
2025-12-10T07:05:00Z,156.695,156.696,156.656,156.682,505.0,156.674,156.69,156.70121415912675
2025-12-10T07:10:00Z,156.682,156.692,156.662,156.662,564.0,156.654,156.671,156.69598560457652
2025-12-10T07:15:00Z,156.663,156.665,156.648,156.661,784.0,156.654,156.668,156.69132085729964
2025-12-10T07:20:00Z,156.662,156.698,156.661,156.697,485.0,156.69,156.704,156.69207807632637
2025-12-10T07:25:00Z,156.698,156.698,156.676,156.688,497.0,156.681,156.694,156.6915343328162
2025-12-10T07:30:00Z,156.687,156.724,156.685,156.719,529.0,156.711,156.727,156.69519642177403
2025-12-10T07:35:00Z,156.718,156.755,156.718,156.729,539.0,156.721,156.737,156.6997035655375
2025-12-10T07:40:00Z,156.73,156.734,156.708,156.713,517.0,156.704,156.722,156.70147642346583
2025-12-10T07:45:00Z,156.712,156.736,156.684,156.685,708.0,156.678,156.692,156.6992795670037
2025-12-10T07:50:00Z,156.68,156.716,156.663,156.673,1043.0,156.666,156.68,156.69577562473657
2025-12-10T07:55:00Z,156.674,156.678,156.638,156.652,1469.0,156.644,156.661,156.68993887477168
2025-12-10T08:00:00Z,156.653,156.676,156.581,156.612,1455.0,156.603,156.62,156.67954702480213
2025-12-10T08:05:00Z,156.612,156.658,156.588,156.654,1076.0,156.646,156.662,156.6761407548285
2025-12-10T08:10:00Z,156.654,156.697,156.654,156.697,1036.0,156.689,156.705,156.67892198751804
2025-12-10T08:15:00Z,156.698,156.71,156.658,156.658,802.0,156.651,156.665,156.6761323891823
2025-12-10T08:20:00Z,156.658,156.659,156.631,156.647,920.0,156.638,156.656,156.67224807062468
2025-12-10T08:25:00Z,156.648,156.648,156.61,156.611,650.0,156.603,156.619,156.66408166120806
2025-12-10T08:30:00Z,156.61,156.637,156.604,156.624,840.0,156.616,156.631,156.65873743971366
2025-12-10T08:35:00Z,156.624,156.662,156.599,156.648,822.0,156.64,156.657,156.65730578108517
2025-12-10T08:40:00Z,156.646,156.654,156.616,156.644,895.0,156.638,156.651,156.65553167694048
2025-12-10T08:45:00Z,156.646,156.673,156.643,156.656,694.0,156.648,156.664,156.65559412001508
2025-12-10T08:50:00Z,156.656,156.693,156.648,156.684,812.0,156.678,156.691,156.65938157067973
2025-12-10T08:55:00Z,156.685,156.692,156.648,156.676,1095.0,156.668,156.685,156.66159736125576
2025-12-10T09:00:00Z,156.678,156.73,156.677,156.708,1056.0,156.699,156.716,156.667784379755
2025-12-10T09:05:00Z,156.708,156.73,156.685,156.718,750.0,156.71,156.725,156.67447979578768
2025-12-10T09:10:00Z,156.718,156.764,156.71,156.76,726.0,156.753,156.767,156.68588248968265
2025-12-10T09:15:00Z,156.76,156.787,156.744,156.766,730.0,156.76,156.773,156.69656482439163
2025-12-10T09:20:00Z,156.768,156.821,156.767,156.82,707.0,156.813,156.826,156.7130228478061
2025-12-10T09:25:00Z,156.818,156.819,156.796,156.797,443.0,156.789,156.805,156.72421980143196
2025-12-10T09:30:00Z,156.798,156.828,156.789,156.824,735.0,156.817,156.831,156.7375238279077
2025-12-10T09:35:00Z,156.824,156.858,156.82,156.822,738.0,156.814,156.83,156.74878731752
2025-12-10T09:40:00Z,156.824,156.828,156.806,156.823,386.0,156.814,156.832,156.75868234185066
2025-12-10T09:45:00Z,156.824,156.842,156.822,156.838,653.0,156.829,156.846,156.76925802960392
2025-12-10T09:50:00Z,156.837,156.89,156.837,156.876,921.0,156.869,156.883,156.7834902923234
2025-12-10T09:55:00Z,156.876,156.878,156.817,156.819,1063.0,156.811,156.827,156.78822492001362
2025-12-10T10:00:00Z,156.82,156.86,156.82,156.828,813.0,156.821,156.836,156.7935282640118
2025-12-10T10:05:00Z,156.829,156.83,156.778,156.83,969.0,156.822,156.839,156.79839116214356
2025-12-10T10:10:00Z,156.831,156.838,156.763,156.774,715.0,156.767,156.782,156.7951390071911
2025-12-10T10:15:00Z,156.775,156.781,156.75,156.771,665.0,156.763,156.779,156.79192047289897
2025-12-10T10:20:00Z,156.77,156.83,156.77,156.821,647.0,156.813,156.829,156.79579774317912
2025-12-10T10:25:00Z,156.822,156.822,156.77,156.771,717.0,156.763,156.779,156.7924913774219
2025-12-10T10:30:00Z,156.77,156.78,156.74,156.744,711.0,156.736,156.753,156.78602586043232
2025-12-10T10:35:00Z,156.745,156.782,156.744,156.774,492.0,156.766,156.783,156.78442241237468
2025-12-10T10:40:00Z,156.775,156.785,156.738,156.754,640.0,156.746,156.761,156.78036609072473
2025-12-10T10:45:00Z,156.753,156.781,156.745,156.78,682.0,156.773,156.788,156.7803172786281
2025-12-10T10:50:00Z,156.78,156.784,156.763,156.776,770.0,156.768,156.785,156.7797416414777
2025-12-10T10:55:00Z,156.777,156.778,156.744,156.77,925.0,156.762,156.777,156.77844275594734
2025-12-10T11:00:00Z,156.769,156.771,156.706,156.708,872.0,156.7,156.716,156.7690503884877
2025-12-10T11:05:00Z,156.707,156.735,156.688,156.709,749.0,156.701,156.717,156.76104367002267
2025-12-10T11:10:00Z,156.71,156.764,156.709,156.758,818.0,156.749,156.766,156.760637847353
2025-12-10T11:15:00Z,156.757,156.762,156.722,156.747,641.0,156.739,156.755,156.75881946770593
2025-12-10T11:20:00Z,156.746,156.748,156.718,156.731,640.0,156.723,156.739,156.75511020534515
2025-12-10T11:25:00Z,156.732,156.734,156.706,156.709,486.0,156.701,156.717,156.7489621779658
2025-12-10T11:30:00Z,156.708,156.738,156.696,156.723,453.0,156.715,156.731,156.74550055423703
2025-12-10T11:35:00Z,156.724,156.752,156.722,156.746,468.0,156.738,156.755,156.74556714700543
2025-12-10T11:40:00Z,156.746,156.748,156.732,156.735,613.0,156.726,156.744,156.7441581940714
2025-12-10T11:45:00Z,156.734,156.754,156.726,156.752,714.0,156.744,156.76,156.7452037681952
2025-12-10T11:50:00Z,156.752,156.777,156.746,156.765,568.0,156.756,156.774,156.74784326576918
2025-12-10T11:55:00Z,156.764,156.771,156.71,156.711,411.0,156.702,156.72,156.74293083033328
2025-12-10T12:00:00Z,156.71,156.71,156.673,156.698,580.0,156.689,156.707,156.7369400529555
2025-12-10T12:05:00Z,156.7,156.724,156.688,156.722,673.0,156.714,156.73,156.73494804589478
2025-12-10T12:10:00Z,156.722,156.742,156.714,156.727,539.0,156.719,156.735,156.73388830644214
2025-12-10T12:15:00Z,156.726,156.734,156.711,156.724,346.0,156.717,156.732,156.7325698655832
2025-12-10T12:20:00Z,156.724,156.76,156.724,156.746,560.0,156.737,156.755,156.7343605501721
2025-12-10T12:25:00Z,156.746,156.752,156.724,156.73,451.0,156.722,156.738,156.7337791434825
2025-12-10T12:30:00Z,156.73,156.73,156.695,156.709,398.0,156.701,156.717,156.73047525768484
2025-12-10T12:35:00Z,156.708,156.716,156.692,156.706,605.0,156.697,156.714,156.72721188999353
2025-12-10T12:40:00Z,156.705,156.706,156.692,156.7,574.0,156.692,156.709,156.72358363799438
2025-12-10T12:45:00Z,156.701,156.725,156.694,156.703,660.0,156.695,156.711,156.72083915292848
2025-12-10T12:50:00Z,156.704,156.712,156.696,156.698,527.0,156.689,156.707,156.71779393253803
2025-12-10T12:55:00Z,156.698,156.724,156.686,156.717,510.0,156.709,156.725,156.7176880748663
2025-12-10T13:00:00Z,156.716,156.716,156.662,156.676,851.0,156.668,156.684,156.71212966488412
2025-12-10T13:05:00Z,156.675,156.706,156.65,156.7,1063.0,156.693,156.707,156.7105123762329
2025-12-10T13:10:00Z,156.7,156.717,156.668,156.67,915.0,156.663,156.677,156.70511072606854
2025-12-10T13:15:00Z,156.669,156.712,156.656,156.698,887.0,156.69,156.705,156.7041626292594
2025-12-10T13:20:00Z,156.698,156.718,156.674,156.685,955.0,156.678,156.692,156.70160761202482
2025-12-10T13:25:00Z,156.684,156.684,156.622,156.658,1005.0,156.651,156.665,156.69579326375484
2025-12-10T13:30:00Z,156.656,156.656,156.586,156.602,1154.0,156.595,156.61,156.6832874952542
2025-12-10T13:35:00Z,156.602,156.651,156.583,156.612,877.0,156.605,156.619,156.67378249588697
2025-12-10T13:40:00Z,156.613,156.642,156.6,156.602,678.0,156.594,156.61,156.66421149643537
2025-12-10T13:45:00Z,156.6,156.618,156.572,156.618,939.0,156.609,156.626,156.65804996357733
2025-12-10T13:50:00Z,156.617,156.618,156.574,156.58,738.0,156.572,156.589,156.64764330176703
2025-12-10T13:55:00Z,156.581,156.61,156.55,156.551,935.0,156.545,156.557,156.6347575281981
2025-12-10T14:00:00Z,156.55,156.596,156.535,156.556,1038.0,156.549,156.564,156.62425652443835
2025-12-10T14:05:00Z,156.556,156.573,156.54,156.54,880.0,156.531,156.548,156.6130223211799
2025-12-10T14:10:00Z,156.54,156.56,156.502,156.55,1107.0,156.544,156.556,156.60461934502257
2025-12-10T14:15:00Z,156.549,156.589,156.549,156.576,915.0,156.569,156.584,156.6008034323529
2025-12-10T14:20:00Z,156.575,156.626,156.574,156.603,849.0,156.595,156.611,156.6010963080392
2025-12-10T14:25:00Z,156.602,156.63,156.592,156.615,694.0,156.607,156.623,156.60295013363398
2025-12-10T14:30:00Z,156.614,156.616,156.553,156.578,1303.0,156.569,156.586,156.59962344914945
2025-12-10T14:35:00Z,156.576,156.625,156.564,156.602,1103.0,156.594,156.611,156.59994032259618
2025-12-10T14:40:00Z,156.602,156.602,156.548,156.593,601.0,156.587,156.599,156.59901494625004
2025-12-10T14:45:00Z,156.59,156.602,156.444,156.48,1601.0,156.472,156.487,156.58314628675004
2025-12-10T14:50:00Z,156.482,156.506,156.44,156.498,1309.0,156.489,156.506,156.5717934485167
2025-12-10T14:55:00Z,156.5,156.516,156.472,156.5,1502.0,156.492,156.508,156.56222098871447
2025-12-10T15:00:00Z,156.498,156.499,156.382,156.393,1537.0,156.384,156.402,156.5396581902192
2025-12-10T15:05:00Z,156.392,156.398,156.353,156.392,1064.0,156.383,156.4,156.51997043152332
2025-12-10T15:10:00Z,156.392,156.432,156.36,156.416,1165.0,156.409,156.423,156.5061077073202
2025-12-10T15:15:00Z,156.416,156.47,156.388,156.468,1090.0,156.46,156.476,156.50102667967752
2025-12-10T15:20:00Z,156.469,156.474,156.42,156.434,946.0,156.427,156.44,156.49208978905386
2025-12-10T15:25:00Z,156.434,156.455,156.415,156.44,763.0,156.432,156.449,156.48514448384668
2025-12-10T15:30:00Z,156.442,156.456,156.384,156.427,1431.0,156.42,156.434,156.47739188600045
2025-12-10T15:35:00Z,156.428,156.486,156.416,156.477,816.0,156.468,156.486,156.47733963453373
2025-12-10T15:40:00Z,156.478,156.478,156.45,156.464,856.0,156.455,156.472,156.47556101659592
2025-12-10T15:45:00Z,156.464,156.497,156.441,156.49,709.0,156.482,156.499,156.47748621438313
2025-12-10T15:50:00Z,156.49,156.528,156.475,156.522,1182.0,156.514,156.529,156.48342138579872
2025-12-10T15:55:00Z,156.521,156.535,156.474,156.48,1351.0,156.472,156.488,156.48296520102556
2025-12-10T16:00:00Z,156.482,156.484,156.418,156.444,1221.0,156.436,156.452,156.4777698408888
2025-12-10T16:05:00Z,156.444,156.492,156.442,156.469,1016.0,156.461,156.477,156.47660052877032
2025-12-10T16:10:00Z,156.468,156.482,156.426,156.432,898.0,156.424,156.439,156.47065379160094
2025-12-10T16:15:00Z,156.433,156.466,156.41,156.412,893.0,156.405,156.419,156.46283328605415
2025-12-10T16:20:00Z,156.413,156.415,156.378,156.39,887.0,156.383,156.398,156.45312218124693
2025-12-10T16:25:00Z,156.39,156.39,156.34,156.365,845.0,156.358,156.372,156.44137255708068
2025-12-10T16:30:00Z,156.367,156.371,156.34,156.357,841.0,156.35,156.364,156.43012288280326
2025-12-10T16:35:00Z,156.358,156.363,156.326,156.329,695.0,156.321,156.337,156.41663983176284
2025-12-10T16:40:00Z,156.328,156.344,156.327,156.343,611.0,156.335,156.351,156.40682118752778
2025-12-10T16:45:00Z,156.34,156.36,156.337,156.356,530.0,156.349,156.364,156.40004502919075
2025-12-10T16:50:00Z,156.357,156.406,156.355,156.398,714.0,156.391,156.405,156.399772358632
2025-12-10T16:55:00Z,156.398,156.403,156.334,156.339,786.0,156.331,156.347,156.39166937748107
2025-12-10T17:00:00Z,156.337,156.368,156.334,156.363,734.0,156.355,156.371,156.38784679381692
2025-12-10T17:05:00Z,156.364,156.398,156.361,156.365,581.0,156.358,156.372,156.38480055464134
2025-12-10T17:10:00Z,156.364,156.364,156.316,156.318,813.0,156.311,156.326,156.3758938140225
2025-12-10T17:15:00Z,156.32,156.324,156.278,156.281,790.0,156.273,156.289,156.36324130548618
2025-12-10T17:20:00Z,156.282,156.286,156.264,156.276,622.0,156.266,156.285,156.35160913142136
2025-12-10T17:25:00Z,156.274,156.285,156.26,156.282,475.0,156.274,156.291,156.34232791389852
2025-12-10T17:30:00Z,156.283,156.31,156.268,156.307,495.0,156.299,156.315,156.3376175253787
2025-12-10T17:35:00Z,156.308,156.32,156.282,156.282,428.0,156.275,156.29,156.33020185532823
2025-12-10T17:40:00Z,156.282,156.318,156.281,156.31,601.0,156.301,156.318,156.3275082746178
2025-12-10T17:45:00Z,156.31,156.326,156.306,156.312,571.0,156.305,156.319,156.32544050466876
2025-12-10T17:50:00Z,156.311,156.32,156.248,156.283,693.0,156.276,156.29,156.31978177071292
2025-12-10T17:55:00Z,156.285,156.325,156.284,156.308,701.0,156.301,156.314,156.3182108679512
2025-12-10T18:00:00Z,156.309,156.345,156.298,156.329,566.0,156.322,156.336,156.31964941889103
2025-12-10T18:05:00Z,156.327,156.344,156.326,156.334,401.0,156.327,156.341,156.32156282970556
2025-12-10T18:10:00Z,156.335,156.353,156.323,156.347,445.0,156.339,156.355,156.32495445241148
2025-12-10T18:15:00Z,156.348,156.387,156.348,156.382,309.0,156.376,156.388,156.33256052542328
2025-12-10T18:20:00Z,156.381,156.403,156.378,156.39,590.0,156.382,156.398,156.34021912203352
2025-12-10T18:25:00Z,156.39,156.394,156.346,156.348,549.0,156.34,156.355,156.34125657242905
2025-12-10T18:30:00Z,156.348,156.402,156.342,156.402,399.0,156.394,156.411,156.34935569610516
2025-12-10T18:35:00Z,156.404,156.464,156.386,156.461,658.0,156.454,156.468,156.36424160329116
2025-12-10T18:40:00Z,156.46,156.478,156.425,156.448,854.0,156.441,156.455,156.375409389519
2025-12-10T18:45:00Z,156.449,156.459,156.403,156.414,649.0,156.406,156.422,156.3805548042498
2025-12-10T18:50:00Z,156.416,156.436,156.394,156.424,699.0,156.416,156.432,156.38634749701652
2025-12-10T18:55:00Z,156.422,156.444,156.408,156.424,701.0,156.403,156.444,156.39136783074764
2025-12-10T19:00:00Z,156.424,156.485,156.104,156.278,4298.0,156.27,156.287,156.3762521199813
2025-12-10T19:05:00Z,156.279,156.352,156.204,156.246,3511.0,156.237,156.256,156.35888517065047
2025-12-10T19:10:00Z,156.246,156.367,156.174,156.342,2290.0,156.334,156.35,156.35663381456374
2025-12-10T19:15:00Z,156.34,156.348,156.268,156.294,2105.0,156.286,156.303,156.34828263928858
2025-12-10T19:20:00Z,156.295,156.446,156.278,156.441,1538.0,156.433,156.449,156.36064495405012
2025-12-10T19:25:00Z,156.441,156.492,156.382,156.45,1764.0,156.442,156.458,156.37255896017678
2025-12-10T19:30:00Z,156.448,156.537,156.246,156.292,3244.0,156.283,156.3,156.36181776548653
2025-12-10T19:35:00Z,156.293,156.559,156.154,156.38,6797.0,156.37,156.389,156.36424206342167
2025-12-10T19:40:00Z,156.378,156.684,156.343,156.646,6326.0,156.638,156.653,156.40180978829878
2025-12-10T19:45:00Z,156.645,156.665,156.536,156.605,3782.0,156.595,156.615,156.4289018165256
2025-12-10T19:50:00Z,156.605,156.659,156.342,156.392,3534.0,156.383,156.402,156.4239815743222
2025-12-10T19:55:00Z,156.394,156.4,156.205,156.263,3661.0,156.254,156.272,156.40251736441257
2025-12-10T20:00:00Z,156.262,156.312,156.108,156.121,2564.0,156.113,156.129,156.36498171582423
2025-12-10T20:05:00Z,156.122,156.128,155.873,155.874,2849.0,155.865,155.882,156.29951748704767
2025-12-10T20:10:00Z,155.874,155.996,155.795,155.812,2561.0,155.804,155.821,156.23451515544133
2025-12-10T20:15:00Z,155.814,155.89,155.799,155.89,2362.0,155.88,155.899,156.18857980138247
2025-12-10T20:20:00Z,155.89,155.985,155.871,155.962,2632.0,155.954,155.971,156.15836916119815
2025-12-10T20:25:00Z,155.965,156.018,155.884,155.91,1894.0,155.902,155.917,156.1252532730384
2025-12-10T20:30:00Z,155.91,156.004,155.856,156.003,1549.0,155.995,156.011,156.10895283663328
2025-12-10T20:35:00Z,156.001,156.035,155.897,155.934,1210.0,155.925,155.944,156.08562579174884
2025-12-10T20:40:00Z,155.936,156.0,155.918,155.952,949.0,155.943,155.96,156.06780901951566
2025-12-10T20:45:00Z,155.952,155.953,155.892,155.916,1083.0,155.908,155.925,156.04756781691358
2025-12-10T20:50:00Z,155.914,155.962,155.892,155.918,1104.0,155.911,155.926,156.03029210799178
2025-12-10T20:55:00Z,155.917,155.944,155.896,155.935,1061.0,155.926,155.944,156.0175864935929
2025-12-10T21:00:00Z,155.933,155.982,155.93,155.969,724.0,155.961,155.977,156.01110829444718
2025-12-10T21:05:00Z,155.97,155.99,155.932,155.968,649.0,155.958,155.977,156.00536052185421
2025-12-10T21:10:00Z,155.969,155.988,155.945,155.981,324.0,155.972,155.99,156.00211245227365
2025-12-10T21:15:00Z,155.98,156.018,155.968,155.97,408.0,155.961,155.979,155.9978307919705
2025-12-10T21:20:00Z,155.97,156.028,155.969,156.008,531.0,156.001,156.016,155.99918668637443
2025-12-10T21:25:00Z,156.01,156.032,155.979,156.032,527.0,156.023,156.04,156.00356179485783
2025-12-10T21:30:00Z,156.032,156.094,156.032,156.04,419.0,156.03,156.05,156.00842022221013
2025-12-10T21:35:00Z,156.04,156.088,156.04,156.08,410.0,156.073,156.087,156.01796419258213
2025-12-10T21:40:00Z,156.081,156.09,156.042,156.07,225.0,156.061,156.08,156.02490230023784
2025-12-10T21:45:00Z,156.072,156.102,156.063,156.076,373.0,156.067,156.085,156.0317153268728
2025-12-10T21:50:00Z,156.076,156.079,156.05,156.078,554.0,156.067,156.088,156.0378866166231
2025-12-10T21:55:00Z,156.078,156.083,156.023,156.023,621.0,155.996,156.05,156.03590173440668
2025-12-10T22:00:00Z,155.959,155.959,155.959,155.959,1.0,155.909,156.009,156.02564816981914
2025-12-10T22:05:00Z,155.954,155.963,155.94,155.94,5.0,155.89,155.99,156.01422841384326
2025-12-10T22:10:00Z,155.944,155.987,155.944,155.973,43.0,155.923,156.023,156.0087312919975
2025-12-10T22:15:00Z,155.969,156.01,155.959,155.989,105.0,155.954,156.024,156.0061004530645
2025-12-10T22:20:00Z,155.99,155.997,155.954,155.959,38.0,155.909,156.009,155.99982039265592
2025-12-10T22:25:00Z,155.953,155.966,155.948,155.964,13.0,155.942,155.985,155.9950443403018
2025-12-10T22:30:00Z,155.966,155.97,155.958,155.97,51.0,155.951,155.988,155.99170509492822
2025-12-10T22:35:00Z,155.969,155.972,155.966,155.971,51.0,155.95,155.992,155.98894441560446
2025-12-10T22:40:00Z,155.97,155.981,155.97,155.976,45.0,155.958,155.994,155.98721849352387
2025-12-10T22:45:00Z,155.974,155.98,155.97,155.978,48.0,155.96,155.997,155.985989361054
2025-12-10T22:50:00Z,155.981,156.016,155.978,156.008,1899.0,155.987,156.029,155.98892411291348
2025-12-10T22:55:00Z,156.001,156.038,155.988,156.027,1450.0,156.007,156.047,155.99400089785834
2025-12-10T23:00:00Z,156.026,156.032,155.992,156.002,296.0,155.993,156.011,155.99506744481056
2025-12-10T23:05:00Z,156.002,156.002,155.939,155.962,176.0,155.951,155.972,155.99065845216916
2025-12-10T23:10:00Z,155.962,155.964,155.922,155.924,237.0,155.915,155.934,155.98177065854662
2025-12-10T23:15:00Z,155.924,155.924,155.884,155.884,222.0,155.875,155.894,155.96873457074042
2025-12-10T23:20:00Z,155.885,155.888,155.773,155.773,305.0,155.764,155.782,155.94263662797505
2025-12-10T23:25:00Z,155.776,155.816,155.758,155.814,457.0,155.806,155.822,155.92548507757837
2025-12-10T23:30:00Z,155.814,155.821,155.785,155.788,236.0,155.778,155.797,155.90715373390125
2025-12-10T23:35:00Z,155.79,155.806,155.668,155.674,747.0,155.665,155.683,155.8760665693811
2025-12-10T23:40:00Z,155.674,155.691,155.632,155.642,337.0,155.634,155.651,155.8448576934636
2025-12-10T23:45:00Z,155.644,155.766,155.639,155.728,422.0,155.72,155.737,155.82927666766847
2025-12-10T23:50:00Z,155.728,155.743,155.663,155.74,526.0,155.732,155.749,155.81737311197935
2025-12-10T23:55:00Z,155.742,155.806,155.742,155.752,571.0,155.743,155.761,155.80865669704878
2025-12-11T00:00:00Z,155.752,155.778,155.618,155.63,1460.0,155.621,155.638,155.78483580410895
2025-12-11T00:05:00Z,155.629,155.629,155.57,155.621,1173.0,155.612,155.63,155.76299103022777
2025-12-11T00:10:00Z,155.622,155.657,155.584,155.656,921.0,155.646,155.665,155.74872555953073
2025-12-11T00:15:00Z,155.656,155.658,155.58,155.582,1052.0,155.573,155.59,155.72649548492663
2025-12-11T00:20:00Z,155.581,155.631,155.58,155.608,774.0,155.598,155.617,155.71069608693642
2025-12-11T00:25:00Z,155.61,155.682,155.608,155.682,548.0,155.673,155.69,155.70686994201156
2025-12-11T00:30:00Z,155.681,155.682,155.627,155.651,1139.0,155.642,155.66,155.69942061641004
2025-12-11T00:35:00Z,155.652,155.687,155.632,155.662,811.0,155.653,155.671,155.69443120088872
2025-12-11T00:40:00Z,155.662,155.742,155.646,155.714,573.0,155.706,155.723,155.69704037410355
2025-12-11T00:45:00Z,155.716,155.81,155.714,155.769,981.0,155.761,155.777,155.70663499088974
2025-12-11T00:50:00Z,155.768,155.82,155.736,155.797,1255.0,155.787,155.807,155.7186836587711
2025-12-11T00:55:00Z,155.795,155.888,155.786,155.806,1563.0,155.798,155.815,155.73032583760164
2025-12-11T01:00:00Z,155.805,155.825,155.682,155.694,1298.0,155.687,155.702,155.7254823925881
2025-12-11T01:05:00Z,155.694,155.73,155.676,155.696,1415.0,155.688,155.704,155.7215514069097
2025-12-11T01:10:00Z,155.696,155.732,155.668,155.716,1074.0,155.707,155.724,155.72081121932175
2025-12-11T01:15:00Z,155.716,155.726,155.679,155.69,844.0,155.684,155.697,155.71670305674553
2025-12-11T01:20:00Z,155.691,155.702,155.64,155.654,689.0,155.645,155.662,155.70834264917946
2025-12-11T01:25:00Z,155.653,155.676,155.626,155.629,560.0,155.621,155.637,155.69776362928886
2025-12-11T01:30:00Z,155.628,155.678,155.57,155.65,1060.0,155.641,155.66,155.6913951453837
2025-12-11T01:35:00Z,155.65,155.698,155.626,155.695,666.0,155.688,155.702,155.69187579266588
2025-12-11T01:40:00Z,155.696,155.696,155.656,155.695,740.0,155.688,155.702,155.69229235364378
2025-12-11T01:45:00Z,155.694,155.745,155.668,155.732,790.0,155.725,155.74,155.69758670649128
2025-12-11T01:50:00Z,155.733,155.733,155.654,155.698,895.0,155.689,155.706,155.69764181229246
2025-12-11T01:55:00Z,155.695,155.741,155.691,155.719,721.0,155.711,155.727,155.70048957065347
2025-12-11T02:00:00Z,155.718,155.724,155.578,155.594,950.0,155.586,155.603,155.68629096123303
2025-12-11T02:05:00Z,155.595,155.632,155.578,155.632,727.0,155.622,155.641,155.67905216640196
2025-12-11T02:10:00Z,155.632,155.702,155.63,155.666,882.0,155.659,155.674,155.67731187754836
2025-12-11T02:15:00Z,155.667,155.674,155.591,155.624,614.0,155.616,155.631,155.6702036272086
2025-12-11T02:20:00Z,155.624,155.624,155.566,155.622,880.0,155.613,155.63,155.6637764769141
2025-12-11T02:25:00Z,155.621,155.652,155.542,155.548,1015.0,155.539,155.557,155.64833961332556
2025-12-11T02:30:00Z,155.546,155.588,155.487,155.581,1095.0,155.573,155.589,155.6393609982155
2025-12-11T02:35:00Z,155.582,155.63,155.571,155.627,1090.0,155.618,155.636,155.6377128651201
2025-12-11T02:40:00Z,155.628,155.666,155.608,155.666,776.0,155.659,155.673,155.6414844831041
2025-12-11T02:45:00Z,155.666,155.684,155.654,155.656,747.0,155.647,155.664,155.6434198853569
2025-12-11T02:50:00Z,155.651,155.718,155.627,155.711,823.0,155.703,155.719,155.65243056730932
2025-12-11T02:55:00Z,155.71,155.778,155.71,155.776,981.0,155.767,155.784,155.66890649166808
2025-12-11T03:00:00Z,155.776,155.778,155.713,155.728,906.0,155.72,155.737,155.67678562611235
2025-12-11T03:05:00Z,155.728,155.741,155.69,155.706,960.0,155.7,155.713,155.68068087596404
2025-12-11T03:10:00Z,155.706,155.714,155.649,155.658,1243.0,155.65,155.666,155.67765675916883
2025-12-11T03:15:00Z,155.664,155.71,155.636,155.703,1014.0,155.695,155.711,155.6810358579463
2025-12-11T03:20:00Z,155.704,155.758,155.698,155.75,496.0,155.741,155.758,155.69023107688682
2025-12-11T03:25:00Z,155.751,155.769,155.733,155.765,606.0,155.755,155.775,155.70020026663525
2025-12-11T03:30:00Z,155.764,155.79,155.724,155.736,894.0,155.728,155.745,155.70497356441723
2025-12-11T03:35:00Z,155.735,155.754,155.652,155.653,917.0,155.644,155.662,155.69804375582828
2025-12-11T03:40:00Z,155.654,155.692,155.644,155.666,493.0,155.657,155.674,155.6937712550512
2025-12-11T03:45:00Z,155.665,155.706,155.645,155.676,771.0,155.667,155.685,155.6914017543777
2025-12-11T03:50:00Z,155.676,155.692,155.653,155.672,723.0,155.663,155.68,155.688814853794
2025-12-11T03:55:00Z,155.673,155.7,155.654,155.698,607.0,155.69,155.706,155.69003953995482
2025-12-11T04:00:00Z,155.701,155.702,155.62,155.63,924.0,155.621,155.639,155.68203426796086
2025-12-11T04:05:00Z,155.63,155.67,155.618,155.666,491.0,155.658,155.674,155.6798963655661
2025-12-11T04:10:00Z,155.665,155.741,155.664,155.726,525.0,155.72,155.733,155.68604351682396
2025-12-11T04:15:00Z,155.728,155.77,155.724,155.769,421.0,155.761,155.777,155.69710438124744
2025-12-11T04:20:00Z,155.77,155.785,155.75,155.78,550.0,155.773,155.788,155.70815713041446
2025-12-11T04:25:00Z,155.781,155.788,155.772,155.784,417.0,155.778,155.791,155.71826951302586
2025-12-11T04:30:00Z,155.782,155.784,155.744,155.747,380.0,155.738,155.756,155.72210024462242
2025-12-11T04:35:00Z,155.746,155.779,155.736,155.776,552.0,155.768,155.784,155.72928687867278
2025-12-11T04:40:00Z,155.776,155.804,155.77,155.798,300.0,155.791,155.806,155.73844862818308
2025-12-11T04:45:00Z,155.8,155.802,155.78,155.786,484.0,155.778,155.793,155.744788811092
2025-12-11T04:50:00Z,155.785,155.79,155.767,155.774,551.0,155.768,155.781,155.74868363627974
2025-12-11T04:55:00Z,155.774,155.86,155.764,155.847,1216.0,155.838,155.856,155.76179248477578
2025-12-11T05:00:00Z,155.846,155.885,155.838,155.885,773.0,155.878,155.892,155.77822015347235
2025-12-11T05:05:00Z,155.883,155.9,155.86,155.874,802.0,155.865,155.883,155.79099079967605
2025-12-11T05:10:00Z,155.874,155.925,155.874,155.91,448.0,155.902,155.918,155.8068586930526
2025-12-11T05:15:00Z,155.91,155.934,155.89,155.92,685.0,155.912,155.929,155.8219442006456
2025-12-11T05:20:00Z,155.922,155.958,155.908,155.914,614.0,155.905,155.923,155.83421830722617
2025-12-11T05:25:00Z,155.914,155.922,155.892,155.897,552.0,155.889,155.905,155.842589199596
2025-12-11T05:30:00Z,155.896,155.928,155.896,155.92,441.0,155.912,155.928,155.85291063964988
2025-12-11T05:35:00Z,155.92,155.924,155.898,155.92,415.0,155.912,155.927,155.86185588769655
2025-12-11T05:40:00Z,155.921,155.968,155.919,155.953,451.0,155.944,155.962,155.8740084360037
2025-12-11T05:45:00Z,155.954,156.008,155.954,155.984,850.0,155.974,155.993,155.88867397786987
2025-12-11T05:50:00Z,155.984,156.054,155.978,156.038,782.0,156.029,156.046,155.90858411415388
2025-12-11T05:55:00Z,156.037,156.073,156.037,156.066,800.0,156.057,156.076,155.92957289893337
2025-12-11T06:00:00Z,156.067,156.114,156.036,156.063,1046.0,156.054,156.072,155.94736317907558
2025-12-11T06:05:00Z,156.064,156.067,156.03,156.054,718.0,156.046,156.062,155.9615814218655
2025-12-11T06:10:00Z,156.054,156.08,156.05,156.061,566.0,156.054,156.068,155.97483723228345
2025-12-11T06:15:00Z,156.06,156.1,156.045,156.1,606.0,156.092,156.107,155.99152560131233
2025-12-11T06:20:00Z,156.099,156.138,156.099,156.132,738.0,156.126,156.138,156.01025552113737
2025-12-11T06:25:00Z,156.133,156.164,156.09,156.096,849.0,156.087,156.104,156.02168811831905
2025-12-11T06:30:00Z,156.098,156.101,156.035,156.066,590.0,156.059,156.074,156.02759636920985
2025-12-11T06:35:00Z,156.066,156.118,156.056,156.077,775.0,156.069,156.085,156.03418351998187
2025-12-11T06:40:00Z,156.076,156.094,156.041,156.043,603.0,156.034,156.052,156.03535905065095
2025-12-11T06:45:00Z,156.044,156.08,156.042,156.055,624.0,156.047,156.063,156.0379778438975
2025-12-11T06:50:00Z,156.054,156.072,155.972,155.982,1041.0,155.973,155.992,156.03051413137783
2025-12-11T06:55:00Z,155.984,156.008,155.943,155.966,956.0,155.957,155.974,156.0219122471941
2025-12-11T07:00:00Z,155.966,156.056,155.953,155.99,1374.0,155.982,155.999,156.01765728090157
2025-12-11T07:05:00Z,155.99,156.052,155.978,156.0,863.0,155.993,156.006,156.01530297678136
2025-12-11T07:10:00Z,156.0,156.021,155.933,155.94,894.0,155.933,155.948,156.00526257987718
2025-12-11T07:15:00Z,155.941,155.963,155.905,155.956,687.0,155.947,155.966,155.99869423589357
2025-12-11T07:20:00Z,155.957,155.964,155.912,155.93,816.0,155.921,155.939,155.9895350044411
2025-12-11T07:25:00Z,155.93,155.934,155.908,155.922,599.0,155.914,155.93,155.9805303371823
2025-12-11T07:30:00Z,155.922,155.96,155.912,155.917,679.0,155.908,155.926,155.972059625558
2025-12-11T07:35:00Z,155.916,155.927,155.869,155.892,814.0,155.883,155.901,155.96138500881693
2025-12-11T07:40:00Z,155.89,155.942,155.889,155.907,639.0,155.899,155.915,155.95413367430803
2025-12-11T07:45:00Z,155.906,155.959,155.906,155.936,822.0,155.928,155.943,155.95171585106695
2025-12-11T07:50:00Z,155.938,155.989,155.931,155.981,893.0,155.974,155.988,155.955620404258
2025-12-11T07:55:00Z,155.982,156.045,155.98,156.032,1267.0,156.024,156.04,155.96580435035696
2025-12-11T08:00:00Z,156.034,156.07,156.01,156.051,1207.0,156.043,156.059,155.97716377030937
2025-12-11T08:05:00Z,156.052,156.07,155.936,155.938,1359.0,155.929,155.946,155.97194193426813
2025-12-11T08:10:00Z,155.939,156.004,155.928,155.995,1097.0,155.986,156.004,155.9750163430324
2025-12-11T08:15:00Z,155.996,156.046,155.97,155.981,1468.0,155.973,155.989,155.97581416396142
2025-12-11T08:20:00Z,155.984,155.987,155.93,155.946,1259.0,155.937,155.954,155.9718389420999
2025-12-11T08:25:00Z,155.945,155.956,155.906,155.907,692.0,155.899,155.915,155.96319374981994
2025-12-11T08:30:00Z,155.908,155.909,155.834,155.836,1056.0,155.828,155.845,155.94623458317727
2025-12-11T08:35:00Z,155.837,155.858,155.795,155.796,1142.0,155.788,155.805,155.9262033054203
2025-12-11T08:40:00Z,155.796,155.849,155.784,155.847,1062.0,155.84,155.854,155.9156428646976
2025-12-11T08:45:00Z,155.848,155.865,155.812,155.816,1303.0,155.809,155.822,155.9023571494046
2025-12-11T08:50:00Z,155.815,155.838,155.801,155.824,1329.0,155.815,155.832,155.891909529484
2025-12-11T08:55:00Z,155.824,155.89,155.824,155.886,1066.0,155.877,155.895,155.89112159221946
2025-12-11T09:00:00Z,155.885,155.922,155.856,155.884,1142.0,155.875,155.892,155.8901720465902
2025-12-11T09:05:00Z,155.884,155.994,155.884,155.98,1167.0,155.973,155.988,155.90214910704486
2025-12-11T09:10:00Z,155.982,156.024,155.968,155.976,1169.0,155.967,155.985,155.9119958927722
2025-12-11T09:15:00Z,155.976,156.034,155.976,156.006,822.0,155.997,156.014,155.9245297737359
2025-12-11T09:20:00Z,156.005,156.012,155.972,155.989,945.0,155.982,155.996,155.93312580390446
2025-12-11T09:25:00Z,155.988,156.026,155.965,156.004,972.0,155.996,156.012,155.9425756967172
2025-12-11T09:30:00Z,156.005,156.005,155.922,155.928,1022.0,155.921,155.936,155.94063227048824
2025-12-11T09:35:00Z,155.928,155.945,155.85,155.866,1229.0,155.857,155.874,155.9306813010898
2025-12-11T09:40:00Z,155.866,155.911,155.86,155.89,1145.0,155.883,155.896,155.92525712761116
2025-12-11T09:45:00Z,155.888,155.892,155.853,155.872,698.0,155.864,155.881,155.918156177263
2025-12-11T09:50:00Z,155.873,155.928,155.859,155.896,807.0,155.889,155.904,155.9152020202946
2025-12-11T09:55:00Z,155.896,155.898,155.848,155.866,905.0,155.858,155.875,155.908641750922
2025-12-11T10:00:00Z,155.866,155.868,155.802,155.819,989.0,155.811,155.827,155.89668951746572
2025-12-11T10:05:00Z,155.822,155.864,155.808,155.853,969.0,155.847,155.859,155.89086424847028
2025-12-11T10:10:00Z,155.852,155.853,155.816,155.823,769.0,155.815,155.831,155.88181568200758
2025-12-11T10:15:00Z,155.824,155.898,155.822,155.886,856.0,155.877,155.895,155.88237359107325
2025-12-11T10:20:00Z,155.882,155.884,155.82,155.843,992.0,155.834,155.852,155.87712377893016
2025-12-11T10:25:00Z,155.842,155.888,155.842,155.858,850.0,155.85,155.866,155.87457394173947
2025-12-11T10:30:00Z,155.858,155.878,155.828,155.846,843.0,155.838,155.853,155.87076408284088
2025-12-11T10:35:00Z,155.846,155.864,155.826,155.862,797.0,155.854,155.869,155.8695955384621
2025-12-11T10:40:00Z,155.86,155.93,155.854,155.93,774.0,155.923,155.938,155.87764946666715
2025-12-11T10:45:00Z,155.93,155.951,155.915,155.936,744.0,155.928,155.944,155.8854295377782
2025-12-11T10:50:00Z,155.934,155.935,155.883,155.884,872.0,155.877,155.892,155.88523893274112
2025-12-11T10:55:00Z,155.884,155.898,155.856,155.868,1051.0,155.859,155.876,155.88294040837565
2025-12-11T11:00:00Z,155.868,155.884,155.829,155.844,1086.0,155.836,155.851,155.87774835392557
2025-12-11T11:05:00Z,155.844,155.856,155.812,155.834,728.0,155.828,155.84,155.87191524006883
2025-12-11T11:10:00Z,155.833,155.839,155.785,155.788,968.0,155.781,155.795,155.86072654139298
2025-12-11T11:15:00Z,155.788,155.802,155.764,155.8,1039.0,155.794,155.807,155.85262966920726
2025-12-11T11:20:00Z,155.801,155.813,155.78,155.79,863.0,155.782,155.798,155.8442790466463
2025-12-11T11:25:00Z,155.79,155.802,155.758,155.768,940.0,155.76,155.777,155.83410850709348
2025-12-11T11:30:00Z,155.767,155.79,155.76,155.789,822.0,155.78,155.798,155.82809403948102
2025-12-11T11:35:00Z,155.79,155.836,155.774,155.825,655.0,155.817,155.833,155.82768150088356
2025-12-11T11:40:00Z,155.824,155.831,155.766,155.766,725.0,155.758,155.773,155.81945730076575
2025-12-11T11:45:00Z,155.766,155.802,155.764,155.795,622.0,155.786,155.804,155.81619632733032
2025-12-11T11:50:00Z,155.796,155.827,155.788,155.806,688.0,155.798,155.815,155.81483681701962
2025-12-11T11:55:00Z,155.806,155.815,155.762,155.764,827.0,155.756,155.773,155.80805857475033
2025-12-11T12:00:00Z,155.763,155.819,155.761,155.809,777.0,155.8,155.818,155.80818409811695
2025-12-11T12:05:00Z,155.808,155.809,155.7,155.728,818.0,155.719,155.736,155.7974928850347
2025-12-11T12:10:00Z,155.728,155.728,155.662,155.666,958.0,155.658,155.673,155.77996050036342
2025-12-11T12:15:00Z,155.665,155.665,155.612,155.642,1031.0,155.634,155.65,155.76156576698162
2025-12-11T12:20:00Z,155.644,155.666,155.61,155.656,989.0,155.648,155.665,155.74749033138409
2025-12-11T12:25:00Z,155.656,155.687,155.63,155.652,895.0,155.646,155.659,155.73475828719955
2025-12-11T12:30:00Z,155.652,155.659,155.628,155.659,736.0,155.652,155.666,155.7246571822396
2025-12-11T12:35:00Z,155.658,155.692,155.654,155.682,514.0,155.675,155.689,155.718969557941
2025-12-11T12:40:00Z,155.681,155.683,155.526,155.534,849.0,155.528,155.54,155.69430695021552
2025-12-11T12:45:00Z,155.534,155.568,155.52,155.526,1532.0,155.518,155.534,155.67186602352012
2025-12-11T12:50:00Z,155.526,155.577,155.526,155.564,997.0,155.555,155.572,155.65748388705077
2025-12-11T12:55:00Z,155.564,155.632,155.548,155.588,1334.0,155.579,155.597,155.64821936877735
2025-12-11T13:00:00Z,155.588,155.626,155.531,155.546,1756.0,155.538,155.554,155.63459011960703
2025-12-11T13:05:00Z,155.546,155.584,155.506,155.584,1495.0,155.577,155.592,155.6278447703261
2025-12-11T13:10:00Z,155.584,155.584,155.53,155.552,1344.0,155.543,155.56,155.61773213428262
2025-12-11T13:15:00Z,155.55,155.58,155.502,155.516,1046.0,155.507,155.524,155.60416784971162
2025-12-11T13:20:00Z,155.515,155.566,155.502,155.524,1286.0,155.516,155.532,155.5934788030834
2025-12-11T13:25:00Z,155.524,155.544,155.476,155.482,1427.0,155.475,155.488,155.57861496267228
2025-12-11T13:30:00Z,155.482,155.528,155.375,155.525,2555.0,155.516,155.534,155.57146630098265
2025-12-11T13:35:00Z,155.524,155.55,155.35,155.362,2597.0,155.355,155.37,155.54353746085164
2025-12-11T13:40:00Z,155.364,155.394,155.31,155.357,2410.0,155.348,155.366,155.51866579940477
2025-12-11T13:45:00Z,155.356,155.374,155.307,155.32,1973.0,155.312,155.328,155.4921770261508
2025-12-11T13:50:00Z,155.32,155.32,155.232,155.242,1485.0,155.235,155.249,155.45882008933071
2025-12-11T13:55:00Z,155.242,155.304,155.23,155.286,1260.0,155.279,155.294,155.4357774107533
2025-12-11T14:00:00Z,155.287,155.298,155.178,155.214,1499.0,155.207,155.221,155.40620708931954
2025-12-11T14:05:00Z,155.214,155.224,155.135,155.152,1635.0,155.144,155.159,155.3723128107436
2025-12-11T14:10:00Z,155.15,155.168,155.124,155.163,1390.0,155.155,155.171,155.3444044359778
2025-12-11T14:15:00Z,155.161,155.17,155.128,155.142,1199.0,155.134,155.15,155.31741717784743
2025-12-11T14:20:00Z,155.14,155.15,155.1,155.116,1196.0,155.108,155.123,155.29056155413446
2025-12-11T14:25:00Z,155.116,155.138,155.062,155.064,1113.0,155.057,155.071,155.26035334691653
2025-12-11T14:30:00Z,155.064,155.096,155.047,155.078,1641.0,155.071,155.085,155.23603956732768
2025-12-11T14:35:00Z,155.078,155.079,155.016,155.038,1540.0,155.03,155.045,155.20963429168398
2025-12-11T14:40:00Z,155.037,155.106,155.016,155.096,1262.0,155.087,155.104,155.19448305279278
2025-12-11T14:45:00Z,155.095,155.142,155.052,155.06,1313.0,155.053,155.068,155.17655197908707
2025-12-11T14:50:00Z,155.06,155.114,155.039,155.069,1420.0,155.062,155.076,155.1622117152088
2025-12-11T14:55:00Z,155.068,155.072,154.945,154.982,2056.0,154.974,154.991,155.1381834865143
2025-12-11T15:00:00Z,154.982,155.13,154.981,155.126,1691.0,155.118,155.133,155.13655902164572
2025-12-11T15:05:00Z,155.125,155.125,155.016,155.038,1545.0,155.03,155.046,155.12341781875963
2025-12-11T15:10:00Z,155.038,155.1,155.018,155.086,1526.0,155.079,155.093,155.11842877625836
2025-12-11T15:15:00Z,155.085,155.174,155.076,155.142,1525.0,155.134,155.151,155.12157160609058
2025-12-11T15:20:00Z,155.14,155.14,155.066,155.103,1095.0,155.095,155.111,155.11909539194517
2025-12-11T15:25:00Z,155.102,155.142,155.085,155.088,1251.0,155.08,155.095,155.1149493396858
2025-12-11T15:30:00Z,155.087,155.1,155.055,155.078,1352.0,155.069,155.086,155.11002276106103
2025-12-11T15:35:00Z,155.078,155.137,155.077,155.114,1569.0,155.106,155.123,155.11055305958624
2025-12-11T15:40:00Z,155.114,155.116,155.053,155.054,1414.0,155.046,155.063,155.10301265164142
2025-12-11T15:45:00Z,155.056,155.059,154.982,155.006,1566.0,154.996,155.015,155.09007763142256
2025-12-11T15:50:00Z,155.004,155.05,154.955,155.044,2082.0,155.036,155.051,155.08393394723288
2025-12-11T15:55:00Z,155.042,155.179,155.04,155.17,2211.0,155.162,155.179,155.09540942093517
2025-12-11T16:00:00Z,155.17,155.174,155.111,155.132,1482.0,155.123,155.14,155.10028816481048
2025-12-11T16:05:00Z,155.132,155.212,155.125,155.187,1041.0,155.179,155.195,155.11184974283574
2025-12-11T16:10:00Z,155.186,155.204,155.122,155.132,1373.0,155.124,155.139,155.114536443791
2025-12-11T16:15:00Z,155.132,155.187,155.116,155.173,1132.0,155.164,155.182,155.12233158461888
2025-12-11T16:20:00Z,155.172,155.222,155.157,155.212,1373.0,155.204,155.219,155.13428737333635
2025-12-11T16:25:00Z,155.211,155.29,155.21,155.258,1404.0,155.25,155.266,155.15078239022483
2025-12-11T16:30:00Z,155.258,155.273,155.226,155.244,1375.0,155.237,155.251,155.16321140486153
2025-12-11T16:35:00Z,155.246,155.289,155.198,155.284,1235.0,155.275,155.292,155.17931655088
2025-12-11T16:40:00Z,155.288,155.291,155.26,155.284,980.0,155.275,155.292,155.193274344096
2025-12-11T16:45:00Z,155.282,155.284,155.18,155.213,1104.0,155.205,155.221,155.19590443154988
2025-12-11T16:50:00Z,155.214,155.214,155.156,155.158,1316.0,155.151,155.165,155.19085050734324
2025-12-11T16:55:00Z,155.159,155.192,155.142,155.154,1363.0,155.147,155.16,155.18593710636415
2025-12-11T17:00:00Z,155.154,155.174,155.107,155.125,1279.0,155.117,155.133,155.17781215884892
2025-12-11T17:05:00Z,155.127,155.164,155.108,155.124,1066.0,155.116,155.133,155.17063720433575
2025-12-11T17:10:00Z,155.127,155.136,155.082,155.101,1119.0,155.093,155.109,155.16135224375765
2025-12-11T17:15:00Z,155.102,155.124,155.073,155.122,796.0,155.113,155.13,155.1561052779233
2025-12-11T17:20:00Z,155.122,155.194,155.117,155.188,1160.0,155.182,155.195,155.16035790753352
2025-12-11T17:25:00Z,155.188,155.202,155.177,155.2,1035.0,155.193,155.207,155.16564351986239
2025-12-11T17:30:00Z,155.2,155.272,155.2,155.261,1021.0,155.254,155.268,155.17835771721408
2025-12-11T17:35:00Z,155.26,155.284,155.246,155.262,867.0,155.254,155.269,155.18951002158553
2025-12-11T17:40:00Z,155.262,155.293,155.254,155.28,849.0,155.272,155.288,155.2015753520408
2025-12-11T17:45:00Z,155.281,155.294,155.257,155.261,829.0,155.255,155.267,155.20949863843538
2025-12-11T17:50:00Z,155.263,155.268,155.218,155.26,1029.0,155.252,155.269,155.21623215331067
2025-12-11T17:55:00Z,155.259,155.268,155.227,155.242,869.0,155.234,155.249,155.2196678662026
2025-12-11T18:00:00Z,155.242,155.291,155.234,155.27,956.0,155.262,155.279,155.2263788173756
2025-12-11T18:05:00Z,155.27,155.271,155.214,155.226,580.0,155.217,155.236,155.2263283083922
2025-12-11T18:10:00Z,155.228,155.269,155.221,155.252,728.0,155.244,155.261,155.2297512006066
2025-12-11T18:15:00Z,155.253,155.272,155.238,155.27,644.0,155.262,155.277,155.2351177071924
2025-12-11T18:20:00Z,155.27,155.337,155.268,155.324,919.0,155.318,155.331,155.24696867956675
2025-12-11T18:25:00Z,155.323,155.364,155.323,155.348,823.0,155.34,155.356,155.2604395222912
2025-12-11T18:30:00Z,155.349,155.39,155.342,155.356,781.0,155.347,155.366,155.27318091931903
2025-12-11T18:35:00Z,155.356,155.406,155.354,155.398,674.0,155.39,155.407,155.28982346340985
2025-12-11T18:40:00Z,155.399,155.415,155.381,155.382,738.0,155.373,155.391,155.30211366828854
2025-12-11T18:45:00Z,155.383,155.387,155.358,155.359,1084.0,155.351,155.367,155.30969851251675
2025-12-11T18:50:00Z,155.36,155.37,155.348,155.352,459.0,155.343,155.36,155.31533871084784
2025-12-11T18:55:00Z,155.353,155.366,155.336,155.362,610.0,155.355,155.369,155.32156021606812
2025-12-11T19:00:00Z,155.362,155.464,155.362,155.442,908.0,155.433,155.45,155.3376188539257
2025-12-11T19:05:00Z,155.44,155.47,155.426,155.461,689.0,155.455,155.467,155.35406967340228
2025-12-11T19:10:00Z,155.464,155.494,155.454,155.47,688.0,155.464,155.476,155.369527050282
2025-12-11T19:15:00Z,155.471,155.498,155.46,155.489,700.0,155.482,155.496,155.38545677691107
2025-12-11T19:20:00Z,155.49,155.506,155.462,155.469,854.0,155.462,155.476,155.39659587332292
2025-12-11T19:25:00Z,155.469,155.471,155.446,155.45,570.0,155.441,155.459,155.40371642354654
2025-12-11T19:30:00Z,155.45,155.488,155.448,155.481,583.0,155.471,155.491,155.414020900407
2025-12-11T19:35:00Z,155.482,155.499,155.478,155.497,710.0,155.49,155.504,155.42508478035273
2025-12-11T19:40:00Z,155.498,155.535,155.498,155.529,740.0,155.521,155.537,155.43894014297237
2025-12-11T19:45:00Z,155.53,155.534,155.492,155.508,893.0,155.5,155.516,155.4481481239094
2025-12-11T19:50:00Z,155.508,155.534,155.501,155.532,708.0,155.525,155.539,155.45932837405482
2025-12-11T19:55:00Z,155.531,155.602,155.521,155.596,1041.0,155.587,155.604,155.4775512575142
2025-12-11T20:00:00Z,155.595,155.65,155.595,155.649,965.0,155.641,155.657,155.50041108984564
2025-12-11T20:05:00Z,155.65,155.66,155.619,155.638,896.0,155.63,155.645,155.51875627786623
2025-12-11T20:10:00Z,155.637,155.674,155.627,155.664,734.0,155.656,155.673,155.53812210748407
2025-12-11T20:15:00Z,155.665,155.672,155.626,155.628,700.0,155.621,155.635,155.5501058264862
2025-12-11T20:20:00Z,155.628,155.647,155.58,155.584,898.0,155.576,155.592,155.5546250496214
2025-12-11T20:25:00Z,155.584,155.584,155.537,155.556,1286.0,155.548,155.563,155.55480837633854
2025-12-11T20:30:00Z,155.556,155.579,155.518,155.518,1431.0,155.51,155.525,155.54990059282673
2025-12-11T20:35:00Z,155.519,155.558,155.512,155.549,1040.0,155.541,155.557,155.54978051378316
2025-12-11T20:40:00Z,155.549,155.556,155.527,155.544,1007.0,155.536,155.553,155.5490097786121
2025-12-11T20:45:00Z,155.544,155.55,155.507,155.536,1343.0,155.528,155.545,155.5472751414638
2025-12-11T20:50:00Z,155.536,155.568,155.53,155.566,593.0,155.558,155.574,155.54977178926865
2025-12-11T20:55:00Z,155.566,155.596,155.564,155.594,607.0,155.586,155.602,155.55566888403283
2025-12-11T21:00:00Z,155.595,155.626,155.576,155.6,724.0,155.593,155.607,155.56157969949513
2025-12-11T21:05:00Z,155.6,155.6,155.558,155.582,314.0,155.575,155.588,155.5643024062291
2025-12-11T21:10:00Z,155.579,155.581,155.568,155.572,321.0,155.565,155.578,155.56532875206523
2025-12-11T21:15:00Z,155.573,155.608,155.573,155.581,464.0,155.575,155.587,155.56741825178986
2025-12-11T21:20:00Z,155.58,155.59,155.566,155.568,298.0,155.562,155.575,155.56749581821788
2025-12-11T21:25:00Z,155.568,155.587,155.563,155.566,388.0,155.558,155.575,155.56729637578883
2025-12-11T21:30:00Z,155.567,155.602,155.566,155.597,417.0,155.59,155.604,155.57125685901698
2025-12-11T21:35:00Z,155.598,155.603,155.576,155.578,361.0,155.569,155.586,155.57215594448138
2025-12-11T21:40:00Z,155.578,155.582,155.554,155.555,375.0,155.546,155.564,155.5698684852172
2025-12-11T21:45:00Z,155.556,155.583,155.552,155.582,420.0,155.574,155.591,155.57148602052158
2025-12-11T21:50:00Z,155.583,155.596,155.552,155.555,697.0,155.546,155.564,155.56928788445202
2025-12-11T21:55:00Z,155.554,155.579,155.553,155.572,445.0,155.563,155.582,155.56964949985843
2025-12-11T22:00:00Z,155.582,155.582,155.582,155.582,1.0,155.556,155.608,155.57129623321063
2025-12-11T22:05:00Z,155.582,155.582,155.558,155.564,245.0,155.548,155.581,155.5703234021159
2025-12-11T22:10:00Z,155.566,155.575,155.55,155.566,273.0,155.527,155.606,155.56974694850044
2025-12-11T22:15:00Z,155.567,155.577,155.538,155.54,122.0,155.52,155.56,155.56578068870039
2025-12-11T22:20:00Z,155.54,155.58,155.538,155.574,94.0,155.552,155.596,155.56687659687367
2025-12-11T22:25:00Z,155.577,155.587,155.563,155.574,116.0,155.553,155.595,155.5678263839572
2025-12-11T22:30:00Z,155.575,155.577,155.554,155.558,52.0,155.537,155.578,155.56651619942957
2025-12-11T22:35:00Z,155.558,155.563,155.548,155.55,214.0,155.526,155.574,155.56431403950563
2025-12-11T22:40:00Z,155.55,155.551,155.542,155.546,132.0,155.52,155.571,155.56187216757155
2025-12-11T22:45:00Z,155.544,155.551,155.524,155.544,238.0,155.524,155.563,155.55948921189534
2025-12-11T22:50:00Z,155.545,155.558,155.543,155.55,101.0,155.532,155.567,155.55822398364265
2025-12-11T22:55:00Z,155.552,155.556,155.536,155.54,145.0,155.523,155.556,155.55579411915696
2025-12-11T23:00:00Z,155.536,155.538,155.514,155.52,121.0,155.511,155.53,155.55102156993604
2025-12-11T23:05:00Z,155.518,155.524,155.494,155.497,154.0,155.487,155.507,155.5438186939446
2025-12-11T23:10:00Z,155.496,155.554,155.448,155.541,482.0,155.53,155.552,155.54344286808532
2025-12-11T23:15:00Z,155.54,155.57,155.539,155.548,203.0,155.541,155.555,155.54405048567395
2025-12-11T23:20:00Z,155.548,155.566,155.525,155.544,192.0,155.536,155.552,155.54404375425077
2025-12-11T23:25:00Z,155.544,155.544,155.51,155.517,243.0,155.508,155.526,155.54043792035066
2025-12-11T23:30:00Z,155.518,155.62,155.518,155.618,630.0,155.608,155.628,155.55077953097057
2025-12-11T23:35:00Z,155.618,155.621,155.59,155.614,1035.0,155.606,155.623,155.55920892684117
2025-12-11T23:40:00Z,155.612,155.616,155.582,155.593,397.0,155.584,155.602,155.56371440326234
2025-12-11T23:45:00Z,155.592,155.594,155.546,155.556,422.0,155.547,155.565,155.5626858161607
2025-12-11T23:50:00Z,155.556,155.568,155.541,155.558,247.0,155.548,155.568,155.5620610406726
2025-12-11T23:55:00Z,155.556,155.582,155.502,155.506,379.0,155.497,155.514,155.5545862352496
2025-12-12T00:00:00Z,155.507,155.582,155.46,155.536,1837.0,155.529,155.544,155.55210807054965
2025-12-12T00:05:00Z,155.537,155.587,155.507,155.583,1321.0,155.574,155.592,155.55622699447636
2025-12-12T00:10:00Z,155.582,155.599,155.542,155.549,712.0,155.54,155.558,155.55526339521285
2025-12-12T00:15:00Z,155.548,155.647,155.533,155.636,1035.0,155.628,155.643,155.56602827585112
2025-12-12T00:20:00Z,155.636,155.68,155.63,155.656,1096.0,155.646,155.666,155.57802450573766
2025-12-12T00:25:00Z,155.656,155.679,155.626,155.665,944.0,155.655,155.675,155.58962123830597
2025-12-12T00:30:00Z,155.666,155.73,155.64,155.692,1344.0,155.683,155.7,155.60327173986516
2025-12-12T00:35:00Z,155.692,155.695,155.656,155.665,1315.0,155.656,155.674,155.61150217454983
2025-12-12T00:40:00Z,155.664,155.692,155.654,155.684,893.0,155.674,155.694,155.62116855127653
2025-12-12T00:45:00Z,155.684,155.688,155.636,155.636,907.0,155.627,155.646,155.623146077773
2025-12-12T00:50:00Z,155.632,155.684,155.602,155.66,1344.0,155.651,155.668,155.62805993406994
2025-12-12T00:55:00Z,155.658,155.726,155.65,155.695,1379.0,155.688,155.702,155.63698527619394
2025-12-12T01:00:00Z,155.695,155.771,155.658,155.744,1313.0,155.736,155.753,155.65125390603475
2025-12-12T01:05:00Z,155.742,155.756,155.681,155.706,818.0,155.697,155.716,155.65855338523014
2025-12-12T01:10:00Z,155.705,155.707,155.632,155.652,997.0,155.645,155.658,155.6576796005328
2025-12-12T01:15:00Z,155.652,155.664,155.622,155.624,797.0,155.615,155.633,155.65318898712843
2025-12-12T01:20:00Z,155.624,155.628,155.585,155.609,734.0,155.6,155.618,155.64729712217797
2025-12-12T01:25:00Z,155.608,155.624,155.581,155.59,619.0,155.583,155.598,155.63965750588758
2025-12-12T01:30:00Z,155.59,155.59,155.548,155.578,868.0,155.57,155.587,155.63143650510258
2025-12-12T01:35:00Z,155.578,155.622,155.552,155.61,1012.0,155.602,155.618,155.62857830442223
2025-12-12T01:40:00Z,155.611,155.617,155.572,155.592,817.0,155.583,155.6,155.62370119716596
2025-12-12T01:45:00Z,155.591,155.673,155.582,155.652,778.0,155.645,155.659,155.62747437087717
2025-12-12T01:50:00Z,155.65,155.708,155.641,155.707,685.0,155.699,155.715,155.63807778809354
2025-12-12T01:55:00Z,155.708,155.71,155.654,155.668,889.0,155.66,155.675,155.64206741634774
2025-12-12T02:00:00Z,155.668,155.708,155.654,155.704,716.0,155.695,155.714,155.65032509416804
2025-12-12T02:05:00Z,155.704,155.704,155.678,155.684,587.0,155.674,155.693,155.6548150816123
2025-12-12T02:10:00Z,155.683,155.71,155.656,155.69,642.0,155.682,155.698,155.659506404064
2025-12-12T02:15:00Z,155.69,155.73,155.68,155.722,622.0,155.715,155.73,155.66783888352214
2025-12-12T02:20:00Z,155.721,155.748,155.714,155.714,675.0,155.706,155.722,155.67399369905252
2025-12-12T02:25:00Z,155.714,155.73,155.7,155.718,609.0,155.707,155.728,155.67986120584553
2025-12-12T02:30:00Z,155.717,155.718,155.68,155.686,619.0,155.678,155.694,155.6806797117328
2025-12-12T02:35:00Z,155.686,155.698,155.665,155.666,442.0,155.658,155.674,155.67872241683511
2025-12-12T02:40:00Z,155.666,155.688,155.662,155.679,436.0,155.671,155.687,155.67875942792378
2025-12-12T02:45:00Z,155.68,155.732,155.677,155.707,634.0,155.698,155.716,155.68252483753395
2025-12-12T02:50:00Z,155.706,155.71,155.686,155.692,473.0,155.684,155.701,155.68378819252942
2025-12-12T02:55:00Z,155.692,155.698,155.672,155.678,479.0,155.668,155.687,155.6830164335255
2025-12-12T03:00:00Z,155.677,155.709,155.677,155.708,489.0,155.699,155.717,155.6863475757221
2025-12-12T03:05:00Z,155.706,155.71,155.69,155.707,422.0,155.698,155.716,155.6891012322925
2025-12-12T03:10:00Z,155.706,155.708,155.688,155.702,293.0,155.693,155.712,155.69082106798683
2025-12-12T03:15:00Z,155.701,155.712,155.688,155.694,388.0,155.687,155.701,155.6912449255886
2025-12-12T03:20:00Z,155.692,155.702,155.676,155.677,401.0,155.668,155.686,155.6893456021768
2025-12-12T03:25:00Z,155.676,155.688,155.632,155.663,734.0,155.654,155.672,155.6858328552199
2025-12-12T03:30:00Z,155.664,155.683,155.652,155.675,442.0,155.666,155.684,155.68438847452393
2025-12-12T03:35:00Z,155.676,155.702,155.674,155.68,394.0,155.671,155.688,155.6838033445874
2025-12-12T03:40:00Z,155.68,155.714,155.68,155.712,315.0,155.705,155.72,155.68756289864243
2025-12-12T03:45:00Z,155.713,155.728,155.7,155.702,336.0,155.693,155.71,155.6894878454901
2025-12-12T03:50:00Z,155.701,155.71,155.686,155.708,384.0,155.7,155.715,155.6919561327581
2025-12-12T03:55:00Z,155.709,155.726,155.709,155.713,505.0,155.705,155.721,155.69476198172367
2025-12-12T04:00:00Z,155.712,155.749,155.709,155.747,240.0,155.74,155.754,155.70172705082717
2025-12-12T04:05:00Z,155.748,155.748,155.725,155.728,498.0,155.719,155.736,155.70523011071688
2025-12-12T04:10:00Z,155.728,155.736,155.72,155.73,518.0,155.722,155.739,155.7085327626213
2025-12-12T04:15:00Z,155.731,155.766,155.73,155.76,586.0,155.751,155.769,155.71539506093848
2025-12-12T04:20:00Z,155.76,155.762,155.727,155.74,594.0,155.732,155.748,155.71867571948002
2025-12-12T04:25:00Z,155.74,155.742,155.708,155.711,565.0,155.702,155.72,155.71765229021602
2025-12-12T04:30:00Z,155.712,155.726,155.696,155.718,571.0,155.71,155.727,155.71769865152055
2025-12-12T04:35:00Z,155.719,155.72,155.688,155.702,524.0,155.694,155.711,155.71560549798448
2025-12-12T04:40:00Z,155.702,155.728,155.702,155.723,430.0,155.715,155.731,155.71659143158655
2025-12-12T04:45:00Z,155.722,155.726,155.712,155.719,426.0,155.711,155.727,155.7169125740417
2025-12-12T04:50:00Z,155.72,155.746,155.712,155.735,502.0,155.727,155.743,155.71932423083612
2025-12-12T04:55:00Z,155.732,155.756,155.732,155.746,636.0,155.738,155.754,155.72288100005798
2025-12-12T05:00:00Z,155.746,155.748,155.717,155.741,474.0,155.733,155.749,155.72529686671692
2025-12-12T05:05:00Z,155.74,155.766,155.74,155.743,412.0,155.735,155.751,155.727657284488
2025-12-12T05:10:00Z,155.744,155.754,155.733,155.736,307.0,155.728,155.743,155.72876964655626
2025-12-12T05:15:00Z,155.737,155.754,155.723,155.752,491.0,155.743,155.762,155.73186702701543
2025-12-12T05:20:00Z,155.753,155.773,155.75,155.771,289.0,155.764,155.778,155.7370847567467
2025-12-12T05:25:00Z,155.77,155.771,155.756,155.76,369.0,155.751,155.769,155.7401401225138
2025-12-12T05:30:00Z,155.76,155.76,155.718,155.721,573.0,155.712,155.73,155.73758810617863
2025-12-12T05:35:00Z,155.722,155.724,155.686,155.693,492.0,155.686,155.7,155.73164302535483
2025-12-12T05:40:00Z,155.694,155.696,155.674,155.682,307.0,155.673,155.691,155.7250239553075
2025-12-12T05:45:00Z,155.684,155.703,155.681,155.692,409.0,155.685,155.7,155.7206207612665
2025-12-12T05:50:00Z,155.694,155.728,155.69,155.722,411.0,155.714,155.731,155.7208046597643
2025-12-12T05:55:00Z,155.722,155.745,155.702,155.743,611.0,155.734,155.752,155.7237640384624
2025-12-12T06:00:00Z,155.744,155.763,155.722,155.754,541.0,155.747,155.762,155.72779550000075
2025-12-12T06:05:00Z,155.755,155.756,155.689,155.702,583.0,155.693,155.71,155.72435610000065
2025-12-12T06:10:00Z,155.701,155.71,155.68,155.708,557.0,155.701,155.716,155.72217528666724
2025-12-12T06:15:00Z,155.709,155.752,155.708,155.748,637.0,155.739,155.756,155.72561858177826
2025-12-12T06:20:00Z,155.748,155.794,155.747,155.776,662.0,155.767,155.784,155.73233610420783
2025-12-12T06:25:00Z,155.776,155.801,155.774,155.798,601.0,155.79,155.806,155.74109129031345
2025-12-12T06:30:00Z,155.798,155.827,155.779,155.806,764.0,155.8,155.813,155.74974578493834
2025-12-12T06:35:00Z,155.808,155.808,155.779,155.794,647.0,155.786,155.801,155.75564634694658
2025-12-12T06:40:00Z,155.794,155.8,155.724,155.757,628.0,155.749,155.765,155.75582683402038
2025-12-12T06:45:00Z,155.758,155.784,155.754,155.764,674.0,155.755,155.772,155.75691658948435
2025-12-12T06:50:00Z,155.763,155.765,155.686,155.702,806.0,155.695,155.71,155.7495943775531
2025-12-12T06:55:00Z,155.703,155.72,155.651,155.653,734.0,155.644,155.662,155.7367151272127
2025-12-12T07:00:00Z,155.654,155.7,155.645,155.664,862.0,155.656,155.671,155.72701977691767
2025-12-12T07:05:00Z,155.665,155.665,155.62,155.646,687.0,155.64,155.652,155.7162171399953
2025-12-12T07:10:00Z,155.648,155.655,155.624,155.64,624.0,155.633,155.647,155.7060548546626
2025-12-12T07:15:00Z,155.64,155.657,155.568,155.645,1051.0,155.637,155.653,155.69791420737425
2025-12-12T07:20:00Z,155.646,155.72,155.632,155.706,1042.0,155.697,155.714,155.6989923130577
2025-12-12T07:25:00Z,155.705,155.729,155.656,155.666,529.0,155.658,155.675,155.69459333798332
2025-12-12T07:30:00Z,155.669,155.674,155.596,155.6,820.0,155.593,155.608,155.6819808929189
2025-12-12T07:35:00Z,155.6,155.606,155.555,155.592,793.0,155.583,155.6,155.6699834405297
2025-12-12T07:40:00Z,155.592,155.624,155.562,155.572,693.0,155.565,155.58,155.65691898179242
2025-12-12T07:45:00Z,155.572,155.597,155.542,155.571,864.0,155.564,155.578,155.64546311755342
2025-12-12T07:50:00Z,155.572,155.582,155.562,155.572,476.0,155.563,155.58,155.63566803521297
2025-12-12T07:55:00Z,155.572,155.658,155.568,155.651,720.0,155.642,155.66,155.63771229718458
2025-12-12T08:00:00Z,155.652,155.706,155.639,155.688,1274.0,155.682,155.695,155.64441732422662
2025-12-12T08:05:00Z,155.688,155.709,155.678,155.688,898.0,155.681,155.695,155.65022834766307
2025-12-12T08:10:00Z,155.688,155.792,155.62,155.78,1349.0,155.771,155.788,155.66753123464133
2025-12-12T08:15:00Z,155.78,155.786,155.702,155.744,1378.0,155.737,155.752,155.67772707002248
2025-12-12T08:20:00Z,155.744,155.779,155.718,155.752,1113.0,155.744,155.759,155.68763012735283
2025-12-12T08:25:00Z,155.75,155.764,155.726,155.728,640.0,155.72,155.737,155.69301277703912
2025-12-12T08:30:00Z,155.728,155.749,155.704,155.713,818.0,155.704,155.722,155.69567774010056
2025-12-12T08:35:00Z,155.712,155.716,155.666,155.688,627.0,155.68,155.695,155.69465404142048
2025-12-12T08:40:00Z,155.688,155.688,155.657,155.676,880.0,155.668,155.683,155.69216683589775
2025-12-12T08:45:00Z,155.676,155.784,155.667,155.78,1054.0,155.772,155.789,155.70387792444473
2025-12-12T08:50:00Z,155.78,155.808,155.754,155.779,1025.0,155.771,155.787,155.71389420118544
2025-12-12T08:55:00Z,155.78,155.845,155.778,155.838,888.0,155.83,155.847,155.7304416410274
2025-12-12T09:00:00Z,155.84,155.858,155.756,155.81,1326.0,155.802,155.818,155.74104942222374
2025-12-12T09:05:00Z,155.81,155.83,155.788,155.792,845.0,155.784,155.801,155.7478428325939
2025-12-12T09:10:00Z,155.794,155.827,155.765,155.812,624.0,155.804,155.82,155.7563971215814
2025-12-12T09:15:00Z,155.812,155.859,155.81,155.847,903.0,155.839,155.855,155.76847750537056
2025-12-12T09:20:00Z,155.846,155.87,155.832,155.853,832.0,155.845,155.861,155.77974717132116
2025-12-12T09:25:00Z,155.854,155.882,155.842,155.878,867.0,155.87,155.886,155.79284754847833
2025-12-12T09:30:00Z,155.878,155.898,155.864,155.88,854.0,155.872,155.889,155.80446787534788
2025-12-12T09:35:00Z,155.878,155.894,155.856,155.894,593.0,155.886,155.902,155.81640549196817
2025-12-12T09:40:00Z,155.892,155.902,155.878,155.888,633.0,155.88,155.895,155.82595142637243
2025-12-12T09:45:00Z,155.89,155.902,155.872,155.898,762.0,155.892,155.905,155.8355579028561
2025-12-12T09:50:00Z,155.898,155.911,155.879,155.886,649.0,155.879,155.894,155.84228351580862
2025-12-12T09:55:00Z,155.888,155.9,155.857,155.888,964.0,155.879,155.897,155.84837904703414
2025-12-12T10:00:00Z,155.888,155.904,155.85,155.854,829.0,155.845,155.863,155.84912850742958
2025-12-12T10:05:00Z,155.858,155.918,155.858,155.918,579.0,155.909,155.927,155.85831137310564
2025-12-12T10:10:00Z,155.916,155.942,155.894,155.894,499.0,155.884,155.903,155.86306985669157
2025-12-12T10:15:00Z,155.893,155.921,155.884,155.91,442.0,155.901,155.918,155.8693272091327
2025-12-12T10:20:00Z,155.91,155.94,155.91,155.938,555.0,155.929,155.946,155.87848358124836
2025-12-12T10:25:00Z,155.938,155.966,155.937,155.946,474.0,155.938,155.955,155.88748577041525
2025-12-12T10:30:00Z,155.948,155.961,155.932,155.934,471.0,155.927,155.942,155.89368766769323
2025-12-12T10:35:00Z,155.935,155.946,155.91,155.932,607.0,155.923,155.94,155.89879597866747
2025-12-12T10:40:00Z,155.932,155.938,155.918,155.934,316.0,155.926,155.943,155.90348984817848
2025-12-12T10:45:00Z,155.936,155.942,155.904,155.908,353.0,155.9,155.915,155.90409120175468
2025-12-12T10:50:00Z,155.909,155.94,155.896,155.928,443.0,155.92,155.937,155.90727904152072
2025-12-12T10:55:00Z,155.928,155.936,155.91,155.917,489.0,155.908,155.926,155.90857516931797
2025-12-12T11:00:00Z,155.918,155.951,155.917,155.935,312.0,155.927,155.943,155.91209848007557
2025-12-12T11:05:00Z,155.936,155.952,155.931,155.94,165.0,155.932,155.948,155.91581868273215
2025-12-12T11:10:00Z,155.94,155.951,155.918,155.941,386.0,155.933,155.949,155.9191761917012
2025-12-12T11:15:00Z,155.943,155.95,155.922,155.943,405.0,155.936,155.95,155.9223526994744
2025-12-12T11:20:00Z,155.944,155.964,155.936,155.961,260.0,155.953,155.969,155.92750567287783
2025-12-12T11:25:00Z,155.96,155.988,155.959,155.984,563.0,155.977,155.99,155.93503824982744
2025-12-12T11:30:00Z,155.984,155.996,155.96,155.972,587.0,155.965,155.98,155.93996648318378
2025-12-12T11:35:00Z,155.973,155.975,155.954,155.958,408.0,155.951,155.964,155.9423709520926
2025-12-12T11:40:00Z,155.958,155.966,155.951,155.96,367.0,155.951,155.968,155.9447214918136
2025-12-12T11:45:00Z,155.957,155.96,155.928,155.934,400.0,155.926,155.943,155.94329195957178
2025-12-12T11:50:00Z,155.934,155.937,155.91,155.936,431.0,155.927,155.944,155.94231969829556
2025-12-12T11:55:00Z,155.939,155.946,155.911,155.913,526.0,155.905,155.921,155.9384104051895
2025-12-12T12:00:00Z,155.914,155.936,155.774,155.866,1471.0,155.858,155.875,155.92875568449756
2025-12-12T12:05:00Z,155.866,155.964,155.862,155.937,1019.0,155.929,155.945,155.92985492656456
2025-12-12T12:10:00Z,155.938,155.99,155.938,155.98,640.0,155.972,155.989,155.93654093635595
2025-12-12T12:15:00Z,155.98,155.983,155.942,155.944,486.0,155.935,155.952,155.93753547817516
2025-12-12T12:20:00Z,155.944,155.95,155.922,155.936,526.0,155.927,155.944,155.93733074775182
2025-12-12T12:25:00Z,155.936,155.958,155.936,155.948,528.0,155.939,155.956,155.93875331471824
2025-12-12T12:30:00Z,155.944,156.002,155.937,155.988,757.0,155.98,155.997,155.94531953942248
2025-12-12T12:35:00Z,155.99,156.004,155.982,155.994,404.0,155.986,156.003,155.9518102674995
2025-12-12T12:40:00Z,155.995,156.075,155.974,156.072,740.0,156.064,156.081,155.96783556516624
2025-12-12T12:45:00Z,156.07,156.13,156.058,156.122,922.0,156.113,156.13,155.98839082314407
2025-12-12T12:50:00Z,156.121,156.126,156.07,156.106,878.0,156.097,156.114,156.00407204672487
2025-12-12T12:55:00Z,156.104,156.104,156.034,156.036,1100.0,156.028,156.044,156.00832910716156
2025-12-12T13:00:00Z,156.036,156.052,155.994,156.024,1031.0,156.016,156.031,156.01041855954003
2025-12-12T13:05:00Z,156.022,156.029,155.956,155.986,691.0,155.979,155.994,156.00716275160136
2025-12-12T13:10:00Z,155.986,156.017,155.972,155.986,656.0,155.977,155.995,156.00434105138785
2025-12-12T13:15:00Z,155.986,155.99,155.927,155.962,705.0,155.953,155.97,155.99869557786948
2025-12-12T13:20:00Z,155.96,156.003,155.935,155.994,1083.0,155.986,156.002,155.99806950082024
2025-12-12T13:25:00Z,155.992,155.992,155.934,155.95,674.0,155.941,155.958,155.99166023404422
2025-12-12T13:30:00Z,155.949,155.978,155.902,155.919,1009.0,155.911,155.927,155.98197220283834
2025-12-12T13:35:00Z,155.918,155.954,155.907,155.916,785.0,155.909,155.924,155.97317590912655
2025-12-12T13:40:00Z,155.917,155.943,155.914,155.929,748.0,155.921,155.937,155.96728578790967
2025-12-12T13:45:00Z,155.929,155.963,155.924,155.942,893.0,155.934,155.951,155.96391434952173
2025-12-12T13:50:00Z,155.943,155.974,155.932,155.962,1010.0,155.953,155.97,155.96365910291883
2025-12-12T13:55:00Z,155.962,156.064,155.96,156.046,1048.0,156.04,156.053,155.97463788919632
2025-12-12T14:00:00Z,156.047,156.102,156.034,156.048,1612.0,156.039,156.057,155.98441950397014
2025-12-12T14:05:00Z,156.05,156.051,155.993,156.012,754.0,156.003,156.021,155.9880969034408
2025-12-12T14:10:00Z,156.012,156.082,155.996,156.073,884.0,156.065,156.081,155.99941731631537
2025-12-12T14:15:00Z,156.072,156.096,156.018,156.07,1060.0,156.062,156.079,156.00882834080667
2025-12-12T14:20:00Z,156.071,156.074,156.007,156.022,755.0,156.013,156.03,156.01058456203245
2025-12-12T14:25:00Z,156.022,156.023,155.976,156.012,985.0,156.003,156.022,156.0107732870948
2025-12-12T14:30:00Z,156.012,156.018,155.924,155.927,1272.0,155.92,155.934,155.99960351548216
2025-12-12T14:35:00Z,155.929,156.002,155.912,155.968,1578.0,155.961,155.976,155.99538971341786
2025-12-12T14:40:00Z,155.969,155.978,155.938,155.962,1306.0,155.954,155.971,155.99093775162882
2025-12-12T14:45:00Z,155.963,155.998,155.914,155.916,1600.0,155.907,155.925,155.98094605141165
2025-12-12T14:50:00Z,155.917,155.917,155.858,155.861,1392.0,155.853,155.869,155.96495324455677
2025-12-12T14:55:00Z,155.86,155.91,155.844,155.908,1423.0,155.901,155.914,155.95735947861587
2025-12-12T15:00:00Z,155.908,155.948,155.874,155.881,1465.0,155.874,155.888,155.94717821480043
2025-12-12T15:05:00Z,155.882,155.927,155.81,155.817,1588.0,155.811,155.823,155.9298211194937
2025-12-12T15:10:00Z,155.816,155.903,155.812,155.874,1291.0,155.867,155.881,155.92237830356123
2025-12-12T15:15:00Z,155.874,155.974,155.867,155.949,1872.0,155.941,155.957,155.9259278630864
2025-12-12T15:20:00Z,155.95,155.972,155.896,155.924,1477.0,155.915,155.932,155.92567081467487
2025-12-12T15:25:00Z,155.921,155.925,155.836,155.844,1504.0,155.838,155.851,155.91478137271824
2025-12-12T15:30:00Z,155.844,155.946,155.828,155.924,1579.0,155.916,155.933,155.9160105230225
2025-12-12T15:35:00Z,155.925,155.932,155.872,155.904,1257.0,155.895,155.913,155.91440911995284
2025-12-12T15:40:00Z,155.904,156.055,155.878,156.055,1406.0,156.047,156.063,155.9331545706258
2025-12-12T15:45:00Z,156.056,156.063,156.0,156.016,1351.0,156.007,156.025,155.9442006278757
2025-12-12T15:50:00Z,156.02,156.034,155.98,156.014,1509.0,156.007,156.021,155.9535072108256
2025-12-12T15:55:00Z,156.016,156.028,155.87,155.885,2052.0,155.878,155.892,155.94437291604885
2025-12-12T16:00:00Z,155.886,155.886,155.784,155.8,2145.0,155.792,155.807,155.925123193909
2025-12-12T16:05:00Z,155.799,155.85,155.768,155.792,1948.0,155.783,155.801,155.90737343472114
2025-12-12T16:10:00Z,155.79,155.797,155.726,155.741,1633.0,155.732,155.75,155.88519031009164
2025-12-12T16:15:00Z,155.74,155.77,155.716,155.719,934.0,155.711,155.727,155.86303160207942
2025-12-12T16:20:00Z,155.72,155.732,155.676,155.718,1445.0,155.711,155.725,155.8436940551355
2025-12-12T16:25:00Z,155.72,155.789,155.712,155.768,962.0,155.76,155.776,155.83360151445078
2025-12-12T16:30:00Z,155.768,155.785,155.731,155.758,1041.0,155.749,155.767,155.823521312524
2025-12-12T16:35:00Z,155.758,155.8,155.753,155.784,1061.0,155.775,155.793,155.81825180418747
2025-12-12T16:40:00Z,155.786,155.88,155.763,155.878,1306.0,155.87,155.885,155.8262182302958
2025-12-12T16:45:00Z,155.877,155.886,155.827,155.846,1098.0,155.84,155.853,155.82885579958972
2025-12-12T16:50:00Z,155.846,155.846,155.79,155.806,1020.0,155.797,155.814,155.82580835964444
2025-12-12T16:55:00Z,155.805,155.842,155.805,155.815,911.0,155.808,155.822,155.82436724502517
2025-12-12T17:00:00Z,155.814,155.858,155.806,155.822,763.0,155.814,155.831,155.82405161235516
2025-12-12T17:05:00Z,155.822,155.906,155.822,155.893,855.0,155.884,155.902,155.8332447307078
2025-12-12T17:10:00Z,155.891,155.904,155.884,155.887,630.0,155.88,155.894,155.84041209994678
2025-12-12T17:15:00Z,155.888,155.896,155.856,155.867,580.0,155.859,155.875,155.84395715328722
2025-12-12T17:20:00Z,155.869,155.883,155.791,155.801,688.0,155.792,155.81,155.8382295328489
2025-12-12T17:25:00Z,155.802,155.802,155.756,155.756,483.0,155.747,155.765,155.82726559513574
2025-12-12T17:30:00Z,155.756,155.816,155.755,155.792,625.0,155.784,155.799,155.8225635157843
2025-12-12T17:35:00Z,155.791,155.83,155.772,155.83,721.0,155.821,155.838,155.8235550470131
2025-12-12T17:40:00Z,155.83,155.838,155.754,155.768,756.0,155.76,155.775,155.81614770741135
2025-12-12T17:45:00Z,155.767,155.814,155.766,155.804,631.0,155.796,155.813,155.81452801308984
2025-12-12T17:50:00Z,155.804,155.828,155.79,155.817,440.0,155.809,155.825,155.81485761134454
2025-12-12T17:55:00Z,155.818,155.828,155.78,155.782,594.0,155.775,155.789,155.8104765964986
2025-12-12T18:00:00Z,155.782,155.818,155.772,155.792,655.0,155.784,155.8,155.8080130502988
2025-12-12T18:05:00Z,155.79,155.798,155.759,155.792,735.0,155.786,155.799,155.80587797692561
2025-12-12T18:10:00Z,155.793,155.816,155.77,155.772,830.0,155.764,155.779,155.80136091333554
2025-12-12T18:15:00Z,155.771,155.784,155.766,155.781,770.0,155.773,155.789,155.7986461248908
2025-12-12T18:20:00Z,155.78,155.794,155.77,155.78,643.0,155.772,155.789,155.79615997490538
2025-12-12T18:25:00Z,155.781,155.782,155.732,155.732,558.0,155.724,155.74,155.78760531158466
2025-12-12T18:30:00Z,155.732,155.735,155.719,155.724,774.0,155.715,155.732,155.77912460337336
2025-12-12T18:35:00Z,155.723,155.744,155.723,155.735,520.0,155.726,155.744,155.77324132292358
2025-12-12T18:40:00Z,155.737,155.762,155.728,155.76,830.0,155.753,155.767,155.77147581320045
2025-12-12T18:45:00Z,155.76,155.778,155.76,155.771,479.0,155.763,155.779,155.7714123714404
2025-12-12T18:50:00Z,155.772,155.773,155.761,155.762,381.0,155.754,155.771,155.77015738858168
2025-12-12T18:55:00Z,155.766,155.797,155.752,155.784,456.0,155.776,155.793,155.77200307010412
2025-12-12T19:00:00Z,155.784,155.841,155.784,155.834,835.0,155.824,155.843,155.78026932742358
2025-12-12T19:05:00Z,155.834,155.846,155.82,155.84,254.0,155.832,155.849,155.78823341710043
2025-12-12T19:10:00Z,155.84,155.851,155.828,155.841,305.0,155.833,155.849,155.79526896148704
2025-12-12T19:15:00Z,155.842,155.877,155.83,155.876,425.0,155.868,155.884,155.80603309995544
2025-12-12T19:20:00Z,155.876,155.887,155.874,155.878,649.0,155.871,155.885,155.81562868662806
2025-12-12T19:25:00Z,155.876,155.924,155.875,155.917,590.0,155.91,155.924,155.8291448617443
2025-12-12T19:30:00Z,155.918,155.932,155.883,155.902,481.0,155.894,155.91,155.8388588801784
2025-12-12T19:35:00Z,155.902,155.93,155.902,155.926,495.0,155.916,155.936,155.85047769615463
2025-12-12T19:40:00Z,155.927,155.932,155.913,155.918,451.0,155.909,155.926,155.8594806700007
2025-12-12T19:45:00Z,155.918,155.928,155.915,155.923,449.0,155.914,155.932,155.8679499140006
2025-12-12T19:50:00Z,155.921,155.939,155.914,155.922,525.0,155.913,155.931,155.87515659213386
2025-12-12T19:55:00Z,155.924,155.924,155.89,155.902,933.0,155.893,155.91,155.8787357131827
2025-12-12T20:00:00Z,155.902,155.912,155.828,155.828,644.0,155.82,155.837,155.871970951425
2025-12-12T20:05:00Z,155.827,155.841,155.79,155.79,515.0,155.781,155.799,155.861041491235
2025-12-12T20:10:00Z,155.79,155.812,155.774,155.79,321.0,155.781,155.8,155.85156929240367
2025-12-12T20:15:00Z,155.792,155.815,155.79,155.796,275.0,155.787,155.806,155.84416005341652
2025-12-12T20:20:00Z,155.794,155.82,155.794,155.818,338.0,155.809,155.826,155.84067204629432
2025-12-12T20:25:00Z,155.815,155.831,155.808,155.82,353.0,155.811,155.829,155.83791577345508
2025-12-12T20:30:00Z,155.82,155.835,155.783,155.794,584.0,155.787,155.802,155.8320603369944
2025-12-12T20:35:00Z,155.794,155.833,155.792,155.826,500.0,155.818,155.835,155.8312522920618
2025-12-12T20:40:00Z,155.828,155.854,155.826,155.829,255.0,155.82,155.838,155.83095198645356
2025-12-12T20:45:00Z,155.828,155.9,155.826,155.866,1220.0,155.857,155.875,155.83562505492642
2025-12-12T20:50:00Z,155.866,155.898,155.842,155.844,797.0,155.835,155.852,155.83674171426958
2025-12-12T20:55:00Z,155.843,155.884,155.835,155.88,655.0,155.872,155.888,155.8425094857003
2025-12-12T21:00:00Z,155.881,155.893,155.848,155.848,344.0,155.839,155.857,155.84324155427362
2025-12-12T21:05:00Z,155.848,155.848,155.812,155.822,319.0,155.815,155.828,155.84040934703714
2025-12-12T21:10:00Z,155.822,155.834,155.802,155.819,339.0,155.809,155.829,155.83755476743218
2025-12-12T21:15:00Z,155.818,155.831,155.818,155.826,188.0,155.816,155.835,155.83601413177456
2025-12-12T21:20:00Z,155.825,155.83,155.799,155.83,390.0,155.821,155.839,155.83521224753795
2025-12-12T21:25:00Z,155.83,155.841,155.824,155.84,118.0,155.831,155.85,155.8358506145329
2025-12-12T21:30:00Z,155.84,155.865,155.827,155.853,167.0,155.844,155.862,155.83813719926184
2025-12-12T21:35:00Z,155.856,155.856,155.808,155.818,222.0,155.807,155.828,155.83545223936025
2025-12-12T21:40:00Z,155.817,155.842,155.813,155.835,151.0,155.829,155.841,155.8353919407789
2025-12-12T21:45:00Z,155.834,155.854,155.798,155.82,626.0,155.808,155.831,155.8333396820084
2025-12-12T21:50:00Z,155.818,155.866,155.816,155.852,763.0,155.845,155.858,155.83582772440727
2025-12-12T21:55:00Z,155.851,155.852,155.82,155.838,1118.0,155.819,155.856,155.83611736115296
2025-12-14T22:00:00Z,155.877,155.877,155.877,155.877,1.0,155.827,155.927,155.84156837966592
2025-12-14T22:05:00Z,155.895,155.899,155.843,155.871,15.0,155.821,155.921,155.84549259571045
2025-12-14T22:10:00Z,155.876,155.925,155.863,155.9,9.0,155.88,155.919,155.85276024961573
2025-12-14T22:15:00Z,155.884,155.913,155.879,155.913,63.0,155.895,155.931,155.86079221633364
2025-12-14T22:20:00Z,155.914,155.916,155.909,155.916,33.0,155.901,155.931,155.86815325415583
2025-12-14T22:25:00Z,155.911,155.911,155.866,155.866,26.0,155.85,155.881,155.8678661536017
2025-12-14T22:30:00Z,155.865,155.877,155.836,155.838,74.0,155.806,155.869,155.86388399978816
2025-12-14T22:35:00Z,155.836,155.866,155.827,155.838,1115.0,155.808,155.869,155.8604327998164
2025-12-14T22:40:00Z,155.84,155.842,155.787,155.79,418.0,155.762,155.819,155.85104175984088
2025-12-14T22:45:00Z,155.791,155.812,155.764,155.775,83.0,155.749,155.801,155.84090285852878
2025-12-14T22:50:00Z,155.773,155.808,155.773,155.804,84.0,155.785,155.824,155.8359824773916
2025-12-14T22:55:00Z,155.804,155.815,155.786,155.812,75.0,155.798,155.826,155.8327848137394
2025-12-14T23:00:00Z,155.812,155.827,155.782,155.8,199.0,155.787,155.814,155.82841350524083
2025-12-14T23:05:00Z,155.799,155.815,155.766,155.769,330.0,155.759,155.779,155.82049170454206
2025-12-14T23:10:00Z,155.767,155.805,155.764,155.79,292.0,155.777,155.802,155.81642614393647
2025-12-14T23:15:00Z,155.789,155.812,155.775,155.779,208.0,155.768,155.79,155.8114359914116
2025-12-14T23:20:00Z,155.78,155.794,155.776,155.792,106.0,155.782,155.801,155.80884452589007
2025-12-14T23:25:00Z,155.79,155.808,155.776,155.808,181.0,155.796,155.819,155.80873192243806
2025-12-14T23:30:00Z,155.809,155.818,155.796,155.804,203.0,155.796,155.811,155.8081009994463
2025-12-14T23:35:00Z,155.804,155.818,155.8,155.816,116.0,155.808,155.823,155.80915419952015
2025-12-14T23:40:00Z,155.818,155.824,155.804,155.804,141.0,155.795,155.813,155.80846697291747
2025-12-14T23:45:00Z,155.805,155.806,155.776,155.776,195.0,155.766,155.785,155.80413804319514
2025-12-14T23:50:00Z,155.776,155.842,155.773,155.837,214.0,155.828,155.846,155.80851963743578
2025-12-14T23:55:00Z,155.838,155.898,155.824,155.869,321.0,155.86,155.878,155.8165836857777
2025-12-15T00:00:00Z,155.87,155.94,155.866,155.914,782.0,155.905,155.924,155.829572527674
2025-12-15T00:05:00Z,155.913,155.98,155.899,155.974,704.0,155.966,155.981,155.84882952398414
2025-12-15T00:10:00Z,155.973,155.98,155.945,155.966,538.0,155.957,155.974,155.86445225411958
2025-12-15T00:15:00Z,155.966,155.98,155.928,155.943,521.0,155.935,155.951,155.87492528690365
2025-12-15T00:20:00Z,155.942,155.955,155.93,155.946,289.0,155.937,155.955,155.8844019153165
2025-12-15T00:25:00Z,155.946,155.952,155.942,155.945,245.0,155.937,155.953,155.89248165994096
2025-12-15T00:30:00Z,155.944,155.952,155.938,155.948,325.0,155.941,155.955,155.89988410528215
2025-12-15T00:35:00Z,155.948,155.976,155.906,155.932,417.0,155.924,155.94,155.90416622457786
2025-12-15T00:40:00Z,155.932,155.958,155.918,155.957,361.0,155.949,155.965,155.91121072796747
2025-12-15T00:45:00Z,155.96,155.968,155.935,155.958,549.0,155.949,155.966,155.9174492975718
2025-12-15T00:50:00Z,155.957,155.986,155.907,155.98,1323.0,155.97,155.991,155.9257893912289
2025-12-15T00:55:00Z,155.98,155.984,155.874,155.897,809.0,155.891,155.903,155.9219508057317
2025-12-15T01:00:00Z,155.898,155.898,155.836,155.852,684.0,155.845,155.859,155.91262403163415
2025-12-15T01:05:00Z,155.852,155.862,155.834,155.854,635.0,155.845,155.862,155.90480749408295
2025-12-15T01:10:00Z,155.854,155.879,155.845,155.845,497.0,155.837,155.853,155.89683316153855
2025-12-15T01:15:00Z,155.846,155.878,155.846,155.86,645.0,155.852,155.868,155.89192207333343
2025-12-15T01:20:00Z,155.858,155.868,155.844,155.852,690.0,155.842,155.861,155.88659913022232
2025-12-15T01:25:00Z,155.851,155.864,155.798,155.805,811.0,155.797,155.813,155.8757192461927
2025-12-15T01:30:00Z,155.804,155.824,155.782,155.818,650.0,155.81,155.825,155.86802334670034
2025-12-15T01:35:00Z,155.82,155.82,155.788,155.805,496.0,155.796,155.814,155.85962023380696
2025-12-15T01:40:00Z,155.804,155.804,155.756,155.767,458.0,155.76,155.774,155.84727086929936
2025-12-15T01:45:00Z,155.766,155.772,155.709,155.716,517.0,155.71,155.722,155.82976808672612
2025-12-15T01:50:00Z,155.714,155.714,155.64,155.644,665.0,155.636,155.653,155.80499900849597
2025-12-15T01:55:00Z,155.644,155.644,155.605,155.614,761.0,155.605,155.622,155.77953247402985
2025-12-15T02:00:00Z,155.617,155.651,155.606,155.622,705.0,155.614,155.63,155.75852814415921
2025-12-15T02:05:00Z,155.622,155.634,155.59,155.603,687.0,155.595,155.611,155.7377910582713
2025-12-15T02:10:00Z,155.602,155.626,155.574,155.58,612.0,155.573,155.586,155.7167522505018
2025-12-15T02:15:00Z,155.579,155.592,155.55,155.585,658.0,155.577,155.593,155.69918528376823
2025-12-15T02:20:00Z,155.586,155.592,155.514,155.526,725.0,155.518,155.535,155.67609391259913
2025-12-15T02:25:00Z,155.527,155.528,155.502,155.527,787.0,155.518,155.536,155.65621472425258
2025-12-15T02:30:00Z,155.528,155.548,155.492,155.54,918.0,155.531,155.548,155.64071942768558
2025-12-15T02:35:00Z,155.54,155.568,155.432,155.434,1013.0,155.427,155.442,155.61315683732752
2025-12-15T02:40:00Z,155.435,155.458,155.386,155.407,1202.0,155.397,155.417,155.58566925901718
2025-12-15T02:45:00Z,155.406,155.42,155.36,155.368,962.0,155.36,155.375,155.55664669114822
2025-12-15T02:50:00Z,155.371,155.428,155.36,155.412,701.0,155.403,155.421,155.5373604656618
2025-12-15T02:55:00Z,155.411,155.448,155.402,155.434,746.0,155.425,155.442,155.52357907024023
2025-12-15T03:00:00Z,155.435,155.436,155.367,155.378,577.0,155.37,155.385,155.50416852754154
2025-12-15T03:05:00Z,155.377,155.388,155.305,155.309,695.0,155.302,155.316,155.47814605720268
2025-12-15T03:10:00Z,155.31,155.384,155.304,155.381,663.0,155.373,155.389,155.46519324957566
2025-12-15T03:15:00Z,155.382,155.384,155.336,155.372,766.0,155.365,155.379,155.45276748296558
2025-12-15T03:20:00Z,155.372,155.431,155.37,155.412,700.0,155.404,155.42,155.44733181857018
2025-12-15T03:25:00Z,155.41,155.418,155.378,155.412,617.0,155.405,155.419,155.4426209094275
2025-12-15T03:30:00Z,155.413,155.424,155.374,155.398,613.0,155.391,155.406,155.43667145483715
2025-12-15T03:35:00Z,155.399,155.399,155.347,155.381,579.0,155.373,155.389,155.42924859419222
2025-12-15T03:40:00Z,155.381,155.4,155.358,155.359,465.0,155.352,155.366,155.41988211496658
2025-12-15T03:45:00Z,155.36,155.414,155.36,155.408,390.0,155.399,155.417,155.41829783297104
2025-12-15T03:50:00Z,155.408,155.446,155.386,155.44,587.0,155.43,155.449,155.42119145524157
2025-12-15T03:55:00Z,155.439,155.478,155.409,155.421,815.0,155.412,155.43,155.42116592787602
2025-12-15T04:00:00Z,155.42,155.422,155.325,155.336,782.0,155.329,155.344,155.40981047082587
2025-12-15T04:05:00Z,155.337,155.378,155.324,155.338,468.0,155.33,155.347,155.40023574138243
2025-12-15T04:10:00Z,155.338,155.364,155.337,155.338,440.0,155.33,155.346,155.39193764253145
2025-12-15T04:15:00Z,155.338,155.354,155.337,155.338,287.0,155.33,155.347,155.3847459568606
2025-12-15T04:20:00Z,155.338,155.349,155.24,155.283,851.0,155.274,155.292,155.37117982927919
2025-12-15T04:25:00Z,155.284,155.284,155.26,155.278,474.0,155.27,155.285,155.35875585204195
2025-12-15T04:30:00Z,155.277,155.28,155.209,155.232,596.0,155.224,155.239,155.3418550717697
2025-12-15T04:35:00Z,155.232,155.256,155.217,155.229,621.0,155.221,155.237,155.32680772886707
2025-12-15T04:40:00Z,155.231,155.235,155.184,155.207,427.0,155.198,155.216,155.3108333650181
2025-12-15T04:45:00Z,155.204,155.222,155.184,155.21,649.0,155.202,155.217,155.29738891634904
2025-12-15T04:50:00Z,155.209,155.248,155.206,155.244,447.0,155.237,155.251,155.29027039416917
2025-12-15T04:55:00Z,155.244,155.259,155.242,155.256,522.0,155.25,155.263,155.28570100827994
2025-12-15T05:00:00Z,155.256,155.256,155.203,155.216,463.0,155.208,155.224,155.2764075405093
2025-12-15T05:05:00Z,155.217,155.248,155.194,155.233,392.0,155.226,155.24,155.2706198684414
2025-12-15T05:10:00Z,155.235,155.248,155.21,155.223,458.0,155.217,155.229,155.2642705526492
2025-12-15T05:15:00Z,155.226,155.241,155.206,155.222,435.0,155.213,155.231,155.25863447896265
2025-12-15T05:20:00Z,155.22,155.221,155.194,155.198,432.0,155.191,155.206,155.25054988176763
2025-12-15T05:25:00Z,155.197,155.209,155.154,155.161,645.0,155.154,155.168,155.23860989753194
2025-12-15T05:30:00Z,155.16,155.162,155.1,155.124,866.0,155.117,155.132,155.22332857786103
2025-12-15T05:35:00Z,155.125,155.128,155.078,155.09,975.0,155.082,155.099,155.20555143414623
2025-12-15T05:40:00Z,155.089,155.104,155.074,155.091,662.0,155.082,155.1,155.19027790959342
2025-12-15T05:45:00Z,155.092,155.092,155.076,155.082,447.0,155.075,155.089,155.17584085498098
2025-12-15T05:50:00Z,155.082,155.117,155.082,155.1,486.0,155.092,155.109,155.16572874098352
2025-12-15T05:55:00Z,155.102,155.112,155.031,155.034,674.0,155.026,155.043,155.14816490885238
2025-12-15T06:00:00Z,155.035,155.128,155.024,155.076,870.0,155.069,155.084,155.1385429210054
2025-12-15T06:05:00Z,155.078,155.117,155.04,155.065,863.0,155.058,155.072,155.1287371982047
2025-12-15T06:10:00Z,155.061,155.105,155.055,155.099,643.0,155.09,155.108,155.12477223844408
2025-12-15T06:15:00Z,155.098,155.115,155.077,155.077,538.0,155.068,155.086,155.11840260665153
2025-12-15T06:20:00Z,155.078,155.097,155.024,155.031,555.0,155.023,155.039,155.10674892576466
2025-12-15T06:25:00Z,155.032,155.055,154.988,154.989,1140.0,154.98,154.998,155.09104906899606
2025-12-15T06:30:00Z,154.988,155.052,154.978,155.029,613.0,155.021,155.037,155.08277585979658
2025-12-15T06:35:00Z,155.029,155.032,154.95,155.028,735.0,155.02,155.037,155.0754724118237
2025-12-15T06:40:00Z,155.03,155.138,155.026,155.116,894.0,155.108,155.123,155.08087609024722
2025-12-15T06:45:00Z,155.114,155.16,155.1,155.122,638.0,155.114,155.131,155.08635927821425
2025-12-15T06:50:00Z,155.12,155.135,155.068,155.074,590.0,155.067,155.081,155.08471137445235
2025-12-15T06:55:00Z,155.073,155.1,155.047,155.094,690.0,155.085,155.102,155.0859498578587
2025-12-15T07:00:00Z,155.094,155.172,155.074,155.12,1540.0,155.111,155.129,155.0904898768109
2025-12-15T07:05:00Z,155.119,155.187,155.116,155.172,935.0,155.165,155.18,155.1013578932361
2025-12-15T07:10:00Z,155.174,155.187,155.144,155.184,705.0,155.176,155.191,155.11237684080461
2025-12-15T07:15:00Z,155.183,155.214,155.145,155.148,970.0,155.14,155.155,155.117126595364
2025-12-15T07:20:00Z,155.146,155.18,155.122,155.179,846.0,155.171,155.187,155.1253763826488
2025-12-15T07:25:00Z,155.181,155.215,155.168,155.204,966.0,155.196,155.213,155.13585953162897
2025-12-15T07:30:00Z,155.205,155.23,155.182,155.194,907.0,155.187,155.202,155.14361159407844
2025-12-15T07:35:00Z,155.195,155.204,155.152,155.169,715.0,155.163,155.175,155.14699671486798
2025-12-15T07:40:00Z,155.174,155.271,155.174,155.268,558.0,155.259,155.277,155.16313048621893
2025-12-15T07:45:00Z,155.27,155.295,155.234,155.263,743.0,155.255,155.271,155.17644642138976
2025-12-15T07:50:00Z,155.262,155.288,155.238,155.269,788.0,155.261,155.277,155.18878689853778
2025-12-15T07:55:00Z,155.27,155.284,155.21,155.263,1102.0,155.255,155.271,155.19868197873276
2025-12-15T08:00:00Z,155.264,155.287,155.234,155.236,1069.0,155.228,155.244,155.20365771490174
2025-12-15T08:05:00Z,155.236,155.238,155.139,155.224,1037.0,155.215,155.232,155.2063700195815
2025-12-15T08:10:00Z,155.224,155.237,155.132,155.141,711.0,155.133,155.149,155.19765401697063
2025-12-15T08:15:00Z,155.144,155.186,155.118,155.174,936.0,155.166,155.182,155.19450014804121
2025-12-15T08:20:00Z,155.174,155.178,155.142,155.146,520.0,155.138,155.153,155.1880334616357
2025-12-15T08:25:00Z,155.146,155.218,155.146,155.192,766.0,155.185,155.199,155.18856233341762
2025-12-15T08:30:00Z,155.192,155.192,155.104,155.142,706.0,155.134,155.15,155.18235402229527
2025-12-15T08:35:00Z,155.142,155.17,155.128,155.154,596.0,155.147,155.162,155.17857348598923
2025-12-15T08:40:00Z,155.155,155.182,155.14,155.153,582.0,155.145,155.161,155.17516368785735
2025-12-15T08:45:00Z,155.15,155.188,155.146,155.154,888.0,155.147,155.16,155.1723418628097
2025-12-15T08:50:00Z,155.154,155.178,155.142,155.166,914.0,155.158,155.173,155.17149628110175
2025-12-15T08:55:00Z,155.166,155.188,155.112,155.188,1164.0,155.179,155.196,155.17369677695484
2025-12-15T09:00:00Z,155.188,155.202,155.088,155.088,848.0,155.079,155.096,155.16227054002752
2025-12-15T09:05:00Z,155.088,155.118,155.006,155.013,1205.0,155.005,155.021,155.14236780135718
2025-12-15T09:10:00Z,155.012,155.03,154.965,154.985,1152.0,154.976,154.994,155.1213854278429
2025-12-15T09:15:00Z,154.982,155.023,154.967,154.998,1178.0,154.99,155.005,155.10493403746386
2025-12-15T09:20:00Z,154.998,155.043,154.997,155.036,616.0,155.028,155.045,155.0957428324687
2025-12-15T09:25:00Z,155.037,155.051,154.996,155.0,792.0,154.994,155.006,155.08297712147288
2025-12-15T09:30:00Z,154.998,155.013,154.952,154.977,1055.0,154.97,154.984,155.06884683860983
2025-12-15T09:35:00Z,154.976,155.027,154.938,155.021,1152.0,155.012,155.03,155.06246726012853
2025-12-15T09:40:00Z,155.022,155.026,154.984,154.986,621.0,154.978,154.994,155.05227162544472
2025-12-15T09:45:00Z,154.986,155.0,154.952,154.986,873.0,154.979,154.993,155.04343540871875
2025-12-15T09:50:00Z,154.986,155.023,154.983,154.986,555.0,154.979,154.994,155.03577735422292
2025-12-15T09:55:00Z,154.985,154.998,154.964,154.966,455.0,154.958,154.974,155.0264737069932
2025-12-15T10:00:00Z,154.968,155.006,154.962,154.99,511.0,154.981,154.998,155.02161054606077
2025-12-15T10:05:00Z,154.988,155.025,154.982,155.002,457.0,154.995,155.01,155.018995806586
2025-12-15T10:10:00Z,155.006,155.079,155.006,155.078,718.0,155.069,155.087,155.02686303237454
2025-12-15T10:15:00Z,155.078,155.097,155.048,155.052,542.0,155.044,155.06,155.03021462805793
2025-12-15T10:20:00Z,155.053,155.072,155.05,155.058,526.0,155.05,155.067,155.03391934431687
2025-12-15T10:25:00Z,155.058,155.112,155.055,155.107,486.0,155.098,155.116,155.0436634317413
2025-12-15T10:30:00Z,155.108,155.154,155.106,155.108,696.0,155.102,155.114,155.05224164084245
2025-12-15T10:35:00Z,155.108,155.139,155.106,155.116,555.0,155.108,155.125,155.0607427553968
2025-12-15T10:40:00Z,155.116,155.143,155.094,155.14,496.0,155.132,155.147,155.07131038801057
2025-12-15T10:45:00Z,155.142,155.15,155.102,155.116,445.0,155.109,155.124,155.0772690029425
2025-12-15T10:50:00Z,155.116,155.132,155.091,155.094,405.0,155.087,155.101,155.07949980255017
2025-12-15T10:55:00Z,155.094,155.104,155.068,155.084,576.0,155.076,155.091,155.08009982887683
2025-12-15T11:00:00Z,155.086,155.092,155.063,155.066,399.0,155.059,155.074,155.07821985169326
2025-12-15T11:05:00Z,155.068,155.103,155.068,155.088,297.0,155.081,155.096,155.0795238714675
2025-12-15T11:10:00Z,155.089,155.089,155.049,155.053,359.0,155.047,155.059,155.07598735527185
2025-12-15T11:15:00Z,155.052,155.053,155.004,155.022,451.0,155.014,155.029,155.06878904123562
2025-12-15T11:20:00Z,155.022,155.033,155.014,155.032,389.0,155.024,155.039,155.06388383573753
2025-12-15T11:25:00Z,155.031,155.034,155.007,155.008,403.0,155.001,155.016,155.0564326576392
2025-12-15T11:30:00Z,155.007,155.026,154.964,155.024,623.0,155.015,155.032,155.0521083032873
2025-12-15T11:35:00Z,155.023,155.024,154.985,154.986,502.0,154.977,154.994,155.043293862849
2025-12-15T11:40:00Z,154.986,155.0,154.954,154.984,607.0,154.977,154.992,155.03538801446913
2025-12-15T11:45:00Z,154.984,154.999,154.972,154.996,444.0,154.988,155.005,155.0301362792066
2025-12-15T11:50:00Z,154.997,154.998,154.862,154.876,883.0,154.868,154.883,155.0095847753124
2025-12-15T11:55:00Z,154.876,154.927,154.854,154.925,943.0,154.918,154.932,154.99830680527074
2025-12-15T12:00:00Z,154.926,154.942,154.889,154.926,1211.0,154.92,154.933,154.9886658979013
2025-12-15T12:05:00Z,154.927,154.998,154.909,154.969,954.0,154.96,154.978,154.98604377818114
2025-12-15T12:10:00Z,154.968,155.014,154.966,155.012,711.0,155.003,155.02,154.989504607757
2025-12-15T12:15:00Z,155.011,155.026,154.976,154.982,801.0,154.974,154.991,154.9885039933894
2025-12-15T12:20:00Z,154.983,155.048,154.982,155.037,780.0,155.03,155.044,154.99497012760415
2025-12-15T12:25:00Z,155.038,155.038,154.998,155.028,691.0,155.02,155.035,154.99937411059025
2025-12-15T12:30:00Z,155.027,155.03,154.984,154.984,627.0,154.977,154.991,154.99732422917822
2025-12-15T12:35:00Z,154.985,155.047,154.976,155.046,701.0,155.038,155.053,155.00381433195446
2025-12-15T12:40:00Z,155.045,155.066,155.016,155.066,533.0,155.059,155.073,155.01210575436053
2025-12-15T12:45:00Z,155.065,155.066,155.028,155.035,556.0,155.028,155.042,155.0151583204458
2025-12-15T12:50:00Z,155.034,155.036,154.968,155.022,851.0,155.013,155.032,155.01607054438637
2025-12-15T12:55:00Z,155.024,155.096,155.022,155.079,990.0,155.072,155.086,155.02446113846818
2025-12-15T13:00:00Z,155.081,155.09,155.045,155.081,879.0,155.073,155.089,155.03199965333908
2025-12-15T13:05:00Z,155.082,155.138,155.076,155.126,656.0,155.119,155.134,155.04453303289387
2025-12-15T13:10:00Z,155.126,155.132,155.066,155.073,500.0,155.065,155.081,155.04832862850802
2025-12-15T13:15:00Z,155.072,155.105,155.052,155.059,550.0,155.053,155.065,155.0497514780403
2025-12-15T13:20:00Z,155.052,155.101,155.05,155.086,715.0,155.078,155.093,155.0545846143016
2025-12-15T13:25:00Z,155.084,155.086,155.053,155.081,350.0,155.071,155.091,155.05810666572805
2025-12-15T13:30:00Z,155.08,155.084,154.97,154.983,796.0,154.974,154.992,155.048092443631
2025-12-15T13:35:00Z,154.984,155.07,154.969,155.047,949.0,155.039,155.055,155.0479467844802
2025-12-15T13:40:00Z,155.048,155.092,155.043,155.064,642.0,155.056,155.072,155.05008721321616
2025-12-15T13:45:00Z,155.064,155.08,155.044,155.068,911.0,155.059,155.076,155.05247558478735
2025-12-15T13:50:00Z,155.068,155.098,155.062,155.088,1120.0,155.08,155.096,155.05721217348238
2025-12-15T13:55:00Z,155.088,155.161,155.08,155.161,921.0,155.153,155.169,155.0710505503514
2025-12-15T14:00:00Z,155.163,155.226,155.134,155.14,1590.0,155.131,155.149,155.08024381030455
2025-12-15T14:05:00Z,155.138,155.175,155.111,155.164,1063.0,155.155,155.172,155.09141130226394
2025-12-15T14:10:00Z,155.164,155.177,155.128,155.149,573.0,155.141,155.157,155.0990897952954
2025-12-15T14:15:00Z,155.148,155.181,155.139,155.164,637.0,155.157,155.17,155.10774448925602
2025-12-15T14:20:00Z,155.166,155.185,155.115,155.119,856.0,155.111,155.127,155.1092452240219
2025-12-15T14:25:00Z,155.118,155.12,155.05,155.058,1020.0,155.051,155.065,155.10241252748565
2025-12-15T14:30:00Z,155.06,155.075,154.934,154.936,1770.0,154.929,154.944,155.08022419048757
2025-12-15T14:35:00Z,154.937,155.0,154.936,154.976,1513.0,154.967,154.985,155.06632763175588
2025-12-15T14:40:00Z,154.974,154.99,154.891,154.902,1358.0,154.893,154.91,155.0444172808551
2025-12-15T14:45:00Z,154.902,154.909,154.852,154.906,1772.0,154.898,154.914,155.02596164340775
2025-12-15T14:50:00Z,154.906,154.942,154.855,154.904,1853.0,154.897,154.912,155.0097000909534
2025-12-15T14:55:00Z,154.904,154.93,154.891,154.914,1419.0,154.907,154.92,154.99694007882627
2025-12-15T15:00:00Z,154.912,154.931,154.852,154.876,1590.0,154.869,154.883,154.98081473498277
2025-12-15T15:05:00Z,154.877,154.98,154.873,154.948,1656.0,154.94,154.955,154.9764394369851
2025-12-15T15:10:00Z,154.947,154.997,154.926,154.968,1343.0,154.96,154.975,154.97531417872042
2025-12-15T15:15:00Z,154.969,155.074,154.894,155.068,1451.0,155.062,155.075,154.98767228822436
2025-12-15T15:20:00Z,155.068,155.083,154.839,154.868,2632.0,154.86,154.875,154.97171598312778
2025-12-15T15:25:00Z,154.865,155.033,154.837,155.018,1779.0,155.01,155.027,154.97788718537743
2025-12-15T15:30:00Z,155.019,155.05,154.942,154.972,1265.0,154.963,154.981,154.97710222732712
2025-12-15T15:35:00Z,154.972,155.004,154.93,154.956,1142.0,154.948,154.965,154.97428859701685
2025-12-15T15:40:00Z,154.956,154.969,154.876,154.925,1294.0,154.916,154.934,154.96771678408126
2025-12-15T15:45:00Z,154.926,154.999,154.924,154.944,1483.0,154.935,154.952,154.96455454620377
2025-12-15T15:50:00Z,154.943,155.012,154.934,154.993,1080.0,154.986,155.0,154.9683472733766
2025-12-15T15:55:00Z,154.992,155.158,154.985,155.156,2158.0,155.148,155.165,154.9933676369264
2025-12-15T16:00:00Z,155.156,155.198,155.148,155.194,2063.0,155.186,155.201,155.02011861866953
2025-12-15T16:05:00Z,155.181,155.201,155.15,155.196,1203.0,155.189,155.203,155.04356946951359
2025-12-15T16:10:00Z,155.196,155.204,155.164,155.173,1003.0,155.167,155.179,155.06082687357843
2025-12-15T16:15:00Z,155.172,155.242,155.16,155.207,1038.0,155.198,155.216,155.08031662376797
2025-12-15T16:20:00Z,155.206,155.27,155.198,155.256,1090.0,155.248,155.263,155.10374107393224
2025-12-15T16:25:00Z,155.256,155.268,155.236,155.266,860.0,155.259,155.274,155.12537559740795
2025-12-15T16:30:00Z,155.27,155.298,155.242,155.295,1017.0,155.288,155.302,155.14799218442022
2025-12-15T16:35:00Z,155.294,155.33,155.284,155.3,863.0,155.293,155.308,155.1682598931642
2025-12-15T16:40:00Z,155.301,155.315,155.282,155.29,773.0,155.283,155.297,155.18449190740895
2025-12-15T16:45:00Z,155.288,155.319,155.277,155.282,906.0,155.274,155.289,155.1974929864211
2025-12-15T16:50:00Z,155.281,155.287,155.243,155.267,767.0,155.26,155.274,155.20676058823165
2025-12-15T16:55:00Z,155.266,155.292,155.252,155.292,845.0,155.285,155.298,155.2181258431341
2025-12-15T17:00:00Z,155.291,155.313,155.268,155.302,622.0,155.295,155.309,155.22930906404954
2025-12-15T17:05:00Z,155.302,155.331,155.292,155.325,389.0,155.316,155.334,155.24206785550962
2025-12-15T17:10:00Z,155.326,155.334,155.256,155.264,577.0,155.256,155.273,155.24499214144168
2025-12-15T17:15:00Z,155.265,155.304,155.264,155.302,427.0,155.294,155.309,155.25259318924947
2025-12-15T17:20:00Z,155.301,155.301,155.276,155.29,300.0,155.282,155.299,155.2575807640162
2025-12-15T17:25:00Z,155.291,155.325,155.288,155.324,311.0,155.316,155.333,155.26643666214738
2025-12-15T17:30:00Z,155.326,155.338,155.314,155.332,619.0,155.325,155.34,155.27517844052772
2025-12-15T17:35:00Z,155.332,155.368,155.328,155.342,478.0,155.335,155.349,155.2840879817907
2025-12-15T17:40:00Z,155.342,155.362,155.332,155.344,368.0,155.336,155.352,155.29207625088526
2025-12-15T17:45:00Z,155.346,155.356,155.342,155.342,195.0,155.334,155.349,155.29873275076724
2025-12-15T17:50:00Z,155.342,155.344,155.3,155.317,556.0,155.31,155.324,155.3011683839983
2025-12-15T17:55:00Z,155.316,155.316,155.294,155.31,423.0,155.302,155.318,155.30234593279852
2025-12-15T18:00:00Z,155.309,155.319,155.303,155.303,468.0,155.296,155.31,155.3024331417587
2025-12-15T18:05:00Z,155.302,155.304,155.28,155.302,435.0,155.295,155.309,155.30237538952423
2025-12-15T18:10:00Z,155.302,155.316,155.284,155.315,541.0,155.308,155.322,155.304058670921
2025-12-15T18:15:00Z,155.316,155.326,155.312,155.325,287.0,155.317,155.333,155.30685084813152
2025-12-15T18:20:00Z,155.326,155.352,155.322,155.35,383.0,155.343,155.356,155.31260406838067
2025-12-15T18:25:00Z,155.348,155.367,155.34,155.358,482.0,155.351,155.366,155.31865685926326
2025-12-15T18:30:00Z,155.36,155.386,155.356,155.38,379.0,155.373,155.386,155.32683594469484
2025-12-15T18:35:00Z,155.38,155.388,155.372,155.386,332.0,155.378,155.395,155.3347244854022
2025-12-15T18:40:00Z,155.386,155.386,155.338,155.341,483.0,155.334,155.348,155.3355612206819
2025-12-15T18:45:00Z,155.34,155.364,155.336,155.362,279.0,155.355,155.369,155.33908639125767
2025-12-15T18:50:00Z,155.362,155.368,155.356,155.358,145.0,155.351,155.366,155.34160820575664
2025-12-15T18:55:00Z,155.358,155.361,155.338,155.358,439.0,155.349,155.366,155.34379377832244
2025-12-15T19:00:00Z,155.357,155.371,155.346,155.353,384.0,155.345,155.361,155.34502127454613
2025-12-15T19:05:00Z,155.352,155.374,155.35,155.372,306.0,155.363,155.381,155.34861843794
2025-12-15T19:10:00Z,155.372,155.393,155.368,155.392,231.0,155.383,155.4,155.35440264621465
2025-12-15T19:15:00Z,155.393,155.396,155.388,155.392,277.0,155.385,155.398,155.35941562671937
2025-12-15T19:20:00Z,155.39,155.4,155.388,155.398,231.0,155.39,155.405,155.36456020982345
2025-12-15T19:25:00Z,155.397,155.4,155.384,155.398,446.0,155.39,155.405,155.36901884851366
2025-12-15T19:30:00Z,155.397,155.397,155.366,155.373,277.0,155.367,155.379,155.36954966871184
2025-12-15T19:35:00Z,155.37,155.37,155.33,155.336,332.0,155.33,155.342,155.36507637955026
2025-12-15T19:40:00Z,155.334,155.338,155.309,155.316,326.0,155.309,155.322,155.3585328622769
2025-12-15T19:45:00Z,155.314,155.315,155.294,155.303,403.0,155.296,155.31,155.35112848063997
2025-12-15T19:50:00Z,155.302,155.302,155.248,155.25,496.0,155.243,155.258,155.3376446832213
2025-12-15T19:55:00Z,155.25,155.254,155.22,155.244,742.0,155.236,155.251,155.32515872545846
2025-12-15T20:00:00Z,155.244,155.27,155.244,155.257,419.0,155.249,155.265,155.31607089539733
2025-12-15T20:05:00Z,155.258,155.265,155.236,155.252,377.0,155.243,155.261,155.30752810934436
2025-12-15T20:10:00Z,155.252,155.254,155.236,155.25,284.0,155.241,155.259,155.2998576947651
2025-12-15T20:15:00Z,155.248,155.252,155.23,155.23,436.0,155.223,155.238,155.2905433354631
2025-12-15T20:20:00Z,155.231,155.252,155.231,155.247,312.0,155.239,155.255,155.28473755740137
2025-12-15T20:25:00Z,155.246,155.262,155.235,155.258,368.0,155.25,155.267,155.28117254974785
2025-12-15T20:30:00Z,155.259,155.261,155.246,155.257,433.0,155.249,155.265,155.2779495431148
2025-12-15T20:35:00Z,155.256,155.258,155.242,155.242,264.0,155.234,155.251,155.2731562706995
2025-12-15T20:40:00Z,155.243,155.25,155.23,155.232,341.0,155.224,155.241,155.26766876793957
2025-12-15T20:45:00Z,155.23,155.254,155.22,155.252,243.0,155.243,155.26,155.26557959888098
2025-12-15T20:50:00Z,155.251,155.262,155.248,155.254,244.0,155.247,155.262,155.2640356523635
2025-12-15T20:55:00Z,155.254,155.257,155.232,155.253,437.0,155.246,155.26,155.26256423204836
2025-12-15T21:00:00Z,155.254,155.262,155.244,155.251,408.0,155.243,155.259,155.26102233444192
2025-12-15T21:05:00Z,155.25,155.26,155.25,155.25,177.0,155.242,155.258,155.25955268984967
2025-12-15T21:10:00Z,155.249,155.25,155.225,155.23,127.0,155.224,155.236,155.25561233120305
2025-12-15T21:15:00Z,155.229,155.229,155.196,155.202,167.0,155.193,155.212,155.248464020376
2025-12-15T21:20:00Z,155.204,155.212,155.196,155.21,148.0,155.202,155.219,155.24333548432585
2025-12-15T21:25:00Z,155.211,155.215,155.193,155.2,183.0,155.191,155.208,155.23755741974907
2025-12-15T21:30:00Z,155.199,155.216,155.196,155.211,181.0,155.202,155.22,155.2340164304492
2025-12-15T21:35:00Z,155.212,155.226,155.21,155.226,83.0,155.217,155.234,155.23294757305598
2025-12-15T21:40:00Z,155.224,155.241,155.224,155.236,114.0,155.228,155.245,155.23335456331517
2025-12-15T21:45:00Z,155.237,155.238,155.23,155.232,197.0,155.223,155.242,155.23317395487317
2025-12-15T21:50:00Z,155.234,155.236,155.221,155.234,277.0,155.225,155.244,155.23328409422342
2025-12-15T21:55:00Z,155.233,155.234,155.203,155.206,296.0,155.193,155.22,155.22964621499364
2025-12-15T22:00:00Z,155.217,155.217,155.217,155.217,1.0,155.167,155.267,155.2279600529945
2025-12-15T22:05:00Z,155.222,155.25,155.195,155.216,35.0,155.166,155.266,155.2263653792619
2025-12-15T22:10:00Z,155.221,155.225,155.22,155.22,3.0,155.17,155.27,155.22551666202696
2025-12-15T22:15:00Z,155.229,155.238,155.204,155.204,41.0,155.154,155.254,155.2226477737567
2025-12-15T22:20:00Z,155.208,155.214,155.205,155.206,219.0,155.166,155.246,155.22042807058915
2025-12-15T22:25:00Z,155.208,155.246,155.208,155.246,210.0,155.228,155.263,155.22383766117727
2025-12-15T22:30:00Z,155.24,155.24,155.224,155.232,127.0,155.209,155.255,155.2249259730203
2025-12-15T22:35:00Z,155.23,155.235,155.229,155.231,84.0,155.21,155.252,155.22573584328427
2025-12-15T22:40:00Z,155.232,155.234,155.23,155.234,48.0,155.213,155.255,155.22683773084637
2025-12-15T22:45:00Z,155.234,155.236,155.218,155.224,234.0,155.207,155.241,155.22645936673354
2025-12-15T22:50:00Z,155.224,155.23,155.222,155.228,151.0,155.212,155.243,155.22666478450242
2025-12-15T22:55:00Z,155.228,155.238,155.2,155.226,1394.0,155.207,155.244,155.22657614656876
2025-12-15T23:00:00Z,155.229,155.242,155.077,155.083,750.0,155.074,155.092,155.2074326603596
2025-12-15T23:05:00Z,155.086,155.108,155.073,155.106,179.0,155.099,155.112,155.19390830564498
2025-12-15T23:10:00Z,155.102,155.126,155.094,155.115,231.0,155.106,155.124,155.18338719822566
2025-12-15T23:15:00Z,155.116,155.128,155.107,155.126,169.0,155.118,155.135,155.17573557179557
2025-12-15T23:20:00Z,155.128,155.136,155.122,155.13,121.0,155.119,155.142,155.16963749555617
2025-12-15T23:25:00Z,155.126,155.14,155.103,155.103,280.0,155.095,155.111,155.1607524961487
2025-12-15T23:30:00Z,155.104,155.104,155.051,155.054,266.0,155.044,155.063,155.14651882999553
2025-12-15T23:35:00Z,155.053,155.088,155.042,155.075,263.0,155.067,155.083,155.13698298599613
2025-12-15T23:40:00Z,155.074,155.09,155.053,155.066,170.0,155.056,155.075,155.1275185878633
2025-12-15T23:45:00Z,155.062,155.062,155.026,155.026,205.0,155.018,155.033,155.11398277614822
2025-12-15T23:50:00Z,155.024,155.024,154.981,155.014,270.0,155.004,155.025,155.10065173932847
2025-12-15T23:55:00Z,155.014,155.04,155.0,155.036,278.0,155.027,155.044,155.092031507418
2025-12-16T00:00:00Z,155.037,155.037,154.88,154.885,1352.0,154.879,154.891,155.06442730642894
2025-12-16T00:05:00Z,154.884,154.93,154.768,154.778,1455.0,154.769,154.786,155.0262369989051
2025-12-16T00:10:00Z,154.774,154.816,154.736,154.795,1277.0,154.786,154.804,154.9954053990511
2025-12-16T00:15:00Z,154.794,154.878,154.772,154.852,1466.0,154.844,154.861,154.9762846791776
2025-12-16T00:20:00Z,154.851,154.902,154.828,154.85,997.0,154.842,154.858,154.95944672195392
2025-12-16T00:25:00Z,154.852,154.944,154.852,154.944,1344.0,154.935,154.953,154.95738715902672
2025-12-16T00:30:00Z,154.946,154.986,154.922,154.965,941.0,154.959,154.971,154.95840220448983
2025-12-16T00:35:00Z,154.964,154.992,154.924,154.992,1110.0,154.983,155.0,154.96288191055785
2025-12-16T00:40:00Z,154.992,155.047,154.968,155.016,1234.0,155.008,155.023,154.96996432248346
2025-12-16T00:45:00Z,155.015,155.041,154.97,154.98,1020.0,154.973,154.986,154.971302412819
2025-12-16T00:50:00Z,154.98,155.104,154.98,155.073,2011.0,155.065,155.081,154.98486209110982
2025-12-16T00:55:00Z,155.071,155.084,155.004,155.006,1404.0,154.996,155.016,154.98768047896183
2025-12-16T01:00:00Z,155.008,155.02,154.904,154.936,1346.0,154.928,154.943,154.9807897484336
2025-12-16T01:05:00Z,154.935,155.056,154.935,155.036,1158.0,155.029,155.044,154.98815111530914
2025-12-16T01:10:00Z,155.038,155.078,155.035,155.062,887.0,155.055,155.069,154.99799763326791
2025-12-16T01:15:00Z,155.062,155.077,155.04,155.075,885.0,155.068,155.082,155.00826461549886
2025-12-16T01:20:00Z,155.074,155.076,155.036,155.06,756.0,155.052,155.068,155.0151626667657
2025-12-16T01:25:00Z,155.06,155.122,155.048,155.118,1001.0,155.111,155.126,155.02887431119694
2025-12-16T01:30:00Z,155.121,155.122,155.056,155.056,916.0,155.049,155.064,155.03249106970404
2025-12-16T01:35:00Z,155.056,155.056,154.85,154.89,1505.0,154.882,154.898,155.01349226041017
2025-12-16T01:40:00Z,154.89,154.951,154.86,154.916,1506.0,154.907,154.924,155.0004932923555
2025-12-16T01:45:00Z,154.915,154.96,154.906,154.956,1164.0,154.949,154.964,154.99456085337476
2025-12-16T01:50:00Z,154.956,155.022,154.926,154.933,1356.0,154.923,154.943,154.98635273959147
2025-12-16T01:55:00Z,154.932,154.932,154.856,154.864,1503.0,154.856,154.873,154.9700390409793
2025-12-16T02:00:00Z,154.862,154.922,154.848,154.919,1518.0,154.912,154.926,154.96323383551538
2025-12-16T02:05:00Z,154.918,154.925,154.832,154.832,1220.0,154.824,154.841,154.94573599078
2025-12-16T02:10:00Z,154.834,154.9,154.831,154.844,955.0,154.836,154.851,154.93217119200935
2025-12-16T02:15:00Z,154.842,154.897,154.838,154.896,978.0,154.888,154.904,154.9273483664081
2025-12-16T02:20:00Z,154.895,154.913,154.886,154.906,708.0,154.898,154.914,154.9245019175537
2025-12-16T02:25:00Z,154.904,154.914,154.876,154.9,958.0,154.892,154.908,154.9212349952132
2025-12-16T02:30:00Z,154.898,154.903,154.842,154.886,763.0,154.878,154.895,154.91653699585146
2025-12-16T02:35:00Z,154.887,154.888,154.816,154.828,743.0,154.82,154.836,154.90473206307126
2025-12-16T02:40:00Z,154.827,154.85,154.818,154.828,669.0,154.819,154.838,154.89450112132843
2025-12-16T02:45:00Z,154.829,154.844,154.811,154.827,674.0,154.818,154.836,154.88550097181798
2025-12-16T02:50:00Z,154.826,154.846,154.786,154.792,905.0,154.784,154.799,154.87303417557558
2025-12-16T02:55:00Z,154.792,154.798,154.765,154.783,762.0,154.776,154.79,154.86102961883216
2025-12-16T03:00:00Z,154.784,154.794,154.704,154.724,1117.0,154.716,154.732,154.8427590029879
2025-12-16T03:05:00Z,154.724,154.754,154.71,154.731,930.0,154.725,154.737,154.8278578025895
2025-12-16T03:10:00Z,154.732,154.759,154.72,154.746,778.0,154.739,154.752,154.81694342891092
2025-12-16T03:15:00Z,154.746,154.783,154.741,154.778,667.0,154.77,154.785,154.8117509717228
2025-12-16T03:20:00Z,154.777,154.838,154.772,154.826,877.0,154.818,154.834,154.81365084215977
2025-12-16T03:25:00Z,154.826,154.877,154.822,154.876,589.0,154.868,154.885,154.82196406320514
2025-12-16T03:30:00Z,154.882,154.896,154.816,154.862,788.0,154.854,154.871,154.82730218811113
2025-12-16T03:35:00Z,154.862,154.888,154.822,154.835,884.0,154.826,154.844,154.82832856302966
2025-12-16T03:40:00Z,154.834,154.883,154.833,154.882,611.0,154.874,154.89,154.8354847546257
2025-12-16T03:45:00Z,154.882,154.888,154.856,154.882,615.0,154.873,154.89,154.84168678734227
2025-12-16T03:50:00Z,154.882,154.912,154.882,154.9,565.0,154.893,154.908,154.8494618823633
2025-12-16T03:55:00Z,154.9,154.901,154.876,154.893,463.0,154.885,154.901,154.85526696471487
2025-12-16T04:00:00Z,154.892,154.892,154.854,154.87,569.0,154.86,154.879,154.85723136941957
2025-12-16T04:05:00Z,154.869,154.87,154.844,154.869,308.0,154.861,154.877,154.85880052016364
2025-12-16T04:10:00Z,154.87,154.912,154.866,154.906,517.0,154.897,154.915,154.86509378414183
2025-12-16T04:15:00Z,154.906,154.918,154.893,154.902,493.0,154.893,154.911,154.87001461292292
2025-12-16T04:20:00Z,154.902,154.904,154.857,154.858,496.0,154.851,154.866,154.8684126645332
2025-12-16T04:25:00Z,154.86,154.861,154.799,154.81,679.0,154.802,154.819,154.8606243092621
2025-12-16T04:30:00Z,154.809,154.848,154.808,154.822,423.0,154.813,154.831,154.85547440136048
2025-12-16T04:35:00Z,154.821,154.826,154.8,154.811,341.0,154.803,154.819,154.8495444811791
2025-12-16T04:40:00Z,154.812,154.814,154.784,154.788,451.0,154.779,154.796,154.84133855035523
2025-12-16T04:45:00Z,154.787,154.804,154.772,154.798,408.0,154.79,154.805,154.83556007697453
2025-12-16T04:50:00Z,154.798,154.85,154.796,154.828,527.0,154.82,154.837,154.83455206671127
2025-12-16T04:55:00Z,154.829,154.836,154.802,154.819,631.0,154.811,154.827,154.83247845781645
2025-12-16T05:00:00Z,154.818,154.819,154.766,154.802,832.0,154.794,154.81,154.82841466344092
2025-12-16T05:05:00Z,154.802,154.802,154.744,154.754,789.0,154.746,154.761,154.81849270831546
2025-12-16T05:10:00Z,154.754,154.771,154.692,154.701,835.0,154.692,154.71,154.8028270138734
2025-12-16T05:15:00Z,154.7,154.754,154.7,154.731,837.0,154.724,154.738,154.7932500786903
2025-12-16T05:20:00Z,154.73,154.736,154.684,154.708,565.0,154.699,154.716,154.78188340153162
2025-12-16T05:25:00Z,154.706,154.754,154.704,154.747,814.0,154.738,154.756,154.7772322813274
2025-12-16T05:30:00Z,154.746,154.756,154.718,154.721,852.0,154.713,154.729,154.7697346438171
2025-12-16T05:35:00Z,154.72,154.763,154.716,154.75,850.0,154.742,154.757,154.7671033579748
2025-12-16T05:40:00Z,154.748,154.756,154.727,154.744,577.0,154.735,154.752,154.76402291024485
2025-12-16T05:45:00Z,154.743,154.768,154.73,154.763,570.0,154.756,154.77,154.7638865222122
2025-12-16T05:50:00Z,154.766,154.798,154.755,154.792,669.0,154.784,154.799,154.76763498591725
2025-12-16T05:55:00Z,154.79,154.858,154.79,154.844,1367.0,154.835,154.852,154.77781698779495
2025-12-16T06:00:00Z,154.845,154.869,154.82,154.862,921.0,154.854,154.871,154.7890413894223
2025-12-16T06:05:00Z,154.863,154.876,154.83,154.84,612.0,154.832,154.848,154.79583587083266
2025-12-16T06:10:00Z,154.84,154.902,154.827,154.901,879.0,154.893,154.909,154.80985775472163
2025-12-16T06:15:00Z,154.902,154.913,154.872,154.898,851.0,154.89,154.906,154.82161005409208
2025-12-16T06:20:00Z,154.896,154.946,154.892,154.932,733.0,154.924,154.941,154.83632871354646
2025-12-16T06:25:00Z,154.932,154.936,154.893,154.931,867.0,154.923,154.939,154.84895155174027
2025-12-16T06:30:00Z,154.932,154.939,154.91,154.924,522.0,154.915,154.932,154.85895801150824
2025-12-16T06:35:00Z,154.924,154.94,154.912,154.936,655.0,154.928,154.945,154.86923027664048
2025-12-16T06:40:00Z,154.937,154.948,154.855,154.88,790.0,154.873,154.886,154.87066623975508
2025-12-16T06:45:00Z,154.878,154.89,154.862,154.874,574.0,154.866,154.882,154.87111074112107
2025-12-16T06:50:00Z,154.874,154.878,154.832,154.836,646.0,154.829,154.843,154.8664293089716
2025-12-16T06:55:00Z,154.836,154.86,154.822,154.856,582.0,154.846,154.865,154.86503873444204
2025-12-16T07:00:00Z,154.856,154.912,154.838,154.896,719.0,154.888,154.905,154.8691669031831
2025-12-16T07:05:00Z,154.897,154.96,154.894,154.96,557.0,154.952,154.968,154.8812779827587
2025-12-16T07:10:00Z,154.96,154.979,154.953,154.962,470.0,154.955,154.97,154.89204091839088
2025-12-16T07:15:00Z,154.962,154.962,154.914,154.933,504.0,154.926,154.94,154.89750212927208
2025-12-16T07:20:00Z,154.934,154.936,154.87,154.882,722.0,154.874,154.889,154.89543517870248
2025-12-16T07:25:00Z,154.883,154.948,154.882,154.944,522.0,154.936,154.953,154.9019104882088
2025-12-16T07:30:00Z,154.944,154.97,154.879,154.961,832.0,154.953,154.969,154.909789089781
2025-12-16T07:35:00Z,154.962,154.963,154.905,154.934,769.0,154.926,154.941,154.91301721114354
2025-12-16T07:40:00Z,154.933,154.945,154.844,154.864,681.0,154.856,154.872,154.90648158299106
2025-12-16T07:45:00Z,154.866,154.944,154.866,154.934,729.0,154.926,154.941,154.91015070525893
2025-12-16T07:50:00Z,154.933,154.933,154.868,154.876,733.0,154.867,154.884,154.90559727789108
2025-12-16T07:55:00Z,154.874,154.917,154.872,154.886,916.0,154.879,154.893,154.9029843075056
2025-12-16T08:00:00Z,154.884,154.937,154.866,154.908,1311.0,154.899,154.916,154.90365306650486
2025-12-16T08:05:00Z,154.907,154.942,154.89,154.895,984.0,154.887,154.903,154.90249932430422
2025-12-16T08:10:00Z,154.896,154.907,154.846,154.868,708.0,154.861,154.876,154.897899414397
2025-12-16T08:15:00Z,154.87,154.887,154.83,154.847,905.0,154.838,154.856,154.89111282581072
2025-12-16T08:20:00Z,154.845,154.872,154.798,154.828,814.0,154.82,154.837,154.8826977823693
2025-12-16T08:25:00Z,154.832,154.908,154.808,154.888,1048.0,154.88,154.897,154.88340474472005
2025-12-16T08:30:00Z,154.892,154.934,154.851,154.874,1011.0,154.867,154.881,154.8821507787574
2025-12-16T08:35:00Z,154.875,154.906,154.823,154.906,1302.0,154.9,154.913,154.88533067492307
2025-12-16T08:40:00Z,154.908,154.909,154.861,154.864,1152.0,154.857,154.871,154.88248658493333
2025-12-16T08:45:00Z,154.863,154.902,154.834,154.85,1137.0,154.843,154.857,154.87815504027554
2025-12-16T08:50:00Z,154.85,154.864,154.839,154.846,799.0,154.838,154.853,154.87386770157215
2025-12-16T08:55:00Z,154.844,154.877,154.841,154.866,1023.0,154.859,154.874,154.87281867469588
2025-12-16T09:00:00Z,154.865,154.879,154.815,154.861,1270.0,154.854,154.868,154.8712428514031
2025-12-16T09:05:00Z,154.862,154.864,154.832,154.862,865.0,154.853,154.87,154.87001047121603
2025-12-16T09:10:00Z,154.863,154.874,154.835,154.85,927.0,154.844,154.857,154.86734240838723
2025-12-16T09:15:00Z,154.85,154.899,154.85,154.876,917.0,154.868,154.883,154.8684967539356
2025-12-16T09:20:00Z,154.876,154.886,154.852,154.864,1083.0,154.856,154.872,154.8678971867442
2025-12-16T09:25:00Z,154.864,154.87,154.837,154.868,759.0,154.859,154.876,154.8679108951783
2025-12-16T09:30:00Z,154.867,154.872,154.827,154.85,947.0,154.843,154.858,154.8655227758212
2025-12-16T09:35:00Z,154.85,154.86,154.798,154.806,1028.0,154.798,154.814,154.85758640571171
2025-12-16T09:40:00Z,154.804,154.858,154.772,154.851,1386.0,154.844,154.858,154.8567082182835
2025-12-16T09:45:00Z,154.853,154.879,154.846,154.848,874.0,154.84,154.856,154.85554712251238
2025-12-16T09:50:00Z,154.85,154.884,154.844,154.862,868.0,154.854,154.87,154.8564075061774
2025-12-16T09:55:00Z,154.863,154.872,154.836,154.838,595.0,154.829,154.847,154.8539531720204
2025-12-16T10:00:00Z,154.838,154.838,154.794,154.806,698.0,154.798,154.813,154.84755941575102
2025-12-16T10:05:00Z,154.806,154.816,154.776,154.79,1076.0,154.782,154.798,154.83988482698422
2025-12-16T10:10:00Z,154.792,154.858,154.786,154.844,857.0,154.838,154.85,154.84043351671966
2025-12-16T10:15:00Z,154.843,154.862,154.834,154.837,650.0,154.83,154.844,154.83997571449038
2025-12-16T10:20:00Z,154.837,154.842,154.812,154.824,459.0,154.815,154.832,154.837845619225
2025-12-16T10:25:00Z,154.826,154.872,154.826,154.87,848.0,154.863,154.878,154.842132869995
2025-12-16T10:30:00Z,154.871,154.905,154.836,154.904,843.0,154.898,154.911,154.85038182066234
2025-12-16T10:35:00Z,154.904,154.905,154.882,154.895,707.0,154.888,154.902,154.8563309112407
2025-12-16T10:40:00Z,154.896,154.904,154.868,154.87,720.0,154.864,154.877,154.85815345640862
2025-12-16T10:45:00Z,154.87,154.872,154.834,154.858,479.0,154.85,154.865,154.85813299555414
2025-12-16T10:50:00Z,154.857,154.886,154.857,154.871,468.0,154.863,154.879,154.85984859614692
2025-12-16T10:55:00Z,154.872,154.884,154.862,154.872,597.0,154.864,154.88,154.86146878332733
2025-12-16T11:00:00Z,154.872,154.897,154.869,154.87,665.0,154.863,154.878,154.86260627888367
2025-12-16T11:05:00Z,154.871,154.883,154.858,154.869,626.0,154.862,154.876,154.8634587750325
2025-12-16T11:10:00Z,154.87,154.888,154.86,154.884,534.0,154.877,154.89,154.8661976050282
2025-12-16T11:15:00Z,154.884,154.904,154.874,154.898,453.0,154.89,154.905,154.87043792435776
2025-12-16T11:20:00Z,154.898,154.902,154.884,154.884,397.0,154.876,154.893,154.87224620111007
2025-12-16T11:25:00Z,154.885,154.898,154.868,154.872,278.0,154.864,154.879,154.8722133742954
2025-12-16T11:30:00Z,154.869,154.87,154.844,154.849,378.0,154.841,154.857,154.86911825772268
2025-12-16T11:35:00Z,154.85,154.854,154.834,154.851,605.0,154.844,154.858,154.8667024900263
2025-12-16T11:40:00Z,154.853,154.856,154.838,154.841,431.0,154.833,154.849,154.86327549135615
2025-12-16T11:45:00Z,154.84,154.844,154.81,154.824,450.0,154.816,154.833,154.85803875917534
2025-12-16T11:50:00Z,154.825,154.838,154.814,154.818,648.0,154.811,154.824,154.85270025795197
2025-12-16T11:55:00Z,154.817,154.84,154.791,154.818,670.0,154.811,154.824,154.8480735568917
2025-12-16T12:00:00Z,154.817,154.82,154.802,154.818,433.0,154.81,154.826,154.84406374930614
2025-12-16T12:05:00Z,154.818,154.858,154.812,154.814,565.0,154.806,154.822,154.84005524939866
2025-12-16T12:10:00Z,154.814,154.838,154.801,154.805,753.0,154.799,154.811,154.83538121614552
2025-12-16T12:15:00Z,154.803,154.804,154.778,154.788,810.0,154.781,154.796,154.82906372065946
2025-12-16T12:20:00Z,154.788,154.802,154.786,154.797,609.0,154.788,154.806,154.82478855790487
2025-12-16T12:25:00Z,154.796,154.802,154.751,154.751,800.0,154.744,154.758,154.81495008351754
2025-12-16T12:30:00Z,154.75,154.756,154.722,154.725,669.0,154.717,154.733,154.80295673904854
2025-12-16T12:35:00Z,154.723,154.746,154.722,154.744,511.0,154.735,154.753,154.79509584050874
2025-12-16T12:40:00Z,154.744,154.76,154.717,154.722,680.0,154.714,154.729,154.7853497284409
2025-12-16T12:45:00Z,154.722,154.722,154.686,154.69,643.0,154.683,154.697,154.77263643131545
2025-12-16T12:50:00Z,154.69,154.69,154.648,154.651,660.0,154.644,154.658,154.7564182404734
2025-12-16T12:55:00Z,154.65,154.65,154.602,154.611,1123.0,154.603,154.619,154.73702914174362
2025-12-16T13:00:00Z,154.609,154.656,154.596,154.616,1410.0,154.608,154.625,154.7208919228445
2025-12-16T13:05:00Z,154.616,154.64,154.564,154.604,1364.0,154.596,154.613,154.7053063331319
2025-12-16T13:10:00Z,154.605,154.66,154.602,154.65,1192.0,154.642,154.659,154.69793215538098
2025-12-16T13:15:00Z,154.65,154.688,154.62,154.657,1515.0,154.649,154.665,154.69247453466352
2025-12-16T13:20:00Z,154.656,154.682,154.633,154.649,1385.0,154.64,154.658,154.68667793004172
2025-12-16T13:25:00Z,154.646,154.727,154.638,154.727,1234.0,154.683,154.771,154.69205420603618
2025-12-16T13:30:00Z,154.764,154.766,154.396,154.737,5101.0,154.729,154.745,154.6980469785647
2025-12-16T13:35:00Z,154.74,154.797,154.61,154.681,5773.0,154.672,154.69,154.6957740480894
2025-12-16T13:40:00Z,154.68,154.873,154.642,154.846,5268.0,154.838,154.854,154.71580417501082
2025-12-16T13:45:00Z,154.844,154.864,154.782,154.804,3422.0,154.797,154.811,154.7275636183427
2025-12-16T13:50:00Z,154.804,154.864,154.756,154.863,3178.0,154.855,154.871,154.74562180256368
2025-12-16T13:55:00Z,154.861,154.861,154.717,154.718,2129.0,154.71,154.726,154.7419388955552
2025-12-16T14:00:00Z,154.716,154.781,154.65,154.767,2528.0,154.758,154.776,154.74528037614783
2025-12-16T14:05:00Z,154.766,154.857,154.702,154.804,2416.0,154.795,154.812,154.75310965932812
2025-12-16T14:10:00Z,154.802,154.9,154.776,154.898,2403.0,154.89,154.906,154.7724283714177
2025-12-16T14:15:00Z,154.9,154.998,154.878,154.955,2491.0,154.947,154.963,154.7967712552287
2025-12-16T14:20:00Z,154.954,154.962,154.854,154.86,1696.0,154.851,154.868,154.80520175453154
2025-12-16T14:25:00Z,154.859,154.874,154.772,154.791,1894.0,154.784,154.798,154.80330818726068
2025-12-16T14:30:00Z,154.79,154.843,154.708,154.751,2217.0,154.743,154.759,154.7963337622926
2025-12-16T14:35:00Z,154.751,154.82,154.742,154.755,1961.0,154.746,154.764,154.79082259398692
2025-12-16T14:40:00Z,154.754,154.774,154.689,154.705,1515.0,154.695,154.715,154.77937958145534
2025-12-16T14:45:00Z,154.696,154.758,154.631,154.682,2334.0,154.674,154.689,154.7663956372613
2025-12-16T14:50:00Z,154.681,154.762,154.664,154.694,1919.0,154.688,154.701,154.75674288562647
2025-12-16T14:55:00Z,154.693,154.708,154.599,154.603,1606.0,154.594,154.612,154.7362438342096
2025-12-16T15:00:00Z,154.602,154.618,154.473,154.573,2524.0,154.565,154.581,154.71447798964832
2025-12-16T15:05:00Z,154.571,154.582,154.518,154.569,2404.0,154.561,154.577,154.6950809243619
2025-12-16T15:10:00Z,154.57,154.728,154.566,154.691,2262.0,154.683,154.699,154.69453680111366
2025-12-16T15:15:00Z,154.689,154.689,154.582,154.582,2186.0,154.574,154.591,154.6795318942985
2025-12-16T15:20:00Z,154.582,154.645,154.568,154.583,2055.0,154.574,154.592,154.6666609750587
2025-12-16T15:25:00Z,154.582,154.618,154.504,154.512,2209.0,154.505,154.519,154.64603951171756
2025-12-16T15:30:00Z,154.511,154.584,154.465,154.474,2346.0,154.467,154.481,154.62310091015522
2025-12-16T15:35:00Z,154.475,154.578,154.474,154.514,2106.0,154.506,154.523,154.60855412213454
2025-12-16T15:40:00Z,154.515,154.63,154.48,154.614,1821.0,154.606,154.623,154.60928023918328
2025-12-16T15:45:00Z,154.613,154.63,154.579,154.608,1673.0,154.601,154.616,154.60910954062552
2025-12-16T15:50:00Z,154.608,154.648,154.565,154.622,1754.0,154.613,154.63,154.61082826854212
2025-12-16T15:55:00Z,154.622,154.782,154.62,154.778,2690.0,154.771,154.786,154.6331178327365
2025-12-16T16:00:00Z,154.779,154.878,154.776,154.83,2364.0,154.82,154.839,154.65936878837164
2025-12-16T16:05:00Z,154.829,154.898,154.825,154.898,2059.0,154.89,154.906,154.69118628325543
2025-12-16T16:10:00Z,154.898,154.908,154.784,154.826,2015.0,154.818,154.835,154.70916144548804
2025-12-16T16:15:00Z,154.827,154.857,154.796,154.829,1529.0,154.821,154.837,154.72513991942296
2025-12-16T16:20:00Z,154.828,154.846,154.79,154.796,1397.0,154.788,154.805,154.73458793016655
2025-12-16T16:25:00Z,154.798,154.818,154.752,154.817,1446.0,154.809,154.825,154.74557620614436
2025-12-16T16:30:00Z,154.816,154.884,154.796,154.863,1256.0,154.855,154.871,154.7612327119918
2025-12-16T16:35:00Z,154.864,154.871,154.792,154.808,1307.0,154.8,154.816,154.7674683503929
2025-12-16T16:40:00Z,154.808,154.884,154.808,154.846,1248.0,154.839,154.854,154.7779392370072
2025-12-16T16:45:00Z,154.844,154.862,154.814,154.854,1105.0,154.846,154.861,154.7880806720729
2025-12-16T16:50:00Z,154.853,154.864,154.804,154.824,1363.0,154.817,154.83,154.79286991579653
2025-12-16T16:55:00Z,154.823,154.844,154.808,154.81,1393.0,154.801,154.818,154.79515392702368
2025-12-16T17:00:00Z,154.808,154.841,154.78,154.782,1590.0,154.775,154.789,154.7934000700872
2025-12-16T17:05:00Z,154.782,154.793,154.734,154.75,1331.0,154.741,154.759,154.78761339407558
2025-12-16T17:10:00Z,154.749,154.76,154.722,154.746,844.0,154.738,154.755,154.78206494153218
2025-12-16T17:15:00Z,154.746,154.77,154.728,154.746,727.0,154.738,154.755,154.77725628266123
2025-12-16T17:20:00Z,154.747,154.748,154.691,154.698,998.0,154.692,154.705,154.7666887783064
2025-12-16T17:25:00Z,154.698,154.698,154.656,154.678,1133.0,154.67,154.686,154.75486360786553
2025-12-16T17:30:00Z,154.676,154.689,154.594,154.61,1286.0,154.602,154.618,154.73554846015014
2025-12-16T17:35:00Z,154.61,154.61,154.57,154.608,998.0,154.6,154.617,154.71854199879678
2025-12-16T17:40:00Z,154.61,154.652,154.604,154.63,706.0,154.622,154.638,154.70673639895722
2025-12-16T17:45:00Z,154.632,154.67,154.608,154.655,761.0,154.646,154.664,154.6998382124296
2025-12-16T17:50:00Z,154.656,154.708,154.656,154.686,724.0,154.678,154.695,154.69799311743898
2025-12-16T17:55:00Z,154.686,154.738,154.68,154.681,1347.0,154.672,154.69,154.6957273684471
2025-12-16T18:00:00Z,154.682,154.736,154.68,154.735,1353.0,154.728,154.742,154.70096371932084
2025-12-16T18:05:00Z,154.736,154.738,154.674,154.714,883.0,154.708,154.721,154.70270189007806
2025-12-16T18:10:00Z,154.714,154.74,154.708,154.726,583.0,154.718,154.734,154.70580830473432
2025-12-16T18:15:00Z,154.726,154.748,154.718,154.748,775.0,154.741,154.755,154.71143386410307
2025-12-16T18:20:00Z,154.748,154.754,154.71,154.752,433.0,154.746,154.759,154.71684268222268
2025-12-16T18:25:00Z,154.753,154.774,154.74,154.772,835.0,154.765,154.779,154.72419699125965
2025-12-16T18:30:00Z,154.772,154.797,154.74,154.792,685.0,154.783,154.8,154.73323739242502
2025-12-16T18:35:00Z,154.792,154.806,154.744,154.756,737.0,154.748,154.765,154.73627240676836
2025-12-16T18:40:00Z,154.755,154.756,154.731,154.748,492.0,154.739,154.757,154.73783608586592
2025-12-16T18:45:00Z,154.749,154.759,154.72,154.722,664.0,154.714,154.731,154.73572460775048
2025-12-16T18:50:00Z,154.723,154.736,154.715,154.715,666.0,154.707,154.723,154.7329613267171
2025-12-16T18:55:00Z,154.716,154.754,154.71,154.748,654.0,154.739,154.758,154.7349664831548
2025-12-16T19:00:00Z,154.75,154.782,154.746,154.772,657.0,154.764,154.78,154.73990428540083
2025-12-16T19:05:00Z,154.77,154.794,154.764,154.774,601.0,154.766,154.783,154.74445038068072
2025-12-16T19:10:00Z,154.775,154.784,154.742,154.747,855.0,154.739,154.755,154.7447903299233
2025-12-16T19:15:00Z,154.748,154.748,154.697,154.702,722.0,154.694,154.711,154.7390849526002
2025-12-16T19:20:00Z,154.702,154.709,154.668,154.678,1021.0,154.67,154.685,154.7309402922535
2025-12-16T19:25:00Z,154.678,154.926,154.678,154.772,2966.0,154.763,154.781,154.73641491995303
2025-12-16T19:30:00Z,154.772,154.772,154.682,154.7,1067.0,154.691,154.708,154.73155959729263
2025-12-16T19:35:00Z,154.7,154.709,154.666,154.688,793.0,154.681,154.696,154.72575165098695
2025-12-16T19:40:00Z,154.689,154.7,154.652,154.664,1039.0,154.657,154.672,154.71751809752203
2025-12-16T19:45:00Z,154.663,154.664,154.622,154.64,495.0,154.63,154.649,154.70718235118576
2025-12-16T19:50:00Z,154.639,154.651,154.606,154.623,687.0,154.615,154.631,154.69595803769434
2025-12-16T19:55:00Z,154.624,154.674,154.624,154.67,928.0,154.661,154.678,154.69249696600176
2025-12-16T20:00:00Z,154.669,154.678,154.618,154.628,756.0,154.62,154.637,154.68389737053485
2025-12-16T20:05:00Z,154.628,154.642,154.57,154.586,582.0,154.577,154.594,154.67084438779688
2025-12-16T20:10:00Z,154.586,154.64,154.579,154.622,531.0,154.613,154.631,154.6643318027573
2025-12-16T20:15:00Z,154.621,154.674,154.616,154.662,749.0,154.655,154.669,154.66402089572298
2025-12-16T20:20:00Z,154.661,154.673,154.648,154.654,601.0,154.646,154.662,154.66268477629325
2025-12-16T20:25:00Z,154.654,154.678,154.65,154.66,611.0,154.652,154.668,154.66232680612083
2025-12-16T20:30:00Z,154.658,154.71,154.658,154.692,731.0,154.685,154.698,154.6662832319714
2025-12-16T20:35:00Z,154.693,154.702,154.653,154.666,623.0,154.658,154.673,154.66624546770853
2025-12-16T20:40:00Z,154.664,154.708,154.662,154.7,562.0,154.692,154.709,154.67074607201405
2025-12-16T20:45:00Z,154.701,154.704,154.675,154.682,613.0,154.674,154.689,154.67224659574552
2025-12-16T20:50:00Z,154.683,154.756,154.677,154.754,721.0,154.745,154.762,154.68314704964612
2025-12-16T20:55:00Z,154.749,154.804,154.722,154.804,966.0,154.796,154.811,154.69926077635998
2025-12-16T21:00:00Z,154.803,154.838,154.773,154.784,627.0,154.777,154.792,154.71055933951197
2025-12-16T21:05:00Z,154.781,154.782,154.729,154.732,236.0,154.724,154.74,154.7134180942437
2025-12-16T21:10:00Z,154.731,154.756,154.731,154.756,185.0,154.747,154.765,154.71909568167789
2025-12-16T21:15:00Z,154.756,154.758,154.744,154.746,106.0,154.736,154.755,154.72268292412085
2025-12-16T21:20:00Z,154.745,154.755,154.732,154.736,233.0,154.728,154.744,154.72445853423807
2025-12-16T21:25:00Z,154.736,154.76,154.736,154.748,302.0,154.74,154.757,154.72759739633966
2025-12-16T21:30:00Z,154.748,154.748,154.706,154.716,457.0,154.708,154.723,154.7260510768277
2025-12-16T21:35:00Z,154.715,154.736,154.711,154.734,242.0,154.726,154.743,154.72711093325069
2025-12-16T21:40:00Z,154.734,154.769,154.734,154.758,252.0,154.749,154.767,154.73122947548393
2025-12-16T21:45:00Z,154.758,154.76,154.742,154.744,388.0,154.734,154.755,154.73293221208607
2025-12-16T21:50:00Z,154.743,154.744,154.726,154.733,815.0,154.725,154.741,154.7329412504746
2025-12-16T21:55:00Z,154.732,154.74,154.716,154.721,642.0,154.707,154.735,154.73134908374465
2025-12-16T22:00:00Z,154.711,154.711,154.711,154.711,1.0,154.698,154.724,154.7286358725787
2025-12-16T22:05:00Z,154.71,154.712,154.708,154.71,14.0,154.697,154.724,154.72615108956822
2025-12-16T22:10:00Z,154.712,154.732,154.712,154.731,45.0,154.716,154.746,154.72679761095912
2025-12-16T22:15:00Z,154.733,154.75,154.73,154.736,101.0,154.714,154.757,154.72802459616457
2025-12-16T22:20:00Z,154.746,154.805,154.736,154.783,359.0,154.759,154.807,154.7353546500093
2025-12-16T22:25:00Z,154.782,154.782,154.776,154.782,42.0,154.758,154.805,154.74157403000805
2025-12-16T22:30:00Z,154.78,154.785,154.734,154.746,190.0,154.728,154.763,154.74216415934032
2025-12-16T22:35:00Z,154.745,154.746,154.734,154.734,132.0,154.718,154.751,154.74107560476162
2025-12-16T22:40:00Z,154.734,154.742,154.729,154.742,150.0,154.722,154.761,154.74119885746006
2025-12-16T22:45:00Z,154.742,154.771,154.74,154.77,533.0,154.752,154.787,154.74503900979872
2025-12-16T22:50:00Z,154.772,154.78,154.753,154.761,503.0,154.742,154.78,154.74716714182557
2025-12-16T22:55:00Z,154.76,154.776,154.724,154.74,420.0,154.714,154.765,154.7462115229155
2025-12-16T23:00:00Z,154.744,154.766,154.71,154.751,239.0,154.742,154.76,154.74684998652677
2025-12-16T23:05:00Z,154.75,154.752,154.736,154.736,66.0,154.727,154.746,154.74540332165654
2025-12-16T23:10:00Z,154.737,154.761,154.737,154.758,134.0,154.748,154.769,154.747082878769
2025-12-16T23:15:00Z,154.759,154.763,154.734,154.744,152.0,154.735,154.752,154.74667182826647
2025-12-16T23:20:00Z,154.743,154.764,154.731,154.763,119.0,154.753,154.773,154.74884891783094
2025-12-16T23:25:00Z,154.762,154.78,154.758,154.77,130.0,154.762,154.777,154.75166906212016
2025-12-16T23:30:00Z,154.769,154.772,154.746,154.747,314.0,154.738,154.756,154.75104652050413
2025-12-16T23:35:00Z,154.748,154.772,154.734,154.754,188.0,154.745,154.764,154.75144031777026
2025-12-16T23:40:00Z,154.756,154.78,154.754,154.773,196.0,154.764,154.782,154.75431494206757
2025-12-16T23:45:00Z,154.776,154.814,154.77,154.78,258.0,154.772,154.789,154.75773961645857
2025-12-16T23:50:00Z,154.78,154.786,154.749,154.782,189.0,154.775,154.789,154.7609743342641
2025-12-16T23:55:00Z,154.784,154.796,154.774,154.774,153.0,154.765,154.782,154.76271108969556
2025-12-17T00:00:00Z,154.772,154.797,154.712,154.767,1278.0,154.758,154.776,154.76328294440282
2025-12-17T00:05:00Z,154.766,154.837,154.753,154.828,1064.0,154.818,154.838,154.7719118851491
2025-12-17T00:10:00Z,154.826,154.866,154.818,154.842,844.0,154.834,154.85,154.78125696712922
2025-12-17T00:15:00Z,154.842,154.868,154.838,154.846,863.0,154.838,154.854,154.789889371512
2025-12-17T00:20:00Z,154.847,154.874,154.812,154.817,636.0,154.808,154.826,154.79350412197707
2025-12-17T00:25:00Z,154.818,154.852,154.805,154.808,445.0,154.799,154.816,154.79543690571347
2025-12-17T00:30:00Z,154.808,154.812,154.744,154.756,1132.0,154.749,154.762,154.79017865161836
2025-12-17T00:35:00Z,154.755,154.79,154.754,154.788,844.0,154.78,154.797,154.7898881647359
2025-12-17T00:40:00Z,154.79,154.792,154.649,154.661,1120.0,154.653,154.669,154.77270307610445
2025-12-17T00:45:00Z,154.666,154.693,154.609,154.672,1198.0,154.665,154.679,154.75927599929054
2025-12-17T00:50:00Z,154.672,154.705,154.635,154.662,1595.0,154.653,154.67,154.7463058660518
2025-12-17T00:55:00Z,154.66,154.662,154.567,154.584,1924.0,154.576,154.592,154.7246650839116
2025-12-17T01:00:00Z,154.584,154.638,154.568,154.628,1604.0,154.619,154.637,154.7117764060567
2025-12-17T01:05:00Z,154.627,154.662,154.595,154.638,995.0,154.629,154.647,154.7019395519158
2025-12-17T01:10:00Z,154.638,154.652,154.53,154.6,1108.0,154.593,154.608,154.6883476116604
2025-12-17T01:15:00Z,154.602,154.602,154.517,154.537,1034.0,154.528,154.546,154.66816793010568
2025-12-17T01:20:00Z,154.536,154.554,154.513,154.533,955.0,154.525,154.541,154.65014553942493
2025-12-17T01:25:00Z,154.534,154.604,154.532,154.572,1031.0,154.566,154.578,154.63972613416828
2025-12-17T01:30:00Z,154.572,154.671,154.57,154.65,1001.0,154.642,154.658,154.64109598294584
2025-12-17T01:35:00Z,154.65,154.664,154.62,154.631,814.0,154.622,154.64,154.6397498518864
2025-12-17T01:40:00Z,154.63,154.675,154.624,154.64,995.0,154.631,154.65,154.6397832049682
2025-12-17T01:45:00Z,154.639,154.684,154.638,154.662,1075.0,154.654,154.67,154.64274544430577
2025-12-17T01:50:00Z,154.663,154.664,154.635,154.655,780.0,154.647,154.663,154.644379385065
2025-12-17T01:55:00Z,154.654,154.708,154.654,154.677,849.0,154.668,154.686,154.64872880038968
2025-12-17T02:00:00Z,154.676,154.807,154.676,154.798,1197.0,154.79,154.806,154.6686316270044
2025-12-17T02:05:00Z,154.801,154.834,154.79,154.795,1234.0,154.787,154.803,154.68548074340382
2025-12-17T02:10:00Z,154.794,154.868,154.793,154.837,1299.0,154.829,154.845,154.70568331094998
2025-12-17T02:15:00Z,154.838,154.888,154.81,154.858,1027.0,154.851,154.865,154.72599220282333
2025-12-17T02:20:00Z,154.858,154.909,154.843,154.886,979.0,154.878,154.895,154.74732657578022
2025-12-17T02:25:00Z,154.886,154.908,154.87,154.907,745.0,154.899,154.915,154.7686163656762
2025-12-17T02:30:00Z,154.908,154.934,154.886,154.907,879.0,154.901,154.913,154.78706751691936
2025-12-17T02:35:00Z,154.907,154.95,154.89,154.932,953.0,154.925,154.939,154.8063918479968
2025-12-17T02:40:00Z,154.931,154.948,154.92,154.942,857.0,154.935,154.949,154.82447293493055
2025-12-17T02:45:00Z,154.942,154.98,154.932,154.979,833.0,154.972,154.986,154.8450765436065
2025-12-17T02:50:00Z,154.978,154.996,154.976,154.994,684.0,154.985,155.002,154.86493300445898
2025-12-17T02:55:00Z,154.995,155.028,154.976,155.012,866.0,155.003,155.021,154.88454193719778
2025-12-17T03:00:00Z,155.011,155.03,154.968,155.004,719.0,154.996,155.013,154.90046967890476
2025-12-17T03:05:00Z,155.005,155.026,154.952,154.968,616.0,154.958,154.977,154.90947372171746
2025-12-17T03:10:00Z,154.967,154.968,154.934,154.945,508.0,154.938,154.952,154.9142105588218
2025-12-17T03:15:00Z,154.946,154.966,154.902,154.91,571.0,154.901,154.918,154.9136491509789
2025-12-17T03:20:00Z,154.911,154.948,154.909,154.942,389.0,154.933,154.951,154.91742926418172
2025-12-17T03:25:00Z,154.944,154.956,154.927,154.927,330.0,154.918,154.936,154.91870536229084
2025-12-17T03:30:00Z,154.928,154.928,154.888,154.91,543.0,154.901,154.919,154.91754464731872
2025-12-17T03:35:00Z,154.91,154.912,154.892,154.898,350.0,154.891,154.906,154.9149386943429
2025-12-17T03:40:00Z,154.899,154.904,154.874,154.886,399.0,154.878,154.895,154.91108020176387
2025-12-17T03:45:00Z,154.886,154.914,154.882,154.914,370.0,154.905,154.923,154.91146950819535
2025-12-17T03:50:00Z,154.914,154.918,154.898,154.898,399.0,154.889,154.907,154.9096735737693
2025-12-17T03:55:00Z,154.898,154.898,154.865,154.889,400.0,154.881,154.897,154.90691709726673
2025-12-17T04:00:00Z,154.89,154.962,154.876,154.948,705.0,154.94,154.957,154.91239481763117
2025-12-17T04:05:00Z,154.948,154.962,154.944,154.944,383.0,154.937,154.952,154.916608841947
2025-12-17T04:10:00Z,154.945,154.99,154.945,154.97,457.0,154.964,154.977,154.92372766302074
2025-12-17T04:15:00Z,154.971,155.01,154.969,154.998,426.0,154.989,155.006,154.93363064128465
2025-12-17T04:20:00Z,154.996,155.006,154.974,154.994,419.0,154.986,155.001,154.94167988911337
2025-12-17T04:25:00Z,154.994,155.069,154.991,155.056,824.0,155.048,155.063,154.95692257056493
2025-12-17T04:30:00Z,155.055,155.121,155.054,155.108,887.0,155.099,155.117,154.97706622782295
2025-12-17T04:35:00Z,155.106,155.117,155.054,155.079,804.0,155.069,155.089,154.99065739744657
2025-12-17T04:40:00Z,155.078,155.13,155.076,155.127,851.0,155.12,155.134,155.00883641112037
2025-12-17T04:45:00Z,155.128,155.13,155.084,155.115,531.0,155.107,155.123,155.02299155630433
2025-12-17T04:50:00Z,155.116,155.152,155.112,155.148,597.0,155.141,155.154,155.0396593487971
2025-12-17T04:55:00Z,155.148,155.148,155.124,155.136,709.0,155.128,155.143,155.0525047689575
2025-12-17T05:00:00Z,155.136,155.141,155.084,155.11,699.0,155.103,155.117,155.06017079976317
2025-12-17T05:05:00Z,155.11,155.122,155.073,155.078,665.0,155.071,155.085,155.06254802646143
2025-12-17T05:10:00Z,155.078,155.099,155.071,155.081,646.0,155.074,155.088,155.06500828959992
2025-12-17T05:15:00Z,155.08,155.112,155.074,155.104,753.0,155.095,155.114,155.07020718431994
2025-12-17T05:20:00Z,155.105,155.121,155.092,155.1,674.0,155.092,155.107,155.07417955974395
2025-12-17T05:25:00Z,155.094,155.1,155.081,155.094,756.0,155.086,155.101,155.07682228511143
2025-12-17T05:30:00Z,155.093,155.126,155.09,155.114,748.0,155.105,155.123,155.08177931376323
2025-12-17T05:35:00Z,155.114,155.136,155.09,155.092,875.0,155.083,155.1,155.08314207192814
2025-12-17T05:40:00Z,155.091,155.11,155.08,155.088,719.0,155.08,155.097,155.08378979567107
2025-12-17T05:45:00Z,155.088,155.175,155.08,155.161,695.0,155.153,155.169,155.0940844895816
2025-12-17T05:50:00Z,155.16,155.166,155.084,155.104,690.0,155.095,155.113,155.0954065576374
2025-12-17T05:55:00Z,155.106,155.166,155.106,155.152,668.0,155.144,155.159,155.10295234995243
2025-12-17T06:00:00Z,155.152,155.164,155.136,155.148,793.0,155.14,155.156,155.1089587032921
2025-12-17T06:05:00Z,155.148,155.207,155.128,155.198,696.0,155.19,155.207,155.1208308761865
2025-12-17T06:10:00Z,155.198,155.28,155.189,155.278,983.0,155.271,155.286,155.14178675936162
2025-12-17T06:15:00Z,155.28,155.296,155.218,155.246,732.0,155.236,155.255,155.1556818581134
2025-12-17T06:20:00Z,155.245,155.316,155.236,155.308,1036.0,155.301,155.314,155.17599094369828
2025-12-17T06:25:00Z,155.308,155.342,155.3,155.332,799.0,155.323,155.34,155.1967921512052
2025-12-17T06:30:00Z,155.331,155.354,155.323,155.332,755.0,155.323,155.341,155.21481986437783
2025-12-17T06:35:00Z,155.332,155.396,155.32,155.388,766.0,155.381,155.395,155.23791054912746
2025-12-17T06:40:00Z,155.388,155.398,155.361,155.372,720.0,155.366,155.379,155.25578914257713
2025-12-17T06:45:00Z,155.374,155.376,155.34,155.364,519.0,155.355,155.374,155.2702172569002
2025-12-17T06:50:00Z,155.364,155.424,155.341,155.424,886.0,155.415,155.433,155.29072162264686
2025-12-17T06:55:00Z,155.426,155.447,155.37,155.37,1200.0,155.363,155.378,155.30129207296062
2025-12-17T07:00:00Z,155.369,155.428,155.358,155.41,1310.0,155.402,155.419,155.31578646323254
2025-12-17T07:05:00Z,155.407,155.466,155.406,155.454,1072.0,155.447,155.46,155.33421493480154
2025-12-17T07:10:00Z,155.454,155.467,155.416,155.422,1099.0,155.415,155.429,155.34591961016133
2025-12-17T07:15:00Z,155.422,155.49,155.412,155.486,1169.0,155.478,155.494,155.36459699547316
2025-12-17T07:20:00Z,155.486,155.508,155.456,155.484,1180.0,155.476,155.492,155.38051739607675
2025-12-17T07:25:00Z,155.484,155.495,155.424,155.495,882.0,155.486,155.504,155.39578174326653
2025-12-17T07:30:00Z,155.494,155.508,155.436,155.436,1132.0,155.427,155.444,155.40114417749766
2025-12-17T07:35:00Z,155.437,155.438,155.374,155.388,1056.0,155.38,155.397,155.39939162049797
2025-12-17T07:40:00Z,155.388,155.508,155.388,155.5,1094.0,155.491,155.509,155.41280607109823
2025-12-17T07:45:00Z,155.502,155.528,155.478,155.524,1011.0,155.517,155.532,155.42763192828514
2025-12-17T07:50:00Z,155.524,155.57,155.518,155.522,830.0,155.514,155.531,155.44021433784712
2025-12-17T07:55:00Z,155.524,155.558,155.492,155.502,1303.0,155.495,155.51,155.44845242613417
2025-12-17T08:00:00Z,155.504,155.554,155.452,155.554,1618.0,155.546,155.562,155.46252543598294
2025-12-17T08:05:00Z,155.554,155.591,155.542,155.588,1022.0,155.581,155.596,155.4792553778519
2025-12-17T08:10:00Z,155.588,155.599,155.527,155.564,920.0,155.556,155.571,155.49055466080497
2025-12-17T08:15:00Z,155.564,155.588,155.544,155.564,899.0,155.556,155.571,155.50034737269766
2025-12-17T08:20:00Z,155.562,155.57,155.506,155.516,815.0,155.507,155.525,155.50243438967132
2025-12-17T08:25:00Z,155.516,155.542,155.482,155.492,623.0,155.483,155.5,155.50104313771516
2025-12-17T08:30:00Z,155.491,155.53,155.429,155.44,859.0,155.431,155.45,155.49290405268647
2025-12-17T08:35:00Z,155.44,155.502,155.431,155.496,969.0,155.489,155.504,155.4933168456616
2025-12-17T08:40:00Z,155.497,155.516,155.442,155.473,823.0,155.465,155.481,155.49060793290673
2025-12-17T08:45:00Z,155.474,155.474,155.441,155.471,592.0,155.462,155.48,155.4879935418525
2025-12-17T08:50:00Z,155.472,155.52,155.448,155.462,1029.0,155.453,155.47,155.48452773627216
2025-12-17T08:55:00Z,155.461,155.518,155.446,155.518,453.0,155.509,155.527,155.4889907047692
2025-12-17T09:00:00Z,155.518,155.52,155.459,155.505,1009.0,155.496,155.514,155.49112527746664
2025-12-17T09:05:00Z,155.506,155.525,155.474,155.51,876.0,155.501,155.519,155.49364190713774
2025-12-17T09:10:00Z,155.51,155.558,155.506,155.546,809.0,155.537,155.554,155.50062298618604
2025-12-17T09:15:00Z,155.546,155.56,155.531,155.532,634.0,155.525,155.539,155.50480658802792
2025-12-17T09:20:00Z,155.532,155.55,155.494,155.535,768.0,155.527,155.543,155.50883237629085
2025-12-17T09:25:00Z,155.536,155.546,155.494,155.524,850.0,155.517,155.532,155.51085472611874
2025-12-17T09:30:00Z,155.526,155.551,155.507,155.508,841.0,155.499,155.516,155.51047409596958
2025-12-17T09:35:00Z,155.507,155.521,155.473,155.516,730.0,155.509,155.523,155.51121088317365
2025-12-17T09:40:00Z,155.516,155.526,155.506,155.524,609.0,155.515,155.532,155.5129160987505
2025-12-17T09:45:00Z,155.524,155.544,155.5,155.51,495.0,155.502,155.519,155.5125272855838
2025-12-17T09:50:00Z,155.51,155.511,155.48,155.494,715.0,155.486,155.501,155.5100569808393
2025-12-17T09:55:00Z,155.492,155.536,155.492,155.532,631.0,155.524,155.54,155.5129827167274
2025-12-17T10:00:00Z,155.532,155.551,155.511,155.518,427.0,155.51,155.527,155.51365168783042
2025-12-17T10:05:00Z,155.519,155.524,155.502,155.51,688.0,155.501,155.518,155.5131647961197
2025-12-17T10:10:00Z,155.51,155.526,155.504,155.524,524.0,155.516,155.533,155.5146094899704
2025-12-17T10:15:00Z,155.524,155.546,155.502,155.524,597.0,155.515,155.533,155.51586155797438
2025-12-17T10:20:00Z,155.524,155.524,155.503,155.513,603.0,155.505,155.521,155.51548001691114
2025-12-17T10:25:00Z,155.512,155.52,155.5,155.502,411.0,155.494,155.509,155.513682681323
2025-12-17T10:30:00Z,155.501,155.526,155.5,155.514,457.0,155.506,155.522,155.51372499047994
2025-12-17T10:35:00Z,155.514,155.515,155.485,155.49,394.0,155.481,155.498,155.51056165841595
2025-12-17T10:40:00Z,155.489,155.505,155.476,155.502,655.0,155.494,155.509,155.5094201039605
2025-12-17T10:45:00Z,155.496,155.509,155.445,155.447,865.0,155.438,155.456,155.50109742343244
2025-12-17T10:50:00Z,155.447,155.473,155.442,155.465,669.0,155.456,155.474,155.49628443364145
2025-12-17T10:55:00Z,155.463,155.478,155.458,155.464,456.0,155.457,155.472,155.49197984248926
2025-12-17T11:00:00Z,155.466,155.492,155.456,155.487,433.0,155.479,155.495,155.49131586349068
2025-12-17T11:05:00Z,155.488,155.528,155.486,155.5,713.0,155.492,155.508,155.4924737483586
2025-12-17T11:10:00Z,155.498,155.504,155.488,155.488,288.0,155.479,155.497,155.49187724857745
2025-12-17T11:15:00Z,155.489,155.528,155.484,155.523,538.0,155.514,155.532,155.49602694876714
2025-12-17T11:20:00Z,155.524,155.53,155.502,155.526,498.0,155.518,155.535,155.5000233555982
2025-12-17T11:25:00Z,155.527,155.536,155.511,155.512,806.0,155.505,155.519,155.50162024151842
2025-12-17T11:30:00Z,155.511,155.536,155.51,155.528,791.0,155.52,155.537,155.5051375426493
2025-12-17T11:35:00Z,155.528,155.562,155.528,155.558,615.0,155.551,155.566,155.51218587029607
2025-12-17T11:40:00Z,155.559,155.599,155.559,155.578,588.0,155.569,155.586,155.52096108758994
2025-12-17T11:45:00Z,155.577,155.586,155.544,155.548,788.0,155.541,155.555,155.5245662759113
2025-12-17T11:50:00Z,155.548,155.55,155.531,155.536,591.0,155.529,155.544,155.52609077245646
2025-12-17T11:55:00Z,155.537,155.55,155.53,155.545,532.0,155.538,155.552,155.5286120027956
2025-12-17T12:00:00Z,155.545,155.552,155.523,155.549,690.0,155.542,155.556,155.53133040242287
2025-12-17T12:05:00Z,155.55,155.576,155.548,155.558,642.0,155.55,155.566,155.5348863487665
2025-12-17T12:10:00Z,155.558,155.57,155.534,155.546,604.0,155.537,155.556,155.53636816893095
2025-12-17T12:15:00Z,155.546,155.548,155.53,155.546,454.0,155.537,155.554,155.5376524130735
2025-12-17T12:20:00Z,155.546,155.546,155.504,155.526,763.0,155.518,155.535,155.53609875799702
2025-12-17T12:25:00Z,155.527,155.534,155.502,155.504,842.0,155.496,155.513,155.53181892359743
2025-12-17T12:30:00Z,155.503,155.506,155.476,155.492,650.0,155.483,155.501,155.52650973378445
2025-12-17T12:35:00Z,155.491,155.494,155.454,155.47,762.0,155.463,155.478,155.51897510261318
2025-12-17T12:40:00Z,155.471,155.508,155.469,155.506,628.0,155.499,155.514,155.51724508893142
2025-12-17T12:45:00Z,155.506,155.547,155.506,155.51,627.0,155.502,155.518,155.5162790770739
2025-12-17T12:50:00Z,155.509,155.516,155.482,155.494,1028.0,155.487,155.501,155.51330853346406
2025-12-17T12:55:00Z,155.494,155.499,155.477,155.489,1000.0,155.481,155.497,155.51006739566884
2025-12-17T13:00:00Z,155.488,155.578,155.48,155.549,1380.0,155.54,155.558,155.51525840957967
2025-12-17T13:05:00Z,155.55,155.588,155.54,155.58,951.0,155.572,155.588,155.52389062163573
2025-12-17T13:10:00Z,155.58,155.64,155.578,155.602,1063.0,155.594,155.61,155.53430520541764
2025-12-17T13:15:00Z,155.602,155.602,155.421,155.452,2447.0,155.443,155.461,155.52333117802863
2025-12-17T13:20:00Z,155.448,155.498,155.385,155.498,2221.0,155.49,155.505,155.51995368762482
2025-12-17T13:25:00Z,155.498,155.563,155.492,155.538,1098.0,155.529,155.546,155.5223598626082
2025-12-17T13:30:00Z,155.537,155.57,155.5,155.548,1088.0,155.54,155.556,155.52577854759377
2025-12-17T13:35:00Z,155.548,155.565,155.523,155.536,1212.0,155.527,155.544,155.5271414079146
2025-12-17T13:40:00Z,155.537,155.547,155.446,155.478,1051.0,155.469,155.487,155.52058922019265
2025-12-17T13:45:00Z,155.479,155.48,155.408,155.415,1220.0,155.408,155.422,155.50651065750029
2025-12-17T13:50:00Z,155.416,155.464,155.412,155.455,890.0,155.447,155.463,155.49964256983358
2025-12-17T13:55:00Z,155.456,155.468,155.402,155.438,932.0,155.429,155.446,155.49142356052243
2025-12-17T14:00:00Z,155.437,155.438,155.35,155.378,1227.0,155.369,155.387,155.47630041911944
2025-12-17T14:05:00Z,155.378,155.442,155.366,155.44,820.0,155.432,155.449,155.47146036323684
2025-12-17T14:10:00Z,155.439,155.498,155.438,155.476,645.0,155.468,155.485,155.4720656481386
2025-12-17T14:15:00Z,155.477,155.572,155.464,155.562,1142.0,155.553,155.57,155.48405689505347
2025-12-17T14:20:00Z,155.562,155.594,155.532,155.593,987.0,155.584,155.602,155.4985826423797
2025-12-17T14:25:00Z,155.593,155.63,155.568,155.61,880.0,155.603,155.617,155.5134382900624
2025-12-17T14:30:00Z,155.61,155.634,155.557,155.559,1339.0,155.551,155.567,155.51951318472075
2025-12-17T14:35:00Z,155.56,155.596,155.546,155.576,1245.0,155.568,155.584,155.52704476009131
2025-12-17T14:40:00Z,155.578,155.578,155.508,155.57,1252.0,155.561,155.578,155.53277212541246
2025-12-17T14:45:00Z,155.57,155.585,155.5,155.544,1571.0,155.536,155.552,155.53426917535748
2025-12-17T14:50:00Z,155.544,155.546,155.446,155.451,1348.0,155.442,155.46,155.52316661864316
2025-12-17T14:55:00Z,155.45,155.496,155.442,155.488,1345.0,155.48,155.496,155.51847773615742
2025-12-17T15:00:00Z,155.488,155.526,155.465,155.508,975.0,155.5,155.516,155.51708070466978
2025-12-17T15:05:00Z,155.509,155.536,155.458,155.525,1226.0,155.517,155.533,155.5181366107138
2025-12-17T15:10:00Z,155.526,155.528,155.475,155.476,1532.0,155.469,155.484,155.512518395952
2025-12-17T15:15:00Z,155.476,155.488,155.433,155.474,1600.0,155.465,155.483,155.50738260982507
2025-12-17T15:20:00Z,155.474,155.546,155.462,155.526,1197.0,155.518,155.533,155.50986492851507
2025-12-17T15:25:00Z,155.525,155.533,155.473,155.474,1015.0,155.466,155.483,155.5050829380464
2025-12-17T15:30:00Z,155.476,155.479,155.39,155.412,1160.0,155.403,155.421,155.49267187964023
2025-12-17T15:35:00Z,155.412,155.442,155.359,155.364,1297.0,155.357,155.37,155.47551562902154
2025-12-17T15:40:00Z,155.363,155.418,155.358,155.414,1349.0,155.405,155.423,155.467313545152
2025-12-17T15:45:00Z,155.413,155.49,155.394,155.465,1705.0,155.457,155.473,155.46700507246507
2025-12-17T15:50:00Z,155.466,155.466,155.353,155.448,1826.0,155.441,155.456,155.46447106280306
2025-12-17T15:55:00Z,155.45,155.509,155.4,155.404,2180.0,155.398,155.41,155.4564082544293
2025-12-17T16:00:00Z,155.403,155.495,155.398,155.462,1919.0,155.453,155.47,155.4571538205054
2025-12-17T16:05:00Z,155.461,155.518,155.459,155.5,1103.0,155.492,155.508,155.462866644438
2025-12-17T16:10:00Z,155.5,155.515,155.436,155.436,1492.0,155.429,155.444,155.45928442517962
2025-12-17T16:15:00Z,155.436,155.45,155.385,155.412,1233.0,155.403,155.421,155.45297983515567
2025-12-17T16:20:00Z,155.412,155.504,155.392,155.501,1241.0,155.493,155.509,155.4593825238016
2025-12-17T16:25:00Z,155.502,155.563,155.49,155.544,1263.0,155.536,155.553,155.47066485396138
2025-12-17T16:30:00Z,155.544,155.56,155.47,155.484,1261.0,155.475,155.492,155.4724428734332
2025-12-17T16:35:00Z,155.484,155.519,155.484,155.518,1037.0,155.509,155.527,155.47851715697544
2025-12-17T16:40:00Z,155.517,155.548,155.491,155.534,1162.0,155.526,155.543,155.48591486937872
2025-12-17T16:45:00Z,155.535,155.572,155.52,155.57,959.0,155.564,155.576,155.49712622012822
2025-12-17T16:50:00Z,155.57,155.593,155.538,155.592,1156.0,155.585,155.599,155.50977605744447
2025-12-17T16:55:00Z,155.593,155.601,155.564,155.598,655.0,155.59,155.607,155.5215392497852
2025-12-17T17:00:00Z,155.599,155.6,155.571,155.58,854.0,155.573,155.587,155.5293340164805
2025-12-17T17:05:00Z,155.58,155.592,155.56,155.56,624.0,155.552,155.569,155.5334228142831
2025-12-17T17:10:00Z,155.56,155.585,155.536,155.582,567.0,155.573,155.59,155.5398997723787
2025-12-17T17:15:00Z,155.582,155.582,155.553,155.562,435.0,155.553,155.571,155.54284646939487
2025-12-17T17:20:00Z,155.562,155.58,155.549,155.575,582.0,155.566,155.584,155.5471336068089
2025-12-17T17:25:00Z,155.574,155.578,155.548,155.574,731.0,155.567,155.581,155.55071579256773
2025-12-17T17:30:00Z,155.574,155.585,155.558,155.566,385.0,155.558,155.575,155.55275368689203
2025-12-17T17:35:00Z,155.564,155.6,155.56,155.6,601.0,155.591,155.61,155.55905319530643
2025-12-17T17:40:00Z,155.6,155.611,155.585,155.587,412.0,155.578,155.596,155.56277943593224
2025-12-17T17:45:00Z,155.586,155.599,155.536,155.536,735.0,155.528,155.544,155.55920884447463
2025-12-17T17:50:00Z,155.533,155.578,155.53,155.569,454.0,155.56,155.578,155.560514331878
2025-12-17T17:55:00Z,155.568,155.572,155.532,155.534,474.0,155.526,155.541,155.5569790876276
2025-12-17T18:00:00Z,155.535,155.538,155.496,155.499,558.0,155.49,155.508,155.5492485426106
2025-12-17T18:05:00Z,155.498,155.537,155.498,155.524,557.0,155.515,155.533,155.54588207026254
2025-12-17T18:10:00Z,155.522,155.542,155.512,155.54,515.0,155.532,155.547,155.54509779422753
2025-12-17T18:15:00Z,155.539,155.573,155.539,155.573,417.0,155.564,155.582,155.54881808833053
2025-12-17T18:20:00Z,155.574,155.611,155.574,155.61,382.0,155.602,155.618,155.55697567655312
2025-12-17T18:25:00Z,155.61,155.632,155.603,155.624,348.0,155.614,155.633,155.5659122530127
2025-12-17T18:30:00Z,155.623,155.662,155.622,155.63,525.0,155.622,155.638,155.57445728594433
2025-12-17T18:35:00Z,155.63,155.63,155.596,155.596,482.0,155.588,155.604,155.57732964781843
2025-12-17T18:40:00Z,155.596,155.633,155.566,155.632,646.0,155.624,155.64,155.5846190281093
2025-12-17T18:45:00Z,155.629,155.635,155.591,155.634,766.0,155.626,155.642,155.59120315769474
2025-12-17T18:50:00Z,155.635,155.668,155.634,155.668,903.0,155.66,155.676,155.6014427366688
2025-12-17T18:55:00Z,155.668,155.676,155.64,155.644,529.0,155.635,155.652,155.6071170384463
2025-12-17T19:00:00Z,155.642,155.646,155.602,155.608,660.0,155.601,155.615,155.60723476665345
2025-12-17T19:05:00Z,155.608,155.626,155.594,155.622,436.0,155.613,155.63,155.609203464433
2025-12-17T19:10:00Z,155.621,155.642,155.616,155.634,554.0,155.627,155.642,155.61250966917527
2025-12-17T19:15:00Z,155.635,155.64,155.618,155.636,393.0,155.628,155.645,155.61564171328524
2025-12-17T19:20:00Z,155.637,155.64,155.612,155.636,546.0,155.627,155.644,155.6183561515139
2025-12-17T19:25:00Z,155.635,155.636,155.611,155.622,406.0,155.614,155.63,155.6188419979787
2025-12-17T19:30:00Z,155.624,155.654,155.619,155.65,472.0,155.642,155.658,155.6229963982482
2025-12-17T19:35:00Z,155.65,155.662,155.648,155.66,375.0,155.653,155.668,155.6279302118151
2025-12-17T19:40:00Z,155.66,155.692,155.654,155.674,559.0,155.667,155.682,155.63407285023976
2025-12-17T19:45:00Z,155.675,155.676,155.656,155.672,424.0,155.663,155.682,155.63912980354112
2025-12-17T19:50:00Z,155.674,155.682,155.631,155.647,450.0,155.638,155.656,155.64017916306898
2025-12-17T19:55:00Z,155.648,155.654,155.63,155.646,701.0,155.639,155.654,155.64095527465977
2025-12-17T20:00:00Z,155.646,155.654,155.622,155.646,616.0,155.637,155.655,155.64162790470513
2025-12-17T20:05:00Z,155.646,155.661,155.641,155.654,469.0,155.645,155.662,155.64327751741112
2025-12-17T20:10:00Z,155.654,155.666,155.648,155.661,505.0,155.653,155.669,155.64564051508964
2025-12-17T20:15:00Z,155.662,155.696,155.659,155.694,379.0,155.685,155.702,155.65208844641103
2025-12-17T20:20:00Z,155.694,155.702,155.684,155.696,419.0,155.689,155.703,155.6579433202229
2025-12-17T20:25:00Z,155.696,155.71,155.696,155.7,304.0,155.692,155.707,155.66355087752652
2025-12-17T20:30:00Z,155.699,155.709,155.694,155.7,300.0,155.691,155.709,155.668410760523
2025-12-17T20:35:00Z,155.701,155.71,155.694,155.705,452.0,155.698,155.712,155.67328932578658
2025-12-17T20:40:00Z,155.706,155.714,155.696,155.698,251.0,155.69,155.706,155.67658408234837
2025-12-17T20:45:00Z,155.698,155.701,155.674,155.686,312.0,155.677,155.694,155.67783953803527
2025-12-17T20:50:00Z,155.685,155.752,155.68,155.724,640.0,155.716,155.733,155.68399426629725
2025-12-17T20:55:00Z,155.724,155.736,155.699,155.703,631.0,155.695,155.711,155.68652836412429
2025-12-17T21:00:00Z,155.706,155.74,155.701,155.704,525.0,155.696,155.712,155.68885791557437
2025-12-17T21:05:00Z,155.705,155.72,155.695,155.719,310.0,155.711,155.727,155.69287686016446
2025-12-17T21:10:00Z,155.72,155.736,155.72,155.734,201.0,155.727,155.74,155.69835994547586
2025-12-17T21:15:00Z,155.734,155.734,155.708,155.721,165.0,155.712,155.73,155.70137861941242
2025-12-17T21:20:00Z,155.72,155.748,155.714,155.746,147.0,155.738,155.755,155.70732813682412
2025-12-17T21:25:00Z,155.746,155.746,155.737,155.739,89.0,155.731,155.747,155.71155105191423
2025-12-17T21:30:00Z,155.739,155.741,155.716,155.717,126.0,155.708,155.726,155.71227757832568
2025-12-17T21:35:00Z,155.718,155.718,155.678,155.679,238.0,155.672,155.686,155.70784056788227
2025-12-17T21:40:00Z,155.678,155.684,155.673,155.675,173.0,155.668,155.682,155.70346182549798
2025-12-17T21:45:00Z,155.674,155.712,155.668,155.712,342.0,155.703,155.722,155.70460024876493
2025-12-17T21:50:00Z,155.712,155.712,155.687,155.691,320.0,155.685,155.697,155.70278688226296
2025-12-17T21:55:00Z,155.695,155.714,155.69,155.693,415.0,155.683,155.703,155.7014819646279
2025-12-17T22:00:00Z,155.648,155.648,155.648,155.648,1.0,155.609,155.687,155.69435103601086
2025-12-17T22:05:00Z,155.65,155.661,155.644,155.648,40.0,155.615,155.682,155.6881708978761
2025-12-17T22:10:00Z,155.648,155.658,155.646,155.653,35.0,155.628,155.678,155.68348144482596
2025-12-17T22:15:00Z,155.65,155.654,155.634,155.637,934.0,155.616,155.658,155.67728391884916
2025-12-17T22:20:00Z,155.636,155.637,155.609,155.621,284.0,155.599,155.643,155.66977939633594
2025-12-17T22:25:00Z,155.61,155.626,155.606,155.626,140.0,155.605,155.648,155.66394214349114
2025-12-17T22:30:00Z,155.626,155.632,155.625,155.629,33.0,155.608,155.65,155.65928319102565
2025-12-17T22:35:00Z,155.63,155.642,155.629,155.637,80.0,155.617,155.657,155.6563120988889
2025-12-17T22:40:00Z,155.636,155.636,155.62,155.632,108.0,155.612,155.652,155.65307048570372
2025-12-17T22:45:00Z,155.634,155.638,155.603,155.608,572.0,155.593,155.624,155.6470610876099
2025-12-17T22:50:00Z,155.61,155.617,155.604,155.612,217.0,155.592,155.633,155.64238627592857
2025-12-17T22:55:00Z,155.609,155.627,155.586,155.618,264.0,155.596,155.639,155.63913477247144
2025-12-17T23:00:00Z,155.612,155.622,155.594,155.618,132.0,155.608,155.628,155.63631680280858
2025-12-17T23:05:00Z,155.624,155.648,155.624,155.637,159.0,155.628,155.646,155.63640789576743
2025-12-17T23:10:00Z,155.638,155.642,155.627,155.642,174.0,155.633,155.652,155.63715350966513
2025-12-17T23:15:00Z,155.64,155.64,155.615,155.615,103.0,155.605,155.625,155.63419970837646
2025-12-17T23:20:00Z,155.614,155.616,155.602,155.614,198.0,155.605,155.624,155.63150641392627
2025-12-17T23:25:00Z,155.615,155.615,155.604,155.606,140.0,155.598,155.613,155.6281055587361
2025-12-17T23:30:00Z,155.606,155.608,155.534,155.54,245.0,155.532,155.548,155.61635815090463
2025-12-17T23:35:00Z,155.54,155.544,155.514,155.535,240.0,155.526,155.544,155.60551039745067
2025-12-17T23:40:00Z,155.534,155.554,155.534,155.54,166.0,155.532,155.548,155.5967756777906
2025-12-17T23:45:00Z,155.54,155.54,155.524,155.529,206.0,155.521,155.537,155.58773892075186
2025-12-17T23:50:00Z,155.53,155.534,155.476,155.48,338.0,155.471,155.49,155.57337373131827
2025-12-17T23:55:00Z,155.481,155.506,155.474,155.489,328.0,155.479,155.499,155.56212390047585
2025-12-18T00:00:00Z,155.488,155.532,155.438,155.448,987.0,155.44,155.455,155.54690738041242
2025-12-18T00:05:00Z,155.449,155.517,155.444,155.504,867.0,155.496,155.511,155.54118639635743
2025-12-18T00:10:00Z,155.503,155.517,155.48,155.506,559.0,155.497,155.514,155.5364948768431
2025-12-18T00:15:00Z,155.507,155.568,155.492,155.546,747.0,155.538,155.555,155.53776222659735
2025-12-18T00:20:00Z,155.546,155.554,155.478,155.502,893.0,155.493,155.51,155.53299392971772
2025-12-18T00:25:00Z,155.503,155.521,155.462,155.463,713.0,155.456,155.47,155.52366140575535
2025-12-18T00:30:00Z,155.464,155.48,155.428,155.436,726.0,155.426,155.445,155.51197321832132
2025-12-18T00:35:00Z,155.432,155.475,155.426,155.468,632.0,155.459,155.477,155.50611012254515
2025-12-18T00:40:00Z,155.468,155.546,155.458,155.53,893.0,155.521,155.538,155.50929543953913
2025-12-18T00:45:00Z,155.528,155.579,155.528,155.576,1060.0,155.567,155.586,155.5181893809339
2025-12-18T00:50:00Z,155.577,155.586,155.514,155.553,1420.0,155.544,155.562,155.5228307968094
2025-12-18T00:55:00Z,155.552,155.556,155.472,155.482,1015.0,155.472,155.491,155.51738669056815
2025-12-18T01:00:00Z,155.482,155.54,155.463,155.515,688.0,155.506,155.524,155.51706846515907
2025-12-18T01:05:00Z,155.51,155.51,155.46,155.484,700.0,155.477,155.492,155.5126593364712
2025-12-18T01:10:00Z,155.485,155.533,155.481,155.52,619.0,155.513,155.528,155.51363809160836
2025-12-18T01:15:00Z,155.52,155.604,155.518,155.602,837.0,155.596,155.609,155.5254196793939
2025-12-18T01:20:00Z,155.602,155.654,155.593,155.608,946.0,155.599,155.618,155.53643038880804
2025-12-18T01:25:00Z,155.608,155.612,155.564,155.589,637.0,155.58,155.598,155.5434396703003
2025-12-18T01:30:00Z,155.588,155.6,155.533,155.6,731.0,155.592,155.608,155.5509810475936
2025-12-18T01:35:00Z,155.6,155.692,155.598,155.69,1375.0,155.68,155.7,155.56951690791448
2025-12-18T01:40:00Z,155.69,155.748,155.684,155.746,994.0,155.738,155.753,155.59304798685923
2025-12-18T01:45:00Z,155.747,155.764,155.711,155.734,752.0,155.727,155.74,155.61184158861133
2025-12-18T01:50:00Z,155.734,155.762,155.712,155.72,733.0,155.711,155.728,155.62626271012982
2025-12-18T01:55:00Z,155.719,155.774,155.712,155.772,661.0,155.763,155.78,155.6456943487792
2025-12-18T02:00:00Z,155.771,155.786,155.723,155.724,815.0,155.715,155.733,155.6561351022753
2025-12-18T02:05:00Z,155.724,155.744,155.663,155.737,862.0,155.729,155.745,155.6669170886386
2025-12-18T02:10:00Z,155.736,155.788,155.712,155.76,1086.0,155.752,155.769,155.6793281434868
2025-12-18T02:15:00Z,155.76,155.784,155.724,155.748,851.0,155.74,155.756,155.6884843910219
2025-12-18T02:20:00Z,155.748,155.748,155.719,155.724,662.0,155.715,155.733,155.6932198055523
2025-12-18T02:25:00Z,155.724,155.738,155.689,155.736,667.0,155.727,155.745,155.69892383147865
2025-12-18T02:30:00Z,155.736,155.754,155.714,155.748,463.0,155.74,155.757,155.70546732061484
2025-12-18T02:35:00Z,155.748,155.787,155.736,155.787,575.0,155.778,155.796,155.71633834453286
2025-12-18T02:40:00Z,155.788,155.808,155.776,155.785,571.0,155.776,155.794,155.72549323192848
2025-12-18T02:45:00Z,155.784,155.808,155.745,155.757,520.0,155.75,155.764,155.72969413433802
2025-12-18T02:50:00Z,155.758,155.774,155.747,155.774,560.0,155.766,155.782,155.73560158309294
2025-12-18T02:55:00Z,155.772,155.786,155.765,155.782,546.0,155.775,155.79,155.74178803868057
2025-12-18T03:00:00Z,155.783,155.796,155.76,155.774,525.0,155.765,155.782,155.7460829668565
2025-12-18T03:05:00Z,155.774,155.776,155.714,155.716,416.0,155.71,155.723,155.742071904609
2025-12-18T03:10:00Z,155.718,155.748,155.709,155.748,509.0,155.739,155.757,155.7428623173278
2025-12-18T03:15:00Z,155.744,155.777,155.733,155.767,640.0,155.758,155.776,155.74608067501742
2025-12-18T03:20:00Z,155.768,155.778,155.751,155.777,505.0,155.769,155.785,155.75020325168177
2025-12-18T03:25:00Z,155.778,155.778,155.756,155.76,457.0,155.751,155.768,155.75150948479086
2025-12-18T03:30:00Z,155.76,155.788,155.748,155.749,492.0,155.74,155.758,155.75117488681875
2025-12-18T03:35:00Z,155.75,155.783,155.748,155.761,630.0,155.751,155.771,155.75248490190958
2025-12-18T03:40:00Z,155.762,155.764,155.73,155.751,371.0,155.742,155.76,155.7522869149883
2025-12-18T03:45:00Z,155.75,155.776,155.739,155.756,410.0,155.748,155.763,155.75278199298987
2025-12-18T03:50:00Z,155.757,155.766,155.738,155.762,281.0,155.753,155.771,155.7540110605912
2025-12-18T03:55:00Z,155.762,155.782,155.75,155.764,480.0,155.755,155.772,155.75534291917904
2025-12-18T04:00:00Z,155.766,155.776,155.745,155.772,597.0,155.764,155.78,155.7575638632885
2025-12-18T04:05:00Z,155.774,155.784,155.761,155.763,715.0,155.754,155.772,155.75828868151672
2025-12-18T04:10:00Z,155.764,155.766,155.708,155.71,471.0,155.702,155.717,155.75185019064781
2025-12-18T04:15:00Z,155.71,155.735,155.709,155.729,546.0,155.721,155.737,155.74880349856144
2025-12-18T04:20:00Z,155.73,155.74,155.714,155.737,276.0,155.73,155.744,155.74722969875324
2025-12-18T04:25:00Z,155.738,155.738,155.708,155.724,288.0,155.715,155.732,155.74413240558616
2025-12-18T04:30:00Z,155.723,155.726,155.702,155.724,344.0,155.714,155.734,155.74144808484135
2025-12-18T04:35:00Z,155.723,155.754,155.723,155.752,414.0,155.744,155.76,155.7428550068625
2025-12-18T04:40:00Z,155.752,155.753,155.736,155.747,376.0,155.738,155.756,155.74340767261418
2025-12-18T04:45:00Z,155.746,155.758,155.735,155.751,340.0,155.743,155.759,155.7444199829323
2025-12-18T04:50:00Z,155.75,155.75,155.738,155.748,354.0,155.741,155.756,155.74489731854132
2025-12-18T04:55:00Z,155.748,155.766,155.736,155.736,442.0,155.727,155.745,155.7437110094025
2025-12-18T05:00:00Z,155.736,155.751,155.708,155.724,407.0,155.715,155.732,155.7410828748155
2025-12-18T05:05:00Z,155.724,155.746,155.724,155.745,590.0,155.736,155.754,155.74160515817346
2025-12-18T05:10:00Z,155.746,155.75,155.734,155.745,411.0,155.736,155.754,155.74205780375033
2025-12-18T05:15:00Z,155.746,155.754,155.73,155.738,553.0,155.73,155.747,155.74151676325027
2025-12-18T05:20:00Z,155.738,155.749,155.734,155.738,448.0,155.728,155.747,155.74104786148357
2025-12-18T05:25:00Z,155.737,155.754,155.737,155.754,328.0,155.747,155.761,155.74277481328576
2025-12-18T05:30:00Z,155.754,155.82,155.744,155.818,610.0,155.809,155.826,155.752804838181
2025-12-18T05:35:00Z,155.817,155.842,155.8,155.829,822.0,155.822,155.836,155.7629641930902
2025-12-18T05:40:00Z,155.828,155.83,155.814,155.828,683.0,155.82,155.836,155.77163563401152
2025-12-18T05:45:00Z,155.828,155.866,155.828,155.866,572.0,155.857,155.874,155.78421754947666
2025-12-18T05:50:00Z,155.865,155.872,155.84,155.844,805.0,155.836,155.852,155.79218854287979
2025-12-18T05:55:00Z,155.844,155.888,155.804,155.81,1092.0,155.801,155.818,155.79456340382916
2025-12-18T06:00:00Z,155.806,155.81,155.77,155.806,1203.0,155.796,155.816,155.79608828331862
2025-12-18T06:05:00Z,155.806,155.86,155.806,155.858,823.0,155.849,155.866,155.80434317887614
2025-12-18T06:10:00Z,155.857,155.876,155.852,155.868,455.0,155.861,155.874,155.812830755026
2025-12-18T06:15:00Z,155.868,155.908,155.859,155.891,529.0,155.883,155.899,155.82325332102255
2025-12-18T06:20:00Z,155.89,155.91,155.879,155.897,600.0,155.889,155.905,155.83308621155288
2025-12-18T06:25:00Z,155.898,155.904,155.85,155.862,683.0,155.854,155.87,155.83694138334585
2025-12-18T06:30:00Z,155.86,155.869,155.846,155.856,477.0,155.849,155.864,155.83948253223306
2025-12-18T06:35:00Z,155.856,155.895,155.846,155.892,415.0,155.883,155.9,155.84648486126866
2025-12-18T06:40:00Z,155.894,155.905,155.888,155.903,565.0,155.895,155.911,155.85402021309952
2025-12-18T06:45:00Z,155.902,155.909,155.876,155.892,566.0,155.884,155.901,155.85908418468625
2025-12-18T06:50:00Z,155.894,155.9,155.873,155.9,453.0,155.891,155.908,155.8645396267281
2025-12-18T06:55:00Z,155.897,155.909,155.858,155.909,667.0,155.9,155.918,155.87046767649767
2025-12-18T07:00:00Z,155.908,155.936,155.862,155.871,718.0,155.863,155.879,155.87053865296465
2025-12-18T07:05:00Z,155.873,155.918,155.856,155.915,690.0,155.907,155.923,155.87646683256938
2025-12-18T07:10:00Z,155.916,155.929,155.9,155.902,731.0,155.895,155.91,155.87987125489346
2025-12-18T07:15:00Z,155.903,155.94,155.898,155.934,750.0,155.927,155.942,155.88708842090767
2025-12-18T07:20:00Z,155.934,155.945,155.914,155.927,588.0,155.918,155.936,155.89240996478665
2025-12-18T07:25:00Z,155.927,155.94,155.902,155.903,641.0,155.896,155.91,155.89382196948176
2025-12-18T07:30:00Z,155.9,155.933,155.894,155.926,647.0,155.919,155.934,155.89811237355087
2025-12-18T07:35:00Z,155.926,155.949,155.926,155.936,587.0,155.927,155.945,155.90316405707742
2025-12-18T07:40:00Z,155.938,155.956,155.912,155.912,563.0,155.904,155.919,155.90434218280043
2025-12-18T07:45:00Z,155.912,155.913,155.814,155.826,975.0,155.817,155.834,155.89389655842706
2025-12-18T07:50:00Z,155.827,155.858,155.815,155.819,853.0,155.81,155.828,155.8839103506368
2025-12-18T07:55:00Z,155.818,155.93,155.818,155.926,1650.0,155.917,155.935,155.88952230388523
2025-12-18T08:00:00Z,155.926,155.946,155.853,155.857,1270.0,155.85,155.864,155.88518599670053
2025-12-18T08:05:00Z,155.856,155.892,155.85,155.87,703.0,155.864,155.877,155.88316119714045
2025-12-18T08:10:00Z,155.872,155.874,155.838,155.852,738.0,155.845,155.86,155.87900637085505
2025-12-18T08:15:00Z,155.854,155.889,155.834,155.845,801.0,155.836,155.854,155.87447218807438
2025-12-18T08:20:00Z,155.844,155.856,155.824,155.834,791.0,155.824,155.843,155.86907589633114
2025-12-18T08:25:00Z,155.831,155.85,155.806,155.814,801.0,155.806,155.823,155.861732443487
2025-12-18T08:30:00Z,155.816,155.86,155.801,155.828,783.0,155.821,155.835,155.8572347843554
2025-12-18T08:35:00Z,155.828,155.86,155.824,155.846,744.0,155.837,155.855,155.85573681310802
2025-12-18T08:40:00Z,155.848,155.85,155.807,155.816,575.0,155.808,155.825,155.85043857136029
2025-12-18T08:45:00Z,155.817,155.858,155.806,155.832,906.0,155.824,155.84,155.8479800951789
2025-12-18T08:50:00Z,155.83,155.858,155.814,155.845,747.0,155.837,155.853,155.84758274915507
2025-12-18T08:55:00Z,155.846,155.876,155.846,155.854,621.0,155.847,155.862,155.84843838260107
2025-12-18T09:00:00Z,155.855,155.883,155.842,155.857,766.0,155.849,155.865,155.8495799315876
2025-12-18T09:05:00Z,155.858,155.88,155.804,155.855,733.0,155.846,155.864,155.85030260737594
2025-12-18T09:10:00Z,155.854,155.914,155.854,155.881,701.0,155.873,155.889,155.85439559305914
2025-12-18T09:15:00Z,155.882,155.89,155.822,155.853,820.0,155.845,155.861,155.85420951398459
2025-12-18T09:20:00Z,155.854,155.904,155.843,155.904,764.0,155.897,155.911,155.8608482454533
2025-12-18T09:25:00Z,155.904,155.922,155.866,155.892,883.0,155.884,155.9,155.8650018127262
2025-12-18T09:30:00Z,155.892,155.922,155.891,155.913,820.0,155.904,155.922,155.8714015710294
2025-12-18T09:35:00Z,155.914,155.93,155.912,155.924,672.0,155.917,155.932,155.87841469489214
2025-12-18T09:40:00Z,155.924,155.948,155.922,155.94,592.0,155.932,155.947,155.88662606890654
2025-12-18T09:45:00Z,155.94,155.953,155.917,155.917,673.0,155.91,155.924,155.89067592638568
2025-12-18T09:50:00Z,155.918,155.941,155.904,155.94,746.0,155.931,155.948,155.89725246953427
2025-12-18T09:55:00Z,155.94,155.944,155.898,155.93,1135.0,155.921,155.939,155.9016188069297
2025-12-18T10:00:00Z,155.93,155.944,155.91,155.93,949.0,155.922,155.939,155.90540296600574
2025-12-18T10:05:00Z,155.931,155.951,155.929,155.946,727.0,155.939,155.954,155.91081590387165
2025-12-18T10:10:00Z,155.946,155.96,155.935,155.937,573.0,155.929,155.945,155.91430711668878
2025-12-18T10:15:00Z,155.938,155.952,155.936,155.948,385.0,155.939,155.956,155.91879950113028
2025-12-18T10:20:00Z,155.947,155.978,155.942,155.966,503.0,155.958,155.974,155.9250929009796
2025-12-18T10:25:00Z,155.966,155.966,155.942,155.951,511.0,155.942,155.96,155.928547180849
2025-12-18T10:30:00Z,155.95,155.951,155.936,155.937,334.0,155.929,155.945,155.92967422340246
2025-12-18T10:35:00Z,155.938,155.952,155.93,155.938,321.0,155.93,155.945,155.9307843269488
2025-12-18T10:40:00Z,155.938,155.938,155.898,155.906,377.0,155.897,155.914,155.92747975002231
2025-12-18T10:45:00Z,155.906,155.913,155.882,155.905,461.0,155.896,155.914,155.92448245001935
2025-12-18T10:50:00Z,155.905,155.914,155.86,155.866,517.0,155.858,155.875,155.91668479001677
2025-12-18T10:55:00Z,155.865,155.882,155.852,155.86,576.0,155.852,155.868,155.90912681801456
2025-12-18T11:00:00Z,155.86,155.873,155.826,155.838,596.0,155.83,155.847,155.8996432422793
2025-12-18T11:05:00Z,155.839,155.854,155.828,155.84,506.0,155.832,155.848,155.8916908099754
2025-12-18T11:10:00Z,155.842,155.848,155.82,155.84,456.0,155.832,155.848,155.88479870197867
2025-12-18T11:15:00Z,155.841,155.848,155.83,155.845,433.0,155.837,155.853,155.87949220838152
2025-12-18T11:20:00Z,155.845,155.858,155.828,155.832,313.0,155.824,155.841,155.87315991393066
2025-12-18T11:25:00Z,155.832,155.856,155.829,155.844,396.0,155.837,155.851,155.8692719254066
2025-12-18T11:30:00Z,155.846,155.858,155.818,155.83,472.0,155.822,155.838,155.86403566868572
2025-12-18T11:35:00Z,155.83,155.834,155.814,155.827,424.0,155.819,155.835,155.85909757952763
2025-12-18T11:40:00Z,155.828,155.834,155.788,155.796,532.0,155.789,155.803,155.85068456892395
2025-12-18T11:45:00Z,155.796,155.803,155.761,155.766,289.0,155.757,155.774,155.83939329306742
2025-12-18T11:50:00Z,155.766,155.77,155.722,155.768,829.0,155.76,155.777,155.8298741873251
2025-12-18T11:55:00Z,155.768,155.797,155.766,155.792,346.0,155.783,155.8,155.82482429568174
2025-12-18T12:00:00Z,155.791,155.804,155.741,155.786,1530.0,155.778,155.795,155.81964772292417
2025-12-18T12:05:00Z,155.787,155.796,155.77,155.78,917.0,155.772,155.789,155.81436135986763
2025-12-18T12:10:00Z,155.78,155.796,155.766,155.782,803.0,155.774,155.789,155.81004651188528
2025-12-18T12:15:00Z,155.78,155.808,155.768,155.793,888.0,155.785,155.801,155.8077736436339
2025-12-18T12:20:00Z,155.794,155.806,155.741,155.766,769.0,155.758,155.774,155.80220382448272
2025-12-18T12:25:00Z,155.766,155.779,155.743,155.757,848.0,155.748,155.766,155.79617664788503
2025-12-18T12:30:00Z,155.756,155.822,155.754,155.77,776.0,155.761,155.779,155.79268642816703
2025-12-18T12:35:00Z,155.77,155.852,155.77,155.847,865.0,155.839,155.855,155.79992823774478
2025-12-18T12:40:00Z,155.851,155.864,155.825,155.83,870.0,155.822,155.839,155.80393780604547
2025-12-18T12:45:00Z,155.831,155.842,155.811,155.816,664.0,155.808,155.823,155.80554609857273
2025-12-18T12:50:00Z,155.817,155.84,155.808,155.811,897.0,155.802,155.82,155.8062732854297
2025-12-18T12:55:00Z,155.812,155.824,155.787,155.822,594.0,155.813,155.831,155.80837018070577
2025-12-18T13:00:00Z,155.824,155.836,155.756,155.778,1157.0,155.769,155.787,155.80432082327835
2025-12-18T13:05:00Z,155.78,155.796,155.752,155.77,841.0,155.762,155.779,155.79974471350792
2025-12-18T13:10:00Z,155.772,155.796,155.74,155.744,466.0,155.735,155.753,155.7923120850402
2025-12-18T13:15:00Z,155.744,155.748,155.683,155.74,1819.0,155.732,155.748,155.7853371403682
2025-12-18T13:20:00Z,155.742,155.79,155.734,155.747,1809.0,155.74,155.754,155.78022552165245
2025-12-18T13:25:00Z,155.748,155.773,155.72,155.724,955.0,155.698,155.749,155.77272878543212
2025-12-18T13:30:00Z,155.734,155.736,155.38,155.658,4519.0,155.649,155.667,155.75743161404117
2025-12-18T13:35:00Z,155.66,155.682,155.577,155.612,3775.0,155.605,155.62,155.73804073216903
2025-12-18T13:40:00Z,155.61,155.627,155.53,155.59,3653.0,155.581,155.598,155.71830196787982
2025-12-18T13:45:00Z,155.589,155.596,155.504,155.506,2995.0,155.497,155.514,155.68999503882918
2025-12-18T13:50:00Z,155.506,155.508,155.422,155.503,3287.0,155.495,155.511,155.6650623669853
2025-12-18T13:55:00Z,155.501,155.607,155.492,155.594,2336.0,155.587,155.601,155.6555873847206
2025-12-18T14:00:00Z,155.592,155.605,155.453,155.472,2673.0,155.463,155.481,155.63110906675786
2025-12-18T14:05:00Z,155.472,155.475,155.384,155.388,2668.0,155.38,155.395,155.5986945245235
2025-12-18T14:10:00Z,155.389,155.445,155.35,155.422,2403.0,155.413,155.431,155.57513525458702
2025-12-18T14:15:00Z,155.422,155.436,155.358,155.427,1957.0,155.419,155.435,155.55538388730875
2025-12-18T14:20:00Z,155.424,155.462,155.386,155.394,1946.0,155.384,155.403,155.5338660356676
2025-12-18T14:25:00Z,155.392,155.436,155.389,155.396,1644.0,155.388,155.404,155.51548389757858
2025-12-18T14:30:00Z,155.396,155.437,155.37,155.408,1692.0,155.4,155.415,155.50115271123477
2025-12-18T14:35:00Z,155.407,155.416,155.354,155.354,1576.0,155.346,155.363,155.4815323497368
2025-12-18T14:40:00Z,155.354,155.4,155.284,155.396,1965.0,155.388,155.404,155.47012803643855
2025-12-18T14:45:00Z,155.396,155.423,155.33,155.346,1690.0,155.338,155.355,155.4535776315801
2025-12-18T14:50:00Z,155.346,155.398,155.302,155.396,1747.0,155.387,155.405,155.44590061403608
2025-12-18T14:55:00Z,155.394,155.492,155.384,155.492,1555.0,155.485,155.498,155.45204719883128
2025-12-18T15:00:00Z,155.493,155.526,155.463,155.486,1730.0,155.478,155.494,155.45657423898712
2025-12-18T15:05:00Z,155.486,155.498,155.454,155.493,1008.0,155.485,155.501,155.46143100712217
2025-12-18T15:10:00Z,155.494,155.496,155.444,155.464,1000.0,155.456,155.473,155.46177353950588
2025-12-18T15:15:00Z,155.466,155.572,155.458,155.55,1155.0,155.542,155.557,155.47353706757178
2025-12-18T15:20:00Z,155.55,155.594,155.542,155.558,1346.0,155.549,155.566,155.48479879189554
2025-12-18T15:25:00Z,155.557,155.666,155.552,155.648,1111.0,155.641,155.656,155.50655895297615
2025-12-18T15:30:00Z,155.65,155.695,155.635,155.655,1093.0,155.648,155.662,155.52635109257935
2025-12-18T15:35:00Z,155.656,155.656,155.596,155.6,2010.0,155.592,155.608,155.5361709469021
2025-12-18T15:40:00Z,155.602,155.61,155.512,155.563,1470.0,155.555,155.571,155.53974815398183
2025-12-18T15:45:00Z,155.564,155.644,155.556,155.562,1261.0,155.554,155.57,155.54271506678427
2025-12-18T15:50:00Z,155.562,155.593,155.522,155.544,1416.0,155.535,155.552,155.54288639121305
2025-12-18T15:55:00Z,155.544,155.563,155.52,155.524,1608.0,155.516,155.533,155.54036820571798
2025-12-18T16:00:00Z,155.524,155.551,155.496,155.498,1272.0,155.489,155.506,155.53471911162225
2025-12-18T16:05:00Z,155.497,155.52,155.476,155.476,913.0,155.468,155.484,155.52688989673928
2025-12-18T16:10:00Z,155.476,155.476,155.37,155.38,1362.0,155.373,155.387,155.50730457717404
2025-12-18T16:15:00Z,155.38,155.446,155.364,155.444,1144.0,155.436,155.452,155.49886396688416
2025-12-18T16:20:00Z,155.442,155.478,155.426,155.446,779.0,155.437,155.454,155.49181543796627
2025-12-18T16:25:00Z,155.445,155.49,155.432,155.433,972.0,155.425,155.441,155.48397337957076
2025-12-18T16:30:00Z,155.432,155.488,155.416,155.482,1158.0,155.474,155.489,155.48371026229466
2025-12-18T16:35:00Z,155.482,155.505,155.446,155.456,966.0,155.448,155.465,155.48001556065537
2025-12-18T16:40:00Z,155.457,155.495,155.45,155.492,788.0,155.484,155.499,155.48161348590133
2025-12-18T16:45:00Z,155.491,155.542,155.486,155.542,803.0,155.533,155.55,155.4896650211145
2025-12-18T16:50:00Z,155.54,155.568,155.534,155.566,766.0,155.56,155.572,155.49984301829923
2025-12-18T16:55:00Z,155.568,155.58,155.522,155.532,717.0,155.526,155.538,155.50413061585934
2025-12-18T17:00:00Z,155.532,155.598,155.529,155.596,958.0,155.589,155.604,155.5163798670781
2025-12-18T17:05:00Z,155.596,155.614,155.571,155.61,1022.0,155.602,155.618,155.52886255146768
2025-12-18T17:10:00Z,155.61,155.653,155.598,155.648,1206.0,155.64,155.655,155.54474754460531
2025-12-18T17:15:00Z,155.648,155.69,155.642,155.645,1521.0,155.636,155.654,155.55811453865795
2025-12-18T17:20:00Z,155.644,155.656,155.619,155.626,1033.0,155.62,155.633,155.56716593350356
2025-12-18T17:25:00Z,155.628,155.634,155.606,155.624,519.0,155.616,155.631,155.57474380903642
2025-12-18T17:30:00Z,155.624,155.633,155.616,155.63,627.0,155.624,155.637,155.5821113011649
2025-12-18T17:35:00Z,155.63,155.66,155.606,155.608,770.0,155.599,155.616,155.58556312767624
2025-12-18T17:40:00Z,155.609,155.611,155.582,155.596,624.0,155.588,155.603,155.58695471065275
2025-12-18T17:45:00Z,155.596,155.648,155.595,155.648,528.0,155.639,155.657,155.5950940825657
2025-12-18T17:50:00Z,155.648,155.67,155.644,155.669,563.0,155.661,155.677,155.6049482048903
2025-12-18T17:55:00Z,155.67,155.683,155.632,155.642,736.0,155.634,155.649,155.60988844423827
2025-12-18T18:00:00Z,155.638,155.698,155.632,155.664,906.0,155.657,155.671,155.61710331833984
2025-12-18T18:05:00Z,155.666,155.668,155.604,155.606,780.0,155.598,155.614,155.61562287589453
2025-12-18T18:10:00Z,155.608,155.618,155.58,155.586,627.0,155.578,155.593,155.6116731591086
2025-12-18T18:15:00Z,155.584,155.648,155.583,155.648,449.0,155.64,155.655,155.6165167378941
2025-12-18T18:20:00Z,155.648,155.68,155.648,155.667,401.0,155.659,155.675,155.62324783950822
2025-12-18T18:25:00Z,155.668,155.688,155.658,155.658,492.0,155.65,155.666,155.62788146090713
2025-12-18T18:30:00Z,155.657,155.666,155.642,155.664,351.0,155.656,155.673,155.63269726611952
2025-12-18T18:35:00Z,155.664,155.671,155.654,155.658,364.0,155.649,155.666,155.63607096397024
2025-12-18T18:40:00Z,155.657,155.696,155.656,155.692,370.0,155.684,155.701,155.64352816877422
2025-12-18T18:45:00Z,155.692,155.71,155.676,155.678,544.0,155.67,155.685,155.64812441293768
2025-12-18T18:50:00Z,155.678,155.68,155.637,155.643,391.0,155.635,155.651,155.6474411578793
2025-12-18T18:55:00Z,155.642,155.65,155.63,155.636,618.0,155.628,155.644,155.64591567016208
2025-12-18T19:00:00Z,155.636,155.667,155.632,155.634,655.0,155.625,155.642,155.64432691414046
2025-12-18T19:05:00Z,155.633,155.638,155.603,155.608,667.0,155.599,155.616,155.6394833255884
2025-12-18T19:10:00Z,155.608,155.631,155.589,155.622,495.0,155.613,155.63,155.63715221550996
2025-12-18T19:15:00Z,155.621,155.626,155.612,155.618,335.0,155.609,155.627,155.6345985867753
2025-12-18T19:20:00Z,155.618,155.632,155.602,155.619,403.0,155.611,155.627,155.63251877520526
2025-12-18T19:25:00Z,155.62,155.62,155.585,155.585,362.0,155.576,155.594,155.62618293851122
2025-12-18T19:30:00Z,155.584,155.586,155.525,155.546,499.0,155.538,155.555,155.61549188004307
2025-12-18T19:35:00Z,155.547,155.562,155.526,155.558,385.0,155.55,155.565,155.60782629603733
2025-12-18T19:40:00Z,155.557,155.58,155.512,155.514,758.0,155.505,155.522,155.59531612323235
2025-12-18T19:45:00Z,155.513,155.516,155.501,155.506,373.0,155.497,155.515,155.58340730680138
2025-12-18T19:50:00Z,155.506,155.522,155.494,155.512,382.0,155.503,155.521,155.5738863325612
2025-12-18T19:55:00Z,155.51,155.53,155.508,155.516,1035.0,155.51,155.522,155.56616815488636
2025-12-18T20:00:00Z,155.516,155.531,155.503,155.516,665.0,155.508,155.525,155.5594790675682
2025-12-18T20:05:00Z,155.516,155.54,155.513,155.538,526.0,155.531,155.545,155.55661519189243
2025-12-18T20:10:00Z,155.538,155.562,155.537,155.562,390.0,155.554,155.57,155.5573331663068
2025-12-18T20:15:00Z,155.562,155.571,155.544,155.552,534.0,155.544,155.56,155.5566220774659
2025-12-18T20:20:00Z,155.552,155.588,155.547,155.586,484.0,155.578,155.593,155.5605391338038
2025-12-18T20:25:00Z,155.586,155.588,155.567,155.578,398.0,155.569,155.587,155.56286724929663
2025-12-18T20:30:00Z,155.578,155.596,155.57,155.572,411.0,155.564,155.58,155.5640849493904
2025-12-18T20:35:00Z,155.572,155.583,155.548,155.58,364.0,155.571,155.588,155.56620695613836
2025-12-18T20:40:00Z,155.581,155.598,155.579,155.596,381.0,155.588,155.604,155.5701793619866
2025-12-18T20:45:00Z,155.596,155.625,155.596,155.624,323.0,155.618,155.631,155.57735544705506
2025-12-18T20:50:00Z,155.624,155.632,155.608,155.624,577.0,155.616,155.632,155.58357472078106
2025-12-18T20:55:00Z,155.626,155.633,155.609,155.616,632.0,155.609,155.622,155.5878980913436
2025-12-18T21:00:00Z,155.615,155.636,155.606,155.623,377.0,155.616,155.63,155.5925783458311
2025-12-18T21:05:00Z,155.623,155.63,155.612,155.615,233.0,155.607,155.623,155.5955678997203
2025-12-18T21:10:00Z,155.613,155.613,155.578,155.584,306.0,155.575,155.592,155.5940255130909
2025-12-18T21:15:00Z,155.586,155.61,155.584,155.607,192.0,155.599,155.615,155.5957554446788
2025-12-18T21:20:00Z,155.608,155.612,155.577,155.578,231.0,155.571,155.586,155.59338805205496
2025-12-18T21:25:00Z,155.578,155.58,155.566,155.578,230.0,155.569,155.588,155.59133631178096
2025-12-18T21:30:00Z,155.581,155.589,155.57,155.572,150.0,155.563,155.582,155.58875813687683
2025-12-18T21:35:00Z,155.573,155.581,155.571,155.578,134.0,155.569,155.588,155.5873237186266
2025-12-18T21:40:00Z,155.58,155.58,155.57,155.574,122.0,155.567,155.581,155.58554722280974
2025-12-18T21:45:00Z,155.574,155.578,155.57,155.572,145.0,155.563,155.58,155.5837409264351
2025-12-18T21:50:00Z,155.572,155.58,155.559,155.562,306.0,155.552,155.571,155.58084213624375
2025-12-18T21:55:00Z,155.562,155.573,155.552,155.562,227.0,155.55,155.574,155.57832985141124
2025-12-18T22:00:00Z,155.531,155.531,155.526,155.526,2.0,155.476,155.576,155.57135253788974
2025-12-18T22:05:00Z,155.541,155.568,155.51,155.559,148.0,155.528,155.59,155.5697055328378
2025-12-18T22:10:00Z,155.536,155.539,155.502,155.514,12.0,155.464,155.564,155.5622781284594
2025-12-18T22:15:00Z,155.51,155.542,155.51,155.54,52.0,155.498,155.581,155.55930771133148
2025-12-18T22:20:00Z,155.53,155.556,155.53,155.55,89.0,155.524,155.576,155.55806668315395
2025-12-18T22:25:00Z,155.552,155.559,155.546,155.55,133.0,155.53,155.57,155.5569911254001
2025-12-18T22:30:00Z,155.552,155.561,155.546,155.556,115.0,155.534,155.577,155.55685897534676
2025-12-18T22:35:00Z,155.555,155.556,155.544,155.556,54.0,155.534,155.579,155.55674444530052
2025-12-18T22:40:00Z,155.555,155.556,155.554,155.554,18.0,155.534,155.575,155.55637851926045
2025-12-18T22:45:00Z,155.554,155.554,155.548,155.548,54.0,155.533,155.564,155.55526138335907
2025-12-18T22:50:00Z,155.549,155.557,155.548,155.556,61.0,155.54,155.573,155.55535986557786
2025-12-18T22:55:00Z,155.556,155.56,155.552,155.558,111.0,155.535,155.582,155.5557118835008
2025-12-18T23:00:00Z,155.558,155.568,155.532,155.558,210.0,155.548,155.567,155.5560169657007
2025-12-18T23:05:00Z,155.558,155.574,155.546,155.552,150.0,155.541,155.563,155.55548137027395
2025-12-18T23:10:00Z,155.553,155.588,155.552,155.588,131.0,155.576,155.599,155.55981718757076
2025-12-18T23:15:00Z,155.584,155.618,155.554,155.557,724.0,155.548,155.566,155.55944156256132
2025-12-18T23:20:00Z,155.556,155.582,155.556,155.572,141.0,155.563,155.581,155.5611160208865
2025-12-18T23:25:00Z,155.573,155.586,155.56,155.574,332.0,155.563,155.586,155.56283388476828
2025-12-18T23:30:00Z,155.573,155.574,155.52,155.522,295.0,155.512,155.533,155.55738936679919
2025-12-18T23:35:00Z,155.523,155.536,155.521,155.534,139.0,155.525,155.543,155.5542707845593
2025-12-18T23:40:00Z,155.535,155.581,155.53,155.568,263.0,155.56,155.576,155.55610134661805
2025-12-18T23:45:00Z,155.57,155.646,155.568,155.638,372.0,155.629,155.648,155.567021167069
2025-12-18T23:50:00Z,155.637,155.637,155.588,155.589,370.0,155.582,155.596,155.56995167812647
2025-12-18T23:55:00Z,155.59,155.608,155.574,155.582,303.0,155.573,155.59,155.57155812104295
2025-12-19T00:00:00Z,155.582,155.653,155.56,155.652,955.0,155.642,155.661,155.5822837049039
2025-12-19T00:05:00Z,155.652,155.676,155.622,155.67,605.0,155.662,155.679,155.5939792109167
2025-12-19T00:10:00Z,155.67,155.706,155.666,155.684,669.0,155.678,155.69,155.60598198279448
2025-12-19T00:15:00Z,155.684,155.698,155.664,155.68,486.0,155.672,155.687,155.61585105175521
2025-12-19T00:20:00Z,155.678,155.694,155.642,155.654,427.0,155.646,155.662,155.62093757818786
2025-12-19T00:25:00Z,155.654,155.672,155.642,155.669,323.0,155.66,155.678,155.62734590109616
2025-12-19T00:30:00Z,155.668,155.691,155.666,155.678,351.0,155.67,155.687,155.63409978095
2025-12-19T00:35:00Z,155.679,155.736,155.65,155.728,614.0,155.718,155.738,155.6466198101567
2025-12-19T00:40:00Z,155.728,155.77,155.7,155.714,1170.0,155.706,155.722,155.65560383546915
2025-12-19T00:45:00Z,155.714,155.747,155.693,155.696,900.0,155.687,155.704,155.66098999073992
2025-12-19T00:50:00Z,155.695,155.772,155.694,155.766,2205.0,155.756,155.777,155.67499132530793
2025-12-19T00:55:00Z,155.765,155.786,155.706,155.754,1136.0,155.746,155.761,155.68552581526689
2025-12-19T01:00:00Z,155.753,155.778,155.692,155.765,564.0,155.757,155.773,155.6961223732313
2025-12-19T01:05:00Z,155.766,155.79,155.754,155.76,641.0,155.751,155.769,155.7046393901338
2025-12-19T01:10:00Z,155.76,155.764,155.722,155.738,457.0,155.73,155.747,155.7090874714493
2025-12-19T01:15:00Z,155.738,155.766,155.71,155.738,426.0,155.73,155.747,155.71294247525606
2025-12-19T01:20:00Z,155.738,155.764,155.721,155.738,404.0,155.73,155.745,155.71628347855525
2025-12-19T01:25:00Z,155.737,155.788,155.737,155.773,809.0,155.765,155.781,155.72384568141456
2025-12-19T01:30:00Z,155.778,155.795,155.745,155.758,592.0,155.749,155.766,155.7283995905593
2025-12-19T01:35:00Z,155.757,155.758,155.72,155.725,707.0,155.716,155.734,155.72794631181804
2025-12-19T01:40:00Z,155.726,155.746,155.704,155.71,578.0,155.703,155.717,155.72555347024232
2025-12-19T01:45:00Z,155.71,155.724,155.699,155.714,426.0,155.704,155.723,155.72401300754333
2025-12-19T01:50:00Z,155.715,155.757,155.703,155.736,535.0,155.726,155.745,155.72561127320424
2025-12-19T01:55:00Z,155.738,155.748,155.706,155.741,631.0,155.733,155.749,155.7276631034437
2025-12-19T02:00:00Z,155.742,155.742,155.684,155.69,486.0,155.684,155.697,155.72264135631787
2025-12-19T02:05:00Z,155.69,155.718,155.69,155.7,428.0,155.693,155.708,155.7196225088088
2025-12-19T02:10:00Z,155.7,155.723,155.696,155.698,497.0,155.69,155.706,155.71673950763432
2025-12-19T02:15:00Z,155.698,155.699,155.684,155.696,345.0,155.688,155.704,155.71397423994975
2025-12-19T02:20:00Z,155.697,155.726,155.696,155.712,411.0,155.703,155.721,155.71371100795645
2025-12-19T02:25:00Z,155.712,155.723,155.7,155.716,436.0,155.707,155.724,155.7140162068956
2025-12-19T02:30:00Z,155.716,155.732,155.702,155.726,419.0,155.717,155.736,155.7156140459762
2025-12-19T02:35:00Z,155.726,155.767,155.725,155.757,238.0,155.748,155.766,155.72113217317937
2025-12-19T02:40:00Z,155.755,155.804,155.755,155.76,766.0,155.753,155.767,155.7263145500888
2025-12-19T02:45:00Z,155.758,155.792,155.752,155.788,513.0,155.779,155.797,155.73453927674365
2025-12-19T02:50:00Z,155.788,155.796,155.76,155.761,257.0,155.752,155.77,155.73806737317784
2025-12-19T02:55:00Z,155.764,155.855,155.76,155.832,706.0,155.822,155.843,155.7505917234208
2025-12-19T03:00:00Z,155.832,155.883,155.83,155.848,669.0,155.841,155.855,155.76357949363137
2025-12-19T03:05:00Z,155.848,155.85,155.806,155.816,505.0,155.808,155.825,155.77056889448053
2025-12-19T03:10:00Z,155.816,155.85,155.815,155.833,277.0,155.824,155.842,155.77889304188312
2025-12-19T03:15:00Z,155.832,155.852,155.589,155.684,1062.0,155.67,155.698,155.7662406362987
2025-12-19T03:20:00Z,155.684,156.18,155.682,156.036,3692.0,156.024,156.049,155.80220855145888
2025-12-19T03:25:00Z,156.038,156.119,156.007,156.058,2255.0,156.048,156.067,155.83631407793104
2025-12-19T03:30:00Z,156.06,156.11,155.983,156.062,1874.0,156.052,156.072,155.8664055342069
2025-12-19T03:35:00Z,156.065,156.128,156.053,156.084,1133.0,156.073,156.094,155.89541812964598
2025-12-19T03:40:00Z,156.082,156.116,156.068,156.094,952.0,156.084,156.105,155.92189571235986
2025-12-19T03:45:00Z,156.09,156.112,156.008,156.042,929.0,156.033,156.052,155.93790961737855
2025-12-19T03:50:00Z,156.042,156.054,155.9,155.907,1597.0,155.897,155.917,155.93378833506142
2025-12-19T03:55:00Z,155.908,155.972,155.876,155.876,1131.0,155.867,155.886,155.9260832237199
2025-12-19T04:00:00Z,155.875,155.875,155.732,155.842,1665.0,155.834,155.851,155.91487212722393
2025-12-19T04:05:00Z,155.842,155.884,155.811,155.854,814.0,155.844,155.863,155.90675584359408
2025-12-19T04:10:00Z,155.855,155.944,155.842,155.923,1232.0,155.915,155.931,155.90892173111487
2025-12-19T04:15:00Z,155.926,155.96,155.919,155.926,1061.0,155.917,155.935,155.91119883363288
2025-12-19T04:20:00Z,155.927,155.978,155.914,155.978,1001.0,155.969,155.987,155.92010565581518
2025-12-19T04:25:00Z,155.978,155.996,155.974,155.991,742.0,155.983,155.999,155.92955823503982
2025-12-19T04:30:00Z,155.992,156.017,155.96,155.968,958.0,155.962,155.974,155.93468380370118
2025-12-19T04:35:00Z,155.969,156.013,155.936,155.99,795.0,155.981,156.0,155.94205929654103
2025-12-19T04:40:00Z,155.991,156.016,155.962,156.014,813.0,156.005,156.024,155.95165139033557
2025-12-19T04:45:00Z,156.014,156.088,156.014,156.077,924.0,156.068,156.086,155.96836453829084
2025-12-19T04:50:00Z,156.076,156.09,156.044,156.045,786.0,156.037,156.053,155.97858259985207
2025-12-19T04:55:00Z,156.046,156.086,156.04,156.068,1090.0,156.059,156.076,155.9905049198718
2025-12-19T05:00:00Z,156.068,156.069,156.019,156.061,1059.0,156.052,156.07,155.9999042638889
2025-12-19T05:05:00Z,156.063,156.072,156.006,156.014,1287.0,156.005,156.024,156.0017836953704
2025-12-19T05:10:00Z,156.016,156.03,155.967,155.984,1076.0,155.975,155.992,155.9994125359877
2025-12-19T05:15:00Z,155.984,155.988,155.959,155.974,958.0,155.967,155.982,155.996024197856
2025-12-19T05:20:00Z,155.974,155.985,155.942,155.97,1036.0,155.962,155.979,155.99255430480855
2025-12-19T05:25:00Z,155.972,155.975,155.914,155.916,697.0,155.907,155.924,155.9823470641674
2025-12-19T05:30:00Z,155.917,155.944,155.9,155.902,718.0,155.893,155.91,155.97163412227843
2025-12-19T05:35:00Z,155.902,155.941,155.887,155.925,934.0,155.917,155.933,155.96541623930798
2025-12-19T05:40:00Z,155.924,155.954,155.924,155.952,592.0,155.946,155.959,155.96362740740025
2025-12-19T05:45:00Z,155.953,155.954,155.89,155.924,710.0,155.916,155.933,155.95834375308021
2025-12-19T05:50:00Z,155.925,155.968,155.925,155.968,984.0,155.96,155.976,155.9596312526695
2025-12-19T05:55:00Z,155.97,155.995,155.941,155.995,1247.0,155.989,156.001,155.96434708564692
2025-12-19T06:00:00Z,155.996,156.03,155.991,156.002,728.0,155.995,156.01,155.96936747422734
2025-12-19T06:05:00Z,156.002,156.009,155.978,155.999,851.0,155.99,156.008,155.9733184776637
2025-12-19T06:10:00Z,156.0,156.008,155.968,155.996,744.0,155.988,156.004,155.97634268064186
2025-12-19T06:15:00Z,155.997,156.016,155.957,155.98,713.0,155.972,155.988,155.97683032322294
2025-12-19T06:20:00Z,155.978,156.04,155.978,156.001,825.0,155.995,156.007,155.98005294679322
2025-12-19T06:25:00Z,156.002,156.012,155.95,155.95,887.0,155.943,155.957,155.9760458872208
2025-12-19T06:30:00Z,155.949,155.956,155.85,155.882,953.0,155.872,155.891,155.96350643559137
2025-12-19T06:35:00Z,155.881,156.148,155.881,156.128,1742.0,156.121,156.136,155.98543891084586
2025-12-19T06:40:00Z,156.128,156.446,156.122,156.363,4693.0,156.353,156.373,156.03578038939975
2025-12-19T06:45:00Z,156.364,156.408,156.11,156.122,3426.0,156.112,156.131,156.0472763374798
2025-12-19T06:50:00Z,156.121,156.172,156.075,156.118,1685.0,156.109,156.127,156.05670615914914
2025-12-19T06:55:00Z,156.118,156.133,156.003,156.014,1437.0,156.004,156.023,156.05101200459592
2025-12-19T07:00:00Z,156.014,156.098,155.964,156.072,1469.0,156.064,156.079,156.05381040398314
2025-12-19T07:05:00Z,156.072,156.185,156.052,156.168,1311.0,156.159,156.178,156.06903568345206
2025-12-19T07:10:00Z,156.168,156.313,156.164,156.286,1901.0,156.277,156.295,156.0979642589918
2025-12-19T07:15:00Z,156.284,156.4,156.26,156.354,2372.0,156.347,156.361,156.1321023577929
2025-12-19T07:20:00Z,156.355,156.362,156.258,156.288,1997.0,156.281,156.294,156.15288871008718
2025-12-19T07:25:00Z,156.289,156.336,156.229,156.245,1392.0,156.238,156.252,156.1651702154089
2025-12-19T07:30:00Z,156.246,156.336,156.214,156.333,1336.0,156.324,156.342,156.18754752002104
2025-12-19T07:35:00Z,156.334,156.376,156.277,156.332,1503.0,156.322,156.341,156.2068078506849
2025-12-19T07:40:00Z,156.332,156.536,156.332,156.53,1766.0,156.521,156.54,156.24990013726025
2025-12-19T07:45:00Z,156.532,156.565,156.501,156.552,1536.0,156.544,156.56,156.2901801189589
2025-12-19T07:50:00Z,156.553,156.715,156.553,156.696,2077.0,156.686,156.706,156.34428943643104
2025-12-19T07:55:00Z,156.698,156.744,156.663,156.734,2202.0,156.726,156.743,156.39625084490692
2025-12-19T08:00:00Z,156.734,156.892,156.722,156.826,2358.0,156.818,156.835,156.45355073225267
2025-12-19T08:05:00Z,156.827,156.832,156.754,156.818,1476.0,156.812,156.824,156.50214396795232
2025-12-19T08:10:00Z,156.82,156.84,156.736,156.743,1389.0,156.734,156.752,156.53425810555868
2025-12-19T08:15:00Z,156.74,156.79,156.732,156.746,1251.0,156.738,156.755,156.56249035815085
2025-12-19T08:20:00Z,156.746,156.83,156.74,156.816,983.0,156.808,156.825,156.59629164373075
2025-12-19T08:25:00Z,156.816,156.837,156.783,156.815,1058.0,156.806,156.824,156.62545275789998
2025-12-19T08:30:00Z,156.816,156.851,156.79,156.844,1069.0,156.836,156.851,156.65459239017997
2025-12-19T08:35:00Z,156.848,156.882,156.822,156.823,1024.0,156.815,156.831,156.67704673815598
2025-12-19T08:40:00Z,156.822,156.875,156.78,156.87,783.0,156.864,156.876,156.7027738397352
2025-12-19T08:45:00Z,156.87,156.903,156.84,156.869,902.0,156.861,156.877,156.7249373277705
2025-12-19T08:50:00Z,156.876,156.902,156.849,156.88,808.0,156.873,156.888,156.74561235073443
2025-12-19T08:55:00Z,156.883,156.94,156.868,156.934,994.0,156.927,156.942,156.77073070396983
2025-12-19T09:00:00Z,156.934,156.942,156.853,156.902,1005.0,156.893,156.911,156.78823327677387
2025-12-19T09:05:00Z,156.902,156.965,156.9,156.94,747.0,156.932,156.949,156.8084688398707
2025-12-19T09:10:00Z,156.94,156.965,156.928,156.954,833.0,156.947,156.962,156.8278729945546
2025-12-19T09:15:00Z,156.955,156.988,156.951,156.979,655.0,156.97,156.988,156.84802326194733
2025-12-19T09:20:00Z,156.978,156.997,156.936,156.986,926.0,156.979,156.994,156.86642016035435
2025-12-19T09:25:00Z,156.987,157.038,156.949,157.034,1104.0,157.025,157.042,156.88876413897378
2025-12-19T09:30:00Z,157.036,157.116,157.036,157.099,948.0,157.091,157.107,156.9167955871106
2025-12-19T09:35:00Z,157.1,157.128,157.066,157.099,865.0,157.091,157.107,156.9410895088292
2025-12-19T09:40:00Z,157.1,157.112,157.046,157.054,863.0,157.047,157.061,156.9561442409853
2025-12-19T09:45:00Z,157.056,157.137,157.002,157.136,1078.0,157.128,157.145,156.98012500885395
2025-12-19T09:50:00Z,157.137,157.154,157.092,157.102,860.0,157.094,157.111,156.99637500767344
2025-12-19T09:55:00Z,157.104,157.214,157.098,157.202,998.0,157.195,157.21,157.023791673317
2025-12-19T10:00:00Z,157.203,157.259,157.185,157.22,1262.0,157.212,157.227,157.04995278354139
2025-12-19T10:05:00Z,157.219,157.228,157.133,157.193,856.0,157.184,157.202,157.06902574573587
2025-12-19T10:10:00Z,157.194,157.209,157.145,157.196,858.0,157.187,157.205,157.08595564630443
2025-12-19T10:15:00Z,157.196,157.256,157.184,157.207,677.0,157.199,157.215,157.10209489346383
2025-12-19T10:20:00Z,157.206,157.238,157.176,157.208,674.0,157.201,157.216,157.1162155743353
2025-12-19T10:25:00Z,157.208,157.279,157.208,157.272,626.0,157.263,157.282,157.1369868310906
2025-12-19T10:30:00Z,157.274,157.398,157.27,157.336,1186.0,157.327,157.345,157.16352192027853
2025-12-19T10:35:00Z,157.336,157.396,157.292,157.368,762.0,157.359,157.376,157.1907856642414
2025-12-19T10:40:00Z,157.367,157.378,157.328,157.354,640.0,157.345,157.362,157.21254757567587
2025-12-19T10:45:00Z,157.354,157.402,157.354,157.368,622.0,157.359,157.377,157.23327456558576
2025-12-19T10:50:00Z,157.368,157.39,157.346,157.368,660.0,157.36,157.377,157.25123795684098
2025-12-19T10:55:00Z,157.368,157.368,157.3,157.32,471.0,157.311,157.329,157.26040622926217
2025-12-19T11:00:00Z,157.32,157.348,157.235,157.346,849.0,157.337,157.356,157.2718187320272
2025-12-19T11:05:00Z,157.347,157.348,157.296,157.301,670.0,157.293,157.309,157.27570956775693
2025-12-19T11:10:00Z,157.302,157.357,157.284,157.356,797.0,157.346,157.365,157.28641495872267
2025-12-19T11:15:00Z,157.356,157.38,157.31,157.318,646.0,157.31,157.326,157.29062629755967
2025-12-19T11:20:00Z,157.327,157.344,157.269,157.294,704.0,157.285,157.303,157.29107612455172
2025-12-19T11:25:00Z,157.294,157.306,157.272,157.283,579.0,157.274,157.292,157.28999930794484
2025-12-19T11:30:00Z,157.282,157.319,157.269,157.317,401.0,157.309,157.325,157.29359940021885
2025-12-19T11:35:00Z,157.318,157.33,157.29,157.305,371.0,157.297,157.313,157.29511948018967
2025-12-19T11:40:00Z,157.304,157.341,157.29,157.294,566.0,157.285,157.303,157.2949702161644
2025-12-19T11:45:00Z,157.294,157.307,157.248,157.255,481.0,157.247,157.263,157.28964085400915
2025-12-19T11:50:00Z,157.255,157.324,157.242,157.318,443.0,157.311,157.326,157.2934220734746
2025-12-19T11:55:00Z,157.319,157.332,157.279,157.319,775.0,157.311,157.327,157.296832463678
2025-12-19T12:00:00Z,157.32,157.352,157.302,157.328,948.0,157.319,157.337,157.3009881351876
2025-12-19T12:05:00Z,157.324,157.332,157.291,157.292,615.0,157.283,157.301,157.29978971716258
2025-12-19T12:10:00Z,157.294,157.334,157.294,157.306,520.0,157.298,157.315,157.30061775487425
2025-12-19T12:15:00Z,157.307,157.322,157.254,157.306,736.0,157.299,157.313,157.30133538755769
2025-12-19T12:20:00Z,157.305,157.328,157.29,157.312,694.0,157.305,157.32,157.30275733588334
2025-12-19T12:25:00Z,157.313,157.318,157.273,157.29,489.0,157.281,157.299,157.30105635776556
2025-12-19T12:30:00Z,157.29,157.292,157.262,157.284,544.0,157.276,157.293,157.29878217673016
2025-12-19T12:35:00Z,157.284,157.3,157.27,157.293,582.0,157.285,157.301,157.2980112198328
2025-12-19T12:40:00Z,157.294,157.295,157.266,157.283,542.0,157.274,157.292,157.2960097238551
2025-12-19T12:45:00Z,157.284,157.284,157.214,157.235,576.0,157.226,157.244,157.28787509400775
2025-12-19T12:50:00Z,157.234,157.248,157.186,157.198,647.0,157.19,157.206,157.27589174814005
2025-12-19T12:55:00Z,157.198,157.252,157.196,157.244,689.0,157.236,157.253,157.27163951505472
2025-12-19T13:00:00Z,157.242,157.278,157.21,157.249,752.0,157.241,157.257,157.2686209130474
2025-12-19T13:05:00Z,157.25,157.291,157.209,157.236,892.0,157.227,157.246,157.26427145797442
2025-12-19T13:10:00Z,157.234,157.284,157.221,157.278,827.0,157.27,157.286,157.2661019302445
2025-12-19T13:15:00Z,157.276,157.323,157.268,157.318,919.0,157.311,157.326,157.27302167287857
2025-12-19T13:20:00Z,157.319,157.378,157.318,157.341,1060.0,157.332,157.35,157.2820854498281
2025-12-19T13:25:00Z,157.34,157.342,157.268,157.272,968.0,157.264,157.281,157.28074072318435
2025-12-19T13:30:00Z,157.272,157.314,157.239,157.272,1200.0,157.263,157.281,157.27957529342643
2025-12-19T13:35:00Z,157.274,157.316,157.268,157.306,1021.0,157.297,157.314,157.28309858763626
2025-12-19T13:40:00Z,157.305,157.382,157.305,157.37,1001.0,157.361,157.378,157.2946854426181
2025-12-19T13:45:00Z,157.37,157.382,157.318,157.322,1035.0,157.314,157.33,157.29832738360236
2025-12-19T13:50:00Z,157.327,157.336,157.278,157.321,947.0,157.313,157.329,157.30135039912204
2025-12-19T13:55:00Z,157.321,157.351,157.314,157.326,1062.0,157.319,157.334,157.30463701257244
2025-12-19T14:00:00Z,157.325,157.329,157.244,157.282,1416.0,157.275,157.29,157.30161874422944
2025-12-19T14:05:00Z,157.282,157.308,157.25,157.252,1141.0,157.244,157.26,157.29500291166553
2025-12-19T14:10:00Z,157.25,157.268,156.932,157.01,3200.0,157.001,157.019,157.25700252344348
2025-12-19T14:15:00Z,157.01,157.151,156.954,157.131,2224.0,157.122,157.14,157.24020218698436
2025-12-19T14:20:00Z,157.133,157.195,157.12,157.194,1005.0,157.185,157.203,157.23404189538644
2025-12-19T14:25:00Z,157.194,157.208,157.094,157.205,1184.0,157.196,157.214,157.23016964266824
2025-12-19T14:30:00Z,157.206,157.282,157.17,157.278,1810.0,157.27,157.287,157.2365470236458
2025-12-19T14:35:00Z,157.28,157.327,157.28,157.312,1618.0,157.303,157.321,157.24660742049304
2025-12-19T14:40:00Z,157.312,157.344,157.278,157.321,1270.0,157.311,157.331,157.25652643109396
2025-12-19T14:45:00Z,157.322,157.385,157.288,157.351,1643.0,157.342,157.36,157.2691229069481
2025-12-19T14:50:00Z,157.35,157.39,157.324,157.362,1267.0,157.353,157.372,157.28150651935502
2025-12-19T14:55:00Z,157.362,157.426,157.358,157.421,972.0,157.408,157.434,157.3001056501077
2025-12-19T15:00:00Z,157.422,157.478,157.37,157.402,1599.0,157.393,157.41,157.3136915634267
2025-12-19T15:05:00Z,157.401,157.424,157.356,157.385,1391.0,157.376,157.394,157.3231993549698
2025-12-19T15:10:00Z,157.386,157.444,157.374,157.444,1318.0,157.435,157.453,157.3393061076405
2025-12-19T15:15:00Z,157.444,157.457,157.396,157.418,906.0,157.41,157.426,157.34979862662178
2025-12-19T15:20:00Z,157.414,157.429,157.395,157.422,899.0,157.416,157.429,157.35942547640553
2025-12-19T15:25:00Z,157.423,157.431,157.381,157.42,1153.0,157.412,157.429,157.36750207955146
2025-12-19T15:30:00Z,157.42,157.479,157.404,157.468,1129.0,157.459,157.478,157.38090180227792
2025-12-19T15:35:00Z,157.468,157.492,157.466,157.478,622.0,157.47,157.486,157.39384822864088
2025-12-19T15:40:00Z,157.478,157.49,157.443,157.478,789.0,157.469,157.486,157.4050684648221
2025-12-19T15:45:00Z,157.478,157.483,157.412,157.417,721.0,157.408,157.426,157.40665933617916
2025-12-19T15:50:00Z,157.418,157.49,157.417,157.484,1063.0,157.477,157.492,157.4169714246886
2025-12-19T15:55:00Z,157.482,157.49,157.443,157.475,1708.0,157.467,157.483,157.42470856806347
2025-12-19T16:00:00Z,157.475,157.486,157.446,157.471,1325.0,157.463,157.479,157.43088075898834
2025-12-19T16:05:00Z,157.47,157.484,157.442,157.476,866.0,157.468,157.485,157.4368966577899
2025-12-19T16:10:00Z,157.474,157.478,157.449,157.47,771.0,157.462,157.478,157.44131043675125
2025-12-19T16:15:00Z,157.47,157.473,157.445,157.456,1004.0,157.448,157.464,157.44326904518442
2025-12-19T16:20:00Z,157.454,157.488,157.452,157.469,747.0,157.461,157.477,157.44669983915983
2025-12-19T16:25:00Z,157.468,157.486,157.457,157.47,570.0,157.463,157.477,157.44980652727185
2025-12-19T16:30:00Z,157.471,157.488,157.466,157.482,532.0,157.475,157.49,157.45409899030227
2025-12-19T16:35:00Z,157.482,157.49,157.454,157.456,477.0,157.448,157.463,157.45435245826198
2025-12-19T16:40:00Z,157.456,157.462,157.444,157.457,374.0,157.448,157.466,157.45470546382705
2025-12-19T16:45:00Z,157.458,157.46,157.406,157.418,697.0,157.41,157.426,157.44981140198345
2025-12-19T16:50:00Z,157.418,157.459,157.417,157.444,574.0,157.436,157.451,157.44903654838566
2025-12-19T16:55:00Z,157.444,157.445,157.424,157.43,459.0,157.421,157.438,157.44649834193424
2025-12-19T17:00:00Z,157.431,157.466,157.425,157.46,602.0,157.452,157.467,157.44829856300967
2025-12-19T17:05:00Z,157.458,157.48,157.452,157.458,375.0,157.45,157.466,157.4495920879417
2025-12-19T17:10:00Z,157.458,157.67,157.456,157.618,1376.0,157.609,157.628,157.47204647621615
2025-12-19T17:15:00Z,157.617,157.617,157.414,157.504,1385.0,157.495,157.512,157.476306946054
2025-12-19T17:20:00Z,157.503,157.568,157.503,157.55,848.0,157.543,157.557,157.48613268658013
2025-12-19T17:25:00Z,157.55,157.573,157.528,157.537,818.0,157.529,157.545,157.49291499503613
2025-12-19T17:30:00Z,157.536,157.541,157.501,157.54,656.0,157.532,157.548,157.499192995698
2025-12-19T17:35:00Z,157.542,157.544,157.497,157.54,474.0,157.53,157.549,157.50463392960492
2025-12-19T17:40:00Z,157.538,157.54,157.488,157.502,520.0,157.493,157.51,157.50428273899095
2025-12-19T17:45:00Z,157.502,157.509,157.464,157.465,400.0,157.456,157.474,157.49904504045884
2025-12-19T17:50:00Z,157.464,157.469,157.438,157.453,383.0,157.446,157.46,157.492905701731
2025-12-19T17:55:00Z,157.452,157.466,157.424,157.438,587.0,157.429,157.447,157.4855849415002
2025-12-19T18:00:00Z,157.438,157.492,157.431,157.454,613.0,157.446,157.463,157.48137361596685
2025-12-19T18:05:00Z,157.454,157.468,157.436,157.443,417.0,157.435,157.451,157.47625713383795
2025-12-19T18:10:00Z,157.444,157.454,157.427,157.429,592.0,157.421,157.437,157.46995618265956
2025-12-19T18:15:00Z,157.428,157.444,157.414,157.418,671.0,157.411,157.425,157.4630286916383
2025-12-19T18:20:00Z,157.418,157.433,157.404,157.406,676.0,157.398,157.415,157.45542486608653
2025-12-19T18:25:00Z,157.405,157.431,157.402,157.428,734.0,157.421,157.435,157.451768217275
2025-12-19T18:30:00Z,157.429,157.488,157.42,157.442,946.0,157.434,157.449,157.450465788305
2025-12-19T18:35:00Z,157.438,157.466,157.434,157.456,567.0,157.447,157.464,157.45120368319766
2025-12-19T18:40:00Z,157.455,157.488,157.452,157.488,641.0,157.478,157.497,157.4561098587713
2025-12-19T18:45:00Z,157.486,157.498,157.478,157.492,327.0,157.483,157.5,157.46089521093512
2025-12-19T18:50:00Z,157.491,157.504,157.476,157.488,435.0,157.48,157.497,157.46450918281045
2025-12-19T18:55:00Z,157.49,157.531,157.483,157.522,741.0,157.514,157.529,157.47217462510238
2025-12-19T19:00:00Z,157.523,157.54,157.502,157.526,706.0,157.518,157.533,157.4793513417554
2025-12-19T19:05:00Z,157.525,157.544,157.516,157.542,400.0,157.533,157.55,157.48770449618803
2025-12-19T19:10:00Z,157.541,157.542,157.518,157.538,436.0,157.531,157.546,157.49441056336298
2025-12-19T19:15:00Z,157.54,157.563,157.529,157.542,655.0,157.536,157.548,157.50075582158127
2025-12-19T19:20:00Z,157.541,157.555,157.539,157.54,432.0,157.533,157.546,157.50598837870376
2025-12-19T19:25:00Z,157.54,157.558,157.528,157.547,681.0,157.541,157.553,157.5114565948766
2025-12-19T19:30:00Z,157.548,157.588,157.548,157.582,485.0,157.573,157.591,157.5208623822264
2025-12-19T19:35:00Z,157.582,157.59,157.576,157.579,529.0,157.571,157.587,157.5286140645962
2025-12-19T19:40:00Z,157.578,157.58,157.538,157.554,425.0,157.545,157.562,157.5319988559834
2025-12-19T19:45:00Z,157.553,157.554,157.527,157.528,492.0,157.52,157.537,157.53146567518561
2025-12-19T19:50:00Z,157.53,157.544,157.526,157.526,582.0,157.519,157.534,157.5307369184942
2025-12-19T19:55:00Z,157.527,157.55,157.515,157.53,599.0,157.522,157.538,157.53063866269497
2025-12-19T20:00:00Z,157.532,157.532,157.477,157.526,585.0,157.517,157.534,157.53002017433565
2025-12-19T20:05:00Z,157.527,157.532,157.513,157.531,480.0,157.524,157.538,157.53015081775757
2025-12-19T20:10:00Z,157.532,157.544,157.53,157.54,336.0,157.534,157.546,157.53146404205657
2025-12-19T20:15:00Z,157.54,157.56,157.538,157.554,362.0,157.548,157.561,157.53446883644904
2025-12-19T20:20:00Z,157.555,157.569,157.548,157.568,411.0,157.562,157.574,157.53893965825583
2025-12-19T20:25:00Z,157.567,157.58,157.559,157.578,503.0,157.571,157.586,157.54414770382172
2025-12-19T20:30:00Z,157.578,157.59,157.572,157.59,308.0,157.582,157.598,157.55026134331217
2025-12-19T20:35:00Z,157.59,157.605,157.582,157.6,178.0,157.592,157.607,157.5568931642039
2025-12-19T20:40:00Z,157.6,157.606,157.574,157.584,247.0,157.575,157.592,157.56050740897672
2025-12-19T20:45:00Z,157.581,157.592,157.548,157.59,438.0,157.581,157.598,157.56443975444648
2025-12-19T20:50:00Z,157.585,157.682,157.582,157.675,739.0,157.667,157.683,157.5791811205203
2025-12-19T20:55:00Z,157.676,157.702,157.648,157.692,766.0,157.685,157.699,157.59422363778427
2025-12-19T21:00:00Z,157.692,157.694,157.644,157.67,669.0,157.662,157.679,157.60432715274638
2025-12-19T21:05:00Z,157.67,157.692,157.638,157.685,224.0,157.677,157.693,157.6150835323802
2025-12-19T21:10:00Z,157.686,157.718,157.685,157.692,244.0,157.683,157.701,157.62533906139618
2025-12-19T21:15:00Z,157.692,157.706,157.682,157.694,126.0,157.686,157.703,157.63449385321002
2025-12-19T21:20:00Z,157.692,157.717,157.688,157.716,151.0,157.707,157.726,157.6453613394487
2025-12-19T21:25:00Z,157.717,157.735,157.708,157.722,323.0,157.713,157.732,157.65557982752222
2025-12-19T21:30:00Z,157.723,157.756,157.722,157.75,170.0,157.742,157.757,157.6681691838526
2025-12-19T21:35:00Z,157.75,157.758,157.728,157.753,185.0,157.743,157.763,157.67947995933892
2025-12-19T21:40:00Z,157.752,157.764,157.727,157.728,128.0,157.716,157.741,157.68594929809373
2025-12-19T21:45:00Z,157.728,157.756,157.727,157.74,560.0,157.725,157.754,157.6931560583479
2025-12-19T21:50:00Z,157.739,157.771,157.735,157.771,1448.0,157.762,157.78,157.7035352505682
2025-12-19T21:55:00Z,157.772,157.786,157.714,157.723,1147.0,157.703,157.743,157.70613055049245
2025-12-21T22:00:00Z,157.547,157.547,157.541,157.541,2.0,157.491,157.591,157.68411314376013
2025-12-21T22:05:00Z,157.535,157.674,157.534,157.654,47.0,157.604,157.704,157.68009805792545
2025-12-21T22:10:00Z,157.649,157.666,157.609,157.609,22.0,157.559,157.659,157.6706183168687
2025-12-21T22:15:00Z,157.604,157.632,157.562,157.626,397.0,157.591,157.661,157.6646692079529
2025-12-21T22:20:00Z,157.621,157.624,157.602,157.612,170.0,157.574,157.651,157.65764664689252
2025-12-21T22:25:00Z,157.614,157.642,157.598,157.621,123.0,157.593,157.649,157.65276042730684
2025-12-21T22:30:00Z,157.617,157.62,157.552,157.556,145.0,157.538,157.573,157.63985903699927
2025-12-21T22:35:00Z,157.555,157.555,157.51,157.53,159.0,157.51,157.55,157.62521116539938
2025-12-21T22:40:00Z,157.528,157.538,157.512,157.538,257.0,157.519,157.556,157.6135830100128
2025-12-21T22:45:00Z,157.537,157.544,157.478,157.516,1081.0,157.505,157.528,157.6005719420111
2025-12-21T22:50:00Z,157.516,157.532,157.45,157.498,5023.0,157.468,157.527,157.58689568307628
2025-12-21T22:55:00Z,157.49,157.528,157.442,157.492,2416.0,157.472,157.512,157.57424292533278
2025-12-21T23:00:00Z,157.493,157.582,157.49,157.574,466.0,157.56,157.588,157.57421053528842
2025-12-21T23:05:00Z,157.574,157.588,157.536,157.587,398.0,157.566,157.608,157.57591579724996
2025-12-21T23:10:00Z,157.588,157.594,157.567,157.584,351.0,157.568,157.6,157.57699369094996
2025-12-21T23:15:00Z,157.585,157.593,157.573,157.576,818.0,157.566,157.587,157.5768611988233
2025-12-21T23:20:00Z,157.576,157.61,157.574,157.609,309.0,157.596,157.622,157.58114637231353
2025-12-21T23:25:00Z,157.61,157.642,157.592,157.604,1026.0,157.595,157.613,157.58419352267174
2025-12-21T23:30:00Z,157.605,157.641,157.603,157.626,901.0,157.617,157.635,157.58976771964885
2025-12-21T23:35:00Z,157.626,157.626,157.6,157.61,309.0,157.6,157.621,157.592465357029
2025-12-21T23:40:00Z,157.611,157.682,157.611,157.672,390.0,157.66,157.685,157.6030699760918
2025-12-21T23:45:00Z,157.672,157.706,157.623,157.668,790.0,157.658,157.679,157.6117273126129
2025-12-21T23:50:00Z,157.668,157.714,157.668,157.692,1246.0,157.682,157.702,157.62243033759788
2025-12-21T23:55:00Z,157.694,157.697,157.624,157.628,848.0,157.618,157.638,157.6231729592515
2025-12-22T00:00:00Z,157.63,157.656,157.56,157.611,1667.0,157.604,157.618,157.62154989801797
2025-12-22T00:05:00Z,157.612,157.618,157.57,157.586,970.0,157.577,157.594,157.61680991161558
2025-12-22T00:10:00Z,157.585,157.588,157.53,157.544,911.0,157.533,157.556,157.60710192340017
2025-12-22T00:15:00Z,157.543,157.588,157.514,157.57,1118.0,157.562,157.578,157.60215500028013
2025-12-22T00:20:00Z,157.57,157.588,157.524,157.541,1299.0,157.53,157.552,157.5940010002428
2025-12-22T00:25:00Z,157.542,157.596,157.524,157.588,1454.0,157.578,157.599,157.59320086687708
2025-12-22T00:30:00Z,157.584,157.598,157.562,157.594,900.0,157.587,157.602,157.59330741796015
2025-12-22T00:35:00Z,157.594,157.663,157.589,157.636,1110.0,157.628,157.644,157.59899976223213
2025-12-22T00:40:00Z,157.636,157.638,157.527,157.543,854.0,157.533,157.553,157.59153312726784
2025-12-22T00:45:00Z,157.54,157.592,157.537,157.59,1032.0,157.581,157.598,157.5913287102988
2025-12-22T00:50:00Z,157.588,157.64,157.539,157.61,2015.0,157.6,157.621,157.5938182155923
2025-12-22T00:55:00Z,157.61,157.614,157.554,157.56,1148.0,157.554,157.566,157.58930912018
2025-12-22T01:00:00Z,157.557,157.572,157.49,157.534,1214.0,157.525,157.543,157.58193457082265
2025-12-22T01:05:00Z,157.534,157.558,157.49,157.494,445.0,157.483,157.504,157.57020996137965
2025-12-22T01:10:00Z,157.493,157.511,157.392,157.426,881.0,157.416,157.437,157.55098196652904
2025-12-22T01:15:00Z,157.428,157.474,157.422,157.473,606.0,157.465,157.481,157.54058437099184
2025-12-22T01:20:00Z,157.472,157.476,157.423,157.424,529.0,157.417,157.432,157.52503978819294
2025-12-22T01:25:00Z,157.424,157.425,157.374,157.39,967.0,157.38,157.399,157.50703448310054
2025-12-22T01:30:00Z,157.39,157.43,157.372,157.42,849.0,157.411,157.429,157.49542988535381
2025-12-22T01:35:00Z,157.42,157.428,157.382,157.397,903.0,157.388,157.406,157.48230590063997
2025-12-22T01:40:00Z,157.396,157.413,157.368,157.37,819.0,157.363,157.378,157.46733178055464
2025-12-22T01:45:00Z,157.37,157.374,157.311,157.344,613.0,157.337,157.351,157.45088754314736
2025-12-22T01:50:00Z,157.343,157.345,157.255,157.294,800.0,157.285,157.304,157.42996920406105
2025-12-22T01:55:00Z,157.294,157.322,157.294,157.294,588.0,157.286,157.301,157.41183997685292
2025-12-22T02:00:00Z,157.293,157.293,157.25,157.273,381.0,157.264,157.282,157.3933279799392
2025-12-22T02:05:00Z,157.275,157.306,157.256,157.27,365.0,157.262,157.279,157.37688424928064
2025-12-22T02:10:00Z,157.272,157.287,157.236,157.236,292.0,157.226,157.245,157.35809968270988
2025-12-22T02:15:00Z,157.234,157.258,157.23,157.248,516.0,157.239,157.256,157.34341972501522
2025-12-22T02:20:00Z,157.248,157.28,157.247,157.276,353.0,157.267,157.284,157.33443042834654
2025-12-22T02:25:00Z,157.276,157.297,157.259,157.274,341.0,157.265,157.284,157.32637303790034
2025-12-22T02:30:00Z,157.276,157.296,157.246,157.294,560.0,157.286,157.303,157.32205663284697
2025-12-22T02:35:00Z,157.296,157.354,157.286,157.349,622.0,157.343,157.355,157.32564908180072
2025-12-22T02:40:00Z,157.348,157.382,157.348,157.372,575.0,157.364,157.379,157.3318292042273
2025-12-22T02:45:00Z,157.372,157.424,157.368,157.407,560.0,157.398,157.416,157.341851976997
2025-12-22T02:50:00Z,157.406,157.41,157.38,157.396,527.0,157.387,157.405,157.3490717133974
2025-12-22T02:55:00Z,157.396,157.426,157.392,157.424,420.0,157.415,157.433,157.35906215161108
2025-12-22T03:00:00Z,157.424,157.454,157.396,157.406,457.0,157.398,157.415,157.36532053139626
2025-12-22T03:05:00Z,157.408,157.458,157.407,157.456,440.0,157.449,157.463,157.3774111272101
2025-12-22T03:10:00Z,157.456,157.458,157.442,157.454,507.0,157.445,157.462,157.38762297691542
2025-12-22T03:15:00Z,157.453,157.458,157.418,157.419,452.0,157.411,157.427,157.39180657999339
2025-12-22T03:20:00Z,157.42,157.463,157.412,157.446,534.0,157.439,157.453,157.3990323693276
2025-12-22T03:25:00Z,157.446,157.456,157.43,157.455,571.0,157.446,157.464,157.40649472008394
2025-12-22T03:30:00Z,157.456,157.46,157.432,157.457,495.0,157.448,157.466,157.41322875740607
2025-12-22T03:35:00Z,157.458,157.472,157.436,157.448,643.0,157.44,157.456,157.41786492308526
2025-12-22T03:40:00Z,157.448,157.46,157.342,157.344,476.0,157.338,157.351,157.40801626667388
2025-12-22T03:45:00Z,157.345,157.351,157.306,157.328,622.0,157.32,157.336,157.39734743111737
2025-12-22T03:50:00Z,157.328,157.328,157.282,157.298,649.0,157.288,157.307,157.3841011069684
2025-12-22T03:55:00Z,157.296,157.339,157.277,157.332,636.0,157.325,157.34,157.37715429270594
2025-12-22T04:00:00Z,157.333,157.365,157.309,157.309,805.0,157.302,157.316,157.3680670536785
2025-12-22T04:05:00Z,157.31,157.31,157.282,157.296,479.0,157.286,157.305,157.35845811318802
2025-12-22T04:10:00Z,157.296,157.314,157.285,157.304,370.0,157.296,157.313,157.35119703142962
2025-12-22T04:15:00Z,157.302,157.318,157.292,157.298,323.0,157.289,157.307,157.34410409390568
2025-12-22T04:20:00Z,157.296,157.346,157.296,157.325,455.0,157.316,157.334,157.34155688138492
2025-12-22T04:25:00Z,157.324,157.336,157.31,157.324,440.0,157.316,157.331,157.33921596386693
2025-12-22T04:30:00Z,157.323,157.326,157.308,157.322,203.0,157.313,157.331,157.33692050201802
2025-12-22T04:35:00Z,157.321,157.334,157.306,157.306,288.0,157.298,157.314,157.33279776841562
2025-12-22T04:40:00Z,157.306,157.315,157.28,157.285,464.0,157.277,157.293,157.32642473262686
2025-12-22T04:45:00Z,157.286,157.302,157.264,157.3,451.0,157.293,157.308,157.32290143494328
2025-12-22T04:50:00Z,157.3,157.336,157.264,157.312,799.0,157.303,157.32,157.32144791028418
2025-12-22T04:55:00Z,157.312,157.336,157.304,157.313,835.0,157.305,157.321,157.32032152224627
2025-12-22T05:00:00Z,157.312,157.358,157.308,157.358,705.0,157.349,157.368,157.3253453192801
2025-12-22T05:05:00Z,157.358,157.392,157.353,157.354,496.0,157.345,157.362,157.3291659433761
2025-12-22T05:10:00Z,157.354,157.356,157.27,157.284,423.0,157.276,157.291,157.3231438175926
2025-12-22T05:15:00Z,157.284,157.298,157.265,157.288,498.0,157.278,157.297,157.31845797524693
2025-12-22T05:20:00Z,157.286,157.296,157.273,157.284,288.0,157.277,157.292,157.31386357854734
2025-12-22T05:25:00Z,157.286,157.326,157.286,157.324,408.0,157.316,157.333,157.31521510140772
2025-12-22T05:30:00Z,157.324,157.35,157.296,157.336,613.0,157.328,157.344,157.31798642122004
2025-12-22T05:35:00Z,157.336,157.354,157.322,157.33,536.0,157.324,157.337,157.31958823172405
2025-12-22T05:40:00Z,157.332,157.336,157.31,157.322,660.0,157.314,157.33,157.31990980082753
2025-12-22T05:45:00Z,157.322,157.338,157.3,157.31,538.0,157.302,157.317,157.31858849405054
2025-12-22T05:50:00Z,157.308,157.347,157.302,157.338,391.0,157.33,157.347,157.3211766948438
2025-12-22T05:55:00Z,157.339,157.372,157.31,157.364,815.0,157.356,157.372,157.32688646886464
2025-12-22T06:00:00Z,157.365,157.398,157.355,157.372,598.0,157.363,157.38,157.33290160634937
2025-12-22T06:05:00Z,157.372,157.376,157.322,157.324,520.0,157.317,157.331,157.3317147255028
2025-12-22T06:10:00Z,157.323,157.36,157.323,157.352,422.0,157.343,157.361,157.33441942876908
2025-12-22T06:15:00Z,157.35,157.35,157.27,157.307,566.0,157.301,157.313,157.3307635049332
2025-12-22T06:20:00Z,157.303,157.313,157.286,157.308,570.0,157.3,157.316,157.3277283709421
2025-12-22T06:25:00Z,157.304,157.358,157.298,157.331,660.0,157.323,157.339,157.32816458814983
2025-12-22T06:30:00Z,157.332,157.377,157.323,157.346,649.0,157.338,157.353,157.33054264306318
2025-12-22T06:35:00Z,157.345,157.396,157.332,157.383,718.0,157.374,157.392,157.33753695732142
2025-12-22T06:40:00Z,157.384,157.384,157.344,157.345,410.0,157.337,157.353,157.33853202967856
2025-12-22T06:45:00Z,157.346,157.386,157.324,157.377,496.0,157.368,157.386,157.3436610923881
2025-12-22T06:50:00Z,157.378,157.436,157.378,157.428,775.0,157.419,157.436,157.35490628006968
2025-12-22T06:55:00Z,157.426,157.426,157.34,157.345,421.0,157.337,157.353,157.35358544272705
2025-12-22T07:00:00Z,157.346,157.358,157.312,157.349,732.0,157.342,157.356,157.35297405036346
2025-12-22T07:05:00Z,157.35,157.392,157.342,157.389,574.0,157.38,157.398,157.357777510315
2025-12-22T07:10:00Z,157.389,157.42,157.364,157.416,652.0,157.407,157.425,157.36554050893966
2025-12-22T07:15:00Z,157.418,157.444,157.406,157.415,461.0,157.407,157.423,157.3721351077477
2025-12-22T07:20:00Z,157.413,157.458,157.413,157.456,420.0,157.448,157.465,157.38331709338135
2025-12-22T07:25:00Z,157.456,157.466,157.42,157.433,493.0,157.424,157.442,157.3899414809305
2025-12-22T07:30:00Z,157.434,157.443,157.409,157.41,432.0,157.403,157.417,157.39261595013977
2025-12-22T07:35:00Z,157.41,157.432,157.374,157.376,468.0,157.369,157.383,157.39040049012115
2025-12-22T07:40:00Z,157.377,157.404,157.349,157.362,569.0,157.353,157.37,157.386613758105
2025-12-22T07:45:00Z,157.363,157.398,157.363,157.394,286.0,157.387,157.4,157.38759859035767
2025-12-22T07:50:00Z,157.393,157.458,157.374,157.423,716.0,157.415,157.431,157.39231877830997
2025-12-22T07:55:00Z,157.424,157.566,157.424,157.494,1129.0,157.485,157.503,157.4058762745353
2025-12-22T08:00:00Z,157.495,157.5,157.416,157.436,1645.0,157.428,157.445,157.40989277126394
2025-12-22T08:05:00Z,157.436,157.472,157.421,157.46,1094.0,157.452,157.468,157.41657373509543
2025-12-22T08:10:00Z,157.46,157.486,157.446,157.46,633.0,157.453,157.468,157.42236390374939
2025-12-22T08:15:00Z,157.46,157.472,157.402,157.412,918.0,157.404,157.421,157.42098204991615
2025-12-22T08:20:00Z,157.412,157.439,157.398,157.434,712.0,157.425,157.444,157.422717776594
2025-12-22T08:25:00Z,157.436,157.439,157.388,157.388,685.0,157.38,157.397,157.41808873971482
2025-12-22T08:30:00Z,157.389,157.439,157.374,157.429,711.0,157.422,157.436,157.41954357441952
2025-12-22T08:35:00Z,157.428,157.526,157.412,157.512,809.0,157.504,157.521,157.43187109783025
2025-12-22T08:40:00Z,157.511,157.548,157.482,157.483,765.0,157.475,157.491,157.43868828478622
2025-12-22T08:45:00Z,157.483,157.484,157.432,157.448,661.0,157.44,157.456,157.43992984681472
2025-12-22T08:50:00Z,157.448,157.51,157.448,157.498,509.0,157.489,157.507,157.4476725339061
2025-12-22T08:55:00Z,157.496,157.552,157.482,157.546,948.0,157.539,157.553,157.46078286271862
2025-12-22T09:00:00Z,157.548,157.571,157.49,157.496,837.0,157.487,157.506,157.4654784810228
2025-12-22T09:05:00Z,157.496,157.51,157.489,157.496,471.0,157.487,157.505,157.46954801688645
2025-12-22T09:10:00Z,157.496,157.498,157.446,157.496,524.0,157.486,157.505,157.47307494796826
2025-12-22T09:15:00Z,157.495,157.524,157.47,157.508,556.0,157.498,157.517,157.4777316215725
2025-12-22T09:20:00Z,157.507,157.522,157.469,157.469,579.0,157.46,157.478,157.47656740536283
2025-12-22T09:25:00Z,157.47,157.5,157.468,157.494,676.0,157.486,157.503,157.47889175131445
2025-12-22T09:30:00Z,157.495,157.496,157.436,157.444,857.0,157.435,157.453,157.47423951780587
2025-12-22T09:35:00Z,157.444,157.462,157.418,157.425,572.0,157.417,157.433,157.4676742487651
2025-12-22T09:40:00Z,157.424,157.452,157.424,157.45,530.0,157.443,157.457,157.46531768226308
2025-12-22T09:45:00Z,157.45,157.466,157.448,157.463,508.0,157.456,157.47,157.46500865796133
2025-12-22T09:50:00Z,157.464,157.472,157.44,157.445,589.0,157.437,157.453,157.4623408368998
2025-12-22T09:55:00Z,157.445,157.466,157.437,157.462,513.0,157.455,157.469,157.46229539197984
2025-12-22T10:00:00Z,157.462,157.466,157.382,157.387,907.0,157.378,157.396,157.45225600638253
2025-12-22T10:05:00Z,157.388,157.398,157.354,157.374,769.0,157.367,157.382,157.4418218721982
2025-12-22T10:10:00Z,157.372,157.397,157.364,157.374,506.0,157.366,157.382,157.43277895590512
2025-12-22T10:15:00Z,157.374,157.39,157.354,157.374,666.0,157.366,157.382,157.42494176178445
2025-12-22T10:20:00Z,157.376,157.39,157.36,157.375,738.0,157.367,157.383,157.4182828602132
2025-12-22T10:25:00Z,157.376,157.391,157.37,157.376,601.0,157.367,157.386,157.4126451455181
2025-12-22T10:30:00Z,157.377,157.406,157.375,157.384,587.0,157.375,157.393,157.40882579278235
2025-12-22T10:35:00Z,157.384,157.402,157.374,157.375,561.0,157.367,157.383,157.40431568707805
2025-12-22T10:40:00Z,157.376,157.394,157.372,157.388,425.0,157.379,157.398,157.4021402621343
2025-12-22T10:45:00Z,157.388,157.403,157.384,157.394,432.0,157.386,157.403,157.40105489384973
2025-12-22T10:50:00Z,157.394,157.412,157.384,157.4,390.0,157.391,157.408,157.40091424133644
2025-12-22T10:55:00Z,157.4,157.42,157.392,157.396,617.0,157.387,157.404,157.40025900915825
2025-12-22T11:00:00Z,157.396,157.408,157.346,157.362,484.0,157.354,157.371,157.39515780793715
2025-12-22T11:05:00Z,157.362,157.362,157.342,157.362,520.0,157.354,157.371,157.39073676687886
2025-12-22T11:10:00Z,157.361,157.374,157.338,157.35,636.0,157.342,157.357,157.38530519796169
2025-12-22T11:15:00Z,157.35,157.376,157.348,157.372,462.0,157.363,157.381,157.3835311715668
2025-12-22T11:20:00Z,157.374,157.374,157.348,157.362,604.0,157.353,157.371,157.38066034869124
2025-12-22T11:25:00Z,157.361,157.381,157.36,157.38,410.0,157.371,157.388,157.38057230219908
2025-12-22T11:30:00Z,157.38,157.421,157.376,157.4,581.0,157.391,157.41,157.38316266190589
2025-12-22T11:35:00Z,157.401,157.428,157.4,157.404,561.0,157.395,157.413,157.38594097365177
2025-12-22T11:40:00Z,157.405,157.422,157.369,157.374,519.0,157.366,157.381,157.38434884383153
2025-12-22T11:45:00Z,157.374,157.415,157.36,157.413,506.0,157.405,157.421,157.38816899798732
2025-12-22T11:50:00Z,157.414,157.426,157.396,157.416,504.0,157.408,157.425,157.39187979825567
2025-12-22T11:55:00Z,157.416,157.424,157.39,157.414,766.0,157.406,157.423,157.39482915848825
2025-12-22T12:00:00Z,157.415,157.424,157.379,157.383,866.0,157.375,157.391,157.3932519373565
2025-12-22T12:05:00Z,157.384,157.404,157.358,157.372,638.0,157.363,157.381,157.39041834570898
2025-12-22T12:10:00Z,157.372,157.416,157.367,157.4,615.0,157.393,157.408,157.39169589961446
2025-12-22T12:15:00Z,157.4,157.401,157.374,157.399,641.0,157.39,157.408,157.39266977966588
2025-12-22T12:20:00Z,157.4,157.419,157.398,157.412,774.0,157.403,157.42,157.39524714237712
2025-12-22T12:25:00Z,157.412,157.431,157.4,157.426,676.0,157.418,157.434,157.39934752339352
2025-12-22T12:30:00Z,157.426,157.434,157.396,157.408,784.0,157.4,157.415,157.40050118694106
2025-12-22T12:35:00Z,157.408,157.425,157.402,157.412,569.0,157.405,157.42,157.4020343620156
2025-12-22T12:40:00Z,157.412,157.426,157.382,157.39,859.0,157.382,157.397,157.40042978041353
2025-12-22T12:45:00Z,157.389,157.423,157.386,157.41,681.0,157.403,157.416,157.40170580969172
2025-12-22T12:50:00Z,157.411,157.42,157.378,157.386,746.0,157.379,157.392,157.39961170173282
2025-12-22T12:55:00Z,157.386,157.402,157.376,157.398,811.0,157.391,157.405,157.39939680816846
2025-12-22T13:00:00Z,157.398,157.398,157.33,157.352,1037.0,157.344,157.36,157.393077233746
2025-12-22T13:05:00Z,157.35,157.353,157.303,157.315,881.0,157.306,157.324,157.3826669359132
2025-12-22T13:10:00Z,157.315,157.316,156.872,157.124,4053.0,157.116,157.132,157.34817801112476
2025-12-22T13:15:00Z,157.124,157.292,157.106,157.244,1808.0,157.234,157.253,157.33428760964145
2025-12-22T13:20:00Z,157.245,157.292,157.225,157.262,1227.0,157.252,157.271,157.32464926168925
2025-12-22T13:25:00Z,157.263,157.306,157.261,157.264,850.0,157.258,157.27,157.31656269346402
2025-12-22T13:30:00Z,157.262,157.262,157.137,157.142,1126.0,157.134,157.149,157.29328766766884
2025-12-22T13:35:00Z,157.14,157.154,157.026,157.09,1417.0,157.082,157.097,157.266182645313
2025-12-22T13:40:00Z,157.09,157.1,156.996,157.043,1268.0,157.033,157.053,157.23642495927126
2025-12-22T13:45:00Z,157.044,157.132,157.032,157.118,1253.0,157.109,157.126,157.22063496470176
2025-12-22T13:50:00Z,157.118,157.163,157.08,157.099,1038.0,157.091,157.107,157.2044169694082
2025-12-22T13:55:00Z,157.098,157.196,157.062,157.188,1288.0,157.18,157.197,157.20222804015376
2025-12-22T14:00:00Z,157.188,157.196,157.143,157.17,1107.0,157.162,157.178,157.19793096813325
2025-12-22T14:05:00Z,157.171,157.224,157.171,157.186,1156.0,157.178,157.194,157.19634017238215
2025-12-22T14:10:00Z,157.186,157.188,157.12,157.124,812.0,157.115,157.132,157.18669481606454
2025-12-22T14:15:00Z,157.122,157.162,157.056,157.057,851.0,157.049,157.065,157.1694021739226
2025-12-22T14:20:00Z,157.056,157.076,157.026,157.036,977.0,157.029,157.044,157.1516152173996
2025-12-22T14:25:00Z,157.036,157.044,156.947,156.948,1103.0,156.94,156.956,157.12446652174634
2025-12-22T14:30:00Z,156.948,157.002,156.924,156.99,1600.0,156.98,156.999,157.10653765218018
2025-12-22T14:35:00Z,156.989,157.019,156.929,156.993,1676.0,156.985,157.001,157.09139929855615
2025-12-22T14:40:00Z,156.994,157.0,156.91,156.915,1331.0,156.907,156.923,157.067879392082
2025-12-22T14:45:00Z,156.914,157.002,156.908,156.992,1143.0,156.984,157.001,157.0577621398044
2025-12-22T14:50:00Z,156.993,157.04,156.962,157.04,1060.0,157.032,157.048,157.05539385449714
2025-12-22T14:55:00Z,157.037,157.054,157.012,157.018,1344.0,157.01,157.027,157.05040800723086
2025-12-22T15:00:00Z,157.019,157.076,156.968,156.985,1364.0,156.977,156.993,157.04168693960008
2025-12-22T15:05:00Z,156.986,157.063,156.98,157.055,1222.0,157.048,157.062,157.04346201432008
2025-12-22T15:10:00Z,157.053,157.076,157.01,157.067,1256.0,157.059,157.075,157.04660041241075
2025-12-22T15:15:00Z,157.066,157.122,157.012,157.032,1374.0,157.024,157.04,157.04465369075598
2025-12-22T15:20:00Z,157.032,157.082,157.008,157.08,1275.0,157.072,157.088,157.0493665319885
2025-12-22T15:25:00Z,157.08,157.094,157.042,157.054,951.0,157.045,157.063,157.0499843277234
2025-12-22T15:30:00Z,157.055,157.065,156.99,156.994,824.0,156.986,157.003,157.0425197506936
2025-12-22T15:35:00Z,156.994,156.995,156.954,156.966,857.0,156.957,156.974,157.03231711726778
2025-12-22T15:40:00Z,156.966,156.974,156.947,156.966,707.0,156.958,156.974,157.0234748349654
2025-12-22T15:45:00Z,156.966,157.021,156.956,156.982,1040.0,156.973,156.991,157.01794485697002
2025-12-22T15:50:00Z,156.984,157.016,156.967,156.992,1093.0,156.984,157.001,157.01448554270735
2025-12-22T15:55:00Z,156.994,157.028,156.914,156.976,1647.0,156.967,156.985,157.00935413701305
2025-12-22T16:00:00Z,156.977,157.038,156.968,157.026,1021.0,157.018,157.035,157.01157358541133
2025-12-22T16:05:00Z,157.027,157.046,156.958,156.973,547.0,156.965,156.981,157.00643044068983
2025-12-22T16:10:00Z,156.974,156.974,156.907,156.908,637.0,156.9,156.916,156.99330638193118
2025-12-22T16:15:00Z,156.908,156.91,156.86,156.882,829.0,156.875,156.889,156.97846553100703
2025-12-22T16:20:00Z,156.88,156.974,156.866,156.97,1072.0,156.963,156.977,156.97733679353942
2025-12-22T16:25:00Z,156.969,156.994,156.941,156.97,928.0,156.961,156.979,156.97635855440083
2025-12-22T16:30:00Z,156.972,156.976,156.925,156.956,1107.0,156.947,156.965,156.9736440804807
2025-12-22T16:35:00Z,156.956,156.992,156.956,156.979,988.0,156.971,156.987,156.97435820308328
2025-12-22T16:40:00Z,156.98,156.992,156.93,156.932,710.0,156.923,156.94,156.96871044267218
2025-12-22T16:45:00Z,156.932,156.944,156.916,156.922,899.0,156.914,156.93,156.96248238364922
2025-12-22T16:50:00Z,156.922,156.934,156.894,156.929,882.0,156.921,156.937,156.95801806582932
2025-12-22T16:55:00Z,156.93,156.938,156.918,156.938,839.0,156.931,156.946,156.9553489903854
2025-12-22T17:00:00Z,156.942,156.944,156.841,156.909,798.0,156.901,156.917,156.94916912500068
2025-12-22T17:05:00Z,156.908,156.912,156.856,156.886,546.0,156.878,156.893,156.9407465750006
2025-12-22T17:10:00Z,156.885,156.911,156.875,156.876,437.0,156.867,156.884,156.93211369833384
2025-12-22T17:15:00Z,156.874,156.892,156.854,156.887,509.0,156.878,156.896,156.926098538556
2025-12-22T17:20:00Z,156.886,156.886,156.864,156.87,298.0,156.861,156.879,156.9186187334152
2025-12-22T17:25:00Z,156.868,156.884,156.838,156.84,277.0,156.832,156.847,156.9081362356265
2025-12-22T17:30:00Z,156.839,156.848,156.786,156.796,649.0,156.787,156.804,156.89318473754298
2025-12-22T17:35:00Z,156.796,156.814,156.724,156.726,718.0,156.717,156.735,156.8708934392039
2025-12-22T17:40:00Z,156.726,156.808,156.705,156.807,769.0,156.8,156.814,156.86237431397672
2025-12-22T17:45:00Z,156.808,156.836,156.805,156.806,557.0,156.797,156.814,156.85485773877983
2025-12-22T17:50:00Z,156.807,156.852,156.786,156.838,421.0,156.83,156.847,156.85261004027586
2025-12-22T17:55:00Z,156.838,156.87,156.834,156.848,397.0,156.841,156.856,156.8519953682391
2025-12-22T18:00:00Z,156.848,156.903,156.848,156.896,672.0,156.888,156.905,156.8578626524739
2025-12-22T18:05:00Z,156.898,156.924,156.898,156.921,651.0,156.913,156.929,156.8662809654774
2025-12-22T18:10:00Z,156.922,156.934,156.89,156.909,465.0,156.901,156.917,156.87197683674708
2025-12-22T18:15:00Z,156.908,156.926,156.888,156.906,531.0,156.898,156.915,156.87651325851414
2025-12-22T18:20:00Z,156.907,156.93,156.894,156.92,370.0,156.912,156.929,156.88231149071225
2025-12-22T18:25:00Z,156.921,156.984,156.918,156.968,733.0,156.96,156.977,156.89373662528396
2025-12-22T18:30:00Z,156.969,157.015,156.966,157.012,645.0,157.004,157.019,156.9095050752461
2025-12-22T18:35:00Z,157.012,157.024,156.982,156.984,469.0,156.976,156.993,156.91943773187995
2025-12-22T18:40:00Z,156.985,157.011,156.984,157.006,423.0,156.999,157.014,156.9309793676293
2025-12-22T18:45:00Z,157.008,157.015,156.984,156.986,474.0,156.979,156.994,156.9383154519454
2025-12-22T18:50:00Z,156.99,156.996,156.94,156.948,508.0,156.942,156.954,156.93960672501936
2025-12-22T18:55:00Z,156.947,156.95,156.928,156.949,226.0,156.942,156.956,156.94085916168345
2025-12-22T19:00:00Z,156.95,156.968,156.946,156.96,449.0,156.952,156.969,156.943411273459
2025-12-22T19:05:00Z,156.961,156.988,156.953,156.981,540.0,156.972,156.99,156.94842310366445
2025-12-22T19:10:00Z,156.98,157.002,156.972,156.996,450.0,156.988,157.005,156.95476668984253
2025-12-22T19:15:00Z,156.994,157.034,156.994,157.02,503.0,157.012,157.029,156.9634644645302
2025-12-22T19:20:00Z,157.02,157.034,157.004,157.018,477.0,157.009,157.026,156.9707358692595
2025-12-22T19:25:00Z,157.012,157.018,156.976,156.984,900.0,156.976,156.992,156.9725044200249
2025-12-22T19:30:00Z,156.984,156.992,156.96,156.971,982.0,156.964,156.978,156.97230383068825
2025-12-22T19:35:00Z,156.97,156.986,156.958,156.97,406.0,156.962,156.979,156.97199665326315
2025-12-22T19:40:00Z,156.972,156.982,156.946,156.971,877.0,156.962,156.98,156.9718637661614
2025-12-22T19:45:00Z,156.972,156.987,156.955,156.96,495.0,156.95,156.969,156.97028193067322
2025-12-22T19:50:00Z,156.96,156.974,156.925,156.933,769.0,156.924,156.942,156.96531100658348
2025-12-22T19:55:00Z,156.932,156.95,156.888,156.902,922.0,156.895,156.909,156.95686953903902
2025-12-22T20:00:00Z,156.903,156.983,156.902,156.974,665.0,156.966,156.981,156.95915360050049
2025-12-22T20:05:00Z,156.975,156.998,156.948,156.952,481.0,156.944,156.959,156.95819978710043
2025-12-22T20:10:00Z,156.95,156.962,156.936,156.948,442.0,156.94,156.957,156.95683981548703
2025-12-22T20:15:00Z,156.949,156.959,156.924,156.938,313.0,156.929,156.947,156.95432784008875
2025-12-22T20:20:00Z,156.937,156.947,156.912,156.926,327.0,156.917,156.935,156.95055079474358
2025-12-22T20:25:00Z,156.93,156.938,156.918,156.926,343.0,156.917,156.935,156.94727735544444
2025-12-22T20:30:00Z,156.927,156.94,156.926,156.938,265.0,156.929,156.947,156.9460403747185
2025-12-22T20:35:00Z,156.938,156.954,156.936,156.936,169.0,156.927,156.944,156.94470165808937
2025-12-22T20:40:00Z,156.936,156.948,156.93,156.938,353.0,156.929,156.946,156.94380810367747
2025-12-22T20:45:00Z,156.938,156.993,156.938,156.987,382.0,156.979,156.995,156.94956702318714
2025-12-22T20:50:00Z,156.986,156.99,156.96,156.982,377.0,156.975,156.99,156.95389142009552
2025-12-22T20:55:00Z,156.984,157.007,156.976,156.992,623.0,156.984,157.0,156.95897256408279
2025-12-22T21:00:00Z,156.991,157.014,156.99,156.998,272.0,156.989,157.007,156.96417622220508
2025-12-22T21:05:00Z,156.998,157.004,156.99,157.002,106.0,156.995,157.01,156.96921939257774
2025-12-22T21:10:00Z,157.004,157.014,156.985,157.0,206.0,156.993,157.008,156.97332347356738
2025-12-22T21:15:00Z,157.0,157.028,157.0,157.019,149.0,157.011,157.027,156.97941367709174
2025-12-22T21:20:00Z,157.02,157.025,157.001,157.01,169.0,157.003,157.018,156.9834918534795
2025-12-22T21:25:00Z,157.011,157.014,156.976,157.013,185.0,157.004,157.022,156.9874262730156
2025-12-22T21:30:00Z,157.012,157.027,157.008,157.026,181.0,157.018,157.034,156.9925694366135
2025-12-22T21:35:00Z,157.027,157.038,157.023,157.036,316.0,157.027,157.045,156.99836017839837
2025-12-22T21:40:00Z,157.034,157.036,157.026,157.032,218.0,157.023,157.04,157.00284548794525
2025-12-22T21:45:00Z,157.032,157.048,157.024,157.044,244.0,157.036,157.053,157.00833275621923
2025-12-22T21:50:00Z,157.044,157.045,157.016,157.034,300.0,157.024,157.043,157.01175505539
2025-12-22T21:55:00Z,157.034,157.048,157.018,157.036,375.0,157.026,157.045,157.01498771467135
2025-12-22T22:00:00Z,157.018,157.018,157.018,157.018,1.0,156.968,157.068,157.01538935271518
2025-12-22T22:05:00Z,157.029,157.041,156.974,156.993,144.0,156.943,157.043,157.0124041056865
2025-12-22T22:10:00Z,156.988,157.005,156.988,156.999,110.0,156.949,157.049,157.01061689159496
2025-12-22T22:15:00Z,156.995,157.004,156.982,156.985,62.0,156.935,157.035,157.00720130604898
2025-12-22T22:20:00Z,156.992,157.051,156.976,156.986,760.0,156.938,157.034,157.00437446524245
2025-12-22T22:25:00Z,156.98,157.047,156.98,157.038,735.0,157.021,157.055,157.0088578698768
2025-12-22T22:30:00Z,157.032,157.046,157.021,157.032,373.0,157.013,157.051,157.01194348722657
2025-12-22T22:35:00Z,157.032,157.033,157.012,157.016,76.0,156.995,157.037,157.01248435559637
2025-12-22T22:40:00Z,157.017,157.034,157.016,157.03,54.0,157.016,157.044,157.0148197748502
2025-12-22T22:45:00Z,157.03,157.03,157.026,157.03,28.0,157.013,157.047,157.01684380487018
2025-12-22T22:50:00Z,157.032,157.032,157.02,157.024,29.0,157.006,157.043,157.01779796422082
2025-12-22T22:55:00Z,157.024,157.031,157.023,157.03,31.0,157.011,157.048,157.01942490232472
2025-12-22T23:00:00Z,157.022,157.026,156.974,156.978,360.0,156.964,156.992,157.01390158201477
2025-12-22T23:05:00Z,156.978,157.004,156.942,156.974,466.0,156.957,156.992,157.00858137107946
2025-12-22T23:10:00Z,156.974,156.994,156.954,156.975,463.0,156.963,156.987,157.00410385493552
2025-12-22T23:15:00Z,156.974,156.974,156.938,156.942,333.0,156.931,156.952,156.99582334094413
2025-12-22T23:20:00Z,156.94,156.94,156.92,156.923,299.0,156.913,156.933,156.9861135621516
2025-12-22T23:25:00Z,156.922,156.926,156.872,156.889,202.0,156.879,156.899,156.97316508719805
2025-12-22T23:30:00Z,156.888,156.897,156.874,156.877,188.0,156.869,156.885,156.96034307557164
2025-12-22T23:35:00Z,156.876,156.902,156.862,156.888,583.0,156.879,156.898,156.9506973321621
2025-12-22T23:40:00Z,156.888,156.896,156.849,156.851,193.0,156.842,156.86,156.9374043545405
2025-12-22T23:45:00Z,156.85,156.891,156.836,156.863,362.0,156.853,156.873,156.9274837739351
2025-12-22T23:50:00Z,156.862,156.864,156.822,156.858,372.0,156.848,156.867,156.91821927074378
2025-12-22T23:55:00Z,156.858,156.922,156.847,156.92,429.0,156.91,156.931,156.91845670131127
2025-12-23T00:00:00Z,156.918,156.928,156.77,156.786,1014.0,156.776,156.795,156.90079580780312
2025-12-23T00:05:00Z,156.787,156.825,156.76,156.776,1011.0,156.768,156.783,156.8841563667627
2025-12-23T00:10:00Z,156.775,156.801,156.76,156.787,776.0,156.778,156.796,156.87120218452768
2025-12-23T00:15:00Z,156.787,156.808,156.78,156.805,566.0,156.797,156.813,156.86237522659064
2025-12-23T00:20:00Z,156.804,156.833,156.802,156.816,579.0,156.807,156.825,156.85619186304524
2025-12-23T00:25:00Z,156.816,156.836,156.771,156.78,368.0,156.772,156.789,156.84603294797253
2025-12-23T00:30:00Z,156.779,156.802,156.735,156.772,416.0,156.764,156.781,156.83616188824286
2025-12-23T00:35:00Z,156.768,156.768,156.716,156.751,512.0,156.744,156.758,156.82480696981048
2025-12-23T00:40:00Z,156.75,156.77,156.73,156.739,524.0,156.73,156.748,156.81336604050242
2025-12-23T00:45:00Z,156.736,156.754,156.703,156.731,654.0,156.722,156.74,156.80238390176876
2025-12-23T00:50:00Z,156.732,156.766,156.706,156.706,1207.0,156.697,156.715,156.78953271486625
2025-12-23T00:55:00Z,156.706,156.714,156.604,156.616,1475.0,156.608,156.625,156.76639501955077
2025-12-23T01:00:00Z,156.616,156.642,156.585,156.642,1114.0,156.633,156.65,156.749809016944
2025-12-23T01:05:00Z,156.641,156.656,156.582,156.584,792.0,156.575,156.593,156.72770114801813
2025-12-23T01:10:00Z,156.582,156.606,156.555,156.556,848.0,156.548,156.565,156.70480766161572
2025-12-23T01:15:00Z,156.556,156.567,156.518,156.553,923.0,156.544,156.562,156.68456664006695
2025-12-23T01:20:00Z,156.554,156.601,156.554,156.598,722.0,156.589,156.606,156.67302442139135
2025-12-23T01:25:00Z,156.598,156.605,156.558,156.569,417.0,156.561,156.577,156.65915449853918
2025-12-23T01:30:00Z,156.568,156.599,156.559,156.594,506.0,156.584,156.604,156.65046723206729
2025-12-23T01:35:00Z,156.594,156.596,156.534,156.534,464.0,156.524,156.543,156.63493826779165
2025-12-23T01:40:00Z,156.534,156.536,156.456,156.497,998.0,156.489,156.505,156.61654649875277
2025-12-23T01:45:00Z,156.496,156.52,156.46,156.482,743.0,156.475,156.49,156.59860696558573
2025-12-23T01:50:00Z,156.482,156.483,156.422,156.437,774.0,156.428,156.446,156.5770593701743
2025-12-23T01:55:00Z,156.436,156.464,156.424,156.462,488.0,156.454,156.47,156.56171812081774
2025-12-23T02:00:00Z,156.462,156.464,156.362,156.376,783.0,156.367,156.385,156.5369557047087
2025-12-23T02:05:00Z,156.376,156.414,156.337,156.386,1248.0,156.377,156.394,156.51682827741422
2025-12-23T02:10:00Z,156.386,156.476,156.373,156.462,576.0,156.453,156.471,156.50951784042567
2025-12-23T02:15:00Z,156.462,156.484,156.412,156.436,576.0,156.426,156.445,156.49971546170227
2025-12-23T02:20:00Z,156.436,156.438,156.366,156.416,505.0,156.408,156.425,156.48855340014197
2025-12-23T02:25:00Z,156.416,156.418,156.368,156.374,546.0,156.364,156.383,156.47327961345638
2025-12-23T02:30:00Z,156.373,156.374,156.338,156.343,508.0,156.335,156.351,156.45590899832888
2025-12-23T02:35:00Z,156.342,156.353,156.31,156.339,614.0,156.33,156.348,156.44032113188504
2025-12-23T02:40:00Z,156.338,156.339,156.276,156.294,693.0,156.286,156.302,156.4208116476337
2025-12-23T02:45:00Z,156.294,156.315,156.278,156.312,362.0,156.304,156.321,156.4063034279492
2025-12-23T02:50:00Z,156.312,156.341,156.289,156.302,678.0,156.293,156.312,156.39239630422264
2025-12-23T02:55:00Z,156.303,156.386,156.292,156.352,769.0,156.344,156.361,156.3870101303263
2025-12-23T03:00:00Z,156.353,156.353,156.256,156.256,807.0,156.248,156.263,156.36954211294946
2025-12-23T03:05:00Z,156.256,156.318,156.233,156.288,935.0,156.279,156.297,156.35866983122287
2025-12-23T03:10:00Z,156.288,156.318,156.28,156.301,455.0,156.292,156.31,156.35098052039316
2025-12-23T03:15:00Z,156.302,156.318,156.286,156.302,456.0,156.293,156.312,156.34444978434075
2025-12-23T03:20:00Z,156.303,156.342,156.278,156.311,546.0,156.303,156.319,156.33998981309531
2025-12-23T03:25:00Z,156.312,156.321,156.288,156.302,693.0,156.295,156.31,156.33492450468262
2025-12-23T03:30:00Z,156.302,156.318,156.284,156.286,579.0,156.279,156.294,156.3284012373916
2025-12-23T03:35:00Z,156.288,156.309,156.277,156.278,545.0,156.27,156.286,156.32168107240605
2025-12-23T03:40:00Z,156.278,156.292,156.24,156.28,576.0,156.272,156.288,156.31612359608525
2025-12-23T03:45:00Z,156.282,156.298,156.253,156.274,412.0,156.264,156.283,156.31050711660723
2025-12-23T03:50:00Z,156.274,156.322,156.204,156.205,662.0,156.197,156.213,156.2964395010596
2025-12-23T03:55:00Z,156.206,156.233,156.19,156.191,664.0,156.185,156.197,156.28238090091833
2025-12-23T04:00:00Z,156.19,156.19,156.092,156.122,1272.0,156.113,156.13,156.2609967807959
2025-12-23T04:05:00Z,156.122,156.124,156.046,156.049,856.0,156.041,156.057,156.23273054335644
2025-12-23T04:10:00Z,156.05,156.062,155.982,155.986,1405.0,155.976,155.995,156.19983313757558
2025-12-23T04:15:00Z,155.985,156.072,155.961,156.042,952.0,156.033,156.05,156.17878871923216
2025-12-23T04:20:00Z,156.042,156.082,156.032,156.059,776.0,156.053,156.065,156.1628168900012
2025-12-23T04:25:00Z,156.06,156.077,156.045,156.074,789.0,156.066,156.083,156.15097463800106
2025-12-23T04:30:00Z,156.074,156.1,156.037,156.044,770.0,156.035,156.052,156.13671135293427
2025-12-23T04:35:00Z,156.043,156.054,155.998,156.052,802.0,156.044,156.06,156.12541650587636
2025-12-23T04:40:00Z,156.05,156.088,156.044,156.072,724.0,156.064,156.081,156.11829430509286
2025-12-23T04:45:00Z,156.073,156.074,156.036,156.062,610.0,156.056,156.069,156.11078839774714
2025-12-23T04:50:00Z,156.063,156.094,156.038,156.05,999.0,156.042,156.059,156.10268327804752
2025-12-23T04:55:00Z,156.05,156.05,155.987,155.994,964.0,155.988,156.001,156.08819217430786
2025-12-23T05:00:00Z,155.994,156.042,155.984,156.004,939.0,155.997,156.012,156.07696655106682
2025-12-23T05:05:00Z,156.005,156.05,155.998,156.026,782.0,156.018,156.034,156.07017101092458
2025-12-23T05:10:00Z,156.026,156.027,155.914,155.958,971.0,155.95,155.966,156.05521487613464
2025-12-23T05:15:00Z,155.958,155.978,155.937,155.937,779.0,155.93,155.944,156.03945289265002
2025-12-23T05:20:00Z,155.938,155.966,155.914,155.932,742.0,155.925,155.939,156.02512584029668
2025-12-23T05:25:00Z,155.933,155.956,155.918,155.92,675.0,155.914,155.927,156.01110906159045
2025-12-23T05:30:00Z,155.921,155.956,155.916,155.952,729.0,155.943,155.96,156.00322785337838
2025-12-23T05:35:00Z,155.951,156.03,155.938,156.001,820.0,155.993,156.009,156.00293080626128
2025-12-23T05:40:00Z,156.002,156.016,155.991,156.014,751.0,156.007,156.02,156.00440669875977
2025-12-23T05:45:00Z,156.012,156.065,156.01,156.038,861.0,156.031,156.045,156.0088858055918
2025-12-23T05:50:00Z,156.039,156.078,156.012,156.014,864.0,156.006,156.022,156.00956769817958
2025-12-23T05:55:00Z,156.014,156.062,156.012,156.012,1257.0,156.004,156.02,156.00989200508897
2025-12-23T06:00:00Z,156.012,156.047,155.996,156.046,738.0,156.038,156.053,156.01470640441045
2025-12-23T06:05:00Z,156.047,156.078,156.034,156.044,935.0,156.036,156.052,156.01861221715572
2025-12-23T06:10:00Z,156.044,156.095,156.042,156.071,802.0,156.064,156.078,156.0255972548683
2025-12-23T06:15:00Z,156.072,156.082,156.042,156.044,697.0,156.036,156.051,156.0280509542192
2025-12-23T06:20:00Z,156.046,156.093,156.02,156.084,812.0,156.074,156.094,156.03551082698996
2025-12-23T06:25:00Z,156.088,156.11,156.08,156.085,721.0,156.077,156.093,156.0421093833913
2025-12-23T06:30:00Z,156.086,156.173,156.085,156.158,879.0,156.15,156.167,156.0575614656058
2025-12-23T06:35:00Z,156.162,156.189,156.135,156.138,952.0,156.13,156.145,156.06828660352502
2025-12-23T06:40:00Z,156.138,156.138,156.068,156.068,737.0,156.059,156.077,156.0682483897217
2025-12-23T06:45:00Z,156.068,156.094,156.056,156.069,492.0,156.061,156.077,156.06834860442547
2025-12-23T06:50:00Z,156.068,156.084,156.042,156.083,562.0,156.075,156.091,156.0703021238354
2025-12-23T06:55:00Z,156.082,156.122,156.081,156.116,636.0,156.107,156.125,156.0763951739907
2025-12-23T07:00:00Z,156.116,156.174,156.084,156.088,1327.0,156.079,156.096,156.0779424841253
2025-12-23T07:05:00Z,156.087,156.12,156.058,156.077,851.0,156.069,156.085,156.07781681957525
2025-12-23T07:10:00Z,156.079,156.152,156.079,156.149,691.0,156.14,156.158,156.08730791029856
2025-12-23T07:15:00Z,156.15,156.164,156.124,156.128,552.0,156.119,156.136,156.09273352225875
2025-12-23T07:20:00Z,156.128,156.138,155.994,156.012,728.0,156.006,156.019,156.08196905262426
2025-12-23T07:25:00Z,156.014,156.098,156.014,156.096,741.0,156.089,156.104,156.08383984560768
2025-12-23T07:30:00Z,156.1,156.106,156.052,156.053,950.0,156.045,156.061,156.07972786619334
2025-12-23T07:35:00Z,156.054,156.068,155.97,155.973,918.0,155.966,155.98,156.06549748403424
2025-12-23T07:40:00Z,155.974,156.017,155.965,155.994,1179.0,155.986,156.001,156.05596448616302
2025-12-23T07:45:00Z,156.0,156.04,155.966,155.975,1272.0,155.968,155.982,156.0451692213413
2025-12-23T07:50:00Z,155.976,156.031,155.95,156.031,989.0,156.022,156.04,156.04327999182914
2025-12-23T07:55:00Z,156.03,156.121,156.02,156.076,1843.0,156.068,156.084,156.04764265958525
2025-12-23T08:00:00Z,156.074,156.116,156.03,156.052,1870.0,156.045,156.059,156.04822363830723
2025-12-23T08:05:00Z,156.052,156.054,155.953,155.994,1125.0,155.985,156.004,156.0409938198663
2025-12-23T08:10:00Z,155.997,156.102,155.982,156.066,1115.0,156.057,156.075,156.04432797721745
2025-12-23T08:15:00Z,156.066,156.077,156.034,156.066,732.0,156.057,156.075,156.04721758025514
2025-12-23T08:20:00Z,156.066,156.111,156.051,156.076,839.0,156.07,156.083,156.05105523622112
2025-12-23T08:25:00Z,156.077,156.092,155.99,155.992,1131.0,155.984,155.999,156.04318120472496
2025-12-23T08:30:00Z,155.992,156.031,155.968,156.011,753.0,156.002,156.02,156.03889037742832
2025-12-23T08:35:00Z,156.01,156.072,155.994,156.055,839.0,156.049,156.061,156.04103832710453
2025-12-23T08:40:00Z,156.056,156.066,156.002,156.002,616.0,155.994,156.01,156.03583321682393
2025-12-23T08:45:00Z,156.002,156.026,155.964,156.016,953.0,156.009,156.024,156.03318878791407
2025-12-23T08:50:00Z,156.016,156.022,155.981,155.996,921.0,155.989,156.004,156.02823028285886
2025-12-23T08:55:00Z,155.996,156.02,155.956,155.957,1030.0,155.949,155.965,156.01873291181101
2025-12-23T09:00:00Z,155.957,155.958,155.721,155.726,2065.0,155.717,155.735,155.9797018569029
2025-12-23T09:05:00Z,155.726,155.762,155.65,155.695,1794.0,155.687,155.703,155.94174160931584
2025-12-23T09:10:00Z,155.695,155.798,155.668,155.776,1271.0,155.767,155.784,155.91964272807374
2025-12-23T09:15:00Z,155.776,155.863,155.735,155.856,1281.0,155.848,155.864,155.91115703099723
2025-12-23T09:20:00Z,155.856,155.901,155.832,155.851,928.0,155.842,155.86,155.90313609353095
2025-12-23T09:25:00Z,155.852,155.944,155.838,155.938,976.0,155.93,155.946,155.90778461439348
2025-12-23T09:30:00Z,155.938,155.993,155.903,155.912,1187.0,155.904,155.921,155.9083466658077
2025-12-23T09:35:00Z,155.912,155.946,155.885,155.911,1206.0,155.905,155.917,155.9087004437
2025-12-23T09:40:00Z,155.91,155.94,155.872,155.901,1138.0,155.895,155.907,155.90767371787334
2025-12-23T09:45:00Z,155.9,155.932,155.899,155.914,1212.0,155.905,155.923,155.9085172221569
2025-12-23T09:50:00Z,155.916,155.985,155.889,155.985,1254.0,155.976,155.994,155.9187149258693
2025-12-23T09:55:00Z,155.984,156.022,155.959,155.97,1637.0,155.962,155.979,155.9255529357534
2025-12-23T10:00:00Z,155.969,156.01,155.933,155.983,1473.0,155.976,155.99,155.93321254431962
2025-12-23T10:05:00Z,155.982,155.998,155.933,155.948,1051.0,155.94,155.955,155.935184205077
2025-12-23T10:10:00Z,155.948,155.959,155.925,155.95,628.0,155.944,155.957,155.93715964440008
2025-12-23T10:15:00Z,155.952,155.974,155.923,155.936,717.0,155.929,155.942,155.93700502514673
2025-12-23T10:20:00Z,155.936,155.97,155.926,155.946,893.0,155.939,155.954,155.93820435512717
2025-12-23T10:25:00Z,155.948,155.961,155.936,155.947,736.0,155.94,155.954,155.9393771077769
2025-12-23T10:30:00Z,155.948,155.97,155.936,155.96,688.0,155.952,155.968,155.94212682673998
2025-12-23T10:35:00Z,155.961,156.046,155.96,156.006,1060.0,155.998,156.013,155.9506432498413
2025-12-23T10:40:00Z,156.006,156.031,155.943,155.946,1010.0,155.938,155.954,155.95002414986246
2025-12-23T10:45:00Z,155.946,155.947,155.866,155.898,1127.0,155.89,155.907,155.94308759654746
2025-12-23T10:50:00Z,155.9,155.924,155.876,155.878,1189.0,155.87,155.886,155.93440925034113
2025-12-23T10:55:00Z,155.878,155.927,155.866,155.923,1038.0,155.914,155.932,155.93288801696232
2025-12-23T11:00:00Z,155.924,155.928,155.875,155.9,590.0,155.892,155.909,155.928502948034
2025-12-23T11:05:00Z,155.9,155.971,155.884,155.964,762.0,155.955,155.972,155.93323588829614
2025-12-23T11:10:00Z,155.964,155.964,155.914,155.914,777.0,155.906,155.922,155.93067110318998
2025-12-23T11:15:00Z,155.914,155.948,155.902,155.939,350.0,155.931,155.947,155.93178162276465
2025-12-23T11:20:00Z,155.935,155.976,155.932,155.948,324.0,155.938,155.958,155.9339440730627
2025-12-23T11:25:00Z,155.948,155.95,155.892,155.898,425.0,155.889,155.908,155.92915152998768
2025-12-23T11:30:00Z,155.9,155.94,155.899,155.938,402.0,155.929,155.946,155.93033132598933
2025-12-23T11:35:00Z,155.938,155.944,155.929,155.94,420.0,155.933,155.948,155.9316204825241
2025-12-23T11:40:00Z,155.941,155.956,155.934,155.95,486.0,155.94,155.959,155.93407108485422
2025-12-23T11:45:00Z,155.95,155.996,155.94,155.984,664.0,155.975,155.993,155.94072827354034
2025-12-23T11:50:00Z,155.982,155.994,155.956,155.987,783.0,155.98,155.994,155.9468978370683
2025-12-23T11:55:00Z,155.988,156.035,155.961,155.974,754.0,155.965,155.982,155.95051145879253
2025-12-23T12:00:00Z,155.973,155.985,155.928,155.934,826.0,155.926,155.941,155.94830993095354
2025-12-23T12:05:00Z,155.934,155.954,155.928,155.94,539.0,155.931,155.948,155.94720194015974
2025-12-23T12:10:00Z,155.94,155.979,155.938,155.962,403.0,155.953,155.972,155.94917501480512
2025-12-23T12:15:00Z,155.962,155.972,155.94,155.95,484.0,155.942,155.958,155.9492850128311
2025-12-23T12:20:00Z,155.95,155.956,155.932,155.956,528.0,155.946,155.965,155.95018034445363
2025-12-23T12:25:00Z,155.955,155.969,155.948,155.952,402.0,155.942,155.961,155.95042296519316
2025-12-23T12:30:00Z,155.951,155.951,155.888,155.914,730.0,155.905,155.923,155.94556656983406
2025-12-23T12:35:00Z,155.914,155.918,155.874,155.907,472.0,155.898,155.916,155.94042436052285
2025-12-23T12:40:00Z,155.906,155.939,155.89,155.936,673.0,155.928,155.945,155.9398344457865
2025-12-23T12:45:00Z,155.936,155.952,155.922,155.95,577.0,155.94,155.959,155.94118985301495
2025-12-23T12:50:00Z,155.95,156.0,155.939,155.987,701.0,155.977,155.997,155.94729787261295
2025-12-23T12:55:00Z,155.986,156.034,155.982,156.024,931.0,156.016,156.033,155.95752482293122
2025-12-23T13:00:00Z,156.025,156.104,156.018,156.08,1257.0,156.07,156.089,155.9738548465404
2025-12-23T13:05:00Z,156.079,156.081,156.04,156.063,1010.0,156.054,156.072,155.98574086700168
2025-12-23T13:10:00Z,156.062,156.064,155.999,156.002,731.0,155.993,156.01,155.98790875140148
2025-12-23T13:15:00Z,156.0,156.023,155.962,155.995,764.0,155.989,156.001,155.9888542512146
2025-12-23T13:20:00Z,155.997,156.04,155.952,156.012,1070.0,156.003,156.02,155.99194035105268
2025-12-23T13:25:00Z,156.011,156.037,155.999,156.012,683.0,155.995,156.03,155.99461497091232
2025-12-23T13:30:00Z,156.004,156.248,156.002,156.218,1850.0,156.21,156.226,156.02439964145736
2025-12-23T13:35:00Z,156.218,156.274,156.119,156.147,2218.0,156.138,156.156,156.0407463559297
2025-12-23T13:40:00Z,156.146,156.172,156.094,156.141,1799.0,156.132,156.15,156.05411350847243
2025-12-23T13:45:00Z,156.143,156.23,156.143,156.206,1668.0,156.198,156.214,156.0743650406761
2025-12-23T13:50:00Z,156.206,156.315,156.206,156.288,2161.0,156.279,156.296,156.1028497019193
2025-12-23T13:55:00Z,156.288,156.366,156.288,156.341,1943.0,156.332,156.35,156.13460307499673
2025-12-23T14:00:00Z,156.34,156.422,156.336,156.42,2085.0,156.412,156.429,156.1726559983305
2025-12-23T14:05:00Z,156.42,156.452,156.412,156.434,1900.0,156.426,156.442,156.20750186521977
2025-12-23T14:10:00Z,156.436,156.472,156.408,156.447,1187.0,156.435,156.459,156.23943494985713
2025-12-23T14:15:00Z,156.452,156.508,156.432,156.46,1377.0,156.452,156.468,156.2688436232095
2025-12-23T14:20:00Z,156.46,156.482,156.418,156.464,1321.0,156.455,156.473,156.29486447344826
2025-12-23T14:25:00Z,156.462,156.494,156.412,156.426,1404.0,156.418,156.435,156.31234921032183
2025-12-23T14:30:00Z,156.428,156.518,156.428,156.488,2035.0,156.479,156.497,156.33576931561225
2025-12-23T14:35:00Z,156.489,156.545,156.436,156.445,1547.0,156.435,156.455,156.35033340686397
2025-12-23T14:40:00Z,156.444,156.494,156.42,156.464,1671.0,156.455,156.472,156.36548895261544
2025-12-23T14:45:00Z,156.464,156.47,156.416,156.423,1521.0,156.415,156.431,156.37315709226672
2025-12-23T14:50:00Z,156.422,156.469,156.396,156.408,1692.0,156.401,156.416,156.37780281329782
2025-12-23T14:55:00Z,156.408,156.432,156.374,156.408,971.0,156.392,156.424,156.3818291048581
2025-12-23T15:00:00Z,156.408,156.435,156.33,156.362,2187.0,156.353,156.371,156.37918522421035
2025-12-23T15:05:00Z,156.362,156.389,156.254,156.263,1920.0,156.254,156.272,156.3636938609823
2025-12-23T15:10:00Z,156.264,156.307,156.236,156.275,1674.0,156.267,156.283,156.35186801285133
2025-12-23T15:15:00Z,156.278,156.334,156.264,156.298,1438.0,156.291,156.306,156.34468561113783
2025-12-23T15:20:00Z,156.3,156.336,156.262,156.264,1299.0,156.255,156.274,156.33392752965278
2025-12-23T15:25:00Z,156.265,156.278,156.219,156.237,1200.0,156.229,156.245,156.3210038590324
2025-12-23T15:30:00Z,156.236,156.254,156.208,156.251,1142.0,156.242,156.26,156.31167001116143
2025-12-23T15:35:00Z,156.249,156.356,156.228,156.348,1196.0,156.338,156.357,156.31651400967326
2025-12-23T15:40:00Z,156.347,156.35,156.265,156.312,1170.0,156.305,156.32,156.31591214171684
2025-12-23T15:45:00Z,156.313,156.362,156.288,156.36,1162.0,156.351,156.37,156.32179052282126
2025-12-23T15:50:00Z,156.36,156.39,156.329,156.359,1525.0,156.352,156.366,156.3267517864451
2025-12-23T15:55:00Z,156.362,156.45,156.362,156.39,1878.0,156.383,156.397,156.33518488158575
2025-12-23T16:00:00Z,156.39,156.402,156.332,156.399,1619.0,156.391,156.407,156.343693564041
2025-12-23T16:05:00Z,156.399,156.436,156.362,156.364,1002.0,156.355,156.372,156.34640108883553
2025-12-23T16:10:00Z,156.368,156.39,156.348,156.372,1031.0,156.366,156.379,156.3498142769908
2025-12-23T16:15:00Z,156.372,156.39,156.346,156.358,1035.0,156.35,156.367,156.35090570672537
2025-12-23T16:20:00Z,156.359,156.378,156.343,156.372,854.0,156.363,156.38,156.353718279162
2025-12-23T16:25:00Z,156.37,156.388,156.354,156.373,791.0,156.366,156.38,156.35628917527373
2025-12-23T16:30:00Z,156.372,156.419,156.354,156.38,741.0,156.373,156.388,156.35945061857058
2025-12-23T16:35:00Z,156.382,156.398,156.361,156.361,709.0,156.355,156.367,156.35965720276118
2025-12-23T16:40:00Z,156.362,156.366,156.333,156.352,706.0,156.345,156.358,156.35863624239303
2025-12-23T16:45:00Z,156.352,156.364,156.316,156.326,734.0,156.318,156.334,156.3542847434073
2025-12-23T16:50:00Z,156.326,156.326,156.304,156.323,738.0,156.314,156.332,156.35011344428634
2025-12-23T16:55:00Z,156.324,156.34,156.303,156.338,713.0,156.329,156.346,156.3484983183815
2025-12-23T17:00:00Z,156.336,156.351,156.3,156.3,672.0,156.292,156.308,156.34203187593064
2025-12-23T17:05:00Z,156.302,156.324,156.283,156.314,691.0,156.306,156.323,156.33829429247322
2025-12-23T17:10:00Z,156.314,156.34,156.3,156.336,540.0,156.328,156.343,156.33798838681014
2025-12-23T17:15:00Z,156.336,156.346,156.308,156.322,610.0,156.314,156.331,156.33585660190212
2025-12-23T17:20:00Z,156.323,156.327,156.261,156.281,716.0,156.273,156.289,156.32854238831519
2025-12-23T17:25:00Z,156.281,156.292,156.262,156.278,536.0,156.27,156.285,156.3218034032065
2025-12-23T17:30:00Z,156.277,156.316,156.274,156.304,417.0,156.297,156.312,156.3194296161123
2025-12-23T17:35:00Z,156.304,156.314,156.266,156.266,409.0,156.257,156.275,156.31230566729732
2025-12-23T17:40:00Z,156.266,156.279,156.253,156.276,419.0,156.268,156.285,156.3074649116577
2025-12-23T17:45:00Z,156.277,156.3,156.269,156.287,362.0,156.278,156.296,156.30473625677
2025-12-23T17:50:00Z,156.286,156.315,156.286,156.299,383.0,156.29,156.308,156.303971422534
2025-12-23T17:55:00Z,156.302,156.338,156.294,156.298,595.0,156.288,156.307,156.3031752328628
2025-12-23T18:00:00Z,156.296,156.344,156.296,156.336,783.0,156.327,156.345,156.3075518684811
2025-12-23T18:05:00Z,156.334,156.342,156.302,156.314,577.0,156.305,156.323,156.3084116193503
2025-12-23T18:10:00Z,156.314,156.314,156.274,156.287,476.0,156.278,156.296,156.30555673677026
2025-12-23T18:15:00Z,156.288,156.316,156.265,156.272,429.0,156.264,156.281,156.3010825052009
2025-12-23T18:20:00Z,156.272,156.274,156.247,156.262,562.0,156.253,156.272,156.29587150450746
2025-12-23T18:25:00Z,156.263,156.296,156.263,156.29,471.0,156.281,156.299,156.29508863723981
2025-12-23T18:30:00Z,156.292,156.299,156.268,156.278,558.0,156.269,156.286,156.2928101522745
2025-12-23T18:35:00Z,156.278,156.294,156.274,156.291,281.0,156.285,156.297,156.29256879863792
2025-12-23T18:40:00Z,156.292,156.316,156.288,156.3,353.0,156.292,156.307,156.2935596254862
2025-12-23T18:45:00Z,156.3,156.304,156.28,156.29,383.0,156.282,156.297,156.29308500875473
2025-12-23T18:50:00Z,156.288,156.288,156.258,156.266,454.0,156.258,156.274,156.2894736742541
2025-12-23T18:55:00Z,156.268,156.281,156.228,156.234,328.0,156.225,156.242,156.28207718435357
2025-12-23T19:00:00Z,156.231,156.239,156.202,156.22,629.0,156.213,156.228,156.27380022643976
2025-12-23T19:05:00Z,156.22,156.231,156.199,156.218,609.0,156.209,156.227,156.2663601962478
2025-12-23T19:10:00Z,156.218,156.224,156.181,156.182,402.0,156.173,156.192,156.25511217008145
2025-12-23T19:15:00Z,156.182,156.226,156.181,156.224,502.0,156.214,156.233,156.25096388073726
2025-12-23T19:20:00Z,156.222,156.231,156.204,156.23,377.0,156.222,156.237,156.24816869663897
2025-12-23T19:25:00Z,156.23,156.242,156.226,156.242,389.0,156.234,156.25,156.24734620375378
2025-12-23T19:30:00Z,156.242,156.243,156.226,156.242,292.0,156.234,156.25,156.2466333765866
2025-12-23T19:35:00Z,156.242,156.244,156.221,156.242,564.0,156.233,156.25,156.24601559304173
2025-12-23T19:40:00Z,156.242,156.244,156.23,156.237,254.0,156.228,156.246,156.24481351396952
2025-12-23T19:45:00Z,156.236,156.253,156.226,156.247,323.0,156.239,156.255,156.24510504544025
2025-12-23T19:50:00Z,156.248,156.253,156.228,156.228,317.0,156.22,156.236,156.2428243727149
2025-12-23T19:55:00Z,156.228,156.23,156.188,156.195,518.0,156.186,156.204,156.23644778968625
2025-12-23T20:00:00Z,156.196,156.234,156.18,156.234,601.0,156.226,156.241,156.2361214177281
2025-12-23T20:05:00Z,156.233,156.256,156.228,156.24,451.0,156.232,156.249,156.23663856203103
2025-12-23T20:10:00Z,156.242,156.266,156.241,156.252,432.0,156.245,156.26,156.23868675376022
2025-12-23T20:15:00Z,156.253,156.256,156.228,156.23,558.0,156.221,156.239,156.23752851992552
2025-12-23T20:20:00Z,156.232,156.248,156.23,156.24,445.0,156.231,156.25,156.2378580506021
2025-12-23T20:25:00Z,156.24,156.248,156.232,156.24,364.0,156.231,156.248,156.23814364385518
2025-12-23T20:30:00Z,156.239,156.254,156.234,156.242,307.0,156.232,156.252,156.2386578246745
2025-12-23T20:35:00Z,156.242,156.252,156.238,156.248,314.0,156.24,156.257,156.23990344805125
2025-12-23T20:40:00Z,156.248,156.268,156.241,156.251,303.0,156.241,156.261,156.2413829883111
2025-12-23T20:45:00Z,156.252,156.288,156.248,156.28,308.0,156.272,156.289,156.24653192320295
2025-12-23T20:50:00Z,156.28,156.294,156.269,156.294,412.0,156.285,156.302,156.25286100010922
2025-12-23T20:55:00Z,156.294,156.314,156.266,156.304,478.0,156.295,156.313,156.259679533428
2025-12-23T21:00:00Z,156.304,156.32,156.285,156.294,239.0,156.287,156.302,156.2642555956376
2025-12-23T21:05:00Z,156.294,156.306,156.28,156.28,192.0,156.271,156.29,156.26635484955258
2025-12-23T21:10:00Z,156.28,156.295,156.277,156.292,168.0,156.283,156.302,156.26977420294557
2025-12-23T21:15:00Z,156.293,156.307,156.287,156.303,123.0,156.294,156.312,156.2742043092195
2025-12-23T21:20:00Z,156.302,156.316,156.288,156.315,344.0,156.305,156.325,156.2796437346569
2025-12-23T21:25:00Z,156.314,156.314,156.286,156.297,153.0,156.289,156.305,156.28195790336932
2025-12-23T21:30:00Z,156.296,156.298,156.228,156.268,367.0,156.258,156.279,156.28009684958676
2025-12-23T21:35:00Z,156.27,156.272,156.252,156.252,211.0,156.242,156.263,156.27635060297519
2025-12-23T21:40:00Z,156.252,156.253,156.228,156.23,180.0,156.221,156.238,156.2701705225785
2025-12-23T21:45:00Z,156.23,156.23,156.207,156.221,559.0,156.213,156.229,156.26361445290138
2025-12-23T21:50:00Z,156.22,156.222,156.196,156.204,581.0,156.193,156.214,156.2556658591812
2025-12-23T21:55:00Z,156.206,156.268,156.198,156.236,601.0,156.214,156.257,156.2530437446237
2025-12-23T22:00:00Z,156.258,156.258,156.258,156.258,1.0,156.208,156.308,156.25370457867388
2025-12-23T22:05:00Z,156.263,156.264,156.23,156.254,37.0,156.204,156.304,156.25374396818404
2025-12-23T22:10:00Z,156.244,156.254,156.203,156.216,2514.0,156.201,156.231,156.24871143909283
2025-12-23T22:15:00Z,156.211,156.23,156.196,156.206,69.0,156.198,156.213,156.24301658054713
2025-12-23T22:20:00Z,156.196,156.201,156.196,156.2,37.0,156.189,156.21,156.23728103647417
2025-12-23T22:25:00Z,156.199,156.226,156.194,156.198,26.0,156.183,156.212,156.2320435649443
2025-12-23T22:30:00Z,156.196,156.197,156.196,156.196,13.0,156.182,156.211,156.22723775628506
2025-12-23T22:35:00Z,156.196,156.2,156.196,156.198,33.0,156.183,156.214,156.2233393887804
2025-12-23T22:40:00Z,156.199,156.199,156.194,156.196,31.0,156.179,156.214,156.21969413694302
2025-12-23T22:45:00Z,156.196,156.198,156.196,156.196,25.0,156.179,156.214,156.21653491868395
2025-12-23T22:50:00Z,156.196,156.198,156.188,156.194,51.0,156.176,156.211,156.21353026285942
2025-12-23T22:55:00Z,156.192,156.206,156.178,156.191,234.0,156.178,156.204,156.2105262278115
2025-12-23T23:00:00Z,156.192,156.202,156.144,156.16,423.0,156.148,156.171,156.20378939743662
2025-12-23T23:05:00Z,156.16,156.168,156.146,156.148,209.0,156.138,156.157,156.19635081111176
2025-12-23T23:10:00Z,156.147,156.147,156.096,156.134,295.0,156.123,156.145,156.1880373696302
2025-12-23T23:15:00Z,156.138,156.148,156.122,156.134,205.0,156.124,156.145,156.18083238701283
2025-12-23T23:20:00Z,156.134,156.166,156.133,156.142,280.0,156.133,156.151,156.17565473541111
2025-12-23T23:25:00Z,156.142,156.154,156.138,156.146,204.0,156.136,156.157,156.17170077068963
2025-12-23T23:30:00Z,156.148,156.21,156.135,156.207,1094.0,156.197,156.217,156.17640733459768
2025-12-23T23:35:00Z,156.208,156.227,156.192,156.213,159.0,156.203,156.223,156.18128635665133
2025-12-23T23:40:00Z,156.214,156.283,156.21,156.269,345.0,156.26,156.278,156.19298150909782
2025-12-23T23:45:00Z,156.268,156.268,156.209,156.24,1177.0,156.23,156.249,156.19925064121813
2025-12-23T23:50:00Z,156.24,156.246,156.208,156.234,502.0,156.226,156.243,156.20388388905573
2025-12-23T23:55:00Z,156.236,156.236,156.156,156.174,625.0,156.164,156.184,156.19989937051497
2025-12-24T00:00:00Z,156.174,156.174,156.018,156.032,1594.0,156.023,156.04,156.17751278777965
2025-12-24T00:05:00Z,156.031,156.05,155.978,156.012,981.0,156.003,156.021,156.1554444160757
2025-12-24T00:10:00Z,156.012,156.17,156.009,156.148,801.0,156.14,156.157,156.15445182726563
2025-12-24T00:15:00Z,156.148,156.207,156.11,156.156,1551.0,156.147,156.166,156.15465825029688
2025-12-24T00:20:00Z,156.156,156.258,156.156,156.256,1348.0,156.247,156.264,156.16817048359064
2025-12-24T00:25:00Z,156.258,156.282,156.223,156.235,1008.0,156.226,156.244,156.17708108577855
2025-12-24T00:30:00Z,156.236,156.239,156.199,156.212,952.0,156.204,156.22,156.18173694100807
2025-12-24T00:35:00Z,156.21,156.264,156.193,156.204,942.0,156.195,156.214,156.18470534887368
2025-12-24T00:40:00Z,156.205,156.205,156.096,156.102,1571.0,156.093,156.11,156.17367796902386
2025-12-24T00:45:00Z,156.101,156.142,156.087,156.107,624.0,156.098,156.116,156.164787573154
2025-12-24T00:50:00Z,156.108,156.192,156.108,156.162,1729.0,156.154,156.171,156.16441589673346
2025-12-24T00:55:00Z,156.163,156.182,155.982,155.99,1438.0,155.982,155.999,156.14116044383567
2025-12-24T01:00:00Z,155.991,156.056,155.974,156.033,1412.0,156.024,156.042,156.12673905132425
2025-12-24T01:05:00Z,156.034,156.06,156.004,156.024,757.0,156.016,156.031,156.1130405111477
2025-12-24T01:10:00Z,156.024,156.154,156.024,156.132,711.0,156.125,156.139,156.11556844299466
2025-12-24T01:15:00Z,156.13,156.132,155.982,155.983,1096.0,155.977,155.989,156.09789265059538
2025-12-24T01:20:00Z,155.984,155.994,155.919,155.921,1170.0,155.912,155.93,156.07430696384932
2025-12-24T01:25:00Z,155.92,155.922,155.824,155.836,1317.0,155.827,155.845,156.04253270200275
2025-12-24T01:30:00Z,155.836,155.837,155.752,155.762,1712.0,155.753,155.771,156.0051283417357
2025-12-24T01:35:00Z,155.76,155.811,155.736,155.756,1501.0,155.746,155.765,155.9719112295043
2025-12-24T01:40:00Z,155.758,155.769,155.641,155.682,1280.0,155.673,155.692,155.93325639890372
2025-12-24T01:45:00Z,155.684,155.757,155.666,155.692,1164.0,155.681,155.702,155.9010888790499
2025-12-24T01:50:00Z,155.692,155.7,155.601,155.616,1083.0,155.607,155.626,155.8630770285099
2025-12-24T01:55:00Z,155.618,155.679,155.616,155.656,776.0,155.647,155.664,155.83546675804192
2025-12-24T02:00:00Z,155.655,155.657,155.578,155.618,1146.0,155.608,155.627,155.806471190303
2025-12-24T02:05:00Z,155.616,155.661,155.606,155.608,615.0,155.599,155.617,155.78000836492927
2025-12-24T02:10:00Z,155.606,155.662,155.555,155.648,841.0,155.638,155.658,155.76240724960536
2025-12-24T02:15:00Z,155.648,155.697,155.632,155.67,741.0,155.662,155.677,155.7500862829913
2025-12-24T02:20:00Z,155.67,155.676,155.606,155.61,793.0,155.6,155.619,155.73140811192582
2025-12-24T02:25:00Z,155.608,155.668,155.608,155.668,700.0,155.659,155.678,155.72295369700237
2025-12-24T02:30:00Z,155.667,155.71,155.64,155.71,796.0,155.704,155.716,155.72122653740206
2025-12-24T02:35:00Z,155.71,155.71,155.636,155.692,978.0,155.684,155.701,155.71732966574845
2025-12-24T02:40:00Z,155.693,155.722,155.681,155.698,680.0,155.689,155.706,155.714752376982
2025-12-24T02:45:00Z,155.698,155.725,155.68,155.701,624.0,155.692,155.71,155.71291872671773
2025-12-24T02:50:00Z,155.7,155.714,155.667,155.702,543.0,155.696,155.708,155.7114628964887
2025-12-24T02:55:00Z,155.701,155.745,155.689,155.743,1064.0,155.734,155.752,155.71566784362355
2025-12-24T03:00:00Z,155.74,155.801,155.74,155.786,1196.0,155.779,155.794,155.72504546447374
2025-12-24T03:05:00Z,155.785,155.835,155.783,155.822,964.0,155.814,155.829,155.73797273587724
2025-12-24T03:10:00Z,155.821,155.834,155.803,155.804,594.0,155.795,155.812,155.7467763710936
2025-12-24T03:15:00Z,155.802,155.808,155.785,155.808,719.0,155.799,155.816,155.75493952161446
2025-12-24T03:20:00Z,155.808,155.837,155.797,155.831,653.0,155.823,155.839,155.76508091873254
2025-12-24T03:25:00Z,155.832,155.876,155.83,155.868,588.0,155.86,155.876,155.77880346290152
2025-12-24T03:30:00Z,155.863,155.89,155.841,155.863,837.0,155.854,155.872,155.790029667848
2025-12-24T03:35:00Z,155.862,155.92,155.86,155.919,520.0,155.909,155.929,155.80722571213494
2025-12-24T03:40:00Z,155.92,155.971,155.904,155.954,672.0,155.947,155.962,155.82679561718362
2025-12-24T03:45:00Z,155.954,155.986,155.948,155.976,619.0,155.967,155.985,155.84668953489248
2025-12-24T03:50:00Z,155.976,155.988,155.95,155.954,551.0,155.948,155.961,155.86099759690683
2025-12-24T03:55:00Z,155.955,155.994,155.955,155.982,479.0,155.976,155.988,155.87713125065258
2025-12-24T04:00:00Z,155.983,155.998,155.956,155.956,591.0,155.95,155.963,155.8876470838989
2025-12-24T04:05:00Z,155.957,155.985,155.948,155.983,534.0,155.977,155.989,155.90036080604574
2025-12-24T04:10:00Z,155.982,156.065,155.976,156.062,1142.0,156.054,156.069,155.92191269857298
2025-12-24T04:15:00Z,156.064,156.068,155.986,155.987,833.0,155.981,155.993,155.93059100542993
2025-12-24T04:20:00Z,155.988,156.012,155.978,155.988,489.0,155.98,155.995,155.93824553803927
2025-12-24T04:25:00Z,155.986,155.988,155.954,155.98,713.0,155.972,155.987,155.94381279963403
2025-12-24T04:30:00Z,155.98,155.99,155.922,155.923,771.0,155.917,155.929,155.94103775968284
2025-12-24T04:35:00Z,155.92,155.926,155.848,155.853,950.0,155.845,155.861,155.92929939172512
2025-12-24T04:40:00Z,155.855,155.867,155.836,155.849,665.0,155.842,155.856,155.91859280616177
2025-12-24T04:45:00Z,155.85,155.862,155.802,155.818,803.0,155.809,155.827,155.90518043200686
2025-12-24T04:50:00Z,155.818,155.852,155.812,155.828,580.0,155.819,155.837,155.89488970773928
2025-12-24T04:55:00Z,155.824,155.853,155.816,155.838,587.0,155.83,155.845,155.88730441337404
2025-12-24T05:00:00Z,155.838,155.845,155.764,155.768,723.0,155.759,155.776,155.8713971582575
2025-12-24T05:05:00Z,155.768,155.824,155.746,155.806,643.0,155.798,155.813,155.86267753715651
2025-12-24T05:10:00Z,155.805,155.818,155.787,155.804,498.0,155.797,155.811,155.85485386553566
2025-12-24T05:15:00Z,155.805,155.816,155.777,155.796,556.0,155.788,155.804,155.84700668346423
2025-12-24T05:20:00Z,155.796,155.844,155.796,155.824,324.0,155.814,155.833,155.843939125669
2025-12-24T05:25:00Z,155.824,155.824,155.798,155.808,431.0,155.799,155.816,155.83914724224647
2025-12-24T05:30:00Z,155.807,155.81,155.782,155.808,466.0,155.799,155.817,155.8349942766136
2025-12-24T05:35:00Z,155.807,155.832,155.805,155.812,410.0,155.802,155.821,155.83192837306513
2025-12-24T05:40:00Z,155.812,155.822,155.786,155.811,510.0,155.804,155.818,155.82913792332312
2025-12-24T05:45:00Z,155.814,155.836,155.78,155.811,559.0,155.804,155.818,155.8267195335467
2025-12-24T05:50:00Z,155.812,155.828,155.807,155.809,552.0,155.801,155.817,155.82435692907382
2025-12-24T05:55:00Z,155.809,155.813,155.78,155.798,722.0,155.791,155.806,155.82084267186397
2025-12-24T06:00:00Z,155.798,155.798,155.694,155.714,1144.0,155.705,155.724,155.80659698228212
2025-12-24T06:05:00Z,155.713,155.718,155.666,155.706,981.0,155.698,155.714,155.79318405131116
2025-12-24T06:10:00Z,155.707,155.722,155.662,155.673,972.0,155.665,155.681,155.77715951113635
2025-12-24T06:15:00Z,155.674,155.7,155.663,155.684,438.0,155.676,155.693,155.76473824298483
2025-12-24T06:20:00Z,155.683,155.707,155.68,155.696,680.0,155.687,155.705,155.7555731439202
2025-12-24T06:25:00Z,155.696,155.77,155.694,155.733,916.0,155.726,155.74,155.7525633913975
2025-12-24T06:30:00Z,155.734,155.746,155.712,155.732,503.0,155.723,155.741,155.74982160587783
2025-12-24T06:35:00Z,155.731,155.756,155.719,155.722,304.0,155.714,155.731,155.74611205842746
2025-12-24T06:40:00Z,155.722,155.766,155.716,155.766,551.0,155.758,155.773,155.74876378397047
2025-12-24T06:45:00Z,155.767,155.8,155.718,155.738,789.0,155.73,155.746,155.74732861277442
2025-12-24T06:50:00Z,155.738,155.739,155.673,155.698,751.0,155.689,155.707,155.7407514644045
2025-12-24T06:55:00Z,155.697,155.754,155.694,155.736,839.0,155.727,155.744,155.74011793581724
2025-12-24T07:00:00Z,155.735,155.82,155.707,155.803,1031.0,155.794,155.812,155.7485022110416
2025-12-24T07:05:00Z,155.802,155.818,155.752,155.771,1116.0,155.763,155.779,155.75150191623607
2025-12-24T07:10:00Z,155.77,155.797,155.756,155.78,848.0,155.771,155.789,155.75530166073793
2025-12-24T07:15:00Z,155.778,155.797,155.768,155.796,645.0,155.786,155.805,155.76072810597287
2025-12-24T07:20:00Z,155.794,155.858,155.758,155.816,1153.0,155.807,155.824,155.76809769184317
2025-12-24T07:25:00Z,155.815,155.818,155.734,155.772,1042.0,155.764,155.78,155.7686179995974
2025-12-24T07:30:00Z,155.772,155.82,155.758,155.806,1121.0,155.797,155.814,155.77360226631777
2025-12-24T07:35:00Z,155.806,155.847,155.79,155.829,1100.0,155.82,155.838,155.78098863080874
2025-12-24T07:40:00Z,155.83,155.833,155.796,155.805,774.0,155.797,155.813,155.78419014670092
2025-12-24T07:45:00Z,155.806,155.847,155.782,155.817,846.0,155.808,155.826,155.78856479380747
2025-12-24T07:50:00Z,155.818,155.836,155.792,155.808,905.0,155.8,155.816,155.79115615463314
2025-12-24T07:55:00Z,155.809,155.872,155.808,155.83,1366.0,155.821,155.839,155.7963353340154
2025-12-24T08:00:00Z,155.83,155.899,155.751,155.896,2060.0,155.888,155.903,155.80962395614668
2025-12-24T08:05:00Z,155.896,155.956,155.888,155.914,1513.0,155.907,155.922,155.8235407619938
2025-12-24T08:10:00Z,155.914,155.972,155.901,155.94,1357.0,155.934,155.947,155.83906866039462
2025-12-24T08:15:00Z,155.941,155.952,155.911,155.95,1048.0,155.942,155.957,155.85385950567533
2025-12-24T08:20:00Z,155.949,155.969,155.906,155.913,1019.0,155.906,155.92,155.86174490491862
2025-12-24T08:25:00Z,155.912,155.92,155.87,155.916,1018.0,155.907,155.925,155.86897891759614
2025-12-24T08:30:00Z,155.914,155.916,155.821,155.834,947.0,155.826,155.843,155.86431506191667
2025-12-24T08:35:00Z,155.836,155.929,155.834,155.928,1445.0,155.92,155.937,155.87280638699445
2025-12-24T08:40:00Z,155.93,155.93,155.832,155.834,933.0,155.825,155.843,155.86763220206186
2025-12-24T08:45:00Z,155.83,155.832,155.782,155.797,961.0,155.789,155.805,155.8582145751203
2025-12-24T08:50:00Z,155.797,155.812,155.782,155.806,704.0,155.798,155.815,155.85125263177093
2025-12-24T08:55:00Z,155.808,155.809,155.752,155.756,909.0,155.749,155.764,155.83855228086816
2025-12-24T09:00:00Z,155.754,155.766,155.704,155.716,1108.0,155.708,155.723,155.8222119767524
2025-12-24T09:05:00Z,155.715,155.775,155.688,155.758,990.0,155.75,155.765,155.8136503798521
2025-12-24T09:10:00Z,155.756,155.774,155.741,155.75,818.0,155.741,155.758,155.8051636625385
2025-12-24T09:15:00Z,155.751,155.798,155.71,155.794,1143.0,155.785,155.803,155.80367517420004
2025-12-24T09:20:00Z,155.794,155.846,155.771,155.834,816.0,155.826,155.841,155.80771848430672
2025-12-24T09:25:00Z,155.833,155.867,155.808,155.858,715.0,155.85,155.867,155.81442268639915
2025-12-24T09:30:00Z,155.859,155.882,155.834,155.842,659.0,155.835,155.85,155.81809966154594
2025-12-24T09:35:00Z,155.842,155.855,155.821,155.826,495.0,155.82,155.832,155.81915304000648
2025-12-24T09:40:00Z,155.826,155.834,155.78,155.833,534.0,155.827,155.839,155.82099930133896
2025-12-24T09:45:00Z,155.832,155.836,155.803,155.81,768.0,155.803,155.817,155.8195327278271
2025-12-24T09:50:00Z,155.81,155.814,155.783,155.809,1030.0,155.803,155.815,155.81812836411683
2025-12-24T09:55:00Z,155.806,155.84,155.796,155.835,1454.0,155.827,155.843,155.82037791556792
2025-12-24T10:00:00Z,155.836,155.859,155.82,155.835,856.0,155.827,155.843,155.82232752682555
2025-12-24T10:05:00Z,155.834,155.882,155.829,155.866,1031.0,155.858,155.875,155.8281505232488
2025-12-24T10:10:00Z,155.866,155.899,155.852,155.872,676.0,155.865,155.879,155.83399712014898
2025-12-24T10:15:00Z,155.874,155.908,155.874,155.902,479.0,155.896,155.908,155.84306417079577
2025-12-24T10:20:00Z,155.9,155.936,155.887,155.904,563.0,155.897,155.911,155.851188948023
2025-12-24T10:25:00Z,155.902,155.903,155.851,155.856,726.0,155.85,155.863,155.85183042161995
2025-12-24T10:30:00Z,155.855,155.904,155.852,155.893,746.0,155.884,155.902,155.85731969873729
2025-12-24T10:35:00Z,155.89,155.93,155.866,155.915,734.0,155.905,155.925,155.86501040557232
2025-12-24T10:40:00Z,155.916,155.928,155.896,155.916,695.0,155.906,155.925,155.87180901816268
2025-12-24T10:45:00Z,155.914,155.972,155.914,155.938,1066.0,155.93,155.947,155.88063448240766
2025-12-24T10:50:00Z,155.938,155.951,155.922,155.927,693.0,155.918,155.936,155.88681655141997
2025-12-24T10:55:00Z,155.928,155.948,155.91,155.937,1170.0,155.928,155.946,155.8935076778973
2025-12-24T11:00:00Z,155.936,155.963,155.89,155.894,1059.0,155.885,155.903,155.89357332084433
2025-12-24T11:05:00Z,155.894,155.916,155.882,155.888,850.0,155.88,155.896,155.8928302113984
2025-12-24T11:10:00Z,155.888,155.916,155.868,155.906,646.0,155.898,155.915,155.89458618321194
2025-12-24T11:15:00Z,155.907,155.922,155.899,155.908,464.0,155.9,155.915,155.896374692117
2025-12-24T11:20:00Z,155.908,155.923,155.884,155.906,531.0,155.896,155.916,155.8976580665014
2025-12-24T11:25:00Z,155.906,155.922,155.887,155.892,737.0,155.883,155.902,155.89690365763457
2025-12-24T11:30:00Z,155.896,155.974,155.894,155.966,778.0,155.96,155.972,155.9061165032833
2025-12-24T11:35:00Z,155.965,155.968,155.922,155.945,776.0,155.936,155.954,155.91130096951218
2025-12-24T11:40:00Z,155.944,155.962,155.93,155.934,659.0,155.927,155.942,155.91432750691055
2025-12-24T11:45:00Z,155.935,155.95,155.918,155.919,657.0,155.911,155.927,155.91495050598914
2025-12-24T11:50:00Z,155.921,155.932,155.914,155.922,642.0,155.913,155.93,155.91589043852392
2025-12-24T11:55:00Z,155.924,155.93,155.906,155.928,939.0,155.922,155.935,155.91750504672072
2025-12-24T12:00:00Z,155.929,155.931,155.9,155.915,739.0,155.908,155.922,155.9171710404913
2025-12-24T12:05:00Z,155.916,155.918,155.878,155.916,882.0,155.909,155.923,155.91701490175913
2025-12-24T12:10:00Z,155.917,155.944,155.899,155.902,619.0,155.892,155.911,155.91501291485793
2025-12-24T12:15:00Z,155.902,155.938,155.894,155.915,1021.0,155.906,155.924,155.91501119287688
2025-12-24T12:20:00Z,155.914,155.948,155.914,155.938,926.0,155.929,155.946,155.91807636715995
2025-12-24T12:25:00Z,155.934,155.942,155.917,155.941,622.0,155.933,155.949,155.92113285153863
2025-12-24T12:30:00Z,155.94,155.947,155.912,155.927,759.0,155.919,155.935,155.92191513800014
2025-12-24T12:35:00Z,155.926,155.948,155.91,155.938,953.0,155.93,155.947,155.9240597862668
2025-12-24T12:40:00Z,155.939,155.964,155.93,155.944,698.0,155.935,155.952,155.92671848143124
2025-12-24T12:45:00Z,155.944,155.978,155.936,155.974,588.0,155.967,155.982,155.93302268390707
2025-12-24T12:50:00Z,155.974,155.991,155.952,155.972,940.0,155.964,155.979,155.93821965938614
2025-12-24T12:55:00Z,155.971,156.046,155.968,156.045,952.0,156.039,156.051,155.95245703813464
2025-12-24T13:00:00Z,156.044,156.072,156.011,156.012,1066.0,156.004,156.019,155.9603960997167
2025-12-24T13:05:00Z,156.012,156.024,155.972,156.017,1003.0,156.008,156.026,155.96794328642113
2025-12-24T13:10:00Z,156.016,156.03,155.989,156.01,762.0,156.002,156.018,155.97355084823164
2025-12-24T13:15:00Z,156.01,156.06,156.006,156.043,995.0,156.034,156.052,155.98281073513408
2025-12-24T13:20:00Z,156.042,156.042,155.996,156.012,667.0,156.003,156.021,155.9867026371162
2025-12-24T13:25:00Z,156.014,156.024,155.998,156.019,853.0,156.006,156.032,155.99100895216736
2025-12-24T13:30:00Z,156.016,156.069,155.994,156.022,1318.0,156.016,156.029,155.9951410918784
2025-12-24T13:35:00Z,156.023,156.057,156.007,156.008,1565.0,156.0,156.015,155.99685561296127
2025-12-24T13:40:00Z,156.009,156.023,155.984,156.006,1080.0,155.998,156.015,155.99807486456643
2025-12-24T13:45:00Z,156.008,156.034,155.987,156.022,862.0,156.013,156.031,156.00126488262424
2025-12-24T13:50:00Z,156.02,156.034,156.0,156.012,945.0,156.003,156.022,156.00269623160767
2025-12-24T13:55:00Z,156.014,156.023,155.995,156.012,949.0,156.004,156.021,156.00393673405998
2025-12-24T14:00:00Z,156.012,156.036,156.012,156.023,618.0,156.015,156.031,156.006478502852
2025-12-24T14:05:00Z,156.023,156.035,156.012,156.026,581.0,156.017,156.035,156.00908136913839
2025-12-24T14:10:00Z,156.028,156.034,156.0,156.006,581.0,155.998,156.013,156.00867051991995
2025-12-24T14:15:00Z,156.004,156.025,156.003,156.016,652.0,156.007,156.025,156.00964778393063
2025-12-24T14:20:00Z,156.016,156.026,155.974,155.983,744.0,155.976,155.99,156.00609474607322
2025-12-24T14:25:00Z,155.982,155.99,155.93,155.953,1544.0,155.944,155.962,155.9990154465968
2025-12-24T14:30:00Z,155.952,155.97,155.908,155.919,1477.0,155.91,155.928,155.98834672038387
2025-12-24T14:35:00Z,155.92,155.954,155.881,155.898,1625.0,155.888,155.908,155.97630049099936
2025-12-24T14:40:00Z,155.898,155.912,155.806,155.812,1236.0,155.804,155.819,155.95439375886613
2025-12-24T14:45:00Z,155.812,155.852,155.777,155.793,1243.0,155.784,155.802,155.9328745910173
2025-12-24T14:50:00Z,155.794,155.816,155.721,155.726,1391.0,155.717,155.736,155.905291312215
2025-12-24T14:55:00Z,155.725,155.758,155.68,155.75,2123.0,155.743,155.758,155.8845858039197
2025-12-24T15:00:00Z,155.75,155.778,155.726,155.741,1773.0,155.732,155.75,155.86544103006375
2025-12-24T15:05:00Z,155.742,155.778,155.726,155.75,1230.0,155.741,155.758,155.85004889272193
2025-12-24T15:10:00Z,155.75,155.776,155.728,155.739,912.0,155.73,155.748,155.83524237369235
2025-12-24T15:15:00Z,155.738,155.767,155.728,155.764,777.0,155.755,155.773,155.82574339053338
2025-12-24T15:20:00Z,155.764,155.814,155.763,155.789,837.0,155.781,155.797,155.8208442717956
2025-12-24T15:25:00Z,155.788,155.832,155.778,155.822,885.0,155.813,155.831,155.82099836888952
2025-12-24T15:30:00Z,155.822,155.825,155.758,155.801,852.0,155.793,155.809,155.81833191970426
2025-12-24T15:35:00Z,155.801,155.864,155.801,155.845,1033.0,155.837,155.853,155.8218876637437
2025-12-24T15:40:00Z,155.846,155.871,155.819,155.82,822.0,155.811,155.83,155.82163597524453
2025-12-24T15:45:00Z,155.82,155.873,155.814,155.866,1182.0,155.858,155.875,155.82755117854526
2025-12-24T15:50:00Z,155.866,155.903,155.862,155.874,1094.0,155.867,155.881,155.83374435473922
2025-12-24T15:55:00Z,155.872,155.898,155.789,155.818,1810.0,155.809,155.827,155.83164510744066
2025-12-24T16:00:00Z,155.818,155.828,155.754,155.76,1224.0,155.751,155.769,155.8220924264486
2025-12-24T16:05:00Z,155.76,155.842,155.76,155.838,907.0,155.83,155.846,155.82421343625546
2025-12-24T16:10:00Z,155.839,155.878,155.827,155.876,964.0,155.869,155.884,155.8311183114214
2025-12-24T16:15:00Z,155.876,155.887,155.83,155.866,492.0,155.857,155.875,155.83576920323188
2025-12-24T16:20:00Z,155.866,155.891,155.85,155.885,679.0,155.877,155.893,155.84233330946762
2025-12-24T16:25:00Z,155.884,155.909,155.876,155.896,474.0,155.887,155.905,155.84948886820527
2025-12-24T16:30:00Z,155.896,155.923,155.882,155.886,765.0,155.878,155.893,155.85435701911123
2025-12-24T16:35:00Z,155.885,155.886,155.804,155.808,973.0,155.798,155.817,155.84817608322973
2025-12-24T16:40:00Z,155.808,155.862,155.792,155.857,865.0,155.848,155.866,155.84935260546578
2025-12-24T16:45:00Z,155.858,155.878,155.842,155.851,1058.0,155.844,155.858,155.84957225807034
2025-12-24T16:50:00Z,155.85,155.877,155.838,155.865,424.0,155.857,155.873,155.85162929032762
2025-12-24T16:55:00Z,155.864,155.876,155.817,155.836,668.0,155.827,155.845,155.8495453849506
2025-12-24T17:00:00Z,155.836,155.882,155.826,155.876,692.0,155.867,155.885,155.8530726669572
2025-12-24T17:05:00Z,155.876,155.888,155.852,155.882,623.0,155.872,155.893,155.85692964469624
2025-12-24T17:10:00Z,155.883,155.926,155.876,155.919,602.0,155.91,155.928,155.86520569207008
2025-12-24T17:15:00Z,155.92,155.929,155.91,155.918,283.0,155.909,155.928,155.8722449331274
2025-12-24T17:20:00Z,155.919,155.94,155.904,155.93,370.0,155.92,155.939,155.87994560871041
2025-12-24T17:25:00Z,155.929,155.938,155.907,155.911,361.0,155.901,155.921,155.8840861942157
2025-12-24T17:30:00Z,155.91,155.933,155.906,155.933,392.0,155.924,155.942,155.89060803498694
2025-12-24T17:35:00Z,155.932,155.944,155.922,155.937,582.0,155.928,155.946,155.896793630322
2025-12-24T17:40:00Z,155.938,155.984,155.935,155.967,684.0,155.958,155.976,155.9061544796124
2025-12-24T17:45:00Z,155.966,156.01,155.966,155.992,510.0,155.984,156.0,155.91760054899743
2025-12-24T17:50:00Z,155.992,155.996,155.974,155.98,574.0,155.972,155.989,155.92592047579777
2025-12-24T17:55:00Z,155.98,156.026,155.95,155.972,1326.0,155.963,155.981,155.93206441235807
2025-12-24T18:00:00Z,155.972,156.02,155.968,155.995,381.0,155.985,156.005,155.94045582404368
2025-12-24T18:05:00Z,155.994,156.006,155.964,155.98,891.0,155.971,155.988,155.94572838083786
2025-12-24T18:10:00Z,155.979,155.993,155.957,155.984,1799.0,155.974,155.995,155.9508312633928
2025-12-24T18:15:00Z,155.983,155.987,155.945,155.978,1687.0,155.967,155.988,155.9544537616071
2025-12-24T18:20:00Z,155.978,155.988,155.969,155.978,1047.0,155.968,155.988,155.9575932600595
2025-12-24T18:25:00Z,155.978,155.988,155.976,155.986,428.0,155.977,155.996,155.9613808253849
2025-12-24T18:30:00Z,155.986,155.988,155.978,155.978,238.0,155.97,155.986,155.96359671533358
2025-12-24T18:35:00Z,155.978,155.978,155.969,155.97,63.0,155.962,155.978,155.96445048662244
2025-12-24T18:40:00Z,155.97,155.976,155.964,155.964,332.0,155.956,155.971,155.96439042173947
2025-12-24T18:45:00Z,155.964,155.969,155.964,155.968,271.0,155.96,155.977,155.96487169884088
2025-12-24T18:50:00Z,155.968,155.969,155.964,155.968,387.0,155.96,155.975,155.9652888056621
2025-12-24T18:55:00Z,155.968,155.968,155.965,155.968,195.0,155.96,155.975,155.9656502982405
2025-12-24T19:00:00Z,155.967,155.97,155.964,155.965,93.0,155.956,155.974,155.96556359180843
2025-12-24T19:05:00Z,155.966,155.967,155.963,155.965,170.0,155.956,155.974,155.965488446234
2025-12-24T19:10:00Z,155.964,155.984,155.945,155.976,1334.0,155.964,155.988,155.96688998673613
2025-12-24T19:15:00Z,155.977,155.978,155.952,155.96,939.0,155.949,155.971,155.965971321838
2025-12-24T19:20:00Z,155.961,155.972,155.94,155.956,1131.0,155.942,155.97,155.9646418122596
2025-12-24T19:25:00Z,155.956,155.962,155.942,155.951,440.0,155.937,155.965,155.9628229039583
2025-12-24T19:30:00Z,155.95,155.962,155.942,155.959,203.0,155.946,155.972,155.96231318343055
2025-12-24T19:35:00Z,155.96,155.962,155.836,155.894,803.0,155.874,155.915,155.95320475897316
2025-12-24T19:40:00Z,155.894,155.905,155.877,155.898,185.0,155.873,155.923,155.9458441244434
2025-12-24T19:45:00Z,155.896,155.9,155.884,155.898,59.0,155.873,155.922,155.93946490785095
2025-12-24T19:50:00Z,155.897,155.898,155.882,155.897,61.0,155.873,155.921,155.93380292013748
2025-12-24T19:55:00Z,155.896,155.898,155.876,155.886,38.0,155.863,155.91,155.92742919745248
2025-12-24T20:00:00Z,155.887,155.893,155.876,155.892,47.0,155.871,155.914,155.92270530445882
2025-12-24T20:05:00Z,155.894,155.896,155.877,155.879,74.0,155.838,155.92,155.91687793053097
2025-12-24T20:10:00Z,155.88,155.882,155.876,155.88,47.0,155.838,155.922,155.91196087312684
2025-12-24T20:15:00Z,155.881,155.904,155.881,155.902,180.0,155.87,155.934,155.91063275670993
2025-12-24T20:20:00Z,155.898,155.918,155.872,155.903,639.0,155.863,155.943,155.90961505581527
2025-12-24T20:25:00Z,155.904,155.938,155.892,155.926,630.0,155.905,155.947,155.9117997150399
2025-12-24T20:30:00Z,155.926,155.928,155.923,155.924,26.0,155.9,155.948,155.91342641970127
2025-12-24T20:35:00Z,155.924,155.926,155.922,155.925,30.0,155.905,155.945,155.9149695637411
2025-12-24T20:40:00Z,155.924,155.934,155.922,155.934,21.0,155.917,155.951,155.9175069552423
2025-12-24T20:45:00Z,155.929,155.932,155.922,155.925,26.0,155.905,155.945,155.91850602787665
2025-12-24T20:50:00Z,155.926,155.934,155.925,155.932,70.0,155.918,155.946,155.92030522415976
2025-12-24T20:55:00Z,155.934,155.952,155.928,155.952,201.0,155.937,155.968,155.9245311942718
2025-12-24T21:00:00Z,155.952,155.966,155.928,155.95,361.0,155.928,155.972,155.92792703503557
2025-12-24T21:05:00Z,155.95,155.956,155.947,155.956,40.0,155.935,155.976,155.93167009703083
2025-12-24T21:10:00Z,155.956,155.957,155.948,155.957,43.0,155.935,155.979,155.93504741742672
2025-12-24T21:15:00Z,155.956,155.958,155.948,155.957,17.0,155.935,155.979,155.9379744284365
2025-12-24T21:20:00Z,155.951,155.958,155.948,155.958,26.0,155.937,155.978,155.94064450464495
2025-12-24T21:25:00Z,155.956,155.959,155.948,155.95,45.0,155.922,155.979,155.94189190402562
2025-12-24T21:30:00Z,155.954,155.96,155.898,155.901,385.0,155.86,155.942,155.93643965015553
2025-12-24T21:35:00Z,155.9,155.941,155.89,155.91,214.0,155.862,155.959,155.93291436346814
2025-12-24T21:40:00Z,155.911,155.923,155.868,155.896,56.0,155.846,155.946,155.92799244833907
2025-12-24T21:45:00Z,155.904,155.922,155.888,155.92,103.0,155.87,155.97,155.92692678856054
2025-12-24T21:50:00Z,155.968,155.968,155.919,155.926,112.0,155.876,155.976,155.92680321675246
2025-12-24T21:55:00Z,155.919,155.958,155.917,155.952,118.0,155.908,155.996,155.93016278785214
2025-12-25T22:00:00Z,155.94,155.94,155.94,155.94,1.0,155.89,155.99,155.9314744161385
2025-12-25T22:05:00Z,155.947,155.948,155.86,155.861,53.0,155.844,155.878,155.92207782732004
2025-12-25T22:10:00Z,155.846,155.922,155.846,155.903,11.0,155.853,155.953,155.9195341170107
2025-12-25T22:15:00Z,155.891,155.916,155.891,155.912,7.0,155.862,155.962,155.91852956807594
2025-12-25T22:20:00Z,155.916,155.916,155.916,155.916,1.0,155.866,155.966,155.9181922923325
2025-12-25T22:25:00Z,155.923,155.923,155.923,155.923,1.0,155.873,155.973,155.9188333200215
2025-12-25T22:30:00Z,155.919,155.919,155.919,155.919,1.0,155.869,155.969,155.91885554401864
2025-12-25T22:35:00Z,155.924,155.926,155.91,155.916,24.0,155.866,155.966,155.91847480481616
2025-12-25T22:40:00Z,155.911,155.922,155.906,155.92,33.0,155.87,155.97,155.918678164174
2025-12-25T22:45:00Z,155.914,155.918,155.858,155.873,50.0,155.852,155.894,155.91258774228413
2025-12-25T22:50:00Z,155.874,155.88,155.874,155.876,28.0,155.86,155.891,155.90770937664624
2025-12-25T22:55:00Z,155.878,155.902,155.873,155.896,64.0,155.883,155.91,155.90614812642676
2025-12-25T23:00:00Z,155.896,155.897,155.816,155.816,125.0,155.804,155.828,155.89412837623652
2025-12-25T23:05:00Z,155.82,155.853,155.818,155.828,170.0,155.817,155.838,155.885311259405
2025-12-25T23:10:00Z,155.826,155.846,155.825,155.83,384.0,155.819,155.84,155.87793642481768
2025-12-25T23:15:00Z,155.83,155.856,155.816,155.832,755.0,155.819,155.844,155.87181156817533
2025-12-25T23:20:00Z,155.833,155.846,155.804,155.806,799.0,155.793,155.818,155.86303669241863
2025-12-25T23:25:00Z,155.806,155.81,155.753,155.755,511.0,155.747,155.763,155.84863180009614
2025-12-25T23:30:00Z,155.754,155.927,155.752,155.92,1945.0,155.908,155.933,155.85814756008332
2025-12-25T23:35:00Z,155.919,155.945,155.889,155.938,1148.0,155.929,155.948,155.86879455207222
2025-12-25T23:40:00Z,155.939,155.958,155.911,155.92,1851.0,155.909,155.93,155.87562194512927
2025-12-25T23:45:00Z,155.92,155.995,155.92,155.99,1376.0,155.98,156.0,155.89087235244537
2025-12-25T23:50:00Z,155.991,156.08,155.982,156.066,972.0,156.055,156.076,155.91422270545266
2025-12-25T23:55:00Z,156.066,156.132,156.059,156.108,956.0,156.099,156.117,155.940059678059
2025-12-26T00:00:00Z,156.108,156.236,156.106,156.193,1921.0,156.183,156.203,155.9737850543178
2025-12-26T00:05:00Z,156.194,156.274,156.191,156.242,1266.0,156.233,156.252,156.00954704707544
2025-12-26T00:10:00Z,156.244,156.249,156.178,156.198,775.0,156.188,156.208,156.03467410746538
2025-12-26T00:15:00Z,156.202,156.234,156.179,156.216,735.0,156.205,156.227,156.05885089313668
2025-12-26T00:20:00Z,156.216,156.244,156.184,156.186,948.0,156.175,156.196,156.07580410738512
2025-12-26T00:25:00Z,156.187,156.19,156.132,156.169,916.0,156.159,156.179,156.08823022640044
2025-12-26T00:30:00Z,156.168,156.224,156.168,156.212,892.0,156.203,156.22,156.10473286288038
2025-12-26T00:35:00Z,156.212,156.246,156.211,156.234,714.0,156.227,156.242,156.121968481163
2025-12-26T00:40:00Z,156.235,156.256,156.214,156.225,602.0,156.216,156.234,156.13570601700795
2025-12-26T00:45:00Z,156.227,156.31,156.226,156.293,924.0,156.285,156.301,156.15667854807356
2025-12-26T00:50:00Z,156.292,156.436,156.292,156.431,2377.0,156.421,156.441,156.19325474166376
2025-12-26T00:55:00Z,156.428,156.492,156.376,156.411,2371.0,156.402,156.42,156.22228744277527
2025-12-26T01:00:00Z,156.412,156.444,156.388,156.392,1081.0,156.381,156.402,156.24491578373858
2025-12-26T01:05:00Z,156.392,156.392,156.304,156.332,1140.0,156.323,156.34,156.25652701257343
2025-12-26T01:10:00Z,156.334,156.399,156.332,156.376,766.0,156.368,156.384,156.2724567442303
2025-12-26T01:15:00Z,156.376,156.378,156.289,156.294,1145.0,156.285,156.304,156.27532917833295
2025-12-26T01:20:00Z,156.294,156.296,156.232,156.258,920.0,156.249,156.268,156.2730186212219
2025-12-26T01:25:00Z,156.258,156.262,156.208,156.238,702.0,156.228,156.248,156.26834947172566
2025-12-26T01:30:00Z,156.24,156.24,156.168,156.225,787.0,156.218,156.232,156.26256954216223
2025-12-26T01:35:00Z,156.224,156.261,156.2,156.26,709.0,156.25,156.269,156.2622269365406
2025-12-26T01:40:00Z,156.259,156.296,156.247,156.293,829.0,156.285,156.301,156.26633001166851
2025-12-26T01:45:00Z,156.292,156.33,156.273,156.328,539.0,156.319,156.337,156.2745526767794
2025-12-26T01:50:00Z,156.328,156.336,156.282,156.288,440.0,156.279,156.298,156.2763456532088
2025-12-26T01:55:00Z,156.289,156.303,156.277,156.284,364.0,156.275,156.294,156.27736623278096
2025-12-26T02:00:00Z,156.284,156.304,156.251,156.252,1052.0,156.243,156.262,156.2739840684102
2025-12-26T02:05:00Z,156.251,156.256,156.224,156.241,709.0,156.231,156.251,156.26958619262217
2025-12-26T02:10:00Z,156.244,156.246,156.171,156.199,700.0,156.189,156.209,156.26017470027256
2025-12-26T02:15:00Z,156.2,156.23,156.192,156.224,289.0,156.214,156.235,156.2553514069029
2025-12-26T02:20:00Z,156.225,156.288,156.224,156.284,498.0,156.274,156.294,156.25917121931585
2025-12-26T02:25:00Z,156.285,156.31,156.252,156.272,575.0,156.262,156.282,156.26088172340707
2025-12-26T02:30:00Z,156.274,156.278,156.244,156.244,400.0,156.235,156.254,156.2586308269528
2025-12-26T02:35:00Z,156.242,156.258,156.171,156.256,924.0,156.249,156.264,156.25828005002577
2025-12-26T02:40:00Z,156.256,156.278,156.224,156.272,753.0,156.263,156.28,156.260109376689
2025-12-26T02:45:00Z,156.27,156.272,156.232,156.254,630.0,156.245,156.264,156.25929479313046
2025-12-26T02:50:00Z,156.251,156.259,156.23,156.245,477.0,156.235,156.255,156.2573888207131
2025-12-26T02:55:00Z,156.244,156.266,156.202,156.226,680.0,156.215,156.236,156.25320364461803
2025-12-26T03:00:00Z,156.226,156.236,156.208,156.23,378.0,156.22,156.241,156.2501098253356
2025-12-26T03:05:00Z,156.228,156.233,156.205,156.222,396.0,156.214,156.231,156.2463618486242
2025-12-26T03:10:00Z,156.223,156.232,156.182,156.225,449.0,156.217,156.233,156.24351360214098
2025-12-26T03:15:00Z,156.224,156.257,156.218,156.228,607.0,156.22,156.237,156.24144512185552
2025-12-26T03:20:00Z,156.229,156.244,156.209,156.227,445.0,156.219,156.235,156.2395191056081
2025-12-26T03:25:00Z,156.227,156.244,156.217,156.226,506.0,156.217,156.235,156.2377165581937
2025-12-26T03:30:00Z,156.224,156.237,156.184,156.229,613.0,156.218,156.24,156.23655435043455
2025-12-26T03:35:00Z,156.228,156.238,156.218,156.226,392.0,156.217,156.235,156.23514710370995
2025-12-26T03:40:00Z,156.226,156.234,156.188,156.201,421.0,156.192,156.21,156.23059415654862
2025-12-26T03:45:00Z,156.2,156.214,156.167,156.174,475.0,156.167,156.182,156.2230482690088
2025-12-26T03:50:00Z,156.176,156.176,156.111,156.141,695.0,156.132,156.15,156.21210849980764
2025-12-26T03:55:00Z,156.144,156.15,156.046,156.056,1117.0,156.047,156.065,156.19129403316663
2025-12-26T04:00:00Z,156.056,156.068,155.988,156.042,1184.0,156.033,156.052,156.17138816207773
2025-12-26T04:05:00Z,156.042,156.076,156.02,156.062,627.0,156.053,156.071,156.15680307380072
2025-12-26T04:10:00Z,156.062,156.092,156.05,156.056,647.0,156.048,156.064,156.14336266396063
2025-12-26T04:15:00Z,156.056,156.141,156.054,156.138,683.0,156.128,156.148,156.1426476420992
2025-12-26T04:20:00Z,156.14,156.15,156.121,156.121,450.0,156.112,156.13,156.13976128981932
2025-12-26T04:25:00Z,156.12,156.154,156.102,156.154,369.0,156.145,156.163,156.14165978451007
2025-12-26T04:30:00Z,156.155,156.191,156.112,156.112,757.0,156.102,156.122,156.1377051465754
2025-12-26T04:35:00Z,156.111,156.111,156.047,156.067,559.0,156.058,156.076,156.1282777936987
2025-12-26T04:40:00Z,156.068,156.126,156.063,156.122,732.0,156.112,156.133,156.12744075453887
2025-12-26T04:45:00Z,156.122,156.164,156.115,156.136,680.0,156.128,156.145,156.128581987267
2025-12-26T04:50:00Z,156.137,156.158,156.128,156.15,521.0,156.14,156.159,156.13143772229807
2025-12-26T04:55:00Z,156.148,156.169,156.148,156.167,399.0,156.157,156.177,156.136179359325
2025-12-26T05:00:00Z,156.166,156.177,156.154,156.156,406.0,156.147,156.166,156.138822111415
2025-12-26T05:05:00Z,156.156,156.162,156.116,156.127,479.0,156.119,156.135,156.137245829893
2025-12-26T05:10:00Z,156.127,156.156,156.092,156.147,556.0,156.138,156.156,156.13854638590726
2025-12-26T05:15:00Z,156.146,156.232,156.135,156.218,705.0,156.208,156.228,156.14914020111962
2025-12-26T05:20:00Z,156.216,156.282,156.216,156.267,960.0,156.259,156.275,156.16485484097035
2025-12-26T05:25:00Z,156.268,156.27,156.226,156.242,429.0,156.233,156.252,156.17514086217432
2025-12-26T05:30:00Z,156.244,156.284,156.236,156.246,673.0,156.239,156.254,156.18458874721776
2025-12-26T05:35:00Z,156.247,156.264,156.229,156.243,453.0,156.234,156.252,156.1923769142554
2025-12-26T05:40:00Z,156.242,156.272,156.234,156.268,581.0,156.259,156.278,156.20245999235468
2025-12-26T05:45:00Z,156.269,156.284,156.227,156.227,559.0,156.218,156.236,156.20573199337406
2025-12-26T05:50:00Z,156.228,156.245,156.196,156.2,593.0,156.19,156.21,156.20496772759086
2025-12-26T05:55:00Z,156.199,156.212,156.176,156.206,615.0,156.198,156.214,156.20510536391208
2025-12-26T06:00:00Z,156.206,156.207,156.15,156.181,798.0,156.172,156.19,156.20189131539047
2025-12-26T06:05:00Z,156.182,156.182,156.092,156.136,684.0,156.127,156.146,156.19310580667175
2025-12-26T06:10:00Z,156.136,156.186,156.124,156.154,469.0,156.143,156.164,156.1878916991155
2025-12-26T06:15:00Z,156.153,156.235,156.142,156.233,429.0,156.223,156.243,156.19390613923346
2025-12-26T06:20:00Z,156.232,156.236,156.205,156.218,317.0,156.208,156.228,156.19711865400234
2025-12-26T06:25:00Z,156.218,156.234,156.207,156.231,446.0,156.221,156.241,156.20163616680202
2025-12-26T06:30:00Z,156.232,156.254,156.219,156.254,622.0,156.244,156.263,156.20861801122842
2025-12-26T06:35:00Z,156.254,156.284,156.218,156.238,847.0,156.228,156.249,156.2125356097313
2025-12-26T06:40:00Z,156.239,156.272,156.238,156.264,741.0,156.256,156.272,156.2193975284338
2025-12-26T06:45:00Z,156.261,156.29,156.244,156.256,760.0,156.247,156.264,156.22427785797598
2025-12-26T06:50:00Z,156.258,156.312,156.255,156.31,596.0,156.303,156.318,156.23570747691252
2025-12-26T06:55:00Z,156.314,156.32,156.271,156.284,803.0,156.275,156.292,156.24214647999085
2025-12-26T07:00:00Z,156.284,156.317,156.274,156.276,711.0,156.269,156.284,156.24666028265875
2025-12-26T07:05:00Z,156.277,156.292,156.262,156.266,425.0,156.259,156.273,156.24923891163758
2025-12-26T07:10:00Z,156.266,156.271,156.242,156.25,313.0,156.244,156.257,156.2493403900859
2025-12-26T07:15:00Z,156.248,156.28,156.247,156.278,496.0,156.271,156.286,156.25316167140778
2025-12-26T07:20:00Z,156.277,156.278,156.229,156.243,511.0,156.237,156.249,156.25180678188676
2025-12-26T07:25:00Z,156.242,156.266,156.218,156.23,667.0,156.221,156.239,156.24889921096852
2025-12-26T07:30:00Z,156.23,156.309,156.225,156.302,796.0,156.292,156.312,156.25597931617273
2025-12-26T07:35:00Z,156.306,156.376,156.292,156.365,723.0,156.355,156.375,156.2705154073497
2025-12-26T07:40:00Z,156.364,156.384,156.337,156.38,884.0,156.37,156.389,156.28511335303642
2025-12-26T07:45:00Z,156.379,156.398,156.365,156.37,723.0,156.36,156.38,156.29643157263158
2025-12-26T07:50:00Z,156.372,156.436,156.342,156.414,913.0,156.404,156.424,156.31210736294736
2025-12-26T07:55:00Z,156.414,156.446,156.37,156.374,1224.0,156.364,156.383,156.32035971455437
2025-12-26T08:00:00Z,156.374,156.45,156.344,156.406,1195.0,156.397,156.415,156.33177841928045
2025-12-26T08:05:00Z,156.405,156.431,156.39,156.414,888.0,156.405,156.422,156.34274129670973
2025-12-26T08:10:00Z,156.416,156.439,156.406,156.423,777.0,156.414,156.432,156.35344245714845
2025-12-26T08:15:00Z,156.421,156.432,156.346,156.366,750.0,156.357,156.376,156.35511679619532
2025-12-26T08:20:00Z,156.368,156.374,156.3,156.319,652.0,156.308,156.33,156.35030122336929
2025-12-26T08:25:00Z,156.32,156.372,156.318,156.368,691.0,156.358,156.379,156.35266106025338
2025-12-26T08:30:00Z,156.369,156.373,156.314,156.333,754.0,156.324,156.342,156.35003958555293
2025-12-26T08:35:00Z,156.334,156.348,156.324,156.33,412.0,156.32,156.339,156.34736764081254
2025-12-26T08:40:00Z,156.33,156.397,156.329,156.392,643.0,156.383,156.402,156.35331862203753
2025-12-26T08:45:00Z,156.388,156.388,156.314,156.326,691.0,156.316,156.337,156.3496761390992
2025-12-26T08:50:00Z,156.326,156.349,156.32,156.334,618.0,156.325,156.344,156.3475859872193
2025-12-26T08:55:00Z,156.335,156.372,156.322,156.336,873.0,156.326,156.345,156.3460411889234
2025-12-26T09:00:00Z,156.337,156.362,156.317,156.352,747.0,156.342,156.363,156.34683569706695
2025-12-26T09:05:00Z,156.354,156.437,156.348,156.434,611.0,156.423,156.444,156.35845760412468
2025-12-26T09:10:00Z,156.422,156.44,156.408,156.415,687.0,156.407,156.423,156.3659965902414
2025-12-26T09:15:00Z,156.416,156.438,156.406,156.43,453.0,156.421,156.44,156.37453037820922
2025-12-26T09:20:00Z,156.43,156.468,156.417,156.452,559.0,156.44,156.464,156.38485966111466
2025-12-26T09:25:00Z,156.452,156.453,156.415,156.416,434.0,156.406,156.426,156.38901170629939
2025-12-26T09:30:00Z,156.417,156.445,156.414,156.43,580.0,156.418,156.442,156.39447681212613
2025-12-26T09:35:00Z,156.43,156.452,156.424,156.427,474.0,156.417,156.437,156.39881323717597
2025-12-26T09:40:00Z,156.43,156.46,156.43,156.448,483.0,156.44,156.455,156.40537147221917
2025-12-26T09:45:00Z,156.448,156.452,156.421,156.44,394.0,156.429,156.45,156.40998860925663
2025-12-26T09:50:00Z,156.44,156.448,156.418,156.446,507.0,156.438,156.455,156.41479012802242
2025-12-26T09:55:00Z,156.447,156.474,156.436,156.462,597.0,156.454,156.469,156.42108477761943
2025-12-26T10:00:00Z,156.464,156.47,156.44,156.444,480.0,156.435,156.454,156.4241401406035
2025-12-26T10:05:00Z,156.443,156.444,156.412,156.426,479.0,156.419,156.434,156.42438812185637
2025-12-26T10:10:00Z,156.424,156.427,156.399,156.402,460.0,156.391,156.412,156.42140303894217
2025-12-26T10:15:00Z,156.402,156.404,156.362,156.37,558.0,156.362,156.377,156.41454930041655
2025-12-26T10:20:00Z,156.368,156.42,156.368,156.392,618.0,156.384,156.399,156.4115427270277
2025-12-26T10:25:00Z,156.391,156.422,156.367,156.42,569.0,156.411,156.43,156.412670363424
2025-12-26T10:30:00Z,156.42,156.421,156.386,156.407,428.0,156.396,156.418,156.41191431496748
2025-12-26T10:35:00Z,156.41,156.422,156.395,156.406,592.0,156.396,156.416,156.4111257396385
2025-12-26T10:40:00Z,156.406,156.414,156.398,156.41,422.0,156.399,156.422,156.41097564102003
2025-12-26T10:45:00Z,156.411,156.411,156.39,156.392,743.0,156.383,156.401,156.40844555555068
2025-12-26T10:50:00Z,156.392,156.407,156.376,156.378,394.0,156.37,156.386,156.40438614814394
2025-12-26T10:55:00Z,156.38,156.402,156.375,156.402,387.0,156.392,156.412,156.40406799505809
2025-12-26T11:00:00Z,156.402,156.402,156.378,156.389,406.0,156.378,156.4,156.40205892905036
2025-12-26T11:05:00Z,156.39,156.413,156.388,156.402,489.0,156.392,156.412,156.40205107184363
2025-12-26T11:10:00Z,156.402,156.424,156.39,156.396,496.0,156.387,156.405,156.40124426226447
2025-12-26T11:15:00Z,156.396,156.404,156.387,156.4,761.0,156.392,156.409,156.4010783606292
2025-12-26T11:20:00Z,156.401,156.402,156.337,156.339,610.0,156.329,156.349,156.39280124587864
2025-12-26T11:25:00Z,156.338,156.376,156.324,156.376,644.0,156.368,156.384,156.39056107976148
2025-12-26T11:30:00Z,156.376,156.376,156.331,156.352,748.0,156.343,156.36,156.38541960245996
2025-12-26T11:35:00Z,156.35,156.379,156.34,156.364,574.0,156.353,156.375,156.3825636554653
2025-12-26T11:40:00Z,156.364,156.365,156.344,156.359,471.0,156.348,156.37,156.3794218347366
2025-12-26T11:45:00Z,156.356,156.391,156.338,156.39,604.0,156.38,156.4,156.38083225677173
2025-12-26T11:50:00Z,156.39,156.404,156.37,156.374,581.0,156.363,156.384,156.37992128920217
2025-12-26T11:55:00Z,156.376,156.406,156.37,156.404,481.0,156.395,156.412,156.38313178397522
2025-12-26T12:00:00Z,156.403,156.452,156.396,156.448,644.0,156.441,156.454,156.3917808794452
2025-12-26T12:05:00Z,156.446,156.453,156.426,156.44,761.0,156.431,156.45,156.39821009551918
2025-12-26T12:10:00Z,156.439,156.463,156.436,156.456,536.0,156.45,156.463,156.4059154161166
2025-12-26T12:15:00Z,156.456,156.464,156.438,156.46,583.0,156.451,156.47,156.41312669396774
2025-12-26T12:20:00Z,156.461,156.49,156.46,156.464,619.0,156.455,156.473,156.4199098014387
2025-12-26T12:25:00Z,156.466,156.477,156.448,156.462,421.0,156.453,156.472,156.42552182791354
2025-12-26T12:30:00Z,156.462,156.464,156.434,156.442,380.0,156.433,156.45,156.42771891752508
2025-12-26T12:35:00Z,156.443,156.444,156.414,156.416,294.0,156.407,156.424,156.4261563951884
2025-12-26T12:40:00Z,156.417,156.434,156.4,156.409,530.0,156.398,156.42,156.42386887582995
2025-12-26T12:45:00Z,156.412,156.447,156.398,156.434,595.0,156.425,156.442,156.42521969238595
2025-12-26T12:50:00Z,156.434,156.455,156.428,156.445,650.0,156.436,156.454,156.4278570667345
2025-12-26T12:55:00Z,156.444,156.45,156.406,156.42,593.0,156.411,156.428,156.42680945783658
2025-12-26T13:00:00Z,156.417,156.444,156.387,156.422,1033.0,156.414,156.431,156.4261681967917
2025-12-26T13:05:00Z,156.423,156.425,156.282,156.33,1744.0,156.321,156.339,156.4133457705528
2025-12-26T13:10:00Z,156.33,156.376,156.33,156.363,947.0,156.355,156.371,156.40663300114576
2025-12-26T13:15:00Z,156.362,156.362,156.319,156.342,622.0,156.332,156.352,156.39801526765967
2025-12-26T13:20:00Z,156.342,156.371,156.33,156.332,885.0,156.322,156.343,156.38921323197172
2025-12-26T13:25:00Z,156.332,156.336,156.29,156.29,727.0,156.279,156.3,156.37598480104216
2025-12-26T13:30:00Z,156.289,156.304,156.262,156.302,929.0,156.293,156.311,156.36612016090322
2025-12-26T13:35:00Z,156.302,156.302,156.262,156.288,967.0,156.278,156.297,156.35570413944947
2025-12-26T13:40:00Z,156.287,156.298,156.244,156.276,847.0,156.267,156.285,156.3450769208562
2025-12-26T13:45:00Z,156.274,156.295,156.228,156.288,999.0,156.279,156.298,156.33746666474204
2025-12-26T13:50:00Z,156.285,156.338,156.284,156.316,1183.0,156.31,156.323,156.33460444277642
2025-12-26T13:55:00Z,156.317,156.347,156.312,156.324,915.0,156.315,156.333,156.33319051707292
2025-12-26T14:00:00Z,156.324,156.324,156.276,156.289,823.0,156.281,156.297,156.32729844812988
2025-12-26T14:05:00Z,156.29,156.339,156.29,156.319,791.0,156.311,156.327,156.32619198837924
2025-12-26T14:10:00Z,156.32,156.334,156.29,156.298,876.0,156.288,156.308,156.32243305659534
2025-12-26T14:15:00Z,156.3,156.33,156.298,156.322,563.0,156.312,156.332,156.32237531571596
2025-12-26T14:20:00Z,156.322,156.365,156.314,156.353,610.0,156.345,156.361,156.32645860695385
2025-12-26T14:25:00Z,156.352,156.363,156.32,156.354,587.0,156.343,156.364,156.33013079269335
2025-12-26T14:30:00Z,156.355,156.382,156.348,156.36,1124.0,156.351,156.37,156.3341133536676
2025-12-26T14:35:00Z,156.36,156.372,156.332,156.37,770.0,156.363,156.377,156.33889823984524
2025-12-26T14:40:00Z,156.368,156.426,156.352,156.424,870.0,156.414,156.433,156.35024514119922
2025-12-26T14:45:00Z,156.422,156.482,156.406,156.468,1172.0,156.462,156.475,156.36594578903933
2025-12-26T14:50:00Z,156.469,156.48,156.452,156.474,1362.0,156.466,156.483,156.38035301716744
2025-12-26T14:55:00Z,156.476,156.486,156.438,156.454,1349.0,156.444,156.464,156.39017261487845
2025-12-26T15:00:00Z,156.454,156.456,156.347,156.361,1242.0,156.351,156.371,156.38628293289466
2025-12-26T15:05:00Z,156.36,156.374,156.312,156.348,969.0,156.338,156.357,156.38117854184205
2025-12-26T15:10:00Z,156.348,156.37,156.343,156.364,524.0,156.355,156.373,156.37888806959646
2025-12-26T15:15:00Z,156.366,156.374,156.35,156.362,636.0,156.355,156.37,156.3766363269836
2025-12-26T15:20:00Z,156.362,156.385,156.334,156.375,701.0,156.366,156.384,156.37641815005247
2025-12-26T15:25:00Z,156.378,156.394,156.354,156.375,870.0,156.364,156.386,156.37622906337882
2025-12-26T15:30:00Z,156.374,156.412,156.368,156.406,852.0,156.397,156.414,156.380198521595
2025-12-26T15:35:00Z,156.405,156.426,156.389,156.408,645.0,156.401,156.416,156.38390538538232
2025-12-26T15:40:00Z,156.408,156.45,156.408,156.436,615.0,156.427,156.445,156.39085133399803
2025-12-26T15:45:00Z,156.436,156.446,156.43,156.436,661.0,156.426,156.446,156.39687115613162
2025-12-26T15:50:00Z,156.436,156.484,156.408,156.48,1117.0,156.472,156.487,156.40795500198075
2025-12-26T15:55:00Z,156.48,156.536,156.406,156.426,2394.0,156.418,156.434,156.41036100171667
2025-12-26T16:00:00Z,156.426,156.438,156.37,156.426,1762.0,156.417,156.435,156.41244620148777
2025-12-26T16:05:00Z,156.428,156.515,156.416,156.513,1605.0,156.504,156.522,156.42585337462273
2025-12-26T16:10:00Z,156.514,156.544,156.484,156.54,1432.0,156.53,156.549,156.44107292467305
2025-12-26T16:15:00Z,156.54,156.588,156.537,156.541,1709.0,156.531,156.551,156.45439653471664
2025-12-26T16:20:00Z,156.542,156.635,156.523,156.612,1141.0,156.603,156.622,156.47541033008775
2025-12-26T16:25:00Z,156.613,156.643,156.61,156.638,597.0,156.63,156.647,156.49708895274273
2025-12-26T16:30:00Z,156.64,156.656,156.606,156.622,1236.0,156.612,156.633,156.5137437590437
2025-12-26T16:35:00Z,156.622,156.643,156.61,156.624,519.0,156.614,156.634,156.52844459117122
2025-12-26T16:40:00Z,156.624,156.636,156.618,156.622,590.0,156.612,156.633,156.54091864568173
2025-12-26T16:45:00Z,156.622,156.626,156.608,156.622,424.0,156.612,156.632,156.55172949292418
2025-12-26T16:50:00Z,156.622,156.656,156.621,156.638,757.0,156.629,156.648,156.56323222720096
2025-12-26T16:55:00Z,156.638,156.647,156.628,156.636,728.0,156.625,156.646,156.5729345969075
2025-12-26T17:00:00Z,156.636,156.648,156.612,156.636,897.0,156.628,156.645,156.58134331731983
2025-12-26T17:05:00Z,156.636,156.636,156.61,156.621,918.0,156.61,156.632,156.58663087501054
2025-12-26T17:10:00Z,156.622,156.64,156.616,156.633,704.0,156.626,156.64,156.59281342500913
2025-12-26T17:15:00Z,156.634,156.648,156.622,156.634,1048.0,156.625,156.643,156.59830496834124
2025-12-26T17:20:00Z,156.633,156.658,156.608,156.615,766.0,156.607,156.623,156.6005309725624
2025-12-26T17:25:00Z,156.614,156.653,156.61,156.649,770.0,156.639,156.659,156.6069935095541
2025-12-26T17:30:00Z,156.65,156.73,156.638,156.714,1047.0,156.706,156.723,156.62126104161354
2025-12-26T17:35:00Z,156.714,156.726,156.63,156.638,1028.0,156.628,156.648,156.62349290273173
2025-12-26T17:40:00Z,156.638,156.649,156.588,156.59,1016.0,156.581,156.6,156.6190271823675
2025-12-26T17:45:00Z,156.592,156.607,156.578,156.602,840.0,156.59,156.614,156.61675689138517
2025-12-26T17:50:00Z,156.6,156.618,156.59,156.606,1171.0,156.595,156.617,156.61532263920049
2025-12-26T17:55:00Z,156.606,156.611,156.555,156.571,1094.0,156.559,156.583,156.60941295397376
2025-12-26T18:00:00Z,156.57,156.571,156.522,156.533,846.0,156.521,156.545,156.5992245601106
2025-12-26T18:05:00Z,156.534,156.565,156.514,156.563,893.0,156.554,156.572,156.59439461876252
2025-12-26T18:10:00Z,156.564,156.588,156.562,156.586,564.0,156.577,156.596,156.59327533626086
2025-12-26T18:15:00Z,156.585,156.589,156.56,156.586,619.0,156.576,156.596,156.59230529142607
2025-12-26T18:20:00Z,156.586,156.587,156.562,156.564,875.0,156.555,156.574,156.58853125256925
2025-12-26T18:25:00Z,156.57,156.574,156.538,156.556,485.0,156.546,156.565,156.5841937522267
2025-12-26T18:30:00Z,156.556,156.558,156.511,156.513,1193.0,156.505,156.521,156.5747012519298
2025-12-26T18:35:00Z,156.512,156.52,156.478,156.488,993.0,156.478,156.499,156.56314108500584
2025-12-26T18:40:00Z,156.487,156.496,156.439,156.466,661.0,156.456,156.477,156.5501889403384
2025-12-26T18:45:00Z,156.466,156.496,156.462,156.494,556.0,156.484,156.504,156.5426970816266
2025-12-26T18:50:00Z,156.494,156.53,156.493,156.5,661.0,156.493,156.508,156.53700413740972
2025-12-26T18:55:00Z,156.502,156.547,156.502,156.546,1564.0,156.536,156.555,156.5382035857551
2025-12-26T19:00:00Z,156.545,156.584,156.541,156.55,1728.0,156.542,156.559,156.53977644098777
2025-12-26T19:05:00Z,156.551,156.58,156.536,156.574,1333.0,156.565,156.583,156.5443395821894
2025-12-26T19:10:00Z,156.575,156.596,156.573,156.576,739.0,156.567,156.584,156.5485609712308
2025-12-26T19:15:00Z,156.576,156.592,156.538,156.551,507.0,156.541,156.561,156.5488861750667
2025-12-26T19:20:00Z,156.55,156.572,156.538,156.565,594.0,156.556,156.574,156.55103468505783
2025-12-26T19:25:00Z,156.564,156.576,156.557,156.565,661.0,156.555,156.575,156.55289672705013
2025-12-26T19:30:00Z,156.566,156.58,156.56,156.566,465.0,156.557,156.575,156.5546438301101
2025-12-26T19:35:00Z,156.564,156.58,156.564,156.57,519.0,156.562,156.578,156.55669131942875
2025-12-26T19:40:00Z,156.57,156.576,156.535,156.542,575.0,156.533,156.552,156.55473247683827
2025-12-26T19:45:00Z,156.541,156.552,156.522,156.542,510.0,156.533,156.552,156.55303481325984
2025-12-26T19:50:00Z,156.543,156.555,156.528,156.552,721.0,156.543,156.56,156.55289683815855
2025-12-26T19:55:00Z,156.55,156.55,156.504,156.505,802.0,156.496,156.514,156.54651059307074
2025-12-26T20:00:00Z,156.504,156.504,156.445,156.477,1089.0,156.467,156.487,156.53724251399464
2025-12-26T20:05:00Z,156.476,156.492,156.466,156.486,465.0,156.476,156.496,156.53041017879536
2025-12-26T20:10:00Z,156.486,156.502,156.48,156.493,410.0,156.482,156.504,156.52542215495598
2025-12-26T20:15:00Z,156.494,156.514,156.483,156.508,349.0,156.498,156.518,156.52309920096184
2025-12-26T20:20:00Z,156.506,156.528,156.505,156.52,290.0,156.51,156.531,156.52268597416693
2025-12-26T20:25:00Z,156.52,156.528,156.505,156.518,315.0,156.507,156.529,156.52206117761133
2025-12-26T20:30:00Z,156.518,156.524,156.517,156.522,221.0,156.514,156.53,156.5220530205965
2025-12-26T20:35:00Z,156.522,156.522,156.494,156.498,310.0,156.487,156.508,156.51884595118364
2025-12-26T20:40:00Z,156.498,156.504,156.478,156.49,444.0,156.48,156.499,156.51499982435917
2025-12-26T20:45:00Z,156.491,156.534,156.491,156.508,328.0,156.498,156.519,156.5140665144446
2025-12-26T20:50:00Z,156.508,156.518,156.48,156.51,582.0,156.5,156.52,156.51352431251865
2025-12-26T20:55:00Z,156.51,156.522,156.488,156.496,907.0,156.487,156.506,156.51118773751617
2025-12-26T21:00:00Z,156.497,156.53,156.492,156.517,318.0,156.506,156.528,156.51196270584734
2025-12-26T21:05:00Z,156.516,156.542,156.516,156.54,154.0,156.533,156.546,156.51570101173436
2025-12-26T21:10:00Z,156.54,156.544,156.525,156.532,199.0,156.521,156.543,156.5178742101698
2025-12-26T21:15:00Z,156.529,156.539,156.525,156.538,102.0,156.527,156.549,156.52055764881382
2025-12-26T21:20:00Z,156.536,156.553,156.534,156.544,174.0,156.534,156.555,156.52368329563865
2025-12-26T21:25:00Z,156.545,156.556,156.532,156.556,343.0,156.547,156.566,156.5279921895535
2025-12-26T21:30:00Z,156.557,156.582,156.552,156.556,276.0,156.542,156.571,156.5317265642797
2025-12-26T21:35:00Z,156.557,156.583,156.556,156.564,303.0,156.552,156.576,156.5360296890424
2025-12-26T21:40:00Z,156.564,156.6,156.558,156.565,429.0,156.559,156.571,156.5398923971701
2025-12-26T21:45:00Z,156.566,156.591,156.536,156.579,839.0,156.565,156.593,156.54510674421408
2025-12-26T21:50:00Z,156.584,156.61,156.584,156.6,1782.0,156.587,156.614,156.55242584498555
2025-12-26T21:55:00Z,156.601,156.601,156.552,156.569,623.0,156.519,156.619,156.5546357323208
2025-12-28T22:00:00Z,156.526,156.526,156.503,156.503,2.0,156.453,156.553,156.54775096801137
2025-12-28T22:05:00Z,156.515,156.577,156.498,156.54,51.0,156.49,156.59,156.54671750560985
2025-12-28T22:10:00Z,156.557,156.56,156.501,156.529,476.0,156.479,156.579,156.54435517152854
2025-12-28T22:15:00Z,156.536,156.553,156.523,156.535,22.0,156.485,156.585,156.54310781532473
2025-12-28T22:20:00Z,156.54,156.565,156.533,156.548,42.0,156.498,156.598,156.54376010661477
2025-12-28T22:25:00Z,156.552,156.569,156.537,156.563,13.0,156.513,156.613,156.54632542573282
2025-12-28T22:30:00Z,156.551,156.57,156.52,156.529,924.0,156.497,156.561,156.54401536896845
2025-12-28T22:35:00Z,156.523,156.534,156.5,156.504,472.0,156.471,156.536,156.53867998643932
2025-12-28T22:40:00Z,156.504,156.522,156.496,156.509,2086.0,156.475,156.543,156.53472265491408
2025-12-28T22:45:00Z,156.509,156.548,156.488,156.534,1301.0,156.489,156.579,156.53462630092554
2025-12-28T22:50:00Z,156.542,156.556,156.517,156.544,1825.0,156.504,156.585,156.5358761274688
2025-12-28T22:55:00Z,156.544,156.548,156.495,156.5,375.0,156.45,156.55,156.53109264380632
2025-12-28T23:00:00Z,156.505,156.542,156.495,156.514,276.0,156.467,156.561,156.52881362463214
2025-12-28T23:05:00Z,156.514,156.537,156.47,156.484,279.0,156.47,156.499,156.52283847468118
2025-12-28T23:10:00Z,156.484,156.484,156.452,156.456,222.0,156.447,156.465,156.51392667805703
2025-12-28T23:15:00Z,156.456,156.466,156.422,156.434,329.0,156.426,156.441,156.50326978764943
2025-12-28T23:20:00Z,156.433,156.438,156.41,156.416,226.0,156.408,156.424,156.49163381596284
2025-12-28T23:25:00Z,156.416,156.42,156.41,156.419,153.0,156.412,156.426,156.4819493071678
2025-12-28T23:30:00Z,156.418,156.496,156.417,156.496,236.0,156.488,156.503,156.48382273287876
2025-12-28T23:35:00Z,156.5,156.52,156.482,156.52,197.0,156.511,156.528,156.48864636849493
2025-12-28T23:40:00Z,156.521,156.527,156.494,156.495,186.0,156.486,156.504,156.48949351936227
2025-12-28T23:45:00Z,156.496,156.496,156.434,156.452,390.0,156.444,156.461,156.4844943834473
2025-12-28T23:50:00Z,156.452,156.474,156.406,156.449,393.0,156.44,156.458,156.47976179898765
2025-12-28T23:55:00Z,156.45,156.488,156.446,156.485,503.0,156.476,156.494,156.4804602257893
2025-12-29T00:00:00Z,156.483,156.483,156.21,156.212,2075.0,156.204,156.22,156.44466552901739
2025-12-29T00:05:00Z,156.212,156.215,156.062,156.087,1729.0,156.079,156.095,156.39697679181506
2025-12-29T00:10:00Z,156.088,156.14,156.056,156.12,1275.0,156.111,156.13,156.3600465529064
2025-12-29T00:15:00Z,156.12,156.204,156.098,156.176,898.0,156.167,156.186,156.3355070125189
2025-12-29T00:20:00Z,156.176,156.251,156.176,156.206,1098.0,156.198,156.215,156.3182394108497
2025-12-29T00:25:00Z,156.207,156.208,156.1,156.152,1305.0,156.144,156.161,156.29607415606975
2025-12-29T00:30:00Z,156.151,156.165,156.08,156.129,1000.0,156.12,156.138,156.27379760192713
2025-12-29T00:35:00Z,156.13,156.159,156.094,156.139,1074.0,156.13,156.148,156.25582458833685
2025-12-29T00:40:00Z,156.138,156.167,156.1,156.134,1057.0,156.125,156.144,156.23958130989195
2025-12-29T00:45:00Z,156.136,156.22,156.114,156.214,1010.0,156.204,156.223,156.23617046857302
2025-12-29T00:50:00Z,156.213,156.327,156.203,156.304,2360.0,156.294,156.314,156.24521440609664
2025-12-29T00:55:00Z,156.304,156.333,156.249,156.28,1663.0,156.272,156.287,156.24985248528375
2025-12-29T01:00:00Z,156.28,156.376,156.269,156.373,1729.0,156.367,156.379,156.26627215391258
2025-12-29T01:05:00Z,156.374,156.374,156.255,156.262,1174.0,156.253,156.27,156.2657025333909
2025-12-29T01:10:00Z,156.264,156.312,156.246,156.255,970.0,156.247,156.263,156.26427552893878
2025-12-29T01:15:00Z,156.255,156.277,156.224,156.224,823.0,156.217,156.232,156.2589054584136
2025-12-29T01:20:00Z,156.224,156.255,156.192,156.192,704.0,156.185,156.2,156.24998473062513
2025-12-29T01:25:00Z,156.193,156.234,156.192,156.234,608.0,156.227,156.241,156.24785343320846
2025-12-29T01:30:00Z,156.235,156.27,156.192,156.262,657.0,156.254,156.271,156.249739642114
2025-12-29T01:35:00Z,156.26,156.302,156.238,156.3,771.0,156.29,156.309,156.25644102316548
2025-12-29T01:40:00Z,156.3,156.328,156.286,156.288,763.0,156.28,156.296,156.2606488867434
2025-12-29T01:45:00Z,156.288,156.311,156.262,156.276,720.0,156.267,156.285,156.2626957018443
2025-12-29T01:50:00Z,156.274,156.338,156.262,156.312,814.0,156.303,156.321,156.26926960826506
2025-12-29T01:55:00Z,156.312,156.328,156.266,156.314,755.0,156.305,156.322,156.27523366049638
2025-12-29T02:00:00Z,156.32,156.374,156.302,156.369,874.0,156.361,156.377,156.28773583909688
2025-12-29T02:05:00Z,156.37,156.398,156.35,156.389,632.0,156.381,156.397,156.3012377272173
2025-12-29T02:10:00Z,156.39,156.461,156.382,156.451,811.0,156.443,156.459,156.321206030255
2025-12-29T02:15:00Z,156.452,156.512,156.444,156.486,624.0,156.478,156.494,156.34317855955436
2025-12-29T02:20:00Z,156.486,156.51,156.444,156.446,711.0,156.438,156.453,156.35688808494712
2025-12-29T02:25:00Z,156.446,156.488,156.43,156.46,523.0,156.452,156.467,156.37063634028752
2025-12-29T02:30:00Z,156.458,156.495,156.441,156.458,552.0,156.449,156.468,156.3822848282492
2025-12-29T02:35:00Z,156.46,156.474,156.428,156.436,366.0,156.428,156.443,156.3894468511493
2025-12-29T02:40:00Z,156.435,156.458,156.408,156.415,561.0,156.408,156.422,156.39285393766272
2025-12-29T02:45:00Z,156.414,156.422,156.384,156.414,580.0,156.406,156.422,156.39567341264103
2025-12-29T02:50:00Z,156.414,156.423,156.38,156.383,530.0,156.374,156.392,156.3939836242889
2025-12-29T02:55:00Z,156.382,156.443,156.376,156.433,497.0,156.424,156.442,156.39918580771703
2025-12-29T03:00:00Z,156.432,156.446,156.402,156.408,599.0,156.398,156.417,156.40036103335476
2025-12-29T03:05:00Z,156.407,156.441,156.393,156.418,522.0,156.411,156.425,156.40271289557413
2025-12-29T03:10:00Z,156.418,156.42,156.368,156.388,314.0,156.379,156.398,156.40075117616425
2025-12-29T03:15:00Z,156.389,156.408,156.38,156.397,494.0,156.389,156.405,156.40025101934236
2025-12-29T03:20:00Z,156.394,156.412,156.357,156.372,854.0,156.364,156.379,156.39648421676338
2025-12-29T03:25:00Z,156.37,156.397,156.344,156.396,681.0,156.387,156.406,156.39641965452827
2025-12-29T03:30:00Z,156.398,156.414,156.354,156.36,1243.0,156.351,156.368,156.39156370059118
2025-12-29T03:35:00Z,156.362,156.38,156.344,156.353,584.0,156.344,156.362,156.3864218738457
2025-12-29T03:40:00Z,156.354,156.396,156.352,156.396,340.0,156.387,156.406,156.38769895733296
2025-12-29T03:45:00Z,156.398,156.402,156.322,156.344,386.0,156.334,156.353,156.38187242968857
2025-12-29T03:50:00Z,156.344,156.376,156.336,156.36,348.0,156.352,156.367,156.3789561057301
2025-12-29T03:55:00Z,156.361,156.389,156.35,156.38,374.0,156.371,156.389,156.37909529163278
2025-12-29T04:00:00Z,156.38,156.45,156.377,156.448,564.0,156.439,156.458,156.38828258608174
2025-12-29T04:05:00Z,156.449,156.473,156.418,156.436,582.0,156.426,156.445,156.3946449079375
2025-12-29T04:10:00Z,156.434,156.437,156.406,156.41,219.0,156.4,156.42,156.39669225354584
2025-12-29T04:15:00Z,156.408,156.422,156.384,156.42,269.0,156.411,156.43,156.39979995307306
2025-12-29T04:20:00Z,156.421,156.452,156.358,156.358,484.0,156.348,156.368,156.39422662599665
2025-12-29T04:25:00Z,156.358,156.36,156.294,156.297,394.0,156.288,156.306,156.38126307586376
2025-12-29T04:30:00Z,156.296,156.31,156.248,156.28,675.0,156.27,156.289,156.36776133241526
2025-12-29T04:35:00Z,156.278,156.328,156.264,156.313,597.0,156.306,156.32,156.36045982142656
2025-12-29T04:40:00Z,156.314,156.32,156.29,156.304,492.0,156.296,156.312,156.35293184523636
2025-12-29T04:45:00Z,156.304,156.34,156.298,156.328,514.0,156.32,156.336,156.34960759920486
2025-12-29T04:50:00Z,156.328,156.341,156.314,156.34,448.0,156.331,156.35,156.34832658597756
2025-12-29T04:55:00Z,156.341,156.376,156.333,156.374,711.0,156.366,156.383,156.35174970784723
2025-12-29T05:00:00Z,156.376,156.384,156.34,156.352,672.0,156.343,156.36,156.35178308013428
2025-12-29T05:05:00Z,156.35,156.378,156.348,156.352,616.0,156.344,156.359,156.35181200278305
2025-12-29T05:10:00Z,156.351,156.352,156.322,156.336,538.0,156.329,156.344,156.34970373574532
2025-12-29T05:15:00Z,156.338,156.373,156.314,156.322,553.0,156.314,156.331,156.3460099043126
2025-12-29T05:20:00Z,156.322,156.35,156.31,156.348,549.0,156.338,156.357,156.34627525040426
2025-12-29T05:25:00Z,156.348,156.4,156.348,156.372,538.0,156.364,156.381,156.34970521701703
2025-12-29T05:30:00Z,156.372,156.382,156.336,156.336,581.0,156.327,156.344,156.3478778547481
2025-12-29T05:35:00Z,156.336,156.34,156.323,156.338,528.0,156.329,156.347,156.34656080744836
2025-12-29T05:40:00Z,156.337,156.348,156.28,156.28,578.0,156.272,156.287,156.3376860331219
2025-12-29T05:45:00Z,156.277,156.292,156.258,156.287,456.0,156.278,156.296,156.33092789537233
2025-12-29T05:50:00Z,156.285,156.288,156.259,156.263,370.0,156.255,156.271,156.321870842656
2025-12-29T05:55:00Z,156.262,156.316,156.244,156.309,912.0,156.301,156.317,156.32015473030188
2025-12-29T06:00:00Z,156.312,156.316,156.242,156.247,915.0,156.238,156.256,156.31040076626164
2025-12-29T06:05:00Z,156.249,156.298,156.242,156.294,595.0,156.286,156.302,156.30821399742675
2025-12-29T06:10:00Z,156.294,156.318,156.282,156.312,463.0,156.305,156.32,156.30871879776984
2025-12-29T06:15:00Z,156.314,156.324,156.259,156.259,439.0,156.25,156.268,156.30208962473387
2025-12-29T06:20:00Z,156.262,156.268,156.24,156.256,450.0,156.25,156.263,156.295944341436
2025-12-29T06:25:00Z,156.258,156.258,156.172,156.204,780.0,156.197,156.211,156.2836850959112
2025-12-29T06:30:00Z,156.206,156.272,156.204,156.264,634.0,156.256,156.273,156.2810604164564
2025-12-29T06:35:00Z,156.264,156.288,156.25,156.278,398.0,156.269,156.286,156.28065236092888
2025-12-29T06:40:00Z,156.277,156.292,156.261,156.274,611.0,156.266,156.283,156.2797653794717
2025-12-29T06:45:00Z,156.276,156.301,156.25,156.252,606.0,156.244,156.259,156.2760633288755
2025-12-29T06:50:00Z,156.254,156.292,156.254,156.261,566.0,156.253,156.269,156.27405488502544
2025-12-29T06:55:00Z,156.263,156.265,156.172,156.188,973.0,156.179,156.196,156.26258090035537
2025-12-29T07:00:00Z,156.188,156.202,156.15,156.188,1670.0,156.178,156.197,156.252636780308
2025-12-29T07:05:00Z,156.188,156.206,156.15,156.176,884.0,156.167,156.184,156.2424185429336
2025-12-29T07:10:00Z,156.176,156.206,156.163,156.204,710.0,156.198,156.21,156.23729607054244
2025-12-29T07:15:00Z,156.204,156.243,156.194,156.197,937.0,156.188,156.206,156.23192326113679
2025-12-29T07:20:00Z,156.198,156.208,156.126,156.162,930.0,156.154,156.17,156.22260015965188
2025-12-29T07:25:00Z,156.162,156.188,156.14,156.174,979.0,156.165,156.183,156.21612013836497
2025-12-29T07:30:00Z,156.174,156.184,156.111,156.112,669.0,156.104,156.121,156.20223745324964
2025-12-29T07:35:00Z,156.114,156.174,156.105,156.173,525.0,156.164,156.182,156.19833912614968
2025-12-29T07:40:00Z,156.17,156.175,156.121,156.122,508.0,156.114,156.129,156.1881605759964
2025-12-29T07:45:00Z,156.122,156.165,156.12,156.122,698.0,156.114,156.13,156.17933916586355
2025-12-29T07:50:00Z,156.122,156.13,156.078,156.082,616.0,156.074,156.089,156.16636061041507
2025-12-29T07:55:00Z,156.082,156.092,156.052,156.081,952.0,156.073,156.089,156.15497919569307
2025-12-29T08:00:00Z,156.082,156.166,156.078,156.121,1252.0,156.112,156.13,156.15044863626733
2025-12-29T08:05:00Z,156.122,156.204,156.12,156.195,833.0,156.188,156.202,156.15638881809835
2025-12-29T08:10:00Z,156.197,156.207,156.182,156.204,697.0,156.197,156.212,156.16273697568525
2025-12-29T08:15:00Z,156.205,156.262,156.205,156.26,767.0,156.251,156.268,156.1757053789272
2025-12-29T08:20:00Z,156.259,156.259,156.204,156.231,649.0,156.223,156.239,156.18307799507025
2025-12-29T08:25:00Z,156.232,156.262,156.228,156.258,515.0,156.25,156.265,156.19306759572757
2025-12-29T08:30:00Z,156.258,156.304,156.25,156.254,639.0,156.247,156.262,156.20119191629723
2025-12-29T08:35:00Z,156.257,156.272,156.22,156.244,562.0,156.236,156.252,156.20689966079095
2025-12-29T08:40:00Z,156.244,156.312,156.238,156.258,788.0,156.25,156.266,156.21371303935217
2025-12-29T08:45:00Z,156.258,156.268,156.23,156.24,567.0,156.233,156.248,156.21721796743856
2025-12-29T08:50:00Z,156.242,156.27,156.195,156.219,948.0,156.211,156.227,156.21745557178008
2025-12-29T08:55:00Z,156.218,156.278,156.218,156.278,711.0,156.27,156.287,156.2255281622094
2025-12-29T09:00:00Z,156.28,156.376,156.265,156.374,838.0,156.367,156.382,156.24532440724815
2025-12-29T09:05:00Z,156.374,156.4,156.342,156.342,1026.0,156.334,156.349,156.25821448628173
2025-12-29T09:10:00Z,156.342,156.364,156.304,156.304,878.0,156.298,156.311,156.26431922144417
2025-12-29T09:15:00Z,156.304,156.318,156.272,156.294,530.0,156.285,156.303,156.26827665858497
2025-12-29T09:20:00Z,156.291,156.296,156.264,156.266,494.0,156.258,156.275,156.26797310410697
2025-12-29T09:25:00Z,156.268,156.272,156.238,156.241,504.0,156.233,156.249,156.26437669022604
2025-12-29T09:30:00Z,156.24,156.246,156.184,156.212,795.0,156.203,156.22,156.25739313152923
2025-12-29T09:35:00Z,156.212,156.212,156.146,156.148,694.0,156.14,156.156,156.24280738065866
2025-12-29T09:40:00Z,156.146,156.198,156.11,156.194,888.0,156.185,156.203,156.23629972990418
2025-12-29T09:45:00Z,156.196,156.272,156.192,156.26,812.0,156.251,156.269,156.23945976591696
2025-12-29T09:50:00Z,156.261,156.297,156.256,156.282,666.0,156.273,156.29,156.24513179712804
2025-12-29T09:55:00Z,156.281,156.33,156.281,156.326,596.0,156.316,156.335,156.25591422417764
2025-12-29T10:00:00Z,156.328,156.347,156.299,156.329,758.0,156.321,156.337,156.2656589942873
2025-12-29T10:05:00Z,156.328,156.331,156.296,156.304,907.0,156.294,156.313,156.27077112838234
2025-12-29T10:10:00Z,156.306,156.326,156.288,156.295,566.0,156.286,156.304,156.27400164459803
2025-12-29T10:15:00Z,156.294,156.294,156.262,156.266,455.0,156.256,156.275,156.27293475865162
2025-12-29T10:20:00Z,156.265,156.303,156.264,156.291,473.0,156.282,156.3,156.27534345749808
2025-12-29T10:25:00Z,156.29,156.3,156.241,156.277,625.0,156.268,156.286,156.27556432983167
2025-12-29T10:30:00Z,156.278,156.283,156.217,156.221,432.0,156.213,156.229,156.26828908585412
2025-12-29T10:35:00Z,156.222,156.234,156.208,156.23,325.0,156.221,156.239,156.2631838744069
2025-12-29T10:40:00Z,156.227,156.268,156.221,156.256,551.0,156.247,156.265,156.26222602448598
2025-12-29T10:45:00Z,156.256,156.273,156.24,156.243,497.0,156.236,156.25,156.25966255455452
2025-12-29T10:50:00Z,156.244,156.272,156.226,156.272,404.0,156.262,156.281,156.26130754728058
2025-12-29T10:55:00Z,156.272,156.334,156.264,156.331,891.0,156.323,156.339,156.27059987430985
2025-12-29T11:00:00Z,156.332,156.345,156.302,156.328,669.0,156.319,156.336,156.27825322440188
2025-12-29T11:05:00Z,156.328,156.33,156.302,156.328,416.0,156.319,156.337,156.28488612781496
2025-12-29T11:10:00Z,156.33,156.356,156.326,156.35,495.0,156.341,156.359,156.29356797743964
2025-12-29T11:15:00Z,156.348,156.353,156.318,156.327,403.0,156.32,156.334,156.2980255804477
2025-12-29T11:20:00Z,156.326,156.332,156.293,156.3,348.0,156.293,156.308,156.29828883638802
2025-12-29T11:25:00Z,156.3,156.324,156.298,156.312,336.0,156.303,156.321,156.3001169915363
2025-12-29T11:30:00Z,156.31,156.314,156.292,156.299,325.0,156.291,156.307,156.29996805933146
2025-12-29T11:35:00Z,156.298,156.309,156.288,156.292,535.0,156.285,156.3,156.2989056514206
2025-12-29T11:40:00Z,156.291,156.314,156.288,156.3,466.0,156.291,156.309,156.29905156456454
2025-12-29T11:45:00Z,156.302,156.365,156.301,156.351,677.0,156.343,156.359,156.3059780226226
2025-12-29T11:50:00Z,156.352,156.412,156.35,156.411,713.0,156.402,156.42,156.3199809529396
2025-12-29T11:55:00Z,156.412,156.414,156.374,156.4,692.0,156.393,156.408,156.33065015921431
2025-12-29T12:00:00Z,156.401,156.424,156.394,156.396,693.0,156.389,156.404,156.33936347131907
2025-12-29T12:05:00Z,156.396,156.402,156.342,156.351,741.0,156.342,156.36,156.34091500847654
2025-12-29T12:10:00Z,156.353,156.355,156.321,156.349,466.0,156.341,156.357,156.34199300734633
2025-12-29T12:15:00Z,156.35,156.367,156.334,156.338,561.0,156.329,156.347,156.34146060636684
2025-12-29T12:20:00Z,156.338,156.384,156.333,156.376,352.0,156.368,156.384,156.34606585885126
2025-12-29T12:25:00Z,156.375,156.375,156.312,156.312,554.0,156.304,156.321,156.34152374433776
2025-12-29T12:30:00Z,156.312,156.364,156.31,156.337,596.0,156.328,156.346,156.34092057842605
2025-12-29T12:35:00Z,156.339,156.379,156.334,156.35,458.0,156.342,156.357,156.34213116796926
2025-12-29T12:40:00Z,156.35,156.388,156.337,156.388,601.0,156.38,156.395,156.34824701224002
2025-12-29T12:45:00Z,156.388,156.408,156.358,156.362,997.0,156.353,156.37,156.35008074394136
2025-12-29T12:50:00Z,156.362,156.375,156.312,156.33,693.0,156.322,156.337,156.34740331141586
2025-12-29T12:55:00Z,156.328,156.34,156.312,156.334,824.0,156.325,156.342,156.34561620322708
2025-12-29T13:00:00Z,156.333,156.334,156.255,156.262,1036.0,156.256,156.269,156.33446737613014
2025-12-29T13:05:00Z,156.263,156.311,156.252,156.308,848.0,156.299,156.316,156.33093839264612
2025-12-29T13:10:00Z,156.307,156.308,156.264,156.27,648.0,156.262,156.278,156.32281327362665
2025-12-29T13:15:00Z,156.27,156.334,156.263,156.316,547.0,156.307,156.325,156.3219048371431
2025-12-29T13:20:00Z,156.314,156.362,156.278,156.332,1068.0,156.323,156.341,156.32325085885736
2025-12-29T13:25:00Z,156.332,156.368,156.324,156.346,778.0,156.337,156.355,156.32628407767638
2025-12-29T13:30:00Z,156.346,156.362,156.254,156.287,1062.0,156.279,156.295,156.32104620065286
2025-12-29T13:35:00Z,156.285,156.289,156.26,156.266,754.0,156.259,156.274,156.31370670723248
2025-12-29T13:40:00Z,156.265,156.304,156.263,156.276,1175.0,156.268,156.285,156.30867914626816
2025-12-29T13:45:00Z,156.276,156.302,156.24,156.24,913.0,156.231,156.249,156.29952192676575
2025-12-29T13:50:00Z,156.24,156.244,156.194,156.23,1237.0,156.222,156.237,156.29025233653033
2025-12-29T13:55:00Z,156.229,156.234,156.209,156.233,858.0,156.224,156.242,156.28261869165962
2025-12-29T14:00:00Z,156.232,156.242,156.157,156.162,1040.0,156.155,156.17,156.26653619943835
2025-12-29T14:05:00Z,156.162,156.164,156.132,156.134,1087.0,156.125,156.142,156.24886470617992
2025-12-29T14:10:00Z,156.134,156.213,156.118,156.196,845.0,156.187,156.204,156.24181607868925
2025-12-29T14:15:00Z,156.196,156.21,156.17,156.194,1132.0,156.187,156.202,156.23544060153068
2025-12-29T14:20:00Z,156.194,156.195,156.136,156.158,814.0,156.151,156.166,156.22511518799325
2025-12-29T14:25:00Z,156.163,156.174,156.134,156.144,772.0,156.136,156.152,156.21429982959415
2025-12-29T14:30:00Z,156.142,156.158,156.103,156.11,1412.0,156.103,156.118,156.20039318564827
2025-12-29T14:35:00Z,156.114,156.124,156.046,156.058,1172.0,156.049,156.067,156.18140742756182
2025-12-29T14:40:00Z,156.06,156.11,156.012,156.1,1198.0,156.091,156.108,156.1705531038869
2025-12-29T14:45:00Z,156.1,156.1,156.012,156.047,1000.0,156.039,156.055,156.154079356702
2025-12-29T14:50:00Z,156.048,156.16,156.034,156.144,1094.0,156.136,156.153,156.15273544247506
2025-12-29T14:55:00Z,156.145,156.148,156.092,156.147,1010.0,156.139,156.155,156.15197071681172
2025-12-29T15:00:00Z,156.146,156.246,156.116,156.17,1579.0,156.161,156.178,156.15437462123683
2025-12-29T15:05:00Z,156.17,156.197,156.108,156.12,1407.0,156.111,156.128,156.14979133840527
2025-12-29T15:10:00Z,156.12,156.148,156.086,156.12,1194.0,156.112,156.127,156.14581915995123
2025-12-29T15:15:00Z,156.122,156.18,156.107,156.132,1194.0,156.125,156.14,156.14397660529107
2025-12-29T15:20:00Z,156.131,156.216,156.128,156.164,1239.0,156.156,156.173,156.14664639125226
2025-12-29T15:25:00Z,156.165,156.17,156.142,156.166,967.0,156.157,156.175,156.14922687241864
2025-12-29T15:30:00Z,156.168,156.292,156.159,156.278,1195.0,156.269,156.287,156.16639662276282
2025-12-29T15:35:00Z,156.278,156.287,156.206,156.219,1252.0,156.212,156.226,156.17341040639445
2025-12-29T15:40:00Z,156.218,156.232,156.114,156.129,1051.0,156.121,156.137,156.1674890188752
2025-12-29T15:45:00Z,156.13,156.13,156.006,156.06,1638.0,156.052,156.068,156.15315714969182
2025-12-29T15:50:00Z,156.062,156.101,155.982,156.041,1709.0,156.033,156.049,156.13820286306625
2025-12-29T15:55:00Z,156.04,156.082,155.916,155.936,2414.0,155.93,155.942,156.1112424813241
2025-12-29T16:00:00Z,155.934,155.986,155.931,155.98,1865.0,155.972,155.987,156.09374348381422
2025-12-29T16:05:00Z,155.978,156.041,155.974,156.017,1457.0,156.009,156.025,156.08351101930566
2025-12-29T16:10:00Z,156.018,156.036,155.932,155.97,1090.0,155.963,155.978,156.06837621673156
2025-12-29T16:15:00Z,155.97,156.026,155.96,156.022,873.0,156.013,156.031,156.06219272116735
2025-12-29T16:20:00Z,156.022,156.056,156.008,156.051,814.0,156.045,156.057,156.06070035834503
2025-12-29T16:25:00Z,156.052,156.093,156.049,156.086,655.0,156.078,156.095,156.06407364389904
2025-12-29T16:30:00Z,156.085,156.101,156.024,156.04,1013.0,156.031,156.048,156.0608638247125
2025-12-29T16:35:00Z,156.039,156.076,156.036,156.046,729.0,156.04,156.052,156.0588819814175
2025-12-29T16:40:00Z,156.046,156.049,156.012,156.024,1104.0,156.017,156.031,156.05423105056184
2025-12-29T16:45:00Z,156.024,156.076,156.014,156.07,930.0,156.064,156.077,156.0563335771536
2025-12-29T16:50:00Z,156.071,156.088,156.059,156.084,928.0,156.076,156.093,156.0600224335331
2025-12-29T16:55:00Z,156.086,156.118,156.08,156.106,522.0,156.097,156.115,156.06615277572868
2025-12-29T17:00:00Z,156.107,156.13,156.084,156.084,827.0,156.075,156.093,156.06853240563152
2025-12-29T17:05:00Z,156.082,156.125,156.067,156.123,517.0,156.114,156.132,156.0757947515473
2025-12-29T17:10:00Z,156.122,156.134,156.082,156.084,459.0,156.077,156.092,156.07688878467434
2025-12-29T17:15:00Z,156.086,156.122,156.086,156.106,872.0,156.099,156.113,156.0807702800511
2025-12-29T17:20:00Z,156.106,156.13,156.092,156.13,502.0,156.121,156.138,156.08733424271097
2025-12-29T17:25:00Z,156.13,156.156,156.118,156.118,412.0,156.11,156.127,156.0914230103495
2025-12-29T17:30:00Z,156.12,156.124,156.096,156.12,340.0,156.113,156.127,156.09523327563625
2025-12-29T17:35:00Z,156.12,156.148,156.117,156.143,311.0,156.135,156.151,156.1016021722181
2025-12-29T17:40:00Z,156.144,156.158,156.132,156.134,308.0,156.124,156.143,156.10592188258903
2025-12-29T17:45:00Z,156.133,156.16,156.13,156.156,217.0,156.146,156.165,156.1125989649105
2025-12-29T17:50:00Z,156.154,156.206,156.154,156.206,381.0,156.199,156.214,156.12505243625577
2025-12-29T17:55:00Z,156.206,156.218,156.18,156.185,485.0,156.177,156.193,156.133045444755
2025-12-29T18:00:00Z,156.186,156.213,156.164,156.167,502.0,156.159,156.175,156.13757271878768
2025-12-29T18:05:00Z,156.168,156.178,156.152,156.178,447.0,156.17,156.185,156.14296302294932
2025-12-29T18:10:00Z,156.176,156.19,156.163,156.166,465.0,156.158,156.173,156.1460346198894
2025-12-29T18:15:00Z,156.166,156.166,156.134,156.16,456.0,156.153,156.168,156.14789667057082
2025-12-29T18:20:00Z,156.161,156.164,156.13,156.141,598.0,156.135,156.147,156.14697711449472
2025-12-29T18:25:00Z,156.139,156.172,156.122,156.162,527.0,156.155,156.17,156.14898016589544
2025-12-29T18:30:00Z,156.163,156.196,156.158,156.194,547.0,156.186,156.201,156.1549828104427
2025-12-29T18:35:00Z,156.194,156.224,156.192,156.199,457.0,156.192,156.206,156.16085176905034
2025-12-29T18:40:00Z,156.2,156.218,156.192,156.215,351.0,156.208,156.222,156.16807153317697
2025-12-29T18:45:00Z,156.216,156.218,156.187,156.199,526.0,156.192,156.206,156.1721953287534
2025-12-29T18:50:00Z,156.198,156.202,156.174,156.186,485.0,156.18,156.193,156.17403595158626
2025-12-29T18:55:00Z,156.188,156.226,156.186,156.222,354.0,156.214,156.231,156.18043115804144
2025-12-29T19:00:00Z,156.223,156.243,156.218,156.236,333.0,156.229,156.244,156.18784033696926
2025-12-29T19:05:00Z,156.237,156.248,156.236,156.241,236.0,156.232,156.25,156.19492829204003
2025-12-29T19:10:00Z,156.242,156.249,156.226,156.227,361.0,156.219,156.235,156.19920451976805
2025-12-29T19:15:00Z,156.228,156.236,156.192,156.198,393.0,156.189,156.207,156.19904391713231
2025-12-29T19:20:00Z,156.198,156.201,156.173,156.184,245.0,156.176,156.193,156.1970380615147
2025-12-29T19:25:00Z,156.184,156.199,156.174,156.198,221.0,156.19,156.207,156.1971663199794
2025-12-29T19:30:00Z,156.199,156.2,156.174,156.176,253.0,156.166,156.185,156.19434414398216
2025-12-29T19:35:00Z,156.175,156.177,156.138,156.138,238.0,156.129,156.147,156.1868315914512
2025-12-29T19:40:00Z,156.138,156.139,156.104,156.114,273.0,156.107,156.122,156.17712071259106
2025-12-29T19:45:00Z,156.116,156.127,156.092,156.094,316.0,156.085,156.102,156.16603795091225
2025-12-29T19:50:00Z,156.094,156.116,156.068,156.068,176.0,156.059,156.077,156.15296622412396
2025-12-29T19:55:00Z,156.068,156.068,156.008,156.036,692.0,156.027,156.044,156.1373707275741
2025-12-29T20:00:00Z,156.037,156.038,155.994,156.005,432.0,155.996,156.014,156.1197212972309
2025-12-29T20:05:00Z,156.006,156.05,155.996,156.048,496.0,156.042,156.054,156.11015845760014
2025-12-29T20:10:00Z,156.049,156.049,155.988,155.99,581.0,155.982,155.997,156.09413732992013
2025-12-29T20:15:00Z,155.988,156.013,155.987,156.002,495.0,155.995,156.01,156.08185235259745
2025-12-29T20:20:00Z,156.002,156.034,156.002,156.028,264.0,156.021,156.036,156.07467203891778
2025-12-29T20:25:00Z,156.029,156.05,156.029,156.046,247.0,156.039,156.053,156.0708491003954
2025-12-29T20:30:00Z,156.046,156.061,156.036,156.058,293.0,156.05,156.066,156.06913588700937
2025-12-29T20:35:00Z,156.058,156.074,156.055,156.071,194.0,156.062,156.08,156.06938443540813
2025-12-29T20:40:00Z,156.072,156.084,156.058,156.072,248.0,156.064,156.08,156.06973317735373
2025-12-29T20:45:00Z,156.072,156.08,156.06,156.061,301.0,156.052,156.07,156.06856875370656
2025-12-29T20:50:00Z,156.062,156.068,156.05,156.064,360.0,156.056,156.071,156.0679595865457
2025-12-29T20:55:00Z,156.063,156.082,156.06,156.07,574.0,156.062,156.079,156.06823164167295
2025-12-29T21:00:00Z,156.067,156.09,156.062,156.072,319.0,156.065,156.079,156.0687340894499
2025-12-29T21:05:00Z,156.072,156.072,156.036,156.067,203.0,156.06,156.074,156.06850287752326
2025-12-29T21:10:00Z,156.068,156.071,156.06,156.06,179.0,156.052,156.069,156.06736916052017
2025-12-29T21:15:00Z,156.061,156.064,156.035,156.037,162.0,156.031,156.043,156.0633199391175
2025-12-29T21:20:00Z,156.036,156.05,156.003,156.048,102.0,156.039,156.056,156.0612772805685
2025-12-29T21:25:00Z,156.048,156.05,156.003,156.035,173.0,156.028,156.042,156.05777364315938
2025-12-29T21:30:00Z,156.034,156.047,156.016,156.024,121.0,156.014,156.033,156.05327049073813
2025-12-29T21:35:00Z,156.024,156.05,156.024,156.05,117.0,156.041,156.059,156.05283442530637
2025-12-29T21:40:00Z,156.05,156.064,156.036,156.062,146.0,156.052,156.072,156.0540565019322
2025-12-29T21:45:00Z,156.062,156.066,156.047,156.051,243.0,156.04,156.062,156.05364896834124
2025-12-29T21:50:00Z,156.052,156.058,156.048,156.049,307.0,156.038,156.06,156.05302910589575
2025-12-29T21:55:00Z,156.05,156.05,156.018,156.042,457.0,156.032,156.052,156.051558558443
2025-12-29T22:00:00Z,156.069,156.069,156.069,156.069,1.0,156.019,156.119,156.05388408398392
2025-12-29T22:05:00Z,156.074,156.094,156.054,156.066,15.0,156.016,156.116,156.05549953945274
2025-12-29T22:10:00Z,156.077,156.091,156.04,156.066,124.0,156.036,156.096,156.05689960085905
2025-12-29T22:15:00Z,156.066,156.081,156.056,156.074,141.0,156.054,156.095,156.05917965407787
2025-12-29T22:20:00Z,156.074,156.084,156.017,156.031,362.0,155.981,156.081,156.05542236686748
2025-12-29T22:25:00Z,156.017,156.029,156.005,156.009,25.0,155.959,156.059,156.0492327179518
2025-12-29T22:30:00Z,156.003,156.055,155.999,156.055,195.0,156.02,156.09,156.05000168889157
2025-12-29T22:35:00Z,156.054,156.071,156.052,156.07,108.0,156.049,156.091,156.0526681303727
2025-12-29T22:40:00Z,156.072,156.074,156.022,156.052,218.0,156.033,156.072,156.05257904632302
2025-12-29T22:45:00Z,156.052,156.061,156.036,156.037,41.0,156.017,156.057,156.0505018401466
2025-12-29T22:50:00Z,156.04,156.052,156.038,156.05,234.0,156.031,156.07,156.05043492812706
2025-12-29T22:55:00Z,156.051,156.058,156.036,156.044,794.0,156.02,156.069,156.04957693771013
2025-12-29T23:00:00Z,156.042,156.053,155.973,156.034,393.0,156.02,156.049,156.04750001268212
2025-12-29T23:05:00Z,156.034,156.052,155.956,155.999,300.0,155.988,156.01,156.04103334432452
2025-12-29T23:10:00Z,156.0,156.014,155.988,156.004,207.0,155.996,156.012,156.03609556508124
2025-12-29T23:15:00Z,156.004,156.06,156.004,156.035,286.0,156.025,156.045,156.03594948973708
2025-12-29T23:20:00Z,156.036,156.082,156.034,156.07,332.0,156.061,156.08,156.04048955777213
2025-12-29T23:25:00Z,156.072,156.136,156.07,156.134,201.0,156.125,156.144,156.05295761673585
2025-12-29T23:30:00Z,156.13,156.13,156.072,156.076,280.0,156.067,156.085,156.0560299345044
2025-12-29T23:35:00Z,156.076,156.082,156.054,156.079,232.0,156.072,156.086,156.05909260990381
2025-12-29T23:40:00Z,156.078,156.095,156.054,156.073,291.0,156.064,156.082,156.06094692858332
2025-12-29T23:45:00Z,156.074,156.08,156.02,156.035,382.0,156.029,156.041,156.05748733810555
2025-12-29T23:50:00Z,156.034,156.084,156.03,156.047,230.0,156.038,156.056,156.05608902635814
2025-12-29T23:55:00Z,156.046,156.047,155.99,155.992,472.0,155.983,156.001,156.04754382284372
2025-12-30T00:00:00Z,155.994,156.107,155.926,156.1,1550.0,156.09,156.109,156.05453797979789
2025-12-30T00:05:00Z,156.098,156.118,156.0,156.012,1127.0,156.002,156.021,156.04886624915818
2025-12-30T00:10:00Z,156.014,156.088,156.009,156.082,628.0,156.074,156.091,156.05328408260377
2025-12-30T00:15:00Z,156.082,156.104,156.029,156.046,583.0,156.037,156.056,156.05231287158995
2025-12-30T00:20:00Z,156.047,156.058,155.99,156.038,857.0,156.029,156.048,156.0504044887113
2025-12-30T00:25:00Z,156.038,156.072,156.034,156.058,737.0,156.049,156.067,156.0514172235498
2025-12-30T00:30:00Z,156.056,156.108,156.031,156.105,686.0,156.095,156.115,156.05856159374318
2025-12-30T00:35:00Z,156.104,156.12,156.064,156.084,496.0,156.074,156.093,156.06195338124408
2025-12-30T00:40:00Z,156.084,156.17,156.082,156.141,904.0,156.131,156.151,156.07249293041153
2025-12-30T00:45:00Z,156.138,156.224,156.125,156.204,1209.0,156.195,156.213,156.09002720635667
2025-12-30T00:50:00Z,156.204,156.329,156.202,156.306,2650.0,156.297,156.316,156.11882357884244
2025-12-30T00:55:00Z,156.304,156.316,156.244,156.26,1697.0,156.252,156.269,156.13764710166345
2025-12-30T01:00:00Z,156.261,156.302,156.252,156.3,645.0,156.292,156.308,156.15929415477498
2025-12-30T01:05:00Z,156.306,156.328,156.254,156.288,726.0,156.279,156.298,156.17645493413832
2025-12-30T01:10:00Z,156.288,156.305,156.248,156.25,503.0,156.24,156.26,156.1862609429199
2025-12-30T01:15:00Z,156.249,156.265,156.236,156.263,557.0,156.255,156.271,156.19649281719725
2025-12-30T01:20:00Z,156.264,156.301,156.261,156.262,609.0,156.254,156.271,156.20522710823764
2025-12-30T01:25:00Z,156.262,156.312,156.262,156.292,698.0,156.285,156.299,156.2167968271393
2025-12-30T01:30:00Z,156.292,156.307,156.254,156.291,671.0,156.285,156.297,156.22669058352074
2025-12-30T01:35:00Z,156.292,156.3,156.266,156.292,689.0,156.284,156.3,156.23539850571797
2025-12-30T01:40:00Z,156.292,156.295,156.255,156.259,674.0,156.252,156.266,156.23854537162225
2025-12-30T01:45:00Z,156.26,156.282,156.256,156.258,837.0,156.251,156.265,156.24113932207263
2025-12-30T01:50:00Z,156.258,156.28,156.215,156.22,586.0,156.212,156.227,156.23832074579627
2025-12-30T01:55:00Z,156.218,156.242,156.216,156.226,773.0,156.219,156.232,156.2366779796901
2025-12-30T02:00:00Z,156.224,156.224,156.178,156.18,958.0,156.173,156.187,156.22912091573144
2025-12-30T02:05:00Z,156.18,156.244,156.157,156.238,847.0,156.23,156.245,156.23030479363393
2025-12-30T02:10:00Z,156.238,156.302,156.214,156.292,815.0,156.283,156.301,156.23853082114942
2025-12-30T02:15:00Z,156.292,156.304,156.27,156.297,863.0,156.289,156.305,156.24632671166285
2025-12-30T02:20:00Z,156.297,156.302,156.248,156.293,808.0,156.285,156.301,156.25254981677446
2025-12-30T02:25:00Z,156.292,156.34,156.29,156.324,673.0,156.316,156.333,156.2620765078712
2025-12-30T02:30:00Z,156.325,156.328,156.274,156.274,579.0,156.265,156.282,156.2636663068217
2025-12-30T02:35:00Z,156.275,156.316,156.264,156.274,748.0,156.266,156.281,156.26504413257882
2025-12-30T02:40:00Z,156.274,156.312,156.268,156.303,697.0,156.295,156.311,156.27010491490165
2025-12-30T02:45:00Z,156.302,156.31,156.284,156.304,599.0,156.297,156.312,156.27462425958143
2025-12-30T02:50:00Z,156.305,156.328,156.292,156.322,632.0,156.312,156.331,156.2809410249706
2025-12-30T02:55:00Z,156.321,156.322,156.276,156.306,726.0,156.298,156.314,156.28428222164118
2025-12-30T03:00:00Z,156.306,156.315,156.284,156.309,603.0,156.302,156.316,156.28757792542237
2025-12-30T03:05:00Z,156.308,156.334,156.308,156.324,517.0,156.316,156.331,156.29243420203272
2025-12-30T03:10:00Z,156.323,156.334,156.314,156.324,432.0,156.317,156.332,156.29664297509504
2025-12-30T03:15:00Z,156.324,156.326,156.306,156.308,350.0,156.299,156.317,156.29815724508236
2025-12-30T03:20:00Z,156.308,156.32,156.302,156.31,447.0,156.3,156.32,156.2997362790714
2025-12-30T03:25:00Z,156.31,156.31,156.284,156.284,316.0,156.275,156.294,156.29763810852856
2025-12-30T03:30:00Z,156.284,156.286,156.259,156.262,477.0,156.254,156.271,156.29288636072476
2025-12-30T03:35:00Z,156.263,156.266,156.24,156.262,338.0,156.254,156.27,156.2887681792948
2025-12-30T03:40:00Z,156.26,156.278,156.252,156.275,391.0,156.267,156.283,156.28693242205551
2025-12-30T03:45:00Z,156.274,156.274,156.25,156.254,466.0,156.245,156.262,156.2825414324481
2025-12-30T03:50:00Z,156.256,156.26,156.216,156.238,590.0,156.23,156.246,156.27660257478837
2025-12-30T03:55:00Z,156.238,156.271,156.235,156.27,628.0,156.261,156.28,156.27572223148326
2025-12-30T04:00:00Z,156.272,156.286,156.263,156.274,715.0,156.266,156.283,156.27549260061883
2025-12-30T04:05:00Z,156.274,156.284,156.262,156.271,438.0,156.262,156.28,156.274893587203
2025-12-30T04:10:00Z,156.272,156.284,156.25,156.272,665.0,156.264,156.28,156.27450777557593
2025-12-30T04:15:00Z,156.272,156.275,156.244,156.248,332.0,156.24,156.257,156.27097340549915
2025-12-30T04:20:00Z,156.249,156.25,156.219,156.235,361.0,156.226,156.244,156.2661769514326
2025-12-30T04:25:00Z,156.236,156.236,156.213,156.218,435.0,156.21,156.227,156.25975335790827
2025-12-30T04:30:00Z,156.22,156.222,156.2,156.202,504.0,156.194,156.211,156.25205291018716
2025-12-30T04:35:00Z,156.202,156.21,156.166,156.171,707.0,156.162,156.18,156.24124585549555
2025-12-30T04:40:00Z,156.17,156.178,156.13,156.132,772.0,156.123,156.141,156.22667974142948
2025-12-30T04:45:00Z,156.132,156.132,156.108,156.11,517.0,156.102,156.117,156.21112244257222
2025-12-30T04:50:00Z,156.11,156.124,156.064,156.068,600.0,156.059,156.076,156.19203945022926
2025-12-30T04:55:00Z,156.067,156.085,156.052,156.082,773.0,156.075,156.089,156.17736752353204
2025-12-30T05:00:00Z,156.082,156.082,156.012,156.046,1037.0,156.039,156.052,156.15985185372776
2025-12-30T05:05:00Z,156.044,156.063,156.034,156.048,588.0,156.041,156.055,156.14493827323074
2025-12-30T05:10:00Z,156.048,156.078,156.044,156.072,573.0,156.065,156.078,156.1352131701333
2025-12-30T05:15:00Z,156.07,156.099,156.065,156.081,529.0,156.073,156.089,156.12798474744886
2025-12-30T05:20:00Z,156.082,156.099,156.064,156.088,468.0,156.079,156.097,156.12265344778902
2025-12-30T05:25:00Z,156.088,156.102,156.053,156.054,756.0,156.047,156.061,156.11349965475048
2025-12-30T05:30:00Z,156.054,156.1,156.042,156.072,974.0,156.063,156.081,156.10796636745042
2025-12-30T05:35:00Z,156.073,156.076,156.023,156.037,787.0,156.029,156.045,156.0985041851237
2025-12-30T05:40:00Z,156.036,156.076,156.033,156.06,735.0,156.053,156.068,156.09337029377386
2025-12-30T05:45:00Z,156.06,156.074,156.032,156.036,913.0,156.028,156.045,156.08572092127068
2025-12-30T05:50:00Z,156.036,156.089,156.03,156.086,1032.0,156.079,156.094,156.08575813176793
2025-12-30T05:55:00Z,156.087,156.104,156.025,156.043,874.0,156.035,156.051,156.08005704753222
2025-12-30T06:00:00Z,156.042,156.067,156.01,156.02,1021.0,156.013,156.028,156.0720494411946
2025-12-30T06:05:00Z,156.021,156.05,156.012,156.039,811.0,156.031,156.047,156.0676428490353
2025-12-30T06:10:00Z,156.036,156.045,155.996,156.01,714.0,156.002,156.017,156.05995713583062
2025-12-30T06:15:00Z,156.012,156.027,155.94,155.971,1015.0,155.962,155.98,156.04809618438654
2025-12-30T06:20:00Z,155.97,156.006,155.954,156.0,787.0,155.992,156.009,156.04168335980168
2025-12-30T06:25:00Z,155.999,156.036,155.976,156.032,698.0,156.024,156.039,156.04039224516146
2025-12-30T06:30:00Z,156.032,156.096,156.03,156.074,937.0,156.064,156.084,156.04487327913992
2025-12-30T06:35:00Z,156.072,156.099,156.018,156.038,1096.0,156.029,156.047,156.04395684192127
2025-12-30T06:40:00Z,156.038,156.046,155.996,155.998,805.0,155.99,156.006,156.03782926299843
2025-12-30T06:45:00Z,155.998,156.049,155.97,156.036,895.0,156.028,156.043,156.03758536126531
2025-12-30T06:50:00Z,156.036,156.06,156.033,156.048,328.0,156.042,156.055,156.03897397976328
2025-12-30T06:55:00Z,156.05,156.072,156.032,156.04,681.0,156.031,156.049,156.0391107824615
2025-12-30T07:00:00Z,156.04,156.054,155.996,156.023,925.0,156.014,156.032,156.0369626781333
2025-12-30T07:05:00Z,156.022,156.053,156.021,156.034,552.0,156.026,156.041,156.0365676543822
2025-12-30T07:10:00Z,156.035,156.043,155.997,156.0,528.0,155.992,156.009,156.03169196713125
2025-12-30T07:15:00Z,156.0,156.016,155.986,156.015,631.0,156.006,156.024,156.02946637151376
2025-12-30T07:20:00Z,156.014,156.095,156.014,156.094,646.0,156.085,156.104,156.03807085531193
2025-12-30T07:25:00Z,156.095,156.105,156.058,156.061,590.0,156.052,156.07,156.04112807460368
2025-12-30T07:30:00Z,156.06,156.068,155.996,156.014,499.0,156.006,156.021,156.03751099798987
2025-12-30T07:35:00Z,156.016,156.021,155.976,155.982,540.0,155.973,155.991,156.03010953159122
2025-12-30T07:40:00Z,155.979,156.014,155.978,156.0,591.0,155.991,156.008,156.02609492737906
2025-12-30T07:45:00Z,155.998,155.999,155.92,155.941,632.0,155.933,155.949,156.01474893706185
2025-12-30T07:50:00Z,155.942,155.996,155.938,155.98,669.0,155.973,155.988,156.01011574545362
2025-12-30T07:55:00Z,155.98,156.015,155.98,155.982,511.0,155.974,155.991,156.00636697939314
2025-12-30T08:00:00Z,155.978,155.998,155.882,155.932,1229.0,155.924,155.941,155.99645138214072
2025-12-30T08:05:00Z,155.93,156.029,155.888,156.003,946.0,155.995,156.011,155.9973245311886
2025-12-30T08:10:00Z,156.002,156.014,155.934,155.974,904.0,155.967,155.981,155.9942145936968
2025-12-30T08:15:00Z,155.972,155.972,155.914,155.939,816.0,155.932,155.946,155.98685264787056
2025-12-30T08:20:00Z,155.938,155.964,155.885,155.893,671.0,155.884,155.902,155.97433896148783
2025-12-30T08:25:00Z,155.894,155.919,155.863,155.89,762.0,155.88,155.899,155.9630937666228
2025-12-30T08:30:00Z,155.888,155.906,155.856,155.901,1037.0,155.893,155.909,155.95481459773976
2025-12-30T08:35:00Z,155.902,155.934,155.894,155.926,737.0,155.918,155.935,155.95097265137446
2025-12-30T08:40:00Z,155.927,155.943,155.888,155.939,690.0,155.932,155.946,155.94937629785787
2025-12-30T08:45:00Z,155.938,155.954,155.926,155.952,728.0,155.943,155.96,155.94972612481016
2025-12-30T08:50:00Z,155.953,155.954,155.921,155.938,431.0,155.931,155.946,155.94816264150214
2025-12-30T08:55:00Z,155.94,155.983,155.936,155.983,698.0,155.975,155.991,155.9528076226352
2025-12-30T09:00:00Z,155.983,156.01,155.973,155.985,840.0,155.977,155.993,155.95709993961717
2025-12-30T09:05:00Z,155.984,156.008,155.937,155.938,684.0,155.929,155.946,155.95455328100155
2025-12-30T09:10:00Z,155.938,155.946,155.896,155.902,753.0,155.893,155.91,155.947546176868
2025-12-30T09:15:00Z,155.899,155.924,155.869,155.918,820.0,155.91,155.926,155.94360668661895
2025-12-30T09:20:00Z,155.918,155.921,155.887,155.913,703.0,155.904,155.922,155.93952579506976
2025-12-30T09:25:00Z,155.912,155.94,155.898,155.92,1178.0,155.911,155.929,155.93692235572712
2025-12-30T09:30:00Z,155.922,155.956,155.91,155.949,924.0,155.941,155.957,155.93853270829683
2025-12-30T09:35:00Z,155.95,155.976,155.942,155.964,870.0,155.957,155.971,155.94192834719058
2025-12-30T09:40:00Z,155.964,155.976,155.938,155.948,787.0,155.942,155.955,155.94273790089852
2025-12-30T09:45:00Z,155.949,155.95,155.907,155.928,705.0,155.92,155.936,155.9407728474454
2025-12-30T09:50:00Z,155.928,155.93,155.89,155.908,992.0,155.9,155.916,155.9364031344527
2025-12-30T09:55:00Z,155.908,155.933,155.89,155.923,1133.0,155.914,155.932,155.93461604985902
2025-12-30T10:00:00Z,155.926,155.93,155.851,155.856,1162.0,155.847,155.865,155.9241339098778
2025-12-30T10:05:00Z,155.856,155.87,155.828,155.853,769.0,155.845,155.861,155.91464938856078
2025-12-30T10:10:00Z,155.852,155.874,155.836,155.87,676.0,155.862,155.879,155.90869613675267
2025-12-30T10:15:00Z,155.869,155.869,155.846,155.856,530.0,155.847,155.865,155.90166998518563
2025-12-30T10:20:00Z,155.856,155.856,155.833,155.845,494.0,155.836,155.854,155.8941139871609
2025-12-30T10:25:00Z,155.844,155.868,155.835,155.86,741.0,155.853,155.868,155.88956545553944
2025-12-30T10:30:00Z,155.862,155.868,155.791,155.822,872.0,155.813,155.831,155.8805567281342
2025-12-30T10:35:00Z,155.822,155.824,155.768,155.774,698.0,155.765,155.782,155.86634916438297
2025-12-30T10:40:00Z,155.775,155.792,155.744,155.79,856.0,155.783,155.797,155.85616927579858
2025-12-30T10:45:00Z,155.791,155.833,155.782,155.808,699.0,155.799,155.818,155.8497467056921
2025-12-30T10:50:00Z,155.808,155.824,155.783,155.784,584.0,155.776,155.792,155.8409804782665
2025-12-30T10:55:00Z,155.784,155.856,155.776,155.853,699.0,155.845,155.861,155.8425830811643
2025-12-30T11:00:00Z,155.854,155.867,155.83,155.856,736.0,155.848,155.864,155.84437200367572
2025-12-30T11:05:00Z,155.856,155.872,155.827,155.846,753.0,155.839,155.853,155.8445890698523
2025-12-30T11:10:00Z,155.845,155.858,155.83,155.85,625.0,155.843,155.858,155.84531052720533
2025-12-30T11:15:00Z,155.849,155.858,155.846,155.848,415.0,155.841,155.856,155.84566912357795
2025-12-30T11:20:00Z,155.848,155.868,155.84,155.85,617.0,155.841,155.859,155.84624657376756
2025-12-30T11:25:00Z,155.852,155.871,155.836,155.869,678.0,155.861,155.877,155.84928036393188
2025-12-30T11:30:00Z,155.868,155.869,155.838,155.843,761.0,155.835,155.851,155.8484429820743
2025-12-30T11:35:00Z,155.844,155.892,155.842,155.882,977.0,155.873,155.89,155.85291725113106
2025-12-30T11:40:00Z,155.882,155.904,155.877,155.893,813.0,155.886,155.9,155.85826161764692
2025-12-30T11:45:00Z,155.892,155.948,155.887,155.936,1086.0,155.929,155.944,155.86862673529401
2025-12-30T11:50:00Z,155.937,155.938,155.898,155.912,769.0,155.904,155.921,155.87440983725483
2025-12-30T11:55:00Z,155.912,155.916,155.872,155.894,1053.0,155.886,155.902,155.87702185895418
2025-12-30T12:00:00Z,155.892,155.914,155.886,155.914,909.0,155.905,155.923,155.8819522777603
2025-12-30T12:05:00Z,155.914,155.954,155.906,155.936,978.0,155.926,155.946,155.88915864072558
2025-12-30T12:10:00Z,155.936,155.936,155.908,155.926,799.0,155.918,155.935,155.89407082196217
2025-12-30T12:15:00Z,155.926,155.963,155.924,155.955,792.0,155.947,155.963,155.90219471236722
2025-12-30T12:20:00Z,155.956,156.012,155.954,156.0,937.0,155.991,156.009,155.91523541738493
2025-12-30T12:25:00Z,156.002,156.006,155.971,155.974,628.0,155.964,155.984,155.92307069506694
2025-12-30T12:30:00Z,155.974,155.974,155.951,155.962,619.0,155.954,155.971,155.92826126905803
2025-12-30T12:35:00Z,155.963,155.989,155.959,155.962,873.0,155.954,155.971,155.93275976651697
2025-12-30T12:40:00Z,155.962,155.985,155.958,155.984,763.0,155.975,155.993,155.93959179764803
2025-12-30T12:45:00Z,155.984,155.998,155.971,155.984,951.0,155.976,155.993,155.94551289129498
2025-12-30T12:50:00Z,155.983,155.984,155.958,155.958,524.0,155.95,155.966,155.94717783912233
2025-12-30T12:55:00Z,155.959,155.972,155.946,155.952,870.0,155.944,155.959,155.94782079390603
2025-12-30T13:00:00Z,155.952,155.988,155.948,155.964,1164.0,155.956,155.972,155.94997802138522
2025-12-30T13:05:00Z,155.965,156.037,155.959,156.036,931.0,156.026,156.046,155.96144761853387
2025-12-30T13:10:00Z,156.036,156.104,156.036,156.08,1065.0,156.072,156.087,155.97725460272935
2025-12-30T13:15:00Z,156.078,156.146,156.065,156.113,918.0,156.104,156.122,155.9953539890321
2025-12-30T13:20:00Z,156.112,156.141,156.111,156.116,945.0,156.108,156.124,156.01144012382784
2025-12-30T13:25:00Z,156.118,156.137,156.09,156.136,796.0,156.128,156.145,156.02804810731746
2025-12-30T13:30:00Z,156.138,156.15,156.094,156.103,992.0,156.095,156.111,156.03804169300847
2025-12-30T13:35:00Z,156.104,156.109,156.084,156.105,789.0,156.097,156.113,156.046969467274
2025-12-30T13:40:00Z,156.104,156.126,156.101,156.114,734.0,156.105,156.122,156.0559068716375
2025-12-30T13:45:00Z,156.112,156.136,156.1,156.127,806.0,156.12,156.134,156.06538595541917
2025-12-30T13:50:00Z,156.128,156.142,156.113,156.126,669.0,156.118,156.133,156.07346782802995
2025-12-30T13:55:00Z,156.124,156.214,156.115,156.196,1220.0,156.189,156.204,156.0898054509593
2025-12-30T14:00:00Z,156.197,156.222,156.156,156.177,862.0,156.169,156.185,156.10143139083138
2025-12-30T14:05:00Z,156.179,156.179,156.126,156.128,700.0,156.119,156.136,156.10497387205388
2025-12-30T14:10:00Z,156.128,156.202,156.124,156.198,809.0,156.19,156.207,156.11737735578004
2025-12-30T14:15:00Z,156.196,156.202,156.177,156.182,723.0,156.174,156.19,156.1259937083427
2025-12-30T14:20:00Z,156.182,156.202,156.175,156.189,721.0,156.182,156.196,156.13439454723033
2025-12-30T14:25:00Z,156.188,156.262,156.176,156.238,794.0,156.231,156.245,156.14820860759963
2025-12-30T14:30:00Z,156.238,156.311,156.238,156.291,1166.0,156.283,156.299,156.16724745991968
2025-12-30T14:35:00Z,156.29,156.306,156.261,156.269,1045.0,156.261,156.277,156.18081446526372
2025-12-30T14:40:00Z,156.272,156.294,156.252,156.276,533.0,156.266,156.285,156.19350586989523
2025-12-30T14:45:00Z,156.276,156.305,156.246,156.302,924.0,156.293,156.311,156.2079717539092
2025-12-30T14:50:00Z,156.302,156.305,156.234,156.262,980.0,156.255,156.27,156.21517552005463
2025-12-30T14:55:00Z,156.262,156.32,156.26,156.271,1199.0,156.263,156.279,156.22261878404734
2025-12-30T15:00:00Z,156.272,156.322,156.272,156.308,1072.0,156.3,156.317,156.23400294617437
2025-12-30T15:05:00Z,156.308,156.37,156.307,156.336,916.0,156.329,156.343,156.24760255335113
2025-12-30T15:10:00Z,156.334,156.358,156.294,156.347,680.0,156.338,156.356,156.26085554623765
2025-12-30T15:15:00Z,156.346,156.438,156.346,156.418,1162.0,156.41,156.427,156.28180814007263
2025-12-30T15:20:00Z,156.418,156.456,156.416,156.455,709.0,156.447,156.463,156.30490038806295
2025-12-30T15:25:00Z,156.454,156.494,156.454,156.49,783.0,156.482,156.499,156.32958033632121
2025-12-30T15:30:00Z,156.491,156.502,156.444,156.466,984.0,156.459,156.472,156.34776962481172
2025-12-30T15:35:00Z,156.466,156.504,156.434,156.474,837.0,156.465,156.482,156.3646003415035
2025-12-30T15:40:00Z,156.474,156.568,156.466,156.548,921.0,156.54,156.555,156.38905362930302
2025-12-30T15:45:00Z,156.548,156.563,156.534,156.542,772.0,156.534,156.551,156.40944647872928
2025-12-30T15:50:00Z,156.543,156.546,156.374,156.408,1351.0,156.399,156.417,156.40925361489872
2025-12-30T15:55:00Z,156.408,156.409,156.323,156.329,1905.0,156.32,156.338,156.3985531329122
2025-12-30T16:00:00Z,156.328,156.376,156.306,156.358,1306.0,156.35,156.366,156.39314604852393
2025-12-30T16:05:00Z,156.358,156.371,156.32,156.367,1047.0,156.359,156.375,156.38965990872074
2025-12-30T16:10:00Z,156.366,156.372,156.322,156.325,921.0,156.317,156.333,156.38103858755798
2025-12-30T16:15:00Z,156.324,156.328,156.242,156.27,895.0,156.261,156.28,156.36623344255025
2025-12-30T16:20:00Z,156.27,156.27,156.224,156.24,784.0,156.231,156.248,156.3494023168769
2025-12-30T16:25:00Z,156.24,156.289,156.237,156.276,811.0,156.268,156.283,156.33961534129332
2025-12-30T16:30:00Z,156.277,156.282,156.234,156.275,949.0,156.266,156.284,156.33099996245423
2025-12-30T16:35:00Z,156.276,156.282,156.251,156.27,622.0,156.262,156.277,156.322866634127
2025-12-30T16:40:00Z,156.268,156.284,156.242,156.263,685.0,156.255,156.271,156.3148844162434
2025-12-30T16:45:00Z,156.262,156.268,156.242,156.252,581.0,156.246,156.259,156.30649982741093
2025-12-30T16:50:00Z,156.254,156.276,156.245,156.262,607.0,156.253,156.271,156.30056651708946
2025-12-30T16:55:00Z,156.264,156.278,156.248,156.263,489.0,156.254,156.272,156.2955576481442
2025-12-30T17:00:00Z,156.262,156.284,156.249,156.28,608.0,156.271,156.288,156.2934832950583
2025-12-30T17:05:00Z,156.278,156.338,156.255,156.33,417.0,156.322,156.339,156.29835218905055
2025-12-30T17:10:00Z,156.33,156.352,156.328,156.352,392.0,156.343,156.36,156.30550523051048
2025-12-30T17:15:00Z,156.353,156.402,156.352,156.4,487.0,156.391,156.408,156.31810453310908
2025-12-30T17:20:00Z,156.4,156.408,156.387,156.388,458.0,156.38,156.395,156.32742392869454
2025-12-30T17:25:00Z,156.387,156.39,156.361,156.376,386.0,156.369,156.384,156.33390073820195
2025-12-30T17:30:00Z,156.376,156.4,156.362,156.368,302.0,156.36,156.377,156.33844730644168
2025-12-30T17:35:00Z,156.37,156.386,156.352,156.366,530.0,156.356,156.375,156.34212099891613
2025-12-30T17:40:00Z,156.366,156.375,156.35,156.354,715.0,156.345,156.362,156.34370486572732
2025-12-30T17:45:00Z,156.353,156.373,156.35,156.369,431.0,156.363,156.375,156.347077550297
2025-12-30T17:50:00Z,156.368,156.375,156.356,156.36,504.0,156.351,156.369,156.34880054359076
2025-12-30T17:55:00Z,156.36,156.362,156.328,156.337,550.0,156.331,156.343,156.34722713777865
2025-12-30T18:00:00Z,156.337,156.352,156.322,156.328,887.0,156.32,156.337,156.34466351940816
2025-12-30T18:05:00Z,156.328,156.336,156.311,156.335,858.0,156.329,156.341,156.34337505015375
2025-12-30T18:10:00Z,156.334,156.345,156.324,156.334,722.0,156.327,156.342,156.34212504346658
2025-12-30T18:15:00Z,156.335,156.344,156.322,156.338,591.0,156.332,156.345,156.34157503767105
2025-12-30T18:20:00Z,156.338,156.37,156.338,156.358,546.0,156.351,156.365,156.34376503264824
2025-12-30T18:25:00Z,156.358,156.358,156.34,156.346,685.0,156.34,156.352,156.34406302829515
2025-12-30T18:30:00Z,156.347,156.368,156.345,156.354,561.0,156.347,156.362,156.3453879578558
2025-12-30T18:35:00Z,156.355,156.392,156.354,156.388,466.0,156.38,156.395,156.35106956347502
2025-12-30T18:40:00Z,156.387,156.408,156.374,156.396,379.0,156.387,156.404,156.35706028834502
2025-12-30T18:45:00Z,156.396,156.422,156.395,156.408,633.0,156.4,156.415,156.36385224989903
2025-12-30T18:50:00Z,156.407,156.426,156.383,156.421,373.0,156.412,156.43,156.3714719499125
2025-12-30T18:55:00Z,156.422,156.432,156.402,156.404,505.0,156.39,156.419,156.3758090232575
2025-12-30T19:00:00Z,156.404,156.467,156.402,156.456,463.0,156.449,156.464,156.38650115348983
2025-12-30T19:05:00Z,156.457,156.476,156.426,156.43,411.0,156.421,156.438,156.3923009996912
2025-12-30T19:10:00Z,156.429,156.437,156.393,156.406,261.0,156.397,156.415,156.3941275330657
2025-12-30T19:15:00Z,156.406,156.416,156.392,156.398,374.0,156.39,156.405,156.3946438619903
2025-12-30T19:20:00Z,156.398,156.406,156.38,156.392,513.0,156.385,156.399,156.39429134705824
2025-12-30T19:25:00Z,156.394,156.405,156.379,156.382,504.0,156.374,156.391,156.3926525007838
2025-12-30T19:30:00Z,156.384,156.432,156.378,156.43,567.0,156.421,156.438,156.39763216734596
2025-12-30T19:35:00Z,156.429,156.439,156.416,156.426,428.0,156.418,156.434,156.40141454503316
2025-12-30T19:40:00Z,156.426,156.446,156.426,156.437,291.0,156.428,156.446,156.4061592723621
2025-12-30T19:45:00Z,156.436,156.488,156.4,156.48,615.0,156.471,156.488,156.41600470271382
2025-12-30T19:50:00Z,156.478,156.518,156.459,156.515,655.0,156.508,156.522,156.4292040756853
2025-12-30T19:55:00Z,156.514,156.525,156.49,156.498,818.0,156.49,156.506,156.43837686559394
2025-12-30T20:00:00Z,156.493,156.493,156.466,156.475,641.0,156.467,156.483,156.4432599501814
2025-12-30T20:05:00Z,156.474,156.475,156.451,156.463,317.0,156.454,156.472,156.44589195682389
2025-12-30T20:10:00Z,156.462,156.462,156.436,156.45,524.0,156.442,156.457,156.44643969591405
