time,open,high,low,close,volume,bid_close,ask_close
2025-12-08T02:25:00Z,154.981,155.038,154.962,155.031,712.0,155.023,155.039
2025-12-08T02:30:00Z,155.032,155.071,155.032,155.03433333333334,880.0,155.046,155.065
2025-12-08T02:35:00Z,155.058,155.066,155.03,155.03615555555555,809.0,155.04,155.056
2025-12-08T02:40:00Z,155.049,155.05,155.006,155.0329348148148,693.0,155.004,155.02
2025-12-08T02:45:00Z,155.014,155.016,154.98,155.02907683950616,677.0,154.996,155.013
2025-12-08T02:50:00Z,155.005,155.02,154.987,155.02546659423868,715.0,154.995,155.008
2025-12-08T02:55:00Z,155.001,155.02,154.992,155.02300438167353,799.0,155.0,155.014
2025-12-08T03:00:00Z,155.004,155.016,154.992,155.01913713078372,502.0,154.986,155.001
2025-12-08T03:05:00Z,154.994,155.014,154.976,155.0149855133459,586.0,154.981,154.994
2025-12-08T03:10:00Z,154.987,155.043,154.984,155.01672077823312,470.0,155.02,155.037
2025-12-08T03:15:00Z,155.026,155.027,155.0,155.01635800780204,512.0,155.004,155.023
2025-12-08T03:20:00Z,155.014,155.034,155.0,155.0185769400951,406.0,155.027,155.039
2025-12-08T03:25:00Z,155.034,155.046,155.022,155.02036668141577,697.0,155.023,155.04
2025-12-08T03:30:00Z,155.031,155.056,155.023,155.023784457227,713.0,155.038,155.053
2025-12-08T03:35:00Z,155.046,155.062,155.044,155.02754652959675,477.0,155.044,155.061
2025-12-08T03:40:00Z,155.052,155.088,155.052,155.0353403256505,413.0,155.08,155.092
2025-12-08T03:45:00Z,155.085,155.089,155.062,155.04102828223046,565.0,155.071,155.086
2025-12-08T03:50:00Z,155.08,155.109,155.075,155.0458245112664,538.0,155.069,155.085
2025-12-08T03:55:00Z,155.078,155.116,155.078,155.05384790976422,504.0,155.098,155.113
2025-12-08T04:00:00Z,155.106,155.124,155.074,155.056934855129,553.0,155.07,155.084
2025-12-08T04:05:00Z,155.076,155.09,155.058,155.0605435411118,665.0,155.076,155.091
2025-12-08T04:10:00Z,155.082,155.11,155.082,155.06687106896356,501.0,155.101,155.115
2025-12-08T04:15:00Z,155.108,155.109,155.08,155.06928825976843,568.0,155.078,155.092
2025-12-08T04:20:00Z,155.084,155.086,155.059,155.0703164917993,689.0,155.069,155.085
2025-12-08T04:25:00Z,155.078,155.099,155.076,155.07387429289273,738.0,155.089,155.105
2025-12-08T04:30:00Z,155.098,155.102,155.073,155.0744243871737,626.0,155.069,155.087
2025-12-08T04:35:00Z,155.078,155.092,155.06,155.07650113555056,570.0,155.081,155.099
2025-12-08T04:40:00Z,155.092,155.108,155.064,155.0761676508105,739.0,155.068,155.081
2025-12-08T04:45:00Z,155.076,155.098,155.071,155.07641196403577,626.0,155.07,155.087
2025-12-08T04:50:00Z,155.078,155.086,155.06,155.07755703549768,378.0,155.078,155.092
2025-12-08T04:55:00Z,155.086,155.1,155.074,155.077482764098,479.0,155.069,155.085
2025-12-08T05:00:00Z,155.075,155.122,155.071,155.0814183955516,527.0,155.1,155.114
2025-12-08T05:05:00Z,155.109,155.122,155.098,155.08576260947805,465.0,155.107,155.121
2025-12-08T05:10:00Z,155.114,155.146,155.114,155.09352759488098,402.0,155.135,155.152
2025-12-08T05:15:00Z,155.144,155.173,155.134,155.10399058223018,585.0,155.163,155.18
2025-12-08T05:20:00Z,155.172,155.198,155.157,155.1142585045995,687.0,155.172,155.19
2025-12-08T05:25:00Z,155.18,155.225,155.178,155.12675737065288,819.0,155.201,155.216
2025-12-08T05:30:00Z,155.21,155.222,155.189,155.13532305456584,662.0,155.183,155.199
2025-12-08T05:35:00Z,155.192,155.219,155.184,155.1431466472904,720.0,155.187,155.202
2025-12-08T05:40:00Z,155.197,155.217,155.182,155.14886042765167,487.0,155.177,155.194
2025-12-08T05:45:00Z,155.189,155.222,155.184,155.1567457039648,741.0,155.2,155.216
2025-12-08T05:50:00Z,155.21,155.268,155.21,155.1678462767695,1090.0,155.232,155.248
2025-12-08T05:55:00Z,155.241,155.246,155.193,155.17240010653356,1187.0,155.193,155.21
2025-12-08T06:00:00Z,155.203,155.204,155.13,155.16994675899576,1659.0,155.147,155.162
2025-12-08T06:05:00Z,155.154,155.187,155.14,155.168620524463,786.0,155.151,155.17
2025-12-08T06:10:00Z,155.159,155.181,155.104,155.16253778786793,1035.0,155.114,155.132
2025-12-08T06:15:00Z,155.124,155.206,155.12,155.16806608281888,1029.0,155.196,155.213
2025-12-08T06:20:00Z,155.205,155.268,155.204,155.1805906051097,776.0,155.255,155.27
2025-12-08T06:25:00Z,155.262,155.291,155.258,155.19171185776173,689.0,155.255,155.274
2025-12-08T06:30:00Z,155.266,155.278,155.23,155.19815027672684,715.0,155.232,155.248
2025-12-08T06:35:00Z,155.24,155.242,155.18,155.1971969064966,669.0,155.185,155.197
2025-12-08T06:40:00Z,155.192,155.228,155.181,155.19943731896373,525.0,155.207,155.222
2025-12-08T06:45:00Z,155.215,155.268,155.212,155.2055123431019,666.0,155.235,155.255
2025-12-08T06:50:00Z,155.244,155.273,155.244,155.211710697355,616.0,155.243,155.261
2025-12-08T06:55:00Z,155.25,155.253,155.21,155.21414927104098,820.0,155.222,155.237
2025-12-08T07:00:00Z,155.229,155.254,155.214,155.2165293682355,744.0,155.222,155.241
2025-12-08T07:05:00Z,155.234,155.276,155.217,155.2168587858041,795.0,155.211,155.227
2025-12-08T07:10:00Z,155.22,155.221,155.168,155.2134109476969,795.0,155.182,155.2
2025-12-08T07:15:00Z,155.193,155.23,155.191,155.21562282133732,554.0,155.222,155.239
2025-12-08T07:20:00Z,155.231,155.251,155.222,155.21860644515903,748.0,155.231,155.245
2025-12-08T07:25:00Z,155.236,155.315,155.225,155.22999225247116,738.0,155.295,155.313
2025-12-08T07:30:00Z,155.304,155.306,155.276,155.23652661880834,805.0,155.271,155.287
2025-12-08T07:35:00Z,155.278,155.289,155.222,155.23618973630056,748.0,155.226,155.242
2025-12-08T07:40:00Z,155.234,155.264,155.218,155.23936443812715,700.0,155.251,155.268
2025-12-08T07:45:00Z,155.259,155.336,155.258,155.2522491797102,945.0,155.328,155.343
2025-12-08T07:50:00Z,155.334,155.354,155.312,155.2604826224155,796.0,155.305,155.322
2025-12-08T07:55:00Z,155.313,155.357,155.31,155.27321827276012,705.0,155.348,155.364
2025-12-08T08:00:00Z,155.356,155.39,155.278,155.2750558363921,1313.0,155.279,155.295
2025-12-08T08:05:00Z,155.286,155.318,155.28,155.27758172487316,1247.0,155.286,155.303
2025-12-08T08:10:00Z,155.294,155.344,155.262,155.28643749489007,1146.0,155.336,155.351
2025-12-08T08:15:00Z,155.343,155.365,155.326,155.29677916223807,1165.0,155.357,155.372
2025-12-08T08:20:00Z,155.364,155.402,155.34,155.30827527393967,1148.0,155.374,155.392
2025-12-08T08:25:00Z,155.382,155.458,155.382,155.32663857074772,1399.0,155.437,155.455
2025-12-08T08:30:00Z,155.448,155.464,155.426,155.34042009464804,827.0,155.421,155.438
2025-12-08T08:35:00Z,155.429,155.453,155.425,155.35543074869497,676.0,155.446,155.46
2025-12-08T08:40:00Z,155.454,155.459,155.426,155.3664399822023,554.0,155.43,155.445
2025-12-08T08:45:00Z,155.438,155.448,155.392,155.370114651242,504.0,155.384,155.404
2025-12-08T08:50:00Z,155.394,155.413,155.382,155.37343269774308,516.0,155.387,155.403
2025-12-08T08:55:00Z,155.394,155.424,155.373,155.3761750047107,799.0,155.386,155.402
2025-12-08T09:00:00Z,155.396,155.47,155.396,155.3854850040826,946.0,155.439,155.454
2025-12-08T09:05:00Z,155.447,155.463,155.418,155.39542033687158,539.0,155.452,155.469
2025-12-08T09:10:00Z,155.461,155.524,155.459,155.4066976252887,1071.0,155.471,155.49
2025-12-08T09:15:00Z,155.481,155.537,155.478,155.42380460858354,949.0,155.526,155.544
2025-12-08T09:20:00Z,155.535,155.546,155.468,155.42996399410575,1093.0,155.462,155.478
2025-12-08T09:25:00Z,155.469,155.522,155.44,155.43130212822498,793.0,155.432,155.449
2025-12-08T09:30:00Z,155.439,155.46,155.428,155.43112851112832,681.0,155.421,155.439
2025-12-08T09:35:00Z,155.43,155.454,155.422,155.4317780429779,636.0,155.426,155.445
2025-12-08T09:40:00Z,155.437,155.454,155.41,155.43074097058084,790.0,155.416,155.431
2025-12-08T09:45:00Z,155.424,155.468,155.42,155.4354421745034,766.0,155.457,155.474
2025-12-08T09:50:00Z,155.464,155.479,155.442,155.43658321790295,739.0,155.435,155.453
2025-12-08T09:55:00Z,155.444,155.494,155.443,155.44197212218256,745.0,155.468,155.486
2025-12-08T10:00:00Z,155.476,155.524,155.475,155.44890917255822,824.0,155.485,155.503
2025-12-08T10:05:00Z,155.494,155.494,155.435,155.44758794955047,683.0,155.43,155.448
2025-12-08T10:10:00Z,155.44,155.46,155.424,155.44684288961042,632.0,155.434,155.45
2025-12-08T10:15:00Z,155.443,155.452,155.412,155.4453971709957,750.0,155.427,155.445
2025-12-08T10:20:00Z,155.436,155.458,155.43,155.44694421486295,471.0,155.449,155.465
2025-12-08T10:25:00Z,155.456,155.468,155.439,155.44655165288123,743.0,155.436,155.453
2025-12-08T10:30:00Z,155.444,155.448,155.411,155.44181143249708,605.0,155.402,155.42
2025-12-08T10:35:00Z,155.412,155.445,155.411,155.4410365748308,544.0,155.427,155.444
2025-12-08T10:40:00Z,155.436,155.456,155.42,155.4430316981867,495.0,155.447,155.466
2025-12-08T10:45:00Z,155.456,155.483,155.45,155.4474274717618,499.0,155.467,155.484
2025-12-08T10:50:00Z,155.478,155.514,155.47,155.45563714219358,700.0,155.501,155.517
2025-12-08T10:55:00Z,155.51,155.534,155.496,155.46328552323445,958.0,155.504,155.522
2025-12-08T11:00:00Z,155.514,155.558,155.499,155.47404745346986,766.0,155.536,155.552
2025-12-08T11:05:00Z,155.544,155.577,155.536,155.48270779300722,753.0,155.531,155.547
2025-12-08T11:10:00Z,155.536,155.536,155.476,155.4823467539396,600.0,155.472,155.488
2025-12-08T11:15:00Z,155.48,155.526,155.479,155.48736718674766,430.0,155.512,155.529
2025-12-08T11:20:00Z,155.52,155.546,155.518,155.49251822851465,542.0,155.518,155.535
2025-12-08T11:25:00Z,155.527,155.544,155.516,155.49724913137936,687.0,155.519,155.537
2025-12-08T11:30:00Z,155.528,155.53,155.51,155.5002825805288,621.0,155.512,155.529
2025-12-08T11:35:00Z,155.521,155.522,155.496,155.50077823645827,567.0,155.496,155.512
2025-12-08T11:40:00Z,155.504,155.534,155.5,155.50480780493052,588.0,155.522,155.54
2025-12-08T11:45:00Z,155.532,155.546,155.512,155.51003343093979,516.0,155.535,155.552
2025-12-08T11:50:00Z,155.544,155.576,155.539,155.51802897348114,710.0,155.562,155.578
2025-12-08T11:55:00Z,155.57,155.59,155.557,155.52722511035032,924.0,155.578,155.596
2025-12-08T12:00:00Z,155.586,155.59,155.546,155.53399509563695,1046.0,155.57,155.585
2025-12-08T12:05:00Z,155.578,155.656,155.57,155.54599574955202,1129.0,155.616,155.632
2025-12-08T12:10:00Z,155.625,155.635,155.6,155.55319631627842,779.0,155.592,155.609
2025-12-08T12:15:00Z,155.602,155.64,155.59,155.56477014077464,598.0,155.63,155.649
2025-12-08T12:20:00Z,155.64,155.645,155.626,155.57346745533803,436.0,155.622,155.638
2025-12-08T12:25:00Z,155.63,155.632,155.606,155.57913846129296,589.0,155.607,155.625
2025-12-08T12:30:00Z,155.616,155.659,155.613,155.5893866664539,606.0,155.65,155.663
2025-12-08T12:35:00Z,155.656,155.66,155.617,155.5944017775934,592.0,155.618,155.636
2025-12-08T12:40:00Z,155.626,155.654,155.6,155.59768154058094,752.0,155.611,155.627
2025-12-08T12:45:00Z,155.62,155.64,155.604,155.59905733517016,578.0,155.6,155.615
2025-12-08T12:50:00Z,155.606,155.616,155.549,155.59278302381415,750.0,155.544,155.561
2025-12-08T12:55:00Z,155.554,155.573,155.544,155.58841195397227,874.0,155.552,155.568
2025-12-08T13:00:00Z,155.56,155.593,155.531,155.5888903601093,1136.0,155.583,155.601
2025-12-08T13:05:00Z,155.594,155.595,155.538,155.58263831209473,720.0,155.534,155.551
2025-12-08T13:10:00Z,155.542,155.546,155.502,155.5724198704821,953.0,155.498,155.515
2025-12-08T13:15:00Z,155.505,155.516,155.476,155.56156388775116,1618.0,155.482,155.5
2025-12-08T13:20:00Z,155.49,155.545,155.49,155.559222036051,1319.0,155.535,155.553
2025-12-08T13:25:00Z,155.544,155.548,155.505,155.5534590979109,1475.0,155.508,155.523
2025-12-08T13:30:00Z,155.512,155.595,155.507,155.55673121818944,1636.0,155.569,155.586
2025-12-08T13:35:00Z,155.577,155.624,155.566,155.56476705576418,1032.0,155.608,155.626
2025-12-08T13:40:00Z,155.616,155.642,155.599,155.57173144832896,1235.0,155.609,155.625
2025-12-08T13:45:00Z,155.616,155.619,155.574,155.57470058855176,850.0,155.588,155.601
2025-12-08T13:50:00Z,155.594,155.65,155.594,155.58380717674487,819.0,155.634,155.652
2025-12-08T13:55:00Z,155.642,155.662,155.618,155.5896995531789,983.0,155.619,155.638
2025-12-08T14:00:00Z,155.627,155.644,155.606,155.59347294608838,1260.0,155.609,155.626
2025-12-08T14:05:00Z,155.616,155.618,155.57,155.5956765532766,925.0,155.602,155.619
2025-12-08T14:10:00Z,155.611,155.611,155.544,155.58958634617306,832.0,155.541,155.558
2025-12-08T14:15:00Z,155.548,155.578,155.52,155.58217483335,1134.0,155.527,155.54
2025-12-08T14:20:00Z,155.534,155.559,155.445,155.56535152223665,1679.0,155.447,155.465
2025-12-08T14:25:00Z,155.457,155.497,155.391,155.55557131927176,1890.0,155.486,155.498
2025-12-08T14:30:00Z,155.492,155.584,155.482,155.5572284767022,2229.0,155.559,155.576
2025-12-08T14:35:00Z,155.567,155.742,155.56,155.57706467980856,1987.0,155.698,155.714
2025-12-08T14:40:00Z,155.706,155.739,155.68,155.59345605583408,2291.0,155.692,155.708
2025-12-08T14:45:00Z,155.7,155.76,155.697,155.61379524838955,1831.0,155.738,155.754
2025-12-08T14:50:00Z,155.746,155.88,155.711,155.64302254860428,2304.0,155.826,155.84
2025-12-08T14:55:00Z,155.834,155.848,155.775,155.66741954212372,2261.0,155.82,155.833
2025-12-08T15:00:00Z,155.828,155.892,155.822,155.6917636031739,1615.0,155.842,155.859
2025-12-08T15:05:00Z,155.852,155.896,155.824,155.71512845608405,1584.0,155.858,155.876
2025-12-08T15:10:00Z,155.868,155.892,155.827,155.7384446619395,1045.0,155.883,155.897
2025-12-08T15:15:00Z,155.89,155.92,155.862,155.75651870701424,1897.0,155.865,155.882
2025-12-08T15:20:00Z,155.874,155.88,155.792,155.76138287941234,1351.0,155.784,155.802
2025-12-08T15:25:00Z,155.792,155.849,155.756,155.76866516215736,1309.0,155.808,155.825
2025-12-08T15:30:00Z,155.816,155.902,155.798,155.78577647386973,1053.0,155.888,155.906
2025-12-08T15:35:00Z,155.895,155.958,155.874,155.80807294402044,1188.0,155.945,155.961
2025-12-08T15:40:00Z,155.953,155.981,155.937,155.83059655148438,1364.0,155.968,155.986
2025-12-08T15:45:00Z,155.978,155.986,155.936,155.84491701128647,1067.0,155.93,155.946
2025-12-08T15:50:00Z,155.938,155.951,155.879,155.85066140978162,1374.0,155.88,155.896
2025-12-08T15:55:00Z,155.888,155.9,155.853,155.85163988847742,1512.0,155.852,155.864
2025-12-08T16:00:00Z,155.856,155.874,155.829,155.8528879033471,1620.0,155.853,155.869
2025-12-08T16:05:00Z,155.86,155.89,155.828,155.85783618290083,988.0,155.882,155.898
2025-12-08T16:10:00Z,155.89,155.89,155.85,155.8573246918474,864.0,155.845,155.862
2025-12-08T16:15:00Z,155.855,155.868,155.834,155.85554806626774,764.0,155.837,155.852
2025-12-08T16:20:00Z,155.846,155.942,155.844,155.8668083240987,1188.0,155.932,155.947
2025-12-08T16:25:00Z,155.938,155.954,155.918,155.87750054755222,800.0,155.938,155.956
2025-12-08T16:30:00Z,155.946,155.959,155.866,155.87996714121192,1279.0,155.888,155.903
2025-12-08T16:35:00Z,155.896,155.934,155.889,155.886104855717,1045.0,155.917,155.935
2025-12-08T16:40:00Z,155.926,155.927,155.882,155.88862420828806,996.0,155.897,155.913
2025-12-08T16:45:00Z,155.904,155.909,155.866,155.886407647183,872.0,155.863,155.881
2025-12-08T16:50:00Z,155.871,155.922,155.864,155.88901996089194,735.0,155.898,155.913
2025-12-08T16:55:00Z,155.905,155.911,155.88,155.89048396610636,953.0,155.891,155.908
2025-12-08T17:00:00Z,155.898,155.926,155.886,155.8912194372922,952.0,155.888,155.905
2025-12-08T17:05:00Z,155.899,155.924,155.89,155.89185684565325,600.0,155.887,155.904
2025-12-08T17:10:00Z,155.895,155.908,155.893,155.89320926623282,622.0,155.894,155.911
2025-12-08T17:15:00Z,155.903,155.903,155.832,155.88531469740178,618.0,155.826,155.843
2025-12-08T17:20:00Z,155.834,155.846,155.813,155.87740607108154,569.0,155.816,155.835
2025-12-08T17:25:00Z,155.826,155.836,155.801,155.87001859493733,844.0,155.814,155.831
2025-12-08T17:30:00Z,155.825,155.832,155.787,155.86334944894568,748.0,155.812,155.827
2025-12-08T17:35:00Z,155.82,155.854,155.816,155.85730285575292,689.0,155.81,155.826
2025-12-08T17:40:00Z,155.818,155.828,155.8,155.8497958083192,725.0,155.793,155.809
2025-12-08T17:45:00Z,155.802,155.802,155.756,155.8372897005433,872.0,155.747,155.765
2025-12-08T17:50:00Z,155.752,155.763,155.733,155.82338440713752,754.0,155.726,155.74
2025-12-08T17:55:00Z,155.732,155.786,155.727,155.81386648618587,965.0,155.742,155.761
2025-12-08T18:00:00Z,155.75,155.762,155.73,155.80348428802776,690.0,155.726,155.745
2025-12-08T18:05:00Z,155.738,155.76,155.724,155.79581971629074,493.0,155.736,155.755
2025-12-08T18:10:00Z,155.746,155.768,155.736,155.79131042078532,429.0,155.754,155.771
2025-12-08T18:15:00Z,155.762,155.778,155.748,155.78580236468062,256.0,155.74,155.759
2025-12-08T18:20:00Z,155.75,155.764,155.733,155.78262871605654,215.0,155.754,155.771
2025-12-08T18:25:00Z,155.763,155.78,155.748,155.78201155391568,674.0,155.77,155.786
2025-12-08T18:30:00Z,155.778,155.786,155.75,155.77907668006026,711.0,155.751,155.768
2025-12-08T18:35:00Z,155.759,155.764,155.738,155.7749331227189,476.0,155.739,155.756
2025-12-08T18:40:00Z,155.747,155.761,155.726,155.76920870635638,547.0,155.724,155.741
2025-12-08T18:45:00Z,155.73,155.734,155.706,155.7635808788422,461.0,155.718,155.736
2025-12-08T18:50:00Z,155.728,155.746,155.726,155.7611034283299,258.0,155.736,155.754
2025-12-08T18:55:00Z,155.744,155.762,155.728,155.75988963788592,620.0,155.744,155.761
2025-12-08T19:00:00Z,155.753,155.781,155.748,155.76030435283448,604.0,155.754,155.772
2025-12-08T19:05:00Z,155.762,155.764,155.738,155.75866377245654,468.0,155.739,155.757
2025-12-08T19:10:00Z,155.748,155.774,155.747,155.7599086027957,546.0,155.759,155.776
2025-12-08T19:15:00Z,155.766,155.768,155.742,155.75778745575627,527.0,155.735,155.753
2025-12-08T19:20:00Z,155.744,155.767,155.738,155.75888246165545,744.0,155.757,155.775
2025-12-08T19:25:00Z,155.766,155.79,155.766,155.76236480010138,448.0,155.776,155.794
2025-12-08T19:30:00Z,155.784,155.827,155.784,155.77058282675452,613.0,155.815,155.832
2025-12-08T19:35:00Z,155.823,155.848,155.81,155.7761051165206,679.0,155.804,155.819
2025-12-08T19:40:00Z,155.812,155.823,155.794,155.78209110098453,672.0,155.812,155.83
2025-12-08T19:45:00Z,155.82,155.871,155.819,155.79341228751994,610.0,155.861,155.873
2025-12-08T19:50:00Z,155.868,155.882,155.844,155.80442398251728,722.0,155.868,155.884
2025-12-08T19:55:00Z,155.878,155.917,155.874,155.818767451515,1319.0,155.904,155.919
2025-12-08T20:00:00Z,155.911,155.912,155.851,155.830131791313,915.0,155.896,155.911
2025-12-08T20:05:00Z,155.904,155.916,155.892,155.84131421913793,550.0,155.907,155.922
2025-12-08T20:10:00Z,155.914,155.937,155.906,155.8526056565862,486.0,155.916,155.935
2025-12-08T20:15:00Z,155.926,155.936,155.922,155.86225823570805,336.0,155.918,155.932
2025-12-08T20:20:00Z,155.926,155.932,155.91,155.86915713761366,340.0,155.906,155.923
2025-12-08T20:25:00Z,155.914,155.914,155.886,155.87206951926518,337.0,155.883,155.899
2025-12-08T20:30:00Z,155.892,155.894,155.874,155.87259358336317,455.0,155.869,155.884
2025-12-08T20:35:00Z,155.876,155.902,155.876,155.8746477722481,401.0,155.88,155.895
2025-12-08T20:40:00Z,155.886,155.89,155.875,155.8752280692817,399.0,155.872,155.886
2025-12-08T20:45:00Z,155.884,155.904,155.884,155.87719766004415,679.0,155.883,155.897
2025-12-08T20:50:00Z,155.89,155.914,155.89,155.87970463870494,523.0,155.889,155.904
2025-12-08T20:55:00Z,155.896,155.936,155.896,155.8866773535443,623.0,155.925,155.94
2025-12-08T21:00:00Z,155.934,155.944,155.928,155.8935203730717,411.0,155.931,155.946
2025-12-08T21:05:00Z,155.939,155.945,155.932,155.89985098999549,166.0,155.933,155.949
2025-12-08T21:10:00Z,155.94,155.948,155.936,155.90520419132943,186.0,155.934,155.947
2025-12-08T21:15:00Z,155.941,155.95,155.935,155.90931029915217,295.0,155.926,155.945
2025-12-08T21:20:00Z,155.936,155.938,155.925,155.9128689259319,338.0,155.928,155.945
2025-12-08T21:25:00Z,155.937,155.96,155.926,155.91835306914098,401.0,155.945,155.962
2025-12-08T21:30:00Z,155.953,155.962,155.935,155.9205726599222,414.0,155.926,155.944
2025-12-08T21:35:00Z,155.936,155.948,155.935,155.9232963052659,291.0,155.932,155.95
2025-12-08T21:40:00Z,155.942,155.948,155.935,155.92579013123046,175.0,155.933,155.95
2025-12-08T21:45:00Z,155.94,155.95,155.934,155.92701811373306,310.0,155.926,155.944
2025-12-08T21:50:00Z,155.936,155.938,155.91,155.92528236523532,572.0,155.904,155.924
2025-12-08T21:55:00Z,155.914,155.928,155.91,155.92564471653728,113.0,155.914,155.941
2025-12-08T22:00:00Z,155.875,155.875,155.875,155.91889208766565,1.0,155.825,155.925
2025-12-08T22:05:00Z,155.879,155.902,155.864,155.91237314264356,90.0,155.82,155.92
2025-12-08T22:10:00Z,155.866,155.895,155.863,155.90939005695776,71.0,155.859,155.922
2025-12-08T22:15:00Z,155.891,155.894,155.888,155.9065380493634,36.0,155.86,155.917
2025-12-08T22:20:00Z,155.89,155.89,155.878,155.90299964278162,81.0,155.857,155.903
2025-12-08T22:25:00Z,155.878,155.901,155.876,155.90073302374407,88.0,155.856,155.917
2025-12-08T22:30:00Z,155.885,155.887,155.877,155.8987686205782,155.0,155.859,155.912
2025-12-08T22:35:00Z,155.882,155.89,155.881,155.89693280450112,121.0,155.864,155.906
2025-12-08T22:40:00Z,155.886,155.91,155.885,155.89814176390098,88.0,155.886,155.925
2025-12-08T22:45:00Z,155.906,155.92,155.904,155.90052286204752,43.0,155.903,155.928
2025-12-08T22:50:00Z,155.922,155.942,155.9,155.90591981377452,106.0,155.921,155.961
2025-12-08T22:55:00Z,155.94,155.94,155.905,155.90739717193793,91.0,155.899,155.935
2025-12-08T23:00:00Z,155.918,155.958,155.894,155.9114775490129,293.0,155.928,155.948
2025-12-08T23:05:00Z,155.938,155.95,155.92,155.9163472091445,196.0,155.939,155.956
2025-12-08T23:10:00Z,155.948,155.962,155.944,155.9219009145919,165.0,155.949,155.968
2025-12-08T23:15:00Z,155.958,155.98,155.946,155.92698079264633,169.0,155.951,155.969
2025-12-08T23:20:00Z,155.956,155.974,155.946,155.93018335362683,168.0,155.941,155.961
2025-12-08T23:25:00Z,155.95,155.95,155.893,155.92602557314325,329.0,155.889,155.909
2025-12-08T23:30:00Z,155.898,155.912,155.898,155.92415549672415,140.0,155.902,155.921
2025-12-08T23:35:00Z,155.912,155.926,155.898,155.92226809716095,172.0,155.9,155.92
2025-12-08T23:40:00Z,155.912,155.938,155.908,155.92436568420615,114.0,155.928,155.947
2025-12-08T23:45:00Z,155.939,155.941,155.904,155.92218359297866,262.0,155.9,155.917
2025-12-08T23:50:00Z,155.908,155.927,155.891,155.9180257805815,330.0,155.881,155.901
2025-12-08T23:55:00Z,155.89,155.89,155.839,155.90828900983732,297.0,155.836,155.854
2025-12-09T00:00:00Z,155.846,155.864,155.775,155.8991838085257,1049.0,155.83,155.849
2025-12-09T00:05:00Z,155.84,155.868,155.826,155.8916926340556,631.0,155.834,155.852
2025-12-09T00:10:00Z,155.844,155.844,155.769,155.87653361618152,595.0,155.771,155.786
2025-12-09T00:15:00Z,155.779,155.854,155.778,155.87299580069066,626.0,155.841,155.859
2025-12-09T00:20:00Z,155.85,155.881,155.844,155.87339636059858,508.0,155.868,155.885
2025-12-09T00:25:00Z,155.876,155.89,155.852,155.87214351251876,402.0,155.856,155.873
2025-12-09T00:30:00Z,155.863,155.876,155.834,155.8706577108496,551.0,155.852,155.87
2025-12-09T00:35:00Z,155.86,155.904,155.86,155.874303349403,551.0,155.889,155.907
2025-12-09T00:40:00Z,155.896,155.913,155.895,155.87799623614927,583.0,155.893,155.911
2025-12-09T00:45:00Z,155.902,155.912,155.869,155.87879673799603,573.0,155.877,155.892
2025-12-09T00:50:00Z,155.885,155.975,155.861,155.89122383959656,1249.0,155.962,155.981
2025-12-09T00:55:00Z,155.972,156.024,155.964,155.90732732765036,1404.0,156.005,156.02
2025-12-09T01:00:00Z,156.014,156.039,155.972,155.92155035063033,1128.0,156.005,156.023
2025-12-09T01:05:00Z,156.018,156.034,155.941,155.9250769705463,1287.0,155.939,155.958
2025-12-09T01:10:00Z,155.944,155.956,155.902,155.92653337447345,965.0,155.928,155.944
2025-12-09T01:15:00Z,155.936,155.952,155.902,155.925262257877,673.0,155.91,155.924
2025-12-09T01:20:00Z,155.916,155.921,155.888,155.9229606234934,694.0,155.899,155.918
2025-12-09T01:25:00Z,155.908,155.91,155.875,155.91736587369428,766.0,155.874,155.888
2025-12-09T01:30:00Z,155.88,155.881,155.83,155.9075837572017,872.0,155.835,155.852
2025-12-09T01:35:00Z,155.844,155.884,155.842,155.90390592290814,829.0,155.873,155.888
2025-12-09T01:40:00Z,155.881,155.902,155.845,155.89738513318704,808.0,155.846,155.864
2025-12-09T01:45:00Z,155.853,155.868,155.83,155.88973378209545,735.0,155.832,155.847
2025-12-09T01:50:00Z,155.841,155.846,155.797,155.87896927781605,625.0,155.803,155.815
2025-12-09T01:55:00Z,155.81,155.81,155.769,155.86844004077392,513.0,155.792,155.807
2025-12-09T02:00:00Z,155.8,155.826,155.744,155.85371470200408,698.0,155.749,155.767
2025-12-09T02:05:00Z,155.76,155.794,155.759,155.84455274173686,518.0,155.777,155.793
2025-12-09T02:10:00Z,155.783,155.834,155.774,155.8427457095053,626.0,155.823,155.839
2025-12-09T02:15:00Z,155.83,155.896,155.829,155.84971294823794,593.0,155.888,155.902
2025-12-09T02:20:00Z,155.896,155.896,155.854,155.85108455513955,417.0,155.852,155.867
2025-12-09T02:25:00Z,155.858,155.864,155.843,155.85013994778762,471.0,155.835,155.852
2025-12-09T02:30:00Z,155.844,155.854,155.825,155.84932128808262,565.0,155.835,155.853
2025-12-09T02:35:00Z,155.845,155.894,155.842,155.85247844967162,640.0,155.866,155.88
2025-12-09T02:40:00Z,155.874,155.898,155.864,155.85828132304874,459.0,155.888,155.905
2025-12-09T02:45:00Z,155.897,155.908,155.88,155.86277714664226,491.0,155.885,155.9
2025-12-09T02:50:00Z,155.892,155.904,155.879,155.86694019375662,490.0,155.885,155.902
2025-12-09T02:55:00Z,155.896,155.902,155.856,155.86734816792242,477.0,155.862,155.877
2025-12-09T03:00:00Z,155.868,155.877,155.855,155.86756841219943,517.0,155.863,155.875
2025-12-09T03:05:00Z,155.868,155.893,155.868,155.8700259572395,264.0,155.88,155.892
2025-12-09T03:10:00Z,155.884,155.892,155.863,155.87082249627423,229.0,155.869,155.883
2025-12-09T03:15:00Z,155.876,155.885,155.86,155.871779496771,407.0,155.869,155.887
2025-12-09T03:20:00Z,155.878,155.88,155.864,155.87234223053488,330.0,155.868,155.885
2025-12-09T03:25:00Z,155.877,155.877,155.85,155.8726965997969,415.0,155.866,155.884
2025-12-09T03:30:00Z,155.87,155.874,155.832,155.86967038649067,715.0,155.842,155.857
2025-12-09T03:35:00Z,155.852,155.871,155.81,155.86304766829193,412.0,155.812,155.828
2025-12-09T03:40:00Z,155.822,155.86,155.822,155.86024131251966,423.0,155.833,155.851
2025-12-09T03:45:00Z,155.842,155.854,155.825,155.85914247085037,319.0,155.843,155.861
2025-12-09T03:50:00Z,155.851,155.854,155.83,155.85659014140367,433.0,155.83,155.849
2025-12-09T03:55:00Z,155.837,155.837,155.802,155.8525114558832,382.0,155.817,155.834
2025-12-09T04:00:00Z,155.826,155.833,155.812,155.84764326176543,514.0,155.809,155.824
2025-12-09T04:05:00Z,155.816,155.863,155.814,155.8490241601967,478.0,155.85,155.867
2025-12-09T04:10:00Z,155.857,155.872,155.85,155.8515542721705,387.0,155.86,155.877
2025-12-09T04:15:00Z,155.868,155.892,155.868,155.85628036921443,440.0,155.879,155.895
2025-12-09T04:20:00Z,155.89,155.892,155.862,155.86077631998583,501.0,155.881,155.898
2025-12-09T04:25:00Z,155.889,155.9,155.877,155.86600614398773,430.0,155.892,155.907
2025-12-09T04:30:00Z,155.899,155.942,155.899,155.87547199145604,542.0,155.928,155.946
2025-12-09T04:35:00Z,155.938,155.942,155.914,155.88194239259525,675.0,155.916,155.933
2025-12-09T04:40:00Z,155.925,155.974,155.922,155.89341674024922,613.0,155.959,155.976
2025-12-09T04:45:00Z,155.967,155.988,155.95,155.90522784154933,493.0,155.975,155.989
2025-12-09T04:50:00Z,155.982,155.982,155.964,155.91386412934276,439.0,155.962,155.977
2025-12-09T04:55:00Z,155.97,155.97,155.936,155.91681557876373,344.0,155.928,155.945
2025-12-09T05:00:00Z,155.936,155.972,155.936,155.92297350159524,368.0,155.955,155.971
2025-12-09T05:05:00Z,155.964,156.116,155.961,155.94231036804922,1217.0,156.06,156.075
2025-12-09T05:10:00Z,156.066,156.067,156.016,155.95426898564267,772.0,156.023,156.042
2025-12-09T05:15:00Z,156.032,156.049,155.972,155.95956645422365,784.0,155.987,156.002
2025-12-09T05:20:00Z,155.997,155.998,155.946,155.9585575936605,491.0,155.944,155.961
2025-12-09T05:25:00Z,155.951,155.952,155.872,155.9472832478391,592.0,155.866,155.883
2025-12-09T05:30:00Z,155.876,155.893,155.861,155.93817881479387,543.0,155.87,155.888
2025-12-09T05:35:00Z,155.88,155.908,155.865,155.93402163948804,574.0,155.899,155.915
2025-12-09T05:40:00Z,155.908,155.957,155.894,155.9353520875563,703.0,155.934,155.953
2025-12-09T05:45:00Z,155.943,155.97,155.878,155.93303847588214,1620.0,155.908,155.927
2025-12-09T05:50:00Z,155.916,155.998,155.916,155.93956667909785,1235.0,155.973,155.991
2025-12-09T05:55:00Z,155.983,156.017,155.959,155.94922445521814,1261.0,156.003,156.02
2025-12-09T06:00:00Z,156.012,156.06,155.986,155.96399452785573,767.0,156.052,156.068
2025-12-09T06:05:00Z,156.06,156.085,156.034,155.97439525747498,1015.0,156.034,156.05
2025-12-09T06:10:00Z,156.044,156.106,156.04,155.98847588981167,1101.0,156.072,156.089
2025-12-09T06:15:00Z,156.08,156.128,156.074,156.0025457711701,858.0,156.086,156.101
2025-12-09T06:20:00Z,156.094,156.106,156.068,156.0150063350141,843.0,156.086,156.105
2025-12-09T06:25:00Z,156.096,156.097,156.056,156.02487215701223,750.0,156.079,156.099
2025-12-09T06:30:00Z,156.09,156.119,156.018,156.0239558694106,796.0,156.01,156.027
2025-12-09T06:35:00Z,156.019,156.06,156.012,156.02849508682252,717.0,156.05,156.067
2025-12-09T06:40:00Z,156.059,156.062,156.028,156.0296290752462,760.0,156.028,156.046
2025-12-09T06:45:00Z,156.037,156.046,156.001,156.0271451985467,788.0,156.003,156.019
2025-12-09T06:50:00Z,156.01,156.021,155.96,156.02592583874048,786.0,156.01,156.026
2025-12-09T06:55:00Z,156.018,156.03,155.988,156.02353572690842,617.0,156.001,156.016
2025-12-09T07:00:00Z,156.01,156.074,155.984,156.02813096332062,854.0,156.051,156.065
2025-12-09T07:05:00Z,156.058,156.115,156.047,156.03958016821122,816.0,156.105,156.123
2025-12-09T07:10:00Z,156.112,156.116,156.088,156.04710281244974,967.0,156.087,156.104
2025-12-09T07:15:00Z,156.094,156.166,156.092,156.05922243745644,901.0,156.131,156.146
2025-12-09T07:20:00Z,156.14,156.148,156.092,156.0639927791289,660.0,156.086,156.104
2025-12-09T07:25:00Z,156.096,156.115,156.083,156.06999374191173,790.0,156.101,156.117
2025-12-09T07:30:00Z,156.109,156.148,156.096,156.07706124299017,735.0,156.115,156.131
2025-12-09T07:35:00Z,156.122,156.124,156.036,156.07478641059149,827.0,156.052,156.068
2025-12-09T07:40:00Z,156.058,156.132,156.058,156.08214822251261,999.0,156.123,156.138
2025-12-09T07:45:00Z,156.131,156.16,156.119,156.09226179284425,782.0,156.15,156.165
2025-12-09T07:50:00Z,156.158,156.194,156.143,156.10529355379836,689.0,156.182,156.198
2025-12-09T07:55:00Z,156.19,156.2,156.172,156.1171210799586,1143.0,156.187,156.202
2025-12-09T08:00:00Z,156.195,156.282,156.184,156.13803826929745,1484.0,156.266,156.283
2025-12-09T08:05:00Z,156.275,156.276,156.23,156.1537665000578,1387.0,156.248,156.264
2025-12-09T08:10:00Z,156.258,156.286,156.246,156.16739763338344,1266.0,156.247,156.265
2025-12-09T08:15:00Z,156.256,156.316,156.246,156.18667794893233,840.0,156.303,156.321
2025-12-09T08:20:00Z,156.312,156.332,156.283,156.20565422240801,982.0,156.32,156.338
2025-12-09T08:25:00Z,156.33,156.379,156.324,156.2271669927536,1424.0,156.359,156.375
2025-12-09T08:30:00Z,156.368,156.369,156.312,156.2446113937198,1574.0,156.35,156.365
2025-12-09T08:35:00Z,156.357,156.431,156.356,156.26892987455716,952.0,156.419,156.435
2025-12-09T08:40:00Z,156.426,156.434,156.362,156.28320589128288,839.0,156.368,156.384
2025-12-09T08:45:00Z,156.378,156.396,156.354,156.29531177244516,647.0,156.365,156.383
2025-12-09T08:50:00Z,156.374,156.376,156.327,156.29967020278582,680.0,156.32,156.337
2025-12-09T08:55:00Z,156.329,156.34,156.308,156.3043808424144,684.0,156.327,156.343
2025-12-09T09:00:00Z,156.336,156.341,156.256,156.30139673009248,1188.0,156.274,156.29
2025-12-09T09:05:00Z,156.282,156.282,156.198,156.29614383274682,1230.0,156.253,156.271
2025-12-09T09:10:00Z,156.264,156.272,156.158,156.27799132171393,1146.0,156.151,156.168
2025-12-09T09:15:00Z,156.159,156.163,156.066,156.24972581215206,1624.0,156.057,156.075
2025-12-09T09:20:00Z,156.066,156.068,155.978,156.2241623705318,2272.0,156.049,156.066
2025-12-09T09:25:00Z,156.056,156.058,156.018,156.19987405446088,1560.0,156.034,156.05
2025-12-09T09:30:00Z,156.042,156.108,156.04,156.18042418053275,1263.0,156.046,156.062
2025-12-09T09:35:00Z,156.054,156.088,156.032,156.16543428979506,1059.0,156.06,156.076
2025-12-09T09:40:00Z,156.068,156.122,156.042,156.15724305115572,1038.0,156.097,156.112
2025-12-09T09:45:00Z,156.104,156.111,156.031,156.14347731100162,994.0,156.046,156.061
2025-12-09T09:50:00Z,156.053,156.082,156.048,156.13341366953475,758.0,156.06,156.076
2025-12-09T09:55:00Z,156.066,156.088,156.029,156.1270918469301,1127.0,156.078,156.095
2025-12-09T10:00:00Z,156.088,156.128,156.086,156.12667960067276,994.0,156.118,156.131
2025-12-09T10:05:00Z,156.126,156.174,156.104,156.12832232058307,940.0,156.131,156.147
2025-12-09T10:10:00Z,156.139,156.201,156.134,156.13601267783866,923.0,156.178,156.195
2025-12-09T10:15:00Z,156.187,156.204,156.166,156.14161098746018,707.0,156.169,156.186
2025-12-09T10:20:00Z,156.177,156.178,156.146,156.14446285579882,648.0,156.156,156.17
2025-12-09T10:25:00Z,156.164,156.204,156.163,156.14826780835898,836.0,156.165,156.181
2025-12-09T10:30:00Z,156.172,156.179,156.147,156.1511654339111,1176.0,156.163,156.178
2025-12-09T10:35:00Z,156.171,156.174,156.085,156.1423433760563,1606.0,156.077,156.093
2025-12-09T10:40:00Z,156.082,156.108,156.045,156.13349759258213,1900.0,156.068,156.083
2025-12-09T10:45:00Z,156.075,156.105,156.06,156.12876458023786,935.0,156.09,156.105
2025-12-09T10:50:00Z,156.098,156.136,156.095,156.1257293028728,989.0,156.097,156.115
2025-12-09T10:55:00Z,156.106,156.134,156.075,156.11909872915643,1095.0,156.068,156.084
2025-12-09T11:00:00Z,156.075,156.139,156.07,156.11948556526892,907.0,156.114,156.131
2025-12-09T11:05:00Z,156.122,156.122,156.103,156.11982082323306,753.0,156.113,156.13
2025-12-09T11:10:00Z,156.122,156.136,156.106,156.11997804680198,771.0,156.112,156.13
2025-12-09T11:15:00Z,156.121,156.137,156.097,156.12024764056173,881.0,156.113,156.131
2025-12-09T11:20:00Z,156.122,156.152,156.092,156.1167479551535,908.0,156.087,156.102
2025-12-09T11:25:00Z,156.094,156.148,156.094,156.1174482277997,760.0,156.115,156.129
2025-12-09T11:30:00Z,156.122,156.14,156.074,156.11285513075975,1112.0,156.076,156.09
2025-12-09T11:35:00Z,156.084,156.138,156.082,156.1114077799918,995.0,156.093,156.111
2025-12-09T11:40:00Z,156.102,156.132,156.102,156.1112200759929,710.0,156.102,156.119
2025-12-09T11:45:00Z,156.11,156.134,156.106,156.1131907325272,700.0,156.119,156.134
2025-12-09T11:50:00Z,156.127,156.147,156.106,156.11583196819024,840.0,156.125,156.141
2025-12-09T11:55:00Z,156.134,156.198,156.134,156.12558770576487,937.0,156.181,156.197
2025-12-09T12:00:00Z,156.189,156.236,156.187,156.1389760116629,1096.0,156.218,156.233
2025-12-09T12:05:00Z,156.226,156.26,156.222,156.15177921010783,1244.0,156.226,156.244
2025-12-09T12:10:00Z,156.234,156.29,156.234,156.16914198209346,1022.0,156.274,156.29
2025-12-09T12:15:00Z,156.282,156.293,156.264,156.18378971781434,766.0,156.271,156.287
2025-12-09T12:20:00Z,156.28,156.292,156.254,156.19528442210577,737.0,156.261,156.278
2025-12-09T12:25:00Z,156.269,156.282,156.254,156.20684649915833,494.0,156.274,156.291
2025-12-09T12:30:00Z,156.282,156.29,156.253,156.21526696593722,609.0,156.261,156.278
2025-12-09T12:35:00Z,156.269,156.29,156.256,156.2238980371456,713.0,156.272,156.287
2025-12-09T12:40:00Z,156.28,156.326,156.278,156.2364449655262,710.0,156.309,156.326
2025-12-09T12:45:00Z,156.317,156.32,156.277,156.24225230345604,775.0,156.271,156.288
2025-12-09T12:50:00Z,156.281,156.312,156.256,156.2512853296619,1165.0,156.301,156.32
2025-12-09T12:55:00Z,156.312,156.357,156.312,156.26524728570698,1496.0,156.347,156.365
2025-12-09T13:00:00Z,156.356,156.369,156.31,156.27548098094604,1242.0,156.334,156.351
2025-12-09T13:05:00Z,156.344,156.37,156.334,156.28781685015323,921.0,156.36,156.377
2025-12-09T13:10:00Z,156.37,156.406,156.366,156.29984127013282,772.0,156.371,156.386
2025-12-09T13:15:00Z,156.378,156.407,156.353,156.30706243411512,1216.0,156.347,156.362
2025-12-09T13:20:00Z,156.352,156.452,156.35,156.32625410956643,1492.0,156.444,156.458
2025-12-09T13:25:00Z,156.452,156.487,156.45,156.34688689495758,1118.0,156.472,156.49
2025-12-09T13:30:00Z,156.48,156.516,156.462,156.36570197562992,1239.0,156.479,156.496
2025-12-09T13:35:00Z,156.487,156.489,156.391,156.36947504554593,1161.0,156.386,156.403
2025-12-09T13:40:00Z,156.394,156.438,156.37,156.37007837280646,1414.0,156.365,156.383
2025-12-09T13:45:00Z,156.372,156.402,156.342,156.37220125643228,1251.0,156.378,156.394
2025-12-09T13:50:00Z,156.384,156.391,156.285,156.36550775557464,1515.0,156.314,156.33
2025-12-09T13:55:00Z,156.322,156.346,156.296,156.36237338816468,1283.0,156.333,156.352
2025-12-09T14:00:00Z,156.342,156.374,156.312,156.36099026974273,1230.0,156.343,156.361
2025-12-09T14:05:00Z,156.352,156.366,156.316,156.3563249004437,825.0,156.317,156.335
2025-12-09T14:10:00Z,156.326,156.436,156.326,156.36401491371788,900.0,156.406,156.422
2025-12-09T14:15:00Z,156.416,156.444,156.409,156.37467959188882,995.0,156.435,156.453
2025-12-09T14:20:00Z,156.446,156.514,156.446,156.388188979637,1232.0,156.467,156.485
2025-12-09T14:25:00Z,156.478,156.534,156.461,156.39883044901873,1278.0,156.459,156.477
2025-12-09T14:30:00Z,156.466,156.535,156.376,156.40245305581624,3181.0,156.417,156.434
2025-12-09T14:35:00Z,156.426,156.488,156.404,156.4087926483741,2042.0,156.442,156.459
2025-12-09T14:40:00Z,156.452,156.468,156.424,156.41562029525755,1782.0,156.452,156.468
2025-12-09T14:45:00Z,156.46,156.511,156.438,156.4226042558899,1332.0,156.46,156.476
2025-12-09T14:50:00Z,156.468,156.468,156.414,156.42212368843792,1417.0,156.412,156.426
2025-12-09T14:55:00Z,156.42,156.437,156.4,156.4213071966462,1076.0,156.403,156.428
2025-12-09T15:00:00Z,156.415,156.715,156.413,156.45459957042672,3663.0,156.664,156.678
2025-12-09T15:05:00Z,156.672,156.828,156.668,156.50411962770318,2522.0,156.818,156.834
2025-12-09T15:10:00Z,156.83,156.86,156.736,156.54410367734275,2228.0,156.796,156.813
2025-12-09T15:15:00Z,156.805,156.82,156.729,156.57048985369704,1697.0,156.734,156.75
2025-12-09T15:20:00Z,156.743,156.766,156.648,156.58082453987078,1685.0,156.64,156.657
2025-12-09T15:25:00Z,156.652,156.7,156.616,156.58631460122135,1633.0,156.614,156.631
2025-12-09T15:30:00Z,156.623,156.642,156.572,156.59187265439184,1662.0,156.621,156.636
2025-12-09T15:35:00Z,156.627,156.768,156.609,156.61428963380627,1473.0,156.752,156.768
2025-12-09T15:40:00Z,156.759,156.856,156.746,156.64238434929877,1452.0,156.817,156.833
2025-12-09T15:45:00Z,156.826,156.85,156.794,156.6691331027256,1697.0,156.835,156.851
2025-12-09T15:50:00Z,156.844,156.896,156.816,156.6985820223622,1167.0,156.883,156.898
2025-12-09T15:55:00Z,156.892,156.916,156.86,156.72117108604724,1460.0,156.861,156.874
2025-12-09T16:00:00Z,156.868,156.87,156.81,156.7399482745743,1261.0,156.855,156.869
2025-12-09T16:05:00Z,156.862,156.92,156.852,156.75835517129772,1013.0,156.87,156.886
2025-12-09T16:10:00Z,156.876,156.896,156.843,156.77470781512469,840.0,156.873,156.889
2025-12-09T16:15:00Z,156.88,156.894,156.853,156.7852801064414,938.0,156.846,156.861
2025-12-09T16:20:00Z,156.853,156.916,156.824,156.79924275891588,991.0,156.881,156.9
2025-12-09T16:25:00Z,156.89,156.916,156.888,156.81401039106044,789.0,156.901,156.918
2025-12-09T16:30:00Z,156.91,156.918,156.895,156.82654233891904,1129.0,156.901,156.916
2025-12-09T16:35:00Z,156.911,156.919,156.884,156.8382033603965,834.0,156.906,156.921
2025-12-09T16:40:00Z,156.914,156.914,156.882,156.84430957901031,1137.0,156.876,156.893
2025-12-09T16:45:00Z,156.883,156.888,156.851,156.8469349684756,841.0,156.856,156.872
2025-12-09T16:50:00Z,156.864,156.89,156.847,156.85027697267887,944.0,156.863,156.881
2025-12-09T16:55:00Z,156.872,156.878,156.845,156.85157337632168,940.0,156.852,156.868
2025-12-09T17:00:00Z,156.859,156.869,156.832,156.8532302594788,1253.0,156.855,156.872
2025-12-09T17:05:00Z,156.863,156.902,156.847,156.85959955821497,698.0,156.893,156.909
2025-12-09T17:10:00Z,156.902,156.918,156.888,156.86631961711964,812.0,156.902,156.919
2025-12-09T17:15:00Z,156.91,156.914,156.894,156.87094366817036,896.0,156.892,156.91
2025-12-09T17:20:00Z,156.904,156.906,156.851,156.86895117908097,1082.0,156.847,156.864
2025-12-09T17:25:00Z,156.855,156.904,156.854,156.8736243552035,645.0,156.895,156.912
2025-12-09T17:30:00Z,156.906,156.909,156.886,156.87820777450972,663.0,156.9,156.917
2025-12-09T17:35:00Z,156.907,156.924,156.882,156.87924673790843,864.0,156.878,156.895
2025-12-09T17:40:00Z,156.886,156.896,156.881,156.87961383952066,835.0,156.874,156.89
2025-12-09T17:45:00Z,156.882,156.892,156.876,156.8805986609179,658.0,156.878,156.896
2025-12-09T17:50:00Z,156.889,156.91,156.88,156.88398550612885,582.0,156.897,156.915
2025-12-09T17:55:00Z,156.906,156.926,156.904,156.88852077197834,682.0,156.91,156.927
2025-12-09T18:00:00Z,156.919,156.924,156.88,156.8881846690479,636.0,156.878,156.893
2025-12-09T18:05:00Z,156.886,156.905,156.88,156.8886933798415,566.0,156.885,156.9
2025-12-09T18:10:00Z,156.893,156.915,156.887,156.89126759586264,527.0,156.9,156.917
2025-12-09T18:15:00Z,156.909,156.926,156.903,156.89349858308097,398.0,156.9,156.915
2025-12-09T18:20:00Z,156.907,156.917,156.893,156.89356543867018,322.0,156.886,156.902
2025-12-09T18:25:00Z,156.894,156.896,156.88,156.8932233801808,402.0,156.883,156.899
2025-12-09T18:30:00Z,156.888,156.905,156.887,156.89466026282338,424.0,156.896,156.912
2025-12-09T18:35:00Z,156.906,156.928,156.905,156.89777222778028,470.0,156.91,156.927
2025-12-09T18:40:00Z,156.918,156.928,156.913,156.90046926407624,606.0,156.911,156.925
2025-12-09T18:45:00Z,156.918,156.92,156.912,156.90240669553273,262.0,156.908,156.922
2025-12-09T18:50:00Z,156.914,156.919,156.908,156.90448580279505,642.0,156.91,156.925
2025-12-09T18:55:00Z,156.92,156.924,156.894,156.90348769575573,540.0,156.891,156.903
2025-12-09T19:00:00Z,156.896,156.926,156.888,156.90622266965497,619.0,156.917,156.932
2025-12-09T19:05:00Z,156.924,156.95,156.922,156.9112596470343,418.0,156.937,156.952
2025-12-09T19:10:00Z,156.944,156.956,156.938,156.91535836076307,518.0,156.934,156.95
2025-12-09T19:15:00Z,156.942,156.945,156.908,156.915710579328,857.0,156.909,156.927
2025-12-09T19:20:00Z,156.918,156.923,156.904,156.91628250208427,591.0,156.914,156.927
2025-12-09T19:25:00Z,156.922,156.928,156.884,156.91211150180638,890.0,156.876,156.894
2025-12-09T19:30:00Z,156.884,156.894,156.86,156.90716330156553,531.0,156.868,156.882
2025-12-09T19:35:00Z,156.876,156.878,156.848,156.8996748613568,596.0,156.843,156.859
2025-12-09T19:40:00Z,156.85,156.865,156.843,156.89491821317588,429.0,156.857,156.872
2025-12-09T19:45:00Z,156.864,156.88,156.862,156.8906624514191,551.0,156.854,156.872
2025-12-09T19:50:00Z,156.865,156.865,156.826,156.8832407912299,604.0,156.827,156.843
2025-12-09T19:55:00Z,156.834,156.848,156.812,156.87694201906592,840.0,156.828,156.843
2025-12-09T20:00:00Z,156.836,156.85,156.829,156.87294974985713,496.0,156.839,156.855
2025-12-09T20:05:00Z,156.846,156.847,156.836,156.86895644987618,449.0,156.836,156.85
2025-12-09T20:10:00Z,156.84,156.84,156.822,156.86456225655937,286.0,156.827,156.845
2025-12-09T20:15:00Z,156.836,156.863,156.834,156.86408728901813,497.0,156.852,156.87
2025-12-09T20:20:00Z,156.862,156.876,156.862,156.86514231714906,488.0,156.865,156.879
2025-12-09T20:25:00Z,156.872,156.89,156.872,156.8667233415292,511.0,156.869,156.885
2025-12-09T20:30:00Z,156.878,156.898,156.878,156.87062689599196,578.0,156.89,156.903
2025-12-09T20:35:00Z,156.896,156.914,156.892,156.87520997652638,327.0,156.897,156.913
2025-12-09T20:40:00Z,156.905,156.922,156.898,156.8811819796562,299.0,156.912,156.928
2025-12-09T20:45:00Z,156.92,156.924,156.896,156.88475771570202,304.0,156.901,156.916
2025-12-09T20:50:00Z,156.909,156.914,156.874,156.88332335360843,424.0,156.866,156.882
2025-12-09T20:55:00Z,156.874,156.904,156.87,156.88608023979398,631.0,156.896,156.913
2025-12-09T21:00:00Z,156.906,156.94,156.905,156.88940287448813,347.0,156.904,156.918
2025-12-09T21:05:00Z,156.91,156.924,156.899,156.89188249122304,240.0,156.899,156.916
2025-12-09T21:10:00Z,156.907,156.912,156.902,156.89416482572665,155.0,156.902,156.916
2025-12-09T21:15:00Z,156.905,156.92,156.904,156.89760951562977,212.0,156.911,156.928
2025-12-09T21:20:00Z,156.919,156.928,156.908,156.90112824687913,208.0,156.917,156.931
2025-12-09T21:25:00Z,156.924,156.94,156.924,156.90551114729524,237.0,156.925,156.942
2025-12-09T21:30:00Z,156.933,156.939,156.916,156.90957632765588,220.0,156.93,156.942
2025-12-09T21:35:00Z,156.936,156.942,156.922,156.91229948396844,233.0,156.921,156.938
2025-12-09T21:40:00Z,156.928,156.93,156.924,156.91465955277266,260.0,156.921,156.938
2025-12-09T21:45:00Z,156.928,156.93,156.915,156.91577161240298,263.0,156.914,156.932
2025-12-09T21:50:00Z,156.924,156.924,156.9,156.9147353974159,252.0,156.897,156.918
2025-12-09T21:55:00Z,156.909,156.925,156.887,156.91197067776045,774.0,156.879,156.908
2025-12-09T22:00:00Z,156.838,156.838,156.838,156.9021079207257,1.0,156.788,156.888
2025-12-09T22:05:00Z,156.831,156.863,156.822,156.89662686462896,56.0,156.822,156.9
2025-12-09T22:10:00Z,156.858,156.87,156.847,156.89107661601176,45.0,156.815,156.895
2025-12-09T22:15:00Z,156.854,156.86,156.836,156.88599973387687,402.0,156.803,156.903
2025-12-09T22:20:00Z,156.853,156.899,156.847,156.88386643602664,252.0,156.838,156.903
2025-12-09T22:25:00Z,156.871,156.886,156.863,156.8837509112231,155.0,156.86,156.906
2025-12-09T22:30:00Z,156.884,156.932,156.883,156.88911745639336,131.0,156.902,156.946
2025-12-09T22:35:00Z,156.924,156.925,156.892,156.88963512887426,52.0,156.872,156.914
2025-12-09T22:40:00Z,156.893,156.894,156.88,156.88875044502436,136.0,156.864,156.902
2025-12-09T22:45:00Z,156.883,156.89,156.88,156.88891705235446,163.0,156.87,156.909
2025-12-09T22:50:00Z,156.889,156.89,156.824,156.88266144537386,122.0,156.823,156.86
2025-12-09T22:55:00Z,156.841,156.845,156.834,156.877239919324,231.0,156.826,156.859
2025-12-09T23:00:00Z,156.845,156.914,156.832,156.87734126341414,340.0,156.868,156.888
2025-12-09T23:05:00Z,156.878,156.878,156.826,156.87076242829227,178.0,156.819,156.838
2025-12-09T23:10:00Z,156.828,156.858,156.802,156.86906077118664,194.0,156.848,156.867
2025-12-09T23:15:00Z,156.858,156.866,156.85,156.86705266836177,225.0,156.846,156.863
2025-12-09T23:20:00Z,156.855,156.858,156.854,156.86531231258022,183.0,156.845,156.862
2025-12-09T23:25:00Z,156.854,156.868,156.844,156.8638040042362,300.0,156.845,156.864
2025-12-09T23:30:00Z,156.855,156.864,156.846,156.86196347033803,161.0,156.842,156.858
2025-12-09T23:35:00Z,156.848,156.854,156.841,156.86090167429296,144.0,156.848,156.86
2025-12-09T23:40:00Z,156.856,156.876,156.846,156.85904811772056,176.0,156.838,156.856
2025-12-09T23:45:00Z,156.846,156.868,156.816,156.8570417020245,309.0,156.835,156.853
2025-12-09T23:50:00Z,156.842,156.843,156.825,156.85396947508792,131.0,156.824,156.844
2025-12-09T23:55:00Z,156.834,156.846,156.804,156.84757354507622,160.0,156.796,156.815
2025-12-10T00:00:00Z,156.804,156.846,156.778,156.84549707239938,960.0,156.823,156.841
2025-12-10T00:05:00Z,156.832,156.872,156.82,156.84529746274615,590.0,156.835,156.852
2025-12-10T00:10:00Z,156.842,156.844,156.783,156.84192446771334,639.0,156.811,156.83
2025-12-10T00:15:00Z,156.82,156.904,156.798,156.84380120535155,690.0,156.847,156.864
2025-12-10T00:20:00Z,156.855,156.896,156.855,156.84876104463802,501.0,156.873,156.889
2025-12-10T00:25:00Z,156.883,156.94,156.88,156.8606595720196,506.0,156.928,156.947
2025-12-10T00:30:00Z,156.937,156.938,156.858,156.86217162908366,636.0,156.865,156.88
2025-12-10T00:35:00Z,156.876,156.892,156.854,156.86108207853917,692.0,156.845,156.864
2025-12-10T00:40:00Z,156.854,156.854,156.822,156.85853780140062,548.0,156.835,156.85
2025-12-10T00:45:00Z,156.842,156.842,156.804,156.85353276121387,429.0,156.815,156.827
2025-12-10T00:50:00Z,156.82,156.896,156.756,156.8495950597187,1940.0,156.815,156.832
2025-12-10T00:55:00Z,156.825,156.834,156.704,156.83164905175622,1520.0,156.706,156.724
2025-12-10T01:00:00Z,156.716,156.748,156.673,156.81062917818872,909.0,156.666,156.683
2025-12-10T01:05:00Z,156.675,156.716,156.67,156.79427862109688,812.0,156.679,156.697
2025-12-10T01:10:00Z,156.688,156.747,156.685,156.7874414716173,917.0,156.735,156.751
2025-12-10T01:15:00Z,156.741,156.743,156.672,156.774982608735,731.0,156.685,156.703
2025-12-10T01:20:00Z,156.694,156.74,156.694,156.770051594237,581.0,156.73,156.746
2025-12-10T01:25:00Z,156.738,156.75,156.718,156.76524471500542,528.0,156.725,156.742
2025-12-10T01:30:00Z,156.734,156.768,156.726,156.76414541967137,753.0,156.748,156.766
2025-12-10T01:35:00Z,156.758,156.772,156.711,156.76079269704852,799.0,156.73,156.748
2025-12-10T01:40:00Z,156.744,156.76,156.723,156.75815367077539,748.0,156.733,156.749
2025-12-10T01:45:00Z,156.74,156.758,156.705,156.751866514672,887.0,156.703,156.719
2025-12-10T01:50:00Z,156.71,156.738,156.682,156.7425509793824,570.0,156.673,156.69
2025-12-10T01:55:00Z,156.684,156.71,156.675,156.73821084879808,767.0,156.704,156.717
2025-12-10T02:00:00Z,156.712,156.712,156.671,156.72964940229167,625.0,156.665,156.683
2025-12-10T02:05:00Z,156.674,156.674,156.636,156.72116281531945,590.0,156.659,156.672
2025-12-10T02:10:00Z,156.665,156.666,156.638,156.71087443994352,487.0,156.636,156.652
2025-12-10T02:15:00Z,156.644,156.672,156.644,156.7036911812844,523.0,156.649,156.665
2025-12-10T02:20:00Z,156.658,156.661,156.633,156.69773235711315,395.0,156.65,156.668
2025-12-10T02:25:00Z,156.66,156.688,156.66,156.69576804283142,398.0,156.675,156.691
2025-12-10T02:30:00Z,156.682,156.684,156.655,156.6905989704539,411.0,156.648,156.666
2025-12-10T02:35:00Z,156.656,156.672,156.644,156.68678577439337,325.0,156.654,156.67
2025-12-10T02:40:00Z,156.662,156.67,156.656,156.6836143378076,375.0,156.655,156.671
2025-12-10T02:45:00Z,156.664,156.688,156.663,156.6841990927666,154.0,156.68,156.696
2025-12-10T02:50:00Z,156.688,156.728,156.686,156.68550588039773,490.0,156.687,156.702
2025-12-10T02:55:00Z,156.694,156.698,156.65,156.68157176301136,508.0,156.647,156.666
2025-12-10T03:00:00Z,156.657,156.67,156.646,156.67869552794318,369.0,156.653,156.668
2025-12-10T03:05:00Z,156.66,156.684,156.652,156.67593612421743,453.0,156.65,156.666
2025-12-10T03:10:00Z,156.656,156.666,156.646,156.6732779743218,352.0,156.647,156.665
2025-12-10T03:15:00Z,156.656,156.663,156.605,156.66457424441222,513.0,156.6,156.616
2025-12-10T03:20:00Z,156.608,156.624,156.595,156.65916434515725,538.0,156.616,156.632
2025-12-10T03:25:00Z,156.624,156.632,156.617,156.65380909913628,472.0,156.612,156.626
2025-12-10T03:30:00Z,156.619,156.63,156.583,156.64583455258477,418.0,156.587,156.602
2025-12-10T03:35:00Z,156.595,156.596,156.568,156.63758994557347,463.0,156.576,156.591
2025-12-10T03:40:00Z,156.584,156.585,156.56,156.63017795283034,428.0,156.573,156.59
2025-12-10T03:45:00Z,156.583,156.6,156.573,156.62268755911964,434.0,156.566,156.582
2025-12-10T03:50:00Z,156.574,156.6,156.572,156.61726255123702,355.0,156.573,156.591
2025-12-10T03:55:00Z,156.58,156.596,156.562,156.61389421107208,569.0,156.583,156.6
2025-12-10T04:00:00Z,156.591,156.624,156.588,156.61497498292914,492.0,156.615,156.63
2025-12-10T04:05:00Z,156.623,156.624,156.61,156.61591165187193,419.0,156.613,156.631
2025-12-10T04:10:00Z,156.622,156.626,156.606,156.61485676495568,290.0,156.601,156.616
2025-12-10T04:15:00Z,156.608,156.622,156.596,156.61567586296158,304.0,156.613,156.629
2025-12-10T04:20:00Z,156.62,156.662,156.617,156.62051908123337,353.0,156.643,156.66
2025-12-10T04:25:00Z,156.652,156.653,156.642,156.62338320373559,176.0,156.636,156.649
2025-12-10T04:30:00Z,156.643,156.663,156.639,156.62639877657085,179.0,156.64,156.652
2025-12-10T04:35:00Z,156.647,156.66,156.618,156.62541227302808,307.0,156.612,156.626
2025-12-10T04:40:00Z,156.62,156.632,156.618,156.624557303291,213.0,156.612,156.626
2025-12-10T04:45:00Z,156.62,156.62,156.582,156.62101632951888,364.0,156.59,156.606
2025-12-10T04:50:00Z,156.598,156.614,156.596,156.6190141522497,328.0,156.597,156.615
2025-12-10T04:55:00Z,156.606,156.63,156.606,156.62021226528307,272.0,156.619,156.637
2025-12-10T05:00:00Z,156.632,156.632,156.612,156.620450629912,334.0,156.614,156.629
2025-12-10T05:05:00Z,156.622,156.624,156.604,156.62012387925708,429.0,156.61,156.627
2025-12-10T05:10:00Z,156.618,156.628,156.606,156.61904069535615,452.0,156.605,156.62
2025-12-10T05:15:00Z,156.611,156.612,156.597,156.61650193597532,304.0,156.592,156.608
2025-12-10T05:20:00Z,156.6,156.656,156.599,156.61936834451194,385.0,156.629,156.647
2025-12-10T05:25:00Z,156.638,156.67,156.638,156.62491923191035,529.0,156.653,156.669
2025-12-10T05:30:00Z,156.66,156.667,156.634,156.62639666765565,451.0,156.629,156.644
2025-12-10T05:35:00Z,156.636,156.666,156.622,156.6295437786349,490.0,156.641,156.658
2025-12-10T05:40:00Z,156.651,156.671,156.643,156.63187127481692,491.0,156.64,156.654
2025-12-10T05:45:00Z,156.648,156.672,156.648,156.636421771508,380.0,156.658,156.675
2025-12-10T05:50:00Z,156.666,156.686,156.652,156.64089886864028,479.0,156.662,156.678
2025-12-10T05:55:00Z,156.67,156.722,156.67,156.64984568615492,807.0,156.7,156.715
2025-12-10T06:00:00Z,156.707,156.741,156.704,156.65813292800092,601.0,156.704,156.719
2025-12-10T06:05:00Z,156.712,156.724,156.69,156.66691520426747,531.0,156.716,156.732
2025-12-10T06:10:00Z,156.724,156.724,156.696,156.6715931770318,440.0,156.694,156.709
2025-12-10T06:15:00Z,156.702,156.726,156.696,156.6783140867609,479.0,156.714,156.731
2025-12-10T06:20:00Z,156.723,156.756,156.721,156.68787220852613,379.0,156.743,156.757
2025-12-10T06:25:00Z,156.75,156.754,156.711,156.69402258072265,542.0,156.726,156.741
2025-12-10T06:30:00Z,156.735,156.736,156.696,156.69881956995962,443.0,156.723,156.738
2025-12-10T06:35:00Z,156.732,156.759,156.73,156.70671029396502,413.0,156.749,156.766
2025-12-10T06:40:00Z,156.758,156.766,156.716,156.71034892143635,534.0,156.726,156.742
2025-12-10T06:45:00Z,156.734,156.75,156.71,156.71030239857816,486.0,156.703,156.718
2025-12-10T06:50:00Z,156.71,156.72,156.698,156.71026207876776,490.0,156.703,156.716
2025-12-10T06:55:00Z,156.71,156.713,156.661,156.70542713493205,506.0,156.665,156.682
2025-12-10T07:00:00Z,156.674,156.701,156.647,156.70417018360777,794.0,156.687,156.704
2025-12-10T07:05:00Z,156.695,156.696,156.656,156.70121415912675,505.0,156.674,156.69
2025-12-10T07:10:00Z,156.682,156.692,156.662,156.69598560457652,564.0,156.654,156.671
2025-12-10T07:15:00Z,156.663,156.665,156.648,156.69132085729964,784.0,156.654,156.668
2025-12-10T07:20:00Z,156.662,156.698,156.661,156.69207807632637,485.0,156.69,156.704
2025-12-10T07:25:00Z,156.698,156.698,156.676,156.6915343328162,497.0,156.681,156.694
2025-12-10T07:30:00Z,156.687,156.724,156.685,156.69519642177403,529.0,156.711,156.727
2025-12-10T07:35:00Z,156.718,156.755,156.718,156.6997035655375,539.0,156.721,156.737
2025-12-10T07:40:00Z,156.73,156.734,156.708,156.70147642346583,517.0,156.704,156.722
2025-12-10T07:45:00Z,156.712,156.736,156.684,156.6992795670037,708.0,156.678,156.692
2025-12-10T07:50:00Z,156.68,156.716,156.663,156.69577562473657,1043.0,156.666,156.68
2025-12-10T07:55:00Z,156.674,156.678,156.638,156.68993887477168,1469.0,156.644,156.661
2025-12-10T08:00:00Z,156.653,156.676,156.581,156.67954702480213,1455.0,156.603,156.62
2025-12-10T08:05:00Z,156.612,156.658,156.588,156.6761407548285,1076.0,156.646,156.662
2025-12-10T08:10:00Z,156.654,156.697,156.654,156.67892198751804,1036.0,156.689,156.705
2025-12-10T08:15:00Z,156.698,156.71,156.658,156.6761323891823,802.0,156.651,156.665
2025-12-10T08:20:00Z,156.658,156.659,156.631,156.67224807062468,920.0,156.638,156.656
2025-12-10T08:25:00Z,156.648,156.648,156.61,156.66408166120806,650.0,156.603,156.619
2025-12-10T08:30:00Z,156.61,156.637,156.604,156.65873743971366,840.0,156.616,156.631
2025-12-10T08:35:00Z,156.624,156.662,156.599,156.65730578108517,822.0,156.64,156.657
2025-12-10T08:40:00Z,156.646,156.654,156.616,156.65553167694048,895.0,156.638,156.651
2025-12-10T08:45:00Z,156.646,156.673,156.643,156.65559412001508,694.0,156.648,156.664
2025-12-10T08:50:00Z,156.656,156.693,156.648,156.65938157067973,812.0,156.678,156.691
2025-12-10T08:55:00Z,156.685,156.692,156.648,156.66159736125576,1095.0,156.668,156.685
2025-12-10T09:00:00Z,156.678,156.73,156.677,156.667784379755,1056.0,156.699,156.716
2025-12-10T09:05:00Z,156.708,156.73,156.685,156.67447979578768,750.0,156.71,156.725
2025-12-10T09:10:00Z,156.718,156.764,156.71,156.68588248968265,726.0,156.753,156.767
2025-12-10T09:15:00Z,156.76,156.787,156.744,156.69656482439163,730.0,156.76,156.773
2025-12-10T09:20:00Z,156.768,156.821,156.767,156.7130228478061,707.0,156.813,156.826
2025-12-10T09:25:00Z,156.818,156.819,156.796,156.72421980143196,443.0,156.789,156.805
2025-12-10T09:30:00Z,156.798,156.828,156.789,156.7375238279077,735.0,156.817,156.831
2025-12-10T09:35:00Z,156.824,156.858,156.82,156.74878731752,738.0,156.814,156.83
2025-12-10T09:40:00Z,156.824,156.828,156.806,156.75868234185066,386.0,156.814,156.832
2025-12-10T09:45:00Z,156.824,156.842,156.822,156.76925802960392,653.0,156.829,156.846
2025-12-10T09:50:00Z,156.837,156.89,156.837,156.7834902923234,921.0,156.869,156.883
2025-12-10T09:55:00Z,156.876,156.878,156.817,156.78822492001362,1063.0,156.811,156.827
2025-12-10T10:00:00Z,156.82,156.86,156.82,156.7935282640118,813.0,156.821,156.836
2025-12-10T10:05:00Z,156.829,156.83,156.778,156.79839116214356,969.0,156.822,156.839
2025-12-10T10:10:00Z,156.831,156.838,156.763,156.7951390071911,715.0,156.767,156.782
2025-12-10T10:15:00Z,156.775,156.781,156.75,156.79192047289897,665.0,156.763,156.779
2025-12-10T10:20:00Z,156.77,156.83,156.77,156.79579774317912,647.0,156.813,156.829
2025-12-10T10:25:00Z,156.822,156.822,156.77,156.7924913774219,717.0,156.763,156.779
2025-12-10T10:30:00Z,156.77,156.78,156.74,156.78602586043232,711.0,156.736,156.753
2025-12-10T10:35:00Z,156.745,156.782,156.744,156.78442241237468,492.0,156.766,156.783
2025-12-10T10:40:00Z,156.775,156.785,156.738,156.78036609072473,640.0,156.746,156.761
2025-12-10T10:45:00Z,156.753,156.781,156.745,156.7803172786281,682.0,156.773,156.788
2025-12-10T10:50:00Z,156.78,156.784,156.763,156.7797416414777,770.0,156.768,156.785
2025-12-10T10:55:00Z,156.777,156.778,156.744,156.77844275594734,925.0,156.762,156.777
2025-12-10T11:00:00Z,156.769,156.771,156.706,156.7690503884877,872.0,156.7,156.716
2025-12-10T11:05:00Z,156.707,156.735,156.688,156.76104367002267,749.0,156.701,156.717
2025-12-10T11:10:00Z,156.71,156.764,156.709,156.760637847353,818.0,156.749,156.766
2025-12-10T11:15:00Z,156.757,156.762,156.722,156.75881946770593,641.0,156.739,156.755
2025-12-10T11:20:00Z,156.746,156.748,156.718,156.75511020534515,640.0,156.723,156.739
2025-12-10T11:25:00Z,156.732,156.734,156.706,156.7489621779658,486.0,156.701,156.717
2025-12-10T11:30:00Z,156.708,156.738,156.696,156.74550055423703,453.0,156.715,156.731
2025-12-10T11:35:00Z,156.724,156.752,156.722,156.74556714700543,468.0,156.738,156.755
2025-12-10T11:40:00Z,156.746,156.748,156.732,156.7441581940714,613.0,156.726,156.744
2025-12-10T11:45:00Z,156.734,156.754,156.726,156.7452037681952,714.0,156.744,156.76
2025-12-10T11:50:00Z,156.752,156.777,156.746,156.74784326576918,568.0,156.756,156.774
2025-12-10T11:55:00Z,156.764,156.771,156.71,156.74293083033328,411.0,156.702,156.72
2025-12-10T12:00:00Z,156.71,156.71,156.673,156.7369400529555,580.0,156.689,156.707
2025-12-10T12:05:00Z,156.7,156.724,156.688,156.73494804589478,673.0,156.714,156.73
2025-12-10T12:10:00Z,156.722,156.742,156.714,156.73388830644214,539.0,156.719,156.735
2025-12-10T12:15:00Z,156.726,156.734,156.711,156.7325698655832,346.0,156.717,156.732
2025-12-10T12:20:00Z,156.724,156.76,156.724,156.7343605501721,560.0,156.737,156.755
2025-12-10T12:25:00Z,156.746,156.752,156.724,156.7337791434825,451.0,156.722,156.738
2025-12-10T12:30:00Z,156.73,156.73,156.695,156.73047525768484,398.0,156.701,156.717
2025-12-10T12:35:00Z,156.708,156.716,156.692,156.72721188999353,605.0,156.697,156.714
2025-12-10T12:40:00Z,156.705,156.706,156.692,156.72358363799438,574.0,156.692,156.709
2025-12-10T12:45:00Z,156.701,156.725,156.694,156.72083915292848,660.0,156.695,156.711
2025-12-10T12:50:00Z,156.704,156.712,156.696,156.71779393253803,527.0,156.689,156.707
2025-12-10T12:55:00Z,156.698,156.724,156.686,156.7176880748663,510.0,156.709,156.725
2025-12-10T13:00:00Z,156.716,156.716,156.662,156.71212966488412,851.0,156.668,156.684
2025-12-10T13:05:00Z,156.675,156.706,156.65,156.7105123762329,1063.0,156.693,156.707
2025-12-10T13:10:00Z,156.7,156.717,156.668,156.70511072606854,915.0,156.663,156.677
2025-12-10T13:15:00Z,156.669,156.712,156.656,156.7041626292594,887.0,156.69,156.705
2025-12-10T13:20:00Z,156.698,156.718,156.674,156.70160761202482,955.0,156.678,156.692
2025-12-10T13:25:00Z,156.684,156.684,156.622,156.69579326375484,1005.0,156.651,156.665
2025-12-10T13:30:00Z,156.656,156.656,156.586,156.6832874952542,1154.0,156.595,156.61
2025-12-10T13:35:00Z,156.602,156.651,156.583,156.67378249588697,877.0,156.605,156.619
2025-12-10T13:40:00Z,156.613,156.642,156.6,156.66421149643537,678.0,156.594,156.61
2025-12-10T13:45:00Z,156.6,156.618,156.572,156.65804996357733,939.0,156.609,156.626
2025-12-10T13:50:00Z,156.617,156.618,156.574,156.64764330176703,738.0,156.572,156.589
2025-12-10T13:55:00Z,156.581,156.61,156.55,156.6347575281981,935.0,156.545,156.557
2025-12-10T14:00:00Z,156.55,156.596,156.535,156.62425652443835,1038.0,156.549,156.564
2025-12-10T14:05:00Z,156.556,156.573,156.54,156.6130223211799,880.0,156.531,156.548
2025-12-10T14:10:00Z,156.54,156.56,156.502,156.60461934502257,1107.0,156.544,156.556
2025-12-10T14:15:00Z,156.549,156.589,156.549,156.6008034323529,915.0,156.569,156.584
2025-12-10T14:20:00Z,156.575,156.626,156.574,156.6010963080392,849.0,156.595,156.611
2025-12-10T14:25:00Z,156.602,156.63,156.592,156.60295013363398,694.0,156.607,156.623
2025-12-10T14:30:00Z,156.614,156.616,156.553,156.59962344914945,1303.0,156.569,156.586
2025-12-10T14:35:00Z,156.576,156.625,156.564,156.59994032259618,1103.0,156.594,156.611
2025-12-10T14:40:00Z,156.602,156.602,156.548,156.59901494625004,601.0,156.587,156.599
2025-12-10T14:45:00Z,156.59,156.602,156.444,156.58314628675004,1601.0,156.472,156.487
2025-12-10T14:50:00Z,156.482,156.506,156.44,156.5717934485167,1309.0,156.489,156.506
2025-12-10T14:55:00Z,156.5,156.516,156.472,156.56222098871447,1502.0,156.492,156.508
2025-12-10T15:00:00Z,156.498,156.499,156.382,156.5396581902192,1537.0,156.384,156.402
2025-12-10T15:05:00Z,156.392,156.398,156.353,156.51997043152332,1064.0,156.383,156.4
2025-12-10T15:10:00Z,156.392,156.432,156.36,156.5061077073202,1165.0,156.409,156.423
2025-12-10T15:15:00Z,156.416,156.47,156.388,156.50102667967752,1090.0,156.46,156.476
2025-12-10T15:20:00Z,156.469,156.474,156.42,156.49208978905386,946.0,156.427,156.44
2025-12-10T15:25:00Z,156.434,156.455,156.415,156.48514448384668,763.0,156.432,156.449
2025-12-10T15:30:00Z,156.442,156.456,156.384,156.47739188600045,1431.0,156.42,156.434
2025-12-10T15:35:00Z,156.428,156.486,156.416,156.47733963453373,816.0,156.468,156.486
2025-12-10T15:40:00Z,156.478,156.478,156.45,156.47556101659592,856.0,156.455,156.472
2025-12-10T15:45:00Z,156.464,156.497,156.441,156.47748621438313,709.0,156.482,156.499
2025-12-10T15:50:00Z,156.49,156.528,156.475,156.48342138579872,1182.0,156.514,156.529
2025-12-10T15:55:00Z,156.521,156.535,156.474,156.48296520102556,1351.0,156.472,156.488
2025-12-10T16:00:00Z,156.482,156.484,156.418,156.4777698408888,1221.0,156.436,156.452
2025-12-10T16:05:00Z,156.444,156.492,156.442,156.47660052877032,1016.0,156.461,156.477
2025-12-10T16:10:00Z,156.468,156.482,156.426,156.47065379160094,898.0,156.424,156.439
2025-12-10T16:15:00Z,156.433,156.466,156.41,156.46283328605415,893.0,156.405,156.419
2025-12-10T16:20:00Z,156.413,156.415,156.378,156.45312218124693,887.0,156.383,156.398
2025-12-10T16:25:00Z,156.39,156.39,156.34,156.44137255708068,845.0,156.358,156.372
2025-12-10T16:30:00Z,156.367,156.371,156.34,156.43012288280326,841.0,156.35,156.364
2025-12-10T16:35:00Z,156.358,156.363,156.326,156.41663983176284,695.0,156.321,156.337
2025-12-10T16:40:00Z,156.328,156.344,156.327,156.40682118752778,611.0,156.335,156.351
2025-12-10T16:45:00Z,156.34,156.36,156.337,156.40004502919075,530.0,156.349,156.364
2025-12-10T16:50:00Z,156.357,156.406,156.355,156.399772358632,714.0,156.391,156.405
2025-12-10T16:55:00Z,156.398,156.403,156.334,156.39166937748107,786.0,156.331,156.347
2025-12-10T17:00:00Z,156.337,156.368,156.334,156.38784679381692,734.0,156.355,156.371
2025-12-10T17:05:00Z,156.364,156.398,156.361,156.38480055464134,581.0,156.358,156.372
2025-12-10T17:10:00Z,156.364,156.364,156.316,156.3758938140225,813.0,156.311,156.326
2025-12-10T17:15:00Z,156.32,156.324,156.278,156.36324130548618,790.0,156.273,156.289
2025-12-10T17:20:00Z,156.282,156.286,156.264,156.35160913142136,622.0,156.266,156.285
2025-12-10T17:25:00Z,156.274,156.285,156.26,156.34232791389852,475.0,156.274,156.291
2025-12-10T17:30:00Z,156.283,156.31,156.268,156.3376175253787,495.0,156.299,156.315
2025-12-10T17:35:00Z,156.308,156.32,156.282,156.33020185532823,428.0,156.275,156.29
2025-12-10T17:40:00Z,156.282,156.318,156.281,156.3275082746178,601.0,156.301,156.318
2025-12-10T17:45:00Z,156.31,156.326,156.306,156.32544050466876,571.0,156.305,156.319
2025-12-10T17:50:00Z,156.311,156.32,156.248,156.31978177071292,693.0,156.276,156.29
2025-12-10T17:55:00Z,156.285,156.325,156.284,156.3182108679512,701.0,156.301,156.314
2025-12-10T18:00:00Z,156.309,156.345,156.298,156.31964941889103,566.0,156.322,156.336
2025-12-10T18:05:00Z,156.327,156.344,156.326,156.32156282970556,401.0,156.327,156.341
2025-12-10T18:10:00Z,156.335,156.353,156.323,156.32495445241148,445.0,156.339,156.355
2025-12-10T18:15:00Z,156.348,156.387,156.348,156.33256052542328,309.0,156.376,156.388
2025-12-10T18:20:00Z,156.381,156.403,156.378,156.34021912203352,590.0,156.382,156.398
2025-12-10T18:25:00Z,156.39,156.394,156.346,156.34125657242905,549.0,156.34,156.355
2025-12-10T18:30:00Z,156.348,156.402,156.342,156.34935569610516,399.0,156.394,156.411
2025-12-10T18:35:00Z,156.404,156.464,156.386,156.36424160329116,658.0,156.454,156.468
2025-12-10T18:40:00Z,156.46,156.478,156.425,156.375409389519,854.0,156.441,156.455
2025-12-10T18:45:00Z,156.449,156.459,156.403,156.3805548042498,649.0,156.406,156.422
2025-12-10T18:50:00Z,156.416,156.436,156.394,156.38634749701652,699.0,156.416,156.432
2025-12-10T18:55:00Z,156.422,156.444,156.408,156.39136783074764,701.0,156.403,156.444
2025-12-10T19:00:00Z,156.424,156.485,156.104,156.3762521199813,4298.0,156.27,156.287
2025-12-10T19:05:00Z,156.279,156.352,156.204,156.35888517065047,3511.0,156.237,156.256
2025-12-10T19:10:00Z,156.246,156.367,156.174,156.35663381456374,2290.0,156.334,156.35
2025-12-10T19:15:00Z,156.34,156.348,156.268,156.34828263928858,2105.0,156.286,156.303
2025-12-10T19:20:00Z,156.295,156.446,156.278,156.36064495405012,1538.0,156.433,156.449
2025-12-10T19:25:00Z,156.441,156.492,156.382,156.37255896017678,1764.0,156.442,156.458
2025-12-10T19:30:00Z,156.448,156.537,156.246,156.36181776548653,3244.0,156.283,156.3
2025-12-10T19:35:00Z,156.293,156.559,156.154,156.36424206342167,6797.0,156.37,156.389
2025-12-10T19:40:00Z,156.378,156.684,156.343,156.40180978829878,6326.0,156.638,156.653
2025-12-10T19:45:00Z,156.645,156.665,156.536,156.4289018165256,3782.0,156.595,156.615
2025-12-10T19:50:00Z,156.605,156.659,156.342,156.4239815743222,3534.0,156.383,156.402
2025-12-10T19:55:00Z,156.394,156.4,156.205,156.40251736441257,3661.0,156.254,156.272
2025-12-10T20:00:00Z,156.262,156.312,156.108,156.36498171582423,2564.0,156.113,156.129
2025-12-10T20:05:00Z,156.122,156.128,155.873,156.29951748704767,2849.0,155.865,155.882
2025-12-10T20:10:00Z,155.874,155.996,155.795,156.23451515544133,2561.0,155.804,155.821
2025-12-10T20:15:00Z,155.814,155.89,155.799,156.18857980138247,2362.0,155.88,155.899
2025-12-10T20:20:00Z,155.89,155.985,155.871,156.15836916119815,2632.0,155.954,155.971
2025-12-10T20:25:00Z,155.965,156.018,155.884,156.1252532730384,1894.0,155.902,155.917
2025-12-10T20:30:00Z,155.91,156.004,155.856,156.10895283663328,1549.0,155.995,156.011
2025-12-10T20:35:00Z,156.001,156.035,155.897,156.08562579174884,1210.0,155.925,155.944
2025-12-10T20:40:00Z,155.936,156.0,155.918,156.06780901951566,949.0,155.943,155.96
2025-12-10T20:45:00Z,155.952,155.953,155.892,156.04756781691358,1083.0,155.908,155.925
2025-12-10T20:50:00Z,155.914,155.962,155.892,156.03029210799178,1104.0,155.911,155.926
2025-12-10T20:55:00Z,155.917,155.944,155.896,156.0175864935929,1061.0,155.926,155.944
2025-12-10T21:00:00Z,155.933,155.982,155.93,156.01110829444718,724.0,155.961,155.977
2025-12-10T21:05:00Z,155.97,155.99,155.932,156.00536052185421,649.0,155.958,155.977
2025-12-10T21:10:00Z,155.969,155.988,155.945,156.00211245227365,324.0,155.972,155.99
2025-12-10T21:15:00Z,155.98,156.018,155.968,155.9978307919705,408.0,155.961,155.979
2025-12-10T21:20:00Z,155.97,156.028,155.969,155.99918668637443,531.0,156.001,156.016
2025-12-10T21:25:00Z,156.01,156.032,155.979,156.00356179485783,527.0,156.023,156.04
2025-12-10T21:30:00Z,156.032,156.094,156.032,156.00842022221013,419.0,156.03,156.05
2025-12-10T21:35:00Z,156.04,156.088,156.04,156.01796419258213,410.0,156.073,156.087
2025-12-10T21:40:00Z,156.081,156.09,156.042,156.02490230023784,225.0,156.061,156.08
2025-12-10T21:45:00Z,156.072,156.102,156.063,156.0317153268728,373.0,156.067,156.085
2025-12-10T21:50:00Z,156.076,156.079,156.05,156.0378866166231,554.0,156.067,156.088
2025-12-10T21:55:00Z,156.078,156.083,156.023,156.03590173440668,621.0,155.996,156.05
2025-12-10T22:00:00Z,155.959,155.959,155.959,156.02564816981914,1.0,155.909,156.009
2025-12-10T22:05:00Z,155.954,155.963,155.94,156.01422841384326,5.0,155.89,155.99
2025-12-10T22:10:00Z,155.944,155.987,155.944,156.0087312919975,43.0,155.923,156.023
2025-12-10T22:15:00Z,155.969,156.01,155.959,156.0061004530645,105.0,155.954,156.024
2025-12-10T22:20:00Z,155.99,155.997,155.954,155.99982039265592,38.0,155.909,156.009
2025-12-10T22:25:00Z,155.953,155.966,155.948,155.9950443403018,13.0,155.942,155.985
2025-12-10T22:30:00Z,155.966,155.97,155.958,155.99170509492822,51.0,155.951,155.988
2025-12-10T22:35:00Z,155.969,155.972,155.966,155.98894441560446,51.0,155.95,155.992
2025-12-10T22:40:00Z,155.97,155.981,155.97,155.98721849352387,45.0,155.958,155.994
2025-12-10T22:45:00Z,155.974,155.98,155.97,155.985989361054,48.0,155.96,155.997
2025-12-10T22:50:00Z,155.981,156.016,155.978,155.98892411291348,1899.0,155.987,156.029
2025-12-10T22:55:00Z,156.001,156.038,155.988,155.99400089785834,1450.0,156.007,156.047
2025-12-10T23:00:00Z,156.026,156.032,155.992,155.99506744481056,296.0,155.993,156.011
2025-12-10T23:05:00Z,156.002,156.002,155.939,155.99065845216916,176.0,155.951,155.972
2025-12-10T23:10:00Z,155.962,155.964,155.922,155.98177065854662,237.0,155.915,155.934
2025-12-10T23:15:00Z,155.924,155.924,155.884,155.96873457074042,222.0,155.875,155.894
2025-12-10T23:20:00Z,155.885,155.888,155.773,155.94263662797505,305.0,155.764,155.782
2025-12-10T23:25:00Z,155.776,155.816,155.758,155.92548507757837,457.0,155.806,155.822
2025-12-10T23:30:00Z,155.814,155.821,155.785,155.90715373390125,236.0,155.778,155.797
2025-12-10T23:35:00Z,155.79,155.806,155.668,155.8760665693811,747.0,155.665,155.683
2025-12-10T23:40:00Z,155.674,155.691,155.632,155.8448576934636,337.0,155.634,155.651
2025-12-10T23:45:00Z,155.644,155.766,155.639,155.82927666766847,422.0,155.72,155.737
2025-12-10T23:50:00Z,155.728,155.743,155.663,155.81737311197935,526.0,155.732,155.749
2025-12-10T23:55:00Z,155.742,155.806,155.742,155.80865669704878,571.0,155.743,155.761
2025-12-11T00:00:00Z,155.752,155.778,155.618,155.78483580410895,1460.0,155.621,155.638
2025-12-11T00:05:00Z,155.629,155.629,155.57,155.76299103022777,1173.0,155.612,155.63
2025-12-11T00:10:00Z,155.622,155.657,155.584,155.74872555953073,921.0,155.646,155.665
2025-12-11T00:15:00Z,155.656,155.658,155.58,155.72649548492663,1052.0,155.573,155.59
2025-12-11T00:20:00Z,155.581,155.631,155.58,155.71069608693642,774.0,155.598,155.617
2025-12-11T00:25:00Z,155.61,155.682,155.608,155.70686994201156,548.0,155.673,155.69
2025-12-11T00:30:00Z,155.681,155.682,155.627,155.69942061641004,1139.0,155.642,155.66
2025-12-11T00:35:00Z,155.652,155.687,155.632,155.69443120088872,811.0,155.653,155.671
2025-12-11T00:40:00Z,155.662,155.742,155.646,155.69704037410355,573.0,155.706,155.723
2025-12-11T00:45:00Z,155.716,155.81,155.714,155.70663499088974,981.0,155.761,155.777
2025-12-11T00:50:00Z,155.768,155.82,155.736,155.7186836587711,1255.0,155.787,155.807
2025-12-11T00:55:00Z,155.795,155.888,155.786,155.73032583760164,1563.0,155.798,155.815
2025-12-11T01:00:00Z,155.805,155.825,155.682,155.7254823925881,1298.0,155.687,155.702
2025-12-11T01:05:00Z,155.694,155.73,155.676,155.7215514069097,1415.0,155.688,155.704
2025-12-11T01:10:00Z,155.696,155.732,155.668,155.72081121932175,1074.0,155.707,155.724
2025-12-11T01:15:00Z,155.716,155.726,155.679,155.71670305674553,844.0,155.684,155.697
2025-12-11T01:20:00Z,155.691,155.702,155.64,155.70834264917946,689.0,155.645,155.662
2025-12-11T01:25:00Z,155.653,155.676,155.626,155.69776362928886,560.0,155.621,155.637
2025-12-11T01:30:00Z,155.628,155.678,155.57,155.6913951453837,1060.0,155.641,155.66
2025-12-11T01:35:00Z,155.65,155.698,155.626,155.69187579266588,666.0,155.688,155.702
2025-12-11T01:40:00Z,155.696,155.696,155.656,155.69229235364378,740.0,155.688,155.702
2025-12-11T01:45:00Z,155.694,155.745,155.668,155.69758670649128,790.0,155.725,155.74
2025-12-11T01:50:00Z,155.733,155.733,155.654,155.69764181229246,895.0,155.689,155.706
2025-12-11T01:55:00Z,155.695,155.741,155.691,155.70048957065347,721.0,155.711,155.727
2025-12-11T02:00:00Z,155.718,155.724,155.578,155.68629096123303,950.0,155.586,155.603
2025-12-11T02:05:00Z,155.595,155.632,155.578,155.67905216640196,727.0,155.622,155.641
2025-12-11T02:10:00Z,155.632,155.702,155.63,155.67731187754836,882.0,155.659,155.674
2025-12-11T02:15:00Z,155.667,155.674,155.591,155.6702036272086,614.0,155.616,155.631
2025-12-11T02:20:00Z,155.624,155.624,155.566,155.6637764769141,880.0,155.613,155.63
2025-12-11T02:25:00Z,155.621,155.652,155.542,155.64833961332556,1015.0,155.539,155.557
2025-12-11T02:30:00Z,155.546,155.588,155.487,155.6393609982155,1095.0,155.573,155.589
2025-12-11T02:35:00Z,155.582,155.63,155.571,155.6377128651201,1090.0,155.618,155.636
2025-12-11T02:40:00Z,155.628,155.666,155.608,155.6414844831041,776.0,155.659,155.673
2025-12-11T02:45:00Z,155.666,155.684,155.654,155.6434198853569,747.0,155.647,155.664
2025-12-11T02:50:00Z,155.651,155.718,155.627,155.65243056730932,823.0,155.703,155.719
2025-12-11T02:55:00Z,155.71,155.778,155.71,155.66890649166808,981.0,155.767,155.784
2025-12-11T03:00:00Z,155.776,155.778,155.713,155.67678562611235,906.0,155.72,155.737
2025-12-11T03:05:00Z,155.728,155.741,155.69,155.68068087596404,960.0,155.7,155.713
2025-12-11T03:10:00Z,155.706,155.714,155.649,155.67765675916883,1243.0,155.65,155.666
2025-12-11T03:15:00Z,155.664,155.71,155.636,155.6810358579463,1014.0,155.695,155.711
2025-12-11T03:20:00Z,155.704,155.758,155.698,155.69023107688682,496.0,155.741,155.758
2025-12-11T03:25:00Z,155.751,155.769,155.733,155.70020026663525,606.0,155.755,155.775
2025-12-11T03:30:00Z,155.764,155.79,155.724,155.70497356441723,894.0,155.728,155.745
2025-12-11T03:35:00Z,155.735,155.754,155.652,155.69804375582828,917.0,155.644,155.662
2025-12-11T03:40:00Z,155.654,155.692,155.644,155.6937712550512,493.0,155.657,155.674
2025-12-11T03:45:00Z,155.665,155.706,155.645,155.6914017543777,771.0,155.667,155.685
2025-12-11T03:50:00Z,155.676,155.692,155.653,155.688814853794,723.0,155.663,155.68
2025-12-11T03:55:00Z,155.673,155.7,155.654,155.69003953995482,607.0,155.69,155.706
2025-12-11T04:00:00Z,155.701,155.702,155.62,155.68203426796086,924.0,155.621,155.639
2025-12-11T04:05:00Z,155.63,155.67,155.618,155.6798963655661,491.0,155.658,155.674
2025-12-11T04:10:00Z,155.665,155.741,155.664,155.68604351682396,525.0,155.72,155.733
2025-12-11T04:15:00Z,155.728,155.77,155.724,155.69710438124744,421.0,155.761,155.777
2025-12-11T04:20:00Z,155.77,155.785,155.75,155.70815713041446,550.0,155.773,155.788
2025-12-11T04:25:00Z,155.781,155.788,155.772,155.71826951302586,417.0,155.778,155.791
2025-12-11T04:30:00Z,155.782,155.784,155.744,155.72210024462242,380.0,155.738,155.756
2025-12-11T04:35:00Z,155.746,155.779,155.736,155.72928687867278,552.0,155.768,155.784
2025-12-11T04:40:00Z,155.776,155.804,155.77,155.73844862818308,300.0,155.791,155.806
2025-12-11T04:45:00Z,155.8,155.802,155.78,155.744788811092,484.0,155.778,155.793
2025-12-11T04:50:00Z,155.785,155.79,155.767,155.74868363627974,551.0,155.768,155.781
2025-12-11T04:55:00Z,155.774,155.86,155.764,155.76179248477578,1216.0,155.838,155.856
2025-12-11T05:00:00Z,155.846,155.885,155.838,155.77822015347235,773.0,155.878,155.892
2025-12-11T05:05:00Z,155.883,155.9,155.86,155.79099079967605,802.0,155.865,155.883
2025-12-11T05:10:00Z,155.874,155.925,155.874,155.8068586930526,448.0,155.902,155.918
2025-12-11T05:15:00Z,155.91,155.934,155.89,155.8219442006456,685.0,155.912,155.929
2025-12-11T05:20:00Z,155.922,155.958,155.908,155.83421830722617,614.0,155.905,155.923
2025-12-11T05:25:00Z,155.914,155.922,155.892,155.842589199596,552.0,155.889,155.905
2025-12-11T05:30:00Z,155.896,155.928,155.896,155.85291063964988,441.0,155.912,155.928
2025-12-11T05:35:00Z,155.92,155.924,155.898,155.86185588769655,415.0,155.912,155.927
2025-12-11T05:40:00Z,155.921,155.968,155.919,155.8740084360037,451.0,155.944,155.962
2025-12-11T05:45:00Z,155.954,156.008,155.954,155.88867397786987,850.0,155.974,155.993
2025-12-11T05:50:00Z,155.984,156.054,155.978,155.90858411415388,782.0,156.029,156.046
2025-12-11T05:55:00Z,156.037,156.073,156.037,155.92957289893337,800.0,156.057,156.076
2025-12-11T06:00:00Z,156.067,156.114,156.036,155.94736317907558,1046.0,156.054,156.072
2025-12-11T06:05:00Z,156.064,156.067,156.03,155.9615814218655,718.0,156.046,156.062
2025-12-11T06:10:00Z,156.054,156.08,156.05,155.97483723228345,566.0,156.054,156.068
2025-12-11T06:15:00Z,156.06,156.1,156.045,155.99152560131233,606.0,156.092,156.107
2025-12-11T06:20:00Z,156.099,156.138,156.099,156.01025552113737,738.0,156.126,156.138
2025-12-11T06:25:00Z,156.133,156.164,156.09,156.02168811831905,849.0,156.087,156.104
2025-12-11T06:30:00Z,156.098,156.101,156.035,156.02759636920985,590.0,156.059,156.074
2025-12-11T06:35:00Z,156.066,156.118,156.056,156.03418351998187,775.0,156.069,156.085
2025-12-11T06:40:00Z,156.076,156.094,156.041,156.03535905065095,603.0,156.034,156.052
2025-12-11T06:45:00Z,156.044,156.08,156.042,156.0379778438975,624.0,156.047,156.063
2025-12-11T06:50:00Z,156.054,156.072,155.972,156.03051413137783,1041.0,155.973,155.992
2025-12-11T06:55:00Z,155.984,156.008,155.943,156.0219122471941,956.0,155.957,155.974
2025-12-11T07:00:00Z,155.966,156.056,155.953,156.01765728090157,1374.0,155.982,155.999
2025-12-11T07:05:00Z,155.99,156.052,155.978,156.01530297678136,863.0,155.993,156.006
2025-12-11T07:10:00Z,156.0,156.021,155.933,156.00526257987718,894.0,155.933,155.948
2025-12-11T07:15:00Z,155.941,155.963,155.905,155.99869423589357,687.0,155.947,155.966
2025-12-11T07:20:00Z,155.957,155.964,155.912,155.9895350044411,816.0,155.921,155.939
2025-12-11T07:25:00Z,155.93,155.934,155.908,155.9805303371823,599.0,155.914,155.93
2025-12-11T07:30:00Z,155.922,155.96,155.912,155.972059625558,679.0,155.908,155.926
2025-12-11T07:35:00Z,155.916,155.927,155.869,155.96138500881693,814.0,155.883,155.901
2025-12-11T07:40:00Z,155.89,155.942,155.889,155.95413367430803,639.0,155.899,155.915
2025-12-11T07:45:00Z,155.906,155.959,155.906,155.95171585106695,822.0,155.928,155.943
2025-12-11T07:50:00Z,155.938,155.989,155.931,155.955620404258,893.0,155.974,155.988
2025-12-11T07:55:00Z,155.982,156.045,155.98,155.96580435035696,1267.0,156.024,156.04
2025-12-11T08:00:00Z,156.034,156.07,156.01,155.97716377030937,1207.0,156.043,156.059
2025-12-11T08:05:00Z,156.052,156.07,155.936,155.97194193426813,1359.0,155.929,155.946
2025-12-11T08:10:00Z,155.939,156.004,155.928,155.9750163430324,1097.0,155.986,156.004
2025-12-11T08:15:00Z,155.996,156.046,155.97,155.97581416396142,1468.0,155.973,155.989
2025-12-11T08:20:00Z,155.984,155.987,155.93,155.9718389420999,1259.0,155.937,155.954
2025-12-11T08:25:00Z,155.945,155.956,155.906,155.96319374981994,692.0,155.899,155.915
2025-12-11T08:30:00Z,155.908,155.909,155.834,155.94623458317727,1056.0,155.828,155.845
2025-12-11T08:35:00Z,155.837,155.858,155.795,155.9262033054203,1142.0,155.788,155.805
2025-12-11T08:40:00Z,155.796,155.849,155.784,155.9156428646976,1062.0,155.84,155.854
2025-12-11T08:45:00Z,155.848,155.865,155.812,155.9023571494046,1303.0,155.809,155.822
2025-12-11T08:50:00Z,155.815,155.838,155.801,155.891909529484,1329.0,155.815,155.832
2025-12-11T08:55:00Z,155.824,155.89,155.824,155.89112159221946,1066.0,155.877,155.895
2025-12-11T09:00:00Z,155.885,155.922,155.856,155.8901720465902,1142.0,155.875,155.892
2025-12-11T09:05:00Z,155.884,155.994,155.884,155.90214910704486,1167.0,155.973,155.988
2025-12-11T09:10:00Z,155.982,156.024,155.968,155.9119958927722,1169.0,155.967,155.985
2025-12-11T09:15:00Z,155.976,156.034,155.976,155.9245297737359,822.0,155.997,156.014
2025-12-11T09:20:00Z,156.005,156.012,155.972,155.93312580390446,945.0,155.982,155.996
2025-12-11T09:25:00Z,155.988,156.026,155.965,155.9425756967172,972.0,155.996,156.012
2025-12-11T09:30:00Z,156.005,156.005,155.922,155.94063227048824,1022.0,155.921,155.936
2025-12-11T09:35:00Z,155.928,155.945,155.85,155.9306813010898,1229.0,155.857,155.874
2025-12-11T09:40:00Z,155.866,155.911,155.86,155.92525712761116,1145.0,155.883,155.896
2025-12-11T09:45:00Z,155.888,155.892,155.853,155.918156177263,698.0,155.864,155.881
2025-12-11T09:50:00Z,155.873,155.928,155.859,155.9152020202946,807.0,155.889,155.904
2025-12-11T09:55:00Z,155.896,155.898,155.848,155.908641750922,905.0,155.858,155.875
2025-12-11T10:00:00Z,155.866,155.868,155.802,155.89668951746572,989.0,155.811,155.827
2025-12-11T10:05:00Z,155.822,155.864,155.808,155.89086424847028,969.0,155.847,155.859
2025-12-11T10:10:00Z,155.852,155.853,155.816,155.88181568200758,769.0,155.815,155.831
2025-12-11T10:15:00Z,155.824,155.898,155.822,155.88237359107325,856.0,155.877,155.895
2025-12-11T10:20:00Z,155.882,155.884,155.82,155.87712377893016,992.0,155.834,155.852
2025-12-11T10:25:00Z,155.842,155.888,155.842,155.87457394173947,850.0,155.85,155.866
2025-12-11T10:30:00Z,155.858,155.878,155.828,155.87076408284088,843.0,155.838,155.853
2025-12-11T10:35:00Z,155.846,155.864,155.826,155.8695955384621,797.0,155.854,155.869
2025-12-11T10:40:00Z,155.86,155.93,155.854,155.87764946666715,774.0,155.923,155.938
2025-12-11T10:45:00Z,155.93,155.951,155.915,155.8854295377782,744.0,155.928,155.944
2025-12-11T10:50:00Z,155.934,155.935,155.883,155.88523893274112,872.0,155.877,155.892
2025-12-11T10:55:00Z,155.884,155.898,155.856,155.88294040837565,1051.0,155.859,155.876
2025-12-11T11:00:00Z,155.868,155.884,155.829,155.87774835392557,1086.0,155.836,155.851
2025-12-11T11:05:00Z,155.844,155.856,155.812,155.87191524006883,728.0,155.828,155.84
2025-12-11T11:10:00Z,155.833,155.839,155.785,155.86072654139298,968.0,155.781,155.795
2025-12-11T11:15:00Z,155.788,155.802,155.764,155.85262966920726,1039.0,155.794,155.807
2025-12-11T11:20:00Z,155.801,155.813,155.78,155.8442790466463,863.0,155.782,155.798
2025-12-11T11:25:00Z,155.79,155.802,155.758,155.83410850709348,940.0,155.76,155.777
2025-12-11T11:30:00Z,155.767,155.79,155.76,155.82809403948102,822.0,155.78,155.798
2025-12-11T11:35:00Z,155.79,155.836,155.774,155.82768150088356,655.0,155.817,155.833
2025-12-11T11:40:00Z,155.824,155.831,155.766,155.81945730076575,725.0,155.758,155.773
2025-12-11T11:45:00Z,155.766,155.802,155.764,155.81619632733032,622.0,155.786,155.804
2025-12-11T11:50:00Z,155.796,155.827,155.788,155.81483681701962,688.0,155.798,155.815
2025-12-11T11:55:00Z,155.806,155.815,155.762,155.80805857475033,827.0,155.756,155.773
2025-12-11T12:00:00Z,155.763,155.819,155.761,155.80818409811695,777.0,155.8,155.818
2025-12-11T12:05:00Z,155.808,155.809,155.7,155.7974928850347,818.0,155.719,155.736
2025-12-11T12:10:00Z,155.728,155.728,155.662,155.77996050036342,958.0,155.658,155.673
2025-12-11T12:15:00Z,155.665,155.665,155.612,155.76156576698162,1031.0,155.634,155.65
2025-12-11T12:20:00Z,155.644,155.666,155.61,155.74749033138409,989.0,155.648,155.665
2025-12-11T12:25:00Z,155.656,155.687,155.63,155.73475828719955,895.0,155.646,155.659
2025-12-11T12:30:00Z,155.652,155.659,155.628,155.7246571822396,736.0,155.652,155.666
2025-12-11T12:35:00Z,155.658,155.692,155.654,155.718969557941,514.0,155.675,155.689
2025-12-11T12:40:00Z,155.681,155.683,155.526,155.69430695021552,849.0,155.528,155.54
2025-12-11T12:45:00Z,155.534,155.568,155.52,155.67186602352012,1532.0,155.518,155.534
2025-12-11T12:50:00Z,155.526,155.577,155.526,155.65748388705077,997.0,155.555,155.572
2025-12-11T12:55:00Z,155.564,155.632,155.548,155.64821936877735,1334.0,155.579,155.597
2025-12-11T13:00:00Z,155.588,155.626,155.531,155.63459011960703,1756.0,155.538,155.554
2025-12-11T13:05:00Z,155.546,155.584,155.506,155.6278447703261,1495.0,155.577,155.592
2025-12-11T13:10:00Z,155.584,155.584,155.53,155.61773213428262,1344.0,155.543,155.56
2025-12-11T13:15:00Z,155.55,155.58,155.502,155.60416784971162,1046.0,155.507,155.524
2025-12-11T13:20:00Z,155.515,155.566,155.502,155.5934788030834,1286.0,155.516,155.532
2025-12-11T13:25:00Z,155.524,155.544,155.476,155.57861496267228,1427.0,155.475,155.488
2025-12-11T13:30:00Z,155.482,155.528,155.375,155.57146630098265,2555.0,155.516,155.534
2025-12-11T13:35:00Z,155.524,155.55,155.35,155.54353746085164,2597.0,155.355,155.37
2025-12-11T13:40:00Z,155.364,155.394,155.31,155.51866579940477,2410.0,155.348,155.366
2025-12-11T13:45:00Z,155.356,155.374,155.307,155.4921770261508,1973.0,155.312,155.328
2025-12-11T13:50:00Z,155.32,155.32,155.232,155.45882008933071,1485.0,155.235,155.249
2025-12-11T13:55:00Z,155.242,155.304,155.23,155.4357774107533,1260.0,155.279,155.294
2025-12-11T14:00:00Z,155.287,155.298,155.178,155.40620708931954,1499.0,155.207,155.221
2025-12-11T14:05:00Z,155.214,155.224,155.135,155.3723128107436,1635.0,155.144,155.159
2025-12-11T14:10:00Z,155.15,155.168,155.124,155.3444044359778,1390.0,155.155,155.171
2025-12-11T14:15:00Z,155.161,155.17,155.128,155.31741717784743,1199.0,155.134,155.15
2025-12-11T14:20:00Z,155.14,155.15,155.1,155.29056155413446,1196.0,155.108,155.123
2025-12-11T14:25:00Z,155.116,155.138,155.062,155.26035334691653,1113.0,155.057,155.071
2025-12-11T14:30:00Z,155.064,155.096,155.047,155.23603956732768,1641.0,155.071,155.085
2025-12-11T14:35:00Z,155.078,155.079,155.016,155.20963429168398,1540.0,155.03,155.045
2025-12-11T14:40:00Z,155.037,155.106,155.016,155.19448305279278,1262.0,155.087,155.104
2025-12-11T14:45:00Z,155.095,155.142,155.052,155.17655197908707,1313.0,155.053,155.068
2025-12-11T14:50:00Z,155.06,155.114,155.039,155.1622117152088,1420.0,155.062,155.076
2025-12-11T14:55:00Z,155.068,155.072,154.945,155.1381834865143,2056.0,154.974,154.991
2025-12-11T15:00:00Z,154.982,155.13,154.981,155.13655902164572,1691.0,155.118,155.133
2025-12-11T15:05:00Z,155.125,155.125,155.016,155.12341781875963,1545.0,155.03,155.046
2025-12-11T15:10:00Z,155.038,155.1,155.018,155.11842877625836,1526.0,155.079,155.093
2025-12-11T15:15:00Z,155.085,155.174,155.076,155.12157160609058,1525.0,155.134,155.151
2025-12-11T15:20:00Z,155.14,155.14,155.066,155.11909539194517,1095.0,155.095,155.111
2025-12-11T15:25:00Z,155.102,155.142,155.085,155.1149493396858,1251.0,155.08,155.095
2025-12-11T15:30:00Z,155.087,155.1,155.055,155.11002276106103,1352.0,155.069,155.086
2025-12-11T15:35:00Z,155.078,155.137,155.077,155.11055305958624,1569.0,155.106,155.123
2025-12-11T15:40:00Z,155.114,155.116,155.053,155.10301265164142,1414.0,155.046,155.063
2025-12-11T15:45:00Z,155.056,155.059,154.982,155.09007763142256,1566.0,154.996,155.015
2025-12-11T15:50:00Z,155.004,155.05,154.955,155.08393394723288,2082.0,155.036,155.051
2025-12-11T15:55:00Z,155.042,155.179,155.04,155.09540942093517,2211.0,155.162,155.179
2025-12-11T16:00:00Z,155.17,155.174,155.111,155.10028816481048,1482.0,155.123,155.14
2025-12-11T16:05:00Z,155.132,155.212,155.125,155.11184974283574,1041.0,155.179,155.195
2025-12-11T16:10:00Z,155.186,155.204,155.122,155.114536443791,1373.0,155.124,155.139
2025-12-11T16:15:00Z,155.132,155.187,155.116,155.12233158461888,1132.0,155.164,155.182
2025-12-11T16:20:00Z,155.172,155.222,155.157,155.13428737333635,1373.0,155.204,155.219
2025-12-11T16:25:00Z,155.211,155.29,155.21,155.15078239022483,1404.0,155.25,155.266
2025-12-11T16:30:00Z,155.258,155.273,155.226,155.16321140486153,1375.0,155.237,155.251
2025-12-11T16:35:00Z,155.246,155.289,155.198,155.17931655088,1235.0,155.275,155.292
2025-12-11T16:40:00Z,155.288,155.291,155.26,155.193274344096,980.0,155.275,155.292
2025-12-11T16:45:00Z,155.282,155.284,155.18,155.19590443154988,1104.0,155.205,155.221
2025-12-11T16:50:00Z,155.214,155.214,155.156,155.19085050734324,1316.0,155.151,155.165
2025-12-11T16:55:00Z,155.159,155.192,155.142,155.18593710636415,1363.0,155.147,155.16
2025-12-11T17:00:00Z,155.154,155.174,155.107,155.17781215884892,1279.0,155.117,155.133
2025-12-11T17:05:00Z,155.127,155.164,155.108,155.17063720433575,1066.0,155.116,155.133
2025-12-11T17:10:00Z,155.127,155.136,155.082,155.16135224375765,1119.0,155.093,155.109
2025-12-11T17:15:00Z,155.102,155.124,155.073,155.1561052779233,796.0,155.113,155.13
2025-12-11T17:20:00Z,155.122,155.194,155.117,155.16035790753352,1160.0,155.182,155.195
2025-12-11T17:25:00Z,155.188,155.202,155.177,155.16564351986239,1035.0,155.193,155.207
2025-12-11T17:30:00Z,155.2,155.272,155.2,155.17835771721408,1021.0,155.254,155.268
2025-12-11T17:35:00Z,155.26,155.284,155.246,155.18951002158553,867.0,155.254,155.269
2025-12-11T17:40:00Z,155.262,155.293,155.254,155.2015753520408,849.0,155.272,155.288
2025-12-11T17:45:00Z,155.281,155.294,155.257,155.20949863843538,829.0,155.255,155.267
2025-12-11T17:50:00Z,155.263,155.268,155.218,155.21623215331067,1029.0,155.252,155.269
2025-12-11T17:55:00Z,155.259,155.268,155.227,155.2196678662026,869.0,155.234,155.249
2025-12-11T18:00:00Z,155.242,155.291,155.234,155.2263788173756,956.0,155.262,155.279
2025-12-11T18:05:00Z,155.27,155.271,155.214,155.2263283083922,580.0,155.217,155.236
2025-12-11T18:10:00Z,155.228,155.269,155.221,155.2297512006066,728.0,155.244,155.261
2025-12-11T18:15:00Z,155.253,155.272,155.238,155.2351177071924,644.0,155.262,155.277
2025-12-11T18:20:00Z,155.27,155.337,155.268,155.24696867956675,919.0,155.318,155.331
2025-12-11T18:25:00Z,155.323,155.364,155.323,155.2604395222912,823.0,155.34,155.356
2025-12-11T18:30:00Z,155.349,155.39,155.342,155.27318091931903,781.0,155.347,155.366
2025-12-11T18:35:00Z,155.356,155.406,155.354,155.28982346340985,674.0,155.39,155.407
2025-12-11T18:40:00Z,155.399,155.415,155.381,155.30211366828854,738.0,155.373,155.391
2025-12-11T18:45:00Z,155.383,155.387,155.358,155.30969851251675,1084.0,155.351,155.367
2025-12-11T18:50:00Z,155.36,155.37,155.348,155.31533871084784,459.0,155.343,155.36
2025-12-11T18:55:00Z,155.353,155.366,155.336,155.32156021606812,610.0,155.355,155.369
2025-12-11T19:00:00Z,155.362,155.464,155.362,155.3376188539257,908.0,155.433,155.45
2025-12-11T19:05:00Z,155.44,155.47,155.426,155.35406967340228,689.0,155.455,155.467
2025-12-11T19:10:00Z,155.464,155.494,155.454,155.369527050282,688.0,155.464,155.476
2025-12-11T19:15:00Z,155.471,155.498,155.46,155.38545677691107,700.0,155.482,155.496
2025-12-11T19:20:00Z,155.49,155.506,155.462,155.39659587332292,854.0,155.462,155.476
2025-12-11T19:25:00Z,155.469,155.471,155.446,155.40371642354654,570.0,155.441,155.459
2025-12-11T19:30:00Z,155.45,155.488,155.448,155.414020900407,583.0,155.471,155.491
2025-12-11T19:35:00Z,155.482,155.499,155.478,155.42508478035273,710.0,155.49,155.504
2025-12-11T19:40:00Z,155.498,155.535,155.498,155.43894014297237,740.0,155.521,155.537
2025-12-11T19:45:00Z,155.53,155.534,155.492,155.4481481239094,893.0,155.5,155.516
2025-12-11T19:50:00Z,155.508,155.534,155.501,155.45932837405482,708.0,155.525,155.539
2025-12-11T19:55:00Z,155.531,155.602,155.521,155.4775512575142,1041.0,155.587,155.604
2025-12-11T20:00:00Z,155.595,155.65,155.595,155.50041108984564,965.0,155.641,155.657
2025-12-11T20:05:00Z,155.65,155.66,155.619,155.51875627786623,896.0,155.63,155.645
2025-12-11T20:10:00Z,155.637,155.674,155.627,155.53812210748407,734.0,155.656,155.673
2025-12-11T20:15:00Z,155.665,155.672,155.626,155.5501058264862,700.0,155.621,155.635
2025-12-11T20:20:00Z,155.628,155.647,155.58,155.5546250496214,898.0,155.576,155.592
2025-12-11T20:25:00Z,155.584,155.584,155.537,155.55480837633854,1286.0,155.548,155.563
2025-12-11T20:30:00Z,155.556,155.579,155.518,155.54990059282673,1431.0,155.51,155.525
2025-12-11T20:35:00Z,155.519,155.558,155.512,155.54978051378316,1040.0,155.541,155.557
2025-12-11T20:40:00Z,155.549,155.556,155.527,155.5490097786121,1007.0,155.536,155.553
2025-12-11T20:45:00Z,155.544,155.55,155.507,155.5472751414638,1343.0,155.528,155.545
2025-12-11T20:50:00Z,155.536,155.568,155.53,155.54977178926865,593.0,155.558,155.574
2025-12-11T20:55:00Z,155.566,155.596,155.564,155.55566888403283,607.0,155.586,155.602
2025-12-11T21:00:00Z,155.595,155.626,155.576,155.56157969949513,724.0,155.593,155.607
2025-12-11T21:05:00Z,155.6,155.6,155.558,155.5643024062291,314.0,155.575,155.588
2025-12-11T21:10:00Z,155.579,155.581,155.568,155.56532875206523,321.0,155.565,155.578
2025-12-11T21:15:00Z,155.573,155.608,155.573,155.56741825178986,464.0,155.575,155.587
2025-12-11T21:20:00Z,155.58,155.59,155.566,155.56749581821788,298.0,155.562,155.575
2025-12-11T21:25:00Z,155.568,155.587,155.563,155.56729637578883,388.0,155.558,155.575
2025-12-11T21:30:00Z,155.567,155.602,155.566,155.57125685901698,417.0,155.59,155.604
2025-12-11T21:35:00Z,155.598,155.603,155.576,155.57215594448138,361.0,155.569,155.586
2025-12-11T21:40:00Z,155.578,155.582,155.554,155.5698684852172,375.0,155.546,155.564
2025-12-11T21:45:00Z,155.556,155.583,155.552,155.57148602052158,420.0,155.574,155.591
2025-12-11T21:50:00Z,155.583,155.596,155.552,155.56928788445202,697.0,155.546,155.564
2025-12-11T21:55:00Z,155.554,155.579,155.553,155.56964949985843,445.0,155.563,155.582
2025-12-11T22:00:00Z,155.582,155.582,155.582,155.57129623321063,1.0,155.556,155.608
2025-12-11T22:05:00Z,155.582,155.582,155.558,155.5703234021159,245.0,155.548,155.581
2025-12-11T22:10:00Z,155.566,155.575,155.55,155.56974694850044,273.0,155.527,155.606
2025-12-11T22:15:00Z,155.567,155.577,155.538,155.56578068870039,122.0,155.52,155.56
2025-12-11T22:20:00Z,155.54,155.58,155.538,155.56687659687367,94.0,155.552,155.596
2025-12-11T22:25:00Z,155.577,155.587,155.563,155.5678263839572,116.0,155.553,155.595
2025-12-11T22:30:00Z,155.575,155.577,155.554,155.56651619942957,52.0,155.537,155.578
2025-12-11T22:35:00Z,155.558,155.563,155.548,155.56431403950563,214.0,155.526,155.574
2025-12-11T22:40:00Z,155.55,155.551,155.542,155.56187216757155,132.0,155.52,155.571
2025-12-11T22:45:00Z,155.544,155.551,155.524,155.55948921189534,238.0,155.524,155.563
2025-12-11T22:50:00Z,155.545,155.558,155.543,155.55822398364265,101.0,155.532,155.567
2025-12-11T22:55:00Z,155.552,155.556,155.536,155.55579411915696,145.0,155.523,155.556
2025-12-11T23:00:00Z,155.536,155.538,155.514,155.55102156993604,121.0,155.511,155.53
2025-12-11T23:05:00Z,155.518,155.524,155.494,155.5438186939446,154.0,155.487,155.507
2025-12-11T23:10:00Z,155.496,155.554,155.448,155.54344286808532,482.0,155.53,155.552
2025-12-11T23:15:00Z,155.54,155.57,155.539,155.54405048567395,203.0,155.541,155.555
2025-12-11T23:20:00Z,155.548,155.566,155.525,155.54404375425077,192.0,155.536,155.552
2025-12-11T23:25:00Z,155.544,155.544,155.51,155.54043792035066,243.0,155.508,155.526
2025-12-11T23:30:00Z,155.518,155.62,155.518,155.55077953097057,630.0,155.608,155.628
2025-12-11T23:35:00Z,155.618,155.621,155.59,155.55920892684117,1035.0,155.606,155.623
2025-12-11T23:40:00Z,155.612,155.616,155.582,155.56371440326234,397.0,155.584,155.602
2025-12-11T23:45:00Z,155.592,155.594,155.546,155.5626858161607,422.0,155.547,155.565
2025-12-11T23:50:00Z,155.556,155.568,155.541,155.5620610406726,247.0,155.548,155.568
2025-12-11T23:55:00Z,155.556,155.582,155.502,155.5545862352496,379.0,155.497,155.514
2025-12-12T00:00:00Z,155.507,155.582,155.46,155.55210807054965,1837.0,155.529,155.544
2025-12-12T00:05:00Z,155.537,155.587,155.507,155.55622699447636,1321.0,155.574,155.592
2025-12-12T00:10:00Z,155.582,155.599,155.542,155.55526339521285,712.0,155.54,155.558
2025-12-12T00:15:00Z,155.548,155.647,155.533,155.56602827585112,1035.0,155.628,155.643
2025-12-12T00:20:00Z,155.636,155.68,155.63,155.57802450573766,1096.0,155.646,155.666
2025-12-12T00:25:00Z,155.656,155.679,155.626,155.58962123830597,944.0,155.655,155.675
2025-12-12T00:30:00Z,155.666,155.73,155.64,155.60327173986516,1344.0,155.683,155.7
2025-12-12T00:35:00Z,155.692,155.695,155.656,155.61150217454983,1315.0,155.656,155.674
2025-12-12T00:40:00Z,155.664,155.692,155.654,155.62116855127653,893.0,155.674,155.694
2025-12-12T00:45:00Z,155.684,155.688,155.636,155.623146077773,907.0,155.627,155.646
2025-12-12T00:50:00Z,155.632,155.684,155.602,155.62805993406994,1344.0,155.651,155.668
2025-12-12T00:55:00Z,155.658,155.726,155.65,155.63698527619394,1379.0,155.688,155.702
2025-12-12T01:00:00Z,155.695,155.771,155.658,155.65125390603475,1313.0,155.736,155.753
2025-12-12T01:05:00Z,155.742,155.756,155.681,155.65855338523014,818.0,155.697,155.716
2025-12-12T01:10:00Z,155.705,155.707,155.632,155.6576796005328,997.0,155.645,155.658
2025-12-12T01:15:00Z,155.652,155.664,155.622,155.65318898712843,797.0,155.615,155.633
2025-12-12T01:20:00Z,155.624,155.628,155.585,155.64729712217797,734.0,155.6,155.618
2025-12-12T01:25:00Z,155.608,155.624,155.581,155.63965750588758,619.0,155.583,155.598
2025-12-12T01:30:00Z,155.59,155.59,155.548,155.63143650510258,868.0,155.57,155.587
2025-12-12T01:35:00Z,155.578,155.622,155.552,155.62857830442223,1012.0,155.602,155.618
2025-12-12T01:40:00Z,155.611,155.617,155.572,155.62370119716596,817.0,155.583,155.6
2025-12-12T01:45:00Z,155.591,155.673,155.582,155.62747437087717,778.0,155.645,155.659
2025-12-12T01:50:00Z,155.65,155.708,155.641,155.63807778809354,685.0,155.699,155.715
2025-12-12T01:55:00Z,155.708,155.71,155.654,155.64206741634774,889.0,155.66,155.675
2025-12-12T02:00:00Z,155.668,155.708,155.654,155.65032509416804,716.0,155.695,155.714
2025-12-12T02:05:00Z,155.704,155.704,155.678,155.6548150816123,587.0,155.674,155.693
2025-12-12T02:10:00Z,155.683,155.71,155.656,155.659506404064,642.0,155.682,155.698
2025-12-12T02:15:00Z,155.69,155.73,155.68,155.66783888352214,622.0,155.715,155.73
2025-12-12T02:20:00Z,155.721,155.748,155.714,155.67399369905252,675.0,155.706,155.722
2025-12-12T02:25:00Z,155.714,155.73,155.7,155.67986120584553,609.0,155.707,155.728
2025-12-12T02:30:00Z,155.717,155.718,155.68,155.6806797117328,619.0,155.678,155.694
2025-12-12T02:35:00Z,155.686,155.698,155.665,155.67872241683511,442.0,155.658,155.674
2025-12-12T02:40:00Z,155.666,155.688,155.662,155.67875942792378,436.0,155.671,155.687
2025-12-12T02:45:00Z,155.68,155.732,155.677,155.68252483753395,634.0,155.698,155.716
2025-12-12T02:50:00Z,155.706,155.71,155.686,155.68378819252942,473.0,155.684,155.701
2025-12-12T02:55:00Z,155.692,155.698,155.672,155.6830164335255,479.0,155.668,155.687
2025-12-12T03:00:00Z,155.677,155.709,155.677,155.6863475757221,489.0,155.699,155.717
2025-12-12T03:05:00Z,155.706,155.71,155.69,155.6891012322925,422.0,155.698,155.716
2025-12-12T03:10:00Z,155.706,155.708,155.688,155.69082106798683,293.0,155.693,155.712
2025-12-12T03:15:00Z,155.701,155.712,155.688,155.6912449255886,388.0,155.687,155.701
2025-12-12T03:20:00Z,155.692,155.702,155.676,155.6893456021768,401.0,155.668,155.686
2025-12-12T03:25:00Z,155.676,155.688,155.632,155.6858328552199,734.0,155.654,155.672
2025-12-12T03:30:00Z,155.664,155.683,155.652,155.68438847452393,442.0,155.666,155.684
2025-12-12T03:35:00Z,155.676,155.702,155.674,155.6838033445874,394.0,155.671,155.688
2025-12-12T03:40:00Z,155.68,155.714,155.68,155.68756289864243,315.0,155.705,155.72
2025-12-12T03:45:00Z,155.713,155.728,155.7,155.6894878454901,336.0,155.693,155.71
2025-12-12T03:50:00Z,155.701,155.71,155.686,155.6919561327581,384.0,155.7,155.715
2025-12-12T03:55:00Z,155.709,155.726,155.709,155.69476198172367,505.0,155.705,155.721
2025-12-12T04:00:00Z,155.712,155.749,155.709,155.70172705082717,240.0,155.74,155.754
2025-12-12T04:05:00Z,155.748,155.748,155.725,155.70523011071688,498.0,155.719,155.736
2025-12-12T04:10:00Z,155.728,155.736,155.72,155.7085327626213,518.0,155.722,155.739
2025-12-12T04:15:00Z,155.731,155.766,155.73,155.71539506093848,586.0,155.751,155.769
2025-12-12T04:20:00Z,155.76,155.762,155.727,155.71867571948002,594.0,155.732,155.748
2025-12-12T04:25:00Z,155.74,155.742,155.708,155.71765229021602,565.0,155.702,155.72
2025-12-12T04:30:00Z,155.712,155.726,155.696,155.71769865152055,571.0,155.71,155.727
2025-12-12T04:35:00Z,155.719,155.72,155.688,155.71560549798448,524.0,155.694,155.711
2025-12-12T04:40:00Z,155.702,155.728,155.702,155.71659143158655,430.0,155.715,155.731
2025-12-12T04:45:00Z,155.722,155.726,155.712,155.7169125740417,426.0,155.711,155.727
2025-12-12T04:50:00Z,155.72,155.746,155.712,155.71932423083612,502.0,155.727,155.743
2025-12-12T04:55:00Z,155.732,155.756,155.732,155.72288100005798,636.0,155.738,155.754
2025-12-12T05:00:00Z,155.746,155.748,155.717,155.72529686671692,474.0,155.733,155.749
2025-12-12T05:05:00Z,155.74,155.766,155.74,155.727657284488,412.0,155.735,155.751
2025-12-12T05:10:00Z,155.744,155.754,155.733,155.72876964655626,307.0,155.728,155.743
2025-12-12T05:15:00Z,155.737,155.754,155.723,155.73186702701543,491.0,155.743,155.762
2025-12-12T05:20:00Z,155.753,155.773,155.75,155.7370847567467,289.0,155.764,155.778
2025-12-12T05:25:00Z,155.77,155.771,155.756,155.7401401225138,369.0,155.751,155.769
2025-12-12T05:30:00Z,155.76,155.76,155.718,155.73758810617863,573.0,155.712,155.73
2025-12-12T05:35:00Z,155.722,155.724,155.686,155.73164302535483,492.0,155.686,155.7
2025-12-12T05:40:00Z,155.694,155.696,155.674,155.7250239553075,307.0,155.673,155.691
2025-12-12T05:45:00Z,155.684,155.703,155.681,155.7206207612665,409.0,155.685,155.7
2025-12-12T05:50:00Z,155.694,155.728,155.69,155.7208046597643,411.0,155.714,155.731
2025-12-12T05:55:00Z,155.722,155.745,155.702,155.7237640384624,611.0,155.734,155.752
2025-12-12T06:00:00Z,155.744,155.763,155.722,155.72779550000075,541.0,155.747,155.762
2025-12-12T06:05:00Z,155.755,155.756,155.689,155.72435610000065,583.0,155.693,155.71
2025-12-12T06:10:00Z,155.701,155.71,155.68,155.72217528666724,557.0,155.701,155.716
2025-12-12T06:15:00Z,155.709,155.752,155.708,155.72561858177826,637.0,155.739,155.756
2025-12-12T06:20:00Z,155.748,155.794,155.747,155.73233610420783,662.0,155.767,155.784
2025-12-12T06:25:00Z,155.776,155.801,155.774,155.74109129031345,601.0,155.79,155.806
2025-12-12T06:30:00Z,155.798,155.827,155.779,155.74974578493834,764.0,155.8,155.813
2025-12-12T06:35:00Z,155.808,155.808,155.779,155.75564634694658,647.0,155.786,155.801
2025-12-12T06:40:00Z,155.794,155.8,155.724,155.75582683402038,628.0,155.749,155.765
2025-12-12T06:45:00Z,155.758,155.784,155.754,155.75691658948435,674.0,155.755,155.772
2025-12-12T06:50:00Z,155.763,155.765,155.686,155.7495943775531,806.0,155.695,155.71
2025-12-12T06:55:00Z,155.703,155.72,155.651,155.7367151272127,734.0,155.644,155.662
2025-12-12T07:00:00Z,155.654,155.7,155.645,155.72701977691767,862.0,155.656,155.671
2025-12-12T07:05:00Z,155.665,155.665,155.62,155.7162171399953,687.0,155.64,155.652
2025-12-12T07:10:00Z,155.648,155.655,155.624,155.7060548546626,624.0,155.633,155.647
2025-12-12T07:15:00Z,155.64,155.657,155.568,155.69791420737425,1051.0,155.637,155.653
2025-12-12T07:20:00Z,155.646,155.72,155.632,155.6989923130577,1042.0,155.697,155.714
2025-12-12T07:25:00Z,155.705,155.729,155.656,155.69459333798332,529.0,155.658,155.675
2025-12-12T07:30:00Z,155.669,155.674,155.596,155.6819808929189,820.0,155.593,155.608
2025-12-12T07:35:00Z,155.6,155.606,155.555,155.6699834405297,793.0,155.583,155.6
2025-12-12T07:40:00Z,155.592,155.624,155.562,155.65691898179242,693.0,155.565,155.58
2025-12-12T07:45:00Z,155.572,155.597,155.542,155.64546311755342,864.0,155.564,155.578
2025-12-12T07:50:00Z,155.572,155.582,155.562,155.63566803521297,476.0,155.563,155.58
2025-12-12T07:55:00Z,155.572,155.658,155.568,155.63771229718458,720.0,155.642,155.66
2025-12-12T08:00:00Z,155.652,155.706,155.639,155.64441732422662,1274.0,155.682,155.695
2025-12-12T08:05:00Z,155.688,155.709,155.678,155.65022834766307,898.0,155.681,155.695
2025-12-12T08:10:00Z,155.688,155.792,155.62,155.66753123464133,1349.0,155.771,155.788
2025-12-12T08:15:00Z,155.78,155.786,155.702,155.67772707002248,1378.0,155.737,155.752
2025-12-12T08:20:00Z,155.744,155.779,155.718,155.68763012735283,1113.0,155.744,155.759
2025-12-12T08:25:00Z,155.75,155.764,155.726,155.69301277703912,640.0,155.72,155.737
2025-12-12T08:30:00Z,155.728,155.749,155.704,155.69567774010056,818.0,155.704,155.722
2025-12-12T08:35:00Z,155.712,155.716,155.666,155.69465404142048,627.0,155.68,155.695
2025-12-12T08:40:00Z,155.688,155.688,155.657,155.69216683589775,880.0,155.668,155.683
2025-12-12T08:45:00Z,155.676,155.784,155.667,155.70387792444473,1054.0,155.772,155.789
2025-12-12T08:50:00Z,155.78,155.808,155.754,155.71389420118544,1025.0,155.771,155.787
2025-12-12T08:55:00Z,155.78,155.845,155.778,155.7304416410274,888.0,155.83,155.847
2025-12-12T09:00:00Z,155.84,155.858,155.756,155.74104942222374,1326.0,155.802,155.818
2025-12-12T09:05:00Z,155.81,155.83,155.788,155.7478428325939,845.0,155.784,155.801
2025-12-12T09:10:00Z,155.794,155.827,155.765,155.7563971215814,624.0,155.804,155.82
2025-12-12T09:15:00Z,155.812,155.859,155.81,155.76847750537056,903.0,155.839,155.855
2025-12-12T09:20:00Z,155.846,155.87,155.832,155.77974717132116,832.0,155.845,155.861
2025-12-12T09:25:00Z,155.854,155.882,155.842,155.79284754847833,867.0,155.87,155.886
2025-12-12T09:30:00Z,155.878,155.898,155.864,155.80446787534788,854.0,155.872,155.889
2025-12-12T09:35:00Z,155.878,155.894,155.856,155.81640549196817,593.0,155.886,155.902
2025-12-12T09:40:00Z,155.892,155.902,155.878,155.82595142637243,633.0,155.88,155.895
2025-12-12T09:45:00Z,155.89,155.902,155.872,155.8355579028561,762.0,155.892,155.905
2025-12-12T09:50:00Z,155.898,155.911,155.879,155.84228351580862,649.0,155.879,155.894
2025-12-12T09:55:00Z,155.888,155.9,155.857,155.84837904703414,964.0,155.879,155.897
2025-12-12T10:00:00Z,155.888,155.904,155.85,155.84912850742958,829.0,155.845,155.863
2025-12-12T10:05:00Z,155.858,155.918,155.858,155.85831137310564,579.0,155.909,155.927
2025-12-12T10:10:00Z,155.916,155.942,155.894,155.86306985669157,499.0,155.884,155.903
2025-12-12T10:15:00Z,155.893,155.921,155.884,155.8693272091327,442.0,155.901,155.918
2025-12-12T10:20:00Z,155.91,155.94,155.91,155.87848358124836,555.0,155.929,155.946
2025-12-12T10:25:00Z,155.938,155.966,155.937,155.88748577041525,474.0,155.938,155.955
2025-12-12T10:30:00Z,155.948,155.961,155.932,155.89368766769323,471.0,155.927,155.942
2025-12-12T10:35:00Z,155.935,155.946,155.91,155.89879597866747,607.0,155.923,155.94
2025-12-12T10:40:00Z,155.932,155.938,155.918,155.90348984817848,316.0,155.926,155.943
2025-12-12T10:45:00Z,155.936,155.942,155.904,155.90409120175468,353.0,155.9,155.915
2025-12-12T10:50:00Z,155.909,155.94,155.896,155.90727904152072,443.0,155.92,155.937
2025-12-12T10:55:00Z,155.928,155.936,155.91,155.90857516931797,489.0,155.908,155.926
2025-12-12T11:00:00Z,155.918,155.951,155.917,155.91209848007557,312.0,155.927,155.943
2025-12-12T11:05:00Z,155.936,155.952,155.931,155.91581868273215,165.0,155.932,155.948
2025-12-12T11:10:00Z,155.94,155.951,155.918,155.9191761917012,386.0,155.933,155.949
2025-12-12T11:15:00Z,155.943,155.95,155.922,155.9223526994744,405.0,155.936,155.95
2025-12-12T11:20:00Z,155.944,155.964,155.936,155.92750567287783,260.0,155.953,155.969
2025-12-12T11:25:00Z,155.96,155.988,155.959,155.93503824982744,563.0,155.977,155.99
2025-12-12T11:30:00Z,155.984,155.996,155.96,155.93996648318378,587.0,155.965,155.98
2025-12-12T11:35:00Z,155.973,155.975,155.954,155.9423709520926,408.0,155.951,155.964
2025-12-12T11:40:00Z,155.958,155.966,155.951,155.9447214918136,367.0,155.951,155.968
2025-12-12T11:45:00Z,155.957,155.96,155.928,155.94329195957178,400.0,155.926,155.943
2025-12-12T11:50:00Z,155.934,155.937,155.91,155.94231969829556,431.0,155.927,155.944
2025-12-12T11:55:00Z,155.939,155.946,155.911,155.9384104051895,526.0,155.905,155.921
2025-12-12T12:00:00Z,155.914,155.936,155.774,155.92875568449756,1471.0,155.858,155.875
2025-12-12T12:05:00Z,155.866,155.964,155.862,155.92985492656456,1019.0,155.929,155.945
2025-12-12T12:10:00Z,155.938,155.99,155.938,155.93654093635595,640.0,155.972,155.989
2025-12-12T12:15:00Z,155.98,155.983,155.942,155.93753547817516,486.0,155.935,155.952
2025-12-12T12:20:00Z,155.944,155.95,155.922,155.93733074775182,526.0,155.927,155.944
2025-12-12T12:25:00Z,155.936,155.958,155.936,155.93875331471824,528.0,155.939,155.956
2025-12-12T12:30:00Z,155.944,156.002,155.937,155.94531953942248,757.0,155.98,155.997
2025-12-12T12:35:00Z,155.99,156.004,155.982,155.9518102674995,404.0,155.986,156.003
2025-12-12T12:40:00Z,155.995,156.075,155.974,155.96783556516624,740.0,156.064,156.081
2025-12-12T12:45:00Z,156.07,156.13,156.058,155.98839082314407,922.0,156.113,156.13
2025-12-12T12:50:00Z,156.121,156.126,156.07,156.00407204672487,878.0,156.097,156.114
2025-12-12T12:55:00Z,156.104,156.104,156.034,156.00832910716156,1100.0,156.028,156.044
2025-12-12T13:00:00Z,156.036,156.052,155.994,156.01041855954003,1031.0,156.016,156.031
2025-12-12T13:05:00Z,156.022,156.029,155.956,156.00716275160136,691.0,155.979,155.994
2025-12-12T13:10:00Z,155.986,156.017,155.972,156.00434105138785,656.0,155.977,155.995
2025-12-12T13:15:00Z,155.986,155.99,155.927,155.99869557786948,705.0,155.953,155.97
2025-12-12T13:20:00Z,155.96,156.003,155.935,155.99806950082024,1083.0,155.986,156.002
2025-12-12T13:25:00Z,155.992,155.992,155.934,155.99166023404422,674.0,155.941,155.958
2025-12-12T13:30:00Z,155.949,155.978,155.902,155.98197220283834,1009.0,155.911,155.927
2025-12-12T13:35:00Z,155.918,155.954,155.907,155.97317590912655,785.0,155.909,155.924
2025-12-12T13:40:00Z,155.917,155.943,155.914,155.96728578790967,748.0,155.921,155.937
2025-12-12T13:45:00Z,155.929,155.963,155.924,155.96391434952173,893.0,155.934,155.951
2025-12-12T13:50:00Z,155.943,155.974,155.932,155.96365910291883,1010.0,155.953,155.97
2025-12-12T13:55:00Z,155.962,156.064,155.96,155.97463788919632,1048.0,156.04,156.053
2025-12-12T14:00:00Z,156.047,156.102,156.034,155.98441950397014,1612.0,156.039,156.057
2025-12-12T14:05:00Z,156.05,156.051,155.993,155.9880969034408,754.0,156.003,156.021
2025-12-12T14:10:00Z,156.012,156.082,155.996,155.99941731631537,884.0,156.065,156.081
2025-12-12T14:15:00Z,156.072,156.096,156.018,156.00882834080667,1060.0,156.062,156.079
2025-12-12T14:20:00Z,156.071,156.074,156.007,156.01058456203245,755.0,156.013,156.03
2025-12-12T14:25:00Z,156.022,156.023,155.976,156.0107732870948,985.0,156.003,156.022
2025-12-12T14:30:00Z,156.012,156.018,155.924,155.99960351548216,1272.0,155.92,155.934
2025-12-12T14:35:00Z,155.929,156.002,155.912,155.99538971341786,1578.0,155.961,155.976
2025-12-12T14:40:00Z,155.969,155.978,155.938,155.99093775162882,1306.0,155.954,155.971
2025-12-12T14:45:00Z,155.963,155.998,155.914,155.98094605141165,1600.0,155.907,155.925
2025-12-12T14:50:00Z,155.917,155.917,155.858,155.96495324455677,1392.0,155.853,155.869
2025-12-12T14:55:00Z,155.86,155.91,155.844,155.95735947861587,1423.0,155.901,155.914
2025-12-12T15:00:00Z,155.908,155.948,155.874,155.94717821480043,1465.0,155.874,155.888
2025-12-12T15:05:00Z,155.882,155.927,155.81,155.9298211194937,1588.0,155.811,155.823
2025-12-12T15:10:00Z,155.816,155.903,155.812,155.92237830356123,1291.0,155.867,155.881
2025-12-12T15:15:00Z,155.874,155.974,155.867,155.9259278630864,1872.0,155.941,155.957
2025-12-12T15:20:00Z,155.95,155.972,155.896,155.92567081467487,1477.0,155.915,155.932
2025-12-12T15:25:00Z,155.921,155.925,155.836,155.91478137271824,1504.0,155.838,155.851
2025-12-12T15:30:00Z,155.844,155.946,155.828,155.9160105230225,1579.0,155.916,155.933
2025-12-12T15:35:00Z,155.925,155.932,155.872,155.91440911995284,1257.0,155.895,155.913
2025-12-12T15:40:00Z,155.904,156.055,155.878,155.9331545706258,1406.0,156.047,156.063
2025-12-12T15:45:00Z,156.056,156.063,156.0,155.9442006278757,1351.0,156.007,156.025
2025-12-12T15:50:00Z,156.02,156.034,155.98,155.9535072108256,1509.0,156.007,156.021
2025-12-12T15:55:00Z,156.016,156.028,155.87,155.94437291604885,2052.0,155.878,155.892
2025-12-12T16:00:00Z,155.886,155.886,155.784,155.925123193909,2145.0,155.792,155.807
2025-12-12T16:05:00Z,155.799,155.85,155.768,155.90737343472114,1948.0,155.783,155.801
2025-12-12T16:10:00Z,155.79,155.797,155.726,155.88519031009164,1633.0,155.732,155.75
2025-12-12T16:15:00Z,155.74,155.77,155.716,155.86303160207942,934.0,155.711,155.727
2025-12-12T16:20:00Z,155.72,155.732,155.676,155.8436940551355,1445.0,155.711,155.725
2025-12-12T16:25:00Z,155.72,155.789,155.712,155.83360151445078,962.0,155.76,155.776
2025-12-12T16:30:00Z,155.768,155.785,155.731,155.823521312524,1041.0,155.749,155.767
2025-12-12T16:35:00Z,155.758,155.8,155.753,155.81825180418747,1061.0,155.775,155.793
2025-12-12T16:40:00Z,155.786,155.88,155.763,155.8262182302958,1306.0,155.87,155.885
2025-12-12T16:45:00Z,155.877,155.886,155.827,155.82885579958972,1098.0,155.84,155.853
2025-12-12T16:50:00Z,155.846,155.846,155.79,155.82580835964444,1020.0,155.797,155.814
2025-12-12T16:55:00Z,155.805,155.842,155.805,155.82436724502517,911.0,155.808,155.822
2025-12-12T17:00:00Z,155.814,155.858,155.806,155.82405161235516,763.0,155.814,155.831
2025-12-12T17:05:00Z,155.822,155.906,155.822,155.8332447307078,855.0,155.884,155.902
2025-12-12T17:10:00Z,155.891,155.904,155.884,155.84041209994678,630.0,155.88,155.894
2025-12-12T17:15:00Z,155.888,155.896,155.856,155.84395715328722,580.0,155.859,155.875
2025-12-12T17:20:00Z,155.869,155.883,155.791,155.8382295328489,688.0,155.792,155.81
2025-12-12T17:25:00Z,155.802,155.802,155.756,155.82726559513574,483.0,155.747,155.765
2025-12-12T17:30:00Z,155.756,155.816,155.755,155.8225635157843,625.0,155.784,155.799
2025-12-12T17:35:00Z,155.791,155.83,155.772,155.8235550470131,721.0,155.821,155.838
2025-12-12T17:40:00Z,155.83,155.838,155.754,155.81614770741135,756.0,155.76,155.775
2025-12-12T17:45:00Z,155.767,155.814,155.766,155.81452801308984,631.0,155.796,155.813
2025-12-12T17:50:00Z,155.804,155.828,155.79,155.81485761134454,440.0,155.809,155.825
2025-12-12T17:55:00Z,155.818,155.828,155.78,155.8104765964986,594.0,155.775,155.789
2025-12-12T18:00:00Z,155.782,155.818,155.772,155.8080130502988,655.0,155.784,155.8
2025-12-12T18:05:00Z,155.79,155.798,155.759,155.80587797692561,735.0,155.786,155.799
2025-12-12T18:10:00Z,155.793,155.816,155.77,155.80136091333554,830.0,155.764,155.779
2025-12-12T18:15:00Z,155.771,155.784,155.766,155.7986461248908,770.0,155.773,155.789
2025-12-12T18:20:00Z,155.78,155.794,155.77,155.79615997490538,643.0,155.772,155.789
2025-12-12T18:25:00Z,155.781,155.782,155.732,155.78760531158466,558.0,155.724,155.74
2025-12-12T18:30:00Z,155.732,155.735,155.719,155.77912460337336,774.0,155.715,155.732
2025-12-12T18:35:00Z,155.723,155.744,155.723,155.77324132292358,520.0,155.726,155.744
2025-12-12T18:40:00Z,155.737,155.762,155.728,155.77147581320045,830.0,155.753,155.767
2025-12-12T18:45:00Z,155.76,155.778,155.76,155.7714123714404,479.0,155.763,155.779
2025-12-12T18:50:00Z,155.772,155.773,155.761,155.77015738858168,381.0,155.754,155.771
2025-12-12T18:55:00Z,155.766,155.797,155.752,155.77200307010412,456.0,155.776,155.793
2025-12-12T19:00:00Z,155.784,155.841,155.784,155.78026932742358,835.0,155.824,155.843
2025-12-12T19:05:00Z,155.834,155.846,155.82,155.78823341710043,254.0,155.832,155.849
2025-12-12T19:10:00Z,155.84,155.851,155.828,155.79526896148704,305.0,155.833,155.849
2025-12-12T19:15:00Z,155.842,155.877,155.83,155.80603309995544,425.0,155.868,155.884
2025-12-12T19:20:00Z,155.876,155.887,155.874,155.81562868662806,649.0,155.871,155.885
2025-12-12T19:25:00Z,155.876,155.924,155.875,155.8291448617443,590.0,155.91,155.924
2025-12-12T19:30:00Z,155.918,155.932,155.883,155.8388588801784,481.0,155.894,155.91
2025-12-12T19:35:00Z,155.902,155.93,155.902,155.85047769615463,495.0,155.916,155.936
2025-12-12T19:40:00Z,155.927,155.932,155.913,155.8594806700007,451.0,155.909,155.926
2025-12-12T19:45:00Z,155.918,155.928,155.915,155.8679499140006,449.0,155.914,155.932
2025-12-12T19:50:00Z,155.921,155.939,155.914,155.87515659213386,525.0,155.913,155.931
2025-12-12T19:55:00Z,155.924,155.924,155.89,155.8787357131827,933.0,155.893,155.91
2025-12-12T20:00:00Z,155.902,155.912,155.828,155.871970951425,644.0,155.82,155.837
2025-12-12T20:05:00Z,155.827,155.841,155.79,155.861041491235,515.0,155.781,155.799
2025-12-12T20:10:00Z,155.79,155.812,155.774,155.85156929240367,321.0,155.781,155.8
2025-12-12T20:15:00Z,155.792,155.815,155.79,155.84416005341652,275.0,155.787,155.806
2025-12-12T20:20:00Z,155.794,155.82,155.794,155.84067204629432,338.0,155.809,155.826
2025-12-12T20:25:00Z,155.815,155.831,155.808,155.83791577345508,353.0,155.811,155.829
2025-12-12T20:30:00Z,155.82,155.835,155.783,155.8320603369944,584.0,155.787,155.802
2025-12-12T20:35:00Z,155.794,155.833,155.792,155.8312522920618,500.0,155.818,155.835
2025-12-12T20:40:00Z,155.828,155.854,155.826,155.83095198645356,255.0,155.82,155.838
2025-12-12T20:45:00Z,155.828,155.9,155.826,155.83562505492642,1220.0,155.857,155.875
2025-12-12T20:50:00Z,155.866,155.898,155.842,155.83674171426958,797.0,155.835,155.852
2025-12-12T20:55:00Z,155.843,155.884,155.835,155.8425094857003,655.0,155.872,155.888
2025-12-12T21:00:00Z,155.881,155.893,155.848,155.84324155427362,344.0,155.839,155.857
2025-12-12T21:05:00Z,155.848,155.848,155.812,155.84040934703714,319.0,155.815,155.828
2025-12-12T21:10:00Z,155.822,155.834,155.802,155.83755476743218,339.0,155.809,155.829
2025-12-12T21:15:00Z,155.818,155.831,155.818,155.83601413177456,188.0,155.816,155.835
2025-12-12T21:20:00Z,155.825,155.83,155.799,155.83521224753795,390.0,155.821,155.839
2025-12-12T21:25:00Z,155.83,155.841,155.824,155.8358506145329,118.0,155.831,155.85
2025-12-12T21:30:00Z,155.84,155.865,155.827,155.83813719926184,167.0,155.844,155.862
2025-12-12T21:35:00Z,155.856,155.856,155.808,155.83545223936025,222.0,155.807,155.828
2025-12-12T21:40:00Z,155.817,155.842,155.813,155.8353919407789,151.0,155.829,155.841
2025-12-12T21:45:00Z,155.834,155.854,155.798,155.8333396820084,626.0,155.808,155.831
2025-12-12T21:50:00Z,155.818,155.866,155.816,155.83582772440727,763.0,155.845,155.858
2025-12-12T21:55:00Z,155.851,155.852,155.82,155.83611736115296,1118.0,155.819,155.856
2025-12-14T22:00:00Z,155.877,155.877,155.877,155.84156837966592,1.0,155.827,155.927
2025-12-14T22:05:00Z,155.895,155.899,155.843,155.84549259571045,15.0,155.821,155.921
2025-12-14T22:10:00Z,155.876,155.925,155.863,155.85276024961573,9.0,155.88,155.919
2025-12-14T22:15:00Z,155.884,155.913,155.879,155.86079221633364,63.0,155.895,155.931
2025-12-14T22:20:00Z,155.914,155.916,155.909,155.86815325415583,33.0,155.901,155.931
2025-12-14T22:25:00Z,155.911,155.911,155.866,155.8678661536017,26.0,155.85,155.881
2025-12-14T22:30:00Z,155.865,155.877,155.836,155.86388399978816,74.0,155.806,155.869
2025-12-14T22:35:00Z,155.836,155.866,155.827,155.8604327998164,1115.0,155.808,155.869
2025-12-14T22:40:00Z,155.84,155.842,155.787,155.85104175984088,418.0,155.762,155.819
2025-12-14T22:45:00Z,155.791,155.812,155.764,155.84090285852878,83.0,155.749,155.801
2025-12-14T22:50:00Z,155.773,155.808,155.773,155.8359824773916,84.0,155.785,155.824
2025-12-14T22:55:00Z,155.804,155.815,155.786,155.8327848137394,75.0,155.798,155.826
2025-12-14T23:00:00Z,155.812,155.827,155.782,155.82841350524083,199.0,155.787,155.814
2025-12-14T23:05:00Z,155.799,155.815,155.766,155.82049170454206,330.0,155.759,155.779
2025-12-14T23:10:00Z,155.767,155.805,155.764,155.81642614393647,292.0,155.777,155.802
2025-12-14T23:15:00Z,155.789,155.812,155.775,155.8114359914116,208.0,155.768,155.79
2025-12-14T23:20:00Z,155.78,155.794,155.776,155.80884452589007,106.0,155.782,155.801
2025-12-14T23:25:00Z,155.79,155.808,155.776,155.80873192243806,181.0,155.796,155.819
2025-12-14T23:30:00Z,155.809,155.818,155.796,155.8081009994463,203.0,155.796,155.811
2025-12-14T23:35:00Z,155.804,155.818,155.8,155.80915419952015,116.0,155.808,155.823
2025-12-14T23:40:00Z,155.818,155.824,155.804,155.80846697291747,141.0,155.795,155.813
2025-12-14T23:45:00Z,155.805,155.806,155.776,155.80413804319514,195.0,155.766,155.785
2025-12-14T23:50:00Z,155.776,155.842,155.773,155.80851963743578,214.0,155.828,155.846
2025-12-14T23:55:00Z,155.838,155.898,155.824,155.8165836857777,321.0,155.86,155.878
2025-12-15T00:00:00Z,155.87,155.94,155.866,155.829572527674,782.0,155.905,155.924
2025-12-15T00:05:00Z,155.913,155.98,155.899,155.84882952398414,704.0,155.966,155.981
2025-12-15T00:10:00Z,155.973,155.98,155.945,155.86445225411958,538.0,155.957,155.974
2025-12-15T00:15:00Z,155.966,155.98,155.928,155.87492528690365,521.0,155.935,155.951
2025-12-15T00:20:00Z,155.942,155.955,155.93,155.8844019153165,289.0,155.937,155.955
2025-12-15T00:25:00Z,155.946,155.952,155.942,155.89248165994096,245.0,155.937,155.953
2025-12-15T00:30:00Z,155.944,155.952,155.938,155.89988410528215,325.0,155.941,155.955
2025-12-15T00:35:00Z,155.948,155.976,155.906,155.90416622457786,417.0,155.924,155.94
2025-12-15T00:40:00Z,155.932,155.958,155.918,155.91121072796747,361.0,155.949,155.965
2025-12-15T00:45:00Z,155.96,155.968,155.935,155.9174492975718,549.0,155.949,155.966
2025-12-15T00:50:00Z,155.957,155.986,155.907,155.9257893912289,1323.0,155.97,155.991
2025-12-15T00:55:00Z,155.98,155.984,155.874,155.9219508057317,809.0,155.891,155.903
2025-12-15T01:00:00Z,155.898,155.898,155.836,155.91262403163415,684.0,155.845,155.859
2025-12-15T01:05:00Z,155.852,155.862,155.834,155.90480749408295,635.0,155.845,155.862
2025-12-15T01:10:00Z,155.854,155.879,155.845,155.89683316153855,497.0,155.837,155.853
2025-12-15T01:15:00Z,155.846,155.878,155.846,155.89192207333343,645.0,155.852,155.868
2025-12-15T01:20:00Z,155.858,155.868,155.844,155.88659913022232,690.0,155.842,155.861
2025-12-15T01:25:00Z,155.851,155.864,155.798,155.8757192461927,811.0,155.797,155.813
2025-12-15T01:30:00Z,155.804,155.824,155.782,155.86802334670034,650.0,155.81,155.825
2025-12-15T01:35:00Z,155.82,155.82,155.788,155.85962023380696,496.0,155.796,155.814
2025-12-15T01:40:00Z,155.804,155.804,155.756,155.84727086929936,458.0,155.76,155.774
2025-12-15T01:45:00Z,155.766,155.772,155.709,155.82976808672612,517.0,155.71,155.722
2025-12-15T01:50:00Z,155.714,155.714,155.64,155.80499900849597,665.0,155.636,155.653
2025-12-15T01:55:00Z,155.644,155.644,155.605,155.77953247402985,761.0,155.605,155.622
2025-12-15T02:00:00Z,155.617,155.651,155.606,155.75852814415921,705.0,155.614,155.63
2025-12-15T02:05:00Z,155.622,155.634,155.59,155.7377910582713,687.0,155.595,155.611
2025-12-15T02:10:00Z,155.602,155.626,155.574,155.7167522505018,612.0,155.573,155.586
2025-12-15T02:15:00Z,155.579,155.592,155.55,155.69918528376823,658.0,155.577,155.593
2025-12-15T02:20:00Z,155.586,155.592,155.514,155.67609391259913,725.0,155.518,155.535
2025-12-15T02:25:00Z,155.527,155.528,155.502,155.65621472425258,787.0,155.518,155.536
2025-12-15T02:30:00Z,155.528,155.548,155.492,155.64071942768558,918.0,155.531,155.548
2025-12-15T02:35:00Z,155.54,155.568,155.432,155.61315683732752,1013.0,155.427,155.442
2025-12-15T02:40:00Z,155.435,155.458,155.386,155.58566925901718,1202.0,155.397,155.417
2025-12-15T02:45:00Z,155.406,155.42,155.36,155.55664669114822,962.0,155.36,155.375
2025-12-15T02:50:00Z,155.371,155.428,155.36,155.5373604656618,701.0,155.403,155.421
2025-12-15T02:55:00Z,155.411,155.448,155.402,155.52357907024023,746.0,155.425,155.442
2025-12-15T03:00:00Z,155.435,155.436,155.367,155.50416852754154,577.0,155.37,155.385
2025-12-15T03:05:00Z,155.377,155.388,155.305,155.47814605720268,695.0,155.302,155.316
2025-12-15T03:10:00Z,155.31,155.384,155.304,155.46519324957566,663.0,155.373,155.389
2025-12-15T03:15:00Z,155.382,155.384,155.336,155.45276748296558,766.0,155.365,155.379
2025-12-15T03:20:00Z,155.372,155.431,155.37,155.44733181857018,700.0,155.404,155.42
2025-12-15T03:25:00Z,155.41,155.418,155.378,155.4426209094275,617.0,155.405,155.419
2025-12-15T03:30:00Z,155.413,155.424,155.374,155.43667145483715,613.0,155.391,155.406
2025-12-15T03:35:00Z,155.399,155.399,155.347,155.42924859419222,579.0,155.373,155.389
2025-12-15T03:40:00Z,155.381,155.4,155.358,155.41988211496658,465.0,155.352,155.366
2025-12-15T03:45:00Z,155.36,155.414,155.36,155.41829783297104,390.0,155.399,155.417
2025-12-15T03:50:00Z,155.408,155.446,155.386,155.42119145524157,587.0,155.43,155.449
2025-12-15T03:55:00Z,155.439,155.478,155.409,155.42116592787602,815.0,155.412,155.43
2025-12-15T04:00:00Z,155.42,155.422,155.325,155.40981047082587,782.0,155.329,155.344
2025-12-15T04:05:00Z,155.337,155.378,155.324,155.40023574138243,468.0,155.33,155.347
2025-12-15T04:10:00Z,155.338,155.364,155.337,155.39193764253145,440.0,155.33,155.346
2025-12-15T04:15:00Z,155.338,155.354,155.337,155.3847459568606,287.0,155.33,155.347
2025-12-15T04:20:00Z,155.338,155.349,155.24,155.37117982927919,851.0,155.274,155.292
2025-12-15T04:25:00Z,155.284,155.284,155.26,155.35875585204195,474.0,155.27,155.285
2025-12-15T04:30:00Z,155.277,155.28,155.209,155.3418550717697,596.0,155.224,155.239
2025-12-15T04:35:00Z,155.232,155.256,155.217,155.32680772886707,621.0,155.221,155.237
2025-12-15T04:40:00Z,155.231,155.235,155.184,155.3108333650181,427.0,155.198,155.216
2025-12-15T04:45:00Z,155.204,155.222,155.184,155.29738891634904,649.0,155.202,155.217
2025-12-15T04:50:00Z,155.209,155.248,155.206,155.29027039416917,447.0,155.237,155.251
2025-12-15T04:55:00Z,155.244,155.259,155.242,155.28570100827994,522.0,155.25,155.263
2025-12-15T05:00:00Z,155.256,155.256,155.203,155.2764075405093,463.0,155.208,155.224
2025-12-15T05:05:00Z,155.217,155.248,155.194,155.2706198684414,392.0,155.226,155.24
2025-12-15T05:10:00Z,155.235,155.248,155.21,155.2642705526492,458.0,155.217,155.229
2025-12-15T05:15:00Z,155.226,155.241,155.206,155.25863447896265,435.0,155.213,155.231
2025-12-15T05:20:00Z,155.22,155.221,155.194,155.25054988176763,432.0,155.191,155.206
2025-12-15T05:25:00Z,155.197,155.209,155.154,155.23860989753194,645.0,155.154,155.168
2025-12-15T05:30:00Z,155.16,155.162,155.1,155.22332857786103,866.0,155.117,155.132
2025-12-15T05:35:00Z,155.125,155.128,155.078,155.20555143414623,975.0,155.082,155.099
2025-12-15T05:40:00Z,155.089,155.104,155.074,155.19027790959342,662.0,155.082,155.1
2025-12-15T05:45:00Z,155.092,155.092,155.076,155.17584085498098,447.0,155.075,155.089
2025-12-15T05:50:00Z,155.082,155.117,155.082,155.16572874098352,486.0,155.092,155.109
2025-12-15T05:55:00Z,155.102,155.112,155.031,155.14816490885238,674.0,155.026,155.043
2025-12-15T06:00:00Z,155.035,155.128,155.024,155.1385429210054,870.0,155.069,155.084
2025-12-15T06:05:00Z,155.078,155.117,155.04,155.1287371982047,863.0,155.058,155.072
2025-12-15T06:10:00Z,155.061,155.105,155.055,155.12477223844408,643.0,155.09,155.108
2025-12-15T06:15:00Z,155.098,155.115,155.077,155.11840260665153,538.0,155.068,155.086
2025-12-15T06:20:00Z,155.078,155.097,155.024,155.10674892576466,555.0,155.023,155.039
2025-12-15T06:25:00Z,155.032,155.055,154.988,155.09104906899606,1140.0,154.98,154.998
2025-12-15T06:30:00Z,154.988,155.052,154.978,155.08277585979658,613.0,155.021,155.037
2025-12-15T06:35:00Z,155.029,155.032,154.95,155.0754724118237,735.0,155.02,155.037
2025-12-15T06:40:00Z,155.03,155.138,155.026,155.08087609024722,894.0,155.108,155.123
2025-12-15T06:45:00Z,155.114,155.16,155.1,155.08635927821425,638.0,155.114,155.131
2025-12-15T06:50:00Z,155.12,155.135,155.068,155.08471137445235,590.0,155.067,155.081
2025-12-15T06:55:00Z,155.073,155.1,155.047,155.0859498578587,690.0,155.085,155.102
2025-12-15T07:00:00Z,155.094,155.172,155.074,155.0904898768109,1540.0,155.111,155.129
2025-12-15T07:05:00Z,155.119,155.187,155.116,155.1013578932361,935.0,155.165,155.18
2025-12-15T07:10:00Z,155.174,155.187,155.144,155.11237684080461,705.0,155.176,155.191
2025-12-15T07:15:00Z,155.183,155.214,155.145,155.117126595364,970.0,155.14,155.155
2025-12-15T07:20:00Z,155.146,155.18,155.122,155.1253763826488,846.0,155.171,155.187
2025-12-15T07:25:00Z,155.181,155.215,155.168,155.13585953162897,966.0,155.196,155.213
2025-12-15T07:30:00Z,155.205,155.23,155.182,155.14361159407844,907.0,155.187,155.202
2025-12-15T07:35:00Z,155.195,155.204,155.152,155.14699671486798,715.0,155.163,155.175
2025-12-15T07:40:00Z,155.174,155.271,155.174,155.16313048621893,558.0,155.259,155.277
2025-12-15T07:45:00Z,155.27,155.295,155.234,155.17644642138976,743.0,155.255,155.271
2025-12-15T07:50:00Z,155.262,155.288,155.238,155.18878689853778,788.0,155.261,155.277
2025-12-15T07:55:00Z,155.27,155.284,155.21,155.19868197873276,1102.0,155.255,155.271
2025-12-15T08:00:00Z,155.264,155.287,155.234,155.20365771490174,1069.0,155.228,155.244
2025-12-15T08:05:00Z,155.236,155.238,155.139,155.2063700195815,1037.0,155.215,155.232
2025-12-15T08:10:00Z,155.224,155.237,155.132,155.19765401697063,711.0,155.133,155.149
2025-12-15T08:15:00Z,155.144,155.186,155.118,155.19450014804121,936.0,155.166,155.182
2025-12-15T08:20:00Z,155.174,155.178,155.142,155.1880334616357,520.0,155.138,155.153
2025-12-15T08:25:00Z,155.146,155.218,155.146,155.18856233341762,766.0,155.185,155.199
2025-12-15T08:30:00Z,155.192,155.192,155.104,155.18235402229527,706.0,155.134,155.15
2025-12-15T08:35:00Z,155.142,155.17,155.128,155.17857348598923,596.0,155.147,155.162
2025-12-15T08:40:00Z,155.155,155.182,155.14,155.17516368785735,582.0,155.145,155.161
2025-12-15T08:45:00Z,155.15,155.188,155.146,155.1723418628097,888.0,155.147,155.16
2025-12-15T08:50:00Z,155.154,155.178,155.142,155.17149628110175,914.0,155.158,155.173
2025-12-15T08:55:00Z,155.166,155.188,155.112,155.17369677695484,1164.0,155.179,155.196
2025-12-15T09:00:00Z,155.188,155.202,155.088,155.16227054002752,848.0,155.079,155.096
2025-12-15T09:05:00Z,155.088,155.118,155.006,155.14236780135718,1205.0,155.005,155.021
2025-12-15T09:10:00Z,155.012,155.03,154.965,155.1213854278429,1152.0,154.976,154.994
2025-12-15T09:15:00Z,154.982,155.023,154.967,155.10493403746386,1178.0,154.99,155.005
2025-12-15T09:20:00Z,154.998,155.043,154.997,155.0957428324687,616.0,155.028,155.045
2025-12-15T09:25:00Z,155.037,155.051,154.996,155.08297712147288,792.0,154.994,155.006
2025-12-15T09:30:00Z,154.998,155.013,154.952,155.06884683860983,1055.0,154.97,154.984
2025-12-15T09:35:00Z,154.976,155.027,154.938,155.06246726012853,1152.0,155.012,155.03
2025-12-15T09:40:00Z,155.022,155.026,154.984,155.05227162544472,621.0,154.978,154.994
2025-12-15T09:45:00Z,154.986,155.0,154.952,155.04343540871875,873.0,154.979,154.993
2025-12-15T09:50:00Z,154.986,155.023,154.983,155.03577735422292,555.0,154.979,154.994
2025-12-15T09:55:00Z,154.985,154.998,154.964,155.0264737069932,455.0,154.958,154.974
2025-12-15T10:00:00Z,154.968,155.006,154.962,155.02161054606077,511.0,154.981,154.998
2025-12-15T10:05:00Z,154.988,155.025,154.982,155.018995806586,457.0,154.995,155.01
2025-12-15T10:10:00Z,155.006,155.079,155.006,155.02686303237454,718.0,155.069,155.087
2025-12-15T10:15:00Z,155.078,155.097,155.048,155.03021462805793,542.0,155.044,155.06
2025-12-15T10:20:00Z,155.053,155.072,155.05,155.03391934431687,526.0,155.05,155.067
2025-12-15T10:25:00Z,155.058,155.112,155.055,155.0436634317413,486.0,155.098,155.116
2025-12-15T10:30:00Z,155.108,155.154,155.106,155.05224164084245,696.0,155.102,155.114
2025-12-15T10:35:00Z,155.108,155.139,155.106,155.0607427553968,555.0,155.108,155.125
2025-12-15T10:40:00Z,155.116,155.143,155.094,155.07131038801057,496.0,155.132,155.147
2025-12-15T10:45:00Z,155.142,155.15,155.102,155.0772690029425,445.0,155.109,155.124
2025-12-15T10:50:00Z,155.116,155.132,155.091,155.07949980255017,405.0,155.087,155.101
2025-12-15T10:55:00Z,155.094,155.104,155.068,155.08009982887683,576.0,155.076,155.091
2025-12-15T11:00:00Z,155.086,155.092,155.063,155.07821985169326,399.0,155.059,155.074
2025-12-15T11:05:00Z,155.068,155.103,155.068,155.0795238714675,297.0,155.081,155.096
2025-12-15T11:10:00Z,155.089,155.089,155.049,155.07598735527185,359.0,155.047,155.059
2025-12-15T11:15:00Z,155.052,155.053,155.004,155.06878904123562,451.0,155.014,155.029
2025-12-15T11:20:00Z,155.022,155.033,155.014,155.06388383573753,389.0,155.024,155.039
2025-12-15T11:25:00Z,155.031,155.034,155.007,155.0564326576392,403.0,155.001,155.016
2025-12-15T11:30:00Z,155.007,155.026,154.964,155.0521083032873,623.0,155.015,155.032
2025-12-15T11:35:00Z,155.023,155.024,154.985,155.043293862849,502.0,154.977,154.994
2025-12-15T11:40:00Z,154.986,155.0,154.954,155.03538801446913,607.0,154.977,154.992
2025-12-15T11:45:00Z,154.984,154.999,154.972,155.0301362792066,444.0,154.988,155.005
2025-12-15T11:50:00Z,154.997,154.998,154.862,155.0095847753124,883.0,154.868,154.883
2025-12-15T11:55:00Z,154.876,154.927,154.854,154.99830680527074,943.0,154.918,154.932
2025-12-15T12:00:00Z,154.926,154.942,154.889,154.9886658979013,1211.0,154.92,154.933
2025-12-15T12:05:00Z,154.927,154.998,154.909,154.98604377818114,954.0,154.96,154.978
2025-12-15T12:10:00Z,154.968,155.014,154.966,154.989504607757,711.0,155.003,155.02
2025-12-15T12:15:00Z,155.011,155.026,154.976,154.9885039933894,801.0,154.974,154.991
2025-12-15T12:20:00Z,154.983,155.048,154.982,154.99497012760415,780.0,155.03,155.044
2025-12-15T12:25:00Z,155.038,155.038,154.998,154.99937411059025,691.0,155.02,155.035
2025-12-15T12:30:00Z,155.027,155.03,154.984,154.99732422917822,627.0,154.977,154.991
2025-12-15T12:35:00Z,154.985,155.047,154.976,155.00381433195446,701.0,155.038,155.053
2025-12-15T12:40:00Z,155.045,155.066,155.016,155.01210575436053,533.0,155.059,155.073
2025-12-15T12:45:00Z,155.065,155.066,155.028,155.0151583204458,556.0,155.028,155.042
2025-12-15T12:50:00Z,155.034,155.036,154.968,155.01607054438637,851.0,155.013,155.032
2025-12-15T12:55:00Z,155.024,155.096,155.022,155.02446113846818,990.0,155.072,155.086
2025-12-15T13:00:00Z,155.081,155.09,155.045,155.03199965333908,879.0,155.073,155.089
2025-12-15T13:05:00Z,155.082,155.138,155.076,155.04453303289387,656.0,155.119,155.134
2025-12-15T13:10:00Z,155.126,155.132,155.066,155.04832862850802,500.0,155.065,155.081
2025-12-15T13:15:00Z,155.072,155.105,155.052,155.0497514780403,550.0,155.053,155.065
2025-12-15T13:20:00Z,155.052,155.101,155.05,155.0545846143016,715.0,155.078,155.093
2025-12-15T13:25:00Z,155.084,155.086,155.053,155.05810666572805,350.0,155.071,155.091
2025-12-15T13:30:00Z,155.08,155.084,154.97,155.048092443631,796.0,154.974,154.992
2025-12-15T13:35:00Z,154.984,155.07,154.969,155.0479467844802,949.0,155.039,155.055
2025-12-15T13:40:00Z,155.048,155.092,155.043,155.05008721321616,642.0,155.056,155.072
2025-12-15T13:45:00Z,155.064,155.08,155.044,155.05247558478735,911.0,155.059,155.076
2025-12-15T13:50:00Z,155.068,155.098,155.062,155.05721217348238,1120.0,155.08,155.096
2025-12-15T13:55:00Z,155.088,155.161,155.08,155.0710505503514,921.0,155.153,155.169
2025-12-15T14:00:00Z,155.163,155.226,155.134,155.08024381030455,1590.0,155.131,155.149
2025-12-15T14:05:00Z,155.138,155.175,155.111,155.09141130226394,1063.0,155.155,155.172
2025-12-15T14:10:00Z,155.164,155.177,155.128,155.0990897952954,573.0,155.141,155.157
2025-12-15T14:15:00Z,155.148,155.181,155.139,155.10774448925602,637.0,155.157,155.17
2025-12-15T14:20:00Z,155.166,155.185,155.115,155.1092452240219,856.0,155.111,155.127
2025-12-15T14:25:00Z,155.118,155.12,155.05,155.10241252748565,1020.0,155.051,155.065
2025-12-15T14:30:00Z,155.06,155.075,154.934,155.08022419048757,1770.0,154.929,154.944
2025-12-15T14:35:00Z,154.937,155.0,154.936,155.06632763175588,1513.0,154.967,154.985
2025-12-15T14:40:00Z,154.974,154.99,154.891,155.0444172808551,1358.0,154.893,154.91
2025-12-15T14:45:00Z,154.902,154.909,154.852,155.02596164340775,1772.0,154.898,154.914
2025-12-15T14:50:00Z,154.906,154.942,154.855,155.0097000909534,1853.0,154.897,154.912
2025-12-15T14:55:00Z,154.904,154.93,154.891,154.99694007882627,1419.0,154.907,154.92
2025-12-15T15:00:00Z,154.912,154.931,154.852,154.98081473498277,1590.0,154.869,154.883
2025-12-15T15:05:00Z,154.877,154.98,154.873,154.9764394369851,1656.0,154.94,154.955
2025-12-15T15:10:00Z,154.947,154.997,154.926,154.97531417872042,1343.0,154.96,154.975
2025-12-15T15:15:00Z,154.969,155.074,154.894,154.98767228822436,1451.0,155.062,155.075
2025-12-15T15:20:00Z,155.068,155.083,154.839,154.97171598312778,2632.0,154.86,154.875
2025-12-15T15:25:00Z,154.865,155.033,154.837,154.97788718537743,1779.0,155.01,155.027
2025-12-15T15:30:00Z,155.019,155.05,154.942,154.97710222732712,1265.0,154.963,154.981
2025-12-15T15:35:00Z,154.972,155.004,154.93,154.97428859701685,1142.0,154.948,154.965
2025-12-15T15:40:00Z,154.956,154.969,154.876,154.96771678408126,1294.0,154.916,154.934
2025-12-15T15:45:00Z,154.926,154.999,154.924,154.96455454620377,1483.0,154.935,154.952
2025-12-15T15:50:00Z,154.943,155.012,154.934,154.9683472733766,1080.0,154.986,155.0
2025-12-15T15:55:00Z,154.992,155.158,154.985,154.9933676369264,2158.0,155.148,155.165
2025-12-15T16:00:00Z,155.156,155.198,155.148,155.02011861866953,2063.0,155.186,155.201
2025-12-15T16:05:00Z,155.181,155.201,155.15,155.04356946951359,1203.0,155.189,155.203
2025-12-15T16:10:00Z,155.196,155.204,155.164,155.06082687357843,1003.0,155.167,155.179
2025-12-15T16:15:00Z,155.172,155.242,155.16,155.08031662376797,1038.0,155.198,155.216
2025-12-15T16:20:00Z,155.206,155.27,155.198,155.10374107393224,1090.0,155.248,155.263
2025-12-15T16:25:00Z,155.256,155.268,155.236,155.12537559740795,860.0,155.259,155.274
2025-12-15T16:30:00Z,155.27,155.298,155.242,155.14799218442022,1017.0,155.288,155.302
2025-12-15T16:35:00Z,155.294,155.33,155.284,155.1682598931642,863.0,155.293,155.308
2025-12-15T16:40:00Z,155.301,155.315,155.282,155.18449190740895,773.0,155.283,155.297
2025-12-15T16:45:00Z,155.288,155.319,155.277,155.1974929864211,906.0,155.274,155.289
2025-12-15T16:50:00Z,155.281,155.287,155.243,155.20676058823165,767.0,155.26,155.274
2025-12-15T16:55:00Z,155.266,155.292,155.252,155.2181258431341,845.0,155.285,155.298
2025-12-15T17:00:00Z,155.291,155.313,155.268,155.22930906404954,622.0,155.295,155.309
2025-12-15T17:05:00Z,155.302,155.331,155.292,155.24206785550962,389.0,155.316,155.334
2025-12-15T17:10:00Z,155.326,155.334,155.256,155.24499214144168,577.0,155.256,155.273
2025-12-15T17:15:00Z,155.265,155.304,155.264,155.25259318924947,427.0,155.294,155.309
2025-12-15T17:20:00Z,155.301,155.301,155.276,155.2575807640162,300.0,155.282,155.299
2025-12-15T17:25:00Z,155.291,155.325,155.288,155.26643666214738,311.0,155.316,155.333
2025-12-15T17:30:00Z,155.326,155.338,155.314,155.27517844052772,619.0,155.325,155.34
2025-12-15T17:35:00Z,155.332,155.368,155.328,155.2840879817907,478.0,155.335,155.349
2025-12-15T17:40:00Z,155.342,155.362,155.332,155.29207625088526,368.0,155.336,155.352
2025-12-15T17:45:00Z,155.346,155.356,155.342,155.29873275076724,195.0,155.334,155.349
2025-12-15T17:50:00Z,155.342,155.344,155.3,155.3011683839983,556.0,155.31,155.324
2025-12-15T17:55:00Z,155.316,155.316,155.294,155.30234593279852,423.0,155.302,155.318
2025-12-15T18:00:00Z,155.309,155.319,155.303,155.3024331417587,468.0,155.296,155.31
2025-12-15T18:05:00Z,155.302,155.304,155.28,155.30237538952423,435.0,155.295,155.309
2025-12-15T18:10:00Z,155.302,155.316,155.284,155.304058670921,541.0,155.308,155.322
2025-12-15T18:15:00Z,155.316,155.326,155.312,155.30685084813152,287.0,155.317,155.333
2025-12-15T18:20:00Z,155.326,155.352,155.322,155.31260406838067,383.0,155.343,155.356
2025-12-15T18:25:00Z,155.348,155.367,155.34,155.31865685926326,482.0,155.351,155.366
2025-12-15T18:30:00Z,155.36,155.386,155.356,155.32683594469484,379.0,155.373,155.386
2025-12-15T18:35:00Z,155.38,155.388,155.372,155.3347244854022,332.0,155.378,155.395
2025-12-15T18:40:00Z,155.386,155.386,155.338,155.3355612206819,483.0,155.334,155.348
2025-12-15T18:45:00Z,155.34,155.364,155.336,155.33908639125767,279.0,155.355,155.369
2025-12-15T18:50:00Z,155.362,155.368,155.356,155.34160820575664,145.0,155.351,155.366
2025-12-15T18:55:00Z,155.358,155.361,155.338,155.34379377832244,439.0,155.349,155.366
2025-12-15T19:00:00Z,155.357,155.371,155.346,155.34502127454613,384.0,155.345,155.361
2025-12-15T19:05:00Z,155.352,155.374,155.35,155.34861843794,306.0,155.363,155.381
2025-12-15T19:10:00Z,155.372,155.393,155.368,155.35440264621465,231.0,155.383,155.4
2025-12-15T19:15:00Z,155.393,155.396,155.388,155.35941562671937,277.0,155.385,155.398
2025-12-15T19:20:00Z,155.39,155.4,155.388,155.36456020982345,231.0,155.39,155.405
2025-12-15T19:25:00Z,155.397,155.4,155.384,155.36901884851366,446.0,155.39,155.405
2025-12-15T19:30:00Z,155.397,155.397,155.366,155.36954966871184,277.0,155.367,155.379
2025-12-15T19:35:00Z,155.37,155.37,155.33,155.36507637955026,332.0,155.33,155.342
2025-12-15T19:40:00Z,155.334,155.338,155.309,155.3585328622769,326.0,155.309,155.322
2025-12-15T19:45:00Z,155.314,155.315,155.294,155.35112848063997,403.0,155.296,155.31
2025-12-15T19:50:00Z,155.302,155.302,155.248,155.3376446832213,496.0,155.243,155.258
2025-12-15T19:55:00Z,155.25,155.254,155.22,155.32515872545846,742.0,155.236,155.251
2025-12-15T20:00:00Z,155.244,155.27,155.244,155.31607089539733,419.0,155.249,155.265
2025-12-15T20:05:00Z,155.258,155.265,155.236,155.30752810934436,377.0,155.243,155.261
2025-12-15T20:10:00Z,155.252,155.254,155.236,155.2998576947651,284.0,155.241,155.259
2025-12-15T20:15:00Z,155.248,155.252,155.23,155.2905433354631,436.0,155.223,155.238
2025-12-15T20:20:00Z,155.231,155.252,155.231,155.28473755740137,312.0,155.239,155.255
2025-12-15T20:25:00Z,155.246,155.262,155.235,155.28117254974785,368.0,155.25,155.267
2025-12-15T20:30:00Z,155.259,155.261,155.246,155.2779495431148,433.0,155.249,155.265
2025-12-15T20:35:00Z,155.256,155.258,155.242,155.2731562706995,264.0,155.234,155.251
2025-12-15T20:40:00Z,155.243,155.25,155.23,155.26766876793957,341.0,155.224,155.241
2025-12-15T20:45:00Z,155.23,155.254,155.22,155.26557959888098,243.0,155.243,155.26
2025-12-15T20:50:00Z,155.251,155.262,155.248,155.2640356523635,244.0,155.247,155.262
2025-12-15T20:55:00Z,155.254,155.257,155.232,155.26256423204836,437.0,155.246,155.26
2025-12-15T21:00:00Z,155.254,155.262,155.244,155.26102233444192,408.0,155.243,155.259
2025-12-15T21:05:00Z,155.25,155.26,155.25,155.25955268984967,177.0,155.242,155.258
2025-12-15T21:10:00Z,155.249,155.25,155.225,155.25561233120305,127.0,155.224,155.236
2025-12-15T21:15:00Z,155.229,155.229,155.196,155.248464020376,167.0,155.193,155.212
2025-12-15T21:20:00Z,155.204,155.212,155.196,155.24333548432585,148.0,155.202,155.219
2025-12-15T21:25:00Z,155.211,155.215,155.193,155.23755741974907,183.0,155.191,155.208
2025-12-15T21:30:00Z,155.199,155.216,155.196,155.2340164304492,181.0,155.202,155.22
2025-12-15T21:35:00Z,155.212,155.226,155.21,155.23294757305598,83.0,155.217,155.234
2025-12-15T21:40:00Z,155.224,155.241,155.224,155.23335456331517,114.0,155.228,155.245
2025-12-15T21:45:00Z,155.237,155.238,155.23,155.23317395487317,197.0,155.223,155.242
2025-12-15T21:50:00Z,155.234,155.236,155.221,155.23328409422342,277.0,155.225,155.244
2025-12-15T21:55:00Z,155.233,155.234,155.203,155.22964621499364,296.0,155.193,155.22
2025-12-15T22:00:00Z,155.217,155.217,155.217,155.2279600529945,1.0,155.167,155.267
2025-12-15T22:05:00Z,155.222,155.25,155.195,155.2263653792619,35.0,155.166,155.266
2025-12-15T22:10:00Z,155.221,155.225,155.22,155.22551666202696,3.0,155.17,155.27
2025-12-15T22:15:00Z,155.229,155.238,155.204,155.2226477737567,41.0,155.154,155.254
2025-12-15T22:20:00Z,155.208,155.214,155.205,155.22042807058915,219.0,155.166,155.246
2025-12-15T22:25:00Z,155.208,155.246,155.208,155.22383766117727,210.0,155.228,155.263
2025-12-15T22:30:00Z,155.24,155.24,155.224,155.2249259730203,127.0,155.209,155.255
2025-12-15T22:35:00Z,155.23,155.235,155.229,155.22573584328427,84.0,155.21,155.252
2025-12-15T22:40:00Z,155.232,155.234,155.23,155.22683773084637,48.0,155.213,155.255
2025-12-15T22:45:00Z,155.234,155.236,155.218,155.22645936673354,234.0,155.207,155.241
2025-12-15T22:50:00Z,155.224,155.23,155.222,155.22666478450242,151.0,155.212,155.243
2025-12-15T22:55:00Z,155.228,155.238,155.2,155.22657614656876,1394.0,155.207,155.244
2025-12-15T23:00:00Z,155.229,155.242,155.077,155.2074326603596,750.0,155.074,155.092
2025-12-15T23:05:00Z,155.086,155.108,155.073,155.19390830564498,179.0,155.099,155.112
2025-12-15T23:10:00Z,155.102,155.126,155.094,155.18338719822566,231.0,155.106,155.124
2025-12-15T23:15:00Z,155.116,155.128,155.107,155.17573557179557,169.0,155.118,155.135
2025-12-15T23:20:00Z,155.128,155.136,155.122,155.16963749555617,121.0,155.119,155.142
2025-12-15T23:25:00Z,155.126,155.14,155.103,155.1607524961487,280.0,155.095,155.111
2025-12-15T23:30:00Z,155.104,155.104,155.051,155.14651882999553,266.0,155.044,155.063
2025-12-15T23:35:00Z,155.053,155.088,155.042,155.13698298599613,263.0,155.067,155.083
2025-12-15T23:40:00Z,155.074,155.09,155.053,155.1275185878633,170.0,155.056,155.075
2025-12-15T23:45:00Z,155.062,155.062,155.026,155.11398277614822,205.0,155.018,155.033
2025-12-15T23:50:00Z,155.024,155.024,154.981,155.10065173932847,270.0,155.004,155.025
2025-12-15T23:55:00Z,155.014,155.04,155.0,155.092031507418,278.0,155.027,155.044
2025-12-16T00:00:00Z,155.037,155.037,154.88,155.06442730642894,1352.0,154.879,154.891
2025-12-16T00:05:00Z,154.884,154.93,154.768,155.0262369989051,1455.0,154.769,154.786
2025-12-16T00:10:00Z,154.774,154.816,154.736,154.9954053990511,1277.0,154.786,154.804
2025-12-16T00:15:00Z,154.794,154.878,154.772,154.9762846791776,1466.0,154.844,154.861
2025-12-16T00:20:00Z,154.851,154.902,154.828,154.95944672195392,997.0,154.842,154.858
2025-12-16T00:25:00Z,154.852,154.944,154.852,154.95738715902672,1344.0,154.935,154.953
2025-12-16T00:30:00Z,154.946,154.986,154.922,154.95840220448983,941.0,154.959,154.971
2025-12-16T00:35:00Z,154.964,154.992,154.924,154.96288191055785,1110.0,154.983,155.0
2025-12-16T00:40:00Z,154.992,155.047,154.968,154.96996432248346,1234.0,155.008,155.023
2025-12-16T00:45:00Z,155.015,155.041,154.97,154.971302412819,1020.0,154.973,154.986
2025-12-16T00:50:00Z,154.98,155.104,154.98,154.98486209110982,2011.0,155.065,155.081
2025-12-16T00:55:00Z,155.071,155.084,155.004,154.98768047896183,1404.0,154.996,155.016
2025-12-16T01:00:00Z,155.008,155.02,154.904,154.9807897484336,1346.0,154.928,154.943
2025-12-16T01:05:00Z,154.935,155.056,154.935,154.98815111530914,1158.0,155.029,155.044
2025-12-16T01:10:00Z,155.038,155.078,155.035,154.99799763326791,887.0,155.055,155.069
2025-12-16T01:15:00Z,155.062,155.077,155.04,155.00826461549886,885.0,155.068,155.082
2025-12-16T01:20:00Z,155.074,155.076,155.036,155.0151626667657,756.0,155.052,155.068
2025-12-16T01:25:00Z,155.06,155.122,155.048,155.02887431119694,1001.0,155.111,155.126
2025-12-16T01:30:00Z,155.121,155.122,155.056,155.03249106970404,916.0,155.049,155.064
2025-12-16T01:35:00Z,155.056,155.056,154.85,155.01349226041017,1505.0,154.882,154.898
2025-12-16T01:40:00Z,154.89,154.951,154.86,155.0004932923555,1506.0,154.907,154.924
2025-12-16T01:45:00Z,154.915,154.96,154.906,154.99456085337476,1164.0,154.949,154.964
2025-12-16T01:50:00Z,154.956,155.022,154.926,154.98635273959147,1356.0,154.923,154.943
2025-12-16T01:55:00Z,154.932,154.932,154.856,154.9700390409793,1503.0,154.856,154.873
2025-12-16T02:00:00Z,154.862,154.922,154.848,154.96323383551538,1518.0,154.912,154.926
2025-12-16T02:05:00Z,154.918,154.925,154.832,154.94573599078,1220.0,154.824,154.841
2025-12-16T02:10:00Z,154.834,154.9,154.831,154.93217119200935,955.0,154.836,154.851
2025-12-16T02:15:00Z,154.842,154.897,154.838,154.9273483664081,978.0,154.888,154.904
2025-12-16T02:20:00Z,154.895,154.913,154.886,154.9245019175537,708.0,154.898,154.914
2025-12-16T02:25:00Z,154.904,154.914,154.876,154.9212349952132,958.0,154.892,154.908
2025-12-16T02:30:00Z,154.898,154.903,154.842,154.91653699585146,763.0,154.878,154.895
2025-12-16T02:35:00Z,154.887,154.888,154.816,154.90473206307126,743.0,154.82,154.836
2025-12-16T02:40:00Z,154.827,154.85,154.818,154.89450112132843,669.0,154.819,154.838
2025-12-16T02:45:00Z,154.829,154.844,154.811,154.88550097181798,674.0,154.818,154.836
2025-12-16T02:50:00Z,154.826,154.846,154.786,154.87303417557558,905.0,154.784,154.799
2025-12-16T02:55:00Z,154.792,154.798,154.765,154.86102961883216,762.0,154.776,154.79
2025-12-16T03:00:00Z,154.784,154.794,154.704,154.8427590029879,1117.0,154.716,154.732
2025-12-16T03:05:00Z,154.724,154.754,154.71,154.8278578025895,930.0,154.725,154.737
2025-12-16T03:10:00Z,154.732,154.759,154.72,154.81694342891092,778.0,154.739,154.752
2025-12-16T03:15:00Z,154.746,154.783,154.741,154.8117509717228,667.0,154.77,154.785
2025-12-16T03:20:00Z,154.777,154.838,154.772,154.81365084215977,877.0,154.818,154.834
2025-12-16T03:25:00Z,154.826,154.877,154.822,154.82196406320514,589.0,154.868,154.885
2025-12-16T03:30:00Z,154.882,154.896,154.816,154.82730218811113,788.0,154.854,154.871
2025-12-16T03:35:00Z,154.862,154.888,154.822,154.82832856302966,884.0,154.826,154.844
2025-12-16T03:40:00Z,154.834,154.883,154.833,154.8354847546257,611.0,154.874,154.89
2025-12-16T03:45:00Z,154.882,154.888,154.856,154.84168678734227,615.0,154.873,154.89
2025-12-16T03:50:00Z,154.882,154.912,154.882,154.8494618823633,565.0,154.893,154.908
2025-12-16T03:55:00Z,154.9,154.901,154.876,154.85526696471487,463.0,154.885,154.901
2025-12-16T04:00:00Z,154.892,154.892,154.854,154.85723136941957,569.0,154.86,154.879
2025-12-16T04:05:00Z,154.869,154.87,154.844,154.85880052016364,308.0,154.861,154.877
2025-12-16T04:10:00Z,154.87,154.912,154.866,154.86509378414183,517.0,154.897,154.915
2025-12-16T04:15:00Z,154.906,154.918,154.893,154.87001461292292,493.0,154.893,154.911
2025-12-16T04:20:00Z,154.902,154.904,154.857,154.8684126645332,496.0,154.851,154.866
2025-12-16T04:25:00Z,154.86,154.861,154.799,154.8606243092621,679.0,154.802,154.819
2025-12-16T04:30:00Z,154.809,154.848,154.808,154.85547440136048,423.0,154.813,154.831
2025-12-16T04:35:00Z,154.821,154.826,154.8,154.8495444811791,341.0,154.803,154.819
2025-12-16T04:40:00Z,154.812,154.814,154.784,154.84133855035523,451.0,154.779,154.796
2025-12-16T04:45:00Z,154.787,154.804,154.772,154.83556007697453,408.0,154.79,154.805
2025-12-16T04:50:00Z,154.798,154.85,154.796,154.83455206671127,527.0,154.82,154.837
2025-12-16T04:55:00Z,154.829,154.836,154.802,154.83247845781645,631.0,154.811,154.827
2025-12-16T05:00:00Z,154.818,154.819,154.766,154.82841466344092,832.0,154.794,154.81
2025-12-16T05:05:00Z,154.802,154.802,154.744,154.81849270831546,789.0,154.746,154.761
2025-12-16T05:10:00Z,154.754,154.771,154.692,154.8028270138734,835.0,154.692,154.71
2025-12-16T05:15:00Z,154.7,154.754,154.7,154.7932500786903,837.0,154.724,154.738
2025-12-16T05:20:00Z,154.73,154.736,154.684,154.78188340153162,565.0,154.699,154.716
2025-12-16T05:25:00Z,154.706,154.754,154.704,154.7772322813274,814.0,154.738,154.756
2025-12-16T05:30:00Z,154.746,154.756,154.718,154.7697346438171,852.0,154.713,154.729
2025-12-16T05:35:00Z,154.72,154.763,154.716,154.7671033579748,850.0,154.742,154.757
2025-12-16T05:40:00Z,154.748,154.756,154.727,154.76402291024485,577.0,154.735,154.752
2025-12-16T05:45:00Z,154.743,154.768,154.73,154.7638865222122,570.0,154.756,154.77
2025-12-16T05:50:00Z,154.766,154.798,154.755,154.76763498591725,669.0,154.784,154.799
2025-12-16T05:55:00Z,154.79,154.858,154.79,154.77781698779495,1367.0,154.835,154.852
2025-12-16T06:00:00Z,154.845,154.869,154.82,154.7890413894223,921.0,154.854,154.871
2025-12-16T06:05:00Z,154.863,154.876,154.83,154.79583587083266,612.0,154.832,154.848
2025-12-16T06:10:00Z,154.84,154.902,154.827,154.80985775472163,879.0,154.893,154.909
2025-12-16T06:15:00Z,154.902,154.913,154.872,154.82161005409208,851.0,154.89,154.906
2025-12-16T06:20:00Z,154.896,154.946,154.892,154.83632871354646,733.0,154.924,154.941
2025-12-16T06:25:00Z,154.932,154.936,154.893,154.84895155174027,867.0,154.923,154.939
2025-12-16T06:30:00Z,154.932,154.939,154.91,154.85895801150824,522.0,154.915,154.932
2025-12-16T06:35:00Z,154.924,154.94,154.912,154.86923027664048,655.0,154.928,154.945
2025-12-16T06:40:00Z,154.937,154.948,154.855,154.87066623975508,790.0,154.873,154.886
2025-12-16T06:45:00Z,154.878,154.89,154.862,154.87111074112107,574.0,154.866,154.882
2025-12-16T06:50:00Z,154.874,154.878,154.832,154.8664293089716,646.0,154.829,154.843
2025-12-16T06:55:00Z,154.836,154.86,154.822,154.86503873444204,582.0,154.846,154.865
2025-12-16T07:00:00Z,154.856,154.912,154.838,154.8691669031831,719.0,154.888,154.905
2025-12-16T07:05:00Z,154.897,154.96,154.894,154.8812779827587,557.0,154.952,154.968
2025-12-16T07:10:00Z,154.96,154.979,154.953,154.89204091839088,470.0,154.955,154.97
2025-12-16T07:15:00Z,154.962,154.962,154.914,154.89750212927208,504.0,154.926,154.94
2025-12-16T07:20:00Z,154.934,154.936,154.87,154.89543517870248,722.0,154.874,154.889
2025-12-16T07:25:00Z,154.883,154.948,154.882,154.9019104882088,522.0,154.936,154.953
2025-12-16T07:30:00Z,154.944,154.97,154.879,154.909789089781,832.0,154.953,154.969
2025-12-16T07:35:00Z,154.962,154.963,154.905,154.91301721114354,769.0,154.926,154.941
2025-12-16T07:40:00Z,154.933,154.945,154.844,154.90648158299106,681.0,154.856,154.872
2025-12-16T07:45:00Z,154.866,154.944,154.866,154.91015070525893,729.0,154.926,154.941
2025-12-16T07:50:00Z,154.933,154.933,154.868,154.90559727789108,733.0,154.867,154.884
2025-12-16T07:55:00Z,154.874,154.917,154.872,154.9029843075056,916.0,154.879,154.893
2025-12-16T08:00:00Z,154.884,154.937,154.866,154.90365306650486,1311.0,154.899,154.916
2025-12-16T08:05:00Z,154.907,154.942,154.89,154.90249932430422,984.0,154.887,154.903
2025-12-16T08:10:00Z,154.896,154.907,154.846,154.897899414397,708.0,154.861,154.876
2025-12-16T08:15:00Z,154.87,154.887,154.83,154.89111282581072,905.0,154.838,154.856
2025-12-16T08:20:00Z,154.845,154.872,154.798,154.8826977823693,814.0,154.82,154.837
2025-12-16T08:25:00Z,154.832,154.908,154.808,154.88340474472005,1048.0,154.88,154.897
2025-12-16T08:30:00Z,154.892,154.934,154.851,154.8821507787574,1011.0,154.867,154.881
2025-12-16T08:35:00Z,154.875,154.906,154.823,154.88533067492307,1302.0,154.9,154.913
2025-12-16T08:40:00Z,154.908,154.909,154.861,154.88248658493333,1152.0,154.857,154.871
2025-12-16T08:45:00Z,154.863,154.902,154.834,154.87815504027554,1137.0,154.843,154.857
2025-12-16T08:50:00Z,154.85,154.864,154.839,154.87386770157215,799.0,154.838,154.853
2025-12-16T08:55:00Z,154.844,154.877,154.841,154.87281867469588,1023.0,154.859,154.874
2025-12-16T09:00:00Z,154.865,154.879,154.815,154.8712428514031,1270.0,154.854,154.868
2025-12-16T09:05:00Z,154.862,154.864,154.832,154.87001047121603,865.0,154.853,154.87
2025-12-16T09:10:00Z,154.863,154.874,154.835,154.86734240838723,927.0,154.844,154.857
2025-12-16T09:15:00Z,154.85,154.899,154.85,154.8684967539356,917.0,154.868,154.883
2025-12-16T09:20:00Z,154.876,154.886,154.852,154.8678971867442,1083.0,154.856,154.872
2025-12-16T09:25:00Z,154.864,154.87,154.837,154.8679108951783,759.0,154.859,154.876
2025-12-16T09:30:00Z,154.867,154.872,154.827,154.8655227758212,947.0,154.843,154.858
2025-12-16T09:35:00Z,154.85,154.86,154.798,154.85758640571171,1028.0,154.798,154.814
2025-12-16T09:40:00Z,154.804,154.858,154.772,154.8567082182835,1386.0,154.844,154.858
2025-12-16T09:45:00Z,154.853,154.879,154.846,154.85554712251238,874.0,154.84,154.856
2025-12-16T09:50:00Z,154.85,154.884,154.844,154.8564075061774,868.0,154.854,154.87
2025-12-16T09:55:00Z,154.863,154.872,154.836,154.8539531720204,595.0,154.829,154.847
2025-12-16T10:00:00Z,154.838,154.838,154.794,154.84755941575102,698.0,154.798,154.813
2025-12-16T10:05:00Z,154.806,154.816,154.776,154.83988482698422,1076.0,154.782,154.798
2025-12-16T10:10:00Z,154.792,154.858,154.786,154.84043351671966,857.0,154.838,154.85
2025-12-16T10:15:00Z,154.843,154.862,154.834,154.83997571449038,650.0,154.83,154.844
2025-12-16T10:20:00Z,154.837,154.842,154.812,154.837845619225,459.0,154.815,154.832
2025-12-16T10:25:00Z,154.826,154.872,154.826,154.842132869995,848.0,154.863,154.878
2025-12-16T10:30:00Z,154.871,154.905,154.836,154.85038182066234,843.0,154.898,154.911
2025-12-16T10:35:00Z,154.904,154.905,154.882,154.8563309112407,707.0,154.888,154.902
2025-12-16T10:40:00Z,154.896,154.904,154.868,154.85815345640862,720.0,154.864,154.877
2025-12-16T10:45:00Z,154.87,154.872,154.834,154.85813299555414,479.0,154.85,154.865
2025-12-16T10:50:00Z,154.857,154.886,154.857,154.85984859614692,468.0,154.863,154.879
2025-12-16T10:55:00Z,154.872,154.884,154.862,154.86146878332733,597.0,154.864,154.88
2025-12-16T11:00:00Z,154.872,154.897,154.869,154.86260627888367,665.0,154.863,154.878
2025-12-16T11:05:00Z,154.871,154.883,154.858,154.8634587750325,626.0,154.862,154.876
2025-12-16T11:10:00Z,154.87,154.888,154.86,154.8661976050282,534.0,154.877,154.89
2025-12-16T11:15:00Z,154.884,154.904,154.874,154.87043792435776,453.0,154.89,154.905
2025-12-16T11:20:00Z,154.898,154.902,154.884,154.87224620111007,397.0,154.876,154.893
2025-12-16T11:25:00Z,154.885,154.898,154.868,154.8722133742954,278.0,154.864,154.879
2025-12-16T11:30:00Z,154.869,154.87,154.844,154.86911825772268,378.0,154.841,154.857
2025-12-16T11:35:00Z,154.85,154.854,154.834,154.8667024900263,605.0,154.844,154.858
2025-12-16T11:40:00Z,154.853,154.856,154.838,154.86327549135615,431.0,154.833,154.849
2025-12-16T11:45:00Z,154.84,154.844,154.81,154.85803875917534,450.0,154.816,154.833
2025-12-16T11:50:00Z,154.825,154.838,154.814,154.85270025795197,648.0,154.811,154.824
2025-12-16T11:55:00Z,154.817,154.84,154.791,154.8480735568917,670.0,154.811,154.824
2025-12-16T12:00:00Z,154.817,154.82,154.802,154.84406374930614,433.0,154.81,154.826
2025-12-16T12:05:00Z,154.818,154.858,154.812,154.84005524939866,565.0,154.806,154.822
2025-12-16T12:10:00Z,154.814,154.838,154.801,154.83538121614552,753.0,154.799,154.811
2025-12-16T12:15:00Z,154.803,154.804,154.778,154.82906372065946,810.0,154.781,154.796
2025-12-16T12:20:00Z,154.788,154.802,154.786,154.82478855790487,609.0,154.788,154.806
2025-12-16T12:25:00Z,154.796,154.802,154.751,154.81495008351754,800.0,154.744,154.758
2025-12-16T12:30:00Z,154.75,154.756,154.722,154.80295673904854,669.0,154.717,154.733
2025-12-16T12:35:00Z,154.723,154.746,154.722,154.79509584050874,511.0,154.735,154.753
2025-12-16T12:40:00Z,154.744,154.76,154.717,154.7853497284409,680.0,154.714,154.729
2025-12-16T12:45:00Z,154.722,154.722,154.686,154.77263643131545,643.0,154.683,154.697
2025-12-16T12:50:00Z,154.69,154.69,154.648,154.7564182404734,660.0,154.644,154.658
2025-12-16T12:55:00Z,154.65,154.65,154.602,154.73702914174362,1123.0,154.603,154.619
2025-12-16T13:00:00Z,154.609,154.656,154.596,154.7208919228445,1410.0,154.608,154.625
2025-12-16T13:05:00Z,154.616,154.64,154.564,154.7053063331319,1364.0,154.596,154.613
2025-12-16T13:10:00Z,154.605,154.66,154.602,154.69793215538098,1192.0,154.642,154.659
2025-12-16T13:15:00Z,154.65,154.688,154.62,154.69247453466352,1515.0,154.649,154.665
2025-12-16T13:20:00Z,154.656,154.682,154.633,154.68667793004172,1385.0,154.64,154.658
2025-12-16T13:25:00Z,154.646,154.727,154.638,154.69205420603618,1234.0,154.683,154.771
2025-12-16T13:30:00Z,154.764,154.766,154.396,154.6980469785647,5101.0,154.729,154.745
2025-12-16T13:35:00Z,154.74,154.797,154.61,154.6957740480894,5773.0,154.672,154.69
2025-12-16T13:40:00Z,154.68,154.873,154.642,154.71580417501082,5268.0,154.838,154.854
2025-12-16T13:45:00Z,154.844,154.864,154.782,154.7275636183427,3422.0,154.797,154.811
2025-12-16T13:50:00Z,154.804,154.864,154.756,154.74562180256368,3178.0,154.855,154.871
2025-12-16T13:55:00Z,154.861,154.861,154.717,154.7419388955552,2129.0,154.71,154.726
2025-12-16T14:00:00Z,154.716,154.781,154.65,154.74528037614783,2528.0,154.758,154.776
2025-12-16T14:05:00Z,154.766,154.857,154.702,154.75310965932812,2416.0,154.795,154.812
2025-12-16T14:10:00Z,154.802,154.9,154.776,154.7724283714177,2403.0,154.89,154.906
2025-12-16T14:15:00Z,154.9,154.998,154.878,154.7967712552287,2491.0,154.947,154.963
2025-12-16T14:20:00Z,154.954,154.962,154.854,154.80520175453154,1696.0,154.851,154.868
2025-12-16T14:25:00Z,154.859,154.874,154.772,154.80330818726068,1894.0,154.784,154.798
2025-12-16T14:30:00Z,154.79,154.843,154.708,154.7963337622926,2217.0,154.743,154.759
2025-12-16T14:35:00Z,154.751,154.82,154.742,154.79082259398692,1961.0,154.746,154.764
2025-12-16T14:40:00Z,154.754,154.774,154.689,154.77937958145534,1515.0,154.695,154.715
2025-12-16T14:45:00Z,154.696,154.758,154.631,154.7663956372613,2334.0,154.674,154.689
2025-12-16T14:50:00Z,154.681,154.762,154.664,154.75674288562647,1919.0,154.688,154.701
2025-12-16T14:55:00Z,154.693,154.708,154.599,154.7362438342096,1606.0,154.594,154.612
2025-12-16T15:00:00Z,154.602,154.618,154.473,154.71447798964832,2524.0,154.565,154.581
2025-12-16T15:05:00Z,154.571,154.582,154.518,154.6950809243619,2404.0,154.561,154.577
2025-12-16T15:10:00Z,154.57,154.728,154.566,154.69453680111366,2262.0,154.683,154.699
2025-12-16T15:15:00Z,154.689,154.689,154.582,154.6795318942985,2186.0,154.574,154.591
2025-12-16T15:20:00Z,154.582,154.645,154.568,154.6666609750587,2055.0,154.574,154.592
2025-12-16T15:25:00Z,154.582,154.618,154.504,154.64603951171756,2209.0,154.505,154.519
2025-12-16T15:30:00Z,154.511,154.584,154.465,154.62310091015522,2346.0,154.467,154.481
2025-12-16T15:35:00Z,154.475,154.578,154.474,154.60855412213454,2106.0,154.506,154.523
2025-12-16T15:40:00Z,154.515,154.63,154.48,154.60928023918328,1821.0,154.606,154.623
2025-12-16T15:45:00Z,154.613,154.63,154.579,154.60910954062552,1673.0,154.601,154.616
2025-12-16T15:50:00Z,154.608,154.648,154.565,154.61082826854212,1754.0,154.613,154.63
2025-12-16T15:55:00Z,154.622,154.782,154.62,154.6331178327365,2690.0,154.771,154.786
2025-12-16T16:00:00Z,154.779,154.878,154.776,154.65936878837164,2364.0,154.82,154.839
2025-12-16T16:05:00Z,154.829,154.898,154.825,154.69118628325543,2059.0,154.89,154.906
2025-12-16T16:10:00Z,154.898,154.908,154.784,154.70916144548804,2015.0,154.818,154.835
2025-12-16T16:15:00Z,154.827,154.857,154.796,154.72513991942296,1529.0,154.821,154.837
2025-12-16T16:20:00Z,154.828,154.846,154.79,154.73458793016655,1397.0,154.788,154.805
2025-12-16T16:25:00Z,154.798,154.818,154.752,154.74557620614436,1446.0,154.809,154.825
2025-12-16T16:30:00Z,154.816,154.884,154.796,154.7612327119918,1256.0,154.855,154.871
2025-12-16T16:35:00Z,154.864,154.871,154.792,154.7674683503929,1307.0,154.8,154.816
2025-12-16T16:40:00Z,154.808,154.884,154.808,154.7779392370072,1248.0,154.839,154.854
2025-12-16T16:45:00Z,154.844,154.862,154.814,154.7880806720729,1105.0,154.846,154.861
2025-12-16T16:50:00Z,154.853,154.864,154.804,154.79286991579653,1363.0,154.817,154.83
2025-12-16T16:55:00Z,154.823,154.844,154.808,154.79515392702368,1393.0,154.801,154.818
2025-12-16T17:00:00Z,154.808,154.841,154.78,154.7934000700872,1590.0,154.775,154.789
2025-12-16T17:05:00Z,154.782,154.793,154.734,154.78761339407558,1331.0,154.741,154.759
2025-12-16T17:10:00Z,154.749,154.76,154.722,154.78206494153218,844.0,154.738,154.755
2025-12-16T17:15:00Z,154.746,154.77,154.728,154.77725628266123,727.0,154.738,154.755
2025-12-16T17:20:00Z,154.747,154.748,154.691,154.7666887783064,998.0,154.692,154.705
2025-12-16T17:25:00Z,154.698,154.698,154.656,154.75486360786553,1133.0,154.67,154.686
2025-12-16T17:30:00Z,154.676,154.689,154.594,154.73554846015014,1286.0,154.602,154.618
2025-12-16T17:35:00Z,154.61,154.61,154.57,154.71854199879678,998.0,154.6,154.617
2025-12-16T17:40:00Z,154.61,154.652,154.604,154.70673639895722,706.0,154.622,154.638
2025-12-16T17:45:00Z,154.632,154.67,154.608,154.6998382124296,761.0,154.646,154.664
2025-12-16T17:50:00Z,154.656,154.708,154.656,154.69799311743898,724.0,154.678,154.695
2025-12-16T17:55:00Z,154.686,154.738,154.68,154.6957273684471,1347.0,154.672,154.69
2025-12-16T18:00:00Z,154.682,154.736,154.68,154.70096371932084,1353.0,154.728,154.742
2025-12-16T18:05:00Z,154.736,154.738,154.674,154.70270189007806,883.0,154.708,154.721
2025-12-16T18:10:00Z,154.714,154.74,154.708,154.70580830473432,583.0,154.718,154.734
2025-12-16T18:15:00Z,154.726,154.748,154.718,154.71143386410307,775.0,154.741,154.755
2025-12-16T18:20:00Z,154.748,154.754,154.71,154.71684268222268,433.0,154.746,154.759
2025-12-16T18:25:00Z,154.753,154.774,154.74,154.72419699125965,835.0,154.765,154.779
2025-12-16T18:30:00Z,154.772,154.797,154.74,154.73323739242502,685.0,154.783,154.8
2025-12-16T18:35:00Z,154.792,154.806,154.744,154.73627240676836,737.0,154.748,154.765
2025-12-16T18:40:00Z,154.755,154.756,154.731,154.73783608586592,492.0,154.739,154.757
2025-12-16T18:45:00Z,154.749,154.759,154.72,154.73572460775048,664.0,154.714,154.731
2025-12-16T18:50:00Z,154.723,154.736,154.715,154.7329613267171,666.0,154.707,154.723
2025-12-16T18:55:00Z,154.716,154.754,154.71,154.7349664831548,654.0,154.739,154.758
2025-12-16T19:00:00Z,154.75,154.782,154.746,154.73990428540083,657.0,154.764,154.78
2025-12-16T19:05:00Z,154.77,154.794,154.764,154.74445038068072,601.0,154.766,154.783
2025-12-16T19:10:00Z,154.775,154.784,154.742,154.7447903299233,855.0,154.739,154.755
2025-12-16T19:15:00Z,154.748,154.748,154.697,154.7390849526002,722.0,154.694,154.711
2025-12-16T19:20:00Z,154.702,154.709,154.668,154.7309402922535,1021.0,154.67,154.685
2025-12-16T19:25:00Z,154.678,154.926,154.678,154.73641491995303,2966.0,154.763,154.781
2025-12-16T19:30:00Z,154.772,154.772,154.682,154.73155959729263,1067.0,154.691,154.708
2025-12-16T19:35:00Z,154.7,154.709,154.666,154.72575165098695,793.0,154.681,154.696
2025-12-16T19:40:00Z,154.689,154.7,154.652,154.71751809752203,1039.0,154.657,154.672
2025-12-16T19:45:00Z,154.663,154.664,154.622,154.70718235118576,495.0,154.63,154.649
2025-12-16T19:50:00Z,154.639,154.651,154.606,154.69595803769434,687.0,154.615,154.631
2025-12-16T19:55:00Z,154.624,154.674,154.624,154.69249696600176,928.0,154.661,154.678
2025-12-16T20:00:00Z,154.669,154.678,154.618,154.68389737053485,756.0,154.62,154.637
2025-12-16T20:05:00Z,154.628,154.642,154.57,154.67084438779688,582.0,154.577,154.594
2025-12-16T20:10:00Z,154.586,154.64,154.579,154.6643318027573,531.0,154.613,154.631
2025-12-16T20:15:00Z,154.621,154.674,154.616,154.66402089572298,749.0,154.655,154.669
2025-12-16T20:20:00Z,154.661,154.673,154.648,154.66268477629325,601.0,154.646,154.662
2025-12-16T20:25:00Z,154.654,154.678,154.65,154.66232680612083,611.0,154.652,154.668
2025-12-16T20:30:00Z,154.658,154.71,154.658,154.6662832319714,731.0,154.685,154.698
2025-12-16T20:35:00Z,154.693,154.702,154.653,154.66624546770853,623.0,154.658,154.673
2025-12-16T20:40:00Z,154.664,154.708,154.662,154.67074607201405,562.0,154.692,154.709
2025-12-16T20:45:00Z,154.701,154.704,154.675,154.67224659574552,613.0,154.674,154.689
2025-12-16T20:50:00Z,154.683,154.756,154.677,154.68314704964612,721.0,154.745,154.762
2025-12-16T20:55:00Z,154.749,154.804,154.722,154.69926077635998,966.0,154.796,154.811
2025-12-16T21:00:00Z,154.803,154.838,154.773,154.71055933951197,627.0,154.777,154.792
2025-12-16T21:05:00Z,154.781,154.782,154.729,154.7134180942437,236.0,154.724,154.74
2025-12-16T21:10:00Z,154.731,154.756,154.731,154.71909568167789,185.0,154.747,154.765
2025-12-16T21:15:00Z,154.756,154.758,154.744,154.72268292412085,106.0,154.736,154.755
2025-12-16T21:20:00Z,154.745,154.755,154.732,154.72445853423807,233.0,154.728,154.744
2025-12-16T21:25:00Z,154.736,154.76,154.736,154.72759739633966,302.0,154.74,154.757
2025-12-16T21:30:00Z,154.748,154.748,154.706,154.7260510768277,457.0,154.708,154.723
2025-12-16T21:35:00Z,154.715,154.736,154.711,154.72711093325069,242.0,154.726,154.743
2025-12-16T21:40:00Z,154.734,154.769,154.734,154.73122947548393,252.0,154.749,154.767
2025-12-16T21:45:00Z,154.758,154.76,154.742,154.73293221208607,388.0,154.734,154.755
2025-12-16T21:50:00Z,154.743,154.744,154.726,154.7329412504746,815.0,154.725,154.741
2025-12-16T21:55:00Z,154.732,154.74,154.716,154.73134908374465,642.0,154.707,154.735
2025-12-16T22:00:00Z,154.711,154.711,154.711,154.7286358725787,1.0,154.698,154.724
2025-12-16T22:05:00Z,154.71,154.712,154.708,154.72615108956822,14.0,154.697,154.724
2025-12-16T22:10:00Z,154.712,154.732,154.712,154.72679761095912,45.0,154.716,154.746
2025-12-16T22:15:00Z,154.733,154.75,154.73,154.72802459616457,101.0,154.714,154.757
2025-12-16T22:20:00Z,154.746,154.805,154.736,154.7353546500093,359.0,154.759,154.807
2025-12-16T22:25:00Z,154.782,154.782,154.776,154.74157403000805,42.0,154.758,154.805
2025-12-16T22:30:00Z,154.78,154.785,154.734,154.74216415934032,190.0,154.728,154.763
2025-12-16T22:35:00Z,154.745,154.746,154.734,154.74107560476162,132.0,154.718,154.751
2025-12-16T22:40:00Z,154.734,154.742,154.729,154.74119885746006,150.0,154.722,154.761
2025-12-16T22:45:00Z,154.742,154.771,154.74,154.74503900979872,533.0,154.752,154.787
2025-12-16T22:50:00Z,154.772,154.78,154.753,154.74716714182557,503.0,154.742,154.78
2025-12-16T22:55:00Z,154.76,154.776,154.724,154.7462115229155,420.0,154.714,154.765
2025-12-16T23:00:00Z,154.744,154.766,154.71,154.74684998652677,239.0,154.742,154.76
2025-12-16T23:05:00Z,154.75,154.752,154.736,154.74540332165654,66.0,154.727,154.746
2025-12-16T23:10:00Z,154.737,154.761,154.737,154.747082878769,134.0,154.748,154.769
2025-12-16T23:15:00Z,154.759,154.763,154.734,154.74667182826647,152.0,154.735,154.752
2025-12-16T23:20:00Z,154.743,154.764,154.731,154.74884891783094,119.0,154.753,154.773
2025-12-16T23:25:00Z,154.762,154.78,154.758,154.75166906212016,130.0,154.762,154.777
2025-12-16T23:30:00Z,154.769,154.772,154.746,154.75104652050413,314.0,154.738,154.756
2025-12-16T23:35:00Z,154.748,154.772,154.734,154.75144031777026,188.0,154.745,154.764
2025-12-16T23:40:00Z,154.756,154.78,154.754,154.75431494206757,196.0,154.764,154.782
2025-12-16T23:45:00Z,154.776,154.814,154.77,154.75773961645857,258.0,154.772,154.789
2025-12-16T23:50:00Z,154.78,154.786,154.749,154.7609743342641,189.0,154.775,154.789
2025-12-16T23:55:00Z,154.784,154.796,154.774,154.76271108969556,153.0,154.765,154.782
2025-12-17T00:00:00Z,154.772,154.797,154.712,154.76328294440282,1278.0,154.758,154.776
2025-12-17T00:05:00Z,154.766,154.837,154.753,154.7719118851491,1064.0,154.818,154.838
2025-12-17T00:10:00Z,154.826,154.866,154.818,154.78125696712922,844.0,154.834,154.85
2025-12-17T00:15:00Z,154.842,154.868,154.838,154.789889371512,863.0,154.838,154.854
2025-12-17T00:20:00Z,154.847,154.874,154.812,154.79350412197707,636.0,154.808,154.826
2025-12-17T00:25:00Z,154.818,154.852,154.805,154.79543690571347,445.0,154.799,154.816
2025-12-17T00:30:00Z,154.808,154.812,154.744,154.79017865161836,1132.0,154.749,154.762
2025-12-17T00:35:00Z,154.755,154.79,154.754,154.7898881647359,844.0,154.78,154.797
2025-12-17T00:40:00Z,154.79,154.792,154.649,154.77270307610445,1120.0,154.653,154.669
2025-12-17T00:45:00Z,154.666,154.693,154.609,154.75927599929054,1198.0,154.665,154.679
2025-12-17T00:50:00Z,154.672,154.705,154.635,154.7463058660518,1595.0,154.653,154.67
2025-12-17T00:55:00Z,154.66,154.662,154.567,154.7246650839116,1924.0,154.576,154.592
2025-12-17T01:00:00Z,154.584,154.638,154.568,154.7117764060567,1604.0,154.619,154.637
2025-12-17T01:05:00Z,154.627,154.662,154.595,154.7019395519158,995.0,154.629,154.647
2025-12-17T01:10:00Z,154.638,154.652,154.53,154.6883476116604,1108.0,154.593,154.608
2025-12-17T01:15:00Z,154.602,154.602,154.517,154.66816793010568,1034.0,154.528,154.546
2025-12-17T01:20:00Z,154.536,154.554,154.513,154.65014553942493,955.0,154.525,154.541
2025-12-17T01:25:00Z,154.534,154.604,154.532,154.63972613416828,1031.0,154.566,154.578
2025-12-17T01:30:00Z,154.572,154.671,154.57,154.64109598294584,1001.0,154.642,154.658
2025-12-17T01:35:00Z,154.65,154.664,154.62,154.6397498518864,814.0,154.622,154.64
2025-12-17T01:40:00Z,154.63,154.675,154.624,154.6397832049682,995.0,154.631,154.65
2025-12-17T01:45:00Z,154.639,154.684,154.638,154.64274544430577,1075.0,154.654,154.67
2025-12-17T01:50:00Z,154.663,154.664,154.635,154.644379385065,780.0,154.647,154.663
2025-12-17T01:55:00Z,154.654,154.708,154.654,154.64872880038968,849.0,154.668,154.686
2025-12-17T02:00:00Z,154.676,154.807,154.676,154.6686316270044,1197.0,154.79,154.806
2025-12-17T02:05:00Z,154.801,154.834,154.79,154.68548074340382,1234.0,154.787,154.803
2025-12-17T02:10:00Z,154.794,154.868,154.793,154.70568331094998,1299.0,154.829,154.845
2025-12-17T02:15:00Z,154.838,154.888,154.81,154.72599220282333,1027.0,154.851,154.865
2025-12-17T02:20:00Z,154.858,154.909,154.843,154.74732657578022,979.0,154.878,154.895
2025-12-17T02:25:00Z,154.886,154.908,154.87,154.7686163656762,745.0,154.899,154.915
2025-12-17T02:30:00Z,154.908,154.934,154.886,154.78706751691936,879.0,154.901,154.913
2025-12-17T02:35:00Z,154.907,154.95,154.89,154.8063918479968,953.0,154.925,154.939
2025-12-17T02:40:00Z,154.931,154.948,154.92,154.82447293493055,857.0,154.935,154.949
2025-12-17T02:45:00Z,154.942,154.98,154.932,154.8450765436065,833.0,154.972,154.986
2025-12-17T02:50:00Z,154.978,154.996,154.976,154.86493300445898,684.0,154.985,155.002
2025-12-17T02:55:00Z,154.995,155.028,154.976,154.88454193719778,866.0,155.003,155.021
2025-12-17T03:00:00Z,155.011,155.03,154.968,154.90046967890476,719.0,154.996,155.013
2025-12-17T03:05:00Z,155.005,155.026,154.952,154.90947372171746,616.0,154.958,154.977
2025-12-17T03:10:00Z,154.967,154.968,154.934,154.9142105588218,508.0,154.938,154.952
2025-12-17T03:15:00Z,154.946,154.966,154.902,154.9136491509789,571.0,154.901,154.918
2025-12-17T03:20:00Z,154.911,154.948,154.909,154.91742926418172,389.0,154.933,154.951
2025-12-17T03:25:00Z,154.944,154.956,154.927,154.91870536229084,330.0,154.918,154.936
2025-12-17T03:30:00Z,154.928,154.928,154.888,154.91754464731872,543.0,154.901,154.919
2025-12-17T03:35:00Z,154.91,154.912,154.892,154.9149386943429,350.0,154.891,154.906
2025-12-17T03:40:00Z,154.899,154.904,154.874,154.91108020176387,399.0,154.878,154.895
2025-12-17T03:45:00Z,154.886,154.914,154.882,154.91146950819535,370.0,154.905,154.923
2025-12-17T03:50:00Z,154.914,154.918,154.898,154.9096735737693,399.0,154.889,154.907
2025-12-17T03:55:00Z,154.898,154.898,154.865,154.90691709726673,400.0,154.881,154.897
2025-12-17T04:00:00Z,154.89,154.962,154.876,154.91239481763117,705.0,154.94,154.957
2025-12-17T04:05:00Z,154.948,154.962,154.944,154.916608841947,383.0,154.937,154.952
2025-12-17T04:10:00Z,154.945,154.99,154.945,154.92372766302074,457.0,154.964,154.977
2025-12-17T04:15:00Z,154.971,155.01,154.969,154.93363064128465,426.0,154.989,155.006
2025-12-17T04:20:00Z,154.996,155.006,154.974,154.94167988911337,419.0,154.986,155.001
2025-12-17T04:25:00Z,154.994,155.069,154.991,154.95692257056493,824.0,155.048,155.063
2025-12-17T04:30:00Z,155.055,155.121,155.054,154.97706622782295,887.0,155.099,155.117
2025-12-17T04:35:00Z,155.106,155.117,155.054,154.99065739744657,804.0,155.069,155.089
2025-12-17T04:40:00Z,155.078,155.13,155.076,155.00883641112037,851.0,155.12,155.134
2025-12-17T04:45:00Z,155.128,155.13,155.084,155.02299155630433,531.0,155.107,155.123
2025-12-17T04:50:00Z,155.116,155.152,155.112,155.0396593487971,597.0,155.141,155.154
2025-12-17T04:55:00Z,155.148,155.148,155.124,155.0525047689575,709.0,155.128,155.143
2025-12-17T05:00:00Z,155.136,155.141,155.084,155.06017079976317,699.0,155.103,155.117
2025-12-17T05:05:00Z,155.11,155.122,155.073,155.06254802646143,665.0,155.071,155.085
2025-12-17T05:10:00Z,155.078,155.099,155.071,155.06500828959992,646.0,155.074,155.088
2025-12-17T05:15:00Z,155.08,155.112,155.074,155.07020718431994,753.0,155.095,155.114
2025-12-17T05:20:00Z,155.105,155.121,155.092,155.07417955974395,674.0,155.092,155.107
2025-12-17T05:25:00Z,155.094,155.1,155.081,155.07682228511143,756.0,155.086,155.101
2025-12-17T05:30:00Z,155.093,155.126,155.09,155.08177931376323,748.0,155.105,155.123
2025-12-17T05:35:00Z,155.114,155.136,155.09,155.08314207192814,875.0,155.083,155.1
2025-12-17T05:40:00Z,155.091,155.11,155.08,155.08378979567107,719.0,155.08,155.097
2025-12-17T05:45:00Z,155.088,155.175,155.08,155.0940844895816,695.0,155.153,155.169
2025-12-17T05:50:00Z,155.16,155.166,155.084,155.0954065576374,690.0,155.095,155.113
2025-12-17T05:55:00Z,155.106,155.166,155.106,155.10295234995243,668.0,155.144,155.159
2025-12-17T06:00:00Z,155.152,155.164,155.136,155.1089587032921,793.0,155.14,155.156
2025-12-17T06:05:00Z,155.148,155.207,155.128,155.1208308761865,696.0,155.19,155.207
2025-12-17T06:10:00Z,155.198,155.28,155.189,155.14178675936162,983.0,155.271,155.286
2025-12-17T06:15:00Z,155.28,155.296,155.218,155.1556818581134,732.0,155.236,155.255
2025-12-17T06:20:00Z,155.245,155.316,155.236,155.17599094369828,1036.0,155.301,155.314
2025-12-17T06:25:00Z,155.308,155.342,155.3,155.1967921512052,799.0,155.323,155.34
2025-12-17T06:30:00Z,155.331,155.354,155.323,155.21481986437783,755.0,155.323,155.341
2025-12-17T06:35:00Z,155.332,155.396,155.32,155.23791054912746,766.0,155.381,155.395
2025-12-17T06:40:00Z,155.388,155.398,155.361,155.25578914257713,720.0,155.366,155.379
2025-12-17T06:45:00Z,155.374,155.376,155.34,155.2702172569002,519.0,155.355,155.374
2025-12-17T06:50:00Z,155.364,155.424,155.341,155.29072162264686,886.0,155.415,155.433
2025-12-17T06:55:00Z,155.426,155.447,155.37,155.30129207296062,1200.0,155.363,155.378
2025-12-17T07:00:00Z,155.369,155.428,155.358,155.31578646323254,1310.0,155.402,155.419
2025-12-17T07:05:00Z,155.407,155.466,155.406,155.33421493480154,1072.0,155.447,155.46
2025-12-17T07:10:00Z,155.454,155.467,155.416,155.34591961016133,1099.0,155.415,155.429
2025-12-17T07:15:00Z,155.422,155.49,155.412,155.36459699547316,1169.0,155.478,155.494
2025-12-17T07:20:00Z,155.486,155.508,155.456,155.38051739607675,1180.0,155.476,155.492
2025-12-17T07:25:00Z,155.484,155.495,155.424,155.39578174326653,882.0,155.486,155.504
2025-12-17T07:30:00Z,155.494,155.508,155.436,155.40114417749766,1132.0,155.427,155.444
2025-12-17T07:35:00Z,155.437,155.438,155.374,155.39939162049797,1056.0,155.38,155.397
2025-12-17T07:40:00Z,155.388,155.508,155.388,155.41280607109823,1094.0,155.491,155.509
2025-12-17T07:45:00Z,155.502,155.528,155.478,155.42763192828514,1011.0,155.517,155.532
2025-12-17T07:50:00Z,155.524,155.57,155.518,155.44021433784712,830.0,155.514,155.531
2025-12-17T07:55:00Z,155.524,155.558,155.492,155.44845242613417,1303.0,155.495,155.51
2025-12-17T08:00:00Z,155.504,155.554,155.452,155.46252543598294,1618.0,155.546,155.562
2025-12-17T08:05:00Z,155.554,155.591,155.542,155.4792553778519,1022.0,155.581,155.596
2025-12-17T08:10:00Z,155.588,155.599,155.527,155.49055466080497,920.0,155.556,155.571
2025-12-17T08:15:00Z,155.564,155.588,155.544,155.50034737269766,899.0,155.556,155.571
2025-12-17T08:20:00Z,155.562,155.57,155.506,155.50243438967132,815.0,155.507,155.525
2025-12-17T08:25:00Z,155.516,155.542,155.482,155.50104313771516,623.0,155.483,155.5
2025-12-17T08:30:00Z,155.491,155.53,155.429,155.49290405268647,859.0,155.431,155.45
2025-12-17T08:35:00Z,155.44,155.502,155.431,155.4933168456616,969.0,155.489,155.504
2025-12-17T08:40:00Z,155.497,155.516,155.442,155.49060793290673,823.0,155.465,155.481
2025-12-17T08:45:00Z,155.474,155.474,155.441,155.4879935418525,592.0,155.462,155.48
2025-12-17T08:50:00Z,155.472,155.52,155.448,155.48452773627216,1029.0,155.453,155.47
2025-12-17T08:55:00Z,155.461,155.518,155.446,155.4889907047692,453.0,155.509,155.527
2025-12-17T09:00:00Z,155.518,155.52,155.459,155.49112527746664,1009.0,155.496,155.514
2025-12-17T09:05:00Z,155.506,155.525,155.474,155.49364190713774,876.0,155.501,155.519
2025-12-17T09:10:00Z,155.51,155.558,155.506,155.50062298618604,809.0,155.537,155.554
2025-12-17T09:15:00Z,155.546,155.56,155.531,155.50480658802792,634.0,155.525,155.539
2025-12-17T09:20:00Z,155.532,155.55,155.494,155.50883237629085,768.0,155.527,155.543
2025-12-17T09:25:00Z,155.536,155.546,155.494,155.51085472611874,850.0,155.517,155.532
2025-12-17T09:30:00Z,155.526,155.551,155.507,155.51047409596958,841.0,155.499,155.516
2025-12-17T09:35:00Z,155.507,155.521,155.473,155.51121088317365,730.0,155.509,155.523
2025-12-17T09:40:00Z,155.516,155.526,155.506,155.5129160987505,609.0,155.515,155.532
2025-12-17T09:45:00Z,155.524,155.544,155.5,155.5125272855838,495.0,155.502,155.519
2025-12-17T09:50:00Z,155.51,155.511,155.48,155.5100569808393,715.0,155.486,155.501
2025-12-17T09:55:00Z,155.492,155.536,155.492,155.5129827167274,631.0,155.524,155.54
2025-12-17T10:00:00Z,155.532,155.551,155.511,155.51365168783042,427.0,155.51,155.527
2025-12-17T10:05:00Z,155.519,155.524,155.502,155.5131647961197,688.0,155.501,155.518
2025-12-17T10:10:00Z,155.51,155.526,155.504,155.5146094899704,524.0,155.516,155.533
2025-12-17T10:15:00Z,155.524,155.546,155.502,155.51586155797438,597.0,155.515,155.533
2025-12-17T10:20:00Z,155.524,155.524,155.503,155.51548001691114,603.0,155.505,155.521
2025-12-17T10:25:00Z,155.512,155.52,155.5,155.513682681323,411.0,155.494,155.509
2025-12-17T10:30:00Z,155.501,155.526,155.5,155.51372499047994,457.0,155.506,155.522
2025-12-17T10:35:00Z,155.514,155.515,155.485,155.51056165841595,394.0,155.481,155.498
2025-12-17T10:40:00Z,155.489,155.505,155.476,155.5094201039605,655.0,155.494,155.509
2025-12-17T10:45:00Z,155.496,155.509,155.445,155.50109742343244,865.0,155.438,155.456
2025-12-17T10:50:00Z,155.447,155.473,155.442,155.49628443364145,669.0,155.456,155.474
2025-12-17T10:55:00Z,155.463,155.478,155.458,155.49197984248926,456.0,155.457,155.472
2025-12-17T11:00:00Z,155.466,155.492,155.456,155.49131586349068,433.0,155.479,155.495
2025-12-17T11:05:00Z,155.488,155.528,155.486,155.4924737483586,713.0,155.492,155.508
2025-12-17T11:10:00Z,155.498,155.504,155.488,155.49187724857745,288.0,155.479,155.497
2025-12-17T11:15:00Z,155.489,155.528,155.484,155.49602694876714,538.0,155.514,155.532
2025-12-17T11:20:00Z,155.524,155.53,155.502,155.5000233555982,498.0,155.518,155.535
2025-12-17T11:25:00Z,155.527,155.536,155.511,155.50162024151842,806.0,155.505,155.519
2025-12-17T11:30:00Z,155.511,155.536,155.51,155.5051375426493,791.0,155.52,155.537
2025-12-17T11:35:00Z,155.528,155.562,155.528,155.51218587029607,615.0,155.551,155.566
2025-12-17T11:40:00Z,155.559,155.599,155.559,155.52096108758994,588.0,155.569,155.586
2025-12-17T11:45:00Z,155.577,155.586,155.544,155.5245662759113,788.0,155.541,155.555
2025-12-17T11:50:00Z,155.548,155.55,155.531,155.52609077245646,591.0,155.529,155.544
2025-12-17T11:55:00Z,155.537,155.55,155.53,155.5286120027956,532.0,155.538,155.552
2025-12-17T12:00:00Z,155.545,155.552,155.523,155.53133040242287,690.0,155.542,155.556
2025-12-17T12:05:00Z,155.55,155.576,155.548,155.5348863487665,642.0,155.55,155.566
2025-12-17T12:10:00Z,155.558,155.57,155.534,155.53636816893095,604.0,155.537,155.556
2025-12-17T12:15:00Z,155.546,155.548,155.53,155.5376524130735,454.0,155.537,155.554
2025-12-17T12:20:00Z,155.546,155.546,155.504,155.53609875799702,763.0,155.518,155.535
2025-12-17T12:25:00Z,155.527,155.534,155.502,155.53181892359743,842.0,155.496,155.513
2025-12-17T12:30:00Z,155.503,155.506,155.476,155.52650973378445,650.0,155.483,155.501
2025-12-17T12:35:00Z,155.491,155.494,155.454,155.51897510261318,762.0,155.463,155.478
2025-12-17T12:40:00Z,155.471,155.508,155.469,155.51724508893142,628.0,155.499,155.514
2025-12-17T12:45:00Z,155.506,155.547,155.506,155.5162790770739,627.0,155.502,155.518
2025-12-17T12:50:00Z,155.509,155.516,155.482,155.51330853346406,1028.0,155.487,155.501
2025-12-17T12:55:00Z,155.494,155.499,155.477,155.51006739566884,1000.0,155.481,155.497
2025-12-17T13:00:00Z,155.488,155.578,155.48,155.51525840957967,1380.0,155.54,155.558
2025-12-17T13:05:00Z,155.55,155.588,155.54,155.52389062163573,951.0,155.572,155.588
2025-12-17T13:10:00Z,155.58,155.64,155.578,155.53430520541764,1063.0,155.594,155.61
2025-12-17T13:15:00Z,155.602,155.602,155.421,155.52333117802863,2447.0,155.443,155.461
2025-12-17T13:20:00Z,155.448,155.498,155.385,155.51995368762482,2221.0,155.49,155.505
2025-12-17T13:25:00Z,155.498,155.563,155.492,155.5223598626082,1098.0,155.529,155.546
2025-12-17T13:30:00Z,155.537,155.57,155.5,155.52577854759377,1088.0,155.54,155.556
2025-12-17T13:35:00Z,155.548,155.565,155.523,155.5271414079146,1212.0,155.527,155.544
2025-12-17T13:40:00Z,155.537,155.547,155.446,155.52058922019265,1051.0,155.469,155.487
2025-12-17T13:45:00Z,155.479,155.48,155.408,155.50651065750029,1220.0,155.408,155.422
2025-12-17T13:50:00Z,155.416,155.464,155.412,155.49964256983358,890.0,155.447,155.463
2025-12-17T13:55:00Z,155.456,155.468,155.402,155.49142356052243,932.0,155.429,155.446
2025-12-17T14:00:00Z,155.437,155.438,155.35,155.47630041911944,1227.0,155.369,155.387
2025-12-17T14:05:00Z,155.378,155.442,155.366,155.47146036323684,820.0,155.432,155.449
2025-12-17T14:10:00Z,155.439,155.498,155.438,155.4720656481386,645.0,155.468,155.485
2025-12-17T14:15:00Z,155.477,155.572,155.464,155.48405689505347,1142.0,155.553,155.57
2025-12-17T14:20:00Z,155.562,155.594,155.532,155.4985826423797,987.0,155.584,155.602
2025-12-17T14:25:00Z,155.593,155.63,155.568,155.5134382900624,880.0,155.603,155.617
2025-12-17T14:30:00Z,155.61,155.634,155.557,155.51951318472075,1339.0,155.551,155.567
2025-12-17T14:35:00Z,155.56,155.596,155.546,155.52704476009131,1245.0,155.568,155.584
2025-12-17T14:40:00Z,155.578,155.578,155.508,155.53277212541246,1252.0,155.561,155.578
2025-12-17T14:45:00Z,155.57,155.585,155.5,155.53426917535748,1571.0,155.536,155.552
2025-12-17T14:50:00Z,155.544,155.546,155.446,155.52316661864316,1348.0,155.442,155.46
2025-12-17T14:55:00Z,155.45,155.496,155.442,155.51847773615742,1345.0,155.48,155.496
2025-12-17T15:00:00Z,155.488,155.526,155.465,155.51708070466978,975.0,155.5,155.516
2025-12-17T15:05:00Z,155.509,155.536,155.458,155.5181366107138,1226.0,155.517,155.533
2025-12-17T15:10:00Z,155.526,155.528,155.475,155.512518395952,1532.0,155.469,155.484
2025-12-17T15:15:00Z,155.476,155.488,155.433,155.50738260982507,1600.0,155.465,155.483
2025-12-17T15:20:00Z,155.474,155.546,155.462,155.50986492851507,1197.0,155.518,155.533
2025-12-17T15:25:00Z,155.525,155.533,155.473,155.5050829380464,1015.0,155.466,155.483
2025-12-17T15:30:00Z,155.476,155.479,155.39,155.49267187964023,1160.0,155.403,155.421
2025-12-17T15:35:00Z,155.412,155.442,155.359,155.47551562902154,1297.0,155.357,155.37
2025-12-17T15:40:00Z,155.363,155.418,155.358,155.467313545152,1349.0,155.405,155.423
2025-12-17T15:45:00Z,155.413,155.49,155.394,155.46700507246507,1705.0,155.457,155.473
2025-12-17T15:50:00Z,155.466,155.466,155.353,155.46447106280306,1826.0,155.441,155.456
2025-12-17T15:55:00Z,155.45,155.509,155.4,155.4564082544293,2180.0,155.398,155.41
2025-12-17T16:00:00Z,155.403,155.495,155.398,155.4571538205054,1919.0,155.453,155.47
2025-12-17T16:05:00Z,155.461,155.518,155.459,155.462866644438,1103.0,155.492,155.508
2025-12-17T16:10:00Z,155.5,155.515,155.436,155.45928442517962,1492.0,155.429,155.444
2025-12-17T16:15:00Z,155.436,155.45,155.385,155.45297983515567,1233.0,155.403,155.421
2025-12-17T16:20:00Z,155.412,155.504,155.392,155.4593825238016,1241.0,155.493,155.509
2025-12-17T16:25:00Z,155.502,155.563,155.49,155.47066485396138,1263.0,155.536,155.553
2025-12-17T16:30:00Z,155.544,155.56,155.47,155.4724428734332,1261.0,155.475,155.492
2025-12-17T16:35:00Z,155.484,155.519,155.484,155.47851715697544,1037.0,155.509,155.527
2025-12-17T16:40:00Z,155.517,155.548,155.491,155.48591486937872,1162.0,155.526,155.543
2025-12-17T16:45:00Z,155.535,155.572,155.52,155.49712622012822,959.0,155.564,155.576
2025-12-17T16:50:00Z,155.57,155.593,155.538,155.50977605744447,1156.0,155.585,155.599
2025-12-17T16:55:00Z,155.593,155.601,155.564,155.5215392497852,655.0,155.59,155.607
2025-12-17T17:00:00Z,155.599,155.6,155.571,155.5293340164805,854.0,155.573,155.587
2025-12-17T17:05:00Z,155.58,155.592,155.56,155.5334228142831,624.0,155.552,155.569
2025-12-17T17:10:00Z,155.56,155.585,155.536,155.5398997723787,567.0,155.573,155.59
2025-12-17T17:15:00Z,155.582,155.582,155.553,155.54284646939487,435.0,155.553,155.571
2025-12-17T17:20:00Z,155.562,155.58,155.549,155.5471336068089,582.0,155.566,155.584
2025-12-17T17:25:00Z,155.574,155.578,155.548,155.55071579256773,731.0,155.567,155.581
2025-12-17T17:30:00Z,155.574,155.585,155.558,155.55275368689203,385.0,155.558,155.575
2025-12-17T17:35:00Z,155.564,155.6,155.56,155.55905319530643,601.0,155.591,155.61
2025-12-17T17:40:00Z,155.6,155.611,155.585,155.56277943593224,412.0,155.578,155.596
2025-12-17T17:45:00Z,155.586,155.599,155.536,155.55920884447463,735.0,155.528,155.544
2025-12-17T17:50:00Z,155.533,155.578,155.53,155.560514331878,454.0,155.56,155.578
2025-12-17T17:55:00Z,155.568,155.572,155.532,155.5569790876276,474.0,155.526,155.541
2025-12-17T18:00:00Z,155.535,155.538,155.496,155.5492485426106,558.0,155.49,155.508
2025-12-17T18:05:00Z,155.498,155.537,155.498,155.54588207026254,557.0,155.515,155.533
2025-12-17T18:10:00Z,155.522,155.542,155.512,155.54509779422753,515.0,155.532,155.547
2025-12-17T18:15:00Z,155.539,155.573,155.539,155.54881808833053,417.0,155.564,155.582
2025-12-17T18:20:00Z,155.574,155.611,155.574,155.55697567655312,382.0,155.602,155.618
2025-12-17T18:25:00Z,155.61,155.632,155.603,155.5659122530127,348.0,155.614,155.633
2025-12-17T18:30:00Z,155.623,155.662,155.622,155.57445728594433,525.0,155.622,155.638
2025-12-17T18:35:00Z,155.63,155.63,155.596,155.57732964781843,482.0,155.588,155.604
2025-12-17T18:40:00Z,155.596,155.633,155.566,155.5846190281093,646.0,155.624,155.64
2025-12-17T18:45:00Z,155.629,155.635,155.591,155.59120315769474,766.0,155.626,155.642
2025-12-17T18:50:00Z,155.635,155.668,155.634,155.6014427366688,903.0,155.66,155.676
2025-12-17T18:55:00Z,155.668,155.676,155.64,155.6071170384463,529.0,155.635,155.652
2025-12-17T19:00:00Z,155.642,155.646,155.602,155.60723476665345,660.0,155.601,155.615
2025-12-17T19:05:00Z,155.608,155.626,155.594,155.609203464433,436.0,155.613,155.63
2025-12-17T19:10:00Z,155.621,155.642,155.616,155.61250966917527,554.0,155.627,155.642
2025-12-17T19:15:00Z,155.635,155.64,155.618,155.61564171328524,393.0,155.628,155.645
2025-12-17T19:20:00Z,155.637,155.64,155.612,155.6183561515139,546.0,155.627,155.644
2025-12-17T19:25:00Z,155.635,155.636,155.611,155.6188419979787,406.0,155.614,155.63
2025-12-17T19:30:00Z,155.624,155.654,155.619,155.6229963982482,472.0,155.642,155.658
2025-12-17T19:35:00Z,155.65,155.662,155.648,155.6279302118151,375.0,155.653,155.668
2025-12-17T19:40:00Z,155.66,155.692,155.654,155.63407285023976,559.0,155.667,155.682
2025-12-17T19:45:00Z,155.675,155.676,155.656,155.63912980354112,424.0,155.663,155.682
2025-12-17T19:50:00Z,155.674,155.682,155.631,155.64017916306898,450.0,155.638,155.656
2025-12-17T19:55:00Z,155.648,155.654,155.63,155.64095527465977,701.0,155.639,155.654
2025-12-17T20:00:00Z,155.646,155.654,155.622,155.64162790470513,616.0,155.637,155.655
2025-12-17T20:05:00Z,155.646,155.661,155.641,155.64327751741112,469.0,155.645,155.662
2025-12-17T20:10:00Z,155.654,155.666,155.648,155.64564051508964,505.0,155.653,155.669
2025-12-17T20:15:00Z,155.662,155.696,155.659,155.65208844641103,379.0,155.685,155.702
2025-12-17T20:20:00Z,155.694,155.702,155.684,155.6579433202229,419.0,155.689,155.703
2025-12-17T20:25:00Z,155.696,155.71,155.696,155.66355087752652,304.0,155.692,155.707
2025-12-17T20:30:00Z,155.699,155.709,155.694,155.668410760523,300.0,155.691,155.709
2025-12-17T20:35:00Z,155.701,155.71,155.694,155.67328932578658,452.0,155.698,155.712
2025-12-17T20:40:00Z,155.706,155.714,155.696,155.67658408234837,251.0,155.69,155.706
2025-12-17T20:45:00Z,155.698,155.701,155.674,155.67783953803527,312.0,155.677,155.694
2025-12-17T20:50:00Z,155.685,155.752,155.68,155.68399426629725,640.0,155.716,155.733
2025-12-17T20:55:00Z,155.724,155.736,155.699,155.68652836412429,631.0,155.695,155.711
2025-12-17T21:00:00Z,155.706,155.74,155.701,155.68885791557437,525.0,155.696,155.712
2025-12-17T21:05:00Z,155.705,155.72,155.695,155.69287686016446,310.0,155.711,155.727
2025-12-17T21:10:00Z,155.72,155.736,155.72,155.69835994547586,201.0,155.727,155.74
2025-12-17T21:15:00Z,155.734,155.734,155.708,155.70137861941242,165.0,155.712,155.73
2025-12-17T21:20:00Z,155.72,155.748,155.714,155.70732813682412,147.0,155.738,155.755
2025-12-17T21:25:00Z,155.746,155.746,155.737,155.71155105191423,89.0,155.731,155.747
2025-12-17T21:30:00Z,155.739,155.741,155.716,155.71227757832568,126.0,155.708,155.726
2025-12-17T21:35:00Z,155.718,155.718,155.678,155.70784056788227,238.0,155.672,155.686
2025-12-17T21:40:00Z,155.678,155.684,155.673,155.70346182549798,173.0,155.668,155.682
2025-12-17T21:45:00Z,155.674,155.712,155.668,155.70460024876493,342.0,155.703,155.722
2025-12-17T21:50:00Z,155.712,155.712,155.687,155.70278688226296,320.0,155.685,155.697
2025-12-17T21:55:00Z,155.695,155.714,155.69,155.7014819646279,415.0,155.683,155.703
2025-12-17T22:00:00Z,155.648,155.648,155.648,155.69435103601086,1.0,155.609,155.687
2025-12-17T22:05:00Z,155.65,155.661,155.644,155.6881708978761,40.0,155.615,155.682
2025-12-17T22:10:00Z,155.648,155.658,155.646,155.68348144482596,35.0,155.628,155.678
2025-12-17T22:15:00Z,155.65,155.654,155.634,155.67728391884916,934.0,155.616,155.658
2025-12-17T22:20:00Z,155.636,155.637,155.609,155.66977939633594,284.0,155.599,155.643
2025-12-17T22:25:00Z,155.61,155.626,155.606,155.66394214349114,140.0,155.605,155.648
2025-12-17T22:30:00Z,155.626,155.632,155.625,155.65928319102565,33.0,155.608,155.65
2025-12-17T22:35:00Z,155.63,155.642,155.629,155.6563120988889,80.0,155.617,155.657
2025-12-17T22:40:00Z,155.636,155.636,155.62,155.65307048570372,108.0,155.612,155.652
2025-12-17T22:45:00Z,155.634,155.638,155.603,155.6470610876099,572.0,155.593,155.624
2025-12-17T22:50:00Z,155.61,155.617,155.604,155.64238627592857,217.0,155.592,155.633
2025-12-17T22:55:00Z,155.609,155.627,155.586,155.63913477247144,264.0,155.596,155.639
2025-12-17T23:00:00Z,155.612,155.622,155.594,155.63631680280858,132.0,155.608,155.628
2025-12-17T23:05:00Z,155.624,155.648,155.624,155.63640789576743,159.0,155.628,155.646
2025-12-17T23:10:00Z,155.638,155.642,155.627,155.63715350966513,174.0,155.633,155.652
2025-12-17T23:15:00Z,155.64,155.64,155.615,155.63419970837646,103.0,155.605,155.625
2025-12-17T23:20:00Z,155.614,155.616,155.602,155.63150641392627,198.0,155.605,155.624
2025-12-17T23:25:00Z,155.615,155.615,155.604,155.6281055587361,140.0,155.598,155.613
2025-12-17T23:30:00Z,155.606,155.608,155.534,155.61635815090463,245.0,155.532,155.548
2025-12-17T23:35:00Z,155.54,155.544,155.514,155.60551039745067,240.0,155.526,155.544
2025-12-17T23:40:00Z,155.534,155.554,155.534,155.5967756777906,166.0,155.532,155.548
2025-12-17T23:45:00Z,155.54,155.54,155.524,155.58773892075186,206.0,155.521,155.537
2025-12-17T23:50:00Z,155.53,155.534,155.476,155.57337373131827,338.0,155.471,155.49
2025-12-17T23:55:00Z,155.481,155.506,155.474,155.56212390047585,328.0,155.479,155.499
2025-12-18T00:00:00Z,155.488,155.532,155.438,155.54690738041242,987.0,155.44,155.455
2025-12-18T00:05:00Z,155.449,155.517,155.444,155.54118639635743,867.0,155.496,155.511
2025-12-18T00:10:00Z,155.503,155.517,155.48,155.5364948768431,559.0,155.497,155.514
2025-12-18T00:15:00Z,155.507,155.568,155.492,155.53776222659735,747.0,155.538,155.555
2025-12-18T00:20:00Z,155.546,155.554,155.478,155.53299392971772,893.0,155.493,155.51
2025-12-18T00:25:00Z,155.503,155.521,155.462,155.52366140575535,713.0,155.456,155.47
2025-12-18T00:30:00Z,155.464,155.48,155.428,155.51197321832132,726.0,155.426,155.445
2025-12-18T00:35:00Z,155.432,155.475,155.426,155.50611012254515,632.0,155.459,155.477
2025-12-18T00:40:00Z,155.468,155.546,155.458,155.50929543953913,893.0,155.521,155.538
2025-12-18T00:45:00Z,155.528,155.579,155.528,155.5181893809339,1060.0,155.567,155.586
2025-12-18T00:50:00Z,155.577,155.586,155.514,155.5228307968094,1420.0,155.544,155.562
2025-12-18T00:55:00Z,155.552,155.556,155.472,155.51738669056815,1015.0,155.472,155.491
2025-12-18T01:00:00Z,155.482,155.54,155.463,155.51706846515907,688.0,155.506,155.524
2025-12-18T01:05:00Z,155.51,155.51,155.46,155.5126593364712,700.0,155.477,155.492
2025-12-18T01:10:00Z,155.485,155.533,155.481,155.51363809160836,619.0,155.513,155.528
2025-12-18T01:15:00Z,155.52,155.604,155.518,155.5254196793939,837.0,155.596,155.609
2025-12-18T01:20:00Z,155.602,155.654,155.593,155.53643038880804,946.0,155.599,155.618
2025-12-18T01:25:00Z,155.608,155.612,155.564,155.5434396703003,637.0,155.58,155.598
2025-12-18T01:30:00Z,155.588,155.6,155.533,155.5509810475936,731.0,155.592,155.608
2025-12-18T01:35:00Z,155.6,155.692,155.598,155.56951690791448,1375.0,155.68,155.7
2025-12-18T01:40:00Z,155.69,155.748,155.684,155.59304798685923,994.0,155.738,155.753
2025-12-18T01:45:00Z,155.747,155.764,155.711,155.61184158861133,752.0,155.727,155.74
2025-12-18T01:50:00Z,155.734,155.762,155.712,155.62626271012982,733.0,155.711,155.728
2025-12-18T01:55:00Z,155.719,155.774,155.712,155.6456943487792,661.0,155.763,155.78
2025-12-18T02:00:00Z,155.771,155.786,155.723,155.6561351022753,815.0,155.715,155.733
2025-12-18T02:05:00Z,155.724,155.744,155.663,155.6669170886386,862.0,155.729,155.745
2025-12-18T02:10:00Z,155.736,155.788,155.712,155.6793281434868,1086.0,155.752,155.769
2025-12-18T02:15:00Z,155.76,155.784,155.724,155.6884843910219,851.0,155.74,155.756
2025-12-18T02:20:00Z,155.748,155.748,155.719,155.6932198055523,662.0,155.715,155.733
2025-12-18T02:25:00Z,155.724,155.738,155.689,155.69892383147865,667.0,155.727,155.745
2025-12-18T02:30:00Z,155.736,155.754,155.714,155.70546732061484,463.0,155.74,155.757
2025-12-18T02:35:00Z,155.748,155.787,155.736,155.71633834453286,575.0,155.778,155.796
2025-12-18T02:40:00Z,155.788,155.808,155.776,155.72549323192848,571.0,155.776,155.794
2025-12-18T02:45:00Z,155.784,155.808,155.745,155.72969413433802,520.0,155.75,155.764
2025-12-18T02:50:00Z,155.758,155.774,155.747,155.73560158309294,560.0,155.766,155.782
2025-12-18T02:55:00Z,155.772,155.786,155.765,155.74178803868057,546.0,155.775,155.79
2025-12-18T03:00:00Z,155.783,155.796,155.76,155.7460829668565,525.0,155.765,155.782
2025-12-18T03:05:00Z,155.774,155.776,155.714,155.742071904609,416.0,155.71,155.723
2025-12-18T03:10:00Z,155.718,155.748,155.709,155.7428623173278,509.0,155.739,155.757
2025-12-18T03:15:00Z,155.744,155.777,155.733,155.74608067501742,640.0,155.758,155.776
2025-12-18T03:20:00Z,155.768,155.778,155.751,155.75020325168177,505.0,155.769,155.785
2025-12-18T03:25:00Z,155.778,155.778,155.756,155.75150948479086,457.0,155.751,155.768
2025-12-18T03:30:00Z,155.76,155.788,155.748,155.75117488681875,492.0,155.74,155.758
2025-12-18T03:35:00Z,155.75,155.783,155.748,155.75248490190958,630.0,155.751,155.771
2025-12-18T03:40:00Z,155.762,155.764,155.73,155.7522869149883,371.0,155.742,155.76
2025-12-18T03:45:00Z,155.75,155.776,155.739,155.75278199298987,410.0,155.748,155.763
2025-12-18T03:50:00Z,155.757,155.766,155.738,155.7540110605912,281.0,155.753,155.771
2025-12-18T03:55:00Z,155.762,155.782,155.75,155.75534291917904,480.0,155.755,155.772
2025-12-18T04:00:00Z,155.766,155.776,155.745,155.7575638632885,597.0,155.764,155.78
2025-12-18T04:05:00Z,155.774,155.784,155.761,155.75828868151672,715.0,155.754,155.772
2025-12-18T04:10:00Z,155.764,155.766,155.708,155.75185019064781,471.0,155.702,155.717
2025-12-18T04:15:00Z,155.71,155.735,155.709,155.74880349856144,546.0,155.721,155.737
2025-12-18T04:20:00Z,155.73,155.74,155.714,155.74722969875324,276.0,155.73,155.744
2025-12-18T04:25:00Z,155.738,155.738,155.708,155.74413240558616,288.0,155.715,155.732
2025-12-18T04:30:00Z,155.723,155.726,155.702,155.74144808484135,344.0,155.714,155.734
2025-12-18T04:35:00Z,155.723,155.754,155.723,155.7428550068625,414.0,155.744,155.76
2025-12-18T04:40:00Z,155.752,155.753,155.736,155.74340767261418,376.0,155.738,155.756
2025-12-18T04:45:00Z,155.746,155.758,155.735,155.7444199829323,340.0,155.743,155.759
2025-12-18T04:50:00Z,155.75,155.75,155.738,155.74489731854132,354.0,155.741,155.756
2025-12-18T04:55:00Z,155.748,155.766,155.736,155.7437110094025,442.0,155.727,155.745
2025-12-18T05:00:00Z,155.736,155.751,155.708,155.7410828748155,407.0,155.715,155.732
2025-12-18T05:05:00Z,155.724,155.746,155.724,155.74160515817346,590.0,155.736,155.754
2025-12-18T05:10:00Z,155.746,155.75,155.734,155.74205780375033,411.0,155.736,155.754
2025-12-18T05:15:00Z,155.746,155.754,155.73,155.74151676325027,553.0,155.73,155.747
2025-12-18T05:20:00Z,155.738,155.749,155.734,155.74104786148357,448.0,155.728,155.747
2025-12-18T05:25:00Z,155.737,155.754,155.737,155.74277481328576,328.0,155.747,155.761
2025-12-18T05:30:00Z,155.754,155.82,155.744,155.752804838181,610.0,155.809,155.826
2025-12-18T05:35:00Z,155.817,155.842,155.8,155.7629641930902,822.0,155.822,155.836
2025-12-18T05:40:00Z,155.828,155.83,155.814,155.77163563401152,683.0,155.82,155.836
2025-12-18T05:45:00Z,155.828,155.866,155.828,155.78421754947666,572.0,155.857,155.874
2025-12-18T05:50:00Z,155.865,155.872,155.84,155.79218854287979,805.0,155.836,155.852
2025-12-18T05:55:00Z,155.844,155.888,155.804,155.79456340382916,1092.0,155.801,155.818
2025-12-18T06:00:00Z,155.806,155.81,155.77,155.79608828331862,1203.0,155.796,155.816
2025-12-18T06:05:00Z,155.806,155.86,155.806,155.80434317887614,823.0,155.849,155.866
2025-12-18T06:10:00Z,155.857,155.876,155.852,155.812830755026,455.0,155.861,155.874
2025-12-18T06:15:00Z,155.868,155.908,155.859,155.82325332102255,529.0,155.883,155.899
2025-12-18T06:20:00Z,155.89,155.91,155.879,155.83308621155288,600.0,155.889,155.905
2025-12-18T06:25:00Z,155.898,155.904,155.85,155.83694138334585,683.0,155.854,155.87
2025-12-18T06:30:00Z,155.86,155.869,155.846,155.83948253223306,477.0,155.849,155.864
2025-12-18T06:35:00Z,155.856,155.895,155.846,155.84648486126866,415.0,155.883,155.9
2025-12-18T06:40:00Z,155.894,155.905,155.888,155.85402021309952,565.0,155.895,155.911
2025-12-18T06:45:00Z,155.902,155.909,155.876,155.85908418468625,566.0,155.884,155.901
2025-12-18T06:50:00Z,155.894,155.9,155.873,155.8645396267281,453.0,155.891,155.908
2025-12-18T06:55:00Z,155.897,155.909,155.858,155.87046767649767,667.0,155.9,155.918
2025-12-18T07:00:00Z,155.908,155.936,155.862,155.87053865296465,718.0,155.863,155.879
2025-12-18T07:05:00Z,155.873,155.918,155.856,155.87646683256938,690.0,155.907,155.923
2025-12-18T07:10:00Z,155.916,155.929,155.9,155.87987125489346,731.0,155.895,155.91
2025-12-18T07:15:00Z,155.903,155.94,155.898,155.88708842090767,750.0,155.927,155.942
2025-12-18T07:20:00Z,155.934,155.945,155.914,155.89240996478665,588.0,155.918,155.936
2025-12-18T07:25:00Z,155.927,155.94,155.902,155.89382196948176,641.0,155.896,155.91
2025-12-18T07:30:00Z,155.9,155.933,155.894,155.89811237355087,647.0,155.919,155.934
2025-12-18T07:35:00Z,155.926,155.949,155.926,155.90316405707742,587.0,155.927,155.945
2025-12-18T07:40:00Z,155.938,155.956,155.912,155.90434218280043,563.0,155.904,155.919
2025-12-18T07:45:00Z,155.912,155.913,155.814,155.89389655842706,975.0,155.817,155.834
2025-12-18T07:50:00Z,155.827,155.858,155.815,155.8839103506368,853.0,155.81,155.828
2025-12-18T07:55:00Z,155.818,155.93,155.818,155.88952230388523,1650.0,155.917,155.935
2025-12-18T08:00:00Z,155.926,155.946,155.853,155.88518599670053,1270.0,155.85,155.864
2025-12-18T08:05:00Z,155.856,155.892,155.85,155.88316119714045,703.0,155.864,155.877
2025-12-18T08:10:00Z,155.872,155.874,155.838,155.87900637085505,738.0,155.845,155.86
2025-12-18T08:15:00Z,155.854,155.889,155.834,155.87447218807438,801.0,155.836,155.854
2025-12-18T08:20:00Z,155.844,155.856,155.824,155.86907589633114,791.0,155.824,155.843
2025-12-18T08:25:00Z,155.831,155.85,155.806,155.861732443487,801.0,155.806,155.823
2025-12-18T08:30:00Z,155.816,155.86,155.801,155.8572347843554,783.0,155.821,155.835
2025-12-18T08:35:00Z,155.828,155.86,155.824,155.85573681310802,744.0,155.837,155.855
2025-12-18T08:40:00Z,155.848,155.85,155.807,155.85043857136029,575.0,155.808,155.825
2025-12-18T08:45:00Z,155.817,155.858,155.806,155.8479800951789,906.0,155.824,155.84
2025-12-18T08:50:00Z,155.83,155.858,155.814,155.84758274915507,747.0,155.837,155.853
2025-12-18T08:55:00Z,155.846,155.876,155.846,155.84843838260107,621.0,155.847,155.862
2025-12-18T09:00:00Z,155.855,155.883,155.842,155.8495799315876,766.0,155.849,155.865
2025-12-18T09:05:00Z,155.858,155.88,155.804,155.85030260737594,733.0,155.846,155.864
2025-12-18T09:10:00Z,155.854,155.914,155.854,155.85439559305914,701.0,155.873,155.889
2025-12-18T09:15:00Z,155.882,155.89,155.822,155.85420951398459,820.0,155.845,155.861
2025-12-18T09:20:00Z,155.854,155.904,155.843,155.8608482454533,764.0,155.897,155.911
2025-12-18T09:25:00Z,155.904,155.922,155.866,155.8650018127262,883.0,155.884,155.9
2025-12-18T09:30:00Z,155.892,155.922,155.891,155.8714015710294,820.0,155.904,155.922
2025-12-18T09:35:00Z,155.914,155.93,155.912,155.87841469489214,672.0,155.917,155.932
2025-12-18T09:40:00Z,155.924,155.948,155.922,155.88662606890654,592.0,155.932,155.947
2025-12-18T09:45:00Z,155.94,155.953,155.917,155.89067592638568,673.0,155.91,155.924
2025-12-18T09:50:00Z,155.918,155.941,155.904,155.89725246953427,746.0,155.931,155.948
2025-12-18T09:55:00Z,155.94,155.944,155.898,155.9016188069297,1135.0,155.921,155.939
2025-12-18T10:00:00Z,155.93,155.944,155.91,155.90540296600574,949.0,155.922,155.939
2025-12-18T10:05:00Z,155.931,155.951,155.929,155.91081590387165,727.0,155.939,155.954
2025-12-18T10:10:00Z,155.946,155.96,155.935,155.91430711668878,573.0,155.929,155.945
2025-12-18T10:15:00Z,155.938,155.952,155.936,155.91879950113028,385.0,155.939,155.956
2025-12-18T10:20:00Z,155.947,155.978,155.942,155.9250929009796,503.0,155.958,155.974
2025-12-18T10:25:00Z,155.966,155.966,155.942,155.928547180849,511.0,155.942,155.96
2025-12-18T10:30:00Z,155.95,155.951,155.936,155.92967422340246,334.0,155.929,155.945
2025-12-18T10:35:00Z,155.938,155.952,155.93,155.9307843269488,321.0,155.93,155.945
2025-12-18T10:40:00Z,155.938,155.938,155.898,155.92747975002231,377.0,155.897,155.914
2025-12-18T10:45:00Z,155.906,155.913,155.882,155.92448245001935,461.0,155.896,155.914
2025-12-18T10:50:00Z,155.905,155.914,155.86,155.91668479001677,517.0,155.858,155.875
2025-12-18T10:55:00Z,155.865,155.882,155.852,155.90912681801456,576.0,155.852,155.868
2025-12-18T11:00:00Z,155.86,155.873,155.826,155.8996432422793,596.0,155.83,155.847
2025-12-18T11:05:00Z,155.839,155.854,155.828,155.8916908099754,506.0,155.832,155.848
2025-12-18T11:10:00Z,155.842,155.848,155.82,155.88479870197867,456.0,155.832,155.848
2025-12-18T11:15:00Z,155.841,155.848,155.83,155.87949220838152,433.0,155.837,155.853
2025-12-18T11:20:00Z,155.845,155.858,155.828,155.87315991393066,313.0,155.824,155.841
2025-12-18T11:25:00Z,155.832,155.856,155.829,155.8692719254066,396.0,155.837,155.851
2025-12-18T11:30:00Z,155.846,155.858,155.818,155.86403566868572,472.0,155.822,155.838
2025-12-18T11:35:00Z,155.83,155.834,155.814,155.85909757952763,424.0,155.819,155.835
2025-12-18T11:40:00Z,155.828,155.834,155.788,155.85068456892395,532.0,155.789,155.803
2025-12-18T11:45:00Z,155.796,155.803,155.761,155.83939329306742,289.0,155.757,155.774
2025-12-18T11:50:00Z,155.766,155.77,155.722,155.8298741873251,829.0,155.76,155.777
2025-12-18T11:55:00Z,155.768,155.797,155.766,155.82482429568174,346.0,155.783,155.8
2025-12-18T12:00:00Z,155.791,155.804,155.741,155.81964772292417,1530.0,155.778,155.795
2025-12-18T12:05:00Z,155.787,155.796,155.77,155.81436135986763,917.0,155.772,155.789
2025-12-18T12:10:00Z,155.78,155.796,155.766,155.81004651188528,803.0,155.774,155.789
2025-12-18T12:15:00Z,155.78,155.808,155.768,155.8077736436339,888.0,155.785,155.801
2025-12-18T12:20:00Z,155.794,155.806,155.741,155.80220382448272,769.0,155.758,155.774
2025-12-18T12:25:00Z,155.766,155.779,155.743,155.79617664788503,848.0,155.748,155.766
2025-12-18T12:30:00Z,155.756,155.822,155.754,155.79268642816703,776.0,155.761,155.779
2025-12-18T12:35:00Z,155.77,155.852,155.77,155.79992823774478,865.0,155.839,155.855
2025-12-18T12:40:00Z,155.851,155.864,155.825,155.80393780604547,870.0,155.822,155.839
2025-12-18T12:45:00Z,155.831,155.842,155.811,155.80554609857273,664.0,155.808,155.823
2025-12-18T12:50:00Z,155.817,155.84,155.808,155.8062732854297,897.0,155.802,155.82
2025-12-18T12:55:00Z,155.812,155.824,155.787,155.80837018070577,594.0,155.813,155.831
2025-12-18T13:00:00Z,155.824,155.836,155.756,155.80432082327835,1157.0,155.769,155.787
2025-12-18T13:05:00Z,155.78,155.796,155.752,155.79974471350792,841.0,155.762,155.779
2025-12-18T13:10:00Z,155.772,155.796,155.74,155.7923120850402,466.0,155.735,155.753
2025-12-18T13:15:00Z,155.744,155.748,155.683,155.7853371403682,1819.0,155.732,155.748
2025-12-18T13:20:00Z,155.742,155.79,155.734,155.78022552165245,1809.0,155.74,155.754
2025-12-18T13:25:00Z,155.748,155.773,155.72,155.77272878543212,955.0,155.698,155.749
2025-12-18T13:30:00Z,155.734,155.736,155.38,155.75743161404117,4519.0,155.649,155.667
2025-12-18T13:35:00Z,155.66,155.682,155.577,155.73804073216903,3775.0,155.605,155.62
2025-12-18T13:40:00Z,155.61,155.627,155.53,155.71830196787982,3653.0,155.581,155.598
2025-12-18T13:45:00Z,155.589,155.596,155.504,155.68999503882918,2995.0,155.497,155.514
2025-12-18T13:50:00Z,155.506,155.508,155.422,155.6650623669853,3287.0,155.495,155.511
2025-12-18T13:55:00Z,155.501,155.607,155.492,155.6555873847206,2336.0,155.587,155.601
2025-12-18T14:00:00Z,155.592,155.605,155.453,155.63110906675786,2673.0,155.463,155.481
2025-12-18T14:05:00Z,155.472,155.475,155.384,155.5986945245235,2668.0,155.38,155.395
2025-12-18T14:10:00Z,155.389,155.445,155.35,155.57513525458702,2403.0,155.413,155.431
2025-12-18T14:15:00Z,155.422,155.436,155.358,155.55538388730875,1957.0,155.419,155.435
2025-12-18T14:20:00Z,155.424,155.462,155.386,155.5338660356676,1946.0,155.384,155.403
2025-12-18T14:25:00Z,155.392,155.436,155.389,155.51548389757858,1644.0,155.388,155.404
2025-12-18T14:30:00Z,155.396,155.437,155.37,155.50115271123477,1692.0,155.4,155.415
2025-12-18T14:35:00Z,155.407,155.416,155.354,155.4815323497368,1576.0,155.346,155.363
2025-12-18T14:40:00Z,155.354,155.4,155.284,155.47012803643855,1965.0,155.388,155.404
2025-12-18T14:45:00Z,155.396,155.423,155.33,155.4535776315801,1690.0,155.338,155.355
2025-12-18T14:50:00Z,155.346,155.398,155.302,155.44590061403608,1747.0,155.387,155.405
2025-12-18T14:55:00Z,155.394,155.492,155.384,155.45204719883128,1555.0,155.485,155.498
2025-12-18T15:00:00Z,155.493,155.526,155.463,155.45657423898712,1730.0,155.478,155.494
2025-12-18T15:05:00Z,155.486,155.498,155.454,155.46143100712217,1008.0,155.485,155.501
2025-12-18T15:10:00Z,155.494,155.496,155.444,155.46177353950588,1000.0,155.456,155.473
2025-12-18T15:15:00Z,155.466,155.572,155.458,155.47353706757178,1155.0,155.542,155.557
2025-12-18T15:20:00Z,155.55,155.594,155.542,155.48479879189554,1346.0,155.549,155.566
2025-12-18T15:25:00Z,155.557,155.666,155.552,155.50655895297615,1111.0,155.641,155.656
2025-12-18T15:30:00Z,155.65,155.695,155.635,155.52635109257935,1093.0,155.648,155.662
2025-12-18T15:35:00Z,155.656,155.656,155.596,155.5361709469021,2010.0,155.592,155.608
2025-12-18T15:40:00Z,155.602,155.61,155.512,155.53974815398183,1470.0,155.555,155.571
2025-12-18T15:45:00Z,155.564,155.644,155.556,155.54271506678427,1261.0,155.554,155.57
2025-12-18T15:50:00Z,155.562,155.593,155.522,155.54288639121305,1416.0,155.535,155.552
2025-12-18T15:55:00Z,155.544,155.563,155.52,155.54036820571798,1608.0,155.516,155.533
2025-12-18T16:00:00Z,155.524,155.551,155.496,155.53471911162225,1272.0,155.489,155.506
2025-12-18T16:05:00Z,155.497,155.52,155.476,155.52688989673928,913.0,155.468,155.484
2025-12-18T16:10:00Z,155.476,155.476,155.37,155.50730457717404,1362.0,155.373,155.387
2025-12-18T16:15:00Z,155.38,155.446,155.364,155.49886396688416,1144.0,155.436,155.452
2025-12-18T16:20:00Z,155.442,155.478,155.426,155.49181543796627,779.0,155.437,155.454
2025-12-18T16:25:00Z,155.445,155.49,155.432,155.48397337957076,972.0,155.425,155.441
2025-12-18T16:30:00Z,155.432,155.488,155.416,155.48371026229466,1158.0,155.474,155.489
2025-12-18T16:35:00Z,155.482,155.505,155.446,155.48001556065537,966.0,155.448,155.465
2025-12-18T16:40:00Z,155.457,155.495,155.45,155.48161348590133,788.0,155.484,155.499
2025-12-18T16:45:00Z,155.491,155.542,155.486,155.4896650211145,803.0,155.533,155.55
2025-12-18T16:50:00Z,155.54,155.568,155.534,155.49984301829923,766.0,155.56,155.572
2025-12-18T16:55:00Z,155.568,155.58,155.522,155.50413061585934,717.0,155.526,155.538
2025-12-18T17:00:00Z,155.532,155.598,155.529,155.5163798670781,958.0,155.589,155.604
2025-12-18T17:05:00Z,155.596,155.614,155.571,155.52886255146768,1022.0,155.602,155.618
2025-12-18T17:10:00Z,155.61,155.653,155.598,155.54474754460531,1206.0,155.64,155.655
2025-12-18T17:15:00Z,155.648,155.69,155.642,155.55811453865795,1521.0,155.636,155.654
2025-12-18T17:20:00Z,155.644,155.656,155.619,155.56716593350356,1033.0,155.62,155.633
2025-12-18T17:25:00Z,155.628,155.634,155.606,155.57474380903642,519.0,155.616,155.631
2025-12-18T17:30:00Z,155.624,155.633,155.616,155.5821113011649,627.0,155.624,155.637
2025-12-18T17:35:00Z,155.63,155.66,155.606,155.58556312767624,770.0,155.599,155.616
2025-12-18T17:40:00Z,155.609,155.611,155.582,155.58695471065275,624.0,155.588,155.603
2025-12-18T17:45:00Z,155.596,155.648,155.595,155.5950940825657,528.0,155.639,155.657
2025-12-18T17:50:00Z,155.648,155.67,155.644,155.6049482048903,563.0,155.661,155.677
2025-12-18T17:55:00Z,155.67,155.683,155.632,155.60988844423827,736.0,155.634,155.649
2025-12-18T18:00:00Z,155.638,155.698,155.632,155.61710331833984,906.0,155.657,155.671
2025-12-18T18:05:00Z,155.666,155.668,155.604,155.61562287589453,780.0,155.598,155.614
2025-12-18T18:10:00Z,155.608,155.618,155.58,155.6116731591086,627.0,155.578,155.593
2025-12-18T18:15:00Z,155.584,155.648,155.583,155.6165167378941,449.0,155.64,155.655
2025-12-18T18:20:00Z,155.648,155.68,155.648,155.62324783950822,401.0,155.659,155.675
2025-12-18T18:25:00Z,155.668,155.688,155.658,155.62788146090713,492.0,155.65,155.666
2025-12-18T18:30:00Z,155.657,155.666,155.642,155.63269726611952,351.0,155.656,155.673
2025-12-18T18:35:00Z,155.664,155.671,155.654,155.63607096397024,364.0,155.649,155.666
