time,open,high,low,close,volume,bid_close,ask_close,close_ema_14
2022-10-13T13:00:00Z,147.295,147.674,146.447,147.212,52757.0,147.203,147.22,147.212
2022-10-13T17:00:00Z,147.21,147.301,146.832,147.216,19457.0,147.201,147.23,147.21253333333334
2022-10-13T21:00:00Z,147.127,147.453,147.089,147.344,13132.0,147.335,147.353,147.23006222222224
2022-10-14T01:00:00Z,147.344,147.466,147.09,147.434,19004.0,147.425,147.443,147.25725392592594
2022-10-14T05:00:00Z,147.435,147.748,147.357,147.688,27864.0,147.68,147.697,147.31468673580247
2022-10-14T09:00:00Z,147.684,147.88,147.5,147.704,30340.0,147.697,147.712,147.36659517102882
2022-10-14T13:00:00Z,147.705,148.862,147.682,148.848,41060.0,148.839,148.857,147.56411581489166
2022-10-14T17:00:00Z,148.848,148.858,148.558,148.758,15645.0,148.73,148.785,147.72330037290612
2022-10-16T21:00:00Z,148.582,148.72,148.43,148.557,14932.0,148.548,148.566,147.8344603231853
2022-10-17T01:00:00Z,148.549,148.804,148.541,148.799,15429.0,148.79,148.808,147.96306561342726
2022-10-17T05:00:00Z,148.796,148.796,148.582,148.713,24415.0,148.706,148.72,148.0630568649703
2022-10-17T09:00:00Z,148.712,148.895,148.596,148.692,20000.0,148.685,148.699,148.1469159496409
2022-10-17T13:00:00Z,148.692,148.844,148.572,148.83,22307.0,148.823,148.838,148.23799382302212
2022-10-17T17:00:00Z,148.83,149.092,148.743,149.024,13067.0,149.014,149.033,148.34279464661918
2022-10-17T21:00:00Z,148.991,149.039,148.744,148.768,11673.0,148.758,148.778,148.39948869373663
2022-10-18T01:00:00Z,148.77,148.951,148.673,148.786,16979.0,148.777,148.796,148.45102353457176
2022-10-18T05:00:00Z,148.788,149.29,148.766,149.279,23515.0,149.27,149.288,148.56142039662888
2022-10-18T09:00:00Z,149.279,149.29,148.127,148.988,26239.0,148.98,148.996,148.61829767707837
2022-10-18T13:00:00Z,148.988,149.39,148.944,149.184,22469.0,149.176,149.192,148.69372465346794
2022-10-18T17:00:00Z,149.174,149.286,149.15,149.242,13898.0,149.228,149.257,148.76682803300554
2022-10-18T21:00:00Z,149.265,149.279,149.1,149.182,13008.0,149.173,149.192,148.82218429527148
2022-10-19T01:00:00Z,149.182,149.305,149.124,149.296,13913.0,149.287,149.305,148.88535972256864
2022-10-19T05:00:00Z,149.294,149.485,149.23,149.422,21629.0,149.413,149.43,148.9569117595595
2022-10-19T09:00:00Z,149.423,149.778,149.371,149.74,22830.0,149.732,149.749,149.06132352495158
2022-10-19T13:00:00Z,149.74,149.845,149.624,149.84,17803.0,149.832,149.849,149.16514705495803
2022-10-19T17:00:00Z,149.84,149.909,149.812,149.896,12752.0,149.882,149.91,149.26259411429695
2022-10-19T21:00:00Z,149.894,149.94,149.711,149.926,12741.0,149.918,149.935,149.3510482323907
2022-10-20T01:00:00Z,149.928,149.962,149.853,149.91,12025.0,149.9,149.919,149.4255751347386
2022-10-20T05:00:00Z,149.91,150.092,149.616,149.947,21893.0,149.939,149.955,149.4950984501068
2022-10-20T09:00:00Z,149.94,149.946,149.681,149.91,24717.0,149.901,149.918,149.55041865675923
2022-10-20T13:00:00Z,149.908,149.949,149.553,149.916,22870.0,149.908,149.924,149.599162835858
2022-10-20T17:00:00Z,149.919,150.288,149.91,150.16,12390.0,150.148,150.172,149.67394112441028
2022-10-20T21:00:00Z,150.152,150.222,150.044,150.159,10303.0,150.15,150.168,149.73861564115558
2022-10-21T01:00:00Z,150.156,150.435,150.153,150.388,12275.0,150.378,150.397,149.82520022233484
2022-10-21T05:00:00Z,150.388,150.95,150.296,150.938,21147.0,150.93,150.946,149.97357352602353
2022-10-21T09:00:00Z,150.938,151.946,150.78,151.478,27991.0,151.465,151.492,150.17416372255374
2022-10-21T13:00:00Z,151.48,151.689,146.197,147.25,106443.0,147.235,147.266,149.78427522621325
2022-10-21T17:00:00Z,147.256,148.459,146.63,147.641,43571.0,147.591,147.691,149.4985051960515
2022-10-23T21:00:00Z,147.707,149.714,145.534,148.721,37826.0,148.708,148.734,149.39483783657798
2022-10-24T01:00:00Z,148.722,149.046,148.522,148.904,22508.0,148.893,148.914,149.3293927917009
2022-10-24T05:00:00Z,148.902,149.406,148.781,149.326,27936.0,149.317,149.335,149.32894041947412
2022-10-24T09:00:00Z,149.326,149.462,148.272,149.069,30257.0,149.06,149.078,149.29428169687756
2022-10-24T13:00:00Z,149.064,149.226,148.658,148.96,36488.0,148.953,148.967,149.24971080396057
2022-10-24T17:00:00Z,148.959,149.098,148.783,149.02,15373.0,148.995,149.046,149.21908269676584
2022-10-24T21:00:00Z,148.925,149.102,148.502,148.977,10934.0,148.965,148.989,149.18680500386373
2022-10-25T01:00:00Z,148.975,149.064,148.786,148.896,9962.0,148.886,148.906,149.14803100334856
2022-10-25T05:00:00Z,148.897,149.01,148.848,148.872,12899.0,148.863,148.88,149.11122686956875
2022-10-25T09:00:00Z,148.87,148.989,148.661,148.776,12142.0,148.766,148.787,149.06652995362626
2022-10-25T13:00:00Z,148.784,148.804,147.513,148.036,37921.0,148.026,148.046,148.92912595980943
2022-10-25T17:00:00Z,148.036,148.129,147.827,147.944,17462.0,147.93,147.959,148.79777583183483
2022-10-25T21:00:00Z,147.998,148.368,147.884,148.136,15871.0,148.128,148.145,148.70953905425685
2022-10-26T01:00:00Z,148.136,148.414,148.084,148.262,14143.0,148.252,148.272,148.64986718035595
2022-10-26T05:00:00Z,148.26,148.28,146.76,146.994,28553.0,146.985,147.003,148.42908488964184
2022-10-26T09:00:00Z,146.996,147.359,146.709,147.284,27459.0,147.273,147.294,148.27640690435626
2022-10-26T13:00:00Z,147.286,147.333,146.23,146.424,38891.0,146.415,146.432,148.02941931710876
2022-10-26T17:00:00Z,146.428,146.498,146.226,146.376,19261.0,146.358,146.393,147.80896340816093
2022-10-26T21:00:00Z,146.37,146.47,145.995,146.062,18033.0,146.051,146.073,147.57603495373948
2022-10-27T01:00:00Z,146.064,146.397,145.772,145.824,19622.0,145.814,145.835,147.34243029324088
2022-10-27T05:00:00Z,145.822,146.01,145.108,145.952,35446.0,145.941,145.962,147.15703958747542
2022-10-27T09:00:00Z,145.952,146.942,145.92,146.532,40994.0,146.522,146.541,147.07370097581205
2022-10-27T13:00:00Z,146.531,146.666,145.664,146.125,48817.0,146.115,146.135,146.94720751237045
2022-10-27T17:00:00Z,146.112,146.314,145.952,146.291,17808.0,146.277,146.305,146.85971317738773
2022-10-27T21:00:00Z,146.296,146.633,146.085,146.608,17241.0,146.598,146.619,146.8261514204027
2022-10-28T01:00:00Z,146.608,146.859,145.96,146.277,29405.0,146.266,146.288,146.75293123101568
2022-10-28T05:00:00Z,146.276,147.588,146.21,147.437,36546.0,147.427,147.447,146.8441404002136
2022-10-28T09:00:00Z,147.435,147.862,147.132,147.718,33105.0,147.708,147.729,146.96065501351845
2022-10-28T13:00:00Z,147.719,147.758,147.252,147.716,31634.0,147.708,147.723,147.06136767838265
2022-10-28T17:00:00Z,147.716,147.744,147.35,147.481,12122.0,147.435,147.527,147.1173186545983
2022-10-30T21:00:00Z,147.735,148.28,147.426,148.226,18160.0,148.217,148.235,147.2651428339852
2022-10-31T01:00:00Z,148.227,148.264,147.811,147.97,12834.0,147.963,147.978,147.35912378945386
2022-10-31T05:00:00Z,147.972,148.338,147.738,148.258,20264.0,148.249,148.266,147.47897395086002
2022-10-31T09:00:00Z,148.257,148.793,148.2,148.744,26264.0,148.736,148.751,147.64764409074536
2022-10-31T13:00:00Z,148.744,148.851,148.428,148.599,24632.0,148.591,148.607,147.77449154531266
2022-10-31T17:00:00Z,148.596,148.762,148.522,148.742,14923.0,148.728,148.757,147.9034926726043
2022-10-31T21:00:00Z,148.667,148.827,148.571,148.734,10795.0,148.723,148.744,148.01422698292373
2022-11-01T01:00:00Z,148.734,148.738,148.126,148.408,18875.0,148.398,148.418,148.06673005186724
2022-11-01T05:00:00Z,148.406,148.431,147.502,147.546,27711.0,147.536,147.556,147.99729937828494
2022-11-01T09:00:00Z,147.546,147.78,146.988,147.056,30169.0,147.047,147.064,147.87179279451362
2022-11-01T13:00:00Z,147.055,148.265,147.023,148.177,38363.0,148.168,148.186,147.91248708857847
2022-11-01T17:00:00Z,148.175,148.346,148.154,148.226,14646.0,148.213,148.239,147.95428881010136
2022-11-01T21:00:00Z,148.28,148.376,147.189,147.234,18467.0,147.224,147.244,147.85825030208784
2022-11-02T01:00:00Z,147.231,147.711,147.164,147.624,18339.0,147.615,147.633,147.82701692847613
2022-11-02T05:00:00Z,147.622,147.626,147.024,147.16,23008.0,147.151,147.169,147.73808133801265
2022-11-02T09:00:00Z,147.159,147.408,146.822,147.096,29303.0,147.087,147.105,147.6524704929443
2022-11-02T13:00:00Z,147.093,147.171,146.858,147.061,20921.0,147.052,147.07,147.57360776055174
2022-11-02T17:00:00Z,147.063,147.972,145.668,147.918,58451.0,147.907,147.93,147.6195267258115
2022-11-02T21:00:00Z,147.828,148.002,147.316,147.35,14292.0,147.339,147.36,147.58358982903664
2022-11-03T01:00:00Z,147.348,147.538,147.114,147.262,19337.0,147.252,147.272,147.5407111851651
2022-11-03T05:00:00Z,147.262,148.196,147.244,148.125,30743.0,148.115,148.135,147.6186163604764
2022-11-03T09:00:00Z,148.124,148.448,148.064,148.437,38373.0,148.429,148.445,147.72773417907956
2022-11-03T13:00:00Z,148.438,148.453,147.609,148.232,41147.0,148.224,148.241,147.79496962186897
2022-11-03T17:00:00Z,148.238,148.314,148.168,148.28,14810.0,148.264,148.295,147.8596403389531
2022-11-03T21:00:00Z,148.163,148.404,147.98,148.204,11479.0,148.194,148.214,147.90555496042603
2022-11-04T01:00:00Z,148.206,148.236,147.854,147.87,17115.0,147.86,147.881,147.9008142990359
2022-11-04T05:00:00Z,147.87,148.046,147.538,147.717,26299.0,147.706,147.728,147.87630572583112
2022-11-04T09:00:00Z,147.716,148.231,147.116,147.196,36277.0,147.186,147.206,147.7855982957203
2022-11-04T13:00:00Z,147.196,147.39,146.559,147.159,50269.0,147.15,147.168,147.70205185629092
2022-11-04T17:00:00Z,147.156,147.175,146.557,146.646,18561.0,146.613,146.679,147.5612449421188
2022-11-06T22:00:00Z,147.058,147.221,146.704,147.106,18262.0,147.096,147.115,147.50054561650296
2022-11-07T02:00:00Z,147.106,147.346,147.046,147.162,12642.0,147.153,147.171,147.45540620096924
2022-11-07T06:00:00Z,147.16,147.572,146.581,146.707,32162.0,146.699,146.715,147.35561870750666
2022-11-07T10:00:00Z,146.706,146.792,146.142,146.326,30065.0,146.317,146.335,147.21833621317245
2022-11-07T14:00:00Z,146.325,146.736,146.083,146.518,31259.0,146.509,146.526,147.12495805141612
2022-11-07T18:00:00Z,146.518,146.684,146.44,146.626,11266.0,146.609,146.642,147.0584303112273
2022-11-07T22:00:00Z,146.609,146.782,146.312,146.695,13348.0,146.685,146.705,147.00997293639702
2022-11-08T02:00:00Z,146.698,146.811,146.513,146.754,10130.0,146.744,146.764,146.9758432115441
2022-11-08T06:00:00Z,146.756,146.937,146.192,146.216,22319.0,146.205,146.226,146.87453078333823
2022-11-08T10:00:00Z,146.217,146.554,146.15,146.366,21602.0,146.359,146.374,146.80672667889314
2022-11-08T14:00:00Z,146.366,146.376,145.312,145.533,30822.0,145.524,145.542,146.63689645504073
2022-11-08T18:00:00Z,145.533,145.726,145.372,145.636,18070.0,145.616,145.656,146.50344359436863
2022-11-08T22:00:00Z,145.685,145.866,145.202,145.591,18708.0,145.582,145.6,146.38178444845283
2022-11-09T02:00:00Z,145.58,145.786,145.171,145.782,19181.0,145.773,145.79,146.30181318865914
2022-11-09T06:00:00Z,145.786,145.91,145.214,145.77,30755.0,145.761,145.779,146.23090476350458
2022-11-09T10:00:00Z,145.772,146.466,145.59,146.42,31071.0,146.41,146.431,146.25611746170398
2022-11-09T14:00:00Z,146.422,146.582,145.816,146.19,38007.0,146.181,146.2,146.24730180014345
2022-11-09T18:00:00Z,146.186,146.798,146.142,146.414,19958.0,146.397,146.43,146.26952822679098
2022-11-09T22:00:00Z,146.45,146.499,146.11,146.242,14306.0,146.232,146.252,146.26585779655218
2022-11-10T02:00:00Z,146.244,146.319,146.05,146.137,14970.0,146.128,146.146,146.2486767570119
2022-11-10T06:00:00Z,146.142,146.448,146.102,146.421,26388.0,146.413,146.429,146.27165318941033
2022-11-10T10:00:00Z,146.422,146.593,143.172,143.714,38063.0,143.704,143.724,145.93063276415563
2022-11-10T14:00:00Z,143.726,143.876,141.466,142.112,82710.0,142.102,142.122,145.42148172893488
2022-11-10T18:00:00Z,142.094,142.202,140.202,140.936,36101.0,140.921,140.95,144.82341749841024
2022-11-10T22:00:00Z,140.992,142.484,140.935,142.358,30973.0,142.346,142.37,144.49469516528887
2022-11-11T02:00:00Z,142.36,142.47,141.332,141.666,26952.0,141.656,141.676,144.11753580991703
2022-11-11T06:00:00Z,141.661,141.714,139.976,140.036,43629.0,140.026,140.046,143.57333103526142
2022-11-11T10:00:00Z,140.034,140.1,138.754,139.262,54582.0,139.251,139.272,142.99848689722657
2022-11-11T14:00:00Z,139.26,139.801,138.686,138.777,47578.0,138.766,138.788,142.43562197759636
2022-11-11T18:00:00Z,138.774,138.901,138.468,138.841,21403.0,138.791,138.891,141.95633904725017
2022-11-13T22:00:00Z,139.165,139.95,138.801,139.099,34139.0,139.088,139.11,141.5753605076168
2022-11-14T02:00:00Z,139.097,139.684,138.903,139.584,25814.0,139.576,139.593,141.3098457732679
2022-11-14T06:00:00Z,139.584,140.418,139.106,140.388,42513.0,140.376,140.399,141.18693300349886
2022-11-14T10:00:00Z,140.39,140.801,140.071,140.484,39277.0,140.473,140.494,141.09320860303237
2022-11-14T14:00:00Z,140.48,140.717,140.21,140.256,37617.0,140.247,140.265,140.98158078929472
2022-11-14T18:00:00Z,140.253,140.263,139.65,139.916,14338.0,139.903,139.929,140.8395033507221
2022-11-14T22:00:00Z,139.91,140.512,139.891,140.28,18738.0,140.271,140.29,140.76490290395915
2022-11-15T02:00:00Z,140.28,140.626,140.192,140.378,19172.0,140.367,140.388,140.71331585009793
2022-11-15T06:00:00Z,140.38,140.448,139.178,139.372,43754.0,139.363,139.382,140.53447373675155
2022-11-15T10:00:00Z,139.362,139.47,137.664,138.618,50657.0,138.61,138.627,140.2789439051847
2022-11-15T14:00:00Z,138.606,139.69,138.339,139.277,60461.0,139.267,139.287,140.1453513844934
2022-11-15T18:00:00Z,139.274,139.522,138.984,139.316,48875.0,139.301,139.332,140.0347711998943
2022-11-15T22:00:00Z,139.279,139.918,138.732,139.726,33487.0,139.716,139.737,139.99360170657505
2022-11-16T02:00:00Z,139.724,140.295,139.6,139.719,32814.0,139.708,139.73,139.95698814569838
2022-11-16T06:00:00Z,139.722,140.009,139.272,139.394,38824.0,139.384,139.403,139.88192305960527
2022-11-16T10:00:00Z,139.388,140.037,139.188,139.78,38495.0,139.772,139.789,139.86833331832457
2022-11-16T14:00:00Z,139.776,139.804,139.042,139.414,39372.0,139.406,139.423,139.80775554254797
2022-11-16T18:00:00Z,139.415,139.712,139.244,139.54,18860.0,139.52,139.559,139.77205480354158
2022-11-16T22:00:00Z,139.481,139.604,139.222,139.524,17727.0,139.515,139.534,139.73898082973605
2022-11-17T02:00:00Z,139.526,139.804,139.362,139.436,22951.0,139.426,139.446,139.69858338577126
2022-11-17T06:00:00Z,139.438,139.712,138.878,139.626,32624.0,139.616,139.636,139.68890560100175
2022-11-17T10:00:00Z,139.626,140.598,139.569,140.515,41220.0,140.506,140.524,139.79905152086818
2022-11-17T14:00:00Z,140.511,140.742,140.182,140.296,34371.0,140.287,140.306,139.86531131808576
2022-11-17T18:00:00Z,140.298,140.358,140.061,140.214,15094.0,140.199,140.23,139.911803142341
2022-11-17T22:00:00Z,140.208,140.502,140.024,140.075,24185.0,140.065,140.085,139.9335627233622
2022-11-18T02:00:00Z,140.076,140.08,139.649,139.785,22251.0,139.775,139.795,139.91375436024725
2022-11-18T06:00:00Z,139.784,140.292,139.632,139.95,34397.0,139.941,139.959,139.91858711221428
2022-11-18T10:00:00Z,139.95,140.082,139.71,139.933,28847.0,139.923,139.943,139.9205088305857
2022-11-18T14:00:00Z,139.93,140.254,139.692,140.244,26639.0,140.237,140.25,139.9636409865076
2022-11-18T18:00:00Z,140.244,140.427,140.178,140.376,11553.0,140.352,140.4,140.0186221883066
2022-11-20T22:00:00Z,140.331,140.5,140.163,140.298,19870.0,140.287,140.309,140.05587256319907
2022-11-21T02:00:00Z,140.294,140.574,140.294,140.548,17332.0,140.539,140.558,140.12148955477252
2022-11-21T06:00:00Z,140.551,141.876,140.486,141.839,32078.0,141.832,141.846,140.35049094746952
2022-11-21T10:00:00Z,141.838,142.061,141.548,141.598,31643.0,141.588,141.608,140.51682548780693
2022-11-21T14:00:00Z,141.596,142.255,141.318,142.11,29145.0,142.102,142.118,140.72924875609934
2022-11-21T18:00:00Z,142.11,142.21,142.006,142.104,15570.0,142.088,142.12,140.91254892195278
2022-11-21T22:00:00Z,142.069,142.244,141.762,141.825,17784.0,141.818,141.832,141.0342090656924
2022-11-22T02:00:00Z,141.824,141.97,141.636,141.84,17004.0,141.831,141.85,141.14164785693342
2022-11-22T06:00:00Z,141.842,142.036,141.169,141.28,27557.0,141.271,141.288,141.1600948093423
2022-11-22T10:00:00Z,141.28,141.472,141.084,141.46,23959.0,141.451,141.468,141.20008216809666
2022-11-22T14:00:00Z,141.457,141.548,141.15,141.234,21930.0,141.225,141.242,141.20460454568376
2022-11-22T18:00:00Z,141.236,141.3,141.149,141.212,10443.0,141.198,141.226,141.20559060625928
2022-11-22T22:00:00Z,141.25,141.442,140.91,141.34,14765.0,141.328,141.351,141.22351185875806
2022-11-23T02:00:00Z,141.344,141.51,141.2,141.348,11287.0,141.338,141.359,141.24011027759033
2022-11-23T06:00:00Z,141.352,141.51,141.068,141.348,23572.0,141.339,141.357,141.25449557391164
2022-11-23T10:00:00Z,141.346,141.616,140.99,141.055,24534.0,141.047,141.063,141.22789616405674
2022-11-23T14:00:00Z,141.06,141.128,139.56,139.846,39692.0,139.837,139.856,141.04364334218252
2022-11-23T18:00:00Z,139.842,139.978,139.162,139.59,28167.0,139.572,139.609,140.8498242298915
2022-11-23T22:00:00Z,139.608,139.631,138.762,138.793,21666.0,138.782,138.804,140.57558099923932
2022-11-24T02:00:00Z,138.787,138.972,138.61,138.927,18227.0,138.917,138.937,140.35577019934075
2022-11-24T06:00:00Z,138.928,139.222,138.548,138.574,27583.0,138.566,138.583,140.11820083942865
2022-11-24T10:00:00Z,138.574,138.596,138.048,138.31,29325.0,138.301,138.32,139.8771073941715
2022-11-24T14:00:00Z,138.314,138.502,138.092,138.412,17570.0,138.403,138.42,139.6817597416153
2022-11-24T18:00:00Z,138.412,138.654,138.397,138.636,4162.0,138.618,138.653,139.54232510939994
2022-11-24T22:00:00Z,138.644,139.051,138.466,138.768,15068.0,138.758,138.777,139.43908176147994
2022-11-25T02:00:00Z,138.768,138.807,138.374,138.676,16018.0,138.668,138.684,139.33733752661595
2022-11-25T06:00:00Z,138.677,139.527,138.416,139.394,30255.0,139.383,139.404,139.34489252306716
2022-11-25T10:00:00Z,139.393,139.6,139.18,139.354,26586.0,139.346,139.363,139.34610685332487
2022-11-25T14:00:00Z,139.352,139.572,139.019,139.147,21347.0,139.136,139.158,139.31955927288155
2022-11-25T18:00:00Z,139.15,139.242,139.004,139.164,20400.0,139.114,139.214,139.29881803649735
2022-11-27T22:00:00Z,139.306,139.426,138.654,138.692,17054.0,138.683,138.7,139.21790896496438
2022-11-28T02:00:00Z,138.691,138.778,138.336,138.371,18606.0,138.361,138.381,139.1049877696358
2022-11-28T06:00:00Z,138.37,138.398,137.494,137.773,39999.0,137.764,137.782,138.92738940035105
2022-11-28T10:00:00Z,137.764,138.747,137.53,138.52,32625.0,138.513,138.527,138.87307081363758
2022-11-28T14:00:00Z,138.519,138.922,138.319,138.802,35255.0,138.793,138.81,138.86359470515256
2022-11-28T18:00:00Z,138.798,139.012,138.775,138.92,14855.0,138.907,138.933,138.87111541113222
2022-11-28T22:00:00Z,138.921,139.355,138.54,138.76,17752.0,138.749,138.77,138.85630002298126
2022-11-29T02:00:00Z,138.76,138.889,138.418,138.528,22426.0,138.519,138.538,138.81252668658377
2022-11-29T06:00:00Z,138.522,138.7,137.924,138.124,38835.0,138.115,138.132,138.7207231283726
2022-11-29T10:00:00Z,138.123,138.63,137.866,138.595,32357.0,138.586,138.604,138.7039600445896
2022-11-29T14:00:00Z,138.596,138.854,138.214,138.467,31255.0,138.459,138.475,138.67236537197766
2022-11-29T18:00:00Z,138.469,138.798,138.38,138.702,12580.0,138.688,138.715,138.67631665571398
2022-11-29T22:00:00Z,138.653,138.946,138.444,138.522,21295.0,138.513,138.53,138.6557411016188
2022-11-30T02:00:00Z,138.52,138.85,138.375,138.478,18210.0,138.469,138.488,138.6320422880696
2022-11-30T06:00:00Z,138.476,138.87,138.331,138.764,26697.0,138.757,138.771,138.64963664966032
2022-11-30T10:00:00Z,138.765,139.434,138.474,139.384,35015.0,139.375,139.394,138.74755176303896
2022-11-30T14:00:00Z,139.388,139.897,139.048,139.376,38810.0,139.366,139.385,138.83134486130044
2022-11-30T18:00:00Z,139.378,139.594,137.653,138.118,49596.0,138.102,138.134,138.73623221312704
2022-11-30T22:00:00Z,138.076,138.118,136.496,136.78,32093.0,136.769,136.792,138.47540125137678
2022-12-01T02:00:00Z,136.78,136.997,136.205,136.406,25710.0,136.397,136.416,138.19948108452655
2022-12-01T06:00:00Z,136.404,136.668,135.834,136.338,38001.0,136.329,136.346,137.9512836065897
2022-12-01T10:00:00Z,136.34,136.496,135.754,136.195,34563.0,136.185,136.205,137.71711245904442
2022-12-01T14:00:00Z,136.2,136.33,135.312,135.435,48420.0,135.426,135.444,137.4128307978385
2022-12-01T18:00:00Z,135.437,135.536,135.211,135.348,19955.0,135.335,135.362,137.13752002479336
2022-12-01T22:00:00Z,135.293,135.598,135.012,135.122,21056.0,135.112,135.133,136.86878402148758
2022-12-02T02:00:00Z,135.126,135.336,135.036,135.148,18695.0,135.141,135.156,136.63934615195592
2022-12-02T06:00:00Z,135.148,135.204,133.622,133.988,39179.0,133.978,133.999,136.28583333169513
2022-12-02T10:00:00Z,133.988,135.986,133.87,135.404,45690.0,135.393,135.414,136.16825555413578
2022-12-02T14:00:00Z,135.41,135.746,134.443,134.657,47616.0,134.648,134.666,135.96675481358434
2022-12-02T18:00:00Z,134.656,134.793,134.238,134.332,21296.0,134.31,134.353,135.74878750510643
2022-12-04T22:00:00Z,134.569,134.771,134.13,134.264,22387.0,134.254,134.275,135.5508158377589
2022-12-05T02:00:00Z,134.266,134.656,134.202,134.552,21214.0,134.543,134.561,135.4176403927244
2022-12-05T06:00:00Z,134.55,135.488,134.536,135.239,31464.0,135.23,135.248,135.39382167369448
2022-12-05T10:00:00Z,135.238,135.746,135.016,135.649,27811.0,135.64,135.658,135.42784545053522
2022-12-05T14:00:00Z,135.647,136.671,135.606,136.63,38230.0,136.622,136.639,135.5881327237972
2022-12-05T18:00:00Z,136.63,136.862,136.524,136.754,16923.0,136.74,136.768,135.74358169395757
2022-12-05T22:00:00Z,136.688,136.845,136.291,136.502,21534.0,136.492,136.511,135.84470413476322
2022-12-06T02:00:00Z,136.502,137.18,136.482,136.973,29651.0,136.963,136.983,135.99514358346147
2022-12-06T06:00:00Z,136.971,137.43,136.538,136.774,35310.0,136.764,136.784,136.0989911056666
2022-12-06T10:00:00Z,136.775,136.776,135.964,136.412,28818.0,136.403,136.42,136.14072562491106
2022-12-06T14:00:00Z,136.406,136.878,136.313,136.836,28084.0,136.828,136.843,136.2334288749229
2022-12-06T18:00:00Z,136.836,137.087,136.814,137.055,13143.0,137.041,137.069,136.34297169159987
2022-12-06T22:00:00Z,136.957,137.364,136.794,136.942,20966.0,136.933,136.952,136.4228421327199
2022-12-07T02:00:00Z,136.942,137.498,136.836,137.395,21869.0,137.386,137.404,136.55246318169057
2022-12-07T06:00:00Z,137.395,137.86,137.304,137.622,34255.0,137.612,137.633,136.6950680907985
2022-12-07T10:00:00Z,137.622,137.736,136.534,136.62,33105.0,136.61,136.631,136.68505901202536
2022-12-07T14:00:00Z,136.618,136.87,136.27,136.346,44235.0,136.338,136.355,136.63985114375532
2022-12-07T18:00:00Z,136.344,136.616,136.219,136.586,19532.0,136.573,136.6,136.63267099125463
2022-12-07T22:00:00Z,136.581,137.043,136.246,136.876,19670.0,136.866,136.885,136.66511485908734
2022-12-08T02:00:00Z,136.874,137.249,136.722,137.094,20060.0,137.086,137.103,136.72229954454235
2022-12-08T06:00:00Z,137.1,137.152,136.574,136.982,26840.0,136.974,136.991,136.75692627193672
2022-12-08T10:00:00Z,136.984,136.99,136.31,136.618,25998.0,136.61,136.627,136.73840276901183
2022-12-08T14:00:00Z,136.62,136.782,136.321,136.566,28410.0,136.557,136.574,136.7154157331436
2022-12-08T18:00:00Z,136.565,136.75,136.526,136.69,12782.0,136.677,136.703,136.71202696872444
2022-12-08T22:00:00Z,136.665,136.882,136.038,136.104,27601.0,136.093,136.114,136.63095670622786
2022-12-09T02:00:00Z,136.108,136.358,135.762,136.163,21406.0,136.153,136.173,136.56856247873083
2022-12-09T06:00:00Z,136.16,136.462,135.946,136.204,25935.0,136.198,136.211,136.51995414823338
2022-12-09T10:00:00Z,136.202,136.694,135.604,136.057,34487.0,136.048,136.066,136.45822692846895
2022-12-09T14:00:00Z,136.055,136.915,136.008,136.472,36021.0,136.463,136.48,136.46006333800642
2022-12-09T18:00:00Z,136.472,136.716,136.339,136.568,10226.0,136.527,136.609,136.4744548929389
2022-12-11T22:00:00Z,136.533,137.098,136.492,136.86,19290.0,136.85,136.87,136.5258609072137
2022-12-12T02:00:00Z,136.864,137.139,136.786,137.005,16407.0,136.994,137.016,136.58974611958521
2022-12-12T06:00:00Z,137.004,137.106,136.642,136.652,29586.0,136.643,136.661,136.59804663697386
2022-12-12T10:00:00Z,136.652,137.26,136.62,137.014,19979.0,137.003,137.025,136.65350708537736
2022-12-12T14:00:00Z,137.014,137.688,136.91,137.564,25779.0,137.555,137.572,136.7749061406604
2022-12-12T18:00:00Z,137.564,137.851,137.522,137.656,18075.0,137.641,137.672,136.89238532190566
2022-12-12T22:00:00Z,137.678,137.896,137.392,137.66,22484.0,137.65,137.671,136.99473394565157
2022-12-13T02:00:00Z,137.662,137.974,137.531,137.564,17318.0,137.555,137.574,137.07063608623136
2022-12-13T06:00:00Z,137.558,137.774,137.32,137.68,27560.0,137.67,137.69,137.15188460806718
2022-12-13T10:00:00Z,137.678,137.838,134.947,135.157,39046.0,135.148,135.166,136.88589999365823
2022-12-13T14:00:00Z,135.156,135.375,134.657,135.327,58819.0,135.318,135.336,136.67804666117047
2022-12-13T18:00:00Z,135.326,135.649,135.281,135.6,21387.0,135.587,135.614,136.53430710634774
2022-12-13T22:00:00Z,135.606,135.74,135.29,135.59,23208.0,135.581,135.598,136.40839949216806
2022-12-14T02:00:00Z,135.591,135.66,135.367,135.432,15128.0,135.424,135.439,136.27821289321233
2022-12-14T06:00:00Z,135.43,135.606,135.08,135.212,30884.0,135.204,135.221,136.13605117411734
2022-12-14T10:00:00Z,135.212,135.22,134.51,134.964,31002.0,134.955,134.974,135.97977768423505
2022-12-14T14:00:00Z,134.966,135.136,134.75,135.09,24926.0,135.081,135.098,135.86114065967038
2022-12-14T18:00:00Z,135.092,135.996,134.556,135.482,63729.0,135.467,135.496,135.81058857171433
2022-12-14T22:00:00Z,135.467,135.539,135.24,135.444,20445.0,135.434,135.455,135.76171009548577
2022-12-15T02:00:00Z,135.438,135.886,135.432,135.595,14160.0,135.586,135.604,135.73948208275434
2022-12-15T06:00:00Z,135.594,136.791,135.55,136.568,24261.0,136.56,136.577,135.8499511383871
2022-12-15T10:00:00Z,136.572,136.928,136.384,136.41,29678.0,136.401,136.419,135.92462431993548
2022-12-15T14:00:00Z,136.415,138.13,136.178,138.096,40710.0,138.087,138.104,136.21414107727742
2022-12-15T18:00:00Z,138.09,138.176,137.626,137.782,13068.0,137.767,137.797,136.42318893364043
2022-12-15T22:00:00Z,137.855,137.882,137.3,137.346,14147.0,137.337,137.356,136.54623040915504
2022-12-16T02:00:00Z,137.348,137.412,136.954,137.352,22506.0,137.343,137.361,136.65366635460103
2022-12-16T06:00:00Z,137.354,137.389,136.824,137.188,30564.0,137.179,137.197,136.72491084065422
2022-12-16T10:00:00Z,137.185,137.238,136.945,137.042,24786.0,137.034,137.051,136.76718939523366
2022-12-16T14:00:00Z,137.043,137.356,136.402,136.43,34206.0,136.422,136.439,136.7222308092025
2022-12-16T18:00:00Z,136.435,136.759,136.294,136.741,12118.0,136.691,136.791,136.72473336797552
2022-12-18T22:00:00Z,135.96,136.612,135.818,135.873,23402.0,135.863,135.883,136.6111689189121
2022-12-19T02:00:00Z,135.874,136.352,135.772,136.193,25108.0,136.183,136.203,136.55541306305716
2022-12-19T06:00:00Z,136.194,136.196,135.754,136.124,30734.0,136.115,136.134,136.49789132131622
2022-12-19T10:00:00Z,136.126,136.713,135.984,136.671,25632.0,136.662,136.68,136.52097247847405
2022-12-19T14:00:00Z,136.67,137.164,136.516,136.766,24012.0,136.759,136.772,136.55364281467752
2022-12-19T18:00:00Z,136.766,137.05,136.732,136.912,11912.0,136.896,136.927,136.60142377272052
2022-12-19T22:00:00Z,136.901,137.478,136.716,137.28,19173.0,137.27,137.29,136.69190060302446
2022-12-20T02:00:00Z,137.277,137.42,132.924,132.924,69250.0,132.91,132.939,136.18951385595454
2022-12-20T06:00:00Z,132.918,133.705,131.996,132.06,69418.0,132.049,132.07,135.63891200849395
2022-12-20T10:00:00Z,132.06,132.907,132.06,132.198,39328.0,132.189,132.206,135.18012374069477
2022-12-20T14:00:00Z,132.2,132.538,130.566,131.158,49978.0,131.149,131.167,134.6438405752688
2022-12-20T18:00:00Z,131.16,131.83,131.13,131.7,23191.0,131.688,131.712,134.2513284985663
2022-12-20T22:00:00Z,131.663,132.317,131.495,132.171,27982.0,132.16,132.182,133.9739513654241
2022-12-21T02:00:00Z,132.172,132.376,131.918,132.184,23109.0,132.174,132.194,133.73529118336756
2022-12-21T06:00:00Z,132.188,132.25,131.547,131.666,32299.0,131.654,131.678,133.45938569225189
2022-12-21T10:00:00Z,131.666,132.35,131.564,132.291,27360.0,132.28,132.302,133.30360093328497
2022-12-21T14:00:00Z,132.29,132.534,131.8,132.34,30686.0,132.333,132.348,133.17512080884697
2022-12-21T18:00:00Z,132.344,132.45,132.084,132.447,16282.0,132.432,132.462,133.07803803433404
2022-12-21T22:00:00Z,132.423,132.468,131.796,131.896,25134.0,131.887,131.906,132.9204329630895
2022-12-22T02:00:00Z,131.896,131.982,131.644,131.93,18798.0,131.921,131.94,132.78837523467757
2022-12-22T06:00:00Z,131.928,132.111,131.752,131.986,20957.0,131.977,131.995,132.68139187005391
2022-12-22T10:00:00Z,131.986,132.504,131.908,132.374,21135.0,132.365,132.382,132.64040628738007
2022-12-22T14:00:00Z,132.374,132.724,132.168,132.406,25685.0,132.398,132.413,132.60915211572942
2022-12-22T18:00:00Z,132.408,132.508,132.261,132.374,12593.0,132.358,132.389,132.57779850029883
2022-12-22T22:00:00Z,132.416,132.818,132.154,132.656,30826.0,132.647,132.666,132.58822536692566
2022-12-23T02:00:00Z,132.656,132.762,132.58,132.707,16208.0,132.698,132.716,132.6040619846689
2022-12-23T06:00:00Z,132.711,132.754,132.44,132.594,18617.0,132.585,132.603,132.60272038671306
2022-12-23T10:00:00Z,132.596,133.013,132.527,132.811,21223.0,132.799,132.823,132.630491001818
2022-12-23T14:00:00Z,132.808,133.145,132.733,132.88,26433.0,132.871,132.888,132.66375886824227
2022-12-23T18:00:00Z,132.882,132.942,132.753,132.827,7369.0,132.79,132.864,132.68552435247665
2022-12-26T22:00:00Z,132.857,133.19,132.634,132.868,15237.0,132.858,132.877,132.7098544388131
2022-12-27T02:00:00Z,132.87,132.988,132.786,132.806,10814.0,132.797,132.815,132.72267384697136
2022-12-27T06:00:00Z,132.804,133.222,132.74,133.176,17124.0,133.167,133.184,132.78311733404186
2022-12-27T10:00:00Z,133.178,133.5,133.137,133.462,14070.0,133.453,133.47,132.87363502283628
2022-12-27T14:00:00Z,133.462,133.598,133.178,133.49,18585.0,133.483,133.498,132.95581701979145
2022-12-27T18:00:00Z,133.488,133.57,133.331,133.506,8218.0,133.49,133.523,133.02917475048594
2022-12-27T22:00:00Z,133.49,133.946,133.396,133.702,17824.0,133.693,133.71,133.11888478375448
2022-12-28T02:00:00Z,133.714,134.406,133.714,134.073,20843.0,134.064,134.082,133.24610014592056
2022-12-28T06:00:00Z,134.072,134.208,133.802,134.035,21500.0,134.026,134.044,133.35128679313115
2022-12-28T10:00:00Z,134.034,134.071,133.402,133.819,19332.0,133.81,133.828,133.413648554047
2022-12-28T14:00:00Z,133.821,134.306,133.626,134.176,24391.0,134.167,134.185,133.5152954135074
2022-12-28T18:00:00Z,134.176,134.5,134.066,134.486,11501.0,134.468,134.503,133.64472269170642
2022-12-28T22:00:00Z,134.478,134.478,133.672,133.728,22412.0,133.72,133.737,133.65582633281224
2022-12-29T02:00:00Z,133.746,133.896,133.492,133.674,15010.0,133.666,133.681,133.6582494884373
2022-12-29T06:00:00Z,133.671,133.902,133.472,133.614,22093.0,133.605,133.624,133.65234955664565
2022-12-29T10:00:00Z,133.612,133.828,133.096,133.169,17696.0,133.16,133.178,133.5879029490929
2022-12-29T14:00:00Z,133.166,133.373,132.906,133.03,24204.0,133.021,133.04,133.51351588921383
2022-12-29T18:00:00Z,133.028,133.063,132.88,133.026,14428.0,133.007,133.045,133.448513770652
2022-12-29T22:00:00Z,133.031,133.097,132.385,132.451,22235.0,132.441,132.461,133.31551193456508
2022-12-30T02:00:00Z,132.45,132.777,132.447,132.626,13411.0,132.617,132.634,133.22357700995641
2022-12-30T06:00:00Z,132.624,132.655,131.554,132.121,25157.0,132.112,132.13,133.07656674196224
2022-12-30T10:00:00Z,132.114,132.114,131.606,131.906,22943.0,131.897,131.915,132.92049117636728
2022-12-30T14:00:00Z,131.906,132.336,131.003,131.003,35475.0,130.992,131.014,132.66482568618497
2022-12-30T18:00:00Z,131.003,131.296,130.771,131.101,21043.0,131.058,131.144,132.45631559469365
2023-01-01T22:00:00Z,130.827,131.052,130.738,130.959,993.0,130.909,131.009,132.25667351540116
2023-01-02T02:00:00Z,130.964,131.041,130.91,130.94,2439.0,130.896,130.985,132.08111704668102
2023-01-02T06:00:00Z,130.94,130.982,130.861,130.875,5795.0,130.852,130.898,131.92030144045688
2023-01-02T10:00:00Z,130.87,130.891,130.618,130.646,7733.0,130.619,130.673,131.7503945817293
2023-01-02T14:00:00Z,130.647,130.842,130.639,130.788,32125.0,130.746,130.831,131.6220753041654
2023-01-02T18:00:00Z,130.791,130.797,130.659,130.659,6672.0,130.609,130.709,131.49366526361
2023-01-02T22:00:00Z,130.659,131.406,129.81,130.154,27079.0,130.142,130.165,131.315043228462
2023-01-03T02:00:00Z,130.156,130.31,129.508,129.82,29076.0,129.809,129.83,131.11570413133373
2023-01-03T06:00:00Z,129.817,130.965,129.618,130.416,44882.0,130.408,130.425,131.0224102471559
2023-01-03T10:00:00Z,130.408,131.198,130.362,130.656,32935.0,130.648,130.664,130.9735555475351
2023-01-03T14:00:00Z,130.661,131.111,130.052,130.794,36480.0,130.784,130.803,130.94961480786378
2023-01-03T18:00:00Z,130.794,131.04,130.576,130.984,13656.0,130.97,130.997,130.9541995001486
2023-01-03T22:00:00Z,131.002,131.472,130.582,130.65,28548.0,130.641,130.659,130.91363956679547
2023-01-04T02:00:00Z,130.648,130.998,130.62,130.853,20269.0,130.845,130.861,130.90555429122276
2023-01-04T06:00:00Z,130.856,130.88,129.928,130.424,40702.0,130.415,130.432,130.84134705239305
2023-01-04T10:00:00Z,130.426,130.982,130.278,130.71,26949.0,130.702,130.718,130.82383411207397
2023-01-04T14:00:00Z,130.708,132.716,130.699,132.548,43034.0,132.539,132.557,131.05372289713077
2023-01-04T18:00:00Z,132.545,132.718,132.386,132.672,24166.0,132.657,132.686,131.26949317751334
2023-01-04T22:00:00Z,132.538,132.602,131.684,131.974,24081.0,131.963,131.985,131.36342742051156
2023-01-05T02:00:00Z,131.977,132.628,131.926,132.484,25562.0,132.477,132.491,131.5128370977767
2023-01-05T06:00:00Z,132.486,132.906,132.245,132.534,32756.0,132.527,132.542,131.64899215140647
2023-01-05T10:00:00Z,132.528,133.726,132.325,133.688,34986.0,133.678,133.697,131.92085986455228
2023-01-05T14:00:00Z,133.688,134.055,133.072,133.246,41326.0,133.238,133.255,132.09754521594533
2023-01-05T18:00:00Z,133.248,133.447,132.952,133.424,23045.0,133.411,133.436,132.2744058538193
2023-01-05T22:00:00Z,133.414,133.811,133.272,133.809,21627.0,133.799,133.819,132.4790184066434
2023-01-06T02:00:00Z,133.804,134.378,133.584,134.163,19293.0,134.153,134.173,132.70354928575762
2023-01-06T06:00:00Z,134.171,134.598,133.702,134.412,33319.0,134.403,134.42,132.93134271432328
2023-01-06T10:00:00Z,134.414,134.778,133.235,133.372,40697.0,133.363,133.382,132.99009701908017
2023-01-06T14:00:00Z,133.37,134.102,132.082,132.112,57729.0,132.103,132.12,132.87301741653616
2023-01-06T18:00:00Z,132.108,132.214,131.994,132.094,13526.0,132.069,132.119,132.76914842766467
2023-01-08T22:00:00Z,131.938,132.284,131.591,131.744,24302.0,131.735,131.754,132.6324619706427
2023-01-09T02:00:00Z,131.746,131.918,131.308,131.848,19872.0,131.838,131.857,132.5278670412237
2023-01-09T06:00:00Z,131.85,132.575,131.616,132.446,35436.0,132.437,132.455,132.5169514357272
2023-01-09T10:00:00Z,132.441,132.658,131.73,131.784,31925.0,131.776,131.793,132.41922457763025
2023-01-09T14:00:00Z,131.784,132.072,131.554,131.762,30244.0,131.754,131.77,132.33159463394622
2023-01-09T18:00:00Z,131.76,131.896,131.534,131.878,14749.0,131.861,131.894,132.27111534942006
2023-01-09T22:00:00Z,131.816,132.227,131.386,131.523,24578.0,131.513,131.533,132.17136663616407
2023-01-10T02:00:00Z,131.521,132.037,131.49,131.774,18988.0,131.765,131.784,132.11838441800887
2023-01-10T06:00:00Z,131.774,132.292,131.696,131.822,32891.0,131.813,131.832,132.07886649560768
2023-01-10T10:00:00Z,131.824,132.481,131.817,132.292,24600.0,132.283,132.3,132.10728429619334
2023-01-10T14:00:00Z,132.29,132.351,131.728,132.208,40725.0,132.199,132.217,132.1207130567009
2023-01-10T18:00:00Z,132.215,132.304,132.152,132.235,12817.0,132.223,132.247,132.13595131580746
2023-01-10T22:00:00Z,132.117,132.529,132.068,132.397,21441.0,132.387,132.407,132.17075780703314
2023-01-11T02:00:00Z,132.398,132.584,132.132,132.262,17127.0,132.254,132.271,132.18292343276207
2023-01-11T06:00:00Z,132.264,132.749,132.161,132.484,27242.0,132.476,132.492,132.22306697506048
2023-01-11T10:00:00Z,132.484,132.875,132.314,132.698,25848.0,132.689,132.706,132.28639137838576
2023-01-11T14:00:00Z,132.695,132.752,132.379,132.487,23920.0,132.48,132.494,132.313139194601
2023-01-11T18:00:00Z,132.488,132.707,132.284,132.506,20998.0,132.496,132.516,132.3388539686542
2023-01-11T22:00:00Z,132.445,132.51,131.53,131.669,34739.0,131.66,131.678,132.249540106167
2023-01-12T02:00:00Z,131.668,131.816,131.368,131.638,20188.0,131.628,131.647,132.16800142534473
2023-01-12T06:00:00Z,131.637,131.902,130.854,130.959,32363.0,130.948,130.97,132.00680123529878
2023-01-12T10:00:00Z,130.96,131.241,129.501,129.652,48914.0,129.64,129.663,131.69282773725894
2023-01-12T14:00:00Z,129.651,130.786,129.176,129.196,65454.0,129.187,129.206,131.35991737229108
2023-01-12T18:00:00Z,129.196,129.447,128.864,129.302,29997.0,129.29,129.313,131.08552838931894
2023-01-12T22:00:00Z,129.246,129.436,128.641,128.936,34082.0,128.926,128.945,130.7989246040764
2023-01-13T02:00:00Z,128.938,129.306,128.924,129.167,23863.0,129.158,129.176,130.58133465686623
2023-01-13T06:00:00Z,129.169,129.172,128.108,128.525,43913.0,128.515,128.535,130.30715670261742
2023-01-13T10:00:00Z,128.522,128.835,128.174,128.242,32560.0,128.235,128.249,130.03180247560178
2023-01-13T14:00:00Z,128.24,128.329,127.46,127.709,44201.0,127.702,127.716,129.72209547885487
2023-01-13T18:00:00Z,127.71,127.945,127.672,127.857,16713.0,127.833,127.881,129.47341608167423
2023-01-15T22:00:00Z,127.823,128.202,127.536,127.682,30916.0,127.671,127.693,129.23456060411766
2023-01-16T02:00:00Z,127.684,127.786,127.22,127.608,31453.0,127.598,127.617,129.01768585690198
2023-01-16T06:00:00Z,127.612,128.869,127.579,128.372,43149.0,128.363,128.382,128.93159440931504
2023-01-16T10:00:00Z,128.374,128.566,128.117,128.432,23408.0,128.422,128.442,128.86498182140636
2023-01-16T14:00:00Z,128.432,128.762,128.37,128.711,15612.0,128.702,128.72,128.84445091188553
2023-01-16T18:00:00Z,128.71,128.721,128.432,128.524,7408.0,128.51,128.539,128.80172412363413
2023-01-16T22:00:00Z,128.512,128.958,128.214,128.808,25726.0,128.793,128.823,128.80256090714957
2023-01-17T02:00:00Z,128.81,129.168,128.577,128.648,21339.0,128.64,128.656,128.78195278619629
2023-01-17T06:00:00Z,128.648,129.026,128.386,128.786,31661.0,128.778,128.795,128.78249241470346
2023-01-17T10:00:00Z,128.786,129.124,128.323,128.712,34325.0,128.703,128.721,128.77309342607634
2023-01-17T14:00:00Z,128.71,128.722,127.992,128.246,40603.0,128.238,128.253,128.7028143025995
2023-01-17T18:00:00Z,128.246,128.446,128.108,128.156,13458.0,128.146,128.165,128.62990572891957
2023-01-17T22:00:00Z,128.138,129.054,128.108,128.565,24973.0,128.554,128.576,128.6212516317303
2023-01-18T02:00:00Z,128.567,131.58,128.368,130.817,60856.0,130.809,130.825,128.91401808083293
2023-01-18T06:00:00Z,130.815,131.238,129.202,129.393,65913.0,129.382,129.404,128.97788233672188
2023-01-18T10:00:00Z,129.393,129.588,128.004,128.126,53376.0,128.117,128.134,128.86429802515897
2023-01-18T14:00:00Z,128.13,128.957,127.566,128.82,53145.0,128.81,128.829,128.85839162180446
2023-01-18T18:00:00Z,128.812,128.924,128.606,128.904,22230.0,128.891,128.917,128.8644727388972
2023-01-18T22:00:00Z,128.836,128.894,128.283,128.576,31276.0,128.568,128.585,128.82600970704425
2023-01-19T02:00:00Z,128.57,128.635,127.762,127.984,28056.0,127.974,127.993,128.71374174610503
2023-01-19T06:00:00Z,127.982,128.404,127.766,128.326,40110.0,128.318,128.335,128.66204284662436
2023-01-19T10:00:00Z,128.323,128.821,128.308,128.39,41787.0,128.38,128.399,128.62577046707446
2023-01-19T14:00:00Z,128.384,128.626,128.234,128.564,35893.0,128.556,128.573,128.61753440479788
2023-01-19T18:00:00Z,128.562,128.632,128.3,128.424,19461.0,128.414,128.433,128.5917298174915
2023-01-19T22:00:00Z,128.427,128.892,128.348,128.836,23787.0,128.827,128.846,128.6242991751593
2023-01-20T02:00:00Z,128.84,129.296,128.704,129.175,24207.0,129.164,129.186,128.69772595180473
2023-01-20T06:00:00Z,129.171,129.495,128.728,129.469,34477.0,129.46,129.478,128.8005624915641
2023-01-20T10:00:00Z,129.469,130.613,129.173,130.606,43141.0,130.596,130.616,129.0412874926889
2023-01-20T14:00:00Z,130.602,130.614,129.626,129.736,34880.0,129.726,129.745,129.13391582699705
2023-01-20T18:00:00Z,129.738,129.786,129.448,129.568,15167.0,129.537,129.6,129.19179371673079
2023-01-22T22:00:00Z,129.5,129.655,129.068,129.204,20708.0,129.195,129.214,129.1934212211667
2023-01-23T02:00:00Z,129.204,129.894,129.044,129.86,19522.0,129.852,129.869,129.2822983916778
2023-01-23T06:00:00Z,129.856,130.318,129.622,129.832,37123.0,129.823,129.84,129.35559193945411
2023-01-23T10:00:00Z,129.832,130.641,129.714,130.5,31128.0,130.49,130.51,129.50817968086022
2023-01-23T14:00:00Z,130.5,130.892,130.433,130.644,34986.0,130.637,130.652,129.65962239007885
2023-01-23T18:00:00Z,130.646,130.716,130.557,130.682,14224.0,130.669,130.696,129.795939404735
2023-01-23T22:00:00Z,130.648,130.731,130.248,130.262,15149.0,130.252,130.272,129.858080817437
2023-01-24T02:00:00Z,130.26,130.454,130.066,130.146,14696.0,130.137,130.156,129.89647004177874
2023-01-24T06:00:00Z,130.15,130.39,129.728,130.113,30379.0,130.105,130.121,129.9253407028749
2023-01-24T10:00:00Z,130.117,130.489,130.05,130.43,22330.0,130.422,130.439,129.99262860915826
2023-01-24T14:00:00Z,130.432,131.12,129.869,130.02,36400.0,130.011,130.028,129.99627812793716
2023-01-24T18:00:00Z,130.022,130.208,129.976,130.2,13227.0,130.188,130.212,130.0234410442122
2023-01-24T22:00:00Z,130.183,130.466,130.038,130.271,19704.0,130.261,130.281,130.0564489049839
2023-01-25T02:00:00Z,130.27,130.586,130.106,130.44,16611.0,130.432,130.448,130.10758905098606
2023-01-25T06:00:00Z,130.44,130.494,129.805,129.85,27169.0,129.842,129.859,130.0732438441879
2023-01-25T10:00:00Z,129.85,130.106,129.56,129.959,28401.0,129.95,129.968,130.05801133162953
2023-01-25T14:00:00Z,129.961,130.007,129.268,129.616,37030.0,129.607,129.624,129.99907648741225
2023-01-25T18:00:00Z,129.615,129.676,129.417,129.578,20066.0,129.565,129.59,129.9429329557573
2023-01-25T22:00:00Z,129.615,129.615,129.098,129.214,22876.0,129.206,129.223,129.84574189498966
2023-01-26T02:00:00Z,129.214,129.591,129.024,129.33,19257.0,129.318,129.341,129.77697630899104
2023-01-26T06:00:00Z,129.33,129.995,129.199,129.959,32496.0,129.95,129.968,129.8012461344589
2023-01-26T10:00:00Z,129.956,130.363,129.627,129.874,33095.0,129.864,129.884,129.81094664986438
2023-01-26T14:00:00Z,129.878,130.621,129.704,130.34,41738.0,130.331,130.348,129.88148709654914
2023-01-26T18:00:00Z,130.336,130.336,130.052,130.238,17293.0,130.226,130.249,129.92902215034258
2023-01-26T22:00:00Z,130.221,130.242,129.496,129.692,41895.0,129.684,129.701,129.89741919696357
2023-01-27T02:00:00Z,129.69,130.156,129.612,129.984,20531.0,129.975,129.992,129.9089633040351
2023-01-27T06:00:00Z,129.98,130.269,129.716,129.854,25123.0,129.845,129.862,129.9016348634971
2023-01-27T10:00:00Z,129.852,129.999,129.558,129.738,26587.0,129.73,129.746,129.87981688169748
2023-01-27T14:00:00Z,129.731,130.07,129.642,129.914,34124.0,129.907,129.922,129.88437463080447
2023-01-27T18:00:00Z,129.914,129.952,129.806,129.832,12665.0,129.802,129.862,129.8773913466972
2023-01-29T22:00:00Z,129.658,130.295,129.657,130.228,20741.0,130.219,130.237,129.92413916713758
2023-01-30T02:00:00Z,130.234,130.267,129.202,129.642,32790.0,129.632,129.651,129.88652061151924
2023-01-30T06:00:00Z,129.641,130.185,129.414,129.97,32171.0,129.962,129.979,129.89765119665003
2023-01-30T10:00:00Z,129.969,130.258,129.852,130.138,25096.0,130.13,130.145,129.92969770376337
2023-01-30T14:00:00Z,130.14,130.471,130.094,130.414,25682.0,130.405,130.422,129.99427134326157
2023-01-30T18:00:00Z,130.416,130.57,130.347,130.43,11026.0,130.419,130.442,130.05236849749338
2023-01-30T22:00:00Z,130.436,130.533,130.114,130.134,20136.0,130.125,130.143,130.0632526978276
2023-01-31T02:00:00Z,130.13,130.406,130.062,130.187,13637.0,130.178,130.196,130.07975233811726
2023-01-31T06:00:00Z,130.19,130.436,130.042,130.393,24701.0,130.384,130.402,130.12151869303497
2023-01-31T10:00:00Z,130.4,130.496,129.808,129.897,30674.0,129.888,129.906,130.09158286729698
2023-01-31T14:00:00Z,129.896,130.358,129.745,130.197,36837.0,130.189,130.205,130.10563848499072
2023-01-31T18:00:00Z,130.195,130.232,130.066,130.098,13799.0,130.085,130.112,130.10462002032529
2023-01-31T22:00:00Z,130.082,130.206,129.862,130.022,11209.0,130.014,130.03,130.09360401761526
2023-02-01T02:00:00Z,130.022,130.324,129.981,130.297,11948.0,130.29,130.304,130.12072348193323
2023-02-01T06:00:00Z,130.298,130.411,129.804,129.88,26133.0,129.87,129.89,130.08862701767546
2023-02-01T10:00:00Z,129.88,129.967,129.31,129.38,27754.0,129.371,129.388,129.99414341531875
2023-02-01T14:00:00Z,129.376,129.683,129.18,129.235,35034.0,129.227,129.243,129.89292429327625
2023-02-01T18:00:00Z,129.234,129.878,128.537,128.921,56747.0,128.91,128.932,129.7633343875061
2023-02-01T22:00:00Z,128.985,128.985,128.178,128.604,24641.0,128.594,128.613,129.60875646917196
2023-02-02T02:00:00Z,128.606,128.643,128.4,128.603,16918.0,128.595,128.611,129.4746556066157
2023-02-02T06:00:00Z,128.602,129.144,128.543,128.922,29758.0,128.913,128.932,129.40096819240028
2023-02-02T10:00:00Z,128.921,129.012,128.084,128.424,43469.0,128.415,128.432,129.27070576674691
2023-02-02T14:00:00Z,128.421,128.918,128.086,128.491,47918.0,128.482,128.5,129.16674499784733
2023-02-02T18:00:00Z,128.49,128.766,128.421,128.714,19525.0,128.702,128.727,129.10637899813435
2023-02-02T22:00:00Z,128.678,128.827,128.536,128.707,20375.0,128.699,128.715,129.05312846504978
2023-02-03T02:00:00Z,128.706,128.711,128.447,128.61,15866.0,128.601,128.62,128.9940446697098
2023-02-03T06:00:00Z,128.612,128.724,128.478,128.56,24006.0,128.551,128.57,128.93617204708184
2023-02-03T10:00:00Z,128.562,130.205,128.329,129.948,33847.0,129.939,129.956,129.07108244080428
2023-02-03T14:00:00Z,129.95,131.198,129.851,131.052,55075.0,131.045,131.06,129.33520478203036
2023-02-03T18:00:00Z,131.048,131.206,130.966,131.206,15599.0,131.188,131.225,129.5846441444263
2023-02-05T22:00:00Z,132.372,132.387,131.514,132.279,24316.0,132.27,132.288,129.94389159183615
2023-02-06T02:00:00Z,132.283,132.376,131.584,131.734,23473.0,131.725,131.742,130.18257271292467
2023-02-06T06:00:00Z,131.732,132.098,131.588,131.946,28769.0,131.937,131.955,130.41769635120139
2023-02-06T10:00:00Z,131.948,132.612,131.916,132.55,29412.0,132.541,132.56,130.70200350437455
2023-02-06T14:00:00Z,132.552,132.908,132.384,132.774,31158.0,132.768,132.781,130.97826970379128
2023-02-06T18:00:00Z,132.772,132.791,132.446,132.632,16856.0,132.619,132.645,131.1987670766191
2023-02-06T22:00:00Z,132.684,132.712,132.234,132.298,16028.0,132.29,132.306,131.34533146640322
2023-02-07T02:00:00Z,132.299,132.409,132.137,132.256,16130.0,132.247,132.264,131.46675393754947
2023-02-07T06:00:00Z,132.256,132.325,131.694,131.81,34747.0,131.801,131.818,131.51252007920954
2023-02-07T10:00:00Z,131.808,132.248,131.771,131.891,35942.0,131.881,131.901,131.56298406864826
2023-02-07T14:00:00Z,131.896,132.072,130.477,130.57,52385.0,130.558,130.581,131.43058619282849
2023-02-07T18:00:00Z,130.574,131.481,130.496,131.062,45105.0,131.051,131.074,131.38144136711801
2023-02-07T22:00:00Z,131.173,131.238,130.723,131.202,22000.0,131.193,131.212,131.35751585150228
2023-02-08T02:00:00Z,131.203,131.382,131.034,131.096,17733.0,131.088,131.105,131.322647071302
2023-02-08T06:00:00Z,131.1,131.376,130.596,130.67,35893.0,130.661,130.68,131.23562746179505
2023-02-08T10:00:00Z,130.672,131.328,130.65,131.252,26112.0,131.243,131.262,131.23781046688904
2023-02-08T14:00:00Z,131.254,131.538,131.086,131.264,34510.0,131.256,131.272,131.24130240463717
2023-02-08T18:00:00Z,131.262,131.464,131.086,131.451,19477.0,131.441,131.461,131.2692620840189
2023-02-08T22:00:00Z,131.44,131.829,131.236,131.528,19720.0,131.519,131.537,131.30376047281638
2023-02-09T02:00:00Z,131.526,131.759,130.748,131.378,14453.0,131.366,131.389,131.31365907644087
2023-02-09T06:00:00Z,131.378,131.436,130.808,130.843,33912.0,130.834,130.852,131.25090453291543
2023-02-09T10:00:00Z,130.841,131.116,130.342,130.403,31392.0,130.395,130.411,131.13785059519338
2023-02-09T14:00:00Z,130.405,131.32,130.404,131.152,38191.0,131.144,131.16,131.13973718250094
2023-02-09T18:00:00Z,131.153,131.651,131.137,131.523,22944.0,131.512,131.534,131.19083889150082
2023-02-09T22:00:00Z,131.585,131.894,131.372,131.626,30622.0,131.617,131.634,131.24886037263406
2023-02-10T02:00:00Z,131.624,131.811,131.472,131.554,24058.0,131.545,131.563,131.28954565628285
2023-02-10T06:00:00Z,131.556,131.638,129.803,130.938,63220.0,130.928,130.949,131.24267290211182
2023-02-10T10:00:00Z,130.942,131.184,130.58,130.719,33315.0,130.711,130.727,131.17284984849692
2023-02-10T14:00:00Z,130.72,131.576,130.632,131.498,39200.0,131.49,131.506,131.21620320203067
2023-02-10T18:00:00Z,131.5,131.603,131.363,131.428,15225.0,131.403,131.454,131.24444277509326
2023-02-12T22:00:00Z,131.32,131.94,131.32,131.68,16974.0,131.672,131.689,131.3025170717475
2023-02-13T02:00:00Z,131.682,132.216,131.655,132.19,18436.0,132.181,132.2,131.42084812884784
2023-02-13T06:00:00Z,132.192,132.775,132.012,132.685,31857.0,132.679,132.691,131.58940171166813
2023-02-13T10:00:00Z,132.685,132.825,132.355,132.712,26281.0,132.704,132.719,131.73908148344572
2023-02-13T14:00:00Z,132.712,132.912,132.481,132.578,32100.0,132.57,132.585,131.85093728565295
2023-02-13T18:00:00Z,132.58,132.597,132.259,132.424,14205.0,132.411,132.436,131.9273456475659
2023-02-13T22:00:00Z,132.43,132.468,132.0,132.056,17611.0,132.047,132.065,131.94449956122378
2023-02-14T02:00:00Z,132.054,132.202,131.788,131.87,18881.0,131.863,131.876,131.93456628639396
2023-02-14T06:00:00Z,131.877,132.146,131.834,132.022,33081.0,132.014,132.031,131.94622411487478
2023-02-14T10:00:00Z,132.02,132.936,131.504,132.27,52440.0,132.259,132.28,131.98939423289147
2023-02-14T14:00:00Z,132.266,133.318,132.108,133.082,64374.0,133.074,133.09,132.13507500183928
2023-02-14T18:00:00Z,133.082,133.229,132.841,133.104,23495.0,133.093,133.114,132.26426500159405
2023-02-14T22:00:00Z,133.137,133.161,132.547,132.632,16977.0,132.623,132.641,132.31329633471486
2023-02-15T02:00:00Z,132.634,133.178,132.624,133.099,16404.0,133.09,133.108,132.41805682341956
2023-02-15T06:00:00Z,133.099,133.488,132.964,133.366,31282.0,133.358,133.374,132.54444924696364
2023-02-15T10:00:00Z,133.365,134.139,133.209,133.904,34766.0,133.895,133.914,132.7257226807018
2023-02-15T14:00:00Z,133.902,134.361,133.86,134.294,39271.0,134.283,134.304,132.9348263232749
2023-02-15T18:00:00Z,134.293,134.356,134.089,134.165,17495.0,134.152,134.178,133.0988494801716
2023-02-15T22:00:00Z,134.168,134.188,133.779,133.859,23229.0,133.849,133.869,133.20020288281538
2023-02-16T02:00:00Z,133.86,133.988,133.638,133.898,18496.0,133.889,133.907,133.29324249844
2023-02-16T06:00:00Z,133.894,134.014,133.605,133.874,30093.0,133.865,133.883,133.37067683198134
2023-02-16T10:00:00Z,133.877,134.35,133.77,134.26,31051.0,134.252,134.269,133.48925325438384
2023-02-16T14:00:00Z,134.264,134.464,133.799,133.916,37303.0,133.909,133.924,133.546152820466
2023-02-16T18:00:00Z,133.918,134.036,133.698,133.946,24629.0,133.935,133.958,133.5994657777372
2023-02-16T22:00:00Z,134.002,134.673,133.94,134.638,17022.0,134.629,134.647,133.73793700737224
2023-02-17T02:00:00Z,134.637,134.813,134.514,134.746,15768.0,134.739,134.752,133.8723454063893
2023-02-17T06:00:00Z,134.744,135.034,134.642,134.83,26274.0,134.822,134.839,134.00003268553738
2023-02-17T10:00:00Z,134.832,135.118,134.535,134.642,29858.0,134.633,134.651,134.08562832746574
2023-02-17T14:00:00Z,134.64,134.688,134.07,134.267,36847.0,134.258,134.276,134.10981121713698
2023-02-17T18:00:00Z,134.266,134.296,134.056,134.164,12455.0,134.142,134.187,134.1170363881854
2023-02-19T22:00:00Z,134.259,134.542,134.226,134.472,17134.0,134.462,134.483,134.16436486976067
2023-02-20T02:00:00Z,134.478,134.536,133.954,134.094,21162.0,134.086,134.101,134.15498288712593
2023-02-20T06:00:00Z,134.092,134.372,133.994,134.188,30003.0,134.18,134.197,134.15938516884248
2023-02-20T10:00:00Z,134.188,134.264,133.923,134.062,21206.0,134.053,134.071,134.1464004796635
2023-02-20T14:00:00Z,134.06,134.242,133.932,134.238,12909.0,134.229,134.246,134.1586137490417
2023-02-20T18:00:00Z,134.242,134.297,134.196,134.282,4802.0,134.269,134.295,134.17506524916948
2023-02-20T22:00:00Z,134.254,134.479,134.151,134.312,14578.0,134.302,134.322,134.1933232159469
2023-02-21T02:00:00Z,134.31,134.498,134.157,134.314,14223.0,134.305,134.323,134.20941345382064
2023-02-21T06:00:00Z,134.313,134.849,134.313,134.588,30665.0,134.579,134.597,134.25989165997788
2023-02-21T10:00:00Z,134.587,134.898,134.514,134.862,26942.0,134.854,134.87,134.34017277198083
2023-02-21T14:00:00Z,134.862,135.228,134.676,134.832,38634.0,134.824,134.84,134.4057497357167
2023-02-21T18:00:00Z,134.832,135.04,134.794,135.018,13248.0,135.007,135.028,134.48738310428783
2023-02-21T22:00:00Z,135.007,135.062,134.552,134.706,18417.0,134.699,134.714,134.5165320237161
2023-02-22T02:00:00Z,134.706,134.97,134.671,134.769,14153.0,134.762,134.776,134.55019442055396
2023-02-22T06:00:00Z,134.767,134.994,134.594,134.886,28214.0,134.878,134.895,134.59496849781343
2023-02-22T10:00:00Z,134.884,134.965,134.366,134.548,30756.0,134.54,134.556,134.5887060314383
2023-02-22T14:00:00Z,134.554,134.806,134.392,134.738,29810.0,134.731,134.746,134.6086118939132
2023-02-22T18:00:00Z,134.734,134.988,134.612,134.912,26406.0,134.898,134.926,134.64906364139145
2023-02-22T22:00:00Z,134.856,134.965,134.746,134.798,13903.0,134.79,134.807,134.66892182253926
2023-02-23T02:00:00Z,134.798,134.89,134.705,134.834,9232.0,134.825,134.844,134.6909322462007
2023-02-23T06:00:00Z,134.832,134.927,134.712,134.87,20760.0,134.86,134.879,134.71480794670728
2023-02-23T10:00:00Z,134.869,135.37,134.832,135.272,27191.0,135.264,135.281,134.78910022047964
2023-02-23T14:00:00Z,135.27,135.306,134.626,134.808,34231.0,134.799,134.818,134.79162019108236
2023-02-23T18:00:00Z,134.808,134.878,134.488,134.687,13552.0,134.675,134.699,134.77767083227138
2023-02-23T22:00:00Z,134.697,134.926,134.06,134.782,33938.0,134.773,134.791,134.7782480546352
2023-02-24T02:00:00Z,134.789,134.828,134.576,134.6,19845.0,134.592,134.608,134.75448164735053
2023-02-24T06:00:00Z,134.6,135.258,134.514,135.147,27408.0,135.139,135.155,134.8068174277038
2023-02-24T10:00:00Z,135.144,135.992,135.076,135.881,34475.0,135.873,135.889,134.95004177067662
2023-02-24T14:00:00Z,135.883,136.479,135.88,136.452,40525.0,136.445,136.46,135.15030286791975
2023-02-24T18:00:00Z,136.452,136.522,136.348,136.492,14486.0,136.471,136.512,135.32919581886378
2023-02-26T22:00:00Z,136.474,136.563,136.089,136.135,16607.0,136.126,136.144,135.43663637634862
2023-02-27T02:00:00Z,136.152,136.45,136.004,136.354,14661.0,136.345,136.362,135.5589515261688
2023-02-27T06:00:00Z,136.346,136.44,136.002,136.388,27915.0,136.378,136.398,135.66949132267965
2023-02-27T10:00:00Z,136.39,136.444,135.93,136.07,23708.0,136.063,136.078,135.7228924796557
2023-02-27T14:00:00Z,136.068,136.303,135.916,136.18,25019.0,136.172,136.189,135.78384014903494
2023-02-27T18:00:00Z,136.182,136.273,136.079,136.226,12150.0,136.215,136.237,135.8427947958303
2023-02-27T22:00:00Z,136.202,136.356,136.116,136.21,15486.0,136.201,136.218,135.8917554897196
2023-02-28T02:00:00Z,136.208,136.376,136.154,136.31,14138.0,136.302,136.318,135.94752142442366
2023-02-28T06:00:00Z,136.312,136.847,136.217,136.738,26428.0,136.729,136.746,136.05291856783384
2023-02-28T10:00:00Z,136.736,136.908,136.603,136.711,23138.0,136.702,136.72,136.14066275878935
2023-02-28T14:00:00Z,136.709,136.92,135.734,135.81,34350.0,135.802,135.817,136.09657439095076
2023-02-28T18:00:00Z,135.81,136.254,135.786,136.224,12604.0,136.211,136.237,136.11356447215732
2023-02-28T22:00:00Z,136.161,136.472,136.135,136.295,18091.0,136.285,136.305,136.1377558758697
2023-03-01T02:00:00Z,136.291,136.438,136.28,136.424,15199.0,136.416,136.432,136.17592175908706
2023-03-01T06:00:00Z,136.426,136.444,135.615,135.843,33049.0,135.834,135.852,136.13153219120878
2023-03-01T10:00:00Z,135.844,135.926,135.258,135.747,31389.0,135.738,135.756,136.08026123238093
2023-03-01T14:00:00Z,135.755,136.323,135.696,135.942,35368.0,135.935,135.95,136.06182640139681
2023-03-01T18:00:00Z,135.941,136.264,135.94,136.214,14221.0,136.201,136.227,136.0821162145439
2023-03-01T22:00:00Z,136.178,136.448,136.024,136.326,18130.0,136.316,136.335,136.1146340526047
2023-03-02T02:00:00Z,136.322,136.68,136.194,136.632,16295.0,136.624,136.64,136.1836161789241
2023-03-02T06:00:00Z,136.628,136.876,136.238,136.47,32526.0,136.46,136.48,136.2218006884009
2023-03-02T10:00:00Z,136.476,137.106,136.436,137.054,32974.0,137.046,137.061,136.33276059661412
2023-03-02T14:00:00Z,137.056,137.064,136.552,136.944,29607.0,136.936,136.952,136.41425918373224
2023-03-02T18:00:00Z,136.947,136.982,136.594,136.765,19396.0,136.755,136.775,136.46102462590127
2023-03-02T22:00:00Z,136.782,136.788,136.497,136.626,17980.0,136.617,136.635,136.48302134244778
2023-03-03T02:00:00Z,136.624,136.718,136.5,136.66,13927.0,136.652,136.669,136.5066184967881
2023-03-03T06:00:00Z,136.658,136.658,136.119,136.156,29170.0,136.148,136.165,136.45986936388303
2023-03-03T10:00:00Z,136.154,136.34,135.824,135.915,27610.0,135.906,135.924,136.3872201153653
2023-03-03T14:00:00Z,135.916,136.421,135.806,136.112,36590.0,136.103,136.12,136.35052409998326
2023-03-03T18:00:00Z,136.112,136.139,135.747,135.827,13814.0,135.812,135.842,136.28072088665218
2023-03-05T22:00:00Z,135.985,136.053,135.622,135.778,26518.0,135.769,135.786,136.21369143509855
2023-03-06T02:00:00Z,135.776,135.892,135.366,135.786,17362.0,135.777,135.795,136.15666591041875
2023-03-06T06:00:00Z,135.784,136.128,135.53,136.096,30134.0,136.088,136.105,136.14857712236292
2023-03-06T10:00:00Z,136.096,136.194,135.728,135.876,25970.0,135.868,135.883,136.1122335060479
2023-03-06T14:00:00Z,135.876,135.999,135.635,135.923,24336.0,135.915,135.931,136.08700237190817
2023-03-06T18:00:00Z,135.925,136.098,135.88,135.918,9891.0,135.907,135.93,136.0644687223204
2023-03-06T22:00:00Z,135.93,136.18,135.888,136.017,12677.0,136.009,136.025,136.05813955934437
2023-03-07T02:00:00Z,136.019,136.068,135.83,135.992,13435.0,135.984,136.0,136.04932095143178
2023-03-07T06:00:00Z,135.992,135.998,135.542,135.864,27646.0,135.855,135.872,136.02461149124088
2023-03-07T10:00:00Z,135.862,136.262,135.841,136.146,22810.0,136.137,136.155,136.0407966257421
2023-03-07T14:00:00Z,136.144,136.955,136.116,136.856,50889.0,136.848,136.864,136.1494904089765
2023-03-07T18:00:00Z,136.854,137.198,136.764,137.162,15366.0,137.15,137.175,136.28449168777965
2023-03-07T22:00:00Z,137.075,137.496,137.072,137.32,16497.0,137.311,137.33,136.42255946274236
2023-03-08T02:00:00Z,137.322,137.915,137.308,137.715,17149.0,137.707,137.723,136.59488486771005
2023-03-08T06:00:00Z,137.711,137.738,137.442,137.559,25417.0,137.551,137.567,136.7234335520154
2023-03-08T10:00:00Z,137.548,137.682,137.031,137.064,26597.0,137.057,137.072,136.76884241174668
2023-03-08T14:00:00Z,137.064,137.224,136.48,137.203,39315.0,137.195,137.211,136.82673009018046
2023-03-08T18:00:00Z,137.204,137.44,137.142,137.36,12414.0,137.345,137.375,136.89783274482306
2023-03-08T22:00:00Z,137.338,137.367,136.802,137.124,13681.0,137.115,137.133,136.92798837884666
2023-03-09T02:00:00Z,137.126,137.136,136.734,136.827,11169.0,136.818,136.836,136.9145232616671
2023-03-09T06:00:00Z,136.826,136.896,136.108,136.196,23089.0,136.187,136.206,136.8187201601115
2023-03-09T10:00:00Z,136.196,136.4,135.94,136.091,27423.0,136.081,136.101,136.72169080542997
2023-03-09T14:00:00Z,136.093,136.484,135.999,136.227,24829.0,136.219,136.235,136.65573203137265
2023-03-09T18:00:00Z,136.229,136.248,135.99,136.126,18826.0,136.114,136.139,136.5851010938563
2023-03-09T22:00:00Z,136.124,136.426,135.814,135.958,20089.0,135.947,135.968,136.50148761467548
2023-03-10T02:00:00Z,135.957,136.976,135.87,136.643,33089.0,136.634,136.652,136.52035593271876
2023-03-10T06:00:00Z,136.644,136.859,136.09,136.783,37106.0,136.775,136.791,136.55537514168958
2023-03-10T10:00:00Z,136.784,136.997,135.85,136.266,41800.0,136.257,136.274,136.5167917894643
2023-03-10T14:00:00Z,136.262,136.366,134.114,134.742,66820.0,134.734,134.75,136.28015288420238
2023-03-10T18:00:00Z,134.747,135.148,134.674,135.11,23885.0,135.075,135.146,136.12413249964206
2023-03-12T21:00:00Z,134.442,135.054,133.557,134.382,33974.0,134.37,134.395,135.89184816635645
2023-03-13T01:00:00Z,134.384,134.836,133.686,134.152,37324.0,134.143,134.161,135.65986841084225
2023-03-13T05:00:00Z,134.152,134.696,133.762,133.81,41372.0,133.8,133.821,135.41321928939664
2023-03-13T09:00:00Z,133.81,133.96,132.284,132.544,82419.0,132.534,132.553,135.0306567174771
2023-03-13T13:00:00Z,132.546,133.414,132.418,133.058,61361.0,133.049,133.067,134.76763582181349
2023-03-13T17:00:00Z,133.06,133.62,132.952,133.252,32631.0,133.242,133.262,134.56555104557168
2023-03-13T21:00:00Z,133.291,133.363,133.03,133.243,24821.0,133.233,133.253,134.38921090616213
2023-03-14T01:00:00Z,133.24,134.034,133.226,133.864,29183.0,133.854,133.873,134.31918278534053
2023-03-14T05:00:00Z,133.865,134.338,133.186,134.091,46988.0,134.082,134.1,134.2887584139618
2023-03-14T09:00:00Z,134.089,134.652,133.851,134.058,45928.0,134.047,134.068,134.25799062543356
2023-03-14T13:00:00Z,134.059,134.906,133.982,134.412,43933.0,134.403,134.42,134.27852520870908
2023-03-14T17:00:00Z,134.408,134.416,133.986,134.222,28236.0,134.208,134.235,134.27098851421454
2023-03-14T21:00:00Z,134.274,134.6,134.18,134.434,24239.0,134.424,134.443,134.29272337898593
2023-03-15T01:00:00Z,134.436,134.546,134.031,134.524,20964.0,134.515,134.534,134.3235602617878
2023-03-15T05:00:00Z,134.522,135.116,134.466,134.669,33100.0,134.658,134.68,134.36961889354944
2023-03-15T09:00:00Z,134.67,134.724,132.526,132.665,75596.0,132.654,132.676,134.14233637440952
2023-03-15T13:00:00Z,132.673,133.312,132.215,132.714,70772.0,132.705,132.722,133.95189152448825
2023-03-15T17:00:00Z,132.712,133.779,132.608,133.432,52614.0,133.411,133.454,133.88257265455647
2023-03-15T21:00:00Z,133.429,133.454,132.502,133.339,27998.0,133.326,133.352,133.8100963006156
2023-03-16T01:00:00Z,133.341,133.497,132.564,132.777,34704.0,132.768,132.786,133.6723501272002
2023-03-16T05:00:00Z,132.779,133.228,132.562,132.9,43003.0,132.891,132.91,133.56937011024016
2023-03-16T09:00:00Z,132.901,133.09,132.177,132.32,43805.0,132.308,132.331,133.4027874288748
2023-03-16T13:00:00Z,132.319,133.473,131.72,133.447,76920.0,133.437,133.457,133.40868243835817
2023-03-16T17:00:00Z,133.446,133.83,133.384,133.776,32196.0,133.764,133.788,133.45765811324375
2023-03-16T21:00:00Z,133.76,133.76,133.332,133.39,15926.0,133.382,133.399,133.44863703147792
2023-03-17T01:00:00Z,133.39,133.472,133.027,133.056,22654.0,133.046,133.065,133.39628542728087
2023-03-17T05:00:00Z,133.058,133.358,132.748,133.242,35559.0,133.232,133.252,133.37571403697675
2023-03-17T09:00:00Z,133.244,133.282,132.022,132.278,43451.0,132.267,132.29,133.22935216537985
2023-03-17T13:00:00Z,132.28,132.488,131.816,132.21,53859.0,132.202,132.219,133.0934385433292
2023-03-17T17:00:00Z,132.21,132.316,131.556,131.854,27882.0,131.814,131.894,132.9281800708853
2023-03-19T21:00:00Z,131.864,132.634,131.692,132.616,27833.0,132.605,132.627,132.88655606143394
2023-03-20T01:00:00Z,132.618,132.656,131.75,131.816,29135.0,131.805,131.827,132.74381525324276
2023-03-20T05:00:00Z,131.816,131.992,130.541,130.893,55436.0,130.884,130.902,132.49703988614374
2023-03-20T09:00:00Z,130.892,131.623,130.818,131.533,52148.0,131.525,131.541,132.3685012346579
2023-03-20T13:00:00Z,131.531,131.85,131.255,131.622,46535.0,131.614,131.63,132.26896773670353
2023-03-20T17:00:00Z,131.622,131.741,131.27,131.306,22132.0,131.295,131.318,132.1405720384764
2023-03-20T21:00:00Z,131.29,131.607,131.094,131.172,14987.0,131.162,131.182,132.0114291000129
2023-03-21T01:00:00Z,131.168,131.416,131.035,131.259,16984.0,131.249,131.269,131.91110522001117
2023-03-21T05:00:00Z,131.26,132.263,131.18,132.186,31568.0,132.177,132.196,131.94775785734302
2023-03-21T09:00:00Z,132.186,132.458,132.014,132.231,30364.0,132.223,132.239,131.98552347636397
2023-03-21T13:00:00Z,132.239,132.476,131.79,132.416,31274.0,132.408,132.425,132.04292034618211
2023-03-21T17:00:00Z,132.414,132.634,132.372,132.455,16777.0,132.441,132.469,132.0978643000245
2023-03-21T21:00:00Z,132.472,132.704,132.26,132.532,17585.0,132.521,132.542,132.15574906002124
2023-03-22T01:00:00Z,132.534,132.778,132.254,132.48,20485.0,132.472,132.488,132.19898251868509
2023-03-22T05:00:00Z,132.48,132.642,132.298,132.492,23560.0,132.484,132.499,132.23805151619374
2023-03-22T09:00:00Z,132.49,133.004,132.346,132.786,22406.0,132.778,132.795,132.31111131403458
2023-03-22T13:00:00Z,132.785,132.842,132.424,132.583,20762.0,132.575,132.591,132.34736313882996
2023-03-22T17:00:00Z,132.587,132.67,131.004,131.497,55071.0,131.477,131.517,132.23398138698596
2023-03-22T21:00:00Z,131.416,131.493,130.84,130.902,23326.0,130.892,130.911,132.05638386872116
2023-03-23T01:00:00Z,130.903,130.978,130.42,130.73,27317.0,130.721,130.739,131.879532686225
2023-03-23T05:00:00Z,130.729,131.25,130.552,131.198,34042.0,131.188,131.208,131.788661661395
2023-03-23T09:00:00Z,131.2,131.665,131.075,131.482,28775.0,131.474,131.491,131.74777343987566
2023-03-23T13:00:00Z,131.485,131.486,130.656,130.766,29295.0,130.758,130.774,131.6168703145589
2023-03-23T17:00:00Z,130.768,131.038,130.323,130.89,35637.0,130.874,130.905,131.51995427261772
2023-03-23T21:00:00Z,130.827,130.943,130.522,130.524,15104.0,130.515,130.534,131.38716036960204
2023-03-24T01:00:00Z,130.525,130.686,130.072,130.102,26700.0,130.095,130.108,131.2158056536551
2023-03-24T05:00:00Z,130.101,130.48,129.928,130.08,33207.0,130.07,130.089,131.06436489983443
2023-03-24T09:00:00Z,130.079,130.256,129.642,130.166,44997.0,130.155,130.176,130.94458291318983
2023-03-24T13:00:00Z,130.164,130.897,130.05,130.77,42704.0,130.762,130.778,130.9213051914312
2023-03-24T17:00:00Z,130.771,130.861,130.647,130.718,14783.0,130.7,130.735,130.8941978325737
2023-03-26T21:00:00Z,130.583,130.964,130.535,130.782,17922.0,130.772,130.791,130.87923812156387
2023-03-27T01:00:00Z,130.783,131.054,130.497,130.71,21031.0,130.701,130.718,130.85667303868868
2023-03-27T05:00:00Z,130.71,131.368,130.705,131.077,32978.0,131.068,131.086,130.88604996686354
2023-03-27T09:00:00Z,131.075,131.749,131.06,131.708,26451.0,131.7,131.716,130.99564330461507
2023-03-27T13:00:00Z,131.708,131.728,131.328,131.601,23862.0,131.594,131.608,131.0763575306664
2023-03-27T17:00:00Z,131.601,131.76,131.515,131.572,13256.0,131.561,131.583,131.14244319324422
2023-03-27T21:00:00Z,131.558,131.566,130.627,130.794,17161.0,130.785,130.802,131.09598410081165
2023-03-28T01:00:00Z,130.792,130.893,130.531,130.619,19290.0,130.611,130.627,131.03238622070344
2023-03-28T05:00:00Z,130.618,131.298,130.504,131.05,28326.0,131.041,131.06,131.03473472460965
2023-03-28T09:00:00Z,131.052,131.188,130.406,130.656,25027.0,130.648,130.665,130.98423676132836
2023-03-28T13:00:00Z,130.656,131.186,130.656,130.962,24263.0,130.953,130.97,130.98127185981792
2023-03-28T17:00:00Z,130.964,130.964,130.568,130.899,12238.0,130.889,130.909,130.97030227850888
2023-03-28T21:00:00Z,130.899,131.361,130.762,131.31,16602.0,131.3,131.319,131.01559530804104
2023-03-29T01:00:00Z,131.312,131.805,131.284,131.712,20217.0,131.702,131.721,131.1084492669689
2023-03-29T05:00:00Z,131.711,132.094,131.662,131.99,25927.0,131.98,132.001,131.22598936470638
2023-03-29T09:00:00Z,131.99,132.59,131.598,132.522,26248.0,132.514,132.531,131.39879078274552
2023-03-29T13:00:00Z,132.52,132.72,132.19,132.648,29329.0,132.642,132.655,131.56535201171278
2023-03-29T17:00:00Z,132.648,132.892,132.552,132.864,12618.0,132.852,132.877,131.73850507681775
2023-03-29T21:00:00Z,132.842,132.842,132.462,132.648,15935.0,132.639,132.657,131.85977106657538
2023-03-30T01:00:00Z,132.647,132.814,132.538,132.571,15908.0,132.562,132.58,131.954601591032
2023-03-30T05:00:00Z,132.572,132.637,132.204,132.536,31723.0,132.527,132.546,132.0321213788944
2023-03-30T09:00:00Z,132.541,132.893,132.406,132.77,26922.0,132.762,132.777,132.13050519504182
2023-03-30T13:00:00Z,132.77,132.968,132.364,132.388,22804.0,132.381,132.396,132.1648378357029
2023-03-30T17:00:00Z,132.386,132.716,132.318,132.68,11315.0,132.669,132.692,132.23352612427587
2023-03-30T21:00:00Z,132.706,133.51,132.589,133.242,23108.0,133.233,133.251,132.36798930770576
2023-03-31T01:00:00Z,133.244,133.294,132.683,132.752,17099.0,132.743,132.762,132.419190733345
2023-03-31T05:00:00Z,132.754,133.596,132.75,133.489,28097.0,133.48,133.498,132.561831968899
2023-03-31T09:00:00Z,133.474,133.488,132.752,133.084,28260.0,133.076,133.093,132.6314543730458
2023-03-31T13:00:00Z,133.084,133.318,132.715,132.766,30309.0,132.759,132.774,132.64939378997303
2023-03-31T17:00:00Z,132.762,132.962,132.62,132.83,11788.0,132.781,132.878,132.67347461797664
2023-04-02T21:00:00Z,133.315,133.395,132.922,133.038,24515.0,133.029,133.048,132.72207800224643
2023-04-03T01:00:00Z,133.036,133.495,132.822,133.472,20949.0,133.463,133.482,132.8220676019469
2023-04-03T05:00:00Z,133.47,133.759,133.337,133.444,26973.0,133.435,133.453,132.90499192168733
2023-04-03T09:00:00Z,133.439,133.534,132.844,133.102,24640.0,133.093,133.11,132.93125966546236
2023-04-03T13:00:00Z,133.106,133.144,132.204,132.456,29594.0,132.448,132.465,132.8678917100674
2023-04-03T17:00:00Z,132.456,132.573,132.279,132.406,11836.0,132.394,132.419,132.80630614872507
2023-04-03T21:00:00Z,132.42,132.604,132.173,132.559,16206.0,132.551,132.567,132.77333199556173
2023-04-04T01:00:00Z,132.553,132.946,132.548,132.749,18009.0,132.74,132.758,132.77008772948685
2023-04-04T05:00:00Z,132.75,132.983,132.506,132.906,26455.0,132.898,132.915,132.78820936555528
2023-04-04T09:00:00Z,132.906,133.17,132.784,132.906,25726.0,132.897,132.915,132.80391478348125
2023-04-04T13:00:00Z,132.908,132.957,131.522,131.622,38509.0,131.614,131.63,132.64632614568376
2023-04-04T17:00:00Z,131.622,131.774,131.584,131.724,11297.0,131.712,131.736,132.52334932625925
2023-04-04T21:00:00Z,131.702,131.74,131.302,131.55,13871.0,131.541,131.56,132.39356941609137
2023-04-05T01:00:00Z,131.548,131.846,131.384,131.7,19597.0,131.692,131.709,132.30109349394584
2023-04-05T05:00:00Z,131.7,131.741,131.234,131.47,28995.0,131.461,131.479,132.1902810280864
2023-04-05T09:00:00Z,131.467,131.786,130.918,131.022,30492.0,131.014,131.031,132.03451022434155
2023-04-05T13:00:00Z,131.02,131.244,130.628,131.187,32959.0,131.179,131.195,131.92150886109602
2023-04-05T17:00:00Z,131.189,131.415,131.084,131.336,13706.0,131.325,131.348,131.84344101294988
2023-04-05T21:00:00Z,131.31,131.343,130.78,131.164,12952.0,131.155,131.172,131.7528488778899
2023-04-06T01:00:00Z,131.162,131.297,131.0,131.164,13570.0,131.155,131.173,131.67433569417125
2023-04-06T05:00:00Z,131.162,131.495,131.149,131.414,21883.0,131.404,131.423,131.63962426828175
2023-04-06T09:00:00Z,131.416,131.668,130.961,131.598,24748.0,131.59,131.607,131.63407436584419
2023-04-06T13:00:00Z,131.604,131.906,131.542,131.612,23680.0,131.604,131.619,131.63113111706497
2023-04-06T17:00:00Z,131.612,131.852,131.574,131.762,6943.0,131.749,131.775,131.64858030145632
2023-04-06T21:00:00Z,131.786,131.931,131.602,131.744,10291.0,131.735,131.754,131.6613029279288
2023-04-07T01:00:00Z,131.748,131.832,131.568,131.702,12501.0,131.694,131.71,131.66672920420496
2023-04-07T05:00:00Z,131.697,131.95,131.644,131.806,12546.0,131.796,131.815,131.6852986436443
2023-04-07T09:00:00Z,131.806,132.38,131.526,132.124,17318.0,132.115,132.134,131.74379215782506
2023-04-07T13:00:00Z,132.126,132.287,132.017,132.17,17202.0,132.122,132.219,131.80061987011504
2023-04-07T17:00:00Z,132.172,132.268,132.137,132.147,12148.0,132.097,132.197,131.84680388743303
2023-04-09T21:00:00Z,132.168,132.676,131.834,132.6,15063.0,132.588,132.612,131.9472300357753
2023-04-10T01:00:00Z,132.601,132.8,132.473,132.662,17174.0,132.653,132.67,132.04253269767193
2023-04-10T05:00:00Z,132.662,132.742,131.995,132.08,19478.0,132.07,132.09,132.04752833798236
2023-04-10T09:00:00Z,132.082,133.346,132.036,133.33,29017.0,133.32,133.339,132.21852455958472
2023-04-10T13:00:00Z,133.327,133.874,133.269,133.698,24923.0,133.689,133.706,132.41578795164008
2023-04-10T17:00:00Z,133.695,133.696,133.552,133.62,14953.0,133.608,133.632,132.57634955808808
2023-04-10T21:00:00Z,133.59,133.627,133.246,133.404,13399.0,133.395,133.414,132.686702950343
2023-04-11T01:00:00Z,133.404,133.692,133.298,133.402,17507.0,133.394,133.41,132.78207589029728
2023-04-11T05:00:00Z,133.396,133.562,133.001,133.104,24064.0,133.095,133.112,132.8249991049243
2023-04-11T09:00:00Z,133.104,133.345,132.973,133.108,23923.0,133.1,133.117,132.86273255760108
2023-04-11T13:00:00Z,133.106,133.736,133.084,133.726,21315.0,133.719,133.734,132.97783488325427
2023-04-11T17:00:00Z,133.728,133.806,133.613,133.695,9606.0,133.686,133.704,133.07345689882038
2023-04-11T21:00:00Z,133.701,133.774,133.555,133.682,18395.0,133.674,133.69,133.15459597897768
2023-04-12T01:00:00Z,133.679,134.048,133.592,133.762,16960.0,133.754,133.769,133.23558318178067
2023-04-12T05:00:00Z,133.761,133.971,133.556,133.822,20293.0,133.814,133.83,133.3137720908766
2023-04-12T09:00:00Z,133.826,133.91,132.736,133.04,27934.0,133.031,133.05,133.2772691454264
2023-04-12T13:00:00Z,133.038,133.346,132.801,133.189,34820.0,133.182,133.196,133.26549992603623
2023-04-12T17:00:00Z,133.196,133.404,133.048,133.177,17882.0,133.163,133.191,133.25369993589806
2023-04-12T21:00:00Z,133.128,133.294,132.944,133.166,12733.0,133.157,133.175,133.24200661111166
2023-04-13T01:00:00Z,133.163,133.312,133.042,133.276,16243.0,133.267,133.284,133.24653906296345
2023-04-13T05:00:00Z,133.274,133.376,132.902,133.166,20181.0,133.156,133.175,133.235800521235
2023-04-13T09:00:00Z,133.166,133.394,132.5,132.514,24929.0,132.506,132.523,133.13956045173703
2023-04-13T13:00:00Z,132.512,132.54,132.02,132.378,28503.0,132.371,132.385,133.0380190581721
2023-04-13T17:00:00Z,132.378,132.8,132.37,132.574,11237.0,132.562,132.586,132.97614985041582
2023-04-13T21:00:00Z,132.556,132.644,132.44,132.588,13788.0,132.58,132.597,132.92439653702704
2023-04-14T01:00:00Z,132.588,132.62,132.268,132.476,17569.0,132.467,132.484,132.8646103320901
2023-04-14T05:00:00Z,132.476,132.596,132.168,132.498,20664.0,132.489,132.507,132.8157289544781
2023-04-14T09:00:00Z,132.498,133.192,132.199,133.011,29838.0,133.002,133.02,132.841765093881
2023-04-14T13:00:00Z,133.016,133.838,132.95,133.782,31926.0,133.776,133.789,132.9671297480302
2023-04-14T17:00:00Z,133.783,133.817,133.63,133.754,9845.0,133.712,133.796,133.07204578162617
2023-04-16T21:00:00Z,133.82,134.002,133.712,133.848,11529.0,133.839,133.857,133.175506344076
2023-04-17T01:00:00Z,133.847,134.133,133.802,134.064,14740.0,134.057,134.072,133.2939721648659
2023-04-17T05:00:00Z,134.064,134.22,133.839,133.973,22599.0,133.965,133.981,133.38450920955046
2023-04-17T09:00:00Z,133.974,134.18,133.744,134.07,21221.0,134.062,134.078,133.4759079816104
2023-04-17T13:00:00Z,134.072,134.576,134.028,134.457,21536.0,134.45,134.464,133.606720250729
2023-04-17T17:00:00Z,134.455,134.504,134.386,134.486,8153.0,134.473,134.498,133.7239575506318
2023-04-17T21:00:00Z,134.467,134.505,134.274,134.388,15557.0,134.379,134.396,133.8124965438809
2023-04-18T01:00:00Z,134.388,134.708,134.363,134.444,18791.0,134.436,134.451,133.8966970046968
2023-04-18T05:00:00Z,134.442,134.48,134.139,134.15,22558.0,134.141,134.159,133.93047073740388
2023-04-18T09:00:00Z,134.15,134.218,133.861,134.189,21340.0,134.181,134.197,133.96494130575005
2023-04-18T13:00:00Z,134.188,134.327,133.914,134.089,19882.0,134.082,134.096,133.98148246498337
2023-04-18T17:00:00Z,134.089,134.12,134.015,134.095,8806.0,134.084,134.106,133.99661813631892
2023-04-18T21:00:00Z,134.122,134.138,133.954,134.01,17008.0,134.002,134.019,133.99840238480974
2023-04-19T01:00:00Z,134.012,134.392,133.956,134.324,14219.0,134.316,134.333,134.04181540016845
2023-04-19T05:00:00Z,134.326,134.926,134.314,134.891,25183.0,134.883,134.899,134.15504001347932
2023-04-19T09:00:00Z,134.89,135.14,134.373,134.386,26191.0,134.378,134.394,134.18583467834875
2023-04-19T13:00:00Z,134.382,134.856,134.293,134.661,19024.0,134.653,134.669,134.2491900545689
2023-04-19T17:00:00Z,134.664,134.825,134.651,134.732,10783.0,134.721,134.744,134.31356471395972
2023-04-19T21:00:00Z,134.692,134.849,134.601,134.84,15009.0,134.831,134.848,134.38375608543177
2023-04-20T01:00:00Z,134.841,134.974,134.677,134.784,15964.0,134.776,134.792,134.43712194070753
2023-04-20T05:00:00Z,134.786,134.836,134.387,134.674,22989.0,134.664,134.683,134.46870568194652
2023-04-20T09:00:00Z,134.674,134.864,134.173,134.274,25929.0,134.263,134.285,134.44274492435366
2023-04-20T13:00:00Z,134.279,134.357,134.014,134.156,21892.0,134.15,134.162,134.40451226777319
2023-04-20T17:00:00Z,134.152,134.356,134.152,134.24,9567.0,134.228,134.252,134.38257729873678
2023-04-20T21:00:00Z,134.246,134.297,133.953,134.143,16716.0,134.135,134.151,134.35063365890522
2023-04-21T01:00:00Z,134.144,134.162,133.759,133.88,14433.0,133.871,133.888,134.28788250438453
2023-04-21T05:00:00Z,133.879,134.112,133.696,133.774,23347.0,133.765,133.782,134.21936483713327
2023-04-21T09:00:00Z,133.772,133.94,133.604,133.641,17393.0,133.633,133.649,134.1422495255155
2023-04-21T13:00:00Z,133.639,134.494,133.55,134.13,27423.0,134.122,134.139,134.14061625544676
2023-04-21T17:00:00Z,134.132,134.221,134.065,134.124,7375.0,134.104,134.145,134.13840075472052
2023-04-23T21:00:00Z,134.024,134.122,133.894,133.977,8077.0,133.969,133.985,134.11688065409112
2023-04-24T01:00:00Z,133.975,134.474,133.934,134.362,15489.0,134.354,134.371,134.14956323354565
2023-04-24T05:00:00Z,134.362,134.478,134.122,134.291,19867.0,134.283,134.299,134.1684214690729
2023-04-24T09:00:00Z,134.291,134.734,134.249,134.505,19441.0,134.497,134.513,134.21329860652986
2023-04-24T13:00:00Z,134.506,134.673,134.336,134.382,17386.0,134.374,134.391,134.23579212565923
2023-04-24T17:00:00Z,134.384,134.396,134.227,134.25,9005.0,134.237,134.263,134.23768650890466
2023-04-24T21:00:00Z,134.301,134.317,133.962,134.298,15377.0,134.289,134.307,134.24572830771737
2023-04-25T01:00:00Z,134.302,134.418,134.165,134.293,14312.0,134.284,134.302,134.25203120002172
2023-04-25T05:00:00Z,134.294,134.48,134.028,134.114,24092.0,134.105,134.122,134.23362704001883
2023-04-25T09:00:00Z,134.118,134.256,133.817,133.918,20486.0,133.909,133.926,134.19154343468298
2023-04-25T13:00:00Z,133.928,134.038,133.731,133.838,24777.0,133.829,133.847,134.14440431005858
2023-04-25T17:00:00Z,133.836,133.87,133.367,133.723,15582.0,133.712,133.734,134.08821706871743
2023-04-25T21:00:00Z,133.805,133.928,133.49,133.698,12950.0,133.689,133.706,134.03618812622176
2023-04-26T01:00:00Z,133.698,133.748,133.44,133.584,16548.0,133.576,133.593,133.97589637605887
2023-04-26T05:00:00Z,133.582,133.791,133.392,133.537,24769.0,133.529,133.545,133.91737685925102
2023-04-26T09:00:00Z,133.538,133.946,133.265,133.62,30919.0,133.612,133.628,133.87772661135088
2023-04-26T13:00:00Z,133.624,133.884,133.017,133.815,30653.0,133.808,133.822,133.86936306317077
2023-04-26T17:00:00Z,133.816,133.864,133.476,133.678,13437.0,133.665,133.69,133.84384798808134
2023-04-26T21:00:00Z,133.664,133.702,133.394,133.546,9737.0,133.537,133.555,133.80413492300383
2023-04-27T01:00:00Z,133.545,133.754,133.459,133.728,13909.0,133.719,133.737,133.79398359993667
2023-04-27T05:00:00Z,133.73,133.942,133.618,133.875,19896.0,133.866,133.884,133.80478578661177
2023-04-27T09:00:00Z,133.89,134.061,133.214,133.902,24010.0,133.894,133.911,133.8177476817302
2023-04-27T13:00:00Z,133.904,134.202,133.836,133.996,23568.0,133.99,134.003,133.84151465749952
2023-04-27T17:00:00Z,133.995,134.066,133.822,133.976,10750.0,133.963,133.988,133.85944603649958
2023-04-27T21:00:00Z,133.928,134.078,133.734,134.038,16814.0,134.03,134.047,133.88325323163298
2023-04-28T01:00:00Z,134.039,134.942,133.337,134.776,39517.0,134.767,134.785,134.0022861340819
2023-04-28T05:00:00Z,134.774,135.86,134.712,135.636,39087.0,135.626,135.646,134.22011464953766
2023-04-28T09:00:00Z,135.635,136.425,135.63,136.067,25039.0,136.059,136.075,134.4663660295993
2023-04-28T13:00:00Z,136.069,136.562,135.838,136.076,30944.0,136.069,136.084,134.6809838923194
2023-04-28T17:00:00Z,136.076,136.351,136.046,136.305,12470.0,136.285,136.325,134.8975193733435
2023-04-30T21:00:00Z,136.197,136.786,136.191,136.662,13473.0,136.652,136.671,135.1327834568977
2023-05-01T01:00:00Z,136.659,136.95,136.567,136.852,14038.0,136.842,136.861,135.36201232931134
2023-05-01T05:00:00Z,136.852,136.986,136.684,136.786,12773.0,136.778,136.794,135.55187735206982
2023-05-01T09:00:00Z,136.802,136.892,136.574,136.756,14690.0,136.747,136.764,135.7124270384605
2023-05-01T13:00:00Z,136.754,137.486,136.707,137.475,20062.0,137.467,137.483,135.94743676666576
2023-05-01T17:00:00Z,137.476,137.544,137.37,137.47,11752.0,137.457,137.482,136.150445197777
2023-05-01T21:00:00Z,137.502,137.58,137.291,137.425,13819.0,137.416,137.434,136.3203858380734
2023-05-02T01:00:00Z,137.428,137.704,137.304,137.68,16810.0,137.672,137.689,136.50166772633028
2023-05-02T05:00:00Z,137.68,137.774,137.355,137.512,24635.0,137.503,137.521,136.63637869615292
2023-05-02T09:00:00Z,137.514,137.581,137.246,137.568,19454.0,137.56,137.576,136.7605948699992
2023-05-02T13:00:00Z,137.572,137.578,136.316,136.453,34176.0,136.445,136.461,136.71958222066598
2023-05-02T17:00:00Z,136.452,136.704,136.422,136.568,12557.0,136.555,136.581,136.6993712579105
2023-05-02T21:00:00Z,136.531,136.614,136.389,136.408,9445.0,136.4,136.416,136.6605217568558
2023-05-03T01:00:00Z,136.408,136.457,135.92,136.062,13762.0,136.054,136.071,136.58071885594168
2023-05-03T05:00:00Z,136.063,136.106,135.526,135.672,22002.0,135.664,135.681,136.45955634181612
2023-05-03T09:00:00Z,135.672,135.952,135.329,135.398,23336.0,135.391,135.406,136.31801549624063
2023-05-03T13:00:00Z,135.392,135.536,135.07,135.387,26047.0,135.38,135.394,136.19388009674188
2023-05-03T17:00:00Z,135.386,135.708,134.736,134.744,44006.0,134.73,134.759,136.00056275050963
2023-05-03T21:00:00Z,134.724,134.736,134.348,134.528,18017.0,134.519,134.537,135.8042210504417
2023-05-04T01:00:00Z,134.53,134.63,134.399,134.569,13408.0,134.561,134.577,135.63952491038282
2023-05-04T05:00:00Z,134.567,134.82,134.148,134.602,24830.0,134.593,134.611,135.5011882556651
2023-05-04T09:00:00Z,134.602,134.87,134.332,134.825,30749.0,134.819,134.831,135.41102982157645
2023-05-04T13:00:00Z,134.827,134.88,133.5,133.756,50766.0,133.748,133.763,135.1903591786996
2023-05-04T17:00:00Z,133.768,134.356,133.741,134.271,20369.0,134.259,134.283,135.06777795487298
2023-05-04T21:00:00Z,134.244,134.315,134.078,134.134,7918.0,134.127,134.142,134.94327422755657
2023-05-05T01:00:00Z,134.135,134.148,133.915,133.972,10290.0,133.963,133.98,134.8137709972157
2023-05-05T05:00:00Z,133.974,134.216,133.887,134.152,20383.0,134.144,134.159,134.7255348642536
2023-05-05T09:00:00Z,134.152,135.127,134.098,134.975,24964.0,134.967,134.983,134.75879688235312
2023-05-05T13:00:00Z,134.973,135.07,134.625,134.666,26534.0,134.657,134.675,134.74642396470605
2023-05-05T17:00:00Z,134.669,134.882,134.642,134.841,8728.0,134.812,134.87,134.75903410274526
2023-05-07T21:00:00Z,134.866,135.302,134.83,134.9,11121.0,134.89,134.909,134.77782955571257
2023-05-08T01:00:00Z,134.898,135.018,134.718,134.746,13094.0,134.738,134.753,134.7735856149509
2023-05-08T05:00:00Z,134.746,135.094,134.642,134.966,15651.0,134.957,134.974,134.79924086629077
2023-05-08T09:00:00Z,134.966,135.228,134.935,135.062,15569.0,135.054,135.069,134.834275417452
2023-05-08T13:00:00Z,135.058,135.064,134.656,134.711,18004.0,134.702,134.72,134.81783869512506
2023-05-08T17:00:00Z,134.712,135.178,134.683,135.112,11747.0,135.1,135.125,134.85706020244172
2023-05-08T21:00:00Z,135.082,135.327,134.969,135.213,14687.0,135.206,135.22,134.90451884211615
2023-05-09T01:00:00Z,135.214,135.226,134.873,135.007,12069.0,134.998,135.016,134.91818299650066
2023-05-09T05:00:00Z,135.015,135.06,134.722,135.042,22975.0,135.034,135.051,134.93469193030057
2023-05-09T09:00:00Z,135.043,135.193,134.765,135.192,18621.0,135.184,135.199,134.96899967292717
2023-05-09T13:00:00Z,135.19,135.36,134.958,135.26,20368.0,135.252,135.268,135.00779971653688
2023-05-09T17:00:00Z,135.26,135.264,135.11,135.228,14423.0,135.213,135.244,135.03715975433198
2023-05-09T21:00:00Z,135.195,135.338,135.101,135.154,18886.0,135.145,135.162,135.0527384537544
2023-05-10T01:00:00Z,135.156,135.29,135.065,135.235,13399.0,135.227,135.243,135.0770399932538
2023-05-10T05:00:00Z,135.236,135.472,135.12,135.262,23603.0,135.254,135.271,135.10170132748664
2023-05-10T09:00:00Z,135.26,135.418,134.34,134.405,26014.0,134.398,134.412,135.0088078171551
2023-05-10T13:00:00Z,134.396,134.722,134.278,134.341,31964.0,134.333,134.349,134.91976677486775
2023-05-10T17:00:00Z,134.342,134.403,134.113,134.384,16335.0,134.372,134.395,134.8483312048854
2023-05-10T21:00:00Z,134.322,134.373,133.892,134.068,18121.0,134.059,134.076,134.74428704423403
2023-05-11T01:00:00Z,134.064,134.308,134.01,134.245,14595.0,134.236,134.254,134.67771543833615
2023-05-11T05:00:00Z,134.244,134.845,134.16,134.801,27633.0,134.792,134.81,134.69415337989133
2023-05-11T09:00:00Z,134.798,134.843,133.746,133.84,32818.0,133.831,133.848,134.58026626257248
2023-05-11T13:00:00Z,133.842,134.546,133.786,134.416,31122.0,134.409,134.422,134.5583640942295
2023-05-11T17:00:00Z,134.416,134.59,134.336,134.567,15600.0,134.555,134.579,134.55951554833223
2023-05-11T21:00:00Z,134.498,134.582,134.404,134.526,10382.0,134.517,134.535,134.5550468085546
2023-05-12T01:00:00Z,134.525,134.693,134.485,134.572,12816.0,134.564,134.581,134.55730723408067
2023-05-12T05:00:00Z,134.57,134.908,134.57,134.769,21464.0,134.761,134.777,134.58553293620324
2023-05-12T09:00:00Z,134.77,135.05,134.63,134.98,17460.0,134.973,134.986,134.63812854470947
2023-05-12T13:00:00Z,134.978,135.753,134.72,135.658,27940.0,135.651,135.665,134.77411140541489
2023-05-12T17:00:00Z,135.66,135.75,135.624,135.738,9415.0,135.719,135.757,134.9026298846929
2023-05-14T21:00:00Z,135.68,136.026,135.662,135.876,15080.0,135.868,135.884,135.03241256673385
2023-05-15T01:00:00Z,135.876,136.242,135.728,136.084,16569.0,136.077,136.091,135.17262422450267
2023-05-15T05:00:00Z,136.085,136.266,135.824,136.108,21954.0,136.1,136.117,135.297340994569
2023-05-15T09:00:00Z,136.11,136.328,135.711,135.894,20011.0,135.885,135.904,135.37689552862648
2023-05-15T13:00:00Z,135.892,136.199,135.89,136.084,21009.0,136.076,136.092,135.47117612480963
2023-05-15T17:00:00Z,136.088,136.14,136.01,136.108,12600.0,136.092,136.123,135.556085974835
2023-05-15T21:00:00Z,136.125,136.126,135.91,135.928,11479.0,135.919,135.938,135.6056745115237
2023-05-16T01:00:00Z,135.93,136.1,135.91,135.978,11006.0,135.97,135.985,135.6553179099872
2023-05-16T05:00:00Z,135.976,136.036,135.721,135.848,20442.0,135.84,135.855,135.68100885532223
2023-05-16T09:00:00Z,135.85,136.209,135.658,136.103,19587.0,136.094,136.112,135.73727434127926
2023-05-16T13:00:00Z,136.096,136.686,136.066,136.592,25428.0,136.584,136.601,135.85123776244203
2023-05-16T17:00:00Z,136.592,136.61,136.269,136.385,13708.0,136.374,136.396,135.9224060607831
2023-05-16T21:00:00Z,136.402,136.482,136.305,136.438,14524.0,136.429,136.447,135.99115191934536
2023-05-17T01:00:00Z,136.437,136.583,136.36,136.578,10194.0,136.569,136.586,136.06939833009932
2023-05-17T05:00:00Z,136.58,137.096,136.57,137.05,20813.0,137.043,137.058,136.20014521941943
2023-05-17T09:00:00Z,137.05,137.24,136.838,137.147,19339.0,137.139,137.155,136.32639252349685
2023-05-17T13:00:00Z,137.149,137.574,136.962,137.468,22836.0,137.46,137.476,136.47860685369727
2023-05-17T17:00:00Z,137.468,137.71,137.394,137.697,13252.0,137.681,137.713,136.64105927320432
2023-05-17T21:00:00Z,137.648,137.718,137.44,137.444,15094.0,137.435,137.453,136.74811803677707
2023-05-18T01:00:00Z,137.446,137.633,137.29,137.604,13218.0,137.596,137.613,136.86223563187346
2023-05-18T05:00:00Z,137.604,137.94,137.387,137.774,20564.0,137.765,137.783,136.98380421429033
2023-05-18T09:00:00Z,137.776,138.397,137.698,138.298,21058.0,138.287,138.31,137.15903031905162
2023-05-18T13:00:00Z,138.296,138.678,138.133,138.582,23881.0,138.574,138.59,137.34875960984473
2023-05-18T17:00:00Z,138.582,138.748,138.483,138.7,11000.0,138.688,138.713,137.52892499519876
2023-05-18T21:00:00Z,138.726,138.736,138.28,138.41,17653.0,138.402,138.419,137.6464016625056
2023-05-19T01:00:00Z,138.412,138.598,138.332,138.459,15813.0,138.451,138.467,137.75474810750487
2023-05-19T05:00:00Z,138.46,138.467,137.968,138.178,21931.0,138.17,138.186,137.81118169317088
2023-05-19T09:00:00Z,138.18,138.58,137.994,138.554,22054.0,138.545,138.563,137.91022413408143
2023-05-19T13:00:00Z,138.56,138.658,137.424,137.794,38946.0,137.787,137.801,137.8947275828706
2023-05-19T17:00:00Z,137.792,138.138,137.766,137.964,12180.0,137.932,137.996,137.9039639051545
2023-05-21T21:00:00Z,137.99,138.03,137.577,137.678,9077.0,137.668,137.687,137.87383538446724
2023-05-22T01:00:00Z,137.678,137.808,137.494,137.791,15940.0,137.783,137.799,137.86279066653827
2023-05-22T05:00:00Z,137.79,138.046,137.763,137.835,19964.0,137.827,137.843,137.8590852443332
2023-05-22T09:00:00Z,137.837,138.496,137.798,138.422,20508.0,138.414,138.43,137.93414054508875
2023-05-22T13:00:00Z,138.422,138.688,137.994,138.55,26286.0,138.543,138.556,138.01625513907692
2023-05-22T17:00:00Z,138.548,138.633,138.266,138.592,13875.0,138.58,138.604,138.09302112053334
2023-05-22T21:00:00Z,138.606,138.801,138.426,138.543,15065.0,138.534,138.552,138.15301830446222
2023-05-23T01:00:00Z,138.543,138.878,138.357,138.414,16260.0,138.406,138.423,138.18781586386726
2023-05-23T05:00:00Z,138.414,138.685,138.242,138.33,23991.0,138.323,138.338,138.20677374868495
2023-05-23T09:00:00Z,138.334,138.914,138.26,138.861,20209.0,138.853,138.869,138.29400391552696
2023-05-23T13:00:00Z,138.858,138.86,138.289,138.644,34252.0,138.637,138.652,138.34067006012336
2023-05-23T17:00:00Z,138.644,138.712,138.396,138.586,17823.0,138.573,138.598,138.37338071877357
2023-05-23T21:00:00Z,138.586,138.639,138.488,138.521,16390.0,138.512,138.53,138.39306328960376
2023-05-24T01:00:00Z,138.522,138.522,138.353,138.422,13710.0,138.413,138.431,138.39692151765658
2023-05-24T05:00:00Z,138.422,138.736,138.23,138.576,22266.0,138.568,138.584,138.4207986486357
2023-05-24T09:00:00Z,138.578,138.776,138.338,138.69,19416.0,138.682,138.698,138.45669216215094
2023-05-24T13:00:00Z,138.69,139.39,138.614,139.308,28476.0,139.302,139.314,138.57019987386414
2023-05-24T17:00:00Z,139.308,139.479,138.973,139.466,17891.0,139.452,139.48,138.68963989068226
2023-05-24T21:00:00Z,139.41,139.482,138.816,139.399,20432.0,139.39,139.408,138.7842212385913
2023-05-25T01:00:00Z,139.4,139.704,139.373,139.574,15077.0,139.567,139.58,138.8895250734458
2023-05-25T05:00:00Z,139.575,139.695,139.282,139.494,24467.0,139.486,139.502,138.9701217303197
2023-05-25T09:00:00Z,139.494,139.758,139.185,139.728,26001.0,139.722,139.735,139.07117216627708
2023-05-25T13:00:00Z,139.73,139.964,139.412,139.928,33262.0,139.921,139.935,139.18541587744014
2023-05-25T17:00:00Z,139.926,140.231,139.852,140.05,13404.0,140.041,140.06,139.30069376044813
2023-05-25T21:00:00Z,140.07,140.108,139.796,139.89,16296.0,139.881,139.899,139.3792679257217
2023-05-26T01:00:00Z,139.887,139.959,139.709,139.722,13192.0,139.715,139.73,139.4249655356255
2023-05-26T05:00:00Z,139.721,139.846,139.497,139.696,21381.0,139.688,139.704,139.46110346420875
2023-05-26T09:00:00Z,139.698,140.318,139.62,140.078,22062.0,140.07,140.085,139.5433563356476
2023-05-26T13:00:00Z,140.08,140.714,140.022,140.594,29115.0,140.587,140.602,139.68344215756125
2023-05-26T17:00:00Z,140.598,140.727,140.52,140.62,9478.0,140.57,140.67,139.8083165365531
2023-05-28T21:00:00Z,140.597,140.922,140.524,140.756,13334.0,140.747,140.764,139.93467433167936
2023-05-29T01:00:00Z,140.758,140.778,140.386,140.412,12780.0,140.404,140.42,139.99831775412213
2023-05-29T05:00:00Z,140.41,140.538,140.221,140.322,11117.0,140.313,140.33,140.04147538690586
2023-05-29T09:00:00Z,140.322,140.391,140.17,140.211,8997.0,140.201,140.221,140.06407866865175
2023-05-29T13:00:00Z,140.208,140.372,140.116,140.346,4740.0,140.338,140.355,140.10166817949818
2023-05-29T17:00:00Z,140.348,140.468,140.308,140.442,2265.0,140.428,140.455,140.1470457555651
2023-05-29T21:00:00Z,140.427,140.534,140.195,140.222,9360.0,140.212,140.232,140.15703965482308
2023-05-30T01:00:00Z,140.22,140.36,139.963,140.323,13547.0,140.314,140.332,140.17916770084668
2023-05-30T05:00:00Z,140.322,140.934,140.12,140.166,29851.0,140.158,140.174,140.17741200740045
2023-05-30T09:00:00Z,140.166,140.652,139.58,139.828,29343.0,139.819,139.836,140.13082373974706
2023-05-30T13:00:00Z,139.826,140.114,139.572,139.923,24725.0,139.915,139.931,140.1031139077808
2023-05-30T17:00:00Z,139.923,139.95,139.714,139.796,11657.0,139.782,139.809,140.06216538674335
2023-05-30T21:00:00Z,139.816,139.924,139.617,139.674,9348.0,139.665,139.682,140.01041000184424
2023-05-31T01:00:00Z,139.672,139.9,139.617,139.802,12164.0,139.793,139.811,139.98262200159834
2023-05-31T05:00:00Z,139.8,139.968,139.314,139.952,24656.0,139.944,139.961,139.9785390680519
2023-05-31T09:00:00Z,139.967,140.062,139.517,139.804,16173.0,139.796,139.811,139.95526719231165
2023-05-31T13:00:00Z,139.806,140.382,139.557,139.728,33362.0,139.721,139.735,139.92496490000343
2023-05-31T17:00:00Z,139.729,139.778,139.234,139.339,15012.0,139.325,139.353,139.84683624666965
2023-05-31T21:00:00Z,139.35,139.38,138.959,139.194,11009.0,139.186,139.202,139.75979141378036
2023-06-01T01:00:00Z,139.194,139.552,139.12,139.417,14495.0,139.408,139.426,139.71408589194297
2023-06-01T05:00:00Z,139.416,139.952,139.416,139.796,17704.0,139.786,139.805,139.72500777301724
2023-06-01T09:00:00Z,139.796,139.892,139.11,139.12,24895.0,139.112,139.129,139.64434006994827
2023-06-01T13:00:00Z,139.118,139.178,138.439,138.792,29305.0,138.784,138.799,139.5306947272885
2023-06-01T17:00:00Z,138.794,138.87,138.712,138.806,7209.0,138.794,138.819,139.43406876365003
2023-06-01T21:00:00Z,138.822,138.978,138.664,138.954,7146.0,138.946,138.962,139.37005959516335
2023-06-02T01:00:00Z,138.953,139.056,138.605,138.914,10888.0,138.906,138.921,139.30925164914157
2023-06-02T05:00:00Z,138.916,139.107,138.79,138.828,16494.0,138.819,138.836,139.24508476258936
2023-06-02T09:00:00Z,138.828,139.472,138.734,139.251,24834.0,139.242,139.26,139.2458734609108
2023-06-02T13:00:00Z,139.248,139.908,138.972,139.892,26528.0,139.886,139.899,139.3320236661227
2023-06-02T17:00:00Z,139.892,140.072,139.863,139.966,8283.0,139.948,139.985,139.41655384397302
2023-06-04T21:00:00Z,139.986,140.266,139.965,140.113,7794.0,140.105,140.121,139.50941333144328
2023-06-05T01:00:00Z,140.11,140.24,139.995,140.086,11373.0,140.078,140.095,139.5862915539175
2023-06-05T05:00:00Z,140.087,140.456,139.987,140.262,18191.0,140.254,140.271,139.6763860133952
2023-06-05T09:00:00Z,140.262,140.39,140.124,140.167,14021.0,140.159,140.175,139.74180121160916
2023-06-05T13:00:00Z,140.168,140.212,139.25,139.714,25564.0,139.706,139.722,139.7380943833946
2023-06-05T17:00:00Z,139.715,139.817,139.482,139.572,9811.0,139.56,139.583,139.71594846560868
2023-06-05T21:00:00Z,139.613,139.635,139.324,139.57,7994.0,139.563,139.577,139.69648867019419
2023-06-06T01:00:00Z,139.566,139.66,139.432,139.454,11327.0,139.445,139.462,139.66415684750163
2023-06-06T05:00:00Z,139.454,139.524,139.096,139.214,22876.0,139.205,139.222,139.60413593450141
2023-06-06T09:00:00Z,139.212,139.899,139.152,139.779,16513.0,139.771,139.787,139.62745114323457
2023-06-06T13:00:00Z,139.784,139.994,139.576,139.664,19157.0,139.656,139.672,139.63232432413662
2023-06-06T17:00:00Z,139.665,139.758,139.625,139.645,6819.0,139.636,139.654,139.63401441425174
2023-06-06T21:00:00Z,139.672,139.674,139.378,139.38,6574.0,139.372,139.389,139.60014582568485
2023-06-07T01:00:00Z,139.377,139.384,139.152,139.256,13352.0,139.248,139.263,139.55425971559353
2023-06-07T05:00:00Z,139.256,139.498,139.128,139.367,15338.0,139.358,139.376,139.5292917535144
2023-06-07T09:00:00Z,139.366,139.629,139.248,139.553,16152.0,139.545,139.561,139.5324528530458
2023-06-07T13:00:00Z,139.556,140.204,139.026,140.19,27025.0,140.183,140.198,139.62012580597303
2023-06-07T17:00:00Z,140.184,140.248,140.059,140.176,11088.0,140.165,140.187,139.69424236517662
2023-06-07T21:00:00Z,140.086,140.233,139.844,139.93,9611.0,139.922,139.939,139.72567671648642
2023-06-08T01:00:00Z,139.932,140.097,139.707,139.733,13589.0,139.725,139.741,139.72665315428824
2023-06-08T05:00:00Z,139.735,139.966,139.625,139.734,18812.0,139.725,139.742,139.7276327337165
2023-06-08T09:00:00Z,139.734,139.848,139.222,139.421,20722.0,139.415,139.427,139.68674836922096
2023-06-08T13:00:00Z,139.428,139.476,138.81,138.914,27579.0,138.906,138.921,139.58371525332484
2023-06-08T17:00:00Z,138.92,139.007,138.88,138.924,9202.0,138.912,138.936,139.4957532195482
2023-06-08T21:00:00Z,138.891,139.081,138.758,139.032,7469.0,139.023,139.04,139.43391945694177
2023-06-09T01:00:00Z,139.031,139.326,139.002,139.272,12346.0,139.265,139.279,139.4123301960162
2023-06-09T05:00:00Z,139.27,139.726,139.236,139.66,17929.0,139.652,139.669,139.44535283654739
2023-06-09T09:00:00Z,139.66,139.66,139.032,139.296,17965.0,139.288,139.303,139.42543912500773
2023-06-09T13:00:00Z,139.288,139.598,139.166,139.362,21545.0,139.354,139.369,139.4169805750067
2023-06-09T17:00:00Z,139.362,139.48,139.288,139.378,7049.0,139.348,139.409,139.4117831650058
2023-06-11T21:00:00Z,139.377,139.5,139.267,139.406,6676.0,139.398,139.415,139.41101207633835
2023-06-12T01:00:00Z,139.408,139.646,139.354,139.464,11134.0,139.456,139.472,139.41807713282657
2023-06-12T05:00:00Z,139.464,139.628,139.162,139.206,17518.0,139.199,139.214,139.38980018178302
2023-06-12T09:00:00Z,139.202,139.414,139.065,139.203,17710.0,139.195,139.211,139.36489349087861
2023-06-12T13:00:00Z,139.204,139.764,139.184,139.718,21256.0,139.71,139.727,139.41197435876148
2023-06-12T17:00:00Z,139.714,139.768,139.536,139.61,8712.0,139.6,139.621,139.4383777775933
2023-06-12T21:00:00Z,139.652,139.666,139.403,139.646,5927.0,139.639,139.654,139.46606074058087
2023-06-13T01:00:00Z,139.645,139.664,139.328,139.494,11404.0,139.486,139.501,139.46978597517008
2023-06-13T05:00:00Z,139.493,139.646,139.384,139.517,18626.0,139.509,139.525,139.47608117848074
2023-06-13T09:00:00Z,139.524,139.996,139.049,139.154,23815.0,139.146,139.163,139.43313702134998
2023-06-13T13:00:00Z,139.152,140.113,139.012,139.897,28167.0,139.889,139.905,139.49498541850332
2023-06-13T17:00:00Z,139.898,140.308,139.841,140.231,11881.0,140.218,140.244,139.5931206960362
2023-06-13T21:00:00Z,140.198,140.291,140.008,140.036,6785.0,140.028,140.045,139.65217126989805
2023-06-14T01:00:00Z,140.036,140.112,139.94,140.106,10646.0,140.098,140.114,139.712681767245
2023-06-14T05:00:00Z,140.108,140.202,139.88,139.978,16871.0,139.97,139.987,139.74805753161232
2023-06-14T09:00:00Z,139.977,140.058,139.63,139.694,18512.0,139.686,139.702,139.74084986073066
2023-06-14T13:00:00Z,139.694,139.756,139.284,139.361,18176.0,139.353,139.369,139.69020321263324
2023-06-14T17:00:00Z,139.355,140.176,139.334,140.1,37627.0,140.082,140.118,139.74484278428213
2023-06-14T21:00:00Z,140.079,140.386,139.944,140.363,9519.0,140.355,140.371,139.82726374637784
2023-06-15T01:00:00Z,140.365,141.33,140.36,141.273,24335.0,141.265,141.281,140.02002858019412
2023-06-15T05:00:00Z,141.273,141.506,141.124,141.269,28094.0,141.261,141.277,140.1865581028349
2023-06-15T09:00:00Z,141.271,141.302,140.658,140.708,31733.0,140.7,140.717,140.25608368912359
2023-06-15T13:00:00Z,140.711,140.752,140.154,140.318,31932.0,140.311,140.325,140.26433919724045
2023-06-15T17:00:00Z,140.322,140.378,140.23,140.266,11135.0,140.252,140.28,140.26456063760838
2023-06-15T21:00:00Z,140.295,140.301,140.001,140.156,7992.0,140.149,140.164,140.25008588592726
2023-06-16T01:00:00Z,140.156,140.778,139.854,140.63,22138.0,140.622,140.637,140.30074110113696
2023-06-16T05:00:00Z,140.63,141.407,140.62,141.035,29205.0,141.027,141.043,140.39864228765205
2023-06-16T09:00:00Z,141.036,141.315,140.791,141.291,22203.0,141.283,141.299,140.51762331596512
2023-06-16T13:00:00Z,141.294,141.877,140.914,141.854,34011.0,141.846,141.863,140.69580687383646
2023-06-16T17:00:00Z,141.858,141.915,141.666,141.88,10467.0,141.856,141.903,140.85369929065826
2023-06-18T21:00:00Z,141.741,141.973,141.721,141.954,9541.0,141.946,141.963,141.00040605190384
2023-06-19T01:00:00Z,141.953,141.956,141.442,141.498,14277.0,141.489,141.508,141.06675191165
2023-06-19T05:00:00Z,141.498,141.954,141.463,141.868,14638.0,141.86,141.877,141.17358499009666
2023-06-19T09:00:00Z,141.868,142.003,141.778,141.872,12213.0,141.863,141.881,141.2667069914171
2023-06-19T13:00:00Z,141.872,141.959,141.662,141.934,8945.0,141.926,141.943,141.35567939256148
2023-06-19T17:00:00Z,141.934,142.0,141.91,141.994,1851.0,141.975,142.012,141.44078880688662
2023-06-19T21:00:00Z,141.942,142.206,141.85,142.102,9696.0,142.091,142.112,141.52895029930173
2023-06-20T01:00:00Z,142.106,142.256,141.584,142.062,18192.0,142.054,142.071,141.60002359272818
2023-06-20T05:00:00Z,142.06,142.142,141.458,141.546,20546.0,141.538,141.554,141.5928204470311
2023-06-20T09:00:00Z,141.545,141.666,141.285,141.472,17472.0,141.463,141.48,141.57671105409364
2023-06-20T13:00:00Z,141.474,141.752,141.244,141.274,21187.0,141.266,141.283,141.53634958021448
2023-06-20T17:00:00Z,141.274,141.475,141.214,141.431,7567.0,141.414,141.448,141.52230296951922
2023-06-20T21:00:00Z,141.483,141.701,141.284,141.698,8848.0,141.689,141.706,141.54572924024998
2023-06-21T01:00:00Z,141.698,141.786,141.518,141.785,13165.0,141.777,141.793,141.57763200821665
2023-06-21T05:00:00Z,141.784,142.172,141.708,141.99,22911.0,141.982,141.999,141.6326144071211
2023-06-21T09:00:00Z,141.99,142.039,141.707,141.88,20411.0,141.872,141.888,141.6655991528383
2023-06-21T13:00:00Z,141.882,142.372,141.876,141.936,28534.0,141.928,141.943,141.70165259912653
2023-06-21T17:00:00Z,141.934,141.969,141.682,141.892,12464.0,141.881,141.904,141.72703225257632
2023-06-21T21:00:00Z,141.802,141.896,141.657,141.886,7716.0,141.878,141.895,141.7482279522328
2023-06-22T01:00:00Z,141.886,141.887,141.611,141.778,9885.0,141.769,141.787,141.75219755860178
2023-06-22T05:00:00Z,141.778,142.002,141.696,141.978,17140.0,141.97,141.987,141.7823045507882
2023-06-22T09:00:00Z,141.976,142.248,141.767,142.242,23564.0,142.233,142.25,141.84359727734977
2023-06-22T13:00:00Z,142.243,142.992,142.142,142.986,27701.0,142.978,142.994,141.9959176403698
2023-06-22T17:00:00Z,142.988,143.23,142.929,143.108,10500.0,143.097,143.12,142.1441952883205
2023-06-22T21:00:00Z,143.065,143.186,142.95,143.088,10458.0,143.079,143.096,142.27003591654443
2023-06-23T01:00:00Z,143.086,143.142,142.812,143.084,17754.0,143.076,143.093,142.37856446100517
2023-06-23T05:00:00Z,143.082,143.452,142.77,143.058,28735.0,143.05,143.065,142.4691558662045
2023-06-23T09:00:00Z,143.062,143.322,142.793,142.87,21943.0,142.861,142.878,142.52260175071055
2023-06-23T13:00:00Z,142.866,143.873,142.698,143.868,27290.0,143.86,143.875,142.70198818394914
2023-06-23T17:00:00Z,143.867,143.868,143.666,143.673,9231.0,143.623,143.723,142.83145642608926
2023-06-25T21:00:00Z,143.562,143.723,143.235,143.443,13216.0,143.434,143.452,142.91299556927737
2023-06-26T01:00:00Z,143.452,143.662,143.334,143.387,15416.0,143.379,143.395,142.9761961600404
2023-06-26T05:00:00Z,143.389,143.569,142.938,143.152,23218.0,143.143,143.161,142.999636672035
2023-06-26T09:00:00Z,143.152,143.306,142.99,143.106,16961.0,143.1,143.113,143.013818449097
2023-06-26T13:00:00Z,143.106,143.712,143.106,143.576,22550.0,143.569,143.583,143.0887759892174
2023-06-26T17:00:00Z,143.576,143.598,143.436,143.512,8187.0,143.5,143.525,143.14520585732174
2023-06-26T21:00:00Z,143.503,143.572,143.361,143.498,7466.0,143.489,143.507,143.1922450763455
2023-06-27T01:00:00Z,143.493,143.524,143.282,143.497,16448.0,143.488,143.506,143.2328790661661
2023-06-27T05:00:00Z,143.498,143.776,143.4,143.711,19240.0,143.703,143.719,143.29662852401063
2023-06-27T09:00:00Z,143.711,143.945,143.373,143.551,21953.0,143.542,143.56,143.3305447208092
2023-06-27T13:00:00Z,143.552,144.176,143.3,143.975,29612.0,143.967,143.983,143.41647209136798
2023-06-27T17:00:00Z,143.977,144.09,143.956,144.078,9049.0,144.068,144.087,143.5046758125189
2023-06-27T21:00:00Z,144.072,144.086,143.73,143.801,9984.0,143.793,143.809,143.54418570418306
2023-06-28T01:00:00Z,143.801,144.05,143.776,143.991,15673.0,143.982,144.0,143.60376094362533
2023-06-28T05:00:00Z,143.989,144.258,143.863,144.072,19893.0,144.064,144.08,143.66619281780862
2023-06-28T09:00:00Z,144.07,144.448,143.822,144.4,19936.0,144.392,144.408,143.76403377543414
2023-06-28T13:00:00Z,144.399,144.618,144.096,144.185,29576.0,144.177,144.193,143.82016260537625
2023-06-28T17:00:00Z,144.186,144.536,144.125,144.49,10991.0,144.48,144.5,143.90947425799277
2023-06-28T21:00:00Z,144.435,144.475,144.241,144.254,10301.0,144.246,144.263,143.95541102359374
2023-06-29T01:00:00Z,144.247,144.6,144.136,144.584,15192.0,144.576,144.593,144.0392228871146
2023-06-29T05:00:00Z,144.584,144.702,144.156,144.255,22216.0,144.247,144.263,144.06799316883266
2023-06-29T09:00:00Z,144.254,144.81,144.154,144.786,21332.0,144.778,144.794,144.1637274129883
2023-06-29T13:00:00Z,144.788,144.902,144.524,144.846,28887.0,144.838,144.853,144.25469709125653
2023-06-29T17:00:00Z,144.846,144.894,144.766,144.795,8398.0,144.784,144.806,144.326737479089
2023-06-29T21:00:00Z,144.761,144.925,144.682,144.882,10025.0,144.874,144.891,144.40077248187714
2023-06-30T01:00:00Z,144.88,145.073,144.654,144.724,17495.0,144.716,144.733,144.44386948429351
2023-06-30T05:00:00Z,144.724,144.905,144.439,144.638,19802.0,144.63,144.645,144.46975355305437
2023-06-30T09:00:00Z,144.616,144.756,144.342,144.466,20505.0,144.458,144.473,144.4692530793138
2023-06-30T13:00:00Z,144.467,144.626,144.202,144.327,29106.0,144.319,144.335,144.45028600207198
2023-06-30T17:00:00Z,144.328,144.364,144.236,144.347,10719.0,144.297,144.397,144.43651453512905
2023-07-02T21:00:00Z,144.403,144.482,144.224,144.444,9925.0,144.437,144.452,144.43751259711183
2023-07-03T01:00:00Z,144.444,144.694,144.411,144.442,15295.0,144.434,144.451,144.43811091749694
2023-07-03T05:00:00Z,144.442,144.883,144.369,144.716,19738.0,144.71,144.722,144.475162795164
2023-07-03T09:00:00Z,144.717,144.914,144.535,144.592,17646.0,144.584,144.6,144.49074108914215
2023-07-03T13:00:00Z,144.592,144.702,143.986,144.684,22931.0,144.676,144.691,144.51650894392318
2023-07-03T17:00:00Z,144.683,144.756,144.625,144.69,4812.0,144.676,144.703,144.53964108473343
2023-07-03T21:00:00Z,144.677,144.705,144.428,144.463,6226.0,144.455,144.471,144.52942227343564
2023-07-04T01:00:00Z,144.464,144.678,144.435,144.654,10794.0,144.646,144.663,144.54603263697757
2023-07-04T05:00:00Z,144.657,144.668,144.337,144.386,13252.0,144.378,144.395,144.52469495204724
2023-07-04T09:00:00Z,144.388,144.465,144.304,144.33,9975.0,144.322,144.339,144.4987356251076
2023-07-04T13:00:00Z,144.332,144.546,144.207,144.515,10502.0,144.506,144.524,144.5009042084266
2023-07-04T17:00:00Z,144.514,144.542,144.414,144.461,3394.0,144.444,144.478,144.49558364730305
2023-07-04T21:00:00Z,144.459,144.562,144.381,144.46,6047.0,144.451,144.468,144.490839160996
2023-07-05T01:00:00Z,144.456,144.642,144.44,144.528,8921.0,144.519,144.537,144.49579393952985
2023-07-05T05:00:00Z,144.53,144.737,144.254,144.358,17920.0,144.35,144.367,144.4774214142592
2023-07-05T09:00:00Z,144.36,144.596,144.208,144.403,16397.0,144.395,144.411,144.46749855902465
2023-07-05T13:00:00Z,144.402,144.654,144.08,144.638,19448.0,144.63,144.645,144.49023208448804
2023-07-05T17:00:00Z,144.637,144.698,144.504,144.662,10007.0,144.647,144.677,144.51313447322298
2023-07-05T21:00:00Z,144.606,144.642,144.197,144.233,8700.0,144.225,144.241,144.4757832101266
2023-07-06T01:00:00Z,144.231,144.447,143.924,143.97,14913.0,143.961,143.978,144.40834544877637
2023-07-06T05:00:00Z,143.971,144.066,143.556,144.0,24424.0,143.991,144.008,144.35389938893954
2023-07-06T09:00:00Z,144.001,144.347,143.635,144.198,25098.0,144.192,144.205,144.3331128037476
2023-07-06T13:00:00Z,144.199,144.654,143.962,144.107,32606.0,144.099,144.115,144.3029644299146
2023-07-06T17:00:00Z,144.108,144.232,144.042,144.063,9793.0,144.048,144.078,144.27096917259266
2023-07-06T21:00:00Z,144.049,144.202,143.796,144.076,9804.0,144.066,144.085,144.24497328291363
2023-07-07T01:00:00Z,144.075,144.107,143.815,143.838,15519.0,143.83,143.847,144.19071017852517
2023-07-07T05:00:00Z,143.84,143.858,142.944,142.964,28803.0,142.955,142.974,144.0271488213885
2023-07-07T09:00:00Z,142.963,143.381,142.586,143.243,32680.0,143.234,143.252,143.92259564520336
2023-07-07T13:00:00Z,143.248,143.42,142.082,142.108,41478.0,142.099,142.117,143.68064955917626
2023-07-07T17:00:00Z,142.11,142.195,142.074,142.154,11005.0,142.104,142.204,143.47709628461942
2023-07-09T21:00:00Z,142.202,142.544,142.122,142.492,14286.0,142.483,142.501,143.34575011333683
2023-07-10T01:00:00Z,142.493,143.006,142.43,142.988,23494.0,142.979,142.997,143.29805009822525
2023-07-10T05:00:00Z,142.988,142.988,142.242,142.318,26125.0,142.309,142.327,143.16737675179522
2023-07-10T09:00:00Z,142.32,142.602,142.074,142.418,20643.0,142.41,142.426,143.06745985155587
2023-07-10T13:00:00Z,142.418,142.419,141.42,141.481,28822.0,141.473,141.489,142.85593187134842
2023-07-10T17:00:00Z,141.482,141.496,141.28,141.31,10006.0,141.302,141.319,142.6498076218353
2023-07-10T21:00:00Z,141.332,141.46,141.156,141.352,11788.0,141.343,141.36,142.4767666055906
2023-07-11T01:00:00Z,141.351,141.353,140.604,140.758,23902.0,140.751,140.765,142.24759772484518
2023-07-11T05:00:00Z,140.756,140.948,140.424,140.554,29010.0,140.545,140.562,142.02178469486583
2023-07-11T09:00:00Z,140.553,140.644,140.16,140.482,23647.0,140.473,140.49,141.81648006888372
2023-07-11T13:00:00Z,140.482,140.958,140.324,140.334,24395.0,140.326,140.343,141.61881605969924
2023-07-11T17:00:00Z,140.336,140.48,140.3,140.35,9030.0,140.339,140.362,141.44964058507267
2023-07-11T21:00:00Z,140.368,140.386,139.61,139.739,15505.0,139.73,139.748,141.22155517372966
2023-07-12T01:00:00Z,139.738,139.75,139.368,139.502,23654.0,139.492,139.512,140.9922811505657
2023-07-12T05:00:00Z,139.502,139.759,139.314,139.606,23689.0,139.598,139.613,140.80744366382362
2023-07-12T09:00:00Z,139.605,139.728,138.77,139.275,27453.0,139.266,139.284,140.60311784198046
2023-07-12T13:00:00Z,139.273,139.363,138.154,138.404,39397.0,138.395,138.412,140.3099021297164
2023-07-12T17:00:00Z,138.403,138.56,138.263,138.509,13203.0,138.5,138.518,140.06978184575422
2023-07-12T21:00:00Z,138.444,138.58,138.071,138.548,14856.0,138.539,138.558,139.86687759965366
2023-07-13T01:00:00Z,138.548,138.672,138.386,138.525,21629.0,138.517,138.533,139.6879605863665
2023-07-13T05:00:00Z,138.523,138.836,138.232,138.382,26863.0,138.373,138.391,139.5138325081843
2023-07-13T09:00:00Z,138.382,138.957,138.228,138.638,27796.0,138.631,138.645,139.3970548404264
2023-07-13T13:00:00Z,138.636,138.672,138.027,138.069,28457.0,138.062,138.076,139.21998086170288
2023-07-13T17:00:00Z,138.072,138.188,137.923,138.055,12409.0,138.046,138.064,139.0646500801425
2023-07-13T21:00:00Z,138.032,138.118,137.644,137.685,14410.0,137.675,137.695,138.88069673612353
2023-07-14T01:00:00Z,137.684,137.745,137.239,137.7,26128.0,137.69,137.71,138.7232705046404
2023-07-14T05:00:00Z,137.696,138.468,137.591,138.318,26832.0,138.31,138.326,138.66923443735502
2023-07-14T09:00:00Z,138.318,138.918,138.204,138.801,29138.0,138.791,138.811,138.68680317904102
2023-07-14T13:00:00Z,138.803,139.162,138.401,138.668,38824.0,138.659,138.676,138.6842960885022
2023-07-14T17:00:00Z,138.658,138.905,138.625,138.794,10583.0,138.786,138.803,138.69892327670192
2023-07-16T21:00:00Z,138.75,138.85,138.368,138.384,11414.0,138.376,138.392,138.65693350647499
2023-07-17T01:00:00Z,138.384,138.698,138.375,138.626,16364.0,138.617,138.635,138.65280903894498
2023-07-17T05:00:00Z,138.626,138.757,138.313,138.405,24348.0,138.396,138.414,138.61976783375232
2023-07-17T09:00:00Z,138.407,139.097,138.0,138.926,29678.0,138.917,138.936,138.66059878925202
2023-07-17T13:00:00Z,138.924,139.412,138.788,138.812,28912.0,138.804,138.821,138.68078561735175
2023-07-17T17:00:00Z,138.813,138.893,138.603,138.72,10890.0,138.708,138.733,138.68601420170484
2023-07-17T21:00:00Z,138.77,138.927,138.606,138.828,11902.0,138.819,138.838,138.70494564147754
2023-07-18T01:00:00Z,138.824,138.898,138.388,138.462,22398.0,138.453,138.472,138.67255288928052
2023-07-18T05:00:00Z,138.462,138.548,138.09,138.265,31267.0,138.257,138.273,138.61821250404313
2023-07-18T09:00:00Z,138.266,138.628,137.684,138.106,33714.0,138.096,138.115,138.54991750350405
2023-07-18T13:00:00Z,138.105,139.13,137.814,139.106,44441.0,139.098,139.113,138.62406183637017
2023-07-18T17:00:00Z,139.105,139.137,138.764,138.827,16748.0,138.818,138.836,138.6511202581875
2023-07-18T21:00:00Z,138.838,139.193,138.766,138.914,13351.0,138.904,138.923,138.68617089042917
2023-07-19T01:00:00Z,138.91,139.424,138.85,139.374,22654.0,139.363,139.384,138.77788143837194
2023-07-19T05:00:00Z,139.372,139.751,139.198,139.731,35383.0,139.723,139.739,138.90496391325567
2023-07-19T09:00:00Z,139.733,139.995,139.384,139.645,30387.0,139.637,139.653,139.00363539148825
2023-07-19T13:00:00Z,139.644,139.991,139.457,139.632,34983.0,139.623,139.641,139.08741733928983
2023-07-19T17:00:00Z,139.632,139.763,139.516,139.68,15918.0,139.67,139.689,139.16642836071784
2023-07-19T21:00:00Z,139.636,139.704,139.402,139.442,14673.0,139.433,139.452,139.20317124595547
2023-07-20T01:00:00Z,139.442,139.462,139.11,139.376,22633.0,139.365,139.386,139.22621507982808
2023-07-20T05:00:00Z,139.376,139.688,139.246,139.456,32479.0,139.447,139.464,139.25685306918433
2023-07-20T09:00:00Z,139.454,139.92,139.342,139.836,30767.0,139.827,139.846,139.33407265995976
2023-07-20T13:00:00Z,139.834,140.498,139.745,140.463,32158.0,140.454,140.472,139.48459630529845
2023-07-20T17:00:00Z,140.462,140.462,140.048,140.074,14205.0,140.065,140.084,139.563183464592
2023-07-20T21:00:00Z,140.093,140.099,139.75,139.984,14975.0,139.976,139.991,139.61929233597974
2023-07-21T01:00:00Z,139.983,140.307,139.894,140.129,21832.0,140.12,140.138,139.6872533578491
2023-07-21T05:00:00Z,140.13,141.956,140.088,141.914,43381.0,141.904,141.923,139.9841529101359
2023-07-21T09:00:00Z,141.914,141.92,141.22,141.376,39860.0,141.369,141.384,140.16973252211778
2023-07-21T13:00:00Z,141.376,141.876,141.271,141.674,31690.0,141.665,141.684,140.37030151916875
2023-07-21T17:00:00Z,141.676,141.856,141.638,141.854,13092.0,141.833,141.874,140.5681279832796
2023-07-23T21:00:00Z,141.695,141.815,141.604,141.698,12290.0,141.689,141.708,140.71877758550897
2023-07-24T01:00:00Z,141.699,141.746,141.346,141.461,20924.0,141.451,141.471,140.81774057410777
2023-07-24T05:00:00Z,141.462,141.634,141.23,141.448,31174.0,141.44,141.456,140.90177516422673
2023-07-24T09:00:00Z,141.448,141.46,140.845,140.988,28050.0,140.98,140.995,140.9132718089965
2023-07-24T13:00:00Z,140.988,141.424,140.742,141.297,35037.0,141.289,141.305,140.96443556779698
2023-07-24T17:00:00Z,141.298,141.549,141.254,141.492,12903.0,141.482,141.502,141.0347774920907
2023-07-24T21:00:00Z,141.482,141.624,141.372,141.486,11516.0,141.478,141.494,141.0949404931453
2023-07-25T01:00:00Z,141.483,141.483,141.207,141.451,19494.0,141.442,141.46,141.14241509405926
2023-07-25T05:00:00Z,141.452,141.578,141.205,141.346,27537.0,141.336,141.355,141.1695597481847
2023-07-25T09:00:00Z,141.342,141.743,141.194,141.235,23657.0,141.225,141.245,141.17828511509342
2023-07-25T13:00:00Z,141.236,141.6,140.854,141.055,22341.0,141.046,141.064,141.16184709974763
2023-07-25T17:00:00Z,141.058,141.196,140.854,140.916,14548.0,140.907,140.924,141.12906748644795
2023-07-25T21:00:00Z,141.038,141.104,140.838,141.092,11602.0,141.084,141.1,141.12412515492156
2023-07-26T01:00:00Z,141.094,141.188,140.972,141.042,19140.0,141.034,141.051,141.11317513426536
2023-07-26T05:00:00Z,141.042,141.086,140.271,140.34,29940.0,140.33,140.349,141.0100851163633
2023-07-26T09:00:00Z,140.337,140.456,140.16,140.246,27346.0,140.238,140.255,140.90820710084822
2023-07-26T13:00:00Z,140.251,140.65,140.235,140.616,25657.0,140.609,140.624,140.86924615406846
2023-07-26T17:00:00Z,140.617,140.7,139.926,140.239,42390.0,140.23,140.248,140.785213333526
2023-07-26T21:00:00Z,140.205,140.488,140.187,140.348,14137.0,140.339,140.357,140.7269182223892
2023-07-27T01:00:00Z,140.35,140.368,139.38,140.0,27876.0,139.989,140.01,140.6299957927373
2023-07-27T05:00:00Z,140.0,140.262,139.814,139.966,35063.0,139.956,139.976,140.54146302037233
2023-07-27T09:00:00Z,139.966,140.778,139.888,140.721,38686.0,140.712,140.73,140.5654012843227
2023-07-27T13:00:00Z,140.722,141.323,140.587,141.089,45217.0,141.08,141.098,140.635214446413
2023-07-27T17:00:00Z,141.08,141.099,138.768,139.482,45478.0,139.475,139.488,140.4814525202246
2023-07-27T21:00:00Z,139.448,139.517,138.706,139.476,28781.0,139.466,139.486,140.34739218419466
2023-07-28T01:00:00Z,139.478,141.894,138.066,138.768,66539.0,138.757,138.779,140.13680655963537
2023-07-28T05:00:00Z,138.766,140.074,138.554,139.694,67014.0,139.683,139.705,140.0777656850173
2023-07-28T09:00:00Z,139.696,140.093,138.853,139.949,41199.0,139.941,139.957,140.060596927015
2023-07-28T13:00:00Z,139.951,140.907,139.951,140.862,41491.0,140.854,140.871,140.1674506700797
2023-07-28T17:00:00Z,140.863,141.182,140.756,141.171,21362.0,141.159,141.183,140.3012572474024
2023-07-30T21:00:00Z,141.036,141.154,140.692,140.9,21155.0,140.891,140.909,140.3810896144154
2023-07-31T01:00:00Z,140.9,141.956,140.828,141.886,38991.0,141.877,141.894,140.58174433249334
2023-07-31T05:00:00Z,141.884,142.499,141.578,142.416,39394.0,142.406,142.425,140.82631175482757
2023-07-31T09:00:00Z,142.418,142.466,142.074,142.264,30757.0,142.255,142.274,141.01800352085056
2023-07-31T13:00:00Z,142.265,142.696,142.008,142.117,37057.0,142.108,142.126,141.16453638473715
2023-07-31T17:00:00Z,142.116,142.309,142.052,142.261,15426.0,142.252,142.27,141.31073153343885
2023-07-31T21:00:00Z,142.26,142.506,142.211,142.498,13310.0,142.49,142.505,141.469033995647
2023-08-01T01:00:00Z,142.498,142.846,142.438,142.724,30792.0,142.716,142.732,141.63636279622742
2023-08-01T05:00:00Z,142.724,142.818,142.526,142.694,35223.0,142.684,142.704,141.77738109006376
2023-08-01T09:00:00Z,142.696,143.294,142.618,143.271,29443.0,143.262,143.28,141.97653027805526
2023-08-01T13:00:00Z,143.272,143.474,142.876,143.394,34008.0,143.385,143.402,142.16552624098122
2023-08-01T17:00:00Z,143.393,143.546,143.312,143.329,15414.0,143.317,143.341,142.32065607551706
2023-08-01T21:00:00Z,143.348,143.365,142.7,143.087,23664.0,143.077,143.097,142.42283526544813
2023-08-02T01:00:00Z,143.088,143.351,142.94,142.996,27822.0,142.985,143.006,142.49925723005504
2023-08-02T05:00:00Z,142.995,142.996,142.234,142.342,40109.0,142.333,142.352,142.47828959938104
2023-08-02T09:00:00Z,142.343,143.223,142.31,143.182,34220.0,143.172,143.191,142.57211765279692
2023-08-02T13:00:00Z,143.182,143.478,143.029,143.162,32742.0,143.152,143.172,142.650768632424
2023-08-02T17:00:00Z,143.16,143.422,143.06,143.338,17521.0,143.325,143.35,142.74239948143412
2023-08-02T21:00:00Z,143.34,143.414,143.195,143.352,15326.0,143.344,143.359,142.82367955057623
2023-08-03T01:00:00Z,143.35,143.738,143.164,143.696,31796.0,143.686,143.706,142.93998894383273
2023-08-03T05:00:00Z,143.69,143.891,142.798,142.846,49972.0,142.837,142.855,142.92745708465503
2023-08-03T09:00:00Z,142.844,143.058,142.503,142.708,43895.0,142.7,142.717,142.89819614003437
2023-08-03T13:00:00Z,142.71,142.856,142.066,142.514,44159.0,142.504,142.523,142.8469699880298
2023-08-03T17:00:00Z,142.514,142.75,142.49,142.526,18543.0,142.516,142.536,142.80417398962584
2023-08-03T21:00:00Z,142.589,142.884,142.456,142.732,15599.0,142.723,142.742,142.79455079100907
2023-08-04T01:00:00Z,142.734,142.744,142.315,142.488,33104.0,142.479,142.497,142.75367735220786
2023-08-04T05:00:00Z,142.497,142.725,142.35,142.664,31920.0,142.655,142.674,142.7417203719135
2023-08-04T09:00:00Z,142.664,142.94,142.142,142.249,38585.0,142.239,142.259,142.67602432232502
2023-08-04T13:00:00Z,142.25,142.264,141.552,141.838,43148.0,141.829,141.848,142.56428774601503
2023-08-04T17:00:00Z,141.844,141.892,141.73,141.77,17024.0,141.72,141.82,142.45838271321304
2023-08-06T21:00:00Z,141.69,141.946,141.512,141.594,17181.0,141.584,141.603,142.34313168478462
2023-08-07T01:00:00Z,141.594,142.302,141.576,142.124,24143.0,142.116,142.131,142.31391412681333
2023-08-07T05:00:00Z,142.122,142.407,142.056,142.304,27392.0,142.296,142.313,142.3125922432382
2023-08-07T09:00:00Z,142.303,142.45,142.006,142.014,24704.0,142.004,142.023,142.27277994413978
2023-08-07T13:00:00Z,142.01,142.588,141.8,142.517,29908.0,142.506,142.528,142.30534261825449
2023-08-07T17:00:00Z,142.518,142.554,142.416,142.48,13356.0,142.47,142.491,142.32863026915388
2023-08-07T21:00:00Z,142.506,143.048,142.402,143.017,13202.0,143.008,143.026,142.42041289993335
2023-08-08T01:00:00Z,143.018,143.438,142.94,143.23,30482.0,143.222,143.239,142.5283578466089
2023-08-08T05:00:00Z,143.228,143.4,142.842,143.096,36161.0,143.085,143.106,142.60404346706108
2023-08-08T09:00:00Z,143.095,143.28,142.861,143.15,36847.0,143.141,143.158,142.67683767145294
2023-08-08T13:00:00Z,143.152,143.344,142.964,143.314,34068.0,143.305,143.323,142.76179264859255
2023-08-08T17:00:00Z,143.313,143.494,143.219,143.388,18768.0,143.379,143.398,142.84528696211353
2023-08-08T21:00:00Z,143.357,143.394,143.094,143.345,14935.0,143.337,143.353,142.91191536716508
2023-08-09T01:00:00Z,143.342,143.402,143.146,143.206,21705.0,143.197,143.216,142.95112665154306
2023-08-09T05:00:00Z,143.207,143.344,143.0,143.286,27062.0,143.277,143.296,142.99577643133733
2023-08-09T09:00:00Z,143.287,143.538,143.238,143.396,29684.0,143.388,143.405,143.0491395738257
2023-08-09T13:00:00Z,143.398,143.732,143.242,143.638,36457.0,143.628,143.648,143.12765429731562
2023-08-09T17:00:00Z,143.638,143.75,143.511,143.74,18910.0,143.727,143.752,143.20930039100688
2023-08-09T21:00:00Z,143.704,143.891,143.633,143.808,10806.0,143.801,143.816,143.28912700553929
2023-08-10T01:00:00Z,143.81,144.088,143.735,144.038,22878.0,144.028,144.047,143.38897673813406
2023-08-10T05:00:00Z,144.037,144.108,143.716,143.808,28304.0,143.801,143.814,143.44484650638285
2023-08-10T09:00:00Z,143.806,144.035,143.27,143.823,32111.0,143.814,143.832,143.49526697219846
2023-08-10T13:00:00Z,143.824,144.49,143.76,144.45,39415.0,144.441,144.458,143.62256470923867
2023-08-10T17:00:00Z,144.45,144.818,144.428,144.759,21379.0,144.749,144.769,143.7740894146735
2023-08-10T21:00:00Z,144.74,144.896,144.694,144.818,10256.0,144.809,144.828,143.91327749271704
2023-08-11T01:00:00Z,144.825,144.83,144.633,144.69,19125.0,144.681,144.698,144.0168404936881
2023-08-11T05:00:00Z,144.69,144.796,144.554,144.589,26278.0,144.58,144.598,144.09312842786304
2023-08-11T09:00:00Z,144.59,144.852,144.42,144.798,27103.0,144.79,144.805,144.18711130414798
2023-08-11T13:00:00Z,144.798,144.97,144.437,144.931,35045.0,144.921,144.941,144.2862964635949
2023-08-11T17:00:00Z,144.93,145.004,144.886,144.972,15258.0,144.953,144.992,144.37772360178226
2023-08-13T21:00:00Z,144.892,145.224,144.79,144.994,15467.0,144.986,145.001,144.4598937882113
2023-08-14T01:00:00Z,144.991,145.002,144.653,144.91,26459.0,144.902,144.919,144.51990794978315
2023-08-14T05:00:00Z,144.91,144.977,144.744,144.946,26117.0,144.937,144.956,144.5767202231454
2023-08-14T09:00:00Z,144.946,145.401,144.858,145.349,26589.0,145.34,145.358,144.67969086005934
2023-08-14T13:00:00Z,145.35,145.58,145.183,145.284,30578.0,145.275,145.294,144.76026541205144
2023-08-14T17:00:00Z,145.284,145.552,145.248,145.552,15586.0,145.545,145.558,144.8658300237779
2023-08-14T21:00:00Z,145.571,145.611,145.373,145.441,9996.0,145.431,145.451,144.94251935394087
2023-08-15T01:00:00Z,145.445,145.554,145.327,145.52,21243.0,145.512,145.528,145.01951677341543
2023-08-15T05:00:00Z,145.52,145.868,145.326,145.648,30670.0,145.639,145.658,145.10331453696006
2023-08-15T09:00:00Z,145.65,145.822,145.458,145.597,32168.0,145.586,145.608,145.1691392653654
2023-08-15T13:00:00Z,145.596,145.615,145.106,145.561,38744.0,145.553,145.569,145.2213873633167
2023-08-15T17:00:00Z,145.562,145.672,145.482,145.572,13699.0,145.558,145.586,145.26813571487446
2023-08-15T21:00:00Z,145.58,145.681,145.505,145.591,10893.0,145.583,145.599,145.31118428622455
2023-08-16T01:00:00Z,145.59,145.694,145.443,145.456,21452.0,145.446,145.467,145.33049304806127
2023-08-16T05:00:00Z,145.456,145.556,145.305,145.523,27988.0,145.513,145.533,145.3561606416531
2023-08-16T09:00:00Z,145.524,145.886,145.48,145.867,26115.0,145.859,145.875,145.42427255609937
2023-08-16T13:00:00Z,145.871,145.94,145.656,145.916,33740.0,145.908,145.923,145.48983621528612
2023-08-16T17:00:00Z,145.915,146.409,145.915,146.356,24692.0,146.347,146.364,145.60532471991465
2023-08-16T21:00:00Z,146.336,146.564,146.212,146.394,13241.0,146.385,146.403,145.71048142392604
2023-08-17T01:00:00Z,146.394,146.5,146.35,146.414,22796.0,146.405,146.423,145.8042839007359
2023-08-17T05:00:00Z,146.42,146.43,146.099,146.238,28356.0,146.23,146.246,145.8621127139711
2023-08-17T09:00:00Z,146.239,146.3,145.659,145.788,34053.0,145.779,145.798,145.85223101877497
2023-08-17T13:00:00Z,145.795,146.201,145.618,146.133,33469.0,146.126,146.14,145.88966688293831
2023-08-17T17:00:00Z,146.13,146.302,145.64,145.857,19778.0,145.847,145.867,145.88531129854655
2023-08-17T21:00:00Z,145.822,145.868,145.53,145.546,9923.0,145.537,145.556,145.84006979207368
2023-08-18T01:00:00Z,145.548,145.574,145.324,145.474,19504.0,145.466,145.482,145.79126048646387
2023-08-18T05:00:00Z,145.474,145.636,145.154,145.578,25857.0,145.568,145.587,145.76282575493536
2023-08-18T09:00:00Z,145.579,145.767,145.298,145.643,25281.0,145.635,145.651,145.74684898761066
2023-08-18T13:00:00Z,145.644,145.741,145.062,145.07,27630.0,145.061,145.078,145.65660245592923
2023-08-18T17:00:00Z,145.068,145.406,144.928,145.405,12682.0,145.392,145.418,145.62305546180534
2023-08-20T21:00:00Z,145.332,145.482,145.149,145.184,8025.0,145.174,145.193,145.56451473356464
2023-08-21T01:00:00Z,145.182,145.628,145.146,145.374,17752.0,145.366,145.383,145.53911276908934
2023-08-21T05:00:00Z,145.374,145.698,145.338,145.676,21457.0,145.668,145.685,145.55736439987743
2023-08-21T09:00:00Z,145.677,146.172,145.626,146.091,21514.0,146.081,146.101,145.6285158132271
2023-08-21T13:00:00Z,146.08,146.403,146.011,146.186,24758.0,146.178,146.195,145.70284703813016
2023-08-21T17:00:00Z,146.186,146.284,146.07,146.224,10956.0,146.212,146.235,145.7723340997128
2023-08-21T21:00:00Z,146.196,146.401,146.142,146.214,8247.0,146.205,146.224,145.83122288641775
2023-08-22T01:00:00Z,146.214,146.23,145.844,146.008,16474.0,146.0,146.016,145.85479316822872
2023-08-22T05:00:00Z,146.01,146.108,145.594,145.622,22020.0,145.614,145.629,145.82375407913156
2023-08-22T09:00:00Z,145.62,146.016,145.496,145.958,22619.0,145.95,145.966,145.84165353524736
2023-08-22T13:00:00Z,145.958,146.136,145.712,145.844,26409.0,145.835,145.852,145.84196639721438
2023-08-22T17:00:00Z,145.844,145.931,145.71,145.88,9256.0,145.871,145.89,145.84703754425246
2023-08-22T21:00:00Z,145.821,145.882,145.647,145.658,7148.0,145.65,145.667,145.82183253835214
2023-08-23T01:00:00Z,145.66,145.741,145.578,145.642,15186.0,145.632,145.651,145.79785486657187
2023-08-23T05:00:00Z,145.64,145.76,145.263,145.366,26396.0,145.358,145.373,145.74027421769563
2023-08-23T09:00:00Z,145.364,145.595,145.246,145.482,23621.0,145.474,145.491,145.7058376553362
2023-08-23T13:00:00Z,145.48,145.502,144.579,144.624,35532.0,144.618,144.631,145.56159263462473
2023-08-23T17:00:00Z,144.625,144.919,144.542,144.853,14321.0,144.841,144.865,145.46711361667477
2023-08-23T21:00:00Z,144.81,144.845,144.603,144.792,8723.0,144.784,144.801,145.3770984677848
2023-08-24T01:00:00Z,144.794,145.202,144.784,145.174,17853.0,145.164,145.183,145.35001867208018
2023-08-24T05:00:00Z,145.17,145.359,144.941,145.308,21886.0,145.3,145.317,145.3444161824695
2023-08-24T09:00:00Z,145.307,145.957,145.279,145.897,21397.0,145.889,145.905,145.4180940248069
2023-08-24T13:00:00Z,145.892,145.961,145.434,145.904,30315.0,145.898,145.911,145.482881488166
2023-08-24T17:00:00Z,145.908,145.938,145.755,145.852,11766.0,145.84,145.863,145.53209728974386
2023-08-24T21:00:00Z,145.853,146.106,145.784,146.04,9260.0,146.031,146.048,145.59981765111135
2023-08-25T01:00:00Z,146.036,146.214,145.91,146.048,14930.0,146.038,146.057,145.65957529762986
2023-08-25T05:00:00Z,146.048,146.258,145.905,146.027,22668.0,146.02,146.034,145.70856525794588
2023-08-25T09:00:00Z,146.025,146.154,145.873,145.948,19040.0,145.939,145.957,145.74048989021978
2023-08-25T13:00:00Z,145.947,146.636,145.724,146.354,42244.0,146.346,146.361,145.82229123819047
2023-08-25T17:00:00Z,146.352,146.46,146.206,146.44,13116.0,146.397,146.483,145.90465240643175
2023-08-27T21:00:00Z,146.45,146.619,146.412,146.513,8263.0,146.504,146.522,145.98576541890753
2023-08-28T01:00:00Z,146.518,146.558,146.399,146.471,13735.0,146.462,146.48,146.0504633630532
2023-08-28T05:00:00Z,146.472,146.6,146.274,146.54,15978.0,146.532,146.549,146.1157349146461
2023-08-28T09:00:00Z,146.54,146.602,146.408,146.434,16759.0,146.425,146.442,146.15817025935996
2023-08-28T13:00:00Z,146.437,146.747,146.364,146.496,20289.0,146.487,146.505,146.20321422477863
2023-08-28T17:00:00Z,146.496,146.581,146.428,146.534,9597.0,146.525,146.544,146.24731899480815
2023-08-28T21:00:00Z,146.548,146.557,146.309,146.455,7816.0,146.447,146.463,146.2750097955004
2023-08-29T01:00:00Z,146.454,146.5,146.313,146.489,13143.0,146.48,146.498,146.30354182276702
2023-08-29T05:00:00Z,146.49,146.562,146.339,146.512,17600.0,146.504,146.521,146.33133624639808
2023-08-29T09:00:00Z,146.516,147.378,146.494,147.24,21072.0,147.231,147.248,146.452491413545
2023-08-29T13:00:00Z,147.24,147.266,145.853,145.918,42937.0,145.91,145.925,146.381225891739
2023-08-29T17:00:00Z,145.917,146.0,145.67,145.88,16029.0,145.868,145.893,146.31439577284047
2023-08-29T21:00:00Z,145.935,146.106,145.78,145.912,10238.0,145.902,145.921,146.26074300312843
2023-08-30T01:00:00Z,145.912,146.256,145.866,146.227,15592.0,146.22,146.234,146.25624393604465
2023-08-30T05:00:00Z,146.226,146.538,146.148,146.446,25274.0,146.438,146.454,146.28154474457205
2023-08-30T09:00:00Z,146.445,146.482,145.82,145.875,31365.0,145.866,145.884,146.2273387786291
2023-08-30T13:00:00Z,145.876,146.146,145.557,146.095,34456.0,146.087,146.103,146.20969360814522
2023-08-30T17:00:00Z,146.094,146.294,145.977,146.252,12648.0,146.245,146.26,146.21533446039254
2023-08-30T21:00:00Z,146.22,146.22,145.952,146.068,9020.0,146.061,146.076,146.19568986567353
2023-08-31T01:00:00Z,146.069,146.072,145.754,145.882,15657.0,145.874,145.891,146.1538645502504
2023-08-31T05:00:00Z,145.883,146.053,145.718,145.952,23218.0,145.942,145.961,146.1269492768837
2023-08-31T09:00:00Z,145.951,146.072,145.624,145.868,27284.0,145.86,145.875,146.09242270663253
2023-08-31T13:00:00Z,145.868,146.229,145.434,145.504,35643.0,145.497,145.511,146.0139663457482
2023-08-31T17:00:00Z,145.503,145.545,145.351,145.536,11938.0,145.525,145.547,145.95023749964844
2023-08-31T21:00:00Z,145.545,145.702,145.452,145.569,7937.0,145.56,145.578,145.89940583302865
2023-09-01T01:00:00Z,145.564,145.569,145.236,145.493,16204.0,145.484,145.502,145.84521838862483
2023-09-01T05:00:00Z,145.492,145.63,145.366,145.467,18751.0,145.458,145.476,145.79478927014154
2023-09-01T09:00:00Z,145.47,145.498,144.44,144.732,25151.0,144.725,144.739,145.65308403412266
2023-09-01T13:00:00Z,144.73,146.294,144.694,146.15,42063.0,146.143,146.158,145.71933949623966
2023-09-01T17:00:00Z,146.146,146.288,146.072,146.232,10530.0,146.182,146.282,145.78769423007438
2023-09-03T21:00:00Z,146.104,146.262,146.024,146.164,7700.0,146.157,146.172,145.83786833273112
2023-09-04T01:00:00Z,146.165,146.248,146.076,146.162,12805.0,146.154,146.17,145.88108588836698
2023-09-04T05:00:00Z,146.163,146.458,146.133,146.432,17165.0,146.422,146.442,145.9545411032514
2023-09-04T09:00:00Z,146.433,146.47,146.312,146.448,12771.0,146.44,146.457,146.02033562281787
2023-09-04T13:00:00Z,146.449,146.496,146.388,146.488,8767.0,146.481,146.495,146.08269087310882
2023-09-04T17:00:00Z,146.488,146.5,146.472,146.488,2341.0,146.474,146.503,146.13673209002764
2023-09-04T21:00:00Z,146.43,146.622,146.41,146.518,5877.0,146.509,146.527,146.1875678113573
2023-09-05T01:00:00Z,146.518,146.778,146.487,146.668,9989.0,146.66,146.677,146.25162543650967
2023-09-05T05:00:00Z,146.668,147.09,146.658,147.008,22645.0,146.999,147.017,146.35247537830838
2023-09-05T09:00:00Z,147.01,147.505,146.955,147.198,22291.0,147.188,147.209,146.46521199453395
2023-09-05T13:00:00Z,147.198,147.734,147.136,147.636,31208.0,147.628,147.644,146.62131706192943
2023-09-05T17:00:00Z,147.633,147.802,147.584,147.726,10954.0,147.715,147.738,146.76860812033885
2023-09-05T21:00:00Z,147.683,147.819,147.361,147.775,8680.0,147.766,147.784,146.90279370429369
2023-09-06T01:00:00Z,147.774,147.778,147.397,147.4,13109.0,147.391,147.408,146.96908787705453
2023-09-06T05:00:00Z,147.399,147.498,147.018,147.392,23713.0,147.382,147.401,147.02547616011393
2023-09-06T09:00:00Z,147.391,147.594,147.208,147.274,19572.0,147.268,147.281,147.05861267209875
2023-09-06T13:00:00Z,147.276,147.706,147.132,147.594,33106.0,147.585,147.602,147.12999764915224
2023-09-06T17:00:00Z,147.592,147.746,147.489,147.672,11872.0,147.661,147.682,147.20226462926527
2023-09-06T21:00:00Z,147.654,147.874,147.567,147.761,8387.0,147.753,147.769,147.27676267869657
2023-09-07T01:00:00Z,147.762,147.807,147.496,147.568,13075.0,147.558,147.577,147.31559432153702
2023-09-07T05:00:00Z,147.567,147.683,147.364,147.456,16433.0,147.448,147.463,147.3343150786654
2023-09-07T09:00:00Z,147.456,147.614,147.219,147.286,22144.0,147.278,147.294,147.3278730681767
2023-09-07T13:00:00Z,147.285,147.438,147.044,147.09,27097.0,147.082,147.099,147.29615665908648
2023-09-07T17:00:00Z,147.096,147.301,147.096,147.296,8944.0,147.283,147.308,147.29613577120827
2023-09-07T21:00:00Z,147.281,147.384,146.59,146.922,11668.0,146.912,146.931,147.24625100171383
2023-09-08T01:00:00Z,146.923,147.342,146.909,147.228,17593.0,147.22,147.237,147.24381753481865
2023-09-08T05:00:00Z,147.228,147.458,147.054,147.411,20788.0,147.402,147.42,147.26610853017615
2023-09-08T09:00:00Z,147.402,147.574,147.244,147.55,18685.0,147.54,147.56,147.30396072615267
2023-09-08T13:00:00Z,147.555,147.782,147.323,147.766,23163.0,147.757,147.776,147.36556596266564
2023-09-08T17:00:00Z,147.767,147.873,147.703,147.802,8695.0,147.757,147.847,147.42375716764357
2023-09-10T21:00:00Z,147.024,147.279,146.665,146.956,16361.0,146.946,146.966,147.3613895452911
2023-09-11T01:00:00Z,146.96,147.097,146.148,146.203,27024.0,146.193,146.213,147.20693760591897
2023-09-11T05:00:00Z,146.202,146.493,145.902,146.34,29737.0,146.333,146.348,147.0913459251298
2023-09-11T09:00:00Z,146.346,146.986,146.268,146.498,24471.0,146.487,146.508,147.0122331351125
2023-09-11T13:00:00Z,146.5,146.59,146.198,146.472,24159.0,146.464,146.481,146.94020205043083
2023-09-11T17:00:00Z,146.478,146.606,146.43,146.588,12820.0,146.574,146.602,146.89324177704006
2023-09-11T21:00:00Z,146.566,146.804,146.464,146.694,9130.0,146.684,146.703,146.86667620676806
2023-09-12T01:00:00Z,146.693,146.743,146.438,146.734,16557.0,146.725,146.742,146.84898604586567
2023-09-12T05:00:00Z,146.736,146.945,146.66,146.79,21554.0,146.782,146.798,146.84112123975027
2023-09-12T09:00:00Z,146.79,147.163,146.759,147.122,20189.0,147.113,147.13,146.8785717411169
2023-09-12T13:00:00Z,147.126,147.235,147.058,147.176,23371.0,147.168,147.185,146.91822884230132
2023-09-12T17:00:00Z,147.178,147.228,146.987,147.076,12815.0,147.068,147.085,146.93926499666114
2023-09-12T21:00:00Z,147.098,147.316,147.02,147.304,8837.0,147.294,147.313,146.98789633043967
2023-09-13T01:00:00Z,147.308,147.449,147.268,147.394,17339.0,147.385,147.402,147.04204348638106
2023-09-13T05:00:00Z,147.394,147.399,147.209,147.254,21914.0,147.245,147.263,147.0703043548636
2023-09-13T09:00:00Z,147.254,147.75,147.032,147.436,30643.0,147.427,147.444,147.11906377421514
2023-09-13T13:00:00Z,147.437,147.604,147.252,147.348,32332.0,147.341,147.355,147.14958860431977
2023-09-13T17:00:00Z,147.348,147.509,147.169,147.479,14483.0,147.467,147.491,147.1935101237438
2023-09-13T21:00:00Z,147.42,147.42,147.052,147.085,8573.0,147.078,147.092,147.17904210724464
2023-09-14T01:00:00Z,147.086,147.195,147.02,147.141,14753.0,147.133,147.149,147.1739698262787
2023-09-14T05:00:00Z,147.138,147.36,147.074,147.29,17769.0,147.282,147.298,147.1894405161082
2023-09-14T09:00:00Z,147.296,147.566,147.209,147.408,30818.0,147.4,147.416,147.2185817806271
2023-09-14T13:00:00Z,147.411,147.446,147.017,147.234,37775.0,147.227,147.242,147.22063754321016
2023-09-14T17:00:00Z,147.236,147.492,147.178,147.472,12224.0,147.461,147.482,147.25415253744882
2023-09-14T21:00:00Z,147.472,147.52,147.336,147.457,9801.0,147.449,147.465,147.28119886578898
2023-09-15T01:00:00Z,147.458,147.502,147.346,147.411,14776.0,147.402,147.42,147.2985056836838
2023-09-15T05:00:00Z,147.412,147.82,147.37,147.782,24314.0,147.774,147.789,147.36297159252598
2023-09-15T09:00:00Z,147.782,147.952,147.72,147.942,20577.0,147.934,147.951,147.44017538018917
2023-09-15T13:00:00Z,147.942,147.946,147.606,147.864,32995.0,147.856,147.871,147.4966853294973
2023-09-15T17:00:00Z,147.864,147.894,147.722,147.85,10464.0,147.835,147.866,147.543793952231
2023-09-17T21:00:00Z,147.74,147.879,147.709,147.716,6372.0,147.707,147.726,147.5667547586002
2023-09-18T01:00:00Z,147.717,147.804,147.678,147.678,9908.0,147.67,147.687,147.5815874574535
2023-09-18T05:00:00Z,147.676,147.755,147.56,147.635,15506.0,147.628,147.642,147.58870912979305
2023-09-18T09:00:00Z,147.636,147.748,147.579,147.732,14308.0,147.724,147.741,147.60781457915397
2023-09-18T13:00:00Z,147.732,147.77,147.598,147.628,20084.0,147.619,147.636,147.6105059686001
2023-09-18T17:00:00Z,147.629,147.758,147.577,147.612,9071.0,147.603,147.622,147.61070517278677
2023-09-18T21:00:00Z,147.618,147.734,147.509,147.643,7715.0,147.635,147.651,147.61501114974854
2023-09-19T01:00:00Z,147.642,147.79,147.636,147.754,12172.0,147.745,147.762,147.63354299644874
2023-09-19T05:00:00Z,147.756,147.894,147.616,147.714,15955.0,147.705,147.722,147.64427059692224
2023-09-19T09:00:00Z,147.713,147.808,147.57,147.778,17202.0,147.77,147.787,147.66210118399928
2023-09-19T13:00:00Z,147.78,147.856,147.626,147.826,18358.0,147.819,147.834,147.68395435946604
2023-09-19T17:00:00Z,147.827,147.922,147.79,147.882,8736.0,147.873,147.892,147.7103604448706
2023-09-19T21:00:00Z,147.851,147.86,147.69,147.741,8542.0,147.732,147.75,147.71444571888784
2023-09-20T01:00:00Z,147.741,147.85,147.706,147.834,11039.0,147.827,147.842,147.7303862897028
2023-09-20T05:00:00Z,147.834,148.168,147.816,148.091,20571.0,148.083,148.099,147.77846811774245
2023-09-20T09:00:00Z,148.092,148.096,147.8,147.864,16874.0,147.856,147.873,147.78987236871012
2023-09-20T13:00:00Z,147.867,147.872,147.495,147.542,18357.0,147.534,147.55,147.75682271954878
2023-09-20T17:00:00Z,147.541,148.362,147.476,148.352,32813.0,148.343,148.362,147.8361796902756
2023-09-20T21:00:00Z,148.309,148.46,148.184,148.408,10993.0,148.4,148.416,147.91242239823885
2023-09-21T01:00:00Z,148.408,148.454,148.192,148.344,14328.0,148.335,148.354,147.96996607847367
2023-09-21T05:00:00Z,148.345,148.399,148.154,148.19,18660.0,148.183,148.198,147.9993039346772
2023-09-21T09:00:00Z,148.19,148.26,147.7,147.956,26199.0,147.947,147.964,147.99353007672022
2023-09-21T13:00:00Z,147.96,147.985,147.322,147.512,25331.0,147.503,147.52,147.92932606649086
2023-09-21T17:00:00Z,147.514,147.604,147.424,147.569,10574.0,147.559,147.579,147.88128259095873
2023-09-21T21:00:00Z,147.571,147.7,147.506,147.615,8530.0,147.606,147.624,147.84577824549757
2023-09-22T01:00:00Z,147.613,148.256,147.604,148.022,22865.0,148.013,148.032,147.86927447943123
2023-09-22T05:00:00Z,148.022,148.418,147.926,148.29,27929.0,148.282,148.299,147.92537121550706
2023-09-22T09:00:00Z,148.292,148.34,148.136,148.252,18097.0,148.245,148.26,147.96892172010612
2023-09-22T13:00:00Z,148.252,148.356,147.961,148.294,21147.0,148.287,148.301,148.01226549075864
2023-09-22T17:00:00Z,148.298,148.416,148.254,148.373,8876.0,148.351,148.395,148.06036342532417
2023-09-24T21:00:00Z,148.305,148.484,148.253,148.336,9481.0,148.327,148.345,148.09711496861428
2023-09-25T01:00:00Z,148.336,148.44,148.287,148.354,11633.0,148.344,148.363,148.13136630613238
2023-09-25T05:00:00Z,148.353,148.58,148.326,148.563,17355.0,148.555,148.571,148.18891746531474
2023-09-25T09:00:00Z,148.562,148.756,148.516,148.739,16674.0,148.732,148.746,148.2622618032728
2023-09-25T13:00:00Z,148.738,148.964,148.729,148.848,20926.0,148.839,148.856,148.3403602295031
2023-09-25T17:00:00Z,148.847,148.898,148.754,148.892,7680.0,148.88,148.904,148.4139121989027
2023-09-25T21:00:00Z,148.894,148.91,148.704,148.883,8637.0,148.875,148.891,148.476457239049
2023-09-26T01:00:00Z,148.889,148.956,148.814,148.882,11189.0,148.874,148.891,148.53052960717582
2023-09-26T05:00:00Z,148.883,149.186,148.759,148.912,21279.0,148.903,148.92,148.58139232621906
2023-09-26T09:00:00Z,148.913,148.992,148.798,148.798,18975.0,148.789,148.807,148.61027334938987
2023-09-26T13:00:00Z,148.8,148.991,148.798,148.925,22334.0,148.918,148.932,148.65223690280456
2023-09-26T17:00:00Z,148.926,149.1,148.866,149.068,8505.0,149.06,149.077,148.70767198243064
2023-09-26T21:00:00Z,149.03,149.082,148.968,149.038,8566.0,149.031,149.045,148.75171571810657
2023-09-27T01:00:00Z,149.038,149.074,148.864,149.024,13662.0,149.014,149.033,148.7880202890257
2023-09-27T05:00:00Z,149.022,149.154,148.974,149.065,16006.0,149.057,149.073,148.8249509171556
2023-09-27T09:00:00Z,149.066,149.256,149.062,149.186,16861.0,149.179,149.194,148.8730907948682
2023-09-27T13:00:00Z,149.187,149.645,149.166,149.619,20489.0,149.611,149.627,148.97254535555246
2023-09-27T17:00:00Z,149.616,149.708,149.462,149.652,16280.0,149.642,149.663,149.06313930814545
2023-09-27T21:00:00Z,149.608,149.614,149.356,149.46,9196.0,149.451,149.469,149.1160540670594
2023-09-28T01:00:00Z,149.458,149.564,149.328,149.332,12867.0,149.324,149.34,149.14484685811814
2023-09-28T05:00:00Z,149.332,149.448,149.209,149.38,20537.0,149.371,149.388,149.17620061036905
2023-09-28T09:00:00Z,149.381,149.503,149.166,149.455,22898.0,149.447,149.463,149.21337386231986
2023-09-28T13:00:00Z,149.454,149.466,149.146,149.288,29925.0,149.28,149.297,149.22332401401056
2023-09-28T17:00:00Z,149.291,149.386,149.214,149.294,12717.0,149.283,149.306,149.23274747880916
2023-09-28T21:00:00Z,149.279,149.452,149.202,149.382,7462.0,149.373,149.392,149.25264781496793
2023-09-29T01:00:00Z,149.385,149.506,149.281,149.367,11927.0,149.359,149.375,149.2678947729722
2023-09-29T05:00:00Z,149.368,149.392,148.526,149.073,23905.0,149.064,149.082,149.24190880324258
2023-09-29T09:00:00Z,149.064,149.28,148.947,149.19,24063.0,149.181,149.2,149.2349876294769
2023-09-29T13:00:00Z,149.186,149.451,149.084,149.412,31170.0,149.405,149.419,149.25858927887998
2023-09-29T17:00:00Z,149.412,149.49,149.348,149.368,15018.0,149.333,149.404,149.27317737502932
2023-10-01T21:00:00Z,149.622,149.728,149.436,149.682,10882.0,149.673,149.691,149.32768705835875
2023-10-02T01:00:00Z,149.682,149.824,149.624,149.73,10877.0,149.722,149.739,149.38132878391093
2023-10-02T05:00:00Z,149.731,149.79,149.558,149.728,16546.0,149.719,149.737,149.42755161272282
2023-10-02T09:00:00Z,149.728,149.818,149.633,149.806,17352.0,149.797,149.814,149.4780113976931
2023-10-02T13:00:00Z,149.804,149.88,149.676,149.822,26012.0,149.814,149.83,149.52387654466736
2023-10-02T17:00:00Z,149.822,149.877,149.71,149.874,11873.0,149.865,149.884,149.57055967204505
2023-10-02T21:00:00Z,149.824,149.883,149.788,149.88,8021.0,149.873,149.888,149.61181838243905
2023-10-03T01:00:00Z,149.881,149.896,149.823,149.881,10608.0,149.873,149.889,149.64770926478053
2023-10-03T05:00:00Z,149.882,149.937,149.654,149.82,18418.0,149.812,149.828,149.6706813628098
2023-10-03T09:00:00Z,149.82,149.979,149.82,149.92,17793.0,149.913,149.926,149.7039238477685
2023-10-03T13:00:00Z,149.917,150.16,147.336,149.099,48520.0,149.091,149.107,149.6232673347327
2023-10-03T17:00:00Z,149.1,149.103,148.71,149.088,16493.0,149.08,149.097,149.55189835676833
2023-10-03T21:00:00Z,149.021,149.242,148.942,149.195,10554.0,149.188,149.202,149.50431190919923
2023-10-04T01:00:00Z,149.195,149.319,149.149,149.166,12202.0,149.157,149.175,149.45920365463934
2023-10-04T05:00:00Z,149.166,149.271,148.736,148.989,19352.0,148.98,148.998,149.39650983402078
2023-10-04T09:00:00Z,148.986,149.213,148.786,148.872,26670.0,148.866,148.879,149.32657518948469
2023-10-04T13:00:00Z,148.87,149.134,148.764,148.883,28995.0,148.875,148.891,149.26743183088672
2023-10-04T17:00:00Z,148.886,149.136,148.88,149.13,13271.0,149.12,149.14,149.2491075867685
2023-10-04T21:00:00Z,148.985,149.094,148.49,148.549,9629.0,148.54,148.558,149.1557599085327
2023-10-05T01:00:00Z,148.55,148.608,148.262,148.551,16980.0,148.542,148.56,149.07512525406167
2023-10-05T05:00:00Z,148.552,149.096,148.506,149.01,19481.0,149.003,149.018,149.06644188685345
2023-10-05T09:00:00Z,149.014,149.118,148.806,148.93,25969.0,148.922,148.939,149.048249635273
2023-10-05T13:00:00Z,148.931,148.973,148.377,148.408,34195.0,148.4,148.415,148.9628830172366
2023-10-05T17:00:00Z,148.41,148.52,148.306,148.509,13724.0,148.499,148.519,148.90236528160506
2023-10-05T21:00:00Z,148.462,148.662,148.362,148.64,7040.0,148.631,148.649,148.86738324405772
2023-10-06T01:00:00Z,148.64,148.768,148.465,148.756,13258.0,148.748,148.764,148.85253214485002
2023-10-06T05:00:00Z,148.762,148.99,148.75,148.91,17787.0,148.903,148.918,148.86019452553668
2023-10-06T09:00:00Z,148.91,149.537,148.86,149.416,30050.0,149.41,149.423,148.9343019221318
2023-10-06T13:00:00Z,149.408,149.462,149.04,149.293,42864.0,149.285,149.301,148.98212833251424
2023-10-06T17:00:00Z,149.292,149.362,149.228,149.302,13627.0,149.257,149.347,149.02477788817902
2023-10-08T21:00:00Z,149.112,149.244,148.99,149.103,14128.0,149.095,149.111,149.0352075030885
2023-10-09T01:00:00Z,149.098,149.209,149.08,149.202,11985.0,149.195,149.209,149.0574465026767
2023-10-09T05:00:00Z,149.201,149.225,149.107,149.141,17812.0,149.132,149.15,149.06858696898647
2023-10-09T09:00:00Z,149.14,149.184,149.053,149.066,14378.0,149.059,149.074,149.0682420397883
2023-10-09T13:00:00Z,149.066,149.072,148.52,148.722,21812.0,148.714,148.73,149.02207643448318
2023-10-09T17:00:00Z,148.722,148.748,148.438,148.522,12371.0,148.513,148.532,148.95539957655208
2023-10-09T21:00:00Z,148.531,148.666,148.162,148.52,13451.0,148.511,148.529,148.89734629967847
2023-10-10T01:00:00Z,148.522,148.762,148.31,148.74,15921.0,148.731,148.75,148.87636679305467
2023-10-10T05:00:00Z,148.742,149.07,148.52,148.832,27623.0,148.826,148.839,148.8704512206474
2023-10-10T09:00:00Z,148.835,149.098,148.821,148.928,21110.0,148.921,148.935,148.87812439122774
2023-10-10T13:00:00Z,148.93,149.084,148.545,148.556,24573.0,148.547,148.565,148.83517447239737
2023-10-10T17:00:00Z,148.565,148.778,148.556,148.716,14703.0,148.705,148.728,148.81928454274438
2023-10-10T21:00:00Z,148.708,148.712,148.426,148.574,9286.0,148.566,148.582,148.78657993704513
2023-10-11T01:00:00Z,148.575,148.896,148.544,148.874,12285.0,148.865,148.882,148.79823594543913
2023-10-11T05:00:00Z,148.87,148.975,148.58,148.664,23543.0,148.656,148.673,148.78033781938058
2023-10-11T09:00:00Z,148.665,149.078,148.608,148.876,25846.0,148.868,148.884,148.7930927767965
2023-10-11T13:00:00Z,148.876,149.186,148.823,149.15,30760.0,149.142,149.158,148.84068040655697
2023-10-11T17:00:00Z,149.152,149.324,149.064,149.18,15760.0,149.171,149.19,148.88592301901605
2023-10-11T21:00:00Z,149.106,149.165,148.98,149.138,8383.0,149.129,149.148,148.91953328314725
2023-10-12T01:00:00Z,149.138,149.274,149.022,149.129,14524.0,149.122,149.136,148.94746217872762
2023-10-12T05:00:00Z,149.128,149.198,148.956,149.084,18151.0,149.077,149.092,148.96566722156393
2023-10-12T09:00:00Z,149.082,149.486,149.034,149.444,24731.0,149.436,149.452,149.02944492535542
2023-10-12T13:00:00Z,149.443,149.797,149.39,149.738,31913.0,149.729,149.746,149.12391893530804
2023-10-12T17:00:00Z,149.736,149.829,149.716,149.818,14307.0,149.807,149.828,149.21646307726698
2023-10-12T21:00:00Z,149.803,149.828,149.733,149.756,7899.0,149.748,149.763,149.28840133363138
2023-10-13T01:00:00Z,149.758,149.826,149.604,149.648,11180.0,149.64,149.657,149.33634782248055
2023-10-13T05:00:00Z,149.648,149.762,149.573,149.702,18376.0,149.695,149.71,149.3851014461498
2023-10-13T09:00:00Z,149.704,149.778,149.454,149.535,25723.0,149.527,149.543,149.4050879199965
2023-10-13T13:00:00Z,149.537,149.743,149.454,149.57,29024.0,149.563,149.578,149.4270761973303
2023-10-13T17:00:00Z,149.567,149.598,149.468,149.577,13226.0,149.548,149.606,149.44706603768628
2023-10-15T21:00:00Z,149.38,149.634,149.372,149.5,11556.0,149.491,149.509,149.45412389932812
2023-10-16T01:00:00Z,149.504,149.525,149.408,149.438,9113.0,149.429,149.446,149.4519740460844
2023-10-16T05:00:00Z,149.437,149.615,149.376,149.498,18773.0,149.489,149.507,149.4581108399398
2023-10-16T09:00:00Z,149.496,149.59,149.409,149.451,17939.0,149.443,149.459,149.45716272794783
2023-10-16T13:00:00Z,149.45,149.762,149.438,149.584,18921.0,149.576,149.591,149.47407436422145
2023-10-16T17:00:00Z,149.584,149.616,149.5,149.522,7424.0,149.51,149.534,149.48046444899194
2023-10-16T21:00:00Z,149.552,149.632,149.478,149.507,7859.0,149.499,149.515,149.4840025224597
2023-10-17T01:00:00Z,149.506,149.577,149.488,149.55,11552.0,149.542,149.559,149.49280218613174
2023-10-17T05:00:00Z,149.55,149.691,149.531,149.668,14260.0,149.662,149.675,149.51616189464752
2023-10-17T09:00:00Z,149.67,149.794,148.762,149.772,24632.0,149.765,149.78,149.55027364202786
2023-10-17T13:00:00Z,149.774,149.796,149.598,149.762,25367.0,149.754,149.77,149.5785038230908
2023-10-17T17:00:00Z,149.76,149.851,149.718,149.812,10048.0,149.8,149.823,149.60963664667872
2023-10-17T21:00:00Z,149.823,149.832,149.72,149.774,5260.0,149.765,149.782,149.6315517604549
2023-10-18T01:00:00Z,149.774,149.794,149.484,149.674,11485.0,149.667,149.681,149.6372115257276
2023-10-18T05:00:00Z,149.672,149.781,149.603,149.775,16794.0,149.767,149.783,149.65558332229725
2023-10-18T09:00:00Z,149.776,149.788,149.611,149.74,18196.0,149.732,149.747,149.66683887932427
2023-10-18T13:00:00Z,149.734,149.888,149.679,149.821,24918.0,149.813,149.829,149.68739369541439
2023-10-18T17:00:00Z,149.82,149.94,149.734,149.93,11238.0,149.921,149.94,149.71974120269246
2023-10-18T21:00:00Z,149.89,149.897,149.668,149.758,10246.0,149.751,149.766,149.7248423756668
2023-10-19T01:00:00Z,149.76,149.843,149.734,149.81,11046.0,149.802,149.819,149.7361967255779
2023-10-19T05:00:00Z,149.811,149.856,149.723,149.835,17029.0,149.827,149.843,149.74937049550087
2023-10-19T09:00:00Z,149.836,149.902,149.78,149.822,20387.0,149.814,149.831,149.7590544294341
2023-10-19T13:00:00Z,149.823,149.964,149.675,149.74,36688.0,149.731,149.748,149.7565138388429
2023-10-19T17:00:00Z,149.739,149.864,149.696,149.799,20195.0,149.79,149.808,149.7621786603305
2023-10-19T21:00:00Z,149.752,149.862,149.752,149.848,7745.0,149.84,149.856,149.7736215056198
2023-10-20T01:00:00Z,149.848,149.942,149.816,149.86,10801.0,149.852,149.867,149.78513863820382
2023-10-20T05:00:00Z,149.86,149.994,149.65,149.95,19849.0,149.942,149.959,149.80712015311
2023-10-20T09:00:00Z,149.95,149.992,149.884,149.968,17074.0,149.96,149.977,149.82857079936198
2023-10-20T13:00:00Z,149.967,149.98,149.796,149.852,21167.0,149.844,149.86,149.8316946927804
2023-10-20T17:00:00Z,149.852,149.89,149.777,149.876,11894.0,149.856,149.895,149.83760206707635
2023-10-22T21:00:00Z,149.868,149.896,149.778,149.861,6319.0,149.852,149.87,149.84072179146617
2023-10-23T01:00:00Z,149.86,149.943,149.849,149.938,8362.0,149.93,149.947,149.85369221927067
2023-10-23T05:00:00Z,149.938,149.964,149.866,149.94,12712.0,149.933,149.947,149.86519992336792
2023-10-23T09:00:00Z,149.94,149.994,149.868,149.942,14901.0,149.933,149.95,149.87543993358554
2023-10-23T13:00:00Z,149.941,149.952,149.675,149.676,21448.0,149.668,149.684,149.8488479424408
2023-10-23T17:00:00Z,149.68,149.732,149.558,149.706,12466.0,149.697,149.716,149.82980155011538
2023-10-23T21:00:00Z,149.678,149.792,149.646,149.682,6369.0,149.672,149.691,149.81009467676665
2023-10-24T01:00:00Z,149.682,149.703,149.5,149.654,10963.0,149.647,149.662,149.78928205319778
2023-10-24T05:00:00Z,149.654,149.754,149.323,149.518,20151.0,149.51,149.527,149.75311111277142
2023-10-24T09:00:00Z,149.519,149.846,149.519,149.806,17214.0,149.798,149.814,149.7601629644019
2023-10-24T13:00:00Z,149.806,149.932,149.747,149.798,22056.0,149.79,149.806,149.76520790248165
2023-10-24T17:00:00Z,149.798,149.921,149.754,149.907,10111.0,149.898,149.916,149.7841135154841
2023-10-24T21:00:00Z,149.896,149.926,149.832,149.886,6288.0,149.877,149.894,149.79769838008625
2023-10-25T01:00:00Z,149.885,149.892,149.796,149.844,7179.0,149.838,149.851,149.80387192940807
2023-10-25T05:00:00Z,149.844,149.925,149.822,149.91,11147.0,149.902,149.919,149.81802233882033
2023-10-25T09:00:00Z,149.91,149.946,149.898,149.922,13370.0,149.913,149.931,149.83188602697763
2023-10-25T13:00:00Z,149.92,149.98,149.88,149.969,20488.0,149.96,149.978,149.8501678900473
2023-10-25T17:00:00Z,149.968,150.316,149.861,150.216,15176.0,150.206,150.226,149.89894550470765
2023-10-25T21:00:00Z,150.17,150.228,150.04,150.205,8391.0,150.196,150.214,149.93975277074665
2023-10-26T01:00:00Z,150.207,150.48,150.176,150.432,12244.0,150.423,150.441,150.0053857346471
2023-10-26T05:00:00Z,150.432,150.779,149.866,150.404,24399.0,150.396,150.411,150.0585343033608
2023-10-26T09:00:00Z,150.403,150.528,150.169,150.192,23191.0,150.184,150.2,150.07632972957936
2023-10-26T13:00:00Z,150.191,150.504,150.084,150.418,30873.0,150.411,150.425,150.12188576563545
2023-10-26T17:00:00Z,150.42,150.44,150.234,150.397,13544.0,150.384,150.41,150.15856766355074
2023-10-26T21:00:00Z,150.408,150.418,150.282,150.377,8510.0,150.369,150.385,150.1876919750773
2023-10-27T01:00:00Z,150.378,150.394,150.144,150.174,7636.0,150.167,150.181,150.18586637840033
2023-10-27T05:00:00Z,150.172,150.28,150.069,150.08,16789.0,150.071,150.088,150.1717508612803
2023-10-27T09:00:00Z,150.08,150.145,149.725,149.878,19515.0,149.869,149.886,150.13258407977625
2023-10-27T13:00:00Z,149.878,149.906,149.55,149.632,24055.0,149.625,149.639,150.06583953580608
2023-10-27T17:00:00Z,149.632,149.738,149.462,149.642,13531.0,149.592,149.692,150.00932759769861
2023-10-29T21:00:00Z,149.522,149.816,149.508,149.804,8308.0,149.796,149.811,149.98195058467215
2023-10-30T01:00:00Z,149.804,149.808,149.532,149.558,8047.0,149.55,149.565,149.9254238400492
2023-10-30T05:00:00Z,149.56,149.666,149.282,149.582,14198.0,149.575,149.59,149.8796339947093
2023-10-30T09:00:00Z,149.581,149.856,149.559,149.762,16259.0,149.754,149.77,149.8639494620814
2023-10-30T13:00:00Z,149.762,149.802,148.805,149.018,28154.0,149.01,149.026,149.75115620047055
2023-10-30T17:00:00Z,149.018,149.115,148.954,149.068,10240.0,149.054,149.081,149.6600687070745
2023-10-30T21:00:00Z,149.09,149.452,149.004,149.416,7677.0,149.407,149.424,149.6275262127979
2023-10-31T01:00:00Z,149.417,150.186,149.328,150.148,26369.0,150.14,150.155,149.69692271775818
2023-10-31T05:00:00Z,150.148,150.446,150.071,150.408,21841.0,150.4,150.417,149.7917330220571
2023-10-31T09:00:00Z,150.413,150.95,150.068,150.933,28170.0,150.925,150.941,149.94390195244947
2023-10-31T13:00:00Z,150.937,151.704,150.818,151.704,30818.0,151.694,151.713,150.17858169212286
2023-10-31T17:00:00Z,151.701,151.72,151.063,151.712,17715.0,151.701,151.724,150.3830374665065
2023-10-31T21:00:00Z,151.672,151.7,151.154,151.368,13041.0,151.36,151.377,150.51436580430564
2023-11-01T01:00:00Z,151.368,151.432,151.142,151.324,11170.0,151.315,151.333,150.62231703039822
2023-11-01T05:00:00Z,151.324,151.398,151.205,151.222,13117.0,151.214,151.23,150.70227475967846
2023-11-01T09:00:00Z,151.22,151.296,151.084,151.184,18128.0,151.175,151.192,150.76650479172133
2023-11-01T13:00:00Z,151.188,151.38,150.817,151.073,25362.0,151.065,151.081,150.80737081949184
2023-11-01T17:00:00Z,151.072,151.242,150.662,150.962,32472.0,150.95,150.974,150.8279880435596
2023-11-01T21:00:00Z,150.95,150.959,150.332,150.349,10791.0,150.34,150.358,150.764122971085
2023-11-02T01:00:00Z,150.348,150.47,150.151,150.436,14951.0,150.429,150.444,150.720373241607
2023-11-02T05:00:00Z,150.438,150.584,150.168,150.405,15644.0,150.397,150.413,150.6783234760594
2023-11-02T09:00:00Z,150.406,150.432,149.952,149.986,23378.0,149.979,149.994,150.5860136792515
2023-11-02T13:00:00Z,149.988,150.546,149.845,150.532,27357.0,150.524,150.539,150.5788118553513
2023-11-02T17:00:00Z,150.53,150.541,150.374,150.472,12599.0,150.462,150.483,150.5645702746378
2023-11-02T21:00:00Z,150.528,150.528,150.318,150.396,5457.0,150.387,150.404,150.54209423801942
2023-11-03T01:00:00Z,150.396,150.468,150.274,150.284,8872.0,150.276,150.291,150.50768167295016
2023-11-03T05:00:00Z,150.283,150.416,150.236,150.401,10579.0,150.393,150.409,150.49345744989014
2023-11-03T09:00:00Z,150.4,150.426,149.286,149.402,22714.0,149.394,149.41,150.34792978990478
2023-11-03T13:00:00Z,149.402,149.758,149.196,149.335,41702.0,149.327,149.343,150.21287248458415
2023-11-03T17:00:00Z,149.336,149.48,149.248,149.374,12660.0,149.324,149.424,150.10102281997294
2023-11-05T22:00:00Z,149.369,149.653,149.344,149.538,10373.0,149.528,149.547,150.02595311064323
2023-11-06T02:00:00Z,149.538,149.675,149.48,149.546,10828.0,149.538,149.554,149.96195936255748
2023-11-06T06:00:00Z,149.547,149.736,149.378,149.678,18722.0,149.671,149.686,149.9240981142165
2023-11-06T10:00:00Z,149.678,149.838,149.562,149.808,16696.0,149.8,149.815,149.9086183656543
2023-11-06T14:00:00Z,149.81,149.862,149.68,149.854,18181.0,149.847,149.862,149.9013359169004
2023-11-06T18:00:00Z,149.855,150.084,149.824,150.072,10227.0,150.063,150.081,149.92409112798035
2023-11-06T22:00:00Z,150.06,150.156,149.936,150.09,9540.0,150.082,150.099,149.9462123109163
2023-11-07T02:00:00Z,150.1,150.319,150.07,150.29,9483.0,150.282,150.297,149.9920506694608
2023-11-07T06:00:00Z,150.288,150.494,150.246,150.432,16331.0,150.424,150.439,150.05071058019936
2023-11-07T10:00:00Z,150.431,150.644,150.296,150.576,20246.0,150.568,150.585,150.12074916950613
2023-11-07T14:00:00Z,150.576,150.692,150.451,150.548,20297.0,150.541,150.554,150.17771594690532
2023-11-07T18:00:00Z,150.547,150.563,150.316,150.414,10860.0,150.4,150.427,150.20922048731796
2023-11-07T22:00:00Z,150.367,150.62,150.344,150.552,11190.0,150.545,150.56,150.25492442234224
2023-11-08T02:00:00Z,150.544,150.644,150.432,150.644,10146.0,150.636,150.652,150.30680116602994
2023-11-08T06:00:00Z,150.642,150.78,150.594,150.754,16800.0,150.746,150.763,150.36642767722594
2023-11-08T10:00:00Z,150.756,150.986,150.698,150.905,16143.0,150.897,150.913,150.4382373202625
2023-11-08T14:00:00Z,150.904,150.954,150.729,150.91,22541.0,150.904,150.917,150.50113901089415
2023-11-08T18:00:00Z,150.91,151.059,150.832,150.976,12934.0,150.967,150.986,150.5644538094416
2023-11-08T22:00:00Z,150.93,151.002,150.824,150.888,11398.0,150.879,150.896,150.60759330151606
2023-11-09T02:00:00Z,150.894,151.038,150.844,151.037,7719.0,151.03,151.044,150.66484752798058
2023-11-09T06:00:00Z,151.036,151.092,150.768,151.038,18036.0,151.029,151.046,150.7146011909165
2023-11-09T10:00:00Z,151.038,151.186,150.929,150.972,18594.0,150.963,150.981,150.74892103212764
2023-11-09T14:00:00Z,150.972,151.098,150.832,151.078,22614.0,151.07,151.085,150.79279822784395
2023-11-09T18:00:00Z,151.074,151.39,151.057,151.348,25085.0,151.339,151.357,150.8668251307981
2023-11-09T22:00:00Z,151.34,151.375,151.238,151.24,11109.0,151.232,151.249,150.91658178002504
2023-11-10T02:00:00Z,151.248,151.409,151.222,151.392,11309.0,151.385,151.399,150.9799708760217
2023-11-10T06:00:00Z,151.392,151.456,151.326,151.449,16712.0,151.441,151.457,151.04250809255214
2023-11-10T10:00:00Z,151.45,151.492,151.322,151.359,16941.0,151.351,151.367,151.0847070135452
2023-11-10T14:00:00Z,151.357,151.589,151.354,151.558,24092.0,151.551,151.565,151.1478127450725
2023-11-10T18:00:00Z,151.558,151.605,151.509,151.54,10316.0,151.521,151.558,151.20010437906285
2023-11-12T22:00:00Z,151.495,151.662,151.447,151.566,7888.0,151.558,151.575,151.24889046185447
2023-11-13T02:00:00Z,151.57,151.796,151.555,151.775,8039.0,151.766,151.784,151.31903840027388
2023-11-13T06:00:00Z,151.776,151.856,151.674,151.774,14441.0,151.766,151.783,151.37969994690403
2023-11-13T10:00:00Z,151.773,151.84,151.694,151.805,13130.0,151.797,151.813,151.43640662065016
2023-11-13T14:00:00Z,151.808,151.911,151.204,151.636,25462.0,151.628,151.645,151.46301907123015
2023-11-13T18:00:00Z,151.636,151.73,151.59,151.721,8044.0,151.71,151.732,151.49741652839947
2023-11-13T22:00:00Z,151.721,151.787,151.616,151.732,7752.0,151.722,151.741,151.52869432461287
2023-11-14T02:00:00Z,151.732,151.758,151.649,151.708,8014.0,151.701,151.716,151.5526017479978
2023-11-14T06:00:00Z,151.708,151.734,151.574,151.704,13271.0,151.698,151.711,151.5727881815981
2023-11-14T10:00:00Z,151.706,151.791,150.794,151.002,25248.0,150.996,151.009,151.49668309071836
2023-11-14T14:00:00Z,151.004,151.006,150.588,150.602,36199.0,150.595,150.61,151.37739201195592
2023-11-14T18:00:00Z,150.602,150.612,150.156,150.384,12200.0,150.374,150.393,151.24493974369514
2023-11-14T22:00:00Z,150.328,150.794,150.294,150.576,11918.0,150.569,150.582,151.15574777786912
2023-11-15T02:00:00Z,150.576,150.696,150.51,150.661,10883.0,150.653,150.669,151.08978140748658
2023-11-15T06:00:00Z,150.66,150.758,150.332,150.399,21231.0,150.391,150.407,150.9976772198217
2023-11-15T10:00:00Z,150.398,150.886,150.048,150.776,24327.0,150.769,150.783,150.9681202571788
2023-11-15T14:00:00Z,150.776,151.244,150.75,151.161,27402.0,151.154,151.168,150.99383755622165
2023-11-15T18:00:00Z,151.162,151.422,151.148,151.387,10451.0,151.38,151.394,151.0462592153921
2023-11-15T22:00:00Z,151.342,151.356,151.119,151.202,7893.0,151.194,151.211,151.06702465333981
2023-11-16T02:00:00Z,151.202,151.356,151.169,151.306,10744.0,151.297,151.314,151.0988880328945
2023-11-16T06:00:00Z,151.308,151.432,151.142,151.28,16842.0,151.274,151.287,151.12303629517524
2023-11-16T10:00:00Z,151.28,151.315,150.651,150.652,21185.0,150.645,150.659,151.06023145581855
2023-11-16T14:00:00Z,150.65,150.919,150.286,150.51,32220.0,150.502,150.518,150.98686726170942
2023-11-16T18:00:00Z,150.511,150.776,150.426,150.739,9811.0,150.729,150.749,150.9538182934815
2023-11-16T22:00:00Z,150.641,150.776,150.503,150.626,9827.0,150.619,150.633,150.910109187684
2023-11-17T02:00:00Z,150.63,150.664,150.424,150.636,10850.0,150.628,150.643,150.8735612959928
2023-11-17T06:00:00Z,150.636,150.696,149.513,149.618,25336.0,149.611,149.626,150.70615312319376
2023-11-17T10:00:00Z,149.618,149.735,149.196,149.636,30907.0,149.628,149.643,150.56346604010125
2023-11-17T14:00:00Z,149.636,149.878,149.482,149.702,27729.0,149.695,149.709,150.44860390142108
2023-11-17T18:00:00Z,149.702,149.75,149.584,149.646,10123.0,149.596,149.696,150.34159004789828
2023-11-19T22:00:00Z,149.659,149.991,149.381,149.516,16707.0,149.508,149.525,150.23151137484518
2023-11-20T02:00:00Z,149.517,149.57,148.69,149.083,25994.0,149.075,149.091,150.07837652486583
2023-11-20T06:00:00Z,149.082,149.211,148.197,148.205,28975.0,148.196,148.214,149.82859298821705
2023-11-20T10:00:00Z,148.204,148.556,148.104,148.512,23517.0,148.503,148.521,149.65304725645478
2023-11-20T14:00:00Z,148.514,148.69,148.187,148.356,23362.0,148.347,148.365,149.48010762226082
2023-11-20T18:00:00Z,148.358,148.454,148.138,148.394,13543.0,148.382,148.406,149.33529327262605
2023-11-20T22:00:00Z,148.37,148.419,147.866,148.02,15929.0,148.013,148.027,149.15992083627592
2023-11-21T02:00:00Z,148.026,148.096,147.246,147.786,23079.0,147.777,147.795,148.97673139143913
2023-11-21T06:00:00Z,147.784,147.834,147.152,147.776,27901.0,147.768,147.785,148.81663387258058
2023-11-21T10:00:00Z,147.778,147.803,147.352,147.624,23943.0,147.616,147.631,148.65761602290317
2023-11-21T14:00:00Z,147.623,147.99,147.439,147.962,27909.0,147.954,147.971,148.56486721984942
2023-11-21T18:00:00Z,147.962,148.598,147.959,148.4,15868.0,148.393,148.407,148.5428849238695
2023-11-21T22:00:00Z,148.4,148.401,148.02,148.303,15947.0,148.294,148.312,148.51090026735358
2023-11-22T02:00:00Z,148.302,148.806,148.098,148.755,15438.0,148.748,148.762,148.5434468983731
2023-11-22T06:00:00Z,148.757,149.354,148.736,149.108,26575.0,149.1,149.116,148.6187206452567
2023-11-22T10:00:00Z,149.106,149.24,148.59,149.236,31377.0,149.227,149.244,148.70102455922247
2023-11-22T14:00:00Z,149.231,149.752,149.199,149.616,33925.0,149.609,149.624,148.8230212846595
2023-11-22T18:00:00Z,149.62,149.701,149.518,149.536,8675.0,149.525,149.547,148.91808511337157
2023-11-22T22:00:00Z,149.55,149.552,149.166,149.182,9407.0,149.173,149.19,148.95327376492205
2023-11-23T02:00:00Z,149.182,149.256,148.954,148.99,13403.0,148.983,148.998,148.95817059626577
2023-11-23T06:00:00Z,148.991,149.343,148.888,149.237,23201.0,149.229,149.245,148.995347850097
2023-11-23T10:00:00Z,149.236,149.576,149.166,149.474,15390.0,149.466,149.483,149.05916813675074
2023-11-23T14:00:00Z,149.475,149.694,149.452,149.621,11880.0,149.611,149.631,149.13407905185065
2023-11-23T18:00:00Z,149.62,149.62,149.53,149.572,4165.0,149.559,149.584,149.1924685116039
2023-11-23T22:00:00Z,149.554,149.714,149.408,149.521,13024.0,149.513,149.529,149.2362727100567
2023-11-24T02:00:00Z,149.512,149.595,149.198,149.256,12420.0,149.247,149.266,149.23890301538248
2023-11-24T06:00:00Z,149.258,149.664,149.206,149.635,18537.0,149.627,149.643,149.29171594666482
2023-11-24T10:00:00Z,149.633,149.673,149.446,149.592,17011.0,149.584,149.601,149.33175382044286
2023-11-24T14:00:00Z,149.592,149.63,149.44,149.526,17632.0,149.517,149.534,149.35765331105048
2023-11-24T18:00:00Z,149.525,149.535,149.419,149.45,21125.0,149.414,149.486,149.36996620291043
2023-11-26T22:00:00Z,149.44,149.676,149.054,149.114,15030.0,149.106,149.121,149.3358373758557
2023-11-27T02:00:00Z,149.113,149.288,148.887,149.134,18841.0,149.126,149.143,149.3089257257416
2023-11-27T06:00:00Z,149.136,149.328,148.774,149.293,22025.0,149.284,149.302,149.30680229564274
2023-11-27T10:00:00Z,149.292,149.33,148.651,148.816,24123.0,148.807,148.826,149.24136198955705
2023-11-27T14:00:00Z,148.818,149.082,148.661,148.959,29355.0,148.952,148.966,149.20371372428278
2023-11-27T18:00:00Z,148.96,148.976,148.544,148.673,12387.0,148.665,148.681,149.1329518943784
2023-11-27T22:00:00Z,148.673,148.687,148.022,148.203,16545.0,148.193,148.213,149.0089583084613
2023-11-28T02:00:00Z,148.201,148.386,147.968,148.287,17321.0,148.278,148.296,148.91269720066646
2023-11-28T06:00:00Z,148.286,148.832,148.156,148.542,26937.0,148.533,148.55,148.86327090724427
2023-11-28T10:00:00Z,148.539,148.702,148.294,148.364,24398.0,148.358,148.371,148.79670145294503
2023-11-28T14:00:00Z,148.366,148.502,147.322,147.554,44881.0,147.546,147.563,148.63100792588568
2023-11-28T18:00:00Z,147.556,147.716,147.391,147.462,16652.0,147.453,147.472,148.47514020243426
2023-11-28T22:00:00Z,147.498,147.534,146.672,146.902,22885.0,146.892,146.911,148.26538817544304
2023-11-29T02:00:00Z,146.902,147.324,146.802,147.146,21855.0,147.137,147.154,148.1161364187173
2023-11-29T06:00:00Z,147.145,147.656,147.022,147.57,34898.0,147.56,147.579,148.043318229555
2023-11-29T10:00:00Z,147.57,147.818,147.303,147.73,36676.0,147.721,147.738,148.00154246561434
2023-11-29T14:00:00Z,147.73,147.906,147.118,147.265,40957.0,147.257,147.273,147.90333680353243
2023-11-29T18:00:00Z,147.264,147.367,147.079,147.236,14932.0,147.228,147.245,147.81435856306143
2023-11-29T22:00:00Z,147.199,147.199,146.846,147.038,16634.0,147.03,147.045,147.71084408798657
2023-11-30T02:00:00Z,147.038,147.18,146.932,147.032,17393.0,147.024,147.041,147.6203315429217
2023-11-30T06:00:00Z,147.032,147.464,146.866,147.418,31181.0,147.41,147.426,147.59335400386547
2023-11-30T10:00:00Z,147.422,147.898,147.206,147.886,34832.0,147.879,147.892,147.63237347001674
2023-11-30T14:00:00Z,147.886,148.522,147.722,148.21,48256.0,148.202,148.218,147.70939034068118
2023-11-30T18:00:00Z,148.212,148.304,148.044,148.218,15815.0,148.209,148.226,147.7772049619237
2023-11-30T22:00:00Z,148.185,148.209,147.604,147.713,18827.0,147.704,147.722,147.76864430033388
2023-12-01T02:00:00Z,147.714,148.185,147.668,148.063,19629.0,148.054,148.072,147.80789172695603
2023-12-01T06:00:00Z,148.062,148.318,147.69,147.858,28608.0,147.851,147.866,147.81457283002857
2023-12-01T10:00:00Z,147.86,148.346,147.801,148.19,28256.0,148.183,148.197,147.86462978602475
2023-12-01T14:00:00Z,148.19,148.256,146.828,146.852,54018.0,146.844,146.86,147.72961248122147
2023-12-01T18:00:00Z,146.854,146.928,146.66,146.805,19074.0,146.773,146.837,147.60633081705862
2023-12-03T22:00:00Z,146.742,146.8,146.228,146.643,33369.0,146.635,146.651,147.47788670811747
2023-12-04T02:00:00Z,146.644,146.895,146.474,146.812,21144.0,146.805,146.819,147.3891018137018
2023-12-04T06:00:00Z,146.81,147.115,146.572,146.616,31174.0,146.607,146.626,147.2860215718749
2023-12-04T10:00:00Z,146.617,146.768,146.46,146.658,31292.0,146.65,146.666,147.20228536229158
2023-12-04T14:00:00Z,146.658,147.26,146.471,147.253,45046.0,147.246,147.26,147.20904731398605
2023-12-04T18:00:00Z,147.254,147.451,147.176,147.228,13709.0,147.218,147.239,147.21157433878793
2023-12-04T22:00:00Z,147.183,147.384,146.972,147.16,19903.0,147.152,147.169,147.20469776028287
2023-12-05T02:00:00Z,147.158,147.277,147.02,147.028,16122.0,147.021,147.036,147.1811380589118
2023-12-05T06:00:00Z,147.025,147.148,146.68,147.062,33584.0,147.054,147.07,147.16525298439024
2023-12-05T10:00:00Z,147.062,147.199,146.776,146.798,29905.0,146.79,146.805,147.11628591980488
2023-12-05T14:00:00Z,146.798,147.338,146.562,147.128,49253.0,147.121,147.136,147.11784779716425
2023-12-05T18:00:00Z,147.126,147.392,147.116,147.154,13914.0,147.144,147.163,147.1226680908757
2023-12-05T22:00:00Z,147.127,147.302,147.058,147.268,13824.0,147.258,147.277,147.14204567875893
2023-12-06T02:00:00Z,147.267,147.4,147.142,147.177,15175.0,147.168,147.186,147.14670625492442
2023-12-06T06:00:00Z,147.176,147.372,146.894,147.322,27853.0,147.315,147.329,147.17007875426785
2023-12-06T10:00:00Z,147.323,147.5,147.013,147.081,30582.0,147.073,147.089,147.15820158703212
2023-12-06T14:00:00Z,147.08,147.37,147.076,147.218,32257.0,147.21,147.227,147.1661747087612
2023-12-06T18:00:00Z,147.22,147.416,147.204,147.322,10275.0,147.314,147.331,147.1869514142597
2023-12-06T22:00:00Z,147.254,147.301,146.804,146.891,16065.0,146.881,146.901,147.14749122569174
2023-12-07T02:00:00Z,146.89,146.986,146.514,146.544,22368.0,146.535,146.552,147.06702572893283
2023-12-07T06:00:00Z,146.542,146.674,144.818,144.862,51201.0,144.854,144.87,146.77302229840845
2023-12-07T10:00:00Z,144.858,145.306,144.546,144.838,48098.0,144.829,144.848,146.5150193252873
2023-12-07T14:00:00Z,144.836,144.958,141.626,143.278,58528.0,143.265,143.292,146.08341674858235
2023-12-07T18:00:00Z,143.278,144.182,143.043,144.17,31168.0,144.164,144.177,145.82829451543805
2023-12-07T22:00:00Z,144.138,144.323,142.5,143.376,45147.0,143.366,143.386,145.50132191337966
2023-12-08T02:00:00Z,143.378,144.181,143.06,143.935,39925.0,143.925,143.945,145.29247899159571
2023-12-08T06:00:00Z,143.932,144.412,143.722,144.288,48539.0,144.278,144.298,145.15854845938296
2023-12-08T10:00:00Z,144.288,145.226,143.756,144.199,49089.0,144.19,144.208,145.03060866479856
2023-12-08T14:00:00Z,144.196,144.98,143.856,144.809,53603.0,144.801,144.817,145.00106084282544
2023-12-08T18:00:00Z,144.806,145.002,144.764,144.983,14560.0,144.966,145.0,144.99865273044873
2023-12-10T22:00:00Z,144.964,145.576,144.813,145.447,26691.0,145.437,145.457,145.0584323663889
2023-12-11T02:00:00Z,145.448,145.67,145.299,145.56,21046.0,145.552,145.569,145.1253080508704
2023-12-11T06:00:00Z,145.563,146.459,145.327,146.19,39980.0,146.181,146.199,145.267266977421
2023-12-11T10:00:00Z,146.19,146.502,146.101,146.29,27643.0,146.282,146.299,145.40363138043153
2023-12-11T14:00:00Z,146.29,146.592,146.054,146.466,35734.0,146.458,146.475,145.54528052970733
2023-12-11T18:00:00Z,146.466,146.484,146.072,146.176,16628.0,146.164,146.187,145.62937645907968
2023-12-11T22:00:00Z,146.148,146.192,145.538,145.74,20384.0,145.73,145.749,145.64412626453574
2023-12-12T02:00:00Z,145.738,145.833,145.331,145.378,18524.0,145.37,145.387,145.60864276259764
2023-12-12T06:00:00Z,145.38,145.63,145.224,145.414,29787.0,145.404,145.423,145.5826903942513
2023-12-12T10:00:00Z,145.412,145.734,144.733,145.649,35735.0,145.641,145.657,145.5915316750178
2023-12-12T14:00:00Z,145.647,145.854,145.306,145.666,38107.0,145.658,145.674,145.60146078501543
2023-12-12T18:00:00Z,145.665,145.68,145.464,145.48,14570.0,145.472,145.489,145.58526601368004
2023-12-12T22:00:00Z,145.559,145.61,145.186,145.385,17013.0,145.376,145.394,145.5585638785227
2023-12-13T02:00:00Z,145.384,145.704,145.316,145.568,19954.0,145.561,145.574,145.55982202805302
2023-12-13T06:00:00Z,145.565,145.998,145.538,145.839,31976.0,145.831,145.847,145.59704575764596
2023-12-13T10:00:00Z,145.84,145.883,145.212,145.232,30663.0,145.222,145.241,145.54837298995983
2023-12-13T14:00:00Z,145.232,145.448,145.03,145.176,33643.0,145.167,145.184,145.4987232579652
2023-12-13T18:00:00Z,145.175,145.277,142.636,142.895,65758.0,142.886,142.904,145.15156015690317
2023-12-13T22:00:00Z,142.834,142.924,142.05,142.322,37967.0,142.313,142.331,144.77428546931608
2023-12-14T02:00:00Z,142.326,142.414,140.954,141.416,46189.0,141.408,141.424,144.32651407340728
2023-12-14T06:00:00Z,141.414,142.18,141.352,141.484,55183.0,141.478,141.491,143.94751219695297
2023-12-14T10:00:00Z,141.486,142.283,141.229,141.864,55695.0,141.855,141.872,143.6697105706926
2023-12-14T14:00:00Z,141.865,142.153,141.4,141.6,58505.0,141.594,141.607,143.39374916126692
2023-12-14T18:00:00Z,141.602,142.012,141.6,141.882,22833.0,141.874,141.89,143.19218260643134
2023-12-14T22:00:00Z,141.873,142.468,141.828,142.352,23513.0,142.342,142.362,143.08015825890718
2023-12-15T02:00:00Z,142.352,142.388,141.566,141.886,30189.0,141.878,141.894,142.92093715771955
2023-12-15T06:00:00Z,141.883,142.134,141.59,141.776,41414.0,141.768,141.785,142.7682788700236
2023-12-15T10:00:00Z,141.779,142.454,141.468,142.318,41847.0,142.31,142.325,142.7082416873538
2023-12-15T14:00:00Z,142.315,142.33,141.43,142.038,49481.0,142.031,142.046,142.61887612903996
2023-12-15T18:00:00Z,142.038,142.309,142.006,142.156,20828.0,142.106,142.206,142.55715931183465
2023-12-17T22:00:00Z,142.085,142.46,142.073,142.252,19914.0,142.245,142.259,142.51647140359003
2023-12-18T02:00:00Z,142.252,142.378,142.084,142.204,18721.0,142.198,142.211,142.47480854977803
2023-12-18T06:00:00Z,142.206,142.549,142.155,142.496,30359.0,142.487,142.504,142.4776340764743
2023-12-18T10:00:00Z,142.498,142.898,142.446,142.818,34133.0,142.809,142.827,142.52301619961105
2023-12-18T14:00:00Z,142.82,143.16,142.8,142.922,32026.0,142.915,142.928,142.57621403966291
2023-12-18T18:00:00Z,142.924,143.015,142.796,142.799,14170.0,142.787,142.811,142.60591883437453
2023-12-18T22:00:00Z,142.773,142.85,142.246,142.552,22370.0,142.542,142.561,142.59872965645792
2023-12-19T02:00:00Z,142.554,143.791,142.456,143.503,33299.0,143.494,143.512,142.71929903559686
2023-12-19T06:00:00Z,143.502,144.696,142.488,144.54,50563.0,144.531,144.55,142.96205916418396
2023-12-19T10:00:00Z,144.538,144.956,144.158,144.293,36405.0,144.284,144.302,143.13951794229277
2023-12-19T14:00:00Z,144.292,144.437,143.531,143.833,38694.0,143.825,143.841,143.23198221665373
2023-12-19T18:00:00Z,143.832,143.969,143.763,143.844,15083.0,143.833,143.856,143.31358458776657
2023-12-19T22:00:00Z,143.781,144.1,143.721,143.842,19915.0,143.832,143.851,143.38403997606437
2023-12-20T02:00:00Z,143.843,144.008,143.368,143.589,23342.0,143.58,143.598,143.4113679792558
2023-12-20T06:00:00Z,143.588,143.772,143.309,143.414,37780.0,143.406,143.421,143.41171891535504
2023-12-20T10:00:00Z,143.415,143.638,143.264,143.349,27988.0,143.34,143.358,143.4033563933077
2023-12-20T14:00:00Z,143.352,143.942,143.306,143.894,32866.0,143.885,143.904,143.46877554086666
2023-12-20T18:00:00Z,143.894,143.921,143.536,143.564,20730.0,143.554,143.574,143.48147213541776
2023-12-20T22:00:00Z,143.505,143.639,142.926,143.032,20086.0,143.021,143.042,143.42154251736207
2023-12-21T02:00:00Z,143.034,143.122,142.808,142.958,24014.0,142.948,142.969,143.35973684838046
2023-12-21T06:00:00Z,142.958,143.4,142.92,143.078,31227.0,143.07,143.085,143.32217193526307
2023-12-21T10:00:00Z,143.078,143.139,142.072,142.222,36625.0,142.213,142.231,143.17548234389466
2023-12-21T14:00:00Z,142.221,142.603,142.046,142.271,47688.0,142.262,142.28,143.05488469804203
2023-12-21T18:00:00Z,142.272,142.44,142.091,142.124,19487.0,142.116,142.132,142.9307667383031
2023-12-21T22:00:00Z,142.243,142.409,141.864,142.356,20757.0,142.347,142.364,142.85413117319604
2023-12-22T02:00:00Z,142.355,142.557,142.28,142.402,24363.0,142.393,142.411,142.79384701676992
2023-12-22T06:00:00Z,142.404,142.44,142.052,142.157,30911.0,142.149,142.165,142.7089340812006
2023-12-22T10:00:00Z,142.156,142.472,141.927,142.038,31797.0,142.029,142.048,142.6194762037072
2023-12-22T14:00:00Z,142.039,142.665,141.89,142.507,34504.0,142.497,142.517,142.60447937654624
2023-12-22T18:00:00Z,142.508,142.584,142.422,142.452,12968.0,142.402,142.502,142.58414879300673
2023-12-25T22:00:00Z,142.337,142.406,142.094,142.262,8585.0,142.254,142.271,142.54119562060583
2023-12-26T02:00:00Z,142.261,142.344,142.161,142.267,8679.0,142.258,142.276,142.50463620452507
2023-12-26T06:00:00Z,142.267,142.528,142.215,142.505,12709.0,142.496,142.514,142.5046847105884
2023-12-26T10:00:00Z,142.506,142.529,142.238,142.374,18263.0,142.364,142.385,142.48726008250995
2023-12-26T14:00:00Z,142.373,142.638,142.332,142.473,16132.0,142.464,142.482,142.4853587381753
2023-12-26T18:00:00Z,142.474,142.523,142.368,142.374,10976.0,142.363,142.386,142.4705109064186
2023-12-26T22:00:00Z,142.391,142.85,142.306,142.616,14141.0,142.606,142.625,142.48990945222945
2023-12-27T02:00:00Z,142.615,142.73,142.438,142.567,16694.0,142.558,142.576,142.5001881919322
2023-12-27T06:00:00Z,142.568,142.838,142.45,142.584,21004.0,142.575,142.593,142.51136309967458
2023-12-27T10:00:00Z,142.584,142.662,142.51,142.577,16730.0,142.568,142.586,142.52011468638463
2023-12-27T14:00:00Z,142.574,142.652,141.828,142.102,25018.0,142.093,142.111,142.46436606153335
2023-12-27T18:00:00Z,142.102,142.172,141.548,141.825,18540.0,141.816,141.834,142.3791172533289
2023-12-27T22:00:00Z,141.719,141.719,141.171,141.404,18188.0,141.398,141.411,142.2491016195517
2023-12-28T02:00:00Z,141.405,141.468,141.104,141.156,18068.0,141.148,141.164,142.10335473694482
2023-12-28T06:00:00Z,141.154,141.248,140.677,140.734,28423.0,140.725,140.743,141.9207741053522
2023-12-28T10:00:00Z,140.732,141.144,140.652,141.123,24932.0,141.113,141.133,141.81440422463857
2023-12-28T14:00:00Z,141.124,141.425,140.252,141.22,37786.0,141.211,141.23,141.7351503280201
2023-12-28T18:00:00Z,141.222,141.586,141.194,141.412,18161.0,141.406,141.419,141.69206361761744
2023-12-28T22:00:00Z,141.41,141.67,141.254,141.486,16627.0,141.477,141.494,141.66458846860178
2023-12-29T02:00:00Z,141.486,141.534,141.272,141.315,12886.0,141.307,141.323,141.61797667278822
2023-12-29T06:00:00Z,141.314,141.913,141.138,141.898,21613.0,141.888,141.907,141.65531311641647
2023-12-29T10:00:00Z,141.898,141.914,141.385,141.836,25449.0,141.829,141.844,141.67940470089428
2023-12-29T14:00:00Z,141.834,141.834,140.798,140.843,38933.0,140.833,140.853,141.56788407410838
2023-12-29T18:00:00Z,140.846,141.088,140.842,141.035,15779.0,140.985,141.085,141.49683286422726
2024-01-01T22:00:00Z,140.858,141.458,140.811,141.44,12155.0,141.434,141.447,141.48925514899696
2024-01-02T02:00:00Z,141.441,141.673,141.348,141.35,13107.0,141.341,141.36,141.47068779579737
2024-01-02T06:00:00Z,141.349,141.673,141.294,141.555,29195.0,141.548,141.562,141.4819294230244
2024-01-02T10:00:00Z,141.554,142.216,141.509,142.15,33686.0,142.143,142.158,141.57100549995448
2024-01-02T14:00:00Z,142.15,142.174,141.502,141.973,42935.0,141.965,141.981,141.62460476662721
2024-01-02T18:00:00Z,141.974,142.02,141.807,142.006,12285.0,141.996,142.016,141.67545746441024
2024-01-02T22:00:00Z,141.905,142.184,141.861,142.017,12010.0,142.008,142.026,141.72099646915555
2024-01-03T02:00:00Z,142.018,142.136,141.859,142.126,14074.0,142.117,142.135,141.77499693993482
2024-01-03T06:00:00Z,142.12,142.714,142.015,142.64,30892.0,142.631,142.648,141.89033068127685
2024-01-03T10:00:00Z,142.639,143.09,142.59,143.02,31441.0,143.012,143.028,142.0409532571066
2024-01-03T14:00:00Z,143.019,143.73,142.812,143.606,46344.0,143.599,143.614,142.24962615615905
2024-01-03T18:00:00Z,143.608,143.736,143.12,143.303,29034.0,143.293,143.313,142.39007600200452
2024-01-03T22:00:00Z,143.257,143.449,142.854,143.431,16956.0,143.422,143.44,142.52886586840393
2024-01-04T02:00:00Z,143.432,143.898,143.226,143.778,20787.0,143.768,143.788,142.69541708595008
2024-01-04T06:00:00Z,143.78,143.896,143.181,143.868,38305.0,143.859,143.877,142.85176147449008
2024-01-04T10:00:00Z,143.868,144.553,143.867,144.536,37165.0,144.529,144.544,143.07632661122474
2024-01-04T14:00:00Z,144.537,144.852,144.46,144.597,36399.0,144.589,144.605,143.27908306306145
2024-01-04T18:00:00Z,144.598,144.71,144.514,144.632,12471.0,144.624,144.641,143.4594719879866
2024-01-04T22:00:00Z,144.584,144.904,144.558,144.742,15975.0,144.734,144.751,143.63047572292172
2024-01-05T02:00:00Z,144.743,144.956,144.658,144.728,19768.0,144.721,144.736,143.77681229319882
2024-01-05T06:00:00Z,144.722,145.37,144.698,145.186,34090.0,145.177,145.194,143.96470398743898
2024-01-05T10:00:00Z,145.188,145.979,145.054,145.468,36662.0,145.458,145.477,144.16514345578045
2024-01-05T14:00:00Z,145.465,145.485,143.808,144.746,64519.0,144.738,144.754,144.24259099500972
2024-01-05T18:00:00Z,144.746,144.898,144.497,144.623,19495.0,144.573,144.673,144.2933121956751
2024-01-07T22:00:00Z,144.59,144.923,144.322,144.378,11483.0,144.368,144.388,144.30460390291842
2024-01-08T02:00:00Z,144.378,144.566,144.316,144.37,18327.0,144.362,144.377,144.3133233825293
2024-01-08T06:00:00Z,144.368,144.614,144.088,144.236,35138.0,144.227,144.244,144.30301359819205
2024-01-08T10:00:00Z,144.236,144.686,144.202,144.455,31758.0,144.446,144.464,144.32327845176644
2024-01-08T14:00:00Z,144.456,144.472,143.662,143.965,41122.0,143.958,143.972,144.27550799153093
2024-01-08T18:00:00Z,143.964,144.272,143.956,144.237,16889.0,144.229,144.245,144.27037359266015
2024-01-08T22:00:00Z,144.242,144.282,143.454,143.485,19085.0,143.476,143.494,144.16565711363882
2024-01-09T02:00:00Z,143.484,143.886,143.424,143.792,20215.0,143.784,143.799,144.11583616515364
2024-01-09T06:00:00Z,143.791,144.318,143.744,143.948,33201.0,143.939,143.957,144.09345800979983
2024-01-09T10:00:00Z,143.949,144.192,143.748,143.772,32336.0,143.763,143.781,144.0505969418265
2024-01-09T14:00:00Z,143.772,144.486,143.652,144.408,39314.0,144.399,144.416,144.0982506829163
2024-01-09T18:00:00Z,144.41,144.626,144.25,144.502,18318.0,144.489,144.514,144.15208392519412
2024-01-09T22:00:00Z,144.474,144.826,144.32,144.742,15535.0,144.733,144.751,144.2307394018349
2024-01-10T02:00:00Z,144.742,144.937,144.67,144.783,16427.0,144.774,144.792,144.30437414825693
2024-01-10T06:00:00Z,144.782,145.156,144.732,144.92,33620.0,144.912,144.929,144.386457595156
2024-01-10T10:00:00Z,144.921,145.334,144.764,145.3,26939.0,145.292,145.307,144.5082632491352
2024-01-10T14:00:00Z,145.3,145.828,145.238,145.615,32747.0,145.607,145.623,144.6558281492505
2024-01-10T18:00:00Z,145.612,145.844,145.564,145.774,18928.0,145.763,145.784,144.80491772935045
2024-01-10T22:00:00Z,145.678,145.81,145.328,145.366,16332.0,145.358,145.374,144.8797286987704
2024-01-11T02:00:00Z,145.366,145.592,145.282,145.492,17777.0,145.484,145.499,144.9613648722677
2024-01-11T06:00:00Z,145.491,145.579,145.332,145.544,26447.0,145.536,145.553,145.03904955596533
2024-01-11T10:00:00Z,145.545,146.27,145.012,146.252,38588.0,146.243,146.262,145.20077628183662
2024-01-11T14:00:00Z,146.248,146.416,145.648,145.954,66599.0,145.946,145.963,145.30120611092508
2024-01-11T18:00:00Z,145.957,146.02,145.264,145.3,26995.0,145.292,145.308,145.30104529613507
2024-01-11T22:00:00Z,145.28,145.41,144.943,145.117,22161.0,145.107,145.127,145.27650592331707
2024-01-12T02:00:00Z,145.116,145.262,144.846,145.254,19731.0,145.244,145.263,145.27350513354148
2024-01-12T06:00:00Z,145.254,145.29,144.869,145.136,28612.0,145.129,145.142,145.25517111573595
2024-01-12T10:00:00Z,145.134,145.57,144.75,144.79,36755.0,144.783,144.798,145.1931483003045
2024-01-12T14:00:00Z,144.788,145.012,144.352,144.954,51445.0,144.947,144.962,145.1612618602639
2024-01-12T18:00:00Z,144.954,145.022,144.798,144.905,13533.0,144.89,144.92,145.12709361222872
2024-01-14T22:00:00Z,144.929,145.235,144.889,145.073,16012.0,145.065,145.081,145.11988113059823
2024-01-15T02:00:00Z,145.072,145.292,144.936,145.273,17861.0,145.264,145.282,145.1402969798518
2024-01-15T06:00:00Z,145.272,145.765,145.194,145.666,26018.0,145.656,145.677,145.21039071587157
2024-01-15T10:00:00Z,145.666,145.914,145.548,145.786,25619.0,145.777,145.794,145.28713862042204
2024-01-15T14:00:00Z,145.78,145.944,145.678,145.782,20357.0,145.774,145.791,145.3531201376991
2024-01-15T18:00:00Z,145.786,145.809,145.757,145.774,3560.0,145.763,145.784,145.40923745267256
2024-01-15T22:00:00Z,145.728,146.116,145.586,145.902,22729.0,145.893,145.911,145.47493912564954
2024-01-16T02:00:00Z,145.904,146.276,145.896,146.166,25712.0,146.158,146.175,145.56708057556293
2024-01-16T06:00:00Z,146.166,146.636,145.998,146.538,37707.0,146.529,146.546,145.69653649882122
2024-01-16T10:00:00Z,146.539,146.794,146.286,146.631,38944.0,146.624,146.638,145.82113163231173
2024-01-16T14:00:00Z,146.628,147.272,146.397,147.252,50758.0,147.244,147.26,146.01191408133684
2024-01-16T18:00:00Z,147.254,147.316,147.138,147.184,16466.0,147.173,147.196,146.16819220382527
2024-01-16T22:00:00Z,147.224,147.489,147.071,147.195,20264.0,147.184,147.206,146.3050999099819
2024-01-17T02:00:00Z,147.196,147.674,147.098,147.582,26027.0,147.573,147.592,146.47535325531763
2024-01-17T06:00:00Z,147.582,147.97,147.571,147.726,44534.0,147.717,147.735,146.64210615460863
2024-01-17T10:00:00Z,147.728,147.986,147.566,147.939,34906.0,147.93,147.948,146.81502533399416
2024-01-17T14:00:00Z,147.94,148.526,147.883,148.227,43807.0,148.22,148.234,147.00328862279494
2024-01-17T18:00:00Z,148.226,148.395,148.125,148.158,20881.0,148.148,148.169,147.1572501397556
2024-01-17T22:00:00Z,148.131,148.253,147.868,148.052,19976.0,148.043,148.061,147.27655012112152
2024-01-18T02:00:00Z,148.045,148.161,147.863,147.877,22141.0,147.868,147.886,147.356610104972
2024-01-18T06:00:00Z,147.876,147.96,147.657,147.851,37226.0,147.842,147.86,147.4225287576424
2024-01-18T10:00:00Z,147.848,148.305,147.756,148.231,35618.0,148.223,148.239,147.5303249232901
2024-01-18T14:00:00Z,148.232,148.264,147.856,148.222,42535.0,148.214,148.23,147.62254826685142
2024-01-18T18:00:00Z,148.223,148.28,148.073,148.159,19789.0,148.147,148.171,147.69407516460458
2024-01-18T22:00:00Z,148.145,148.397,147.938,148.354,18877.0,148.347,148.36,147.7820651426573
2024-01-19T02:00:00Z,148.358,148.676,148.149,148.651,20262.0,148.644,148.658,147.89792312363633
2024-01-19T06:00:00Z,148.65,148.808,147.924,147.982,34583.0,147.973,147.991,147.90913337381815
2024-01-19T10:00:00Z,147.984,148.214,147.84,148.14,28688.0,148.132,148.147,147.9399155906424
2024-01-19T14:00:00Z,148.14,148.534,148.024,148.124,40950.0,148.115,148.132,147.96446017855675
2024-01-19T18:00:00Z,148.124,148.31,148.088,148.176,15940.0,148.126,148.226,147.9926654880825
2024-01-21T22:00:00Z,148.298,148.301,147.778,147.862,21032.0,147.852,147.872,147.97524342300486
2024-01-22T02:00:00Z,147.864,148.125,147.732,148.056,22299.0,148.049,148.063,147.98601096660423
2024-01-22T06:00:00Z,148.056,148.304,147.918,148.113,32660.0,148.104,148.122,148.00294283772368
2024-01-22T10:00:00Z,148.116,148.146,147.618,147.688,30805.0,147.68,147.697,147.96095045936053
2024-01-22T14:00:00Z,147.689,148.041,147.688,147.984,31155.0,147.976,147.993,147.9640237314458
2024-01-22T18:00:00Z,147.984,148.152,147.984,148.136,15184.0,148.124,148.149,147.98695390058634
2024-01-22T22:00:00Z,148.083,148.226,147.944,148.105,14136.0,148.096,148.114,148.00269338050816
2024-01-23T02:00:00Z,148.104,148.556,147.852,147.925,31326.0,147.917,147.933,147.99233426310707
2024-01-23T06:00:00Z,147.924,148.176,146.98,147.712,49397.0,147.703,147.72,147.95495636135945
2024-01-23T10:00:00Z,147.714,148.162,147.714,148.053,30481.0,148.045,148.061,147.96802884651152
2024-01-23T14:00:00Z,148.053,148.698,148.052,148.597,35326.0,148.59,148.604,148.05189166697664
2024-01-23T18:00:00Z,148.6,148.624,148.297,148.368,15065.0,148.36,148.377,148.0940394447131
2024-01-23T22:00:00Z,148.358,148.398,147.98,148.022,18963.0,148.013,148.031,148.08443418541802
2024-01-24T02:00:00Z,148.022,148.256,147.754,147.878,22543.0,147.868,147.888,148.05690962736227
2024-01-24T06:00:00Z,147.878,147.96,147.378,147.534,33331.0,147.525,147.542,147.98718834371397
2024-01-24T10:00:00Z,147.537,147.627,146.724,146.77,32139.0,146.76,146.779,147.82489656455212
2024-01-24T14:00:00Z,146.77,147.435,146.65,147.192,48301.0,147.183,147.201,147.7405103559452
2024-01-24T18:00:00Z,147.192,147.642,147.162,147.518,21251.0,147.509,147.528,147.71084230848584
2024-01-24T22:00:00Z,147.486,147.856,147.408,147.666,19477.0,147.659,147.673,147.70486333402107
2024-01-25T02:00:00Z,147.664,147.859,147.567,147.801,19607.0,147.791,147.811,147.7176815561516
2024-01-25T06:00:00Z,147.8,147.882,147.536,147.64,27632.0,147.633,147.647,147.70732401533138
2024-01-25T10:00:00Z,147.642,147.954,147.284,147.376,36093.0,147.367,147.386,147.66314747995386
2024-01-25T14:00:00Z,147.377,147.904,147.084,147.831,49551.0,147.823,147.839,147.68552781596003
2024-01-25T18:00:00Z,147.83,147.878,147.654,147.655,17842.0,147.645,147.665,147.6814574404987
2024-01-25T22:00:00Z,147.616,147.851,147.48,147.55,17707.0,147.54,147.559,147.66392978176555
2024-01-26T02:00:00Z,147.552,147.827,147.51,147.732,18902.0,147.725,147.74,147.6730058108635
2024-01-26T06:00:00Z,147.733,148.091,147.733,147.835,29297.0,147.827,147.843,147.6946050360817
2024-01-26T10:00:00Z,147.836,147.915,147.417,147.654,32356.0,147.645,147.663,147.6891910312708
2024-01-26T14:00:00Z,147.657,148.168,147.638,147.991,38998.0,147.983,147.999,147.72943222710137
2024-01-26T18:00:00Z,147.992,148.21,147.964,148.168,13422.0,148.151,148.184,147.78790793015452
2024-01-28T22:00:00Z,148.105,148.338,148.028,148.132,17484.0,148.123,148.142,147.83378687280057
2024-01-29T02:00:00Z,148.132,148.254,147.997,148.031,15834.0,148.023,148.039,147.86008195642717
2024-01-29T06:00:00Z,148.031,148.074,147.712,147.744,30486.0,147.734,147.753,147.84460436223688
2024-01-29T10:00:00Z,147.744,148.092,147.734,147.974,23900.0,147.967,147.981,147.86185711393864
2024-01-29T14:00:00Z,147.974,148.052,147.588,147.659,29941.0,147.651,147.667,147.83480949874684
2024-01-29T18:00:00Z,147.66,147.718,147.254,147.507,19439.0,147.496,147.518,147.7911015655806
2024-01-29T22:00:00Z,147.415,147.535,147.194,147.315,15137.0,147.307,147.323,147.72762135683652
2024-01-30T02:00:00Z,147.322,147.486,147.302,147.387,15432.0,147.378,147.396,147.682205175925
2024-01-30T06:00:00Z,147.388,147.553,147.159,147.391,28974.0,147.384,147.398,147.643377819135
2024-01-30T10:00:00Z,147.39,147.58,147.21,147.522,27786.0,147.512,147.531,147.627194109917
2024-01-30T14:00:00Z,147.521,147.928,147.098,147.81,39786.0,147.802,147.818,147.65156822859475
2024-01-30T18:00:00Z,147.81,147.87,147.568,147.609,15595.0,147.599,147.619,147.64589246478212
2024-01-30T22:00:00Z,147.587,147.635,147.191,147.548,19885.0,147.539,147.557,147.63284013614452
2024-01-31T02:00:00Z,147.55,147.819,147.55,147.72,19476.0,147.709,147.73,147.64446145132524
2024-01-31T06:00:00Z,147.716,147.902,147.404,147.768,30182.0,147.761,147.776,147.6609332578152
2024-01-31T10:00:00Z,147.77,147.886,147.458,147.504,36515.0,147.496,147.511,147.64000882343984
2024-01-31T14:00:00Z,147.504,147.566,146.07,146.358,60104.0,146.349,146.366,147.46907431364787
2024-01-31T18:00:00Z,146.359,147.448,146.012,146.965,62914.0,146.954,146.976,147.4018644051615
2024-01-31T22:00:00Z,146.978,147.084,146.615,146.777,23640.0,146.769,146.785,147.31854915113996
2024-02-01T02:00:00Z,146.778,146.889,146.476,146.865,22980.0,146.856,146.874,147.25807593098799
2024-02-01T06:00:00Z,146.864,147.052,146.591,146.794,40988.0,146.784,146.803,147.1961991401896
2024-02-01T10:00:00Z,146.796,147.118,146.459,146.664,41351.0,146.656,146.673,147.125239254831
2024-02-01T14:00:00Z,146.666,146.825,145.898,146.36,60855.0,146.352,146.368,147.02320735418687
2024-02-01T18:00:00Z,146.361,146.484,146.194,146.418,27534.0,146.409,146.428,146.9425130402953
2024-02-01T22:00:00Z,146.401,146.516,146.243,146.36,16283.0,146.351,146.37,146.8648446349226
2024-02-02T02:00:00Z,146.358,146.519,146.306,146.432,17520.0,146.424,146.44,146.80713201693294
2024-02-02T06:00:00Z,146.432,146.8,146.356,146.694,29615.0,146.685,146.702,146.79204774800854
2024-02-02T10:00:00Z,146.696,147.992,146.464,147.966,35813.0,147.958,147.975,146.94857471494075
2024-02-02T14:00:00Z,147.968,148.587,147.684,148.528,52483.0,148.52,148.535,147.15916475294864
2024-02-02T18:00:00Z,148.527,148.568,148.23,148.382,21416.0,148.332,148.432,147.32220945255548
2024-02-04T22:00:00Z,148.431,148.827,148.371,148.376,25738.0,148.367,148.386,147.4627148588814
2024-02-05T02:00:00Z,148.378,148.555,148.316,148.337,22809.0,148.33,148.344,147.57928621103056
2024-02-05T06:00:00Z,148.336,148.608,148.268,148.506,32150.0,148.497,148.515,147.70284804955983
2024-02-05T10:00:00Z,148.504,148.682,148.31,148.571,29760.0,148.564,148.578,147.81860164295185
2024-02-05T14:00:00Z,148.562,148.894,148.396,148.62,38078.0,148.613,148.626,147.92545475722494
2024-02-05T18:00:00Z,148.618,148.77,148.504,148.694,15194.0,148.688,148.701,148.0279274562616
2024-02-05T22:00:00Z,148.689,148.77,148.468,148.524,13185.0,148.514,148.533,148.09407046209338
2024-02-06T02:00:00Z,148.523,148.672,148.38,148.439,19301.0,148.43,148.448,148.1400610671476
2024-02-06T06:00:00Z,148.438,148.706,148.361,148.683,29336.0,148.674,148.692,148.21245292486125
2024-02-06T10:00:00Z,148.682,148.789,148.462,148.62,29421.0,148.614,148.627,148.26679253487976
2024-02-06T14:00:00Z,148.622,148.628,147.849,147.922,38368.0,147.915,147.929,148.2208201968958
2024-02-06T18:00:00Z,147.922,148.038,147.821,147.95,19986.0,147.942,147.959,148.1847108373097
2024-02-06T22:00:00Z,147.958,147.962,147.714,147.806,17264.0,147.798,147.815,148.13421605900174
2024-02-07T02:00:00Z,147.807,147.998,147.807,147.952,18038.0,147.945,147.959,148.10992058446817
2024-02-07T06:00:00Z,147.954,148.097,147.751,147.92,28343.0,147.913,147.928,148.08459783987243
2024-02-07T10:00:00Z,147.92,148.26,147.904,148.184,27534.0,148.177,148.192,148.09785146122277
2024-02-07T14:00:00Z,148.185,148.228,147.629,148.136,41623.0,148.128,148.144,148.10293793305974
2024-02-07T18:00:00Z,148.136,148.199,147.991,148.174,16654.0,148.163,148.184,148.11241287531846
2024-02-07T22:00:00Z,148.131,148.368,147.934,148.292,17906.0,148.284,148.301,148.136357825276
2024-02-08T02:00:00Z,148.295,148.666,148.266,148.584,22566.0,148.576,148.593,148.19604344857254
2024-02-08T06:00:00Z,148.582,148.851,148.576,148.758,28112.0,148.751,148.766,148.27097098876288
2024-02-08T10:00:00Z,148.756,149.464,148.742,149.39,34197.0,149.384,149.397,148.42017485692784
2024-02-08T14:00:00Z,149.405,149.48,149.192,149.372,32814.0,149.364,149.381,148.54708487600413
2024-02-08T18:00:00Z,149.373,149.412,149.126,149.321,20894.0,149.312,149.33,148.65027355920358
2024-02-08T22:00:00Z,149.342,149.413,149.235,149.285,15211.0,149.276,149.294,148.7349037513098
2024-02-09T02:00:00Z,149.284,149.492,149.248,149.402,15501.0,149.395,149.409,148.82384991780182
2024-02-09T06:00:00Z,149.395,149.576,149.216,149.426,27211.0,149.417,149.434,148.90413659542824
2024-02-09T10:00:00Z,149.426,149.537,149.006,149.39,33890.0,149.381,149.399,148.9689183827045
2024-02-09T14:00:00Z,149.392,149.446,149.174,149.35,35843.0,149.342,149.358,149.01972926501057
2024-02-09T18:00:00Z,149.35,149.374,149.248,149.282,13932.0,149.259,149.306,149.05469869634248
2024-02-11T22:00:00Z,149.277,149.316,149.078,149.183,14453.0,149.174,149.192,149.07180553683017
2024-02-12T02:00:00Z,149.184,149.255,149.128,149.212,15010.0,149.203,149.221,149.09049813191947
2024-02-12T06:00:00Z,149.21,149.232,148.99,149.13,28694.0,149.121,149.139,149.09576504766355
2024-02-12T10:00:00Z,149.132,149.215,148.927,149.206,27499.0,149.197,149.214,149.1104630413084
2024-02-12T14:00:00Z,149.206,149.481,149.159,149.257,26773.0,149.249,149.265,149.1300013024673
2024-02-12T18:00:00Z,149.258,149.44,149.242,149.358,15165.0,149.348,149.369,149.16040112880498
2024-02-12T22:00:00Z,149.354,149.427,149.269,149.368,14676.0,149.36,149.375,149.18808097829765
2024-02-13T02:00:00Z,149.367,149.584,149.358,149.552,13861.0,149.544,149.561,149.23660351452463
2024-02-13T06:00:00Z,149.553,149.695,149.446,149.578,26275.0,149.569,149.587,149.28212304592137
2024-02-13T10:00:00Z,149.576,150.486,149.262,150.436,34032.0,150.428,150.445,149.4359733064652
2024-02-13T14:00:00Z,150.436,150.809,150.304,150.782,42669.0,150.774,150.791,149.61544353226984
2024-02-13T18:00:00Z,150.783,150.888,150.722,150.794,18856.0,150.787,150.8,149.77258439463387
2024-02-13T22:00:00Z,150.822,150.83,150.526,150.542,18034.0,150.536,150.549,149.87517314201602
2024-02-14T02:00:00Z,150.543,150.646,150.42,150.52,16435.0,150.513,150.527,149.96115005641389
2024-02-14T06:00:00Z,150.518,150.648,150.344,150.645,29752.0,150.637,150.653,150.05233004889203
2024-02-14T10:00:00Z,150.644,150.74,150.502,150.715,29105.0,150.707,150.723,150.1406860423731
2024-02-14T14:00:00Z,150.718,150.755,150.372,150.434,33947.0,150.426,150.443,150.17979457005669
2024-02-14T18:00:00Z,150.435,150.63,150.352,150.598,16017.0,150.591,150.604,150.23555529404914
2024-02-14T22:00:00Z,150.556,150.566,150.14,150.204,18238.0,150.196,150.211,150.23134792150927
2024-02-15T02:00:00Z,150.203,150.295,150.08,150.183,17745.0,150.176,150.19,150.2249015319747
2024-02-15T06:00:00Z,150.184,150.222,149.925,150.028,26917.0,150.02,150.037,150.19864799437806
2024-02-15T10:00:00Z,150.025,150.1,149.531,149.83,30206.0,149.821,149.838,150.149494928461
2024-02-15T14:00:00Z,149.833,150.248,149.81,150.094,40386.0,150.087,150.102,150.1420956046662
2024-02-15T18:00:00Z,150.093,150.094,149.855,149.938,18521.0,149.927,149.949,150.11488285737738
2024-02-15T22:00:00Z,149.938,150.243,149.826,150.06,14925.0,150.052,150.069,150.1075651430604
2024-02-16T02:00:00Z,150.062,150.368,150.06,150.18,17509.0,150.172,150.187,150.1172231239857
2024-02-16T06:00:00Z,150.179,150.303,150.14,150.288,22922.0,150.28,150.295,150.13999337412093
2024-02-16T10:00:00Z,150.289,150.648,150.144,150.521,25830.0,150.512,150.53,150.19079425757147
2024-02-16T14:00:00Z,150.52,150.636,150.115,150.226,36968.0,150.218,150.233,150.19548835656195
2024-02-16T18:00:00Z,150.224,150.288,150.086,150.195,15650.0,150.179,150.211,150.19542324235368
2024-02-18T22:00:00Z,150.209,150.214,149.875,149.976,15312.0,149.967,149.984,150.16616681003987
2024-02-19T02:00:00Z,149.976,150.042,149.913,150.009,12087.0,150.001,150.017,150.1452112353679
2024-02-19T06:00:00Z,150.01,150.034,149.894,149.94,18471.0,149.931,149.948,150.11784973731883
2024-02-19T10:00:00Z,149.939,150.032,149.93,149.969,17363.0,149.961,149.977,150.09800310567633
2024-02-19T14:00:00Z,149.968,150.192,149.954,150.19,14765.0,150.183,150.197,150.11026935825282
2024-02-19T18:00:00Z,150.19,150.19,150.125,150.141,2870.0,150.132,150.15,150.11436677715244
2024-02-19T22:00:00Z,150.149,150.347,150.111,150.274,18455.0,150.265,150.283,150.13565120686545
2024-02-20T02:00:00Z,150.272,150.439,150.271,150.424,17915.0,150.417,150.432,150.1740977126167
2024-02-20T06:00:00Z,150.426,150.441,150.252,150.278,26848.0,150.269,150.286,150.1879513509345
2024-02-20T10:00:00Z,150.277,150.298,149.932,149.986,28145.0,149.979,149.994,150.16102450414323
2024-02-20T14:00:00Z,149.986,150.04,149.685,149.9,29996.0,149.891,149.908,150.12622123692412
2024-02-20T18:00:00Z,149.9,150.074,149.884,149.998,20334.0,149.987,150.009,150.10912507200092
2024-02-20T22:00:00Z,149.971,150.092,149.888,149.994,16829.0,149.987,150.002,150.0937750624008
2024-02-21T02:00:00Z,149.995,150.042,149.854,149.986,16249.0,149.98,149.993,150.0794050540807
2024-02-21T06:00:00Z,149.985,150.188,149.948,150.092,24128.0,150.085,150.098,150.08108438020327
2024-02-21T10:00:00Z,150.093,150.102,149.934,150.08,23597.0,150.071,150.088,150.08093979617618
2024-02-21T14:00:00Z,150.08,150.388,149.99,150.308,26704.0,150.302,150.315,150.11121449001936
2024-02-21T18:00:00Z,150.308,150.395,150.132,150.29,24234.0,150.282,150.298,150.13505255801678
2024-02-21T22:00:00Z,150.295,150.464,150.273,150.314,18162.0,150.306,150.322,150.15891221694787
2024-02-22T02:00:00Z,150.314,150.454,150.226,150.286,19914.0,150.278,150.293,150.17585725468817
2024-02-22T06:00:00Z,150.284,150.296,150.018,150.178,32595.0,150.17,150.186,150.1761429540631
2024-02-22T10:00:00Z,150.18,150.598,150.12,150.567,28502.0,150.559,150.575,150.22825722685468
2024-02-22T14:00:00Z,150.566,150.692,150.406,150.606,37629.0,150.599,150.614,150.27862292994072
2024-02-22T18:00:00Z,150.608,150.654,150.484,150.535,23451.0,150.527,150.543,150.31280653928195
2024-02-22T22:00:00Z,150.527,150.562,150.374,150.458,12792.0,150.45,150.467,150.3321656673777
2024-02-23T02:00:00Z,150.459,150.608,150.423,150.606,11472.0,150.598,150.615,150.36867691172733
2024-02-23T06:00:00Z,150.606,150.764,150.526,150.748,22691.0,150.74,150.757,150.41925332349703
2024-02-23T10:00:00Z,150.748,150.77,150.334,150.478,25454.0,150.469,150.487,150.42708621369744
2024-02-23T14:00:00Z,150.482,150.558,150.292,150.412,31289.0,150.403,150.42,150.4250747185378
2024-02-23T18:00:00Z,150.409,150.55,150.346,150.524,14278.0,150.506,150.543,150.43826475606608
2024-02-25T22:00:00Z,150.445,150.566,150.294,150.424,19035.0,150.417,150.432,150.4363627885906
2024-02-26T02:00:00Z,150.425,150.519,150.368,150.437,18074.0,150.428,150.446,150.43644775011185
2024-02-26T06:00:00Z,150.436,150.672,150.367,150.639,23010.0,150.631,150.647,150.4634547167636
2024-02-26T10:00:00Z,150.638,150.699,150.527,150.647,20067.0,150.639,150.655,150.48792742119514
2024-02-26T14:00:00Z,150.646,150.84,150.622,150.772,31366.0,150.764,150.78,150.5258037650358
2024-02-26T18:00:00Z,150.77,150.818,150.674,150.714,22307.0,150.706,150.722,150.55089659636437
2024-02-26T22:00:00Z,150.688,150.707,150.492,150.51,13197.0,150.502,150.517,150.54544371684912
2024-02-27T02:00:00Z,150.509,150.528,150.408,150.52,12562.0,150.512,150.527,150.54205122126925
2024-02-27T06:00:00Z,150.518,150.538,150.118,150.268,20017.0,150.262,150.275,150.50551105843334
2024-02-27T10:00:00Z,150.268,150.378,150.078,150.276,22765.0,150.268,150.283,150.47490958397557
2024-02-27T14:00:00Z,150.276,150.552,150.257,150.424,27346.0,150.417,150.432,150.4681216394455
2024-02-27T18:00:00Z,150.424,150.586,150.3,150.516,16510.0,150.507,150.524,150.47450542085278
2024-02-27T22:00:00Z,150.504,150.54,150.374,150.398,13060.0,150.39,150.406,150.46430469807243
2024-02-28T02:00:00Z,150.398,150.641,150.375,150.601,17465.0,150.592,150.61,150.48253073832944
2024-02-28T06:00:00Z,150.602,150.799,150.581,150.746,22918.0,150.738,150.755,150.51765997321885
2024-02-28T10:00:00Z,150.747,150.749,150.528,150.713,22584.0,150.704,150.722,150.54370531012302
2024-02-28T14:00:00Z,150.714,150.846,150.652,150.7,30195.0,150.693,150.708,150.56454460210662
2024-02-28T18:00:00Z,150.7,150.742,150.642,150.707,19835.0,150.699,150.715,150.5835386551591
2024-02-28T22:00:00Z,150.656,150.664,150.192,150.217,16556.0,150.209,150.225,150.5346668344712
2024-02-29T02:00:00Z,150.216,150.229,149.696,149.912,26396.0,149.903,149.922,150.45164458987506
2024-02-29T06:00:00Z,149.906,149.938,149.612,149.809,33037.0,149.801,149.817,150.3659586445584
2024-02-29T10:00:00Z,149.807,150.154,149.732,149.783,33095.0,149.775,149.791,150.28823082528393
2024-02-29T14:00:00Z,149.784,150.048,149.208,149.996,38456.0,149.987,150.004,150.24926671524608
2024-02-29T18:00:00Z,149.996,150.019,149.841,149.986,19899.0,149.975,149.997,150.2141644865466
2024-02-29T22:00:00Z,150.012,150.37,149.958,150.357,18043.0,150.349,150.365,150.23320922167372
2024-03-01T02:00:00Z,150.35,150.48,150.303,150.448,18398.0,150.44,150.456,150.26184799211723
2024-03-01T06:00:00Z,150.448,150.688,150.33,150.626,24516.0,150.617,150.636,150.31040159316828
2024-03-01T10:00:00Z,150.628,150.658,150.307,150.644,31709.0,150.637,150.651,150.35488138074584
2024-03-01T14:00:00Z,150.645,150.724,150.076,150.15,43104.0,150.142,150.159,150.32756386331306
2024-03-01T18:00:00Z,150.15,150.244,150.056,150.141,21618.0,150.091,150.191,150.302688681538
2024-03-03T22:00:00Z,150.097,150.211,149.841,150.129,15123.0,150.121,150.137,150.27953019066626
2024-03-04T02:00:00Z,150.128,150.322,150.1,150.304,12089.0,150.296,150.312,150.28279283191077
2024-03-04T06:00:00Z,150.304,150.402,150.173,150.248,22926.0,150.24,150.256,150.278153787656
2024-03-04T10:00:00Z,150.248,150.57,150.248,150.461,21276.0,150.453,150.469,150.3025332826352
2024-03-04T14:00:00Z,150.46,150.554,150.314,150.526,24687.0,150.519,150.534,150.33232884495052
2024-03-04T18:00:00Z,150.524,150.564,150.486,150.522,11985.0,150.514,150.53,150.35761833229046
2024-03-04T22:00:00Z,150.538,150.55,150.352,150.466,15926.0,150.458,150.473,150.3720692213184
2024-03-05T02:00:00Z,150.465,150.546,150.443,150.5,15961.0,150.492,150.507,150.38912665847596
2024-03-05T06:00:00Z,150.5,150.546,150.346,150.418,20414.0,150.411,150.424,150.39297643734582
2024-03-05T10:00:00Z,150.417,150.442,150.064,150.09,21889.0,150.082,150.097,150.35257957903306
2024-03-05T14:00:00Z,150.088,150.228,149.706,150.094,40421.0,150.085,150.102,150.31810230182865
2024-03-05T18:00:00Z,150.095,150.115,149.839,150.062,22092.0,150.056,150.069,150.2839553282515
2024-03-05T22:00:00Z,150.045,150.086,149.814,150.031,13666.0,150.024,150.038,150.2502279511513
2024-03-06T02:00:00Z,150.028,150.03,149.809,149.914,12508.0,149.906,149.923,150.20539755766444
2024-03-06T06:00:00Z,149.916,149.94,149.326,149.646,28102.0,149.639,149.653,150.1308112166425
2024-03-06T10:00:00Z,149.646,149.811,149.336,149.368,28266.0,149.36,149.376,150.0291030544235
2024-03-06T14:00:00Z,149.364,149.645,149.096,149.326,40146.0,149.318,149.334,149.93535598050036
2024-03-06T18:00:00Z,149.326,149.472,149.202,149.41,21804.0,149.4,149.421,149.86530851643366
2024-03-06T22:00:00Z,149.372,149.384,148.56,148.618,25978.0,148.609,148.628,149.69900071424252
2024-03-07T02:00:00Z,148.614,148.796,148.403,148.638,27577.0,148.629,148.647,149.5575339523435
2024-03-07T06:00:00Z,148.638,148.68,147.81,147.986,34802.0,147.978,147.993,149.34799609203105
2024-03-07T10:00:00Z,147.985,147.997,147.586,147.769,33214.0,147.762,147.776,149.13746327976025
2024-03-07T14:00:00Z,147.77,148.3,147.734,148.11,47079.0,148.102,148.119,149.00046817579224
2024-03-07T18:00:00Z,148.111,148.134,147.996,148.032,17499.0,148.024,148.041,148.8713390856866
2024-03-07T22:00:00Z,148.048,148.12,147.524,147.976,20121.0,147.969,147.983,148.7519605409284
2024-03-08T02:00:00Z,147.976,148.092,147.775,147.804,22746.0,147.796,147.811,148.62556580213794
2024-03-08T06:00:00Z,147.801,148.048,146.874,147.137,31957.0,147.127,147.147,148.4270903618529
2024-03-08T10:00:00Z,147.136,147.5,146.482,146.966,37771.0,146.96,146.973,148.23227831360583
2024-03-08T14:00:00Z,146.968,147.26,146.69,147.028,50488.0,147.021,147.036,148.07170787179172
2024-03-08T18:00:00Z,147.028,147.163,146.99,147.077,21367.0,147.055,147.099,147.93908015555283
2024-03-10T21:00:00Z,147.053,147.161,146.671,146.764,14743.0,146.756,146.771,147.78240280147912
2024-03-11T01:00:00Z,146.768,147.092,146.536,146.904,21000.0,146.896,146.912,147.66528242794857
2024-03-11T05:00:00Z,146.902,147.084,146.633,146.721,25049.0,146.714,146.728,147.5393781042221
2024-03-11T09:00:00Z,146.72,146.9,146.486,146.826,24305.0,146.819,146.834,147.44426102365915
2024-03-11T13:00:00Z,146.828,147.149,146.762,146.873,27571.0,146.865,146.881,147.36809288717126
2024-03-11T17:00:00Z,146.872,147.056,146.744,146.944,17463.0,146.936,146.952,147.31154716888176
2024-03-11T21:00:00Z,146.942,146.986,146.622,146.871,16961.0,146.862,146.88,147.2528075463642
2024-03-12T01:00:00Z,146.872,147.44,146.855,147.385,25369.0,147.378,147.392,147.270433206849
2024-03-12T05:00:00Z,147.386,147.6,147.21,147.328,28492.0,147.32,147.336,147.27810877926913
2024-03-12T09:00:00Z,147.328,148.176,147.07,147.65,35026.0,147.642,147.658,147.32769427536658
2024-03-12T13:00:00Z,147.65,147.986,147.642,147.703,38202.0,147.696,147.71,147.37773503865105
2024-03-12T17:00:00Z,147.702,147.799,147.642,147.656,18617.0,147.645,147.666,147.41483703349758
2024-03-12T21:00:00Z,147.66,147.672,147.368,147.374,11210.0,147.366,147.381,147.4093920956979
2024-03-13T01:00:00Z,147.372,147.587,147.234,147.575,20177.0,147.567,147.583,147.43147314960487
2024-03-13T05:00:00Z,147.576,147.891,147.5,147.875,25903.0,147.868,147.882,147.4906100629909
2024-03-13T09:00:00Z,147.876,148.048,147.708,147.943,24261.0,147.935,147.951,147.55092872125877
2024-03-13T13:00:00Z,147.942,147.972,147.676,147.712,27177.0,147.703,147.72,147.5724048917576
2024-03-13T17:00:00Z,147.712,147.858,147.46,147.758,19030.0,147.749,147.767,147.59715090618994
2024-03-13T21:00:00Z,147.72,147.726,147.542,147.596,11100.0,147.588,147.605,147.59699745203127
2024-03-14T01:00:00Z,147.596,147.974,147.53,147.916,20307.0,147.909,147.922,147.63953112509378
2024-03-14T05:00:00Z,147.918,147.975,147.768,147.862,21797.0,147.854,147.87,147.66919364174794
2024-03-14T09:00:00Z,147.862,147.991,147.566,147.848,27971.0,147.839,147.856,147.6930344895149
2024-03-14T13:00:00Z,147.847,148.322,147.433,148.19,54205.0,148.182,148.198,147.75929655757957
2024-03-14T17:00:00Z,148.191,148.36,148.132,148.324,16628.0,148.317,148.332,147.8345903499023
2024-03-14T21:00:00Z,148.29,148.538,148.224,148.446,12805.0,148.439,148.453,147.916111636582
2024-03-15T01:00:00Z,148.449,148.66,148.252,148.314,19589.0,148.306,148.321,147.96916341837107
2024-03-15T05:00:00Z,148.313,148.834,148.032,148.712,30244.0,148.706,148.719,148.0682082959216
2024-03-15T09:00:00Z,148.711,148.872,148.586,148.802,25008.0,148.793,148.811,148.16604718979872
2024-03-15T13:00:00Z,148.802,149.166,148.732,149.096,29584.0,149.089,149.103,148.29004089782555
2024-03-15T17:00:00Z,149.096,149.122,148.996,149.055,13402.0,149.005,149.105,148.39203544478215
2024-03-17T21:00:00Z,148.99,149.29,148.934,149.279,13342.0,149.271,149.287,148.51029738547786
2024-03-18T01:00:00Z,149.28,149.333,148.908,149.114,20027.0,149.105,149.122,148.59079106741416
2024-03-18T05:00:00Z,149.113,149.312,149.055,149.126,21527.0,149.119,149.134,148.6621522584256
2024-03-18T09:00:00Z,149.13,149.246,149.01,149.178,20938.0,149.17,149.185,148.7309319573022
2024-03-18T13:00:00Z,149.18,149.304,149.096,149.142,26260.0,149.135,149.15,148.78574102966192
2024-03-18T17:00:00Z,149.141,149.195,148.922,149.153,14998.0,149.144,149.162,148.83470889237367
2024-03-18T21:00:00Z,149.16,149.224,149.032,149.21,10809.0,149.202,149.219,148.88474770672386
2024-03-19T01:00:00Z,149.213,150.078,149.002,149.969,34944.0,149.959,149.979,149.02931467916068
2024-03-19T05:00:00Z,149.97,150.514,149.94,150.337,39628.0,150.328,150.346,149.20367272193926
2024-03-19T09:00:00Z,150.336,150.703,150.309,150.494,29212.0,150.487,150.5,149.37571635901404
2024-03-19T13:00:00Z,150.493,150.948,150.404,150.941,25526.0,150.932,150.95,149.58442084447884
2024-03-19T17:00:00Z,150.942,150.962,150.842,150.848,11868.0,150.837,150.859,149.752898065215
2024-03-19T21:00:00Z,150.844,151.345,150.778,151.158,14798.0,151.15,151.167,149.940244989853
2024-03-20T01:00:00Z,151.158,151.543,151.136,151.487,20762.0,151.478,151.496,150.14647899120592
2024-03-20T05:00:00Z,151.484,151.586,151.338,151.452,23423.0,151.444,151.46,150.32054845904514
2024-03-20T09:00:00Z,151.452,151.787,151.45,151.76,22685.0,151.753,151.768,150.51247533117245
2024-03-20T13:00:00Z,151.763,151.819,151.534,151.616,21146.0,151.609,151.622,150.6596119536828
2024-03-20T17:00:00Z,151.614,151.712,150.72,151.244,52707.0,151.234,151.255,150.73753035985843
2024-03-20T21:00:00Z,151.27,151.27,150.546,150.622,24968.0,150.614,150.63,150.7221263118773
2024-03-21T01:00:00Z,150.622,150.795,150.266,150.77,26661.0,150.763,150.776,150.72850947029366
2024-03-21T05:00:00Z,150.772,151.458,150.753,151.172,32708.0,151.163,151.182,150.7876415409212
2024-03-21T09:00:00Z,151.173,151.32,150.874,151.166,33352.0,151.159,151.174,150.83808933546504
2024-03-21T13:00:00Z,151.166,151.756,151.162,151.696,36837.0,151.687,151.704,150.9524774240697
2024-03-21T17:00:00Z,151.695,151.741,151.61,151.63,11785.0,151.622,151.637,151.0428137675271
2024-03-21T21:00:00Z,151.628,151.702,151.445,151.532,13301.0,151.525,151.538,151.10803859852348
2024-03-22T01:00:00Z,151.536,151.862,151.422,151.584,27189.0,151.577,151.592,151.17150011872036
2024-03-22T05:00:00Z,151.585,151.592,151.259,151.48,26661.0,151.473,151.488,151.2126334362243
2024-03-22T09:00:00Z,151.48,151.651,151.005,151.215,25690.0,151.208,151.222,151.21294897806106
2024-03-22T13:00:00Z,151.214,151.436,151.06,151.39,33478.0,151.382,151.398,151.23655578098627
2024-03-22T17:00:00Z,151.39,151.485,151.347,151.44,13507.0,151.415,151.465,151.26368167685476
2024-03-24T21:00:00Z,151.379,151.446,151.083,151.306,14236.0,151.298,151.315,151.2693241199408
2024-03-25T01:00:00Z,151.307,151.38,151.054,151.367,25993.0,151.36,151.374,151.28234757061534
2024-03-25T05:00:00Z,151.362,151.402,151.171,151.356,19689.0,151.347,151.365,151.2921678945333
2024-03-25T09:00:00Z,151.356,151.442,151.14,151.231,20638.0,151.223,151.239,151.28401217526218
2024-03-25T13:00:00Z,151.23,151.546,151.127,151.487,17422.0,151.48,151.494,151.31107721856057
2024-03-25T17:00:00Z,151.486,151.539,151.41,151.417,9809.0,151.406,151.428,151.32520025608582
2024-03-25T21:00:00Z,151.426,151.447,151.263,151.287,10941.0,151.28,151.294,151.3201068886077
2024-03-26T01:00:00Z,151.288,151.43,151.22,151.361,17961.0,151.352,151.37,151.32555930346
2024-03-26T05:00:00Z,151.362,151.4,151.253,151.258,17465.0,151.251,151.265,151.31655139633202
2024-03-26T09:00:00Z,151.258,151.474,151.206,151.456,18616.0,151.447,151.464,151.33514454348776
2024-03-26T13:00:00Z,151.456,151.603,151.301,151.523,22851.0,151.516,151.53,151.3601919376894
2024-03-26T17:00:00Z,151.522,151.588,151.444,151.555,13774.0,151.546,151.564,151.38616634599748
2024-03-26T21:00:00Z,151.559,151.577,151.448,151.518,8444.0,151.51,151.526,151.40374416653117
2024-03-27T01:00:00Z,151.52,151.974,151.5,151.69,21162.0,151.682,151.699,151.44191161099369
2024-03-27T05:00:00Z,151.692,151.842,151.616,151.784,18501.0,151.777,151.79,151.48752339619452
2024-03-27T09:00:00Z,151.784,151.806,151.027,151.254,36280.0,151.247,151.262,151.45638694336859
2024-03-27T13:00:00Z,151.254,151.426,151.168,151.322,21192.0,151.315,151.328,151.43846868425277
2024-03-27T17:00:00Z,151.321,151.416,151.282,151.325,11335.0,151.315,151.335,151.4233395263524
2024-03-27T21:00:00Z,151.267,151.436,151.25,151.418,15805.0,151.41,151.426,151.42262758950542
2024-03-28T01:00:00Z,151.418,151.548,151.26,151.356,17892.0,151.348,151.364,151.4137439109047
2024-03-28T05:00:00Z,151.358,151.452,151.253,151.428,17105.0,151.42,151.435,151.4156447227841
2024-03-28T09:00:00Z,151.434,151.504,151.188,151.218,19716.0,151.21,151.226,151.38929209307955
2024-03-28T13:00:00Z,151.216,151.374,151.151,151.338,28446.0,151.331,151.346,151.3824531473356
2024-03-28T17:00:00Z,151.336,151.426,151.311,151.386,10160.0,151.379,151.394,151.3829260610242
2024-03-28T21:00:00Z,151.378,151.501,151.189,151.322,8484.0,151.31,151.335,151.37480258622097
2024-03-29T01:00:00Z,151.322,151.442,151.252,151.288,25908.0,151.278,151.297,151.36322890805818
2024-03-29T05:00:00Z,151.289,151.472,151.284,151.356,14869.0,151.347,151.364,151.36226505365042
2024-03-29T09:00:00Z,151.355,151.384,151.198,151.226,11824.0,151.215,151.238,151.34409637983038
2024-03-29T13:00:00Z,151.225,151.29,151.178,151.286,13271.0,151.272,151.299,151.336350195853
2024-03-29T17:00:00Z,151.282,151.393,151.251,151.342,4348.0,151.3,151.385,151.3371035030726
2024-03-31T21:00:00Z,151.315,151.432,151.226,151.378,11574.0,151.368,151.387,151.3425563693296
2024-04-01T01:00:00Z,151.379,151.406,151.25,151.374,13923.0,151.366,151.381,151.346748853419
2024-04-01T05:00:00Z,151.373,151.412,151.304,151.342,12830.0,151.334,151.35,151.34611567296315
2024-04-01T09:00:00Z,151.342,151.484,151.33,151.458,10973.0,151.449,151.466,151.36103358323473
2024-04-01T13:00:00Z,151.457,151.775,151.444,151.702,21221.0,151.694,151.71,151.40649577213676
2024-04-01T17:00:00Z,151.7,151.703,151.576,151.654,9485.0,151.643,151.664,151.43949633585186
2024-04-01T21:00:00Z,151.673,151.698,151.504,151.686,10188.0,151.677,151.694,151.4723634910716
2024-04-02T01:00:00Z,151.686,151.786,151.633,151.765,17218.0,151.757,151.773,151.51138169226206
2024-04-02T05:00:00Z,151.765,151.802,151.557,151.644,19824.0,151.636,151.652,151.5290641332938
2024-04-02T09:00:00Z,151.644,151.718,151.606,151.691,16369.0,151.684,151.698,151.55065558218794
2024-04-02T13:00:00Z,151.69,151.698,151.466,151.596,24432.0,151.588,151.603,151.55670150456288
2024-04-02T17:00:00Z,151.59,151.618,151.539,151.558,9213.0,151.547,151.569,151.55687463728785
2024-04-02T21:00:00Z,151.572,151.584,151.442,151.558,9498.0,151.55,151.566,151.55702468564948
2024-04-03T01:00:00Z,151.557,151.641,151.534,151.594,10987.0,151.587,151.601,151.5619547275629
2024-04-03T05:00:00Z,151.593,151.737,151.538,151.732,12977.0,151.724,151.741,151.58462743055452
2024-04-03T09:00:00Z,151.737,151.913,151.684,151.852,16336.0,151.845,151.859,151.6202771064806
2024-04-03T13:00:00Z,151.852,151.954,151.579,151.648,28567.0,151.64,151.656,151.62397349228317
2024-04-03T17:00:00Z,151.648,151.709,151.632,151.701,9350.0,151.69,151.712,151.63424369331207
2024-04-03T21:00:00Z,151.642,151.68,151.54,151.568,9811.0,151.56,151.577,151.62541120087047
2024-04-04T01:00:00Z,151.568,151.726,151.56,151.696,11202.0,151.688,151.704,151.6348230407544
2024-04-04T05:00:00Z,151.696,151.758,151.598,151.714,15149.0,151.705,151.723,151.64537996865383
2024-04-04T09:00:00Z,151.716,151.772,151.612,151.625,13181.0,151.617,151.633,151.64266263949997
2024-04-04T13:00:00Z,151.628,151.704,151.506,151.648,15936.0,151.641,151.655,151.64337428756664
2024-04-04T17:00:00Z,151.648,151.689,151.12,151.346,25185.0,151.339,151.353,151.60372438255777
2024-04-04T21:00:00Z,151.332,151.344,150.81,150.91,18533.0,150.902,150.918,151.51122779821674
2024-04-05T01:00:00Z,150.912,151.296,150.812,151.218,20219.0,151.21,151.226,151.4721307584545
2024-04-05T05:00:00Z,151.218,151.454,151.094,151.414,21731.0,151.405,151.422,151.46437999066058
2024-04-05T09:00:00Z,151.413,151.748,151.273,151.658,24290.0,151.651,151.666,151.49019599190584
2024-04-05T13:00:00Z,151.658,151.753,151.44,151.582,31189.0,151.575,151.588,151.5024365263184
2024-04-05T17:00:00Z,151.58,151.653,151.538,151.63,11163.0,151.616,151.643,151.51944498947594
2024-04-07T21:00:00Z,151.625,151.781,151.584,151.712,9849.0,151.705,151.719,151.54511899087916
2024-04-08T01:00:00Z,151.714,151.818,151.679,151.796,15605.0,151.789,151.803,151.57856979209527
2024-04-08T05:00:00Z,151.796,151.914,151.755,151.908,14695.0,151.901,151.916,151.6224938198159
2024-04-08T09:00:00Z,151.909,151.945,151.828,151.88,13848.0,151.872,151.888,151.65682797717378
2024-04-08T13:00:00Z,151.88,151.88,151.721,151.836,18994.0,151.828,151.843,151.68071758021728
2024-04-08T17:00:00Z,151.834,151.862,151.72,151.852,9175.0,151.839,151.865,151.70355523618832
2024-04-08T21:00:00Z,151.83,151.92,151.778,151.91,8958.0,151.902,151.918,151.73108120469655
2024-04-09T01:00:00Z,151.91,151.916,151.815,151.892,13352.0,151.885,151.899,151.75253704407035
2024-04-09T05:00:00Z,151.893,151.937,151.864,151.889,12612.0,151.881,151.897,151.77073210486097
2024-04-09T09:00:00Z,151.888,151.898,151.728,151.771,16136.0,151.763,151.779,151.77076782421284
2024-04-09T13:00:00Z,151.77,151.79,151.572,151.67,20365.0,151.662,151.678,151.7573321143178
2024-04-09T17:00:00Z,151.67,151.79,151.658,151.781,9131.0,151.771,151.791,151.76048783240876
2024-04-09T21:00:00Z,151.767,151.79,151.682,151.724,8228.0,151.716,151.733,151.7556227880876
2024-04-10T01:00:00Z,151.724,151.79,151.699,151.784,14421.0,151.776,151.792,151.75940641634259
2024-04-10T05:00:00Z,151.784,151.886,151.775,151.854,11588.0,151.846,151.861,151.77201889416358
2024-04-10T09:00:00Z,151.854,152.522,151.774,152.386,24269.0,152.379,152.393,151.85388304160844
2024-04-10T13:00:00Z,152.386,152.968,152.37,152.936,33314.0,152.929,152.942,151.99816530272733
2024-04-10T17:00:00Z,152.94,153.239,152.643,153.145,26968.0,153.133,153.157,152.15107659569702
2024-04-10T21:00:00Z,153.142,153.144,152.802,152.838,15547.0,152.828,152.847,152.24266638293741
2024-04-11T01:00:00Z,152.837,152.973,152.758,152.896,15272.0,152.887,152.904,152.3297775318791
2024-04-11T05:00:00Z,152.894,153.292,152.886,153.242,21610.0,153.234,153.25,152.45140719429523
2024-04-11T09:00:00Z,153.243,153.28,152.797,152.844,31534.0,152.836,152.853,152.50375290172252
2024-04-11T13:00:00Z,152.847,153.321,152.836,153.236,32137.0,153.229,153.242,152.6013858481595
2024-04-11T17:00:00Z,153.238,153.29,153.09,153.277,16590.0,153.266,153.288,152.69146773507157
2024-04-11T21:00:00Z,153.252,153.304,152.966,152.972,10415.0,152.963,152.98,152.72887203706205
2024-04-12T01:00:00Z,152.97,153.272,152.97,153.239,14987.0,153.231,153.247,152.79688909878712
2024-04-12T05:00:00Z,153.24,153.387,153.13,153.309,20022.0,153.301,153.317,152.86517055228217
2024-04-12T09:00:00Z,153.31,153.354,152.794,152.854,24525.0,152.846,152.863,152.8636811453112
2024-04-12T13:00:00Z,152.854,153.159,152.591,153.106,36432.0,153.097,153.115,152.89599032593637
2024-04-12T17:00:00Z,153.106,153.331,153.052,153.312,16485.0,153.287,153.336,152.9514582824782
2024-04-14T21:00:00Z,153.084,153.464,152.978,153.464,11968.0,153.457,153.472,153.01979717814777
2024-04-15T01:00:00Z,153.466,153.852,153.454,153.787,16392.0,153.778,153.796,153.12209088772806
2024-04-15T05:00:00Z,153.786,153.97,153.696,153.868,26246.0,153.861,153.876,153.221545436031
2024-04-15T09:00:00Z,153.869,154.42,153.76,154.189,24931.0,154.181,154.197,153.35053937789354
2024-04-15T13:00:00Z,154.19,154.448,153.858,154.3,33807.0,154.293,154.307,153.47713412750775
2024-04-15T17:00:00Z,154.3,154.3,154.116,154.273,15678.0,154.263,154.283,153.58324957717338
2024-04-15T21:00:00Z,154.265,154.366,154.133,154.292,9855.0,154.283,154.3,153.67774963355026
2024-04-16T01:00:00Z,154.292,154.421,154.236,154.272,15422.0,154.265,154.28,153.75698301574357
2024-04-16T05:00:00Z,154.272,154.608,154.262,154.507,22068.0,154.499,154.515,153.8569852803111
2024-04-16T09:00:00Z,154.502,154.708,154.474,154.646,20285.0,154.638,154.654,153.9621872429363
2024-04-16T13:00:00Z,154.646,154.77,153.901,154.583,31358.0,154.575,154.591,154.04496227721145
2024-04-16T17:00:00Z,154.582,154.788,154.576,154.731,19878.0,154.721,154.741,154.13643397358325
2024-04-16T21:00:00Z,154.704,154.735,154.612,154.694,8780.0,154.686,154.702,154.21077611043881
2024-04-17T01:00:00Z,154.695,154.718,154.601,154.65,11094.0,154.642,154.658,154.26933929571365
2024-04-17T05:00:00Z,154.65,154.68,154.455,154.564,21463.0,154.556,154.573,154.3086273896185
2024-04-17T09:00:00Z,154.563,154.703,154.504,154.628,15376.0,154.62,154.635,154.35121040433603
2024-04-17T13:00:00Z,154.63,154.71,154.248,154.276,24632.0,154.268,154.283,154.34118235042456
2024-04-17T17:00:00Z,154.276,154.45,154.16,154.396,18039.0,154.379,154.413,154.34849137036795
2024-04-17T21:00:00Z,154.342,154.41,154.176,154.286,9486.0,154.279,154.294,154.34015918765223
2024-04-18T01:00:00Z,154.288,154.322,153.957,154.294,18562.0,154.286,154.302,154.33400462929862
2024-04-18T05:00:00Z,154.294,154.368,154.064,154.356,16708.0,154.348,154.364,154.33693734539213
2024-04-18T09:00:00Z,154.356,154.512,154.316,154.372,19328.0,154.365,154.38,154.34161236600653
2024-04-18T13:00:00Z,154.372,154.652,154.34,154.622,22471.0,154.615,154.63,154.37899738387233
2024-04-18T17:00:00Z,154.623,154.682,154.549,154.656,7615.0,154.644,154.668,154.4159310660227
2024-04-18T21:00:00Z,154.634,154.673,154.54,154.628,8456.0,154.621,154.636,154.44420692388633
2024-04-19T01:00:00Z,154.629,154.629,153.59,154.322,49289.0,154.315,154.329,154.42791266736816
2024-04-19T05:00:00Z,154.328,154.532,154.21,154.412,26083.0,154.404,154.421,154.42579097838575
2024-04-19T09:00:00Z,154.413,154.61,154.4,154.538,17504.0,154.53,154.546,154.44075218126767
2024-04-19T13:00:00Z,154.54,154.631,154.46,154.581,19795.0,154.573,154.589,154.45945189043198
2024-04-19T17:00:00Z,154.58,154.656,154.552,154.644,9058.0,154.627,154.661,154.48405830504106
2024-04-21T21:00:00Z,154.609,154.736,154.452,154.675,10852.0,154.666,154.684,154.50951719770225
2024-04-22T01:00:00Z,154.676,154.73,154.586,154.718,11703.0,154.709,154.727,154.5373149046753
2024-04-22T05:00:00Z,154.714,154.764,154.596,154.722,14023.0,154.715,154.73,154.56193958405194
2024-04-22T09:00:00Z,154.722,154.782,154.685,154.748,13084.0,154.74,154.755,154.58674763951169
2024-04-22T13:00:00Z,154.748,154.852,154.706,154.797,13103.0,154.789,154.805,154.6147812875768
2024-04-22T17:00:00Z,154.798,154.848,154.765,154.836,6938.0,154.83,154.843,154.64427711589988
2024-04-22T21:00:00Z,154.84,154.842,154.702,154.788,7323.0,154.781,154.795,154.66344016711324
2024-04-23T01:00:00Z,154.788,154.794,154.658,154.742,12792.0,154.733,154.75,154.67391481149815
2024-04-23T05:00:00Z,154.74,154.863,154.717,154.844,14681.0,154.836,154.852,154.69659283663174
2024-04-23T09:00:00Z,154.846,154.854,154.762,154.811,11998.0,154.803,154.819,154.71184712508085
2024-04-23T13:00:00Z,154.816,154.876,154.57,154.826,21409.0,154.818,154.834,154.7270675084034
2024-04-23T17:00:00Z,154.826,154.838,154.552,154.836,10343.0,154.827,154.844,154.74159184061628
2024-04-23T21:00:00Z,154.813,154.828,154.733,154.796,6012.0,154.789,154.804,154.74884626186744
2024-04-24T01:00:00Z,154.797,154.879,154.771,154.842,9021.0,154.833,154.85,154.7612667602851
2024-04-24T05:00:00Z,154.842,154.973,154.769,154.901,11506.0,154.893,154.909,154.77989785891376
2024-04-24T09:00:00Z,154.901,155.172,154.775,154.95,16031.0,154.941,154.958,154.80257814439193
2024-04-24T13:00:00Z,154.949,155.136,154.842,155.115,19389.0,155.107,155.123,154.84423439180634
2024-04-24T17:00:00Z,155.117,155.378,155.088,155.346,12570.0,155.337,155.356,154.91113647289885
2024-04-24T21:00:00Z,155.244,155.416,155.198,155.375,7310.0,155.367,155.383,154.972984943179
2024-04-25T01:00:00Z,155.374,155.626,155.354,155.59,12098.0,155.582,155.599,155.0552536174218
2024-04-25T05:00:00Z,155.591,155.742,155.562,155.674,14061.0,155.666,155.682,155.1377531350989
2024-04-25T09:00:00Z,155.674,155.748,155.312,155.68,18260.0,155.671,155.688,155.21005271708572
2024-04-25T13:00:00Z,155.677,155.686,155.352,155.514,26280.0,155.506,155.521,155.2505790214743
2024-04-25T17:00:00Z,155.514,155.654,155.474,155.646,12267.0,155.639,155.652,155.30330181861106
2024-04-25T21:00:00Z,155.623,155.649,155.548,155.636,6800.0,155.627,155.645,155.34766157612958
2024-04-26T01:00:00Z,155.636,156.219,155.422,156.2,16908.0,156.192,156.207,155.4613066993123
2024-04-26T05:00:00Z,156.2,156.824,154.97,156.56,33723.0,156.551,156.568,155.607799139404
2024-04-26T09:00:00Z,156.562,156.954,156.281,156.835,23450.0,156.826,156.844,155.7714259208168
2024-04-26T13:00:00Z,156.836,157.792,156.775,157.652,30337.0,157.643,157.66,156.02216913137457
2024-04-26T17:00:00Z,157.652,158.444,157.582,158.345,14299.0,158.309,158.381,156.33187991385796
2024-04-28T21:00:00Z,157.912,158.436,157.838,158.196,14660.0,158.187,158.205,156.5804292586769
2024-04-29T01:00:00Z,158.2,160.233,155.201,156.312,58074.0,156.299,156.324,156.5446386908533
2024-04-29T05:00:00Z,156.312,157.24,154.528,155.879,77534.0,155.864,155.894,156.4558868654062
2024-04-29T09:00:00Z,155.882,156.51,155.456,156.421,32925.0,156.411,156.431,156.45123528335205
2024-04-29T13:00:00Z,156.424,156.896,155.085,155.831,32345.0,155.822,155.84,156.3685372455718
2024-04-29T17:00:00Z,155.824,156.368,155.588,156.36,24271.0,156.336,156.383,156.3673989461622
2024-04-29T21:00:00Z,156.317,156.838,156.062,156.817,15199.0,156.807,156.827,156.42734575334057
2024-04-30T01:00:00Z,156.815,157.004,156.56,156.76,18329.0,156.752,156.767,156.47169965289518
2024-04-30T05:00:00Z,156.76,156.98,156.481,156.939,23263.0,156.93,156.948,156.5340063658425
2024-04-30T09:00:00Z,156.936,157.496,156.825,157.456,23749.0,157.448,157.465,156.6569388503968
2024-04-30T13:00:00Z,157.456,157.578,157.244,157.466,24666.0,157.458,157.474,156.7648136703439
2024-04-30T17:00:00Z,157.465,157.848,157.447,157.814,8735.0,157.802,157.826,156.90470518096473
2024-04-30T21:00:00Z,157.724,157.857,157.655,157.746,12387.0,157.736,157.756,157.01687782350277
2024-05-01T01:00:00Z,157.748,157.932,157.736,157.86,9890.0,157.852,157.867,157.1292941137024
2024-05-01T05:00:00Z,157.86,157.988,157.826,157.954,10721.0,157.946,157.963,157.2392548985421
2024-05-01T09:00:00Z,157.953,157.97,157.764,157.782,10927.0,157.774,157.791,157.31162091206983
2024-05-01T13:00:00Z,157.783,157.817,157.383,157.616,17592.0,157.607,157.624,157.35220479046052
2024-05-01T17:00:00Z,157.615,157.769,153.002,154.444,57708.0,154.432,154.455,156.96444415173247
2024-05-01T21:00:00Z,154.75,156.086,154.209,156.02,28041.0,156.01,156.031,156.83851826483482
2024-05-02T01:00:00Z,156.02,156.288,155.703,155.831,25558.0,155.823,155.839,156.70418249619019
2024-05-02T05:00:00Z,155.834,155.894,155.1,155.148,34396.0,155.139,155.157,156.49669149669816
2024-05-02T09:00:00Z,155.146,155.354,154.402,154.522,28851.0,154.514,154.531,156.23339929713842
2024-05-02T13:00:00Z,154.514,154.788,153.477,153.77,38666.0,153.76,153.779,155.90494605751996
2024-05-02T17:00:00Z,153.774,153.828,153.058,153.672,23657.0,153.623,153.722,155.6072199165173
2024-05-02T21:00:00Z,153.692,153.786,152.876,153.148,18525.0,153.142,153.155,155.27932392764833
2024-05-03T01:00:00Z,153.148,153.237,152.753,152.92,21328.0,152.911,152.928,154.9647474039619
2024-05-03T05:00:00Z,152.924,153.334,152.848,153.196,25702.0,153.188,153.205,154.72891441676697
2024-05-03T09:00:00Z,153.199,153.308,151.858,152.204,30933.0,152.197,152.21,154.39225916119804
2024-05-03T13:00:00Z,152.202,153.076,152.17,152.876,41984.0,152.868,152.883,154.19009127303832
2024-05-03T17:00:00Z,152.875,152.984,152.843,152.984,12068.0,152.969,152.999,154.02927910329987
2024-05-05T21:00:00Z,153.013,153.757,152.815,153.418,12403.0,153.408,153.427,153.9477752228599
2024-05-06T01:00:00Z,153.417,154.01,153.343,153.934,17171.0,153.925,153.944,153.94593852647859
2024-05-06T05:00:00Z,153.936,153.979,153.66,153.733,22573.0,153.724,153.742,153.91754672294812
2024-05-06T09:00:00Z,153.734,153.846,153.414,153.522,18744.0,153.512,153.531,153.8648071598884
2024-05-06T13:00:00Z,153.521,154.006,153.498,153.906,21733.0,153.897,153.914,153.87029953856995
2024-05-06T17:00:00Z,153.906,153.967,153.818,153.899,11871.0,153.885,153.913,153.87412626676064
2024-05-06T21:00:00Z,153.888,154.292,153.864,153.94,12467.0,153.932,153.948,153.88290943119256
2024-05-07T01:00:00Z,153.947,154.652,153.874,154.48,17051.0,154.472,154.488,153.96252150703356
2024-05-07T05:00:00Z,154.478,154.578,153.974,154.403,18109.0,154.396,154.41,154.02125197276243
2024-05-07T09:00:00Z,154.403,154.632,154.383,154.412,14794.0,154.403,154.421,154.07335170972743
2024-05-07T13:00:00Z,154.412,154.594,154.238,154.503,17213.0,154.495,154.511,154.13063814843045
2024-05-07T17:00:00Z,154.502,154.749,154.458,154.692,12567.0,154.681,154.703,154.2054863953064
2024-05-07T21:00:00Z,154.685,154.93,154.578,154.895,8981.0,154.887,154.903,154.29742154259887
2024-05-08T01:00:00Z,154.897,155.267,154.884,155.176,19282.0,155.167,155.185,154.41456533691903
2024-05-08T05:00:00Z,155.174,155.454,155.116,155.432,18376.0,155.423,155.441,154.5502232919965
2024-05-08T09:00:00Z,155.432,155.685,155.28,155.611,19033.0,155.602,155.62,154.69166018639697
2024-05-08T13:00:00Z,155.61,155.655,155.348,155.55,20892.0,155.541,155.558,154.8061054948774
2024-05-08T17:00:00Z,155.547,155.661,155.514,155.532,9507.0,155.499,155.566,154.90289142889375
2024-05-08T21:00:00Z,155.491,155.7,155.155,155.628,11964.0,155.619,155.638,154.99957257170792
2024-05-09T01:00:00Z,155.629,155.672,155.434,155.574,14655.0,155.566,155.583,155.0761628954802
2024-05-09T05:00:00Z,155.572,155.878,155.542,155.848,15146.0,155.84,155.857,155.17907450941618
2024-05-09T09:00:00Z,155.849,155.953,155.519,155.705,18902.0,155.697,155.713,155.2491979081607
2024-05-09T13:00:00Z,155.706,155.798,155.432,155.63,19925.0,155.623,155.637,155.29997152040596
2024-05-09T17:00:00Z,155.632,155.642,155.4,155.481,8406.0,155.46,155.502,155.3241086510185
2024-05-09T21:00:00Z,155.546,155.606,155.266,155.534,8921.0,155.525,155.543,155.35209416421603
2024-05-10T01:00:00Z,155.532,155.774,155.462,155.674,14006.0,155.666,155.682,155.39501494232056
2024-05-10T05:00:00Z,155.674,155.783,155.5,155.718,19243.0,155.709,155.726,155.4380796166778
2024-05-10T09:00:00Z,155.717,155.876,155.668,155.827,16060.0,155.818,155.836,155.48993566778745
2024-05-10T13:00:00Z,155.826,155.903,155.603,155.83,20109.0,155.823,155.837,155.53527757874912
2024-05-10T17:00:00Z,155.829,155.887,155.74,155.772,6546.0,155.734,155.81,155.56684056824923
2024-05-12T21:00:00Z,155.705,155.96,155.69,155.93,6379.0,155.922,155.939,155.61526182581602
2024-05-13T01:00:00Z,155.932,155.954,155.502,155.808,14171.0,155.799,155.816,155.64096024904055
2024-05-13T05:00:00Z,155.808,155.927,155.768,155.876,14393.0,155.868,155.884,155.67229888250182
2024-05-13T09:00:00Z,155.876,155.898,155.717,155.758,11488.0,155.749,155.767,155.68372569816825
2024-05-13T13:00:00Z,155.76,156.227,155.688,156.22,16667.0,156.212,156.227,155.75522893841247
2024-05-13T17:00:00Z,156.219,156.252,156.171,156.222,8963.0,156.21,156.233,155.8174650799575
2024-05-13T21:00:00Z,156.209,156.4,156.161,156.295,8654.0,156.288,156.302,155.88113640262983
2024-05-14T01:00:00Z,156.294,156.499,156.294,156.412,10935.0,156.404,156.419,155.95191821561252
2024-05-14T05:00:00Z,156.413,156.545,156.397,156.456,12442.0,156.447,156.465,156.01912912019753
2024-05-14T09:00:00Z,156.456,156.784,156.288,156.582,15149.0,156.575,156.59,156.09417857083787
2024-05-14T13:00:00Z,156.584,156.658,156.231,156.486,22005.0,156.477,156.495,156.14642142805948
2024-05-14T17:00:00Z,156.48,156.52,156.383,156.431,7036.0,156.419,156.443,156.18436523765155
2024-05-14T21:00:00Z,156.425,156.562,156.386,156.392,7003.0,156.383,156.401,156.21204987263135
2024-05-15T01:00:00Z,156.387,156.48,156.308,156.36,10014.0,156.352,156.368,156.23177655628052
2024-05-15T05:00:00Z,156.358,156.39,155.574,155.65,19450.0,155.64,155.659,156.15420634877646
2024-05-15T09:00:00Z,155.649,155.884,154.753,155.122,28598.0,155.115,155.128,156.01657883560625
2024-05-15T13:00:00Z,155.122,155.806,154.742,154.982,34698.0,154.975,154.989,155.87863499085876
2024-05-15T17:00:00Z,154.982,155.028,154.692,154.906,12638.0,154.895,154.916,155.74895032541093
2024-05-15T21:00:00Z,154.852,154.863,153.602,153.668,19360.0,153.659,153.677,155.4714902820228
2024-05-16T01:00:00Z,153.666,154.314,153.63,153.938,27643.0,153.93,153.946,155.26702491108645
2024-05-16T05:00:00Z,153.94,154.814,153.851,154.714,26281.0,154.705,154.723,155.19328825627494
2024-05-16T09:00:00Z,154.714,155.34,154.612,155.312,23254.0,155.302,155.321,155.20911648877163
2024-05-16T13:00:00Z,155.314,155.539,155.16,155.267,26118.0,155.26,155.274,155.21683429026874
2024-05-16T17:00:00Z,155.266,155.432,155.213,155.398,11413.0,155.385,155.41,155.2409897182329
2024-05-16T21:00:00Z,155.39,155.596,155.32,155.45,9869.0,155.441,155.459,155.26885775580186
2024-05-17T01:00:00Z,155.45,155.93,155.423,155.809,18705.0,155.801,155.817,155.34087672169494
2024-05-17T05:00:00Z,155.802,155.98,155.596,155.868,16525.0,155.86,155.875,155.41115982546896
2024-05-17T09:00:00Z,155.868,155.92,155.714,155.792,13641.0,155.784,155.799,155.46193851540644
2024-05-17T13:00:00Z,155.79,155.801,155.25,155.626,22876.0,155.618,155.634,155.48381338001892
2024-05-17T17:00:00Z,155.626,155.724,155.585,155.642,11730.0,155.592,155.692,155.50490492934972
2024-05-19T21:00:00Z,155.602,155.882,155.54,155.874,8037.0,155.866,155.881,155.55411760543643
2024-05-20T01:00:00Z,155.875,155.94,155.666,155.77,13316.0,155.76,155.779,155.5829019247116
2024-05-20T05:00:00Z,155.768,155.801,155.496,155.684,17253.0,155.676,155.693,155.59638166808338
2024-05-20T09:00:00Z,155.684,156.236,155.636,156.155,17611.0,156.147,156.163,155.67086411233893
2024-05-20T13:00:00Z,156.156,156.186,156.044,156.168,8072.0,156.16,156.177,155.7371488973604
2024-05-20T17:00:00Z,156.08,156.304,156.062,156.276,8284.0,156.265,156.286,155.8089957110457
2024-05-20T21:00:00Z,156.214,156.466,156.172,156.428,7274.0,156.42,156.435,155.8915296162396
2024-05-21T01:00:00Z,156.432,156.55,156.398,156.45,13034.0,156.441,156.459,155.96599233407434
2024-05-21T05:00:00Z,156.448,156.472,156.03,156.258,21780.0,156.252,156.265,156.00492668953112
2024-05-21T09:00:00Z,156.26,156.396,156.086,156.245,19671.0,156.236,156.254,156.03693646426032
2024-05-21T13:00:00Z,156.246,156.434,155.844,156.12,26126.0,156.113,156.128,156.04801160235894
2024-05-21T17:00:00Z,156.119,156.256,156.104,156.196,10800.0,156.182,156.211,156.06774338871108
2024-05-21T21:00:00Z,156.166,156.29,156.128,156.272,7873.0,156.263,156.281,156.0949776035496
2024-05-22T01:00:00Z,156.277,156.39,156.208,156.352,13102.0,156.344,156.361,156.12924725640966
2024-05-22T05:00:00Z,156.344,156.509,156.284,156.477,15423.0,156.469,156.485,156.17561428888837
2024-05-22T09:00:00Z,156.478,156.616,156.394,156.548,18218.0,156.539,156.556,156.2252657170366
2024-05-22T13:00:00Z,156.548,156.559,156.349,156.492,21032.0,156.483,156.502,156.2608302880984
2024-05-22T17:00:00Z,156.492,156.846,156.448,156.83,13700.0,156.818,156.841,156.3367195830186
2024-05-22T21:00:00Z,156.774,156.834,156.658,156.801,9250.0,156.792,156.81,156.39862363861613
2024-05-23T01:00:00Z,156.802,156.908,156.646,156.723,14240.0,156.715,156.731,156.441873820134
2024-05-23T05:00:00Z,156.724,156.795,156.56,156.758,17972.0,156.75,156.767,156.48402397744945
2024-05-23T09:00:00Z,156.759,156.784,156.529,156.752,18122.0,156.745,156.76,156.51975411378953
2024-05-23T13:00:00Z,156.752,157.198,156.542,157.05,36119.0,157.043,157.057,156.59045356528426
2024-05-23T17:00:00Z,157.054,157.066,156.828,156.945,12991.0,156.932,156.958,156.63772642324636
2024-05-23T21:00:00Z,156.946,157.138,156.912,157.038,10619.0,157.031,157.046,156.69109623348018
2024-05-24T01:00:00Z,157.042,157.149,156.994,157.08,13334.0,157.073,157.088,156.74295006901616
2024-05-24T05:00:00Z,157.08,157.118,157.0,157.025,12995.0,157.018,157.032,156.78055672648068
2024-05-24T09:00:00Z,157.026,157.134,156.936,157.075,15678.0,157.067,157.083,156.8198158296166
2024-05-24T13:00:00Z,157.076,157.128,156.822,156.918,21013.0,156.91,156.925,156.8329070523344
2024-05-24T17:00:00Z,156.92,156.998,156.882,156.995,6646.0,156.98,157.01,156.8545194453565
2024-05-26T21:00:00Z,156.964,157.023,156.752,156.832,7279.0,156.822,156.842,156.8515168526423
2024-05-27T01:00:00Z,156.832,156.848,156.664,156.774,11421.0,156.766,156.783,156.84118127229
2024-05-27T05:00:00Z,156.775,156.96,156.73,156.949,10831.0,156.939,156.959,156.85555710265132
2024-05-27T09:00:00Z,156.95,156.953,156.82,156.823,10534.0,156.816,156.83,156.85121615563114
2024-05-27T13:00:00Z,156.823,156.915,156.71,156.9,8173.0,156.894,156.907,156.85772066821366
2024-05-27T17:00:00Z,156.902,156.944,156.846,156.899,4058.0,156.849,156.949,156.8632245791185
2024-05-27T21:00:00Z,156.866,156.952,156.78,156.898,7114.0,156.889,156.906,156.8678613019027
2024-05-28T01:00:00Z,156.899,156.93,156.622,156.69,12366.0,156.682,156.699,156.84414646164902
2024-05-28T05:00:00Z,156.688,156.958,156.656,156.87,14456.0,156.863,156.878,156.84759360009582
2024-05-28T09:00:00Z,156.871,156.994,156.656,156.68,14557.0,156.67,156.691,156.8252477867497
2024-05-28T13:00:00Z,156.681,157.0,156.58,156.968,16641.0,156.96,156.975,156.84428141518308
2024-05-28T17:00:00Z,156.968,157.2,156.966,157.19,11285.0,157.178,157.203,156.890377226492
2024-05-28T21:00:00Z,157.146,157.41,157.134,157.374,7338.0,157.365,157.384,156.95486026295976
2024-05-29T01:00:00Z,157.376,157.39,157.206,157.256,11178.0,157.247,157.265,156.99501222789846
2024-05-29T05:00:00Z,157.255,157.272,156.896,157.1,19442.0,157.092,157.109,157.009010597512
2024-05-29T09:00:00Z,157.1,157.294,157.096,157.198,16834.0,157.19,157.207,157.03420918451042
2024-05-29T13:00:00Z,157.198,157.708,157.166,157.686,20138.0,157.677,157.694,157.1211146265757
2024-05-29T17:00:00Z,157.687,157.709,157.624,157.668,11315.0,157.653,157.683,157.1940326763656
2024-05-29T21:00:00Z,157.614,157.674,157.305,157.368,9957.0,157.36,157.376,157.21722831951686
2024-05-30T01:00:00Z,157.371,157.457,157.126,157.186,15993.0,157.178,157.194,157.21306454358128
2024-05-30T05:00:00Z,157.19,157.229,156.535,156.946,28566.0,156.937,156.954,157.17745593777045
2024-05-30T09:00:00Z,156.946,157.091,156.567,156.647,23451.0,156.638,156.656,157.10672847940106
2024-05-30T13:00:00Z,156.648,156.85,156.373,156.698,26782.0,156.691,156.706,157.05223134881425
2024-05-30T17:00:00Z,156.7,156.88,156.667,156.816,11591.0,156.803,156.829,157.02073383563902
2024-05-30T21:00:00Z,156.81,157.028,156.603,156.742,10465.0,156.734,156.751,156.9835693242205
2024-05-31T01:00:00Z,156.744,156.926,156.574,156.706,22571.0,156.697,156.715,156.9465600809911
2024-05-31T05:00:00Z,156.706,157.332,156.694,157.298,23478.0,157.288,157.309,156.99341873685896
2024-05-31T09:00:00Z,157.3,157.367,156.75,156.862,22663.0,156.854,156.871,156.9758962386111
2024-05-31T13:00:00Z,156.863,157.278,156.56,157.18,29442.0,157.172,157.188,157.00311007346298
2024-05-31T17:00:00Z,157.18,157.35,157.172,157.302,11812.0,157.277,157.326,157.04296206366791
2024-06-02T21:00:00Z,157.233,157.34,157.049,157.09,10540.0,157.083,157.098,157.0492337885122
2024-06-03T01:00:00Z,157.089,157.474,156.996,157.412,15416.0,157.406,157.419,157.0976026167106
2024-06-03T05:00:00Z,157.414,157.463,157.005,157.058,17638.0,157.05,157.067,157.09232226781586
2024-06-03T09:00:00Z,157.058,157.15,156.636,156.784,20313.0,156.776,156.793,157.05121263210708
2024-06-03T13:00:00Z,156.784,156.838,155.95,156.066,32740.0,156.057,156.076,156.91985094782615
2024-06-03T17:00:00Z,156.067,156.288,156.037,156.083,15178.0,156.062,156.104,156.80827082144933
2024-06-03T21:00:00Z,156.084,156.406,155.981,156.39,11047.0,156.381,156.398,156.75250137858941
2024-06-04T01:00:00Z,156.388,156.488,156.254,156.3,14874.0,156.292,156.309,156.69216786144418
2024-06-04T05:00:00Z,156.301,156.307,155.214,155.304,32476.0,155.295,155.313,156.5070788132516
2024-06-04T09:00:00Z,155.306,155.378,154.704,155.123,37676.0,155.115,155.131,156.32253497148474
2024-06-04T13:00:00Z,155.122,155.254,154.546,154.786,40523.0,154.778,154.795,156.11766364195344
2024-06-04T17:00:00Z,154.787,154.912,154.549,154.896,17134.0,154.885,154.908,155.95477515635966
2024-06-04T21:00:00Z,154.875,155.438,154.798,155.228,12519.0,155.218,155.237,155.85787180217838
2024-06-05T01:00:00Z,155.229,155.616,155.218,155.586,17769.0,155.577,155.595,155.8216222285546
2024-06-05T05:00:00Z,155.584,156.302,155.536,156.248,25321.0,156.24,156.256,155.87847259808063
2024-06-05T09:00:00Z,156.248,156.304,155.936,156.096,23397.0,156.089,156.103,155.9074762516699
2024-06-05T13:00:00Z,156.096,156.484,155.722,156.124,41611.0,156.116,156.133,155.93634608478058
2024-06-05T17:00:00Z,156.123,156.162,156.07,156.109,12103.0,156.097,156.121,155.95936660680985
2024-06-05T21:00:00Z,156.059,156.114,155.594,155.65,11777.0,155.643,155.658,155.91811772590188
2024-06-06T01:00:00Z,155.652,155.948,155.356,155.734,21097.0,155.726,155.743,155.89356869578162
2024-06-06T05:00:00Z,155.734,156.38,155.713,156.162,24622.0,156.154,156.171,155.92935953634407
2024-06-06T09:00:00Z,156.163,156.345,155.894,156.283,23267.0,156.275,156.291,155.97651159816485
2024-06-06T13:00:00Z,156.282,156.448,155.77,155.802,31889.0,155.793,155.81,155.9532433850762
2024-06-06T17:00:00Z,155.802,155.872,155.474,155.618,16680.0,155.603,155.632,155.90854426706605
2024-06-06T21:00:00Z,155.602,155.85,155.556,155.774,10737.0,155.767,155.781,155.89060503145726
2024-06-07T01:00:00Z,155.774,155.938,155.496,155.581,18173.0,155.573,155.589,155.84932436059628
2024-06-07T05:00:00Z,155.578,155.703,155.122,155.358,27646.0,155.349,155.367,155.7838144458501
2024-06-07T09:00:00Z,155.359,156.878,155.332,156.78,29908.0,156.771,156.788,155.91663918640344
2024-06-07T13:00:00Z,156.781,157.076,156.427,156.666,38452.0,156.658,156.675,156.01655396154965
2024-06-07T17:00:00Z,156.668,156.774,156.565,156.772,16488.0,156.758,156.787,156.1172801000097
2024-06-09T21:00:00Z,156.781,156.968,156.68,156.84,12223.0,156.832,156.849,156.21364275334176
2024-06-10T01:00:00Z,156.837,157.194,156.772,157.126,16731.0,157.117,157.134,156.33529038622953
2024-06-10T05:00:00Z,157.122,157.184,156.878,156.958,26494.0,156.949,156.967,156.41831833473228
2024-06-10T09:00:00Z,156.96,157.008,156.744,156.978,22543.0,156.969,156.987,156.49294255676799
2024-06-10T13:00:00Z,156.98,157.002,156.817,156.995,18148.0,156.986,157.004,156.55988354919893
2024-06-10T17:00:00Z,156.994,157.096,156.954,157.032,14025.0,157.022,157.041,156.62283240930574
2024-06-10T21:00:00Z,157.029,157.266,156.96,157.216,10413.0,157.208,157.224,156.7019214213983
2024-06-11T01:00:00Z,157.216,157.336,157.13,157.266,13107.0,157.26,157.273,156.7771318985452
2024-06-11T05:00:00Z,157.266,157.395,157.148,157.222,16372.0,157.213,157.231,156.83644764540585
2024-06-11T09:00:00Z,157.222,157.291,156.808,156.894,25484.0,156.886,156.902,156.8441212926851
2024-06-11T13:00:00Z,156.897,157.404,156.894,157.381,25004.0,157.373,157.389,156.9157051203271
2024-06-11T17:00:00Z,157.382,157.382,156.935,157.14,17651.0,157.131,157.15,156.94561110428347
2024-06-11T21:00:00Z,157.103,157.22,157.058,157.183,9054.0,157.175,157.191,156.97726295704567
2024-06-12T01:00:00Z,157.182,157.256,157.047,157.242,14357.0,157.233,157.25,157.01256122943957
2024-06-12T05:00:00Z,157.242,157.358,157.189,157.304,16411.0,157.298,157.311,157.05141973218096
2024-06-12T09:00:00Z,157.306,157.371,156.066,156.162,26349.0,156.154,156.17,156.93283043455685
2024-06-12T13:00:00Z,156.166,156.177,155.72,155.8,39842.0,155.792,155.807,156.78178637661594
2024-06-12T17:00:00Z,155.8,156.903,155.76,156.732,41826.0,156.719,156.744,156.77514819306717
2024-06-12T21:00:00Z,156.68,156.908,156.588,156.796,10920.0,156.788,156.804,156.77792843399155
2024-06-13T01:00:00Z,156.796,157.058,156.695,157.046,17019.0,157.038,157.054,156.81367130945935
2024-06-13T05:00:00Z,157.046,157.312,157.044,157.258,17967.0,157.25,157.266,156.87291513486477
2024-06-13T09:00:00Z,157.258,157.286,156.584,157.026,22112.0,157.019,157.034,156.89332645021614
2024-06-13T13:00:00Z,157.028,157.269,156.692,156.85,37660.0,156.842,156.859,156.88754959018732
2024-06-13T17:00:00Z,156.85,157.101,156.722,157.006,19675.0,156.999,157.013,156.90334297816236
2024-06-13T21:00:00Z,157.019,157.238,156.974,157.204,10616.0,157.196,157.212,156.94343058107404
2024-06-14T01:00:00Z,157.206,157.981,156.812,157.946,28835.0,157.94,157.953,157.0771065035975
2024-06-14T05:00:00Z,157.946,158.258,157.27,157.493,47069.0,157.484,157.502,157.1325589697845
2024-06-14T09:00:00Z,157.492,157.53,156.884,157.252,50454.0,157.244,157.261,157.1484844404799
2024-06-14T13:00:00Z,157.252,157.496,157.034,157.314,34167.0,157.306,157.323,157.17055318174926
2024-06-14T17:00:00Z,157.317,157.442,157.225,157.409,11808.0,157.379,157.439,157.20234609084935
2024-06-16T21:00:00Z,157.365,157.662,157.292,157.456,13299.0,157.447,157.465,157.23616661206944
2024-06-17T01:00:00Z,157.456,157.531,157.332,157.384,15489.0,157.376,157.393,157.25587773046018
2024-06-17T05:00:00Z,157.384,157.69,157.158,157.651,25340.0,157.643,157.659,157.30856069973217
2024-06-17T09:00:00Z,157.652,157.942,157.546,157.894,19263.0,157.886,157.903,157.38661927310122
2024-06-17T13:00:00Z,157.894,157.962,157.729,157.784,20604.0,157.775,157.793,157.43960337002105
2024-06-17T17:00:00Z,157.784,157.793,157.682,157.729,11522.0,157.697,157.761,157.47818958735158
2024-06-17T21:00:00Z,157.688,157.746,157.605,157.684,8065.0,157.676,157.692,157.50563097570472
2024-06-18T01:00:00Z,157.684,157.737,157.518,157.718,14353.0,157.71,157.727,157.53394684561076
2024-06-18T05:00:00Z,157.717,158.232,157.668,158.151,20597.0,158.143,158.159,157.61622059952933
2024-06-18T09:00:00Z,158.152,158.16,157.626,157.834,23575.0,157.826,157.843,157.64525785292543
2024-06-18T13:00:00Z,157.831,158.008,157.664,157.712,24389.0,157.703,157.72,157.6541568058687
2024-06-18T17:00:00Z,157.711,157.898,157.642,157.856,12816.0,157.845,157.867,157.68106923175287
2024-06-18T21:00:00Z,157.859,157.928,157.803,157.882,6593.0,157.874,157.89,157.7078600008525
2024-06-19T01:00:00Z,157.882,157.894,157.724,157.854,12141.0,157.846,157.863,157.72734533407217
2024-06-19T05:00:00Z,157.853,157.866,157.604,157.799,15953.0,157.792,157.806,157.73689928952922
2024-06-19T09:00:00Z,157.8,157.952,157.79,157.884,10320.0,157.876,157.892,157.756512717592
2024-06-19T13:00:00Z,157.884,157.947,157.867,157.934,6432.0,157.926,157.942,157.78017768857973
2024-06-19T17:00:00Z,157.936,158.134,157.923,158.084,4490.0,158.069,158.098,157.82068733010243
2024-06-19T21:00:00Z,158.026,158.092,157.923,158.033,6942.0,158.025,158.041,157.84899568608878
2024-06-20T01:00:00Z,158.032,158.158,157.978,158.146,10152.0,158.138,158.155,157.88859626127694
2024-06-20T05:00:00Z,158.148,158.468,158.054,158.438,19720.0,158.429,158.447,157.96185009310668
2024-06-20T09:00:00Z,158.438,158.552,158.241,158.548,17084.0,158.541,158.555,158.0400034140258
2024-06-20T13:00:00Z,158.542,158.914,158.498,158.86,18385.0,158.853,158.868,158.14933629215568
2024-06-20T17:00:00Z,158.86,158.942,158.698,158.93,12753.0,158.917,158.942,158.25342478653494
2024-06-20T21:00:00Z,158.942,159.13,158.82,159.106,8068.0,159.097,159.114,158.3671014816636
2024-06-21T01:00:00Z,159.107,159.116,158.826,158.887,14404.0,158.878,158.896,158.43642128410846
2024-06-21T05:00:00Z,158.888,159.002,158.667,158.83,20451.0,158.823,158.838,158.48889844622735
2024-06-21T09:00:00Z,158.83,159.02,158.783,158.93,18144.0,158.921,158.938,158.54771198673038
2024-06-21T13:00:00Z,158.93,159.627,158.923,159.482,24911.0,159.476,159.489,158.672283721833
2024-06-21T17:00:00Z,159.48,159.85,159.452,159.822,13313.0,159.782,159.862,158.8255792255886
2024-06-23T21:00:00Z,159.778,159.928,159.625,159.8,10400.0,159.791,159.808,158.95550199551013
2024-06-24T01:00:00Z,159.8,159.836,159.62,159.755,14968.0,159.748,159.762,159.0621017294421
2024-06-24T05:00:00Z,159.756,159.82,159.648,159.787,17314.0,159.779,159.795,159.15875483218318
2024-06-24T09:00:00Z,159.787,159.81,158.742,159.394,32026.0,159.385,159.402,159.19012085455876
2024-06-24T13:00:00Z,159.394,159.758,159.322,159.73,22618.0,159.721,159.738,159.2621047406176
2024-06-24T17:00:00Z,159.728,159.734,159.539,159.624,14983.0,159.612,159.636,159.31035744186858
2024-06-24T21:00:00Z,159.601,159.706,159.334,159.395,12347.0,159.385,159.405,159.3216431162861
2024-06-25T01:00:00Z,159.4,159.509,159.187,159.431,19381.0,159.422,159.44,159.33622403411465
2024-06-25T05:00:00Z,159.431,159.552,159.277,159.478,20933.0,159.47,159.487,159.3551274962327
2024-06-25T09:00:00Z,159.48,159.672,159.294,159.666,18128.0,159.659,159.673,159.39657716340167
2024-06-25T13:00:00Z,159.672,159.758,159.566,159.746,22434.0,159.74,159.753,159.44316687494813
2024-06-25T17:00:00Z,159.748,159.748,159.602,159.68,11980.0,159.649,159.711,159.47474462495506
2024-06-25T21:00:00Z,159.682,159.762,159.612,159.72,9035.0,159.713,159.728,159.50744534162772
2024-06-26T01:00:00Z,159.721,159.902,159.696,159.754,14366.0,159.746,159.761,159.54031929607734
2024-06-26T05:00:00Z,159.753,159.972,159.752,159.958,14960.0,159.95,159.966,159.59601005660036
2024-06-26T09:00:00Z,159.958,160.396,159.862,160.352,32189.0,160.342,160.361,159.69680871572032
2024-06-26T13:00:00Z,160.352,160.822,160.017,160.636,33506.0,160.628,160.644,159.82203422029096
2024-06-26T17:00:00Z,160.636,160.874,160.593,160.825,14753.0,160.794,160.856,159.95576299091883
2024-06-26T21:00:00Z,160.758,160.778,160.499,160.692,11693.0,160.684,160.701,160.053927925463
2024-06-27T01:00:00Z,160.694,160.718,160.301,160.339,17527.0,160.331,160.347,160.09193753540129
2024-06-27T05:00:00Z,160.337,160.608,160.31,160.554,18980.0,160.547,160.562,160.15354586401446
2024-06-27T09:00:00Z,160.558,160.57,160.281,160.4,20743.0,160.393,160.408,160.1864064154792
2024-06-27T13:00:00Z,160.401,160.737,160.362,160.71,25919.0,160.703,160.717,160.2562188934153
2024-06-27T17:00:00Z,160.708,160.824,160.666,160.774,13377.0,160.761,160.788,160.32525637429328
2024-06-27T21:00:00Z,160.744,161.144,160.636,161.123,10648.0,161.113,161.133,160.43162219105417
2024-06-28T01:00:00Z,161.124,161.285,160.84,161.04,26819.0,161.031,161.048,160.51273923224696
2024-06-28T05:00:00Z,161.038,161.06,160.838,160.915,25151.0,160.907,160.923,160.5663740012807
2024-06-28T09:00:00Z,160.914,160.924,160.381,160.513,30201.0,160.505,160.521,160.5592574677766
2024-06-28T13:00:00Z,160.514,160.966,160.262,160.851,41108.0,160.842,160.86,160.59815647207307
2024-06-28T17:00:00Z,160.85,160.946,160.707,160.873,14921.0,160.823,160.923,160.63480227579666
2024-06-30T21:00:00Z,160.786,161.188,160.736,160.998,14122.0,160.988,161.007,160.68322863902378
2024-07-01T01:00:00Z,160.997,161.086,160.839,161.074,20859.0,161.067,161.08,160.73533148715396
2024-07-01T05:00:00Z,161.076,161.124,160.87,161.01,23787.0,161.002,161.017,160.77195395553343
2024-07-01T09:00:00Z,161.011,161.394,160.971,161.354,18645.0,161.346,161.362,160.84956009479566
2024-07-01T13:00:00Z,161.354,161.73,160.968,161.52,31059.0,161.514,161.527,160.93895208215625
2024-07-01T17:00:00Z,161.522,161.57,161.407,161.474,16200.0,161.433,161.515,161.01029180453543
2024-07-01T21:00:00Z,161.515,161.64,161.408,161.524,8766.0,161.517,161.532,161.0787862305974
2024-07-02T01:00:00Z,161.525,161.744,161.459,161.678,13937.0,161.67,161.687,161.15868139985108
2024-07-02T05:00:00Z,161.679,161.728,161.559,161.592,19510.0,161.585,161.598,161.21645721320428
2024-07-02T09:00:00Z,161.592,161.692,161.484,161.516,15289.0,161.508,161.525,161.2563962514437
2024-07-02T13:00:00Z,161.517,161.622,161.269,161.576,27213.0,161.569,161.584,161.29901008458455
2024-07-02T17:00:00Z,161.577,161.588,161.418,161.469,10008.0,161.455,161.483,161.32167540663994
2024-07-02T21:00:00Z,161.44,161.581,161.388,161.564,9669.0,161.555,161.573,161.3539853524213
2024-07-03T01:00:00Z,161.565,161.742,161.521,161.718,10463.0,161.712,161.724,161.4025206387651
2024-07-03T05:00:00Z,161.716,161.942,161.672,161.848,21037.0,161.839,161.856,161.46191788692977
2024-07-03T09:00:00Z,161.848,161.95,161.794,161.825,16720.0,161.817,161.833,161.51032883533912
2024-07-03T13:00:00Z,161.826,161.833,160.772,161.536,44662.0,161.53,161.542,161.5137516572939
2024-07-03T17:00:00Z,161.536,161.749,161.468,161.706,14175.0,161.691,161.722,161.53938476965473
2024-07-03T21:00:00Z,161.624,161.676,161.37,161.442,9951.0,161.434,161.45,161.52640013370078
2024-07-04T01:00:00Z,161.444,161.577,161.138,161.5,16670.0,161.491,161.508,161.52288011587402
2024-07-04T05:00:00Z,161.51,161.554,161.193,161.246,18914.0,161.239,161.253,161.48596276709083
2024-07-04T09:00:00Z,161.246,161.314,160.948,161.138,19417.0,161.129,161.147,161.43956773147872
2024-07-04T13:00:00Z,161.138,161.196,160.962,161.133,11934.0,161.127,161.139,161.39869203394824
2024-07-04T17:00:00Z,161.135,161.286,161.112,161.266,9421.0,161.244,161.288,161.38099976275515
2024-07-04T21:00:00Z,161.286,161.398,160.82,161.074,15026.0,161.067,161.081,161.34006646105448
2024-07-05T01:00:00Z,161.073,161.146,160.528,160.642,24475.0,160.634,160.651,161.2469909329139
2024-07-05T05:00:00Z,160.644,160.855,160.57,160.739,20783.0,160.73,160.748,161.1792588085254
2024-07-05T09:00:00Z,160.742,161.16,160.338,160.944,30850.0,160.936,160.951,161.14789096738866
2024-07-05T13:00:00Z,160.946,161.331,160.63,160.886,47729.0,160.877,160.896,161.11297217173686
2024-07-05T17:00:00Z,160.886,160.914,160.709,160.803,15738.0,160.753,160.853,161.0716425488386
2024-07-07T21:00:00Z,160.746,160.832,160.564,160.614,13793.0,160.605,160.623,161.0106235423268
2024-07-08T01:00:00Z,160.614,160.718,160.262,160.54,25471.0,160.531,160.549,160.94787373668325
2024-07-08T05:00:00Z,160.54,161.119,160.53,161.093,26255.0,161.084,161.102,160.96722390512548
2024-07-08T09:00:00Z,161.094,161.103,160.666,160.694,23678.0,160.686,160.701,160.93079405110876
2024-07-08T13:00:00Z,160.694,160.816,160.478,160.732,29650.0,160.725,160.739,160.9042881776276
2024-07-08T17:00:00Z,160.732,160.842,160.69,160.837,14972.0,160.823,160.851,160.89531642061058
2024-07-08T21:00:00Z,160.799,160.92,160.732,160.894,9099.0,160.885,160.903,160.89514089786252
2024-07-09T01:00:00Z,160.894,161.133,160.856,160.964,16734.0,160.956,160.972,160.90432211148087
2024-07-09T05:00:00Z,160.964,161.08,160.74,161.054,18343.0,161.046,161.063,160.92427916328342
2024-07-09T09:00:00Z,161.056,161.179,160.959,161.132,19955.0,161.124,161.141,160.95197527484564
2024-07-09T13:00:00Z,161.13,161.52,160.888,161.32,37822.0,161.314,161.327,161.00104523819957
2024-07-09T17:00:00Z,161.32,161.344,161.232,161.316,13203.0,161.276,161.355,161.04303920643963
2024-07-09T21:00:00Z,161.326,161.51,161.262,161.466,7891.0,161.457,161.475,161.09943397891436
2024-07-10T01:00:00Z,161.467,161.592,161.405,161.446,14512.0,161.437,161.454,161.1456427817258
2024-07-10T05:00:00Z,161.445,161.564,161.34,161.512,17176.0,161.503,161.521,161.19449041082902
2024-07-10T09:00:00Z,161.514,161.614,161.432,161.45,19987.0,161.441,161.459,161.22855835605182
2024-07-10T13:00:00Z,161.45,161.756,161.428,161.689,24259.0,161.681,161.697,161.28995057524492
2024-07-10T17:00:00Z,161.688,161.808,161.645,161.71,14514.0,161.688,161.733,161.34595716521227
2024-07-10T21:00:00Z,161.62,161.638,161.474,161.566,8739.0,161.558,161.573,161.37529620985063
2024-07-11T01:00:00Z,161.566,161.695,161.536,161.688,14168.0,161.68,161.696,161.41699004853723
2024-07-11T05:00:00Z,161.688,161.761,161.502,161.532,18643.0,161.523,161.54,161.43232470873227
2024-07-11T09:00:00Z,161.532,161.622,158.366,158.653,38078.0,158.64,158.666,161.0617480809013
2024-07-11T13:00:00Z,158.657,158.975,157.428,158.57,64587.0,158.56,158.581,160.7295150034478
2024-07-11T17:00:00Z,158.571,158.922,158.554,158.902,23128.0,158.893,158.911,160.48584633632143
2024-07-11T21:00:00Z,158.866,159.45,157.748,159.082,42765.0,159.073,159.092,160.2986668248119
2024-07-12T01:00:00Z,159.082,159.39,158.754,159.112,35474.0,159.106,159.119,160.14044458150366
2024-07-12T05:00:00Z,159.112,159.322,158.87,159.103,36446.0,159.095,159.111,160.00211863730317
2024-07-12T09:00:00Z,159.104,159.256,158.506,158.812,40005.0,158.802,158.821,159.84343615232942
2024-07-12T13:00:00Z,158.809,158.846,157.364,157.878,53390.0,157.87,157.885,159.5813779986855
2024-07-12T17:00:00Z,157.878,158.018,157.794,157.887,13888.0,157.837,157.937,159.3554609321941
2024-07-14T21:00:00Z,158.128,158.426,157.979,158.116,17558.0,158.107,158.126,159.19019947456823
2024-07-15T01:00:00Z,158.117,158.239,157.912,157.996,24040.0,157.987,158.005,159.03097287795913
2024-07-15T05:00:00Z,157.996,158.238,157.782,157.82,30381.0,157.811,157.829,158.86950982756457
2024-07-15T09:00:00Z,157.818,158.176,157.753,157.967,27438.0,157.957,157.977,158.7491751838893
2024-07-15T13:00:00Z,157.966,158.069,157.168,157.714,36503.0,157.705,157.724,158.6111518260374
2024-07-15T17:00:00Z,157.714,158.154,157.714,158.108,19570.0,158.063,158.154,158.5440649158991
2024-07-15T21:00:00Z,158.048,158.398,158.014,158.367,12407.0,158.358,158.376,158.52045626044588
2024-07-16T01:00:00Z,158.366,158.73,158.355,158.642,22437.0,158.636,158.648,158.53666209238642
2024-07-16T05:00:00Z,158.647,158.791,158.359,158.471,29258.0,158.463,158.479,158.5279071467349
2024-07-16T09:00:00Z,158.47,158.856,158.258,158.757,29654.0,158.749,158.765,158.55845286050356
2024-07-16T13:00:00Z,158.76,158.808,158.516,158.542,34477.0,158.534,158.55,158.55625914576976
2024-07-16T17:00:00Z,158.542,158.559,158.32,158.41,19081.0,158.397,158.423,158.5367579263338
2024-07-16T21:00:00Z,158.33,158.539,158.305,158.488,14153.0,158.478,158.497,158.53025686948928
2024-07-17T01:00:00Z,158.486,158.626,158.22,158.22,20956.0,158.212,158.227,158.48888928689072
2024-07-17T05:00:00Z,158.221,158.236,156.102,156.245,53410.0,156.235,156.255,158.18970404863865
2024-07-17T09:00:00Z,156.241,156.798,156.106,156.568,55239.0,156.559,156.578,157.9734768421535
2024-07-17T13:00:00Z,156.566,156.64,156.153,156.306,55391.0,156.298,156.315,157.75114659653303
2024-07-17T17:00:00Z,156.304,156.492,156.06,156.215,27544.0,156.172,156.258,157.54632705032864
2024-07-17T21:00:00Z,156.165,156.274,155.367,155.738,35483.0,155.729,155.746,157.30521677695148
2024-07-18T01:00:00Z,155.739,156.576,155.722,156.344,32948.0,156.336,156.352,157.1770545400246
2024-07-18T05:00:00Z,156.344,156.59,155.802,156.466,51100.0,156.458,156.474,157.08224726802135
2024-07-18T09:00:00Z,156.464,156.582,156.182,156.436,41310.0,156.426,156.445,156.99608096561852
2024-07-18T13:00:00Z,156.434,157.161,156.319,157.148,54094.0,157.14,157.157,157.01633683686939
2024-07-18T17:00:00Z,157.152,157.402,157.094,157.362,25235.0,157.342,157.383,157.06242525862015
2024-07-18T21:00:00Z,157.353,157.419,157.064,157.214,21884.0,157.205,157.222,157.08263522413748
2024-07-19T01:00:00Z,157.214,157.534,157.202,157.482,30675.0,157.473,157.491,157.13588386091914
2024-07-19T05:00:00Z,157.481,157.865,156.956,157.262,50356.0,157.255,157.27,157.1526993461299
2024-07-19T09:00:00Z,157.264,157.698,157.146,157.676,34613.0,157.668,157.685,157.22247276664592
2024-07-19T13:00:00Z,157.676,157.7,157.264,157.416,42843.0,157.409,157.423,157.2482763977598
2024-07-19T17:00:00Z,157.416,157.536,157.357,157.477,15427.0,157.427,157.527,157.2787728780585
2024-07-21T21:00:00Z,157.426,157.504,157.156,157.428,17848.0,157.418,157.437,157.2986698276507
2024-07-22T01:00:00Z,157.428,157.614,157.352,157.445,25475.0,157.437,157.453,157.3181805172973
2024-07-22T05:00:00Z,157.444,157.444,156.284,156.798,55790.0,156.789,156.806,157.24882311499098
2024-07-22T09:00:00Z,156.802,157.094,156.558,156.792,43587.0,156.785,156.8,157.18791336632552
2024-07-22T13:00:00Z,156.804,157.148,156.696,157.074,43623.0,157.066,157.083,157.17272491748213
2024-07-22T17:00:00Z,157.075,157.172,157.035,157.052,17940.0,157.032,157.073,157.15662826181784
2024-07-22T21:00:00Z,156.971,157.102,156.647,156.659,18873.0,156.651,156.667,157.0902778269088
2024-07-23T01:00:00Z,156.66,156.852,156.198,156.308,42732.0,156.299,156.317,156.9859741166543
2024-07-23T05:00:00Z,156.306,156.638,155.825,156.012,50050.0,156.003,156.02,156.85611090110038
2024-07-23T09:00:00Z,156.012,156.267,155.822,156.032,42167.0,156.022,156.042,156.74622944762032
2024-07-23T13:00:00Z,156.034,156.21,155.696,155.786,41812.0,155.778,155.794,156.6181988546043
2024-07-23T17:00:00Z,155.786,155.809,155.566,155.606,26640.0,155.564,155.649,156.48323900732373
2024-07-23T21:00:00Z,155.566,155.992,155.532,155.828,15546.0,155.818,155.837,156.39587380634723
2024-07-24T01:00:00Z,155.829,155.879,154.546,154.61,53189.0,154.601,154.62,156.15775729883427
2024-07-24T05:00:00Z,154.61,154.948,154.36,154.863,49250.0,154.855,154.871,155.98512299232303
2024-07-24T09:00:00Z,154.864,154.936,153.76,153.813,41708.0,153.805,153.821,155.69550659334664
2024-07-24T13:00:00Z,153.813,154.0,153.106,153.474,65940.0,153.464,153.483,155.39930571423375
2024-07-24T17:00:00Z,153.474,154.1,153.448,153.899,25343.0,153.888,153.91,155.1992649523359
2024-07-24T21:00:00Z,153.89,153.97,152.84,153.246,34533.0,153.236,153.255,154.93882962535778
2024-07-25T01:00:00Z,153.246,153.347,152.232,152.624,46059.0,152.615,152.632,154.6301856753101
2024-07-25T05:00:00Z,152.622,152.974,151.939,152.71,59974.0,152.702,152.718,154.3741609186021
2024-07-25T09:00:00Z,152.712,153.74,152.092,153.524,50296.0,153.515,153.532,154.26080612945515
2024-07-25T13:00:00Z,153.518,154.321,153.231,154.026,68850.0,154.015,154.038,154.2294986455278
2024-07-25T17:00:00Z,154.027,154.056,153.748,153.904,41807.0,153.858,153.949,154.1860988261241
2024-07-25T21:00:00Z,153.931,154.142,153.374,153.922,31951.0,153.913,153.931,154.15088564930755
2024-07-26T01:00:00Z,153.926,154.094,153.43,153.68,36014.0,153.671,153.69,154.08810089606655
2024-07-26T05:00:00Z,153.678,154.436,153.502,154.304,50587.0,154.295,154.312,154.1168874432577
2024-07-26T09:00:00Z,154.304,154.739,154.025,154.218,49860.0,154.209,154.227,154.13036911749
2024-07-26T13:00:00Z,154.218,154.222,153.1,153.786,63795.0,153.777,153.794,154.084453235158
2024-07-26T17:00:00Z,153.785,153.877,153.676,153.755,22529.0,153.705,153.805,154.04052613713694
2024-07-28T21:00:00Z,153.738,154.354,153.529,153.656,31635.0,153.648,153.664,153.9892559855187
2024-07-29T01:00:00Z,153.656,153.837,153.014,153.416,56113.0,153.408,153.425,153.9128218541162
2024-07-29T05:00:00Z,153.415,153.92,153.142,153.688,54934.0,153.68,153.697,153.8828456069007
2024-07-29T09:00:00Z,153.685,154.037,153.589,153.888,48687.0,153.881,153.896,153.88353285931396
2024-07-29T13:00:00Z,153.889,154.212,153.731,153.943,59049.0,153.935,153.951,153.89146181140543
2024-07-29T17:00:00Z,153.944,154.058,153.89,154.028,24246.0,154.015,154.04,153.90966690321804
2024-07-29T21:00:00Z,153.964,154.088,153.618,153.962,20679.0,153.954,153.969,153.91664464945563
2024-07-30T01:00:00Z,153.962,154.448,153.852,154.44,38298.0,154.433,154.448,153.98642536286155
2024-07-30T05:00:00Z,154.442,155.218,154.422,154.667,47888.0,154.657,154.677,154.07716864781335
2024-07-30T09:00:00Z,154.67,155.024,154.666,154.942,30309.0,154.935,154.949,154.1924794947716
2024-07-30T13:00:00Z,154.942,154.943,153.139,153.238,76789.0,153.231,153.245,154.0652155621354
2024-07-30T17:00:00Z,153.238,153.444,152.646,152.764,41709.0,152.75,152.777,153.89172015385068
2024-07-30T21:00:00Z,152.78,153.144,152.108,152.379,40437.0,152.37,152.388,153.69002413333726
2024-07-31T01:00:00Z,152.376,153.906,151.599,152.554,57402.0,152.546,152.563,153.5385542488923
2024-07-31T05:00:00Z,152.548,153.172,150.05,150.926,82539.0,150.917,150.935,153.19021368237333
2024-07-31T09:00:00Z,150.923,150.946,149.79,150.336,69692.0,150.327,150.346,152.8096518580569
2024-07-31T13:00:00Z,150.333,150.68,149.632,150.561,74892.0,150.554,150.568,152.50983161031598
2024-07-31T17:00:00Z,150.56,151.265,149.607,149.986,71209.0,149.97,150.001,152.17332072894052
2024-07-31T21:00:00Z,149.957,150.324,149.348,149.444,36618.0,149.434,149.454,151.8094112984151
2024-08-01T01:00:00Z,149.44,149.794,148.513,149.686,69023.0,149.676,149.695,151.52628979195975
2024-08-01T05:00:00Z,149.686,150.34,149.432,149.698,80818.0,149.688,149.707,151.28251781969846
2024-08-01T09:00:00Z,149.703,150.868,149.61,150.863,60197.0,150.853,150.873,151.22658211040533
2024-08-01T13:00:00Z,150.864,150.892,149.682,149.896,79546.0,149.886,149.905,151.04917116235129
2024-08-01T17:00:00Z,149.898,149.946,149.29,149.343,46938.0,149.325,149.361,150.8216816740378
2024-08-01T21:00:00Z,149.352,149.448,148.87,149.384,42969.0,149.374,149.393,150.6299907841661
2024-08-02T01:00:00Z,149.388,149.778,149.234,149.263,53244.0,149.255,149.271,150.44772534627728
2024-08-02T05:00:00Z,149.259,149.376,148.626,149.074,64291.0,149.065,149.083,150.26456196677364
2024-08-02T09:00:00Z,149.074,149.122,147.018,147.446,55304.0,147.437,147.456,149.88875370453715
2024-08-02T13:00:00Z,147.442,148.166,146.42,146.848,111669.0,146.84,146.857,149.48331987726553
2024-08-02T17:00:00Z,146.85,146.96,146.439,146.546,42053.0,146.496,146.596,149.09167722696347
2024-08-04T21:00:00Z,146.5,146.649,145.184,145.518,56422.0,145.507,145.53,148.615186930035
2024-08-05T01:00:00Z,145.518,145.594,142.198,143.169,85380.0,143.155,143.183,147.889028672697
2024-08-05T05:00:00Z,143.166,143.994,141.688,142.402,93961.0,142.393,142.411,147.15742484967075
2024-08-05T09:00:00Z,142.406,142.97,141.753,142.25,72258.0,142.235,142.264,146.5031015363813
2024-08-05T13:00:00Z,142.254,144.898,142.104,144.186,85053.0,144.176,144.195,146.19415466486382
2024-08-05T17:00:00Z,144.187,144.609,143.397,144.198,47899.0,144.183,144.214,145.92800070954866
2024-08-05T21:00:00Z,144.195,146.375,143.627,145.044,44430.0,145.031,145.058,145.8101339482755
2024-08-06T01:00:00Z,145.044,145.922,144.308,145.519,46549.0,145.508,145.53,145.77131608850544
2024-08-06T05:00:00Z,145.531,146.293,144.475,144.922,84720.0,144.911,144.934,145.6580739433714
2024-08-06T09:00:00Z,144.922,145.462,144.351,144.602,82865.0,144.592,144.611,145.5172640842552
2024-08-06T13:00:00Z,144.596,145.422,144.048,145.372,93463.0,145.364,145.381,145.49789553968785
2024-08-06T17:00:00Z,145.378,145.388,144.164,144.334,54108.0,144.321,144.347,145.34270946772946
2024-08-06T21:00:00Z,144.315,145.259,144.303,144.73,37913.0,144.72,144.739,145.2610148720322
2024-08-07T01:00:00Z,144.728,147.908,144.565,147.622,61832.0,147.611,147.632,145.57581288909458
2024-08-07T05:00:00Z,147.62,147.817,146.088,147.203,81132.0,147.192,147.214,145.79277117054863
2024-08-07T09:00:00Z,147.204,147.641,146.866,146.996,67996.0,146.986,147.005,145.95320168114216
2024-08-07T13:00:00Z,146.994,147.692,146.654,147.184,70082.0,147.176,147.193,146.11730812365656
2024-08-07T17:00:00Z,147.184,147.406,146.684,146.71,59010.0,146.68,146.74,146.19633370716903
2024-08-07T21:00:00Z,146.678,146.786,145.432,146.009,46169.0,145.997,146.021,146.1713558795465
2024-08-08T01:00:00Z,146.011,146.878,145.91,146.142,74701.0,146.132,146.152,146.16744176227363
2024-08-08T05:00:00Z,146.14,146.406,145.626,146.197,85153.0,146.188,146.206,146.17138286063715
2024-08-08T09:00:00Z,146.196,147.298,145.941,147.064,76491.0,147.055,147.073,146.29039847921888
2024-08-08T13:00:00Z,147.064,147.549,146.92,147.249,72118.0,147.241,147.257,146.41821201532304
2024-08-08T17:00:00Z,147.248,147.438,147.094,147.282,40187.0,147.27,147.293,146.5333837466133
2024-08-08T21:00:00Z,147.253,147.818,147.2,147.49,41863.0,147.479,147.5,146.6609325803982
2024-08-09T01:00:00Z,147.492,147.621,146.82,146.889,56262.0,146.878,146.9,146.69134156967843
2024-08-09T05:00:00Z,146.887,147.324,146.718,147.209,71547.0,147.199,147.219,146.7603626937213
2024-08-09T09:00:00Z,147.211,147.29,146.508,146.778,66619.0,146.767,146.789,146.76271433455847
2024-08-09T13:00:00Z,146.783,146.795,146.267,146.614,67522.0,146.604,146.625,146.74288575661734
2024-08-09T17:00:00Z,146.614,146.768,146.558,146.624,33052.0,146.594,146.653,146.7270343224017
2024-08-11T21:00:00Z,146.641,147.126,146.625,146.86,27493.0,146.853,146.868,146.7447630794148
2024-08-12T01:00:00Z,146.862,147.227,146.703,147.127,40718.0,147.118,147.136,146.7957280021595
2024-08-12T05:00:00Z,147.126,147.446,147.09,147.362,55927.0,147.353,147.371,146.87123093520492
2024-08-12T09:00:00Z,147.362,147.74,147.209,147.72,45279.0,147.71,147.729,146.98440014384425
2024-08-12T13:00:00Z,147.719,148.226,147.236,147.358,75771.0,147.351,147.366,147.03421345799836
2024-08-12T17:00:00Z,147.356,147.357,147.044,147.198,45177.0,147.176,147.219,147.0560516635986
2024-08-12T21:00:00Z,147.206,147.308,146.917,147.268,31082.0,147.262,147.275,147.08431144178545
2024-08-13T01:00:00Z,147.27,147.798,147.231,147.717,46636.0,147.708,147.726,147.16866991621407
2024-08-13T05:00:00Z,147.716,147.952,147.553,147.846,52382.0,147.838,147.853,147.2589805940522
2024-08-13T09:00:00Z,147.845,147.922,147.076,147.406,61010.0,147.398,147.414,147.2785831815119
2024-08-13T13:00:00Z,147.406,147.472,146.706,146.738,71668.0,146.73,146.747,147.20650542397698
2024-08-13T17:00:00Z,146.738,146.913,146.594,146.858,47142.0,146.842,146.874,147.1600380341134
2024-08-13T21:00:00Z,146.789,147.149,146.736,147.097,27373.0,147.09,147.104,147.15163296289828
2024-08-14T01:00:00Z,147.096,147.189,146.074,146.869,58374.0,146.86,146.878,147.11394856784517
2024-08-14T05:00:00Z,146.868,147.502,146.775,147.114,52990.0,147.104,147.125,147.11395542546583
2024-08-14T09:00:00Z,147.114,147.585,146.528,147.317,53368.0,147.308,147.326,147.14102803540374
2024-08-14T13:00:00Z,147.318,147.446,146.576,146.947,72667.0,146.938,146.956,147.11515763068326
2024-08-14T17:00:00Z,146.946,147.441,146.935,147.318,33336.0,147.302,147.334,147.1422032799255
2024-08-14T21:00:00Z,147.27,147.411,147.149,147.232,21632.0,147.222,147.243,147.15417617593542
2024-08-15T01:00:00Z,147.232,147.618,147.202,147.272,43231.0,147.263,147.281,147.16988601914403
2024-08-15T05:00:00Z,147.272,147.395,147.056,147.337,41613.0,147.328,147.346,147.19216788325815
2024-08-15T09:00:00Z,147.337,149.162,147.182,148.958,49068.0,148.948,148.967,147.4276121654904
2024-08-15T13:00:00Z,148.96,149.327,148.782,149.044,64706.0,149.036,149.053,147.643130543425
2024-08-15T17:00:00Z,149.044,149.4,148.958,149.286,25278.0,149.276,149.297,147.86217980430166
2024-08-15T21:00:00Z,149.316,149.348,148.909,149.156,23358.0,149.145,149.168,148.0346891637281
2024-08-16T01:00:00Z,149.156,149.232,148.742,148.864,40486.0,148.854,148.874,148.1452639418977
2024-08-16T05:00:00Z,148.862,149.096,148.658,148.714,41587.0,148.706,148.723,148.22109541631133
2024-08-16T09:00:00Z,148.716,148.77,147.618,147.689,56082.0,147.68,147.698,148.15014936080314
2024-08-16T13:00:00Z,147.686,148.269,147.624,148.003,61494.0,147.995,148.011,148.13052944602939
2024-08-16T17:00:00Z,148.004,148.014,147.572,147.612,24491.0,147.583,147.641,148.0613921865588
2024-08-18T21:00:00Z,147.586,148.054,147.586,147.822,24813.0,147.812,147.831,148.02947322835098
2024-08-19T01:00:00Z,147.821,147.884,145.863,146.193,54089.0,146.185,146.201,147.7846101312375
2024-08-19T05:00:00Z,146.194,146.298,145.188,146.081,71566.0,146.072,146.09,147.55746211373918
2024-08-19T09:00:00Z,146.088,146.527,145.934,146.218,60565.0,146.21,146.225,147.37886716524062
2024-08-19T13:00:00Z,146.218,146.717,146.192,146.501,58481.0,146.493,146.509,147.2618182098752
2024-08-19T17:00:00Z,146.502,146.697,146.46,146.606,28186.0,146.594,146.619,147.17437578189185
2024-08-19T21:00:00Z,146.602,146.874,146.182,146.346,26374.0,146.338,146.355,147.06392567763962
2024-08-20T01:00:00Z,146.346,147.167,145.849,146.932,53416.0,146.922,146.942,147.04633558728767
2024-08-20T05:00:00Z,146.932,147.347,146.234,146.522,62374.0,146.513,146.53,146.97642417564933
2024-08-20T09:00:00Z,146.522,146.56,146.127,146.174,53062.0,146.166,146.182,146.86943428556276
2024-08-20T13:00:00Z,146.174,146.296,145.371,145.397,69697.0,145.39,145.404,146.6731097141544
2024-08-20T17:00:00Z,145.398,145.539,145.2,145.27,24362.0,145.256,145.285,146.4860284189338
2024-08-20T21:00:00Z,145.226,145.553,144.934,145.451,36452.0,145.442,145.46,146.34802462974264
2024-08-21T01:00:00Z,145.452,145.762,145.256,145.676,51378.0,145.668,145.685,146.25842134577695
2024-08-21T05:00:00Z,145.676,146.228,145.514,146.034,56310.0,146.024,146.043,146.22849849967335
2024-08-21T09:00:00Z,146.034,146.228,145.736,145.78,53975.0,145.771,145.789,146.1686986997169
2024-08-21T13:00:00Z,145.778,146.9,145.034,145.193,86864.0,145.184,145.202,146.03860553975466
2024-08-21T17:00:00Z,145.194,145.298,144.454,145.292,42713.0,145.276,145.308,145.93905813445403
2024-08-21T21:00:00Z,145.257,145.442,144.849,145.335,27090.0,145.326,145.344,145.85851704986015
2024-08-22T01:00:00Z,145.336,145.645,144.987,145.134,42626.0,145.125,145.144,145.76191477654547
2024-08-22T05:00:00Z,145.134,145.674,145.014,145.638,50147.0,145.631,145.646,145.74539280633942
2024-08-22T09:00:00Z,145.639,146.349,145.558,146.052,50621.0,146.042,146.061,145.78627376549417
2024-08-22T13:00:00Z,146.05,146.528,145.824,146.33,65660.0,146.322,146.338,145.85877059676162
2024-08-22T17:00:00Z,146.33,146.494,146.179,146.31,30889.0,146.299,146.322,145.9189345171934
2024-08-22T21:00:00Z,146.268,146.339,145.894,146.074,27426.0,146.067,146.082,145.93960991490096
2024-08-23T01:00:00Z,146.076,146.135,145.293,145.774,50622.0,145.764,145.784,145.91752859291415
2024-08-23T05:00:00Z,145.774,146.029,145.29,145.934,49163.0,145.924,145.944,145.9197247805256
2024-08-23T09:00:00Z,145.936,146.183,145.929,145.99,38406.0,145.981,146.0,145.92909480978886
2024-08-23T13:00:00Z,145.994,146.484,144.601,144.848,83804.0,144.838,144.858,145.78494883515035
2024-08-23T17:00:00Z,144.845,144.856,144.048,144.385,34392.0,144.361,144.409,145.59828899046363
2024-08-25T21:00:00Z,144.243,144.344,143.446,143.716,41951.0,143.709,143.723,145.34731712506849
2024-08-26T01:00:00Z,143.714,144.096,143.448,144.045,52638.0,144.035,144.055,145.173674841726
2024-08-26T05:00:00Z,144.044,144.218,143.6,143.864,50598.0,143.856,143.872,144.9990515294959
2024-08-26T09:00:00Z,143.863,144.368,143.824,143.94,44337.0,143.93,143.949,144.85784465889645
2024-08-26T13:00:00Z,143.938,144.608,143.858,144.463,59407.0,144.456,144.47,144.80519870437692
2024-08-26T17:00:00Z,144.461,144.654,144.318,144.524,22616.0,144.511,144.538,144.76770554379334
2024-08-26T21:00:00Z,144.556,144.864,144.234,144.844,22235.0,144.835,144.854,144.77787813795422
2024-08-27T01:00:00Z,144.846,144.975,144.605,144.638,35879.0,144.63,144.645,144.75922771956033
2024-08-27T05:00:00Z,144.637,145.176,144.572,145.062,50745.0,145.053,145.07,144.7995973569523
2024-08-27T09:00:00Z,145.061,145.075,144.336,144.392,51203.0,144.383,144.4,144.745251042692
2024-08-27T13:00:00Z,144.384,144.508,144.104,144.139,59484.0,144.129,144.149,144.66441757033306
2024-08-27T17:00:00Z,144.138,144.166,143.918,143.954,28074.0,143.941,143.968,144.569695227622
2024-08-27T21:00:00Z,143.968,144.248,143.684,144.112,25725.0,144.105,144.119,144.50866919727238
2024-08-28T01:00:00Z,144.114,144.541,144.09,144.356,40094.0,144.347,144.364,144.48831330430272
2024-08-28T05:00:00Z,144.354,144.606,144.29,144.347,47750.0,144.339,144.355,144.4694715303957
2024-08-28T09:00:00Z,144.348,144.778,144.062,144.709,43703.0,144.701,144.717,144.5014086596763
2024-08-28T13:00:00Z,144.708,145.043,144.35,144.742,62066.0,144.735,144.75,144.5334875050528
2024-08-28T17:00:00Z,144.742,144.812,144.415,144.591,40176.0,144.581,144.601,144.5411558377124
2024-08-28T21:00:00Z,144.531,144.598,144.222,144.432,26098.0,144.422,144.441,144.52660172601742
2024-08-29T01:00:00Z,144.434,144.72,144.346,144.673,37449.0,144.664,144.682,144.54612149588178
2024-08-29T05:00:00Z,144.671,144.864,144.464,144.691,52715.0,144.681,144.701,144.5654386297642
2024-08-29T09:00:00Z,144.69,145.426,144.443,145.396,57160.0,145.387,145.405,144.67618014579566
2024-08-29T13:00:00Z,145.397,145.556,144.903,145.006,67286.0,144.999,145.013,144.72015612635624
2024-08-29T17:00:00Z,145.007,145.026,144.728,144.993,48242.0,144.974,145.012,144.75653530950876
2024-08-29T21:00:00Z,144.971,145.076,144.652,144.728,19432.0,144.718,144.737,144.75273060157426
2024-08-30T01:00:00Z,144.727,144.888,144.688,144.848,30998.0,144.84,144.855,144.76543318803104
2024-08-30T05:00:00Z,144.846,145.135,144.791,145.12,34179.0,145.11,145.131,144.81270876296023
2024-08-30T09:00:00Z,145.12,145.75,145.021,145.636,41975.0,145.628,145.645,144.92248092789887
2024-08-30T13:00:00Z,145.638,146.25,145.318,146.226,67218.0,146.219,146.234,145.0962834708457
2024-08-30T17:00:00Z,146.228,146.248,146.051,146.203,26692.0,146.153,146.253,145.24384567473294
2024-09-01T21:00:00Z,146.084,146.602,146.084,146.194,22219.0,146.185,146.204,145.37053291810187
2024-09-02T01:00:00Z,146.195,146.283,145.776,145.935,34139.0,145.927,145.943,145.4457951956883
2024-09-02T05:00:00Z,145.931,146.848,145.929,146.704,43822.0,146.695,146.712,145.6135558362632
2024-09-02T09:00:00Z,146.702,146.993,146.6,146.984,33836.0,146.976,146.993,145.79628172476146
2024-09-02T13:00:00Z,146.983,147.18,146.81,146.819,26503.0,146.809,146.829,145.93264416145993
2024-09-02T17:00:00Z,146.828,146.932,146.824,146.914,3595.0,146.905,146.923,146.0634916065986
2024-09-02T21:00:00Z,146.908,147.212,146.667,147.127,19601.0,147.118,147.136,146.2052927257188
2024-09-03T01:00:00Z,147.126,147.147,146.396,146.536,51038.0,146.527,146.545,146.2493870289563
2024-09-03T05:00:00Z,146.536,146.596,145.61,145.812,60275.0,145.803,145.821,146.1910687584288
2024-09-03T09:00:00Z,145.81,146.29,145.792,145.884,49018.0,145.876,145.893,146.15012625730495
2024-09-03T13:00:00Z,145.886,145.924,145.132,145.768,73764.0,145.758,145.777,146.0991760896643
2024-09-03T17:00:00Z,145.767,145.91,145.451,145.485,37268.0,145.468,145.502,146.01728594437574
2024-09-03T21:00:00Z,145.504,145.56,144.89,145.176,33344.0,145.167,145.186,145.90511448512564
2024-09-04T01:00:00Z,145.177,145.552,145.148,145.252,40417.0,145.245,145.259,145.81803255377557
2024-09-04T05:00:00Z,145.252,145.318,144.756,145.208,55861.0,145.199,145.216,145.73669487993882
2024-09-04T09:00:00Z,145.207,145.271,144.864,145.078,44310.0,145.07,145.087,145.64886889594698
2024-09-04T13:00:00Z,145.078,145.151,144.0,144.05,82767.0,144.043,144.056,145.43568637648738
2024-09-04T17:00:00Z,144.048,144.128,143.711,143.735,43988.0,143.721,143.749,145.20892819295574
2024-09-04T21:00:00Z,143.688,143.806,143.186,143.72,30745.0,143.712,143.729,145.010404433895
2024-09-05T01:00:00Z,143.72,143.908,143.432,143.578,44064.0,143.57,143.587,144.81941717604232
2024-09-05T05:00:00Z,143.58,143.751,143.05,143.574,56851.0,143.565,143.583,144.65336155257
2024-09-05T09:00:00Z,143.576,143.648,142.851,143.1,51731.0,143.091,143.108,144.446246678894
2024-09-05T13:00:00Z,143.1,144.232,143.038,143.435,73363.0,143.425,143.445,144.3114137883748
2024-09-05T17:00:00Z,143.434,143.51,143.194,143.454,40701.0,143.441,143.467,144.19709194992484
2024-09-05T21:00:00Z,143.441,143.482,143.154,143.179,20980.0,143.17,143.188,144.06134635660152
2024-09-06T01:00:00Z,143.18,143.367,142.89,142.996,27744.0,142.988,143.004,143.91930017572133
2024-09-06T05:00:00Z,142.996,143.006,142.06,142.616,61372.0,142.606,142.625,143.7455268189585
2024-09-06T09:00:00Z,142.615,144.089,141.983,142.989,56512.0,142.979,142.999,143.6446565764307
2024-09-06T13:00:00Z,142.99,143.894,141.768,142.448,116613.0,142.438,142.458,143.48510236623994
2024-09-06T17:00:00Z,142.448,142.696,142.234,142.314,47154.0,142.271,142.356,143.32895538407462
2024-09-08T21:00:00Z,142.308,142.744,141.956,142.7,35046.0,142.692,142.707,143.245094666198
2024-09-09T01:00:00Z,142.701,143.1,142.617,142.976,50712.0,142.968,142.985,143.2092153773716
2024-09-09T05:00:00Z,142.976,143.438,142.775,143.382,59424.0,143.375,143.39,143.2322533270554
2024-09-09T09:00:00Z,143.382,143.796,143.095,143.234,46529.0,143.226,143.241,143.23248621678135
2024-09-09T13:00:00Z,143.233,143.234,142.654,142.882,56417.0,142.873,142.891,143.18575472121051
2024-09-09T17:00:00Z,142.884,143.17,142.714,143.166,31284.0,143.154,143.179,143.18312075838244
2024-09-09T21:00:00Z,143.176,143.488,142.854,143.472,25506.0,143.461,143.482,143.2216379905981
2024-09-10T01:00:00Z,143.471,143.548,143.052,143.082,37823.0,143.074,143.091,143.2030195918517
2024-09-10T05:00:00Z,143.081,143.714,143.03,143.513,40427.0,143.504,143.522,143.24435031293814
2024-09-10T09:00:00Z,143.516,143.522,142.756,142.868,43246.0,142.86,142.875,143.19417027121307
2024-09-10T13:00:00Z,142.872,143.115,142.194,142.464,61668.0,142.456,142.471,143.09681423505134
2024-09-10T17:00:00Z,142.464,142.573,142.222,142.458,36690.0,142.446,142.47,143.01163900371117
2024-09-10T21:00:00Z,142.443,142.474,142.026,142.292,23905.0,142.282,142.301,142.91568713654968
2024-09-11T01:00:00Z,142.292,142.429,140.898,141.094,56626.0,141.084,141.103,142.67279551834307
2024-09-11T05:00:00Z,141.09,141.7,140.71,141.534,61952.0,141.525,141.544,142.52095611589732
2024-09-11T09:00:00Z,141.536,142.55,141.292,142.292,59477.0,142.284,142.3,142.49042863377767
2024-09-11T13:00:00Z,142.299,142.497,141.248,141.95,81227.0,141.941,141.959,142.4183714826073
2024-09-11T17:00:00Z,141.949,142.46,141.898,142.362,46790.0,142.352,142.371,142.41085528492636
2024-09-11T21:00:00Z,142.332,142.953,142.229,142.686,25645.0,142.675,142.696,142.44754124693617
2024-09-12T01:00:00Z,142.688,142.846,142.258,142.786,49434.0,142.778,142.795,142.492669080678
2024-09-12T05:00:00Z,142.786,143.044,142.468,142.582,58996.0,142.575,142.59,142.50457986992095
2024-09-12T09:00:00Z,142.586,142.779,141.962,142.101,58520.0,142.092,142.11,142.45076922059815
2024-09-12T13:00:00Z,142.098,142.667,141.909,142.52,73443.0,142.514,142.526,142.45999999118507
2024-09-12T17:00:00Z,142.518,142.57,141.728,141.816,63067.0,141.801,141.832,142.37413332569372
2024-09-12T21:00:00Z,141.834,141.878,141.162,141.198,28345.0,141.19,141.207,142.21731554893455
2024-09-13T01:00:00Z,141.198,141.295,140.646,140.961,44278.0,140.952,140.97,142.0498068090766
2024-09-13T05:00:00Z,140.96,141.414,140.411,140.7,59369.0,140.692,140.709,141.8698325678664
2024-09-13T09:00:00Z,140.699,141.02,140.364,140.732,59015.0,140.722,140.741,141.71812155881756
2024-09-13T13:00:00Z,140.73,140.944,140.284,140.814,64049.0,140.805,140.823,141.59757201764188
2024-09-13T17:00:00Z,140.814,141.011,140.774,140.822,30693.0,140.794,140.849,141.49416241528962
2024-09-15T21:00:00Z,140.805,140.934,140.424,140.529,22474.0,140.52,140.538,141.365474093251
2024-09-16T01:00:00Z,140.526,140.588,139.951,140.22,39159.0,140.212,140.229,141.2127442141509
2024-09-16T05:00:00Z,140.218,140.292,139.579,139.854,54997.0,139.847,139.86,141.03157831893077
2024-09-16T09:00:00Z,139.851,140.448,139.754,140.241,53692.0,140.233,140.249,140.92616787640668
2024-09-16T13:00:00Z,140.24,140.913,140.213,140.642,57443.0,140.633,140.652,140.88827882621914
2024-09-16T17:00:00Z,140.642,140.886,140.576,140.608,31935.0,140.6,140.616,140.85090831605658
2024-09-16T21:00:00Z,140.613,141.247,140.474,140.665,24694.0,140.656,140.674,140.82612054058237
2024-09-17T01:00:00Z,140.665,140.754,140.322,140.68,42597.0,140.671,140.69,140.80663780183806
2024-09-17T05:00:00Z,140.68,140.806,140.352,140.576,45935.0,140.566,140.586,140.77588609492634
2024-09-17T09:00:00Z,140.576,141.133,140.476,140.974,48026.0,140.966,140.982,140.8023012822695
2024-09-17T13:00:00Z,140.972,141.999,140.872,141.737,67376.0,141.727,141.747,140.9269277779669
2024-09-17T17:00:00Z,141.738,142.469,141.722,142.406,47392.0,142.394,142.419,141.12413740757134
2024-09-17T21:00:00Z,142.38,142.398,141.571,141.652,24325.0,141.643,141.66,141.19451908656183
2024-09-18T01:00:00Z,141.65,141.766,141.225,141.319,38791.0,141.311,141.327,141.21111654168692
2024-09-18T05:00:00Z,141.318,142.0,141.283,141.713,45792.0,141.704,141.722,141.27803433612866
2024-09-18T09:00:00Z,141.714,142.062,141.553,141.926,48348.0,141.917,141.936,141.36442975797817
2024-09-18T13:00:00Z,141.922,142.068,141.677,141.884,48867.0,141.876,141.892,141.43370579024776
2024-09-18T17:00:00Z,141.885,142.714,140.442,142.28,93332.0,142.265,142.294,141.54654501821472
2024-09-18T21:00:00Z,142.248,143.594,141.883,143.488,34475.0,143.479,143.497,141.80540568245274
2024-09-19T01:00:00Z,143.49,143.946,142.952,143.178,58899.0,143.168,143.188,141.9884182581257
2024-09-19T05:00:00Z,143.178,143.2,142.044,142.793,63190.0,142.787,142.799,142.09569582370895
2024-09-19T09:00:00Z,142.79,143.762,142.686,143.758,65397.0,143.749,143.766,142.31733638054777
2024-09-19T13:00:00Z,143.762,143.77,142.733,143.04,74992.0,143.032,143.048,142.41369152980806
2024-09-19T17:00:00Z,143.037,143.118,142.532,142.636,48759.0,142.624,142.649,142.443332659167
2024-09-19T21:00:00Z,142.604,142.934,142.412,142.412,24457.0,142.406,142.419,142.43915497127807
2024-09-20T01:00:00Z,142.408,142.784,141.954,142.19,46125.0,142.182,142.198,142.405934308441
2024-09-20T05:00:00Z,142.189,143.881,141.739,143.809,68306.0,143.801,143.817,142.5930097339822
2024-09-20T09:00:00Z,143.808,144.427,143.577,143.668,58249.0,143.659,143.678,142.73634176945126
2024-09-20T13:00:00Z,143.67,144.497,143.468,143.757,75467.0,143.75,143.764,142.87242953352444
2024-09-20T17:00:00Z,143.756,144.157,143.72,143.92,44292.0,143.87,143.97,143.01210559572118
2024-09-22T21:00:00Z,143.942,144.26,143.698,144.126,23729.0,144.116,144.137,143.16062484962504
2024-09-23T01:00:00Z,144.128,144.462,144.128,144.26,33022.0,144.25,144.269,143.30720820300837
2024-09-23T05:00:00Z,144.259,144.32,143.437,143.59,59844.0,143.581,143.599,143.3449137759406
2024-09-23T09:00:00Z,143.588,143.88,143.166,143.774,54348.0,143.765,143.782,143.40212527248187
2024-09-23T13:00:00Z,143.773,144.348,143.316,143.347,73861.0,143.339,143.355,143.39477523615096
2024-09-23T17:00:00Z,143.344,143.647,143.253,143.604,41448.0,143.59,143.618,143.42267187133083
2024-09-23T21:00:00Z,143.536,143.782,143.412,143.553,21897.0,143.544,143.562,143.4400489551534
2024-09-24T01:00:00Z,143.552,143.944,143.378,143.844,47283.0,143.837,143.851,143.4939090944663
2024-09-24T05:00:00Z,143.842,144.682,143.84,144.29,58171.0,144.283,144.297,143.60005454853746
2024-09-24T09:00:00Z,144.29,144.48,143.786,143.969,45953.0,143.96,143.978,143.64924727539915
2024-09-24T13:00:00Z,143.97,144.21,143.402,143.464,59064.0,143.457,143.471,143.62454763867927
2024-09-24T17:00:00Z,143.464,143.71,143.115,143.224,32200.0,143.211,143.237,143.57114128685538
2024-09-24T21:00:00Z,143.217,143.312,142.892,143.176,24093.0,143.166,143.186,143.51845578194133
2024-09-25T01:00:00Z,143.168,143.494,143.1,143.254,41000.0,143.245,143.262,143.48319501101582
2024-09-25T05:00:00Z,143.255,144.066,143.18,143.94,49139.0,143.932,143.948,143.5441023428804
2024-09-25T09:00:00Z,143.939,144.444,143.907,144.201,47667.0,144.192,144.21,143.631688697163
2024-09-25T13:00:00Z,144.202,144.608,143.86,144.532,57347.0,144.524,144.54,143.75173020420795
2024-09-25T17:00:00Z,144.532,144.844,144.486,144.759,35894.0,144.74,144.778,143.8860328436469
2024-09-25T21:00:00Z,144.709,144.768,144.444,144.496,20210.0,144.487,144.505,143.96736179782732
2024-09-26T01:00:00Z,144.494,145.042,144.476,144.692,30315.0,144.683,144.701,144.06398022478368
2024-09-26T05:00:00Z,144.694,145.199,144.616,144.828,53443.0,144.819,144.836,144.16584952814586
2024-09-26T09:00:00Z,144.825,144.968,144.109,144.566,46381.0,144.558,144.574,144.21920292439307
2024-09-26T13:00:00Z,144.566,145.216,144.312,144.858,60711.0,144.848,144.868,144.30437586780732
2024-09-26T17:00:00Z,144.858,144.9,144.512,144.808,33073.0,144.791,144.825,144.37152575209967
2024-09-26T21:00:00Z,144.822,145.475,144.76,145.463,25084.0,145.453,145.473,144.51705565181973
2024-09-27T01:00:00Z,145.466,145.804,144.968,145.792,42886.0,145.784,145.801,144.6870482315771
2024-09-27T05:00:00Z,145.787,146.494,142.778,143.146,80700.0,143.137,143.155,144.4815751340335
2024-09-27T09:00:00Z,143.14,143.497,142.5,142.52,58489.0,142.509,142.53,144.22003178282904
2024-09-27T13:00:00Z,142.522,143.09,142.388,142.512,69209.0,142.505,142.52,143.99229421178518
2024-09-27T17:00:00Z,142.514,142.608,142.068,142.215,40335.0,142.172,142.258,143.75532165021383
2024-09-29T21:00:00Z,142.293,142.956,142.209,142.687,30388.0,142.678,142.696,143.61287876351867
2024-09-30T01:00:00Z,142.687,142.848,142.082,142.128,41881.0,142.122,142.135,143.41489492838284
2024-09-30T05:00:00Z,142.128,142.582,141.646,142.54,58230.0,142.53,142.549,143.29824227126514
2024-09-30T09:00:00Z,142.541,143.002,142.404,142.948,45922.0,142.938,142.957,143.25154330176312
2024-09-30T13:00:00Z,142.95,143.372,142.746,143.114,60895.0,143.105,143.123,143.23320419486137
2024-09-30T17:00:00Z,143.113,143.915,142.944,143.626,55730.0,143.612,143.641,143.28557696887987
2024-09-30T21:00:00Z,143.646,144.124,143.372,143.966,24996.0,143.956,143.975,143.37630003969588
2024-10-01T01:00:00Z,143.966,144.398,143.658,144.279,37529.0,144.268,144.29,143.4966600344031
2024-10-01T05:00:00Z,144.277,144.53,143.702,143.81,67126.0,143.8,143.82,143.5384386964827
2024-10-01T09:00:00Z,143.808,144.07,143.562,144.038,60624.0,144.029,144.048,143.605046870285
2024-10-01T13:00:00Z,144.04,144.072,142.971,143.637,83760.0,143.625,143.649,143.60930728758035
2024-10-01T17:00:00Z,143.637,143.92,143.323,143.569,58703.0,143.554,143.584,143.60393298256963
2024-10-01T21:00:00Z,143.581,143.884,143.429,143.816,23126.0,143.808,143.825,143.63220858489368
2024-10-02T01:00:00Z,143.817,144.188,143.563,143.732,42034.0,143.724,143.741,143.64551410690785
2024-10-02T05:00:00Z,143.734,144.329,143.532,144.328,61281.0,144.321,144.335,143.73651222598681
2024-10-02T09:00:00Z,144.326,145.446,144.077,145.369,61173.0,145.363,145.375,143.9541772625219
2024-10-02T13:00:00Z,145.37,146.266,145.299,146.034,66449.0,146.025,146.042,144.23148696085232
2024-10-02T17:00:00Z,146.032,146.518,145.971,146.474,29060.0,146.461,146.487,144.53048869940534
2024-10-02T21:00:00Z,146.386,147.061,146.286,146.992,29480.0,146.984,147.0,144.8586902061513
2024-10-03T01:00:00Z,146.994,147.244,146.678,146.723,43371.0,146.713,146.733,145.10726484533112
2024-10-03T05:00:00Z,146.722,146.864,146.302,146.755,58987.0,146.746,146.764,145.32696286595365
2024-10-03T09:00:00Z,146.754,146.994,146.524,146.772,54100.0,146.763,146.78,145.5196344838265
2024-10-03T13:00:00Z,146.78,147.18,146.472,146.72,75380.0,146.712,146.728,145.6796832193163
2024-10-03T17:00:00Z,146.718,146.972,146.58,146.955,33753.0,146.945,146.965,145.8497254567408
2024-10-03T21:00:00Z,146.896,146.933,146.62,146.648,20229.0,146.638,146.657,145.9561620625087
2024-10-04T01:00:00Z,146.648,146.682,146.153,146.232,38269.0,146.223,146.242,145.9929404541742
2024-10-04T05:00:00Z,146.233,146.414,145.916,146.339,60029.0,146.329,146.349,146.03908172695097
2024-10-04T09:00:00Z,146.34,148.695,146.34,148.644,98330.0,148.637,148.652,146.38640416335753
2024-10-04T13:00:00Z,148.646,149.006,148.312,148.94,118903.0,148.93,148.95,146.72688360824318
2024-10-04T17:00:00Z,148.939,148.956,148.644,148.702,48998.0,148.664,148.741,146.99023246047744
2024-10-06T21:00:00Z,148.723,149.135,148.358,148.428,42645.0,148.42,148.436,147.18193479908047
2024-10-07T01:00:00Z,148.428,148.65,148.223,148.54,56070.0,148.531,148.549,147.36301015920307
2024-10-07T05:00:00Z,148.54,148.616,148.062,148.322,83546.0,148.312,148.331,147.49087547130932
2024-10-07T09:00:00Z,148.319,148.686,148.028,148.171,84127.0,148.164,148.178,147.58155874180142
2024-10-07T13:00:00Z,148.17,148.277,147.844,148.004,97968.0,147.995,148.013,147.63788424289456
2024-10-07T17:00:00Z,148.004,148.212,147.886,148.183,54810.0,148.17,148.196,147.71056634384195
2024-10-07T21:00:00Z,148.182,148.193,147.57,147.822,41631.0,147.813,147.831,147.72542416466302
2024-10-08T01:00:00Z,147.822,148.107,147.51,148.082,72890.0,148.072,148.091,147.77296760937463
2024-10-08T05:00:00Z,148.082,148.166,147.347,147.84,88475.0,147.83,147.849,147.781905261458
2024-10-08T09:00:00Z,147.841,148.18,147.722,148.04,74760.0,148.032,148.047,147.8163178932636
2024-10-08T13:00:00Z,148.041,148.362,147.954,148.152,88675.0,148.144,148.16,147.86107550749512
2024-10-08T17:00:00Z,148.152,148.382,148.152,148.198,71496.0,148.186,148.21,147.90599877316245
2024-10-08T21:00:00Z,148.208,148.32,148.01,148.227,23566.0,148.22,148.234,147.9487989367408
2024-10-09T01:00:00Z,148.23,148.435,148.078,148.338,47417.0,148.33,148.346,148.000692411842
2024-10-09T05:00:00Z,148.338,148.731,148.266,148.722,70879.0,148.714,148.731,148.09686675692976
2024-10-09T09:00:00Z,148.722,148.918,148.508,148.912,55464.0,148.904,148.919,148.20555118933913
2024-10-09T13:00:00Z,148.911,149.3,148.815,149.242,58888.0,149.234,149.249,148.3437443640939
2024-10-09T17:00:00Z,149.24,149.364,149.157,149.314,38980.0,149.306,149.322,148.47311178221472
2024-10-09T21:00:00Z,149.243,149.306,149.005,149.216,23851.0,149.208,149.225,148.5721635445861
2024-10-10T01:00:00Z,149.216,149.548,149.066,149.4,38195.0,149.392,149.409,148.68254173864128
2024-10-10T05:00:00Z,149.4,149.476,148.903,149.072,64182.0,149.062,149.081,148.73446950682245
2024-10-10T09:00:00Z,149.07,149.611,148.246,148.612,96711.0,148.606,148.618,148.71814023924614
2024-10-10T13:00:00Z,148.612,148.964,148.348,148.92,129897.0,148.913,148.928,148.74505487401333
2024-10-10T17:00:00Z,148.921,149.082,148.495,148.582,51341.0,148.572,148.591,148.7233142241449
2024-10-10T21:00:00Z,148.575,148.764,148.417,148.464,25374.0,148.456,148.472,148.68873899425893
2024-10-11T01:00:00Z,148.463,148.799,148.405,148.714,38692.0,148.706,148.723,148.69210712835775
2024-10-11T05:00:00Z,148.714,148.862,148.604,148.736,44950.0,148.728,148.744,148.6979595112434
2024-10-11T09:00:00Z,148.736,149.264,148.726,149.062,53809.0,149.054,149.071,148.7464982430776
2024-10-11T13:00:00Z,149.062,149.286,148.974,149.006,66713.0,148.998,149.014,148.78109847733393
2024-10-11T17:00:00Z,149.006,149.178,148.956,149.128,23287.0,149.084,149.172,148.82735201368942
2024-10-13T21:00:00Z,149.077,149.394,149.074,149.222,22122.0,149.213,149.231,148.8799717451975
2024-10-14T01:00:00Z,149.222,149.356,149.147,149.29,29312.0,149.281,149.3,148.93464217917116
2024-10-14T05:00:00Z,149.29,149.47,149.17,149.427,39332.0,149.418,149.436,149.00028988861501
2024-10-14T09:00:00Z,149.426,149.8,149.344,149.743,41294.0,149.733,149.753,149.09931790346636
2024-10-14T13:00:00Z,149.744,149.963,149.692,149.934,41079.0,149.926,149.942,149.21060884967085
2024-10-14T17:00:00Z,149.934,149.982,149.71,149.752,21982.0,149.737,149.766,149.28279433638141
2024-10-14T21:00:00Z,149.827,149.842,149.527,149.58,23083.0,149.572,149.589,149.32242175819724
2024-10-15T01:00:00Z,149.582,149.757,149.444,149.678,31024.0,149.67,149.687,149.36983219043762
2024-10-15T05:00:00Z,149.68,149.706,149.036,149.152,64406.0,149.144,149.16,149.34078789837926
2024-10-15T09:00:00Z,149.154,149.416,148.846,149.084,62501.0,149.075,149.094,149.3065495119287
2024-10-15T13:00:00Z,149.084,149.483,148.938,149.449,76246.0,149.441,149.457,149.3255429103382
2024-10-15T17:00:00Z,149.45,149.544,149.166,149.218,39358.0,149.203,149.232,149.31120385562645
2024-10-15T21:00:00Z,149.274,149.337,149.032,149.272,25571.0,149.263,149.28,149.30597667487626
2024-10-16T01:00:00Z,149.271,149.3,148.859,149.268,46319.0,149.259,149.277,149.3009131182261
2024-10-16T05:00:00Z,149.266,149.491,149.169,149.466,58722.0,149.458,149.475,149.32292470246264
2024-10-16T09:00:00Z,149.466,149.482,149.146,149.452,51201.0,149.443,149.46,149.3401347421343
2024-10-16T13:00:00Z,149.452,149.775,149.206,149.746,59046.0,149.737,149.754,149.39425010984974
2024-10-16T17:00:00Z,149.745,149.808,149.604,149.648,24969.0,149.635,149.662,149.42808342853644
2024-10-16T21:00:00Z,149.598,149.668,149.438,149.548,23897.0,149.539,149.557,149.44407230473158
2024-10-17T01:00:00Z,149.548,149.578,149.242,149.544,45810.0,149.537,149.551,149.45739599743405
2024-10-17T05:00:00Z,149.542,149.872,149.44,149.834,51066.0,149.825,149.843,149.50760986444286
2024-10-17T09:00:00Z,149.834,150.083,149.466,149.834,60738.0,149.825,149.843,149.5511285491838
2024-10-17T13:00:00Z,149.832,150.3,149.638,150.211,85253.0,150.203,150.219,149.63911140929264
2024-10-17T17:00:00Z,150.212,150.322,150.144,150.221,29500.0,150.209,150.233,149.7166965547203
2024-10-17T21:00:00Z,150.235,150.287,149.9,150.052,23017.0,150.044,150.06,149.7614036807576
2024-10-18T01:00:00Z,150.054,150.096,149.856,149.902,38847.0,149.894,149.91,149.7801498566566
2024-10-18T05:00:00Z,149.902,150.158,149.77,149.923,52088.0,149.915,149.931,149.79919654243574
2024-10-18T09:00:00Z,149.922,150.101,149.582,149.866,53884.0,149.857,149.874,149.80810367011097
2024-10-18T13:00:00Z,149.865,149.925,149.366,149.42,50336.0,149.412,149.429,149.75635651409618
2024-10-18T17:00:00Z,149.42,149.653,149.414,149.533,29302.0,149.511,149.555,149.72657564555
2024-10-20T21:00:00Z,149.517,149.647,149.254,149.386,26660.0,149.377,149.394,149.68116555947668
2024-10-21T01:00:00Z,149.388,149.414,149.087,149.322,49246.0,149.314,149.33,149.63327681821312
2024-10-21T05:00:00Z,149.322,149.952,149.2,149.95,51591.0,149.942,149.958,149.6755065757847
2024-10-21T09:00:00Z,149.95,150.094,149.746,149.922,48180.0,149.916,149.928,149.70837236568008
2024-10-21T13:00:00Z,149.923,150.561,149.922,150.518,55048.0,150.512,150.524,149.81632271692274
2024-10-21T17:00:00Z,150.517,150.886,150.504,150.822,27216.0,150.796,150.849,149.95041302133305
2024-10-21T21:00:00Z,150.794,150.82,150.584,150.633,27274.0,150.624,150.642,150.04142461848866
2024-10-22T01:00:00Z,150.632,151.108,150.495,150.873,48010.0,150.866,150.88,150.1523013360235
2024-10-22T05:00:00Z,150.873,151.066,150.664,150.987,69096.0,150.978,150.996,150.26359449122037
2024-10-22T09:00:00Z,150.988,151.024,150.75,150.916,57992.0,150.909,150.923,150.350581892391
2024-10-22T13:00:00Z,150.916,151.199,150.606,151.062,72283.0,151.055,151.068,150.4454376400722
2024-10-22T17:00:00Z,151.062,151.157,150.9,151.094,38536.0,151.082,151.107,150.53191262139592
2024-10-22T21:00:00Z,151.064,151.48,151.034,151.472,18388.0,151.462,151.481,150.6572576052098
2024-10-23T01:00:00Z,151.471,152.137,151.427,152.073,52393.0,152.066,152.08,150.8460232578485
2024-10-23T05:00:00Z,152.074,152.556,152.022,152.415,70629.0,152.406,152.424,151.05522015680202
2024-10-23T09:00:00Z,152.414,153.19,152.405,153.069,62888.0,153.06,153.078,151.32372413589508
2024-10-23T13:00:00Z,153.07,153.109,152.762,152.858,70249.0,152.851,152.866,151.52829425110906
2024-10-23T17:00:00Z,152.858,152.912,152.47,152.764,51936.0,152.751,152.776,151.69305501762787
2024-10-23T21:00:00Z,152.694,152.836,152.517,152.642,32124.0,152.634,152.649,151.8195810152775
2024-10-24T01:00:00Z,152.64,152.795,152.107,152.215,57719.0,152.209,152.221,151.87230354657382
2024-10-24T05:00:00Z,152.217,152.39,151.92,152.01,84706.0,152.001,152.018,151.8906630736973
2024-10-24T09:00:00Z,152.009,152.336,151.767,152.052,75400.0,152.042,152.062,151.912174663871
2024-10-24T13:00:00Z,152.052,152.342,151.662,151.693,90602.0,151.684,151.702,151.88295137535488
2024-10-24T17:00:00Z,151.694,151.902,151.555,151.826,47035.0,151.814,151.837,151.8753578586409
2024-10-24T21:00:00Z,151.853,152.108,151.584,152.008,27421.0,152.001,152.015,151.8930434774888
2024-10-25T01:00:00Z,152.008,152.068,151.612,151.705,41586.0,151.696,151.714,151.86797101382362
2024-10-25T05:00:00Z,151.704,152.06,151.45,151.964,65412.0,151.957,151.971,151.88077487864714
2024-10-25T09:00:00Z,151.964,152.098,151.7,151.918,54150.0,151.911,151.926,151.88573822816087
2024-10-25T13:00:00Z,151.92,152.23,151.838,152.197,71470.0,152.191,152.203,151.92723979773942
2024-10-25T17:00:00Z,152.196,152.382,152.096,152.304,44827.0,152.264,152.343,151.97747449137418
2024-10-27T21:00:00Z,153.207,153.484,152.676,153.468,56213.0,153.459,153.478,152.17621122585763
2024-10-28T01:00:00Z,153.469,153.882,153.379,153.647,55172.0,153.638,153.656,152.37231639574327
2024-10-28T05:00:00Z,153.646,153.748,153.162,153.18,58930.0,153.172,153.188,152.48000754297752
2024-10-28T09:00:00Z,153.18,153.191,152.41,152.624,65862.0,152.615,152.632,152.49920653724718
2024-10-28T13:00:00Z,152.624,153.284,152.58,153.262,59660.0,153.254,153.27,152.6009123322809
2024-10-28T17:00:00Z,153.257,153.379,153.2,153.298,32795.0,153.29,153.307,152.69385735464346
2024-10-28T21:00:00Z,153.291,153.36,152.898,153.02,22333.0,153.012,153.029,152.737343040691
2024-10-29T01:00:00Z,153.021,153.166,152.852,152.928,53069.0,152.921,152.935,152.76276396859888
2024-10-29T05:00:00Z,152.928,153.452,152.756,153.396,62722.0,153.389,153.403,152.84719543945235
2024-10-29T09:00:00Z,153.398,153.868,153.318,153.766,55082.0,153.757,153.774,152.96970271419204
2024-10-29T13:00:00Z,153.765,153.814,152.974,153.549,85370.0,153.541,153.557,153.04694235229977
2024-10-29T17:00:00Z,153.55,153.6,153.31,153.366,37715.0,153.356,153.376,153.08948337199314
2024-10-29T21:00:00Z,153.367,153.424,153.072,153.252,23667.0,153.243,153.262,153.1111522557274
2024-10-30T01:00:00Z,153.252,153.444,153.11,153.359,40356.0,153.351,153.367,153.1441986216304
2024-10-30T05:00:00Z,153.36,153.468,152.804,152.856,52252.0,152.845,152.866,153.10577213874635
2024-10-30T09:00:00Z,152.857,153.499,152.782,153.358,78476.0,153.348,153.369,153.13940252024685
2024-10-30T13:00:00Z,153.36,153.434,152.868,153.084,82653.0,153.076,153.092,153.13201551754727
2024-10-30T17:00:00Z,153.084,153.433,153.084,153.41,35936.0,153.397,153.422,153.16908011520763
2024-10-30T21:00:00Z,153.384,153.584,153.161,153.528,20120.0,153.52,153.536,153.2169360998466
2024-10-31T01:00:00Z,153.528,153.628,152.824,152.92,43847.0,152.91,152.93,153.17734461986706
2024-10-31T05:00:00Z,152.92,153.087,151.922,152.401,84711.0,152.392,152.41,153.07383200388477
2024-10-31T09:00:00Z,152.402,152.986,152.249,152.693,74363.0,152.684,152.702,153.0230544033668
2024-10-31T13:00:00Z,152.694,153.05,152.08,152.444,112083.0,152.437,152.451,152.94584714958458
2024-10-31T17:00:00Z,152.444,152.49,151.833,152.042,63604.0,152.027,152.056,152.82533419630664
2024-10-31T21:00:00Z,152.028,152.169,151.787,152.034,33316.0,152.025,152.044,152.71982297013244
2024-11-01T01:00:00Z,152.036,152.542,151.92,152.485,50403.0,152.477,152.493,152.68851324078145
2024-11-01T05:00:00Z,152.486,152.694,152.206,152.64,59324.0,152.632,152.647,152.68204480867726
2024-11-01T09:00:00Z,152.64,152.849,151.793,152.038,73830.0,152.027,152.048,152.5961721675203
2024-11-01T13:00:00Z,152.035,153.073,151.97,152.896,101005.0,152.887,152.904,152.63614921185095
2024-11-01T17:00:00Z,152.896,153.095,152.852,152.999,38012.0,152.968,153.03,152.6845293169375
2024-11-03T22:00:00Z,152.334,152.576,151.704,151.79,47366.0,151.781,151.798,152.56525874134584
2024-11-04T02:00:00Z,151.788,151.97,151.598,151.855,56383.0,151.848,151.862,152.47055757583306
2024-11-04T06:00:00Z,151.854,152.278,151.802,151.886,76979.0,151.879,151.893,152.392616565722
2024-11-04T10:00:00Z,151.885,152.066,151.535,151.833,59052.0,151.823,151.843,152.31800102362573
2024-11-04T14:00:00Z,151.832,152.159,151.625,152.012,68293.0,152.004,152.02,152.2772008871423
2024-11-04T18:00:00Z,152.012,152.2,151.988,152.134,36619.0,152.12,152.147,152.25810743552333
2024-11-04T22:00:00Z,152.14,152.448,152.112,152.274,29424.0,152.265,152.282,152.26022644412024
2024-11-05T02:00:00Z,152.272,152.546,152.167,152.429,37299.0,152.421,152.437,152.28272958490422
2024-11-05T06:00:00Z,152.43,152.448,152.088,152.188,51134.0,152.18,152.195,152.27009897358366
2024-11-05T10:00:00Z,152.187,152.34,151.962,152.052,38158.0,152.044,152.061,152.24101911043917
2024-11-05T14:00:00Z,152.054,152.241,151.598,151.684,71816.0,151.674,151.693,152.16674989571396
2024-11-05T18:00:00Z,151.687,151.7,151.338,151.62,41114.0,151.608,151.632,152.09384990961877
2024-11-05T22:00:00Z,151.596,153.124,151.284,152.932,122821.0,152.923,152.94,152.20560325500293
2024-11-06T02:00:00Z,152.931,154.336,152.874,153.746,228327.0,153.735,153.757,152.4109894876692
2024-11-06T06:00:00Z,153.742,154.384,153.662,153.998,168254.0,153.989,154.007,152.62259088931333
2024-11-06T10:00:00Z,154.0,154.462,153.876,154.303,112935.0,154.293,154.313,152.8466454374049
2024-11-06T14:00:00Z,154.302,154.688,153.982,154.666,98351.0,154.658,154.674,153.08922604575093
2024-11-06T18:00:00Z,154.666,154.7,154.357,154.626,42690.0,154.614,154.638,153.29412923965083
2024-11-06T22:00:00Z,154.59,154.714,154.22,154.514,49392.0,154.506,154.523,153.45677867436405
2024-11-07T02:00:00Z,154.514,154.53,153.935,154.01,55187.0,154.0,154.02,153.53054151778218
2024-11-07T06:00:00Z,154.008,154.202,153.652,153.95,78712.0,153.941,153.959,153.58646931541122
2024-11-07T10:00:00Z,153.948,154.11,153.451,153.503,70843.0,153.495,153.511,153.5753400733564
2024-11-07T14:00:00Z,153.504,153.561,152.856,153.016,76889.0,153.007,153.025,153.50076139690887
2024-11-07T18:00:00Z,153.016,153.474,152.692,152.91,80474.0,152.895,152.926,153.42199321065436
2024-11-07T22:00:00Z,152.928,153.37,152.88,153.096,41305.0,153.088,153.104,153.3785274492338
2024-11-08T02:00:00Z,153.096,153.19,152.55,152.808,49930.0,152.801,152.814,153.3024571226693
2024-11-08T06:00:00Z,152.806,152.956,152.252,152.282,77239.0,152.273,152.291,153.16639617298006
2024-11-08T10:00:00Z,152.28,152.823,152.142,152.744,68667.0,152.735,152.753,153.1100766832494
2024-11-08T14:00:00Z,152.744,152.86,152.382,152.656,78275.0,152.649,152.663,153.0495331254828
2024-11-08T18:00:00Z,152.656,152.816,152.437,152.638,34180.0,152.617,152.658,152.9946620420851
2024-11-10T22:00:00Z,152.692,153.228,152.666,153.222,30712.0,153.215,153.229,153.0249737698071
2024-11-11T02:00:00Z,153.223,153.672,153.132,153.528,36880.0,153.518,153.537,153.09204393383283
2024-11-11T06:00:00Z,153.528,153.858,153.316,153.626,52766.0,153.616,153.635,153.16323807598846
2024-11-11T10:00:00Z,153.626,153.954,153.556,153.771,35760.0,153.762,153.78,153.24427299919
2024-11-11T14:00:00Z,153.767,153.949,153.644,153.878,38812.0,153.869,153.886,153.32876993263133
2024-11-11T18:00:00Z,153.877,153.88,153.629,153.732,19394.0,153.721,153.744,153.38253394161381
2024-11-11T22:00:00Z,153.72,153.968,153.474,153.961,33442.0,153.952,153.97,153.45966274939866
2024-11-12T02:00:00Z,153.958,154.061,153.408,153.615,47948.0,153.607,153.623,153.4803743828122
2024-11-12T06:00:00Z,153.616,154.168,153.61,154.106,58774.0,154.1,154.112,153.56379113177056
2024-11-12T10:00:00Z,154.107,154.398,153.932,154.383,50899.0,154.374,154.392,153.67301898086782
2024-11-12T14:00:00Z,154.384,154.926,154.292,154.787,57540.0,154.78,154.794,153.8215497834188
2024-11-12T18:00:00Z,154.786,154.86,154.512,154.63,31815.0,154.617,154.643,153.92934314562962
2024-11-12T22:00:00Z,154.614,154.944,154.509,154.605,36655.0,154.598,154.612,154.01943072621233
2024-11-13T02:00:00Z,154.604,154.936,154.54,154.916,41733.0,154.907,154.924,154.1389732960507
2024-11-13T06:00:00Z,154.914,155.24,154.792,154.895,60070.0,154.888,154.902,154.23977685657727
2024-11-13T10:00:00Z,154.896,155.072,154.414,154.512,68756.0,154.503,154.521,154.2760732757003
2024-11-13T14:00:00Z,154.51,155.435,154.341,155.414,93684.0,155.405,155.423,154.42779683894025
2024-11-13T18:00:00Z,155.414,155.628,155.405,155.477,36637.0,155.464,155.49,154.5676905937482
2024-11-13T22:00:00Z,155.475,155.921,155.346,155.87,35220.0,155.863,155.878,154.74133184791512
2024-11-14T02:00:00Z,155.87,156.138,155.812,156.022,40059.0,156.013,156.03,154.91208760152645
2024-11-14T06:00:00Z,156.02,156.148,155.702,156.11,51890.0,156.101,156.119,155.07180925465627
2024-11-14T10:00:00Z,156.11,156.244,155.778,156.022,60055.0,156.014,156.031,155.19850135403544
2024-11-14T14:00:00Z,156.023,156.078,155.52,155.744,68526.0,155.735,155.752,155.27123450683072
2024-11-14T18:00:00Z,155.743,156.421,155.698,156.278,63838.0,156.266,156.291,155.40546990591997
2024-11-14T22:00:00Z,156.277,156.751,156.226,156.554,41815.0,156.545,156.563,155.55860725179733
2024-11-15T02:00:00Z,156.55,156.558,156.276,156.457,44390.0,156.449,156.465,155.6783929515577
2024-11-15T06:00:00Z,156.456,156.507,155.266,155.368,67546.0,155.359,155.376,155.63700722468334
2024-11-15T10:00:00Z,155.368,155.723,155.17,155.329,76887.0,155.321,155.337,155.59593959472556
2024-11-15T14:00:00Z,155.328,155.782,154.186,154.284,107349.0,154.276,154.293,155.42101431542883
2024-11-15T18:00:00Z,154.285,154.482,153.862,154.346,49567.0,154.296,154.396,155.27767907337167
2024-11-17T22:00:00Z,154.407,155.147,153.838,154.601,67973.0,154.592,154.61,155.18745519692212
2024-11-18T02:00:00Z,154.6,154.926,154.416,154.596,56639.0,154.589,154.604,155.10859450399917
2024-11-18T06:00:00Z,154.598,154.974,154.296,154.778,81428.0,154.768,154.787,155.06451523679928
2024-11-18T10:00:00Z,154.78,155.36,154.776,154.906,65675.0,154.896,154.915,155.0433798718927
2024-11-18T14:00:00Z,154.905,155.069,154.585,154.703,74221.0,154.695,154.711,154.9979958889737
2024-11-18T18:00:00Z,154.704,154.792,154.569,154.685,36712.0,154.675,154.695,154.9562631037772
2024-11-18T22:00:00Z,154.663,154.669,154.042,154.116,34258.0,154.107,154.124,154.84422802327356
2024-11-19T02:00:00Z,154.115,154.522,153.951,154.424,43679.0,154.415,154.432,154.78819762017042
2024-11-19T06:00:00Z,154.422,154.657,153.28,153.766,112056.0,153.757,153.774,154.65190460414772
2024-11-19T10:00:00Z,153.76,154.212,153.411,153.474,96492.0,153.464,153.483,154.49485065692804
2024-11-19T14:00:00Z,153.473,154.759,153.444,154.726,103486.0,154.719,154.734,154.52567056933765
2024-11-19T18:00:00Z,154.727,154.799,154.564,154.656,30884.0,154.641,154.67,154.5430478267593
2024-11-19T22:00:00Z,154.658,154.995,154.53,154.776,32083.0,154.766,154.786,154.57410811652474
2024-11-20T02:00:00Z,154.776,155.191,154.728,155.19,34139.0,155.183,155.197,154.65622703432146
2024-11-20T06:00:00Z,155.19,155.852,155.16,155.756,53668.0,155.749,155.764,154.80286342974526
2024-11-20T10:00:00Z,155.758,155.89,155.63,155.732,44856.0,155.724,155.741,154.92674830577923
2024-11-20T14:00:00Z,155.734,155.842,155.058,155.22,72545.0,155.211,155.229,154.96584853167533
2024-11-20T18:00:00Z,155.219,155.546,155.2,155.43,40629.0,155.414,155.446,155.02773539411862
2024-11-20T22:00:00Z,155.43,155.431,154.88,155.042,33346.0,155.034,155.05,155.02963734156947
2024-11-21T02:00:00Z,155.04,155.268,154.862,155.19,42452.0,155.182,155.198,155.05101902936022
2024-11-21T06:00:00Z,155.185,155.185,154.084,154.398,105674.0,154.389,154.407,154.96394982544552
2024-11-21T10:00:00Z,154.398,154.718,154.106,154.254,67718.0,154.244,154.265,154.86928984871946
2024-11-21T14:00:00Z,154.255,154.696,153.908,154.443,92910.0,154.435,154.451,154.81245120222354
2024-11-21T18:00:00Z,154.444,154.702,154.434,154.544,37955.0,154.529,154.56,154.77665770859375
2024-11-21T22:00:00Z,154.523,154.553,153.967,154.415,44008.0,154.406,154.424,154.72843668078124
2024-11-22T02:00:00Z,154.416,154.734,154.188,154.706,44858.0,154.697,154.716,154.72544512334375
2024-11-22T06:00:00Z,154.71,154.956,154.25,154.5,91030.0,154.493,154.508,154.6953857735646
2024-11-22T10:00:00Z,154.5,154.569,154.192,154.276,70442.0,154.267,154.285,154.63946767042265
2024-11-22T14:00:00Z,154.278,155.028,154.272,154.756,89503.0,154.747,154.766,154.6550053143663
2024-11-22T18:00:00Z,154.758,154.89,154.662,154.762,28393.0,154.712,154.812,154.6692712724508
2024-11-24T22:00:00Z,154.249,154.4,153.648,153.771,52446.0,153.762,153.78,154.54950176945735
2024-11-25T02:00:00Z,153.77,154.402,153.549,154.267,48569.0,154.259,154.275,154.51183486686304
2024-11-25T06:00:00Z,154.266,154.726,154.155,154.425,74821.0,154.416,154.434,154.50025688461463
2024-11-25T10:00:00Z,154.426,154.566,153.755,153.928,64029.0,153.92,153.935,154.42395596666603
2024-11-25T14:00:00Z,153.926,154.522,153.626,154.321,90925.0,154.315,154.327,154.4102285044439
2024-11-25T18:00:00Z,154.322,154.342,153.995,154.175,38338.0,154.164,154.186,154.37886470385138
2024-11-25T22:00:00Z,154.253,154.493,153.84,154.054,69447.0,154.045,154.063,154.33554941000452
2024-11-26T02:00:00Z,154.054,154.224,153.546,153.719,42967.0,153.712,153.726,154.25334282200393
2024-11-26T06:00:00Z,153.718,154.222,153.604,153.926,65936.0,153.917,153.934,154.2096971124034
2024-11-26T10:00:00Z,153.926,153.984,152.988,153.432,62094.0,153.423,153.441,154.10600416408295
2024-11-26T14:00:00Z,153.431,153.724,153.254,153.328,70295.0,153.321,153.334,154.00227027553856
2024-11-26T18:00:00Z,153.328,153.489,153.01,153.109,46661.0,153.1,153.118,153.88316757213343
2024-11-26T22:00:00Z,153.089,153.238,152.507,152.552,39268.0,152.544,152.559,153.70567856251563
2024-11-27T02:00:00Z,152.552,152.755,152.234,152.438,43551.0,152.429,152.447,153.5366547541802
2024-11-27T06:00:00Z,152.438,152.466,151.355,151.474,81114.0,151.466,151.483,153.2616341202895
2024-11-27T10:00:00Z,151.472,151.636,151.222,151.334,72729.0,151.324,151.343,153.00461623758423
2024-11-27T14:00:00Z,151.333,151.806,150.455,150.762,93893.0,150.752,150.773,152.70560073923969
2024-11-27T18:00:00Z,150.762,151.198,150.677,151.117,33302.0,151.099,151.135,152.49378730734105
2024-11-27T22:00:00Z,151.108,151.75,150.926,151.431,35780.0,151.424,151.438,152.35208233302893
2024-11-28T02:00:00Z,151.43,151.719,151.342,151.543,35476.0,151.534,151.552,152.24420468862508
2024-11-28T06:00:00Z,151.542,151.95,151.362,151.892,59739.0,151.882,151.902,152.19724406347507
2024-11-28T10:00:00Z,151.892,151.954,151.558,151.57,35884.0,151.561,151.578,152.1136115216784
2024-11-28T14:00:00Z,151.57,151.607,151.405,151.496,28408.0,151.487,151.504,152.03126331878795
2024-11-28T18:00:00Z,151.497,151.558,151.434,151.554,7661.0,151.538,151.569,151.96762820961624
2024-11-28T22:00:00Z,151.551,151.557,149.85,149.943,64415.0,149.932,149.954,151.6976777816674
2024-11-29T02:00:00Z,149.942,150.398,149.76,150.104,63574.0,150.094,150.115,151.48518741077842
2024-11-29T06:00:00Z,150.106,150.308,149.532,150.162,67246.0,150.153,150.17,151.30876242267465
2024-11-29T10:00:00Z,150.16,150.368,149.83,149.969,49250.0,149.96,149.978,151.1301274329847
2024-11-29T14:00:00Z,149.968,150.532,149.584,149.602,67101.0,149.594,149.611,150.92637710858673
2024-11-29T18:00:00Z,149.601,149.77,149.466,149.73,95810.0,149.68,149.78,150.76686016077517
2024-12-01T22:00:00Z,149.696,150.556,149.502,150.535,58406.0,150.526,150.544,150.7359454726718
2024-12-02T02:00:00Z,150.534,150.754,150.436,150.724,54492.0,150.716,150.732,150.73435274298222
2024-12-02T06:00:00Z,150.724,150.729,149.99,150.348,77672.0,150.337,150.358,150.68283904391794
2024-12-02T10:00:00Z,150.349,150.39,149.92,150.08,59649.0,150.072,150.088,150.6024605047289
2024-12-02T14:00:00Z,150.08,150.243,149.079,149.598,102221.0,149.589,149.608,150.46853243743172
2024-12-02T18:00:00Z,149.599,149.792,149.227,149.59,48405.0,149.577,149.604,150.3513947791075
2024-12-02T22:00:00Z,149.592,149.976,149.498,149.876,39992.0,149.867,149.885,150.28800880855982
2024-12-03T02:00:00Z,149.876,150.238,149.791,150.027,41878.0,150.018,150.036,150.2532076340852
2024-12-03T06:00:00Z,150.028,150.186,149.776,149.818,56993.0,149.809,149.826,150.1951799495405
2024-12-03T10:00:00Z,149.817,150.11,148.801,148.853,51017.0,148.844,148.862,150.0162226229351
2024-12-03T14:00:00Z,148.852,149.52,148.644,149.21,106957.0,149.202,149.218,149.90872627321042
2024-12-03T18:00:00Z,149.207,149.598,148.965,149.596,34611.0,149.583,149.609,149.86702943678236
2024-12-03T22:00:00Z,149.608,150.082,149.522,149.928,35507.0,149.918,149.938,149.8751588452114
2024-12-04T02:00:00Z,149.928,150.172,149.625,150.1,54935.0,150.091,150.109,149.90513766584988
2024-12-04T06:00:00Z,150.098,150.78,149.862,150.626,66493.0,150.617,150.634,150.00125264373656
2024-12-04T10:00:00Z,150.624,151.232,150.616,151.075,66123.0,151.066,151.084,150.14441895790503
2024-12-04T14:00:00Z,151.074,151.134,149.994,150.17,78790.0,150.163,150.177,150.1478297635177
2024-12-04T18:00:00Z,150.17,150.673,150.042,150.626,41569.0,150.615,150.637,150.21158579504868
2024-12-04T22:00:00Z,150.577,150.778,150.185,150.543,39219.0,150.533,150.553,150.25577435570887
2024-12-05T02:00:00Z,150.539,150.568,149.785,149.934,43675.0,149.925,149.942,150.212871108281
2024-12-05T06:00:00Z,149.934,150.316,149.656,150.31,56951.0,150.301,150.318,150.22582162717688
2024-12-05T10:00:00Z,150.31,150.696,150.043,150.608,59610.0,150.599,150.616,150.2767787435533
2024-12-05T14:00:00Z,150.607,150.618,150.074,150.133,69582.0,150.124,150.142,150.25760824441286
2024-12-05T18:00:00Z,150.134,150.351,149.92,150.097,27274.0,150.06,150.134,150.23619381182448
2024-12-05T22:00:00Z,150.129,150.277,149.864,150.046,33751.0,150.037,150.054,150.21083463691454
2024-12-06T02:00:00Z,150.045,150.07,149.768,149.939,34757.0,149.929,149.949,150.17459001865927
2024-12-06T06:00:00Z,149.938,150.608,149.772,150.575,46714.0,150.567,150.583,150.22797801617136
2024-12-06T10:00:00Z,150.576,150.7,149.652,149.663,67177.0,149.656,149.67,150.1526476140152
2024-12-06T14:00:00Z,149.662,150.118,149.362,149.962,95269.0,149.952,149.972,150.1272279321465
2024-12-06T18:00:00Z,149.964,150.134,149.882,150.042,26477.0,150.005,150.078,150.1158642078603
2024-12-08T22:00:00Z,149.979,150.1,149.69,149.913,31764.0,149.905,149.921,150.08881564681226
2024-12-09T02:00:00Z,149.912,150.038,149.842,149.966,34861.0,149.957,149.975,150.0724402272373
2024-12-09T06:00:00Z,149.966,150.525,149.944,150.42,50432.0,150.412,150.427,150.11878153027234
2024-12-09T10:00:00Z,150.419,150.952,150.354,150.877,40238.0,150.868,150.886,150.21987732623603
2024-12-09T14:00:00Z,150.876,151.348,150.7,151.329,46484.0,151.32,151.338,150.36776034940456
2024-12-09T18:00:00Z,151.33,151.338,151.135,151.216,20499.0,151.204,151.228,150.48085896948396
2024-12-09T22:00:00Z,151.219,151.551,151.179,151.315,30642.0,151.306,151.324,150.59207777355277
2024-12-10T02:00:00Z,151.314,151.314,150.898,150.936,44080.0,150.929,150.944,150.6379340704124
2024-12-10T06:00:00Z,150.938,151.786,150.902,151.598,55903.0,151.589,151.607,150.7659428610241
2024-12-10T10:00:00Z,151.598,151.841,151.471,151.682,42330.0,151.674,151.689,150.88808381288754
2024-12-10T14:00:00Z,151.68,152.184,151.586,152.113,52724.0,152.104,152.122,151.0514059711692
2024-12-10T18:00:00Z,152.11,152.124,151.832,151.97,23860.0,151.956,151.985,151.1738851750133
2024-12-10T22:00:00Z,151.944,151.958,151.696,151.706,24899.0,151.699,151.714,151.24483381834486
2024-12-11T02:00:00Z,151.707,151.766,151.416,151.754,28708.0,151.745,151.762,151.31272264256555
2024-12-11T06:00:00Z,151.754,152.728,151.004,152.679,76547.0,152.67,152.688,151.49489295689014
2024-12-11T10:00:00Z,152.68,152.866,152.054,152.299,70844.0,152.29,152.308,151.6021072293048
2024-12-11T14:00:00Z,152.3,152.559,151.92,152.497,74284.0,152.488,152.506,151.7214262653975
2024-12-11T18:00:00Z,152.498,152.722,152.318,152.466,30130.0,152.457,152.475,151.8207027633445
2024-12-11T22:00:00Z,152.428,152.454,151.952,151.98,31090.0,151.971,151.99,151.84194239489858
2024-12-12T02:00:00Z,151.98,152.61,151.956,152.495,34544.0,152.485,152.505,151.92901674224544
2024-12-12T06:00:00Z,152.496,152.775,152.27,152.527,59213.0,152.518,152.536,152.0087478432794
2024-12-12T10:00:00Z,152.527,152.542,151.802,152.032,64548.0,152.025,152.04,152.01184813084214
2024-12-12T14:00:00Z,152.032,152.403,151.875,152.266,79573.0,152.257,152.275,152.04573504672985
2024-12-12T18:00:00Z,152.266,152.692,152.24,152.649,28573.0,152.64,152.658,152.12617037383254
2024-12-12T22:00:00Z,152.626,152.956,152.458,152.768,32378.0,152.76,152.777,152.21174765732152
2024-12-13T02:00:00Z,152.768,153.089,152.645,152.894,31715.0,152.885,152.903,152.3027146363453
2024-12-13T06:00:00Z,152.894,153.48,152.673,153.411,45132.0,153.402,153.42,152.45048601816595
2024-12-13T10:00:00Z,153.41,153.668,153.261,153.302,39811.0,153.293,153.311,152.56402121574382
2024-12-13T14:00:00Z,153.302,153.802,153.301,153.69,38520.0,153.683,153.698,152.71415172031132
2024-12-13T18:00:00Z,153.691,153.75,153.6,153.649,16873.0,153.599,153.699,152.83879815760315
2024-12-15T22:00:00Z,153.62,153.938,153.324,153.908,29705.0,153.899,153.918,152.98135840325608
2024-12-16T02:00:00Z,153.907,153.974,153.606,153.662,27526.0,153.655,153.668,153.07211061615527
2024-12-16T06:00:00Z,153.662,153.83,153.442,153.806,45167.0,153.798,153.813,153.16996253400123
2024-12-16T10:00:00Z,153.805,154.102,153.65,154.028,33458.0,154.021,154.035,153.28436752946774
2024-12-16T14:00:00Z,154.027,154.48,154.014,154.154,47007.0,154.146,154.161,153.40031852553872
2024-12-16T18:00:00Z,154.154,154.218,154.008,154.156,16392.0,154.146,154.165,153.5010760554669
2024-12-16T22:00:00Z,154.156,154.348,153.972,154.096,26229.0,154.088,154.105,153.58039924807133
2024-12-17T02:00:00Z,154.097,154.26,153.802,154.135,33968.0,154.127,154.143,153.65434601499516
2024-12-17T06:00:00Z,154.136,154.174,153.71,153.796,47685.0,153.788,153.804,153.6732332129958
2024-12-17T10:00:00Z,153.796,154.001,153.66,153.776,47259.0,153.767,153.786,153.68693545126303
2024-12-17T14:00:00Z,153.776,153.779,153.244,153.274,60282.0,153.265,153.284,153.63187739109463
2024-12-17T18:00:00Z,153.275,153.599,153.16,153.49,26258.0,153.447,153.534,153.61296040561535
2024-12-17T22:00:00Z,153.451,153.79,153.394,153.592,24464.0,153.583,153.602,153.61016568486664
2024-12-18T02:00:00Z,153.588,153.752,153.338,153.358,28445.0,153.35,153.367,153.5765435935511
2024-12-18T06:00:00Z,153.358,153.744,153.334,153.635,35829.0,153.627,153.643,153.5843377810776
2024-12-18T10:00:00Z,153.634,153.955,153.552,153.849,32981.0,153.843,153.855,153.61962607693394
2024-12-18T14:00:00Z,153.849,154.093,153.68,153.826,42184.0,153.82,153.833,153.64714260000943
2024-12-18T18:00:00Z,153.826,154.874,153.72,154.836,94087.0,154.815,154.858,153.80565692000818
2024-12-18T22:00:00Z,154.778,154.896,154.435,154.644,42796.0,154.636,154.653,153.91743599734042
2024-12-19T02:00:00Z,154.644,155.477,154.464,155.23,45786.0,155.217,155.244,154.09244453102838
2024-12-19T06:00:00Z,155.228,157.149,154.915,157.042,106808.0,157.033,157.05,154.48571859355792
2024-12-19T10:00:00Z,157.039,157.066,156.4,156.91,74230.0,156.901,156.92,154.80895611441687
2024-12-19T14:00:00Z,156.91,157.808,156.874,157.696,87216.0,157.689,157.703,155.19389529916128
2024-12-19T18:00:00Z,157.694,157.733,157.31,157.434,37067.0,157.416,157.451,155.49257592593978
2024-12-19T22:00:00Z,157.411,157.929,157.146,157.28,50683.0,157.269,157.29,155.73089913581447
2024-12-20T02:00:00Z,157.278,157.38,156.836,157.034,55120.0,157.025,157.044,155.90464591770586
2024-12-20T06:00:00Z,157.038,157.138,156.623,156.724,68989.0,156.714,156.733,156.0138931286784
2024-12-20T10:00:00Z,156.722,156.844,156.35,156.521,59315.0,156.512,156.53,156.08150737818795
2024-12-20T14:00:00Z,156.52,156.781,155.954,156.074,89839.0,156.067,156.082,156.08050639442956
2024-12-20T18:00:00Z,156.074,156.474,155.979,156.418,36746.0,156.375,156.46,156.12550554183895
2024-12-22T22:00:00Z,156.4,156.695,156.35,156.458,29637.0,156.448,156.469,156.16983813626044
2024-12-23T02:00:00Z,156.458,156.662,156.337,156.651,27255.0,156.642,156.66,156.23399305142573
2024-12-23T06:00:00Z,156.652,156.814,156.464,156.697,40502.0,156.687,156.707,156.29572731123562
2024-12-23T10:00:00Z,156.696,157.258,156.658,157.21,38994.0,157.202,157.217,156.41763033640422
2024-12-23T14:00:00Z,157.207,157.271,156.982,157.162,45654.0,157.155,157.169,156.51687962488367
2024-12-23T18:00:00Z,157.162,157.21,157.05,157.173,21617.0,157.157,157.189,156.60436234156586
2024-12-23T22:00:00Z,157.129,157.394,157.058,157.136,22872.0,157.126,157.145,156.6752473626904
2024-12-24T02:00:00Z,157.135,157.182,156.89,157.006,25455.0,156.999,157.014,156.7193477143317
2024-12-24T06:00:00Z,157.008,157.182,156.908,157.092,25917.0,157.083,157.101,156.76903468575415
2024-12-24T10:00:00Z,157.09,157.198,157.023,157.192,20527.0,157.182,157.203,156.82543006098695
2024-12-24T14:00:00Z,157.193,157.38,157.181,157.308,25096.0,157.301,157.316,156.88977271952203
2024-12-24T18:00:00Z,157.309,157.386,157.153,157.21,11737.0,157.16,157.26,156.93246969025242
2024-12-25T22:00:00Z,157.257,157.478,157.077,157.42,21728.0,157.409,157.431,156.9974737315521
2024-12-26T02:00:00Z,157.42,157.478,157.314,157.35,15956.0,157.341,157.358,157.04447723401182
2024-12-26T06:00:00Z,157.35,157.464,157.309,157.432,26710.0,157.423,157.442,157.09614693614358
2024-12-26T10:00:00Z,157.434,157.846,157.403,157.839,19634.0,157.829,157.849,157.19519401132445
2024-12-26T14:00:00Z,157.84,158.087,157.833,158.043,31578.0,158.036,158.05,157.30823480981454
2024-12-26T18:00:00Z,158.042,158.073,157.87,158.023,26072.0,158.01,158.036,157.4035368351726
2024-12-26T22:00:00Z,157.91,157.953,157.658,157.744,27143.0,157.734,157.754,157.44893192381625
2024-12-27T02:00:00Z,157.751,157.773,157.508,157.762,25929.0,157.755,157.768,157.49067433397408
2024-12-27T06:00:00Z,157.761,157.918,157.662,157.88,32259.0,157.872,157.889,157.54258442277754
2024-12-27T10:00:00Z,157.883,157.884,157.582,157.798,29121.0,157.791,157.804,157.57663983307387
2024-12-27T14:00:00Z,157.798,157.893,157.352,157.827,47201.0,157.817,157.837,157.61002118866404
2024-12-27T18:00:00Z,157.826,157.946,157.77,157.843,20468.0,157.793,157.893,157.6410850301755
2024-12-29T22:00:00Z,157.747,157.992,157.698,157.798,17382.0,157.787,157.81,157.6620070261521
2024-12-30T02:00:00Z,157.8,157.962,157.701,157.857,16643.0,157.85,157.864,157.68800608933182
2024-12-30T06:00:00Z,157.862,158.074,157.81,157.876,32943.0,157.868,157.885,157.71307194408757
2024-12-30T10:00:00Z,157.877,157.882,157.453,157.461,39042.0,157.451,157.471,157.67946235154258
2024-12-30T14:00:00Z,157.462,157.552,156.668,157.15,75631.0,157.141,157.16,157.6088673713369
2024-12-30T18:00:00Z,157.151,157.153,156.761,156.86,23064.0,156.844,156.876,157.509018388492
2024-12-30T22:00:00Z,156.887,157.068,156.368,156.444,23455.0,156.433,156.455,157.36701593669306
2024-12-31T02:00:00Z,156.446,156.51,156.138,156.238,28458.0,156.227,156.249,157.21648047846733
2024-12-31T06:00:00Z,156.237,156.674,156.02,156.643,34445.0,156.632,156.654,157.1400164146717
2024-12-31T10:00:00Z,156.644,157.089,156.556,157.012,45800.0,157.003,157.022,157.12294755938214
2024-12-31T14:00:00Z,157.01,157.55,156.686,157.372,73671.0,157.362,157.382,157.15615455146454
2024-12-31T18:00:00Z,157.372,157.399,157.198,157.203,22291.0,157.18,157.226,157.16240061126928
2025-01-01T22:00:00Z,157.236,157.782,157.198,157.512,30336.0,157.501,157.522,157.20901386310004
2025-01-02T02:00:00Z,157.512,157.512,156.976,157.21,19358.0,157.202,157.219,157.20914534802003
2025-01-02T06:00:00Z,157.211,157.214,156.438,156.794,55326.0,156.783,156.804,157.1537926349507
2025-01-02T10:00:00Z,156.798,157.289,156.719,156.83,59687.0,156.819,156.841,157.11062028362394
2025-01-02T14:00:00Z,156.826,157.851,156.634,157.568,89014.0,157.558,157.579,157.17160424580743
2025-01-02T18:00:00Z,157.568,157.679,157.464,157.54,29173.0,157.534,157.547,157.22072367969977
2025-01-02T22:00:00Z,157.505,157.566,157.176,157.282,26609.0,157.273,157.291,157.2288938557398
2025-01-03T02:00:00Z,157.282,157.463,157.185,157.302,26145.0,157.292,157.311,157.23864134164117
2025-01-03T06:00:00Z,157.301,157.428,157.04,157.256,40349.0,157.247,157.265,157.24095582942235
2025-01-03T10:00:00Z,157.256,157.391,157.026,157.185,34915.0,157.176,157.194,157.23349505216603
2025-01-03T14:00:00Z,157.186,157.498,156.875,157.17,48343.0,157.159,157.18,157.22502904521056
2025-01-03T18:00:00Z,157.169,157.382,157.107,157.292,17172.0,157.243,157.341,157.23395850584916
2025-01-05T22:00:00Z,157.249,157.83,157.198,157.62,30387.0,157.61,157.63,157.28543070506927
2025-01-06T02:00:00Z,157.62,157.808,157.57,157.78,28213.0,157.773,157.788,157.3513732777267
2025-01-06T06:00:00Z,157.781,157.794,157.535,157.74,37902.0,157.731,157.748,157.40319017402982
2025-01-06T10:00:00Z,157.738,157.966,156.237,156.613,85278.0,156.605,156.621,157.2978314841592
2025-01-06T14:00:00Z,156.614,157.659,156.468,157.512,79087.0,157.505,157.518,157.3263872862713
2025-01-06T18:00:00Z,157.51,157.673,157.434,157.65,26879.0,157.643,157.658,157.36953564810182
2025-01-06T22:00:00Z,157.557,158.42,157.545,158.312,36595.0,158.303,158.322,157.49519756168826
2025-01-07T02:00:00Z,158.313,158.318,157.787,157.866,30698.0,157.857,157.874,157.5446378867965
2025-01-07T06:00:00Z,157.866,157.866,157.364,157.608,60333.0,157.598,157.617,157.55308616855697
2025-01-07T10:00:00Z,157.61,157.854,157.563,157.674,39515.0,157.665,157.684,157.56920801274939
2025-01-07T14:00:00Z,157.673,158.428,157.536,157.699,87562.0,157.691,157.707,157.58651361104947
2025-01-07T18:00:00Z,157.7,158.098,157.586,158.066,29747.0,158.053,158.079,157.6504451295762
2025-01-07T22:00:00Z,158.041,158.245,157.903,157.972,29409.0,157.962,157.982,157.69331911229938
2025-01-08T02:00:00Z,157.97,158.267,157.934,158.176,21899.0,158.167,158.184,157.7576765639928
2025-01-08T06:00:00Z,158.176,158.286,157.93,158.165,42549.0,158.158,158.172,157.81198635546042
2025-01-08T10:00:00Z,158.163,158.554,158.15,158.22,62667.0,158.212,158.229,157.86638817473238
2025-01-08T14:00:00Z,158.219,158.499,158.146,158.394,56313.0,158.386,158.401,157.9367364181014
2025-01-08T18:00:00Z,158.393,158.524,158.272,158.354,30131.0,158.344,158.365,157.99237156235455
2025-01-08T22:00:00Z,158.316,158.4,158.074,158.112,25134.0,158.104,158.121,158.00832202070728
2025-01-09T02:00:00Z,158.104,158.148,157.764,158.06,28429.0,158.052,158.068,158.01521241794632
2025-01-09T06:00:00Z,158.06,158.287,158.014,158.085,41847.0,158.076,158.094,158.0245174288868
2025-01-09T10:00:00Z,158.084,158.104,157.574,157.66,39389.0,157.65,157.669,157.97591510503523
2025-01-09T14:00:00Z,157.659,158.138,157.656,158.108,32106.0,158.098,158.117,157.99352642436386
2025-01-09T18:00:00Z,158.109,158.166,158.06,158.117,9968.0,158.096,158.138,158.00998956778201
2025-01-09T22:00:00Z,158.134,158.234,157.936,158.132,27419.0,158.123,158.14,158.0262576254111
2025-01-10T02:00:00Z,158.132,158.425,158.106,158.413,21908.0,158.405,158.421,158.07782327535628
2025-01-10T06:00:00Z,158.412,158.447,157.622,157.933,49427.0,157.924,157.942,158.05851350530878
2025-01-10T10:00:00Z,157.934,158.88,157.864,158.551,63222.0,158.542,158.56,158.12417837126762
2025-01-10T14:00:00Z,158.552,158.658,157.228,157.671,118623.0,157.664,157.678,158.06375458843195
2025-01-10T18:00:00Z,157.672,157.986,157.665,157.742,28374.0,157.696,157.789,158.02085397664104
2025-01-12T22:00:00Z,157.79,157.966,157.269,157.448,28155.0,157.439,157.457,157.94447344642222
2025-01-13T02:00:00Z,157.449,157.654,157.284,157.407,32890.0,157.398,157.416,157.8728103202326
2025-01-13T06:00:00Z,157.408,157.67,157.037,157.113,63246.0,157.105,157.121,157.77150227753492
2025-01-13T10:00:00Z,157.112,157.475,156.912,157.2,53140.0,157.19,157.209,157.6953019738636
2025-01-13T14:00:00Z,157.2,157.792,157.104,157.334,63982.0,157.325,157.343,157.64712837734845
2025-01-13T18:00:00Z,157.332,157.822,157.296,157.477,26072.0,157.464,157.49,157.624444593702
2025-01-13T22:00:00Z,157.491,158.036,157.12,157.44,45974.0,157.43,157.45,157.59985198120842
2025-01-14T02:00:00Z,157.44,157.756,157.354,157.583,32756.0,157.574,157.592,157.59760505038062
2025-01-14T06:00:00Z,157.582,158.03,157.298,157.941,54056.0,157.933,157.949,157.6433910436632
2025-01-14T10:00:00Z,157.942,158.136,157.394,157.78,54901.0,157.772,157.787,157.6616055711748
2025-01-14T14:00:00Z,157.779,158.198,157.625,158.134,73020.0,158.126,158.142,157.72459149501816
2025-01-14T18:00:00Z,158.133,158.142,157.872,157.977,20424.0,157.964,157.99,157.75824596234906
2025-01-14T22:00:00Z,158.035,158.085,157.83,157.902,23565.0,157.892,157.911,157.7774131673692
2025-01-15T02:00:00Z,157.901,157.976,157.196,157.324,34903.0,157.315,157.333,157.71695807838663
2025-01-15T06:00:00Z,157.324,157.446,156.711,156.867,54280.0,156.858,156.876,157.60363033460175
2025-01-15T10:00:00Z,156.868,157.094,156.252,156.4,58191.0,156.391,156.409,157.4431462899882
2025-01-15T14:00:00Z,156.398,156.74,155.936,156.55,83017.0,156.542,156.557,157.32406011798977
2025-01-15T18:00:00Z,156.548,156.576,156.405,156.466,22973.0,156.454,156.478,157.20965210225782
2025-01-15T22:00:00Z,156.419,156.532,155.48,155.555,37557.0,155.545,155.565,156.9890318219568
2025-01-16T02:00:00Z,155.554,156.12,155.206,156.114,47927.0,156.105,156.124,156.87236091236255
2025-01-16T06:00:00Z,156.113,156.314,155.612,155.684,44989.0,155.675,155.694,156.7139127907142
2025-01-16T10:00:00Z,155.683,156.368,155.632,155.91,51331.0,155.9,155.919,156.606724418619
2025-01-16T14:00:00Z,155.912,156.198,155.102,155.27,89086.0,155.26,155.279,156.42849449613647
2025-01-16T18:00:00Z,155.27,155.387,155.102,155.122,24754.0,155.105,155.139,156.25429522998493
2025-01-16T22:00:00Z,155.164,155.487,154.978,155.217,30439.0,155.208,155.226,156.1159891993203
2025-01-17T02:00:00Z,155.217,155.693,155.163,155.565,29271.0,155.557,155.573,156.04252397274425
2025-01-17T06:00:00Z,155.56,155.848,155.409,155.735,42868.0,155.725,155.745,156.00152077637836
2025-01-17T10:00:00Z,155.734,155.808,155.554,155.687,39357.0,155.677,155.697,155.95958467286124
2025-01-17T14:00:00Z,155.686,156.376,155.654,156.259,67531.0,156.251,156.267,155.99950671647974
2025-01-17T18:00:00Z,156.26,156.324,156.104,156.298,18987.0,156.248,156.348,156.03930582094912
2025-01-19T22:00:00Z,156.265,156.587,155.866,155.928,27705.0,155.92,155.936,156.0244650448226
2025-01-20T02:00:00Z,155.928,156.066,155.71,156.064,26703.0,156.056,156.071,156.02973637217957
2025-01-20T06:00:00Z,156.062,156.363,155.95,156.283,35392.0,156.275,156.291,156.06350485588897
2025-01-20T10:00:00Z,156.284,156.473,155.721,155.724,54350.0,155.714,155.733,156.01823754177045
2025-01-20T14:00:00Z,155.723,156.067,155.413,155.827,84513.0,155.815,155.839,155.9927392028677
2025-01-20T18:00:00Z,155.83,155.903,155.49,155.644,39771.0,155.624,155.663,155.94624064248535
2025-01-20T22:00:00Z,155.583,156.244,154.9,155.547,72240.0,155.537,155.557,155.89300855682063
2025-01-21T02:00:00Z,155.548,155.584,154.775,155.312,57816.0,155.303,155.322,155.81554074924455
2025-01-21T06:00:00Z,155.318,155.958,155.318,155.9,52045.0,155.89,155.91,155.8268019826786
2025-01-21T10:00:00Z,155.9,156.056,155.46,155.492,47573.0,155.482,155.501,155.78216171832145
2025-01-21T14:00:00Z,155.492,155.736,155.253,155.576,67796.0,155.567,155.584,155.75467348921194
2025-01-21T18:00:00Z,155.575,155.597,155.426,155.519,21767.0,155.469,155.569,155.72325035731703
2025-01-21T22:00:00Z,155.492,155.839,155.353,155.688,38987.0,155.68,155.695,155.71855030967475
2025-01-22T02:00:00Z,155.689,155.96,155.632,155.832,27016.0,155.825,155.84,155.73367693505145
2025-01-22T06:00:00Z,155.833,156.118,155.548,155.672,48560.0,155.664,155.681,155.72545334371125
2025-01-22T10:00:00Z,155.674,156.054,155.632,155.89,34425.0,155.881,155.9,155.7473928978831
2025-01-22T14:00:00Z,155.892,156.712,155.812,156.617,54450.0,156.611,156.623,155.86334051149868
2025-01-22T18:00:00Z,156.619,156.63,156.446,156.528,20089.0,156.515,156.541,155.9519617766322
2025-01-22T22:00:00Z,156.496,156.564,156.285,156.554,24126.0,156.546,156.561,156.03223353974792
2025-01-23T02:00:00Z,156.554,156.755,156.451,156.702,25690.0,156.693,156.711,156.1215357344482
2025-01-23T06:00:00Z,156.704,156.724,156.352,156.381,43472.0,156.373,156.389,156.1561309698551
2025-01-23T10:00:00Z,156.381,156.598,156.104,156.208,40381.0,156.199,156.217,156.16304684054109
2025-01-23T14:00:00Z,156.206,156.477,155.862,155.918,72749.0,155.91,155.925,156.13037392846894
2025-01-23T18:00:00Z,155.917,156.076,155.744,156.073,19725.0,156.058,156.088,156.12272407133975
2025-01-23T22:00:00Z,156.064,156.357,155.956,156.312,22993.0,156.302,156.321,156.14796086182778
2025-01-24T02:00:00Z,156.311,156.416,155.005,155.356,71136.0,155.345,155.366,156.04236608025076
2025-01-24T06:00:00Z,155.355,155.746,154.841,155.587,96952.0,155.579,155.595,155.981650602884
2025-01-24T10:00:00Z,155.584,156.579,155.55,156.327,55642.0,156.318,156.336,156.02769718916613
2025-01-24T14:00:00Z,156.324,156.49,155.516,155.742,70357.0,155.736,155.749,155.98960423061067
2025-01-24T18:00:00Z,155.746,156.028,155.726,155.991,19656.0,155.947,156.035,155.9897903331959
2025-01-26T22:00:00Z,155.741,155.85,155.29,155.486,38944.0,155.476,155.495,155.9226182887698
2025-01-27T02:00:00Z,155.486,156.098,155.416,156.064,33094.0,156.056,156.073,155.9414691836005
2025-01-27T06:00:00Z,156.065,156.25,154.468,154.604,73820.0,154.597,154.611,155.76313995912045
2025-01-27T10:00:00Z,154.602,154.602,153.714,154.21,97666.0,154.2,154.219,155.55605463123774
2025-01-27T14:00:00Z,154.212,154.685,153.954,154.294,85722.0,154.286,154.301,155.38778068040605
2025-01-27T18:00:00Z,154.294,154.726,154.222,154.516,36772.0,154.504,154.527,155.27154325635192
2025-01-27T22:00:00Z,154.509,155.646,154.494,155.492,53414.0,155.481,155.502,155.30093748883834
2025-01-28T02:00:00Z,155.489,155.949,155.4,155.703,41592.0,155.694,155.712,155.3545458236599
2025-01-28T06:00:00Z,155.701,155.98,155.25,155.447,60494.0,155.441,155.453,155.3668730471719
2025-01-28T10:00:00Z,155.446,155.566,155.206,155.49,47997.0,155.481,155.5,155.38328997421564
2025-01-28T14:00:00Z,155.49,155.76,155.05,155.607,64302.0,155.599,155.615,155.41311797765357
2025-01-28T18:00:00Z,155.606,155.73,155.492,155.534,24885.0,155.519,155.549,155.4292355806331
2025-01-28T22:00:00Z,155.529,155.79,155.432,155.715,21830.0,155.707,155.723,155.46733750321536
2025-01-29T02:00:00Z,155.716,155.784,155.002,155.015,27490.0,155.006,155.024,155.40702583611997
2025-01-29T06:00:00Z,155.019,155.409,155.002,155.346,54842.0,155.336,155.355,155.39888905797065
2025-01-29T10:00:00Z,155.344,155.526,155.253,155.425,47628.0,155.416,155.434,155.4023705169079
2025-01-29T14:00:00Z,155.424,155.444,154.938,155.058,57750.0,155.05,155.066,155.35645444798683
2025-01-29T18:00:00Z,155.059,155.613,155.002,155.25,71425.0,155.238,155.261,155.3422605215886
2025-01-29T22:00:00Z,155.182,155.243,154.464,154.648,41667.0,154.639,154.656,155.24969245204346
2025-01-30T02:00:00Z,154.649,154.681,154.282,154.486,40945.0,154.475,154.496,155.147866791771
2025-01-30T06:00:00Z,154.485,154.738,154.315,154.448,53993.0,154.441,154.456,155.0545512195349
2025-01-30T10:00:00Z,154.449,154.604,153.835,153.911,59729.0,153.903,153.919,154.9020777235969
2025-01-30T14:00:00Z,153.909,154.478,153.79,154.298,75209.0,154.289,154.306,154.8215340271173
2025-01-30T18:00:00Z,154.297,154.498,153.998,154.276,44543.0,154.269,154.284,154.748796156835
2025-01-30T22:00:00Z,154.2,154.505,153.916,154.094,39499.0,154.084,154.104,154.66149000259034
2025-01-31T02:00:00Z,154.096,154.884,153.932,154.718,39031.0,154.712,154.725,154.66902466891165
2025-01-31T06:00:00Z,154.715,154.936,154.483,154.718,58213.0,154.709,154.726,154.67555471305675
2025-01-31T10:00:00Z,154.718,155.026,154.604,154.801,45876.0,154.792,154.81,154.69228075131585
2025-01-31T14:00:00Z,154.802,155.008,154.526,154.768,81586.0,154.759,154.776,154.7023766511404
2025-01-31T18:00:00Z,154.766,155.223,154.758,155.205,53853.0,155.158,155.252,154.76939309765504
2025-02-02T22:00:00Z,154.879,155.886,154.848,155.708,79211.0,155.697,155.719,154.89454068463436
2025-02-03T02:00:00Z,155.708,155.877,155.462,155.576,52476.0,155.568,155.585,154.98540192668312
2025-02-03T06:00:00Z,155.576,155.718,155.002,155.002,70544.0,154.994,155.01,154.98761500312537
2025-02-03T10:00:00Z,155.004,155.132,154.29,154.65,63143.0,154.642,154.658,154.94259966937534
2025-02-03T14:00:00Z,154.652,154.871,154.01,154.654,124276.0,154.645,154.664,154.90411971345864
2025-02-03T18:00:00Z,154.655,155.014,154.546,154.77,42980.0,154.756,154.784,154.8862370849975
2025-02-03T22:00:00Z,154.734,155.408,154.717,155.11,38650.0,155.099,155.12,154.91607214033118
2025-02-04T02:00:00Z,155.114,155.333,154.826,155.251,46408.0,155.242,155.26,154.96072918828702
2025-02-04T06:00:00Z,155.25,155.525,155.068,155.341,53052.0,155.332,155.35,155.01143196318208
2025-02-04T10:00:00Z,155.34,155.398,155.148,155.262,39390.0,155.255,155.268,155.0448410347578
2025-02-04T14:00:00Z,155.261,155.266,154.252,154.271,71986.0,154.263,154.279,154.94166223012343
2025-02-04T18:00:00Z,154.27,154.35,154.175,154.348,26222.0,154.334,154.362,154.86250726610697
2025-02-04T22:00:00Z,154.34,154.464,153.47,153.599,46908.0,153.593,153.605,154.69403963062604
2025-02-05T02:00:00Z,153.6,153.644,153.087,153.427,51465.0,153.421,153.433,154.52510101320922
2025-02-05T06:00:00Z,153.428,153.454,152.644,152.844,59985.0,152.837,152.851,154.300954211448
2025-02-05T10:00:00Z,152.842,153.114,152.549,153.048,53569.0,153.04,153.055,154.1338936499216
2025-02-05T14:00:00Z,153.047,153.209,152.115,152.29,83493.0,152.283,152.298,153.88804116326537
2025-02-05T18:00:00Z,152.292,152.768,152.247,152.588,30954.0,152.578,152.598,153.71470234149666
2025-02-05T22:00:00Z,152.572,152.754,151.81,152.025,37820.0,152.018,152.032,153.4894086959638
2025-02-06T02:00:00Z,152.026,152.519,151.934,152.421,40960.0,152.412,152.43,153.34695420316862
2025-02-06T06:00:00Z,152.42,152.898,152.404,152.662,51583.0,152.653,152.671,153.25562697607947
2025-02-06T10:00:00Z,152.662,152.685,152.057,152.083,64439.0,152.074,152.092,153.0992767126022
2025-02-06T14:00:00Z,152.081,152.216,151.66,151.874,70271.0,151.866,151.883,152.93590648425524
2025-02-06T18:00:00Z,151.876,151.885,151.24,151.466,32768.0,151.449,151.483,152.7399189530212
2025-02-06T22:00:00Z,151.434,151.662,150.956,151.578,41803.0,151.569,151.588,152.58499642595172
2025-02-07T02:00:00Z,151.579,151.793,151.448,151.721,37738.0,151.713,151.729,152.46979690249148
2025-02-07T06:00:00Z,151.722,151.894,151.592,151.825,46167.0,151.818,151.832,152.3838239821593
2025-02-07T10:00:00Z,151.824,152.43,151.325,151.954,64721.0,151.945,151.963,152.3265141178714
2025-02-07T14:00:00Z,151.954,152.005,150.929,151.666,127622.0,151.657,151.675,152.23844556882187
2025-02-07T18:00:00Z,151.666,151.74,151.198,151.42,40922.0,151.393,151.447,152.12931949297896
2025-02-09T22:00:00Z,151.358,152.14,151.237,152.009,42101.0,152.0,152.018,152.1132768939151
2025-02-10T02:00:00Z,152.008,152.214,151.826,151.953,36857.0,151.945,151.961,152.09190664139308
2025-02-10T06:00:00Z,151.953,152.541,151.772,152.198,50098.0,152.19,152.207,152.10605242254067
2025-02-10T10:00:00Z,152.197,152.308,151.804,151.864,41609.0,151.855,151.873,152.0737787662019
2025-02-10T14:00:00Z,151.864,151.923,151.573,151.868,47441.0,151.86,151.875,152.046341597375
2025-02-10T18:00:00Z,151.867,152.075,151.86,151.994,27870.0,151.986,152.003,152.039362717725
2025-02-10T22:00:00Z,152.022,152.064,151.684,152.019,25659.0,152.009,152.029,152.036647688695
2025-02-11T02:00:00Z,152.018,152.051,151.917,151.954,24557.0,151.944,151.964,152.02562799686902
2025-02-11T06:00:00Z,151.956,152.1,151.649,151.946,47342.0,151.937,151.954,152.0150109306198
2025-02-11T10:00:00Z,151.945,152.512,151.942,152.307,45169.0,152.299,152.315,152.05394280653718
2025-02-11T14:00:00Z,152.306,152.596,152.233,152.371,62813.0,152.362,152.38,152.0962170989989
2025-02-11T18:00:00Z,152.372,152.61,152.291,152.501,32104.0,152.487,152.515,152.15018815246572
2025-02-11T22:00:00Z,152.456,153.492,152.396,153.474,34357.0,153.467,153.482,152.32669639880362
2025-02-12T02:00:00Z,153.476,153.737,153.362,153.542,44929.0,153.534,153.549,152.48873687896315
2025-02-12T06:00:00Z,153.542,153.888,153.414,153.518,50083.0,153.509,153.527,152.62597196176807
2025-02-12T10:00:00Z,153.518,154.457,153.308,154.416,61842.0,154.41,154.422,152.86464236686567
2025-02-12T14:00:00Z,154.417,154.804,154.142,154.352,82344.0,154.344,154.36,153.06295671795024
2025-02-12T18:00:00Z,154.351,154.498,154.284,154.42,33509.0,154.407,154.432,153.24389582222355
2025-02-12T22:00:00Z,154.356,154.671,154.123,154.26,35103.0,154.252,154.269,153.3793763792604
2025-02-13T02:00:00Z,154.26,154.493,154.134,154.168,42131.0,154.161,154.176,153.48452619535902
2025-02-13T06:00:00Z,154.171,154.344,153.898,153.98,61185.0,153.97,153.989,153.55058936931115
2025-02-13T10:00:00Z,153.981,154.019,153.425,153.518,63413.0,153.509,153.527,153.54624412006967
2025-02-13T14:00:00Z,153.517,153.722,152.924,153.166,74069.0,153.158,153.175,153.49554490406038
2025-02-13T18:00:00Z,153.167,153.35,152.7,152.814,47456.0,152.803,152.826,153.40467225018566
2025-02-13T22:00:00Z,152.844,153.154,152.446,152.57,40299.0,152.563,152.577,153.29338261682759
2025-02-14T02:00:00Z,152.574,153.01,152.524,152.616,28985.0,152.609,152.624,153.20306493458392
2025-02-14T06:00:00Z,152.611,152.842,152.383,152.516,54138.0,152.508,152.523,153.1114562766394
2025-02-14T10:00:00Z,152.515,152.827,152.098,152.18,56738.0,152.172,152.188,152.98726210642081
2025-02-14T14:00:00Z,152.177,152.378,152.024,152.296,59057.0,152.288,152.303,152.89509382556471
2025-02-14T18:00:00Z,152.296,152.394,152.178,152.312,21054.0,152.291,152.334,152.8173479821561
2025-02-16T22:00:00Z,152.236,152.39,151.742,151.898,36021.0,151.89,151.907,152.69476825120196
2025-02-17T02:00:00Z,151.898,151.938,151.476,151.527,43940.0,151.518,151.536,152.53906581770838
2025-02-17T06:00:00Z,151.528,151.946,151.492,151.806,54012.0,151.799,151.813,152.44132370868059
2025-02-17T10:00:00Z,151.806,151.842,151.4,151.476,39941.0,151.469,151.483,152.3126138808565
2025-02-17T14:00:00Z,151.476,151.501,151.339,151.386,27663.0,151.377,151.395,152.189065363409
2025-02-17T18:00:00Z,151.386,151.533,151.366,151.506,23497.0,151.494,151.518,152.09798998162114
2025-02-17T22:00:00Z,151.484,151.799,151.234,151.732,35712.0,151.724,151.741,152.049191317405
2025-02-18T02:00:00Z,151.734,152.226,151.693,152.008,41603.0,151.999,152.017,152.043699141751
2025-02-18T06:00:00Z,152.008,152.106,151.794,151.842,47835.0,151.832,151.852,152.0168059228509
2025-02-18T10:00:00Z,151.842,151.885,151.63,151.697,42190.0,151.689,151.705,151.97416513313743
2025-02-18T14:00:00Z,151.696,151.966,151.526,151.934,51809.0,151.926,151.942,151.96880978205243
2025-02-18T18:00:00Z,151.934,152.131,151.874,152.066,31944.0,152.051,152.081,151.9817684777788
2025-02-18T22:00:00Z,152.022,152.165,151.747,152.14,36366.0,152.131,152.148,152.00286601407495
2025-02-19T02:00:00Z,152.138,152.315,151.711,151.761,41814.0,151.753,151.769,151.9706172121983
2025-02-19T06:00:00Z,151.76,151.859,151.55,151.657,56621.0,151.649,151.665,151.9288015839052
2025-02-19T10:00:00Z,151.656,151.957,151.656,151.696,51736.0,151.689,151.704,151.89776137271784
2025-02-19T14:00:00Z,151.696,151.762,151.242,151.715,55035.0,151.709,151.721,151.87339318968878
2025-02-19T18:00:00Z,151.714,151.832,151.394,151.47,29609.0,151.457,151.484,151.81960743106362
2025-02-19T22:00:00Z,151.428,151.436,150.572,150.638,52187.0,150.629,150.647,151.66205977358848
2025-02-20T02:00:00Z,150.636,150.762,150.184,150.406,52964.0,150.397,150.415,151.49458513711002
2025-02-20T06:00:00Z,150.406,150.438,149.949,150.308,54225.0,150.3,150.317,151.33637378549537
2025-02-20T10:00:00Z,150.308,150.317,149.706,150.084,54068.0,150.077,150.092,151.169390614096
2025-02-20T14:00:00Z,150.084,150.223,149.398,149.472,79471.0,149.463,149.481,150.94307186554985
2025-02-20T18:00:00Z,149.474,149.829,149.46,149.616,33414.0,149.605,149.628,150.7661289501432
2025-02-20T22:00:00Z,149.602,150.45,149.287,150.346,54224.0,150.337,150.356,150.71011175679078
2025-02-21T02:00:00Z,150.346,150.736,150.12,150.364,42598.0,150.356,150.372,150.66396352255202
2025-02-21T06:00:00Z,150.362,150.658,150.26,150.474,66458.0,150.466,150.482,150.6386350528784
2025-02-21T10:00:00Z,150.472,150.536,150.19,150.433,39115.0,150.424,150.442,150.61121704582797
2025-02-21T14:00:00Z,150.434,150.444,149.2,149.216,80563.0,149.207,149.225,150.42518810638424
2025-02-21T18:00:00Z,149.218,149.35,148.926,149.297,62455.0,149.253,149.341,150.27476302553302
2025-02-23T22:00:00Z,149.244,149.406,148.846,149.24,51991.0,149.232,149.249,150.13679462212863
2025-02-24T02:00:00Z,149.246,149.5,149.115,149.404,49920.0,149.395,149.414,150.0390886725115
2025-02-24T06:00:00Z,149.409,149.6,149.232,149.565,70799.0,149.555,149.575,149.97587684950997
2025-02-24T10:00:00Z,149.566,149.875,149.552,149.766,50773.0,149.758,149.774,149.9478932695753
2025-02-24T14:00:00Z,149.766,149.826,149.188,149.58,99339.0,149.571,149.588,149.89884083363194
2025-02-24T18:00:00Z,149.579,149.8,149.386,149.718,46433.0,149.704,149.731,149.87472872248102
2025-02-24T22:00:00Z,149.685,150.303,149.662,150.055,40484.0,150.047,150.063,149.8987648928169
2025-02-25T02:00:00Z,150.053,150.094,149.461,149.716,47512.0,149.708,149.724,149.8743962404413
2025-02-25T06:00:00Z,149.714,149.872,149.198,149.598,80535.0,149.591,149.606,149.8375434083825
2025-02-25T10:00:00Z,149.598,149.96,149.34,149.434,66138.0,149.428,149.44,149.78373762059815
2025-02-25T14:00:00Z,149.434,149.543,148.562,149.075,105597.0,149.068,149.082,149.68923927118507
2025-02-25T18:00:00Z,149.076,149.248,148.908,149.026,62318.0,149.013,149.039,149.6008073683604
2025-02-25T22:00:00Z,149.007,149.237,148.622,149.226,40978.0,149.219,149.233,149.550833052579
2025-02-26T02:00:00Z,149.23,149.632,149.174,149.436,49248.0,149.427,149.446,149.5355219789018
2025-02-26T06:00:00Z,149.436,149.633,149.251,149.362,68541.0,149.354,149.371,149.51238571504825
2025-02-26T10:00:00Z,149.362,149.688,149.227,149.537,64967.0,149.529,149.545,149.5156676197085
2025-02-26T14:00:00Z,149.54,149.888,149.014,149.15,101274.0,149.143,149.156,149.4669119370807
2025-02-26T18:00:00Z,149.149,149.236,148.811,149.094,61503.0,149.081,149.107,149.41719034546995
2025-02-26T22:00:00Z,149.078,149.409,148.746,149.362,43345.0,149.353,149.371,149.40983163274063
2025-02-27T02:00:00Z,149.364,149.386,149.076,149.345,47053.0,149.335,149.355,149.40118741504187
2025-02-27T06:00:00Z,149.344,149.971,149.16,149.842,70157.0,149.832,149.851,149.45996242636963
2025-02-27T10:00:00Z,149.844,149.972,149.36,149.726,74749.0,149.717,149.735,149.4954341028537
2025-02-27T14:00:00Z,149.726,150.164,149.544,149.969,135730.0,149.961,149.977,149.5585762224732
2025-02-27T18:00:00Z,149.968,150.156,149.631,149.797,62534.0,149.786,149.808,149.59036605947676
2025-02-27T22:00:00Z,149.772,150.145,149.271,149.299,50185.0,149.29,149.308,149.55151725154653
2025-02-28T02:00:00Z,149.3,149.884,149.1,149.832,47163.0,149.824,149.84,149.5889149513403
2025-02-28T06:00:00Z,149.834,150.688,149.788,150.252,70627.0,150.246,150.259,149.67732629116162
2025-02-28T10:00:00Z,150.253,150.992,150.244,150.65,61276.0,150.643,150.658,149.80701611900673
2025-02-28T14:00:00Z,150.651,150.867,150.235,150.364,131805.0,150.357,150.372,149.8812806364725
2025-02-28T18:00:00Z,150.364,150.63,150.243,150.62,74935.0,150.6,150.641,149.9797765516095
2025-03-02T22:00:00Z,150.706,151.027,150.314,150.409,55497.0,150.401,150.417,150.03700634472824
2025-03-03T02:00:00Z,150.408,150.536,150.246,150.412,52561.0,150.404,150.42,150.08700549876448
2025-03-03T06:00:00Z,150.412,150.528,149.946,150.348,70223.0,150.34,150.355,150.1218047655959
2025-03-03T10:00:00Z,150.346,151.306,150.346,150.968,73472.0,150.961,150.976,150.23463079684979
2025-03-03T14:00:00Z,150.97,150.976,150.05,150.183,110896.0,150.175,150.191,150.22774669060314
2025-03-03T18:00:00Z,150.18,150.308,149.099,149.51,98421.0,149.496,149.525,150.13204713185607
2025-03-03T22:00:00Z,149.526,149.644,148.599,148.936,66547.0,148.926,148.945,149.97257418094193
2025-03-04T02:00:00Z,148.932,149.465,148.84,149.381,73268.0,149.372,149.39,149.893697623483
2025-03-04T06:00:00Z,149.382,149.58,148.796,149.052,114552.0,149.043,149.061,149.78147127368527
2025-03-04T10:00:00Z,149.05,149.05,148.094,148.211,96748.0,148.204,148.218,149.57207510386058
2025-03-04T14:00:00Z,148.21,148.919,148.192,148.746,171768.0,148.737,148.755,149.46193175667918
2025-03-04T18:00:00Z,148.747,149.882,148.704,149.807,108411.0,149.797,149.817,149.50794085578863
2025-03-04T22:00:00Z,149.749,150.186,149.578,149.974,60417.0,149.965,149.984,149.5700820750168
2025-03-05T02:00:00Z,149.975,150.099,149.696,149.717,62139.0,149.711,149.723,149.58967113168126
2025-03-05T06:00:00Z,149.715,149.817,149.095,149.374,87024.0,149.367,149.382,149.56091498079041
2025-03-05T10:00:00Z,149.378,149.742,148.936,149.02,95542.0,149.013,149.028,149.4887929833517
2025-03-05T14:00:00Z,149.021,149.11,148.392,148.864,170902.0,148.857,148.872,149.40548725223812
2025-03-05T18:00:00Z,148.866,149.143,148.738,148.896,78337.0,148.88,148.913,149.33755561860636
2025-03-05T22:00:00Z,148.852,149.335,148.726,148.998,37703.0,148.99,149.007,149.2922815361255
2025-03-06T02:00:00Z,148.996,149.31,148.931,148.938,48705.0,148.931,148.945,149.24504399797544
2025-03-06T06:00:00Z,148.936,148.968,147.782,147.888,113500.0,147.879,147.896,149.06410479824538
2025-03-06T10:00:00Z,147.884,148.076,147.352,147.422,101390.0,147.413,147.432,148.84515749181267
2025-03-06T14:00:00Z,147.422,148.393,147.31,147.92,180974.0,147.913,147.927,148.72180315957098
2025-03-06T18:00:00Z,147.92,148.062,147.57,147.986,82490.0,147.975,147.997,148.6236960716282
2025-03-06T22:00:00Z,148.016,148.165,147.658,147.902,43787.0,147.893,147.912,148.52746992874444
2025-03-07T02:00:00Z,147.901,148.037,147.444,147.454,53080.0,147.445,147.463,148.38434060491184
2025-03-07T06:00:00Z,147.454,147.756,147.203,147.444,91472.0,147.437,147.451,148.25896185759026
2025-03-07T10:00:00Z,147.444,147.974,147.118,147.232,98975.0,147.223,147.24,148.12203360991157
2025-03-07T14:00:00Z,147.23,147.734,146.942,147.488,169722.0,147.478,147.497,148.0374957952567
2025-03-07T18:00:00Z,147.49,148.204,147.482,148.036,78231.0,148.014,148.059,148.03729635588914
2025-03-09T21:00:00Z,147.945,147.971,147.23,147.296,40970.0,147.288,147.305,147.9384568417706
2025-03-10T01:00:00Z,147.292,147.758,147.09,147.638,49808.0,147.629,147.646,147.89839592953453
2025-03-10T05:00:00Z,147.638,147.795,147.14,147.188,68338.0,147.179,147.196,147.80367647226325
2025-03-10T09:00:00Z,147.187,147.36,146.724,147.02,92353.0,147.011,147.029,147.6991862759615
2025-03-10T13:00:00Z,147.021,147.308,146.633,147.258,136798.0,147.251,147.266,147.64036143916664
2025-03-10T17:00:00Z,147.259,147.468,147.038,147.27,77925.0,147.258,147.283,147.59097991394444
2025-03-10T21:00:00Z,147.274,147.291,146.543,146.749,46491.0,146.739,146.759,147.47871592541853
2025-03-11T01:00:00Z,146.748,147.224,146.597,146.974,72728.0,146.966,146.983,147.41142046869606
2025-03-11T05:00:00Z,146.975,147.404,146.761,147.29,80538.0,147.283,147.297,147.39523107286993
2025-03-11T09:00:00Z,147.29,147.94,147.22,147.773,79438.0,147.763,147.783,147.44560026315395
2025-03-11T13:00:00Z,147.771,148.122,147.25,147.295,184375.0,147.287,147.303,147.42552022806677
2025-03-11T17:00:00Z,147.294,147.919,147.023,147.776,95715.0,147.764,147.787,147.47225086432454
2025-03-11T21:00:00Z,147.776,148.158,147.662,148.134,30009.0,148.125,148.144,147.5604840824146
2025-03-12T01:00:00Z,148.134,148.271,147.846,148.152,44735.0,148.144,148.16,147.63935287142598
2025-03-12T05:00:00Z,148.152,148.654,147.962,148.342,66220.0,148.335,148.35,147.73303915523587
2025-03-12T09:00:00Z,148.344,149.198,148.131,149.13,78445.0,149.121,149.138,147.91930060120444
2025-03-12T13:00:00Z,149.129,149.154,148.198,148.286,116806.0,148.279,148.292,147.96819385437718
2025-03-12T17:00:00Z,148.286,148.418,148.108,148.262,54326.0,148.25,148.274,148.0073680071269
2025-03-12T21:00:00Z,148.224,148.374,148.091,148.11,20174.0,148.103,148.118,148.02105227284332
2025-03-13T01:00:00Z,148.11,148.33,147.822,147.85,41675.0,147.843,147.858,147.9982453031309
2025-03-13T05:00:00Z,147.851,147.942,147.576,147.922,74148.0,147.913,147.932,147.98807926271343
2025-03-13T09:00:00Z,147.921,148.26,147.757,148.209,74689.0,148.2,148.218,148.0175353610183
2025-03-13T13:00:00Z,148.208,148.357,147.531,147.587,120045.0,147.578,147.596,147.96013064621587
2025-03-13T17:00:00Z,147.586,147.826,147.414,147.807,58115.0,147.793,147.821,147.93971322672041
2025-03-13T21:00:00Z,147.8,148.332,147.752,148.299,26070.0,148.289,148.309,147.98761812982437
2025-03-14T01:00:00Z,148.3,148.556,148.154,148.499,38805.0,148.491,148.507,148.05580237918113
2025-03-14T05:00:00Z,148.498,149.024,148.427,148.882,61512.0,148.874,148.889,148.16596206195698
2025-03-14T09:00:00Z,148.884,149.0,148.587,148.658,63408.0,148.651,148.665,148.2315671203627
2025-03-14T13:00:00Z,148.658,148.898,148.259,148.356,90026.0,148.348,148.364,148.24815817098101
2025-03-14T17:00:00Z,148.354,148.676,148.32,148.637,31215.0,148.609,148.665,148.30000374818354
2025-03-16T21:00:00Z,148.75,148.886,148.462,148.796,26300.0,148.789,148.804,148.36613658175906
2025-03-17T01:00:00Z,148.796,149.042,148.536,149.039,37842.0,149.031,149.047,148.4558517041912
2025-03-17T05:00:00Z,149.044,149.1,148.684,148.928,52338.0,148.921,148.935,148.51880481029903
2025-03-17T09:00:00Z,148.926,148.953,148.234,148.818,61409.0,148.809,148.827,148.55869750225918
2025-03-17T13:00:00Z,148.82,149.1,148.446,148.728,99552.0,148.721,148.735,148.58127116862462
2025-03-17T17:00:00Z,148.73,149.284,148.702,149.21,37587.0,149.199,149.22,148.66510167947467
2025-03-17T21:00:00Z,149.214,149.489,149.126,149.466,19923.0,149.456,149.475,148.77188812221138
2025-03-18T01:00:00Z,149.465,149.735,149.363,149.559,29810.0,149.551,149.567,148.8768363725832
2025-03-18T05:00:00Z,149.56,149.902,149.514,149.752,34684.0,149.744,149.76,148.99352485623876
2025-03-18T09:00:00Z,149.753,149.937,149.564,149.842,43550.0,149.834,149.85,149.10665487540695
2025-03-18T13:00:00Z,149.842,149.896,149.282,149.424,84769.0,149.415,149.432,149.14896755868602
2025-03-18T17:00:00Z,149.423,149.433,149.1,149.282,42582.0,149.27,149.293,149.1667052175279
2025-03-18T21:00:00Z,149.301,149.644,149.194,149.606,18926.0,149.6,149.612,149.22527785519085
2025-03-19T01:00:00Z,149.607,149.646,149.206,149.534,27136.0,149.527,149.542,149.26644080783208
2025-03-19T05:00:00Z,149.537,150.026,149.142,149.631,60473.0,149.624,149.638,149.31504870012114
2025-03-19T09:00:00Z,149.63,149.888,149.571,149.794,34705.0,149.787,149.802,149.37890887343832
2025-03-19T13:00:00Z,149.794,150.149,149.743,149.94,54102.0,149.931,149.948,149.45372102364655
2025-03-19T17:00:00Z,149.939,150.0,148.609,148.7,78229.0,148.687,148.713,149.35322488716034
2025-03-19T21:00:00Z,148.724,148.874,148.28,148.304,22782.0,148.296,148.312,149.21332823553897
2025-03-20T01:00:00Z,148.304,148.451,148.182,148.398,28717.0,148.389,148.406,149.10461780413377
2025-03-20T05:00:00Z,148.397,148.688,148.174,148.546,38077.0,148.537,148.554,149.03013543024926
2025-03-20T09:00:00Z,148.546,148.784,148.402,148.56,55011.0,148.552,148.567,148.96745070621603
2025-03-20T13:00:00Z,148.561,148.964,148.452,148.756,68156.0,148.748,148.764,148.93925727872056
2025-03-20T17:00:00Z,148.756,148.927,148.714,148.788,32900.0,148.778,148.797,148.91908964155783
2025-03-20T21:00:00Z,148.805,149.033,148.586,148.996,22962.0,148.988,149.004,148.9293443560168
2025-03-21T01:00:00Z,148.996,149.484,148.933,149.418,31574.0,149.409,149.426,148.99449844188123
2025-03-21T05:00:00Z,149.418,149.666,149.246,149.482,40826.0,149.476,149.488,149.0594986496304
2025-03-21T09:00:00Z,149.482,149.485,148.636,148.674,39272.0,148.665,148.683,149.00809882967968
2025-03-21T13:00:00Z,148.674,149.259,148.606,149.238,79608.0,149.229,149.246,149.03875231905573
2025-03-21T17:00:00Z,149.238,149.369,149.157,149.3,29712.0,149.268,149.331,149.07358534318163
2025-03-23T21:00:00Z,149.366,149.782,149.361,149.742,23296.0,149.734,149.75,149.16270729742408
2025-03-24T01:00:00Z,149.742,149.956,149.682,149.77,26741.0,149.763,149.778,149.24367965776753
2025-03-24T05:00:00Z,149.772,149.87,149.529,149.626,44040.0,149.617,149.634,149.29465570339852
2025-03-24T09:00:00Z,149.624,149.868,149.495,149.828,40275.0,149.821,149.835,149.36576827627871
2025-03-24T13:00:00Z,149.828,150.76,149.754,150.576,59841.0,150.57,150.583,149.52713250610822
2025-03-24T17:00:00Z,150.576,150.72,150.486,150.701,32036.0,150.69,150.712,149.68364817196047
2025-03-24T21:00:00Z,150.636,150.946,150.636,150.937,20091.0,150.929,150.945,149.85076174903242
2025-03-25T01:00:00Z,150.936,150.94,150.512,150.56,28807.0,150.551,150.569,149.94532684916143
2025-03-25T05:00:00Z,150.56,150.768,150.416,150.624,33934.0,150.618,150.631,150.0358166026066
2025-03-25T09:00:00Z,150.625,150.672,149.86,149.972,39102.0,149.963,149.98,150.02730772225905
2025-03-25T13:00:00Z,149.972,149.981,149.55,149.776,59244.0,149.768,149.783,149.99380002595785
2025-03-25T17:00:00Z,149.776,149.942,149.714,149.914,22648.0,149.899,149.929,149.9831600224968
2025-03-25T21:00:00Z,149.914,150.198,149.841,150.176,17426.0,150.17,150.182,150.00887201949723
2025-03-26T01:00:00Z,150.172,150.546,150.05,150.544,28581.0,150.536,150.551,150.0802224168976
2025-03-26T05:00:00Z,150.544,150.624,150.092,150.122,39035.0,150.115,150.129,150.08579276131127
2025-03-26T09:00:00Z,150.122,150.442,150.021,150.394,36078.0,150.387,150.402,150.1268870598031
2025-03-26T13:00:00Z,150.392,150.746,150.306,150.572,62377.0,150.566,150.579,150.18623545182936
2025-03-26T17:00:00Z,150.572,150.727,150.312,150.587,40591.0,150.575,150.599,150.2396707249188
2025-03-26T21:00:00Z,150.547,150.624,150.288,150.485,27618.0,150.477,150.493,150.27238129492963
2025-03-27T01:00:00Z,150.484,150.485,150.061,150.197,30926.0,150.189,150.205,150.26233045560568
2025-03-27T05:00:00Z,150.196,150.632,150.14,150.63,46991.0,150.623,150.636,150.31135306152493
2025-03-27T09:00:00Z,150.63,151.092,150.598,150.732,39891.0,150.723,150.74,150.36743931998828
2025-03-27T13:00:00Z,150.732,151.158,150.583,151.012,70260.0,151.005,151.019,150.45338074398984
2025-03-27T17:00:00Z,151.011,151.15,150.964,151.043,33821.0,151.032,151.054,150.5319966447912
2025-03-27T21:00:00Z,151.053,151.214,150.767,150.964,23279.0,150.957,150.972,150.5895970921524
2025-03-28T01:00:00Z,150.964,150.978,150.704,150.873,33631.0,150.865,150.881,150.62738414653208
2025-03-28T05:00:00Z,150.874,150.938,150.361,150.534,39683.0,150.527,150.542,150.61493292699447
2025-03-28T09:00:00Z,150.535,150.953,150.499,150.642,43863.0,150.634,150.65,150.61854187006188
2025-03-28T13:00:00Z,150.642,150.787,149.909,150.091,98644.0,150.083,150.099,150.54820295405364
2025-03-28T17:00:00Z,150.09,150.14,149.684,149.844,33233.0,149.807,149.881,150.45430922684648
2025-03-30T21:00:00Z,149.827,149.857,149.067,149.3,38285.0,149.294,149.307,150.3004013299336
2025-03-31T01:00:00Z,149.301,149.38,148.724,149.081,48385.0,149.072,149.09,150.13781448594247
2025-03-31T05:00:00Z,149.082,149.296,148.702,149.057,74546.0,149.048,149.066,149.99370588781682
2025-03-31T09:00:00Z,149.054,149.643,148.968,149.601,57099.0,149.593,149.609,149.9413451027746
2025-03-31T13:00:00Z,149.6,149.985,149.406,149.896,99237.0,149.888,149.904,149.93529908907132
2025-03-31T17:00:00Z,149.896,150.268,149.872,149.97,46897.0,149.957,149.983,149.93992587719515
2025-03-31T21:00:00Z,149.964,150.141,149.678,149.738,30731.0,149.729,149.747,149.91300242690247
2025-04-01T01:00:00Z,149.737,149.919,149.534,149.562,34635.0,149.554,149.571,149.8662021033155
2025-04-01T05:00:00Z,149.562,149.992,149.503,149.669,51251.0,149.661,149.677,149.8399084895401
2025-04-01T09:00:00Z,149.668,149.724,149.121,149.39,56552.0,149.382,149.397,149.77992069093477
2025-04-01T13:00:00Z,149.392,149.743,148.977,149.516,106232.0,149.509,149.523,149.74473126547682
2025-04-01T17:00:00Z,149.515,149.65,149.239,149.616,44279.0,149.607,149.625,149.72756709674658
2025-04-01T21:00:00Z,149.603,149.92,149.552,149.796,27307.0,149.788,149.803,149.73669148384704
2025-04-02T01:00:00Z,149.795,149.954,149.713,149.902,26252.0,149.893,149.91,149.7587326193341
2025-04-02T05:00:00Z,149.902,150.003,149.522,149.657,41472.0,149.651,149.663,149.74516827008955
2025-04-02T09:00:00Z,149.658,149.719,149.102,149.179,52139.0,149.171,149.187,149.66967916741095
2025-04-02T13:00:00Z,149.178,150.254,149.156,150.194,87494.0,150.185,150.202,149.73958861175615
2025-04-02T17:00:00Z,150.194,150.492,149.24,149.304,97922.0,149.263,149.344,149.68151013018866
2025-04-02T21:00:00Z,149.274,149.284,147.685,147.89,97151.0,147.881,147.899,149.44264211283016
2025-04-03T01:00:00Z,147.89,148.108,147.118,147.556,77454.0,147.548,147.564,149.19108983111948
2025-04-03T05:00:00Z,147.556,147.638,146.686,146.815,106082.0,146.807,146.823,148.8742778536369
2025-04-03T09:00:00Z,146.814,146.859,145.748,145.896,110136.0,145.887,145.905,148.47717413981866
2025-04-03T13:00:00Z,145.896,146.434,145.19,146.154,182431.0,146.147,146.16,148.16741758784283
2025-04-03T17:00:00Z,146.155,146.518,145.968,146.071,86061.0,146.057,146.085,147.88789524279713
2025-04-03T21:00:00Z,146.061,146.41,145.542,145.964,54049.0,145.955,145.974,147.63137587709085
2025-04-04T01:00:00Z,145.964,146.406,145.36,145.426,75523.0,145.419,145.434,147.3373257601454
2025-04-04T05:00:00Z,145.427,146.489,145.302,146.412,124570.0,146.402,146.421,147.21394899212603
2025-04-04T09:00:00Z,146.412,146.553,144.552,145.603,241009.0,145.594,145.612,146.9991557931759
2025-04-04T13:00:00Z,145.602,146.788,145.048,146.716,272804.0,146.708,146.725,146.9614016874191
2025-04-04T17:00:00Z,146.718,147.436,146.528,147.014,162039.0,146.966,147.061,146.96841479576324
2025-04-06T21:00:00Z,145.494,145.85,144.82,145.816,137245.0,145.806,145.826,146.81475948966147
2025-04-07T01:00:00Z,145.817,146.85,145.782,145.882,136668.0,145.871,145.892,146.69039155770662
2025-04-07T05:00:00Z,145.881,146.372,145.072,146.219,206635.0,146.213,146.225,146.6275393500124
2025-04-07T09:00:00Z,146.218,147.052,145.822,146.981,188168.0,146.971,146.991,146.67466743667742
2025-04-07T13:00:00Z,146.984,148.112,146.515,147.943,251432.0,147.933,147.953,146.84377844512045
2025-04-07T17:00:00Z,147.941,148.151,147.528,147.88,161639.0,147.83,147.93,146.98194131910438
2025-04-07T21:00:00Z,147.765,148.124,147.504,147.608,66604.0,147.598,147.619,147.06541580989045
2025-04-08T01:00:00Z,147.61,147.77,147.251,147.762,84162.0,147.754,147.771,147.15829370190505
2025-04-08T05:00:00Z,147.762,147.803,146.968,147.426,106099.0,147.417,147.435,147.19398787498437
2025-04-08T09:00:00Z,147.426,147.521,146.673,146.826,114725.0,146.817,146.836,147.14492282498645
2025-04-08T13:00:00Z,146.826,147.668,146.499,146.53,182638.0,146.523,146.538,147.06293311498825
2025-04-08T17:00:00Z,146.541,146.742,145.966,146.28,182625.0,146.267,146.293,146.95854203298984
2025-04-08T21:00:00Z,146.18,146.36,145.13,145.408,86443.0,145.4,145.416,146.75180309525786
2025-04-09T01:00:00Z,145.408,145.946,144.578,144.946,145799.0,144.936,144.955,146.51102934922346
2025-04-09T05:00:00Z,144.946,145.784,144.704,145.296,187356.0,145.288,145.305,146.34902543599367
2025-04-09T09:00:00Z,145.298,145.488,143.99,144.322,157835.0,144.313,144.331,146.07875537786117
2025-04-09T13:00:00Z,144.322,145.209,144.204,144.934,169910.0,144.927,144.942,145.92612132747968
2025-04-09T17:00:00Z,144.935,148.284,144.632,147.761,200597.0,147.711,147.811,146.17077181714905
2025-04-09T21:00:00Z,147.8,147.8,146.684,146.729,68494.0,146.719,146.739,146.24520224152917
2025-04-10T01:00:00Z,146.73,147.038,146.504,146.62,83279.0,146.611,146.629,146.29517527599197
2025-04-10T05:00:00Z,146.622,147.146,146.148,146.31,105211.0,146.302,146.318,146.29715190585972
2025-04-10T09:00:00Z,146.308,146.338,144.872,145.452,110703.0,145.442,145.461,146.18446498507842
2025-04-10T13:00:00Z,145.45,145.543,144.014,144.533,207249.0,144.527,144.539,145.96426965373465
2025-04-10T17:00:00Z,144.534,145.137,144.442,144.446,149592.0,144.437,144.456,145.76183369990335
2025-04-10T21:00:00Z,144.528,144.664,142.879,143.359,110489.0,143.349,143.369,145.44145587324957
2025-04-11T01:00:00Z,143.36,143.788,142.874,142.926,108760.0,142.915,142.936,145.1060617568163
2025-04-11T05:00:00Z,142.926,144.148,142.066,142.418,169237.0,142.408,142.428,144.74765352257413
2025-04-11T09:00:00Z,142.419,143.226,142.054,142.526,154126.0,142.518,142.534,144.45143305289758
2025-04-11T13:00:00Z,142.526,143.988,142.22,143.781,178682.0,143.772,143.79,144.36204197917792
2025-04-11T17:00:00Z,143.78,144.206,143.466,143.472,81855.0,143.422,143.522,144.24336971528754
2025-04-13T21:00:00Z,143.985,144.066,142.896,142.909,66799.0,142.9,142.918,144.06545375324922
2025-04-14T01:00:00Z,142.91,143.205,142.252,143.038,81426.0,143.029,143.047,143.92845991948266
2025-04-14T05:00:00Z,143.04,143.278,142.23,142.914,98105.0,142.908,142.921,143.793198596885
2025-04-14T09:00:00Z,142.915,143.702,142.763,143.669,80494.0,143.661,143.677,143.776638783967
2025-04-14T13:00:00Z,143.668,144.083,142.78,143.219,141219.0,143.21,143.228,143.70228694610475
2025-04-14T17:00:00Z,143.22,143.354,142.86,143.024,62541.0,142.976,143.073,143.6118486866241
2025-04-14T21:00:00Z,143.052,143.591,142.934,143.51,31868.0,143.5,143.519,143.5982688617409
2025-04-15T01:00:00Z,143.508,143.597,142.906,143.041,42418.0,143.032,143.05,143.52396634684212
2025-04-15T05:00:00Z,143.043,143.512,142.844,142.911,72452.0,142.902,142.92,143.4422375005965
2025-04-15T09:00:00Z,142.912,143.189,142.6,142.878,71751.0,142.872,142.884,143.3670058338503
2025-04-15T13:00:00Z,142.88,143.268,142.674,143.094,108118.0,143.087,143.101,143.3306050560036
2025-04-15T17:00:00Z,143.092,143.282,143.042,143.252,39214.0,143.246,143.259,143.3201243818698
2025-04-15T21:00:00Z,143.209,143.282,142.766,142.892,37773.0,142.881,142.902,143.2630411309538
2025-04-16T01:00:00Z,142.891,142.996,142.47,142.632,43453.0,142.624,142.64,143.1789023134933
2025-04-16T05:00:00Z,142.632,142.959,142.036,142.624,102957.0,142.617,142.631,143.10491533836085
2025-04-16T09:00:00Z,142.624,142.918,142.436,142.646,82138.0,142.637,142.655,143.0437266265794
2025-04-16T13:00:00Z,142.646,142.862,142.316,142.554,96932.0,142.545,142.563,142.9784297430355
2025-04-16T17:00:00Z,142.554,142.701,141.64,141.864,84042.0,141.842,141.887,142.82983911063076
2025-04-16T21:00:00Z,141.842,142.608,141.614,142.586,52252.0,142.575,142.596,142.79732722921332
2025-04-17T01:00:00Z,142.584,142.868,142.386,142.673,51107.0,142.665,142.681,142.7807502653182
2025-04-17T05:00:00Z,142.674,143.088,142.488,142.683,65104.0,142.676,142.69,142.7677168966091
2025-04-17T09:00:00Z,142.682,142.847,142.289,142.322,70277.0,142.312,142.332,142.70828797706122
2025-04-17T13:00:00Z,142.322,142.636,141.9,142.466,108184.0,142.457,142.475,142.67598291345305
2025-04-17T17:00:00Z,142.466,142.72,142.352,142.466,49334.0,142.448,142.483,142.64798519165933
2025-04-17T21:00:00Z,142.415,142.553,142.216,142.398,34703.0,142.389,142.408,142.6146538327714
2025-04-18T01:00:00Z,142.4,142.444,142.289,142.344,178974.0,142.333,142.354,142.57856665506856
2025-04-18T05:00:00Z,142.342,142.411,142.313,142.388,67818.0,142.379,142.397,142.55315776772608
2025-04-18T09:00:00Z,142.388,142.396,142.275,142.33,75381.0,142.321,142.338,142.52340339869593
2025-04-18T13:00:00Z,142.329,142.366,142.115,142.216,59470.0,142.202,142.229,142.4824162788698
2025-04-18T17:00:00Z,142.218,142.306,142.136,142.173,65188.0,142.123,142.223,142.4411607750205
2025-04-20T21:00:00Z,142.065,142.162,141.142,141.188,50352.0,141.179,141.198,142.27407267168445
2025-04-21T01:00:00Z,141.19,141.206,140.616,140.77,52233.0,140.762,140.778,142.0735296487932
2025-04-21T05:00:00Z,140.768,140.91,140.546,140.576,49632.0,140.567,140.586,141.87385902895412
2025-04-21T09:00:00Z,140.576,141.078,140.471,140.782,53056.0,140.775,140.79,141.72827782509358
2025-04-21T13:00:00Z,140.783,141.046,140.568,140.834,71773.0,140.828,140.841,141.60904078174778
2025-04-21T17:00:00Z,140.834,140.98,140.558,140.856,35571.0,140.838,140.875,141.5086353441814
2025-04-21T21:00:00Z,140.856,141.174,140.652,140.853,32755.0,140.845,140.861,141.42121729829057
2025-04-22T01:00:00Z,140.856,140.995,140.096,140.196,47067.0,140.188,140.204,141.25785499185184
2025-04-22T05:00:00Z,140.196,140.634,139.889,140.516,73794.0,140.508,140.524,141.15894099293826
2025-04-22T09:00:00Z,140.516,140.58,140.174,140.532,54193.0,140.523,140.54,141.07534886054648
2025-04-22T13:00:00Z,140.53,141.366,140.511,141.306,78072.0,141.299,141.312,141.10610234580696
2025-04-22T17:00:00Z,141.295,141.67,141.042,141.602,57502.0,141.588,141.615,141.1722220330327
2025-04-22T21:00:00Z,141.535,143.223,141.487,142.088,74700.0,142.079,142.096,141.2943257619617
2025-04-23T01:00:00Z,142.087,142.259,141.668,141.962,60145.0,141.953,141.97,141.38334899370014
2025-04-23T05:00:00Z,141.961,142.15,141.53,141.74,76231.0,141.732,141.748,141.43090246120678
2025-04-23T09:00:00Z,141.74,142.193,141.576,141.846,57254.0,141.837,141.856,141.48624879971254
2025-04-23T13:00:00Z,141.846,143.078,141.754,143.022,155040.0,143.014,143.031,141.69101562641754
2025-04-23T17:00:00Z,143.023,143.58,142.931,143.457,48578.0,143.439,143.475,141.92648020956187
2025-04-23T21:00:00Z,143.411,143.429,142.86,142.95,38318.0,142.94,142.959,142.06294951495363
2025-04-24T01:00:00Z,142.953,143.084,142.602,142.756,44038.0,142.748,142.765,142.15535624629314
2025-04-24T05:00:00Z,142.76,142.96,142.5,142.638,57199.0,142.628,142.647,142.2197087467874
2025-04-24T09:00:00Z,142.636,142.7,142.288,142.405,48790.0,142.398,142.412,142.24441424721576
2025-04-24T13:00:00Z,142.404,142.796,142.278,142.647,74606.0,142.641,142.653,142.298092347587
2025-04-24T17:00:00Z,142.648,142.836,142.49,142.628,27553.0,142.613,142.644,142.3420800345754
2025-04-24T21:00:00Z,142.636,143.116,142.582,143.066,25472.0,143.056,143.075,142.43860269663202
2025-04-25T01:00:00Z,143.064,143.804,142.828,143.618,48393.0,143.609,143.626,142.5958556704144
2025-04-25T05:00:00Z,143.618,143.852,143.225,143.419,57598.0,143.41,143.428,142.70560824769248
2025-04-25T09:00:00Z,143.42,143.738,143.224,143.417,49600.0,143.409,143.425,142.8004604813335
2025-04-25T13:00:00Z,143.418,144.031,143.411,143.816,66315.0,143.81,143.823,142.93586575048903
2025-04-25T17:00:00Z,143.814,143.852,143.442,143.682,30209.0,143.65,143.714,143.0353503170905
2025-04-27T21:00:00Z,143.623,143.882,143.481,143.49,30054.0,143.482,143.499,143.09597027481178
2025-04-28T01:00:00Z,143.492,143.862,143.316,143.324,34132.0,143.316,143.331,143.1263742381702
2025-04-28T05:00:00Z,143.325,143.898,143.288,143.544,48492.0,143.535,143.552,143.18205767308083
2025-04-28T09:00:00Z,143.542,143.582,143.15,143.348,43077.0,143.34,143.356,143.20418331667005
2025-04-28T13:00:00Z,143.348,143.443,142.272,142.338,69214.0,142.331,142.345,143.08869220778072
2025-04-28T17:00:00Z,142.336,142.388,141.984,142.024,27455.0,142.01,142.039,142.9467332467433
2025-04-28T21:00:00Z,142.032,142.318,142.016,142.246,20617.0,142.238,142.254,142.85330214717752
2025-04-29T01:00:00Z,142.248,142.582,142.124,142.526,34297.0,142.519,142.534,142.8096618608872
2025-04-29T05:00:00Z,142.528,142.614,142.3,142.594,46274.0,142.587,142.602,142.78090694610225
2025-04-29T09:00:00Z,142.594,142.76,142.252,142.31,38406.0,142.303,142.316,142.7181193532886
2025-04-29T13:00:00Z,142.309,142.396,141.965,142.047,77968.0,142.04,142.054,142.62863677285014
2025-04-29T17:00:00Z,142.046,142.452,142.01,142.37,29019.0,142.355,142.386,142.59415186980345
2025-04-29T21:00:00Z,142.282,142.511,142.165,142.431,21583.0,142.423,142.439,142.572398287163
2025-04-30T01:00:00Z,142.43,142.56,142.23,142.518,28748.0,142.51,142.526,142.56514518220794
2025-04-30T05:00:00Z,142.518,142.95,142.453,142.91,33637.0,142.902,142.918,142.61112582458023
2025-04-30T09:00:00Z,142.91,143.157,142.688,142.823,48520.0,142.815,142.831,142.6393757146362
2025-04-30T13:00:00Z,142.823,143.044,142.508,142.678,90001.0,142.672,142.685,142.64452561935138
2025-04-30T17:00:00Z,142.678,143.192,142.602,143.066,40560.0,143.052,143.079,142.70072220343786
2025-04-30T21:00:00Z,143.0,143.085,142.881,143.008,20636.0,143.0,143.016,142.74169257631283
2025-05-01T01:00:00Z,143.008,143.902,142.963,143.88,31266.0,143.871,143.89,142.89346689947112
2025-05-01T05:00:00Z,143.878,144.744,143.873,144.22,52547.0,144.213,144.226,143.07033797954165
2025-05-01T09:00:00Z,144.22,144.77,144.127,144.712,46243.0,144.703,144.72,143.2892262489361
2025-05-01T13:00:00Z,144.712,145.657,144.542,145.396,78360.0,145.388,145.404,143.57012941574462
2025-05-01T17:00:00Z,145.396,145.737,145.332,145.398,33383.0,145.391,145.405,143.81384549364535
2025-05-01T21:00:00Z,145.45,145.926,145.262,145.873,27439.0,145.867,145.879,144.08839942782598
2025-05-02T01:00:00Z,145.871,145.876,145.146,145.391,38585.0,145.383,145.399,144.26207950411586
2025-05-02T05:00:00Z,145.39,145.418,144.822,144.832,49488.0,144.825,144.838,144.3380689035671
2025-05-02T09:00:00Z,144.832,144.964,144.336,144.646,71301.0,144.637,144.654,144.3791263830915
2025-05-02T13:00:00Z,144.646,144.797,143.73,144.674,109708.0,144.666,144.681,144.41844286534595
2025-05-02T17:00:00Z,144.675,145.084,144.58,144.957,39016.0,144.922,144.992,144.49025048329983
2025-05-04T21:00:00Z,144.732,144.996,144.511,144.64,23006.0,144.631,144.648,144.51021708552653
2025-05-05T01:00:00Z,144.64,144.64,144.066,144.152,33631.0,144.143,144.161,144.46245480745634
2025-05-05T05:00:00Z,144.15,144.427,143.894,144.05,43818.0,144.041,144.059,144.40746083312882
2025-05-05T09:00:00Z,144.05,144.073,143.575,143.638,42553.0,143.629,143.647,144.3048660553783
2025-05-05T13:00:00Z,143.638,144.238,143.542,144.171,62409.0,144.163,144.179,144.28701724799456
2025-05-05T17:00:00Z,144.17,144.174,143.658,143.7,24056.0,143.685,143.715,144.2087482815953
2025-05-05T21:00:00Z,143.752,144.022,143.56,144.002,20073.0,143.993,144.011,144.18118184404926
2025-05-06T01:00:00Z,144.002,144.276,143.625,143.713,34491.0,143.704,143.722,144.11875759817602
2025-05-06T05:00:00Z,143.711,143.928,142.906,143.134,50357.0,143.126,143.143,143.98745658508588
2025-05-06T09:00:00Z,143.134,143.354,142.49,142.52,44352.0,142.513,142.526,143.79179570707444
2025-05-06T13:00:00Z,142.519,143.038,142.354,142.732,61128.0,142.723,142.741,143.65048961279786
2025-05-06T17:00:00Z,142.73,142.737,142.358,142.404,28196.0,142.397,142.41,143.48429099775814
2025-05-06T21:00:00Z,142.504,143.315,142.423,142.95,50072.0,142.941,142.96,143.41305219805704
2025-05-07T01:00:00Z,142.947,143.328,142.746,143.28,45176.0,143.273,143.288,143.39531190498278
2025-05-07T05:00:00Z,143.282,143.444,142.829,143.32,41370.0,143.313,143.328,143.38527031765173
2025-05-07T09:00:00Z,143.32,143.458,143.158,143.354,36305.0,143.348,143.361,143.38110094196483
2025-05-07T13:00:00Z,143.352,143.588,143.12,143.416,52087.0,143.41,143.423,143.38575414970285
2025-05-07T17:00:00Z,143.416,144.002,142.906,143.826,80040.0,143.815,143.838,143.44445359640915
2025-05-07T21:00:00Z,143.746,143.955,143.57,143.854,22670.0,143.844,143.864,143.4990597835546
2025-05-08T01:00:00Z,143.854,143.899,143.445,143.776,42919.0,143.768,143.785,143.53598514574733
2025-05-08T05:00:00Z,143.777,144.849,143.776,144.809,56529.0,144.801,144.817,143.7057204596477
2025-05-08T09:00:00Z,144.81,145.01,144.51,144.688,53582.0,144.68,144.696,143.836691065028
2025-05-08T13:00:00Z,144.688,145.788,144.436,145.726,93464.0,145.719,145.733,144.08859892302428
2025-05-08T17:00:00Z,145.722,146.178,145.617,145.909,36476.0,145.896,145.922,144.33131906662103
2025-05-08T21:00:00Z,145.834,146.19,145.674,145.698,33116.0,145.689,145.707,144.51354319107156
2025-05-09T01:00:00Z,145.698,145.974,145.45,145.503,40205.0,145.494,145.512,144.64547076559535
2025-05-09T05:00:00Z,145.502,145.632,145.076,145.188,41216.0,145.18,145.195,144.7178079968493
2025-05-09T09:00:00Z,145.188,145.408,144.932,145.251,36701.0,145.244,145.258,144.78890026393606
2025-05-09T13:00:00Z,145.25,145.3,144.825,145.28,54010.0,145.272,145.287,144.8543802287446
2025-05-09T17:00:00Z,145.28,145.382,145.15,145.373,18066.0,145.354,145.392,144.92352953157865
2025-05-11T21:00:00Z,146.176,146.242,145.702,145.908,37335.0,145.899,145.917,145.0547922607015
2025-05-12T01:00:00Z,145.908,146.286,145.716,145.926,42193.0,145.916,145.935,145.17095329260798
2025-05-12T05:00:00Z,145.927,148.228,145.872,147.757,105330.0,147.749,147.765,145.51575952026025
2025-05-12T09:00:00Z,147.758,148.596,147.665,148.054,82385.0,148.045,148.063,145.85419158422556
2025-05-12T13:00:00Z,148.052,148.557,147.814,148.516,87359.0,148.507,148.524,146.2090993729955
2025-05-12T17:00:00Z,148.514,148.654,148.27,148.476,30941.0,148.457,148.496,146.51135278992945
2025-05-12T21:00:00Z,148.448,148.468,147.793,147.812,27623.0,147.806,147.819,146.68477241793886
2025-05-13T01:00:00Z,147.811,148.034,147.698,147.7,37293.0,147.692,147.708,146.820136095547
2025-05-13T05:00:00Z,147.7,148.064,147.646,147.922,54906.0,147.912,147.931,146.9670512828074
2025-05-13T09:00:00Z,147.92,148.282,147.848,147.994,49088.0,147.985,148.002,147.1039777784331
2025-05-13T13:00:00Z,147.992,148.064,147.456,147.611,79738.0,147.604,147.618,147.17158074130867
2025-05-13T17:00:00Z,147.612,147.776,147.378,147.477,25906.0,147.461,147.493,147.2123033091342
2025-05-13T21:00:00Z,147.49,147.67,147.28,147.37,25562.0,147.361,147.378,147.233329534583
2025-05-14T01:00:00Z,147.368,147.416,146.881,146.946,40372.0,146.937,146.954,147.19501892997192
2025-05-14T05:00:00Z,146.945,147.218,146.13,146.252,67461.0,146.242,146.261,147.06928307264235
2025-05-14T09:00:00Z,146.252,146.4,145.605,146.194,70418.0,146.185,146.202,146.9525786629567
2025-05-14T13:00:00Z,146.194,147.126,145.764,146.696,89657.0,146.688,146.705,146.9183681745625
2025-05-14T17:00:00Z,146.697,146.9,146.441,146.744,35788.0,146.732,146.757,146.89511908462083
2025-05-14T21:00:00Z,146.719,146.756,146.166,146.217,25230.0,146.209,146.225,146.8047032066714
2025-05-15T01:00:00Z,146.216,146.382,145.95,146.092,40705.0,146.083,146.1,146.70967611244856
2025-05-15T05:00:00Z,146.092,146.144,145.482,145.749,57695.0,145.742,145.756,146.5815859641221
2025-05-15T09:00:00Z,145.748,146.258,145.634,145.8,57995.0,145.791,145.81,146.47737450223914
2025-05-15T13:00:00Z,145.799,146.043,145.414,145.624,81005.0,145.615,145.632,146.36359123527393
2025-05-15T17:00:00Z,145.624,145.771,145.544,145.696,22421.0,145.678,145.713,146.27457907057075
2025-05-15T21:00:00Z,145.691,145.744,145.002,145.092,28207.0,145.083,145.102,146.11690186116132
2025-05-16T01:00:00Z,145.093,145.466,144.967,145.307,34906.0,145.298,145.316,146.00891494633981
2025-05-16T05:00:00Z,145.308,145.424,144.92,145.302,43930.0,145.293,145.31,145.9146596201612
2025-05-16T09:00:00Z,145.302,145.694,145.264,145.515,44268.0,145.507,145.523,145.86137167080636
2025-05-16T13:00:00Z,145.513,146.102,145.402,145.942,56235.0,145.933,145.951,145.87212211469884
2025-05-16T17:00:00Z,145.942,146.035,145.55,145.639,24686.0,145.633,145.645,145.84103916607233
2025-05-18T21:00:00Z,145.328,145.478,144.842,144.908,38582.0,144.901,144.915,145.71663394392937
2025-05-19T01:00:00Z,144.908,145.346,144.806,145.316,44074.0,145.307,145.324,145.6632160847388
2025-05-19T05:00:00Z,145.315,145.318,144.662,144.882,57361.0,144.874,144.891,145.55905394010696
2025-05-19T09:00:00Z,144.88,145.044,144.704,145.022,51794.0,145.013,145.03,145.4874467480927
2025-05-19T13:00:00Z,145.022,145.22,144.786,144.984,67277.0,144.976,144.992,145.42032051501369
2025-05-19T17:00:00Z,144.982,145.112,144.776,144.854,21554.0,144.836,144.873,145.34481111301187
2025-05-19T21:00:00Z,144.866,145.514,144.83,145.273,22166.0,145.265,145.281,145.33523629794362
2025-05-20T01:00:00Z,145.274,145.3,144.71,144.767,47429.0,144.759,144.775,145.2594714582178
2025-05-20T05:00:00Z,144.768,144.77,144.092,144.486,63237.0,144.478,144.495,145.15634193045543
2025-05-20T09:00:00Z,144.488,144.839,144.371,144.812,43149.0,144.803,144.821,145.11042967306136
2025-05-20T13:00:00Z,144.811,144.977,144.514,144.81,63343.0,144.803,144.817,145.07037238331986
2025-05-20T17:00:00Z,144.808,144.888,144.432,144.508,22504.0,144.494,144.521,144.99538939887722
2025-05-20T21:00:00Z,144.529,144.611,144.128,144.176,29062.0,144.166,144.185,144.88613747902693
2025-05-21T01:00:00Z,144.174,144.355,143.642,143.748,41573.0,143.74,143.756,144.73438581515668
2025-05-21T05:00:00Z,143.75,144.196,143.46,144.12,60296.0,144.111,144.128,144.65246770646914
2025-05-21T09:00:00Z,144.116,144.184,143.468,143.69,62075.0,143.682,143.699,144.52413867893992
2025-05-21T13:00:00Z,143.689,143.896,143.558,143.65,67977.0,143.642,143.659,144.40758685508126
2025-05-21T17:00:00Z,143.652,143.768,143.282,143.66,54117.0,143.649,143.67,144.3079086077371
2025-05-21T21:00:00Z,143.631,144.416,143.283,143.47,47032.0,143.461,143.48,144.1961874600388
2025-05-22T01:00:00Z,143.474,143.648,143.142,143.3,43007.0,143.291,143.31,144.0766957987003
2025-05-22T05:00:00Z,143.3,143.44,142.802,143.278,64233.0,143.271,143.284,143.9702030255403
2025-05-22T09:00:00Z,143.278,143.784,143.254,143.554,63074.0,143.546,143.563,143.9147092888016
2025-05-22T13:00:00Z,143.553,144.118,143.433,144.02,86807.0,144.011,144.029,143.92874805029473
2025-05-22T17:00:00Z,144.019,144.331,143.904,144.011,27812.0,143.996,144.026,143.9397149769221
2025-05-22T21:00:00Z,144.058,144.106,143.75,143.864,26439.0,143.855,143.873,143.92961964666583
2025-05-23T01:00:00Z,143.861,143.97,143.361,143.472,32915.0,143.465,143.479,143.86860369377706
2025-05-23T05:00:00Z,143.47,143.587,143.232,143.315,41609.0,143.307,143.323,143.79478986794012
2025-05-23T09:00:00Z,143.316,143.434,142.454,142.61,99982.0,142.602,142.619,143.6368178855481
2025-05-23T13:00:00Z,142.61,142.898,142.523,142.644,82524.0,142.638,142.65,143.50444216747505
2025-05-23T17:00:00Z,142.642,142.736,142.422,142.558,26145.0,142.536,142.581,143.37824987847839
2025-05-25T21:00:00Z,142.51,143.086,142.461,142.566,33411.0,142.559,142.573,143.26994989468128
2025-05-26T01:00:00Z,142.566,142.686,142.226,142.566,38823.0,142.56,142.572,143.17608990872378
2025-05-26T05:00:00Z,142.565,142.924,142.474,142.894,42725.0,142.887,142.902,143.13847792089396
2025-05-26T09:00:00Z,142.893,143.034,142.821,142.978,24678.0,142.97,142.985,143.11708086477478
2025-05-26T13:00:00Z,142.978,142.992,142.726,142.728,17903.0,142.719,142.736,143.06520341613813
2025-05-26T17:00:00Z,142.728,142.842,142.711,142.842,3565.0,142.829,142.854,143.03544296065306
2025-05-26T21:00:00Z,142.851,142.987,142.247,142.28,20110.0,142.272,142.288,142.934717232566
2025-05-27T01:00:00Z,142.278,142.864,142.111,142.856,34339.0,142.849,142.864,142.92422160155718
2025-05-27T05:00:00Z,142.857,143.889,142.857,143.87,69222.0,143.863,143.877,143.05032538801623
2025-05-27T09:00:00Z,143.871,144.192,143.804,144.024,54055.0,144.017,144.032,143.18014866961408
2025-05-27T13:00:00Z,144.025,144.465,143.876,144.378,64214.0,144.369,144.386,143.3398621803322
2025-05-27T17:00:00Z,144.375,144.413,144.24,144.351,18667.0,144.34,144.362,143.47468055628792
2025-05-27T21:00:00Z,144.332,144.38,143.851,144.128,20701.0,144.119,144.138,143.56178981544954
2025-05-28T01:00:00Z,144.13,144.772,144.088,144.428,62170.0,144.42,144.436,143.67728450672294
2025-05-28T05:00:00Z,144.428,144.775,143.992,144.042,61025.0,144.034,144.05,143.7259132391599
2025-05-28T09:00:00Z,144.042,144.539,144.0,144.514,42933.0,144.507,144.522,143.83099147393858
2025-05-28T13:00:00Z,144.514,145.08,144.514,144.918,62975.0,144.91,144.926,143.9759259440801
2025-05-28T17:00:00Z,144.916,145.014,144.756,144.87,29952.0,144.854,144.887,144.09513581820275
2025-05-28T21:00:00Z,144.81,146.104,144.752,146.1,67569.0,146.091,146.11,144.3624510424424
2025-05-29T01:00:00Z,146.1,146.29,145.601,145.75,51320.0,145.743,145.756,144.54745757011673
2025-05-29T05:00:00Z,145.749,146.096,145.14,145.271,62112.0,145.262,145.28,144.64392989410118
2025-05-29T09:00:00Z,145.272,145.292,144.41,144.435,65284.0,144.429,144.441,144.61607257488768
2025-05-29T13:00:00Z,144.434,144.545,144.047,144.148,76593.0,144.139,144.156,144.55366289823598
2025-05-29T17:00:00Z,144.146,144.258,143.962,144.186,30194.0,144.168,144.205,144.5046411784712
2025-05-29T21:00:00Z,144.194,144.229,143.588,143.774,31583.0,143.765,143.783,144.40722235467504
2025-05-30T01:00:00Z,143.774,143.996,143.441,143.778,49276.0,143.77,143.787,144.32332604071837
2025-05-30T05:00:00Z,143.778,144.162,143.714,144.056,60811.0,144.049,144.062,144.28768256862259
2025-05-30T09:00:00Z,144.055,144.228,143.472,143.727,67648.0,143.719,143.735,144.21292489280626
2025-05-30T13:00:00Z,143.726,144.447,143.713,143.899,86246.0,143.892,143.906,144.1710682404321
2025-05-30T17:00:00Z,143.9,144.096,143.794,144.06,28997.0,144.01,144.109,144.15625914170784
2025-06-01T21:00:00Z,143.862,143.989,143.526,143.539,26406.0,143.53,143.548,144.07395792281346
2025-06-02T01:00:00Z,143.54,143.644,143.328,143.542,41051.0,143.534,143.549,144.00303019977167
2025-06-02T05:00:00Z,143.541,143.564,142.794,142.931,55299.0,142.925,142.937,143.86009283980212
2025-06-02T09:00:00Z,142.93,142.978,142.622,142.831,50529.0,142.822,142.84,143.72288046116185
2025-06-02T13:00:00Z,142.832,143.076,142.539,142.936,79986.0,142.928,142.945,143.61796306634028
2025-06-02T17:00:00Z,142.934,143.004,142.668,142.698,30388.0,142.687,142.71,143.49530132416157
2025-06-02T21:00:00Z,142.736,142.792,142.379,142.706,24685.0,142.698,142.715,143.3900611476067
2025-06-03T01:00:00Z,142.706,143.272,142.705,142.946,40671.0,142.939,142.954,143.33085299459248
2025-06-03T05:00:00Z,142.946,143.129,142.61,142.801,50297.0,142.793,142.809,143.26020592864683
2025-06-03T09:00:00Z,142.8,143.448,142.77,143.422,42807.0,143.414,143.429,143.2817784714939
2025-06-03T13:00:00Z,143.42,144.115,143.328,143.981,67707.0,143.974,143.988,143.37500800862807
2025-06-03T17:00:00Z,143.983,144.109,143.841,143.994,21667.0,143.956,144.032,143.45754027414432
2025-06-03T21:00:00Z,143.992,144.064,143.774,143.994,24133.0,143.985,144.004,143.52906823759176
2025-06-04T01:00:00Z,143.994,144.3,143.672,144.257,41897.0,144.249,144.265,143.62612580591286
2025-06-04T05:00:00Z,144.256,144.396,143.795,143.892,48237.0,143.885,143.898,143.66157569845782
2025-06-04T09:00:00Z,143.894,144.316,143.506,143.556,54805.0,143.548,143.565,143.64749893866346
2025-06-04T13:00:00Z,143.556,143.836,142.604,142.641,75467.0,142.634,142.648,143.513299080175
2025-06-04T17:00:00Z,142.64,142.929,142.631,142.766,21777.0,142.749,142.782,143.41365920281834
2025-06-04T21:00:00Z,142.726,142.854,142.533,142.666,27361.0,142.658,142.675,143.31397130910923
2025-06-05T01:00:00Z,142.666,143.078,142.571,143.033,46493.0,143.023,143.043,143.27650846789467
2025-06-05T05:00:00Z,143.034,143.404,143.006,143.281,45063.0,143.272,143.29,143.27710733884206
2025-06-05T09:00:00Z,143.282,143.694,142.777,143.37,66645.0,143.362,143.377,143.28949302699647
2025-06-05T13:00:00Z,143.368,143.98,142.896,143.53,108230.0,143.521,143.538,143.32156062339695
2025-06-05T17:00:00Z,143.528,143.856,143.472,143.582,42771.0,143.573,143.592,143.3562858736107
2025-06-05T21:00:00Z,143.547,143.789,143.45,143.726,20334.0,143.717,143.735,143.4055810904626
2025-06-06T01:00:00Z,143.726,143.902,143.624,143.838,31634.0,143.828,143.847,143.4632369450676
2025-06-06T05:00:00Z,143.838,144.139,143.803,144.055,40980.0,144.047,144.063,143.54213868572526
2025-06-06T09:00:00Z,144.055,144.746,144.002,144.625,63236.0,144.617,144.633,143.68652019429524
2025-06-06T13:00:00Z,144.626,145.093,144.553,144.97,90097.0,144.961,144.978,143.8576508350559
2025-06-06T17:00:00Z,144.972,144.972,144.77,144.859,26509.0,144.837,144.881,143.99116405704845
2025-06-08T21:00:00Z,144.885,144.954,144.58,144.94,17687.0,144.933,144.947,144.11767551610865
2025-06-09T01:00:00Z,144.94,144.942,144.347,144.384,29661.0,144.375,144.394,144.15318544729416
2025-06-09T05:00:00Z,144.384,144.499,144.04,144.156,37421.0,144.149,144.164,144.15356072098828
2025-06-09T09:00:00Z,144.159,144.694,143.974,144.634,37838.0,144.626,144.642,144.2176192915232
2025-06-09T13:00:00Z,144.634,144.774,144.347,144.401,47277.0,144.393,144.409,144.24207005265345
2025-06-09T17:00:00Z,144.4,144.64,144.391,144.606,18904.0,144.589,144.622,144.290594045633
2025-06-09T21:00:00Z,144.551,144.66,144.402,144.522,19397.0,144.514,144.531,144.32144817288193
2025-06-10T01:00:00Z,144.52,145.294,144.428,144.937,43760.0,144.928,144.946,144.40352174983101
2025-06-10T05:00:00Z,144.938,144.946,144.427,144.649,63466.0,144.641,144.657,144.4362521831869
2025-06-10T09:00:00Z,144.65,144.772,144.458,144.638,35455.0,144.632,144.644,144.4631518920953
2025-06-10T13:00:00Z,144.638,145.048,144.442,144.97,47592.0,144.962,144.979,144.53073163981594
2025-06-10T17:00:00Z,144.969,145.035,144.783,144.897,20949.0,144.888,144.906,144.5795674211738
2025-06-10T21:00:00Z,144.869,145.164,144.652,144.926,35268.0,144.916,144.936,144.62575843168398
2025-06-11T01:00:00Z,144.928,145.15,144.843,145.035,33736.0,145.027,145.043,144.6803239741261
2025-06-11T05:00:00Z,145.036,145.246,144.968,145.068,37926.0,145.061,145.076,144.7320141109093
2025-06-11T09:00:00Z,145.068,145.47,144.326,144.732,58504.0,144.724,144.741,144.7320122294547
2025-06-11T13:00:00Z,144.73,145.186,144.44,144.622,61227.0,144.613,144.631,144.7173439321941
2025-06-11T17:00:00Z,144.62,144.698,144.328,144.6,32396.0,144.591,144.61,144.7016980745682
2025-06-11T21:00:00Z,144.527,144.57,143.958,144.044,31846.0,144.035,144.052,144.6140049979591
2025-06-12T01:00:00Z,144.044,144.119,143.724,143.948,41574.0,143.941,143.955,144.52520433156457
2025-06-12T05:00:00Z,143.947,144.142,143.633,143.798,56559.0,143.789,143.807,144.42824375402262
2025-06-12T09:00:00Z,143.8,143.876,143.186,143.292,64995.0,143.284,143.3,144.2767445868196
2025-06-12T13:00:00Z,143.292,143.905,143.199,143.613,75487.0,143.605,143.621,144.188245308577
2025-06-12T17:00:00Z,143.614,143.736,143.476,143.501,26029.0,143.491,143.511,144.09661260076675
2025-06-12T21:00:00Z,143.5,143.645,142.792,143.04,58682.0,143.03,143.049,143.9557309206645
2025-06-13T01:00:00Z,143.041,143.766,142.917,143.654,77097.0,143.646,143.663,143.91550013124257
2025-06-13T05:00:00Z,143.655,143.896,143.382,143.796,72097.0,143.788,143.803,143.89956678041023
2025-06-13T09:00:00Z,143.796,144.446,143.75,144.298,64003.0,144.29,144.306,143.95269120968888
2025-06-13T13:00:00Z,144.298,144.483,143.956,144.031,64667.0,144.023,144.039,143.96313238173036
2025-06-13T17:00:00Z,144.032,144.2,143.854,144.114,41067.0,144.064,144.164,143.9832480641663
2025-06-15T21:00:00Z,144.021,144.753,143.952,144.375,44105.0,144.367,144.383,144.0354816556108
2025-06-16T01:00:00Z,144.376,144.49,144.162,144.303,40460.0,144.295,144.311,144.07115076819602
2025-06-16T05:00:00Z,144.302,144.392,143.974,144.258,54926.0,144.251,144.266,144.09606399910322
2025-06-16T09:00:00Z,144.267,144.342,143.976,144.1,41489.0,144.091,144.109,144.0965887992228
2025-06-16T13:00:00Z,144.1,144.227,143.65,144.173,66259.0,144.167,144.179,144.10677695932642
2025-06-16T17:00:00Z,144.172,144.878,144.157,144.784,24131.0,144.773,144.795,144.19707336474957
2025-06-16T21:00:00Z,144.727,145.114,144.577,145.061,31786.0,145.051,145.071,144.31226358278298
2025-06-17T01:00:00Z,145.06,145.06,144.402,144.593,40989.0,144.584,144.602,144.34969510507858
2025-06-17T05:00:00Z,144.594,145.028,144.404,144.908,59952.0,144.899,144.918,144.42413575773477
2025-06-17T09:00:00Z,144.909,144.944,144.386,144.858,54299.0,144.85,144.867,144.48198432337014
2025-06-17T13:00:00Z,144.856,145.292,144.692,145.224,64559.0,145.218,145.23,144.58091974692078
2025-06-17T17:00:00Z,145.223,145.381,145.13,145.288,45245.0,145.279,145.298,144.67519711399802
2025-06-17T21:00:00Z,145.287,145.443,145.187,145.318,28292.0,145.31,145.326,144.76090416546495
2025-06-18T01:00:00Z,145.32,145.342,144.926,145.02,31714.0,145.012,145.029,144.7954502767363
2025-06-18T05:00:00Z,145.02,145.131,144.856,144.97,47640.0,144.963,144.977,144.81872357317147
2025-06-18T09:00:00Z,144.97,145.03,144.74,144.889,41838.0,144.883,144.895,144.82809376341527
2025-06-18T13:00:00Z,144.891,144.968,144.53,144.682,59170.0,144.674,144.69,144.8086145949599
2025-06-18T17:00:00Z,144.682,145.229,144.328,145.133,77400.0,145.117,145.149,144.8518659822986
2025-06-18T21:00:00Z,145.111,145.152,144.84,144.884,24975.0,144.877,144.892,144.85615051799212
2025-06-19T01:00:00Z,144.885,145.222,144.738,145.042,42309.0,145.033,145.051,144.8809304489265
2025-06-19T05:00:00Z,145.042,145.411,145.034,145.286,51618.0,145.277,145.294,144.934939722403
2025-06-19T09:00:00Z,145.286,145.772,145.252,145.544,42074.0,145.534,145.553,145.01614775941593
2025-06-19T13:00:00Z,145.544,145.76,145.351,145.717,36389.0,145.708,145.726,145.10959472482713
2025-06-19T17:00:00Z,145.718,145.732,145.346,145.466,16406.0,145.454,145.479,145.15711542818352
2025-06-19T21:00:00Z,145.468,145.568,145.124,145.255,29072.0,145.246,145.264,145.17016670442572
2025-06-20T01:00:00Z,145.253,145.398,145.194,145.352,36643.0,145.343,145.361,145.19441114383562
2025-06-20T05:00:00Z,145.352,145.488,145.266,145.328,40511.0,145.321,145.336,145.2122229913242
2025-06-20T09:00:00Z,145.328,145.718,145.253,145.592,42500.0,145.585,145.599,145.26285992581433
2025-06-20T13:00:00Z,145.592,145.956,145.56,145.842,58263.0,145.834,145.85,145.34007860237242
2025-06-20T17:00:00Z,145.842,146.218,145.78,146.092,25706.0,146.061,146.123,145.44033478872277
2025-06-22T21:00:00Z,146.704,146.731,146.146,146.454,37205.0,146.445,146.462,145.57549015022641
2025-06-23T01:00:00Z,146.453,147.032,146.368,146.989,46759.0,146.981,146.997,145.76395813019622
2025-06-23T05:00:00Z,146.99,147.63,146.948,147.608,63561.0,147.599,147.616,146.0098303795034
2025-06-23T09:00:00Z,147.61,148.032,147.352,147.418,61828.0,147.409,147.427,146.19758632890296
2025-06-23T13:00:00Z,147.418,147.506,146.234,146.364,96003.0,146.356,146.372,146.21977481838258
2025-06-23T17:00:00Z,146.365,146.526,146.01,146.151,49421.0,146.14,146.162,146.21060484259823
2025-06-23T21:00:00Z,146.165,146.192,145.566,145.604,44385.0,145.595,145.612,146.12972419691846
2025-06-24T01:00:00Z,145.603,145.736,145.29,145.419,44593.0,145.41,145.428,146.03496097066267
2025-06-24T05:00:00Z,145.42,145.516,144.946,145.095,68296.0,145.087,145.103,145.90963284124098
2025-06-24T09:00:00Z,145.096,145.185,144.851,144.993,55304.0,144.984,145.002,145.78741512907553
2025-06-24T13:00:00Z,144.993,145.198,144.516,144.702,70980.0,144.694,144.71,145.64269311186547
2025-06-24T17:00:00Z,144.706,144.921,144.562,144.916,27468.0,144.904,144.929,145.54580069695007
2025-06-24T21:00:00Z,144.945,145.048,144.772,144.886,25166.0,144.877,144.894,145.45782727069007
2025-06-25T01:00:00Z,144.884,144.99,144.609,144.94,37756.0,144.933,144.947,145.38878363459807
2025-06-25T05:00:00Z,144.94,145.498,144.94,145.476,46340.0,145.468,145.485,145.40041248331832
2025-06-25T09:00:00Z,145.478,145.926,145.457,145.862,38375.0,145.853,145.87,145.46195748554254
2025-06-25T13:00:00Z,145.862,145.952,145.392,145.452,58479.0,145.443,145.46,145.46062982080355
2025-06-25T17:00:00Z,145.454,145.508,145.104,145.257,30587.0,145.247,145.267,145.43347917802976
2025-06-25T21:00:00Z,145.202,145.267,144.682,144.692,25129.0,144.683,144.7,145.33461528762578
2025-06-26T01:00:00Z,144.69,144.966,144.568,144.784,39379.0,144.776,144.791,145.26119991594234
2025-06-26T05:00:00Z,144.784,144.92,143.752,143.929,65168.0,143.921,143.937,145.08357326048338
2025-06-26T09:00:00Z,143.928,144.498,143.9,144.308,59097.0,144.298,144.318,144.98016349241894
2025-06-26T13:00:00Z,144.308,144.54,144.058,144.25,77872.0,144.241,144.259,144.88280836009642
2025-06-26T17:00:00Z,144.248,144.472,144.132,144.391,32606.0,144.381,144.401,144.81723391208357
2025-06-26T21:00:00Z,144.442,144.811,144.288,144.652,27753.0,144.641,144.662,144.79520272380577
2025-06-27T01:00:00Z,144.652,144.746,144.196,144.546,43659.0,144.536,144.555,144.761975693965
2025-06-27T05:00:00Z,144.547,144.593,144.178,144.422,52352.0,144.414,144.43,144.71664560143634
2025-06-27T09:00:00Z,144.422,144.684,144.35,144.448,52144.0,144.439,144.456,144.6808261879115
2025-06-27T13:00:00Z,144.448,144.949,144.382,144.647,67347.0,144.638,144.656,144.6763160295233
2025-06-27T17:00:00Z,144.647,144.906,144.585,144.663,45949.0,144.644,144.682,144.6745405589202
2025-06-29T21:00:00Z,144.376,144.766,144.376,144.623,27497.0,144.614,144.632,144.66766848439752
2025-06-30T01:00:00Z,144.621,144.656,143.916,143.949,39491.0,143.942,143.956,144.5718460198112
2025-06-30T05:00:00Z,143.949,144.218,143.782,144.114,57689.0,144.106,144.123,144.51079988383637
2025-06-30T09:00:00Z,144.115,144.496,144.054,144.462,44534.0,144.454,144.469,144.5042932326582
2025-06-30T13:00:00Z,144.461,144.512,144.14,144.224,81329.0,144.217,144.232,144.46692080163712
2025-06-30T17:00:00Z,144.226,144.327,143.956,144.024,40150.0,144.011,144.037,144.40786469475216
2025-06-30T21:00:00Z,144.041,144.078,143.555,143.569,22576.0,143.56,143.578,144.2960160687852
2025-07-01T01:00:00Z,143.568,143.938,143.436,143.753,36767.0,143.744,143.762,144.2236139262805
2025-07-01T05:00:00Z,143.752,143.765,142.89,143.04,56621.0,143.033,143.047,144.06579873610977
2025-07-01T09:00:00Z,143.039,143.172,142.682,143.072,60036.0,143.063,143.08,143.9332922379618
2025-07-01T13:00:00Z,143.072,143.782,142.934,143.694,89548.0,143.686,143.703,143.90138660623356
2025-07-01T17:00:00Z,143.694,143.805,143.394,143.406,36433.0,143.397,143.415,143.83533505873575
2025-07-01T21:00:00Z,143.403,143.662,143.32,143.475,22480.0,143.467,143.483,143.78729038423765
2025-07-02T01:00:00Z,143.474,143.748,143.443,143.554,35947.0,143.546,143.563,143.75618499967263
2025-07-02T05:00:00Z,143.554,144.053,143.542,143.973,49358.0,143.965,143.981,143.78509366638295
2025-07-02T09:00:00Z,143.972,144.248,143.487,143.872,65491.0,143.864,143.881,143.7966811775319
2025-07-02T13:00:00Z,143.872,144.154,143.636,143.739,77799.0,143.73,143.748,143.78899035386098
2025-07-02T17:00:00Z,143.74,143.75,143.572,143.66,27409.0,143.645,143.674,143.77179164001285
2025-07-02T21:00:00Z,143.709,143.818,143.446,143.588,20159.0,143.58,143.597,143.74728608801115
2025-07-03T01:00:00Z,143.59,143.881,143.488,143.841,27668.0,143.834,143.848,143.75978127627633
2025-07-03T05:00:00Z,143.842,143.931,143.674,143.876,39797.0,143.868,143.885,143.77527710610616
2025-07-03T09:00:00Z,143.877,145.236,143.738,145.007,61601.0,145.0,145.014,143.939506825292
2025-07-03T13:00:00Z,145.008,145.215,144.61,145.054,84653.0,145.046,145.062,144.08810591525307
2025-07-03T17:00:00Z,145.058,145.117,144.91,144.922,16691.0,144.914,144.93,144.19929179321932
2025-07-03T21:00:00Z,144.928,144.974,144.573,144.605,17926.0,144.597,144.613,144.25338622079008
2025-07-04T01:00:00Z,144.604,144.794,144.326,144.378,29303.0,144.369,144.388,144.2700013913514
2025-07-04T05:00:00Z,144.377,144.432,144.183,144.343,40417.0,144.335,144.351,144.27973453917122
2025-07-04T09:00:00Z,144.343,144.45,144.276,144.425,29854.0,144.416,144.434,144.29910326728174
2025-07-04T13:00:00Z,144.424,144.568,144.384,144.501,32082.0,144.492,144.51,144.32602283164417
2025-07-04T17:00:00Z,144.5,144.588,144.443,144.491,52525.0,144.441,144.541,144.34801978742496
2025-07-06T21:00:00Z,144.45,144.639,144.297,144.355,21164.0,144.346,144.364,144.34895048243496
2025-07-07T01:00:00Z,144.353,145.002,144.224,144.985,36182.0,144.975,144.995,144.43375708477697
2025-07-07T05:00:00Z,144.984,145.346,144.942,145.337,48745.0,145.328,145.346,144.55418947347337
2025-07-07T09:00:00Z,145.335,145.647,145.276,145.592,38182.0,145.583,145.6,144.6925642103436
2025-07-07T13:00:00Z,145.593,146.146,145.572,146.12,56027.0,146.114,146.126,144.88288898229777
2025-07-07T17:00:00Z,146.12,146.242,146.014,146.07,37692.0,146.061,146.078,145.04117045132475
2025-07-07T21:00:00Z,146.054,146.212,145.831,146.158,29040.0,146.15,146.166,145.19008105781478
2025-07-08T01:00:00Z,146.161,146.445,145.882,145.998,44145.0,145.99,146.007,145.29780358343947
2025-07-08T05:00:00Z,145.998,146.288,145.946,146.194,49550.0,146.186,146.202,145.41729643898088
2025-07-08T09:00:00Z,146.198,146.69,146.058,146.65,42217.0,146.642,146.659,145.58165691378343
2025-07-08T13:00:00Z,146.651,146.978,146.632,146.749,61775.0,146.74,146.758,145.73730265861232
2025-07-08T17:00:00Z,146.749,146.81,146.523,146.562,44096.0,146.554,146.569,145.84726230413068
2025-07-08T21:00:00Z,146.638,146.913,146.534,146.791,20636.0,146.782,146.8,145.97309399691326
2025-07-09T01:00:00Z,146.792,147.186,146.738,147.04,37384.0,147.033,147.047,146.11534813065816
2025-07-09T05:00:00Z,147.04,147.07,146.594,146.676,41595.0,146.669,146.683,146.19010171323708
2025-07-09T09:00:00Z,146.677,146.782,146.468,146.488,42217.0,146.479,146.497,146.22982148480548
2025-07-09T13:00:00Z,146.487,146.566,146.271,146.415,55098.0,146.407,146.423,146.25451195349808
2025-07-09T17:00:00Z,146.417,146.49,146.25,146.308,34796.0,146.299,146.318,146.26164369303166
2025-07-09T21:00:00Z,146.359,146.363,145.756,145.818,23463.0,145.81,145.826,146.20249120062743
2025-07-10T01:00:00Z,145.818,146.414,145.765,146.22,31284.0,146.212,146.228,146.20482570721046
2025-07-10T05:00:00Z,146.218,146.466,146.066,146.356,37701.0,146.348,146.364,146.2249822795824
2025-07-10T09:00:00Z,146.356,146.546,146.085,146.439,32022.0,146.43,146.448,146.2535179756381
2025-07-10T13:00:00Z,146.438,146.789,146.35,146.466,51951.0,146.457,146.474,146.2818489122197
2025-07-10T17:00:00Z,146.464,146.482,146.169,146.248,28393.0,146.24,146.256,146.27733572392373
2025-07-10T21:00:00Z,146.26,146.642,146.134,146.554,22332.0,146.546,146.563,146.31422429406723
2025-07-11T01:00:00Z,146.556,147.185,146.52,147.08,35016.0,147.072,147.087,146.41632772152494
2025-07-11T05:00:00Z,147.08,147.11,146.723,146.985,39373.0,146.977,146.993,146.4921506919883
2025-07-11T09:00:00Z,146.985,147.093,146.767,146.972,38660.0,146.965,146.978,146.5561305997232
2025-07-11T13:00:00Z,146.97,147.523,146.902,147.368,53504.0,147.36,147.376,146.66437985309344
2025-07-11T17:00:00Z,147.368,147.48,147.318,147.423,26894.0,147.407,147.439,146.76552920601432
2025-07-13T21:00:00Z,147.206,147.576,146.92,146.953,26064.0,146.944,146.962,146.7905253118791
2025-07-14T01:00:00Z,146.953,147.444,146.85,147.374,32245.0,147.365,147.382,146.86832193696188
2025-07-14T05:00:00Z,147.374,147.485,147.174,147.319,37177.0,147.312,147.326,146.92841234536695
2025-07-14T09:00:00Z,147.32,147.468,147.156,147.389,31777.0,147.38,147.398,146.98982403265137
2025-07-14T13:00:00Z,147.391,147.76,147.312,147.716,44608.0,147.708,147.724,147.08664749496452
2025-07-14T17:00:00Z,147.718,147.78,147.672,147.732,16781.0,147.722,147.743,147.17269449563594
2025-07-14T21:00:00Z,147.728,147.892,147.564,147.586,14761.0,147.578,147.593,147.2278018962178
2025-07-15T01:00:00Z,147.588,147.824,147.554,147.666,22471.0,147.659,147.674,147.28622831005544
2025-07-15T05:00:00Z,147.667,147.79,147.552,147.677,29107.0,147.669,147.685,147.33833120204804
2025-07-15T09:00:00Z,147.676,148.15,147.612,147.893,41021.0,147.886,147.9,147.41228704177496
2025-07-15T13:00:00Z,147.894,149.022,147.889,148.894,62502.0,148.887,148.902,147.6098487695383
2025-07-15T17:00:00Z,148.894,148.996,148.81,148.849,22697.0,148.837,148.861,147.77506893359987
2025-07-15T21:00:00Z,148.903,149.04,148.712,148.978,16631.0,148.97,148.987,147.93545974245322
2025-07-16T01:00:00Z,148.979,149.189,148.738,148.93,27150.0,148.921,148.938,148.06806511012613
2025-07-16T05:00:00Z,148.933,148.951,148.62,148.838,39057.0,148.829,148.846,148.17072309544264
2025-07-16T09:00:00Z,148.838,148.889,148.474,148.705,41618.0,148.696,148.714,148.24196001605029
2025-07-16T13:00:00Z,148.705,148.932,146.91,148.044,165727.0,148.036,148.053,148.2155653472436
2025-07-16T17:00:00Z,148.045,148.061,147.489,147.88,48647.0,147.83,147.93,148.17082330094445
2025-07-16T21:00:00Z,147.832,148.424,147.73,148.382,19492.0,148.375,148.389,148.19898019415186
2025-07-17T01:00:00Z,148.382,148.663,148.28,148.422,31588.0,148.414,148.43,148.22871616826495
2025-07-17T05:00:00Z,148.422,148.807,148.368,148.586,48094.0,148.58,148.593,148.27635401249628
2025-07-17T09:00:00Z,148.586,149.09,148.521,148.721,50275.0,148.712,148.73,148.33564014416345
2025-07-17T13:00:00Z,148.72,148.753,148.38,148.625,62435.0,148.617,148.633,148.374221458275
2025-07-17T17:00:00Z,148.623,148.754,148.552,148.608,23364.0,148.597,148.62,148.405391930505
2025-07-17T21:00:00Z,148.587,148.625,148.29,148.584,18505.0,148.575,148.593,148.429206339771
2025-07-18T01:00:00Z,148.586,148.725,148.382,148.67,27620.0,148.663,148.677,148.46131216113488
2025-07-18T05:00:00Z,148.676,148.886,148.502,148.589,36123.0,148.583,148.595,148.4783372063169
2025-07-18T09:00:00Z,148.589,148.725,148.323,148.36,35218.0,148.353,148.368,148.4625589121413
2025-07-18T13:00:00Z,148.358,148.733,148.184,148.69,56072.0,148.683,148.697,148.49288439052248
2025-07-18T17:00:00Z,148.69,148.854,148.656,148.844,21934.0,148.816,148.871,148.53969980511948
2025-07-20T21:00:00Z,147.975,148.666,147.971,148.389,26140.0,148.38,148.398,148.5196064977702
2025-07-21T01:00:00Z,148.392,148.561,148.334,148.446,24644.0,148.437,148.455,148.5097922980675
2025-07-21T05:00:00Z,148.446,148.452,147.692,147.896,49071.0,147.888,147.904,148.42795332499185
2025-07-21T09:00:00Z,147.896,147.98,147.336,147.494,40588.0,147.487,147.502,148.30342621499292
2025-07-21T13:00:00Z,147.496,147.724,147.082,147.162,52877.0,147.154,147.171,148.15123605299388
2025-07-21T17:00:00Z,147.161,147.44,147.112,147.346,22016.0,147.337,147.354,148.04387124592805
2025-07-21T21:00:00Z,147.375,147.714,147.248,147.486,18338.0,147.479,147.494,147.96948841313764
2025-07-22T01:00:00Z,147.486,147.673,147.412,147.638,23583.0,147.629,147.646,147.92528995805262
2025-07-22T05:00:00Z,147.635,147.95,147.604,147.616,32484.0,147.608,147.623,147.88405129697895
2025-07-22T09:00:00Z,147.614,147.614,146.742,146.804,39986.0,146.795,146.812,147.74004445738177
2025-07-22T13:00:00Z,146.802,146.894,146.306,146.428,68883.0,146.421,146.436,147.56510519639752
2025-07-22T17:00:00Z,146.428,146.686,146.428,146.646,27057.0,146.635,146.656,147.44255783687785
2025-07-22T21:00:00Z,146.626,146.944,146.198,146.44,43881.0,146.431,146.449,147.30888345862746
2025-07-23T01:00:00Z,146.439,147.206,146.39,146.944,58321.0,146.935,146.953,147.26023233081048
2025-07-23T05:00:00Z,146.944,147.214,146.598,146.794,58148.0,146.785,146.802,147.19806802003575
2025-07-23T09:00:00Z,146.795,146.8,146.11,146.416,41928.0,146.408,146.423,147.093792284031
2025-07-23T13:00:00Z,146.415,146.732,146.238,146.58,70934.0,146.571,146.589,147.0252866461602
2025-07-23T17:00:00Z,146.58,146.624,146.371,146.51,35114.0,146.484,146.535,146.95658176000552
2025-07-23T21:00:00Z,146.478,146.552,146.24,146.432,23989.0,146.423,146.44,146.88663752533813
2025-07-24T01:00:00Z,146.431,146.439,145.854,146.02,44151.0,146.013,146.027,146.77108585529305
2025-07-24T05:00:00Z,146.019,146.566,145.956,146.544,55035.0,146.537,146.551,146.74080774125397
2025-07-24T09:00:00Z,146.546,146.832,146.448,146.794,51625.0,146.786,146.803,146.74790004242013
2025-07-24T13:00:00Z,146.794,146.952,146.356,146.901,84026.0,146.894,146.908,146.76831337009745
2025-07-24T17:00:00Z,146.902,147.028,146.752,147.002,35660.0,146.994,147.01,146.7994715874178
2025-07-24T21:00:00Z,146.989,147.342,146.964,147.212,24233.0,147.204,147.22,146.8544753757621
2025-07-25T01:00:00Z,147.213,147.494,147.101,147.14,37594.0,147.132,147.148,146.89254532566048
2025-07-25T05:00:00Z,147.14,147.832,146.814,147.754,58851.0,147.745,147.763,147.00740594890576
2025-07-25T09:00:00Z,147.754,147.943,147.605,147.855,42302.0,147.847,147.863,147.12041848905164
2025-07-25T13:00:00Z,147.853,147.926,147.528,147.759,81119.0,147.751,147.767,147.2055626905114
2025-07-25T17:00:00Z,147.76,147.782,147.531,147.668,28721.0,147.655,147.682,147.26722099844324
2025-07-27T21:00:00Z,147.764,147.878,147.602,147.618,28071.0,147.608,147.628,147.31399153198413
2025-07-28T01:00:00Z,147.617,148.024,147.516,147.746,40885.0,147.74,147.752,147.37159266105292
2025-07-28T05:00:00Z,147.75,148.374,147.732,148.274,62603.0,148.267,148.282,147.4919136395792
2025-07-28T09:00:00Z,148.275,148.445,148.028,148.052,62202.0,148.045,148.059,147.56659182096865
2025-07-28T13:00:00Z,148.051,148.524,147.938,148.489,63950.0,148.481,148.497,147.68957957817284
2025-07-28T17:00:00Z,148.49,148.58,148.393,148.545,26220.0,148.532,148.558,147.80363563441645
2025-07-28T21:00:00Z,148.495,148.714,148.43,148.686,17291.0,148.678,148.695,147.92128421649426
2025-07-29T01:00:00Z,148.688,148.71,148.29,148.35,33846.0,148.341,148.359,147.9784463209617
2025-07-29T05:00:00Z,148.351,148.752,148.158,148.554,54862.0,148.546,148.562,148.05518681150014
2025-07-29T09:00:00Z,148.554,148.774,148.386,148.706,45906.0,148.698,148.715,148.1419619033001
2025-07-29T13:00:00Z,148.706,148.81,148.352,148.562,69919.0,148.554,148.571,148.1979669828601
2025-07-29T17:00:00Z,148.562,148.586,148.338,148.476,30962.0,148.466,148.487,148.2350380518121
2025-07-29T21:00:00Z,148.491,148.526,148.036,148.058,19097.0,148.05,148.065,148.21143297823716
2025-07-30T01:00:00Z,148.055,148.174,147.845,148.158,37279.0,148.15,148.165,148.20430858113886
2025-07-30T05:00:00Z,148.158,148.173,147.804,147.962,53871.0,147.953,147.97,148.17200077032035
2025-07-30T09:00:00Z,147.96,148.888,147.855,148.852,61170.0,148.843,148.86,148.26266733427764
2025-07-30T13:00:00Z,148.852,149.134,148.83,148.935,64341.0,148.927,148.943,148.35231168970728
2025-07-30T17:00:00Z,148.935,149.538,148.522,149.526,76183.0,149.513,149.54,148.50880346441298
2025-07-30T21:00:00Z,149.482,149.484,149.182,149.308,18815.0,149.3,149.317,148.61536300249125
2025-07-31T01:00:00Z,149.308,149.342,148.59,148.887,38840.0,148.879,148.895,148.65158126882577
2025-07-31T05:00:00Z,148.888,149.724,148.684,149.632,65567.0,149.621,149.642,148.78230376631566
2025-07-31T09:00:00Z,149.632,150.258,149.621,150.188,56039.0,150.181,150.196,148.96972993080692
2025-07-31T13:00:00Z,150.19,150.792,150.178,150.688,73707.0,150.679,150.696,149.19883260669934
2025-07-31T17:00:00Z,150.686,150.844,150.558,150.766,35389.0,150.747,150.785,149.40778825913944
2025-07-31T21:00:00Z,150.718,150.898,150.594,150.736,27818.0,150.726,150.746,149.58488315792084
2025-08-01T01:00:00Z,150.738,150.918,150.552,150.608,39778.0,150.6,150.617,149.72129873686472
2025-08-01T05:00:00Z,150.609,150.659,150.413,150.61,45129.0,150.602,150.617,149.8397922386161
2025-08-01T09:00:00Z,150.608,150.63,148.566,148.638,84325.0,148.63,148.645,149.6795532734673
2025-08-01T13:00:00Z,148.632,148.665,147.486,147.828,172134.0,147.821,147.836,149.43267950367166
2025-08-01T17:00:00Z,147.827,147.952,147.293,147.42,56337.0,147.37,147.47,149.16432223651546
2025-08-03T21:00:00Z,147.262,147.692,147.056,147.653,32923.0,147.644,147.662,148.96281260498006
2025-08-04T01:00:00Z,147.654,147.91,147.552,147.688,37698.0,147.68,147.697,148.7928375909827
2025-08-04T05:00:00Z,147.688,148.09,147.536,147.895,56635.0,147.887,147.903,148.67312591218501
2025-08-04T09:00:00Z,147.896,147.948,147.006,147.193,53785.0,147.186,147.2,148.47577579056036
2025-08-04T13:00:00Z,147.196,147.354,146.866,147.038,73823.0,147.031,147.046,148.284072351819
2025-08-04T17:00:00Z,147.039,147.118,146.908,147.092,28508.0,147.078,147.107,148.12512937157646
2025-08-04T21:00:00Z,147.144,147.21,146.62,146.926,22947.0,146.918,146.935,147.96524545536627
2025-08-05T01:00:00Z,146.927,147.266,146.884,147.086,31379.0,147.078,147.093,147.8480127279841
2025-08-05T05:00:00Z,147.086,147.638,147.032,147.586,47262.0,147.579,147.592,147.81307769758624
2025-08-05T09:00:00Z,147.585,147.779,147.451,147.666,43205.0,147.659,147.673,147.79346733790808
2025-08-05T13:00:00Z,147.666,147.836,147.3,147.549,79315.0,147.54,147.558,147.76087169285367
2025-08-05T17:00:00Z,147.55,147.708,147.485,147.556,24330.0,147.546,147.566,147.73355546713987
2025-08-05T21:00:00Z,147.591,147.647,147.448,147.585,16580.0,147.576,147.594,147.71374807152122
2025-08-06T01:00:00Z,147.587,147.752,147.306,147.348,28538.0,147.338,147.357,147.66498166198505
2025-08-06T05:00:00Z,147.346,147.847,147.338,147.808,40060.0,147.8,147.815,147.68405077372037
2025-08-06T09:00:00Z,147.808,147.886,147.407,147.441,44112.0,147.434,147.448,147.651644003891
2025-08-06T13:00:00Z,147.442,147.661,147.21,147.348,64514.0,147.339,147.356,147.61115813670554
2025-08-06T17:00:00Z,147.348,147.643,146.976,147.358,29984.0,147.349,147.368,147.57740371847814
2025-08-06T21:00:00Z,147.37,147.601,147.154,147.584,18760.0,147.575,147.592,147.57828322268105
2025-08-07T01:00:00Z,147.584,147.712,147.268,147.306,32552.0,147.297,147.314,147.54197879299025
2025-08-07T05:00:00Z,147.306,147.348,146.69,147.132,55513.0,147.124,147.14,147.48731495392488
2025-08-07T09:00:00Z,147.132,147.496,147.021,147.287,58055.0,147.278,147.296,147.46060629340155
2025-08-07T13:00:00Z,147.288,147.588,147.113,147.366,73185.0,147.358,147.374,147.44799212094802
2025-08-07T17:00:00Z,147.366,147.568,146.942,147.152,38935.0,147.141,147.162,147.40852650482162
2025-08-07T21:00:00Z,147.129,147.194,146.72,147.148,24398.0,147.139,147.156,147.3737896375121
2025-08-08T01:00:00Z,147.147,147.374,147.116,147.164,26335.0,147.156,147.171,147.34581768584383
2025-08-08T05:00:00Z,147.162,147.696,147.136,147.648,47354.0,147.639,147.656,147.38610866106464
2025-08-08T09:00:00Z,147.646,147.894,147.544,147.845,48554.0,147.837,147.853,147.44729417292268
2025-08-08T13:00:00Z,147.844,147.904,147.634,147.74,50953.0,147.733,147.747,147.486321616533
2025-08-08T17:00:00Z,147.738,147.82,147.63,147.752,29479.0,147.718,147.787,147.52174540099526
2025-08-10T21:00:00Z,147.572,147.79,147.572,147.663,12080.0,147.654,147.672,147.54057934752922
2025-08-11T01:00:00Z,147.666,147.716,147.426,147.482,21268.0,147.475,147.49,147.53276876785867
2025-08-11T05:00:00Z,147.482,147.666,147.352,147.508,34000.0,147.498,147.517,147.5294662654775
2025-08-11T09:00:00Z,147.507,147.95,147.486,147.811,35813.0,147.803,147.819,147.56700409674718
2025-08-11T13:00:00Z,147.81,148.114,147.786,147.991,39965.0,147.982,148.0,147.62353688384755
2025-08-11T17:00:00Z,147.99,148.252,147.971,148.146,22755.0,148.136,148.155,147.69319863266787
2025-08-11T21:00:00Z,148.128,148.434,148.052,148.407,14972.0,148.399,148.415,147.78837214831216
2025-08-12T01:00:00Z,148.406,148.447,148.21,148.354,23373.0,148.346,148.363,147.86378919520388
2025-08-12T05:00:00Z,148.356,148.468,148.149,148.424,42179.0,148.415,148.434,147.9384839691767
2025-08-12T09:00:00Z,148.422,148.52,147.858,148.036,56579.0,148.026,148.045,147.95148610661983
2025-08-12T13:00:00Z,148.035,148.447,147.579,147.714,103055.0,147.706,147.722,147.91982129240384
2025-08-12T17:00:00Z,147.712,147.874,147.689,147.856,27201.0,147.848,147.863,147.91131178675
2025-08-12T21:00:00Z,147.786,147.894,147.702,147.799,15478.0,147.79,147.808,147.89633688185
2025-08-13T01:00:00Z,147.8,148.17,147.73,147.931,28881.0,147.924,147.938,147.90095863093669
2025-08-13T05:00:00Z,147.932,148.01,147.198,147.27,40357.0,147.264,147.277,147.81683081347848
2025-08-13T09:00:00Z,147.269,147.566,147.156,147.409,42783.0,147.402,147.416,147.76245337168135
2025-08-13T13:00:00Z,147.41,147.436,147.087,147.345,51457.0,147.336,147.354,147.70679292212384
2025-08-13T17:00:00Z,147.348,147.514,147.318,147.383,20725.0,147.373,147.393,147.66362053250734
2025-08-13T21:00:00Z,147.392,147.396,146.62,146.692,19239.0,146.683,146.701,147.53407112817303
2025-08-14T01:00:00Z,146.694,146.752,146.34,146.388,41532.0,146.378,146.397,147.38126164441664
2025-08-14T05:00:00Z,146.387,146.634,146.214,146.554,56085.0,146.546,146.562,147.27096009182776
2025-08-14T09:00:00Z,146.554,147.106,146.425,146.952,62782.0,146.944,146.96,147.22843207958405
2025-08-14T13:00:00Z,146.948,147.893,146.946,147.85,79603.0,147.842,147.857,147.31130780230617
2025-08-14T17:00:00Z,147.85,147.967,147.725,147.752,23265.0,147.738,147.767,147.3700667619987
2025-08-14T21:00:00Z,147.757,147.875,147.466,147.482,14770.0,147.474,147.489,147.3849911937322
2025-08-15T01:00:00Z,147.476,147.516,147.114,147.14,24953.0,147.131,147.15,147.35232570123458
2025-08-15T05:00:00Z,147.145,147.224,146.852,146.859,37376.0,146.852,146.866,147.28654894106998
2025-08-15T09:00:00Z,146.858,147.279,146.739,146.891,39717.0,146.884,146.898,147.23380908226065
2025-08-15T13:00:00Z,146.889,147.266,146.77,147.2,62684.0,147.192,147.208,147.2293012046259
2025-08-15T17:00:00Z,147.2,147.333,147.151,147.154,21552.0,147.134,147.174,147.21926104400913
2025-08-17T21:00:00Z,147.202,147.461,147.084,147.429,16983.0,147.42,147.438,147.24722623814125
2025-08-18T01:00:00Z,147.429,147.585,147.301,147.38,25968.0,147.371,147.389,147.2649294063891
2025-08-18T05:00:00Z,147.378,147.522,147.12,147.344,43198.0,147.335,147.352,147.2754721522039
2025-08-18T09:00:00Z,147.343,147.794,147.28,147.728,35483.0,147.719,147.736,147.3358091985767
2025-08-18T13:00:00Z,147.727,147.988,147.68,147.792,42732.0,147.785,147.799,147.39663463876647
2025-08-18T17:00:00Z,147.793,147.924,147.66,147.855,16448.0,147.841,147.869,147.45775002026429
2025-08-18T21:00:00Z,147.77,147.984,147.763,147.778,15324.0,147.769,147.786,147.50045001756237
2025-08-19T01:00:00Z,147.777,148.115,147.622,147.762,35743.0,147.754,147.771,147.53532334855407
2025-08-19T05:00:00Z,147.761,147.778,147.533,147.664,38915.0,147.657,147.671,147.55248023541353
2025-08-19T09:00:00Z,147.664,147.852,147.6,147.784,34662.0,147.775,147.792,147.5833495373584
2025-08-19T13:00:00Z,147.784,147.904,147.552,147.626,45932.0,147.619,147.634,147.58903626571063
2025-08-19T17:00:00Z,147.626,147.694,147.443,147.67,23247.0,147.663,147.678,147.59983143028256
2025-08-19T21:00:00Z,147.643,147.818,147.505,147.572,15251.0,147.565,147.58,147.59612057291156
2025-08-20T01:00:00Z,147.572,147.666,147.424,147.582,31975.0,147.573,147.59,147.5942378298567
2025-08-20T05:00:00Z,147.581,147.696,147.144,147.588,40890.0,147.58,147.596,147.59340611920913
2025-08-20T09:00:00Z,147.588,147.592,147.242,147.276,29662.0,147.267,147.285,147.55108530331458
2025-08-20T13:00:00Z,147.276,147.44,146.872,147.117,54046.0,147.111,147.123,147.49320726287263
2025-08-20T17:00:00Z,147.115,147.494,147.01,147.312,20815.0,147.303,147.322,147.46904629448963
2025-08-20T21:00:00Z,147.349,147.464,147.256,147.389,19517.0,147.38,147.398,147.45837345522435
2025-08-21T01:00:00Z,147.388,147.51,147.256,147.386,25220.0,147.378,147.393,147.44872366119444
2025-08-21T05:00:00Z,147.385,147.642,147.344,147.588,37299.0,147.582,147.594,147.46729383970185
2025-08-21T09:00:00Z,147.588,147.936,147.48,147.754,38468.0,147.747,147.761,147.5055213277416
2025-08-21T13:00:00Z,147.756,148.404,147.584,148.288,68450.0,148.28,148.296,147.60985181737607
2025-08-21T17:00:00Z,148.288,148.408,148.17,148.389,17765.0,148.377,148.401,147.71373824172593
2025-08-21T21:00:00Z,148.337,148.504,148.283,148.476,17856.0,148.468,148.485,147.81537314282915
2025-08-22T01:00:00Z,148.477,148.766,148.412,148.746,27917.0,148.737,148.755,147.93945672378527
2025-08-22T05:00:00Z,148.746,148.778,148.412,148.639,34080.0,148.631,148.647,148.0327291606139
2025-08-22T09:00:00Z,148.64,148.74,148.598,148.706,33722.0,148.697,148.714,148.1224986058654
2025-08-22T13:00:00Z,148.704,148.721,146.572,146.708,105500.0,146.7,146.716,147.93389879175
2025-08-22T17:00:00Z,146.708,147.002,146.576,146.926,27651.0,146.899,146.953,147.79951228618336
2025-08-24T21:00:00Z,146.887,147.526,146.802,147.389,20767.0,147.382,147.396,147.74477731469224
2025-08-25T01:00:00Z,147.39,147.518,147.208,147.234,23995.0,147.227,147.242,147.67667367273327
2025-08-25T05:00:00Z,147.235,147.376,147.096,147.287,27634.0,147.28,147.294,147.6247171830355
2025-08-25T09:00:00Z,147.289,147.452,147.222,147.382,25192.0,147.374,147.391,147.5923548919641
2025-08-25T13:00:00Z,147.382,147.674,147.292,147.538,45899.0,147.531,147.545,147.58510757303557
2025-08-25T17:00:00Z,147.538,147.942,147.502,147.753,32018.0,147.741,147.765,147.60749322996418
2025-08-25T21:00:00Z,147.752,147.88,146.988,147.112,43988.0,147.103,147.121,147.54142746596895
2025-08-26T01:00:00Z,147.112,147.814,147.11,147.769,39041.0,147.761,147.777,147.57177047050644
2025-08-26T05:00:00Z,147.77,147.91,147.494,147.574,53294.0,147.566,147.582,147.57206774110557
2025-08-26T09:00:00Z,147.574,147.67,147.328,147.544,43296.0,147.534,147.554,147.56832537562482
2025-08-26T13:00:00Z,147.544,147.722,147.1,147.306,55131.0,147.299,147.314,147.53334865887484
2025-08-26T17:00:00Z,147.306,147.545,147.274,147.43,29464.0,147.421,147.44,147.51956883769154
2025-08-26T21:00:00Z,147.387,147.584,147.31,147.584,15895.0,147.577,147.592,147.52815965933266
2025-08-27T01:00:00Z,147.584,147.96,147.514,147.944,28511.0,147.938,147.95,147.5836050380883
2025-08-27T05:00:00Z,147.944,148.006,147.656,147.916,36920.0,147.91,147.923,147.6279243663432
2025-08-27T09:00:00Z,147.917,148.184,147.864,148.07,37435.0,148.063,148.078,147.6868677841641
2025-08-27T13:00:00Z,148.069,148.128,147.342,147.362,54802.0,147.354,147.37,147.6435520796089
2025-08-27T17:00:00Z,147.36,147.52,147.293,147.416,30620.0,147.396,147.436,147.61321180232773
2025-08-27T21:00:00Z,147.414,147.49,147.206,147.296,19401.0,147.288,147.304,147.5709168953507
2025-08-28T01:00:00Z,147.297,147.449,147.08,147.162,30251.0,147.154,147.169,147.5163946426373
2025-08-28T05:00:00Z,147.167,147.406,147.0,147.189,43371.0,147.182,147.196,147.472742023619
2025-08-28T09:00:00Z,147.188,147.188,146.808,147.104,50050.0,147.095,147.112,147.4235764204698
2025-08-28T13:00:00Z,147.102,147.234,146.832,146.848,57633.0,146.84,146.856,147.34683289774048
2025-08-28T17:00:00Z,146.848,146.998,146.66,146.944,22770.0,146.932,146.956,147.29312184470842
2025-08-28T21:00:00Z,146.9,147.084,146.764,146.826,21882.0,146.82,146.833,147.23083893208064
2025-08-29T01:00:00Z,146.826,147.112,146.786,146.906,34380.0,146.899,146.914,147.1875270744699
2025-08-29T05:00:00Z,146.905,147.2,146.868,146.954,35338.0,146.946,146.961,147.15639013120725
2025-08-29T09:00:00Z,146.954,147.41,146.941,147.321,39852.0,147.313,147.329,147.17833811371295
2025-08-29T13:00:00Z,147.322,147.392,146.769,146.915,63232.0,146.908,146.922,147.14322636521788
2025-08-29T17:00:00Z,146.914,147.118,146.882,147.066,21706.0,147.027,147.106,147.13292951652218
2025-08-31T21:00:00Z,147.017,147.262,146.995,147.234,14717.0,147.227,147.241,147.14640558098588
2025-09-01T01:00:00Z,147.235,147.38,146.842,147.046,31465.0,147.039,147.053,147.13301817018777
2025-09-01T05:00:00Z,147.044,147.204,146.788,146.99,38274.0,146.982,146.998,147.1139490808294
2025-09-01T09:00:00Z,146.99,147.234,146.94,147.2,30913.0,147.194,147.207,147.12542253671882
2025-09-01T13:00:00Z,147.196,147.309,147.168,147.238,27866.0,147.229,147.247,147.1404328651563
2025-09-01T17:00:00Z,147.24,147.244,147.146,147.18,9683.0,147.168,147.191,147.14570848313548
2025-09-01T21:00:00Z,147.206,147.36,147.048,147.306,18776.0,147.297,147.314,147.1670806853841
2025-09-02T01:00:00Z,147.305,147.864,147.194,147.726,38427.0,147.718,147.733,147.2416032606662
2025-09-02T05:00:00Z,147.726,148.796,147.7,148.44,69289.0,148.43,148.449,147.40138949257738
2025-09-02T09:00:00Z,148.439,148.945,148.372,148.824,69067.0,148.814,148.833,147.59107089356706
2025-09-02T13:00:00Z,148.824,148.848,147.94,148.298,79465.0,148.291,148.306,147.68532810775812
2025-09-02T17:00:00Z,148.298,148.535,148.247,148.338,28464.0,148.328,148.348,147.7723510267237
2025-09-02T21:00:00Z,148.336,148.768,148.316,148.758,16665.0,148.749,148.767,147.9037708898272
2025-09-03T01:00:00Z,148.758,148.926,148.554,148.59,27383.0,148.582,148.599,147.99526810451692
2025-09-03T05:00:00Z,148.591,149.138,148.49,148.588,50457.0,148.581,148.595,148.07429902391468
2025-09-03T09:00:00Z,148.588,148.8,148.434,148.73,47889.0,148.722,148.737,148.16172582072605
2025-09-03T13:00:00Z,148.729,148.796,147.908,147.942,73387.0,147.934,147.95,148.13242904462925
2025-09-03T17:00:00Z,147.939,148.162,147.882,148.109,27027.0,148.102,148.116,148.129305172012
2025-09-03T21:00:00Z,148.07,148.17,147.906,148.031,20732.0,148.023,148.039,148.11619781574376
2025-09-04T01:00:00Z,148.03,148.286,147.792,148.243,37402.0,148.235,148.251,148.1331047736446
2025-09-04T05:00:00Z,148.242,148.416,148.112,148.217,42369.0,148.209,148.225,148.14429080382533
2025-09-04T09:00:00Z,148.216,148.532,148.022,148.429,47942.0,148.421,148.437,148.18225202998195
2025-09-04T13:00:00Z,148.431,148.779,148.353,148.623,58990.0,148.616,148.63,148.24101842598435
2025-09-04T17:00:00Z,148.622,148.674,148.442,148.464,21458.0,148.452,148.475,148.2707493025198
2025-09-04T21:00:00Z,148.512,148.536,148.13,148.174,19444.0,148.165,148.183,148.25784939551716
2025-09-05T01:00:00Z,148.174,148.268,148.081,148.219,24443.0,148.211,148.227,148.25266947611487
2025-09-05T05:00:00Z,148.22,148.276,148.116,148.162,29516.0,148.154,148.17,148.2405802126329
2025-09-05T09:00:00Z,148.161,148.253,147.186,147.3,65664.0,147.293,147.308,148.1151695176152
2025-09-05T13:00:00Z,147.299,147.466,146.818,147.139,97777.0,147.132,147.146,147.98501358193317
2025-09-05T17:00:00Z,147.138,147.507,147.132,147.418,34573.0,147.382,147.454,147.90941177100876
2025-09-07T21:00:00Z,148.187,148.58,147.938,148.339,40354.0,148.331,148.347,147.96669020154093
2025-09-08T01:00:00Z,148.338,148.39,148.004,148.16,40615.0,148.154,148.167,147.99246484133548
2025-09-08T05:00:00Z,148.162,148.18,147.466,147.688,48433.0,147.681,147.694,147.95186952915742
2025-09-08T09:00:00Z,147.686,147.882,147.652,147.698,39320.0,147.691,147.705,147.9180202586031
2025-09-08T13:00:00Z,147.7,147.876,147.538,147.69,51967.0,147.683,147.696,147.88761755745602
2025-09-08T17:00:00Z,147.69,147.768,147.342,147.53,24520.0,147.518,147.542,147.8399352164619
2025-09-08T21:00:00Z,147.503,147.573,147.154,147.346,20798.0,147.338,147.355,147.7740771876003
2025-09-09T01:00:00Z,147.347,147.404,147.094,147.128,28648.0,147.121,147.136,147.68793356258695
2025-09-09T05:00:00Z,147.129,147.337,146.559,146.626,50798.0,146.618,146.634,147.5463424209087
2025-09-09T09:00:00Z,146.625,147.005,146.307,146.923,43084.0,146.914,146.932,147.46323009812087
2025-09-09T13:00:00Z,146.92,147.351,146.525,147.274,77401.0,147.265,147.282,147.43799941837142
2025-09-09T17:00:00Z,147.273,147.473,147.24,147.403,25639.0,147.393,147.413,147.43333282925522
2025-09-09T21:00:00Z,147.364,147.478,147.299,147.429,15204.0,147.421,147.437,147.43275511868785
2025-09-10T01:00:00Z,147.429,147.578,147.271,147.327,26067.0,147.319,147.335,147.41865443619614
2025-09-10T05:00:00Z,147.328,147.588,147.282,147.518,38782.0,147.511,147.526,147.43190051136997
2025-09-10T09:00:00Z,147.52,147.647,147.105,147.53,47712.0,147.522,147.539,147.44498044318732
2025-09-10T13:00:00Z,147.533,147.608,147.264,147.378,52242.0,147.37,147.386,147.436049717429
2025-09-10T17:00:00Z,147.377,147.47,147.247,147.465,19125.0,147.455,147.475,147.43990975510513
2025-09-10T21:00:00Z,147.396,147.47,147.282,147.46,14789.0,147.452,147.468,147.44258845442445
2025-09-11T01:00:00Z,147.461,147.481,147.321,147.436,18547.0,147.427,147.444,147.44170999383454
2025-09-11T05:00:00Z,147.436,147.863,147.427,147.85,32290.0,147.842,147.857,147.49614866132328
2025-09-11T09:00:00Z,147.849,148.192,147.362,147.528,57127.0,147.52,147.537,147.50039550648017
2025-09-11T13:00:00Z,147.528,147.621,146.988,147.058,75554.0,147.05,147.066,147.44140943894948
2025-09-11T17:00:00Z,147.058,147.309,147.052,147.236,31717.0,147.224,147.247,147.4140215137562
2025-09-11T21:00:00Z,147.221,147.337,147.122,147.23,12353.0,147.22,147.239,147.38948531192204
2025-09-12T01:00:00Z,147.229,147.547,147.213,147.502,17307.0,147.495,147.51,147.40448727033245
2025-09-12T05:00:00Z,147.504,147.928,147.244,147.894,44062.0,147.886,147.903,147.46975563428813
2025-09-12T09:00:00Z,147.895,148.074,147.685,147.848,39860.0,147.841,147.855,147.52018821638305
2025-09-12T13:00:00Z,147.848,147.889,147.59,147.684,46956.0,147.676,147.692,147.542029787532
2025-09-12T17:00:00Z,147.682,147.724,147.464,147.673,19380.0,147.648,147.698,147.55949248252773
2025-09-14T21:00:00Z,147.63,147.791,147.55,147.55,10296.0,147.542,147.558,147.55822681819072
2025-09-15T01:00:00Z,147.55,147.614,147.34,147.404,20239.0,147.396,147.413,147.53766324243196
2025-09-15T05:00:00Z,147.404,147.61,147.374,147.412,34714.0,147.405,147.42,147.52090814344103
2025-09-15T09:00:00Z,147.414,147.478,147.248,147.27,35337.0,147.261,147.279,147.48745372431557
2025-09-15T13:00:00Z,147.27,147.472,147.232,147.339,45138.0,147.332,147.346,147.46765989440684
2025-09-15T17:00:00Z,147.34,147.43,147.242,147.417,24232.0,147.407,147.427,147.46090524181926
2025-09-15T21:00:00Z,147.343,147.504,147.314,147.446,15093.0,147.439,147.453,147.45891787624336
2025-09-16T01:00:00Z,147.446,147.541,146.972,147.016,33568.0,147.008,147.024,147.39986215941093
2025-09-16T05:00:00Z,147.017,147.094,146.692,146.998,48338.0,146.99,147.006,147.34628053815615
2025-09-16T09:00:00Z,146.998,147.262,146.868,147.098,54072.0,147.089,147.107,147.313176466402
2025-09-16T13:00:00Z,147.097,147.139,146.352,146.357,65068.0,146.35,146.364,147.18568627088175
2025-09-16T17:00:00Z,146.356,146.507,146.278,146.456,35623.0,146.447,146.464,147.08839476809752
2025-09-16T21:00:00Z,146.478,146.57,146.214,146.535,20378.0,146.527,146.543,147.01460879901785
2025-09-17T01:00:00Z,146.536,146.606,146.432,146.457,23840.0,146.448,146.466,146.94026095914882
2025-09-17T05:00:00Z,146.456,146.682,146.372,146.456,34396.0,146.448,146.463,146.8756928312623
2025-09-17T09:00:00Z,146.455,146.479,146.204,146.38,36750.0,146.371,146.389,146.80960045376068
2025-09-17T13:00:00Z,146.38,146.401,146.21,146.29,40890.0,146.282,146.297,146.74032039325925
2025-09-17T17:00:00Z,146.29,147.051,145.483,146.999,121244.0,146.98,147.018,146.77481100749137
2025-09-17T21:00:00Z,146.965,147.033,146.768,146.914,26197.0,146.907,146.922,146.79336953982585
2025-09-18T01:00:00Z,146.914,147.222,146.846,147.206,34753.0,147.199,147.213,146.84838693451573
2025-09-18T05:00:00Z,147.206,147.532,147.029,147.435,57578.0,147.427,147.443,146.92660200991364
2025-09-18T09:00:00Z,147.434,147.804,147.162,147.792,57661.0,147.785,147.799,147.04198840859183
2025-09-18T13:00:00Z,147.793,148.268,147.793,147.866,78931.0,147.859,147.874,147.1518566207796
2025-09-18T17:00:00Z,147.867,148.022,147.804,147.996,23606.0,147.985,148.008,147.26440907134233
2025-09-18T21:00:00Z,147.944,148.114,147.898,148.012,17611.0,148.002,148.021,147.36408786183003
2025-09-19T01:00:00Z,148.01,148.108,147.196,147.525,62416.0,147.517,147.533,147.38554281358603
2025-09-19T05:00:00Z,147.526,148.038,147.418,147.858,75256.0,147.849,147.866,147.4485371051079
2025-09-19T09:00:00Z,147.856,148.288,147.753,148.158,47865.0,148.15,148.167,147.5431321577602
2025-09-19T13:00:00Z,148.158,148.158,147.793,147.85,63466.0,147.842,147.859,147.58404787005884
2025-09-19T17:00:00Z,147.852,147.995,147.845,147.956,22870.0,147.931,147.981,147.63364148738432
2025-09-21T21:00:00Z,147.919,148.258,147.877,148.16,14867.0,148.153,148.168,147.70382262239974
2025-09-22T01:00:00Z,148.158,148.378,148.088,148.287,26724.0,148.279,148.295,147.7815796060798
2025-09-22T05:00:00Z,148.286,148.306,147.818,147.856,43105.0,147.849,147.863,147.79150232526916
2025-09-22T09:00:00Z,147.854,147.948,147.742,147.844,41244.0,147.836,147.853,147.79850201523328
2025-09-22T13:00:00Z,147.844,147.986,147.732,147.742,46376.0,147.735,147.749,147.7909684132022
2025-09-22T17:00:00Z,147.742,147.782,147.659,147.736,23194.0,147.724,147.749,147.78363929144192
2025-09-22T21:00:00Z,147.775,147.822,147.653,147.668,10836.0,147.66,147.677,147.76822071924965
2025-09-23T01:00:00Z,147.666,147.865,147.6,147.798,24133.0,147.79,147.806,147.77219129001637
2025-09-23T05:00:00Z,147.802,147.842,147.538,147.566,40041.0,147.559,147.573,147.74469911801418
2025-09-23T09:00:00Z,147.566,147.886,147.508,147.774,38221.0,147.766,147.782,147.74860590227897
2025-09-23T13:00:00Z,147.774,147.93,147.618,147.774,62363.0,147.766,147.781,147.7519917819751
2025-09-23T17:00:00Z,147.772,147.776,147.463,147.658,38106.0,147.644,147.673,147.73945954437843
2025-09-23T21:00:00Z,147.618,147.829,147.516,147.778,19073.0,147.769,147.786,147.74459827179464
2025-09-24T01:00:00Z,147.777,147.964,147.715,147.904,26440.0,147.896,147.913,147.76585183555537
2025-09-24T05:00:00Z,147.906,148.292,147.818,148.266,38773.0,148.258,148.273,147.83253825748133
2025-09-24T09:00:00Z,148.265,148.719,148.212,148.67,39354.0,148.664,148.676,147.94419982315048
2025-09-24T13:00:00Z,148.67,148.796,148.594,148.766,50957.0,148.758,148.774,148.05377318006376
2025-09-24T17:00:00Z,148.766,148.918,148.704,148.909,19514.0,148.9,148.918,148.16780342272193
2025-09-24T21:00:00Z,148.864,148.873,148.561,148.574,18097.0,148.567,148.581,148.221962966359
2025-09-25T01:00:00Z,148.574,148.861,148.56,148.607,23157.0,148.599,148.615,148.27330123751113
2025-09-25T05:00:00Z,148.606,148.864,148.6,148.744,40262.0,148.736,148.751,148.33606107250966
2025-09-25T09:00:00Z,148.742,149.357,148.684,149.245,49515.0,149.237,149.253,148.45725292950837
2025-09-25T13:00:00Z,149.247,149.868,149.148,149.818,73182.0,149.812,149.824,148.6386858722406
2025-09-25T17:00:00Z,149.818,149.93,149.729,149.799,30333.0,149.788,149.81,148.79339442260851
2025-09-25T21:00:00Z,149.841,149.96,149.64,149.686,25345.0,149.677,149.695,148.91240849959405
2025-09-26T01:00:00Z,149.686,149.85,149.634,149.646,23820.0,149.639,149.652,149.0102206996482
2025-09-26T05:00:00Z,149.646,149.886,149.616,149.753,35711.0,149.747,149.759,149.10925793969508
2025-09-26T09:00:00Z,149.754,149.954,149.588,149.625,44733.0,149.616,149.634,149.17802354773573
2025-09-26T13:00:00Z,149.628,149.784,149.426,149.554,61367.0,149.546,149.561,149.228153741371
2025-09-26T17:00:00Z,149.552,149.563,149.406,149.519,21214.0,149.5,149.538,149.26693324252153
2025-09-28T21:00:00Z,149.5,149.536,149.117,149.18,17320.0,149.172,149.187,149.25534214351867
2025-09-29T01:00:00Z,149.179,149.282,148.884,148.951,32341.0,148.945,148.957,149.2147631910495
2025-09-29T05:00:00Z,148.952,148.982,148.472,148.53,48255.0,148.523,148.537,149.12346143224292
2025-09-29T09:00:00Z,148.531,148.816,148.472,148.608,44965.0,148.6,148.616,149.0547332412772
2025-09-29T13:00:00Z,148.608,148.74,148.48,148.584,52120.0,148.576,148.591,148.9919688091069
2025-09-29T17:00:00Z,148.584,148.694,148.548,148.598,22298.0,148.59,148.605,148.93943963455933
2025-09-29T21:00:00Z,148.611,148.847,148.504,148.796,20676.0,148.787,148.804,148.92031434995144
2025-09-30T01:00:00Z,148.794,148.806,148.388,148.404,31985.0,148.398,148.411,148.8514724366246
2025-09-30T05:00:00Z,148.404,148.445,147.838,147.856,54006.0,147.847,147.864,148.71874277840797
2025-09-30T09:00:00Z,147.854,148.104,147.833,147.959,39932.0,147.949,147.969,148.6174437412869
2025-09-30T13:00:00Z,147.958,148.066,147.654,147.745,72665.0,147.738,147.752,148.50111790911532
2025-09-30T17:00:00Z,147.744,147.985,147.652,147.94,32507.0,147.928,147.952,148.42630218789995
2025-09-30T21:00:00Z,147.85,148.227,147.816,148.109,19162.0,148.101,148.117,148.3839952295133
2025-10-01T01:00:00Z,148.108,148.168,147.552,147.554,29850.0,147.545,147.563,148.2733291989115
2025-10-01T05:00:00Z,147.552,147.646,146.899,147.152,62607.0,147.144,147.16,148.12381863905665
2025-10-01T09:00:00Z,147.152,147.266,146.586,146.798,80183.0,146.791,146.805,147.94704282051578
2025-10-01T13:00:00Z,146.798,147.255,146.62,147.163,94675.0,147.156,147.17,147.84250377778034
2025-10-01T17:00:00Z,147.162,147.232,147.023,147.071,28923.0,147.057,147.085,147.73963660740964
2025-10-01T21:00:00Z,147.068,147.326,146.999,147.196,16768.0,147.189,147.202,147.66715172642168
2025-10-02T01:00:00Z,147.195,147.23,146.942,147.176,25864.0,147.167,147.184,147.60166482956546
2025-10-02T05:00:00Z,147.176,147.382,146.726,146.8,52431.0,146.792,146.809,147.4947761856234
2025-10-02T09:00:00Z,146.8,147.202,146.6,147.162,44170.0,147.153,147.17,147.45040602754028
2025-10-02T13:00:00Z,147.16,147.516,147.058,147.166,60838.0,147.159,147.173,147.41248522386826
2025-10-02T17:00:00Z,147.168,147.298,147.13,147.264,16662.0,147.253,147.274,147.39268719401917
2025-10-02T21:00:00Z,147.264,147.385,147.094,147.352,14741.0,147.345,147.359,147.38726223481663
2025-10-03T01:00:00Z,147.354,147.772,147.183,147.726,31663.0,147.718,147.733,147.43242727017443
2025-10-03T05:00:00Z,147.726,147.819,147.275,147.331,44681.0,147.323,147.339,147.41890363415118
2025-10-03T09:00:00Z,147.332,147.435,147.219,147.268,34875.0,147.26,147.276,147.3987831495977
2025-10-03T13:00:00Z,147.267,147.537,147.06,147.506,66075.0,147.498,147.514,147.41307872965135
2025-10-03T17:00:00Z,147.506,147.547,147.384,147.49,25089.0,147.478,147.502,147.42333489903118
2025-10-05T21:00:00Z,149.42,149.867,149.046,149.708,57890.0,149.698,149.717,147.72795691249368
2025-10-06T01:00:00Z,149.709,150.346,149.585,150.316,53013.0,150.308,150.324,148.07302932416118
2025-10-06T05:00:00Z,150.316,150.442,149.952,150.367,77587.0,150.36,150.374,148.3788920809397
2025-10-06T09:00:00Z,150.37,150.477,149.753,149.784,70093.0,149.777,149.792,148.56623980348107
2025-10-06T13:00:00Z,149.784,150.174,149.756,150.163,63420.0,150.156,150.17,148.77914116301693
2025-10-06T17:00:00Z,150.162,150.4,150.081,150.351,20397.0,150.34,150.362,148.98872234128135
2025-10-06T21:00:00Z,150.314,150.62,150.25,150.49,25058.0,150.483,150.498,149.18889269577718
2025-10-07T01:00:00Z,150.492,150.616,150.25,150.415,28912.0,150.407,150.423,149.35237366967357
2025-10-07T05:00:00Z,150.414,150.833,150.402,150.794,47924.0,150.786,150.801,149.5445905137171
2025-10-07T09:00:00Z,150.793,151.034,150.708,150.834,37020.0,150.827,150.841,149.71651177855483
2025-10-07T13:00:00Z,150.834,151.41,150.735,151.33,58887.0,151.322,151.337,149.9316435414142
2025-10-07T17:00:00Z,151.328,152.046,151.252,151.9,31409.0,151.892,151.909,150.19409106922564
2025-10-07T21:00:00Z,151.932,152.378,151.74,152.306,27888.0,152.298,152.315,150.47567892666223
2025-10-08T01:00:00Z,152.308,152.648,152.275,152.365,38352.0,152.358,152.372,150.72758840310726
2025-10-08T05:00:00Z,152.365,152.788,152.253,152.745,61420.0,152.737,152.753,150.9965766160263
2025-10-08T09:00:00Z,152.744,153.003,152.438,152.509,48014.0,152.501,152.517,151.1982330672228
2025-10-08T13:00:00Z,152.508,152.8,152.374,152.758,54383.0,152.751,152.765,151.4062019915931
2025-10-08T17:00:00Z,152.758,152.948,152.642,152.697,25755.0,152.69,152.704,151.578308392714
2025-10-08T21:00:00Z,152.72,152.742,152.456,152.706,26445.0,152.697,152.714,151.7286672736855
2025-10-09T01:00:00Z,152.706,152.769,152.408,152.468,37896.0,152.461,152.475,151.82724497052743
2025-10-09T05:00:00Z,152.47,153.222,152.468,152.8,59032.0,152.793,152.807,151.95694564112378
2025-10-09T09:00:00Z,152.8,152.858,152.472,152.748,54595.0,152.74,152.755,152.06241955564062
2025-10-09T13:00:00Z,152.747,153.236,152.116,153.004,86227.0,152.995,153.012,152.18796361488853
2025-10-09T17:00:00Z,153.004,153.212,152.91,153.084,34545.0,153.073,153.094,152.3074351329034
2025-10-09T21:00:00Z,152.957,153.278,152.946,152.958,25375.0,152.949,152.967,152.39417711518297
2025-10-10T01:00:00Z,152.956,153.052,152.639,152.755,33435.0,152.747,152.763,152.4422868331586
2025-10-10T05:00:00Z,152.754,152.952,152.38,152.646,72732.0,152.639,152.654,152.46944858873744
2025-10-10T09:00:00Z,152.645,152.85,152.518,152.556,45695.0,152.55,152.563,152.48098877690578
2025-10-10T13:00:00Z,152.558,152.717,151.506,151.89,112323.0,151.881,151.899,152.40219027331835
2025-10-10T17:00:00Z,151.888,151.949,151.168,151.174,45087.0,151.155,151.192,152.23843157020926
2025-10-12T21:00:00Z,151.882,152.28,151.739,151.846,46498.0,151.837,151.856,152.18610736084804
2025-10-13T01:00:00Z,151.846,152.017,151.811,151.912,41204.0,151.903,151.92,152.14955971273497
2025-10-13T05:00:00Z,151.908,152.452,151.724,152.344,65314.0,152.336,152.351,152.1754850843703
2025-10-13T09:00:00Z,152.343,152.372,151.978,152.214,51903.0,152.206,152.222,152.18062040645427
2025-10-13T13:00:00Z,152.213,152.45,152.106,152.282,52781.0,152.273,152.29,152.19413768559372
2025-10-13T17:00:00Z,152.28,152.352,152.219,152.3,20080.0,152.289,152.31,152.2082526608479
2025-10-13T21:00:00Z,152.221,152.614,152.192,152.466,23262.0,152.458,152.475,152.24261897273485
2025-10-14T01:00:00Z,152.467,152.5,151.782,151.86,47543.0,151.853,151.867,152.19160310970355
2025-10-14T05:00:00Z,151.86,152.128,151.618,151.976,80759.0,151.969,151.984,152.16285602840975
2025-10-14T09:00:00Z,151.977,152.155,151.863,152.047,50514.0,152.038,152.056,152.14740855795512
2025-10-14T13:00:00Z,152.048,152.164,151.669,151.74,89012.0,151.732,151.747,152.09308741689443
2025-10-14T17:00:00Z,151.742,151.87,151.604,151.81,35960.0,151.804,151.817,152.05534242797518
2025-10-14T21:00:00Z,151.802,151.878,151.499,151.557,26848.0,151.549,151.565,151.98889677091182
2025-10-15T01:00:00Z,151.556,151.604,151.004,151.25,41295.0,151.244,151.256,151.89037720145691
2025-10-15T05:00:00Z,151.255,151.396,150.9,151.22,55038.0,151.211,151.228,151.800993574596
2025-10-15T09:00:00Z,151.221,151.69,151.22,151.639,53121.0,151.631,151.647,151.77939443131652
2025-10-15T13:00:00Z,151.638,151.738,151.038,151.196,66936.0,151.188,151.204,151.70160850714097
2025-10-15T17:00:00Z,151.196,151.392,151.058,151.071,36955.0,151.065,151.077,151.6175273728555
2025-10-15T21:00:00Z,151.084,151.211,150.514,150.71,31957.0,150.701,150.718,151.49652372314145
2025-10-16T01:00:00Z,150.709,151.114,150.51,151.04,39367.0,151.033,151.048,151.43565389338926
2025-10-16T05:00:00Z,151.041,151.386,150.941,151.244,61384.0,151.235,151.252,151.41010004093735
2025-10-16T09:00:00Z,151.246,151.399,151.034,151.102,46102.0,151.094,151.11,151.36902003547905
2025-10-16T13:00:00Z,151.1,151.29,150.234,150.4,96192.0,150.393,150.408,151.23981736408186
2025-10-16T17:00:00Z,150.4,150.474,150.212,150.434,61877.0,150.423,150.446,151.13237504887095
2025-10-16T21:00:00Z,150.415,150.452,150.047,150.23,30872.0,150.222,150.239,151.01205837568816
2025-10-17T01:00:00Z,150.231,150.392,149.896,149.964,45933.0,149.957,149.971,150.87231725892974
2025-10-17T05:00:00Z,149.964,149.979,149.376,149.781,93320.0,149.773,149.789,150.72680829107244
2025-10-17T09:00:00Z,149.78,150.544,149.604,150.385,87598.0,150.376,150.394,150.68123385226278
2025-10-17T13:00:00Z,150.386,150.594,150.161,150.409,87701.0,150.401,150.417,150.6449360052944
2025-10-17T17:00:00Z,150.408,150.65,150.366,150.65,30366.0,150.623,150.676,150.64561120458848
2025-10-19T21:00:00Z,150.469,150.983,150.382,150.91,33830.0,150.901,150.918,150.68086304397667
2025-10-20T01:00:00Z,150.908,151.204,150.516,150.6,35050.0,150.59,150.609,150.67008130477979
2025-10-20T05:00:00Z,150.601,150.833,150.498,150.586,54290.0,150.577,150.594,150.6588704641425
2025-10-20T09:00:00Z,150.584,150.86,150.274,150.676,53055.0,150.668,150.685,150.66115440225684
2025-10-20T13:00:00Z,150.677,150.853,150.412,150.682,53447.0,150.674,150.691,150.66393381528925
2025-10-20T17:00:00Z,150.682,150.828,150.628,150.766,18580.0,150.75,150.782,150.67754263991736
2025-10-20T21:00:00Z,150.707,150.854,150.472,150.656,23007.0,150.647,150.666,150.6746702879284
2025-10-21T01:00:00Z,150.658,151.244,150.527,151.077,44977.0,151.067,151.087,150.72831424953793
2025-10-21T05:00:00Z,151.078,151.678,150.866,151.612,80209.0,151.604,151.619,150.84613901626622
2025-10-21T09:00:00Z,151.612,152.176,151.596,152.028,62613.0,152.02,152.036,151.00372048076406
2025-10-21T13:00:00Z,152.031,152.091,151.458,151.858,81100.0,151.85,151.865,151.11762441666218
2025-10-21T17:00:00Z,151.857,151.974,151.819,151.926,22887.0,151.912,151.94,151.2254078277739
2025-10-21T21:00:00Z,151.898,151.962,151.605,151.63,21290.0,151.623,151.637,151.27935345073737
2025-10-22T01:00:00Z,151.624,151.874,151.488,151.76,31381.0,151.752,151.768,151.34343965730574
2025-10-22T05:00:00Z,151.76,151.952,151.621,151.69,56725.0,151.682,151.697,151.3896477029983
2025-10-22T09:00:00Z,151.69,151.97,151.653,151.93,59922.0,151.921,151.938,151.46169467593188
2025-10-22T13:00:00Z,151.931,152.048,151.506,151.766,76761.0,151.758,151.773,151.50226871914097
2025-10-22T17:00:00Z,151.766,152.013,151.604,151.964,35232.0,151.951,151.977,151.56383288992217
2025-10-22T21:00:00Z,151.944,152.264,151.824,152.153,21465.0,152.145,152.161,151.6423885045992
2025-10-23T01:00:00Z,152.152,152.578,152.116,152.415,24382.0,152.407,152.423,151.74540337065264
2025-10-23T05:00:00Z,152.416,152.65,152.321,152.609,40604.0,152.602,152.616,151.86054958789896
2025-10-23T09:00:00Z,152.61,152.794,152.458,152.536,37798.0,152.528,152.543,151.95060964284576
2025-10-23T13:00:00Z,152.538,152.799,152.478,152.72,54298.0,152.712,152.727,152.05319502379967
2025-10-23T17:00:00Z,152.72,152.77,152.495,152.596,21428.0,152.584,152.608,152.1255690206264
2025-10-23T21:00:00Z,152.587,152.676,152.474,152.648,15693.0,152.64,152.657,152.19522648454287
2025-10-24T01:00:00Z,152.649,152.916,152.638,152.892,29057.0,152.883,152.9,152.28812961993717
2025-10-24T05:00:00Z,152.892,153.064,152.754,152.95,40814.0,152.943,152.957,152.37637900394554
2025-10-24T09:00:00Z,152.95,152.997,152.235,152.675,50107.0,152.667,152.683,152.4161951367528
2025-10-24T13:00:00Z,152.674,153.021,152.596,152.842,63451.0,152.835,152.85,152.4729691185191
2025-10-24T17:00:00Z,152.842,152.9,152.75,152.882,18352.0,152.86,152.905,152.52750656938323
2025-10-26T21:00:00Z,152.858,153.178,152.833,152.892,26687.0,152.885,152.898,152.57610569346548
2025-10-27T01:00:00Z,152.891,153.166,152.654,153.14,31247.0,153.131,153.148,152.6512916010034
2025-10-27T05:00:00Z,153.141,153.258,152.744,152.822,48595.0,152.813,152.83,152.6740527208696
2025-10-27T09:00:00Z,152.822,152.897,152.566,152.842,47700.0,152.835,152.85,152.69644569142034
2025-10-27T13:00:00Z,152.843,153.196,152.808,152.995,50220.0,152.988,153.002,152.7362529325643
2025-10-27T17:00:00Z,152.996,153.096,152.762,152.88,22355.0,152.871,152.888,152.7554192082224
2025-10-27T21:00:00Z,152.862,152.885,152.396,152.498,17565.0,152.489,152.506,152.72109664712607
2025-10-28T01:00:00Z,152.497,152.514,151.852,151.876,39555.0,151.867,151.886,152.60841709417593
2025-10-28T05:00:00Z,151.878,152.357,151.76,151.952,61452.0,151.944,151.961,152.52089481495247
2025-10-28T09:00:00Z,151.952,152.221,151.824,152.133,48481.0,152.124,152.142,152.46917550629215
2025-10-28T13:00:00Z,152.133,152.374,151.854,152.114,65034.0,152.105,152.122,152.42181877211988
2025-10-28T17:00:00Z,152.112,152.246,151.948,152.116,23522.0,152.103,152.128,152.38104293583723
2025-10-28T21:00:00Z,152.119,152.198,151.538,151.635,30362.0,151.626,151.644,152.28157054439228
2025-10-29T01:00:00Z,151.636,152.145,151.554,152.078,38366.0,152.07,152.086,152.25442780513998
2025-10-29T05:00:00Z,152.078,152.546,152.002,152.336,45163.0,152.328,152.344,152.265304097788
2025-10-29T09:00:00Z,152.336,152.47,152.14,152.242,37403.0,152.233,152.251,152.2621968847496
2025-10-29T13:00:00Z,152.242,152.244,151.865,152.152,52109.0,152.143,152.16,152.247503966783
2025-10-29T17:00:00Z,152.152,153.064,152.091,152.74,86305.0,152.729,152.75,152.31317010454526
2025-10-29T21:00:00Z,152.694,152.948,152.506,152.636,22458.0,152.627,152.644,152.3562140906059
2025-10-30T01:00:00Z,152.637,153.137,152.163,152.769,71750.0,152.76,152.778,152.41125221185845
2025-10-30T05:00:00Z,152.771,153.89,152.678,153.748,71439.0,153.74,153.757,152.58948525027733
2025-10-30T09:00:00Z,153.75,154.294,153.622,154.294,52586.0,154.285,154.303,152.8167538835737
2025-10-30T13:00:00Z,154.296,154.449,154.046,154.1,68064.0,154.091,154.109,152.9878533657639
2025-10-30T17:00:00Z,154.1,154.172,154.022,154.149,23670.0,154.134,154.164,153.1426729169954
2025-10-30T21:00:00Z,154.136,154.168,153.824,153.897,19982.0,153.888,153.906,153.243249861396
2025-10-31T01:00:00Z,153.896,154.07,153.653,153.938,31663.0,153.931,153.946,153.33588321320988
2025-10-31T05:00:00Z,153.938,154.416,153.832,154.248,45390.0,154.24,154.255,153.4574987847819
2025-10-31T09:00:00Z,154.247,154.294,153.894,154.137,37945.0,154.128,154.146,153.548098946811
2025-10-31T13:00:00Z,154.138,154.232,153.894,154.116,63789.0,154.11,154.122,153.6238190872362
2025-10-31T17:00:00Z,154.116,154.176,153.97,154.017,24565.0,153.969,154.065,153.67624320893805
2025-11-02T22:00:00Z,154.043,154.253,154.022,154.117,19780.0,154.108,154.126,153.73501078107964
2025-11-03T02:00:00Z,154.118,154.135,153.989,154.123,16000.0,154.115,154.131,153.7867426769357
2025-11-03T06:00:00Z,154.124,154.286,154.053,154.168,31267.0,154.161,154.175,153.8375769866776
2025-11-03T10:00:00Z,154.168,154.3,154.098,154.252,23855.0,154.243,154.26,153.8928333884539
2025-11-03T14:00:00Z,154.251,154.274,153.926,154.154,45710.0,154.145,154.162,153.9276556033267
2025-11-03T18:00:00Z,154.154,154.254,154.116,154.212,17827.0,154.202,154.221,153.96556818954983
2025-11-03T22:00:00Z,154.25,154.486,154.176,154.33,23948.0,154.321,154.338,154.01415909760985
2025-11-04T02:00:00Z,154.33,154.36,153.689,153.735,38340.0,153.728,153.742,153.9769378845952
2025-11-04T06:00:00Z,153.734,153.794,153.331,153.487,62058.0,153.479,153.495,153.91161283331584
2025-11-04T10:00:00Z,153.486,153.628,153.318,153.39,44351.0,153.382,153.397,153.8420644555404
2025-11-04T14:00:00Z,153.39,153.644,153.34,153.592,54632.0,153.584,153.599,153.808722528135
2025-11-04T18:00:00Z,153.591,153.693,153.546,153.666,28073.0,153.654,153.678,153.789692857717
2025-11-04T22:00:00Z,153.668,153.752,152.958,153.166,38812.0,153.157,153.175,153.7065338100214
2025-11-05T02:00:00Z,153.166,153.568,153.068,153.522,41266.0,153.514,153.53,153.68192930201855
2025-11-05T06:00:00Z,153.522,153.744,153.42,153.692,45049.0,153.683,153.7,153.68327206174942
2025-11-05T10:00:00Z,153.691,153.992,153.565,153.982,41369.0,153.973,153.991,153.72310245351616
2025-11-05T14:00:00Z,153.984,154.357,153.897,154.078,55012.0,154.07,154.085,153.77042212638068
2025-11-05T18:00:00Z,154.077,154.146,154.008,154.114,17162.0,154.105,154.122,153.81623250952993
2025-11-05T22:00:00Z,154.106,154.142,153.803,153.872,22088.0,153.864,153.879,153.82366817492593
2025-11-06T02:00:00Z,153.872,154.029,153.794,153.884,21310.0,153.876,153.893,153.83171241826915
2025-11-06T06:00:00Z,153.885,154.008,153.531,153.722,34695.0,153.713,153.73,153.81708409583328
2025-11-06T10:00:00Z,153.722,153.777,153.401,153.506,32166.0,153.497,153.514,153.77560621638884
2025-11-06T14:00:00Z,153.504,153.588,152.832,153.015,59685.0,153.006,153.024,153.67419205420367
2025-11-06T18:00:00Z,153.013,153.158,152.923,153.072,24188.0,153.057,153.086,153.59389978030987
2025-11-06T22:00:00Z,153.041,153.308,152.82,153.131,32305.0,153.123,153.139,153.5321798096019
2025-11-07T02:00:00Z,153.13,153.368,152.966,153.352,27988.0,153.344,153.361,153.50815583498832
2025-11-07T06:00:00Z,153.354,153.542,153.351,153.494,34313.0,153.486,153.503,153.5062683903232
2025-11-07T10:00:00Z,153.493,153.498,153.01,153.36,39779.0,153.352,153.368,153.48676593828012
2025-11-07T14:00:00Z,153.361,153.478,153.015,153.096,68670.0,153.088,153.103,153.43466381317612
2025-11-07T18:00:00Z,153.095,153.596,153.036,153.41,32833.0,153.384,153.436,153.43137530475263
2025-11-09T22:00:00Z,153.75,153.956,153.404,153.836,37228.0,153.826,153.845,153.48532526411896
2025-11-10T02:00:00Z,153.835,154.074,153.786,153.942,28984.0,153.936,153.948,153.5462152289031
2025-11-10T06:00:00Z,153.941,154.232,153.902,154.16,43136.0,154.152,154.168,153.62805319838267
2025-11-10T10:00:00Z,154.16,154.25,153.985,154.062,29257.0,154.053,154.07,153.68591277193167
2025-11-10T14:00:00Z,154.062,154.166,153.892,153.956,48448.0,153.949,153.963,153.7219244023408
2025-11-10T18:00:00Z,153.956,154.172,153.923,154.132,21226.0,154.122,154.143,153.77660114869536
2025-11-10T22:00:00Z,154.062,154.496,154.053,154.325,25819.0,154.316,154.334,153.849720995536
2025-11-11T02:00:00Z,154.324,154.393,154.086,154.13,27073.0,154.122,154.137,153.88709152946453
2025-11-11T06:00:00Z,154.128,154.443,154.09,154.331,32621.0,154.322,154.34,153.94627932553593
2025-11-11T10:00:00Z,154.334,154.363,153.666,153.778,40360.0,153.769,153.786,153.92384208213113
2025-11-11T14:00:00Z,153.776,154.134,153.702,154.076,45361.0,154.068,154.085,153.94412980451366
2025-11-11T18:00:00Z,154.077,154.178,154.052,154.156,17305.0,154.146,154.165,153.97237916391185
2025-11-11T22:00:00Z,154.13,154.352,154.05,154.323,25786.0,154.314,154.332,154.0191286087236
2025-11-12T02:00:00Z,154.33,154.794,154.238,154.644,29499.0,154.636,154.653,154.10244479422713
2025-11-12T06:00:00Z,154.645,154.91,154.492,154.846,36504.0,154.839,154.852,154.20158548833018
2025-11-12T10:00:00Z,154.846,154.994,154.706,154.944,33076.0,154.935,154.952,154.30057408988617
2025-11-12T14:00:00Z,154.943,155.047,154.498,154.598,47018.0,154.591,154.605,154.34023087790135
2025-11-12T18:00:00Z,154.598,154.87,154.584,154.815,21514.0,154.802,154.828,154.4035334275145
2025-11-12T22:00:00Z,154.773,155.02,154.693,154.736,26038.0,154.727,154.744,154.4478623038459
2025-11-13T02:00:00Z,154.731,155.001,154.626,154.954,27442.0,154.947,154.961,154.5153473299998
2025-11-13T06:00:00Z,154.954,155.009,154.323,154.53,46426.0,154.521,154.538,154.51730101933316
2025-11-13T10:00:00Z,154.53,154.766,154.484,154.65,40725.0,154.642,154.658,154.53499421675542
2025-11-13T14:00:00Z,154.65,154.678,154.128,154.318,73417.0,154.311,154.326,154.50606165452137
2025-11-13T18:00:00Z,154.318,154.588,154.272,154.536,36436.0,154.521,154.552,154.51005343391853
2025-11-13T22:00:00Z,154.499,154.744,154.441,154.508,27852.0,154.5,154.517,154.5097796427294
2025-11-14T02:00:00Z,154.508,154.578,154.31,154.484,29485.0,154.477,154.492,154.50634235703214
2025-11-14T06:00:00Z,154.484,154.736,154.436,154.696,48288.0,154.687,154.704,154.53163004276118
2025-11-14T10:00:00Z,154.696,154.764,153.617,154.089,62135.0,154.081,154.097,154.47261270372636
2025-11-14T14:00:00Z,154.088,154.744,153.982,154.643,75360.0,154.636,154.65,154.49533100989618
2025-11-14T18:00:00Z,154.642,154.664,154.502,154.524,24714.0,154.499,154.548,154.49915354191003
2025-11-16T22:00:00Z,154.575,154.66,154.419,154.578,28812.0,154.569,154.586,154.5096664029887
2025-11-17T02:00:00Z,154.577,154.788,154.574,154.69,23315.0,154.683,154.698,154.5337108825902
2025-11-17T06:00:00Z,154.69,154.832,154.628,154.754,36459.0,154.746,154.763,154.5630827649115
2025-11-17T10:00:00Z,154.755,154.917,154.697,154.89,28636.0,154.882,154.898,154.60667172958998
2025-11-17T14:00:00Z,154.89,155.31,154.866,155.16,46215.0,155.152,155.169,154.68044883231133
2025-11-17T18:00:00Z,155.16,155.271,155.072,155.264,26343.0,155.251,155.278,154.75825565466982
2025-11-17T22:00:00Z,155.239,155.382,155.146,155.202,28469.0,155.193,155.21,154.8174215673805
2025-11-18T02:00:00Z,155.203,155.287,154.816,155.084,45958.0,155.076,155.092,154.85296535839643
2025-11-18T06:00:00Z,155.086,155.266,154.87,155.232,67846.0,155.224,155.24,154.90350331061023
2025-11-18T10:00:00Z,155.232,155.442,155.062,155.173,51523.0,155.165,155.181,154.93943620252887
2025-11-18T14:00:00Z,155.172,155.696,155.053,155.692,81876.0,155.684,155.7,155.0397780421917
2025-11-18T18:00:00Z,155.692,155.735,155.48,155.522,38666.0,155.509,155.534,155.1040743032328
2025-11-18T22:00:00Z,155.5,155.592,155.374,155.498,30423.0,155.488,155.508,155.15659772946844
2025-11-19T02:00:00Z,155.498,155.555,155.215,155.372,42653.0,155.363,155.38,155.185318032206
2025-11-19T06:00:00Z,155.37,155.966,155.326,155.956,47584.0,155.947,155.965,155.28807562791187
2025-11-19T10:00:00Z,155.956,156.296,155.936,156.284,45409.0,156.276,156.292,155.4208655441903
2025-11-19T14:00:00Z,156.284,156.868,156.266,156.756,74840.0,156.748,156.764,155.59888347163158
2025-11-19T18:00:00Z,156.758,157.186,156.691,157.169,44623.0,157.154,157.184,155.80823234208071
2025-11-19T22:00:00Z,157.144,157.437,156.88,157.424,37875.0,157.416,157.433,156.0236680298033
2025-11-20T02:00:00Z,157.425,157.576,157.262,157.56,38801.0,157.551,157.569,156.2285122924962
2025-11-20T06:00:00Z,157.56,157.782,157.11,157.182,53672.0,157.174,157.189,156.35564398683005
2025-11-20T10:00:00Z,157.181,157.884,157.154,157.571,62357.0,157.562,157.58,156.5176914552527
2025-11-20T14:00:00Z,157.571,157.895,157.264,157.518,111067.0,157.51,157.527,156.65106592788567
2025-11-20T18:00:00Z,157.519,157.696,157.43,157.466,50544.0,157.452,157.48,156.75972380416758
2025-11-20T22:00:00Z,157.506,157.543,157.192,157.488,39032.0,157.481,157.495,156.85682729694523
2025-11-21T02:00:00Z,157.489,157.492,157.086,157.228,41392.0,157.218,157.237,156.90631699068587
2025-11-21T06:00:00Z,157.227,157.26,156.566,156.762,63613.0,156.753,156.77,156.8870747252611
2025-11-21T10:00:00Z,156.762,156.897,156.554,156.816,79215.0,156.807,156.825,156.8775980952263
2025-11-21T14:00:00Z,156.818,156.966,156.202,156.544,110077.0,156.537,156.551,156.83311834919613
2025-11-21T18:00:00Z,156.544,156.645,156.264,156.409,36710.0,156.359,156.459,156.77656923597
2025-11-23T22:00:00Z,156.443,156.803,156.407,156.726,26783.0,156.719,156.734,156.769826671174
2025-11-24T02:00:00Z,156.722,156.74,156.498,156.58,24211.0,156.573,156.588,156.74451644835082
2025-11-24T06:00:00Z,156.582,156.938,156.544,156.75,47756.0,156.741,156.759,156.74524758857072
2025-11-24T10:00:00Z,156.751,156.989,156.7,156.919,50279.0,156.911,156.927,156.7684145767613
2025-11-24T14:00:00Z,156.918,157.188,156.742,156.886,61007.0,156.878,156.895,156.78409263319313
2025-11-24T18:00:00Z,156.884,156.926,156.714,156.922,23930.0,156.911,156.934,156.8024802821007
2025-11-24T22:00:00Z,156.861,156.984,156.555,156.65,26654.0,156.643,156.658,156.7821495778206
2025-11-25T02:00:00Z,156.651,156.851,156.608,156.736,24309.0,156.727,156.745,156.77599630077785
2025-11-25T06:00:00Z,156.736,156.8,156.144,156.302,42392.0,156.293,156.31,156.71279679400746
2025-11-25T10:00:00Z,156.306,156.522,156.031,156.147,49982.0,156.138,156.156,156.63735722147314
2025-11-25T14:00:00Z,156.148,156.337,155.804,155.9,80500.0,155.892,155.909,156.53904292527673
2025-11-25T18:00:00Z,155.9,156.188,155.809,156.073,29274.0,156.059,156.087,156.47690386857317
2025-11-25T22:00:00Z,156.0,156.373,155.814,155.948,31923.0,155.94,155.957,156.4063833527634
2025-11-26T02:00:00Z,155.947,156.185,155.652,156.116,42566.0,156.107,156.125,156.36766557239497
2025-11-26T06:00:00Z,156.117,156.504,156.048,156.456,51104.0,156.45,156.463,156.37944349607565
2025-11-26T10:00:00Z,156.455,156.688,156.326,156.664,60532.0,156.655,156.673,156.41738436326557
2025-11-26T14:00:00Z,156.664,156.738,156.288,156.407,53495.0,156.398,156.416,156.41599978149682
2025-11-26T18:00:00Z,156.408,156.51,156.347,156.47,20798.0,156.456,156.483,156.4231998106306
2025-11-26T22:00:00Z,156.481,156.49,155.72,156.054,29472.0,156.046,156.061,156.37397316921317
2025-11-27T02:00:00Z,156.051,156.186,155.814,155.994,27363.0,155.985,156.003,156.32331007998476
2025-11-27T06:00:00Z,155.994,156.404,155.916,156.358,30544.0,156.349,156.367,156.32793540265348
2025-11-27T10:00:00Z,156.358,156.391,156.247,156.268,21881.0,156.26,156.277,156.319944015633
2025-11-27T14:00:00Z,156.27,156.37,156.234,156.332,15241.0,156.323,156.34,156.32155148021528
2025-11-27T18:00:00Z,156.331,156.369,156.264,156.303,4263.0,156.29,156.316,156.3190779495199
2025-11-27T22:00:00Z,156.29,156.583,156.174,156.377,25667.0,156.369,156.385,156.32680088958392
2025-11-28T02:00:00Z,156.376,156.414,156.1,156.35,134740.0,156.34,156.36,156.32989410430608
2025-11-28T06:00:00Z,156.35,156.44,156.224,156.325,134652.0,156.314,156.336,156.32924155706527
2025-11-28T10:00:00Z,156.323,156.388,156.004,156.02,79775.0,156.012,156.027,156.2880093494566
2025-11-28T14:00:00Z,156.018,156.394,155.984,156.211,61078.0,156.204,156.218,156.27774143619573
2025-11-28T18:00:00Z,156.214,156.245,156.068,156.191,25681.0,156.159,156.223,156.26617591136963
2025-11-30T22:00:00Z,156.12,156.153,155.488,155.644,49134.0,155.636,155.652,156.183219123187
2025-12-01T02:00:00Z,155.644,155.656,155.396,155.598,33999.0,155.59,155.605,156.10518990676206
2025-12-01T06:00:00Z,155.599,155.695,155.26,155.288,53843.0,155.28,155.297,155.99623125252714
2025-12-01T10:00:00Z,155.286,155.344,154.663,154.844,56448.0,154.835,154.853,155.84260041885685
2025-12-01T14:00:00Z,154.844,155.386,154.838,155.352,63631.0,155.345,155.359,155.77718702967593
2025-12-01T18:00:00Z,155.35,155.524,155.342,155.484,21164.0,155.471,155.496,155.73809542571914
2025-12-01T22:00:00Z,155.474,155.776,155.429,155.632,23022.0,155.624,155.641,155.7239493689566
2025-12-02T02:00:00Z,155.633,155.734,155.552,155.654,25063.0,155.647,155.662,155.71462278642906
2025-12-02T06:00:00Z,155.655,156.086,155.638,155.962,40118.0,155.953,155.972,155.7476064149052
2025-12-02T10:00:00Z,155.964,156.078,155.894,155.975,35919.0,155.968,155.982,155.7779255595845
2025-12-02T14:00:00Z,155.976,156.181,155.753,155.946,61508.0,155.939,155.954,155.80033548497323
2025-12-02T18:00:00Z,155.947,156.02,155.808,155.884,32757.0,155.863,155.904,155.81149075364348
2025-12-02T22:00:00Z,155.875,155.906,155.606,155.658,19826.0,155.649,155.668,155.79102531982434
2025-12-03T02:00:00Z,155.658,155.808,155.63,155.694,20220.0,155.688,155.7,155.77808861051443
2025-12-03T06:00:00Z,155.694,155.757,155.512,155.622,38826.0,155.613,155.631,155.75727679577918
2025-12-03T10:00:00Z,155.62,155.644,155.22,155.49,43026.0,155.481,155.499,155.7216398896753
2025-12-03T14:00:00Z,155.492,155.611,155.01,155.128,77389.0,155.122,155.135,155.64248790438526
2025-12-03T18:00:00Z,155.128,155.32,155.073,155.229,23935.0,155.217,155.241,155.58735618380058
2025-12-03T22:00:00Z,155.268,155.416,155.022,155.262,26421.0,155.254,155.27,155.54397535929385
2025-12-04T02:00:00Z,155.262,155.542,155.186,155.224,35059.0,155.215,155.232,155.50131197805467
2025-12-04T06:00:00Z,155.224,155.452,154.775,154.815,53195.0,154.809,154.821,155.40980371431405
2025-12-04T10:00:00Z,154.814,155.062,154.509,154.804,57182.0,154.796,154.813,155.32902988573886
2025-12-04T14:00:00Z,154.804,154.968,154.556,154.938,65079.0,154.93,154.947,155.27689256764035
2025-12-04T18:00:00Z,154.94,155.146,154.897,155.12,37426.0,155.11,155.13,155.25597355862163
2025-12-04T22:00:00Z,155.079,155.231,154.916,155.018,23323.0,155.009,155.027,155.2242437508054
2025-12-05T02:00:00Z,155.016,155.159,154.545,154.601,32331.0,154.593,154.609,155.14114458403137
2025-12-05T06:00:00Z,154.598,154.966,154.343,154.916,52368.0,154.906,154.925,155.11112530616052
2025-12-05T10:00:00Z,154.917,155.265,154.891,155.198,41426.0,155.19,155.207,155.12270859867246
2025-12-05T14:00:00Z,155.198,155.494,155.115,155.286,55059.0,155.279,155.294,155.14448078551612
2025-12-05T18:00:00Z,155.287,155.381,155.242,155.34,17525.0,155.29,155.389,155.17055001411399
2025-12-07T22:00:00Z,155.219,155.386,154.914,154.921,29597.0,154.913,154.929,155.1372766788988
2025-12-08T02:00:00Z,154.916,155.268,154.9,155.202,30729.0,155.193,155.21,155.14590645504563
2025-12-08T06:00:00Z,155.203,155.546,155.104,155.477,40100.0,155.468,155.486,155.19005226103954
2025-12-08T10:00:00Z,155.476,155.662,155.411,155.628,38113.0,155.619,155.638,155.24844529290093
2025-12-08T14:00:00Z,155.627,155.986,155.391,155.752,58044.0,155.742,155.761,155.31558592051414
2025-12-08T18:00:00Z,155.75,155.962,155.706,155.928,23498.0,155.914,155.941,155.39724113111225
2025-12-08T22:00:00Z,155.875,156.039,155.769,155.8,22223.0,155.792,155.807,155.45094231363063
2025-12-09T02:00:00Z,155.8,156.116,155.744,156.012,27307.0,156.003,156.02,155.52575000514656
2025-12-09T06:00:00Z,156.012,156.434,155.96,156.086,47979.0,156.078,156.095,155.60045000446036
2025-12-09T10:00:00Z,156.088,156.516,156.045,156.342,48474.0,156.333,156.352,155.699323337199
2025-12-09T14:00:00Z,156.342,156.926,156.312,156.918,60956.0,156.91,156.927,155.8618135589058
2025-12-09T18:00:00Z,156.919,156.956,156.812,156.894,21930.0,156.879,156.908,155.99943841771835
2025-12-09T22:00:00Z,156.838,156.94,156.67,156.71,22900.0,156.704,156.717,156.09417996202257
2025-12-10T02:00:00Z,156.712,156.728,156.56,156.708,19873.0,156.7,156.715,156.1760226337529
2025-12-10T06:00:00Z,156.707,156.89,156.581,156.819,34283.0,156.811,156.827,156.2617529492525
2025-12-10T10:00:00Z,156.82,156.86,156.55,156.551,33599.0,156.545,156.557,156.3003192226855
2025-12-10T14:00:00Z,156.55,156.63,156.248,156.308,43253.0,156.301,156.314,156.30134332632744
2025-12-10T18:00:00Z,156.309,156.684,155.795,156.023,77253.0,155.996,156.05,156.26423088281712
2025-12-10T22:00:00Z,155.959,156.038,155.57,155.719,31283.0,155.711,155.727,156.19153343177484
2025-12-11T02:00:00Z,155.718,156.073,155.487,156.066,34634.0,156.057,156.076,156.17479564087154
2025-12-11T06:00:00Z,156.067,156.164,155.784,155.866,45522.0,155.858,155.875,156.13362288875533
2025-12-11T10:00:00Z,155.866,155.951,155.23,155.286,52533.0,155.279,155.294,156.02060650358794
2025-12-11T14:00:00Z,155.287,155.298,154.945,155.242,63188.0,155.234,155.249,155.91679230310956
2025-12-11T18:00:00Z,155.242,155.674,155.214,155.572,34804.0,155.563,155.582,155.8708199960283
2025-12-11T22:00:00Z,155.582,155.771,155.448,155.668,30692.0,155.66,155.675,155.8437773298912
2025-12-12T02:00:00Z,155.668,155.773,155.632,155.743,23272.0,155.734,155.752,155.83034035257236
2025-12-12T06:00:00Z,155.744,155.911,155.542,155.888,38791.0,155.879,155.897,155.83802830556272
2025-12-12T10:00:00Z,155.888,156.13,155.774,156.046,30671.0,156.04,156.053,155.86575786482103
2025-12-12T14:00:00Z,156.047,156.102,155.676,155.782,56242.0,155.775,155.789,155.85459014951158
2025-12-12T18:00:00Z,155.782,155.939,155.719,155.838,25225.0,155.819,155.856,155.8523781295767
2025-12-14T22:00:00Z,155.877,155.986,155.605,155.614,18874.0,155.605,155.622,155.82059437896646
2025-12-15T02:00:00Z,155.617,155.651,155.031,155.034,30682.0,155.026,155.043,155.7157151284376
2025-12-15T06:00:00Z,155.035,155.295,154.938,154.966,39935.0,154.958,154.974,155.61575311131259
2025-12-15T10:00:00Z,154.968,155.161,154.854,155.161,31108.0,155.153,155.169,155.55511936313758
2025-12-15T14:00:00Z,155.163,155.368,154.837,155.31,51990.0,155.302,155.318,155.5224367813859
2025-12-15T18:00:00Z,155.309,155.4,155.193,155.206,15620.0,155.193,155.22,155.48024521053443
2025-12-15T22:00:00Z,155.217,155.25,154.736,154.864,35323.0,154.856,154.873,155.3980791824632
2025-12-16T02:00:00Z,154.862,154.925,154.684,154.844,35137.0,154.835,154.852,155.32420195813478
2025-12-16T06:00:00Z,154.845,154.979,154.772,154.838,40499.0,154.829,154.847,155.25937503038347
2025-12-16T10:00:00Z,154.838,154.905,154.396,154.718,55764.0,154.71,154.726,155.18719169299902
2025-12-16T14:00:00Z,154.716,154.998,154.465,154.681,81937.0,154.672,154.69,155.11969946726583
2025-12-16T18:00:00Z,154.682,154.926,154.57,154.721,33122.0,154.707,154.735,155.06653953829706
2025-12-16T22:00:00Z,154.711,154.874,154.513,154.677,29812.0,154.668,154.686,155.0146009331908
2025-12-17T02:00:00Z,154.676,155.175,154.676,155.152,33328.0,155.144,155.159,155.03292080876537
2025-12-17T06:00:00Z,155.152,155.599,155.128,155.532,42612.0,155.524,155.54,155.09946470092999
2025-12-17T10:00:00Z,155.532,155.64,155.385,155.438,38170.0,155.429,155.446,155.144602740806
2025-12-17T14:00:00Z,155.437,155.634,155.35,155.534,52198.0,155.526,155.541,155.1965223753652
2025-12-17T18:00:00Z,155.535,155.752,155.496,155.693,20933.0,155.683,155.703,155.26271939198318
2025-12-17T22:00:00Z,155.648,155.774,155.426,155.772,25322.0,155.763,155.78,155.3306234730521
2025-12-18T02:00:00Z,155.771,155.888,155.663,155.81,26378.0,155.801,155.818,155.39454034331183
2025-12-18T06:00:00Z,155.806,155.956,155.77,155.93,35614.0,155.921,155.939,155.4659349642036
2025-12-18T10:00:00Z,155.93,155.978,155.38,155.594,49859.0,155.587,155.601,155.4830103023098
2025-12-18T14:00:00Z,155.592,155.695,155.284,155.642,61471.0,155.634,155.649,155.5042089286685
2025-12-18T18:00:00Z,155.638,155.71,155.494,155.562,20980.0,155.55,155.574,155.51191440484604
2025-12-18T22:00:00Z,155.531,155.795,155.502,155.741,20890.0,155.733,155.749,155.54245915086656
2025-12-19T02:00:00Z,155.742,156.18,155.589,155.995,44757.0,155.989,156.001,155.60279793075102
2025-12-19T06:00:00Z,155.996,157.214,155.85,157.202,64523.0,157.195,157.21,155.81602487331756
2025-12-19T10:00:00Z,157.203,157.402,157.133,157.326,35842.0,157.319,157.334,156.01735489020857
2025-12-19T14:00:00Z,157.325,157.67,156.932,157.438,48868.0,157.429,157.447,156.20677423818077
2025-12-19T18:00:00Z,157.438,157.786,157.402,157.723,24510.0,157.703,157.743,156.40893767309
2025-12-21T22:00:00Z,157.547,157.714,157.255,157.294,41386.0,157.286,157.301,156.5269459833447
2025-12-22T02:00:00Z,157.293,157.472,157.23,157.364,24277.0,157.356,157.372,156.6385531855654
2025-12-22T06:00:00Z,157.365,157.571,157.27,157.462,31039.0,157.455,157.469,156.7483460941567
2025-12-22T10:00:00Z,157.462,157.466,156.872,157.188,39658.0,157.18,157.197,156.8069666149358
2025-12-22T14:00:00Z,157.188,157.224,156.705,156.848,44605.0,156.841,156.856,156.81243773294435
2025-12-22T18:00:00Z,156.848,157.048,156.848,157.036,21398.0,157.026,157.045,156.84224603521844
2025-12-22T22:00:00Z,157.018,157.051,156.422,156.462,24544.0,156.454,156.47,156.79154656385597
2025-12-23T02:00:00Z,156.462,156.484,155.914,156.012,36277.0,156.004,156.02,156.6876070220085
2025-12-23T06:00:00Z,156.012,156.189,155.65,155.97,48877.0,155.962,155.979,156.5919260857407
2025-12-23T10:00:00Z,155.969,156.366,155.866,156.341,42767.0,156.332,156.35,156.5584692743086
2025-12-23T14:00:00Z,156.34,156.545,156.208,156.298,53525.0,156.288,156.307,156.52374003773414
2025-12-23T18:00:00Z,156.296,156.344,156.18,156.236,19522.0,156.214,156.257,156.4853746993696
2025-12-23T22:00:00Z,156.258,156.283,155.601,155.656,37107.0,155.647,155.664,156.37479140612032
2025-12-24T02:00:00Z,155.655,156.068,155.555,155.798,32965.0,155.791,155.806,156.29788588530428
2025-12-24T06:00:00Z,155.798,155.972,155.662,155.835,45259.0,155.827,155.843,156.2361677672637
2025-12-24T10:00:00Z,155.836,156.072,155.82,156.012,39937.0,156.004,156.021,156.20627873162854
2025-12-24T14:00:00Z,156.012,156.036,155.68,155.972,43514.0,155.963,155.981,156.1750415674114
2025-12-24T18:00:00Z,155.972,156.02,155.836,155.952,16686.0,155.908,155.996,156.14530269175654
2025-12-25T22:00:00Z,155.94,156.492,155.752,156.284,35129.0,156.275,156.294,156.163795666189
2025-12-26T02:00:00Z,156.284,156.31,155.988,156.206,28798.0,156.198,156.214,156.16942291069714
2025-12-26T06:00:00Z,156.206,156.474,156.092,156.462,31368.0,156.454,156.469,156.20843318927086
2025-12-26T10:00:00Z,156.464,156.49,156.228,156.324,31399.0,156.315,156.333,156.22384209736808
2025-12-26T14:00:00Z,156.324,156.73,156.276,156.571,45922.0,156.559,156.583,156.270129817719
2025-12-26T18:00:00Z,156.57,156.61,156.439,156.569,30316.0,156.519,156.619,156.3099791753565
2025-12-28T22:00:00Z,156.526,156.577,156.056,156.314,38011.0,156.305,156.322,156.31051528530895
2025-12-29T02:00:00Z,156.32,156.512,156.244,156.309,26840.0,156.301,156.317,156.31031324726777
2025-12-29T06:00:00Z,156.312,156.4,156.052,156.326,35157.0,156.316,156.335,156.31240481429873
2025-12-29T10:00:00Z,156.328,156.424,156.194,156.233,31419.0,156.224,156.242,156.30181750572558
2025-12-29T14:00:00Z,156.232,156.292,155.916,156.185,47026.0,156.177,156.193,156.2862418382955
2025-12-29T18:00:00Z,156.186,156.249,155.987,156.042,16466.0,156.032,156.052,156.2536762598561
2025-12-29T22:00:00Z,156.069,156.329,155.926,156.226,26956.0,156.219,156.232,156.2499860918753
2025-12-30T02:00:00Z,156.224,156.34,156.012,156.043,30585.0,156.035,156.051,156.22238794629192
2025-12-30T06:00:00Z,156.042,156.105,155.856,155.923,37140.0,155.914,155.932,156.182469553453
2025-12-30T10:00:00Z,155.926,156.214,155.744,156.196,38735.0,156.189,156.204,156.1842736129926
2025-12-30T14:00:00Z,156.197,156.568,156.124,156.337,38025.0,156.331,156.343,156.20463713126026
2025-12-30T18:00:00Z,156.337,156.525,156.311,156.421,22385.0,156.41,156.432,156.2334855137589
2025-12-30T22:00:00Z,156.367,156.468,156.332,156.434,15332.0,156.425,156.443,156.26022077859105
2025-12-31T02:00:00Z,156.435,156.64,156.424,156.593,18328.0,156.584,156.602,156.3045913414456
2025-12-31T06:00:00Z,156.594,156.654,156.509,156.633,30700.0,156.625,156.641,156.34837916258618
2025-12-31T10:00:00Z,156.632,156.836,156.552,156.812,37858.0,156.803,156.822,156.41019527424137
2025-12-31T14:00:00Z,156.813,156.996,156.644,156.826,59838.0,156.816,156.837,156.46563590434252
2025-12-31T18:00:00Z,156.826,156.923,156.616,156.684,23891.0,156.663,156.706,156.49475111709685
